Mã đơn hàng,Trạng thái đơn hàng,Trạng thái gian lận,Thời gian đặt hàng,Thời gian đơn hàng hoàn thành,Thời gian chuyển đổi hoàn tất,Mã sản phẩm,Tên sản phẩm,Model id,L1 Ngành hàng toàn cầu,L2 Ngành hàng toàn cầu,L3 Ngành hàng toàn cầu,Mã khuyến mãi,Giá(₫),Số lượng,Tên đối tác,Tài khoản Tiếp thị liên kết,MCN được liên kết,Mã hoa hồng,Đối tác chiến dịch,Loại chiến dịch,Giá trị đặt hàng(₫),Số tiền hoàn(₫),Loại đơn hàng,Hoa hồng Xtra trên sản phẩm(₫),Hoa hồng Xtra trên sản phẩm mà Tổng số KOL quảng bá sản phẩm nhận được(₫),Tỷ lệ hoa hồng Xtra trên sản phẩm mà Tổng số KOL quảng bá sản phẩm nhận được,Hoa hồng Xtra trên sản phẩm mà MCN nhận được(₫),Tỷ lệ hoa hồng Xtra trên sản phẩm mà MCN nhận được,Hoa hồng Xtra trên đơn hàng(₫),Hoa hồng Xtra trên đơn hàng mà Tổng số KOL quảng bá sản phẩm nhận được(₫),Hoa hồng Xtra trên đơn hàng mà MCN nhận được(₫),Ghi chú sản phẩm,Kênh,Chi phí(₫),Trạng thái khấu trừ,Phương pháp khấu trừ,Thời gian khấu trừ
2607096MCARUJ8,Chờ xử lý,Chưa xác minh,2026-07-08 23:40:48,,,27578396507,Gel Tắm 92% Thiên Nhiên Le Petit Marseillais Dịu Nhẹ Lá Bạc Hà Hữu Cơ 250ml 2871,355969677412,Sắc Đẹp,Tắm & chăm sóc cơ thể,Xà phòng & sữa tắm,,200000,1,Opera,opera109,,109863161,,Chiến dịch mở rộng,176000,0,Đơn hàng gián tiếp,7040,7040,4%,0,0%,7040,7040,0,"Trạng thái của đơn hàng đang chờ xử lý, hoa hồng chỉ được thanh toán khi nó hoàn thành.",Others,7603,Trừ tiền chờ xử lý,,
2607096KAAPEC7,Chờ xử lý,Chưa xác minh,2026-07-08 23:21:46,,,24142870859,Sữa Tắm Thơm Lâu Le Petit Marseillais Gel 92% Thiên Nhiên Da Nhạy Cảm Nhiều Mùi Hương 650ml,350973489411,Sắc Đẹp,Tắm & chăm sóc cơ thể,Xà phòng & sữa tắm,475641850446114_0_0,394000,1,CreatorX Media Network,creatorxmedianetwork,,112430963,,Chiến dịch mở rộng,263608,0,Đơn hàng gián tiếp,11862.36,11862.36,"4,5%",0,0%,11862.36,11862.36,0,"Trạng thái của đơn hàng đang chờ xử lý, hoa hồng chỉ được thanh toán khi nó hoàn thành.",Google Search,12811,Trừ tiền chờ xử lý,,
2607096KAAPEC7,Chờ xử lý,Chưa xác minh,2026-07-08 23:21:46,,,25644330193,[QUÀ TẶNG KHÔNG BÁN] Bông Tạo Bọt Kì Cọ Tẩy Da Chết Màu Ngẫu Nhiên,346005340612,Nhà cửa & Đời sống,Đồ dùng phòng tắm,Bông tắm,475641850446114_0_0,0,1,CreatorX Media Network,creatorxmedianetwork,,122682417,,Chiến dịch mở rộng,0,0,Đơn hàng gián tiếp,0,0,4%,0,0%,0,0,0,"Trạng thái của đơn hàng đang chờ xử lý, hoa hồng chỉ được thanh toán khi nó hoàn thành.",Google Search,0,,,
2607096K77FPRX,Chờ xử lý,Chưa xác minh,2026-07-08 23:20:09,,,27979854665,"Sữa Dưỡng Thể 24h Thiên Nhiên Le Petit Marseillais Dưỡng Ẩm Bơ Hạt Mỡ, Hạnh Nhân & Argan 400ml 3916",249244133795,Sắc Đẹp,Tắm & chăm sóc cơ thể,Kem & sữa dưỡng thể,,455000,1,Huy,9wrcgkanc2,,111595838,,Chiến dịch mở rộng,286650,0,Đơn hàng gián tiếp,12899.25,12899.25,"4,5%",0,0%,12899.25,12899.25,0,"Trạng thái của đơn hàng đang chờ xử lý, hoa hồng chỉ được thanh toán khi nó hoàn thành.",Facebook,13931,Trừ tiền chờ xử lý,,
2607096JK3Q7K0,Chờ xử lý,Chưa xác minh,2026-07-08 23:08:47,,,25644330193,[QUÀ TẶNG KHÔNG BÁN] Bông Tạo Bọt Kì Cọ Tẩy Da Chết Màu Ngẫu Nhiên,346005340612,Nhà cửa & Đời sống,Đồ dùng phòng tắm,Bông tắm,475641850446114_0_0,0,1,Hằng,sieusaosaleeee,,122682417,,Chiến dịch mở rộng,0,0,Đơn hàng gián tiếp,0,0,4%,0,0%,8470.84,8470.84,0,"Trạng thái của đơn hàng đang chờ xử lý, hoa hồng chỉ được thanh toán khi nó hoàn thành.",Facebook,0,,,
2607096JK3Q7K0,Chờ xử lý,Chưa xác minh,2026-07-08 23:08:47,,,28879266618,Gel Tắm 98% Thiên Nhiên Le Petit Marseillais Làm Mềm Da Siêu Dịu Nhẹ Hương Hoa Hạnh Nhân 400ml 5055,440969868569,Sắc Đẹp,Tắm & chăm sóc cơ thể,Xà phòng & sữa tắm,475641850446114_0_0,330000,1,Hằng,sieusaosaleeee,,110243946,,Chiến dịch mở rộng,211771,0,Đơn hàng gián tiếp,8470.84,8470.84,4%,0,0%,0,0,0,"Trạng thái của đơn hàng đang chờ xử lý, hoa hồng chỉ được thanh toán khi nó hoàn thành.",Facebook,9149,Trừ tiền chờ xử lý,,
2607096JEA6GHP,Chờ xử lý,Chưa xác minh,2026-07-08 23:06:06,,,25644330193,[QUÀ TẶNG KHÔNG BÁN] Bông Tạo Bọt Kì Cọ Tẩy Da Chết Màu Ngẫu Nhiên,346005340612,Nhà cửa & Đời sống,Đồ dùng phòng tắm,Bông tắm,475641850446114_0_0,0,1,Hà Thu,florasayhi,,122682417,,Chiến dịch mở rộng,0,0,Đơn hàng gián tiếp,0,0,4%,0,0%,6365.48,6365.48,0,"Trạng thái của đơn hàng đang chờ xử lý, hoa hồng chỉ được thanh toán khi nó hoàn thành.",Facebook,0,,,
2607096JEA6GHP,Chờ xử lý,Chưa xác minh,2026-07-08 23:06:06,,,27779418515,Sữa Tắm Nam Thơm Lâu 4 in 1 92% Thiên Nhiên Le Petit Marseillais Chiết Xuất Thông Biển & Bạch Đàn 250ml 1356,415969727779,Sắc Đẹp,Chăm sóc nam giới,Sữa tắm & chăm sóc cơ thể,475641850446114_0_0,205000,1,Hà Thu,florasayhi,,110663381,,Chiến dịch mở rộng,159137,0,Đơn hàng gián tiếp,6365.48,6365.48,4%,0,0%,0,0,0,"Trạng thái của đơn hàng đang chờ xử lý, hoa hồng chỉ được thanh toán khi nó hoàn thành.",Facebook,6875,Trừ tiền chờ xử lý,,
2607086HGMCGQW,Chờ xử lý,Chưa xác minh,2026-07-08 22:49:30,,,25644330193,[QUÀ TẶNG KHÔNG BÁN] Bông Tạo Bọt Kì Cọ Tẩy Da Chết Màu Ngẫu Nhiên,346005340612,Nhà cửa & Đời sống,Đồ dùng phòng tắm,Bông tắm,475641850446114_0_0,0,1,Ly Candy 🍭,ly_candyy,,122682417,,Chiến dịch mở rộng,0,0,Đơn hàng gián tiếp,0,0,4%,0,0%,7740,7740,0,"Trạng thái của đơn hàng đang chờ xử lý, hoa hồng chỉ được thanh toán khi nó hoàn thành.",TikTok,0,,,
2607086HGMCGQW,Chờ xử lý,Chưa xác minh,2026-07-08 22:49:30,,,26278578077,Sữa Tắm Thơm Lâu 92% Thiên Nhiên Le Petit Marseillais Dịu Nhẹ Đào Trắng Hữu Cơ Và Xuân Đào Hữu Cơ 250ml 1240,380971919521,Sắc Đẹp,Tắm & chăm sóc cơ thể,Xà phòng & sữa tắm,475641850446114_0_0,200000,1,Ly Candy 🍭,ly_candyy,,109863156,,Chiến dịch mở rộng,172000,0,Đơn hàng gián tiếp,7740,7740,"4,5%",0,0%,0,0,0,"Trạng thái của đơn hàng đang chờ xử lý, hoa hồng chỉ được thanh toán khi nó hoàn thành.",TikTok,8359,Trừ tiền chờ xử lý,,
2607086H7V0DBP,Chờ xử lý,Chưa xác minh,2026-07-08 22:44:36,,,25644330193,[QUÀ TẶNG KHÔNG BÁN] Bông Tạo Bọt Kì Cọ Tẩy Da Chết Màu Ngẫu Nhiên,346005340612,Nhà cửa & Đời sống,Đồ dùng phòng tắm,Bông tắm,475641850446114_0_0,0,1,Thi,hafthi,,122682417,,Chiến dịch mở rộng,0,0,Đơn hàng gián tiếp,0,0,4%,0,0%,22734,22734,0,"Trạng thái của đơn hàng đang chờ xử lý, hoa hồng chỉ được thanh toán khi nó hoàn thành.",Instagram,0,,,
2607086H7V0DBP,Chờ xử lý,Chưa xác minh,2026-07-08 22:44:36,,,28830365069,Dầu Gội Thiên Nhiên Le Petit Marseillais Hữu Cơ Nhiều Mùi Hương 300ml,435970130564,Sắc Đẹp,Chăm sóc tóc,Dầu gội,,410000,1,Thi,hafthi,,112918398,,Chiến dịch mở rộng,339500,0,Đơn hàng gián tiếp,15277.5,15277.5,"4,5%",0,0%,0,0,0,"Trạng thái của đơn hàng đang chờ xử lý, hoa hồng chỉ được thanh toán khi nó hoàn thành.",Instagram,16500,Trừ tiền chờ xử lý,,
2607086H7V0DBP,Chờ xử lý,Chưa xác minh,2026-07-08 22:44:36,,,29480146096,Sữa Tắm Thiên Nhiên 92% Le Petit Marseillais Nhiều Mùi Hương 250ml,315970228701,Sắc Đẹp,Tắm & chăm sóc cơ thể,Xà phòng & sữa tắm,475641850446114_0_0,200000,1,Thi,hafthi,,112409565,,Chiến dịch mở rộng,165700,0,Đơn hàng gián tiếp,7456.5,7456.5,"4,5%",0,0%,0,0,0,"Trạng thái của đơn hàng đang chờ xử lý, hoa hồng chỉ được thanh toán khi nó hoàn thành.",Instagram,8053,Trừ tiền chờ xử lý,,
2607086GWE6RF8,Chờ xử lý,Chưa xác minh,2026-07-08 22:38:47,,,27586430985,Dầu Gội Trẻ Em 2in1 94% Thiên Nhiên Le Petit Marseillais Giúp Gỡ Rối Tóc Nhiều Mùi Hương 300ml,380970144965,Mẹ & Bé,Đồ dùng phòng tắm & Chăm sóc cơ thể bé,Sản phẩm tắm & gội cho bé,,326000,1,Trinh Thu,thutrinh0509,,128189901,,Chiến dịch mở rộng,267320,0,Đơn hàng trực tiếp,21385.6,21385.6,8%,0,0%,21385.6,21385.6,0,"Trạng thái của đơn hàng đang chờ xử lý, hoa hồng chỉ được thanh toán khi nó hoàn thành.",Zalo,23096,Trừ tiền chờ xử lý,,
2607086FXTRQ2N,Chờ xử lý,Chưa xác minh,2026-07-08 22:21:46,,,25644330193,[QUÀ TẶNG KHÔNG BÁN] Bông Tạo Bọt Kì Cọ Tẩy Da Chết Màu Ngẫu Nhiên,346005340612,Nhà cửa & Đời sống,Đồ dùng phòng tắm,Bông tắm,475641850446114_0_0,0,1,BUI THI XUAN,xunxam,,122682417,,Chiến dịch mở rộng,0,0,Đơn hàng trực tiếp,0,0,8%,0,0%,22897.08,22897.08,0,"Trạng thái của đơn hàng đang chờ xử lý, hoa hồng chỉ được thanh toán khi nó hoàn thành.",Facebook,0,,,
2607086FXTRQ2N,Chờ xử lý,Chưa xác minh,2026-07-08 22:21:46,,,24142870859,Sữa Tắm Thơm Lâu Le Petit Marseillais Gel 92% Thiên Nhiên Da Nhạy Cảm Nhiều Mùi Hương 650ml,350973489405,Sắc Đẹp,Tắm & chăm sóc cơ thể,Xà phòng & sữa tắm,475641850446114_0_0,394000,1,BUI THI XUAN,xunxam,,112430963,,Chiến dịch mở rộng,254412,0,Đơn hàng trực tiếp,22897.08,22897.08,9%,0,0%,0,0,0,"Trạng thái của đơn hàng đang chờ xử lý, hoa hồng chỉ được thanh toán khi nó hoàn thành.",Facebook,24729,Trừ tiền chờ xử lý,,
2607086FJGV3K1,Chờ xử lý,Chưa xác minh,2026-07-08 22:14:47,,,24142870859,Sữa Tắm Thơm Lâu Le Petit Marseillais Gel 92% Thiên Nhiên Da Nhạy Cảm Nhiều Mùi Hương 650ml,350973489412,Sắc Đẹp,Tắm & chăm sóc cơ thể,Xà phòng & sữa tắm,475641850446114_0_0,394000,1,mngocshop133,mngocshop133,"Accesstrade,Interspace",112430963,,Chiến dịch mở rộng,269738,0,Đơn hàng trực tiếp,24276.42,24276.42,9%,0,0%,24276.42,24276.42,0,"Trạng thái của đơn hàng đang chờ xử lý, hoa hồng chỉ được thanh toán khi nó hoàn thành.",Shopeelive-Shopee,26219,Trừ tiền chờ xử lý,,
2607086FJGV3K1,Chờ xử lý,Chưa xác minh,2026-07-08 22:14:47,,,25644330193,[QUÀ TẶNG KHÔNG BÁN] Bông Tạo Bọt Kì Cọ Tẩy Da Chết Màu Ngẫu Nhiên,346005340612,Nhà cửa & Đời sống,Đồ dùng phòng tắm,Bông tắm,475641850446114_0_0,0,1,mngocshop133,mngocshop133,"Accesstrade,Interspace",122682417,,Chiến dịch mở rộng,0,0,Đơn hàng trực tiếp,0,0,8%,0,0%,0,0,0,"Trạng thái của đơn hàng đang chờ xử lý, hoa hồng chỉ được thanh toán khi nó hoàn thành.",Shopeelive-Shopee,0,,,
26070869TY7B74,Chờ xử lý,Chưa xác minh,2026-07-08 20:32:14,,,24142870859,Sữa Tắm Thơm Lâu Le Petit Marseillais Gel 92% Thiên Nhiên Da Nhạy Cảm Nhiều Mùi Hương 650ml,350973489410,Sắc Đẹp,Tắm & chăm sóc cơ thể,Xà phòng & sữa tắm,475641850446114_0_0,394000,1,Opera,opera109,,112430963,,Chiến dịch mở rộng,327020,0,Đơn hàng gián tiếp,14715.9,14715.9,"4,5%",0,0%,14715.9,14715.9,0,"Trạng thái của đơn hàng đang chờ xử lý, hoa hồng chỉ được thanh toán khi nó hoàn thành.",Websites,15893,Trừ tiền chờ xử lý,,
26070869TY7B74,Chờ xử lý,Chưa xác minh,2026-07-08 20:32:14,,,25644330193,[QUÀ TẶNG KHÔNG BÁN] Bông Tạo Bọt Kì Cọ Tẩy Da Chết Màu Ngẫu Nhiên,346005340612,Nhà cửa & Đời sống,Đồ dùng phòng tắm,Bông tắm,475641850446114_0_0,0,1,Opera,opera109,,122682417,,Chiến dịch mở rộng,0,0,Đơn hàng gián tiếp,0,0,4%,0,0%,0,0,0,"Trạng thái của đơn hàng đang chờ xử lý, hoa hồng chỉ được thanh toán khi nó hoàn thành.",Websites,0,,,
26070869S6WY19,Chờ xử lý,Chưa xác minh,2026-07-08 20:31:09,,,25644330193,[QUÀ TẶNG KHÔNG BÁN] Bông Tạo Bọt Kì Cọ Tẩy Da Chết Màu Ngẫu Nhiên,346005340612,Nhà cửa & Đời sống,Đồ dùng phòng tắm,Bông tắm,475641850446114_0_0,0,1,mngocshop133,mngocshop133,"Accesstrade,Interspace",122682417,,Chiến dịch mở rộng,0,0,Đơn hàng trực tiếp,0,0,8%,0,0%,20196,20196,0,"Trạng thái của đơn hàng đang chờ xử lý, hoa hồng chỉ được thanh toán khi nó hoàn thành.",Shopeelive-Shopee,0,,,
26070869S6WY19,Chờ xử lý,Chưa xác minh,2026-07-08 20:31:09,,,28980146591,Gel Tắm Hữu Cơ BIO 98% Thiên Nhiên Le Petit Marseillais Nhiều Mùi Hương 250ml,315970996472,Sắc Đẹp,Tắm & chăm sóc cơ thể,Xà phòng & sữa tắm,475641850446114_0_0,255000,1,mngocshop133,mngocshop133,"Accesstrade,Interspace",112420787,,Chiến dịch mở rộng,224400,0,Đơn hàng trực tiếp,20196,20196,9%,0,0%,0,0,0,"Trạng thái của đơn hàng đang chờ xử lý, hoa hồng chỉ được thanh toán khi nó hoàn thành.",Shopeelive-Shopee,21812,Trừ tiền chờ xử lý,,
26070869KJN7A0,Chờ xử lý,Chưa xác minh,2026-07-08 20:28:00,,,24142870859,Sữa Tắm Thơm Lâu Le Petit Marseillais Gel 92% Thiên Nhiên Da Nhạy Cảm Nhiều Mùi Hương 650ml,350973489402,Sắc Đẹp,Tắm & chăm sóc cơ thể,Xà phòng & sữa tắm,475641850446114_0_0,394000,1,Hoàng Lịch,honglchitngicla218,,112430963,,Chiến dịch mở rộng,257477,0,Đơn hàng gián tiếp,11586.465,11586.465,"4,5%",0,0%,11586.465,11586.465,0,"Trạng thái của đơn hàng đang chờ xử lý, hoa hồng chỉ được thanh toán khi nó hoàn thành.",Facebook,12513,Trừ tiền chờ xử lý,,
26070869KJN7A0,Chờ xử lý,Chưa xác minh,2026-07-08 20:28:00,,,25644330193,[QUÀ TẶNG KHÔNG BÁN] Bông Tạo Bọt Kì Cọ Tẩy Da Chết Màu Ngẫu Nhiên,346005340612,Nhà cửa & Đời sống,Đồ dùng phòng tắm,Bông tắm,475641850446114_0_0,0,1,Hoàng Lịch,honglchitngicla218,,122682417,,Chiến dịch mở rộng,0,0,Đơn hàng gián tiếp,0,0,4%,0,0%,0,0,0,"Trạng thái của đơn hàng đang chờ xử lý, hoa hồng chỉ được thanh toán khi nó hoàn thành.",Facebook,0,,,
26070868FHPRJP,Chờ xử lý,Chưa xác minh,2026-07-08 20:07:51,,,25644330193,[QUÀ TẶNG KHÔNG BÁN] Bông Tạo Bọt Kì Cọ Tẩy Da Chết Màu Ngẫu Nhiên,346005340612,Nhà cửa & Đời sống,Đồ dùng phòng tắm,Bông tắm,475641850446114_0_0,0,1,user10873478696147,_kcb3k0or8,,122682417,,Chiến dịch mở rộng,0,0,Đơn hàng gián tiếp,0,0,4%,0,0%,6061.095,6061.095,0,"Trạng thái của đơn hàng đang chờ xử lý, hoa hồng chỉ được thanh toán khi nó hoàn thành.",Websites,0,,,
26070868FHPRJP,Chờ xử lý,Chưa xác minh,2026-07-08 20:07:51,,,29480146096,Sữa Tắm Thiên Nhiên 92% Le Petit Marseillais Nhiều Mùi Hương 250ml,315970228699,Sắc Đẹp,Tắm & chăm sóc cơ thể,Xà phòng & sữa tắm,475641850446114_0_0,200000,1,user10873478696147,_kcb3k0or8,,112409565,,Chiến dịch mở rộng,134691,0,Đơn hàng gián tiếp,6061.095,6061.095,"4,5%",0,0%,0,0,0,"Trạng thái của đơn hàng đang chờ xử lý, hoa hồng chỉ được thanh toán khi nó hoàn thành.",Websites,6546,Trừ tiền chờ xử lý,,
26070864UUJHQS,Chờ xử lý,Chưa xác minh,2026-07-08 19:03:08,,,25644330193,[QUÀ TẶNG KHÔNG BÁN] Bông Tạo Bọt Kì Cọ Tẩy Da Chết Màu Ngẫu Nhiên,346005340612,Nhà cửa & Đời sống,Đồ dùng phòng tắm,Bông tắm,475641850446114_0_0,0,1,Em Tên Tùng,vinhvideo999,,122682417,,Chiến dịch mở rộng,0,0,Đơn hàng trực tiếp,0,0,8%,0,0%,14268,14268,0,"Trạng thái của đơn hàng đang chờ xử lý, hoa hồng chỉ được thanh toán khi nó hoàn thành.",Shopeevideo-Shopee,0,,,
26070864UUJHQS,Chờ xử lý,Chưa xác minh,2026-07-08 19:03:08,,,27679422917,Sữa Tắm Nam 4 in 1 92% Thiên Nhiên Le Petit Marseillais Chiết Xuất Gỗ Cam Đắng & Argan 250ml 1431,355969731723,Sắc Đẹp,Chăm sóc nam giới,Sữa tắm & chăm sóc cơ thể,475641850446114_0_0,205000,1,Em Tên Tùng,vinhvideo999,,110661763,,Chiến dịch mở rộng,178350,0,Đơn hàng trực tiếp,14268,14268,8%,0,0%,0,0,0,"Trạng thái của đơn hàng đang chờ xử lý, hoa hồng chỉ được thanh toán khi nó hoàn thành.",Shopeevideo-Shopee,15409,Trừ tiền chờ xử lý,,
26070862AE2KGE,Chờ xử lý,Chưa xác minh,2026-07-08 18:17:36,,,25644330193,[QUÀ TẶNG KHÔNG BÁN] Bông Tạo Bọt Kì Cọ Tẩy Da Chết Màu Ngẫu Nhiên,346005340612,Nhà cửa & Đời sống,Đồ dùng phòng tắm,Bông tắm,475641850446114_0_0,0,1,Shop Nhà Sang ⭐,sangvipiiii,,122682417,,Chiến dịch mở rộng,0,0,Đơn hàng trực tiếp,0,0,8%,0,0%,27070.56,27070.56,0,"Trạng thái của đơn hàng đang chờ xử lý, hoa hồng chỉ được thanh toán khi nó hoàn thành.",Shopeevideo-Shopee,0,,,
26070862AE2KGE,Chờ xử lý,Chưa xác minh,2026-07-08 18:17:36,,,27837762289,Combo Sữa Tắm Thiên Nhiên 250ml & Dầu gội 250ml Le Petit Marseillais Thiên Nhiên Hữu Cơ Chăm Sóc Toàn Diện,307649091484,Sắc Đẹp,Tắm & chăm sóc cơ thể,Xà phòng & sữa tắm,475641850446114_0_0,467000,1,Shop Nhà Sang ⭐,sangvipiiii,,141308903,,Chiến dịch mở rộng,300784,0,Đơn hàng trực tiếp,27070.56,27070.56,9%,0,0%,0,0,0,"Trạng thái của đơn hàng đang chờ xử lý, hoa hồng chỉ được thanh toán khi nó hoàn thành.",Shopeevideo-Shopee,29236,Trừ tiền chờ xử lý,,
2607085X7U24NK,Chờ xử lý,Chưa xác minh,2026-07-08 17:04:35,,,25644330193,[QUÀ TẶNG KHÔNG BÁN] Bông Tạo Bọt Kì Cọ Tẩy Da Chết Màu Ngẫu Nhiên,346005340612,Nhà cửa & Đời sống,Đồ dùng phòng tắm,Bông tắm,475641850446114_0_0,0,1,Săn sale mỗi ngày🔥,truonghaixx,,122682417,,Chiến dịch mở rộng,0,0,Đơn hàng gián tiếp,0,0,4%,0,0%,8950.5,8950.5,0,"Trạng thái của đơn hàng đang chờ xử lý, hoa hồng chỉ được thanh toán khi nó hoàn thành.",Others,0,,,
2607085X7U24NK,Chờ xử lý,Chưa xác minh,2026-07-08 17:04:35,,,28980146591,Gel Tắm Hữu Cơ BIO 98% Thiên Nhiên Le Petit Marseillais Nhiều Mùi Hương 250ml,315970996473,Sắc Đẹp,Tắm & chăm sóc cơ thể,Xà phòng & sữa tắm,475641850446114_0_0,255000,1,Săn sale mỗi ngày🔥,truonghaixx,,112420787,,Chiến dịch mở rộng,198900,0,Đơn hàng gián tiếp,8950.5,8950.5,"4,5%",0,0%,0,0,0,"Trạng thái của đơn hàng đang chờ xử lý, hoa hồng chỉ được thanh toán khi nó hoàn thành.",Others,9667,Trừ tiền chờ xử lý,,
2607085VP2E5CE,Chờ xử lý,Chưa xác minh,2026-07-08 16:36:44,,,25692866155,Sữa Tắm Nam 4 in 1 92% Thiên Nhiên Le Petit Marseillais Nhiều Mùi Hương 250ml,345969754130,Sắc Đẹp,Chăm sóc nam giới,Sữa tắm & chăm sóc cơ thể,,205000,1,CreatorX Media Network,creatorxmedianetwork,,112434462,,Chiến dịch mở rộng,126294,0,Đơn hàng gián tiếp,5051.76,5051.76,4%,0,0%,5051.76,5051.76,0,"Trạng thái của đơn hàng đang chờ xử lý, hoa hồng chỉ được thanh toán khi nó hoàn thành.",Others,5456,Trừ tiền chờ xử lý,,
2607085V61E19M,Chờ xử lý,Chưa xác minh,2026-07-08 16:27:46,,,28179873093,Dầu Gội Thiên Nhiên 2in1 97% Sạch Gàu Le Petit Marseillais Chiết Xuất Bạc Hà Hữu Cơ 250ml 4042,287645622650,Sắc Đẹp,Chăm sóc tóc,Dầu gội,,267000,1,gnu5tvatra,gnu5tvatra,"Accesstrade,Interspace",111642571,,Chiến dịch mở rộng,161887,0,Đơn hàng trực tiếp,14569.83,14569.83,9%,0,0%,14569.83,14569.83,0,"Trạng thái của đơn hàng đang chờ xử lý, hoa hồng chỉ được thanh toán khi nó hoàn thành.",Shopeevideo-Shopee,15735,Trừ tiền chờ xử lý,,
2607085T7R62S5,Chưa thanh toán,Chưa xác minh,2026-07-08 15:52:56,,,24142870859,Sữa Tắm Thơm Lâu Le Petit Marseillais Gel 92% Thiên Nhiên Da Nhạy Cảm Nhiều Mùi Hương 650ml,350973489414,Sắc Đẹp,Tắm & chăm sóc cơ thể,Xà phòng & sữa tắm,475641850446114_0_0,394000,1,Hương Hương nè ᥫ᭡,huonghuongne185,,112430963,,Chiến dịch mở rộng,314160,0,Đơn hàng trực tiếp,28274.4,28274.4,9%,0,0%,28274.4,28274.4,0,"Đơn hàng này chưa thanh toán, đang chờ người mua hoàn tất thanh toán đơn hàng.",Shopeevideo-Shopee,30536,Trừ tiền chờ xử lý,,
2607085T7R62S5,Chưa thanh toán,Chưa xác minh,2026-07-08 15:52:56,,,25644330193,[QUÀ TẶNG KHÔNG BÁN] Bông Tạo Bọt Kì Cọ Tẩy Da Chết Màu Ngẫu Nhiên,346005340612,Nhà cửa & Đời sống,Đồ dùng phòng tắm,Bông tắm,475641850446114_0_0,0,1,Hương Hương nè ᥫ᭡,huonghuongne185,,122682417,,Chiến dịch mở rộng,0,0,Đơn hàng trực tiếp,0,0,8%,0,0%,0,0,0,"Đơn hàng này chưa thanh toán, đang chờ người mua hoàn tất thanh toán đơn hàng.",Shopeevideo-Shopee,0,,,
2607085SX28MVK,Chờ xử lý,Chưa xác minh,2026-07-08 15:47:32,,,40672203767,Hộp 4 Bánh Xà Phòng Thiên Nhiên Le Petit Marseillais Dịu Nhẹ Lành Tính Nhiều Mùi Hương 4x100g,167403448465,Sắc Đẹp,Tắm & chăm sóc cơ thể,Xà phòng & sữa tắm,,265000,1,Nhun,nhunn2810,,176551991,,Chiến dịch mở rộng,227900,0,Đơn hàng trực tiếp,20511,20511,9%,0,0%,20511,20511,0,"Trạng thái của đơn hàng đang chờ xử lý, hoa hồng chỉ được thanh toán khi nó hoàn thành.",Zalo,22152,Trừ tiền chờ xử lý,,
2607085RK3271T,Chờ xử lý,Chưa xác minh,2026-07-08 15:23:29,,,25692866155,Sữa Tắm Nam 4 in 1 92% Thiên Nhiên Le Petit Marseillais Nhiều Mùi Hương 250ml,345969754133,Sắc Đẹp,Chăm sóc nam giới,Sữa tắm & chăm sóc cơ thể,475641850446114_0_0,205000,1,thu hà,hanaa.store_,,112434462,,Chiến dịch mở rộng,174250,0,Đơn hàng trực tiếp,13940,13940,8%,0,0%,13940,13940,0,"Trạng thái của đơn hàng đang chờ xử lý, hoa hồng chỉ được thanh toán khi nó hoàn thành.",Facebook,15055,Trừ tiền chờ xử lý,,
2607085RK3271T,Chờ xử lý,Chưa xác minh,2026-07-08 15:23:29,,,25644330193,[QUÀ TẶNG KHÔNG BÁN] Bông Tạo Bọt Kì Cọ Tẩy Da Chết Màu Ngẫu Nhiên,346005340612,Nhà cửa & Đời sống,Đồ dùng phòng tắm,Bông tắm,475641850446114_0_0,0,1,thu hà,hanaa.store_,,122682417,,Chiến dịch mở rộng,0,0,Đơn hàng trực tiếp,0,0,8%,0,0%,0,0,0,"Trạng thái của đơn hàng đang chờ xử lý, hoa hồng chỉ được thanh toán khi nó hoàn thành.",Facebook,0,,,
2607085R6T5FGG,Chờ xử lý,Chưa xác minh,2026-07-08 15:16:44,,,27430285782,"Dưỡng Ẩm Body 24h Thiên Nhiên Le Petit Marseillais Phục Hồi Bơ Hạt Mỡ, Lô Hội & Sáp Ong 400ml 4159",345970327045,Sắc Đẹp,Tắm & chăm sóc cơ thể,Kem & sữa dưỡng thể,,455000,1,CreatorX Media Network,creatorxmedianetwork,,112719461,,Chiến dịch mở rộng,373100,0,Đơn hàng gián tiếp,16789.5,16789.5,"4,5%",0,0%,24005.5,24005.5,0,"Trạng thái của đơn hàng đang chờ xử lý, hoa hồng chỉ được thanh toán khi nó hoàn thành.",Websites,18133,Trừ tiền chờ xử lý,,
2607085R6T5FGG,Chờ xử lý,Chưa xác minh,2026-07-08 15:16:44,,,29880370481,Kem Dưỡng Tay 24h Thiên Nhiên Le Petit Marseillais Nhiều Mùi Hương 75ml,128470976818,Sắc Đẹp,"Chăm sóc tay, chân & móng",Chăm sóc tay,,220000,1,CreatorX Media Network,creatorxmedianetwork,,112922896,,Chiến dịch mở rộng,180400,0,Đơn hàng gián tiếp,7216,7216,4%,0,0%,0,0,0,"Trạng thái của đơn hàng đang chờ xử lý, hoa hồng chỉ được thanh toán khi nó hoàn thành.",Websites,7793,Trừ tiền chờ xử lý,,
2607085R21HJEF,Chờ xử lý,Chưa xác minh,2026-07-08 15:13:57,,,24142870859,Sữa Tắm Thơm Lâu Le Petit Marseillais Gel 92% Thiên Nhiên Da Nhạy Cảm Nhiều Mùi Hương 650ml,350973489412,Sắc Đẹp,Tắm & chăm sóc cơ thể,Xà phòng & sữa tắm,475641850446114_0_0,394000,1,YouTube Shopping,youtube_shopping_vn,,112430963,,Chiến dịch mở rộng,245856,0,Đơn hàng trực tiếp,22127.04,22127.04,9%,0,0%,22127.04,22127.04,0,"Trạng thái của đơn hàng đang chờ xử lý, hoa hồng chỉ được thanh toán khi nó hoàn thành.",Websites,23897,Trừ tiền chờ xử lý,,
2607085R21HJEF,Chờ xử lý,Chưa xác minh,2026-07-08 15:13:57,,,25644330193,[QUÀ TẶNG KHÔNG BÁN] Bông Tạo Bọt Kì Cọ Tẩy Da Chết Màu Ngẫu Nhiên,346005340612,Nhà cửa & Đời sống,Đồ dùng phòng tắm,Bông tắm,475641850446114_0_0,0,1,YouTube Shopping,youtube_shopping_vn,,122682417,,Chiến dịch mở rộng,0,0,Đơn hàng trực tiếp,0,0,8%,0,0%,0,0,0,"Trạng thái của đơn hàng đang chờ xử lý, hoa hồng chỉ được thanh toán khi nó hoàn thành.",Websites,0,,,
2607085Q6GD861,Chờ xử lý,Chưa xác minh,2026-07-08 14:58:32,,,42422207632,Dầu Xả Dưỡng Tóc Thiên Nhiên 95% Le Petit Marseillais Dịu Nhẹ Siêu Mềm Mượt Nhiều Mùi Hương 200ml,297646808535,Sắc Đẹp,Chăm sóc tóc,Dầu xả,,225000,1,Lanh Chanh Review,ngvinh445,,176556107,,Chiến dịch mở rộng,225000,0,Đơn hàng gián tiếp,10125,10125,"4,5%",0,0%,10125,10125,0,"Trạng thái của đơn hàng đang chờ xử lý, hoa hồng chỉ được thanh toán khi nó hoàn thành.",Facebook,10935,Trừ tiền chờ xử lý,,
2607085Q4HCKXM,Chờ xử lý,Chưa xác minh,2026-07-08 14:57:27,,,24142870859,Sữa Tắm Thơm Lâu Le Petit Marseillais Gel 92% Thiên Nhiên Da Nhạy Cảm Nhiều Mùi Hương 650ml,350973489406,Sắc Đẹp,Tắm & chăm sóc cơ thể,Xà phòng & sữa tắm,475641850446114_0_0,394000,1,Son,mmohpjt8p3,,112430963,,Chiến dịch mở rộng,247592,0,Đơn hàng gián tiếp,11141.64,11141.64,"4,5%",0,0%,11141.64,11141.64,0,"Trạng thái của đơn hàng đang chờ xử lý, hoa hồng chỉ được thanh toán khi nó hoàn thành.",Facebook,12033,Trừ tiền chờ xử lý,,
2607085Q4HCKXM,Chờ xử lý,Chưa xác minh,2026-07-08 14:57:27,,,25644330193,[QUÀ TẶNG KHÔNG BÁN] Bông Tạo Bọt Kì Cọ Tẩy Da Chết Màu Ngẫu Nhiên,346005340612,Nhà cửa & Đời sống,Đồ dùng phòng tắm,Bông tắm,475641850446114_0_0,0,1,Son,mmohpjt8p3,,122682417,,Chiến dịch mở rộng,0,0,Đơn hàng gián tiếp,0,0,4%,0,0%,0,0,0,"Trạng thái của đơn hàng đang chờ xử lý, hoa hồng chỉ được thanh toán khi nó hoàn thành.",Facebook,0,,,
2607085NTU8RPQ,Chưa thanh toán,Chưa xác minh,2026-07-08 14:34:08,,,25644330193,[QUÀ TẶNG KHÔNG BÁN] Bông Tạo Bọt Kì Cọ Tẩy Da Chết Màu Ngẫu Nhiên,346005340612,Nhà cửa & Đời sống,Đồ dùng phòng tắm,Bông tắm,475641850446114_0_0,0,1,LinhKaa_DZ,linhkaa_dz,,122682417,,Chiến dịch mở rộng,0,0,Đơn hàng gián tiếp,0,0,4%,0,0%,5330,5330,0,"Đơn hàng này chưa thanh toán, đang chờ người mua hoàn tất thanh toán đơn hàng.",Zalo,0,,,
2607085NTU8RPQ,Chưa thanh toán,Chưa xác minh,2026-07-08 14:34:08,,,25692866155,Sữa Tắm Nam 4 in 1 92% Thiên Nhiên Le Petit Marseillais Nhiều Mùi Hương 250ml,345969754133,Sắc Đẹp,Chăm sóc nam giới,Sữa tắm & chăm sóc cơ thể,475641850446114_0_0,205000,1,LinhKaa_DZ,linhkaa_dz,,112434462,,Chiến dịch mở rộng,133250,0,Đơn hàng gián tiếp,5330,5330,4%,0,0%,0,0,0,"Đơn hàng này chưa thanh toán, đang chờ người mua hoàn tất thanh toán đơn hàng.",Zalo,5756,Trừ tiền chờ xử lý,,
2607085N8FSSJE,Chờ xử lý,Chưa xác minh,2026-07-08 14:23:52,,,25644330193,[QUÀ TẶNG KHÔNG BÁN] Bông Tạo Bọt Kì Cọ Tẩy Da Chết Màu Ngẫu Nhiên,346005340612,Nhà cửa & Đời sống,Đồ dùng phòng tắm,Bông tắm,475641850446114_0_0,0,1,Trần Ngân,tranngan110973,,122682417,,Chiến dịch mở rộng,0,0,Đơn hàng gián tiếp,0,0,4%,0,0%,12177,12177,0,"Trạng thái của đơn hàng đang chờ xử lý, hoa hồng chỉ được thanh toán khi nó hoàn thành.",Facebook,0,,,
2607085N8FSSJE,Chờ xử lý,Chưa xác minh,2026-07-08 14:23:52,,,27730151664,Sữa Tắm Dưỡng Ẩm 98% Thiên Nhiên Le Petit Marseillais Hữu Cơ Nhiều Mùi Hương Thơm 400ml,365969915563,Sắc Đẹp,Tắm & chăm sóc cơ thể,Xà phòng & sữa tắm,475641850446114_0_0,330000,1,Trần Ngân,tranngan110973,,112426971,,Chiến dịch mở rộng,270600,0,Đơn hàng gián tiếp,12177,12177,"4,5%",0,0%,0,0,0,"Trạng thái của đơn hàng đang chờ xử lý, hoa hồng chỉ được thanh toán khi nó hoàn thành.",Facebook,13151,Trừ tiền chờ xử lý,,
2607085KUBVR2W,Chờ xử lý,Chưa xác minh,2026-07-08 13:58:38,,,29680365284,Dầu Gội Thiên Nhiên Le Petit Marseillais Hữu Cơ Nhiều Mùi Hương 250ml,370971985645,Sắc Đẹp,Chăm sóc tóc,Dầu gội,,267000,1,CreatorX Media Network,creatorxmedianetwork,,112920799,,Chiến dịch mở rộng,160550,0,Đơn hàng gián tiếp,7224.75,7224.75,"4,5%",0,0%,7224.75,7224.75,0,"Trạng thái của đơn hàng đang chờ xử lý, hoa hồng chỉ được thanh toán khi nó hoàn thành.",Others,7803,Trừ tiền chờ xử lý,,
2607085JQ391UT,Chờ xử lý,Chưa xác minh,2026-07-08 13:38:22,,,29880370481,Kem Dưỡng Tay 24h Thiên Nhiên Le Petit Marseillais Nhiều Mùi Hương 75ml,128470976818,Sắc Đẹp,"Chăm sóc tay, chân & móng",Chăm sóc tay,,220000,1,Đức,konosubaaaaaaaa,,112922896,,Chiến dịch mở rộng,145450,0,Đơn hàng trực tiếp,11636,11636,8%,0,0%,11636,11636,0,"Trạng thái của đơn hàng đang chờ xử lý, hoa hồng chỉ được thanh toán khi nó hoàn thành.",Shopeelive-Shopee,12567,Trừ tiền chờ xử lý,,
2607085J51CSCB,Chờ xử lý,Chưa xác minh,2026-07-08 13:28:15,,,25644330193,[QUÀ TẶNG KHÔNG BÁN] Bông Tạo Bọt Kì Cọ Tẩy Da Chết Màu Ngẫu Nhiên,346005340612,Nhà cửa & Đời sống,Đồ dùng phòng tắm,Bông tắm,475641850446114_0_0,0,1,Lê Thị Thu Hương,lethithuhuonghh,,122682417,,Chiến dịch mở rộng,0,0,Đơn hàng gián tiếp,0,0,4%,0,0%,5322,5322,0,"Trạng thái của đơn hàng đang chờ xử lý, hoa hồng chỉ được thanh toán khi nó hoàn thành.",Facebook,0,,,
2607085J51CSCB,Chờ xử lý,Chưa xác minh,2026-07-08 13:28:15,,,25692866155,Sữa Tắm Nam 4 in 1 92% Thiên Nhiên Le Petit Marseillais Nhiều Mùi Hương 250ml,345969754130,Sắc Đẹp,Chăm sóc nam giới,Sữa tắm & chăm sóc cơ thể,475641850446114_0_0,205000,1,Lê Thị Thu Hương,lethithuhuonghh,,112434462,,Chiến dịch mở rộng,133050,0,Đơn hàng gián tiếp,5322,5322,4%,0,0%,0,0,0,"Trạng thái của đơn hàng đang chờ xử lý, hoa hồng chỉ được thanh toán khi nó hoàn thành.",Facebook,5748,Trừ tiền chờ xử lý,,
2607085HD97WB6,Chờ xử lý,Chưa xác minh,2026-07-08 13:14:59,,,25692912400,Sữa Dưỡng Thể Body Lotion Thiên Nhiên Le Petit Marseillais Hữu Cơ Nhiều Mùi Hương 250ml,375972102739,Sắc Đẹp,Tắm & chăm sóc cơ thể,Kem & sữa dưỡng thể,,379000,1,Sato Sheayna,vaitzxxai3,,112708614,,Chiến dịch mở rộng,310780,0,Đơn hàng gián tiếp,13985.1,13985.1,"4,5%",0,0%,20258.1,20258.1,0,"Trạng thái của đơn hàng đang chờ xử lý, hoa hồng chỉ được thanh toán khi nó hoàn thành.",Websites,15104,Trừ tiền chờ xử lý,,
2607085HD97WB6,Chờ xử lý,Chưa xác minh,2026-07-08 13:14:59,,,25947267438,Hộp 2 Bánh Xà Phòng Thiên Nhiên 98% Le Petit Marseillais Dịu Nhẹ Lành Tính Nhiều Mùi Hương 2 x100g,292645726030,Sắc Đẹp,Tắm & chăm sóc cơ thể,Xà phòng & sữa tắm,,170000,1,Sato Sheayna,vaitzxxai3,,176553504,,Chiến dịch mở rộng,139400,0,Đơn hàng gián tiếp,6273,6273,"4,5%",0,0%,0,0,0,"Trạng thái của đơn hàng đang chờ xử lý, hoa hồng chỉ được thanh toán khi nó hoàn thành.",Websites,6775,Trừ tiền chờ xử lý,,
2607085HAWX2P3,Chờ xử lý,Chưa xác minh,2026-07-08 13:13:39,,,42972196728,"Dầu Gội Thiên Nhiên 97% Le Petit Marseillais Làm Sạch Sâu, Giảm Nhờn Với Bột Đất Sét Trắng 250ml 4608",355970048824,Sắc Đẹp,Chăm sóc tóc,Dầu gội,,267000,1,CreatorX Media Network,creatorxmedianetwork,,176524517,,Chiến dịch mở rộng,229620,0,Đơn hàng gián tiếp,10332.9,10332.9,"4,5%",0,0%,10332.9,10332.9,0,"Trạng thái của đơn hàng đang chờ xử lý, hoa hồng chỉ được thanh toán khi nó hoàn thành.",Others,11160,Trừ tiền chờ xử lý,,
2607085H45DNG9,Chờ xử lý,Chưa xác minh,2026-07-08 13:09:53,,,44004810239,Combo Dầu Gội Xả Thiên Nhiên Chăm Sóc Tóc Le Petit Marseillais Mềm Mượt,380972210357,Sắc Đẹp,Chăm sóc tóc,Dầu gội,,492000,1,Kimcunnnnnnn,kimcunnnnnnnn,,140733646,,Chiến dịch mở rộng,341401,0,Đơn hàng gián tiếp,15363.045,15363.045,"4,5%",0,0%,15363.045,15363.045,0,"Trạng thái của đơn hàng đang chờ xử lý, hoa hồng chỉ được thanh toán khi nó hoàn thành.",Facebook,16592,Trừ tiền chờ xử lý,,
2607085GNG8811,Chờ xử lý,Chưa xác minh,2026-07-08 13:01:41,,,25644330193,[QUÀ TẶNG KHÔNG BÁN] Bông Tạo Bọt Kì Cọ Tẩy Da Chết Màu Ngẫu Nhiên,346005340612,Nhà cửa & Đời sống,Đồ dùng phòng tắm,Bông tắm,475641850446114_0_0,0,1,ShopBack Việt Nam,shopbackvn_,,122682417,,Chiến dịch mở rộng,0,0,Đơn hàng trực tiếp,0,0,8%,0,0%,11840,11840,0,"Trạng thái của đơn hàng đang chờ xử lý, hoa hồng chỉ được thanh toán khi nó hoàn thành.",Websites,0,,,
2607085GNG8811,Chờ xử lý,Chưa xác minh,2026-07-08 13:01:41,,,25692866155,Sữa Tắm Nam 4 in 1 92% Thiên Nhiên Le Petit Marseillais Nhiều Mùi Hương 250ml,345969754133,Sắc Đẹp,Chăm sóc nam giới,Sữa tắm & chăm sóc cơ thể,475641850446114_0_0,205000,1,ShopBack Việt Nam,shopbackvn_,,112434462,,Chiến dịch mở rộng,148000,0,Đơn hàng trực tiếp,11840,11840,8%,0,0%,0,0,0,"Trạng thái của đơn hàng đang chờ xử lý, hoa hồng chỉ được thanh toán khi nó hoàn thành.",Websites,12787,Trừ tiền chờ xử lý,,
2607085EWQ08AJ,Chờ xử lý,Chưa xác minh,2026-07-08 12:30:28,,,28830365069,Dầu Gội Thiên Nhiên Le Petit Marseillais Hữu Cơ Nhiều Mùi Hương 300ml,435970130564,Sắc Đẹp,Chăm sóc tóc,Dầu gội,,410000,1,Vân Anh Vũ (Thần Deal),thandeal,PiGGi MCN,112918398,,Chiến dịch mở rộng,234520,0,Đơn hàng trực tiếp,21106.8,21106.8,9%,0,0%,21106.8,21106.8,0,"Trạng thái của đơn hàng đang chờ xử lý, hoa hồng chỉ được thanh toán khi nó hoàn thành.",Websites,22795,Trừ tiền chờ xử lý,,
2607085EPAE005,Chờ xử lý,Chưa xác minh,2026-07-08 12:26:21,,,24142870859,Sữa Tắm Thơm Lâu Le Petit Marseillais Gel 92% Thiên Nhiên Da Nhạy Cảm Nhiều Mùi Hương 650ml,350973489406,Sắc Đẹp,Tắm & chăm sóc cơ thể,Xà phòng & sữa tắm,475641850446114_0_0,394000,1,Thợ Săn Sài Gòn,tssg_2020,,112430963,,Chiến dịch mở rộng,250649,0,Đơn hàng trực tiếp,22558.41,22558.41,9%,0,0%,22558.41,22558.41,0,"Trạng thái của đơn hàng đang chờ xử lý, hoa hồng chỉ được thanh toán khi nó hoàn thành.",Websites,24363,Trừ tiền chờ xử lý,,
2607085EPAE005,Chờ xử lý,Chưa xác minh,2026-07-08 12:26:21,,,25644330193,[QUÀ TẶNG KHÔNG BÁN] Bông Tạo Bọt Kì Cọ Tẩy Da Chết Màu Ngẫu Nhiên,346005340612,Nhà cửa & Đời sống,Đồ dùng phòng tắm,Bông tắm,475641850446114_0_0,0,1,Thợ Săn Sài Gòn,tssg_2020,,122682417,,Chiến dịch mở rộng,0,0,Đơn hàng trực tiếp,0,0,8%,0,0%,0,0,0,"Trạng thái của đơn hàng đang chờ xử lý, hoa hồng chỉ được thanh toán khi nó hoàn thành.",Websites,0,,,
2607085EG9USEM,Chờ xử lý,Chưa xác minh,2026-07-08 12:22:57,,,25644330193,[QUÀ TẶNG KHÔNG BÁN] Bông Tạo Bọt Kì Cọ Tẩy Da Chết Màu Ngẫu Nhiên,346005340612,Nhà cửa & Đời sống,Đồ dùng phòng tắm,Bông tắm,475641850446114_0_0,0,1,CreatorX Media Network,creatorxmedianetwork,,122682417,,Chiến dịch mở rộng,0,0,Đơn hàng gián tiếp,0,0,4%,0,0%,11141.64,11141.64,0,"Trạng thái của đơn hàng đang chờ xử lý, hoa hồng chỉ được thanh toán khi nó hoàn thành.",Others,0,,,
2607085EG9USEM,Chờ xử lý,Chưa xác minh,2026-07-08 12:22:57,,,24142870859,Sữa Tắm Thơm Lâu Le Petit Marseillais Gel 92% Thiên Nhiên Da Nhạy Cảm Nhiều Mùi Hương 650ml,350973489410,Sắc Đẹp,Tắm & chăm sóc cơ thể,Xà phòng & sữa tắm,475641850446114_0_0,394000,1,CreatorX Media Network,creatorxmedianetwork,,112430963,,Chiến dịch mở rộng,247592,0,Đơn hàng gián tiếp,11141.64,11141.64,"4,5%",0,0%,0,0,0,"Trạng thái của đơn hàng đang chờ xử lý, hoa hồng chỉ được thanh toán khi nó hoàn thành.",Others,12033,Trừ tiền chờ xử lý,,
2607085D8ER84N,Chờ xử lý,Chưa xác minh,2026-07-08 12:00:41,,,25644330193,[QUÀ TẶNG KHÔNG BÁN] Bông Tạo Bọt Kì Cọ Tẩy Da Chết Màu Ngẫu Nhiên,346005340612,Nhà cửa & Đời sống,Đồ dùng phòng tắm,Bông tắm,475641850446114_0_0,0,1,user15708154406313,v3rrxpn9rx,,122682417,,Chiến dịch mở rộng,0,0,Đơn hàng gián tiếp,0,0,4%,0,0%,9783.945,9783.945,0,"Trạng thái của đơn hàng đang chờ xử lý, hoa hồng chỉ được thanh toán khi nó hoàn thành.",Facebook,0,,,
2607085D8ER84N,Chờ xử lý,Chưa xác minh,2026-07-08 12:00:41,,,27730151664,Sữa Tắm Dưỡng Ẩm 98% Thiên Nhiên Le Petit Marseillais Hữu Cơ Nhiều Mùi Hương Thơm 400ml,365969915567,Sắc Đẹp,Tắm & chăm sóc cơ thể,Xà phòng & sữa tắm,475641850446114_0_0,330000,1,user15708154406313,v3rrxpn9rx,,112426971,,Chiến dịch mở rộng,217421,0,Đơn hàng gián tiếp,9783.945,9783.945,"4,5%",0,0%,0,0,0,"Trạng thái của đơn hàng đang chờ xử lý, hoa hồng chỉ được thanh toán khi nó hoàn thành.",Facebook,10567,Trừ tiền chờ xử lý,,
2607085CUMN5KV,Chờ xử lý,Chưa xác minh,2026-07-08 11:53:31,,,27079878325,"Kem Dưỡng Tay 24h Thiên Nhiên Le Petit Marseillais Chiết Xuất Bơ Hạt Mỡ, Lô Hội, Sắp Ong 75ml 4768",282645716967,Sắc Đẹp,"Chăm sóc tay, chân & móng",Chăm sóc tay,,220000,1,Audrey,azure1310,,111650089,,Chiến dịch mở rộng,202400,0,Đơn hàng gián tiếp,8096,8096,4%,0,0%,8096,8096,0,"Trạng thái của đơn hàng đang chờ xử lý, hoa hồng chỉ được thanh toán khi nó hoàn thành.",Facebook,8744,Trừ tiền chờ xử lý,,
2607085B6DCXFD,Chờ xử lý,Chưa xác minh,2026-07-08 11:23:45,,,29880370481,Kem Dưỡng Tay 24h Thiên Nhiên Le Petit Marseillais Nhiều Mùi Hương 75ml,128470976818,Sắc Đẹp,"Chăm sóc tay, chân & móng",Chăm sóc tay,,220000,1,My My nè,angmy248,,112922896,,Chiến dịch mở rộng,191400,0,Đơn hàng trực tiếp,15312,15312,8%,0,0%,15312,15312,0,"Trạng thái của đơn hàng đang chờ xử lý, hoa hồng chỉ được thanh toán khi nó hoàn thành.",Facebook,16537,Trừ tiền chờ xử lý,,
2607085AUTUH3N,Chờ xử lý,Chưa xác minh,2026-07-08 11:17:50,,,25644330193,[QUÀ TẶNG KHÔNG BÁN] Bông Tạo Bọt Kì Cọ Tẩy Da Chết Màu Ngẫu Nhiên,346005340612,Nhà cửa & Đời sống,Đồ dùng phòng tắm,Bông tắm,475641850446114_0_0,0,1,user1636769387995,5f_vmt8gi0,PHMAX,122682417,,Chiến dịch mở rộng,0,0,Đơn hàng gián tiếp,0,0,4%,0,0%,14183.955,14183.955,0,"Trạng thái của đơn hàng đang chờ xử lý, hoa hồng chỉ được thanh toán khi nó hoàn thành.",Facebook,0,,,
2607085AUTUH3N,Chờ xử lý,Chưa xác minh,2026-07-08 11:17:50,,,24142870859,Sữa Tắm Thơm Lâu Le Petit Marseillais Gel 92% Thiên Nhiên Da Nhạy Cảm Nhiều Mùi Hương 650ml,350973489409,Sắc Đẹp,Tắm & chăm sóc cơ thể,Xà phòng & sữa tắm,475641850446114_0_0,394000,1,user1636769387995,5f_vmt8gi0,PHMAX,112430963,,Chiến dịch mở rộng,315199,0,Đơn hàng gián tiếp,14183.955,14183.955,"4,5%",0,0%,0,0,0,"Trạng thái của đơn hàng đang chờ xử lý, hoa hồng chỉ được thanh toán khi nó hoàn thành.",Facebook,15319,Trừ tiền chờ xử lý,,
2607085AUM77HC,Chờ xử lý,Chưa xác minh,2026-07-08 11:17:43,,,29480146096,Sữa Tắm Thiên Nhiên 92% Le Petit Marseillais Nhiều Mùi Hương 250ml,315970228701,Sắc Đẹp,Tắm & chăm sóc cơ thể,Xà phòng & sữa tắm,475641850446114_0_0,200000,1,Ngoc Hoa,ngochoa.ep,PiGGi MCN,112409565,,Chiến dịch mở rộng,144000,0,Đơn hàng trực tiếp,12960,12960,9%,0,0%,12960,12960,0,"Trạng thái của đơn hàng đang chờ xử lý, hoa hồng chỉ được thanh toán khi nó hoàn thành.",Shopeelive-Shopee,13997,Trừ tiền chờ xử lý,,
2607085AUM77HC,Chờ xử lý,Chưa xác minh,2026-07-08 11:17:43,,,25644330193,[QUÀ TẶNG KHÔNG BÁN] Bông Tạo Bọt Kì Cọ Tẩy Da Chết Màu Ngẫu Nhiên,346005340612,Nhà cửa & Đời sống,Đồ dùng phòng tắm,Bông tắm,475641850446114_0_0,0,1,Ngoc Hoa,ngochoa.ep,PiGGi MCN,122682417,,Chiến dịch mở rộng,0,0,Đơn hàng trực tiếp,0,0,8%,0,0%,0,0,0,"Trạng thái của đơn hàng đang chờ xử lý, hoa hồng chỉ được thanh toán khi nó hoàn thành.",Shopeelive-Shopee,0,,,
2607085AJ40DJ7,Chờ xử lý,Chưa xác minh,2026-07-08 11:12:24,,,29880370481,Kem Dưỡng Tay 24h Thiên Nhiên Le Petit Marseillais Nhiều Mùi Hương 75ml,128470976818,Sắc Đẹp,"Chăm sóc tay, chân & móng",Chăm sóc tay,,220000,1,My My nè,angmy248,,112922896,,Chiến dịch mở rộng,180400,0,Đơn hàng trực tiếp,14432,14432,8%,0,0%,14432,14432,0,"Trạng thái của đơn hàng đang chờ xử lý, hoa hồng chỉ được thanh toán khi nó hoàn thành.",Facebook,15587,Trừ tiền chờ xử lý,,
26070859YEX6KK,Chờ xử lý,Chưa xác minh,2026-07-08 11:01:58,,,29680365284,Dầu Gội Thiên Nhiên Le Petit Marseillais Hữu Cơ Nhiều Mùi Hương 250ml,370971985646,Sắc Đẹp,Chăm sóc tóc,Dầu gội,,267000,1,Ngọc Yếnn,ngocyenxinchao,,112920799,,Chiến dịch mở rộng,229620,0,Đơn hàng gián tiếp,10332.9,10332.9,"4,5%",0,0%,20665.8,20665.8,0,"Trạng thái của đơn hàng đang chờ xử lý, hoa hồng chỉ được thanh toán khi nó hoàn thành.",Facebook,11160,Trừ tiền chờ xử lý,,
26070859YEX6KK,Chờ xử lý,Chưa xác minh,2026-07-08 11:01:58,,,29680365284,Dầu Gội Thiên Nhiên Le Petit Marseillais Hữu Cơ Nhiều Mùi Hương 250ml,370971985647,Sắc Đẹp,Chăm sóc tóc,Dầu gội,,267000,1,Ngọc Yếnn,ngocyenxinchao,,112920799,,Chiến dịch mở rộng,229620,0,Đơn hàng gián tiếp,10332.9,10332.9,"4,5%",0,0%,0,0,0,"Trạng thái của đơn hàng đang chờ xử lý, hoa hồng chỉ được thanh toán khi nó hoàn thành.",Facebook,11160,Trừ tiền chờ xử lý,,
26070858KXJXTS,Chờ xử lý,Chưa xác minh,2026-07-08 10:37:39,,,29629881655,Dầu Gội Phục Hồi Tóc Khô & Hư Tổn 96% Thiên Nhiên Le Petit Marseillais Chiết Xuất Mật Ong Và Bơ Hạt Mỡ Hữu Cơ 300ml 4554,405970112469,Sắc Đẹp,Chăm sóc tóc,Dầu gội,,410000,1,Mangchua4486DV,mangchua4486,,111633374,,Chiến dịch mở rộng,319800,0,Đơn hàng trực tiếp,25584,25584,8%,0,0%,25584,25584,0,"Trạng thái của đơn hàng đang chờ xử lý, hoa hồng chỉ được thanh toán khi nó hoàn thành.",Shopeelive-Shopee,27631,Trừ tiền chờ xử lý,,
26070857UU2V4H,Chờ xử lý,Chưa xác minh,2026-07-08 10:24:16,,,25644330193,[QUÀ TẶNG KHÔNG BÁN] Bông Tạo Bọt Kì Cọ Tẩy Da Chết Màu Ngẫu Nhiên,346005340612,Nhà cửa & Đời sống,Đồ dùng phòng tắm,Bông tắm,475641850446114_0_0,0,1,hang,mpup1a6ll9,,122682417,,Chiến dịch mở rộng,0,0,Đơn hàng trực tiếp,0,0,8%,0,0%,16200,16200,0,"Trạng thái của đơn hàng đang chờ xử lý, hoa hồng chỉ được thanh toán khi nó hoàn thành.",Facebook,0,,,
26070857UU2V4H,Chờ xử lý,Chưa xác minh,2026-07-08 10:24:16,,,29480146096,Sữa Tắm Thiên Nhiên 92% Le Petit Marseillais Nhiều Mùi Hương 250ml,315970228699,Sắc Đẹp,Tắm & chăm sóc cơ thể,Xà phòng & sữa tắm,475641850446114_0_0,200000,1,hang,mpup1a6ll9,,112409565,,Chiến dịch mở rộng,180000,0,Đơn hàng trực tiếp,16200,16200,9%,0,0%,0,0,0,"Trạng thái của đơn hàng đang chờ xử lý, hoa hồng chỉ được thanh toán khi nó hoàn thành.",Facebook,17496,Trừ tiền chờ xử lý,,
26070855CAPUYF,Chờ xử lý,Chưa xác minh,2026-07-08 09:39:41,,,25644330193,[QUÀ TẶNG KHÔNG BÁN] Bông Tạo Bọt Kì Cọ Tẩy Da Chết Màu Ngẫu Nhiên,346005340612,Nhà cửa & Đời sống,Đồ dùng phòng tắm,Bông tắm,475641850446114_0_0,0,1,Mua Sắm Liền Tay,sutuapto,PHMAX,122682417,,Chiến dịch mở rộng,0,0,Đơn hàng trực tiếp,0,0,8%,0,0%,12240,12240,0,"Trạng thái của đơn hàng đang chờ xử lý, hoa hồng chỉ được thanh toán khi nó hoàn thành.",Shopeelive-Shopee,0,,,
26070855CAPUYF,Chờ xử lý,Chưa xác minh,2026-07-08 09:39:41,,,24542031515,Sữa Tắm Hữu Cơ 98% Thiên Nhiên Le Petit Marseillais Hương Quả Đào & Xuân Đào 250ml 1496,218837658818,Sắc Đẹp,Tắm & chăm sóc cơ thể,Xà phòng & sữa tắm,475641850446114_0_0,255000,1,Mua Sắm Liền Tay,sutuapto,PHMAX,109863137,,Chiến dịch mở rộng,153000,0,Đơn hàng trực tiếp,12240,12240,8%,0,0%,0,0,0,"Trạng thái của đơn hàng đang chờ xử lý, hoa hồng chỉ được thanh toán khi nó hoàn thành.",Shopeelive-Shopee,13219,Trừ tiền chờ xử lý,,
260708559KVE2K,Chờ xử lý,Chưa xác minh,2026-07-08 09:38:10,,,24142870859,Sữa Tắm Thơm Lâu Le Petit Marseillais Gel 92% Thiên Nhiên Da Nhạy Cảm Nhiều Mùi Hương 650ml,350973489409,Sắc Đẹp,Tắm & chăm sóc cơ thể,Xà phòng & sữa tắm,475641850446114_0_0,394000,1,Opera,opera109,,112430963,,Chiến dịch mở rộng,247592,0,Đơn hàng gián tiếp,11141.64,11141.64,"4,5%",0,0%,11141.64,11141.64,0,"Trạng thái của đơn hàng đang chờ xử lý, hoa hồng chỉ được thanh toán khi nó hoàn thành.",Websites,12033,Trừ tiền chờ xử lý,,
260708559KVE2K,Chờ xử lý,Chưa xác minh,2026-07-08 09:38:10,,,25644330193,[QUÀ TẶNG KHÔNG BÁN] Bông Tạo Bọt Kì Cọ Tẩy Da Chết Màu Ngẫu Nhiên,346005340612,Nhà cửa & Đời sống,Đồ dùng phòng tắm,Bông tắm,475641850446114_0_0,0,1,Opera,opera109,,122682417,,Chiến dịch mở rộng,0,0,Đơn hàng gián tiếp,0,0,4%,0,0%,0,0,0,"Trạng thái của đơn hàng đang chờ xử lý, hoa hồng chỉ được thanh toán khi nó hoàn thành.",Websites,0,,,
26070854KH61HG,Chờ xử lý,Chưa xác minh,2026-07-08 09:25:49,,,25644330193,[QUÀ TẶNG KHÔNG BÁN] Bông Tạo Bọt Kì Cọ Tẩy Da Chết Màu Ngẫu Nhiên,346005340612,Nhà cửa & Đời sống,Đồ dùng phòng tắm,Bông tắm,475641850446114_0_0,0,1,Trạm Cảm Xúc,ek24im3zxb,,122682417,,Chiến dịch mở rộng,0,0,Đơn hàng gián tiếp,0,0,4%,0,0%,7605.12,7605.12,0,"Trạng thái của đơn hàng đang chờ xử lý, hoa hồng chỉ được thanh toán khi nó hoàn thành.",Facebook,0,,,
26070854KH61HG,Chờ xử lý,Chưa xác minh,2026-07-08 09:25:49,,,27779418515,Sữa Tắm Nam Thơm Lâu 4 in 1 92% Thiên Nhiên Le Petit Marseillais Chiết Xuất Thông Biển & Bạch Đàn 250ml 1356,415969727779,Sắc Đẹp,Chăm sóc nam giới,Sữa tắm & chăm sóc cơ thể,475641850446114_0_0,205000,1,Trạm Cảm Xúc,ek24im3zxb,,110663381,,Chiến dịch mở rộng,190128,0,Đơn hàng gián tiếp,7605.12,7605.12,4%,0,0%,0,0,0,"Trạng thái của đơn hàng đang chờ xử lý, hoa hồng chỉ được thanh toán khi nó hoàn thành.",Facebook,8214,Trừ tiền chờ xử lý,,
26070853TMUNS4,Chờ xử lý,Chưa xác minh,2026-07-08 09:11:54,,,25644330193,[QUÀ TẶNG KHÔNG BÁN] Bông Tạo Bọt Kì Cọ Tẩy Da Chết Màu Ngẫu Nhiên,346005340612,Nhà cửa & Đời sống,Đồ dùng phòng tắm,Bông tắm,475641850446114_0_0,0,1,dang.thaison,dang.thaison,,122682417,,Chiến dịch mở rộng,0,0,Đơn hàng gián tiếp,0,0,4%,0,0%,11501.865,11501.865,0,"Trạng thái của đơn hàng đang chờ xử lý, hoa hồng chỉ được thanh toán khi nó hoàn thành.",Facebook,0,,,
26070853TMUNS4,Chờ xử lý,Chưa xác minh,2026-07-08 09:11:54,,,27927398680,Sữa Tắm 92% Thiên Nhiên Le Petit Marseillais Dịu Nhẹ Đào Trắng Hữu Cơ Và Xuân Đào Hữu Cơ 650ml 1288,440969802305,Sắc Đẹp,Tắm & chăm sóc cơ thể,Xà phòng & sữa tắm,475641850446114_0_0,394000,1,dang.thaison,dang.thaison,,109863155,,Chiến dịch mở rộng,255597,0,Đơn hàng gián tiếp,11501.865,11501.865,"4,5%",0,0%,0,0,0,"Trạng thái của đơn hàng đang chờ xử lý, hoa hồng chỉ được thanh toán khi nó hoàn thành.",Facebook,12422,Trừ tiền chờ xử lý,,
260708538WENXR,Chờ xử lý,Chưa xác minh,2026-07-08 09:01:59,,,29480146096,Sữa Tắm Thiên Nhiên 92% Le Petit Marseillais Nhiều Mùi Hương 250ml,310970228929,Sắc Đẹp,Tắm & chăm sóc cơ thể,Xà phòng & sữa tắm,475641850446114_0_0,200000,1,user5849570560269,_q8p1p7jpv,PiGGi MCN,112409565,,Chiến dịch mở rộng,140298,0,Đơn hàng trực tiếp,12626.82,12626.82,9%,0,0%,12626.82,12626.82,0,"Trạng thái của đơn hàng đang chờ xử lý, hoa hồng chỉ được thanh toán khi nó hoàn thành.",Others,13637,Trừ tiền chờ xử lý,,
260708538WENXR,Chờ xử lý,Chưa xác minh,2026-07-08 09:01:59,,,25644330193,[QUÀ TẶNG KHÔNG BÁN] Bông Tạo Bọt Kì Cọ Tẩy Da Chết Màu Ngẫu Nhiên,346005340612,Nhà cửa & Đời sống,Đồ dùng phòng tắm,Bông tắm,475641850446114_0_0,0,1,user5849570560269,_q8p1p7jpv,PiGGi MCN,122682417,,Chiến dịch mở rộng,0,0,Đơn hàng trực tiếp,0,0,8%,0,0%,0,0,0,"Trạng thái của đơn hàng đang chờ xử lý, hoa hồng chỉ được thanh toán khi nó hoàn thành.",Others,0,,,
26070852BF7GXF,Chờ xử lý,Chưa xác minh,2026-07-08 08:45:31,,,29880370481,Kem Dưỡng Tay 24h Thiên Nhiên Le Petit Marseillais Nhiều Mùi Hương 75ml,129503370888,Sắc Đẹp,"Chăm sóc tay, chân & móng",Chăm sóc tay,,220000,1,juliehgg,sakurachan911,,112922896,,Chiến dịch mở rộng,176000,0,Đơn hàng gián tiếp,7040,7040,4%,0,0%,7040,7040,0,"Trạng thái của đơn hàng đang chờ xử lý, hoa hồng chỉ được thanh toán khi nó hoàn thành.",Instagram,7603,Trừ tiền chờ xử lý,,
26070850BMDD7C,Chờ xử lý,Chưa xác minh,2026-07-08 08:09:50,,,42422207632,Dầu Xả Dưỡng Tóc Thiên Nhiên 95% Le Petit Marseillais Dịu Nhẹ Siêu Mềm Mượt Nhiều Mùi Hương 200ml,297646808535,Sắc Đẹp,Chăm sóc tóc,Dầu xả,,225000,1,Review chat,r0de6b67s2,,176556107,,Chiến dịch mở rộng,149441,0,Đơn hàng trực tiếp,13449.69,13449.69,9%,0,0%,13449.69,13449.69,0,"Trạng thái của đơn hàng đang chờ xử lý, hoa hồng chỉ được thanh toán khi nó hoàn thành.",Shopeevideo-Shopee,14526,Trừ tiền chờ xử lý,,
2607084YX95U55,Chờ xử lý,Chưa xác minh,2026-07-08 08:02:21,,,25644330193,[QUÀ TẶNG KHÔNG BÁN] Bông Tạo Bọt Kì Cọ Tẩy Da Chết Màu Ngẫu Nhiên,346005340612,Nhà cửa & Đời sống,Đồ dùng phòng tắm,Bông tắm,475641850446114_0_0,0,1,Ivan,ivanclickadu311,,122682417,,Chiến dịch mở rộng,0,0,Đơn hàng gián tiếp,0,0,4%,0,0%,13132.305,13132.305,0,"Trạng thái của đơn hàng đang chờ xử lý, hoa hồng chỉ được thanh toán khi nó hoàn thành.",Websites,0,,,
2607084YX95U55,Chờ xử lý,Chưa xác minh,2026-07-08 08:02:21,,,24142870859,Sữa Tắm Thơm Lâu Le Petit Marseillais Gel 92% Thiên Nhiên Da Nhạy Cảm Nhiều Mùi Hương 650ml,350973489410,Sắc Đẹp,Tắm & chăm sóc cơ thể,Xà phòng & sữa tắm,475641850446114_0_0,394000,1,Ivan,ivanclickadu311,,112430963,,Chiến dịch mở rộng,291829,0,Đơn hàng gián tiếp,13132.305,13132.305,"4,5%",0,0%,0,0,0,"Trạng thái của đơn hàng đang chờ xử lý, hoa hồng chỉ được thanh toán khi nó hoàn thành.",Websites,14183,Trừ tiền chờ xử lý,,
2607084Y6DBAW0,Chờ xử lý,Chưa xác minh,2026-07-08 07:49:01,,,24142870859,Sữa Tắm Thơm Lâu Le Petit Marseillais Gel 92% Thiên Nhiên Da Nhạy Cảm Nhiều Mùi Hương 650ml,350973489402,Sắc Đẹp,Tắm & chăm sóc cơ thể,Xà phòng & sữa tắm,475641850446114_0_0,394000,1,CreatorX Media Network,creatorxmedianetwork,,112430963,,Chiến dịch mở rộng,278640,0,Đơn hàng gián tiếp,12538.8,12538.8,"4,5%",0,0%,12538.8,12538.8,0,"Trạng thái của đơn hàng đang chờ xử lý, hoa hồng chỉ được thanh toán khi nó hoàn thành.",Others,13542,Trừ tiền chờ xử lý,,
2607084Y6DBAW0,Chờ xử lý,Chưa xác minh,2026-07-08 07:49:01,,,25644330193,[QUÀ TẶNG KHÔNG BÁN] Bông Tạo Bọt Kì Cọ Tẩy Da Chết Màu Ngẫu Nhiên,346005340612,Nhà cửa & Đời sống,Đồ dùng phòng tắm,Bông tắm,475641850446114_0_0,0,1,CreatorX Media Network,creatorxmedianetwork,,122682417,,Chiến dịch mở rộng,0,0,Đơn hàng gián tiếp,0,0,4%,0,0%,0,0,0,"Trạng thái của đơn hàng đang chờ xử lý, hoa hồng chỉ được thanh toán khi nó hoàn thành.",Others,0,,,
2607084XXNBTQ2,Chờ xử lý,Chưa xác minh,2026-07-08 07:44:40,,,25644330193,[QUÀ TẶNG KHÔNG BÁN] Bông Tạo Bọt Kì Cọ Tẩy Da Chết Màu Ngẫu Nhiên,346005340612,Nhà cửa & Đời sống,Đồ dùng phòng tắm,Bông tắm,475641850446114_0_0,0,1,Lanh Chanh Review,ngvinh445,,122682417,,Chiến dịch mở rộng,0,0,Đơn hàng gián tiếp,0,0,4%,0,0%,6346.68,6346.68,0,"Trạng thái của đơn hàng đang chờ xử lý, hoa hồng chỉ được thanh toán khi nó hoàn thành.",Facebook,0,,,
2607084XXNBTQ2,Chờ xử lý,Chưa xác minh,2026-07-08 07:44:40,,,25692866155,Sữa Tắm Nam 4 in 1 92% Thiên Nhiên Le Petit Marseillais Nhiều Mùi Hương 250ml,345969754134,Sắc Đẹp,Chăm sóc nam giới,Sữa tắm & chăm sóc cơ thể,475641850446114_0_0,205000,1,Lanh Chanh Review,ngvinh445,,112434462,,Chiến dịch mở rộng,158667,0,Đơn hàng gián tiếp,6346.68,6346.68,4%,0,0%,0,0,0,"Trạng thái của đơn hàng đang chờ xử lý, hoa hồng chỉ được thanh toán khi nó hoàn thành.",Facebook,6854,Trừ tiền chờ xử lý,,
2607084EYMQBQU,Chờ xử lý,Chưa xác minh,2026-07-08 02:59:00,,,25644330193,[QUÀ TẶNG KHÔNG BÁN] Bông Tạo Bọt Kì Cọ Tẩy Da Chết Màu Ngẫu Nhiên,346005340612,Nhà cửa & Đời sống,Đồ dùng phòng tắm,Bông tắm,475641850446114_0_0,0,1,Tiểu Hạ nè,hathanhnhi,,122682417,,Chiến dịch mở rộng,0,0,Đơn hàng trực tiếp,0,0,8%,0,0%,12405.15,12405.15,0,"Trạng thái của đơn hàng đang chờ xử lý, hoa hồng chỉ được thanh toán khi nó hoàn thành.",Shopeevideo-Shopee,0,,,
2607084EYMQBQU,Chờ xử lý,Chưa xác minh,2026-07-08 02:59:00,,,29480146096,Sữa Tắm Thiên Nhiên 92% Le Petit Marseillais Nhiều Mùi Hương 250ml,310970228928,Sắc Đẹp,Tắm & chăm sóc cơ thể,Xà phòng & sữa tắm,475641850446114_0_0,200000,1,Tiểu Hạ nè,hathanhnhi,,112409565,,Chiến dịch mở rộng,137835,0,Đơn hàng trực tiếp,12405.15,12405.15,9%,0,0%,0,0,0,"Trạng thái của đơn hàng đang chờ xử lý, hoa hồng chỉ được thanh toán khi nó hoàn thành.",Shopeevideo-Shopee,13398,Trừ tiền chờ xử lý,,
26070849J5C6CS,Chờ xử lý,Chưa xác minh,2026-07-08 01:21:54,,,24142870859,Sữa Tắm Thơm Lâu Le Petit Marseillais Gel 92% Thiên Nhiên Da Nhạy Cảm Nhiều Mùi Hương 650ml,350973489407,Sắc Đẹp,Tắm & chăm sóc cơ thể,Xà phòng & sữa tắm,,394000,1,nghienkhoedep,dalatcoffee.officialstore,,112430963,,Chiến dịch mở rộng,311260,0,Đơn hàng gián tiếp,14006.7,14006.7,"4,5%",0,0%,14006.7,14006.7,0,"Trạng thái của đơn hàng đang chờ xử lý, hoa hồng chỉ được thanh toán khi nó hoàn thành.",Facebook,15127,Trừ tiền chờ xử lý,,
26070848AVDQAA,Chờ xử lý,Chưa xác minh,2026-07-08 00:59:54,,,26727389124,Gel Tắm 92% Thiên Nhiên Le Petit Marseillais Dịu Nhẹ Hoa Tiaré 650ml 8816,395969825479,Sắc Đẹp,Tắm & chăm sóc cơ thể,Xà phòng & sữa tắm,,394000,1,reply 2000,my555,,109863159,,Chiến dịch mở rộng,310669,0,Đơn hàng gián tiếp,13980.105,13980.105,"4,5%",0,0%,13980.105,13980.105,0,"Trạng thái của đơn hàng đang chờ xử lý, hoa hồng chỉ được thanh toán khi nó hoàn thành.",Others,15099,Trừ tiền chờ xử lý,,
26070844PYK6DS,Chờ xử lý,Hợp lệ,2026-07-07 23:55:06,,,25644330193,[QUÀ TẶNG KHÔNG BÁN] Bông Tạo Bọt Kì Cọ Tẩy Da Chết Màu Ngẫu Nhiên,346005340612,Nhà cửa & Đời sống,Đồ dùng phòng tắm,Bông tắm,475641850446114_0_0,0,1,HƯƠNG NGUYỄN SHOP 1,huongnguyenshop1,,122682417,,Chiến dịch mở rộng,0,0,Đơn hàng trực tiếp,0,0,8%,0,0%,11776,11776,0,"Trạng thái của đơn hàng đang chờ xử lý, hoa hồng chỉ được thanh toán khi nó hoàn thành.",Shopeevideo-Shopee,0,,,
26070844PYK6DS,Chờ xử lý,Hợp lệ,2026-07-07 23:55:06,,,25692866155,Sữa Tắm Nam 4 in 1 92% Thiên Nhiên Le Petit Marseillais Nhiều Mùi Hương 250ml,345969754130,Sắc Đẹp,Chăm sóc nam giới,Sữa tắm & chăm sóc cơ thể,475641850446114_0_0,184000,1,HƯƠNG NGUYỄN SHOP 1,huongnguyenshop1,,112434462,,Chiến dịch mở rộng,147200,0,Đơn hàng trực tiếp,11776,11776,8%,0,0%,0,0,0,"Trạng thái của đơn hàng đang chờ xử lý, hoa hồng chỉ được thanh toán khi nó hoàn thành.",Shopeevideo-Shopee,12718,Trừ tiền chờ xử lý,,
26070844EB01FV,Chờ xử lý,Hợp lệ,2026-07-07 23:50:15,,,25644330193,[QUÀ TẶNG KHÔNG BÁN] Bông Tạo Bọt Kì Cọ Tẩy Da Chết Màu Ngẫu Nhiên,346005340612,Nhà cửa & Đời sống,Đồ dùng phòng tắm,Bông tắm,475641850446114_0_0,0,1,Tiểu Nhị 💋,r0_9tazvcl,,122682417,,Chiến dịch mở rộng,0,0,Đơn hàng trực tiếp,0,0,8%,0,0%,11610,11610,0,"Trạng thái của đơn hàng đang chờ xử lý, hoa hồng chỉ được thanh toán khi nó hoàn thành.",Facebook,0,,,
26070844EB01FV,Chờ xử lý,Hợp lệ,2026-07-07 23:50:15,,,28980146591,Gel Tắm Hữu Cơ BIO 98% Thiên Nhiên Le Petit Marseillais Nhiều Mùi Hương 250ml,315970996475,Sắc Đẹp,Tắm & chăm sóc cơ thể,Xà phòng & sữa tắm,475641850446114_0_0,229000,1,Tiểu Nhị 💋,r0_9tazvcl,,112420787,,Chiến dịch mở rộng,129000,0,Đơn hàng trực tiếp,11610,11610,9%,0,0%,0,0,0,"Trạng thái của đơn hàng đang chờ xử lý, hoa hồng chỉ được thanh toán khi nó hoàn thành.",Facebook,12539,Trừ tiền chờ xử lý,,
26070843JP0WGF,Chờ xử lý,Hợp lệ,2026-07-07 23:34:48,,,25644330193,[QUÀ TẶNG KHÔNG BÁN] Bông Tạo Bọt Kì Cọ Tẩy Da Chết Màu Ngẫu Nhiên,346005340612,Nhà cửa & Đời sống,Đồ dùng phòng tắm,Bông tắm,475641850446114_0_0,0,1,Minh Thư,moonmummiim,,122682417,,Chiến dịch mở rộng,0,0,Đơn hàng trực tiếp,0,0,8%,0,0%,13248,13248,0,"Trạng thái của đơn hàng đang chờ xử lý, hoa hồng chỉ được thanh toán khi nó hoàn thành.",Zalo,0,,,
26070843JP0WGF,Chờ xử lý,Hợp lệ,2026-07-07 23:34:48,,,25692866155,Sữa Tắm Nam 4 in 1 92% Thiên Nhiên Le Petit Marseillais Nhiều Mùi Hương 250ml,345969754130,Sắc Đẹp,Chăm sóc nam giới,Sữa tắm & chăm sóc cơ thể,475641850446114_0_0,184000,1,Minh Thư,moonmummiim,,112434462,,Chiến dịch mở rộng,165600,0,Đơn hàng trực tiếp,13248,13248,8%,0,0%,0,0,0,"Trạng thái của đơn hàng đang chờ xử lý, hoa hồng chỉ được thanh toán khi nó hoàn thành.",Zalo,14308,Trừ tiền chờ xử lý,,
26070842UJVW8U,Chờ xử lý,Hợp lệ,2026-07-07 23:21:52,,,29680365284,Dầu Gội Thiên Nhiên Le Petit Marseillais Hữu Cơ Nhiều Mùi Hương 250ml,370971985648,Sắc Đẹp,Chăm sóc tóc,Dầu gội,,236000,1,Qing,qing.08,,112920799,,Chiến dịch mở rộng,188800,0,Đơn hàng trực tiếp,16992,16992,9%,0,0%,16992,16992,0,"Trạng thái của đơn hàng đang chờ xử lý, hoa hồng chỉ được thanh toán khi nó hoàn thành.",Shopeevideo-Shopee,18351,Trừ tiền chờ xử lý,,
26070841NMWEP3,Chờ xử lý,Hợp lệ,2026-07-07 23:00:40,,,25692866155,Sữa Tắm Nam 4 in 1 92% Thiên Nhiên Le Petit Marseillais Nhiều Mùi Hương 250ml,345969754133,Sắc Đẹp,Chăm sóc nam giới,Sữa tắm & chăm sóc cơ thể,475641850446114_0_0,184000,1,CreatorX Media Network,creatorxmedianetwork,,112434462,,Chiến dịch mở rộng,142955,0,Đơn hàng gián tiếp,5718.2,5718.2,4%,0,0%,31716.42,31716.42,0,"Trạng thái của đơn hàng đang chờ xử lý, hoa hồng chỉ được thanh toán khi nó hoàn thành.",Google Search,6176,Trừ tiền chờ xử lý,,
26070841NMWEP3,Chờ xử lý,Hợp lệ,2026-07-07 23:00:40,,,27586430985,Dầu Gội Trẻ Em 2in1 94% Thiên Nhiên Le Petit Marseillais Giúp Gỡ Rối Tóc Nhiều Mùi Hương 300ml,380970144964,Mẹ & Bé,Đồ dùng phòng tắm & Chăm sóc cơ thể bé,Sản phẩm tắm & gội cho bé,,281000,1,CreatorX Media Network,creatorxmedianetwork,,128189901,,Chiến dịch mở rộng,152821,0,Đơn hàng gián tiếp,6112.84,6112.84,4%,0,0%,0,0,0,"Trạng thái của đơn hàng đang chờ xử lý, hoa hồng chỉ được thanh toán khi nó hoàn thành.",Google Search,6602,Trừ tiền chờ xử lý,,
26070841NMWEP3,Chờ xử lý,Hợp lệ,2026-07-07 23:00:40,,,28830365069,Dầu Gội Thiên Nhiên Le Petit Marseillais Hữu Cơ Nhiều Mùi Hương 300ml,435970130563,Sắc Đẹp,Chăm sóc tóc,Dầu gội,,359000,1,CreatorX Media Network,creatorxmedianetwork,,112918398,,Chiến dịch mở rộng,278916,0,Đơn hàng gián tiếp,12551.22,12551.22,"4,5%",0,0%,0,0,0,"Trạng thái của đơn hàng đang chờ xử lý, hoa hồng chỉ được thanh toán khi nó hoàn thành.",Google Search,13555,Trừ tiền chờ xử lý,,
26070841NMWEP3,Chờ xử lý,Hợp lệ,2026-07-07 23:00:40,,,40302953131,Dầu Gội Nam Sạch Gàu 97% Thiên Nhiên Le Petit Marseillais Chiết Xuất Tinh Dầu Chanh Vàng 250ml 4035,310970659149,Sắc Đẹp,Chăm sóc nam giới,Chăm sóc tóc,,236000,1,CreatorX Media Network,creatorxmedianetwork,,134959857,,Chiến dịch mở rộng,183354,0,Đơn hàng gián tiếp,7334.16,7334.16,4%,0,0%,0,0,0,"Trạng thái của đơn hàng đang chờ xử lý, hoa hồng chỉ được thanh toán khi nó hoàn thành.",Google Search,7921,Trừ tiền chờ xử lý,,
26070841NMWEP3,Chờ xử lý,Hợp lệ,2026-07-07 23:00:40,,,25644330193,[QUÀ TẶNG KHÔNG BÁN] Bông Tạo Bọt Kì Cọ Tẩy Da Chết Màu Ngẫu Nhiên,346005340612,Nhà cửa & Đời sống,Đồ dùng phòng tắm,Bông tắm,475641850446114_0_0,0,1,CreatorX Media Network,creatorxmedianetwork,,122682417,,Chiến dịch mở rộng,0,0,Đơn hàng gián tiếp,0,0,4%,0,0%,0,0,0,"Trạng thái của đơn hàng đang chờ xử lý, hoa hồng chỉ được thanh toán khi nó hoàn thành.",Google Search,0,,,
26070740QW4F6R,Chờ xử lý,Hợp lệ,2026-07-07 22:44:08,,,28379882165,Mặt Nạ Dưỡng Tóc 4in1 96% Thiên Nhiên Le Petit Marseillais Chiết Xuất Dừa Hữu Cơ 300ml 5209,350970222410,Sắc Đẹp,Chăm sóc tóc,Sản phẩm dưỡng tóc,,407000,1,Siêu Thị Online Vương Cung,cungcung737,,111647800,,Chiến dịch mở rộng,317460,0,Đơn hàng trực tiếp,25396.8,25396.8,8%,0,0%,25396.8,25396.8,0,"Trạng thái của đơn hàng đang chờ xử lý, hoa hồng chỉ được thanh toán khi nó hoàn thành.",Shopeevideo-Shopee,27429,Trừ tiền chờ xử lý,,
26070740MP51N7,Chờ xử lý,Hợp lệ,2026-07-07 22:42:13,,,29880370481,Kem Dưỡng Tay 24h Thiên Nhiên Le Petit Marseillais Nhiều Mùi Hương 75ml,128470976818,Sắc Đẹp,"Chăm sóc tay, chân & móng",Chăm sóc tay,,170000,1,ShopBack Việt Nam,shopbackvn_,,112922896,,Chiến dịch mở rộng,93747,0,Đơn hàng trực tiếp,7499.76,7499.76,8%,0,0%,7499.76,7499.76,0,"Trạng thái của đơn hàng đang chờ xử lý, hoa hồng chỉ được thanh toán khi nó hoàn thành.",Websites,8100,Trừ tiền chờ xử lý,,
26070740B21T17,Chờ xử lý,Hợp lệ,2026-07-07 22:36:51,,,25644330193,[QUÀ TẶNG KHÔNG BÁN] Bông Tạo Bọt Kì Cọ Tẩy Da Chết Màu Ngẫu Nhiên,346005340612,Nhà cửa & Đời sống,Đồ dùng phòng tắm,Bông tắm,475641850446114_0_0,0,1,ShopBack Việt Nam,shopbackvn_,,122682417,,Chiến dịch mở rộng,0,0,Đơn hàng trực tiếp,0,0,8%,0,0%,13932,13932,0,"Trạng thái của đơn hàng đang chờ xử lý, hoa hồng chỉ được thanh toán khi nó hoàn thành.",ShopbackApp,0,,,
26070740B21T17,Chờ xử lý,Hợp lệ,2026-07-07 22:36:51,,,29480146096,Sữa Tắm Thiên Nhiên 92% Le Petit Marseillais Nhiều Mùi Hương 250ml,315970228699,Sắc Đẹp,Tắm & chăm sóc cơ thể,Xà phòng & sữa tắm,475641850446114_0_0,180000,1,ShopBack Việt Nam,shopbackvn_,,112409565,,Chiến dịch mở rộng,154800,0,Đơn hàng trực tiếp,13932,13932,9%,0,0%,0,0,0,"Trạng thái của đơn hàng đang chờ xử lý, hoa hồng chỉ được thanh toán khi nó hoàn thành.",ShopbackApp,15047,Trừ tiền chờ xử lý,,
2607074098W5PG,Chờ xử lý,Hợp lệ,2026-07-07 22:35:50,,,24142870859,Sữa Tắm Thơm Lâu Le Petit Marseillais Gel 92% Thiên Nhiên Da Nhạy Cảm Nhiều Mùi Hương 650ml,350973489409,Sắc Đẹp,Tắm & chăm sóc cơ thể,Xà phòng & sữa tắm,475641850446114_0_0,353000,1,Ngô Khánh Linh ,khanhlinh123qn,,112430963,,Chiến dịch mở rộng,278870,0,Đơn hàng trực tiếp,25098.3,25098.3,9%,0,0%,25098.3,25098.3,0,"Trạng thái của đơn hàng đang chờ xử lý, hoa hồng chỉ được thanh toán khi nó hoàn thành.",Shopeelive-Shopee,27106,Trừ tiền chờ xử lý,,
2607074098W5PG,Chờ xử lý,Hợp lệ,2026-07-07 22:35:50,,,25644330193,[QUÀ TẶNG KHÔNG BÁN] Bông Tạo Bọt Kì Cọ Tẩy Da Chết Màu Ngẫu Nhiên,346005340612,Nhà cửa & Đời sống,Đồ dùng phòng tắm,Bông tắm,475641850446114_0_0,0,1,Ngô Khánh Linh ,khanhlinh123qn,,122682417,,Chiến dịch mở rộng,0,0,Đơn hàng trực tiếp,0,0,8%,0,0%,0,0,0,"Trạng thái của đơn hàng đang chờ xử lý, hoa hồng chỉ được thanh toán khi nó hoàn thành.",Shopeelive-Shopee,0,,,
260707405NGJBN,Chờ xử lý,Hợp lệ,2026-07-07 22:33:49,,,24692615669,Sữa Tắm Nam 4 in 1 92% Thiên Nhiên Le Petit Marseillais Chiết Xuất Gỗ Tuyết Tùng & Dương Xỉ 250ml 1172,375969714396,Sắc Đẹp,Chăm sóc nam giới,Sữa tắm & chăm sóc cơ thể,475641850446114_0_0,184000,1,Thích Họp Chợ,lgprnctog1,,110670487,,Chiến dịch mở rộng,139840,0,Đơn hàng trực tiếp,11187.2,11187.2,8%,0,0%,22131.2,22131.2,0,"Trạng thái của đơn hàng đang chờ xử lý, hoa hồng chỉ được thanh toán khi nó hoàn thành.",Shopeevideo-Shopee,12082,Trừ tiền chờ xử lý,,
260707405NGJBN,Chờ xử lý,Hợp lệ,2026-07-07 22:33:49,,,25644330193,[QUÀ TẶNG KHÔNG BÁN] Bông Tạo Bọt Kì Cọ Tẩy Da Chết Màu Ngẫu Nhiên,346005340612,Nhà cửa & Đời sống,Đồ dùng phòng tắm,Bông tắm,475641850446114_0_0,0,1,Thích Họp Chợ,lgprnctog1,,122682417,,Chiến dịch mở rộng,0,0,Đơn hàng trực tiếp,0,0,8%,0,0%,0,0,0,"Trạng thái của đơn hàng đang chờ xử lý, hoa hồng chỉ được thanh toán khi nó hoàn thành.",Shopeevideo-Shopee,0,,,
260707405NGJBN,Chờ xử lý,Hợp lệ,2026-07-07 22:33:49,,,29628482446,Sữa Tắm Pháp 92% Thiên Nhiên Le Petit Marseillais Dịu Nhẹ Mâm Xôi Hữu Cơ & Hoa Mẫu Đơn 250ml 8441,340969666086,Sắc Đẹp,Tắm & chăm sóc cơ thể,Xà phòng & sữa tắm,475641850446114_0_0,180000,1,Thích Họp Chợ,lgprnctog1,,109863148,,Chiến dịch mở rộng,136800,0,Đơn hàng trực tiếp,10944,10944,8%,0,0%,0,0,0,"Trạng thái của đơn hàng đang chờ xử lý, hoa hồng chỉ được thanh toán khi nó hoàn thành.",Shopeevideo-Shopee,11820,Trừ tiền chờ xử lý,,
2607073YJ2UU6T,Chờ xử lý,Hợp lệ,2026-07-07 22:22:53,,,25644330193,[QUÀ TẶNG KHÔNG BÁN] Bông Tạo Bọt Kì Cọ Tẩy Da Chết Màu Ngẫu Nhiên,346005340612,Nhà cửa & Đời sống,Đồ dùng phòng tắm,Bông tắm,475641850446114_0_0,0,1,Ngô Khánh Linh ,khanhlinh123qn,,122682417,,Chiến dịch mở rộng,0,0,Đơn hàng trực tiếp,0,0,8%,0,0%,12960,12960,0,"Trạng thái của đơn hàng đang chờ xử lý, hoa hồng chỉ được thanh toán khi nó hoàn thành.",Shopeelive-Shopee,0,,,
2607073YJ2UU6T,Chờ xử lý,Hợp lệ,2026-07-07 22:22:53,,,29480146096,Sữa Tắm Thiên Nhiên 92% Le Petit Marseillais Nhiều Mùi Hương 250ml,315970228700,Sắc Đẹp,Tắm & chăm sóc cơ thể,Xà phòng & sữa tắm,475641850446114_0_0,180000,1,Ngô Khánh Linh ,khanhlinh123qn,,112409565,,Chiến dịch mở rộng,144000,0,Đơn hàng trực tiếp,12960,12960,9%,0,0%,0,0,0,"Trạng thái của đơn hàng đang chờ xử lý, hoa hồng chỉ được thanh toán khi nó hoàn thành.",Shopeelive-Shopee,13997,Trừ tiền chờ xử lý,,
2607073YG22VKF,Chờ xử lý,Hợp lệ,2026-07-07 22:21:44,,,25644330193,[QUÀ TẶNG KHÔNG BÁN] Bông Tạo Bọt Kì Cọ Tẩy Da Chết Màu Ngẫu Nhiên,346005340612,Nhà cửa & Đời sống,Đồ dùng phòng tắm,Bông tắm,475641850446114_0_0,0,1,Opera,opera109,,122682417,,Chiến dịch mở rộng,0,0,Đơn hàng gián tiếp,0,0,4%,0,0%,5363.4,5363.4,0,"Trạng thái của đơn hàng đang chờ xử lý, hoa hồng chỉ được thanh toán khi nó hoàn thành.",Websites,0,,,
2607073YG22VKF,Chờ xử lý,Hợp lệ,2026-07-07 22:21:44,,,29628482446,Sữa Tắm Pháp 92% Thiên Nhiên Le Petit Marseillais Dịu Nhẹ Mâm Xôi Hữu Cơ & Hoa Mẫu Đơn 250ml 8441,340969666086,Sắc Đẹp,Tắm & chăm sóc cơ thể,Xà phòng & sữa tắm,475641850446114_0_0,180000,1,Opera,opera109,,109863148,,Chiến dịch mở rộng,134085,0,Đơn hàng gián tiếp,5363.4,5363.4,4%,0,0%,0,0,0,"Trạng thái của đơn hàng đang chờ xử lý, hoa hồng chỉ được thanh toán khi nó hoàn thành.",Websites,5792,Trừ tiền chờ xử lý,,
2607073YEDM05K,Chờ xử lý,Hợp lệ,2026-07-07 22:20:56,,,25644330193,[QUÀ TẶNG KHÔNG BÁN] Bông Tạo Bọt Kì Cọ Tẩy Da Chết Màu Ngẫu Nhiên,346005340612,Nhà cửa & Đời sống,Đồ dùng phòng tắm,Bông tắm,475641850446114_0_0,0,1,Gấu Lang Thang,xgdgm340b,,122682417,,Chiến dịch mở rộng,0,0,Đơn hàng trực tiếp,0,0,8%,0,0%,16585.29,16585.29,0,"Trạng thái của đơn hàng đang chờ xử lý, hoa hồng chỉ được thanh toán khi nó hoàn thành.",Shopeelive-Shopee,0,,,
2607073YEDM05K,Chờ xử lý,Hợp lệ,2026-07-07 22:20:56,,,27730151664,Sữa Tắm Dưỡng Ẩm 98% Thiên Nhiên Le Petit Marseillais Hữu Cơ Nhiều Mùi Hương Thơm 400ml,365969915562,Sắc Đẹp,Tắm & chăm sóc cơ thể,Xà phòng & sữa tắm,475641850446114_0_0,300000,1,Gấu Lang Thang,xgdgm340b,,112426971,,Chiến dịch mở rộng,184281,0,Đơn hàng trực tiếp,16585.29,16585.29,9%,0,0%,0,0,0,"Trạng thái của đơn hàng đang chờ xử lý, hoa hồng chỉ được thanh toán khi nó hoàn thành.",Shopeelive-Shopee,17912,Trừ tiền chờ xử lý,,
2607073XME0SW2,Chờ xử lý,Hợp lệ,2026-07-07 22:06:24,,,24142870859,Sữa Tắm Thơm Lâu Le Petit Marseillais Gel 92% Thiên Nhiên Da Nhạy Cảm Nhiều Mùi Hương 650ml,350973489408,Sắc Đẹp,Tắm & chăm sóc cơ thể,Xà phòng & sữa tắm,475641850446114_0_0,353000,1,Hương Hương nè ᥫ᭡,huonghuongne185,,112430963,,Chiến dịch mở rộng,275340,0,Đơn hàng trực tiếp,24780.6,24780.6,9%,0,0%,24780.6,24780.6,0,"Trạng thái của đơn hàng đang chờ xử lý, hoa hồng chỉ được thanh toán khi nó hoàn thành.",Shopeevideo-Shopee,26763,Trừ tiền chờ xử lý,,
2607073XME0SW2,Chờ xử lý,Hợp lệ,2026-07-07 22:06:24,,,25644330193,[QUÀ TẶNG KHÔNG BÁN] Bông Tạo Bọt Kì Cọ Tẩy Da Chết Màu Ngẫu Nhiên,346005340612,Nhà cửa & Đời sống,Đồ dùng phòng tắm,Bông tắm,475641850446114_0_0,0,1,Hương Hương nè ᥫ᭡,huonghuongne185,,122682417,,Chiến dịch mở rộng,0,0,Đơn hàng trực tiếp,0,0,8%,0,0%,0,0,0,"Trạng thái của đơn hàng đang chờ xử lý, hoa hồng chỉ được thanh toán khi nó hoàn thành.",Shopeevideo-Shopee,0,,,
2607073XJXAMD7,Chờ xử lý,Hợp lệ,2026-07-07 22:05:28,,,24142870859,Sữa Tắm Thơm Lâu Le Petit Marseillais Gel 92% Thiên Nhiên Da Nhạy Cảm Nhiều Mùi Hương 650ml,350973489412,Sắc Đẹp,Tắm & chăm sóc cơ thể,Xà phòng & sữa tắm,475641850446114_0_0,353000,1,ia_vn,ia_vn,,112430963,,Chiến dịch mở rộng,278869,0,Đơn hàng gián tiếp,12549.105,12549.105,"4,5%",0,0%,20938.905,20938.905,0,"Trạng thái của đơn hàng đang chờ xử lý, hoa hồng chỉ được thanh toán khi nó hoàn thành.",Others,13553,Trừ tiền chờ xử lý,,
2607073XJXAMD7,Chờ xử lý,Hợp lệ,2026-07-07 22:05:28,,,25644330193,[QUÀ TẶNG KHÔNG BÁN] Bông Tạo Bọt Kì Cọ Tẩy Da Chết Màu Ngẫu Nhiên,346005340612,Nhà cửa & Đời sống,Đồ dùng phòng tắm,Bông tắm,475641850446114_0_0,0,1,ia_vn,ia_vn,,122682417,,Chiến dịch mở rộng,0,0,Đơn hàng gián tiếp,0,0,4%,0,0%,0,0,0,"Trạng thái của đơn hàng đang chờ xử lý, hoa hồng chỉ được thanh toán khi nó hoàn thành.",Others,0,,,
2607073XJXAMD7,Chờ xử lý,Hợp lệ,2026-07-07 22:05:28,,,29680365284,Dầu Gội Thiên Nhiên Le Petit Marseillais Hữu Cơ Nhiều Mùi Hương 250ml,370971985648,Sắc Đẹp,Chăm sóc tóc,Dầu gội,,236000,1,ia_vn,ia_vn,,112920799,,Chiến dịch mở rộng,186440,0,Đơn hàng gián tiếp,8389.8,8389.8,"4,5%",0,0%,0,0,0,"Trạng thái của đơn hàng đang chờ xử lý, hoa hồng chỉ được thanh toán khi nó hoàn thành.",Others,9061,Trừ tiền chờ xử lý,,
2607073XJ2MSV5,Chờ xử lý,Hợp lệ,2026-07-07 22:04:58,,,24142870859,Sữa Tắm Thơm Lâu Le Petit Marseillais Gel 92% Thiên Nhiên Da Nhạy Cảm Nhiều Mùi Hương 650ml,350973489410,Sắc Đẹp,Tắm & chăm sóc cơ thể,Xà phòng & sữa tắm,,353000,1,Hương Hương nè ᥫ᭡,huonghuongne185,,112430963,,Chiến dịch mở rộng,275340,0,Đơn hàng trực tiếp,24780.6,24780.6,9%,0,0%,24780.6,24780.6,0,"Trạng thái của đơn hàng đang chờ xử lý, hoa hồng chỉ được thanh toán khi nó hoàn thành.",Shopeevideo-Shopee,26763,Trừ tiền chờ xử lý,,
2607073WWBUSH6,Chờ xử lý,Hợp lệ,2026-07-07 21:53:25,,,29328751358,Gel Tắm Hữu Cơ 98% Thiên Nhiên Le Petit Marseillais Cỏ Roi Ngựa & Chanh 250ml 1601,400970382780,Sắc Đẹp,Tắm & chăm sóc cơ thể,Xà phòng & sữa tắm,,229000,2,Quỳnh Chi,quynhchi3765,,109863162,,Chiến dịch mở rộng,357240,0,Đơn hàng gián tiếp,14289.6,14289.6,4%,0,0%,14289.6,14289.6,0,"Trạng thái của đơn hàng đang chờ xử lý, hoa hồng chỉ được thanh toán khi nó hoàn thành.",Facebook,15433,Trừ tiền chờ xử lý,,
2607073WSTD2ES,Chờ xử lý,Hợp lệ,2026-07-07 21:51:24,,,40972201620,Dầu Gội Thiên Nhiên 97% Le Petit Marseillais Bảo Vệ Màu Tóc Nhuộm Với Chiết Xuất Lựu Hữu Cơ 250ml 7450,390970070960,Sắc Đẹp,Chăm sóc tóc,Dầu gội,,236000,1,YouTube Shopping,youtube_shopping_vn,,176524226,,Chiến dịch mở rộng,193520,0,Đơn hàng trực tiếp,15481.6,15481.6,8%,0,0%,15481.6,15481.6,0,"Trạng thái của đơn hàng đang chờ xử lý, hoa hồng chỉ được thanh toán khi nó hoàn thành.",Websites,16720,Trừ tiền chờ xử lý,,
2607073WFK90MQ,Chờ xử lý,Hợp lệ,2026-07-07 21:45:48,,,25644330193,[QUÀ TẶNG KHÔNG BÁN] Bông Tạo Bọt Kì Cọ Tẩy Da Chết Màu Ngẫu Nhiên,346005340612,Nhà cửa & Đời sống,Đồ dùng phòng tắm,Bông tắm,475641850446114_0_0,0,1,HK_POWER_ENGINE_LIMITED,hk_power_engine_limited,,122682417,,Chiến dịch mở rộng,0,0,Đơn hàng gián tiếp,0,0,4%,0,0%,21734.1,21734.1,0,"Trạng thái của đơn hàng đang chờ xử lý, hoa hồng chỉ được thanh toán khi nó hoàn thành.",Websites,0,,,
2607073WFK90MQ,Chờ xử lý,Hợp lệ,2026-07-07 21:45:48,,,29680365284,Dầu Gội Thiên Nhiên Le Petit Marseillais Hữu Cơ Nhiều Mùi Hương 250ml,370971985646,Sắc Đẹp,Chăm sóc tóc,Dầu gội,,236000,1,HK_POWER_ENGINE_LIMITED,hk_power_engine_limited,,112920799,,Chiến dịch mở rộng,193520,0,Đơn hàng gián tiếp,8708.4,8708.4,"4,5%",0,0%,0,0,0,"Trạng thái của đơn hàng đang chờ xử lý, hoa hồng chỉ được thanh toán khi nó hoàn thành.",Websites,9405,Trừ tiền chờ xử lý,,
2607073WFK90MQ,Chờ xử lý,Hợp lệ,2026-07-07 21:45:48,,,24142870859,Sữa Tắm Thơm Lâu Le Petit Marseillais Gel 92% Thiên Nhiên Da Nhạy Cảm Nhiều Mùi Hương 650ml,350973489402,Sắc Đẹp,Tắm & chăm sóc cơ thể,Xà phòng & sữa tắm,475641850446114_0_0,353000,1,HK_POWER_ENGINE_LIMITED,hk_power_engine_limited,,112430963,,Chiến dịch mở rộng,289460,0,Đơn hàng gián tiếp,13025.7,13025.7,"4,5%",0,0%,0,0,0,"Trạng thái của đơn hàng đang chờ xử lý, hoa hồng chỉ được thanh toán khi nó hoàn thành.",Websites,14068,Trừ tiền chờ xử lý,,
2607073WB382N7,Chờ xử lý,Hợp lệ,2026-07-07 21:43:11,,,24142870859,Sữa Tắm Thơm Lâu Le Petit Marseillais Gel 92% Thiên Nhiên Da Nhạy Cảm Nhiều Mùi Hương 650ml,350973489402,Sắc Đẹp,Tắm & chăm sóc cơ thể,Xà phòng & sữa tắm,475641850446114_0_0,353000,1,Hương Hương nè ᥫ᭡,huonghuongne185,,112430963,,Chiến dịch mở rộng,275340,0,Đơn hàng trực tiếp,24780.6,24780.6,9%,0,0%,24780.6,24780.6,0,"Trạng thái của đơn hàng đang chờ xử lý, hoa hồng chỉ được thanh toán khi nó hoàn thành.",Shopeevideo-Shopee,26763,Trừ tiền chờ xử lý,,
2607073WB382N7,Chờ xử lý,Hợp lệ,2026-07-07 21:43:11,,,25644330193,[QUÀ TẶNG KHÔNG BÁN] Bông Tạo Bọt Kì Cọ Tẩy Da Chết Màu Ngẫu Nhiên,346005340612,Nhà cửa & Đời sống,Đồ dùng phòng tắm,Bông tắm,475641850446114_0_0,0,1,Hương Hương nè ᥫ᭡,huonghuongne185,,122682417,,Chiến dịch mở rộng,0,0,Đơn hàng trực tiếp,0,0,8%,0,0%,0,0,0,"Trạng thái của đơn hàng đang chờ xử lý, hoa hồng chỉ được thanh toán khi nó hoàn thành.",Shopeevideo-Shopee,0,,,
2607073V9091MU,Chờ xử lý,Hợp lệ,2026-07-07 21:24:06,,,25644330193,[QUÀ TẶNG KHÔNG BÁN] Bông Tạo Bọt Kì Cọ Tẩy Da Chết Màu Ngẫu Nhiên,346005340612,Nhà cửa & Đời sống,Đồ dùng phòng tắm,Bông tắm,475641850446114_0_0,0,1,ÉN BEAUTY NAIL,shopanh.68,,122682417,,Chiến dịch mở rộng,0,0,Đơn hàng gián tiếp,0,0,4%,0,0%,12708,12708,0,"Trạng thái của đơn hàng đang chờ xử lý, hoa hồng chỉ được thanh toán khi nó hoàn thành.",Facebook,0,,,
2607073V9091MU,Chờ xử lý,Hợp lệ,2026-07-07 21:24:06,,,24142870859,Sữa Tắm Thơm Lâu Le Petit Marseillais Gel 92% Thiên Nhiên Da Nhạy Cảm Nhiều Mùi Hương 650ml,350973489410,Sắc Đẹp,Tắm & chăm sóc cơ thể,Xà phòng & sữa tắm,475641850446114_0_0,353000,1,ÉN BEAUTY NAIL,shopanh.68,,112430963,,Chiến dịch mở rộng,282400,0,Đơn hàng gián tiếp,12708,12708,"4,5%",0,0%,0,0,0,"Trạng thái của đơn hàng đang chờ xử lý, hoa hồng chỉ được thanh toán khi nó hoàn thành.",Facebook,13725,Trừ tiền chờ xử lý,,
2607073UD9BW2A,Chờ xử lý,Hợp lệ,2026-07-07 21:08:36,,,24142870859,Sữa Tắm Thơm Lâu Le Petit Marseillais Gel 92% Thiên Nhiên Da Nhạy Cảm Nhiều Mùi Hương 650ml,350973489407,Sắc Đẹp,Tắm & chăm sóc cơ thể,Xà phòng & sữa tắm,475641850446114_0_0,353000,1,Alongwith - Túi Ví Nam Cầm Tay,phanhuongly,,112430963,,Chiến dịch mở rộng,268279,0,Đơn hàng gián tiếp,12072.555,12072.555,"4,5%",0,0%,28214.955,28214.955,0,"Trạng thái của đơn hàng đang chờ xử lý, hoa hồng chỉ được thanh toán khi nó hoàn thành.",Facebook,13038,Trừ tiền chờ xử lý,,
2607073UD9BW2A,Chờ xử lý,Hợp lệ,2026-07-07 21:08:36,,,25644330193,[QUÀ TẶNG KHÔNG BÁN] Bông Tạo Bọt Kì Cọ Tẩy Da Chết Màu Ngẫu Nhiên,346005340612,Nhà cửa & Đời sống,Đồ dùng phòng tắm,Bông tắm,475641850446114_0_0,0,1,Alongwith - Túi Ví Nam Cầm Tay,phanhuongly,,122682417,,Chiến dịch mở rộng,0,0,Đơn hàng gián tiếp,0,0,4%,0,0%,0,0,0,"Trạng thái của đơn hàng đang chờ xử lý, hoa hồng chỉ được thanh toán khi nó hoàn thành.",Facebook,0,,,
2607073UD9BW2A,Chờ xử lý,Hợp lệ,2026-07-07 21:08:36,,,29680365284,Dầu Gội Thiên Nhiên Le Petit Marseillais Hữu Cơ Nhiều Mùi Hương 250ml,370971985647,Sắc Đẹp,Chăm sóc tóc,Dầu gội,,236000,1,Alongwith - Túi Ví Nam Cầm Tay,phanhuongly,,112920799,,Chiến dịch mở rộng,179361,0,Đơn hàng gián tiếp,8071.245,8071.245,"4,5%",0,0%,0,0,0,"Trạng thái của đơn hàng đang chờ xử lý, hoa hồng chỉ được thanh toán khi nó hoàn thành.",Facebook,8717,Trừ tiền chờ xử lý,,
2607073UD9BW2A,Chờ xử lý,Hợp lệ,2026-07-07 21:08:36,,,29680365284,Dầu Gội Thiên Nhiên Le Petit Marseillais Hữu Cơ Nhiều Mùi Hương 250ml,370971985648,Sắc Đẹp,Chăm sóc tóc,Dầu gội,,236000,1,Alongwith - Túi Ví Nam Cầm Tay,phanhuongly,,112920799,,Chiến dịch mở rộng,179359,0,Đơn hàng gián tiếp,8071.155,8071.155,"4,5%",0,0%,0,0,0,"Trạng thái của đơn hàng đang chờ xử lý, hoa hồng chỉ được thanh toán khi nó hoàn thành.",Facebook,8717,Trừ tiền chờ xử lý,,
2607073U174KQU,Hủy bỏ,Hợp lệ,2026-07-07 21:01:51,,,29880370481,Kem Dưỡng Tay 24h Thiên Nhiên Le Petit Marseillais Nhiều Mùi Hương 75ml,128470976818,Sắc Đẹp,"Chăm sóc tay, chân & móng",Chăm sóc tay,,170000,0,Siêu Thị Online Vương Cung,cungcung737,,112922896,,Chiến dịch mở rộng,0,107100,Đơn hàng trực tiếp,0,0,8%,0,0%,0,0,0,Đơn hàng bị hủy bỏ bởi người mua,Shopeevideo-Shopee,0,,,
2607073T2PJQSS,Chờ xử lý,Hợp lệ,2026-07-07 20:44:47,,,27742398068,Gel Rửa Tay Thiên Nhiên 92% Le Petit Marseillais Dịu Nhẹ Lành Tính Bảo Vệ Da Nhiều Mùi Hương 300ml,350970286544,Sắc Đẹp,"Chăm sóc tay, chân & móng",Chăm sóc tay,,201000,1,Nguyễn Hồng Hà,pduc728fko,,176541211,,Chiến dịch mở rộng,156780,0,Đơn hàng trực tiếp,12542.4,12542.4,8%,0,0%,25084.8,25084.8,0,"Trạng thái của đơn hàng đang chờ xử lý, hoa hồng chỉ được thanh toán khi nó hoàn thành.",Shopeevideo-Shopee,13546,Trừ tiền chờ xử lý,,
2607073T2PJQSS,Chờ xử lý,Hợp lệ,2026-07-07 20:44:47,,,27742398068,Gel Rửa Tay Thiên Nhiên 92% Le Petit Marseillais Dịu Nhẹ Lành Tính Bảo Vệ Da Nhiều Mùi Hương 300ml,350970286543,Sắc Đẹp,"Chăm sóc tay, chân & móng",Chăm sóc tay,,201000,1,Nguyễn Hồng Hà,pduc728fko,,176541211,,Chiến dịch mở rộng,156780,0,Đơn hàng trực tiếp,12542.4,12542.4,8%,0,0%,0,0,0,"Trạng thái của đơn hàng đang chờ xử lý, hoa hồng chỉ được thanh toán khi nó hoàn thành.",Shopeevideo-Shopee,13546,Trừ tiền chờ xử lý,,
2607073SKNV3DC,Chờ xử lý,Hợp lệ,2026-07-07 20:36:23,,,25644330193,[QUÀ TẶNG KHÔNG BÁN] Bông Tạo Bọt Kì Cọ Tẩy Da Chết Màu Ngẫu Nhiên,346005340612,Nhà cửa & Đời sống,Đồ dùng phòng tắm,Bông tắm,475641850446114_0_0,0,1,Ngô Khánh Linh ,khanhlinh123qn,,122682417,,Chiến dịch mở rộng,0,0,Đơn hàng trực tiếp,0,0,8%,0,0%,12364.8,12364.8,0,"Trạng thái của đơn hàng đang chờ xử lý, hoa hồng chỉ được thanh toán khi nó hoàn thành.",Shopeelive-Shopee,0,,,
2607073SKNV3DC,Chờ xử lý,Hợp lệ,2026-07-07 20:36:23,,,25692866155,Sữa Tắm Nam 4 in 1 92% Thiên Nhiên Le Petit Marseillais Nhiều Mùi Hương 250ml,345969754133,Sắc Đẹp,Chăm sóc nam giới,Sữa tắm & chăm sóc cơ thể,475641850446114_0_0,184000,1,Ngô Khánh Linh ,khanhlinh123qn,,112434462,,Chiến dịch mở rộng,154560,0,Đơn hàng trực tiếp,12364.8,12364.8,8%,0,0%,0,0,0,"Trạng thái của đơn hàng đang chờ xử lý, hoa hồng chỉ được thanh toán khi nó hoàn thành.",Shopeelive-Shopee,13354,Trừ tiền chờ xử lý,,
2607073SEE02PB,Chờ xử lý,Hợp lệ,2026-07-07 20:33:28,,,24142870859,Sữa Tắm Thơm Lâu Le Petit Marseillais Gel 92% Thiên Nhiên Da Nhạy Cảm Nhiều Mùi Hương 650ml,350973489402,Sắc Đẹp,Tắm & chăm sóc cơ thể,Xà phòng & sữa tắm,475641850446114_0_0,353000,1,Hương Hương nè ᥫ᭡,huonghuongne185,,112430963,,Chiến dịch mở rộng,275340,0,Đơn hàng trực tiếp,24780.6,24780.6,9%,0,0%,24780.6,24780.6,0,"Trạng thái của đơn hàng đang chờ xử lý, hoa hồng chỉ được thanh toán khi nó hoàn thành.",Shopeevideo-Shopee,26763,Trừ tiền chờ xử lý,,
2607073SEE02PB,Chờ xử lý,Hợp lệ,2026-07-07 20:33:28,,,25644330193,[QUÀ TẶNG KHÔNG BÁN] Bông Tạo Bọt Kì Cọ Tẩy Da Chết Màu Ngẫu Nhiên,346005340612,Nhà cửa & Đời sống,Đồ dùng phòng tắm,Bông tắm,475641850446114_0_0,0,1,Hương Hương nè ᥫ᭡,huonghuongne185,,122682417,,Chiến dịch mở rộng,0,0,Đơn hàng trực tiếp,0,0,8%,0,0%,0,0,0,"Trạng thái của đơn hàng đang chờ xử lý, hoa hồng chỉ được thanh toán khi nó hoàn thành.",Shopeevideo-Shopee,0,,,
2607073RTKV8WK,Chờ xử lý,Hợp lệ,2026-07-07 20:22:21,,,25644330193,[QUÀ TẶNG KHÔNG BÁN] Bông Tạo Bọt Kì Cọ Tẩy Da Chết Màu Ngẫu Nhiên,346005340612,Nhà cửa & Đời sống,Đồ dùng phòng tắm,Bông tắm,475641850446114_0_0,0,1,accesstradevn,accesstradevn,,122682417,,Chiến dịch mở rộng,0,0,Đơn hàng gián tiếp,0,0,4%,0,0%,7360,7360,0,"Trạng thái của đơn hàng đang chờ xử lý, hoa hồng chỉ được thanh toán khi nó hoàn thành.",Others,0,,,
2607073RTKV8WK,Chờ xử lý,Hợp lệ,2026-07-07 20:22:21,,,25692866155,Sữa Tắm Nam 4 in 1 92% Thiên Nhiên Le Petit Marseillais Nhiều Mùi Hương 250ml,345969754130,Sắc Đẹp,Chăm sóc nam giới,Sữa tắm & chăm sóc cơ thể,475641850446114_0_0,184000,1,accesstradevn,accesstradevn,,112434462,,Chiến dịch mở rộng,184000,0,Đơn hàng gián tiếp,7360,7360,4%,0,0%,0,0,0,"Trạng thái của đơn hàng đang chờ xử lý, hoa hồng chỉ được thanh toán khi nó hoàn thành.",Others,7949,Trừ tiền chờ xử lý,,
2607073RJM7BWN,Chờ xử lý,Hợp lệ,2026-07-07 20:17:55,,,28980146591,Gel Tắm Hữu Cơ BIO 98% Thiên Nhiên Le Petit Marseillais Nhiều Mùi Hương 250ml,315970996472,Sắc Đẹp,Tắm & chăm sóc cơ thể,Xà phòng & sữa tắm,475641850446114_0_0,229000,1,Lanh Chanh Review,ngvinh445,,112420787,,Chiến dịch mở rộng,196940,0,Đơn hàng gián tiếp,8862.3,8862.3,"4,5%",0,0%,8862.3,8862.3,0,"Trạng thái của đơn hàng đang chờ xử lý, hoa hồng chỉ được thanh toán khi nó hoàn thành.",Facebook,9571,Trừ tiền chờ xử lý,,
2607073RJM7BWN,Chờ xử lý,Hợp lệ,2026-07-07 20:17:55,,,25644330193,[QUÀ TẶNG KHÔNG BÁN] Bông Tạo Bọt Kì Cọ Tẩy Da Chết Màu Ngẫu Nhiên,346005340612,Nhà cửa & Đời sống,Đồ dùng phòng tắm,Bông tắm,475641850446114_0_0,0,1,Lanh Chanh Review,ngvinh445,,122682417,,Chiến dịch mở rộng,0,0,Đơn hàng gián tiếp,0,0,4%,0,0%,0,0,0,"Trạng thái của đơn hàng đang chờ xử lý, hoa hồng chỉ được thanh toán khi nó hoàn thành.",Facebook,0,,,
2607073R189MH0,Chờ xử lý,Hợp lệ,2026-07-07 20:08:12,,,28379882165,Mặt Nạ Dưỡng Tóc 4in1 96% Thiên Nhiên Le Petit Marseillais Chiết Xuất Dừa Hữu Cơ 300ml 5209,350970222410,Sắc Đẹp,Chăm sóc tóc,Sản phẩm dưỡng tóc,,407000,1,Nhungbabo nè,nhungbabone,ZOCOBY GROUP,111647800,,Chiến dịch mở rộng,317460,0,Đơn hàng gián tiếp,12698.4,12698.4,4%,0,0%,12698.4,12698.4,0,"Trạng thái của đơn hàng đang chờ xử lý, hoa hồng chỉ được thanh toán khi nó hoàn thành.",Facebook,13714,Trừ tiền chờ xử lý,,
2607073QFD0UTM,Chờ xử lý,Hợp lệ,2026-07-07 19:58:14,,,25644330193,[QUÀ TẶNG KHÔNG BÁN] Bông Tạo Bọt Kì Cọ Tẩy Da Chết Màu Ngẫu Nhiên,346005340612,Nhà cửa & Đời sống,Đồ dùng phòng tắm,Bông tắm,475641850446114_0_0,0,1,aura.room,_ng.tuongvan_,,122682417,,Chiến dịch mở rộng,0,0,Đơn hàng trực tiếp,0,0,8%,0,0%,13608,13608,0,"Trạng thái của đơn hàng đang chờ xử lý, hoa hồng chỉ được thanh toán khi nó hoàn thành.",Shopeevideo-Shopee,0,,,
2607073QFD0UTM,Chờ xử lý,Hợp lệ,2026-07-07 19:58:14,,,29480146096,Sữa Tắm Thiên Nhiên 92% Le Petit Marseillais Nhiều Mùi Hương 250ml,310970228930,Sắc Đẹp,Tắm & chăm sóc cơ thể,Xà phòng & sữa tắm,475641850446114_0_0,180000,1,aura.room,_ng.tuongvan_,,112409565,,Chiến dịch mở rộng,151200,0,Đơn hàng trực tiếp,13608,13608,9%,0,0%,0,0,0,"Trạng thái của đơn hàng đang chờ xử lý, hoa hồng chỉ được thanh toán khi nó hoàn thành.",Shopeevideo-Shopee,14697,Trừ tiền chờ xử lý,,
2607073Q5FE0KG,Chờ xử lý,Hợp lệ,2026-07-07 19:52:39,,,24142870859,Sữa Tắm Thơm Lâu Le Petit Marseillais Gel 92% Thiên Nhiên Da Nhạy Cảm Nhiều Mùi Hương 650ml,350973489411,Sắc Đẹp,Tắm & chăm sóc cơ thể,Xà phòng & sữa tắm,475641850446114_0_0,353000,1,Nguyễn Nhật,nguyennhat.28,,112430963,,Chiến dịch mở rộng,289460,0,Đơn hàng gián tiếp,13025.7,13025.7,"4,5%",0,0%,22242.5,22242.5,0,"Trạng thái của đơn hàng đang chờ xử lý, hoa hồng chỉ được thanh toán khi nó hoàn thành.",Facebook,14068,Trừ tiền chờ xử lý,,
2607073Q5FE0KG,Chờ xử lý,Hợp lệ,2026-07-07 19:52:39,,,25644330193,[QUÀ TẶNG KHÔNG BÁN] Bông Tạo Bọt Kì Cọ Tẩy Da Chết Màu Ngẫu Nhiên,346005340612,Nhà cửa & Đời sống,Đồ dùng phòng tắm,Bông tắm,475641850446114_0_0,0,1,Nguyễn Nhật,nguyennhat.28,,122682417,,Chiến dịch mở rộng,0,0,Đơn hàng gián tiếp,0,0,4%,0,0%,0,0,0,"Trạng thái của đơn hàng đang chờ xử lý, hoa hồng chỉ được thanh toán khi nó hoàn thành.",Facebook,0,,,
2607073Q5FE0KG,Chờ xử lý,Hợp lệ,2026-07-07 19:52:39,,,40150321685,Dầu Gội Trẻ Em 2in1 94% Thiên Nhiên Le Petit Marseillais Giúp Gỡ Rối Tóc Chiết Xuất Quả Mâm Xôi & Bông 300ml 0442,310970725469,Mẹ & Bé,Đồ dùng phòng tắm & Chăm sóc cơ thể bé,Sản phẩm tắm & gội cho bé,,281000,1,Nguyễn Nhật,nguyennhat.28,,128185567,,Chiến dịch mở rộng,230420,0,Đơn hàng gián tiếp,9216.8,9216.8,4%,0,0%,0,0,0,"Trạng thái của đơn hàng đang chờ xử lý, hoa hồng chỉ được thanh toán khi nó hoàn thành.",Facebook,9954,Trừ tiền chờ xử lý,,
2607073Q41NK3U,Chờ xử lý,Hợp lệ,2026-07-07 19:51:53,,,25644330193,[QUÀ TẶNG KHÔNG BÁN] Bông Tạo Bọt Kì Cọ Tẩy Da Chết Màu Ngẫu Nhiên,346005340612,Nhà cửa & Đời sống,Đồ dùng phòng tắm,Bông tắm,475641850446114_0_0,0,1,Mây Mặc Gì,va7025io56,,122682417,,Chiến dịch mở rộng,0,0,Đơn hàng gián tiếp,0,0,4%,0,0%,12212.055,12212.055,0,"Trạng thái của đơn hàng đang chờ xử lý, hoa hồng chỉ được thanh toán khi nó hoàn thành.",Others,0,,,
2607073Q41NK3U,Chờ xử lý,Hợp lệ,2026-07-07 19:51:53,,,24142870859,Sữa Tắm Thơm Lâu Le Petit Marseillais Gel 92% Thiên Nhiên Da Nhạy Cảm Nhiều Mùi Hương 650ml,350973489410,Sắc Đẹp,Tắm & chăm sóc cơ thể,Xà phòng & sữa tắm,475641850446114_0_0,353000,1,Mây Mặc Gì,va7025io56,,112430963,,Chiến dịch mở rộng,271379,0,Đơn hàng gián tiếp,12212.055,12212.055,"4,5%",0,0%,0,0,0,"Trạng thái của đơn hàng đang chờ xử lý, hoa hồng chỉ được thanh toán khi nó hoàn thành.",Others,13189,Trừ tiền chờ xử lý,,
2607073PY59DX1,Chờ xử lý,Không hợp lệ,2026-07-07 19:49:07,,,25644330193,[QUÀ TẶNG KHÔNG BÁN] Bông Tạo Bọt Kì Cọ Tẩy Da Chết Màu Ngẫu Nhiên,346005340612,Nhà cửa & Đời sống,Đồ dùng phòng tắm,Bông tắm,475641850446114_0_0,0,1,Phạm Hoàng,phamhoang1511,,122682417,,Chiến dịch mở rộng,0,0,Đơn hàng trực tiếp,0,0,8%,0,0%,0,0,0,Đơn hàng không hợp lệ.,Websites,0,,,
2607073PY59DX1,Chờ xử lý,Không hợp lệ,2026-07-07 19:49:07,,,24142870859,Sữa Tắm Thơm Lâu Le Petit Marseillais Gel 92% Thiên Nhiên Da Nhạy Cảm Nhiều Mùi Hương 650ml,350973489412,Sắc Đẹp,Tắm & chăm sóc cơ thể,Xà phòng & sữa tắm,475641850446114_0_0,353000,1,Phạm Hoàng,phamhoang1511,,112430963,,Chiến dịch mở rộng,282400,0,Đơn hàng trực tiếp,0,0,9%,0,0%,0,0,0,Đơn hàng không hợp lệ.,Websites,0,,,
2607073P6R6VWG,Chờ xử lý,Hợp lệ,2026-07-07 19:35:29,,,24142870859,Sữa Tắm Thơm Lâu Le Petit Marseillais Gel 92% Thiên Nhiên Da Nhạy Cảm Nhiều Mùi Hương 650ml,350973489402,Sắc Đẹp,Tắm & chăm sóc cơ thể,Xà phòng & sữa tắm,475641850446114_0_0,353000,1,Một xíu đáng iu,kvvyyamanda,,112430963,,Chiến dịch mở rộng,246817,0,Đơn hàng gián tiếp,11106.765,11106.765,"4,5%",0,0%,11106.765,11106.765,0,"Trạng thái của đơn hàng đang chờ xử lý, hoa hồng chỉ được thanh toán khi nó hoàn thành.",Websites,11995,Trừ tiền chờ xử lý,,
2607073P6R6VWG,Chờ xử lý,Hợp lệ,2026-07-07 19:35:29,,,25644330193,[QUÀ TẶNG KHÔNG BÁN] Bông Tạo Bọt Kì Cọ Tẩy Da Chết Màu Ngẫu Nhiên,346005340612,Nhà cửa & Đời sống,Đồ dùng phòng tắm,Bông tắm,475641850446114_0_0,0,1,Một xíu đáng iu,kvvyyamanda,,122682417,,Chiến dịch mở rộng,0,0,Đơn hàng gián tiếp,0,0,4%,0,0%,0,0,0,"Trạng thái của đơn hàng đang chờ xử lý, hoa hồng chỉ được thanh toán khi nó hoàn thành.",Websites,0,,,
2607073P6BTT1W,Chờ xử lý,Hợp lệ,2026-07-07 19:35:15,,,29680365284,Dầu Gội Thiên Nhiên Le Petit Marseillais Hữu Cơ Nhiều Mùi Hương 250ml,370971985647,Sắc Đẹp,Chăm sóc tóc,Dầu gội,,236000,1,Siêu Thị Online Vương Cung,cungcung737,,112920799,,Chiến dịch mở rộng,184080,0,Đơn hàng trực tiếp,16567.2,16567.2,9%,0,0%,16567.2,16567.2,0,"Trạng thái của đơn hàng đang chờ xử lý, hoa hồng chỉ được thanh toán khi nó hoàn thành.",Shopeevideo-Shopee,17893,Trừ tiền chờ xử lý,,
2607073P0X823V,Chờ xử lý,Hợp lệ,2026-07-07 19:32:15,,,24142870859,Sữa Tắm Thơm Lâu Le Petit Marseillais Gel 92% Thiên Nhiên Da Nhạy Cảm Nhiều Mùi Hương 650ml,350973489402,Sắc Đẹp,Tắm & chăm sóc cơ thể,Xà phòng & sữa tắm,475641850446114_0_0,353000,1,Hương Hương nè ᥫ᭡,huonghuongne185,,112430963,,Chiến dịch mở rộng,266440,0,Đơn hàng trực tiếp,23979.6,23979.6,9%,0,0%,23979.6,23979.6,0,"Trạng thái của đơn hàng đang chờ xử lý, hoa hồng chỉ được thanh toán khi nó hoàn thành.",Shopeevideo-Shopee,25898,Trừ tiền chờ xử lý,,
2607073P0X823V,Chờ xử lý,Hợp lệ,2026-07-07 19:32:15,,,25644330193,[QUÀ TẶNG KHÔNG BÁN] Bông Tạo Bọt Kì Cọ Tẩy Da Chết Màu Ngẫu Nhiên,346005340612,Nhà cửa & Đời sống,Đồ dùng phòng tắm,Bông tắm,475641850446114_0_0,0,1,Hương Hương nè ᥫ᭡,huonghuongne185,,122682417,,Chiến dịch mở rộng,0,0,Đơn hàng trực tiếp,0,0,8%,0,0%,0,0,0,"Trạng thái của đơn hàng đang chờ xử lý, hoa hồng chỉ được thanh toán khi nó hoàn thành.",Shopeevideo-Shopee,0,,,
2607073NB8V6BR,Chờ xử lý,Hợp lệ,2026-07-07 19:20:07,,,24142870859,Sữa Tắm Thơm Lâu Le Petit Marseillais Gel 92% Thiên Nhiên Da Nhạy Cảm Nhiều Mùi Hương 650ml,350973489406,Sắc Đẹp,Tắm & chăm sóc cơ thể,Xà phòng & sữa tắm,475641850446114_0_0,353000,1,user9866254469148,0gyi654nq9,,112430963,,Chiến dịch mở rộng,201149,0,Đơn hàng gián tiếp,9051.705,9051.705,"4,5%",0,0%,9051.705,9051.705,0,"Trạng thái của đơn hàng đang chờ xử lý, hoa hồng chỉ được thanh toán khi nó hoàn thành.",Others,9776,Trừ tiền chờ xử lý,,
2607073NB8V6BR,Chờ xử lý,Hợp lệ,2026-07-07 19:20:07,,,25644330193,[QUÀ TẶNG KHÔNG BÁN] Bông Tạo Bọt Kì Cọ Tẩy Da Chết Màu Ngẫu Nhiên,346005340612,Nhà cửa & Đời sống,Đồ dùng phòng tắm,Bông tắm,475641850446114_0_0,0,1,user9866254469148,0gyi654nq9,,122682417,,Chiến dịch mở rộng,0,0,Đơn hàng gián tiếp,0,0,4%,0,0%,0,0,0,"Trạng thái của đơn hàng đang chờ xử lý, hoa hồng chỉ được thanh toán khi nó hoàn thành.",Others,0,,,
2607073N63VQ0D,Chờ xử lý,Hợp lệ,2026-07-07 19:17:14,,,29880370481,Kem Dưỡng Tay 24h Thiên Nhiên Le Petit Marseillais Nhiều Mùi Hương 75ml,128470976818,Sắc Đẹp,"Chăm sóc tay, chân & móng",Chăm sóc tay,,170000,1,Siêu Thị Online Vương Cung,cungcung737,,112922896,,Chiến dịch mở rộng,136000,0,Đơn hàng trực tiếp,10880,10880,8%,0,0%,10880,10880,0,"Trạng thái của đơn hàng đang chờ xử lý, hoa hồng chỉ được thanh toán khi nó hoàn thành.",Shopeevideo-Shopee,11750,Trừ tiền chờ xử lý,,
2607073MYCCXUG,Chờ xử lý,Hợp lệ,2026-07-07 19:13:27,,,27586430985,Dầu Gội Trẻ Em 2in1 94% Thiên Nhiên Le Petit Marseillais Giúp Gỡ Rối Tóc Nhiều Mùi Hương 300ml,380970144965,Mẹ & Bé,Đồ dùng phòng tắm & Chăm sóc cơ thể bé,Sản phẩm tắm & gội cho bé,,280000,1,Hằng Linh Nguyễn,hanglinhnguyen1994,,128189901,,Chiến dịch mở rộng,224000,0,Đơn hàng gián tiếp,8960,8960,4%,0,0%,8960,8960,0,"Trạng thái của đơn hàng đang chờ xử lý, hoa hồng chỉ được thanh toán khi nó hoàn thành.",Facebook,9677,Trừ tiền chờ xử lý,,
2607073MR0UWCM,Chờ xử lý,Hợp lệ,2026-07-07 19:09:20,,,25644330193,[QUÀ TẶNG KHÔNG BÁN] Bông Tạo Bọt Kì Cọ Tẩy Da Chết Màu Ngẫu Nhiên,346005340612,Nhà cửa & Đời sống,Đồ dùng phòng tắm,Bông tắm,475641850446114_0_0,0,1,Lanh Chanh Review,ngvinh445,,122682417,,Chiến dịch mở rộng,0,0,Đơn hàng gián tiếp,0,0,4%,0,0%,6966,6966,0,"Trạng thái của đơn hàng đang chờ xử lý, hoa hồng chỉ được thanh toán khi nó hoàn thành.",Websites,0,,,
2607073MR0UWCM,Chờ xử lý,Hợp lệ,2026-07-07 19:09:20,,,29480146096,Sữa Tắm Thiên Nhiên 92% Le Petit Marseillais Nhiều Mùi Hương 250ml,315970228700,Sắc Đẹp,Tắm & chăm sóc cơ thể,Xà phòng & sữa tắm,475641850446114_0_0,180000,1,Lanh Chanh Review,ngvinh445,,112409565,,Chiến dịch mở rộng,154800,0,Đơn hàng gián tiếp,6966,6966,"4,5%",0,0%,0,0,0,"Trạng thái của đơn hàng đang chờ xử lý, hoa hồng chỉ được thanh toán khi nó hoàn thành.",Websites,7523,Trừ tiền chờ xử lý,,
2607073JTP7GMA,Chờ xử lý,Hợp lệ,2026-07-07 18:35:02,,,29179872978,Dầu Gội Giảm Gàu 98% Thiên Nhiên Le Petit Marseillais Chiết Xuất Tầm Ma & Chanh Hữu Cơ 300ml 4646,169159890100,Sắc Đẹp,Chăm sóc tóc,Dầu gội,,359000,1,CreatorX Media Network,creatorxmedianetwork,,111636452,,Chiến dịch mở rộng,283610,0,Đơn hàng gián tiếp,11344.4,11344.4,4%,0,0%,11344.4,11344.4,0,"Trạng thái của đơn hàng đang chờ xử lý, hoa hồng chỉ được thanh toán khi nó hoàn thành.",Facebook,12252,Trừ tiền chờ xử lý,,
2607073HJDSNNF,Chờ xử lý,Hợp lệ,2026-07-07 18:12:32,,,27979854665,"Sữa Dưỡng Thể 24h Thiên Nhiên Le Petit Marseillais Dưỡng Ẩm Bơ Hạt Mỡ, Hạnh Nhân & Argan 400ml 3916",249244133795,Sắc Đẹp,Tắm & chăm sóc cơ thể,Kem & sữa dưỡng thể,,370000,3,Gia Khánh,vugiakhanh,,111595838,,Chiến dịch mở rộng,774749,0,Đơn hàng gián tiếp,34863.705,34863.705,"4,5%",0,0%,34863.705,34863.705,0,"Trạng thái của đơn hàng đang chờ xử lý, hoa hồng chỉ được thanh toán khi nó hoàn thành.",Facebook,37653,Trừ tiền chờ xử lý,,
2607073HEHRM25,Chờ xử lý,Hợp lệ,2026-07-07 18:10:21,,,25644330193,[QUÀ TẶNG KHÔNG BÁN] Bông Tạo Bọt Kì Cọ Tẩy Da Chết Màu Ngẫu Nhiên,346005340612,Nhà cửa & Đời sống,Đồ dùng phòng tắm,Bông tắm,475641850446114_0_0,0,1,Dũng,5xeaddbv2o,,122682417,,Chiến dịch mở rộng,0,0,Đơn hàng gián tiếp,0,0,4%,0,0%,6547.005,6547.005,0,"Trạng thái của đơn hàng đang chờ xử lý, hoa hồng chỉ được thanh toán khi nó hoàn thành.",Websites,0,,,
2607073HEHRM25,Chờ xử lý,Hợp lệ,2026-07-07 18:10:21,,,28980146591,Gel Tắm Hữu Cơ BIO 98% Thiên Nhiên Le Petit Marseillais Nhiều Mùi Hương 250ml,315970996472,Sắc Đẹp,Tắm & chăm sóc cơ thể,Xà phòng & sữa tắm,475641850446114_0_0,229000,1,Dũng,5xeaddbv2o,,112420787,,Chiến dịch mở rộng,145489,0,Đơn hàng gián tiếp,6547.005,6547.005,"4,5%",0,0%,0,0,0,"Trạng thái của đơn hàng đang chờ xử lý, hoa hồng chỉ được thanh toán khi nó hoàn thành.",Websites,7071,Trừ tiền chờ xử lý,,
2607073GT2JTY1,Chờ xử lý,Hợp lệ,2026-07-07 17:58:55,,,25644330193,[QUÀ TẶNG KHÔNG BÁN] Bông Tạo Bọt Kì Cọ Tẩy Da Chết Màu Ngẫu Nhiên,346005340612,Nhà cửa & Đời sống,Đồ dùng phòng tắm,Bông tắm,475641850446114_0_0,0,1,Bùi Hữu Phước,giadinhphuoclay,,122682417,,Chiến dịch mở rộng,0,0,Đơn hàng gián tiếp,0,0,4%,0,0%,6399,6399,0,"Trạng thái của đơn hàng đang chờ xử lý, hoa hồng chỉ được thanh toán khi nó hoàn thành.",Facebook,0,,,
2607073GT2JTY1,Chờ xử lý,Hợp lệ,2026-07-07 17:58:55,,,29480146096,Sữa Tắm Thiên Nhiên 92% Le Petit Marseillais Nhiều Mùi Hương 250ml,315970228701,Sắc Đẹp,Tắm & chăm sóc cơ thể,Xà phòng & sữa tắm,475641850446114_0_0,180000,1,Bùi Hữu Phước,giadinhphuoclay,,112409565,,Chiến dịch mở rộng,142200,0,Đơn hàng gián tiếp,6399,6399,"4,5%",0,0%,0,0,0,"Trạng thái của đơn hàng đang chờ xử lý, hoa hồng chỉ được thanh toán khi nó hoàn thành.",Facebook,6911,Trừ tiền chờ xử lý,,
2607073FKATR6V,Chờ xử lý,Hợp lệ,2026-07-07 17:37:15,,,28379882165,Mặt Nạ Dưỡng Tóc 4in1 96% Thiên Nhiên Le Petit Marseillais Chiết Xuất Dừa Hữu Cơ 300ml 5209,350970222410,Sắc Đẹp,Chăm sóc tóc,Sản phẩm dưỡng tóc,,407000,1,Siêu Thị Online Vương Cung,cungcung737,,111647800,,Chiến dịch mở rộng,319631,0,Đơn hàng trực tiếp,25570.48,25570.48,8%,0,0%,42250.99,42250.99,0,"Trạng thái của đơn hàng đang chờ xử lý, hoa hồng chỉ được thanh toán khi nó hoàn thành.",Shopeevideo-Shopee,27616,Trừ tiền chờ xử lý,,
2607073FKATR6V,Chờ xử lý,Hợp lệ,2026-07-07 17:37:15,,,29680365284,Dầu Gội Thiên Nhiên Le Petit Marseillais Hữu Cơ Nhiều Mùi Hương 250ml,370971985643,Sắc Đẹp,Chăm sóc tóc,Dầu gội,,236000,1,Siêu Thị Online Vương Cung,cungcung737,,112920799,,Chiến dịch mở rộng,185339,0,Đơn hàng trực tiếp,16680.51,16680.51,9%,0,0%,0,0,0,"Trạng thái của đơn hàng đang chờ xử lý, hoa hồng chỉ được thanh toán khi nó hoàn thành.",Shopeevideo-Shopee,18015,Trừ tiền chờ xử lý,,
2607073F80E1NW,Chờ xử lý,Hợp lệ,2026-07-07 17:30:55,,,24142870859,Sữa Tắm Thơm Lâu Le Petit Marseillais Gel 92% Thiên Nhiên Da Nhạy Cảm Nhiều Mùi Hương 650ml,350973489411,Sắc Đẹp,Tắm & chăm sóc cơ thể,Xà phòng & sữa tắm,475641850446114_0_0,353000,1,Ethan Dang,cinoss89,,112430963,,Chiến dịch mở rộng,214670,0,Đơn hàng trực tiếp,19320.3,19320.3,9%,0,0%,19320.3,19320.3,0,"Trạng thái của đơn hàng đang chờ xử lý, hoa hồng chỉ được thanh toán khi nó hoàn thành.",Websites,20866,Trừ tiền chờ xử lý,,
2607073F80E1NW,Chờ xử lý,Hợp lệ,2026-07-07 17:30:55,,,25644330193,[QUÀ TẶNG KHÔNG BÁN] Bông Tạo Bọt Kì Cọ Tẩy Da Chết Màu Ngẫu Nhiên,346005340612,Nhà cửa & Đời sống,Đồ dùng phòng tắm,Bông tắm,475641850446114_0_0,0,1,Ethan Dang,cinoss89,,122682417,,Chiến dịch mở rộng,0,0,Đơn hàng trực tiếp,0,0,8%,0,0%,0,0,0,"Trạng thái của đơn hàng đang chờ xử lý, hoa hồng chỉ được thanh toán khi nó hoàn thành.",Websites,0,,,
2607073F6CWWBX,Chờ xử lý,Hợp lệ,2026-07-07 17:30:00,,,24142870859,Sữa Tắm Thơm Lâu Le Petit Marseillais Gel 92% Thiên Nhiên Da Nhạy Cảm Nhiều Mùi Hương 650ml,350973489402,Sắc Đẹp,Tắm & chăm sóc cơ thể,Xà phòng & sữa tắm,475641850446114_0_0,353000,1,Kit review,skinnoorderus,,112430963,,Chiến dịch mở rộng,275340,0,Đơn hàng gián tiếp,12390.3,12390.3,"4,5%",0,0%,12390.3,12390.3,0,"Trạng thái của đơn hàng đang chờ xử lý, hoa hồng chỉ được thanh toán khi nó hoàn thành.",Instagram,13382,Trừ tiền chờ xử lý,,
2607073F6CWWBX,Chờ xử lý,Hợp lệ,2026-07-07 17:30:00,,,25644330193,[QUÀ TẶNG KHÔNG BÁN] Bông Tạo Bọt Kì Cọ Tẩy Da Chết Màu Ngẫu Nhiên,346005340612,Nhà cửa & Đời sống,Đồ dùng phòng tắm,Bông tắm,475641850446114_0_0,0,1,Kit review,skinnoorderus,,122682417,,Chiến dịch mở rộng,0,0,Đơn hàng gián tiếp,0,0,4%,0,0%,0,0,0,"Trạng thái của đơn hàng đang chờ xử lý, hoa hồng chỉ được thanh toán khi nó hoàn thành.",Instagram,0,,,
2607073EXCCK2F,Chờ xử lý,Hợp lệ,2026-07-07 17:25:31,,,29880370481,Kem Dưỡng Tay 24h Thiên Nhiên Le Petit Marseillais Nhiều Mùi Hương 75ml,128470976818,Sắc Đẹp,"Chăm sóc tay, chân & móng",Chăm sóc tay,,170000,1,Thấy Gì Mua Nấy,me0384614515,,112922896,,Chiến dịch mở rộng,132600,0,Đơn hàng trực tiếp,10608,10608,8%,0,0%,21216,21216,0,"Trạng thái của đơn hàng đang chờ xử lý, hoa hồng chỉ được thanh toán khi nó hoàn thành.",Shopeevideo-Shopee,11457,Trừ tiền chờ xử lý,,
2607073EXCCK2F,Chờ xử lý,Hợp lệ,2026-07-07 17:25:31,,,29880370481,Kem Dưỡng Tay 24h Thiên Nhiên Le Petit Marseillais Nhiều Mùi Hương 75ml,129503370888,Sắc Đẹp,"Chăm sóc tay, chân & móng",Chăm sóc tay,,170000,1,Thấy Gì Mua Nấy,me0384614515,,112922896,,Chiến dịch mở rộng,132600,0,Đơn hàng trực tiếp,10608,10608,8%,0,0%,0,0,0,"Trạng thái của đơn hàng đang chờ xử lý, hoa hồng chỉ được thanh toán khi nó hoàn thành.",Shopeevideo-Shopee,11457,Trừ tiền chờ xử lý,,
2607073EU2J1G5,Chờ xử lý,Hợp lệ,2026-07-07 17:23:41,,,29680365284,Dầu Gội Thiên Nhiên Le Petit Marseillais Hữu Cơ Nhiều Mùi Hương 250ml,370971985646,Sắc Đẹp,Chăm sóc tóc,Dầu gội,,236000,1,Tec-do,mobisummer,,112920799,,Chiến dịch mở rộng,188800,0,Đơn hàng gián tiếp,8496,8496,"4,5%",0,0%,8496,8496,0,"Trạng thái của đơn hàng đang chờ xử lý, hoa hồng chỉ được thanh toán khi nó hoàn thành.",Websites,9176,Trừ tiền chờ xử lý,,
2607073EADF2TT,Chờ xử lý,Hợp lệ,2026-07-07 17:14:21,,,29880370481,Kem Dưỡng Tay 24h Thiên Nhiên Le Petit Marseillais Nhiều Mùi Hương 75ml,129503370888,Sắc Đẹp,"Chăm sóc tay, chân & móng",Chăm sóc tay,,170000,1,ACCESSTRADEVN,accesstrade_banking,,112922896,,Chiến dịch mở rộng,132300,0,Đơn hàng trực tiếp,10584,10584,8%,0,0%,21168,21168,0,"Trạng thái của đơn hàng đang chờ xử lý, hoa hồng chỉ được thanh toán khi nó hoàn thành.",Websites,11431,Trừ tiền chờ xử lý,,
2607073EADF2TT,Chờ xử lý,Hợp lệ,2026-07-07 17:14:21,,,29880370481,Kem Dưỡng Tay 24h Thiên Nhiên Le Petit Marseillais Nhiều Mùi Hương 75ml,128470976818,Sắc Đẹp,"Chăm sóc tay, chân & móng",Chăm sóc tay,,170000,1,ACCESSTRADEVN,accesstrade_banking,,112922896,,Chiến dịch mở rộng,132300,0,Đơn hàng trực tiếp,10584,10584,8%,0,0%,0,0,0,"Trạng thái của đơn hàng đang chờ xử lý, hoa hồng chỉ được thanh toán khi nó hoàn thành.",Websites,11431,Trừ tiền chờ xử lý,,
2607073DY4144H,Chờ xử lý,Hợp lệ,2026-07-07 17:08:03,,,29680365284,Dầu Gội Thiên Nhiên Le Petit Marseillais Hữu Cơ Nhiều Mùi Hương 250ml,370971985643,Sắc Đẹp,Chăm sóc tóc,Dầu gội,,236000,1,ÉnorDia,grylls105,,112920799,,Chiến dịch mở rộng,175752,0,Đơn hàng gián tiếp,7908.84,7908.84,"4,5%",0,0%,7908.84,7908.84,0,"Trạng thái của đơn hàng đang chờ xử lý, hoa hồng chỉ được thanh toán khi nó hoàn thành.",Instagram,8542,Trừ tiền chờ xử lý,,
2607073DQEXN75,Chờ xử lý,Hợp lệ,2026-07-07 17:03:45,,,25644330193,[QUÀ TẶNG KHÔNG BÁN] Bông Tạo Bọt Kì Cọ Tẩy Da Chết Màu Ngẫu Nhiên,346005340612,Nhà cửa & Đời sống,Đồ dùng phòng tắm,Bông tắm,475641850446114_0_0,0,1,Jen Jen,linhndl2603,,122682417,,Chiến dịch mở rộng,0,0,Đơn hàng gián tiếp,0,0,4%,0,0%,11081.36,11081.36,0,"Trạng thái của đơn hàng đang chờ xử lý, hoa hồng chỉ được thanh toán khi nó hoàn thành.",Facebook,0,,,
2607073DQEXN75,Chờ xử lý,Hợp lệ,2026-07-07 17:03:45,,,25692866155,Sữa Tắm Nam 4 in 1 92% Thiên Nhiên Le Petit Marseillais Nhiều Mùi Hương 250ml,345969754134,Sắc Đẹp,Chăm sóc nam giới,Sữa tắm & chăm sóc cơ thể,475641850446114_0_0,184000,2,Jen Jen,linhndl2603,,112434462,,Chiến dịch mở rộng,277034,0,Đơn hàng gián tiếp,11081.36,11081.36,4%,0,0%,0,0,0,"Trạng thái của đơn hàng đang chờ xử lý, hoa hồng chỉ được thanh toán khi nó hoàn thành.",Facebook,11968,Trừ tiền chờ xử lý,,
2607073AXG6H16,Chờ xử lý,Hợp lệ,2026-07-07 16:14:02,,,29680365284,Dầu Gội Thiên Nhiên Le Petit Marseillais Hữu Cơ Nhiều Mùi Hương 250ml,370971985646,Sắc Đẹp,Chăm sóc tóc,Dầu gội,,236000,1,Siêu Thị Online Vương Cung,cungcung737,,112920799,,Chiến dịch mở rộng,140601,0,Đơn hàng trực tiếp,12654.09,12654.09,9%,0,0%,12654.09,12654.09,0,"Trạng thái của đơn hàng đang chờ xử lý, hoa hồng chỉ được thanh toán khi nó hoàn thành.",Shopeevideo-Shopee,13666,Trừ tiền chờ xử lý,,
2607073AV7QKRY,Chờ xử lý,Hợp lệ,2026-07-07 16:12:45,,,25644330193,[QUÀ TẶNG KHÔNG BÁN] Bông Tạo Bọt Kì Cọ Tẩy Da Chết Màu Ngẫu Nhiên,346005340612,Nhà cửa & Đời sống,Đồ dùng phòng tắm,Bông tắm,475641850446114_0_0,0,1,CreatorX Media Network,creatorxmedianetwork,,122682417,,Chiến dịch mở rộng,0,0,Đơn hàng gián tiếp,0,0,4%,0,0%,21024.8,21024.8,0,"Trạng thái của đơn hàng đang chờ xử lý, hoa hồng chỉ được thanh toán khi nó hoàn thành.",Others,0,,,
2607073AV7QKRY,Chờ xử lý,Hợp lệ,2026-07-07 16:12:45,,,29480146096,Sữa Tắm Thiên Nhiên 92% Le Petit Marseillais Nhiều Mùi Hương 250ml,315970228702,Sắc Đẹp,Tắm & chăm sóc cơ thể,Xà phòng & sữa tắm,475641850446114_0_0,180000,2,CreatorX Media Network,creatorxmedianetwork,,112409565,,Chiến dịch mở rộng,295200,0,Đơn hàng gián tiếp,13284,13284,"4,5%",0,0%,0,0,0,"Trạng thái của đơn hàng đang chờ xử lý, hoa hồng chỉ được thanh toán khi nó hoàn thành.",Others,14347,Trừ tiền chờ xử lý,,
2607073AV7QKRY,Chờ xử lý,Hợp lệ,2026-07-07 16:12:45,,,40302953131,Dầu Gội Nam Sạch Gàu 97% Thiên Nhiên Le Petit Marseillais Chiết Xuất Tinh Dầu Chanh Vàng 250ml 4035,310970659149,Sắc Đẹp,Chăm sóc nam giới,Chăm sóc tóc,,236000,1,CreatorX Media Network,creatorxmedianetwork,,134959857,,Chiến dịch mở rộng,193520,0,Đơn hàng gián tiếp,7740.8,7740.8,4%,0,0%,0,0,0,"Trạng thái của đơn hàng đang chờ xử lý, hoa hồng chỉ được thanh toán khi nó hoàn thành.",Others,8360,Trừ tiền chờ xử lý,,
2607073AGMR6EN,Chờ xử lý,Hợp lệ,2026-07-07 16:06:22,,,25644330193,[QUÀ TẶNG KHÔNG BÁN] Bông Tạo Bọt Kì Cọ Tẩy Da Chết Màu Ngẫu Nhiên,346005340612,Nhà cửa & Đời sống,Đồ dùng phòng tắm,Bông tắm,475641850446114_0_0,0,1,CreatorX Media Network,creatorxmedianetwork,,122682417,,Chiến dịch mở rộng,0,0,Đơn hàng gián tiếp,0,0,4%,0,0%,6237,6237,0,"Trạng thái của đơn hàng đang chờ xử lý, hoa hồng chỉ được thanh toán khi nó hoàn thành.",Others,0,,,
2607073AGMR6EN,Chờ xử lý,Hợp lệ,2026-07-07 16:06:22,,,29480146096,Sữa Tắm Thiên Nhiên 92% Le Petit Marseillais Nhiều Mùi Hương 250ml,315970228699,Sắc Đẹp,Tắm & chăm sóc cơ thể,Xà phòng & sữa tắm,475641850446114_0_0,180000,1,CreatorX Media Network,creatorxmedianetwork,,112409565,,Chiến dịch mở rộng,138600,0,Đơn hàng gián tiếp,6237,6237,"4,5%",0,0%,0,0,0,"Trạng thái của đơn hàng đang chờ xử lý, hoa hồng chỉ được thanh toán khi nó hoàn thành.",Others,6736,Trừ tiền chờ xử lý,,
2607073AG0NKKK,Chờ xử lý,Hợp lệ,2026-07-07 16:05:54,,,25644330193,[QUÀ TẶNG KHÔNG BÁN] Bông Tạo Bọt Kì Cọ Tẩy Da Chết Màu Ngẫu Nhiên,346005340612,Nhà cửa & Đời sống,Đồ dùng phòng tắm,Bông tắm,475641850446114_0_0,0,1,Opera,opera109,,122682417,,Chiến dịch mở rộng,0,0,Đơn hàng gián tiếp,0,0,4%,0,0%,11952,11952,0,"Trạng thái của đơn hàng đang chờ xử lý, hoa hồng chỉ được thanh toán khi nó hoàn thành.",Others,0,,,
2607073AG0NKKK,Chờ xử lý,Hợp lệ,2026-07-07 16:05:54,,,25992270714,Sữa Tắm 92% Thiên Nhiên Le Petit Marseillais Dịu Nhẹ Sữa Vani Hữu Cơ 250ml 0526,282645378530,Sắc Đẹp,Tắm & chăm sóc cơ thể,Xà phòng & sữa tắm,475641850446114_0_0,180000,1,Opera,opera109,,109863143,,Chiến dịch mở rộng,149400,0,Đơn hàng gián tiếp,5976,5976,4%,0,0%,0,0,0,"Trạng thái của đơn hàng đang chờ xử lý, hoa hồng chỉ được thanh toán khi nó hoàn thành.",Others,6454,Trừ tiền chờ xử lý,,
2607073AG0NKKK,Chờ xử lý,Hợp lệ,2026-07-07 16:05:54,,,29628482446,Sữa Tắm Pháp 92% Thiên Nhiên Le Petit Marseillais Dịu Nhẹ Mâm Xôi Hữu Cơ & Hoa Mẫu Đơn 250ml 8441,340969666086,Sắc Đẹp,Tắm & chăm sóc cơ thể,Xà phòng & sữa tắm,475641850446114_0_0,180000,1,Opera,opera109,,109863148,,Chiến dịch mở rộng,149400,0,Đơn hàng gián tiếp,5976,5976,4%,0,0%,0,0,0,"Trạng thái của đơn hàng đang chờ xử lý, hoa hồng chỉ được thanh toán khi nó hoàn thành.",Others,6454,Trừ tiền chờ xử lý,,
26070738U5TCJ8,Chờ xử lý,Hợp lệ,2026-07-07 15:36:21,,,24142870859,Sữa Tắm Thơm Lâu Le Petit Marseillais Gel 92% Thiên Nhiên Da Nhạy Cảm Nhiều Mùi Hương 650ml,350973489412,Sắc Đẹp,Tắm & chăm sóc cơ thể,Xà phòng & sữa tắm,475641850446114_0_0,353000,2,Reglow Viet Nam - 다시 빛나다,reglowvietnam,,112430963,,Chiến dịch mở rộng,425012,0,Đơn hàng gián tiếp,19125.54,19125.54,"4,5%",0,0%,19125.54,19125.54,0,"Trạng thái của đơn hàng đang chờ xử lý, hoa hồng chỉ được thanh toán khi nó hoàn thành.",Facebook,20656,Trừ tiền chờ xử lý,,
26070738U5TCJ8,Chờ xử lý,Hợp lệ,2026-07-07 15:36:21,,,25644330193,[QUÀ TẶNG KHÔNG BÁN] Bông Tạo Bọt Kì Cọ Tẩy Da Chết Màu Ngẫu Nhiên,346005340612,Nhà cửa & Đời sống,Đồ dùng phòng tắm,Bông tắm,475641850446114_0_0,0,1,Reglow Viet Nam - 다시 빛나다,reglowvietnam,,122682417,,Chiến dịch mở rộng,0,0,Đơn hàng gián tiếp,0,0,4%,0,0%,0,0,0,"Trạng thái của đơn hàng đang chờ xử lý, hoa hồng chỉ được thanh toán khi nó hoàn thành.",Facebook,0,,,
26070738JVNW7J,Chờ xử lý,Hợp lệ,2026-07-07 15:31:44,,,24142870859,Sữa Tắm Thơm Lâu Le Petit Marseillais Gel 92% Thiên Nhiên Da Nhạy Cảm Nhiều Mùi Hương 650ml,350973489406,Sắc Đẹp,Tắm & chăm sóc cơ thể,Xà phòng & sữa tắm,475641850446114_0_0,353000,1,Lanh Chanh Review,ngvinh445,,112430963,,Chiến dịch mở rộng,268280,0,Đơn hàng gián tiếp,12072.6,12072.6,"4,5%",0,0%,12072.6,12072.6,0,"Trạng thái của đơn hàng đang chờ xử lý, hoa hồng chỉ được thanh toán khi nó hoàn thành.",Websites,13038,Trừ tiền chờ xử lý,,
26070738JVNW7J,Chờ xử lý,Hợp lệ,2026-07-07 15:31:44,,,25644330193,[QUÀ TẶNG KHÔNG BÁN] Bông Tạo Bọt Kì Cọ Tẩy Da Chết Màu Ngẫu Nhiên,346005340612,Nhà cửa & Đời sống,Đồ dùng phòng tắm,Bông tắm,475641850446114_0_0,0,1,Lanh Chanh Review,ngvinh445,,122682417,,Chiến dịch mở rộng,0,0,Đơn hàng gián tiếp,0,0,4%,0,0%,0,0,0,"Trạng thái của đơn hàng đang chờ xử lý, hoa hồng chỉ được thanh toán khi nó hoàn thành.",Websites,0,,,
26070738JQYNQ8,Chờ xử lý,Không hợp lệ,2026-07-07 15:31:38,,,25644330193,[QUÀ TẶNG KHÔNG BÁN] Bông Tạo Bọt Kì Cọ Tẩy Da Chết Màu Ngẫu Nhiên,346005340612,Nhà cửa & Đời sống,Đồ dùng phòng tắm,Bông tắm,475641850446114_0_0,0,1,xinchao,lamdubao,,122682417,,Chiến dịch mở rộng,0,0,Đơn hàng trực tiếp,0,0,8%,0,0%,0,0,0,Đơn hàng không hợp lệ.,Websites,0,,,
26070738JQYNQ8,Chờ xử lý,Không hợp lệ,2026-07-07 15:31:38,,,24142870859,Sữa Tắm Thơm Lâu Le Petit Marseillais Gel 92% Thiên Nhiên Da Nhạy Cảm Nhiều Mùi Hương 650ml,350973489402,Sắc Đẹp,Tắm & chăm sóc cơ thể,Xà phòng & sữa tắm,475641850446114_0_0,353000,1,xinchao,lamdubao,,112430963,,Chiến dịch mở rộng,249064,0,Đơn hàng trực tiếp,0,0,9%,0,0%,0,0,0,Đơn hàng không hợp lệ.,Websites,0,,,
26070738JQYNQ8,Chờ xử lý,Không hợp lệ,2026-07-07 15:31:38,,,24142870859,Sữa Tắm Thơm Lâu Le Petit Marseillais Gel 92% Thiên Nhiên Da Nhạy Cảm Nhiều Mùi Hương 650ml,350973489405,Sắc Đẹp,Tắm & chăm sóc cơ thể,Xà phòng & sữa tắm,475641850446114_0_0,353000,1,xinchao,lamdubao,,112430963,,Chiến dịch mở rộng,249066,0,Đơn hàng trực tiếp,0,0,9%,0,0%,0,0,0,Đơn hàng không hợp lệ.,Websites,0,,,
26070738JQYNQ8,Chờ xử lý,Không hợp lệ,2026-07-07 15:31:38,,,24142870859,Sữa Tắm Thơm Lâu Le Petit Marseillais Gel 92% Thiên Nhiên Da Nhạy Cảm Nhiều Mùi Hương 650ml,350973489406,Sắc Đẹp,Tắm & chăm sóc cơ thể,Xà phòng & sữa tắm,475641850446114_0_0,353000,1,xinchao,lamdubao,,112430963,,Chiến dịch mở rộng,249062,0,Đơn hàng trực tiếp,0,0,9%,0,0%,0,0,0,Đơn hàng không hợp lệ.,Websites,0,,,
26070738JQYNQ8,Chờ xử lý,Không hợp lệ,2026-07-07 15:31:38,,,24142870859,Sữa Tắm Thơm Lâu Le Petit Marseillais Gel 92% Thiên Nhiên Da Nhạy Cảm Nhiều Mùi Hương 650ml,350973489407,Sắc Đẹp,Tắm & chăm sóc cơ thể,Xà phòng & sữa tắm,475641850446114_0_0,353000,1,xinchao,lamdubao,,112430963,,Chiến dịch mở rộng,249062,0,Đơn hàng trực tiếp,0,0,9%,0,0%,0,0,0,Đơn hàng không hợp lệ.,Websites,0,,,
26070738JQYNQ8,Chờ xử lý,Không hợp lệ,2026-07-07 15:31:38,,,24142870859,Sữa Tắm Thơm Lâu Le Petit Marseillais Gel 92% Thiên Nhiên Da Nhạy Cảm Nhiều Mùi Hương 650ml,350973489408,Sắc Đẹp,Tắm & chăm sóc cơ thể,Xà phòng & sữa tắm,475641850446114_0_0,353000,1,xinchao,lamdubao,,112430963,,Chiến dịch mở rộng,249062,0,Đơn hàng trực tiếp,0,0,9%,0,0%,0,0,0,Đơn hàng không hợp lệ.,Websites,0,,,
26070738JQYNQ8,Chờ xử lý,Không hợp lệ,2026-07-07 15:31:38,,,24142870859,Sữa Tắm Thơm Lâu Le Petit Marseillais Gel 92% Thiên Nhiên Da Nhạy Cảm Nhiều Mùi Hương 650ml,350973489411,Sắc Đẹp,Tắm & chăm sóc cơ thể,Xà phòng & sữa tắm,475641850446114_0_0,353000,1,xinchao,lamdubao,,112430963,,Chiến dịch mở rộng,249062,0,Đơn hàng trực tiếp,0,0,9%,0,0%,0,0,0,Đơn hàng không hợp lệ.,Websites,0,,,
26070738JQYNQ8,Chờ xử lý,Không hợp lệ,2026-07-07 15:31:38,,,24142870859,Sữa Tắm Thơm Lâu Le Petit Marseillais Gel 92% Thiên Nhiên Da Nhạy Cảm Nhiều Mùi Hương 650ml,350973489414,Sắc Đẹp,Tắm & chăm sóc cơ thể,Xà phòng & sữa tắm,475641850446114_0_0,353000,1,xinchao,lamdubao,,112430963,,Chiến dịch mở rộng,249062,0,Đơn hàng trực tiếp,0,0,9%,0,0%,0,0,0,Đơn hàng không hợp lệ.,Websites,0,,,
26070737EDDSKM,Hoàn thành,Hợp lệ,2026-07-07 15:11:20,2026-07-08 12:54:40,2026-07-08 12:54:40,25692866155,Sữa Tắm Nam 4 in 1 92% Thiên Nhiên Le Petit Marseillais Nhiều Mùi Hương 250ml,345969754130,Sắc Đẹp,Chăm sóc nam giới,Sữa tắm & chăm sóc cơ thể,475641850446114_0_0,184000,1,Hai,3a326kls94,,112434462,,Chiến dịch mở rộng,103998,0,Đơn hàng gián tiếp,4159.92,4159.92,4%,0,0%,4159.92,4159.92,0,,Facebook,4493,Trừ tiền chờ xử lý,,
26070737EDDSKM,Hoàn thành,Hợp lệ,2026-07-07 15:11:20,2026-07-08 12:54:40,2026-07-08 12:54:40,25644330193,[QUÀ TẶNG KHÔNG BÁN] Bông Tạo Bọt Kì Cọ Tẩy Da Chết Màu Ngẫu Nhiên,346005340612,Nhà cửa & Đời sống,Đồ dùng phòng tắm,Bông tắm,475641850446114_0_0,0,1,Hai,3a326kls94,,122682417,,Chiến dịch mở rộng,0,0,Đơn hàng gián tiếp,0,0,4%,0,0%,0,0,0,,Facebook,0,,,
2607073704M5XB,Chờ xử lý,Hợp lệ,2026-07-07 15:03:27,,,28179873093,Dầu Gội Thiên Nhiên 2in1 97% Sạch Gàu Le Petit Marseillais Chiết Xuất Bạc Hà Hữu Cơ 250ml 4042,287645622650,Sắc Đẹp,Chăm sóc tóc,Dầu gội,,236000,1,YouTube Shopping,youtube_shopping_vn,,111642571,,Chiến dịch mở rộng,140238,0,Đơn hàng trực tiếp,12621.42,12621.42,9%,0,0%,12621.42,12621.42,0,"Trạng thái của đơn hàng đang chờ xử lý, hoa hồng chỉ được thanh toán khi nó hoàn thành.",Websites,13631,Trừ tiền chờ xử lý,,
26070736UHQKMB,Chờ xử lý,Hợp lệ,2026-07-07 15:00:47,,,40672203767,Hộp 4 Bánh Xà Phòng Thiên Nhiên Le Petit Marseillais Dịu Nhẹ Lành Tính Nhiều Mùi Hương 4x100g,167403448467,Sắc Đẹp,Tắm & chăm sóc cơ thể,Xà phòng & sữa tắm,,220000,1,My Nga,nguyenmynga0808,,176551991,,Chiến dịch mở rộng,132372,0,Đơn hàng trực tiếp,11913.48,11913.48,9%,0,0%,11913.48,11913.48,0,"Trạng thái của đơn hàng đang chờ xử lý, hoa hồng chỉ được thanh toán khi nó hoàn thành.",Shopeevideo-Shopee,12867,Trừ tiền chờ xử lý,,
26070734TC1DY8,Chờ xử lý,Hợp lệ,2026-07-07 14:24:19,,,29480146096,Sữa Tắm Thiên Nhiên 92% Le Petit Marseillais Nhiều Mùi Hương 250ml,315970228699,Sắc Đẹp,Tắm & chăm sóc cơ thể,Xà phòng & sữa tắm,475641850446114_0_0,180000,1,Ong Xì Xèo Riviu 🐝,tien_anhh,,112409565,,Chiến dịch mở rộng,134940,0,Đơn hàng gián tiếp,6072.3,6072.3,"4,5%",0,0%,12144.6,12144.6,0,"Trạng thái của đơn hàng đang chờ xử lý, hoa hồng chỉ được thanh toán khi nó hoàn thành.",Facebook,6558,Trừ tiền chờ xử lý,,
26070734TC1DY8,Chờ xử lý,Hợp lệ,2026-07-07 14:24:19,,,29480146096,Sữa Tắm Thiên Nhiên 92% Le Petit Marseillais Nhiều Mùi Hương 250ml,315970228701,Sắc Đẹp,Tắm & chăm sóc cơ thể,Xà phòng & sữa tắm,475641850446114_0_0,180000,1,Ong Xì Xèo Riviu 🐝,tien_anhh,,112409565,,Chiến dịch mở rộng,134940,0,Đơn hàng gián tiếp,6072.3,6072.3,"4,5%",0,0%,0,0,0,"Trạng thái của đơn hàng đang chờ xử lý, hoa hồng chỉ được thanh toán khi nó hoàn thành.",Facebook,6558,Trừ tiền chờ xử lý,,
26070734TC1DY8,Chờ xử lý,Hợp lệ,2026-07-07 14:24:19,,,25644330193,[QUÀ TẶNG KHÔNG BÁN] Bông Tạo Bọt Kì Cọ Tẩy Da Chết Màu Ngẫu Nhiên,346005340612,Nhà cửa & Đời sống,Đồ dùng phòng tắm,Bông tắm,475641850446114_0_0,0,1,Ong Xì Xèo Riviu 🐝,tien_anhh,,122682417,,Chiến dịch mở rộng,0,0,Đơn hàng gián tiếp,0,0,4%,0,0%,0,0,0,"Trạng thái của đơn hàng đang chờ xử lý, hoa hồng chỉ được thanh toán khi nó hoàn thành.",Facebook,0,,,
260707341JMRFY,Chờ xử lý,Hợp lệ,2026-07-07 14:10:26,,,25644330193,[QUÀ TẶNG KHÔNG BÁN] Bông Tạo Bọt Kì Cọ Tẩy Da Chết Màu Ngẫu Nhiên,346005340612,Nhà cửa & Đời sống,Đồ dùng phòng tắm,Bông tắm,475641850446114_0_0,0,1,Nàng Đẹp 1990,nangdep1990,,122682417,,Chiến dịch mở rộng,0,0,Đơn hàng gián tiếp,0,0,4%,0,0%,13536,13536,0,"Trạng thái của đơn hàng đang chờ xử lý, hoa hồng chỉ được thanh toán khi nó hoàn thành.",Pinterest,0,,,
260707341JMRFY,Chờ xử lý,Hợp lệ,2026-07-07 14:10:26,,,27837762289,Combo Sữa Tắm Thiên Nhiên 250ml & Dầu gội 250ml Le Petit Marseillais Thiên Nhiên Hữu Cơ Chăm Sóc Toàn Diện,262649186003,Sắc Đẹp,Tắm & chăm sóc cơ thể,Xà phòng & sữa tắm,475641850446114_0_0,396000,1,Nàng Đẹp 1990,nangdep1990,,141308903,,Chiến dịch mở rộng,300800,0,Đơn hàng gián tiếp,13536,13536,"4,5%",0,0%,0,0,0,"Trạng thái của đơn hàng đang chờ xử lý, hoa hồng chỉ được thanh toán khi nó hoàn thành.",Pinterest,14619,Trừ tiền chờ xử lý,,
26070733XYMY6R,Hoàn thành,Hợp lệ,2026-07-07 14:09:07,2026-07-08 12:13:24,2026-07-08 12:13:24,25692866155,Sữa Tắm Nam 4 in 1 92% Thiên Nhiên Le Petit Marseillais Nhiều Mùi Hương 250ml,345969754131,Sắc Đẹp,Chăm sóc nam giới,Sữa tắm & chăm sóc cơ thể,,184000,1,jnat,x3cp36c3p3,,112434462,,Chiến dịch mở rộng,154560,0,Đơn hàng gián tiếp,6182.4,6182.4,4%,0,0%,6182.4,6182.4,0,,Facebook,6677,Trừ tiền chờ xử lý,,
26070733P69QA4,Chờ xử lý,Hợp lệ,2026-07-07 14:04:05,,,25644330193,[QUÀ TẶNG KHÔNG BÁN] Bông Tạo Bọt Kì Cọ Tẩy Da Chết Màu Ngẫu Nhiên,346005340612,Nhà cửa & Đời sống,Đồ dùng phòng tắm,Bông tắm,475641850446114_0_0,0,1,Chu Binh,v6xjwrha44,,122682417,,Chiến dịch mở rộng,0,0,Đơn hàng trực tiếp,0,0,8%,0,0%,12383.92,12383.92,0,"Trạng thái của đơn hàng đang chờ xử lý, hoa hồng chỉ được thanh toán khi nó hoàn thành.",Facebook,0,,,
26070733P69QA4,Chờ xử lý,Hợp lệ,2026-07-07 14:04:05,,,28278435631,Sữa Tắm Thiên Nhiên 92% Le Petit Marseillais Dịu Nhẹ  Bông & Hoa Anh Túc Hữu Cơ  250ml 5434,410969703033,Sắc Đẹp,Tắm & chăm sóc cơ thể,Xà phòng & sữa tắm,475641850446114_0_0,180000,1,Chu Binh,v6xjwrha44,,109863147,,Chiến dịch mở rộng,154799,0,Đơn hàng trực tiếp,12383.92,12383.92,8%,0,0%,0,0,0,"Trạng thái của đơn hàng đang chờ xử lý, hoa hồng chỉ được thanh toán khi nó hoàn thành.",Facebook,13375,Trừ tiền chờ xử lý,,
26070733GYEGH9,Chờ xử lý,Hợp lệ,2026-07-07 14:01:09,,,25644330193,[QUÀ TẶNG KHÔNG BÁN] Bông Tạo Bọt Kì Cọ Tẩy Da Chết Màu Ngẫu Nhiên,346005340612,Nhà cửa & Đời sống,Đồ dùng phòng tắm,Bông tắm,475641850446114_0_0,0,1,Hương Hương nè ᥫ᭡,huonghuongne185,,122682417,,Chiến dịch mở rộng,0,0,Đơn hàng trực tiếp,0,0,8%,0,0%,18817.65,18817.65,0,"Trạng thái của đơn hàng đang chờ xử lý, hoa hồng chỉ được thanh toán khi nó hoàn thành.",Shopeevideo-Shopee,0,,,
26070733GYEGH9,Chờ xử lý,Hợp lệ,2026-07-07 14:01:09,,,24142870859,Sữa Tắm Thơm Lâu Le Petit Marseillais Gel 92% Thiên Nhiên Da Nhạy Cảm Nhiều Mùi Hương 650ml,350973489402,Sắc Đẹp,Tắm & chăm sóc cơ thể,Xà phòng & sữa tắm,475641850446114_0_0,353000,1,Hương Hương nè ᥫ᭡,huonghuongne185,,112430963,,Chiến dịch mở rộng,209085,0,Đơn hàng trực tiếp,18817.65,18817.65,9%,0,0%,0,0,0,"Trạng thái của đơn hàng đang chờ xử lý, hoa hồng chỉ được thanh toán khi nó hoàn thành.",Shopeevideo-Shopee,20323,Trừ tiền chờ xử lý,,
260707332TEN64,Chờ xử lý,Hợp lệ,2026-07-07 13:53:15,,,27530290500,Kem Dưỡng Body Lotion 24h Le Petit Marseillais Sữa Cấp Ẩm Hữu Cơ Thiên Nhiên Nhiều Mùi Hương 400ml,272645767605,Sắc Đẹp,Tắm & chăm sóc cơ thể,Kem & sữa dưỡng thể,,370000,1,Opera,opera109,,112716201,,Chiến dịch mở rộng,220681,0,Đơn hàng gián tiếp,9930.645,9930.645,"4,5%",0,0%,9930.645,9930.645,0,"Trạng thái của đơn hàng đang chờ xử lý, hoa hồng chỉ được thanh toán khi nó hoàn thành.",Others,10725,Trừ tiền chờ xử lý,,
260707331TXB64,Chờ xử lý,Hợp lệ,2026-07-07 13:52:43,,,42772194461,Gel Rửa Tay Thiên Nhiên 92% Le Petit Marseillais Dịu Nhẹ Lành Tính Bảo Vệ Da Nhiều Mùi Hương 500ml,302645744374,Sắc Đẹp,"Chăm sóc tay, chân & móng",Chăm sóc tay,,248000,1,Thanh Janet,danthanhdayy,,176543235,,Chiến dịch mở rộng,138614,0,Đơn hàng gián tiếp,5544.56,5544.56,4%,0,0%,5544.56,5544.56,0,"Trạng thái của đơn hàng đang chờ xử lý, hoa hồng chỉ được thanh toán khi nó hoàn thành.",Facebook,5988,Trừ tiền chờ xử lý,,
26070732RN6RJN,Hoàn thành,Hợp lệ,2026-07-07 13:47:34,2026-07-08 10:27:17,2026-07-08 10:27:17,29880370481,Kem Dưỡng Tay 24h Thiên Nhiên Le Petit Marseillais Nhiều Mùi Hương 75ml,128470976818,Sắc Đẹp,"Chăm sóc tay, chân & móng",Chăm sóc tay,,170000,1,CreatorX Media Network,creatorxmedianetwork,,112922896,,Chiến dịch mở rộng,136000,0,Đơn hàng gián tiếp,5440,5440,4%,0,0%,5440,5440,0,,YouTube,5875,Trừ tiền chờ xử lý,,
26070732H02X50,Hoàn thành,Hợp lệ,2026-07-07 13:43:17,2026-07-08 14:50:14,2026-07-08 14:50:14,43471530615,Son Dưỡng Môi 3 Trong 1 Thiên Nhiên Le Petit Marseillais Siêu Cấp Ẩm Nứt Nẻ Với Bơ Hạt Mỡ Và Dầu Bơ 4.9G 2373,282645768881,Sắc Đẹp,Chăm sóc da mặt,Sản phẩm dưỡng môi,,196000,1,Đức,konosubaaaaaaaa,,175694498,,Chiến dịch mở rộng,148662,0,Đơn hàng trực tiếp,14866.2,14866.2,10%,0,0%,49688.18,49688.18,0,,Shopeelive-Shopee,16055,Trừ tiền chờ xử lý,,
26070732H02X50,Hoàn thành,Hợp lệ,2026-07-07 13:43:17,2026-07-08 14:50:14,2026-07-08 14:50:14,28830365069,Dầu Gội Thiên Nhiên Le Petit Marseillais Hữu Cơ Nhiều Mùi Hương 300ml,435970130566,Sắc Đẹp,Chăm sóc tóc,Dầu gội,,359000,1,Đức,konosubaaaaaaaa,,112918398,,Chiến dịch mở rộng,272294,0,Đơn hàng trực tiếp,24506.46,24506.46,9%,0,0%,0,0,0,,Shopeelive-Shopee,26467,Trừ tiền chờ xử lý,,
26070732H02X50,Hoàn thành,Hợp lệ,2026-07-07 13:43:17,2026-07-08 14:50:14,2026-07-08 14:50:14,29880370481,Kem Dưỡng Tay 24h Thiên Nhiên Le Petit Marseillais Nhiều Mùi Hương 75ml,129503370888,Sắc Đẹp,"Chăm sóc tay, chân & móng",Chăm sóc tay,,170000,1,Đức,konosubaaaaaaaa,,112922896,,Chiến dịch mở rộng,128944,0,Đơn hàng trực tiếp,10315.52,10315.52,8%,0,0%,0,0,0,,Shopeelive-Shopee,11141,Trừ tiền chờ xử lý,,
260707325VCA2P,Chờ xử lý,Hợp lệ,2026-07-07 13:37:04,,,25644330193,[QUÀ TẶNG KHÔNG BÁN] Bông Tạo Bọt Kì Cọ Tẩy Da Chết Màu Ngẫu Nhiên,346005340612,Nhà cửa & Đời sống,Đồ dùng phòng tắm,Bông tắm,475641850446114_0_0,0,1,Lanh Chanh Review,ngvinh445,,122682417,,Chiến dịch mở rộng,0,0,Đơn hàng gián tiếp,0,0,4%,0,0%,10007.55,10007.55,0,"Trạng thái của đơn hàng đang chờ xử lý, hoa hồng chỉ được thanh toán khi nó hoàn thành.",Facebook,0,,,
260707325VCA2P,Chờ xử lý,Hợp lệ,2026-07-07 13:37:04,,,24142870859,Sữa Tắm Thơm Lâu Le Petit Marseillais Gel 92% Thiên Nhiên Da Nhạy Cảm Nhiều Mùi Hương 650ml,350973489410,Sắc Đẹp,Tắm & chăm sóc cơ thể,Xà phòng & sữa tắm,475641850446114_0_0,353000,1,Lanh Chanh Review,ngvinh445,,112430963,,Chiến dịch mở rộng,222390,0,Đơn hàng gián tiếp,10007.55,10007.55,"4,5%",0,0%,0,0,0,"Trạng thái của đơn hàng đang chờ xử lý, hoa hồng chỉ được thanh toán khi nó hoàn thành.",Facebook,10808,Trừ tiền chờ xử lý,,
26070731KE1M7P,Chờ xử lý,Hợp lệ,2026-07-07 13:26:45,,,29880370481,Kem Dưỡng Tay 24h Thiên Nhiên Le Petit Marseillais Nhiều Mùi Hương 75ml,129503370888,Sắc Đẹp,"Chăm sóc tay, chân & móng",Chăm sóc tay,,170000,1,0puafmm8ne,0puafmm8ne,,112922896,,Chiến dịch mở rộng,149000,0,Đơn hàng gián tiếp,5960,5960,4%,0,0%,5960,5960,0,"Trạng thái của đơn hàng đang chờ xử lý, hoa hồng chỉ được thanh toán khi nó hoàn thành.",Facebook,6437,Trừ tiền chờ xử lý,,
26070731EY13D8,Chờ xử lý,Hợp lệ,2026-07-07 13:24:22,,,25644330193,[QUÀ TẶNG KHÔNG BÁN] Bông Tạo Bọt Kì Cọ Tẩy Da Chết Màu Ngẫu Nhiên,346005340612,Nhà cửa & Đời sống,Đồ dùng phòng tắm,Bông tắm,475641850446114_0_0,0,1,Nguyễn Huy Hoàng,yngyr_bjes,,122682417,,Chiến dịch mở rộng,0,0,Đơn hàng gián tiếp,0,0,4%,0,0%,9835.965,9835.965,0,"Trạng thái của đơn hàng đang chờ xử lý, hoa hồng chỉ được thanh toán khi nó hoàn thành.",Others,0,,,
26070731EY13D8,Chờ xử lý,Hợp lệ,2026-07-07 13:24:22,,,29778424340,Gel Tắm 92% Thiên Nhiên Le Petit Marseillais Dịu Nhẹ Cam Hữu Cơ & Bưởi Hữu Cơ 650ml 1868,345969840924,Sắc Đẹp,Tắm & chăm sóc cơ thể,Xà phòng & sữa tắm,475641850446114_0_0,353000,1,Nguyễn Huy Hoàng,yngyr_bjes,,109863134,,Chiến dịch mở rộng,218577,0,Đơn hàng gián tiếp,9835.965,9835.965,"4,5%",0,0%,0,0,0,"Trạng thái của đơn hàng đang chờ xử lý, hoa hồng chỉ được thanh toán khi nó hoàn thành.",Others,10623,Trừ tiền chờ xử lý,,
260707319MBBMD,Hoàn thành,Hợp lệ,2026-07-07 13:21:16,2026-07-09 06:21:09,2026-07-09 06:21:09,29480146096,Sữa Tắm Thiên Nhiên 92% Le Petit Marseillais Nhiều Mùi Hương 250ml,315970228701,Sắc Đẹp,Tắm & chăm sóc cơ thể,Xà phòng & sữa tắm,475641850446114_0_0,180000,1,aura.room,_ng.tuongvan_,,112409565,,Chiến dịch mở rộng,145800,0,Đơn hàng trực tiếp,13122,13122,9%,0,0%,13122,13122,0,,Shopeevideo-Shopee,14172,Trừ tiền chờ xử lý,,
260707319MBBMD,Hoàn thành,Hợp lệ,2026-07-07 13:21:16,2026-07-09 06:21:09,2026-07-09 06:21:09,25644330193,[QUÀ TẶNG KHÔNG BÁN] Bông Tạo Bọt Kì Cọ Tẩy Da Chết Màu Ngẫu Nhiên,346005340612,Nhà cửa & Đời sống,Đồ dùng phòng tắm,Bông tắm,475641850446114_0_0,0,1,aura.room,_ng.tuongvan_,,122682417,,Chiến dịch mở rộng,0,0,Đơn hàng trực tiếp,0,0,8%,0,0%,0,0,0,,Shopeevideo-Shopee,0,,,
26070731567N6T,Hoàn thành,Hợp lệ,2026-07-07 13:18:48,2026-07-09 07:13:14,2026-07-09 07:13:14,24142870859,Sữa Tắm Thơm Lâu Le Petit Marseillais Gel 92% Thiên Nhiên Da Nhạy Cảm Nhiều Mùi Hương 650ml,350973489410,Sắc Đẹp,Tắm & chăm sóc cơ thể,Xà phòng & sữa tắm,475641850446114_0_0,353000,1,Đặc sản miền tây,namkunz,,112430963,,Chiến dịch mở rộng,266399,0,Đơn hàng gián tiếp,11987.955,11987.955,"4,5%",0,0%,11987.955,11987.955,0,,Facebook,12947,Trừ tiền chờ xử lý,,
26070731567N6T,Hoàn thành,Hợp lệ,2026-07-07 13:18:48,2026-07-09 07:13:14,2026-07-09 07:13:14,25644330193,[QUÀ TẶNG KHÔNG BÁN] Bông Tạo Bọt Kì Cọ Tẩy Da Chết Màu Ngẫu Nhiên,346005340612,Nhà cửa & Đời sống,Đồ dùng phòng tắm,Bông tắm,475641850446114_0_0,0,1,Đặc sản miền tây,namkunz,,122682417,,Chiến dịch mở rộng,0,0,Đơn hàng gián tiếp,0,0,4%,0,0%,0,0,0,,Facebook,0,,,
26070730X8WE1K,Chờ xử lý,Hợp lệ,2026-07-07 13:14:56,,,25644330193,[QUÀ TẶNG KHÔNG BÁN] Bông Tạo Bọt Kì Cọ Tẩy Da Chết Màu Ngẫu Nhiên,346005340612,Nhà cửa & Đời sống,Đồ dùng phòng tắm,Bông tắm,475641850446114_0_0,0,1,ACCESSTRADEVN,accesstrade_banking,,122682417,,Chiến dịch mở rộng,0,0,Đơn hàng trực tiếp,0,0,8%,0,0%,18283.6,18283.6,0,"Trạng thái của đơn hàng đang chờ xử lý, hoa hồng chỉ được thanh toán khi nó hoàn thành.",Websites,0,,,
26070730X8WE1K,Chờ xử lý,Hợp lệ,2026-07-07 13:14:56,,,29328470769,Sữa Tắm  92% Thiên Nhiên Le Petit Marseillais Dịu nhẹ Sữa 650ml 0991,282645462141,Sắc Đẹp,Tắm & chăm sóc cơ thể,Xà phòng & sữa tắm,475641850446114_0_0,353000,1,ACCESSTRADEVN,accesstrade_banking,,109863142,,Chiến dịch mở rộng,228545,0,Đơn hàng trực tiếp,18283.6,18283.6,8%,0,0%,0,0,0,"Trạng thái của đơn hàng đang chờ xử lý, hoa hồng chỉ được thanh toán khi nó hoàn thành.",Websites,19746,Trừ tiền chờ xử lý,,
2607072YDRCE7A,Hoàn thành,Hợp lệ,2026-07-07 12:47:48,2026-07-08 20:29:17,2026-07-08 20:29:17,24542031515,Sữa Tắm Hữu Cơ 98% Thiên Nhiên Le Petit Marseillais Hương Quả Đào & Xuân Đào 250ml 1496,218837658818,Sắc Đẹp,Tắm & chăm sóc cơ thể,Xà phòng & sữa tắm,475641850446114_0_0,229000,1,Mua Sắm Liền Tay,sutuapto,PHMAX,109863137,,Chiến dịch mở rộng,167200,0,Đơn hàng trực tiếp,13376,13376,8%,0,0%,13376,13376,0,,Shopeelive-Shopee,14446,Trừ tiền chờ xử lý,,
2607072YDRCE7A,Hoàn thành,Hợp lệ,2026-07-07 12:47:48,2026-07-08 20:29:17,2026-07-08 20:29:17,25644330193,[QUÀ TẶNG KHÔNG BÁN] Bông Tạo Bọt Kì Cọ Tẩy Da Chết Màu Ngẫu Nhiên,346005340612,Nhà cửa & Đời sống,Đồ dùng phòng tắm,Bông tắm,475641850446114_0_0,0,1,Mua Sắm Liền Tay,sutuapto,PHMAX,122682417,,Chiến dịch mở rộng,0,0,Đơn hàng trực tiếp,0,0,8%,0,0%,0,0,0,,Shopeelive-Shopee,0,,,
2607072YD5AB53,Chờ xử lý,Hợp lệ,2026-07-07 12:47:34,,,24142870859,Sữa Tắm Thơm Lâu Le Petit Marseillais Gel 92% Thiên Nhiên Da Nhạy Cảm Nhiều Mùi Hương 650ml,350973489410,Sắc Đẹp,Tắm & chăm sóc cơ thể,Xà phòng & sữa tắm,475641850446114_0_0,353000,1,Nguyễn Trọng Phụng,o254hsh_3y,,112430963,,Chiến dịch mở rộng,259726,0,Đơn hàng gián tiếp,11687.67,11687.67,"4,5%",0,0%,11687.67,11687.67,0,"Trạng thái của đơn hàng đang chờ xử lý, hoa hồng chỉ được thanh toán khi nó hoàn thành.",Facebook,12623,Trừ tiền chờ xử lý,,
2607072YD5AB53,Chờ xử lý,Hợp lệ,2026-07-07 12:47:34,,,25644330193,[QUÀ TẶNG KHÔNG BÁN] Bông Tạo Bọt Kì Cọ Tẩy Da Chết Màu Ngẫu Nhiên,346005340612,Nhà cửa & Đời sống,Đồ dùng phòng tắm,Bông tắm,475641850446114_0_0,0,1,Nguyễn Trọng Phụng,o254hsh_3y,,122682417,,Chiến dịch mở rộng,0,0,Đơn hàng gián tiếp,0,0,4%,0,0%,0,0,0,"Trạng thái của đơn hàng đang chờ xử lý, hoa hồng chỉ được thanh toán khi nó hoàn thành.",Facebook,0,,,
2607072Y2DXAJF,Chờ xử lý,Hợp lệ,2026-07-07 12:41:28,,,27742398068,Gel Rửa Tay Thiên Nhiên 92% Le Petit Marseillais Dịu Nhẹ Lành Tính Bảo Vệ Da Nhiều Mùi Hương 300ml,350970286544,Sắc Đẹp,"Chăm sóc tay, chân & móng",Chăm sóc tay,,201000,1,Nguyễn Hồng Hà,pduc728fko,,176541211,,Chiến dịch mở rộng,106757,0,Đơn hàng trực tiếp,8540.56,8540.56,8%,0,0%,8540.56,8540.56,0,"Trạng thái của đơn hàng đang chờ xử lý, hoa hồng chỉ được thanh toán khi nó hoàn thành.",Shopeevideo-Shopee,9224,Trừ tiền chờ xử lý,,
2607072Y1VSN0M,Chờ xử lý,Hợp lệ,2026-07-07 12:41:09,,,25644330193,[QUÀ TẶNG KHÔNG BÁN] Bông Tạo Bọt Kì Cọ Tẩy Da Chết Màu Ngẫu Nhiên,346005340612,Nhà cửa & Đời sống,Đồ dùng phòng tắm,Bông tắm,475641850446114_0_0,0,1,aura.room,_ng.tuongvan_,,122682417,,Chiến dịch mở rộng,0,0,Đơn hàng trực tiếp,0,0,8%,0,0%,11664,11664,0,"Trạng thái của đơn hàng đang chờ xử lý, hoa hồng chỉ được thanh toán khi nó hoàn thành.",Shopeevideo-Shopee,0,,,
2607072Y1VSN0M,Chờ xử lý,Hợp lệ,2026-07-07 12:41:09,,,29480146096,Sữa Tắm Thiên Nhiên 92% Le Petit Marseillais Nhiều Mùi Hương 250ml,315970228700,Sắc Đẹp,Tắm & chăm sóc cơ thể,Xà phòng & sữa tắm,475641850446114_0_0,180000,1,aura.room,_ng.tuongvan_,,112409565,,Chiến dịch mở rộng,129600,0,Đơn hàng trực tiếp,11664,11664,9%,0,0%,0,0,0,"Trạng thái của đơn hàng đang chờ xử lý, hoa hồng chỉ được thanh toán khi nó hoàn thành.",Shopeevideo-Shopee,12597,Trừ tiền chờ xử lý,,
2607072Y15WRTW,Chờ xử lý,Hợp lệ,2026-07-07 12:40:45,,,24142870859,Sữa Tắm Thơm Lâu Le Petit Marseillais Gel 92% Thiên Nhiên Da Nhạy Cảm Nhiều Mùi Hương 650ml,350973489414,Sắc Đẹp,Tắm & chăm sóc cơ thể,Xà phòng & sữa tắm,475641850446114_0_0,353000,1,ngọc nguyễn ,_8ztamjz2u,,112430963,,Chiến dịch mở rộng,266399,0,Đơn hàng gián tiếp,11987.955,11987.955,"4,5%",0,0%,11987.955,11987.955,0,"Trạng thái của đơn hàng đang chờ xử lý, hoa hồng chỉ được thanh toán khi nó hoàn thành.",Instagram,12947,Trừ tiền chờ xử lý,,
2607072Y15WRTW,Chờ xử lý,Hợp lệ,2026-07-07 12:40:45,,,25644330193,[QUÀ TẶNG KHÔNG BÁN] Bông Tạo Bọt Kì Cọ Tẩy Da Chết Màu Ngẫu Nhiên,346005340612,Nhà cửa & Đời sống,Đồ dùng phòng tắm,Bông tắm,475641850446114_0_0,0,1,ngọc nguyễn ,_8ztamjz2u,,122682417,,Chiến dịch mở rộng,0,0,Đơn hàng gián tiếp,0,0,4%,0,0%,0,0,0,"Trạng thái của đơn hàng đang chờ xử lý, hoa hồng chỉ được thanh toán khi nó hoàn thành.",Instagram,0,,,
2607072XUMGHWH,Chờ xử lý,Hợp lệ,2026-07-07 12:37:39,,,29479870641,Sữa Dưỡng Thể Cao Cấp 48h 95% Thiên Nhiên Le Petit Marseillais Siêu Dịu nhẹ Hoa Hạnh Nhân Hữu Cơ 250ml 7412,320970370473,Sắc Đẹp,Tắm & chăm sóc cơ thể,Kem & sữa dưỡng thể,,309000,1,Quyền,quynxun896,,111608085,,Chiến dịch mở rộng,239920,0,Đơn hàng gián tiếp,9596.8,9596.8,4%,0,0%,22524.4,22524.4,0,"Trạng thái của đơn hàng đang chờ xử lý, hoa hồng chỉ được thanh toán khi nó hoàn thành.",Facebook,10365,Trừ tiền chờ xử lý,,
2607072XUMGHWH,Chờ xử lý,Hợp lệ,2026-07-07 12:37:39,,,27430285782,"Dưỡng Ẩm Body 24h Thiên Nhiên Le Petit Marseillais Phục Hồi Bơ Hạt Mỡ, Lô Hội & Sáp Ong 400ml 4159",345970327045,Sắc Đẹp,Tắm & chăm sóc cơ thể,Kem & sữa dưỡng thể,,370000,1,Quyền,quynxun896,,112719461,,Chiến dịch mở rộng,287280,0,Đơn hàng gián tiếp,12927.6,12927.6,"4,5%",0,0%,0,0,0,"Trạng thái của đơn hàng đang chờ xử lý, hoa hồng chỉ được thanh toán khi nó hoàn thành.",Facebook,13962,Trừ tiền chờ xử lý,,
2607072XPXRYS0,Hoàn thành,Hợp lệ,2026-07-07 12:35:03,2026-07-08 18:49:33,2026-07-08 18:49:33,24142870859,Sữa Tắm Thơm Lâu Le Petit Marseillais Gel 92% Thiên Nhiên Da Nhạy Cảm Nhiều Mùi Hương 650ml,350973489414,Sắc Đẹp,Tắm & chăm sóc cơ thể,Xà phòng & sữa tắm,475641850446114_0_0,353000,1,Hương Hương nè ᥫ᭡,huonghuongne185,,112430963,,Chiến dịch mở rộng,209085,0,Đơn hàng trực tiếp,18817.65,18817.65,9%,0,0%,18817.65,18817.65,0,,Shopeevideo-Shopee,20323,Trừ tiền chờ xử lý,,
2607072XPXRYS0,Hoàn thành,Hợp lệ,2026-07-07 12:35:03,2026-07-08 18:49:33,2026-07-08 18:49:33,25644330193,[QUÀ TẶNG KHÔNG BÁN] Bông Tạo Bọt Kì Cọ Tẩy Da Chết Màu Ngẫu Nhiên,346005340612,Nhà cửa & Đời sống,Đồ dùng phòng tắm,Bông tắm,475641850446114_0_0,0,1,Hương Hương nè ᥫ᭡,huonghuongne185,,122682417,,Chiến dịch mở rộng,0,0,Đơn hàng trực tiếp,0,0,8%,0,0%,0,0,0,,Shopeevideo-Shopee,0,,,
2607072XHH8TYJ,Chờ xử lý,Hợp lệ,2026-07-07 12:32:00,,,25644330193,[QUÀ TẶNG KHÔNG BÁN] Bông Tạo Bọt Kì Cọ Tẩy Da Chết Màu Ngẫu Nhiên,346005340612,Nhà cửa & Đời sống,Đồ dùng phòng tắm,Bông tắm,475641850446114_0_0,0,1,Chuyên review sạch,hanhikieu1709,KakaOnline,122682417,,Chiến dịch mở rộng,0,0,Đơn hàng trực tiếp,0,0,8%,0,0%,10598.4,10598.4,0,"Trạng thái của đơn hàng đang chờ xử lý, hoa hồng chỉ được thanh toán khi nó hoàn thành.",Shopeevideo-Shopee,0,,,
2607072XHH8TYJ,Chờ xử lý,Hợp lệ,2026-07-07 12:32:00,,,25692866155,Sữa Tắm Nam 4 in 1 92% Thiên Nhiên Le Petit Marseillais Nhiều Mùi Hương 250ml,345969754130,Sắc Đẹp,Chăm sóc nam giới,Sữa tắm & chăm sóc cơ thể,475641850446114_0_0,184000,1,Chuyên review sạch,hanhikieu1709,KakaOnline,112434462,,Chiến dịch mở rộng,132480,0,Đơn hàng trực tiếp,10598.4,10598.4,8%,0,0%,0,0,0,"Trạng thái của đơn hàng đang chờ xử lý, hoa hồng chỉ được thanh toán khi nó hoàn thành.",Shopeevideo-Shopee,11446,Trừ tiền chờ xử lý,,
2607072XHCGREX,Hoàn thành,Hợp lệ,2026-07-07 12:31:54,2026-07-08 11:22:12,2026-07-08 11:22:12,24142870859,Sữa Tắm Thơm Lâu Le Petit Marseillais Gel 92% Thiên Nhiên Da Nhạy Cảm Nhiều Mùi Hương 650ml,350973489410,Sắc Đẹp,Tắm & chăm sóc cơ thể,Xà phòng & sữa tắm,475641850446114_0_0,353000,1,Nguyễn Duy Linh,kietngao889,,112430963,,Chiến dịch mở rộng,259640,0,Đơn hàng trực tiếp,23367.6,23367.6,9%,0,0%,23367.6,23367.6,0,,Shopeevideo-Shopee,25237,Trừ tiền chờ xử lý,,
2607072XHCGREX,Hoàn thành,Hợp lệ,2026-07-07 12:31:54,2026-07-08 11:22:12,2026-07-08 11:22:12,25644330193,[QUÀ TẶNG KHÔNG BÁN] Bông Tạo Bọt Kì Cọ Tẩy Da Chết Màu Ngẫu Nhiên,346005340612,Nhà cửa & Đời sống,Đồ dùng phòng tắm,Bông tắm,475641850446114_0_0,0,1,Nguyễn Duy Linh,kietngao889,,122682417,,Chiến dịch mở rộng,0,0,Đơn hàng trực tiếp,0,0,8%,0,0%,0,0,0,,Shopeevideo-Shopee,0,,,
2607072XFDHU05,Chờ xử lý,Hợp lệ,2026-07-07 12:30:56,,,25644330193,[QUÀ TẶNG KHÔNG BÁN] Bông Tạo Bọt Kì Cọ Tẩy Da Chết Màu Ngẫu Nhiên,346005340612,Nhà cửa & Đời sống,Đồ dùng phòng tắm,Bông tắm,475641850446114_0_0,0,1,Đồ hot,tiemnhabinbo2015,,122682417,,Chiến dịch mở rộng,0,0,Đơn hàng trực tiếp,0,0,8%,0,0%,21715.2,21715.2,0,"Trạng thái của đơn hàng đang chờ xử lý, hoa hồng chỉ được thanh toán khi nó hoàn thành.",Shopeevideo-Shopee,0,,,
2607072XFDHU05,Chờ xử lý,Hợp lệ,2026-07-07 12:30:56,,,25692866155,Sữa Tắm Nam 4 in 1 92% Thiên Nhiên Le Petit Marseillais Nhiều Mùi Hương 250ml,345969754130,Sắc Đẹp,Chăm sóc nam giới,Sữa tắm & chăm sóc cơ thể,475641850446114_0_0,184000,1,Đồ hot,tiemnhabinbo2015,,112434462,,Chiến dịch mở rộng,135720,0,Đơn hàng trực tiếp,10857.6,10857.6,8%,0,0%,0,0,0,"Trạng thái của đơn hàng đang chờ xử lý, hoa hồng chỉ được thanh toán khi nó hoàn thành.",Shopeevideo-Shopee,11726,Trừ tiền chờ xử lý,,
2607072XFDHU05,Chờ xử lý,Hợp lệ,2026-07-07 12:30:56,,,25692866155,Sữa Tắm Nam 4 in 1 92% Thiên Nhiên Le Petit Marseillais Nhiều Mùi Hương 250ml,345969754134,Sắc Đẹp,Chăm sóc nam giới,Sữa tắm & chăm sóc cơ thể,475641850446114_0_0,184000,1,Đồ hot,tiemnhabinbo2015,,112434462,,Chiến dịch mở rộng,135720,0,Đơn hàng trực tiếp,10857.6,10857.6,8%,0,0%,0,0,0,"Trạng thái của đơn hàng đang chờ xử lý, hoa hồng chỉ được thanh toán khi nó hoàn thành.",Shopeevideo-Shopee,11726,Trừ tiền chờ xử lý,,
2607072XFGEDQE,Chờ xử lý,Hợp lệ,2026-07-07 12:30:52,,,24142870859,Sữa Tắm Thơm Lâu Le Petit Marseillais Gel 92% Thiên Nhiên Da Nhạy Cảm Nhiều Mùi Hương 650ml,350973489412,Sắc Đẹp,Tắm & chăm sóc cơ thể,Xà phòng & sữa tắm,475641850446114_0_0,353000,1,Hương Hương nè ᥫ᭡,huonghuongne185,,112430963,,Chiến dịch mở rộng,259740,0,Đơn hàng trực tiếp,23376.6,23376.6,9%,0,0%,23376.6,23376.6,0,"Trạng thái của đơn hàng đang chờ xử lý, hoa hồng chỉ được thanh toán khi nó hoàn thành.",Shopeevideo-Shopee,25247,Trừ tiền chờ xử lý,,
2607072XFGEDQE,Chờ xử lý,Hợp lệ,2026-07-07 12:30:52,,,25644330193,[QUÀ TẶNG KHÔNG BÁN] Bông Tạo Bọt Kì Cọ Tẩy Da Chết Màu Ngẫu Nhiên,346005340612,Nhà cửa & Đời sống,Đồ dùng phòng tắm,Bông tắm,475641850446114_0_0,0,1,Hương Hương nè ᥫ᭡,huonghuongne185,,122682417,,Chiến dịch mở rộng,0,0,Đơn hàng trực tiếp,0,0,8%,0,0%,0,0,0,"Trạng thái của đơn hàng đang chờ xử lý, hoa hồng chỉ được thanh toán khi nó hoàn thành.",Shopeevideo-Shopee,0,,,
2607072WYCDJ8T,Chờ xử lý,Hợp lệ,2026-07-07 12:21:51,,,24142870859,Sữa Tắm Thơm Lâu Le Petit Marseillais Gel 92% Thiên Nhiên Da Nhạy Cảm Nhiều Mùi Hương 650ml,350973489406,Sắc Đẹp,Tắm & chăm sóc cơ thể,Xà phòng & sữa tắm,475641850446114_0_0,353000,1,Hương Hương nè ᥫ᭡,huonghuongne185,,112430963,,Chiến dịch mở rộng,259740,0,Đơn hàng trực tiếp,23376.6,23376.6,9%,0,0%,23376.6,23376.6,0,"Trạng thái của đơn hàng đang chờ xử lý, hoa hồng chỉ được thanh toán khi nó hoàn thành.",Shopeevideo-Shopee,25247,Trừ tiền chờ xử lý,,
2607072WYCDJ8T,Chờ xử lý,Hợp lệ,2026-07-07 12:21:51,,,25644330193,[QUÀ TẶNG KHÔNG BÁN] Bông Tạo Bọt Kì Cọ Tẩy Da Chết Màu Ngẫu Nhiên,346005340612,Nhà cửa & Đời sống,Đồ dùng phòng tắm,Bông tắm,475641850446114_0_0,0,1,Hương Hương nè ᥫ᭡,huonghuongne185,,122682417,,Chiến dịch mở rộng,0,0,Đơn hàng trực tiếp,0,0,8%,0,0%,0,0,0,"Trạng thái của đơn hàng đang chờ xử lý, hoa hồng chỉ được thanh toán khi nó hoàn thành.",Shopeevideo-Shopee,0,,,
2607072WY4U2JU,Hoàn thành,Hợp lệ,2026-07-07 12:21:45,2026-07-08 20:21:16,2026-07-08 20:21:16,24142870859,Sữa Tắm Thơm Lâu Le Petit Marseillais Gel 92% Thiên Nhiên Da Nhạy Cảm Nhiều Mùi Hương 650ml,350973489409,Sắc Đẹp,Tắm & chăm sóc cơ thể,Xà phòng & sữa tắm,475641850446114_0_0,353000,1,Hương Hương nè ᥫ᭡,huonghuongne185,,112430963,,Chiến dịch mở rộng,259739,0,Đơn hàng trực tiếp,23376.51,23376.51,9%,0,0%,23376.51,23376.51,0,,Shopeevideo-Shopee,25247,Trừ tiền chờ xử lý,,
2607072WY4U2JU,Hoàn thành,Hợp lệ,2026-07-07 12:21:45,2026-07-08 20:21:16,2026-07-08 20:21:16,25644330193,[QUÀ TẶNG KHÔNG BÁN] Bông Tạo Bọt Kì Cọ Tẩy Da Chết Màu Ngẫu Nhiên,346005340612,Nhà cửa & Đời sống,Đồ dùng phòng tắm,Bông tắm,475641850446114_0_0,0,1,Hương Hương nè ᥫ᭡,huonghuongne185,,122682417,,Chiến dịch mở rộng,0,0,Đơn hàng trực tiếp,0,0,8%,0,0%,0,0,0,,Shopeevideo-Shopee,0,,,
2607072WVVBMKA,Hoàn thành,Hợp lệ,2026-07-07 12:20:29,2026-07-08 18:52:23,2026-07-08 18:52:23,24142870859,Sữa Tắm Thơm Lâu Le Petit Marseillais Gel 92% Thiên Nhiên Da Nhạy Cảm Nhiều Mùi Hương 650ml,350973489402,Sắc Đẹp,Tắm & chăm sóc cơ thể,Xà phòng & sữa tắm,475641850446114_0_0,353000,1,mangosteen.skincare,dieunhung2003,,112430963,,Chiến dịch mở rộng,266400,0,Đơn hàng gián tiếp,11988,11988,"4,5%",0,0%,11988,11988,0,,Instagram,12947,Trừ tiền chờ xử lý,,
2607072WVVBMKA,Hoàn thành,Hợp lệ,2026-07-07 12:20:29,2026-07-08 18:52:23,2026-07-08 18:52:23,25644330193,[QUÀ TẶNG KHÔNG BÁN] Bông Tạo Bọt Kì Cọ Tẩy Da Chết Màu Ngẫu Nhiên,346005340612,Nhà cửa & Đời sống,Đồ dùng phòng tắm,Bông tắm,475641850446114_0_0,0,1,mangosteen.skincare,dieunhung2003,,122682417,,Chiến dịch mở rộng,0,0,Đơn hàng gián tiếp,0,0,4%,0,0%,0,0,0,,Instagram,0,,,
2607072WRPV3K2,Chờ xử lý,Hợp lệ,2026-07-07 12:18:07,,,24142870859,Sữa Tắm Thơm Lâu Le Petit Marseillais Gel 92% Thiên Nhiên Da Nhạy Cảm Nhiều Mùi Hương 650ml,350973489402,Sắc Đẹp,Tắm & chăm sóc cơ thể,Xà phòng & sữa tắm,475641850446114_0_0,353000,1,Trong Clip có mã VIP,thuythuy9992,,112430963,,Chiến dịch mở rộng,209085,0,Đơn hàng trực tiếp,18817.65,18817.65,9%,0,0%,18817.65,18817.65,0,"Trạng thái của đơn hàng đang chờ xử lý, hoa hồng chỉ được thanh toán khi nó hoàn thành.",Shopeevideo-Shopee,20323,Trừ tiền chờ xử lý,,
2607072WRPV3K2,Chờ xử lý,Hợp lệ,2026-07-07 12:18:07,,,25644330193,[QUÀ TẶNG KHÔNG BÁN] Bông Tạo Bọt Kì Cọ Tẩy Da Chết Màu Ngẫu Nhiên,346005340612,Nhà cửa & Đời sống,Đồ dùng phòng tắm,Bông tắm,475641850446114_0_0,0,1,Trong Clip có mã VIP,thuythuy9992,,122682417,,Chiến dịch mở rộng,0,0,Đơn hàng trực tiếp,0,0,8%,0,0%,0,0,0,"Trạng thái của đơn hàng đang chờ xử lý, hoa hồng chỉ được thanh toán khi nó hoàn thành.",Shopeevideo-Shopee,0,,,
2607072WRH2TSK,Chờ xử lý,Hợp lệ,2026-07-07 12:18:02,,,24142870859,Sữa Tắm Thơm Lâu Le Petit Marseillais Gel 92% Thiên Nhiên Da Nhạy Cảm Nhiều Mùi Hương 650ml,350973489410,Sắc Đẹp,Tắm & chăm sóc cơ thể,Xà phòng & sữa tắm,475641850446114_0_0,353000,1,CASE,ngahoang2606,,112430963,,Chiến dịch mở rộng,241986,0,Đơn hàng trực tiếp,21778.74,21778.74,9%,0,0%,107632.71,107632.71,0,"Trạng thái của đơn hàng đang chờ xử lý, hoa hồng chỉ được thanh toán khi nó hoàn thành.",Websites,23521,Trừ tiền chờ xử lý,,
2607072WRH2TSK,Chờ xử lý,Hợp lệ,2026-07-07 12:18:02,,,25644330193,[QUÀ TẶNG KHÔNG BÁN] Bông Tạo Bọt Kì Cọ Tẩy Da Chết Màu Ngẫu Nhiên,346005340612,Nhà cửa & Đời sống,Đồ dùng phòng tắm,Bông tắm,475641850446114_0_0,0,1,CASE,ngahoang2606,,122682417,,Chiến dịch mở rộng,0,0,Đơn hàng trực tiếp,0,0,8%,0,0%,0,0,0,"Trạng thái của đơn hàng đang chờ xử lý, hoa hồng chỉ được thanh toán khi nó hoàn thành.",Websites,0,,,
2607072WRH2TSK,Chờ xử lý,Hợp lệ,2026-07-07 12:18:02,,,27292388392,Dầu Xả Dưỡng Tóc Le Petit Marseillais Thiên Nhiên 95% Với Mật Ong & Bơ Hạt Mỡ 200ml 1909,292645784932,Sắc Đẹp,Chăm sóc tóc,Dầu xả,,253000,1,CASE,ngahoang2606,,176523305,,Chiến dịch mở rộng,173435,0,Đơn hàng trực tiếp,13874.8,13874.8,8%,0,0%,0,0,0,"Trạng thái của đơn hàng đang chờ xử lý, hoa hồng chỉ được thanh toán khi nó hoàn thành.",Websites,14985,Trừ tiền chờ xử lý,,
2607072WRH2TSK,Chờ xử lý,Hợp lệ,2026-07-07 12:18:02,,,28879266618,Gel Tắm 98% Thiên Nhiên Le Petit Marseillais Làm Mềm Da Siêu Dịu Nhẹ Hương Hoa Hạnh Nhân 400ml 5055,440969868569,Sắc Đẹp,Tắm & chăm sóc cơ thể,Xà phòng & sữa tắm,475641850446114_0_0,300000,1,CASE,ngahoang2606,,110243946,,Chiến dịch mở rộng,205654,0,Đơn hàng trực tiếp,16452.32,16452.32,8%,0,0%,0,0,0,"Trạng thái của đơn hàng đang chờ xử lý, hoa hồng chỉ được thanh toán khi nó hoàn thành.",Websites,17769,Trừ tiền chờ xử lý,,
2607072WRH2TSK,Chờ xử lý,Hợp lệ,2026-07-07 12:18:02,,,42422207632,Dầu Xả Dưỡng Tóc Thiên Nhiên 95% Le Petit Marseillais Dịu Nhẹ Siêu Mềm Mượt Nhiều Mùi Hương 200ml,297646808535,Sắc Đẹp,Chăm sóc tóc,Dầu xả,,194000,1,CASE,ngahoang2606,,176556107,,Chiến dịch mở rộng,132993,0,Đơn hàng trực tiếp,11969.37,11969.37,9%,0,0%,0,0,0,"Trạng thái của đơn hàng đang chờ xử lý, hoa hồng chỉ được thanh toán khi nó hoàn thành.",Websites,12927,Trừ tiền chờ xử lý,,
2607072WRH2TSK,Chờ xử lý,Hợp lệ,2026-07-07 12:18:02,,,24142870859,Sữa Tắm Thơm Lâu Le Petit Marseillais Gel 92% Thiên Nhiên Da Nhạy Cảm Nhiều Mùi Hương 650ml,350973489405,Sắc Đẹp,Tắm & chăm sóc cơ thể,Xà phòng & sữa tắm,475641850446114_0_0,353000,1,CASE,ngahoang2606,,112430963,,Chiến dịch mở rộng,241986,0,Đơn hàng trực tiếp,21778.74,21778.74,9%,0,0%,0,0,0,"Trạng thái của đơn hàng đang chờ xử lý, hoa hồng chỉ được thanh toán khi nó hoàn thành.",Websites,23521,Trừ tiền chờ xử lý,,
2607072WRH2TSK,Chờ xử lý,Hợp lệ,2026-07-07 12:18:02,,,24142870859,Sữa Tắm Thơm Lâu Le Petit Marseillais Gel 92% Thiên Nhiên Da Nhạy Cảm Nhiều Mùi Hương 650ml,350973489406,Sắc Đẹp,Tắm & chăm sóc cơ thể,Xà phòng & sữa tắm,475641850446114_0_0,353000,1,CASE,ngahoang2606,,112430963,,Chiến dịch mở rộng,241986,0,Đơn hàng trực tiếp,21778.74,21778.74,9%,0,0%,0,0,0,"Trạng thái của đơn hàng đang chờ xử lý, hoa hồng chỉ được thanh toán khi nó hoàn thành.",Websites,23521,Trừ tiền chờ xử lý,,
2607072WPCE70Y,Hoàn thành,Hợp lệ,2026-07-07 12:16:49,2026-07-08 17:10:05,2026-07-08 17:10:05,25644330193,[QUÀ TẶNG KHÔNG BÁN] Bông Tạo Bọt Kì Cọ Tẩy Da Chết Màu Ngẫu Nhiên,346005340612,Nhà cửa & Đời sống,Đồ dùng phòng tắm,Bông tắm,475641850446114_0_0,0,1,Chuyên review sạch,hanhikieu1709,KakaOnline,122682417,,Chiến dịch mở rộng,0,0,Đơn hàng trực tiếp,0,0,8%,0,0%,10333.44,10333.44,0,,Shopeevideo-Shopee,0,,,
2607072WPCE70Y,Hoàn thành,Hợp lệ,2026-07-07 12:16:49,2026-07-08 17:10:05,2026-07-08 17:10:05,25692866155,Sữa Tắm Nam 4 in 1 92% Thiên Nhiên Le Petit Marseillais Nhiều Mùi Hương 250ml,345969754133,Sắc Đẹp,Chăm sóc nam giới,Sữa tắm & chăm sóc cơ thể,475641850446114_0_0,184000,1,Chuyên review sạch,hanhikieu1709,KakaOnline,112434462,,Chiến dịch mở rộng,129168,0,Đơn hàng trực tiếp,10333.44,10333.44,8%,0,0%,0,0,0,,Shopeevideo-Shopee,11160,Trừ tiền chờ xử lý,,
2607072WDXJEYH,Chờ xử lý,Hợp lệ,2026-07-07 12:12:08,,,29680365284,Dầu Gội Thiên Nhiên Le Petit Marseillais Hữu Cơ Nhiều Mùi Hương 250ml,370971985648,Sắc Đẹp,Chăm sóc tóc,Dầu gội,,236000,1,appmontize3,appmontize3,,112920799,,Chiến dịch mở rộng,186950,0,Đơn hàng gián tiếp,8412.75,8412.75,"4,5%",0,0%,20996.1,20996.1,0,"Trạng thái của đơn hàng đang chờ xử lý, hoa hồng chỉ được thanh toán khi nó hoàn thành.",Websites,9086,Trừ tiền chờ xử lý,,
2607072WDXJEYH,Chờ xử lý,Hợp lệ,2026-07-07 12:12:08,,,24142870859,Sữa Tắm Thơm Lâu Le Petit Marseillais Gel 92% Thiên Nhiên Da Nhạy Cảm Nhiều Mùi Hương 650ml,350973489410,Sắc Đẹp,Tắm & chăm sóc cơ thể,Xà phòng & sữa tắm,475641850446114_0_0,353000,1,appmontize3,appmontize3,,112430963,,Chiến dịch mở rộng,279630,0,Đơn hàng gián tiếp,12583.35,12583.35,"4,5%",0,0%,0,0,0,"Trạng thái của đơn hàng đang chờ xử lý, hoa hồng chỉ được thanh toán khi nó hoàn thành.",Websites,13590,Trừ tiền chờ xử lý,,
2607072WDXJEYH,Chờ xử lý,Hợp lệ,2026-07-07 12:12:08,,,25644330193,[QUÀ TẶNG KHÔNG BÁN] Bông Tạo Bọt Kì Cọ Tẩy Da Chết Màu Ngẫu Nhiên,346005340612,Nhà cửa & Đời sống,Đồ dùng phòng tắm,Bông tắm,475641850446114_0_0,0,1,appmontize3,appmontize3,,122682417,,Chiến dịch mở rộng,0,0,Đơn hàng gián tiếp,0,0,4%,0,0%,0,0,0,"Trạng thái của đơn hàng đang chờ xử lý, hoa hồng chỉ được thanh toán khi nó hoàn thành.",Websites,0,,,
2607072VUSQSFW,Chờ xử lý,Hợp lệ,2026-07-07 12:01:58,,,24142870859,Sữa Tắm Thơm Lâu Le Petit Marseillais Gel 92% Thiên Nhiên Da Nhạy Cảm Nhiều Mùi Hương 650ml,350973489407,Sắc Đẹp,Tắm & chăm sóc cơ thể,Xà phòng & sữa tắm,475641850446114_0_0,353000,1,Mẹ Bo thúi,thanhthao212,,112430963,,Chiến dịch mở rộng,222950,0,Đơn hàng trực tiếp,20065.5,20065.5,9%,0,0%,40131,40131,0,"Trạng thái của đơn hàng đang chờ xử lý, hoa hồng chỉ được thanh toán khi nó hoàn thành.",Zalo,21671,Trừ tiền chờ xử lý,,
2607072VUSQSFW,Chờ xử lý,Hợp lệ,2026-07-07 12:01:58,,,25644330193,[QUÀ TẶNG KHÔNG BÁN] Bông Tạo Bọt Kì Cọ Tẩy Da Chết Màu Ngẫu Nhiên,346005340612,Nhà cửa & Đời sống,Đồ dùng phòng tắm,Bông tắm,475641850446114_0_0,0,1,Mẹ Bo thúi,thanhthao212,,122682417,,Chiến dịch mở rộng,0,0,Đơn hàng trực tiếp,0,0,8%,0,0%,0,0,0,"Trạng thái của đơn hàng đang chờ xử lý, hoa hồng chỉ được thanh toán khi nó hoàn thành.",Zalo,0,,,
2607072VUSQSFW,Chờ xử lý,Hợp lệ,2026-07-07 12:01:58,,,24142870859,Sữa Tắm Thơm Lâu Le Petit Marseillais Gel 92% Thiên Nhiên Da Nhạy Cảm Nhiều Mùi Hương 650ml,350973489405,Sắc Đẹp,Tắm & chăm sóc cơ thể,Xà phòng & sữa tắm,475641850446114_0_0,353000,1,Mẹ Bo thúi,thanhthao212,,112430963,,Chiến dịch mở rộng,222950,0,Đơn hàng trực tiếp,20065.5,20065.5,9%,0,0%,0,0,0,"Trạng thái của đơn hàng đang chờ xử lý, hoa hồng chỉ được thanh toán khi nó hoàn thành.",Zalo,21671,Trừ tiền chờ xử lý,,
2607072VU9J64X,Chờ xử lý,Hợp lệ,2026-07-07 12:01:41,,,25644330193,[QUÀ TẶNG KHÔNG BÁN] Bông Tạo Bọt Kì Cọ Tẩy Da Chết Màu Ngẫu Nhiên,346005340612,Nhà cửa & Đời sống,Đồ dùng phòng tắm,Bông tắm,475641850446114_0_0,0,1,ACCESSTRADEVN,accesstrade_banking,,122682417,,Chiến dịch mở rộng,0,0,Đơn hàng trực tiếp,0,0,8%,0,0%,6602.4,6602.4,0,"Trạng thái của đơn hàng đang chờ xử lý, hoa hồng chỉ được thanh toán khi nó hoàn thành.",Websites,0,,,
2607072VU9J64X,Chờ xử lý,Hợp lệ,2026-07-07 12:01:41,,,27877881563,Sữa Tắm Hoa Hồng Dại Le Petit Marseillais Hữu Cơ 98% Thiên Nhiên 250ml 8867,375970386123,Sắc Đẹp,Tắm & chăm sóc cơ thể,Xà phòng & sữa tắm,475641850446114_0_0,229000,1,ACCESSTRADEVN,accesstrade_banking,,109863152,,Chiến dịch mở rộng,82530,0,Đơn hàng trực tiếp,6602.4,6602.4,8%,0,0%,0,0,0,"Trạng thái của đơn hàng đang chờ xử lý, hoa hồng chỉ được thanh toán khi nó hoàn thành.",Websites,7131,Trừ tiền chờ xử lý,,
2607072VFJSDR2,Chờ xử lý,Hợp lệ,2026-07-07 11:55:08,,,40672203767,Hộp 4 Bánh Xà Phòng Thiên Nhiên Le Petit Marseillais Dịu Nhẹ Lành Tính Nhiều Mùi Hương 4x100g,167403448465,Sắc Đẹp,Tắm & chăm sóc cơ thể,Xà phòng & sữa tắm,,220000,1,ÉnorDia,grylls105,,176551991,,Chiến dịch mở rộng,132440,0,Đơn hàng gián tiếp,5959.8,5959.8,"4,5%",0,0%,5959.8,5959.8,0,"Trạng thái của đơn hàng đang chờ xử lý, hoa hồng chỉ được thanh toán khi nó hoàn thành.",Instagram,6437,Trừ tiền chờ xử lý,,
2607072V61KVU2,Hoàn thành,Hợp lệ,2026-07-07 11:49:48,2026-07-09 00:24:53,2026-07-09 00:24:53,25692866155,Sữa Tắm Nam 4 in 1 92% Thiên Nhiên Le Petit Marseillais Nhiều Mùi Hương 250ml,345969754130,Sắc Đẹp,Chăm sóc nam giới,Sữa tắm & chăm sóc cơ thể,475641850446114_0_0,184000,1,Nguyễn Quỳnh Anh,nguyenthiquynhanh2811,,112434462,,Chiến dịch mở rộng,132480,0,Đơn hàng gián tiếp,5299.2,5299.2,4%,0,0%,5299.2,5299.2,0,,Instagram,5723,Trừ tiền chờ xử lý,,
2607072V61KVU2,Hoàn thành,Hợp lệ,2026-07-07 11:49:48,2026-07-09 00:24:53,2026-07-09 00:24:53,25644330193,[QUÀ TẶNG KHÔNG BÁN] Bông Tạo Bọt Kì Cọ Tẩy Da Chết Màu Ngẫu Nhiên,346005340612,Nhà cửa & Đời sống,Đồ dùng phòng tắm,Bông tắm,475641850446114_0_0,0,1,Nguyễn Quỳnh Anh,nguyenthiquynhanh2811,,122682417,,Chiến dịch mở rộng,0,0,Đơn hàng gián tiếp,0,0,4%,0,0%,0,0,0,,Instagram,0,,,
2607072UQG6PR0,Chờ xử lý,Hợp lệ,2026-07-07 11:41:40,,,25692866155,Sữa Tắm Nam 4 in 1 92% Thiên Nhiên Le Petit Marseillais Nhiều Mùi Hương 250ml,345969754130,Sắc Đẹp,Chăm sóc nam giới,Sữa tắm & chăm sóc cơ thể,475641850446114_0_0,184000,1,Ngô Khánh Linh ,khanhlinh123qn,,112434462,,Chiến dịch mở rộng,110768,0,Đơn hàng trực tiếp,8861.44,8861.44,8%,0,0%,8861.44,8861.44,0,"Trạng thái của đơn hàng đang chờ xử lý, hoa hồng chỉ được thanh toán khi nó hoàn thành.",Shopeelive-Shopee,9570,Trừ tiền chờ xử lý,,
2607072UQG6PR0,Chờ xử lý,Hợp lệ,2026-07-07 11:41:40,,,25644330193,[QUÀ TẶNG KHÔNG BÁN] Bông Tạo Bọt Kì Cọ Tẩy Da Chết Màu Ngẫu Nhiên,346005340612,Nhà cửa & Đời sống,Đồ dùng phòng tắm,Bông tắm,475641850446114_0_0,0,1,Ngô Khánh Linh ,khanhlinh123qn,,122682417,,Chiến dịch mở rộng,0,0,Đơn hàng trực tiếp,0,0,8%,0,0%,0,0,0,"Trạng thái của đơn hàng đang chờ xử lý, hoa hồng chỉ được thanh toán khi nó hoàn thành.",Shopeelive-Shopee,0,,,
2607072UJ1NG8H,Chờ xử lý,Hợp lệ,2026-07-07 11:38:37,,,24142870859,Sữa Tắm Thơm Lâu Le Petit Marseillais Gel 92% Thiên Nhiên Da Nhạy Cảm Nhiều Mùi Hương 650ml,350973489412,Sắc Đẹp,Tắm & chăm sóc cơ thể,Xà phòng & sữa tắm,475641850446114_0_0,353000,1,Hương Hương nè ᥫ᭡,huonghuongne185,,112430963,,Chiến dịch mở rộng,235640,0,Đơn hàng trực tiếp,21207.6,21207.6,9%,0,0%,21207.6,21207.6,0,"Trạng thái của đơn hàng đang chờ xử lý, hoa hồng chỉ được thanh toán khi nó hoàn thành.",Shopeevideo-Shopee,22904,Trừ tiền chờ xử lý,,
2607072UJ1NG8H,Chờ xử lý,Hợp lệ,2026-07-07 11:38:37,,,25644330193,[QUÀ TẶNG KHÔNG BÁN] Bông Tạo Bọt Kì Cọ Tẩy Da Chết Màu Ngẫu Nhiên,346005340612,Nhà cửa & Đời sống,Đồ dùng phòng tắm,Bông tắm,475641850446114_0_0,0,1,Hương Hương nè ᥫ᭡,huonghuongne185,,122682417,,Chiến dịch mở rộng,0,0,Đơn hàng trực tiếp,0,0,8%,0,0%,0,0,0,"Trạng thái của đơn hàng đang chờ xử lý, hoa hồng chỉ được thanh toán khi nó hoàn thành.",Shopeevideo-Shopee,0,,,
2607072U74NV8U,Chờ xử lý,Hợp lệ,2026-07-07 11:32:29,,,25644330193,[QUÀ TẶNG KHÔNG BÁN] Bông Tạo Bọt Kì Cọ Tẩy Da Chết Màu Ngẫu Nhiên,346005340612,Nhà cửa & Đời sống,Đồ dùng phòng tắm,Bông tắm,475641850446114_0_0,0,1,ACCESSTRADEVN,accesstrade_banking,,122682417,,Chiến dịch mở rộng,0,0,Đơn hàng trực tiếp,0,0,8%,0,0%,23976,23976,0,"Trạng thái của đơn hàng đang chờ xử lý, hoa hồng chỉ được thanh toán khi nó hoàn thành.",Websites,0,,,
2607072U74NV8U,Chờ xử lý,Hợp lệ,2026-07-07 11:32:29,,,24142870859,Sữa Tắm Thơm Lâu Le Petit Marseillais Gel 92% Thiên Nhiên Da Nhạy Cảm Nhiều Mùi Hương 650ml,350973489410,Sắc Đẹp,Tắm & chăm sóc cơ thể,Xà phòng & sữa tắm,475641850446114_0_0,353000,1,ACCESSTRADEVN,accesstrade_banking,,112430963,,Chiến dịch mở rộng,266400,0,Đơn hàng trực tiếp,23976,23976,9%,0,0%,0,0,0,"Trạng thái của đơn hàng đang chờ xử lý, hoa hồng chỉ được thanh toán khi nó hoàn thành.",Websites,25894,Trừ tiền chờ xử lý,,
2607072U1P2RU0,Chờ xử lý,Hợp lệ,2026-07-07 11:29:27,,,42422207632,Dầu Xả Dưỡng Tóc Thiên Nhiên 95% Le Petit Marseillais Dịu Nhẹ Siêu Mềm Mượt Nhiều Mùi Hương 200ml,297646808535,Sắc Đẹp,Chăm sóc tóc,Dầu xả,,194000,1,user9568154207506,1zm_ey3ugj,Passio,176556107,,Chiến dịch mở rộng,110417,0,Đơn hàng gián tiếp,4968.765,4968.765,"4,5%",0,0%,4968.765,4968.765,0,"Trạng thái của đơn hàng đang chờ xử lý, hoa hồng chỉ được thanh toán khi nó hoàn thành.",Facebook,5366,Trừ tiền chờ xử lý,,
2607072TJ9YQ6U,Chờ xử lý,Hợp lệ,2026-07-07 11:20:51,,,24142870859,Sữa Tắm Thơm Lâu Le Petit Marseillais Gel 92% Thiên Nhiên Da Nhạy Cảm Nhiều Mùi Hương 650ml,350973489405,Sắc Đẹp,Tắm & chăm sóc cơ thể,Xà phòng & sữa tắm,475641850446114_0_0,353000,1,Hương Hương nè ᥫ᭡,huonghuongne185,,112430963,,Chiến dịch mở rộng,266400,0,Đơn hàng trực tiếp,23976,23976,9%,0,0%,23976,23976,0,"Trạng thái của đơn hàng đang chờ xử lý, hoa hồng chỉ được thanh toán khi nó hoàn thành.",Shopeevideo-Shopee,25894,Trừ tiền chờ xử lý,,
2607072TJ9YQ6U,Chờ xử lý,Hợp lệ,2026-07-07 11:20:51,,,25644330193,[QUÀ TẶNG KHÔNG BÁN] Bông Tạo Bọt Kì Cọ Tẩy Da Chết Màu Ngẫu Nhiên,346005340612,Nhà cửa & Đời sống,Đồ dùng phòng tắm,Bông tắm,475641850446114_0_0,0,1,Hương Hương nè ᥫ᭡,huonghuongne185,,122682417,,Chiến dịch mở rộng,0,0,Đơn hàng trực tiếp,0,0,8%,0,0%,0,0,0,"Trạng thái của đơn hàng đang chờ xử lý, hoa hồng chỉ được thanh toán khi nó hoàn thành.",Shopeevideo-Shopee,0,,,
2607072TCPPD1W,Chờ xử lý,Hợp lệ,2026-07-07 11:17:43,,,40150321685,Dầu Gội Trẻ Em 2in1 94% Thiên Nhiên Le Petit Marseillais Giúp Gỡ Rối Tóc Chiết Xuất Quả Mâm Xôi & Bông 300ml 0442,310970725469,Mẹ & Bé,Đồ dùng phòng tắm & Chăm sóc cơ thể bé,Sản phẩm tắm & gội cho bé,,281000,1,ACCESSTRADEVN,accesstrade_banking,,128185567,,Chiến dịch mở rộng,208520,0,Đơn hàng trực tiếp,16681.6,16681.6,8%,0,0%,16681.6,16681.6,0,"Trạng thái của đơn hàng đang chờ xử lý, hoa hồng chỉ được thanh toán khi nó hoàn thành.",Websites,18016,Trừ tiền chờ xử lý,,
2607072TACB49K,Chờ xử lý,Hợp lệ,2026-07-07 11:16:26,,,29680365284,Dầu Gội Thiên Nhiên Le Petit Marseillais Hữu Cơ Nhiều Mùi Hương 250ml,370971985646,Sắc Đẹp,Chăm sóc tóc,Dầu gội,,236000,1,Chính Nghĩa,calachinh,,112920799,,Chiến dịch mở rộng,181440,0,Đơn hàng gián tiếp,8164.8,8164.8,"4,5%",0,0%,8164.8,8164.8,0,"Trạng thái của đơn hàng đang chờ xử lý, hoa hồng chỉ được thanh toán khi nó hoàn thành.",Facebook,8818,Trừ tiền chờ xử lý,,
2607072T32PRNJ,Hoàn thành,Hợp lệ,2026-07-07 11:12:21,2026-07-08 16:27:37,2026-07-08 16:27:37,25644330193,[QUÀ TẶNG KHÔNG BÁN] Bông Tạo Bọt Kì Cọ Tẩy Da Chết Màu Ngẫu Nhiên,346005340612,Nhà cửa & Đời sống,Đồ dùng phòng tắm,Bông tắm,475641850446114_0_0,0,1,Baby Club - Tất cả dành cho bé,munbaby0904,,122682417,,Chiến dịch mở rộng,0,0,Đơn hàng gián tiếp,0,0,4%,0,0%,6840,6840,0,,Facebook,0,,,
2607072T32PRNJ,Hoàn thành,Hợp lệ,2026-07-07 11:12:21,2026-07-08 16:27:37,2026-07-08 16:27:37,29480146096,Sữa Tắm Thiên Nhiên 92% Le Petit Marseillais Nhiều Mùi Hương 250ml,310970228930,Sắc Đẹp,Tắm & chăm sóc cơ thể,Xà phòng & sữa tắm,475641850446114_0_0,180000,1,Baby Club - Tất cả dành cho bé,munbaby0904,,112409565,,Chiến dịch mở rộng,152000,0,Đơn hàng gián tiếp,6840,6840,"4,5%",0,0%,0,0,0,,Facebook,7387,Trừ tiền chờ xử lý,,
2607072SET6CP2,Chờ xử lý,Hợp lệ,2026-07-07 11:01:01,,,42972196728,"Dầu Gội Thiên Nhiên 97% Le Petit Marseillais Làm Sạch Sâu, Giảm Nhờn Với Bột Đất Sét Trắng 250ml 4608",355970048824,Sắc Đẹp,Chăm sóc tóc,Dầu gội,,236000,1,Nguyễn Hồng Hà,pduc728fko,,176524517,,Chiến dịch mở rộng,176552,0,Đơn hàng trực tiếp,15889.68,15889.68,9%,0,0%,31031.12,31031.12,0,"Trạng thái của đơn hàng đang chờ xử lý, hoa hồng chỉ được thanh toán khi nó hoàn thành.",Shopeevideo-Shopee,17161,Trừ tiền chờ xử lý,,
2607072SET6CP2,Chờ xử lý,Hợp lệ,2026-07-07 11:01:01,,,27292388392,Dầu Xả Dưỡng Tóc Le Petit Marseillais Thiên Nhiên 95% Với Mật Ong & Bơ Hạt Mỡ 200ml 1909,292645784932,Sắc Đẹp,Chăm sóc tóc,Dầu xả,,253000,1,Nguyễn Hồng Hà,pduc728fko,,176523305,,Chiến dịch mở rộng,189268,0,Đơn hàng trực tiếp,15141.44,15141.44,8%,0,0%,0,0,0,"Trạng thái của đơn hàng đang chờ xử lý, hoa hồng chỉ được thanh toán khi nó hoàn thành.",Shopeevideo-Shopee,16353,Trừ tiền chờ xử lý,,
2607072S32D0VS,Chờ xử lý,Hợp lệ,2026-07-07 10:54:26,,,25644330193,[QUÀ TẶNG KHÔNG BÁN] Bông Tạo Bọt Kì Cọ Tẩy Da Chết Màu Ngẫu Nhiên,346005340612,Nhà cửa & Đời sống,Đồ dùng phòng tắm,Bông tắm,475641850446114_0_0,0,1,accesstradevn,accesstradevn,,122682417,,Chiến dịch mở rộng,0,0,Đơn hàng trực tiếp,0,0,8%,0,0%,18570.24,18570.24,0,"Trạng thái của đơn hàng đang chờ xử lý, hoa hồng chỉ được thanh toán khi nó hoàn thành.",Others,0,,,
2607072S32D0VS,Chờ xử lý,Hợp lệ,2026-07-07 10:54:26,,,24142870859,Sữa Tắm Thơm Lâu Le Petit Marseillais Gel 92% Thiên Nhiên Da Nhạy Cảm Nhiều Mùi Hương 650ml,350973489405,Sắc Đẹp,Tắm & chăm sóc cơ thể,Xà phòng & sữa tắm,475641850446114_0_0,353000,1,accesstradevn,accesstradevn,,112430963,,Chiến dịch mở rộng,206336,0,Đơn hàng trực tiếp,18570.24,18570.24,9%,0,0%,0,0,0,"Trạng thái của đơn hàng đang chờ xử lý, hoa hồng chỉ được thanh toán khi nó hoàn thành.",Others,20056,Trừ tiền chờ xử lý,,
2607072RK9W4TY,Chờ xử lý,Hợp lệ,2026-07-07 10:45:38,,,24142870859,Sữa Tắm Thơm Lâu Le Petit Marseillais Gel 92% Thiên Nhiên Da Nhạy Cảm Nhiều Mùi Hương 650ml,350973489402,Sắc Đẹp,Tắm & chăm sóc cơ thể,Xà phòng & sữa tắm,475641850446114_0_0,353000,1,ACCESSTRADEVN,accesstrade_banking,,112430963,,Chiến dịch mở rộng,266400,0,Đơn hàng trực tiếp,23976,23976,9%,0,0%,23976,23976,0,"Trạng thái của đơn hàng đang chờ xử lý, hoa hồng chỉ được thanh toán khi nó hoàn thành.",Websites,25894,Trừ tiền chờ xử lý,,
2607072RK9W4TY,Chờ xử lý,Hợp lệ,2026-07-07 10:45:38,,,25644330193,[QUÀ TẶNG KHÔNG BÁN] Bông Tạo Bọt Kì Cọ Tẩy Da Chết Màu Ngẫu Nhiên,346005340612,Nhà cửa & Đời sống,Đồ dùng phòng tắm,Bông tắm,475641850446114_0_0,0,1,ACCESSTRADEVN,accesstrade_banking,,122682417,,Chiến dịch mở rộng,0,0,Đơn hàng trực tiếp,0,0,8%,0,0%,0,0,0,"Trạng thái của đơn hàng đang chờ xử lý, hoa hồng chỉ được thanh toán khi nó hoàn thành.",Websites,0,,,
2607072RB3MRVW,Chờ xử lý,Hợp lệ,2026-07-07 10:41:02,,,24142870859,Sữa Tắm Thơm Lâu Le Petit Marseillais Gel 92% Thiên Nhiên Da Nhạy Cảm Nhiều Mùi Hương 650ml,350973489406,Sắc Đẹp,Tắm & chăm sóc cơ thể,Xà phòng & sữa tắm,475641850446114_0_0,353000,1,Hương Hương nè ᥫ᭡,huonghuongne185,,112430963,,Chiến dịch mở rộng,266400,0,Đơn hàng trực tiếp,23976,23976,9%,0,0%,23976,23976,0,"Trạng thái của đơn hàng đang chờ xử lý, hoa hồng chỉ được thanh toán khi nó hoàn thành.",Shopeevideo-Shopee,25894,Trừ tiền chờ xử lý,,
2607072RB3MRVW,Chờ xử lý,Hợp lệ,2026-07-07 10:41:02,,,25644330193,[QUÀ TẶNG KHÔNG BÁN] Bông Tạo Bọt Kì Cọ Tẩy Da Chết Màu Ngẫu Nhiên,346005340612,Nhà cửa & Đời sống,Đồ dùng phòng tắm,Bông tắm,475641850446114_0_0,0,1,Hương Hương nè ᥫ᭡,huonghuongne185,,122682417,,Chiến dịch mở rộng,0,0,Đơn hàng trực tiếp,0,0,8%,0,0%,0,0,0,"Trạng thái của đơn hàng đang chờ xử lý, hoa hồng chỉ được thanh toán khi nó hoàn thành.",Shopeevideo-Shopee,0,,,
2607072R154727,Chờ xử lý,Hợp lệ,2026-07-07 10:35:28,,,25644330193,[QUÀ TẶNG KHÔNG BÁN] Bông Tạo Bọt Kì Cọ Tẩy Da Chết Màu Ngẫu Nhiên,346005340612,Nhà cửa & Đời sống,Đồ dùng phòng tắm,Bông tắm,475641850446114_0_0,0,1,CreatorX Media Network,creatorxmedianetwork,,122682417,,Chiến dịch mở rộng,0,0,Đơn hàng gián tiếp,0,0,4%,0,0%,9747.18,9747.18,0,"Trạng thái của đơn hàng đang chờ xử lý, hoa hồng chỉ được thanh toán khi nó hoàn thành.",Others,0,,,
2607072R154727,Chờ xử lý,Hợp lệ,2026-07-07 10:35:28,,,29728471220,Sữa Tắm 92% Thiên Nhiên Le Petit Marseillais Dịu Nhẹ Sữa Vani Hữu Cơ 650ml 0557,430969799743,Sắc Đẹp,Tắm & chăm sóc cơ thể,Xà phòng & sữa tắm,475641850446114_0_0,353000,1,CreatorX Media Network,creatorxmedianetwork,,109863144,,Chiến dịch mở rộng,216604,0,Đơn hàng gián tiếp,9747.18,9747.18,"4,5%",0,0%,0,0,0,"Trạng thái của đơn hàng đang chờ xử lý, hoa hồng chỉ được thanh toán khi nó hoàn thành.",Others,10527,Trừ tiền chờ xử lý,,
2607072QXRUNB7,Chờ xử lý,Hợp lệ,2026-07-07 10:34:09,,,25644330193,[QUÀ TẶNG KHÔNG BÁN] Bông Tạo Bọt Kì Cọ Tẩy Da Chết Màu Ngẫu Nhiên,346005340612,Nhà cửa & Đời sống,Đồ dùng phòng tắm,Bông tắm,475641850446114_0_0,0,1,Hh,camthu84,,122682417,,Chiến dịch mở rộng,0,0,Đơn hàng gián tiếp,0,0,4%,0,0%,4989.6,4989.6,0,"Trạng thái của đơn hàng đang chờ xử lý, hoa hồng chỉ được thanh toán khi nó hoàn thành.",Zalo,0,,,
2607072QXRUNB7,Chờ xử lý,Hợp lệ,2026-07-07 10:34:09,,,29480146096,Sữa Tắm Thiên Nhiên 92% Le Petit Marseillais Nhiều Mùi Hương 250ml,315970228701,Sắc Đẹp,Tắm & chăm sóc cơ thể,Xà phòng & sữa tắm,475641850446114_0_0,180000,1,Hh,camthu84,,112409565,,Chiến dịch mở rộng,110880,0,Đơn hàng gián tiếp,4989.6,4989.6,"4,5%",0,0%,0,0,0,"Trạng thái của đơn hàng đang chờ xử lý, hoa hồng chỉ được thanh toán khi nó hoàn thành.",Zalo,5389,Trừ tiền chờ xử lý,,
2607072QM0HNH8,Chờ xử lý,Hợp lệ,2026-07-07 10:28:07,,,29480146096,Sữa Tắm Thiên Nhiên 92% Le Petit Marseillais Nhiều Mùi Hương 250ml,310970228927,Sắc Đẹp,Tắm & chăm sóc cơ thể,Xà phòng & sữa tắm,475641850446114_0_0,180000,1,Mai Vân Trang,_maivantrang_,,112409565,,Chiến dịch mở rộng,124740,0,Đơn hàng gián tiếp,5613.3,5613.3,"4,5%",0,0%,5613.3,5613.3,0,"Trạng thái của đơn hàng đang chờ xử lý, hoa hồng chỉ được thanh toán khi nó hoàn thành.",Instagram,6062,Trừ tiền chờ xử lý,,
2607072QM0HNH8,Chờ xử lý,Hợp lệ,2026-07-07 10:28:07,,,25644330193,[QUÀ TẶNG KHÔNG BÁN] Bông Tạo Bọt Kì Cọ Tẩy Da Chết Màu Ngẫu Nhiên,346005340612,Nhà cửa & Đời sống,Đồ dùng phòng tắm,Bông tắm,475641850446114_0_0,0,1,Mai Vân Trang,_maivantrang_,,122682417,,Chiến dịch mở rộng,0,0,Đơn hàng gián tiếp,0,0,4%,0,0%,0,0,0,"Trạng thái của đơn hàng đang chờ xử lý, hoa hồng chỉ được thanh toán khi nó hoàn thành.",Instagram,0,,,
2607072Q5WFHRM,Chờ xử lý,Hợp lệ,2026-07-07 10:20:14,,,25644330193,[QUÀ TẶNG KHÔNG BÁN] Bông Tạo Bọt Kì Cọ Tẩy Da Chết Màu Ngẫu Nhiên,346005340612,Nhà cửa & Đời sống,Đồ dùng phòng tắm,Bông tắm,475641850446114_0_0,0,1,Ngọc Ánh,ngocanhbavi06,Passio,122682417,,Chiến dịch mở rộng,0,0,Đơn hàng trực tiếp,0,0,8%,0,0%,10621.92,10621.92,0,"Trạng thái của đơn hàng đang chờ xử lý, hoa hồng chỉ được thanh toán khi nó hoàn thành.",Shopeelive-Shopee,0,,,
2607072Q5WFHRM,Chờ xử lý,Hợp lệ,2026-07-07 10:20:14,,,25692866155,Sữa Tắm Nam 4 in 1 92% Thiên Nhiên Le Petit Marseillais Nhiều Mùi Hương 250ml,345969754130,Sắc Đẹp,Chăm sóc nam giới,Sữa tắm & chăm sóc cơ thể,475641850446114_0_0,184000,1,Ngọc Ánh,ngocanhbavi06,Passio,112434462,,Chiến dịch mở rộng,132774,0,Đơn hàng trực tiếp,10621.92,10621.92,8%,0,0%,0,0,0,"Trạng thái của đơn hàng đang chờ xử lý, hoa hồng chỉ được thanh toán khi nó hoàn thành.",Shopeelive-Shopee,11472,Trừ tiền chờ xử lý,,
2607072PS86H6Q,Chờ xử lý,Hợp lệ,2026-07-07 10:13:16,,,25644330193,[QUÀ TẶNG KHÔNG BÁN] Bông Tạo Bọt Kì Cọ Tẩy Da Chết Màu Ngẫu Nhiên,346005340612,Nhà cửa & Đời sống,Đồ dùng phòng tắm,Bông tắm,475641850446114_0_0,0,1,Săn Seo Cùng Mẹ Bỉm,thuyeupanda,,122682417,,Chiến dịch mở rộng,0,0,Đơn hàng trực tiếp,0,0,8%,0,0%,11181.6,11181.6,0,"Trạng thái của đơn hàng đang chờ xử lý, hoa hồng chỉ được thanh toán khi nó hoàn thành.",Shopeevideo-Shopee,0,,,
2607072PS86H6Q,Chờ xử lý,Hợp lệ,2026-07-07 10:13:16,,,29480146096,Sữa Tắm Thiên Nhiên 92% Le Petit Marseillais Nhiều Mùi Hương 250ml,315970228701,Sắc Đẹp,Tắm & chăm sóc cơ thể,Xà phòng & sữa tắm,475641850446114_0_0,180000,1,Săn Seo Cùng Mẹ Bỉm,thuyeupanda,,112409565,,Chiến dịch mở rộng,124240,0,Đơn hàng trực tiếp,11181.6,11181.6,9%,0,0%,0,0,0,"Trạng thái của đơn hàng đang chờ xử lý, hoa hồng chỉ được thanh toán khi nó hoàn thành.",Shopeevideo-Shopee,12076,Trừ tiền chờ xử lý,,
2607072PQFXKJR,Hoàn thành,Hợp lệ,2026-07-07 10:12:10,2026-07-08 14:44:42,2026-07-08 14:44:42,25644330193,[QUÀ TẶNG KHÔNG BÁN] Bông Tạo Bọt Kì Cọ Tẩy Da Chết Màu Ngẫu Nhiên,346005340612,Nhà cửa & Đời sống,Đồ dùng phòng tắm,Bông tắm,475641850446114_0_0,0,1,Fera & Kat Shopee,tranba.ba,,122682417,,Chiến dịch mở rộng,0,0,Đơn hàng trực tiếp,0,0,8%,0,0%,47539.8,47539.8,0,,Shopeevideo-Shopee,0,,,
2607072PQFXKJR,Hoàn thành,Hợp lệ,2026-07-07 10:12:10,2026-07-08 14:44:42,2026-07-08 14:44:42,24142870859,Sữa Tắm Thơm Lâu Le Petit Marseillais Gel 92% Thiên Nhiên Da Nhạy Cảm Nhiều Mùi Hương 650ml,350973489412,Sắc Đẹp,Tắm & chăm sóc cơ thể,Xà phòng & sữa tắm,475641850446114_0_0,353000,2,Fera & Kat Shopee,tranba.ba,,112430963,,Chiến dịch mở rộng,528220,0,Đơn hàng trực tiếp,47539.8,47539.8,9%,0,0%,0,0,0,,Shopeevideo-Shopee,51343,Trừ tiền chờ xử lý,,
2607072PPFGPAN,Chờ xử lý,Hợp lệ,2026-07-07 10:11:36,,,28830365069,Dầu Gội Thiên Nhiên Le Petit Marseillais Hữu Cơ Nhiều Mùi Hương 300ml,435970130563,Sắc Đẹp,Chăm sóc tóc,Dầu gội,,359000,1,Ivan,ivanclickadu311,,112918398,,Chiến dịch mở rộng,251300,0,Đơn hàng gián tiếp,11308.5,11308.5,"4,5%",0,0%,11308.5,11308.5,0,"Trạng thái của đơn hàng đang chờ xử lý, hoa hồng chỉ được thanh toán khi nó hoàn thành.",Websites,12213,Trừ tiền chờ xử lý,,
2607072PDR3BY8,Chờ xử lý,Hợp lệ,2026-07-07 10:06:42,,,29880370481,Kem Dưỡng Tay 24h Thiên Nhiên Le Petit Marseillais Nhiều Mùi Hương 75ml,128470976818,Sắc Đẹp,"Chăm sóc tay, chân & móng",Chăm sóc tay,,170000,1,Siêu Thị Online Vương Cung,cungcung737,,112922896,,Chiến dịch mở rộng,94882,0,Đơn hàng trực tiếp,7590.56,7590.56,8%,0,0%,7590.56,7590.56,0,"Trạng thái của đơn hàng đang chờ xử lý, hoa hồng chỉ được thanh toán khi nó hoàn thành.",Shopeevideo-Shopee,8198,Trừ tiền chờ xử lý,,
2607072P4DJXQ2,Chờ xử lý,Hợp lệ,2026-07-07 10:01:37,,,27586430985,Dầu Gội Trẻ Em 2in1 94% Thiên Nhiên Le Petit Marseillais Giúp Gỡ Rối Tóc Nhiều Mùi Hương 300ml,380970144964,Mẹ & Bé,Đồ dùng phòng tắm & Chăm sóc cơ thể bé,Sản phẩm tắm & gội cho bé,,281000,1,Hồng Lam aff,honglamaff,,128189901,,Chiến dịch mở rộng,219473,0,Đơn hàng gián tiếp,8778.92,8778.92,4%,0,0%,13699.535,13699.535,0,"Trạng thái của đơn hàng đang chờ xử lý, hoa hồng chỉ được thanh toán khi nó hoàn thành.",Facebook,9481,Trừ tiền chờ xử lý,,
2607072P4DJXQ2,Chờ xử lý,Hợp lệ,2026-07-07 10:01:37,,,25947267438,Hộp 2 Bánh Xà Phòng Thiên Nhiên 98% Le Petit Marseillais Dịu Nhẹ Lành Tính Nhiều Mùi Hương 2 x100g,292645726030,Sắc Đẹp,Tắm & chăm sóc cơ thể,Xà phòng & sữa tắm,,140000,1,Hồng Lam aff,honglamaff,,176553504,,Chiến dịch mở rộng,109347,0,Đơn hàng gián tiếp,4920.615,4920.615,"4,5%",0,0%,0,0,0,"Trạng thái của đơn hàng đang chờ xử lý, hoa hồng chỉ được thanh toán khi nó hoàn thành.",Facebook,5314,Trừ tiền chờ xử lý,,
2607072P408J1H,Chờ xử lý,Hợp lệ,2026-07-07 10:01:16,,,27586430985,Dầu Gội Trẻ Em 2in1 94% Thiên Nhiên Le Petit Marseillais Giúp Gỡ Rối Tóc Nhiều Mùi Hương 300ml,380970144964,Mẹ & Bé,Đồ dùng phòng tắm & Chăm sóc cơ thể bé,Sản phẩm tắm & gội cho bé,,281000,1,ACCESSTRADEVN,accesstrade_banking,,128189901,,Chiến dịch mở rộng,214020,0,Đơn hàng trực tiếp,17121.6,17121.6,8%,0,0%,17121.6,17121.6,0,"Trạng thái của đơn hàng đang chờ xử lý, hoa hồng chỉ được thanh toán khi nó hoàn thành.",Others,18491,Trừ tiền chờ xử lý,,
2607072NUR2UFM,Chờ xử lý,Hợp lệ,2026-07-07 09:56:39,,,25644330193,[QUÀ TẶNG KHÔNG BÁN] Bông Tạo Bọt Kì Cọ Tẩy Da Chết Màu Ngẫu Nhiên,346005340612,Nhà cửa & Đời sống,Đồ dùng phòng tắm,Bông tắm,475641850446114_0_0,0,1,Ngô Khánh Linh ,khanhlinh123qn,,122682417,,Chiến dịch mở rộng,0,0,Đơn hàng trực tiếp,0,0,8%,0,0%,11955.6,11955.6,0,"Trạng thái của đơn hàng đang chờ xử lý, hoa hồng chỉ được thanh toán khi nó hoàn thành.",Shopeelive-Shopee,0,,,
2607072NUR2UFM,Chờ xử lý,Hợp lệ,2026-07-07 09:56:39,,,29480146096,Sữa Tắm Thiên Nhiên 92% Le Petit Marseillais Nhiều Mùi Hương 250ml,310970228927,Sắc Đẹp,Tắm & chăm sóc cơ thể,Xà phòng & sữa tắm,475641850446114_0_0,180000,1,Ngô Khánh Linh ,khanhlinh123qn,,112409565,,Chiến dịch mở rộng,132840,0,Đơn hàng trực tiếp,11955.6,11955.6,9%,0,0%,0,0,0,"Trạng thái của đơn hàng đang chờ xử lý, hoa hồng chỉ được thanh toán khi nó hoàn thành.",Shopeelive-Shopee,12912,Trừ tiền chờ xử lý,,
2607072NSJDQXF,Chờ xử lý,Hợp lệ,2026-07-07 09:55:27,,,25644330193,[QUÀ TẶNG KHÔNG BÁN] Bông Tạo Bọt Kì Cọ Tẩy Da Chết Màu Ngẫu Nhiên,346005340612,Nhà cửa & Đời sống,Đồ dùng phòng tắm,Bông tắm,475641850446114_0_0,0,1,Ngô Khánh Linh ,khanhlinh123qn,,122682417,,Chiến dịch mở rộng,0,0,Đơn hàng trực tiếp,0,0,8%,0,0%,11340,11340,0,"Trạng thái của đơn hàng đang chờ xử lý, hoa hồng chỉ được thanh toán khi nó hoàn thành.",Shopeelive-Shopee,0,,,
2607072NSJDQXF,Chờ xử lý,Hợp lệ,2026-07-07 09:55:27,,,29480146096,Sữa Tắm Thiên Nhiên 92% Le Petit Marseillais Nhiều Mùi Hương 250ml,315970228699,Sắc Đẹp,Tắm & chăm sóc cơ thể,Xà phòng & sữa tắm,475641850446114_0_0,180000,1,Ngô Khánh Linh ,khanhlinh123qn,,112409565,,Chiến dịch mở rộng,126000,0,Đơn hàng trực tiếp,11340,11340,9%,0,0%,0,0,0,"Trạng thái của đơn hàng đang chờ xử lý, hoa hồng chỉ được thanh toán khi nó hoàn thành.",Shopeelive-Shopee,12247,Trừ tiền chờ xử lý,,
2607072ND8GVWQ,Chờ xử lý,Hợp lệ,2026-07-07 09:48:33,,,27342392922,Gel Rửa Tay Thiên Nhiên 92% Le Petit Marseillais Với Xà Phòng Nguyên Chất & Oải Hương 300ml 0644,262645960581,Sắc Đẹp,"Chăm sóc tay, chân & móng",Chăm sóc tay,,201000,1,ShopBack Việt Nam,shopbackvn_,,176521971,,Chiến dịch mở rộng,152040,0,Đơn hàng trực tiếp,12163.2,12163.2,8%,0,0%,12163.2,12163.2,0,"Trạng thái của đơn hàng đang chờ xử lý, hoa hồng chỉ được thanh toán khi nó hoàn thành.",Websites,13136,Trừ tiền chờ xử lý,,
2607072NBH8SS5,Chờ xử lý,Hợp lệ,2026-07-07 09:47:42,,,27586430985,Dầu Gội Trẻ Em 2in1 94% Thiên Nhiên Le Petit Marseillais Giúp Gỡ Rối Tóc Nhiều Mùi Hương 300ml,380970144964,Mẹ & Bé,Đồ dùng phòng tắm & Chăm sóc cơ thể bé,Sản phẩm tắm & gội cho bé,,281000,1,chung.tien.m1.1801,triice24w,,128189901,,Chiến dịch mở rộng,214020,0,Đơn hàng trực tiếp,17121.6,17121.6,8%,0,0%,17121.6,17121.6,0,"Trạng thái của đơn hàng đang chờ xử lý, hoa hồng chỉ được thanh toán khi nó hoàn thành.",Shopeelive-Shopee,18491,Trừ tiền chờ xử lý,,
2607072MSJ65GY,Chờ xử lý,Hợp lệ,2026-07-07 09:37:33,,,25692866155,Sữa Tắm Nam 4 in 1 92% Thiên Nhiên Le Petit Marseillais Nhiều Mùi Hương 250ml,345969754130,Sắc Đẹp,Chăm sóc nam giới,Sữa tắm & chăm sóc cơ thể,,184000,1,accesstradevn,accesstradevn,,112434462,,Chiến dịch mở rộng,146160,0,Đơn hàng gián tiếp,5846.4,5846.4,4%,0,0%,11692.8,11692.8,0,"Trạng thái của đơn hàng đang chờ xử lý, hoa hồng chỉ được thanh toán khi nó hoàn thành.",Websites,6314,Trừ tiền chờ xử lý,,
2607072MSJ65GY,Chờ xử lý,Hợp lệ,2026-07-07 09:37:33,,,27679422917,Sữa Tắm Nam 4 in 1 92% Thiên Nhiên Le Petit Marseillais Chiết Xuất Gỗ Cam Đắng & Argan 250ml 1431,355969731723,Sắc Đẹp,Chăm sóc nam giới,Sữa tắm & chăm sóc cơ thể,,184000,1,accesstradevn,accesstradevn,,110661763,,Chiến dịch mở rộng,146160,0,Đơn hàng gián tiếp,5846.4,5846.4,4%,0,0%,0,0,0,"Trạng thái của đơn hàng đang chờ xử lý, hoa hồng chỉ được thanh toán khi nó hoàn thành.",Websites,6314,Trừ tiền chờ xử lý,,
2607072ME9PYB5,Chờ xử lý,Hợp lệ,2026-07-07 09:31:21,,,25644330193,[QUÀ TẶNG KHÔNG BÁN] Bông Tạo Bọt Kì Cọ Tẩy Da Chết Màu Ngẫu Nhiên,346005340612,Nhà cửa & Đời sống,Đồ dùng phòng tắm,Bông tắm,475641850446114_0_0,0,1,ShopBack Việt Nam,shopbackvn_,,122682417,,Chiến dịch mở rộng,0,0,Đơn hàng trực tiếp,0,0,8%,0,0%,48157.2,48157.2,0,"Trạng thái của đơn hàng đang chờ xử lý, hoa hồng chỉ được thanh toán khi nó hoàn thành.",Websites,0,,,
2607072ME9PYB5,Chờ xử lý,Hợp lệ,2026-07-07 09:31:21,,,24142870859,Sữa Tắm Thơm Lâu Le Petit Marseillais Gel 92% Thiên Nhiên Da Nhạy Cảm Nhiều Mùi Hương 650ml,350973489411,Sắc Đẹp,Tắm & chăm sóc cơ thể,Xà phòng & sữa tắm,475641850446114_0_0,353000,2,ShopBack Việt Nam,shopbackvn_,,112430963,,Chiến dịch mở rộng,535080,0,Đơn hàng trực tiếp,48157.2,48157.2,9%,0,0%,0,0,0,"Trạng thái của đơn hàng đang chờ xử lý, hoa hồng chỉ được thanh toán khi nó hoàn thành.",Websites,52010,Trừ tiền chờ xử lý,,
2607072M8MG67B,Hoàn thành,Hợp lệ,2026-07-07 09:28:05,2026-07-08 22:50:52,2026-07-08 22:50:52,29680365284,Dầu Gội Thiên Nhiên Le Petit Marseillais Hữu Cơ Nhiều Mùi Hương 250ml,370971985647,Sắc Đẹp,Chăm sóc tóc,Dầu gội,,236000,1,appmontize3,appmontize3,,112920799,,Chiến dịch mở rộng,177120,0,Đơn hàng gián tiếp,7970.4,7970.4,"4,5%",0,0%,7970.4,7970.4,0,,Websites,8608,Trừ tiền chờ xử lý,,
2607072KMW5WUG,Chờ xử lý,Hợp lệ,2026-07-07 09:17:09,,,40672203767,Hộp 4 Bánh Xà Phòng Thiên Nhiên Le Petit Marseillais Dịu Nhẹ Lành Tính Nhiều Mùi Hương 4x100g,167403448465,Sắc Đẹp,Tắm & chăm sóc cơ thể,Xà phòng & sữa tắm,,220000,4,Nguyễn Hồng Hà,pduc728fko,,176551991,,Chiến dịch mở rộng,626340,0,Đơn hàng trực tiếp,56370.6,56370.6,9%,0,0%,56370.6,56370.6,0,"Trạng thái của đơn hàng đang chờ xử lý, hoa hồng chỉ được thanh toán khi nó hoàn thành.",Shopeevideo-Shopee,60880,Trừ tiền chờ xử lý,,
2607072K8T0B9B,Hoàn thành,Hợp lệ,2026-07-07 09:10:16,2026-07-08 10:40:03,2026-07-08 10:40:03,27479868340,Dầu Gội Phục Hồi Tóc Hư Tổn Chuyên Sâu 95% Thiên Nhiên Le Petit Marseillais Chiết Xuất Dầu Jojoba Hữu Cơ 250ml 0650,440970068240,Sắc Đẹp,Chăm sóc tóc,Dầu gội,,236000,1,CreatorX Media Network,creatorxmedianetwork,,111644167,,Chiến dịch mở rộng,165212,0,Đơn hàng gián tiếp,7434.54,7434.54,"4,5%",0,0%,30745.8,30745.8,0,,Others,8029,Trừ tiền chờ xử lý,,
2607072K8T0B9B,Hoàn thành,Hợp lệ,2026-07-07 09:10:16,2026-07-08 10:40:03,2026-07-08 10:40:03,27530290500,Kem Dưỡng Body Lotion 24h Le Petit Marseillais Sữa Cấp Ẩm Hữu Cơ Thiên Nhiên Nhiều Mùi Hương 400ml,272645767605,Sắc Đẹp,Tắm & chăm sóc cơ thể,Kem & sữa dưỡng thể,,370000,1,CreatorX Media Network,creatorxmedianetwork,,112716201,,Chiến dịch mở rộng,259014,0,Đơn hàng gián tiếp,11655.63,11655.63,"4,5%",0,0%,0,0,0,,Others,12588,Trừ tiền chờ xử lý,,
2607072K8T0B9B,Hoàn thành,Hợp lệ,2026-07-07 09:10:16,2026-07-08 10:40:03,2026-07-08 10:40:03,27979854665,"Sữa Dưỡng Thể 24h Thiên Nhiên Le Petit Marseillais Dưỡng Ẩm Bơ Hạt Mỡ, Hạnh Nhân & Argan 400ml 3916",249244133795,Sắc Đẹp,Tắm & chăm sóc cơ thể,Kem & sữa dưỡng thể,,370000,1,CreatorX Media Network,creatorxmedianetwork,,111595838,,Chiến dịch mở rộng,259014,0,Đơn hàng gián tiếp,11655.63,11655.63,"4,5%",0,0%,0,0,0,,Others,12588,Trừ tiền chờ xử lý,,
2607072K53P1YG,Chờ xử lý,Hợp lệ,2026-07-07 09:08:13,,,26879882339,Dầu Xả Dưỡng Ẩm 95% Thiên Nhiên Le Petit Marseillais Chiết Xuất Dừa Hữu Cơ 200ml 4752,445972126965,Sắc Đẹp,Chăm sóc tóc,Dầu xả,,194000,1,Nguyễn Thuỳ Trang,longleqx81,,111647232,,Chiến dịch mở rộng,136188,0,Đơn hàng trực tiếp,12256.92,12256.92,9%,0,0%,12256.92,12256.92,0,"Trạng thái của đơn hàng đang chờ xử lý, hoa hồng chỉ được thanh toán khi nó hoàn thành.",Shopeelive-Shopee,13237,Trừ tiền chờ xử lý,,
2607072K2Y32JS,Hoàn thành,Hợp lệ,2026-07-07 09:07:00,2026-07-08 20:00:49,2026-07-08 20:00:49,25644330193,[QUÀ TẶNG KHÔNG BÁN] Bông Tạo Bọt Kì Cọ Tẩy Da Chết Màu Ngẫu Nhiên,346005340612,Nhà cửa & Đời sống,Đồ dùng phòng tắm,Bông tắm,475641850446114_0_0,0,1,Dat,dattrinh669,,122682417,,Chiến dịch mở rộng,0,0,Đơn hàng gián tiếp,0,0,4%,0,0%,18252,18252,0,,Facebook,0,,,
2607072K2Y32JS,Hoàn thành,Hợp lệ,2026-07-07 09:07:00,2026-07-08 20:00:49,2026-07-08 20:00:49,29480146096,Sữa Tắm Thiên Nhiên 92% Le Petit Marseillais Nhiều Mùi Hương 250ml,310970228927,Sắc Đẹp,Tắm & chăm sóc cơ thể,Xà phòng & sữa tắm,475641850446114_0_0,180000,1,Dat,dattrinh669,,112409565,,Chiến dịch mở rộng,135200,0,Đơn hàng gián tiếp,6084,6084,"4,5%",0,0%,0,0,0,,Facebook,6571,Trừ tiền chờ xử lý,,
2607072K2Y32JS,Hoàn thành,Hợp lệ,2026-07-07 09:07:00,2026-07-08 20:00:49,2026-07-08 20:00:49,29480146096,Sữa Tắm Thiên Nhiên 92% Le Petit Marseillais Nhiều Mùi Hương 250ml,310970228930,Sắc Đẹp,Tắm & chăm sóc cơ thể,Xà phòng & sữa tắm,475641850446114_0_0,180000,1,Dat,dattrinh669,,112409565,,Chiến dịch mở rộng,135201,0,Đơn hàng gián tiếp,6084.045,6084.045,"4,5%",0,0%,0,0,0,,Facebook,6571,Trừ tiền chờ xử lý,,
2607072K2Y32JS,Hoàn thành,Hợp lệ,2026-07-07 09:07:00,2026-07-08 20:00:49,2026-07-08 20:00:49,29480146096,Sữa Tắm Thiên Nhiên 92% Le Petit Marseillais Nhiều Mùi Hương 250ml,315970228698,Sắc Đẹp,Tắm & chăm sóc cơ thể,Xà phòng & sữa tắm,475641850446114_0_0,180000,1,Dat,dattrinh669,,112409565,,Chiến dịch mở rộng,135199,0,Đơn hàng gián tiếp,6083.955,6083.955,"4,5%",0,0%,0,0,0,,Facebook,6571,Trừ tiền chờ xử lý,,
2607072JVH3GQA,Chờ xử lý,Hợp lệ,2026-07-07 09:03:24,,,25644330193,[QUÀ TẶNG KHÔNG BÁN] Bông Tạo Bọt Kì Cọ Tẩy Da Chết Màu Ngẫu Nhiên,346005340612,Nhà cửa & Đời sống,Đồ dùng phòng tắm,Bông tắm,475641850446114_0_0,0,1,Ánh Nguyễn,anhnhi197,,122682417,,Chiến dịch mở rộng,0,0,Đơn hàng gián tiếp,0,0,4%,0,0%,16819.065,16819.065,0,"Trạng thái của đơn hàng đang chờ xử lý, hoa hồng chỉ được thanh toán khi nó hoàn thành.",Facebook,0,,,
2607072JVH3GQA,Chờ xử lý,Hợp lệ,2026-07-07 09:03:24,,,27730151664,Sữa Tắm Dưỡng Ẩm 98% Thiên Nhiên Le Petit Marseillais Hữu Cơ Nhiều Mùi Hương Thơm 400ml,365969915566,Sắc Đẹp,Tắm & chăm sóc cơ thể,Xà phòng & sữa tắm,475641850446114_0_0,300000,1,Ánh Nguyễn,anhnhi197,,112426971,,Chiến dịch mở rộng,211959,0,Đơn hàng gián tiếp,9538.155,9538.155,"4,5%",0,0%,0,0,0,"Trạng thái của đơn hàng đang chờ xử lý, hoa hồng chỉ được thanh toán khi nó hoàn thành.",Facebook,10301,Trừ tiền chờ xử lý,,
2607072JVH3GQA,Chờ xử lý,Hợp lệ,2026-07-07 09:03:24,,,28980146591,Gel Tắm Hữu Cơ BIO 98% Thiên Nhiên Le Petit Marseillais Nhiều Mùi Hương 250ml,315970996475,Sắc Đẹp,Tắm & chăm sóc cơ thể,Xà phòng & sữa tắm,475641850446114_0_0,229000,1,Ánh Nguyễn,anhnhi197,,112420787,,Chiến dịch mở rộng,161798,0,Đơn hàng gián tiếp,7280.91,7280.91,"4,5%",0,0%,0,0,0,"Trạng thái của đơn hàng đang chờ xử lý, hoa hồng chỉ được thanh toán khi nó hoàn thành.",Facebook,7863,Trừ tiền chờ xử lý,,
2607072JUWYF69,Chờ xử lý,Hợp lệ,2026-07-07 09:03:05,,,25644330193,[QUÀ TẶNG KHÔNG BÁN] Bông Tạo Bọt Kì Cọ Tẩy Da Chết Màu Ngẫu Nhiên,346005340612,Nhà cửa & Đời sống,Đồ dùng phòng tắm,Bông tắm,475641850446114_0_0,0,1,CreatorX Media Network,creatorxmedianetwork,,122682417,,Chiến dịch mở rộng,0,0,Đơn hàng gián tiếp,0,0,4%,0,0%,11988,11988,0,"Trạng thái của đơn hàng đang chờ xử lý, hoa hồng chỉ được thanh toán khi nó hoàn thành.",Others,0,,,
2607072JUWYF69,Chờ xử lý,Hợp lệ,2026-07-07 09:03:05,,,24142870859,Sữa Tắm Thơm Lâu Le Petit Marseillais Gel 92% Thiên Nhiên Da Nhạy Cảm Nhiều Mùi Hương 650ml,350973489402,Sắc Đẹp,Tắm & chăm sóc cơ thể,Xà phòng & sữa tắm,475641850446114_0_0,353000,1,CreatorX Media Network,creatorxmedianetwork,,112430963,,Chiến dịch mở rộng,266400,0,Đơn hàng gián tiếp,11988,11988,"4,5%",0,0%,0,0,0,"Trạng thái của đơn hàng đang chờ xử lý, hoa hồng chỉ được thanh toán khi nó hoàn thành.",Others,12947,Trừ tiền chờ xử lý,,
2607072JCQMGF1,Chờ xử lý,Hợp lệ,2026-07-07 08:54:35,,,25692866155,Sữa Tắm Nam 4 in 1 92% Thiên Nhiên Le Petit Marseillais Nhiều Mùi Hương 250ml,345969754130,Sắc Đẹp,Chăm sóc nam giới,Sữa tắm & chăm sóc cơ thể,475641850446114_0_0,184000,1,ACCESSTRADEVN,accesstrade_banking,,112434462,,Chiến dịch mở rộng,134278,0,Đơn hàng trực tiếp,10742.24,10742.24,8%,0,0%,54213.9,54213.9,0,"Trạng thái của đơn hàng đang chờ xử lý, hoa hồng chỉ được thanh toán khi nó hoàn thành.",Websites,11602,Trừ tiền chờ xử lý,,
2607072JCQMGF1,Chờ xử lý,Hợp lệ,2026-07-07 08:54:35,,,41900312088,Dầu Gội Trẻ Em 2in1 94% Thiên Nhiên Le Petit Marseillais Giúp Gỡ Rối Tóc Chiết Xuất Quả Đào & Quả Mơ 300ml 0435,218837639344,Mẹ & Bé,Đồ dùng phòng tắm & Chăm sóc cơ thể bé,Sản phẩm tắm & gội cho bé,,280000,1,ACCESSTRADEVN,accesstrade_banking,,128186974,,Chiến dịch mở rộng,204332,0,Đơn hàng trực tiếp,16346.56,16346.56,8%,0,0%,0,0,0,"Trạng thái của đơn hàng đang chờ xử lý, hoa hồng chỉ được thanh toán khi nó hoàn thành.",Websites,17654,Trừ tiền chờ xử lý,,
2607072JCQMGF1,Chờ xử lý,Hợp lệ,2026-07-07 08:54:35,,,44004810239,Combo Dầu Gội Xả Thiên Nhiên Chăm Sóc Tóc Le Petit Marseillais Mềm Mượt,380972210358,Sắc Đẹp,Chăm sóc tóc,Dầu gội,,413000,1,ACCESSTRADEVN,accesstrade_banking,,140733646,,Chiến dịch mở rộng,301390,0,Đơn hàng trực tiếp,27125.1,27125.1,9%,0,0%,0,0,0,"Trạng thái của đơn hàng đang chờ xử lý, hoa hồng chỉ được thanh toán khi nó hoàn thành.",Websites,29295,Trừ tiền chờ xử lý,,
2607072JCQMGF1,Chờ xử lý,Hợp lệ,2026-07-07 08:54:35,,,25644330193,[QUÀ TẶNG KHÔNG BÁN] Bông Tạo Bọt Kì Cọ Tẩy Da Chết Màu Ngẫu Nhiên,346005340612,Nhà cửa & Đời sống,Đồ dùng phòng tắm,Bông tắm,475641850446114_0_0,0,1,ACCESSTRADEVN,accesstrade_banking,,122682417,,Chiến dịch mở rộng,0,0,Đơn hàng trực tiếp,0,0,8%,0,0%,0,0,0,"Trạng thái của đơn hàng đang chờ xử lý, hoa hồng chỉ được thanh toán khi nó hoàn thành.",Websites,0,,,
2607072J2T2XC9,Chờ xử lý,Hợp lệ,2026-07-07 08:49:01,,,24142870859,Sữa Tắm Thơm Lâu Le Petit Marseillais Gel 92% Thiên Nhiên Da Nhạy Cảm Nhiều Mùi Hương 650ml,350973489410,Sắc Đẹp,Tắm & chăm sóc cơ thể,Xà phòng & sữa tắm,475641850446114_0_0,353000,1,ShopBack Việt Nam,shopbackvn_,,112430963,,Chiến dịch mở rộng,271600,0,Đơn hàng trực tiếp,24444,24444,9%,0,0%,34908,34908,0,"Trạng thái của đơn hàng đang chờ xử lý, hoa hồng chỉ được thanh toán khi nó hoàn thành.",Websites,26400,Trừ tiền chờ xử lý,,
2607072J2T2XC9,Chờ xử lý,Hợp lệ,2026-07-07 08:49:01,,,25644330193,[QUÀ TẶNG KHÔNG BÁN] Bông Tạo Bọt Kì Cọ Tẩy Da Chết Màu Ngẫu Nhiên,346005340612,Nhà cửa & Đời sống,Đồ dùng phòng tắm,Bông tắm,475641850446114_0_0,0,1,ShopBack Việt Nam,shopbackvn_,,122682417,,Chiến dịch mở rộng,0,0,Đơn hàng trực tiếp,0,0,8%,0,0%,0,0,0,"Trạng thái của đơn hàng đang chờ xử lý, hoa hồng chỉ được thanh toán khi nó hoàn thành.",Websites,0,,,
2607072J2T2XC9,Chờ xử lý,Hợp lệ,2026-07-07 08:49:01,,,29880370481,Kem Dưỡng Tay 24h Thiên Nhiên Le Petit Marseillais Nhiều Mùi Hương 75ml,128470976818,Sắc Đẹp,"Chăm sóc tay, chân & móng",Chăm sóc tay,,170000,1,ShopBack Việt Nam,shopbackvn_,,112922896,,Chiến dịch mở rộng,130800,0,Đơn hàng trực tiếp,10464,10464,8%,0,0%,0,0,0,"Trạng thái của đơn hàng đang chờ xử lý, hoa hồng chỉ được thanh toán khi nó hoàn thành.",Websites,11301,Trừ tiền chờ xử lý,,
2607072HX57RA3,Chờ xử lý,Hợp lệ,2026-07-07 08:46:26,,,25644330193,[QUÀ TẶNG KHÔNG BÁN] Bông Tạo Bọt Kì Cọ Tẩy Da Chết Màu Ngẫu Nhiên,346005340612,Nhà cửa & Đời sống,Đồ dùng phòng tắm,Bông tắm,475641850446114_0_0,0,1,dang.thaison,dang.thaison,,122682417,,Chiến dịch mở rộng,0,0,Đơn hàng gián tiếp,0,0,4%,0,0%,12887.1,12887.1,0,"Trạng thái của đơn hàng đang chờ xử lý, hoa hồng chỉ được thanh toán khi nó hoàn thành.",Facebook,0,,,
2607072HX57RA3,Chờ xử lý,Hợp lệ,2026-07-07 08:46:26,,,29728471220,Sữa Tắm 92% Thiên Nhiên Le Petit Marseillais Dịu Nhẹ Sữa Vani Hữu Cơ 650ml 0557,430969799743,Sắc Đẹp,Tắm & chăm sóc cơ thể,Xà phòng & sữa tắm,475641850446114_0_0,353000,1,dang.thaison,dang.thaison,,109863144,,Chiến dịch mở rộng,286380,0,Đơn hàng gián tiếp,12887.1,12887.1,"4,5%",0,0%,0,0,0,"Trạng thái của đơn hàng đang chờ xử lý, hoa hồng chỉ được thanh toán khi nó hoàn thành.",Facebook,13918,Trừ tiền chờ xử lý,,
2607072HVHR7PN,Hoàn thành,Hợp lệ,2026-07-07 08:45:31,2026-07-09 09:19:34,2026-07-09 09:19:34,44004810239,Combo Dầu Gội Xả Thiên Nhiên Chăm Sóc Tóc Le Petit Marseillais Mềm Mượt,380972210350,Sắc Đẹp,Chăm sóc tóc,Dầu gội,,413000,1,ShopBack Việt Nam,shopbackvn_,,140733646,,Chiến dịch mở rộng,314000,0,Đơn hàng trực tiếp,28260,28260,9%,0,0%,28260,28260,0,,Websites,30521,Trừ tiền chờ xử lý,,
2607072HFB90G6,Chờ xử lý,Hợp lệ,2026-07-07 08:38:09,,,25947267438,Hộp 2 Bánh Xà Phòng Thiên Nhiên 98% Le Petit Marseillais Dịu Nhẹ Lành Tính Nhiều Mùi Hương 2 x100g,292645726031,Sắc Đẹp,Tắm & chăm sóc cơ thể,Xà phòng & sữa tắm,,140000,1,Nguyễn Hồng Hà,pduc728fko,,176553504,,Chiến dịch mở rộng,102493,0,Đơn hàng trực tiếp,9224.37,9224.37,9%,0,0%,9224.37,9224.37,0,"Trạng thái của đơn hàng đang chờ xử lý, hoa hồng chỉ được thanh toán khi nó hoàn thành.",Shopeevideo-Shopee,9962,Trừ tiền chờ xử lý,,
2607072HE81R3E,Chờ xử lý,Hợp lệ,2026-07-07 08:37:31,,,24142870859,Sữa Tắm Thơm Lâu Le Petit Marseillais Gel 92% Thiên Nhiên Da Nhạy Cảm Nhiều Mùi Hương 650ml,350973489412,Sắc Đẹp,Tắm & chăm sóc cơ thể,Xà phòng & sữa tắm,475641850446114_0_0,353000,1,Nguyễn Trọng Phụng,o254hsh_3y,,112430963,,Chiến dịch mở rộng,286380,0,Đơn hàng gián tiếp,12887.1,12887.1,"4,5%",0,0%,12887.1,12887.1,0,"Trạng thái của đơn hàng đang chờ xử lý, hoa hồng chỉ được thanh toán khi nó hoàn thành.",Facebook,13918,Trừ tiền chờ xử lý,,
2607072HE81R3E,Chờ xử lý,Hợp lệ,2026-07-07 08:37:31,,,25644330193,[QUÀ TẶNG KHÔNG BÁN] Bông Tạo Bọt Kì Cọ Tẩy Da Chết Màu Ngẫu Nhiên,346005340612,Nhà cửa & Đời sống,Đồ dùng phòng tắm,Bông tắm,475641850446114_0_0,0,1,Nguyễn Trọng Phụng,o254hsh_3y,,122682417,,Chiến dịch mở rộng,0,0,Đơn hàng gián tiếp,0,0,4%,0,0%,0,0,0,"Trạng thái của đơn hàng đang chờ xử lý, hoa hồng chỉ được thanh toán khi nó hoàn thành.",Facebook,0,,,
2607072H6THP0P,Hủy bỏ,Hợp lệ,2026-07-07 08:33:24,,,29880370481,Kem Dưỡng Tay 24h Thiên Nhiên Le Petit Marseillais Nhiều Mùi Hương 75ml,128470976818,Sắc Đẹp,"Chăm sóc tay, chân & móng",Chăm sóc tay,,170000,0,Siêu Thị Online Vương Cung,cungcung737,,112922896,,Chiến dịch mở rộng,0,128520,Đơn hàng trực tiếp,0,0,8%,0,0%,0,0,0,Đơn hàng bị hủy bỏ bởi người mua,Shopeevideo-Shopee,0,,,
2607072GSM3GK9,Chờ xử lý,Hợp lệ,2026-07-07 08:25:59,,,29880370481,Kem Dưỡng Tay 24h Thiên Nhiên Le Petit Marseillais Nhiều Mùi Hương 75ml,128470976818,Sắc Đẹp,"Chăm sóc tay, chân & móng",Chăm sóc tay,,170000,1,Siêu Thị Online Vương Cung,cungcung737,,112922896,,Chiến dịch mở rộng,131580,0,Đơn hàng trực tiếp,10526.4,10526.4,8%,0,0%,10526.4,10526.4,0,"Trạng thái của đơn hàng đang chờ xử lý, hoa hồng chỉ được thanh toán khi nó hoàn thành.",Shopeevideo-Shopee,11369,Trừ tiền chờ xử lý,,
2607072GQRVXX5,Chờ xử lý,Hợp lệ,2026-07-07 08:24:58,,,25692866155,Sữa Tắm Nam 4 in 1 92% Thiên Nhiên Le Petit Marseillais Nhiều Mùi Hương 250ml,345969754131,Sắc Đẹp,Chăm sóc nam giới,Sữa tắm & chăm sóc cơ thể,475641850446114_0_0,184000,1,Ngoc Anh Nguyen,happimommi22,,112434462,,Chiến dịch mở rộng,142794,0,Đơn hàng gián tiếp,5711.76,5711.76,4%,0,0%,21900.065,21900.065,0,"Trạng thái của đơn hàng đang chờ xử lý, hoa hồng chỉ được thanh toán khi nó hoàn thành.",Facebook,6169,Trừ tiền chờ xử lý,,
2607072GQRVXX5,Chờ xử lý,Hợp lệ,2026-07-07 08:24:58,,,27730151664,Sữa Tắm Dưỡng Ẩm 98% Thiên Nhiên Le Petit Marseillais Hữu Cơ Nhiều Mùi Hương Thơm 400ml,365969915565,Sắc Đẹp,Tắm & chăm sóc cơ thể,Xà phòng & sữa tắm,475641850446114_0_0,300000,1,Ngoc Anh Nguyen,happimommi22,,112426971,,Chiến dịch mở rộng,232813,0,Đơn hàng gián tiếp,10476.585,10476.585,"4,5%",0,0%,0,0,0,"Trạng thái của đơn hàng đang chờ xử lý, hoa hồng chỉ được thanh toán khi nó hoàn thành.",Facebook,11315,Trừ tiền chờ xử lý,,
2607072GQRVXX5,Chờ xử lý,Hợp lệ,2026-07-07 08:24:58,,,25644330193,[QUÀ TẶNG KHÔNG BÁN] Bông Tạo Bọt Kì Cọ Tẩy Da Chết Màu Ngẫu Nhiên,346005340612,Nhà cửa & Đời sống,Đồ dùng phòng tắm,Bông tắm,475641850446114_0_0,0,1,Ngoc Anh Nguyen,happimommi22,,122682417,,Chiến dịch mở rộng,0,0,Đơn hàng gián tiếp,0,0,4%,0,0%,0,0,0,"Trạng thái của đơn hàng đang chờ xử lý, hoa hồng chỉ được thanh toán khi nó hoàn thành.",Facebook,0,,,
2607072GQRVXX5,Chờ xử lý,Hợp lệ,2026-07-07 08:24:58,,,25692866155,Sữa Tắm Nam 4 in 1 92% Thiên Nhiên Le Petit Marseillais Nhiều Mùi Hương 250ml,345969754130,Sắc Đẹp,Chăm sóc nam giới,Sữa tắm & chăm sóc cơ thể,475641850446114_0_0,184000,1,Ngoc Anh Nguyen,happimommi22,,112434462,,Chiến dịch mở rộng,142793,0,Đơn hàng gián tiếp,5711.72,5711.72,4%,0,0%,0,0,0,"Trạng thái của đơn hàng đang chờ xử lý, hoa hồng chỉ được thanh toán khi nó hoàn thành.",Facebook,6169,Trừ tiền chờ xử lý,,
2607072GKWX798,Chờ xử lý,Hợp lệ,2026-07-07 08:22:48,,,25644330193,[QUÀ TẶNG KHÔNG BÁN] Bông Tạo Bọt Kì Cọ Tẩy Da Chết Màu Ngẫu Nhiên,346005340612,Nhà cửa & Đời sống,Đồ dùng phòng tắm,Bông tắm,475641850446114_0_0,0,1,Vân Anh Vũ (Thần Deal),thandeal,PiGGi MCN,122682417,,Chiến dịch mở rộng,0,0,Đơn hàng gián tiếp,0,0,4%,0,0%,12790.8,12790.8,0,"Trạng thái của đơn hàng đang chờ xử lý, hoa hồng chỉ được thanh toán khi nó hoàn thành.",Websites,0,,,
2607072GKWX798,Chờ xử lý,Hợp lệ,2026-07-07 08:22:48,,,26727389124,Gel Tắm 92% Thiên Nhiên Le Petit Marseillais Dịu Nhẹ Hoa Tiaré 650ml 8816,395969825479,Sắc Đẹp,Tắm & chăm sóc cơ thể,Xà phòng & sữa tắm,475641850446114_0_0,394000,1,Vân Anh Vũ (Thần Deal),thandeal,PiGGi MCN,109863159,,Chiến dịch mở rộng,284240,0,Đơn hàng gián tiếp,12790.8,12790.8,"4,5%",0,0%,0,0,0,"Trạng thái của đơn hàng đang chờ xử lý, hoa hồng chỉ được thanh toán khi nó hoàn thành.",Websites,13814,Trừ tiền chờ xử lý,,
2607072GAMD60X,Chờ xử lý,Hợp lệ,2026-07-07 08:17:35,,,27530290500,Kem Dưỡng Body Lotion 24h Le Petit Marseillais Sữa Cấp Ẩm Hữu Cơ Thiên Nhiên Nhiều Mùi Hương 400ml,272645767606,Sắc Đẹp,Tắm & chăm sóc cơ thể,Kem & sữa dưỡng thể,,370000,1,Nguyễn Văn Ky,nguyenvanky1402,,112716201,,Chiến dịch mở rộng,273731,0,Đơn hàng gián tiếp,12317.895,12317.895,"4,5%",0,0%,12317.895,12317.895,0,"Trạng thái của đơn hàng đang chờ xử lý, hoa hồng chỉ được thanh toán khi nó hoàn thành.",Facebook,13303,Trừ tiền chờ xử lý,,
2607072GAMD60W,Chờ xử lý,Hợp lệ,2026-07-07 08:17:35,,,27742398068,Gel Rửa Tay Thiên Nhiên 92% Le Petit Marseillais Dịu Nhẹ Lành Tính Bảo Vệ Da Nhiều Mùi Hương 300ml,350970286541,Sắc Đẹp,"Chăm sóc tay, chân & móng",Chăm sóc tay,,201000,1,Nguyễn Văn Ky,nguyenvanky1402,,176541211,,Chiến dịch mở rộng,148701,0,Đơn hàng gián tiếp,5948.04,5948.04,4%,0,0%,26248.425,26248.425,0,"Trạng thái của đơn hàng đang chờ xử lý, hoa hồng chỉ được thanh toán khi nó hoàn thành.",Facebook,6424,Trừ tiền chờ xử lý,,
2607072GAMD60W,Chờ xử lý,Hợp lệ,2026-07-07 08:17:35,,,29480146096,Sữa Tắm Thiên Nhiên 92% Le Petit Marseillais Nhiều Mùi Hương 250ml,310970228927,Sắc Đẹp,Tắm & chăm sóc cơ thể,Xà phòng & sữa tắm,475641850446114_0_0,180000,1,Nguyễn Văn Ky,nguyenvanky1402,,112409565,,Chiến dịch mở rộng,133166,0,Đơn hàng gián tiếp,5992.47,5992.47,"4,5%",0,0%,0,0,0,"Trạng thái của đơn hàng đang chờ xử lý, hoa hồng chỉ được thanh toán khi nó hoàn thành.",Facebook,6472,Trừ tiền chờ xử lý,,
2607072GAMD60W,Chờ xử lý,Hợp lệ,2026-07-07 08:17:35,,,29480146096,Sữa Tắm Thiên Nhiên 92% Le Petit Marseillais Nhiều Mùi Hương 250ml,315970228700,Sắc Đẹp,Tắm & chăm sóc cơ thể,Xà phòng & sữa tắm,475641850446114_0_0,180000,1,Nguyễn Văn Ky,nguyenvanky1402,,112409565,,Chiến dịch mở rộng,133167,0,Đơn hàng gián tiếp,5992.515,5992.515,"4,5%",0,0%,0,0,0,"Trạng thái của đơn hàng đang chờ xử lý, hoa hồng chỉ được thanh toán khi nó hoàn thành.",Facebook,6472,Trừ tiền chờ xử lý,,
2607072GAMD60W,Chờ xử lý,Hợp lệ,2026-07-07 08:17:35,,,25644330193,[QUÀ TẶNG KHÔNG BÁN] Bông Tạo Bọt Kì Cọ Tẩy Da Chết Màu Ngẫu Nhiên,346005340612,Nhà cửa & Đời sống,Đồ dùng phòng tắm,Bông tắm,475641850446114_0_0,0,1,Nguyễn Văn Ky,nguyenvanky1402,,122682417,,Chiến dịch mở rộng,0,0,Đơn hàng gián tiếp,0,0,4%,0,0%,0,0,0,"Trạng thái của đơn hàng đang chờ xử lý, hoa hồng chỉ được thanh toán khi nó hoàn thành.",Facebook,0,,,
2607072GAMD60W,Chờ xử lý,Hợp lệ,2026-07-07 08:17:35,,,27586430985,Dầu Gội Trẻ Em 2in1 94% Thiên Nhiên Le Petit Marseillais Giúp Gỡ Rối Tóc Nhiều Mùi Hương 300ml,380970144964,Mẹ & Bé,Đồ dùng phòng tắm & Chăm sóc cơ thể bé,Sản phẩm tắm & gội cho bé,,281000,1,Nguyễn Văn Ky,nguyenvanky1402,,128189901,,Chiến dịch mở rộng,207885,0,Đơn hàng gián tiếp,8315.4,8315.4,4%,0,0%,0,0,0,"Trạng thái của đơn hàng đang chờ xử lý, hoa hồng chỉ được thanh toán khi nó hoàn thành.",Facebook,8981,Trừ tiền chờ xử lý,,
2607072G8T5NS2,Hoàn thành,Hợp lệ,2026-07-07 08:16:35,2026-07-08 11:26:16,2026-07-08 11:26:16,24142870859,Sữa Tắm Thơm Lâu Le Petit Marseillais Gel 92% Thiên Nhiên Da Nhạy Cảm Nhiều Mùi Hương 650ml,350973489402,Sắc Đẹp,Tắm & chăm sóc cơ thể,Xà phòng & sữa tắm,475641850446114_0_0,353000,1,Hương Hương nè ᥫ᭡,huonghuongne185,,112430963,,Chiến dịch mở rộng,263070,0,Đơn hàng trực tiếp,23676.3,23676.3,9%,0,0%,23676.3,23676.3,0,,Shopeevideo-Shopee,25570,Trừ tiền chờ xử lý,,
2607072G8T5NS2,Hoàn thành,Hợp lệ,2026-07-07 08:16:35,2026-07-08 11:26:16,2026-07-08 11:26:16,25644330193,[QUÀ TẶNG KHÔNG BÁN] Bông Tạo Bọt Kì Cọ Tẩy Da Chết Màu Ngẫu Nhiên,346005340612,Nhà cửa & Đời sống,Đồ dùng phòng tắm,Bông tắm,475641850446114_0_0,0,1,Hương Hương nè ᥫ᭡,huonghuongne185,,122682417,,Chiến dịch mở rộng,0,0,Đơn hàng trực tiếp,0,0,8%,0,0%,0,0,0,,Shopeevideo-Shopee,0,,,
2607072FA9KWRK,Chờ xử lý,Hợp lệ,2026-07-07 07:59:32,,,24142870859,Sữa Tắm Thơm Lâu Le Petit Marseillais Gel 92% Thiên Nhiên Da Nhạy Cảm Nhiều Mùi Hương 650ml,350973489407,Sắc Đẹp,Tắm & chăm sóc cơ thể,Xà phòng & sữa tắm,475641850446114_0_0,353000,1,Ngọc Yếnn,ngocyenxinchao,,112430963,,Chiến dịch mở rộng,286380,0,Đơn hàng gián tiếp,12887.1,12887.1,"4,5%",0,0%,12887.1,12887.1,0,"Trạng thái của đơn hàng đang chờ xử lý, hoa hồng chỉ được thanh toán khi nó hoàn thành.",Websites,13918,Trừ tiền chờ xử lý,,
2607072FA9KWRK,Chờ xử lý,Hợp lệ,2026-07-07 07:59:32,,,25644330193,[QUÀ TẶNG KHÔNG BÁN] Bông Tạo Bọt Kì Cọ Tẩy Da Chết Màu Ngẫu Nhiên,346005340612,Nhà cửa & Đời sống,Đồ dùng phòng tắm,Bông tắm,475641850446114_0_0,0,1,Ngọc Yếnn,ngocyenxinchao,,122682417,,Chiến dịch mở rộng,0,0,Đơn hàng gián tiếp,0,0,4%,0,0%,0,0,0,"Trạng thái của đơn hàng đang chờ xử lý, hoa hồng chỉ được thanh toán khi nó hoàn thành.",Websites,0,,,
2607072F2CWNWW,Chờ xử lý,Hợp lệ,2026-07-07 07:55:13,,,24142870859,Sữa Tắm Thơm Lâu Le Petit Marseillais Gel 92% Thiên Nhiên Da Nhạy Cảm Nhiều Mùi Hương 650ml,350973489410,Sắc Đẹp,Tắm & chăm sóc cơ thể,Xà phòng & sữa tắm,475641850446114_0_0,353000,1,accesstradevn,accesstradevn,,112430963,,Chiến dịch mở rộng,231568,0,Đơn hàng trực tiếp,20841.12,20841.12,9%,0,0%,20841.12,20841.12,0,"Trạng thái của đơn hàng đang chờ xử lý, hoa hồng chỉ được thanh toán khi nó hoàn thành.",Others,22508,Trừ tiền chờ xử lý,,
2607072F2CWNWW,Chờ xử lý,Hợp lệ,2026-07-07 07:55:13,,,25644330193,[QUÀ TẶNG KHÔNG BÁN] Bông Tạo Bọt Kì Cọ Tẩy Da Chết Màu Ngẫu Nhiên,346005340612,Nhà cửa & Đời sống,Đồ dùng phòng tắm,Bông tắm,475641850446114_0_0,0,1,accesstradevn,accesstradevn,,122682417,,Chiến dịch mở rộng,0,0,Đơn hàng trực tiếp,0,0,8%,0,0%,0,0,0,"Trạng thái của đơn hàng đang chờ xử lý, hoa hồng chỉ được thanh toán khi nó hoàn thành.",Others,0,,,
2607072ETCD90T,Chờ xử lý,Hợp lệ,2026-07-07 07:50:37,,,41900312088,Dầu Gội Trẻ Em 2in1 94% Thiên Nhiên Le Petit Marseillais Giúp Gỡ Rối Tóc Chiết Xuất Quả Đào & Quả Mơ 300ml 0435,218837639344,Mẹ & Bé,Đồ dùng phòng tắm & Chăm sóc cơ thể bé,Sản phẩm tắm & gội cho bé,,280000,1,Tieu Thanh Thanh,yeuvinh3071,,128186974,,Chiến dịch mở rộng,213200,0,Đơn hàng trực tiếp,17056,17056,8%,0,0%,17056,17056,0,"Trạng thái của đơn hàng đang chờ xử lý, hoa hồng chỉ được thanh toán khi nó hoàn thành.",Shopeevideo-Shopee,18420,Trừ tiền chờ xử lý,,
2607072EHQRBY6,Hoàn thành,Hợp lệ,2026-07-07 07:45:47,2026-07-08 13:00:02,2026-07-08 13:00:02,25644330193,[QUÀ TẶNG KHÔNG BÁN] Bông Tạo Bọt Kì Cọ Tẩy Da Chết Màu Ngẫu Nhiên,346005340612,Nhà cửa & Đời sống,Đồ dùng phòng tắm,Bông tắm,475641850446114_0_0,0,1,hienhanh936,hienhanh936,,122682417,,Chiến dịch mở rộng,0,0,Đơn hàng trực tiếp,0,0,8%,0,0%,16176.6,16176.6,0,,Shopeevideo-Shopee,0,,,
2607072EHQRBY6,Hoàn thành,Hợp lệ,2026-07-07 07:45:47,2026-07-08 13:00:02,2026-07-08 13:00:02,28980146591,Gel Tắm Hữu Cơ BIO 98% Thiên Nhiên Le Petit Marseillais Nhiều Mùi Hương 250ml,315970996473,Sắc Đẹp,Tắm & chăm sóc cơ thể,Xà phòng & sữa tắm,475641850446114_0_0,229000,1,hienhanh936,hienhanh936,,112420787,,Chiến dịch mở rộng,179740,0,Đơn hàng trực tiếp,16176.6,16176.6,9%,0,0%,0,0,0,,Shopeevideo-Shopee,17471,Trừ tiền chờ xử lý,,
2607072EFEBWCV,Chờ xử lý,Hợp lệ,2026-07-07 07:44:31,,,29480146096,Sữa Tắm Thiên Nhiên 92% Le Petit Marseillais Nhiều Mùi Hương 250ml,315970228698,Sắc Đẹp,Tắm & chăm sóc cơ thể,Xà phòng & sữa tắm,475641850446114_0_0,180000,1,mngocshop133,mngocshop133,"Accesstrade,Interspace",112409565,,Chiến dịch mở rộng,139400,0,Đơn hàng trực tiếp,12546,12546,9%,0,0%,25092,25092,0,"Trạng thái của đơn hàng đang chờ xử lý, hoa hồng chỉ được thanh toán khi nó hoàn thành.",Shopeelive-Shopee,13550,Trừ tiền chờ xử lý,,
2607072EFEBWCV,Chờ xử lý,Hợp lệ,2026-07-07 07:44:31,,,25644330193,[QUÀ TẶNG KHÔNG BÁN] Bông Tạo Bọt Kì Cọ Tẩy Da Chết Màu Ngẫu Nhiên,346005340612,Nhà cửa & Đời sống,Đồ dùng phòng tắm,Bông tắm,475641850446114_0_0,0,1,mngocshop133,mngocshop133,"Accesstrade,Interspace",122682417,,Chiến dịch mở rộng,0,0,Đơn hàng trực tiếp,0,0,8%,0,0%,0,0,0,"Trạng thái của đơn hàng đang chờ xử lý, hoa hồng chỉ được thanh toán khi nó hoàn thành.",Shopeelive-Shopee,0,,,
2607072EFEBWCV,Chờ xử lý,Hợp lệ,2026-07-07 07:44:31,,,29480146096,Sữa Tắm Thiên Nhiên 92% Le Petit Marseillais Nhiều Mùi Hương 250ml,310970228928,Sắc Đẹp,Tắm & chăm sóc cơ thể,Xà phòng & sữa tắm,475641850446114_0_0,180000,1,mngocshop133,mngocshop133,"Accesstrade,Interspace",112409565,,Chiến dịch mở rộng,139400,0,Đơn hàng trực tiếp,12546,12546,9%,0,0%,0,0,0,"Trạng thái của đơn hàng đang chờ xử lý, hoa hồng chỉ được thanh toán khi nó hoàn thành.",Shopeelive-Shopee,13550,Trừ tiền chờ xử lý,,
2607072EAC7TYG,Chờ xử lý,Hợp lệ,2026-07-07 07:41:41,,,26879882339,Dầu Xả Dưỡng Ẩm 95% Thiên Nhiên Le Petit Marseillais Chiết Xuất Dừa Hữu Cơ 200ml 4752,445972126965,Sắc Đẹp,Chăm sóc tóc,Dầu xả,,194000,1,krystallee,huynanhnguyn046,,111647232,,Chiến dịch mở rộng,149283,0,Đơn hàng gián tiếp,6717.735,6717.735,"4,5%",0,0%,24478.015,24478.015,0,"Trạng thái của đơn hàng đang chờ xử lý, hoa hồng chỉ được thanh toán khi nó hoàn thành.",Websites,7255,Trừ tiền chờ xử lý,,
2607072EAC7TYG,Chờ xử lý,Hợp lệ,2026-07-07 07:41:41,,,28379882165,Mặt Nạ Dưỡng Tóc 4in1 96% Thiên Nhiên Le Petit Marseillais Chiết Xuất Dừa Hữu Cơ 300ml 5209,350970222410,Sắc Đẹp,Chăm sóc tóc,Sản phẩm dưỡng tóc,,407000,1,krystallee,huynanhnguyn046,,111647800,,Chiến dịch mở rộng,313189,0,Đơn hàng gián tiếp,12527.56,12527.56,4%,0,0%,0,0,0,"Trạng thái của đơn hàng đang chờ xử lý, hoa hồng chỉ được thanh toán khi nó hoàn thành.",Websites,13530,Trừ tiền chờ xử lý,,
2607072EAC7TYG,Chờ xử lý,Hợp lệ,2026-07-07 07:41:41,,,29880370481,Kem Dưỡng Tay 24h Thiên Nhiên Le Petit Marseillais Nhiều Mùi Hương 75ml,129503370888,Sắc Đẹp,"Chăm sóc tay, chân & móng",Chăm sóc tay,,170000,1,krystallee,huynanhnguyn046,,112922896,,Chiến dịch mở rộng,130818,0,Đơn hàng gián tiếp,5232.72,5232.72,4%,0,0%,0,0,0,"Trạng thái của đơn hàng đang chờ xử lý, hoa hồng chỉ được thanh toán khi nó hoàn thành.",Websites,5651,Trừ tiền chờ xử lý,,
2607072E0GJCDW,Hoàn thành,Hợp lệ,2026-07-07 07:36:09,2026-07-08 19:34:51,2026-07-08 19:34:51,29880370481,Kem Dưỡng Tay 24h Thiên Nhiên Le Petit Marseillais Nhiều Mùi Hương 75ml,128470976818,Sắc Đẹp,"Chăm sóc tay, chân & móng",Chăm sóc tay,,170000,1,Đức,konosubaaaaaaaa,,112922896,,Chiến dịch mở rộng,117660,0,Đơn hàng trực tiếp,9412.8,9412.8,8%,0,0%,9412.8,9412.8,0,,Shopeelive-Shopee,10166,Trừ tiền chờ xử lý,,
2607072E0CSJBC,Chờ xử lý,Hợp lệ,2026-07-07 07:36:04,,,29480146096,Sữa Tắm Thiên Nhiên 92% Le Petit Marseillais Nhiều Mùi Hương 250ml,310970228927,Sắc Đẹp,Tắm & chăm sóc cơ thể,Xà phòng & sữa tắm,475641850446114_0_0,180000,1,CreatorX Media Network,creatorxmedianetwork,,112409565,,Chiến dịch mở rộng,140400,0,Đơn hàng gián tiếp,6318,6318,"4,5%",0,0%,18953.955,18953.955,0,"Trạng thái của đơn hàng đang chờ xử lý, hoa hồng chỉ được thanh toán khi nó hoàn thành.",Others,6823,Trừ tiền chờ xử lý,,
2607072E0CSJBC,Chờ xử lý,Hợp lệ,2026-07-07 07:36:04,,,29480146096,Sữa Tắm Thiên Nhiên 92% Le Petit Marseillais Nhiều Mùi Hương 250ml,310970228930,Sắc Đẹp,Tắm & chăm sóc cơ thể,Xà phòng & sữa tắm,475641850446114_0_0,180000,1,CreatorX Media Network,creatorxmedianetwork,,112409565,,Chiến dịch mở rộng,140400,0,Đơn hàng gián tiếp,6318,6318,"4,5%",0,0%,0,0,0,"Trạng thái của đơn hàng đang chờ xử lý, hoa hồng chỉ được thanh toán khi nó hoàn thành.",Others,6823,Trừ tiền chờ xử lý,,
2607072E0CSJBC,Chờ xử lý,Hợp lệ,2026-07-07 07:36:04,,,29480146096,Sữa Tắm Thiên Nhiên 92% Le Petit Marseillais Nhiều Mùi Hương 250ml,315970228700,Sắc Đẹp,Tắm & chăm sóc cơ thể,Xà phòng & sữa tắm,475641850446114_0_0,180000,1,CreatorX Media Network,creatorxmedianetwork,,112409565,,Chiến dịch mở rộng,140399,0,Đơn hàng gián tiếp,6317.955,6317.955,"4,5%",0,0%,0,0,0,"Trạng thái của đơn hàng đang chờ xử lý, hoa hồng chỉ được thanh toán khi nó hoàn thành.",Others,6823,Trừ tiền chờ xử lý,,
2607072E0CSJBC,Chờ xử lý,Hợp lệ,2026-07-07 07:36:04,,,25644330193,[QUÀ TẶNG KHÔNG BÁN] Bông Tạo Bọt Kì Cọ Tẩy Da Chết Màu Ngẫu Nhiên,346005340612,Nhà cửa & Đời sống,Đồ dùng phòng tắm,Bông tắm,475641850446114_0_0,0,1,CreatorX Media Network,creatorxmedianetwork,,122682417,,Chiến dịch mở rộng,0,0,Đơn hàng gián tiếp,0,0,4%,0,0%,0,0,0,"Trạng thái của đơn hàng đang chờ xử lý, hoa hồng chỉ được thanh toán khi nó hoàn thành.",Others,0,,,
2607072DU4VQS8,Chờ xử lý,Hợp lệ,2026-07-07 07:33:09,,,27742398068,Gel Rửa Tay Thiên Nhiên 92% Le Petit Marseillais Dịu Nhẹ Lành Tính Bảo Vệ Da Nhiều Mùi Hương 300ml,350970286540,Sắc Đẹp,"Chăm sóc tay, chân & móng",Chăm sóc tay,,201000,1,Phương Ly,prettymuchchannel,,176541211,,Chiến dịch mở rộng,153904,0,Đơn hàng gián tiếp,6156.16,6156.16,4%,0,0%,19908,19908,0,"Trạng thái của đơn hàng đang chờ xử lý, hoa hồng chỉ được thanh toán khi nó hoàn thành.",Instagram,6649,Trừ tiền chờ xử lý,,
2607072DU4VQS8,Chờ xử lý,Hợp lệ,2026-07-07 07:33:09,,,27742398068,Gel Rửa Tay Thiên Nhiên 92% Le Petit Marseillais Dịu Nhẹ Lành Tính Bảo Vệ Da Nhiều Mùi Hương 300ml,350970286543,Sắc Đẹp,"Chăm sóc tay, chân & móng",Chăm sóc tay,,201000,1,Phương Ly,prettymuchchannel,,176541211,,Chiến dịch mở rộng,153905,0,Đơn hàng gián tiếp,6156.2,6156.2,4%,0,0%,0,0,0,"Trạng thái của đơn hàng đang chờ xử lý, hoa hồng chỉ được thanh toán khi nó hoàn thành.",Instagram,6649,Trừ tiền chờ xử lý,,
2607072DU4VQS8,Chờ xử lý,Hợp lệ,2026-07-07 07:33:09,,,42772194461,Gel Rửa Tay Thiên Nhiên 92% Le Petit Marseillais Dịu Nhẹ Lành Tính Bảo Vệ Da Nhiều Mùi Hương 500ml,302645744374,Sắc Đẹp,"Chăm sóc tay, chân & móng",Chăm sóc tay,,248000,1,Phương Ly,prettymuchchannel,,176543235,,Chiến dịch mở rộng,189891,0,Đơn hàng gián tiếp,7595.64,7595.64,4%,0,0%,0,0,0,"Trạng thái của đơn hàng đang chờ xử lý, hoa hồng chỉ được thanh toán khi nó hoàn thành.",Instagram,8203,Trừ tiền chờ xử lý,,
2607072D8MMJQY,Hoàn thành,Hợp lệ,2026-07-07 07:22:49,2026-07-08 17:25:00,2026-07-08 17:25:00,24142870859,Sữa Tắm Thơm Lâu Le Petit Marseillais Gel 92% Thiên Nhiên Da Nhạy Cảm Nhiều Mùi Hương 650ml,350973489414,Sắc Đẹp,Tắm & chăm sóc cơ thể,Xà phòng & sữa tắm,475641850446114_0_0,353000,1,RẺ VÔ ĐỊCH,e1gbhkzrb7,,112430963,,Chiến dịch mở rộng,270328,0,Đơn hàng trực tiếp,24329.52,24329.52,9%,0,0%,45006.3,45006.3,0,,Shopeelive-Shopee,26276,Trừ tiền chờ xử lý,,
2607072D8MMJQY,Hoàn thành,Hợp lệ,2026-07-07 07:22:49,2026-07-08 17:25:00,2026-07-08 17:25:00,25644330193,[QUÀ TẶNG KHÔNG BÁN] Bông Tạo Bọt Kì Cọ Tẩy Da Chết Màu Ngẫu Nhiên,346005340612,Nhà cửa & Đời sống,Đồ dùng phòng tắm,Bông tắm,475641850446114_0_0,0,1,RẺ VÔ ĐỊCH,e1gbhkzrb7,,122682417,,Chiến dịch mở rộng,0,0,Đơn hàng trực tiếp,0,0,8%,0,0%,0,0,0,,Shopeelive-Shopee,0,,,
2607072D8MMJQY,Hoàn thành,Hợp lệ,2026-07-07 07:22:49,2026-07-08 17:25:00,2026-07-08 17:25:00,27730151664,Sữa Tắm Dưỡng Ẩm 98% Thiên Nhiên Le Petit Marseillais Hữu Cơ Nhiều Mùi Hương Thơm 400ml,365969915565,Sắc Đẹp,Tắm & chăm sóc cơ thể,Xà phòng & sữa tắm,475641850446114_0_0,300000,1,RẺ VÔ ĐỊCH,e1gbhkzrb7,,112426971,,Chiến dịch mở rộng,229742,0,Đơn hàng trực tiếp,20676.78,20676.78,9%,0,0%,0,0,0,,Shopeelive-Shopee,22331,Trừ tiền chờ xử lý,,
2607072C8901X5,Hoàn thành,Hợp lệ,2026-07-07 07:04:43,2026-07-08 14:43:22,2026-07-08 14:43:22,44004810239,Combo Dầu Gội Xả Thiên Nhiên Chăm Sóc Tóc Le Petit Marseillais Mềm Mượt,380972210351,Sắc Đẹp,Chăm sóc tóc,Dầu gội,,413000,1,user8265473625151,0z6d4rbda9,PHMAX,140733646,,Chiến dịch mở rộng,220794,0,Đơn hàng gián tiếp,9935.73,9935.73,"4,5%",0,0%,22784.56,22784.56,0,,Facebook,10731,Trừ tiền chờ xử lý,,
2607072C8901X5,Hoàn thành,Hợp lệ,2026-07-07 07:04:43,2026-07-08 14:43:22,2026-07-08 14:43:22,25692912400,Sữa Dưỡng Thể Body Lotion Thiên Nhiên Le Petit Marseillais Hữu Cơ Nhiều Mùi Hương 250ml,375972102741,Sắc Đẹp,Tắm & chăm sóc cơ thể,Kem & sữa dưỡng thể,,309000,1,user8265473625151,0z6d4rbda9,PHMAX,112708614,,Chiến dịch mở rộng,165238,0,Đơn hàng gián tiếp,7435.71,7435.71,"4,5%",0,0%,0,0,0,,Facebook,8031,Trừ tiền chờ xử lý,,
2607072C8901X5,Hoàn thành,Hợp lệ,2026-07-07 07:04:43,2026-07-08 14:43:22,2026-07-08 14:43:22,43072196133,Dầu Xả Dưỡng Tóc Le Petit Marseillais Làm Mềm Mượt Bóng Khỏe Nhanh Từ Hạnh Nhân Và Hạt Lanh Hữu Cơ 200ml 1916,380970376325,Sắc Đẹp,Chăm sóc tóc,Dầu xả,,253000,1,user8265473625151,0z6d4rbda9,PHMAX,176522847,,Chiến dịch mở rộng,135328,0,Đơn hàng gián tiếp,5413.12,5413.12,4%,0,0%,0,0,0,,Facebook,5846,Trừ tiền chờ xử lý,,
2607072BDS781X,Chờ xử lý,Hợp lệ,2026-07-07 06:49:52,,,25644330193,[QUÀ TẶNG KHÔNG BÁN] Bông Tạo Bọt Kì Cọ Tẩy Da Chết Màu Ngẫu Nhiên,346005340612,Nhà cửa & Đời sống,Đồ dùng phòng tắm,Bông tắm,475641850446114_0_0,0,1,Trang Review,trangreview11,,122682417,,Chiến dịch mở rộng,0,0,Đơn hàng trực tiếp,0,0,8%,0,0%,23376.6,23376.6,0,"Trạng thái của đơn hàng đang chờ xử lý, hoa hồng chỉ được thanh toán khi nó hoàn thành.",Shopeelive-Shopee,0,,,
2607072BDS781X,Chờ xử lý,Hợp lệ,2026-07-07 06:49:52,,,24142870859,Sữa Tắm Thơm Lâu Le Petit Marseillais Gel 92% Thiên Nhiên Da Nhạy Cảm Nhiều Mùi Hương 650ml,350973489413,Sắc Đẹp,Tắm & chăm sóc cơ thể,Xà phòng & sữa tắm,475641850446114_0_0,353000,1,Trang Review,trangreview11,,112430963,,Chiến dịch mở rộng,259740,0,Đơn hàng trực tiếp,23376.6,23376.6,9%,0,0%,0,0,0,"Trạng thái của đơn hàng đang chờ xử lý, hoa hồng chỉ được thanh toán khi nó hoàn thành.",Shopeelive-Shopee,25247,Trừ tiền chờ xử lý,,
2607072AXX8SNC,Chờ xử lý,Hợp lệ,2026-07-07 06:41:35,,,24142870859,Sữa Tắm Thơm Lâu Le Petit Marseillais Gel 92% Thiên Nhiên Da Nhạy Cảm Nhiều Mùi Hương 650ml,350973489402,Sắc Đẹp,Tắm & chăm sóc cơ thể,Xà phòng & sữa tắm,475641850446114_0_0,353000,1,Tú Chu,maydressstudio,,112430963,,Chiến dịch mở rộng,270058,0,Đơn hàng gián tiếp,12152.61,12152.61,"4,5%",0,0%,20721.09,20721.09,0,"Trạng thái của đơn hàng đang chờ xử lý, hoa hồng chỉ được thanh toán khi nó hoàn thành.",Facebook,13125,Trừ tiền chờ xử lý,,
2607072AXX8SNC,Chờ xử lý,Hợp lệ,2026-07-07 06:41:35,,,25644330193,[QUÀ TẶNG KHÔNG BÁN] Bông Tạo Bọt Kì Cọ Tẩy Da Chết Màu Ngẫu Nhiên,346005340612,Nhà cửa & Đời sống,Đồ dùng phòng tắm,Bông tắm,475641850446114_0_0,0,1,Tú Chu,maydressstudio,,122682417,,Chiến dịch mở rộng,0,0,Đơn hàng gián tiếp,0,0,4%,0,0%,0,0,0,"Trạng thái của đơn hàng đang chờ xử lý, hoa hồng chỉ được thanh toán khi nó hoàn thành.",Facebook,0,,,
2607072AXX8SNC,Chờ xử lý,Hợp lệ,2026-07-07 06:41:35,,,41900312088,Dầu Gội Trẻ Em 2in1 94% Thiên Nhiên Le Petit Marseillais Giúp Gỡ Rối Tóc Chiết Xuất Quả Đào & Quả Mơ 300ml 0435,218837639344,Mẹ & Bé,Đồ dùng phòng tắm & Chăm sóc cơ thể bé,Sản phẩm tắm & gội cho bé,,280000,1,Tú Chu,maydressstudio,,128186974,,Chiến dịch mở rộng,214212,0,Đơn hàng gián tiếp,8568.48,8568.48,4%,0,0%,0,0,0,"Trạng thái của đơn hàng đang chờ xử lý, hoa hồng chỉ được thanh toán khi nó hoàn thành.",Facebook,9254,Trừ tiền chờ xử lý,,
2607072AVNT7U6,Hoàn thành,Hợp lệ,2026-07-07 06:40:19,2026-07-08 14:02:14,2026-07-08 14:02:14,43671519101,Xà Phòng Tắm Truyền Thống Thiên Nhiên 99% Le Petit Marseillais Dịu Nhẹ Nguyên Chất Không Mùi 300G 0651,315970753091,Sắc Đẹp,Tắm & chăm sóc cơ thể,Xà phòng & sữa tắm,,167000,1,Nguyễn Hồng Hà,pduc728fko,,175695533,,Chiến dịch mở rộng,119040,0,Đơn hàng trực tiếp,10713.6,10713.6,9%,0,0%,10713.6,10713.6,0,,Shopeevideo-Shopee,11571,Trừ tiền chờ xử lý,,
26070729HX5C8V,Chờ xử lý,Hợp lệ,2026-07-07 06:16:26,,,25644330193,[QUÀ TẶNG KHÔNG BÁN] Bông Tạo Bọt Kì Cọ Tẩy Da Chết Màu Ngẫu Nhiên,346005340612,Nhà cửa & Đời sống,Đồ dùng phòng tắm,Bông tắm,475641850446114_0_0,0,1,Cuộc Sống Muôn Màu,sieucancan,,122682417,,Chiến dịch mở rộng,0,0,Đơn hàng gián tiếp,0,0,4%,0,0%,6269.4,6269.4,0,"Trạng thái của đơn hàng đang chờ xử lý, hoa hồng chỉ được thanh toán khi nó hoàn thành.",Facebook,0,,,
26070729HX5C8V,Chờ xử lý,Hợp lệ,2026-07-07 06:16:26,,,29480146096,Sữa Tắm Thiên Nhiên 92% Le Petit Marseillais Nhiều Mùi Hương 250ml,310970228928,Sắc Đẹp,Tắm & chăm sóc cơ thể,Xà phòng & sữa tắm,475641850446114_0_0,180000,1,Cuộc Sống Muôn Màu,sieucancan,,112409565,,Chiến dịch mở rộng,139320,0,Đơn hàng gián tiếp,6269.4,6269.4,"4,5%",0,0%,0,0,0,"Trạng thái của đơn hàng đang chờ xử lý, hoa hồng chỉ được thanh toán khi nó hoàn thành.",Facebook,6771,Trừ tiền chờ xử lý,,
26070727KTRGVT,Chờ xử lý,Hợp lệ,2026-07-07 05:41:41,,,25692866155,Sữa Tắm Nam 4 in 1 92% Thiên Nhiên Le Petit Marseillais Nhiều Mùi Hương 250ml,345969754130,Sắc Đẹp,Chăm sóc nam giới,Sữa tắm & chăm sóc cơ thể,475641850446114_0_0,184000,1,Ngọc Yếnn,ngocyenxinchao,,112434462,,Chiến dịch mở rộng,142680,0,Đơn hàng gián tiếp,5707.2,5707.2,4%,0,0%,11414.4,11414.4,0,"Trạng thái của đơn hàng đang chờ xử lý, hoa hồng chỉ được thanh toán khi nó hoàn thành.",Instagram,6164,Trừ tiền chờ xử lý,,
26070727KTRGVT,Chờ xử lý,Hợp lệ,2026-07-07 05:41:41,,,25692866155,Sữa Tắm Nam 4 in 1 92% Thiên Nhiên Le Petit Marseillais Nhiều Mùi Hương 250ml,345969754133,Sắc Đẹp,Chăm sóc nam giới,Sữa tắm & chăm sóc cơ thể,475641850446114_0_0,184000,1,Ngọc Yếnn,ngocyenxinchao,,112434462,,Chiến dịch mở rộng,142680,0,Đơn hàng gián tiếp,5707.2,5707.2,4%,0,0%,0,0,0,"Trạng thái của đơn hàng đang chờ xử lý, hoa hồng chỉ được thanh toán khi nó hoàn thành.",Instagram,6164,Trừ tiền chờ xử lý,,
26070727KTRGVT,Chờ xử lý,Hợp lệ,2026-07-07 05:41:41,,,25644330193,[QUÀ TẶNG KHÔNG BÁN] Bông Tạo Bọt Kì Cọ Tẩy Da Chết Màu Ngẫu Nhiên,346005340612,Nhà cửa & Đời sống,Đồ dùng phòng tắm,Bông tắm,475641850446114_0_0,0,1,Ngọc Yếnn,ngocyenxinchao,,122682417,,Chiến dịch mở rộng,0,0,Đơn hàng gián tiếp,0,0,4%,0,0%,0,0,0,"Trạng thái của đơn hàng đang chờ xử lý, hoa hồng chỉ được thanh toán khi nó hoàn thành.",Instagram,0,,,
2607072785VCN1,Hoàn thành,Hợp lệ,2026-07-07 05:35:11,2026-07-08 14:44:18,2026-07-08 14:44:18,25644330193,[QUÀ TẶNG KHÔNG BÁN] Bông Tạo Bọt Kì Cọ Tẩy Da Chết Màu Ngẫu Nhiên,346005340612,Nhà cửa & Đời sống,Đồ dùng phòng tắm,Bông tắm,475641850446114_0_0,0,1,Tuenhikem,tuenhikem,,122682417,,Chiến dịch mở rộng,0,0,Đơn hàng gián tiếp,0,0,4%,0,0%,5832,5832,0,,Facebook,0,,,
2607072785VCN1,Hoàn thành,Hợp lệ,2026-07-07 05:35:11,2026-07-08 14:44:18,2026-07-08 14:44:18,29480146096,Sữa Tắm Thiên Nhiên 92% Le Petit Marseillais Nhiều Mùi Hương 250ml,310970228929,Sắc Đẹp,Tắm & chăm sóc cơ thể,Xà phòng & sữa tắm,475641850446114_0_0,180000,1,Tuenhikem,tuenhikem,,112409565,,Chiến dịch mở rộng,129600,0,Đơn hàng gián tiếp,5832,5832,"4,5%",0,0%,0,0,0,,Facebook,6299,Trừ tiền chờ xử lý,,
260707272MGAVA,Chờ xử lý,Hợp lệ,2026-07-07 05:32:04,,,29880370481,Kem Dưỡng Tay 24h Thiên Nhiên Le Petit Marseillais Nhiều Mùi Hương 75ml,129503370888,Sắc Đẹp,"Chăm sóc tay, chân & móng",Chăm sóc tay,,170000,1,CreatorX Media Network,creatorxmedianetwork,,112922896,,Chiến dịch mở rộng,131199,0,Đơn hàng gián tiếp,5247.96,5247.96,4%,0,0%,10495.96,10495.96,0,"Trạng thái của đơn hàng đang chờ xử lý, hoa hồng chỉ được thanh toán khi nó hoàn thành.",Others,5668,Trừ tiền chờ xử lý,,
260707272MGAVA,Chờ xử lý,Hợp lệ,2026-07-07 05:32:04,,,27979868574,"Kem Dưỡng Tay 24h Thiên Nhiên Le Petit Marseillais Chiết Xuất Bơ Hạt Mỡ, Hạnh Nhân & Dầu Argan 75ml 8485",410970243688,Sắc Đẹp,"Chăm sóc tay, chân & móng",Chăm sóc tay,,170000,1,CreatorX Media Network,creatorxmedianetwork,,111648683,,Chiến dịch mở rộng,131200,0,Đơn hàng gián tiếp,5248,5248,4%,0,0%,0,0,0,"Trạng thái của đơn hàng đang chờ xử lý, hoa hồng chỉ được thanh toán khi nó hoàn thành.",Others,5668,Trừ tiền chờ xử lý,,
26070726H4N082,Chờ xử lý,Hợp lệ,2026-07-07 05:22:18,,,25644330193,[QUÀ TẶNG KHÔNG BÁN] Bông Tạo Bọt Kì Cọ Tẩy Da Chết Màu Ngẫu Nhiên,346005340612,Nhà cửa & Đời sống,Đồ dùng phòng tắm,Bông tắm,475641850446114_0_0,0,1,Trần Thuý Hằng ,tranthuyhangg_tth,,122682417,,Chiến dịch mở rộng,0,0,Đơn hàng gián tiếp,0,0,4%,0,0%,6269.355,6269.355,0,"Trạng thái của đơn hàng đang chờ xử lý, hoa hồng chỉ được thanh toán khi nó hoàn thành.",Facebook,0,,,
26070726H4N082,Chờ xử lý,Hợp lệ,2026-07-07 05:22:18,,,29480146096,Sữa Tắm Thiên Nhiên 92% Le Petit Marseillais Nhiều Mùi Hương 250ml,315970228698,Sắc Đẹp,Tắm & chăm sóc cơ thể,Xà phòng & sữa tắm,475641850446114_0_0,180000,1,Trần Thuý Hằng ,tranthuyhangg_tth,,112409565,,Chiến dịch mở rộng,139319,0,Đơn hàng gián tiếp,6269.355,6269.355,"4,5%",0,0%,0,0,0,"Trạng thái của đơn hàng đang chờ xử lý, hoa hồng chỉ được thanh toán khi nó hoàn thành.",Facebook,6771,Trừ tiền chờ xử lý,,
26070725SSVWQA,Chờ xử lý,Hợp lệ,2026-07-07 05:09:14,,,42422207632,Dầu Xả Dưỡng Tóc Thiên Nhiên 95% Le Petit Marseillais Dịu Nhẹ Siêu Mềm Mượt Nhiều Mùi Hương 200ml,297646808536,Sắc Đẹp,Chăm sóc tóc,Dầu xả,,253000,1,Quỳnh Đặng,rainie_star1210,,176556107,,Chiến dịch mở rộng,179267,0,Đơn hàng gián tiếp,8067.015,8067.015,"4,5%",0,0%,30769.2,30769.2,0,"Trạng thái của đơn hàng đang chờ xử lý, hoa hồng chỉ được thanh toán khi nó hoàn thành.",TikTok,8712,Trừ tiền chờ xử lý,,
26070725SSVWQA,Chờ xử lý,Hợp lệ,2026-07-07 05:09:14,,,24142870859,Sữa Tắm Thơm Lâu Le Petit Marseillais Gel 92% Thiên Nhiên Da Nhạy Cảm Nhiều Mùi Hương 650ml,350973489402,Sắc Đẹp,Tắm & chăm sóc cơ thể,Xà phòng & sữa tắm,475641850446114_0_0,353000,1,Quỳnh Đặng,rainie_star1210,,112430963,,Chiến dịch mở rộng,250121,0,Đơn hàng gián tiếp,11255.445,11255.445,"4,5%",0,0%,0,0,0,"Trạng thái của đơn hàng đang chờ xử lý, hoa hồng chỉ được thanh toán khi nó hoàn thành.",TikTok,12156,Trừ tiền chờ xử lý,,
26070725SSVWQA,Chờ xử lý,Hợp lệ,2026-07-07 05:09:14,,,25644330193,[QUÀ TẶNG KHÔNG BÁN] Bông Tạo Bọt Kì Cọ Tẩy Da Chết Màu Ngẫu Nhiên,346005340612,Nhà cửa & Đời sống,Đồ dùng phòng tắm,Bông tắm,475641850446114_0_0,0,1,Quỳnh Đặng,rainie_star1210,,122682417,,Chiến dịch mở rộng,0,0,Đơn hàng gián tiếp,0,0,4%,0,0%,0,0,0,"Trạng thái của đơn hàng đang chờ xử lý, hoa hồng chỉ được thanh toán khi nó hoàn thành.",TikTok,0,,,
26070725SSVWQA,Chờ xử lý,Hợp lệ,2026-07-07 05:09:14,,,28830365069,Dầu Gội Thiên Nhiên Le Petit Marseillais Hữu Cơ Nhiều Mùi Hương 300ml,435970130564,Sắc Đẹp,Chăm sóc tóc,Dầu gội,,359000,1,Quỳnh Đặng,rainie_star1210,,112918398,,Chiến dịch mở rộng,254372,0,Đơn hàng gián tiếp,11446.74,11446.74,"4,5%",0,0%,0,0,0,"Trạng thái của đơn hàng đang chờ xử lý, hoa hồng chỉ được thanh toán khi nó hoàn thành.",TikTok,12362,Trừ tiền chờ xử lý,,
26070725A58MK6,Chờ xử lý,Hợp lệ,2026-07-07 05:00:31,,,27979854665,"Sữa Dưỡng Thể 24h Thiên Nhiên Le Petit Marseillais Dưỡng Ẩm Bơ Hạt Mỡ, Hạnh Nhân & Argan 400ml 3916",249244133795,Sắc Đẹp,Tắm & chăm sóc cơ thể,Kem & sữa dưỡng thể,,370000,1,Trà Chanh Không Đường,8lbngukl4b,,111595838,,Chiến dịch mở rộng,277910,0,Đơn hàng gián tiếp,12505.95,12505.95,"4,5%",0,0%,17613.55,17613.55,0,"Trạng thái của đơn hàng đang chờ xử lý, hoa hồng chỉ được thanh toán khi nó hoàn thành.",Facebook,13506,Trừ tiền chờ xử lý,,
26070725A58MK6,Chờ xử lý,Hợp lệ,2026-07-07 05:00:31,,,27979868574,"Kem Dưỡng Tay 24h Thiên Nhiên Le Petit Marseillais Chiết Xuất Bơ Hạt Mỡ, Hạnh Nhân & Dầu Argan 75ml 8485",410970243688,Sắc Đẹp,"Chăm sóc tay, chân & móng",Chăm sóc tay,,170000,1,Trà Chanh Không Đường,8lbngukl4b,,111648683,,Chiến dịch mở rộng,127690,0,Đơn hàng gián tiếp,5107.6,5107.6,4%,0,0%,0,0,0,"Trạng thái của đơn hàng đang chờ xử lý, hoa hồng chỉ được thanh toán khi nó hoàn thành.",Facebook,5516,Trừ tiền chờ xử lý,,
26070724R56MEP,Chờ xử lý,Hợp lệ,2026-07-07 04:50:26,,,24142870859,Sữa Tắm Thơm Lâu Le Petit Marseillais Gel 92% Thiên Nhiên Da Nhạy Cảm Nhiều Mùi Hương 650ml,350973489407,Sắc Đẹp,Tắm & chăm sóc cơ thể,Xà phòng & sữa tắm,475641850446114_0_0,353000,1,Mạnh Hoàng Audio SG,manhhoangaudio,,112430963,,Chiến dịch mở rộng,266400,0,Đơn hàng gián tiếp,11988,11988,"4,5%",0,0%,11988,11988,0,"Trạng thái của đơn hàng đang chờ xử lý, hoa hồng chỉ được thanh toán khi nó hoàn thành.",Facebook,12947,Trừ tiền chờ xử lý,,
26070724R56MEP,Chờ xử lý,Hợp lệ,2026-07-07 04:50:26,,,25644330193,[QUÀ TẶNG KHÔNG BÁN] Bông Tạo Bọt Kì Cọ Tẩy Da Chết Màu Ngẫu Nhiên,346005340612,Nhà cửa & Đời sống,Đồ dùng phòng tắm,Bông tắm,475641850446114_0_0,0,1,Mạnh Hoàng Audio SG,manhhoangaudio,,122682417,,Chiến dịch mở rộng,0,0,Đơn hàng gián tiếp,0,0,4%,0,0%,0,0,0,"Trạng thái của đơn hàng đang chờ xử lý, hoa hồng chỉ được thanh toán khi nó hoàn thành.",Facebook,0,,,
260707207WDETQ,Chờ xử lý,Hợp lệ,2026-07-07 03:29:45,,,26279864751,"Hũ Kem Dưỡng Ẩm 24h Thiên Nhiên Le Petit Marseillais Phục Hồi Bơ Hạt Mỡ, Lô Hội & Sáp Ong 300ml 2684",445970318260,Sắc Đẹp,Tắm & chăm sóc cơ thể,Kem & sữa dưỡng thể,,389000,1,bongbi120523,bongbi120523,"Accesstrade,Interspace",111609221,,Chiến dịch mở rộng,280810,0,Đơn hàng gián tiếp,12636.45,12636.45,"4,5%",0,0%,12636.45,12636.45,0,"Trạng thái của đơn hàng đang chờ xử lý, hoa hồng chỉ được thanh toán khi nó hoàn thành.",Facebook,13647,Trừ tiền chờ xử lý,,
2607071VUSFU0Q,Chờ xử lý,Hợp lệ,2026-07-07 02:29:18,,,24142870859,Sữa Tắm Thơm Lâu Le Petit Marseillais Gel 92% Thiên Nhiên Da Nhạy Cảm Nhiều Mùi Hương 650ml,350973489402,Sắc Đẹp,Tắm & chăm sóc cơ thể,Xà phòng & sữa tắm,475641850446114_0_0,353000,1,Hương Hương nè ᥫ᭡,huonghuongne185,,112430963,,Chiến dịch mở rộng,259740,0,Đơn hàng trực tiếp,23376.6,23376.6,9%,0,0%,23376.6,23376.6,0,"Trạng thái của đơn hàng đang chờ xử lý, hoa hồng chỉ được thanh toán khi nó hoàn thành.",Shopeevideo-Shopee,25247,Trừ tiền chờ xử lý,,
2607071VUSFU0Q,Chờ xử lý,Hợp lệ,2026-07-07 02:29:18,,,25644330193,[QUÀ TẶNG KHÔNG BÁN] Bông Tạo Bọt Kì Cọ Tẩy Da Chết Màu Ngẫu Nhiên,346005340612,Nhà cửa & Đời sống,Đồ dùng phòng tắm,Bông tắm,475641850446114_0_0,0,1,Hương Hương nè ᥫ᭡,huonghuongne185,,122682417,,Chiến dịch mở rộng,0,0,Đơn hàng trực tiếp,0,0,8%,0,0%,0,0,0,"Trạng thái của đơn hàng đang chờ xử lý, hoa hồng chỉ được thanh toán khi nó hoàn thành.",Shopeevideo-Shopee,0,,,
2607071VGXBPJC,Hoàn thành,Hợp lệ,2026-07-07 02:23:13,2026-07-09 01:23:19,2026-07-09 01:23:19,44004810239,Combo Dầu Gội Xả Thiên Nhiên Chăm Sóc Tóc Le Petit Marseillais Mềm Mượt,380972210350,Sắc Đẹp,Chăm sóc tóc,Dầu gội,,413000,1,quynhanh17__,quynhanh17__,,140733646,,Chiến dịch mở rộng,310470,0,Đơn hàng gián tiếp,13971.15,13971.15,"4,5%",0,0%,13971.15,13971.15,0,,Instagram,15089,Trừ tiền chờ xử lý,,
2607071VA04GNE,Chờ xử lý,Hợp lệ,2026-07-07 02:19:20,,,42972196728,"Dầu Gội Thiên Nhiên 97% Le Petit Marseillais Làm Sạch Sâu, Giảm Nhờn Với Bột Đất Sét Trắng 250ml 4608",355970048824,Sắc Đẹp,Chăm sóc tóc,Dầu gội,,236000,1,ShopBack Việt Nam,shopbackvn_,,176524517,,Chiến dịch mở rộng,170640,0,Đơn hàng gián tiếp,7678.8,7678.8,"4,5%",0,0%,7678.8,7678.8,0,"Trạng thái của đơn hàng đang chờ xử lý, hoa hồng chỉ được thanh toán khi nó hoàn thành.",Websites,8293,Trừ tiền chờ xử lý,,
2607071TDDC17F,Chờ xử lý,Hợp lệ,2026-07-07 01:45:28,,,24142870859,Sữa Tắm Thơm Lâu Le Petit Marseillais Gel 92% Thiên Nhiên Da Nhạy Cảm Nhiều Mùi Hương 650ml,350973489402,Sắc Đẹp,Tắm & chăm sóc cơ thể,Xà phòng & sữa tắm,475641850446114_0_0,353000,1,Ngô Khánh Linh ,khanhlinh123qn,,112430963,,Chiến dịch mở rộng,217025,0,Đơn hàng trực tiếp,19532.25,19532.25,9%,0,0%,19532.25,19532.25,0,"Trạng thái của đơn hàng đang chờ xử lý, hoa hồng chỉ được thanh toán khi nó hoàn thành.",Shopeelive-Shopee,21095,Trừ tiền chờ xử lý,,
2607071TDDC17F,Chờ xử lý,Hợp lệ,2026-07-07 01:45:28,,,25644330193,[QUÀ TẶNG KHÔNG BÁN] Bông Tạo Bọt Kì Cọ Tẩy Da Chết Màu Ngẫu Nhiên,346005340612,Nhà cửa & Đời sống,Đồ dùng phòng tắm,Bông tắm,475641850446114_0_0,0,1,Ngô Khánh Linh ,khanhlinh123qn,,122682417,,Chiến dịch mở rộng,0,0,Đơn hàng trực tiếp,0,0,8%,0,0%,0,0,0,"Trạng thái của đơn hàng đang chờ xử lý, hoa hồng chỉ được thanh toán khi nó hoàn thành.",Shopeelive-Shopee,0,,,
2607071T4WJHYT,Chờ xử lý,Hợp lệ,2026-07-07 01:40:49,,,25644330193,[QUÀ TẶNG KHÔNG BÁN] Bông Tạo Bọt Kì Cọ Tẩy Da Chết Màu Ngẫu Nhiên,346005340612,Nhà cửa & Đời sống,Đồ dùng phòng tắm,Bông tắm,475641850446114_0_0,0,1,RẺ VÔ ĐỊCH,e1gbhkzrb7,,122682417,,Chiến dịch mở rộng,0,0,Đơn hàng trực tiếp,0,0,8%,0,0%,19319.85,19319.85,0,"Trạng thái của đơn hàng đang chờ xử lý, hoa hồng chỉ được thanh toán khi nó hoàn thành.",Shopeelive-Shopee,0,,,
2607071T4WJHYT,Chờ xử lý,Hợp lệ,2026-07-07 01:40:49,,,24142870859,Sữa Tắm Thơm Lâu Le Petit Marseillais Gel 92% Thiên Nhiên Da Nhạy Cảm Nhiều Mùi Hương 650ml,350973489406,Sắc Đẹp,Tắm & chăm sóc cơ thể,Xà phòng & sữa tắm,475641850446114_0_0,353000,1,RẺ VÔ ĐỊCH,e1gbhkzrb7,,112430963,,Chiến dịch mở rộng,214665,0,Đơn hàng trực tiếp,19319.85,19319.85,9%,0,0%,0,0,0,"Trạng thái của đơn hàng đang chờ xử lý, hoa hồng chỉ được thanh toán khi nó hoàn thành.",Shopeelive-Shopee,20865,Trừ tiền chờ xử lý,,
2607071SVXWYVH,Chờ xử lý,Hợp lệ,2026-07-07 01:36:15,,,27079878325,"Kem Dưỡng Tay 24h Thiên Nhiên Le Petit Marseillais Chiết Xuất Bơ Hạt Mỡ, Lô Hội, Sắp Ong 75ml 4768",282645716967,Sắc Đẹp,"Chăm sóc tay, chân & móng",Chăm sóc tay,,170000,1,Shop Phụ kiện VOC,shopphukien_voc,,111650089,,Chiến dịch mở rộng,116885,0,Đơn hàng trực tiếp,9350.8,9350.8,8%,0,0%,9350.8,9350.8,0,"Trạng thái của đơn hàng đang chờ xử lý, hoa hồng chỉ được thanh toán khi nó hoàn thành.",Shopeevideo-Shopee,10099,Trừ tiền chờ xử lý,,
2607071SK2BM7P,Chờ xử lý,Hợp lệ,2026-07-07 01:30:43,,,25644330193,[QUÀ TẶNG KHÔNG BÁN] Bông Tạo Bọt Kì Cọ Tẩy Da Chết Màu Ngẫu Nhiên,346005340612,Nhà cửa & Đời sống,Đồ dùng phòng tắm,Bông tắm,475641850446114_0_0,0,1,Cliafi Media,banlv66,,122682417,,Chiến dịch mở rộng,0,0,Đơn hàng gián tiếp,0,0,4%,0,0%,5572.8,5572.8,0,"Trạng thái của đơn hàng đang chờ xử lý, hoa hồng chỉ được thanh toán khi nó hoàn thành.",Websites,0,,,
2607071SK2BM7P,Chờ xử lý,Hợp lệ,2026-07-07 01:30:43,,,29628482446,Sữa Tắm Pháp 92% Thiên Nhiên Le Petit Marseillais Dịu Nhẹ Mâm Xôi Hữu Cơ & Hoa Mẫu Đơn 250ml 8441,340969666086,Sắc Đẹp,Tắm & chăm sóc cơ thể,Xà phòng & sữa tắm,475641850446114_0_0,180000,1,Cliafi Media,banlv66,,109863148,,Chiến dịch mở rộng,139320,0,Đơn hàng gián tiếp,5572.8,5572.8,4%,0,0%,0,0,0,"Trạng thái của đơn hàng đang chờ xử lý, hoa hồng chỉ được thanh toán khi nó hoàn thành.",Websites,6019,Trừ tiền chờ xử lý,,
2607071SJUM679,Chờ xử lý,Hợp lệ,2026-07-07 01:30:37,,,25644330193,[QUÀ TẶNG KHÔNG BÁN] Bông Tạo Bọt Kì Cọ Tẩy Da Chết Màu Ngẫu Nhiên,346005340612,Nhà cửa & Đời sống,Đồ dùng phòng tắm,Bông tắm,475641850446114_0_0,0,1,Babykopohome,poohpoohxynk,,122682417,,Chiến dịch mở rộng,0,0,Đơn hàng gián tiếp,0,0,4%,0,0%,4722.92,4722.92,0,"Trạng thái của đơn hàng đang chờ xử lý, hoa hồng chỉ được thanh toán khi nó hoàn thành.",Facebook,0,,,
2607071SJUM679,Chờ xử lý,Hợp lệ,2026-07-07 01:30:37,,,27779418515,Sữa Tắm Nam Thơm Lâu 4 in 1 92% Thiên Nhiên Le Petit Marseillais Chiết Xuất Thông Biển & Bạch Đàn 250ml 1356,415969727779,Sắc Đẹp,Chăm sóc nam giới,Sữa tắm & chăm sóc cơ thể,475641850446114_0_0,184000,1,Babykopohome,poohpoohxynk,,110663381,,Chiến dịch mở rộng,118073,0,Đơn hàng gián tiếp,4722.92,4722.92,4%,0,0%,0,0,0,"Trạng thái của đơn hàng đang chờ xử lý, hoa hồng chỉ được thanh toán khi nó hoàn thành.",Facebook,5101,Trừ tiền chờ xử lý,,
2607071SBJ15CR,Chờ xử lý,Hợp lệ,2026-07-07 01:26:30,,,25644330193,[QUÀ TẶNG KHÔNG BÁN] Bông Tạo Bọt Kì Cọ Tẩy Da Chết Màu Ngẫu Nhiên,346005340612,Nhà cửa & Đời sống,Đồ dùng phòng tắm,Bông tắm,475641850446114_0_0,0,1,Ngô Khánh Linh ,khanhlinh123qn,,122682417,,Chiến dịch mở rộng,0,0,Đơn hàng trực tiếp,0,0,8%,0,0%,11518.2,11518.2,0,"Trạng thái của đơn hàng đang chờ xử lý, hoa hồng chỉ được thanh toán khi nó hoàn thành.",Shopeelive-Shopee,0,,,
2607071SBJ15CR,Chờ xử lý,Hợp lệ,2026-07-07 01:26:30,,,29480146096,Sữa Tắm Thiên Nhiên 92% Le Petit Marseillais Nhiều Mùi Hương 250ml,310970228928,Sắc Đẹp,Tắm & chăm sóc cơ thể,Xà phòng & sữa tắm,475641850446114_0_0,180000,1,Ngô Khánh Linh ,khanhlinh123qn,,112409565,,Chiến dịch mở rộng,127980,0,Đơn hàng trực tiếp,11518.2,11518.2,9%,0,0%,0,0,0,"Trạng thái của đơn hàng đang chờ xử lý, hoa hồng chỉ được thanh toán khi nó hoàn thành.",Shopeelive-Shopee,12440,Trừ tiền chờ xử lý,,
2607071RBEW09N,Chờ xử lý,Hợp lệ,2026-07-07 01:08:35,,,25644330193,[QUÀ TẶNG KHÔNG BÁN] Bông Tạo Bọt Kì Cọ Tẩy Da Chết Màu Ngẫu Nhiên,346005340612,Nhà cửa & Đời sống,Đồ dùng phòng tắm,Bông tắm,475641850446114_0_0,0,1,hoàng,jx1tkpapuu,,122682417,,Chiến dịch mở rộng,0,0,Đơn hàng gián tiếp,0,0,4%,0,0%,5564.16,5564.16,0,"Trạng thái của đơn hàng đang chờ xử lý, hoa hồng chỉ được thanh toán khi nó hoàn thành.",Facebook,0,,,
2607071RBEW09N,Chờ xử lý,Hợp lệ,2026-07-07 01:08:35,,,25692866155,Sữa Tắm Nam 4 in 1 92% Thiên Nhiên Le Petit Marseillais Nhiều Mùi Hương 250ml,345969754134,Sắc Đẹp,Chăm sóc nam giới,Sữa tắm & chăm sóc cơ thể,475641850446114_0_0,184000,1,hoàng,jx1tkpapuu,,112434462,,Chiến dịch mở rộng,139104,0,Đơn hàng gián tiếp,5564.16,5564.16,4%,0,0%,0,0,0,"Trạng thái của đơn hàng đang chờ xử lý, hoa hồng chỉ được thanh toán khi nó hoàn thành.",Facebook,6009,Trừ tiền chờ xử lý,,
2607071R3H5N1P,Chờ xử lý,Hợp lệ,2026-07-07 01:04:09,,,40150321685,Dầu Gội Trẻ Em 2in1 94% Thiên Nhiên Le Petit Marseillais Giúp Gỡ Rối Tóc Chiết Xuất Quả Mâm Xôi & Bông 300ml 0442,310970725469,Mẹ & Bé,Đồ dùng phòng tắm & Chăm sóc cơ thể bé,Sản phẩm tắm & gội cho bé,,281000,1,ShopBack Việt Nam,shopbackvn_,,128185567,,Chiến dịch mở rộng,179667,0,Đơn hàng trực tiếp,14373.36,14373.36,8%,0,0%,14373.36,14373.36,0,"Trạng thái của đơn hàng đang chờ xử lý, hoa hồng chỉ được thanh toán khi nó hoàn thành.",Websites,15523,Trừ tiền chờ xử lý,,
2607071QYP4G61,Chờ xử lý,Hợp lệ,2026-07-07 01:02:00,,,25644330193,[QUÀ TẶNG KHÔNG BÁN] Bông Tạo Bọt Kì Cọ Tẩy Da Chết Màu Ngẫu Nhiên,346005340612,Nhà cửa & Đời sống,Đồ dùng phòng tắm,Bông tắm,475641850446114_0_0,0,1,Góc Review,bocuasua,,122682417,,Chiến dịch mở rộng,0,0,Đơn hàng gián tiếp,0,0,4%,0,0%,5119.2,5119.2,0,"Trạng thái của đơn hàng đang chờ xử lý, hoa hồng chỉ được thanh toán khi nó hoàn thành.",Facebook,0,,,
2607071QYP4G61,Chờ xử lý,Hợp lệ,2026-07-07 01:02:00,,,25992270714,Sữa Tắm 92% Thiên Nhiên Le Petit Marseillais Dịu Nhẹ Sữa Vani Hữu Cơ 250ml 0526,282645378530,Sắc Đẹp,Tắm & chăm sóc cơ thể,Xà phòng & sữa tắm,475641850446114_0_0,180000,1,Góc Review,bocuasua,,109863143,,Chiến dịch mở rộng,127980,0,Đơn hàng gián tiếp,5119.2,5119.2,4%,0,0%,0,0,0,"Trạng thái của đơn hàng đang chờ xử lý, hoa hồng chỉ được thanh toán khi nó hoàn thành.",Facebook,5529,Trừ tiền chờ xử lý,,
2607071QPDHMF9,Chờ xử lý,Hợp lệ,2026-07-07 00:56:49,,,25644330193,[QUÀ TẶNG KHÔNG BÁN] Bông Tạo Bọt Kì Cọ Tẩy Da Chết Màu Ngẫu Nhiên,346005340612,Nhà cửa & Đời sống,Đồ dùng phòng tắm,Bông tắm,475641850446114_0_0,0,1,CreatorX Media Network,creatorxmedianetwork,,122682417,,Chiến dịch mở rộng,0,0,Đơn hàng gián tiếp,0,0,4%,0,0%,11545.2,11545.2,0,"Trạng thái của đơn hàng đang chờ xử lý, hoa hồng chỉ được thanh toán khi nó hoàn thành.",Others,0,,,
2607071QPDHMF9,Chờ xử lý,Hợp lệ,2026-07-07 00:56:49,,,29778424340,Gel Tắm 92% Thiên Nhiên Le Petit Marseillais Dịu Nhẹ Cam Hữu Cơ & Bưởi Hữu Cơ 650ml 1868,345969840924,Sắc Đẹp,Tắm & chăm sóc cơ thể,Xà phòng & sữa tắm,475641850446114_0_0,353000,1,CreatorX Media Network,creatorxmedianetwork,,109863134,,Chiến dịch mở rộng,256560,0,Đơn hàng gián tiếp,11545.2,11545.2,"4,5%",0,0%,0,0,0,"Trạng thái của đơn hàng đang chờ xử lý, hoa hồng chỉ được thanh toán khi nó hoàn thành.",Others,12469,Trừ tiền chờ xử lý,,
2607071QP326KF,Chờ xử lý,Hợp lệ,2026-07-07 00:56:38,,,42422207632,Dầu Xả Dưỡng Tóc Thiên Nhiên 95% Le Petit Marseillais Dịu Nhẹ Siêu Mềm Mượt Nhiều Mùi Hương 200ml,297646808535,Sắc Đẹp,Chăm sóc tóc,Dầu xả,,194000,1,NHÀ Decor,baoanhh88,,176556107,,Chiến dịch mở rộng,146132,0,Đơn hàng gián tiếp,6575.94,6575.94,"4,5%",0,0%,14575.5,14575.5,0,"Trạng thái của đơn hàng đang chờ xử lý, hoa hồng chỉ được thanh toán khi nó hoàn thành.",Facebook,7102,Trừ tiền chờ xử lý,,
2607071QP326KF,Chờ xử lý,Hợp lệ,2026-07-07 00:56:38,,,42972196728,"Dầu Gội Thiên Nhiên 97% Le Petit Marseillais Làm Sạch Sâu, Giảm Nhờn Với Bột Đất Sét Trắng 250ml 4608",355970048824,Sắc Đẹp,Chăm sóc tóc,Dầu gội,,236000,1,NHÀ Decor,baoanhh88,,176524517,,Chiến dịch mở rộng,177768,0,Đơn hàng gián tiếp,7999.56,7999.56,"4,5%",0,0%,0,0,0,"Trạng thái của đơn hàng đang chờ xử lý, hoa hồng chỉ được thanh toán khi nó hoàn thành.",Facebook,8640,Trừ tiền chờ xử lý,,
2607071QJDRVPD,Chờ xử lý,Hợp lệ,2026-07-07 00:54:34,,,24142870859,Sữa Tắm Thơm Lâu Le Petit Marseillais Gel 92% Thiên Nhiên Da Nhạy Cảm Nhiều Mùi Hương 650ml,350973489402,Sắc Đẹp,Tắm & chăm sóc cơ thể,Xà phòng & sữa tắm,475641850446114_0_0,353000,1,Hương Hương nè ᥫ᭡,huonghuongne185,,112430963,,Chiến dịch mở rộng,206438,0,Đơn hàng trực tiếp,18579.42,18579.42,9%,0,0%,18579.42,18579.42,0,"Trạng thái của đơn hàng đang chờ xử lý, hoa hồng chỉ được thanh toán khi nó hoàn thành.",Shopeevideo-Shopee,20066,Trừ tiền chờ xử lý,,
2607071QJDRVPD,Chờ xử lý,Hợp lệ,2026-07-07 00:54:34,,,25644330193,[QUÀ TẶNG KHÔNG BÁN] Bông Tạo Bọt Kì Cọ Tẩy Da Chết Màu Ngẫu Nhiên,346005340612,Nhà cửa & Đời sống,Đồ dùng phòng tắm,Bông tắm,475641850446114_0_0,0,1,Hương Hương nè ᥫ᭡,huonghuongne185,,122682417,,Chiến dịch mở rộng,0,0,Đơn hàng trực tiếp,0,0,8%,0,0%,0,0,0,"Trạng thái của đơn hàng đang chờ xử lý, hoa hồng chỉ được thanh toán khi nó hoàn thành.",Shopeevideo-Shopee,0,,,
2607071PTG090G,Hoàn thành,Hợp lệ,2026-07-07 00:41:18,2026-07-09 05:53:41,2026-07-09 05:53:41,43671519101,Xà Phòng Tắm Truyền Thống Thiên Nhiên 99% Le Petit Marseillais Dịu Nhẹ Nguyên Chất Không Mùi 300G 0651,315970753091,Sắc Đẹp,Tắm & chăm sóc cơ thể,Xà phòng & sữa tắm,,167000,1,Nguyễn Hồng Hà,pduc728fko,,175695533,,Chiến dịch mở rộng,120240,0,Đơn hàng trực tiếp,10821.6,10821.6,9%,0,0%,10821.6,10821.6,0,,Shopeevideo-Shopee,11687,Trừ tiền chờ xử lý,,
2607071PT3JX62,Chờ xử lý,Hợp lệ,2026-07-07 00:40:58,,,25644330193,[QUÀ TẶNG KHÔNG BÁN] Bông Tạo Bọt Kì Cọ Tẩy Da Chết Màu Ngẫu Nhiên,346005340612,Nhà cửa & Đời sống,Đồ dùng phòng tắm,Bông tắm,475641850446114_0_0,0,1,Alex Dealer shopee ☑️,hhshop9x,,122682417,,Chiến dịch mở rộng,0,0,Đơn hàng trực tiếp,0,0,8%,0,0%,10598.4,10598.4,0,"Trạng thái của đơn hàng đang chờ xử lý, hoa hồng chỉ được thanh toán khi nó hoàn thành.",Shopeevideo-Shopee,0,,,
2607071PT3JX62,Chờ xử lý,Hợp lệ,2026-07-07 00:40:58,,,25692866155,Sữa Tắm Nam 4 in 1 92% Thiên Nhiên Le Petit Marseillais Nhiều Mùi Hương 250ml,345969754134,Sắc Đẹp,Chăm sóc nam giới,Sữa tắm & chăm sóc cơ thể,475641850446114_0_0,184000,1,Alex Dealer shopee ☑️,hhshop9x,,112434462,,Chiến dịch mở rộng,132480,0,Đơn hàng trực tiếp,10598.4,10598.4,8%,0,0%,0,0,0,"Trạng thái của đơn hàng đang chờ xử lý, hoa hồng chỉ được thanh toán khi nó hoàn thành.",Shopeevideo-Shopee,11446,Trừ tiền chờ xử lý,,
2607071PSWVA6Y,Hoàn thành,Hợp lệ,2026-07-07 00:40:53,2026-07-09 03:35:23,2026-07-09 03:35:23,24142870859,Sữa Tắm Thơm Lâu Le Petit Marseillais Gel 92% Thiên Nhiên Da Nhạy Cảm Nhiều Mùi Hương 650ml,350973489406,Sắc Đẹp,Tắm & chăm sóc cơ thể,Xà phòng & sữa tắm,475641850446114_0_0,353000,1,ShopBack Việt Nam,shopbackvn_,,112430963,,Chiến dịch mở rộng,214572,0,Đơn hàng gián tiếp,9655.74,9655.74,"4,5%",0,0%,9655.74,9655.74,0,,ShopbackApp,10428,Trừ tiền chờ xử lý,,
2607071PSWVA6Y,Hoàn thành,Hợp lệ,2026-07-07 00:40:53,2026-07-09 03:35:23,2026-07-09 03:35:23,25644330193,[QUÀ TẶNG KHÔNG BÁN] Bông Tạo Bọt Kì Cọ Tẩy Da Chết Màu Ngẫu Nhiên,346005340612,Nhà cửa & Đời sống,Đồ dùng phòng tắm,Bông tắm,475641850446114_0_0,0,1,ShopBack Việt Nam,shopbackvn_,,122682417,,Chiến dịch mở rộng,0,0,Đơn hàng gián tiếp,0,0,4%,0,0%,0,0,0,,ShopbackApp,0,,,
2607071PSEJXNV,Chờ xử lý,Hợp lệ,2026-07-07 00:40:36,,,25644330193,[QUÀ TẶNG KHÔNG BÁN] Bông Tạo Bọt Kì Cọ Tẩy Da Chết Màu Ngẫu Nhiên,346005340612,Nhà cửa & Đời sống,Đồ dùng phòng tắm,Bông tắm,475641850446114_0_0,0,1,ShopBack Việt Nam,shopbackvn_,,122682417,,Chiến dịch mở rộng,0,0,Đơn hàng trực tiếp,0,0,8%,0,0%,11472.57,11472.57,0,"Trạng thái của đơn hàng đang chờ xử lý, hoa hồng chỉ được thanh toán khi nó hoàn thành.",Websites,0,,,
2607071PSEJXNV,Chờ xử lý,Hợp lệ,2026-07-07 00:40:36,,,29480146096,Sữa Tắm Thiên Nhiên 92% Le Petit Marseillais Nhiều Mùi Hương 250ml,315970228701,Sắc Đẹp,Tắm & chăm sóc cơ thể,Xà phòng & sữa tắm,475641850446114_0_0,180000,1,ShopBack Việt Nam,shopbackvn_,,112409565,,Chiến dịch mở rộng,127473,0,Đơn hàng trực tiếp,11472.57,11472.57,9%,0,0%,0,0,0,"Trạng thái của đơn hàng đang chờ xử lý, hoa hồng chỉ được thanh toán khi nó hoàn thành.",Websites,12390,Trừ tiền chờ xử lý,,
2607071PDXGEMN,Chờ xử lý,Hợp lệ,2026-07-07 00:34:16,,,24142870859,Sữa Tắm Thơm Lâu Le Petit Marseillais Gel 92% Thiên Nhiên Da Nhạy Cảm Nhiều Mùi Hương 650ml,350973489412,Sắc Đẹp,Tắm & chăm sóc cơ thể,Xà phòng & sữa tắm,475641850446114_0_0,353000,1,Hương Hương nè ᥫ᭡,huonghuongne185,,112430963,,Chiến dịch mở rộng,259740,0,Đơn hàng trực tiếp,23376.6,23376.6,9%,0,0%,23376.6,23376.6,0,"Trạng thái của đơn hàng đang chờ xử lý, hoa hồng chỉ được thanh toán khi nó hoàn thành.",Shopeevideo-Shopee,25247,Trừ tiền chờ xử lý,,
2607071PDXGEMN,Chờ xử lý,Hợp lệ,2026-07-07 00:34:16,,,25644330193,[QUÀ TẶNG KHÔNG BÁN] Bông Tạo Bọt Kì Cọ Tẩy Da Chết Màu Ngẫu Nhiên,346005340612,Nhà cửa & Đời sống,Đồ dùng phòng tắm,Bông tắm,475641850446114_0_0,0,1,Hương Hương nè ᥫ᭡,huonghuongne185,,122682417,,Chiến dịch mở rộng,0,0,Đơn hàng trực tiếp,0,0,8%,0,0%,0,0,0,"Trạng thái của đơn hàng đang chờ xử lý, hoa hồng chỉ được thanh toán khi nó hoàn thành.",Shopeevideo-Shopee,0,,,
2607071P9GCF7A,Chờ xử lý,Hợp lệ,2026-07-07 00:31:42,,,25644330193,[QUÀ TẶNG KHÔNG BÁN] Bông Tạo Bọt Kì Cọ Tẩy Da Chết Màu Ngẫu Nhiên,346005340612,Nhà cửa & Đời sống,Đồ dùng phòng tắm,Bông tắm,475641850446114_0_0,0,1,mngocshop133,mngocshop133,"Accesstrade,Interspace",122682417,,Chiến dịch mở rộng,0,0,Đơn hàng trực tiếp,0,0,8%,0,0%,15048,15048,0,"Trạng thái của đơn hàng đang chờ xử lý, hoa hồng chỉ được thanh toán khi nó hoàn thành.",Shopeelive-Shopee,0,,,
2607071P9GCF7A,Chờ xử lý,Hợp lệ,2026-07-07 00:31:42,,,28980146591,Gel Tắm Hữu Cơ BIO 98% Thiên Nhiên Le Petit Marseillais Nhiều Mùi Hương 250ml,315970996472,Sắc Đẹp,Tắm & chăm sóc cơ thể,Xà phòng & sữa tắm,475641850446114_0_0,229000,1,mngocshop133,mngocshop133,"Accesstrade,Interspace",112420787,,Chiến dịch mở rộng,167200,0,Đơn hàng trực tiếp,15048,15048,9%,0,0%,0,0,0,"Trạng thái của đơn hàng đang chờ xử lý, hoa hồng chỉ được thanh toán khi nó hoàn thành.",Shopeelive-Shopee,16252,Trừ tiền chờ xử lý,,
2607071P7FGYGK,Hoàn thành,Hợp lệ,2026-07-07 00:30:33,2026-07-09 08:28:50,2026-07-09 08:28:50,25644330193,[QUÀ TẶNG KHÔNG BÁN] Bông Tạo Bọt Kì Cọ Tẩy Da Chết Màu Ngẫu Nhiên,346005340612,Nhà cửa & Đời sống,Đồ dùng phòng tắm,Bông tắm,475641850446114_0_0,0,1,LiMiaoLing,limiaoling,,122682417,,Chiến dịch mở rộng,0,0,Đơn hàng trực tiếp,0,0,8%,0,0%,22088.7,22088.7,0,,Zalo,0,,,
2607071P7FGYGK,Hoàn thành,Hợp lệ,2026-07-07 00:30:33,2026-07-09 08:28:50,2026-07-09 08:28:50,24142870859,Sữa Tắm Thơm Lâu Le Petit Marseillais Gel 92% Thiên Nhiên Da Nhạy Cảm Nhiều Mùi Hương 650ml,350973489410,Sắc Đẹp,Tắm & chăm sóc cơ thể,Xà phòng & sữa tắm,475641850446114_0_0,353000,1,LiMiaoLing,limiaoling,,112430963,,Chiến dịch mở rộng,245430,0,Đơn hàng trực tiếp,22088.7,22088.7,9%,0,0%,0,0,0,,Zalo,23856,Trừ tiền chờ xử lý,,
2607071P79UFWT,Chờ xử lý,Hợp lệ,2026-07-07 00:30:27,,,24142870859,Sữa Tắm Thơm Lâu Le Petit Marseillais Gel 92% Thiên Nhiên Da Nhạy Cảm Nhiều Mùi Hương 650ml,350973489405,Sắc Đẹp,Tắm & chăm sóc cơ thể,Xà phòng & sữa tắm,475641850446114_0_0,353000,1,Hương Hương nè ᥫ᭡,huonghuongne185,,112430963,,Chiến dịch mở rộng,216450,0,Đơn hàng trực tiếp,19480.5,19480.5,9%,0,0%,19480.5,19480.5,0,"Trạng thái của đơn hàng đang chờ xử lý, hoa hồng chỉ được thanh toán khi nó hoàn thành.",Shopeevideo-Shopee,21039,Trừ tiền chờ xử lý,,
2607071P79UFWT,Chờ xử lý,Hợp lệ,2026-07-07 00:30:27,,,25644330193,[QUÀ TẶNG KHÔNG BÁN] Bông Tạo Bọt Kì Cọ Tẩy Da Chết Màu Ngẫu Nhiên,346005340612,Nhà cửa & Đời sống,Đồ dùng phòng tắm,Bông tắm,475641850446114_0_0,0,1,Hương Hương nè ᥫ᭡,huonghuongne185,,122682417,,Chiến dịch mở rộng,0,0,Đơn hàng trực tiếp,0,0,8%,0,0%,0,0,0,"Trạng thái của đơn hàng đang chờ xử lý, hoa hồng chỉ được thanh toán khi nó hoàn thành.",Shopeevideo-Shopee,0,,,
2607071P590HD0,Chờ xử lý,Hợp lệ,2026-07-07 00:29:18,,,25644330193,[QUÀ TẶNG KHÔNG BÁN] Bông Tạo Bọt Kì Cọ Tẩy Da Chết Màu Ngẫu Nhiên,346005340612,Nhà cửa & Đời sống,Đồ dùng phòng tắm,Bông tắm,475641850446114_0_0,0,1,Ông Vương,ongvuongnutri,,122682417,,Chiến dịch mở rộng,0,0,Đơn hàng gián tiếp,0,0,4%,0,0%,5832,5832,0,"Trạng thái của đơn hàng đang chờ xử lý, hoa hồng chỉ được thanh toán khi nó hoàn thành.",Others,0,,,
2607071P590HD0,Chờ xử lý,Hợp lệ,2026-07-07 00:29:18,,,29480146096,Sữa Tắm Thiên Nhiên 92% Le Petit Marseillais Nhiều Mùi Hương 250ml,310970228928,Sắc Đẹp,Tắm & chăm sóc cơ thể,Xà phòng & sữa tắm,475641850446114_0_0,180000,1,Ông Vương,ongvuongnutri,,112409565,,Chiến dịch mở rộng,129600,0,Đơn hàng gián tiếp,5832,5832,"4,5%",0,0%,0,0,0,"Trạng thái của đơn hàng đang chờ xử lý, hoa hồng chỉ được thanh toán khi nó hoàn thành.",Others,6299,Trừ tiền chờ xử lý,,
2607071P4F822U,Chờ xử lý,Hợp lệ,2026-07-07 00:28:59,,,25644330193,[QUÀ TẶNG KHÔNG BÁN] Bông Tạo Bọt Kì Cọ Tẩy Da Chết Màu Ngẫu Nhiên,346005340612,Nhà cửa & Đời sống,Đồ dùng phòng tắm,Bông tắm,475641850446114_0_0,0,1,Đinh Hoàng Lịch,vungan1993,,122682417,,Chiến dịch mở rộng,0,0,Đơn hàng trực tiếp,0,0,8%,0,0%,24575.4,24575.4,0,"Trạng thái của đơn hàng đang chờ xử lý, hoa hồng chỉ được thanh toán khi nó hoàn thành.",Websites,0,,,
2607071P4F822U,Chờ xử lý,Hợp lệ,2026-07-07 00:28:59,,,24142870859,Sữa Tắm Thơm Lâu Le Petit Marseillais Gel 92% Thiên Nhiên Da Nhạy Cảm Nhiều Mùi Hương 650ml,350973489410,Sắc Đẹp,Tắm & chăm sóc cơ thể,Xà phòng & sữa tắm,475641850446114_0_0,353000,1,Đinh Hoàng Lịch,vungan1993,,112430963,,Chiến dịch mở rộng,273060,0,Đơn hàng trực tiếp,24575.4,24575.4,9%,0,0%,0,0,0,"Trạng thái của đơn hàng đang chờ xử lý, hoa hồng chỉ được thanh toán khi nó hoàn thành.",Websites,26541,Trừ tiền chờ xử lý,,
2607071NYC421A,Chờ xử lý,Hợp lệ,2026-07-07 00:26:01,,,25644330193,[QUÀ TẶNG KHÔNG BÁN] Bông Tạo Bọt Kì Cọ Tẩy Da Chết Màu Ngẫu Nhiên,346005340612,Nhà cửa & Đời sống,Đồ dùng phòng tắm,Bông tắm,475641850446114_0_0,0,1,Linh Hoàng 🕊️,linhhoang_day,,122682417,,Chiến dịch mở rộng,0,0,Đơn hàng gián tiếp,0,0,4%,0,0%,9090,9090,0,"Trạng thái của đơn hàng đang chờ xử lý, hoa hồng chỉ được thanh toán khi nó hoàn thành.",Facebook,0,,,
2607071NYC421A,Chờ xử lý,Hợp lệ,2026-07-07 00:26:01,,,29480146096,Sữa Tắm Thiên Nhiên 92% Le Petit Marseillais Nhiều Mùi Hương 250ml,315970228699,Sắc Đẹp,Tắm & chăm sóc cơ thể,Xà phòng & sữa tắm,475641850446114_0_0,180000,1,Linh Hoàng 🕊️,linhhoang_day,,112409565,,Chiến dịch mở rộng,101000,0,Đơn hàng gián tiếp,4545,4545,"4,5%",0,0%,0,0,0,"Trạng thái của đơn hàng đang chờ xử lý, hoa hồng chỉ được thanh toán khi nó hoàn thành.",Facebook,4909,Trừ tiền chờ xử lý,,
2607071NYC421A,Chờ xử lý,Hợp lệ,2026-07-07 00:26:01,,,29480146096,Sữa Tắm Thiên Nhiên 92% Le Petit Marseillais Nhiều Mùi Hương 250ml,315970228701,Sắc Đẹp,Tắm & chăm sóc cơ thể,Xà phòng & sữa tắm,475641850446114_0_0,180000,1,Linh Hoàng 🕊️,linhhoang_day,,112409565,,Chiến dịch mở rộng,101000,0,Đơn hàng gián tiếp,4545,4545,"4,5%",0,0%,0,0,0,"Trạng thái của đơn hàng đang chờ xử lý, hoa hồng chỉ được thanh toán khi nó hoàn thành.",Facebook,4909,Trừ tiền chờ xử lý,,
2607071NY2N7PK,Chờ xử lý,Hợp lệ,2026-07-07 00:25:51,,,28830365069,Dầu Gội Thiên Nhiên Le Petit Marseillais Hữu Cơ Nhiều Mùi Hương 300ml,435970130565,Sắc Đẹp,Chăm sóc tóc,Dầu gội,,359000,1,Hin_Conner,hin_conner,,112918398,,Chiến dịch mở rộng,224016,0,Đơn hàng trực tiếp,20161.44,20161.44,9%,0,0%,20161.44,20161.44,0,"Trạng thái của đơn hàng đang chờ xử lý, hoa hồng chỉ được thanh toán khi nó hoàn thành.",Shopeevideo-Shopee,21774,Trừ tiền chờ xử lý,,
2607071NV37B8G,Chờ xử lý,Hợp lệ,2026-07-07 00:24:11,,,24142870859,Sữa Tắm Thơm Lâu Le Petit Marseillais Gel 92% Thiên Nhiên Da Nhạy Cảm Nhiều Mùi Hương 650ml,350973489412,Sắc Đẹp,Tắm & chăm sóc cơ thể,Xà phòng & sữa tắm,475641850446114_0_0,353000,1,Ngô Khánh Linh ,khanhlinh123qn,,112430963,,Chiến dịch mở rộng,235157,0,Đơn hàng trực tiếp,21164.13,21164.13,9%,0,0%,21164.13,21164.13,0,"Trạng thái của đơn hàng đang chờ xử lý, hoa hồng chỉ được thanh toán khi nó hoàn thành.",Shopeelive-Shopee,22857,Trừ tiền chờ xử lý,,
2607071NV37B8G,Chờ xử lý,Hợp lệ,2026-07-07 00:24:11,,,25644330193,[QUÀ TẶNG KHÔNG BÁN] Bông Tạo Bọt Kì Cọ Tẩy Da Chết Màu Ngẫu Nhiên,346005340612,Nhà cửa & Đời sống,Đồ dùng phòng tắm,Bông tắm,475641850446114_0_0,0,1,Ngô Khánh Linh ,khanhlinh123qn,,122682417,,Chiến dịch mở rộng,0,0,Đơn hàng trực tiếp,0,0,8%,0,0%,0,0,0,"Trạng thái của đơn hàng đang chờ xử lý, hoa hồng chỉ được thanh toán khi nó hoàn thành.",Shopeelive-Shopee,0,,,
2607071NUTNFYV,Hoàn thành,Hợp lệ,2026-07-07 00:24:03,2026-07-08 21:29:08,2026-07-08 21:29:08,25644330193,[QUÀ TẶNG KHÔNG BÁN] Bông Tạo Bọt Kì Cọ Tẩy Da Chết Màu Ngẫu Nhiên,346005340612,Nhà cửa & Đời sống,Đồ dùng phòng tắm,Bông tắm,475641850446114_0_0,0,1,ACCESSTRADEVN,accesstrade_banking,,122682417,,Chiến dịch mở rộng,0,0,Đơn hàng trực tiếp,0,0,8%,0,0%,12247.2,12247.2,0,,Websites,0,,,
2607071NUTNFYV,Hoàn thành,Hợp lệ,2026-07-07 00:24:03,2026-07-08 21:29:08,2026-07-08 21:29:08,29480146096,Sữa Tắm Thiên Nhiên 92% Le Petit Marseillais Nhiều Mùi Hương 250ml,315970228699,Sắc Đẹp,Tắm & chăm sóc cơ thể,Xà phòng & sữa tắm,475641850446114_0_0,180000,1,ACCESSTRADEVN,accesstrade_banking,,112409565,,Chiến dịch mở rộng,136080,0,Đơn hàng trực tiếp,12247.2,12247.2,9%,0,0%,0,0,0,,Websites,13227,Trừ tiền chờ xử lý,,
2607071NTQB7PX,Chờ xử lý,Hợp lệ,2026-07-07 00:23:26,,,24142870859,Sữa Tắm Thơm Lâu Le Petit Marseillais Gel 92% Thiên Nhiên Da Nhạy Cảm Nhiều Mùi Hương 650ml,350973489410,Sắc Đẹp,Tắm & chăm sóc cơ thể,Xà phòng & sữa tắm,475641850446114_0_0,353000,1,MinhTam,mintam3,,112430963,,Chiến dịch mở rộng,266400,0,Đơn hàng gián tiếp,11988,11988,"4,5%",0,0%,11988,11988,0,"Trạng thái của đơn hàng đang chờ xử lý, hoa hồng chỉ được thanh toán khi nó hoàn thành.",Instagram,12947,Trừ tiền chờ xử lý,,
2607071NTQB7PX,Chờ xử lý,Hợp lệ,2026-07-07 00:23:26,,,25644330193,[QUÀ TẶNG KHÔNG BÁN] Bông Tạo Bọt Kì Cọ Tẩy Da Chết Màu Ngẫu Nhiên,346005340612,Nhà cửa & Đời sống,Đồ dùng phòng tắm,Bông tắm,475641850446114_0_0,0,1,MinhTam,mintam3,,122682417,,Chiến dịch mở rộng,0,0,Đơn hàng gián tiếp,0,0,4%,0,0%,0,0,0,"Trạng thái của đơn hàng đang chờ xử lý, hoa hồng chỉ được thanh toán khi nó hoàn thành.",Instagram,0,,,
2607071NSK51UE,Chờ xử lý,Hợp lệ,2026-07-07 00:22:54,,,25644330193,[QUÀ TẶNG KHÔNG BÁN] Bông Tạo Bọt Kì Cọ Tẩy Da Chết Màu Ngẫu Nhiên,346005340612,Nhà cửa & Đời sống,Đồ dùng phòng tắm,Bông tắm,475641850446114_0_0,0,1,Tiêu Thố Đêy,tiuthosayyes312,,122682417,,Chiến dịch mở rộng,0,0,Đơn hàng gián tiếp,0,0,4%,0,0%,5564.16,5564.16,0,"Trạng thái của đơn hàng đang chờ xử lý, hoa hồng chỉ được thanh toán khi nó hoàn thành.",Facebook,0,,,
2607071NSK51UE,Chờ xử lý,Hợp lệ,2026-07-07 00:22:54,,,25692866155,Sữa Tắm Nam 4 in 1 92% Thiên Nhiên Le Petit Marseillais Nhiều Mùi Hương 250ml,345969754133,Sắc Đẹp,Chăm sóc nam giới,Sữa tắm & chăm sóc cơ thể,475641850446114_0_0,184000,1,Tiêu Thố Đêy,tiuthosayyes312,,112434462,,Chiến dịch mở rộng,139104,0,Đơn hàng gián tiếp,5564.16,5564.16,4%,0,0%,0,0,0,"Trạng thái của đơn hàng đang chờ xử lý, hoa hồng chỉ được thanh toán khi nó hoàn thành.",Facebook,6009,Trừ tiền chờ xử lý,,
2607071NRTAN5V,Chờ xử lý,Hợp lệ,2026-07-07 00:22:21,,,29880370481,Kem Dưỡng Tay 24h Thiên Nhiên Le Petit Marseillais Nhiều Mùi Hương 75ml,128470976818,Sắc Đẹp,"Chăm sóc tay, chân & móng",Chăm sóc tay,,170000,1,Nguyễn Nhật,nguyennhat.28,,112922896,,Chiến dịch mở rộng,128520,0,Đơn hàng gián tiếp,5140.8,5140.8,4%,0,0%,5140.8,5140.8,0,"Trạng thái của đơn hàng đang chờ xử lý, hoa hồng chỉ được thanh toán khi nó hoàn thành.",Facebook,5552,Trừ tiền chờ xử lý,,
2607071NRB2CXJ,Hoàn thành,Hợp lệ,2026-07-07 00:22:05,2026-07-08 22:04:53,2026-07-08 22:04:53,25644330193,[QUÀ TẶNG KHÔNG BÁN] Bông Tạo Bọt Kì Cọ Tẩy Da Chết Màu Ngẫu Nhiên,346005340612,Nhà cửa & Đời sống,Đồ dùng phòng tắm,Bông tắm,475641850446114_0_0,0,1,ShopBack Việt Nam,shopbackvn_,,122682417,,Chiến dịch mở rộng,0,0,Đơn hàng trực tiếp,0,0,8%,0,0%,12830.4,12830.4,0,,Websites,0,,,
2607071NRB2CXJ,Hoàn thành,Hợp lệ,2026-07-07 00:22:05,2026-07-08 22:04:53,2026-07-08 22:04:53,29480146096,Sữa Tắm Thiên Nhiên 92% Le Petit Marseillais Nhiều Mùi Hương 250ml,315970228701,Sắc Đẹp,Tắm & chăm sóc cơ thể,Xà phòng & sữa tắm,475641850446114_0_0,180000,1,ShopBack Việt Nam,shopbackvn_,,112409565,,Chiến dịch mở rộng,142560,0,Đơn hàng trực tiếp,12830.4,12830.4,9%,0,0%,0,0,0,,Websites,13857,Trừ tiền chờ xử lý,,
2607071NNEJD8Q,Hoàn thành,Hợp lệ,2026-07-07 00:20:28,2026-07-08 20:31:18,2026-07-08 20:31:18,25644330193,[QUÀ TẶNG KHÔNG BÁN] Bông Tạo Bọt Kì Cọ Tẩy Da Chết Màu Ngẫu Nhiên,346005340612,Nhà cửa & Đời sống,Đồ dùng phòng tắm,Bông tắm,475641850446114_0_0,0,1,hienhanh936,hienhanh936,,122682417,,Chiến dịch mở rộng,0,0,Đơn hàng trực tiếp,0,0,8%,0,0%,14671.8,14671.8,0,,Shopeevideo-Shopee,0,,,
2607071NNEJD8Q,Hoàn thành,Hợp lệ,2026-07-07 00:20:28,2026-07-08 20:31:18,2026-07-08 20:31:18,28980146591,Gel Tắm Hữu Cơ BIO 98% Thiên Nhiên Le Petit Marseillais Nhiều Mùi Hương 250ml,315970996472,Sắc Đẹp,Tắm & chăm sóc cơ thể,Xà phòng & sữa tắm,475641850446114_0_0,229000,1,hienhanh936,hienhanh936,,112420787,,Chiến dịch mở rộng,163020,0,Đơn hàng trực tiếp,14671.8,14671.8,9%,0,0%,0,0,0,,Shopeevideo-Shopee,15846,Trừ tiền chờ xử lý,,
2607071NN42S1B,Hoàn thành,Hợp lệ,2026-07-07 00:20:17,2026-07-08 18:32:52,2026-07-08 18:32:52,29179872978,Dầu Gội Giảm Gàu 98% Thiên Nhiên Le Petit Marseillais Chiết Xuất Tầm Ma & Chanh Hữu Cơ 300ml 4646,169159890100,Sắc Đẹp,Chăm sóc tóc,Dầu gội,,359000,1,Bé Trang,trang_xup,,111636452,,Chiến dịch mở rộng,123610,0,Đơn hàng trực tiếp,9888.8,9888.8,8%,0,0%,9888.8,9888.8,0,,Shopeevideo-Shopee,10680,Trừ tiền chờ xử lý,,
2607071NGPVU6H,Chờ xử lý,Hợp lệ,2026-07-07 00:17:50,,,27530290500,Kem Dưỡng Body Lotion 24h Le Petit Marseillais Sữa Cấp Ẩm Hữu Cơ Thiên Nhiên Nhiều Mùi Hương 400ml,272645767605,Sắc Đẹp,Tắm & chăm sóc cơ thể,Kem & sữa dưỡng thể,,370000,1,ShopBack Việt Nam,shopbackvn_,,112716201,,Chiến dịch mở rộng,256000,0,Đơn hàng trực tiếp,23040,23040,9%,0,0%,23040,23040,0,"Trạng thái của đơn hàng đang chờ xử lý, hoa hồng chỉ được thanh toán khi nó hoàn thành.",Websites,24883,Trừ tiền chờ xử lý,,
2607071NGM1GDJ,Hoàn thành,Hợp lệ,2026-07-07 00:17:46,2026-07-08 12:17:09,2026-07-08 12:17:09,25644330193,[QUÀ TẶNG KHÔNG BÁN] Bông Tạo Bọt Kì Cọ Tẩy Da Chết Màu Ngẫu Nhiên,346005340612,Nhà cửa & Đời sống,Đồ dùng phòng tắm,Bông tắm,475641850446114_0_0,0,1,aura.room,_ng.tuongvan_,,122682417,,Chiến dịch mở rộng,0,0,Đơn hàng trực tiếp,0,0,8%,0,0%,20673,20673,0,,Shopeevideo-Shopee,0,,,
2607071NGM1GDJ,Hoàn thành,Hợp lệ,2026-07-07 00:17:46,2026-07-08 12:17:09,2026-07-08 12:17:09,29480146096,Sữa Tắm Thiên Nhiên 92% Le Petit Marseillais Nhiều Mùi Hương 250ml,310970228929,Sắc Đẹp,Tắm & chăm sóc cơ thể,Xà phòng & sữa tắm,475641850446114_0_0,180000,1,aura.room,_ng.tuongvan_,,112409565,,Chiến dịch mở rộng,114900,0,Đơn hàng trực tiếp,10341,10341,9%,0,0%,0,0,0,,Shopeevideo-Shopee,11168,Trừ tiền chờ xử lý,,
2607071NGM1GDJ,Hoàn thành,Hợp lệ,2026-07-07 00:17:46,2026-07-08 12:17:09,2026-07-08 12:17:09,29480146096,Sữa Tắm Thiên Nhiên 92% Le Petit Marseillais Nhiều Mùi Hương 250ml,315970228700,Sắc Đẹp,Tắm & chăm sóc cơ thể,Xà phòng & sữa tắm,475641850446114_0_0,180000,1,aura.room,_ng.tuongvan_,,112409565,,Chiến dịch mở rộng,114800,0,Đơn hàng trực tiếp,10332,10332,9%,0,0%,0,0,0,,Shopeevideo-Shopee,11159,Trừ tiền chờ xử lý,,
2607071NG2VYUQ,Hoàn thành,Hợp lệ,2026-07-07 00:17:29,2026-07-08 14:32:02,2026-07-08 14:32:02,25644330193,[QUÀ TẶNG KHÔNG BÁN] Bông Tạo Bọt Kì Cọ Tẩy Da Chết Màu Ngẫu Nhiên,346005340612,Nhà cửa & Đời sống,Đồ dùng phòng tắm,Bông tắm,475641850446114_0_0,0,1,Phương thảo💕,phuongthaokolne,,122682417,,Chiến dịch mở rộng,0,0,Đơn hàng trực tiếp,0,0,8%,0,0%,11664,11664,0,,Shopeelive-Shopee,0,,,
2607071NG2VYUQ,Hoàn thành,Hợp lệ,2026-07-07 00:17:29,2026-07-08 14:32:02,2026-07-08 14:32:02,29480146096,Sữa Tắm Thiên Nhiên 92% Le Petit Marseillais Nhiều Mùi Hương 250ml,315970228702,Sắc Đẹp,Tắm & chăm sóc cơ thể,Xà phòng & sữa tắm,475641850446114_0_0,180000,1,Phương thảo💕,phuongthaokolne,,112409565,,Chiến dịch mở rộng,129600,0,Đơn hàng trực tiếp,11664,11664,9%,0,0%,0,0,0,,Shopeelive-Shopee,12597,Trừ tiền chờ xử lý,,
2607071NESXEN7,Hoàn thành,Hợp lệ,2026-07-07 00:16:45,2026-07-08 11:38:11,2026-07-08 11:38:11,40302953131,Dầu Gội Nam Sạch Gàu 97% Thiên Nhiên Le Petit Marseillais Chiết Xuất Tinh Dầu Chanh Vàng 250ml 4035,310970659149,Sắc Đẹp,Chăm sóc nam giới,Chăm sóc tóc,,236000,1,reviewtoptopxinh1,bingsu581,,134959857,,Chiến dịch mở rộng,168480,0,Đơn hàng trực tiếp,13478.4,13478.4,8%,0,0%,13478.4,13478.4,0,,Shopeevideo-Shopee,14557,Trừ tiền chờ xử lý,,
2607071ND3HH62,Chờ xử lý,Hợp lệ,2026-07-07 00:15:48,,,24142870859,Sữa Tắm Thơm Lâu Le Petit Marseillais Gel 92% Thiên Nhiên Da Nhạy Cảm Nhiều Mùi Hương 650ml,350973489405,Sắc Đẹp,Tắm & chăm sóc cơ thể,Xà phòng & sữa tắm,475641850446114_0_0,353000,1,BO.BÔ,ngotngot.loli,,112430963,,Chiến dịch mở rộng,256247,0,Đơn hàng trực tiếp,23062.23,23062.23,9%,0,0%,44432.87,44432.87,0,"Trạng thái của đơn hàng đang chờ xử lý, hoa hồng chỉ được thanh toán khi nó hoàn thành.",Shopeelive-Shopee,24907,Trừ tiền chờ xử lý,,
2607071ND3HH62,Chờ xử lý,Hợp lệ,2026-07-07 00:15:48,,,25644330193,[QUÀ TẶNG KHÔNG BÁN] Bông Tạo Bọt Kì Cọ Tẩy Da Chết Màu Ngẫu Nhiên,346005340612,Nhà cửa & Đời sống,Đồ dùng phòng tắm,Bông tắm,475641850446114_0_0,0,1,BO.BÔ,ngotngot.loli,,122682417,,Chiến dịch mở rộng,0,0,Đơn hàng trực tiếp,0,0,8%,0,0%,0,0,0,"Trạng thái của đơn hàng đang chờ xử lý, hoa hồng chỉ được thanh toán khi nó hoàn thành.",Shopeelive-Shopee,0,,,
2607071ND3HH62,Chờ xử lý,Hợp lệ,2026-07-07 00:15:48,,,25692866155,Sữa Tắm Nam 4 in 1 92% Thiên Nhiên Le Petit Marseillais Nhiều Mùi Hương 250ml,345969754130,Sắc Đẹp,Chăm sóc nam giới,Sữa tắm & chăm sóc cơ thể,475641850446114_0_0,184000,2,BO.BÔ,ngotngot.loli,,112434462,,Chiến dịch mở rộng,267133,0,Đơn hàng trực tiếp,21370.64,21370.64,8%,0,0%,0,0,0,"Trạng thái của đơn hàng đang chờ xử lý, hoa hồng chỉ được thanh toán khi nó hoàn thành.",Shopeelive-Shopee,23080,Trừ tiền chờ xử lý,,
2607071NCS1T75,Hoàn thành,Hợp lệ,2026-07-07 00:15:37,2026-07-09 02:38:10,2026-07-09 02:38:10,25692866155,Sữa Tắm Nam 4 in 1 92% Thiên Nhiên Le Petit Marseillais Nhiều Mùi Hương 250ml,345969754134,Sắc Đẹp,Chăm sóc nam giới,Sữa tắm & chăm sóc cơ thể,475641850446114_0_0,184000,1,Hương hương review,ok6tfg3ykw,Webhome Media,112434462,,Chiến dịch mở rộng,123193,0,Đơn hàng trực tiếp,9855.44,9855.44,8%,0,0%,22496,22496,0,,Shopeelive-Shopee,10644,Trừ tiền chờ xử lý,,
2607071NCS1T75,Hoàn thành,Hợp lệ,2026-07-07 00:15:37,2026-07-09 02:38:10,2026-07-09 02:38:10,40302953131,Dầu Gội Nam Sạch Gàu 97% Thiên Nhiên Le Petit Marseillais Chiết Xuất Tinh Dầu Chanh Vàng 250ml 4035,310970659149,Sắc Đẹp,Chăm sóc nam giới,Chăm sóc tóc,,236000,1,Hương hương review,ok6tfg3ykw,Webhome Media,134959857,,Chiến dịch mở rộng,158007,0,Đơn hàng trực tiếp,12640.56,12640.56,8%,0,0%,0,0,0,,Shopeelive-Shopee,13652,Trừ tiền chờ xử lý,,
2607071NCS1T75,Hoàn thành,Hợp lệ,2026-07-07 00:15:37,2026-07-09 02:38:10,2026-07-09 02:38:10,25644330193,[QUÀ TẶNG KHÔNG BÁN] Bông Tạo Bọt Kì Cọ Tẩy Da Chết Màu Ngẫu Nhiên,346005340612,Nhà cửa & Đời sống,Đồ dùng phòng tắm,Bông tắm,475641850446114_0_0,0,1,Hương hương review,ok6tfg3ykw,Webhome Media,122682417,,Chiến dịch mở rộng,0,0,Đơn hàng trực tiếp,0,0,8%,0,0%,0,0,0,,Shopeelive-Shopee,0,,,
2607071N96JDDY,Chờ xử lý,Hợp lệ,2026-07-07 00:13:38,,,24142870859,Sữa Tắm Thơm Lâu Le Petit Marseillais Gel 92% Thiên Nhiên Da Nhạy Cảm Nhiều Mùi Hương 650ml,350973489410,Sắc Đẹp,Tắm & chăm sóc cơ thể,Xà phòng & sữa tắm,475641850446114_0_0,353000,1,Hương Hương nè ᥫ᭡,huonghuongne185,,112430963,,Chiến dịch mở rộng,235140,0,Đơn hàng trực tiếp,21162.6,21162.6,9%,0,0%,21162.6,21162.6,0,"Trạng thái của đơn hàng đang chờ xử lý, hoa hồng chỉ được thanh toán khi nó hoàn thành.",Shopeevideo-Shopee,22856,Trừ tiền chờ xử lý,,
2607071N96JDDY,Chờ xử lý,Hợp lệ,2026-07-07 00:13:38,,,25644330193,[QUÀ TẶNG KHÔNG BÁN] Bông Tạo Bọt Kì Cọ Tẩy Da Chết Màu Ngẫu Nhiên,346005340612,Nhà cửa & Đời sống,Đồ dùng phòng tắm,Bông tắm,475641850446114_0_0,0,1,Hương Hương nè ᥫ᭡,huonghuongne185,,122682417,,Chiến dịch mở rộng,0,0,Đơn hàng trực tiếp,0,0,8%,0,0%,0,0,0,"Trạng thái của đơn hàng đang chờ xử lý, hoa hồng chỉ được thanh toán khi nó hoàn thành.",Shopeevideo-Shopee,0,,,
2607071N7SS50P,Chờ xử lý,Hợp lệ,2026-07-07 00:12:50,,,24142870859,Sữa Tắm Thơm Lâu Le Petit Marseillais Gel 92% Thiên Nhiên Da Nhạy Cảm Nhiều Mùi Hương 650ml,350973489410,Sắc Đẹp,Tắm & chăm sóc cơ thể,Xà phòng & sữa tắm,475641850446114_0_0,353000,1,Ngọc Ánh,tran.ngoc.anh.88,,112430963,,Chiến dịch mở rộng,232905,0,Đơn hàng gián tiếp,10480.725,10480.725,"4,5%",0,0%,10480.725,10480.725,0,"Trạng thái của đơn hàng đang chờ xử lý, hoa hồng chỉ được thanh toán khi nó hoàn thành.",Facebook,11319,Trừ tiền chờ xử lý,,
2607071N7SS50P,Chờ xử lý,Hợp lệ,2026-07-07 00:12:50,,,25644330193,[QUÀ TẶNG KHÔNG BÁN] Bông Tạo Bọt Kì Cọ Tẩy Da Chết Màu Ngẫu Nhiên,346005340612,Nhà cửa & Đời sống,Đồ dùng phòng tắm,Bông tắm,475641850446114_0_0,0,1,Ngọc Ánh,tran.ngoc.anh.88,,122682417,,Chiến dịch mở rộng,0,0,Đơn hàng gián tiếp,0,0,4%,0,0%,0,0,0,"Trạng thái của đơn hàng đang chờ xử lý, hoa hồng chỉ được thanh toán khi nó hoàn thành.",Facebook,0,,,
2607071N7K4GCJ,Hoàn thành,Hợp lệ,2026-07-07 00:12:49,2026-07-08 17:55:43,2026-07-08 17:55:43,29480146096,Sữa Tắm Thiên Nhiên 92% Le Petit Marseillais Nhiều Mùi Hương 250ml,315970228700,Sắc Đẹp,Tắm & chăm sóc cơ thể,Xà phòng & sữa tắm,475641850446114_0_0,180000,1,Cô Chang review thật,trangvu_mt,,112409565,,Chiến dịch mở rộng,129300,0,Đơn hàng gián tiếp,5818.5,5818.5,"4,5%",0,0%,5818.5,5818.5,0,,Zalo,6284,Trừ tiền chờ xử lý,,
2607071N7K4GCJ,Hoàn thành,Hợp lệ,2026-07-07 00:12:49,2026-07-08 17:55:43,2026-07-08 17:55:43,25644330193,[QUÀ TẶNG KHÔNG BÁN] Bông Tạo Bọt Kì Cọ Tẩy Da Chết Màu Ngẫu Nhiên,346005340612,Nhà cửa & Đời sống,Đồ dùng phòng tắm,Bông tắm,475641850446114_0_0,0,1,Cô Chang review thật,trangvu_mt,,122682417,,Chiến dịch mở rộng,0,0,Đơn hàng gián tiếp,0,0,4%,0,0%,0,0,0,,Zalo,0,,,
2607071N77P52C,Hoàn thành,Hợp lệ,2026-07-07 00:12:38,2026-07-08 21:51:56,2026-07-08 21:51:56,28179873093,Dầu Gội Thiên Nhiên 2in1 97% Sạch Gàu Le Petit Marseillais Chiết Xuất Bạc Hà Hữu Cơ 250ml 4042,287645622650,Sắc Đẹp,Chăm sóc tóc,Dầu gội,,236000,2,𐙚 Thanh Kem ❤️,qh.ngocvy,,111642571,,Chiến dịch mở rộng,329160,0,Đơn hàng trực tiếp,29624.4,29624.4,9%,0,0%,29624.4,29624.4,0,,Shopeelive-Shopee,31994,Trừ tiền chờ xử lý,,
2607071N3KA17N,Chờ xử lý,Hợp lệ,2026-07-07 00:10:30,,,25644330193,[QUÀ TẶNG KHÔNG BÁN] Bông Tạo Bọt Kì Cọ Tẩy Da Chết Màu Ngẫu Nhiên,346005340612,Nhà cửa & Đời sống,Đồ dùng phòng tắm,Bông tắm,475641850446114_0_0,0,1,mngocshop133,mngocshop133,"Accesstrade,Interspace",122682417,,Chiến dịch mở rộng,0,0,Đơn hàng trực tiếp,0,0,8%,0,0%,10272.6,10272.6,0,"Trạng thái của đơn hàng đang chờ xử lý, hoa hồng chỉ được thanh toán khi nó hoàn thành.",Shopeelive-Shopee,0,,,
2607071N3KA17N,Chờ xử lý,Hợp lệ,2026-07-07 00:10:30,,,29480146096,Sữa Tắm Thiên Nhiên 92% Le Petit Marseillais Nhiều Mùi Hương 250ml,315970228701,Sắc Đẹp,Tắm & chăm sóc cơ thể,Xà phòng & sữa tắm,475641850446114_0_0,180000,1,mngocshop133,mngocshop133,"Accesstrade,Interspace",112409565,,Chiến dịch mở rộng,114140,0,Đơn hàng trực tiếp,10272.6,10272.6,9%,0,0%,0,0,0,"Trạng thái của đơn hàng đang chờ xử lý, hoa hồng chỉ được thanh toán khi nó hoàn thành.",Shopeelive-Shopee,11094,Trừ tiền chờ xử lý,,
2607071N2PP1ET,Chờ xử lý,Hợp lệ,2026-07-07 00:10:00,,,25692866155,Sữa Tắm Nam 4 in 1 92% Thiên Nhiên Le Petit Marseillais Nhiều Mùi Hương 250ml,345969754130,Sắc Đẹp,Chăm sóc nam giới,Sữa tắm & chăm sóc cơ thể,,184000,1,ShopBack Việt Nam,shopbackvn_,,112434462,,Chiến dịch mở rộng,130380,0,Đơn hàng trực tiếp,10430.4,10430.4,8%,0,0%,20860.8,20860.8,0,"Trạng thái của đơn hàng đang chờ xử lý, hoa hồng chỉ được thanh toán khi nó hoàn thành.",Websites,11265,Trừ tiền chờ xử lý,,
2607071N2PP1ET,Chờ xử lý,Hợp lệ,2026-07-07 00:10:00,,,25692866155,Sữa Tắm Nam 4 in 1 92% Thiên Nhiên Le Petit Marseillais Nhiều Mùi Hương 250ml,345969754134,Sắc Đẹp,Chăm sóc nam giới,Sữa tắm & chăm sóc cơ thể,,184000,1,ShopBack Việt Nam,shopbackvn_,,112434462,,Chiến dịch mở rộng,130380,0,Đơn hàng trực tiếp,10430.4,10430.4,8%,0,0%,0,0,0,"Trạng thái của đơn hàng đang chờ xử lý, hoa hồng chỉ được thanh toán khi nó hoàn thành.",Websites,11265,Trừ tiền chờ xử lý,,
2607071N25H1CW,Hoàn thành,Hợp lệ,2026-07-07 00:09:41,2026-07-08 13:33:48,2026-07-08 13:33:48,29880370481,Kem Dưỡng Tay 24h Thiên Nhiên Le Petit Marseillais Nhiều Mùi Hương 75ml,128470976818,Sắc Đẹp,"Chăm sóc tay, chân & móng",Chăm sóc tay,,170000,1,Shop Phụ kiện VOC,shopphukien_voc,,112922896,,Chiến dịch mở rộng,122400,0,Đơn hàng trực tiếp,9792,9792,8%,0,0%,9792,9792,0,,Shopeevideo-Shopee,10575,Trừ tiền chờ xử lý,,
2607071N24JRX8,Chờ xử lý,Hợp lệ,2026-07-07 00:09:40,,,25644330193,[QUÀ TẶNG KHÔNG BÁN] Bông Tạo Bọt Kì Cọ Tẩy Da Chết Màu Ngẫu Nhiên,346005340612,Nhà cửa & Đời sống,Đồ dùng phòng tắm,Bông tắm,475641850446114_0_0,0,1,Cô Gái Miền Tây,cogaimientaynambo,Passio,122682417,,Chiến dịch mở rộng,0,0,Đơn hàng trực tiếp,0,0,8%,0,0%,21624,21624,0,"Trạng thái của đơn hàng đang chờ xử lý, hoa hồng chỉ được thanh toán khi nó hoàn thành.",Shopeelive-Shopee,0,,,
2607071N24JRX8,Chờ xử lý,Hợp lệ,2026-07-07 00:09:40,,,25692866155,Sữa Tắm Nam 4 in 1 92% Thiên Nhiên Le Petit Marseillais Nhiều Mùi Hương 250ml,345969754130,Sắc Đẹp,Chăm sóc nam giới,Sữa tắm & chăm sóc cơ thể,475641850446114_0_0,184000,2,Cô Gái Miền Tây,cogaimientaynambo,Passio,112434462,,Chiến dịch mở rộng,270300,0,Đơn hàng trực tiếp,21624,21624,8%,0,0%,0,0,0,"Trạng thái của đơn hàng đang chờ xử lý, hoa hồng chỉ được thanh toán khi nó hoàn thành.",Shopeelive-Shopee,23354,Trừ tiền chờ xử lý,,
2607071N1VXJD3,Hoàn thành,Hợp lệ,2026-07-07 00:09:32,2026-07-08 09:36:22,2026-07-08 09:36:22,24142870859,Sữa Tắm Thơm Lâu Le Petit Marseillais Gel 92% Thiên Nhiên Da Nhạy Cảm Nhiều Mùi Hương 650ml,350973489412,Sắc Đẹp,Tắm & chăm sóc cơ thể,Xà phòng & sữa tắm,475641850446114_0_0,353000,1,RẺ VÔ ĐỊCH,e1gbhkzrb7,,112430963,,Chiến dịch mở rộng,253000,0,Đơn hàng trực tiếp,22770,22770,9%,0,0%,22770,22770,0,,Shopeelive-Shopee,24592,Trừ tiền chờ xử lý,,
2607071N1VXJD3,Hoàn thành,Hợp lệ,2026-07-07 00:09:32,2026-07-08 09:36:22,2026-07-08 09:36:22,25644330193,[QUÀ TẶNG KHÔNG BÁN] Bông Tạo Bọt Kì Cọ Tẩy Da Chết Màu Ngẫu Nhiên,346005340612,Nhà cửa & Đời sống,Đồ dùng phòng tắm,Bông tắm,475641850446114_0_0,0,1,RẺ VÔ ĐỊCH,e1gbhkzrb7,,122682417,,Chiến dịch mở rộng,0,0,Đơn hàng trực tiếp,0,0,8%,0,0%,0,0,0,,Shopeelive-Shopee,0,,,
2607071N11AM4P,Chờ xử lý,Hợp lệ,2026-07-07 00:09:09,,,25644330193,[QUÀ TẶNG KHÔNG BÁN] Bông Tạo Bọt Kì Cọ Tẩy Da Chết Màu Ngẫu Nhiên,346005340612,Nhà cửa & Đời sống,Đồ dùng phòng tắm,Bông tắm,475641850446114_0_0,0,1,♥️ TƯỞNG VI OFFICIAL ♥️,tuongvi23289,,122682417,,Chiến dịch mở rộng,0,0,Đơn hàng gián tiếp,0,0,4%,0,0%,5759.055,5759.055,0,"Trạng thái của đơn hàng đang chờ xử lý, hoa hồng chỉ được thanh toán khi nó hoàn thành.",Facebook,0,,,
2607071N11AM4P,Chờ xử lý,Hợp lệ,2026-07-07 00:09:09,,,29480146096,Sữa Tắm Thiên Nhiên 92% Le Petit Marseillais Nhiều Mùi Hương 250ml,315970228701,Sắc Đẹp,Tắm & chăm sóc cơ thể,Xà phòng & sữa tắm,475641850446114_0_0,180000,1,♥️ TƯỞNG VI OFFICIAL ♥️,tuongvi23289,,112409565,,Chiến dịch mở rộng,127979,0,Đơn hàng gián tiếp,5759.055,5759.055,"4,5%",0,0%,0,0,0,"Trạng thái của đơn hàng đang chờ xử lý, hoa hồng chỉ được thanh toán khi nó hoàn thành.",Facebook,6220,Trừ tiền chờ xử lý,,
2607071N0SPJTP,Chờ xử lý,Hợp lệ,2026-07-07 00:08:55,,,27979868574,"Kem Dưỡng Tay 24h Thiên Nhiên Le Petit Marseillais Chiết Xuất Bơ Hạt Mỡ, Hạnh Nhân & Dầu Argan 75ml 8485",410970243688,Sắc Đẹp,"Chăm sóc tay, chân & móng",Chăm sóc tay,,170000,1,Mai Meow,rubymeimei,FEEL MCN,111648683,,Chiến dịch mở rộng,119340,0,Đơn hàng trực tiếp,9547.2,9547.2,8%,0,0%,9547.2,9547.2,0,"Trạng thái của đơn hàng đang chờ xử lý, hoa hồng chỉ được thanh toán khi nó hoàn thành.",Shopeevideo-Shopee,10311,Trừ tiền chờ xử lý,,
2607071N0J105F,Chờ xử lý,Hợp lệ,2026-07-07 00:08:47,,,25644330193,[QUÀ TẶNG KHÔNG BÁN] Bông Tạo Bọt Kì Cọ Tẩy Da Chết Màu Ngẫu Nhiên,346005340612,Nhà cửa & Đời sống,Đồ dùng phòng tắm,Bông tắm,475641850446114_0_0,0,1,CreatorX Media Network,creatorxmedianetwork,,122682417,,Chiến dịch mở rộng,0,0,Đơn hàng gián tiếp,0,0,4%,0,0%,5626.4,5626.4,0,"Trạng thái của đơn hàng đang chờ xử lý, hoa hồng chỉ được thanh toán khi nó hoàn thành.",Others,0,,,
2607071N0J105F,Chờ xử lý,Hợp lệ,2026-07-07 00:08:47,,,25692866155,Sữa Tắm Nam 4 in 1 92% Thiên Nhiên Le Petit Marseillais Nhiều Mùi Hương 250ml,345969754133,Sắc Đẹp,Chăm sóc nam giới,Sữa tắm & chăm sóc cơ thể,475641850446114_0_0,184000,1,CreatorX Media Network,creatorxmedianetwork,,112434462,,Chiến dịch mở rộng,140660,0,Đơn hàng gián tiếp,5626.4,5626.4,4%,0,0%,0,0,0,"Trạng thái của đơn hàng đang chờ xử lý, hoa hồng chỉ được thanh toán khi nó hoàn thành.",Others,6077,Trừ tiền chờ xử lý,,
2607071MXEBXX0,Chờ xử lý,Hợp lệ,2026-07-07 00:07:35,,,25644330193,[QUÀ TẶNG KHÔNG BÁN] Bông Tạo Bọt Kì Cọ Tẩy Da Chết Màu Ngẫu Nhiên,346005340612,Nhà cửa & Đời sống,Đồ dùng phòng tắm,Bông tắm,475641850446114_0_0,0,1,aura.room,_ng.tuongvan_,,122682417,,Chiến dịch mở rộng,0,0,Đơn hàng trực tiếp,0,0,8%,0,0%,11664,11664,0,"Trạng thái của đơn hàng đang chờ xử lý, hoa hồng chỉ được thanh toán khi nó hoàn thành.",Shopeevideo-Shopee,0,,,
2607071MXEBXX0,Chờ xử lý,Hợp lệ,2026-07-07 00:07:35,,,29480146096,Sữa Tắm Thiên Nhiên 92% Le Petit Marseillais Nhiều Mùi Hương 250ml,310970228930,Sắc Đẹp,Tắm & chăm sóc cơ thể,Xà phòng & sữa tắm,475641850446114_0_0,180000,1,aura.room,_ng.tuongvan_,,112409565,,Chiến dịch mở rộng,129600,0,Đơn hàng trực tiếp,11664,11664,9%,0,0%,0,0,0,"Trạng thái của đơn hàng đang chờ xử lý, hoa hồng chỉ được thanh toán khi nó hoàn thành.",Shopeevideo-Shopee,12597,Trừ tiền chờ xử lý,,
2607071MVK86T8,Hoàn thành,Hợp lệ,2026-07-07 00:06:34,2026-07-08 17:25:23,2026-07-08 17:25:23,28830365069,Dầu Gội Thiên Nhiên Le Petit Marseillais Hữu Cơ Nhiều Mùi Hương 300ml,435970130563,Sắc Đẹp,Chăm sóc tóc,Dầu gội,,359000,1,Mỹ Lệ Beauty 🎀,baoanhthuong,,112918398,,Chiến dịch mở rộng,241020,0,Đơn hàng trực tiếp,21691.8,21691.8,9%,0,0%,21691.8,21691.8,0,,Shopeelive-Shopee,23427,Trừ tiền chờ xử lý,,
2607071MV2XMHY,Chờ xử lý,Hợp lệ,2026-07-07 00:06:18,,,29480146096,Sữa Tắm Thiên Nhiên 92% Le Petit Marseillais Nhiều Mùi Hương 250ml,315970228701,Sắc Đẹp,Tắm & chăm sóc cơ thể,Xà phòng & sữa tắm,475641850446114_0_0,180000,1,Thống Phạm,jstevepham,,112409565,,Chiến dịch mở rộng,123120,0,Đơn hàng gián tiếp,5540.4,5540.4,"4,5%",0,0%,5540.4,5540.4,0,"Trạng thái của đơn hàng đang chờ xử lý, hoa hồng chỉ được thanh toán khi nó hoàn thành.",Facebook,5984,Trừ tiền chờ xử lý,,
2607071MV2XMHY,Chờ xử lý,Hợp lệ,2026-07-07 00:06:18,,,25644330193,[QUÀ TẶNG KHÔNG BÁN] Bông Tạo Bọt Kì Cọ Tẩy Da Chết Màu Ngẫu Nhiên,346005340612,Nhà cửa & Đời sống,Đồ dùng phòng tắm,Bông tắm,475641850446114_0_0,0,1,Thống Phạm,jstevepham,,122682417,,Chiến dịch mở rộng,0,0,Đơn hàng gián tiếp,0,0,4%,0,0%,0,0,0,"Trạng thái của đơn hàng đang chờ xử lý, hoa hồng chỉ được thanh toán khi nó hoàn thành.",Facebook,0,,,
2607071MTUVU8V,Chờ xử lý,Hợp lệ,2026-07-07 00:05:35,,,24142870859,Sữa Tắm Thơm Lâu Le Petit Marseillais Gel 92% Thiên Nhiên Da Nhạy Cảm Nhiều Mùi Hương 650ml,350973489405,Sắc Đẹp,Tắm & chăm sóc cơ thể,Xà phòng & sữa tắm,475641850446114_0_0,353000,1,Hương Hương nè ᥫ᭡,huonghuongne185,,112430963,,Chiến dịch mở rộng,236340,0,Đơn hàng trực tiếp,21270.6,21270.6,9%,0,0%,21270.6,21270.6,0,"Trạng thái của đơn hàng đang chờ xử lý, hoa hồng chỉ được thanh toán khi nó hoàn thành.",Shopeevideo-Shopee,22972,Trừ tiền chờ xử lý,,
2607071MTUVU8V,Chờ xử lý,Hợp lệ,2026-07-07 00:05:35,,,25644330193,[QUÀ TẶNG KHÔNG BÁN] Bông Tạo Bọt Kì Cọ Tẩy Da Chết Màu Ngẫu Nhiên,346005340612,Nhà cửa & Đời sống,Đồ dùng phòng tắm,Bông tắm,475641850446114_0_0,0,1,Hương Hương nè ᥫ᭡,huonghuongne185,,122682417,,Chiến dịch mở rộng,0,0,Đơn hàng trực tiếp,0,0,8%,0,0%,0,0,0,"Trạng thái của đơn hàng đang chờ xử lý, hoa hồng chỉ được thanh toán khi nó hoàn thành.",Shopeevideo-Shopee,0,,,
2607071MTEGNQD,Hoàn thành,Hợp lệ,2026-07-07 00:05:22,2026-07-08 10:26:19,2026-07-08 10:26:19,25644330193,[QUÀ TẶNG KHÔNG BÁN] Bông Tạo Bọt Kì Cọ Tẩy Da Chết Màu Ngẫu Nhiên,346005340612,Nhà cửa & Đời sống,Đồ dùng phòng tắm,Bông tắm,475641850446114_0_0,0,1,Pun,ngockhanhthichmuadong,,122682417,,Chiến dịch mở rộng,0,0,Đơn hàng gián tiếp,0,0,4%,0,0%,11385,11385,0,,Threads,0,,,
2607071MTEGNQD,Hoàn thành,Hợp lệ,2026-07-07 00:05:22,2026-07-08 10:26:19,2026-07-08 10:26:19,24142870859,Sữa Tắm Thơm Lâu Le Petit Marseillais Gel 92% Thiên Nhiên Da Nhạy Cảm Nhiều Mùi Hương 650ml,350973489412,Sắc Đẹp,Tắm & chăm sóc cơ thể,Xà phòng & sữa tắm,475641850446114_0_0,353000,1,Pun,ngockhanhthichmuadong,,112430963,,Chiến dịch mở rộng,253000,0,Đơn hàng gián tiếp,11385,11385,"4,5%",0,0%,0,0,0,,Threads,12296,Trừ tiền chờ xử lý,,
2607071MT9RAV5,Chờ xử lý,Hợp lệ,2026-07-07 00:05:16,,,24142870859,Sữa Tắm Thơm Lâu Le Petit Marseillais Gel 92% Thiên Nhiên Da Nhạy Cảm Nhiều Mùi Hương 650ml,350973489412,Sắc Đẹp,Tắm & chăm sóc cơ thể,Xà phòng & sữa tắm,475641850446114_0_0,353000,1,Kim Thắm Lê,kimthamle2803,,112430963,,Chiến dịch mở rộng,230280,0,Đơn hàng gián tiếp,10362.6,10362.6,"4,5%",0,0%,10362.6,10362.6,0,"Trạng thái của đơn hàng đang chờ xử lý, hoa hồng chỉ được thanh toán khi nó hoàn thành.",Websites,11192,Trừ tiền chờ xử lý,,
2607071MT9RAV5,Chờ xử lý,Hợp lệ,2026-07-07 00:05:16,,,25644330193,[QUÀ TẶNG KHÔNG BÁN] Bông Tạo Bọt Kì Cọ Tẩy Da Chết Màu Ngẫu Nhiên,346005340612,Nhà cửa & Đời sống,Đồ dùng phòng tắm,Bông tắm,475641850446114_0_0,0,1,Kim Thắm Lê,kimthamle2803,,122682417,,Chiến dịch mở rộng,0,0,Đơn hàng gián tiếp,0,0,4%,0,0%,0,0,0,"Trạng thái của đơn hàng đang chờ xử lý, hoa hồng chỉ được thanh toán khi nó hoàn thành.",Websites,0,,,
2607071MSNRHNK,Chờ xử lý,Hợp lệ,2026-07-07 00:05:03,,,25692866155,Sữa Tắm Nam 4 in 1 92% Thiên Nhiên Le Petit Marseillais Nhiều Mùi Hương 250ml,345969754133,Sắc Đẹp,Chăm sóc nam giới,Sữa tắm & chăm sóc cơ thể,475641850446114_0_0,184000,1,Chuyên review sạch,hanhikieu1709,KakaOnline,112434462,,Chiến dịch mở rộng,132480,0,Đơn hàng trực tiếp,10598.4,10598.4,8%,0,0%,10598.4,10598.4,0,"Trạng thái của đơn hàng đang chờ xử lý, hoa hồng chỉ được thanh toán khi nó hoàn thành.",Shopeevideo-Shopee,11446,Trừ tiền chờ xử lý,,
2607071MSNRHNK,Chờ xử lý,Hợp lệ,2026-07-07 00:05:03,,,25644330193,[QUÀ TẶNG KHÔNG BÁN] Bông Tạo Bọt Kì Cọ Tẩy Da Chết Màu Ngẫu Nhiên,346005340612,Nhà cửa & Đời sống,Đồ dùng phòng tắm,Bông tắm,475641850446114_0_0,0,1,Chuyên review sạch,hanhikieu1709,KakaOnline,122682417,,Chiến dịch mở rộng,0,0,Đơn hàng trực tiếp,0,0,8%,0,0%,0,0,0,"Trạng thái của đơn hàng đang chờ xử lý, hoa hồng chỉ được thanh toán khi nó hoàn thành.",Shopeevideo-Shopee,0,,,
2607071MSTJ4WC,Hoàn thành,Hợp lệ,2026-07-07 00:05:00,2026-07-08 20:04:14,2026-07-08 20:04:14,24142870859,Sữa Tắm Thơm Lâu Le Petit Marseillais Gel 92% Thiên Nhiên Da Nhạy Cảm Nhiều Mùi Hương 650ml,350973489412,Sắc Đẹp,Tắm & chăm sóc cơ thể,Xà phòng & sữa tắm,,353000,1,ShopBack Việt Nam,shopbackvn_,,112430963,,Chiến dịch mở rộng,241300,0,Đơn hàng trực tiếp,21717,21717,9%,0,0%,21717,21717,0,,Websites,23454,Trừ tiền chờ xử lý,,
2607071MRWV3H0,Hoàn thành,Hợp lệ,2026-07-07 00:04:31,2026-07-08 18:12:17,2026-07-08 18:12:17,25644330193,[QUÀ TẶNG KHÔNG BÁN] Bông Tạo Bọt Kì Cọ Tẩy Da Chết Màu Ngẫu Nhiên,346005340612,Nhà cửa & Đời sống,Đồ dùng phòng tắm,Bông tắm,475641850446114_0_0,0,1,ShopBack Việt Nam,shopbackvn_,,122682417,,Chiến dịch mở rộng,0,0,Đơn hàng trực tiếp,0,0,8%,0,0%,11128.32,11128.32,0,,Websites,0,,,
2607071MRWV3H0,Hoàn thành,Hợp lệ,2026-07-07 00:04:31,2026-07-08 18:12:17,2026-07-08 18:12:17,25692866155,Sữa Tắm Nam 4 in 1 92% Thiên Nhiên Le Petit Marseillais Nhiều Mùi Hương 250ml,345969754130,Sắc Đẹp,Chăm sóc nam giới,Sữa tắm & chăm sóc cơ thể,475641850446114_0_0,184000,1,ShopBack Việt Nam,shopbackvn_,,112434462,,Chiến dịch mở rộng,139104,0,Đơn hàng trực tiếp,11128.32,11128.32,8%,0,0%,0,0,0,,Websites,12019,Trừ tiền chờ xử lý,,
2607071MR45910,Chờ xử lý,Hợp lệ,2026-07-07 00:04:04,,,25644330193,[QUÀ TẶNG KHÔNG BÁN] Bông Tạo Bọt Kì Cọ Tẩy Da Chết Màu Ngẫu Nhiên,346005340612,Nhà cửa & Đời sống,Đồ dùng phòng tắm,Bông tắm,475641850446114_0_0,0,1,aura.room,_ng.tuongvan_,,122682417,,Chiến dịch mở rộng,0,0,Đơn hàng trực tiếp,0,0,8%,0,0%,11372.4,11372.4,0,"Trạng thái của đơn hàng đang chờ xử lý, hoa hồng chỉ được thanh toán khi nó hoàn thành.",Shopeevideo-Shopee,0,,,
2607071MR45910,Chờ xử lý,Hợp lệ,2026-07-07 00:04:04,,,29480146096,Sữa Tắm Thiên Nhiên 92% Le Petit Marseillais Nhiều Mùi Hương 250ml,315970228696,Sắc Đẹp,Tắm & chăm sóc cơ thể,Xà phòng & sữa tắm,475641850446114_0_0,180000,1,aura.room,_ng.tuongvan_,,112409565,,Chiến dịch mở rộng,126360,0,Đơn hàng trực tiếp,11372.4,11372.4,9%,0,0%,0,0,0,"Trạng thái của đơn hàng đang chờ xử lý, hoa hồng chỉ được thanh toán khi nó hoàn thành.",Shopeevideo-Shopee,12282,Trừ tiền chờ xử lý,,
2607071MPJJ31H,Hoàn thành,Hợp lệ,2026-07-07 00:03:12,2026-07-08 15:32:36,2026-07-08 15:32:36,29680365284,Dầu Gội Thiên Nhiên Le Petit Marseillais Hữu Cơ Nhiều Mùi Hương 250ml,370971985648,Sắc Đẹp,Chăm sóc tóc,Dầu gội,,236000,1,Trinh,trinhngocthu105,Passio,112920799,,Chiến dịch mở rộng,180440,0,Đơn hàng gián tiếp,8119.8,8119.8,"4,5%",0,0%,8119.8,8119.8,0,,Facebook,8769,Trừ tiền chờ xử lý,,
2607071MP6509K,Hoàn thành,Hợp lệ,2026-07-07 00:02:58,2026-07-08 15:28:07,2026-07-08 15:28:07,40150321685,Dầu Gội Trẻ Em 2in1 94% Thiên Nhiên Le Petit Marseillais Giúp Gỡ Rối Tóc Chiết Xuất Quả Mâm Xôi & Bông 300ml 0442,310970725469,Mẹ & Bé,Đồ dùng phòng tắm & Chăm sóc cơ thể bé,Sản phẩm tắm & gội cho bé,,281000,1,accesstradevn,accesstradevn,,128185567,,Chiến dịch mở rộng,198360,0,Đơn hàng gián tiếp,7934.4,7934.4,4%,0,0%,7934.4,7934.4,0,,Others,8569,Trừ tiền chờ xử lý,,
2607071MP580B3,Chờ xử lý,Hợp lệ,2026-07-07 00:02:57,,,29480146096,Sữa Tắm Thiên Nhiên 92% Le Petit Marseillais Nhiều Mùi Hương 250ml,310970228928,Sắc Đẹp,Tắm & chăm sóc cơ thể,Xà phòng & sữa tắm,,180000,1,Shop nhà Oăn,vuacuabien12,,112409565,,Chiến dịch mở rộng,126360,0,Đơn hàng trực tiếp,11372.4,11372.4,9%,0,0%,11372.4,11372.4,0,"Trạng thái của đơn hàng đang chờ xử lý, hoa hồng chỉ được thanh toán khi nó hoàn thành.",Shopeevideo-Shopee,12282,Trừ tiền chờ xử lý,,
2607071MN7M8YJ,Chờ xử lý,Hợp lệ,2026-07-07 00:02:27,,,29680365284,Dầu Gội Thiên Nhiên Le Petit Marseillais Hữu Cơ Nhiều Mùi Hương 250ml,370971985648,Sắc Đẹp,Chăm sóc tóc,Dầu gội,,236000,2,Tec-do,mobisummer,,112920799,,Chiến dịch mở rộng,320720,0,Đơn hàng gián tiếp,14432.4,14432.4,"4,5%",0,0%,14432.4,14432.4,0,"Trạng thái của đơn hàng đang chờ xử lý, hoa hồng chỉ được thanh toán khi nó hoàn thành.",Websites,15587,Trừ tiền chờ xử lý,,
2607071MN2WUTD,Chờ xử lý,Hợp lệ,2026-07-07 00:02:22,,,29680365284,Dầu Gội Thiên Nhiên Le Petit Marseillais Hữu Cơ Nhiều Mùi Hương 250ml,370971985645,Sắc Đẹp,Chăm sóc tóc,Dầu gội,,236000,1,Siêu Thị Online Vương Cung,cungcung737,,112920799,,Chiến dịch mở rộng,168480,0,Đơn hàng trực tiếp,15163.2,15163.2,9%,0,0%,15163.2,15163.2,0,"Trạng thái của đơn hàng đang chờ xử lý, hoa hồng chỉ được thanh toán khi nó hoàn thành.",Shopeevideo-Shopee,16376,Trừ tiền chờ xử lý,,
2607071MMX2TA5,Hoàn thành,Hợp lệ,2026-07-07 00:02:16,2026-07-08 23:29:11,2026-07-08 23:29:11,29680365284,Dầu Gội Thiên Nhiên Le Petit Marseillais Hữu Cơ Nhiều Mùi Hương 250ml,370971985645,Sắc Đẹp,Chăm sóc tóc,Dầu gội,,236000,1,Lumière,lumieremcg,RioMCN,112920799,,Chiến dịch mở rộng,84280,0,Đơn hàng trực tiếp,7585.2,7585.2,9%,0,0%,7585.2,7585.2,0,,Shopeelive-Shopee,8192,Trừ tiền chờ xử lý,,
2607071MM774TB,Chờ xử lý,Hợp lệ,2026-07-07 00:01:52,,,42422207632,Dầu Xả Dưỡng Tóc Thiên Nhiên 95% Le Petit Marseillais Dịu Nhẹ Siêu Mềm Mượt Nhiều Mùi Hương 200ml,297646808538,Sắc Đẹp,Chăm sóc tóc,Dầu xả,,253000,1,Nhật,nhaths4701,,176556107,,Chiến dịch mở rộng,186400,0,Đơn hàng trực tiếp,16776,16776,9%,0,0%,16776,16776,0,"Trạng thái của đơn hàng đang chờ xử lý, hoa hồng chỉ được thanh toán khi nó hoàn thành.",Websites,18118,Trừ tiền chờ xử lý,,
2607071MKP38A0,Chờ xử lý,Hợp lệ,2026-07-07 00:01:34,,,44004810239,Combo Dầu Gội Xả Thiên Nhiên Chăm Sóc Tóc Le Petit Marseillais Mềm Mượt,380972210355,Sắc Đẹp,Chăm sóc tóc,Dầu gội,,413000,1,Vu Hoang De,vuhoangde.1999,,140733646,,Chiến dịch mở rộng,275880,0,Đơn hàng trực tiếp,24829.2,24829.2,9%,0,0%,24829.2,24829.2,0,"Trạng thái của đơn hàng đang chờ xử lý, hoa hồng chỉ được thanh toán khi nó hoàn thành.",Shopeevideo-Shopee,26816,Trừ tiền chờ xử lý,,
2607071MKBJFK3,Chờ xử lý,Hợp lệ,2026-07-07 00:01:21,,,25644330193,[QUÀ TẶNG KHÔNG BÁN] Bông Tạo Bọt Kì Cọ Tẩy Da Chết Màu Ngẫu Nhiên,346005340612,Nhà cửa & Đời sống,Đồ dùng phòng tắm,Bông tắm,475641850446114_0_0,0,1,RẺ VÔ ĐỊCH,e1gbhkzrb7,,122682417,,Chiến dịch mở rộng,0,0,Đơn hàng trực tiếp,0,0,8%,0,0%,21816,21816,0,"Trạng thái của đơn hàng đang chờ xử lý, hoa hồng chỉ được thanh toán khi nó hoàn thành.",Shopeelive-Shopee,0,,,
2607071MKBJFK3,Chờ xử lý,Hợp lệ,2026-07-07 00:01:21,,,24142870859,Sữa Tắm Thơm Lâu Le Petit Marseillais Gel 92% Thiên Nhiên Da Nhạy Cảm Nhiều Mùi Hương 650ml,350973489405,Sắc Đẹp,Tắm & chăm sóc cơ thể,Xà phòng & sữa tắm,475641850446114_0_0,353000,1,RẺ VÔ ĐỊCH,e1gbhkzrb7,,112430963,,Chiến dịch mở rộng,242400,0,Đơn hàng trực tiếp,21816,21816,9%,0,0%,0,0,0,"Trạng thái của đơn hàng đang chờ xử lý, hoa hồng chỉ được thanh toán khi nó hoàn thành.",Shopeelive-Shopee,23561,Trừ tiền chờ xử lý,,
2607071MK9M1PS,Hủy bỏ,Hợp lệ,2026-07-07 00:01:21,,,25644330193,[QUÀ TẶNG KHÔNG BÁN] Bông Tạo Bọt Kì Cọ Tẩy Da Chết Màu Ngẫu Nhiên,346005340612,Nhà cửa & Đời sống,Đồ dùng phòng tắm,Bông tắm,475641850446114_0_0,0,0,Ngọc Ánh,ngocanhbavi06,Passio,122682417,,Chiến dịch mở rộng,0,0,Đơn hàng trực tiếp,0,0,8%,0,0%,0,0,0,Đơn hàng bị hủy bỏ bởi người mua,Shopeelive-Shopee,0,,,
2607071MK9M1PS,Hủy bỏ,Hợp lệ,2026-07-07 00:01:21,,,25692866155,Sữa Tắm Nam 4 in 1 92% Thiên Nhiên Le Petit Marseillais Nhiều Mùi Hương 250ml,345969754133,Sắc Đẹp,Chăm sóc nam giới,Sữa tắm & chăm sóc cơ thể,475641850446114_0_0,184000,0,Ngọc Ánh,ngocanhbavi06,Passio,112434462,,Chiến dịch mở rộng,0,129168,Đơn hàng trực tiếp,0,0,8%,0,0%,0,0,0,Đơn hàng bị hủy bỏ bởi người mua,Shopeelive-Shopee,0,,,
2607071MK2Y4BU,Chờ xử lý,Không hợp lệ,2026-07-07 00:01:14,,,24142870859,Sữa Tắm Thơm Lâu Le Petit Marseillais Gel 92% Thiên Nhiên Da Nhạy Cảm Nhiều Mùi Hương 650ml,350973489402,Sắc Đẹp,Tắm & chăm sóc cơ thể,Xà phòng & sữa tắm,475641850446114_0_0,353000,1,tung_xuan1109,tung_xuan1109,,112430963,,Chiến dịch mở rộng,233310,0,Đơn hàng trực tiếp,0,0,9%,0,0%,0,0,0,Đơn hàng không hợp lệ.,Websites,0,,,
2607071MK2Y4BU,Chờ xử lý,Không hợp lệ,2026-07-07 00:01:14,,,25644330193,[QUÀ TẶNG KHÔNG BÁN] Bông Tạo Bọt Kì Cọ Tẩy Da Chết Màu Ngẫu Nhiên,346005340612,Nhà cửa & Đời sống,Đồ dùng phòng tắm,Bông tắm,475641850446114_0_0,0,1,tung_xuan1109,tung_xuan1109,,122682417,,Chiến dịch mở rộng,0,0,Đơn hàng trực tiếp,0,0,8%,0,0%,0,0,0,Đơn hàng không hợp lệ.,Websites,0,,,
2607071MAURPN8,Chờ xử lý,Hợp lệ,2026-07-06 23:56:40,,,24142870859,Sữa Tắm Thơm Lâu Le Petit Marseillais Gel 92% Thiên Nhiên Da Nhạy Cảm Nhiều Mùi Hương 650ml,350973489408,Sắc Đẹp,Tắm & chăm sóc cơ thể,Xà phòng & sữa tắm,475641850446114_0_0,394000,1,CreatorX Media Network,creatorxmedianetwork,,112430963,,Chiến dịch mở rộng,277290,0,Đơn hàng gián tiếp,12478.05,12478.05,"4,5%",0,0%,24956.1,24956.1,0,"Trạng thái của đơn hàng đang chờ xử lý, hoa hồng chỉ được thanh toán khi nó hoàn thành.",Others,13476,Trừ tiền chờ xử lý,,
2607071MAURPN8,Chờ xử lý,Hợp lệ,2026-07-06 23:56:40,,,25644330193,[QUÀ TẶNG KHÔNG BÁN] Bông Tạo Bọt Kì Cọ Tẩy Da Chết Màu Ngẫu Nhiên,346005340612,Nhà cửa & Đời sống,Đồ dùng phòng tắm,Bông tắm,475641850446114_0_0,0,1,CreatorX Media Network,creatorxmedianetwork,,122682417,,Chiến dịch mở rộng,0,0,Đơn hàng gián tiếp,0,0,4%,0,0%,0,0,0,"Trạng thái của đơn hàng đang chờ xử lý, hoa hồng chỉ được thanh toán khi nó hoàn thành.",Others,0,,,
2607071MAURPN8,Chờ xử lý,Hợp lệ,2026-07-06 23:56:40,,,24142870859,Sữa Tắm Thơm Lâu Le Petit Marseillais Gel 92% Thiên Nhiên Da Nhạy Cảm Nhiều Mùi Hương 650ml,350973489406,Sắc Đẹp,Tắm & chăm sóc cơ thể,Xà phòng & sữa tắm,475641850446114_0_0,394000,1,CreatorX Media Network,creatorxmedianetwork,,112430963,,Chiến dịch mở rộng,277290,0,Đơn hàng gián tiếp,12478.05,12478.05,"4,5%",0,0%,0,0,0,"Trạng thái của đơn hàng đang chờ xử lý, hoa hồng chỉ được thanh toán khi nó hoàn thành.",Others,13476,Trừ tiền chờ xử lý,,
2607071JRKU22E,Hủy bỏ,Hợp lệ,2026-07-06 23:28:34,,,25644330193,[QUÀ TẶNG KHÔNG BÁN] Bông Tạo Bọt Kì Cọ Tẩy Da Chết Màu Ngẫu Nhiên,346005340612,Nhà cửa & Đời sống,Đồ dùng phòng tắm,Bông tắm,475641850446114_0_0,0,0,Operations,operationspantech601,,122682417,,Chiến dịch mở rộng,0,0,Đơn hàng gián tiếp,0,0,4%,0,0%,0,0,0,Đơn hàng bị hủy bỏ bởi người mua,Others,0,,,
2607071JRKU22E,Hủy bỏ,Hợp lệ,2026-07-06 23:28:34,,,25692866155,Sữa Tắm Nam 4 in 1 92% Thiên Nhiên Le Petit Marseillais Nhiều Mùi Hương 250ml,345969754130,Sắc Đẹp,Chăm sóc nam giới,Sữa tắm & chăm sóc cơ thể,475641850446114_0_0,205000,0,Operations,operationspantech601,,112434462,,Chiến dịch mở rộng,0,160950,Đơn hàng gián tiếp,0,0,4%,0,0%,0,0,0,Đơn hàng bị hủy bỏ bởi người mua,Others,0,,,
2607071JGS18JN,Hoàn thành,Hợp lệ,2026-07-06 23:24:10,2026-07-08 16:44:13,2026-07-08 16:44:13,25644330193,[QUÀ TẶNG KHÔNG BÁN] Bông Tạo Bọt Kì Cọ Tẩy Da Chết Màu Ngẫu Nhiên,346005340612,Nhà cửa & Đời sống,Đồ dùng phòng tắm,Bông tắm,475641850446114_0_0,0,1,ngoc,ngocngc315,,122682417,,Chiến dịch mở rộng,0,0,Đơn hàng trực tiếp,0,0,8%,0,0%,11544,11544,0,,Facebook,0,,,
2607071JGS18JN,Hoàn thành,Hợp lệ,2026-07-06 23:24:10,2026-07-08 16:44:13,2026-07-08 16:44:13,25692866155,Sữa Tắm Nam 4 in 1 92% Thiên Nhiên Le Petit Marseillais Nhiều Mùi Hương 250ml,345969754130,Sắc Đẹp,Chăm sóc nam giới,Sữa tắm & chăm sóc cơ thể,475641850446114_0_0,205000,1,ngoc,ngocngc315,,112434462,,Chiến dịch mở rộng,144300,0,Đơn hàng trực tiếp,11544,11544,8%,0,0%,0,0,0,,Facebook,12468,Trừ tiền chờ xử lý,,
2607071J94WFQA,Hủy bỏ,Hợp lệ,2026-07-06 23:19:54,,,25644330193,[QUÀ TẶNG KHÔNG BÁN] Bông Tạo Bọt Kì Cọ Tẩy Da Chết Màu Ngẫu Nhiên,346005340612,Nhà cửa & Đời sống,Đồ dùng phòng tắm,Bông tắm,475641850446114_0_0,0,0,Thợ Săn Sài Gòn,tssg_2020,,122682417,,Chiến dịch mở rộng,0,0,Đơn hàng gián tiếp,0,0,4%,0,0%,0,0,0,Đơn hàng không hợp lệ,Websites,0,,,
2607071J94WFQA,Hủy bỏ,Hợp lệ,2026-07-06 23:19:54,,,24142870859,Sữa Tắm Thơm Lâu Le Petit Marseillais Gel 92% Thiên Nhiên Da Nhạy Cảm Nhiều Mùi Hương 650ml,350973489406,Sắc Đẹp,Tắm & chăm sóc cơ thể,Xà phòng & sữa tắm,475641850446114_0_0,394000,0,Thợ Săn Sài Gòn,tssg_2020,,112430963,,Chiến dịch mở rộng,0,861899,Đơn hàng gián tiếp,0,0,"4,5%",0,0%,0,0,0,Đơn hàng không hợp lệ,Websites,0,,,
2607061GXF90JK,Hủy bỏ,Hợp lệ,2026-07-06 22:56:09,,,25644330193,[QUÀ TẶNG KHÔNG BÁN] Bông Tạo Bọt Kì Cọ Tẩy Da Chết Màu Ngẫu Nhiên,346005340612,Nhà cửa & Đời sống,Đồ dùng phòng tắm,Bông tắm,475641850446114_0_0,0,0,Js.ng,js.ng,,122682417,,Chiến dịch mở rộng,0,0,Đơn hàng gián tiếp,0,0,4%,0,0%,0,0,0,Đơn hàng không hợp lệ,Instagram,0,,,
2607061GXF90JK,Hủy bỏ,Hợp lệ,2026-07-06 22:56:09,,,29480146096,Sữa Tắm Thiên Nhiên 92% Le Petit Marseillais Nhiều Mùi Hương 250ml,310970228929,Sắc Đẹp,Tắm & chăm sóc cơ thể,Xà phòng & sữa tắm,475641850446114_0_0,200000,0,Js.ng,js.ng,,112409565,,Chiến dịch mở rộng,0,141750,Đơn hàng gián tiếp,0,0,"4,5%",0,0%,0,0,0,Đơn hàng không hợp lệ,Instagram,0,,,
2607061GXF90JK,Hủy bỏ,Hợp lệ,2026-07-06 22:56:09,,,29480146096,Sữa Tắm Thiên Nhiên 92% Le Petit Marseillais Nhiều Mùi Hương 250ml,315970228700,Sắc Đẹp,Tắm & chăm sóc cơ thể,Xà phòng & sữa tắm,475641850446114_0_0,200000,0,Js.ng,js.ng,,112409565,,Chiến dịch mở rộng,0,141750,Đơn hàng gián tiếp,0,0,"4,5%",0,0%,0,0,0,Đơn hàng không hợp lệ,Instagram,0,,,
2607061GPS760D,Chờ xử lý,Hợp lệ,2026-07-06 22:51:45,,,27530290500,Kem Dưỡng Body Lotion 24h Le Petit Marseillais Sữa Cấp Ẩm Hữu Cơ Thiên Nhiên Nhiều Mùi Hương 400ml,272645767605,Sắc Đẹp,Tắm & chăm sóc cơ thể,Kem & sữa dưỡng thể,,455000,1,Mai Vân Trang,_maivantrang_,,112716201,,Chiến dịch mở rộng,263250,0,Đơn hàng gián tiếp,11846.25,11846.25,"4,5%",0,0%,11846.25,11846.25,0,"Trạng thái của đơn hàng đang chờ xử lý, hoa hồng chỉ được thanh toán khi nó hoàn thành.",Instagram,12794,Trừ tiền chờ xử lý,,
2607061EPH2NKX,Hoàn thành,Hợp lệ,2026-07-06 22:15:48,2026-07-08 21:13:23,2026-07-08 21:13:23,25644330193,[QUÀ TẶNG KHÔNG BÁN] Bông Tạo Bọt Kì Cọ Tẩy Da Chết Màu Ngẫu Nhiên,346005340612,Nhà cửa & Đời sống,Đồ dùng phòng tắm,Bông tắm,475641850446114_0_0,0,1,CreatorX Media Network,creatorxmedianetwork,,122682417,,Chiến dịch mở rộng,0,0,Đơn hàng gián tiếp,0,0,4%,0,0%,11522.61,11522.61,0,,Websites,0,,,
2607061EPH2NKX,Hoàn thành,Hợp lệ,2026-07-06 22:15:48,2026-07-08 21:13:23,2026-07-08 21:13:23,26727389124,Gel Tắm 92% Thiên Nhiên Le Petit Marseillais Dịu Nhẹ Hoa Tiaré 650ml 8816,395969825479,Sắc Đẹp,Tắm & chăm sóc cơ thể,Xà phòng & sữa tắm,475641850446114_0_0,394000,1,CreatorX Media Network,creatorxmedianetwork,,109863159,,Chiến dịch mở rộng,256058,0,Đơn hàng gián tiếp,11522.61,11522.61,"4,5%",0,0%,0,0,0,,Websites,12444,Trừ tiền chờ xử lý,,
2607061C481CD7,Chờ xử lý,Không hợp lệ,2026-07-06 21:29:47,,,25644330193,[QUÀ TẶNG KHÔNG BÁN] Bông Tạo Bọt Kì Cọ Tẩy Da Chết Màu Ngẫu Nhiên,346005340612,Nhà cửa & Đời sống,Đồ dùng phòng tắm,Bông tắm,475641850446114_0_0,0,1,Phương Anh,phuong_anh180321,,122682417,,Chiến dịch mở rộng,0,0,Đơn hàng trực tiếp,0,0,8%,0,0%,0,0,0,Đơn hàng không hợp lệ.,Websites,0,,,
2607061C481CD7,Chờ xử lý,Không hợp lệ,2026-07-06 21:29:47,,,29480146096,Sữa Tắm Thiên Nhiên 92% Le Petit Marseillais Nhiều Mùi Hương 250ml,315970228700,Sắc Đẹp,Tắm & chăm sóc cơ thể,Xà phòng & sữa tắm,475641850446114_0_0,200000,1,Phương Anh,phuong_anh180321,,112409565,,Chiến dịch mở rộng,123051,0,Đơn hàng trực tiếp,0,0,9%,0,0%,0,0,0,Đơn hàng không hợp lệ.,Websites,0,,,
2607061BPN2RP2,Chờ xử lý,Hợp lệ,2026-07-06 21:22:12,,,25644330193,[QUÀ TẶNG KHÔNG BÁN] Bông Tạo Bọt Kì Cọ Tẩy Da Chết Màu Ngẫu Nhiên,346005340612,Nhà cửa & Đời sống,Đồ dùng phòng tắm,Bông tắm,475641850446114_0_0,0,1,CreatorX Media Network,creatorxmedianetwork,,122682417,,Chiến dịch mở rộng,0,0,Đơn hàng gián tiếp,0,0,4%,0,0%,15199.65,15199.65,0,"Trạng thái của đơn hàng đang chờ xử lý, hoa hồng chỉ được thanh toán khi nó hoàn thành.",Others,0,,,
2607061BPN2RP2,Chờ xử lý,Hợp lệ,2026-07-06 21:22:12,,,27837762289,Combo Sữa Tắm Thiên Nhiên 250ml & Dầu gội 250ml Le Petit Marseillais Thiên Nhiên Hữu Cơ Chăm Sóc Toàn Diện,410975981228,Sắc Đẹp,Tắm & chăm sóc cơ thể,Xà phòng & sữa tắm,475641850446114_0_0,467000,1,CreatorX Media Network,creatorxmedianetwork,,141308903,,Chiến dịch mở rộng,337770,0,Đơn hàng gián tiếp,15199.65,15199.65,"4,5%",0,0%,0,0,0,"Trạng thái của đơn hàng đang chờ xử lý, hoa hồng chỉ được thanh toán khi nó hoàn thành.",Others,16416,Trừ tiền chờ xử lý,,
2607061B7DRU4K,Chờ xử lý,Hợp lệ,2026-07-06 21:13:40,,,24142870859,Sữa Tắm Thơm Lâu Le Petit Marseillais Gel 92% Thiên Nhiên Da Nhạy Cảm Nhiều Mùi Hương 650ml,350973489410,Sắc Đẹp,Tắm & chăm sóc cơ thể,Xà phòng & sữa tắm,475641850446114_0_0,394000,1,Kim Lê,kimmie_1104,,112430963,,Chiến dịch mở rộng,278640,0,Đơn hàng gián tiếp,12538.8,12538.8,"4,5%",0,0%,12538.8,12538.8,0,"Trạng thái của đơn hàng đang chờ xử lý, hoa hồng chỉ được thanh toán khi nó hoàn thành.",Facebook,13542,Trừ tiền chờ xử lý,,
2607061B7DRU4K,Chờ xử lý,Hợp lệ,2026-07-06 21:13:40,,,25644330193,[QUÀ TẶNG KHÔNG BÁN] Bông Tạo Bọt Kì Cọ Tẩy Da Chết Màu Ngẫu Nhiên,346005340612,Nhà cửa & Đời sống,Đồ dùng phòng tắm,Bông tắm,475641850446114_0_0,0,1,Kim Lê,kimmie_1104,,122682417,,Chiến dịch mở rộng,0,0,Đơn hàng gián tiếp,0,0,4%,0,0%,0,0,0,"Trạng thái của đơn hàng đang chờ xử lý, hoa hồng chỉ được thanh toán khi nó hoàn thành.",Facebook,0,,,
260706196MFY93,Chờ xử lý,Hợp lệ,2026-07-06 20:37:26,,,27586430985,Dầu Gội Trẻ Em 2in1 94% Thiên Nhiên Le Petit Marseillais Giúp Gỡ Rối Tóc Nhiều Mùi Hương 300ml,380970144965,Mẹ & Bé,Đồ dùng phòng tắm & Chăm sóc cơ thể bé,Sản phẩm tắm & gội cho bé,,326000,1,HỒNG NHUNG,nguyenhongnhuna,,128189901,,Chiến dịch mở rộng,221679,0,Đơn hàng gián tiếp,8867.16,8867.16,4%,0,0%,8867.16,8867.16,0,"Trạng thái của đơn hàng đang chờ xử lý, hoa hồng chỉ được thanh toán khi nó hoàn thành.",Facebook,9577,Trừ tiền chờ xử lý,,
260706190D5AJQ,Hoàn thành,Hợp lệ,2026-07-06 20:33:56,2026-07-09 08:08:13,2026-07-09 08:08:13,24142870859,Sữa Tắm Thơm Lâu Le Petit Marseillais Gel 92% Thiên Nhiên Da Nhạy Cảm Nhiều Mùi Hương 650ml,350973489409,Sắc Đẹp,Tắm & chăm sóc cơ thể,Xà phòng & sữa tắm,475641850446114_0_0,394000,1,ACCESSTRADEVN,accesstrade_banking,,112430963,,Chiến dịch mở rộng,258000,0,Đơn hàng gián tiếp,11610,11610,"4,5%",0,0%,11610,11610,0,,Websites,12539,Trừ tiền chờ xử lý,,
260706190D5AJQ,Hoàn thành,Hợp lệ,2026-07-06 20:33:56,2026-07-09 08:08:13,2026-07-09 08:08:13,25644330193,[QUÀ TẶNG KHÔNG BÁN] Bông Tạo Bọt Kì Cọ Tẩy Da Chết Màu Ngẫu Nhiên,346005340612,Nhà cửa & Đời sống,Đồ dùng phòng tắm,Bông tắm,475641850446114_0_0,0,1,ACCESSTRADEVN,accesstrade_banking,,122682417,,Chiến dịch mở rộng,0,0,Đơn hàng gián tiếp,0,0,4%,0,0%,0,0,0,,Websites,0,,,
26070616P2PJD2,Chờ xử lý,Không hợp lệ,2026-07-06 19:52:23,,,25644330193,[QUÀ TẶNG KHÔNG BÁN] Bông Tạo Bọt Kì Cọ Tẩy Da Chết Màu Ngẫu Nhiên,346005340612,Nhà cửa & Đời sống,Đồ dùng phòng tắm,Bông tắm,475641850446114_0_0,0,1,Trần Thị Huyền Trang,iamselina,,122682417,,Chiến dịch mở rộng,0,0,Đơn hàng gián tiếp,0,0,4%,0,0%,0,0,0,Đơn hàng không hợp lệ.,Facebook,0,,,
26070616P2PJD2,Chờ xử lý,Không hợp lệ,2026-07-06 19:52:23,,,25692866155,Sữa Tắm Nam 4 in 1 92% Thiên Nhiên Le Petit Marseillais Nhiều Mùi Hương 250ml,345969754131,Sắc Đẹp,Chăm sóc nam giới,Sữa tắm & chăm sóc cơ thể,475641850446114_0_0,205000,1,Trần Thị Huyền Trang,iamselina,,112434462,,Chiến dịch mở rộng,126266,0,Đơn hàng gián tiếp,0,0,4%,0,0%,0,0,0,Đơn hàng không hợp lệ.,Facebook,0,,,
26070615F7485V,Chờ xử lý,Hợp lệ,2026-07-06 19:30:39,,,25644330193,[QUÀ TẶNG KHÔNG BÁN] Bông Tạo Bọt Kì Cọ Tẩy Da Chết Màu Ngẫu Nhiên,346005340612,Nhà cửa & Đời sống,Đồ dùng phòng tắm,Bông tắm,475641850446114_0_0,0,1,son son,wzcav8vgvx,,122682417,,Chiến dịch mở rộng,0,0,Đơn hàng gián tiếp,0,0,4%,0,0%,6480,6480,0,"Trạng thái của đơn hàng đang chờ xử lý, hoa hồng chỉ được thanh toán khi nó hoàn thành.",Facebook,0,,,
26070615F7485V,Chờ xử lý,Hợp lệ,2026-07-06 19:30:39,,,29480146096,Sữa Tắm Thiên Nhiên 92% Le Petit Marseillais Nhiều Mùi Hương 250ml,315970228701,Sắc Đẹp,Tắm & chăm sóc cơ thể,Xà phòng & sữa tắm,475641850446114_0_0,200000,1,son son,wzcav8vgvx,,112409565,,Chiến dịch mở rộng,144000,0,Đơn hàng gián tiếp,6480,6480,"4,5%",0,0%,0,0,0,"Trạng thái của đơn hàng đang chờ xử lý, hoa hồng chỉ được thanh toán khi nó hoàn thành.",Facebook,6998,Trừ tiền chờ xử lý,,
26070614RTY0W3,Hoàn thành,Hợp lệ,2026-07-06 19:18:08,2026-07-08 20:35:29,2026-07-08 20:35:29,25644330193,[QUÀ TẶNG KHÔNG BÁN] Bông Tạo Bọt Kì Cọ Tẩy Da Chết Màu Ngẫu Nhiên,346005340612,Nhà cửa & Đời sống,Đồ dùng phòng tắm,Bông tắm,475641850446114_0_0,0,1,CreatorX Media Network,creatorxmedianetwork,,122682417,,Chiến dịch mở rộng,0,0,Đơn hàng gián tiếp,0,0,4%,0,0%,6480,6480,0,,TikTok,0,,,
26070614RTY0W3,Hoàn thành,Hợp lệ,2026-07-06 19:18:08,2026-07-08 20:35:29,2026-07-08 20:35:29,29480146096,Sữa Tắm Thiên Nhiên 92% Le Petit Marseillais Nhiều Mùi Hương 250ml,310970228929,Sắc Đẹp,Tắm & chăm sóc cơ thể,Xà phòng & sữa tắm,475641850446114_0_0,200000,1,CreatorX Media Network,creatorxmedianetwork,,112409565,,Chiến dịch mở rộng,144000,0,Đơn hàng gián tiếp,6480,6480,"4,5%",0,0%,0,0,0,,TikTok,6998,Trừ tiền chờ xử lý,,
26070613KMS3JE,Chờ xử lý,Hợp lệ,2026-07-06 18:57:20,,,24142870859,Sữa Tắm Thơm Lâu Le Petit Marseillais Gel 92% Thiên Nhiên Da Nhạy Cảm Nhiều Mùi Hương 650ml,350973489410,Sắc Đẹp,Tắm & chăm sóc cơ thể,Xà phòng & sữa tắm,475641850446114_0_0,394000,1,CreatorX Media Network,creatorxmedianetwork,,112430963,,Chiến dịch mở rộng,286153,0,Đơn hàng gián tiếp,12876.885,12876.885,"4,5%",0,0%,36539.1,36539.1,0,"Trạng thái của đơn hàng đang chờ xử lý, hoa hồng chỉ được thanh toán khi nó hoàn thành.",Others,13907,Trừ tiền chờ xử lý,,
26070613KMS3JE,Chờ xử lý,Hợp lệ,2026-07-06 18:57:20,,,24142870859,Sữa Tắm Thơm Lâu Le Petit Marseillais Gel 92% Thiên Nhiên Da Nhạy Cảm Nhiều Mùi Hương 650ml,350973489412,Sắc Đẹp,Tắm & chăm sóc cơ thể,Xà phòng & sữa tắm,475641850446114_0_0,394000,1,CreatorX Media Network,creatorxmedianetwork,,112430963,,Chiến dịch mở rộng,286153,0,Đơn hàng gián tiếp,12876.885,12876.885,"4,5%",0,0%,0,0,0,"Trạng thái của đơn hàng đang chờ xử lý, hoa hồng chỉ được thanh toán khi nó hoàn thành.",Others,13907,Trừ tiền chờ xử lý,,
26070613KMS3JE,Chờ xử lý,Hợp lệ,2026-07-06 18:57:20,,,25644330193,[QUÀ TẶNG KHÔNG BÁN] Bông Tạo Bọt Kì Cọ Tẩy Da Chết Màu Ngẫu Nhiên,346005340612,Nhà cửa & Đời sống,Đồ dùng phòng tắm,Bông tắm,475641850446114_0_0,0,1,CreatorX Media Network,creatorxmedianetwork,,122682417,,Chiến dịch mở rộng,0,0,Đơn hàng gián tiếp,0,0,4%,0,0%,0,0,0,"Trạng thái của đơn hàng đang chờ xử lý, hoa hồng chỉ được thanh toán khi nó hoàn thành.",Others,0,,,
26070613KMS3JE,Chờ xử lý,Hợp lệ,2026-07-06 18:57:20,,,27730151664,Sữa Tắm Dưỡng Ẩm 98% Thiên Nhiên Le Petit Marseillais Hữu Cơ Nhiều Mùi Hương Thơm 400ml,365969915566,Sắc Đẹp,Tắm & chăm sóc cơ thể,Xà phòng & sữa tắm,475641850446114_0_0,330000,1,CreatorX Media Network,creatorxmedianetwork,,112426971,,Chiến dịch mở rộng,239674,0,Đơn hàng gián tiếp,10785.33,10785.33,"4,5%",0,0%,0,0,0,"Trạng thái của đơn hàng đang chờ xử lý, hoa hồng chỉ được thanh toán khi nó hoàn thành.",Others,11648,Trừ tiền chờ xử lý,,
26070612C29JF6,Hoàn thành,Hợp lệ,2026-07-06 18:35:12,2026-07-08 15:22:44,2026-07-08 15:22:44,24142870859,Sữa Tắm Thơm Lâu Le Petit Marseillais Gel 92% Thiên Nhiên Da Nhạy Cảm Nhiều Mùi Hương 650ml,350973489407,Sắc Đẹp,Tắm & chăm sóc cơ thể,Xà phòng & sữa tắm,475641850446114_0_0,394000,1,Nguyễn Nhật,nguyennhat.28,,112430963,,Chiến dịch mở rộng,287806,0,Đơn hàng gián tiếp,12951.27,12951.27,"4,5%",0,0%,29124,29124,0,,Facebook,13987,Trừ tiền chờ xử lý,,
26070612C29JF6,Hoàn thành,Hợp lệ,2026-07-06 18:35:12,2026-07-08 15:22:44,2026-07-08 15:22:44,25644330193,[QUÀ TẶNG KHÔNG BÁN] Bông Tạo Bọt Kì Cọ Tẩy Da Chết Màu Ngẫu Nhiên,346005340612,Nhà cửa & Đời sống,Đồ dùng phòng tắm,Bông tắm,475641850446114_0_0,0,1,Nguyễn Nhật,nguyennhat.28,,122682417,,Chiến dịch mở rộng,0,0,Đơn hàng gián tiếp,0,0,4%,0,0%,0,0,0,,Facebook,0,,,
26070612C29JF6,Hoàn thành,Hợp lệ,2026-07-06 18:35:12,2026-07-08 15:22:44,2026-07-08 15:22:44,29680365284,Dầu Gội Thiên Nhiên Le Petit Marseillais Hữu Cơ Nhiều Mùi Hương 250ml,370971985643,Sắc Đẹp,Chăm sóc tóc,Dầu gội,,267000,1,Nguyễn Nhật,nguyennhat.28,,112920799,,Chiến dịch mở rộng,195036,0,Đơn hàng gián tiếp,8776.62,8776.62,"4,5%",0,0%,0,0,0,,Facebook,9479,Trừ tiền chờ xử lý,,
26070612C29JF6,Hoàn thành,Hợp lệ,2026-07-06 18:35:12,2026-07-08 15:22:44,2026-07-08 15:22:44,42422207632,Dầu Xả Dưỡng Tóc Thiên Nhiên 95% Le Petit Marseillais Dịu Nhẹ Siêu Mềm Mượt Nhiều Mùi Hương 200ml,297646808535,Sắc Đẹp,Chăm sóc tóc,Dầu xả,,225000,1,Nguyễn Nhật,nguyennhat.28,,176556107,,Chiến dịch mở rộng,164358,0,Đơn hàng gián tiếp,7396.11,7396.11,"4,5%",0,0%,0,0,0,,Facebook,7988,Trừ tiền chờ xử lý,,
2607060VERH3X2,Chờ xử lý,Hợp lệ,2026-07-06 16:49:27,,,26879882339,Dầu Xả Dưỡng Ẩm 95% Thiên Nhiên Le Petit Marseillais Chiết Xuất Dừa Hữu Cơ 200ml 4752,445972126965,Sắc Đẹp,Chăm sóc tóc,Dầu xả,,225000,1,CreatorX Media Network,creatorxmedianetwork,,111647232,,Chiến dịch mở rộng,150892,0,Đơn hàng gián tiếp,6790.14,6790.14,"4,5%",0,0%,6790.14,6790.14,0,"Trạng thái của đơn hàng đang chờ xử lý, hoa hồng chỉ được thanh toán khi nó hoàn thành.",Google Search,7333,Trừ tiền chờ xử lý,,
2607060U63NHYY,Hoàn thành,Hợp lệ,2026-07-06 16:26:37,2026-07-08 16:08:37,2026-07-08 16:08:37,25644330193,[QUÀ TẶNG KHÔNG BÁN] Bông Tạo Bọt Kì Cọ Tẩy Da Chết Màu Ngẫu Nhiên,346005340612,Nhà cửa & Đời sống,Đồ dùng phòng tắm,Bông tắm,475641850446114_0_0,0,1,YouTube Shopping,youtube_shopping_vn,,122682417,,Chiến dịch mở rộng,0,0,Đơn hàng gián tiếp,0,0,4%,0,0%,6364,6364,0,,YouTube,0,,,
2607060U63NHYY,Hoàn thành,Hợp lệ,2026-07-06 16:26:37,2026-07-08 16:08:37,2026-07-08 16:08:37,27779418515,Sữa Tắm Nam Thơm Lâu 4 in 1 92% Thiên Nhiên Le Petit Marseillais Chiết Xuất Thông Biển & Bạch Đàn 250ml 1356,415969727779,Sắc Đẹp,Chăm sóc nam giới,Sữa tắm & chăm sóc cơ thể,475641850446114_0_0,205000,1,YouTube Shopping,youtube_shopping_vn,,110663381,,Chiến dịch mở rộng,159100,0,Đơn hàng gián tiếp,6364,6364,4%,0,0%,0,0,0,,YouTube,6873,Trừ tiền chờ xử lý,,
2607060TEWR1ES,Hoàn thành,Hợp lệ,2026-07-06 16:13:38,2026-07-07 18:20:56,2026-07-07 18:20:56,25644330193,[QUÀ TẶNG KHÔNG BÁN] Bông Tạo Bọt Kì Cọ Tẩy Da Chết Màu Ngẫu Nhiên,346005340612,Nhà cửa & Đời sống,Đồ dùng phòng tắm,Bông tắm,475641850446114_0_0,0,1,Leo Store,buitienvan97,,122682417,,Chiến dịch mở rộng,0,0,Đơn hàng trực tiếp,0,0,8%,0,0%,10080,10080,0,,Zalo,0,,,
2607060TEWR1ES,Hoàn thành,Hợp lệ,2026-07-06 16:13:38,2026-07-07 18:20:56,2026-07-07 18:20:56,29480146096,Sữa Tắm Thiên Nhiên 92% Le Petit Marseillais Nhiều Mùi Hương 250ml,310970228930,Sắc Đẹp,Tắm & chăm sóc cơ thể,Xà phòng & sữa tắm,475641850446114_0_0,200000,1,Leo Store,buitienvan97,,112409565,,Chiến dịch mở rộng,112000,0,Đơn hàng trực tiếp,10080,10080,9%,0,0%,0,0,0,,Zalo,10886,Trừ tiền chờ xử lý,,
2607060QJWQ7JF,Hoàn thành,Hợp lệ,2026-07-06 15:22:11,2026-07-08 16:24:55,2026-07-08 16:24:55,24142870859,Sữa Tắm Thơm Lâu Le Petit Marseillais Gel 92% Thiên Nhiên Da Nhạy Cảm Nhiều Mùi Hương 650ml,350973489402,Sắc Đẹp,Tắm & chăm sóc cơ thể,Xà phòng & sữa tắm,475641850446114_0_0,394000,1,ecomobivn,ecomobivn,Passio,112430963,,Chiến dịch mở rộng,278640,0,Đơn hàng gián tiếp,12538.8,12538.8,"4,5%",0,0%,12538.8,12538.8,0,,Facebook,13542,Trừ tiền chờ xử lý,,
2607060QJWQ7JF,Hoàn thành,Hợp lệ,2026-07-06 15:22:11,2026-07-08 16:24:55,2026-07-08 16:24:55,25644330193,[QUÀ TẶNG KHÔNG BÁN] Bông Tạo Bọt Kì Cọ Tẩy Da Chết Màu Ngẫu Nhiên,346005340612,Nhà cửa & Đời sống,Đồ dùng phòng tắm,Bông tắm,475641850446114_0_0,0,1,ecomobivn,ecomobivn,Passio,122682417,,Chiến dịch mở rộng,0,0,Đơn hàng gián tiếp,0,0,4%,0,0%,0,0,0,,Facebook,0,,,
2607060MQE0ER1,Chờ xử lý,Hợp lệ,2026-07-06 14:31:01,,,25644330193,[QUÀ TẶNG KHÔNG BÁN] Bông Tạo Bọt Kì Cọ Tẩy Da Chết Màu Ngẫu Nhiên,346005340612,Nhà cửa & Đời sống,Đồ dùng phòng tắm,Bông tắm,475641850446114_0_0,0,1,Thợ Săn Sài Gòn,tssg_2020,,122682417,,Chiến dịch mở rộng,0,0,Đơn hàng trực tiếp,0,0,8%,0,0%,10800,10800,0,"Trạng thái của đơn hàng đang chờ xử lý, hoa hồng chỉ được thanh toán khi nó hoàn thành.",Websites,0,,,
2607060MQE0ER1,Chờ xử lý,Hợp lệ,2026-07-06 14:31:01,,,29628482446,Sữa Tắm Pháp 92% Thiên Nhiên Le Petit Marseillais Dịu Nhẹ Mâm Xôi Hữu Cơ & Hoa Mẫu Đơn 250ml 8441,340969666086,Sắc Đẹp,Tắm & chăm sóc cơ thể,Xà phòng & sữa tắm,475641850446114_0_0,200000,1,Thợ Săn Sài Gòn,tssg_2020,,109863148,,Chiến dịch mở rộng,135000,0,Đơn hàng trực tiếp,10800,10800,8%,0,0%,0,0,0,"Trạng thái của đơn hàng đang chờ xử lý, hoa hồng chỉ được thanh toán khi nó hoàn thành.",Websites,11664,Trừ tiền chờ xử lý,,
2607060M61YK52,Chờ xử lý,Hợp lệ,2026-07-06 14:21:18,,,25644330193,[QUÀ TẶNG KHÔNG BÁN] Bông Tạo Bọt Kì Cọ Tẩy Da Chết Màu Ngẫu Nhiên,346005340612,Nhà cửa & Đời sống,Đồ dùng phòng tắm,Bông tắm,475641850446114_0_0,0,1,Nghiện Phối Đồ Xinh,lyvantung12,,122682417,,Chiến dịch mở rộng,0,0,Đơn hàng gián tiếp,0,0,4%,0,0%,8460,8460,0,"Trạng thái của đơn hàng đang chờ xử lý, hoa hồng chỉ được thanh toán khi nó hoàn thành.",Facebook,0,,,
2607060M61YK52,Chờ xử lý,Hợp lệ,2026-07-06 14:21:18,,,28980146591,Gel Tắm Hữu Cơ BIO 98% Thiên Nhiên Le Petit Marseillais Nhiều Mùi Hương 250ml,315970996474,Sắc Đẹp,Tắm & chăm sóc cơ thể,Xà phòng & sữa tắm,475641850446114_0_0,255000,1,Nghiện Phối Đồ Xinh,lyvantung12,,112420787,,Chiến dịch mở rộng,188000,0,Đơn hàng gián tiếp,8460,8460,"4,5%",0,0%,0,0,0,"Trạng thái của đơn hàng đang chờ xử lý, hoa hồng chỉ được thanh toán khi nó hoàn thành.",Facebook,9137,Trừ tiền chờ xử lý,,
2607060KP5NKSJ,Chờ xử lý,Hợp lệ,2026-07-06 14:12:25,,,27586430985,Dầu Gội Trẻ Em 2in1 94% Thiên Nhiên Le Petit Marseillais Giúp Gỡ Rối Tóc Nhiều Mùi Hương 300ml,380970144964,Mẹ & Bé,Đồ dùng phòng tắm & Chăm sóc cơ thể bé,Sản phẩm tắm & gội cho bé,,326000,1,RioLive,rio.live,RioMCN,128189901,,Chiến dịch mở rộng,176600,0,Đơn hàng trực tiếp,14128,14128,8%,0,0%,14128,14128,0,"Trạng thái của đơn hàng đang chờ xử lý, hoa hồng chỉ được thanh toán khi nó hoàn thành.",Others,15258,Trừ tiền chờ xử lý,,
2607060F09M9T7,Hoàn thành,Hợp lệ,2026-07-06 12:48:36,2026-07-08 07:40:13,2026-07-08 07:40:13,25644330193,[QUÀ TẶNG KHÔNG BÁN] Bông Tạo Bọt Kì Cọ Tẩy Da Chết Màu Ngẫu Nhiên,346005340612,Nhà cửa & Đời sống,Đồ dùng phòng tắm,Bông tắm,475641850446114_0_0,0,1,Hằng Linh Nguyễn,hanglinhnguyen1994,,122682417,,Chiến dịch mở rộng,0,0,Đơn hàng gián tiếp,0,0,4%,0,0%,31448,31448,0,,Facebook,0,,,
2607060F09M9T7,Hoàn thành,Hợp lệ,2026-07-06 12:48:36,2026-07-08 07:40:13,2026-07-08 07:40:13,27730151664,Sữa Tắm Dưỡng Ẩm 98% Thiên Nhiên Le Petit Marseillais Hữu Cơ Nhiều Mùi Hương Thơm 400ml,365969915567,Sắc Đẹp,Tắm & chăm sóc cơ thể,Xà phòng & sữa tắm,475641850446114_0_0,330000,1,Hằng Linh Nguyễn,hanglinhnguyen1994,,112426971,,Chiến dịch mở rộng,263999,0,Đơn hàng gián tiếp,11879.955,11879.955,"4,5%",0,0%,0,0,0,,Facebook,12830,Trừ tiền chờ xử lý,,
2607060F09M9T7,Hoàn thành,Hợp lệ,2026-07-06 12:48:36,2026-07-08 07:40:13,2026-07-08 07:40:13,28379882165,Mặt Nạ Dưỡng Tóc 4in1 96% Thiên Nhiên Le Petit Marseillais Chiết Xuất Dừa Hữu Cơ 300ml 5209,350970222410,Sắc Đẹp,Chăm sóc tóc,Sản phẩm dưỡng tóc,,496000,1,Hằng Linh Nguyễn,hanglinhnguyen1994,,111647800,,Chiến dịch mở rộng,309200,0,Đơn hàng gián tiếp,12368,12368,4%,0,0%,0,0,0,,Facebook,13357,Trừ tiền chờ xử lý,,
2607060F09M9T7,Hoàn thành,Hợp lệ,2026-07-06 12:48:36,2026-07-08 07:40:13,2026-07-08 07:40:13,29480146096,Sữa Tắm Thiên Nhiên 92% Le Petit Marseillais Nhiều Mùi Hương 250ml,310970228927,Sắc Đẹp,Tắm & chăm sóc cơ thể,Xà phòng & sữa tắm,475641850446114_0_0,200000,1,Hằng Linh Nguyễn,hanglinhnguyen1994,,112409565,,Chiến dịch mở rộng,160001,0,Đơn hàng gián tiếp,7200.045,7200.045,"4,5%",0,0%,0,0,0,,Facebook,7776,Trừ tiền chờ xử lý,,
2607060C8MVPJ5,Hoàn thành,Hợp lệ,2026-07-06 11:59:35,2026-07-07 08:42:25,2026-07-07 08:42:25,24142870859,Sữa Tắm Thơm Lâu Le Petit Marseillais Gel 92% Thiên Nhiên Da Nhạy Cảm Nhiều Mùi Hương 650ml,350973489407,Sắc Đẹp,Tắm & chăm sóc cơ thể,Xà phòng & sữa tắm,475641850446114_0_0,394000,1,Phạm Việt Đức,phamvietduc86,,112430963,,Chiến dịch mở rộng,334000,0,Đơn hàng gián tiếp,15030,15030,"4,5%",0,0%,15030,15030,0,,Facebook,16232,Trừ tiền chờ xử lý,,
2607060C8MVPJ5,Hoàn thành,Hợp lệ,2026-07-06 11:59:35,2026-07-07 08:42:25,2026-07-07 08:42:25,25644330193,[QUÀ TẶNG KHÔNG BÁN] Bông Tạo Bọt Kì Cọ Tẩy Da Chết Màu Ngẫu Nhiên,346005340612,Nhà cửa & Đời sống,Đồ dùng phòng tắm,Bông tắm,475641850446114_0_0,0,1,Phạm Việt Đức,phamvietduc86,,122682417,,Chiến dịch mở rộng,0,0,Đơn hàng gián tiếp,0,0,4%,0,0%,0,0,0,,Facebook,0,,,
2607060A6DTW10,Chờ xử lý,Hợp lệ,2026-07-06 11:22:34,,,24692295309,Gel Tắm 92% Thiên Nhiên Le Petit Marseillais Dịu Nhẹ Thông Hữu Cơ Và Bạch Đàn Biển Hữu Cơ 650ml 1902,282645470490,Sắc Đẹp,Tắm & chăm sóc cơ thể,Xà phòng & sữa tắm,475641850446114_0_0,394000,1,Vịt Con,vitcon2905,,109863140,,Chiến dịch mở rộng,282060,0,Đơn hàng gián tiếp,12692.7,12692.7,"4,5%",0,0%,12692.7,12692.7,0,"Trạng thái của đơn hàng đang chờ xử lý, hoa hồng chỉ được thanh toán khi nó hoàn thành.",Facebook,13708,Trừ tiền chờ xử lý,,
2607060A6DTW10,Chờ xử lý,Hợp lệ,2026-07-06 11:22:34,,,25644330193,[QUÀ TẶNG KHÔNG BÁN] Bông Tạo Bọt Kì Cọ Tẩy Da Chết Màu Ngẫu Nhiên,346005340612,Nhà cửa & Đời sống,Đồ dùng phòng tắm,Bông tắm,475641850446114_0_0,0,1,Vịt Con,vitcon2905,,122682417,,Chiến dịch mở rộng,0,0,Đơn hàng gián tiếp,0,0,4%,0,0%,0,0,0,"Trạng thái của đơn hàng đang chờ xử lý, hoa hồng chỉ được thanh toán khi nó hoàn thành.",Facebook,0,,,
26070603HPFE5E,Chờ xử lý,Hợp lệ,2026-07-06 09:23:35,,,24142870859,Sữa Tắm Thơm Lâu Le Petit Marseillais Gel 92% Thiên Nhiên Da Nhạy Cảm Nhiều Mùi Hương 650ml,350973489414,Sắc Đẹp,Tắm & chăm sóc cơ thể,Xà phòng & sữa tắm,475641850446114_0_0,394000,1,Lanh Chanh Review,ngvinh445,,112430963,,Chiến dịch mở rộng,288960,0,Đơn hàng gián tiếp,13003.2,13003.2,"4,5%",0,0%,13003.2,13003.2,0,"Trạng thái của đơn hàng đang chờ xử lý, hoa hồng chỉ được thanh toán khi nó hoàn thành.",Websites,14043,Trừ tiền chờ xử lý,,
26070603HPFE5E,Chờ xử lý,Hợp lệ,2026-07-06 09:23:35,,,25644330193,[QUÀ TẶNG KHÔNG BÁN] Bông Tạo Bọt Kì Cọ Tẩy Da Chết Màu Ngẫu Nhiên,346005340612,Nhà cửa & Đời sống,Đồ dùng phòng tắm,Bông tắm,475641850446114_0_0,0,1,Lanh Chanh Review,ngvinh445,,122682417,,Chiến dịch mở rộng,0,0,Đơn hàng gián tiếp,0,0,4%,0,0%,0,0,0,"Trạng thái của đơn hàng đang chờ xử lý, hoa hồng chỉ được thanh toán khi nó hoàn thành.",Websites,0,,,
26070600SR5T0C,Chờ xử lý,Hợp lệ,2026-07-06 08:34:24,,,25644330193,[QUÀ TẶNG KHÔNG BÁN] Bông Tạo Bọt Kì Cọ Tẩy Da Chết Màu Ngẫu Nhiên,346005340612,Nhà cửa & Đời sống,Đồ dùng phòng tắm,Bông tắm,475641850446114_0_0,0,1,Như Ngọc,nhungoc0803,,122682417,,Chiến dịch mở rộng,0,0,Đơn hàng trực tiếp,0,0,8%,0,0%,11520,11520,0,"Trạng thái của đơn hàng đang chờ xử lý, hoa hồng chỉ được thanh toán khi nó hoàn thành.",Facebook,0,,,
26070600SR5T0C,Chờ xử lý,Hợp lệ,2026-07-06 08:34:24,,,29628482446,Sữa Tắm Pháp 92% Thiên Nhiên Le Petit Marseillais Dịu Nhẹ Mâm Xôi Hữu Cơ & Hoa Mẫu Đơn 250ml 8441,340969666086,Sắc Đẹp,Tắm & chăm sóc cơ thể,Xà phòng & sữa tắm,475641850446114_0_0,200000,1,Như Ngọc,nhungoc0803,,109863148,,Chiến dịch mở rộng,144000,0,Đơn hàng trực tiếp,11520,11520,8%,0,0%,0,0,0,"Trạng thái của đơn hàng đang chờ xử lý, hoa hồng chỉ được thanh toán khi nó hoàn thành.",Facebook,12442,Trừ tiền chờ xử lý,,
260706V7UBUKFY,Chờ xử lý,Không hợp lệ,2026-07-06 00:08:28,,,29480146096,Sữa Tắm Thiên Nhiên 92% Le Petit Marseillais Nhiều Mùi Hương 250ml,310970228929,Sắc Đẹp,Tắm & chăm sóc cơ thể,Xà phòng & sữa tắm,,200000,1,Phuong Anh,nguyenquynhphuonganh160297,,112409565,,Chiến dịch mở rộng,133803,0,Đơn hàng trực tiếp,0,0,9%,0,0%,0,0,0,Đơn hàng không hợp lệ.,Zalo,0,,,
260706V7PJAQ5A,Hoàn thành,Hợp lệ,2026-07-06 00:05:46,2026-07-09 03:21:17,2026-07-09 03:21:17,29480146096,Sữa Tắm Thiên Nhiên 92% Le Petit Marseillais Nhiều Mùi Hương 250ml,310970228929,Sắc Đẹp,Tắm & chăm sóc cơ thể,Xà phòng & sữa tắm,,200000,1,CreatorX Media Network,creatorxmedianetwork,,112409565,,Chiến dịch mở rộng,142700,0,Đơn hàng gián tiếp,6421.5,6421.5,"4,5%",0,0%,6421.5,6421.5,0,,Others,6935,Trừ tiền chờ xử lý,,
260706V6H98YH0,Chờ xử lý,Hợp lệ,2026-07-05 23:44:55,,,24142870859,Sữa Tắm Thơm Lâu Le Petit Marseillais Gel 92% Thiên Nhiên Da Nhạy Cảm Nhiều Mùi Hương 650ml,350973489406,Sắc Đẹp,Tắm & chăm sóc cơ thể,Xà phòng & sữa tắm,475641850446114_0_0,394000,1,Hương Hương nè ᥫ᭡,huonghuongne185,,112430963,,Chiến dịch mở rộng,288960,0,Đơn hàng trực tiếp,26006.4,26006.4,9%,0,0%,26006.4,26006.4,0,"Trạng thái của đơn hàng đang chờ xử lý, hoa hồng chỉ được thanh toán khi nó hoàn thành.",Shopeevideo-Shopee,28087,Trừ tiền chờ xử lý,,
260706V6H98YH0,Chờ xử lý,Hợp lệ,2026-07-05 23:44:55,,,25644330193,[QUÀ TẶNG KHÔNG BÁN] Bông Tạo Bọt Kì Cọ Tẩy Da Chết Màu Ngẫu Nhiên,346005340612,Nhà cửa & Đời sống,Đồ dùng phòng tắm,Bông tắm,475641850446114_0_0,0,1,Hương Hương nè ᥫ᭡,huonghuongne185,,122682417,,Chiến dịch mở rộng,0,0,Đơn hàng trực tiếp,0,0,8%,0,0%,0,0,0,"Trạng thái của đơn hàng đang chờ xử lý, hoa hồng chỉ được thanh toán khi nó hoàn thành.",Shopeevideo-Shopee,0,,,
260706V42925XB,Chờ xử lý,Hợp lệ,2026-07-05 23:00:45,,,24142870859,Sữa Tắm Thơm Lâu Le Petit Marseillais Gel 92% Thiên Nhiên Da Nhạy Cảm Nhiều Mùi Hương 650ml,350973489402,Sắc Đẹp,Tắm & chăm sóc cơ thể,Xà phòng & sữa tắm,475641850446114_0_0,394000,1,Opera,opera109,,112430963,,Chiến dịch mở rộng,302580,0,Đơn hàng gián tiếp,13616.1,13616.1,"4,5%",0,0%,27232.2,27232.2,0,"Trạng thái của đơn hàng đang chờ xử lý, hoa hồng chỉ được thanh toán khi nó hoàn thành.",Others,14705,Trừ tiền chờ xử lý,,
260706V42925XB,Chờ xử lý,Hợp lệ,2026-07-05 23:00:45,,,24142870859,Sữa Tắm Thơm Lâu Le Petit Marseillais Gel 92% Thiên Nhiên Da Nhạy Cảm Nhiều Mùi Hương 650ml,350973489412,Sắc Đẹp,Tắm & chăm sóc cơ thể,Xà phòng & sữa tắm,475641850446114_0_0,394000,1,Opera,opera109,,112430963,,Chiến dịch mở rộng,302580,0,Đơn hàng gián tiếp,13616.1,13616.1,"4,5%",0,0%,0,0,0,"Trạng thái của đơn hàng đang chờ xử lý, hoa hồng chỉ được thanh toán khi nó hoàn thành.",Others,14705,Trừ tiền chờ xử lý,,
260706V42925XB,Chờ xử lý,Hợp lệ,2026-07-05 23:00:45,,,25644330193,[QUÀ TẶNG KHÔNG BÁN] Bông Tạo Bọt Kì Cọ Tẩy Da Chết Màu Ngẫu Nhiên,346005340612,Nhà cửa & Đời sống,Đồ dùng phòng tắm,Bông tắm,475641850446114_0_0,0,1,Opera,opera109,,122682417,,Chiến dịch mở rộng,0,0,Đơn hàng gián tiếp,0,0,4%,0,0%,0,0,0,"Trạng thái của đơn hàng đang chờ xử lý, hoa hồng chỉ được thanh toán khi nó hoàn thành.",Others,0,,,
260705V3UAU08Y,Hoàn thành,Hợp lệ,2026-07-05 22:56:51,2026-07-08 23:05:38,2026-07-08 23:05:38,24142870859,Sữa Tắm Thơm Lâu Le Petit Marseillais Gel 92% Thiên Nhiên Da Nhạy Cảm Nhiều Mùi Hương 650ml,350973489408,Sắc Đẹp,Tắm & chăm sóc cơ thể,Xà phòng & sữa tắm,475641850446114_0_0,394000,1,Operations,operationspantech601,,112430963,,Chiến dịch mở rộng,268320,0,Đơn hàng gián tiếp,12074.4,12074.4,"4,5%",0,0%,12074.4,12074.4,0,,Others,13040,Trừ tiền chờ xử lý,,
260705V3UAU08Y,Hoàn thành,Hợp lệ,2026-07-05 22:56:51,2026-07-08 23:05:38,2026-07-08 23:05:38,25644330193,[QUÀ TẶNG KHÔNG BÁN] Bông Tạo Bọt Kì Cọ Tẩy Da Chết Màu Ngẫu Nhiên,346005340612,Nhà cửa & Đời sống,Đồ dùng phòng tắm,Bông tắm,475641850446114_0_0,0,1,Operations,operationspantech601,,122682417,,Chiến dịch mở rộng,0,0,Đơn hàng gián tiếp,0,0,4%,0,0%,0,0,0,,Others,0,,,
260705V399TPGE,Chờ xử lý,Hợp lệ,2026-07-05 22:46:46,,,25947267438,Hộp 2 Bánh Xà Phòng Thiên Nhiên 98% Le Petit Marseillais Dịu Nhẹ Lành Tính Nhiều Mùi Hương 2 x100g,292645726031,Sắc Đẹp,Tắm & chăm sóc cơ thể,Xà phòng & sữa tắm,,170000,1,Nguyễn Hồng Hà,pduc728fko,,176553504,,Chiến dịch mở rộng,133110,0,Đơn hàng trực tiếp,11979.9,11979.9,9%,0,0%,11979.9,11979.9,0,"Trạng thái của đơn hàng đang chờ xử lý, hoa hồng chỉ được thanh toán khi nó hoàn thành.",Shopeevideo-Shopee,12938,Trừ tiền chờ xử lý,,
260705V1W1PVH0,Chờ xử lý,Hợp lệ,2026-07-05 22:22:01,,,24142870859,Sữa Tắm Thơm Lâu Le Petit Marseillais Gel 92% Thiên Nhiên Da Nhạy Cảm Nhiều Mùi Hương 650ml,350973489406,Sắc Đẹp,Tắm & chăm sóc cơ thể,Xà phòng & sữa tắm,475641850446114_0_0,394000,3,Vân Tiny ,tiny2802,,112430963,,Chiến dịch mở rộng,853016,0,Đơn hàng gián tiếp,38385.72,38385.72,"4,5%",0,0%,38385.72,38385.72,0,"Trạng thái của đơn hàng đang chờ xử lý, hoa hồng chỉ được thanh toán khi nó hoàn thành.",Others,41457,Trừ tiền chờ xử lý,,
260705V1W1PVH0,Chờ xử lý,Hợp lệ,2026-07-05 22:22:01,,,25644330193,[QUÀ TẶNG KHÔNG BÁN] Bông Tạo Bọt Kì Cọ Tẩy Da Chết Màu Ngẫu Nhiên,346005340612,Nhà cửa & Đời sống,Đồ dùng phòng tắm,Bông tắm,475641850446114_0_0,0,1,Vân Tiny ,tiny2802,,122682417,,Chiến dịch mở rộng,0,0,Đơn hàng gián tiếp,0,0,4%,0,0%,0,0,0,"Trạng thái của đơn hàng đang chờ xử lý, hoa hồng chỉ được thanh toán khi nó hoàn thành.",Others,0,,,
260705V0U1HC4A,Hoàn thành,Hợp lệ,2026-07-05 22:03:07,2026-07-07 12:00:35,2026-07-07 12:00:35,25644330193,[QUÀ TẶNG KHÔNG BÁN] Bông Tạo Bọt Kì Cọ Tẩy Da Chết Màu Ngẫu Nhiên,346005340612,Nhà cửa & Đời sống,Đồ dùng phòng tắm,Bông tắm,475641850446114_0_0,0,1,QGtech.vn,qgtech.vn,,122682417,,Chiến dịch mở rộng,0,0,Đơn hàng gián tiếp,0,0,4%,0,0%,6885,6885,0,,Facebook,0,,,
260705V0U1HC4A,Hoàn thành,Hợp lệ,2026-07-05 22:03:07,2026-07-07 12:00:35,2026-07-07 12:00:35,26278578077,Sữa Tắm Thơm Lâu 92% Thiên Nhiên Le Petit Marseillais Dịu Nhẹ Đào Trắng Hữu Cơ Và Xuân Đào Hữu Cơ 250ml 1240,380971919521,Sắc Đẹp,Tắm & chăm sóc cơ thể,Xà phòng & sữa tắm,475641850446114_0_0,200000,1,QGtech.vn,qgtech.vn,,109863156,,Chiến dịch mở rộng,153000,0,Đơn hàng gián tiếp,6885,6885,"4,5%",0,0%,0,0,0,,Facebook,7436,Trừ tiền chờ xử lý,,
260705UYDHA431,Hoàn thành,Hợp lệ,2026-07-05 21:37:33,2026-07-09 06:37:17,2026-07-09 06:37:17,24142870859,Sữa Tắm Thơm Lâu Le Petit Marseillais Gel 92% Thiên Nhiên Da Nhạy Cảm Nhiều Mùi Hương 650ml,350973489402,Sắc Đẹp,Tắm & chăm sóc cơ thể,Xà phòng & sữa tắm,475641850446114_0_0,394000,1,Hiền Nguyễn,hienhien83196,,112430963,,Chiến dịch mở rộng,250601,0,Đơn hàng trực tiếp,22554.09,22554.09,9%,0,0%,22554.09,22554.09,0,,Websites,24358,Trừ tiền chờ xử lý,,
260705UYDHA431,Hoàn thành,Hợp lệ,2026-07-05 21:37:33,2026-07-09 06:37:17,2026-07-09 06:37:17,25644330193,[QUÀ TẶNG KHÔNG BÁN] Bông Tạo Bọt Kì Cọ Tẩy Da Chết Màu Ngẫu Nhiên,346005340612,Nhà cửa & Đời sống,Đồ dùng phòng tắm,Bông tắm,475641850446114_0_0,0,1,Hiền Nguyễn,hienhien83196,,122682417,,Chiến dịch mở rộng,0,0,Đơn hàng trực tiếp,0,0,8%,0,0%,0,0,0,,Websites,0,,,
260705UY1C5T5S,Chờ xử lý,Hợp lệ,2026-07-05 21:30:52,,,25644330193,[QUÀ TẶNG KHÔNG BÁN] Bông Tạo Bọt Kì Cọ Tẩy Da Chết Màu Ngẫu Nhiên,346005340612,Nhà cửa & Đời sống,Đồ dùng phòng tắm,Bông tắm,475641850446114_0_0,0,1,Decor nhà xinh,vlcuong,,122682417,,Chiến dịch mở rộng,0,0,Đơn hàng gián tiếp,0,0,4%,0,0%,12693.6,12693.6,0,"Trạng thái của đơn hàng đang chờ xử lý, hoa hồng chỉ được thanh toán khi nó hoàn thành.",Instagram,0,,,
260705UY1C5T5S,Chờ xử lý,Hợp lệ,2026-07-05 21:30:52,,,24142870859,Sữa Tắm Thơm Lâu Le Petit Marseillais Gel 92% Thiên Nhiên Da Nhạy Cảm Nhiều Mùi Hương 650ml,350973489407,Sắc Đẹp,Tắm & chăm sóc cơ thể,Xà phòng & sữa tắm,475641850446114_0_0,394000,1,Decor nhà xinh,vlcuong,,112430963,,Chiến dịch mở rộng,282080,0,Đơn hàng gián tiếp,12693.6,12693.6,"4,5%",0,0%,0,0,0,"Trạng thái của đơn hàng đang chờ xử lý, hoa hồng chỉ được thanh toán khi nó hoàn thành.",Instagram,13709,Trừ tiền chờ xử lý,,
260705UXCWY4EF,Chờ xử lý,Hợp lệ,2026-07-05 21:19:20,,,25644330193,[QUÀ TẶNG KHÔNG BÁN] Bông Tạo Bọt Kì Cọ Tẩy Da Chết Màu Ngẫu Nhiên,346005340612,Nhà cửa & Đời sống,Đồ dùng phòng tắm,Bông tắm,475641850446114_0_0,0,1,Opera,opera109,,122682417,,Chiến dịch mở rộng,0,0,Đơn hàng gián tiếp,0,0,4%,0,0%,18851.34,18851.34,0,"Trạng thái của đơn hàng đang chờ xử lý, hoa hồng chỉ được thanh toán khi nó hoàn thành.",Others,0,,,
260705UXCWY4EF,Chờ xử lý,Hợp lệ,2026-07-05 21:19:20,,,28278435631,Sữa Tắm Thiên Nhiên 92% Le Petit Marseillais Dịu Nhẹ  Bông & Hoa Anh Túc Hữu Cơ  250ml 5434,410969703033,Sắc Đẹp,Tắm & chăm sóc cơ thể,Xà phòng & sữa tắm,475641850446114_0_0,200000,1,Opera,opera109,,109863147,,Chiến dịch mở rộng,146532,0,Đơn hàng gián tiếp,5861.28,5861.28,4%,0,0%,0,0,0,"Trạng thái của đơn hàng đang chờ xử lý, hoa hồng chỉ được thanh toán khi nó hoàn thành.",Others,6330,Trừ tiền chờ xử lý,,
260705UXCWY4EF,Chờ xử lý,Hợp lệ,2026-07-05 21:19:20,,,24142870859,Sữa Tắm Thơm Lâu Le Petit Marseillais Gel 92% Thiên Nhiên Da Nhạy Cảm Nhiều Mùi Hương 650ml,350973489407,Sắc Đẹp,Tắm & chăm sóc cơ thể,Xà phòng & sữa tắm,475641850446114_0_0,394000,1,Opera,opera109,,112430963,,Chiến dịch mở rộng,288668,0,Đơn hàng gián tiếp,12990.06,12990.06,"4,5%",0,0%,0,0,0,"Trạng thái của đơn hàng đang chờ xử lý, hoa hồng chỉ được thanh toán khi nó hoàn thành.",Others,14029,Trừ tiền chờ xử lý,,
260705UTB0UKFS,Chờ xử lý,Hợp lệ,2026-07-05 20:06:40,,,24142870859,Sữa Tắm Thơm Lâu Le Petit Marseillais Gel 92% Thiên Nhiên Da Nhạy Cảm Nhiều Mùi Hương 650ml,350973489402,Sắc Đẹp,Tắm & chăm sóc cơ thể,Xà phòng & sữa tắm,475641850446114_0_0,394000,1,Moonie baby closet,quyencnt,,112430963,,Chiến dịch mở rộng,282080,0,Đơn hàng gián tiếp,12693.6,12693.6,"4,5%",0,0%,12693.6,12693.6,0,"Trạng thái của đơn hàng đang chờ xử lý, hoa hồng chỉ được thanh toán khi nó hoàn thành.",Facebook,13709,Trừ tiền chờ xử lý,,
260705UTB0UKFS,Chờ xử lý,Hợp lệ,2026-07-05 20:06:40,,,25644330193,[QUÀ TẶNG KHÔNG BÁN] Bông Tạo Bọt Kì Cọ Tẩy Da Chết Màu Ngẫu Nhiên,346005340612,Nhà cửa & Đời sống,Đồ dùng phòng tắm,Bông tắm,475641850446114_0_0,0,1,Moonie baby closet,quyencnt,,122682417,,Chiến dịch mở rộng,0,0,Đơn hàng gián tiếp,0,0,4%,0,0%,0,0,0,"Trạng thái của đơn hàng đang chờ xử lý, hoa hồng chỉ được thanh toán khi nó hoàn thành.",Facebook,0,,,
260705URYHDPM2,Chờ xử lý,Hợp lệ,2026-07-05 19:42:22,,,25644330193,[QUÀ TẶNG KHÔNG BÁN] Bông Tạo Bọt Kì Cọ Tẩy Da Chết Màu Ngẫu Nhiên,346005340612,Nhà cửa & Đời sống,Đồ dùng phòng tắm,Bông tắm,475641850446114_0_0,0,1,Ngọc Ánh,ngocanhbavi06,Passio,122682417,,Chiến dịch mở rộng,0,0,Đơn hàng trực tiếp,0,0,8%,0,0%,12876,12876,0,"Trạng thái của đơn hàng đang chờ xử lý, hoa hồng chỉ được thanh toán khi nó hoàn thành.",Shopeelive-Shopee,0,,,
260705URYHDPM2,Chờ xử lý,Hợp lệ,2026-07-05 19:42:22,,,25692866155,Sữa Tắm Nam 4 in 1 92% Thiên Nhiên Le Petit Marseillais Nhiều Mùi Hương 250ml,345969754134,Sắc Đẹp,Chăm sóc nam giới,Sữa tắm & chăm sóc cơ thể,475641850446114_0_0,205000,1,Ngọc Ánh,ngocanhbavi06,Passio,112434462,,Chiến dịch mở rộng,160950,0,Đơn hàng trực tiếp,12876,12876,8%,0,0%,0,0,0,"Trạng thái của đơn hàng đang chờ xử lý, hoa hồng chỉ được thanh toán khi nó hoàn thành.",Shopeelive-Shopee,13906,Trừ tiền chờ xử lý,,
260705URXVEQJE,Chờ xử lý,Hợp lệ,2026-07-05 19:42:00,,,25644330193,[QUÀ TẶNG KHÔNG BÁN] Bông Tạo Bọt Kì Cọ Tẩy Da Chết Màu Ngẫu Nhiên,346005340612,Nhà cửa & Đời sống,Đồ dùng phòng tắm,Bông tắm,475641850446114_0_0,0,1,Withphuong3_3,vuthiphuongthaophuong,,122682417,,Chiến dịch mở rộng,0,0,Đơn hàng trực tiếp,0,0,8%,0,0%,8880,8880,0,"Trạng thái của đơn hàng đang chờ xử lý, hoa hồng chỉ được thanh toán khi nó hoàn thành.",Websites,0,,,
260705URXVEQJE,Chờ xử lý,Hợp lệ,2026-07-05 19:42:00,,,25692866155,Sữa Tắm Nam 4 in 1 92% Thiên Nhiên Le Petit Marseillais Nhiều Mùi Hương 250ml,345969754131,Sắc Đẹp,Chăm sóc nam giới,Sữa tắm & chăm sóc cơ thể,475641850446114_0_0,205000,1,Withphuong3_3,vuthiphuongthaophuong,,112434462,,Chiến dịch mở rộng,111000,0,Đơn hàng trực tiếp,8880,8880,8%,0,0%,0,0,0,"Trạng thái của đơn hàng đang chờ xử lý, hoa hồng chỉ được thanh toán khi nó hoàn thành.",Websites,9590,Trừ tiền chờ xử lý,,
260705UR802S7P,Chờ xử lý,Hợp lệ,2026-07-05 19:29:18,,,24142315117,Sữa Tắm 92% Thiên Nhiên Le Petit Marseillais Dịu Nhẹ Sữa Hạnh Nhân Hữu Cơ 250ml 0892,287645387952,Sắc Đẹp,Tắm & chăm sóc cơ thể,Xà phòng & sữa tắm,475641850446114_0_0,200000,1,CreatorX Media Network,creatorxmedianetwork,,109863158,,Chiến dịch mở rộng,156600,0,Đơn hàng gián tiếp,6264,6264,4%,0,0%,6264,6264,0,"Trạng thái của đơn hàng đang chờ xử lý, hoa hồng chỉ được thanh toán khi nó hoàn thành.",Facebook,6765,Trừ tiền chờ xử lý,,
260705UR802S7P,Chờ xử lý,Hợp lệ,2026-07-05 19:29:18,,,25644330193,[QUÀ TẶNG KHÔNG BÁN] Bông Tạo Bọt Kì Cọ Tẩy Da Chết Màu Ngẫu Nhiên,346005340612,Nhà cửa & Đời sống,Đồ dùng phòng tắm,Bông tắm,475641850446114_0_0,0,1,CreatorX Media Network,creatorxmedianetwork,,122682417,,Chiến dịch mở rộng,0,0,Đơn hàng gián tiếp,0,0,4%,0,0%,0,0,0,"Trạng thái của đơn hàng đang chờ xử lý, hoa hồng chỉ được thanh toán khi nó hoàn thành.",Facebook,0,,,
260705UR07525G,Chờ xử lý,Hợp lệ,2026-07-05 19:24:50,,,27530290500,Kem Dưỡng Body Lotion 24h Le Petit Marseillais Sữa Cấp Ẩm Hữu Cơ Thiên Nhiên Nhiều Mùi Hương 400ml,272645767605,Sắc Đẹp,Tắm & chăm sóc cơ thể,Kem & sữa dưỡng thể,,455000,1,Thu đầu lép,thudaulep,,112716201,,Chiến dịch mở rộng,328050,0,Đơn hàng gián tiếp,14762.25,14762.25,"4,5%",0,0%,14762.25,14762.25,0,"Trạng thái của đơn hàng đang chờ xử lý, hoa hồng chỉ được thanh toán khi nó hoàn thành.",Facebook,15943,Trừ tiền chờ xử lý,,
260705UQEW1CQR,Chờ xử lý,Hợp lệ,2026-07-05 19:15:09,,,24142870859,Sữa Tắm Thơm Lâu Le Petit Marseillais Gel 92% Thiên Nhiên Da Nhạy Cảm Nhiều Mùi Hương 650ml,350973489410,Sắc Đẹp,Tắm & chăm sóc cơ thể,Xà phòng & sữa tắm,475641850446114_0_0,394000,1,Thu Hà Review,thuhareview23,,112430963,,Chiến dịch mở rộng,250601,0,Đơn hàng gián tiếp,11277.045,11277.045,"4,5%",0,0%,11277.045,11277.045,0,"Trạng thái của đơn hàng đang chờ xử lý, hoa hồng chỉ được thanh toán khi nó hoàn thành.",Websites,12179,Trừ tiền chờ xử lý,,
260705UQEW1CQR,Chờ xử lý,Hợp lệ,2026-07-05 19:15:09,,,25644330193,[QUÀ TẶNG KHÔNG BÁN] Bông Tạo Bọt Kì Cọ Tẩy Da Chết Màu Ngẫu Nhiên,346005340612,Nhà cửa & Đời sống,Đồ dùng phòng tắm,Bông tắm,475641850446114_0_0,0,1,Thu Hà Review,thuhareview23,,122682417,,Chiến dịch mở rộng,0,0,Đơn hàng gián tiếp,0,0,4%,0,0%,0,0,0,"Trạng thái của đơn hàng đang chờ xử lý, hoa hồng chỉ được thanh toán khi nó hoàn thành.",Websites,0,,,
260705UMM71X71,Hoàn thành,Hợp lệ,2026-07-05 18:24:33,2026-07-07 20:25:39,2026-07-07 20:25:39,27586430985,Dầu Gội Trẻ Em 2in1 94% Thiên Nhiên Le Petit Marseillais Giúp Gỡ Rối Tóc Nhiều Mùi Hương 300ml,380970144964,Mẹ & Bé,Đồ dùng phòng tắm & Chăm sóc cơ thể bé,Sản phẩm tắm & gội cho bé,,326000,1,nang.entertainment,nang.entertainment,,128189901,,Chiến dịch mở rộng,216505,0,Đơn hàng gián tiếp,8660.2,8660.2,4%,0,0%,8660.2,8660.2,0,,Websites,9353,Trừ tiền chờ xử lý,,
260705UFUR0WAK,Hủy bỏ,Hợp lệ,2026-07-05 16:59:10,,,24142870859,Sữa Tắm Thơm Lâu Le Petit Marseillais Gel 92% Thiên Nhiên Da Nhạy Cảm Nhiều Mùi Hương 650ml,350973489407,Sắc Đẹp,Tắm & chăm sóc cơ thể,Xà phòng & sữa tắm,475641850446114_0_0,394000,0,Billy,buingockhoi1993,,112430963,,Chiến dịch mở rộng,0,278640,Đơn hàng gián tiếp,0,0,"4,5%",0,0%,0,0,0,Đơn hàng không hợp lệ,Facebook,0,,,
260705UFUR0WAK,Hủy bỏ,Hợp lệ,2026-07-05 16:59:10,,,25644330193,[QUÀ TẶNG KHÔNG BÁN] Bông Tạo Bọt Kì Cọ Tẩy Da Chết Màu Ngẫu Nhiên,346005340612,Nhà cửa & Đời sống,Đồ dùng phòng tắm,Bông tắm,475641850446114_0_0,0,0,Billy,buingockhoi1993,,122682417,,Chiến dịch mở rộng,0,0,Đơn hàng gián tiếp,0,0,4%,0,0%,0,0,0,Đơn hàng không hợp lệ,Facebook,0,,,
260705UDQC8YGT,Chờ xử lý,Hợp lệ,2026-07-05 16:20:56,,,25644330193,[QUÀ TẶNG KHÔNG BÁN] Bông Tạo Bọt Kì Cọ Tẩy Da Chết Màu Ngẫu Nhiên,346005340612,Nhà cửa & Đời sống,Đồ dùng phòng tắm,Bông tắm,475641850446114_0_0,0,1,Hoàng Thùy Trang,thuytrang.34523,,122682417,,Chiến dịch mở rộng,0,0,Đơn hàng trực tiếp,0,0,8%,0,0%,12960,12960,0,"Trạng thái của đơn hàng đang chờ xử lý, hoa hồng chỉ được thanh toán khi nó hoàn thành.",Shopeelive-Shopee,0,,,
260705UDQC8YGT,Chờ xử lý,Hợp lệ,2026-07-05 16:20:56,,,26278578077,Sữa Tắm Thơm Lâu 92% Thiên Nhiên Le Petit Marseillais Dịu Nhẹ Đào Trắng Hữu Cơ Và Xuân Đào Hữu Cơ 250ml 1240,380971919521,Sắc Đẹp,Tắm & chăm sóc cơ thể,Xà phòng & sữa tắm,475641850446114_0_0,200000,1,Hoàng Thùy Trang,thuytrang.34523,,109863156,,Chiến dịch mở rộng,144000,0,Đơn hàng trực tiếp,12960,12960,9%,0,0%,0,0,0,"Trạng thái của đơn hàng đang chờ xử lý, hoa hồng chỉ được thanh toán khi nó hoàn thành.",Shopeelive-Shopee,13997,Trừ tiền chờ xử lý,,
260705UCH1VCJF,Chờ xử lý,Hợp lệ,2026-07-05 15:59:30,,,27042392135,Hộp 4 Bánh Xà Phòng Thiên Nhiên 99% Le Petit Marseillais Dịu Nhẹ Với Chiết Xuất Hoa Kim Ngân 4x100G 0699,350970191247,Sắc Đẹp,Tắm & chăm sóc cơ thể,Xà phòng & sữa tắm,,265000,1,Thu Trang,girlinlove_tya,,176476331,,Chiến dịch mở rộng,171571,0,Đơn hàng gián tiếp,7720.695,7720.695,"4,5%",0,0%,7720.695,7720.695,0,"Trạng thái của đơn hàng đang chờ xử lý, hoa hồng chỉ được thanh toán khi nó hoàn thành.",Facebook,8338,Trừ tiền chờ xử lý,,
260705UBVA4KEA,Chờ xử lý,Hợp lệ,2026-07-05 15:47:55,,,25692866155,Sữa Tắm Nam 4 in 1 92% Thiên Nhiên Le Petit Marseillais Nhiều Mùi Hương 250ml,345969754131,Sắc Đẹp,Chăm sóc nam giới,Sữa tắm & chăm sóc cơ thể,475641850446114_0_0,205000,1,ShopBack Việt Nam,shopbackvn_,,112434462,,Chiến dịch mở rộng,148000,0,Đơn hàng trực tiếp,11840,11840,8%,0,0%,11840,11840,0,"Trạng thái của đơn hàng đang chờ xử lý, hoa hồng chỉ được thanh toán khi nó hoàn thành.",Websites,12787,Trừ tiền chờ xử lý,,
260705UBVA4KEA,Chờ xử lý,Hợp lệ,2026-07-05 15:47:55,,,25644330193,[QUÀ TẶNG KHÔNG BÁN] Bông Tạo Bọt Kì Cọ Tẩy Da Chết Màu Ngẫu Nhiên,346005340612,Nhà cửa & Đời sống,Đồ dùng phòng tắm,Bông tắm,475641850446114_0_0,0,1,ShopBack Việt Nam,shopbackvn_,,122682417,,Chiến dịch mở rộng,0,0,Đơn hàng trực tiếp,0,0,8%,0,0%,0,0,0,"Trạng thái của đơn hàng đang chờ xử lý, hoa hồng chỉ được thanh toán khi nó hoàn thành.",Websites,0,,,
260705UASJ3UFF,Chờ xử lý,Hợp lệ,2026-07-05 15:28:28,,,25644330193,[QUÀ TẶNG KHÔNG BÁN] Bông Tạo Bọt Kì Cọ Tẩy Da Chết Màu Ngẫu Nhiên,346005340612,Nhà cửa & Đời sống,Đồ dùng phòng tắm,Bông tắm,475641850446114_0_0,0,1,wwebpage,_chenji_,,122682417,,Chiến dịch mở rộng,0,0,Đơn hàng gián tiếp,0,0,4%,0,0%,12693.6,12693.6,0,"Trạng thái của đơn hàng đang chờ xử lý, hoa hồng chỉ được thanh toán khi nó hoàn thành.",Instagram,0,,,
260705UASJ3UFF,Chờ xử lý,Hợp lệ,2026-07-05 15:28:28,,,24142870859,Sữa Tắm Thơm Lâu Le Petit Marseillais Gel 92% Thiên Nhiên Da Nhạy Cảm Nhiều Mùi Hương 650ml,350973489407,Sắc Đẹp,Tắm & chăm sóc cơ thể,Xà phòng & sữa tắm,475641850446114_0_0,394000,1,wwebpage,_chenji_,,112430963,,Chiến dịch mở rộng,282080,0,Đơn hàng gián tiếp,12693.6,12693.6,"4,5%",0,0%,0,0,0,"Trạng thái của đơn hàng đang chờ xử lý, hoa hồng chỉ được thanh toán khi nó hoàn thành.",Instagram,13709,Trừ tiền chờ xử lý,,
260705U99B4UPJ,Chờ xử lý,Hợp lệ,2026-07-05 15:01:30,,,25692866155,Sữa Tắm Nam 4 in 1 92% Thiên Nhiên Le Petit Marseillais Nhiều Mùi Hương 250ml,345969754133,Sắc Đẹp,Chăm sóc nam giới,Sữa tắm & chăm sóc cơ thể,,205000,1,Opera,opera109,,112434462,,Chiến dịch mở rộng,126232,0,Đơn hàng gián tiếp,5049.28,5049.28,4%,0,0%,5049.28,5049.28,0,"Trạng thái của đơn hàng đang chờ xử lý, hoa hồng chỉ được thanh toán khi nó hoàn thành.",Websites,5453,Trừ tiền chờ xử lý,,
260705U8WAQHF3,Chờ xử lý,Hợp lệ,2026-07-05 14:54:48,,,25692866155,Sữa Tắm Nam 4 in 1 92% Thiên Nhiên Le Petit Marseillais Nhiều Mùi Hương 250ml,345969754133,Sắc Đẹp,Chăm sóc nam giới,Sữa tắm & chăm sóc cơ thể,,205000,1,Tập Review,phihonbghp9x,,112434462,,Chiến dịch mở rộng,162800,0,Đơn hàng gián tiếp,6512,6512,4%,0,0%,6512,6512,0,"Trạng thái của đơn hàng đang chờ xử lý, hoa hồng chỉ được thanh toán khi nó hoàn thành.",Facebook,7033,Trừ tiền chờ xử lý,,
260705U5W1D766,Chờ xử lý,Hợp lệ,2026-07-05 14:00:57,,,26879882339,Dầu Xả Dưỡng Ẩm 95% Thiên Nhiên Le Petit Marseillais Chiết Xuất Dừa Hữu Cơ 200ml 4752,445972126965,Sắc Đẹp,Chăm sóc tóc,Dầu xả,,225000,1,Ivan,ivanclickadu311,,111647232,,Chiến dịch mở rộng,189000,0,Đơn hàng gián tiếp,8505,8505,"4,5%",0,0%,16306.92,16306.92,0,"Trạng thái của đơn hàng đang chờ xử lý, hoa hồng chỉ được thanh toán khi nó hoàn thành.",Websites,9185,Trừ tiền chờ xử lý,,
260705U5W1D766,Chờ xử lý,Hợp lệ,2026-07-05 14:00:57,,,29680365284,Dầu Gội Thiên Nhiên Le Petit Marseillais Hữu Cơ Nhiều Mùi Hương 250ml,370971985645,Sắc Đẹp,Chăm sóc tóc,Dầu gội,,267000,1,Ivan,ivanclickadu311,,112920799,,Chiến dịch mở rộng,173376,0,Đơn hàng gián tiếp,7801.92,7801.92,"4,5%",0,0%,0,0,0,"Trạng thái của đơn hàng đang chờ xử lý, hoa hồng chỉ được thanh toán khi nó hoàn thành.",Websites,8426,Trừ tiền chờ xử lý,,
260705U5G3JMYM,Hoàn thành,Hợp lệ,2026-07-05 13:53:43,2026-07-08 13:44:49,2026-07-08 13:44:49,25644330193,[QUÀ TẶNG KHÔNG BÁN] Bông Tạo Bọt Kì Cọ Tẩy Da Chết Màu Ngẫu Nhiên,346005340612,Nhà cửa & Đời sống,Đồ dùng phòng tắm,Bông tắm,475641850446114_0_0,0,1,ShopBack Việt Nam,shopbackvn_,,122682417,,Chiến dịch mở rộng,0,0,Đơn hàng gián tiếp,0,0,4%,0,0%,5846,5846,0,,Websites,0,,,
260705U5G3JMYM,Hoàn thành,Hợp lệ,2026-07-05 13:53:43,2026-07-08 13:44:49,2026-07-08 13:44:49,25692866155,Sữa Tắm Nam 4 in 1 92% Thiên Nhiên Le Petit Marseillais Nhiều Mùi Hương 250ml,345969754133,Sắc Đẹp,Chăm sóc nam giới,Sữa tắm & chăm sóc cơ thể,475641850446114_0_0,205000,1,ShopBack Việt Nam,shopbackvn_,,112434462,,Chiến dịch mở rộng,146150,0,Đơn hàng gián tiếp,5846,5846,4%,0,0%,0,0,0,,Websites,6314,Trừ tiền chờ xử lý,,
260705U3STWGQV,Chờ xử lý,Hợp lệ,2026-07-05 13:23:22,,,25644330193,[QUÀ TẶNG KHÔNG BÁN] Bông Tạo Bọt Kì Cọ Tẩy Da Chết Màu Ngẫu Nhiên,346005340612,Nhà cửa & Đời sống,Đồ dùng phòng tắm,Bông tắm,475641850446114_0_0,0,1,Ngô Khánh Linh ,khanhlinh123qn,,122682417,,Chiến dịch mở rộng,0,0,Đơn hàng trực tiếp,0,0,8%,0,0%,14094,14094,0,"Trạng thái của đơn hàng đang chờ xử lý, hoa hồng chỉ được thanh toán khi nó hoàn thành.",Shopeelive-Shopee,0,,,
260705U3STWGQV,Chờ xử lý,Hợp lệ,2026-07-05 13:23:22,,,29480146096,Sữa Tắm Thiên Nhiên 92% Le Petit Marseillais Nhiều Mùi Hương 250ml,315970228700,Sắc Đẹp,Tắm & chăm sóc cơ thể,Xà phòng & sữa tắm,475641850446114_0_0,200000,1,Ngô Khánh Linh ,khanhlinh123qn,,112409565,,Chiến dịch mở rộng,156600,0,Đơn hàng trực tiếp,14094,14094,9%,0,0%,0,0,0,"Trạng thái của đơn hàng đang chờ xử lý, hoa hồng chỉ được thanh toán khi nó hoàn thành.",Shopeelive-Shopee,15222,Trừ tiền chờ xử lý,,
260705U2WB61XG,Hoàn thành,Hợp lệ,2026-07-05 13:07:26,2026-07-07 16:49:39,2026-07-07 16:49:39,28192387521,Hộp 4 Bánh Xà Phòng Tắm Thiên Nhiên 98% Le Petit Marseillais Dịu Nhẹ Chiết Xuất Vani 4x100G 8368,425970259400,Sắc Đẹp,Tắm & chăm sóc cơ thể,Xà phòng & sữa tắm,,265000,1,ShopBack Việt Nam,shopbackvn_,,176476887,,Chiến dịch mở rộng,160917,0,Đơn hàng trực tiếp,12873.36,12873.36,8%,0,0%,12873.36,12873.36,0,,ShopbackApp,13903,Trừ tiền chờ xử lý,,
260705U29NT41Y,Chờ xử lý,Hợp lệ,2026-07-05 12:56:25,,,24142870859,Sữa Tắm Thơm Lâu Le Petit Marseillais Gel 92% Thiên Nhiên Da Nhạy Cảm Nhiều Mùi Hương 650ml,350973489413,Sắc Đẹp,Tắm & chăm sóc cơ thể,Xà phòng & sữa tắm,475641850446114_0_0,394000,1,Mai Phương Bùi đây,maiphuongbuiday,,112430963,,Chiến dịch mở rộng,288960,0,Đơn hàng gián tiếp,13003.2,13003.2,"4,5%",0,0%,13003.2,13003.2,0,"Trạng thái của đơn hàng đang chờ xử lý, hoa hồng chỉ được thanh toán khi nó hoàn thành.",Facebook,14043,Trừ tiền chờ xử lý,,
260705U29NT41Y,Chờ xử lý,Hợp lệ,2026-07-05 12:56:25,,,25644330193,[QUÀ TẶNG KHÔNG BÁN] Bông Tạo Bọt Kì Cọ Tẩy Da Chết Màu Ngẫu Nhiên,346005340612,Nhà cửa & Đời sống,Đồ dùng phòng tắm,Bông tắm,475641850446114_0_0,0,1,Mai Phương Bùi đây,maiphuongbuiday,,122682417,,Chiến dịch mở rộng,0,0,Đơn hàng gián tiếp,0,0,4%,0,0%,0,0,0,"Trạng thái của đơn hàng đang chờ xử lý, hoa hồng chỉ được thanh toán khi nó hoàn thành.",Facebook,0,,,
260705TYBTP38V,Chờ xử lý,Hợp lệ,2026-07-05 12:03:56,,,25644330193,[QUÀ TẶNG KHÔNG BÁN] Bông Tạo Bọt Kì Cọ Tẩy Da Chết Màu Ngẫu Nhiên,346005340612,Nhà cửa & Đời sống,Đồ dùng phòng tắm,Bông tắm,475641850446114_0_0,0,1,ia_vn,ia_vn,,122682417,,Chiến dịch mở rộng,0,0,Đơn hàng gián tiếp,0,0,4%,0,0%,9094.5,9094.5,0,"Trạng thái của đơn hàng đang chờ xử lý, hoa hồng chỉ được thanh toán khi nó hoàn thành.",Websites,0,,,
260705TYBTP38V,Chờ xử lý,Hợp lệ,2026-07-05 12:03:56,,,28980146591,Gel Tắm Hữu Cơ BIO 98% Thiên Nhiên Le Petit Marseillais Nhiều Mùi Hương 250ml,315970996472,Sắc Đẹp,Tắm & chăm sóc cơ thể,Xà phòng & sữa tắm,475641850446114_0_0,255000,1,ia_vn,ia_vn,,112420787,,Chiến dịch mở rộng,202100,0,Đơn hàng gián tiếp,9094.5,9094.5,"4,5%",0,0%,0,0,0,"Trạng thái của đơn hàng đang chờ xử lý, hoa hồng chỉ được thanh toán khi nó hoàn thành.",Websites,9822,Trừ tiền chờ xử lý,,
260705TY4SJC0E,Chờ xử lý,Hợp lệ,2026-07-05 12:00:00,,,24142870859,Sữa Tắm Thơm Lâu Le Petit Marseillais Gel 92% Thiên Nhiên Da Nhạy Cảm Nhiều Mùi Hương 650ml,350973489406,Sắc Đẹp,Tắm & chăm sóc cơ thể,Xà phòng & sữa tắm,475641850446114_0_0,394000,1,RẺ VÔ ĐỊCH,e1gbhkzrb7,,112430963,,Chiến dịch mở rộng,256852,0,Đơn hàng trực tiếp,23116.68,23116.68,9%,0,0%,23116.68,23116.68,0,"Trạng thái của đơn hàng đang chờ xử lý, hoa hồng chỉ được thanh toán khi nó hoàn thành.",Shopeelive-Shopee,24966,Trừ tiền chờ xử lý,,
260705TY4SJC0E,Chờ xử lý,Hợp lệ,2026-07-05 12:00:00,,,25644330193,[QUÀ TẶNG KHÔNG BÁN] Bông Tạo Bọt Kì Cọ Tẩy Da Chết Màu Ngẫu Nhiên,346005340612,Nhà cửa & Đời sống,Đồ dùng phòng tắm,Bông tắm,475641850446114_0_0,0,1,RẺ VÔ ĐỊCH,e1gbhkzrb7,,122682417,,Chiến dịch mở rộng,0,0,Đơn hàng trực tiếp,0,0,8%,0,0%,0,0,0,"Trạng thái của đơn hàng đang chờ xử lý, hoa hồng chỉ được thanh toán khi nó hoàn thành.",Shopeelive-Shopee,0,,,
260705TTAP4W7W,Chờ xử lý,Hợp lệ,2026-07-05 10:33:50,,,25644330193,[QUÀ TẶNG KHÔNG BÁN] Bông Tạo Bọt Kì Cọ Tẩy Da Chết Màu Ngẫu Nhiên,346005340612,Nhà cửa & Đời sống,Đồ dùng phòng tắm,Bông tắm,475641850446114_0_0,0,1,Liu Bui,liu_isyoung,,122682417,,Chiến dịch mở rộng,0,0,Đơn hàng gián tiếp,0,0,4%,0,0%,12516.3,12516.3,0,"Trạng thái của đơn hàng đang chờ xử lý, hoa hồng chỉ được thanh toán khi nó hoàn thành.",Facebook,0,,,
260705TTAP4W7W,Chờ xử lý,Hợp lệ,2026-07-05 10:33:50,,,24142870859,Sữa Tắm Thơm Lâu Le Petit Marseillais Gel 92% Thiên Nhiên Da Nhạy Cảm Nhiều Mùi Hương 650ml,350973489405,Sắc Đẹp,Tắm & chăm sóc cơ thể,Xà phòng & sữa tắm,475641850446114_0_0,394000,1,Liu Bui,liu_isyoung,,112430963,,Chiến dịch mở rộng,278140,0,Đơn hàng gián tiếp,12516.3,12516.3,"4,5%",0,0%,0,0,0,"Trạng thái của đơn hàng đang chờ xử lý, hoa hồng chỉ được thanh toán khi nó hoàn thành.",Facebook,13518,Trừ tiền chờ xử lý,,
260705TRU17CXT,Chờ xử lý,Hợp lệ,2026-07-05 10:07:17,,,25644330193,[QUÀ TẶNG KHÔNG BÁN] Bông Tạo Bọt Kì Cọ Tẩy Da Chết Màu Ngẫu Nhiên,346005340612,Nhà cửa & Đời sống,Đồ dùng phòng tắm,Bông tắm,475641850446114_0_0,0,1,CASE,ngahoang2606,,122682417,,Chiến dịch mở rộng,0,0,Đơn hàng trực tiếp,0,0,8%,0,0%,14224.4,14224.4,0,"Trạng thái của đơn hàng đang chờ xử lý, hoa hồng chỉ được thanh toán khi nó hoàn thành.",Websites,0,,,
260705TRU17CXT,Chờ xử lý,Hợp lệ,2026-07-05 10:07:17,,,29379281512,Sữa Tắm 98% Thiên Nhiên Le Petit Marseillais Thơm Siêu Dịu Nhẹ Hoa Bông 400ml 3386,400969874959,Sắc Đẹp,Tắm & chăm sóc cơ thể,Xà phòng & sữa tắm,475641850446114_0_0,330000,1,CASE,ngahoang2606,,110251245,,Chiến dịch mở rộng,177805,0,Đơn hàng trực tiếp,14224.4,14224.4,8%,0,0%,0,0,0,"Trạng thái của đơn hàng đang chờ xử lý, hoa hồng chỉ được thanh toán khi nó hoàn thành.",Websites,15362,Trừ tiền chờ xử lý,,
260705TR9EH0HW,Hoàn thành,Hợp lệ,2026-07-05 09:57:20,2026-07-09 08:57:09,2026-07-09 08:57:09,25644330193,[QUÀ TẶNG KHÔNG BÁN] Bông Tạo Bọt Kì Cọ Tẩy Da Chết Màu Ngẫu Nhiên,346005340612,Nhà cửa & Đời sống,Đồ dùng phòng tắm,Bông tắm,475641850446114_0_0,0,1,Lanh Chanh Review,ngvinh445,,122682417,,Chiến dịch mở rộng,0,0,Đơn hàng gián tiếp,0,0,4%,0,0%,14073.75,14073.75,0,,TikTok,0,,,
260705TR9EH0HW,Hoàn thành,Hợp lệ,2026-07-05 09:57:20,2026-07-09 08:57:09,2026-07-09 08:57:09,27837762289,Combo Sữa Tắm Thiên Nhiên 250ml & Dầu gội 250ml Le Petit Marseillais Thiên Nhiên Hữu Cơ Chăm Sóc Toàn Diện,345976024608,Sắc Đẹp,Tắm & chăm sóc cơ thể,Xà phòng & sữa tắm,475641850446114_0_0,467000,1,Lanh Chanh Review,ngvinh445,,141308903,,Chiến dịch mở rộng,312750,0,Đơn hàng gián tiếp,14073.75,14073.75,"4,5%",0,0%,0,0,0,,TikTok,15200,Trừ tiền chờ xử lý,,
260705TGYK366N,Chờ xử lý,Hợp lệ,2026-07-05 07:46:33,,,25644330193,[QUÀ TẶNG KHÔNG BÁN] Bông Tạo Bọt Kì Cọ Tẩy Da Chết Màu Ngẫu Nhiên,346005340612,Nhà cửa & Đời sống,Đồ dùng phòng tắm,Bông tắm,475641850446114_0_0,0,1,CreatorX Media Network,creatorxmedianetwork,,122682417,,Chiến dịch mở rộng,0,0,Đơn hàng gián tiếp,0,0,4%,0,0%,5492.24,5492.24,0,"Trạng thái của đơn hàng đang chờ xử lý, hoa hồng chỉ được thanh toán khi nó hoàn thành.",Others,0,,,
260705TGYK366N,Chờ xử lý,Hợp lệ,2026-07-05 07:46:33,,,25692866155,Sữa Tắm Nam 4 in 1 92% Thiên Nhiên Le Petit Marseillais Nhiều Mùi Hương 250ml,345969754133,Sắc Đẹp,Chăm sóc nam giới,Sữa tắm & chăm sóc cơ thể,475641850446114_0_0,205000,1,CreatorX Media Network,creatorxmedianetwork,,112434462,,Chiến dịch mở rộng,137306,0,Đơn hàng gián tiếp,5492.24,5492.24,4%,0,0%,0,0,0,"Trạng thái của đơn hàng đang chờ xử lý, hoa hồng chỉ được thanh toán khi nó hoàn thành.",Others,5932,Trừ tiền chờ xử lý,,
260705TF41M3PS,Hoàn thành,Hợp lệ,2026-07-05 07:13:17,2026-07-07 19:48:37,2026-07-07 19:48:37,25644330193,[QUÀ TẶNG KHÔNG BÁN] Bông Tạo Bọt Kì Cọ Tẩy Da Chết Màu Ngẫu Nhiên,346005340612,Nhà cửa & Đời sống,Đồ dùng phòng tắm,Bông tắm,475641850446114_0_0,0,1,Alex Dealer shopee ☑️,hhshop9x,,122682417,,Chiến dịch mở rộng,0,0,Đơn hàng trực tiếp,0,0,8%,0,0%,11840,11840,0,,Shopeevideo-Shopee,0,,,
260705TF41M3PS,Hoàn thành,Hợp lệ,2026-07-05 07:13:17,2026-07-07 19:48:37,2026-07-07 19:48:37,25692866155,Sữa Tắm Nam 4 in 1 92% Thiên Nhiên Le Petit Marseillais Nhiều Mùi Hương 250ml,345969754133,Sắc Đẹp,Chăm sóc nam giới,Sữa tắm & chăm sóc cơ thể,475641850446114_0_0,205000,1,Alex Dealer shopee ☑️,hhshop9x,,112434462,,Chiến dịch mở rộng,148000,0,Đơn hàng trực tiếp,11840,11840,8%,0,0%,0,0,0,,Shopeevideo-Shopee,12787,Trừ tiền chờ xử lý,,
260705TCEW02CS,Chờ xử lý,Hợp lệ,2026-07-05 06:25:39,,,26278578077,Sữa Tắm Thơm Lâu 92% Thiên Nhiên Le Petit Marseillais Dịu Nhẹ Đào Trắng Hữu Cơ Và Xuân Đào Hữu Cơ 250ml 1240,380971919521,Sắc Đẹp,Tắm & chăm sóc cơ thể,Xà phòng & sữa tắm,475641850446114_0_0,200000,1,ACCESSTRADEVN,accesstrade_banking,,109863156,,Chiến dịch mở rộng,122391,0,Đơn hàng trực tiếp,11015.19,11015.19,9%,0,0%,11015.19,11015.19,0,"Trạng thái của đơn hàng đang chờ xử lý, hoa hồng chỉ được thanh toán khi nó hoàn thành.",Websites,11896,Trừ tiền chờ xử lý,,
260705TCEW02CS,Chờ xử lý,Hợp lệ,2026-07-05 06:25:39,,,25644330193,[QUÀ TẶNG KHÔNG BÁN] Bông Tạo Bọt Kì Cọ Tẩy Da Chết Màu Ngẫu Nhiên,346005340612,Nhà cửa & Đời sống,Đồ dùng phòng tắm,Bông tắm,475641850446114_0_0,0,1,ACCESSTRADEVN,accesstrade_banking,,122682417,,Chiến dịch mở rộng,0,0,Đơn hàng trực tiếp,0,0,8%,0,0%,0,0,0,"Trạng thái của đơn hàng đang chờ xử lý, hoa hồng chỉ được thanh toán khi nó hoàn thành.",Websites,0,,,
260705SXN5K9X3,Chờ xử lý,Hợp lệ,2026-07-05 02:18:37,,,29480146096,Sữa Tắm Thiên Nhiên 92% Le Petit Marseillais Nhiều Mùi Hương 250ml,315970228696,Sắc Đẹp,Tắm & chăm sóc cơ thể,Xà phòng & sữa tắm,475641850446114_0_0,200000,1,hainguyen,hainguyen_30120,,112409565,,Chiến dịch mở rộng,135148,0,Đơn hàng gián tiếp,6081.66,6081.66,"4,5%",0,0%,20542.54,20542.54,0,"Trạng thái của đơn hàng đang chờ xử lý, hoa hồng chỉ được thanh toán khi nó hoàn thành.",Facebook,6568,Trừ tiền chờ xử lý,,
260705SXN5K9X3,Chờ xử lý,Hợp lệ,2026-07-05 02:18:37,,,25644330193,[QUÀ TẶNG KHÔNG BÁN] Bông Tạo Bọt Kì Cọ Tẩy Da Chết Màu Ngẫu Nhiên,346005340612,Nhà cửa & Đời sống,Đồ dùng phòng tắm,Bông tắm,475641850446114_0_0,0,1,hainguyen,hainguyen_30120,,122682417,,Chiến dịch mở rộng,0,0,Đơn hàng gián tiếp,0,0,4%,0,0%,0,0,0,"Trạng thái của đơn hàng đang chờ xử lý, hoa hồng chỉ được thanh toán khi nó hoàn thành.",Facebook,0,,,
260705SXN5K9X3,Chờ xử lý,Hợp lệ,2026-07-05 02:18:37,,,27679422917,Sữa Tắm Nam 4 in 1 92% Thiên Nhiên Le Petit Marseillais Chiết Xuất Gỗ Cam Đắng & Argan 250ml 1431,355969731723,Sắc Đẹp,Chăm sóc nam giới,Sữa tắm & chăm sóc cơ thể,475641850446114_0_0,205000,1,hainguyen,hainguyen_30120,,110661763,,Chiến dịch mở rộng,138527,0,Đơn hàng gián tiếp,5541.08,5541.08,4%,0,0%,0,0,0,"Trạng thái của đơn hàng đang chờ xử lý, hoa hồng chỉ được thanh toán khi nó hoàn thành.",Facebook,5984,Trừ tiền chờ xử lý,,
260705SXN5K9X3,Chờ xử lý,Hợp lệ,2026-07-05 02:18:37,,,29379281512,Sữa Tắm 98% Thiên Nhiên Le Petit Marseillais Thơm Siêu Dịu Nhẹ Hoa Bông 400ml 3386,400969874959,Sắc Đẹp,Tắm & chăm sóc cơ thể,Xà phòng & sữa tắm,475641850446114_0_0,330000,1,hainguyen,hainguyen_30120,,110251245,,Chiến dịch mở rộng,222995,0,Đơn hàng gián tiếp,8919.8,8919.8,4%,0,0%,0,0,0,"Trạng thái của đơn hàng đang chờ xử lý, hoa hồng chỉ được thanh toán khi nó hoàn thành.",Facebook,9633,Trừ tiền chờ xử lý,,
260705SX992800,Hoàn thành,Hợp lệ,2026-07-05 02:11:58,2026-07-07 15:09:16,2026-07-07 15:09:16,25644330193,[QUÀ TẶNG KHÔNG BÁN] Bông Tạo Bọt Kì Cọ Tẩy Da Chết Màu Ngẫu Nhiên,346005340612,Nhà cửa & Đời sống,Đồ dùng phòng tắm,Bông tắm,475641850446114_0_0,0,1,HK_POWER_ENGINE_LIMITED,hk_power_engine_limited,,122682417,,Chiến dịch mở rộng,0,0,Đơn hàng gián tiếp,0,0,4%,0,0%,5354.8,5354.8,0,,Websites,0,,,
260705SX992800,Hoàn thành,Hợp lệ,2026-07-05 02:11:58,2026-07-07 15:09:16,2026-07-07 15:09:16,25692866155,Sữa Tắm Nam 4 in 1 92% Thiên Nhiên Le Petit Marseillais Nhiều Mùi Hương 250ml,345969754133,Sắc Đẹp,Chăm sóc nam giới,Sữa tắm & chăm sóc cơ thể,475641850446114_0_0,205000,1,HK_POWER_ENGINE_LIMITED,hk_power_engine_limited,,112434462,,Chiến dịch mở rộng,133870,0,Đơn hàng gián tiếp,5354.8,5354.8,4%,0,0%,0,0,0,,Websites,5783,Trừ tiền chờ xử lý,,
260705SR6RF682,Chờ xử lý,Hợp lệ,2026-07-05 00:23:11,,,25644330193,[QUÀ TẶNG KHÔNG BÁN] Bông Tạo Bọt Kì Cọ Tẩy Da Chết Màu Ngẫu Nhiên,346005340612,Nhà cửa & Đời sống,Đồ dùng phòng tắm,Bông tắm,475641850446114_0_0,0,1,Opera,opera109,,122682417,,Chiến dịch mở rộng,0,0,Đơn hàng gián tiếp,0,0,4%,0,0%,5850,5850,0,"Trạng thái của đơn hàng đang chờ xử lý, hoa hồng chỉ được thanh toán khi nó hoàn thành.",Others,0,,,
260705SR6RF682,Chờ xử lý,Hợp lệ,2026-07-05 00:23:11,,,29480146096,Sữa Tắm Thiên Nhiên 92% Le Petit Marseillais Nhiều Mùi Hương 250ml,315970228696,Sắc Đẹp,Tắm & chăm sóc cơ thể,Xà phòng & sữa tắm,475641850446114_0_0,200000,1,Opera,opera109,,112409565,,Chiến dịch mở rộng,130000,0,Đơn hàng gián tiếp,5850,5850,"4,5%",0,0%,0,0,0,"Trạng thái của đơn hàng đang chờ xử lý, hoa hồng chỉ được thanh toán khi nó hoàn thành.",Others,6318,Trừ tiền chờ xử lý,,
260705SR1HHCQN,Chờ xử lý,Hợp lệ,2026-07-05 00:20:16,,,29680365284,Dầu Gội Thiên Nhiên Le Petit Marseillais Hữu Cơ Nhiều Mùi Hương 250ml,370971985648,Sắc Đẹp,Chăm sóc tóc,Dầu gội,,267000,1,CreatorX Media Network,creatorxmedianetwork,,112920799,,Chiến dịch mở rộng,165363,0,Đơn hàng gián tiếp,7441.335,7441.335,"4,5%",0,0%,7441.335,7441.335,0,"Trạng thái của đơn hàng đang chờ xử lý, hoa hồng chỉ được thanh toán khi nó hoàn thành.",TikTok,8037,Trừ tiền chờ xử lý,,
260705SQQ4PNTM,Chờ xử lý,Hợp lệ,2026-07-05 00:14:26,,,25644330193,[QUÀ TẶNG KHÔNG BÁN] Bông Tạo Bọt Kì Cọ Tẩy Da Chết Màu Ngẫu Nhiên,346005340612,Nhà cửa & Đời sống,Đồ dùng phòng tắm,Bông tắm,475641850446114_0_0,0,1,ShopBack Việt Nam,shopbackvn_,,122682417,,Chiến dịch mở rộng,0,0,Đơn hàng trực tiếp,0,0,8%,0,0%,12960,12960,0,"Trạng thái của đơn hàng đang chờ xử lý, hoa hồng chỉ được thanh toán khi nó hoàn thành.",ShopbackApp,0,,,
260705SQQ4PNTM,Chờ xử lý,Hợp lệ,2026-07-05 00:14:26,,,29480146096,Sữa Tắm Thiên Nhiên 92% Le Petit Marseillais Nhiều Mùi Hương 250ml,315970228701,Sắc Đẹp,Tắm & chăm sóc cơ thể,Xà phòng & sữa tắm,475641850446114_0_0,200000,1,ShopBack Việt Nam,shopbackvn_,,112409565,,Chiến dịch mở rộng,144000,0,Đơn hàng trực tiếp,12960,12960,9%,0,0%,0,0,0,"Trạng thái của đơn hàng đang chờ xử lý, hoa hồng chỉ được thanh toán khi nó hoàn thành.",ShopbackApp,13997,Trừ tiền chờ xử lý,,
260705SQH8TN68,Hoàn thành,Hợp lệ,2026-07-05 00:11:10,2026-07-07 13:10:11,2026-07-07 13:10:11,29479870641,Sữa Dưỡng Thể Cao Cấp 48h 95% Thiên Nhiên Le Petit Marseillais Siêu Dịu nhẹ Hoa Hạnh Nhân Hữu Cơ 250ml 7412,320970370473,Sắc Đẹp,Tắm & chăm sóc cơ thể,Kem & sữa dưỡng thể,,379000,1,Opera,opera109,,111608085,,Chiến dịch mở rộng,263200,0,Đơn hàng gián tiếp,10528,10528,4%,0,0%,10528,10528,0,,Websites,11370,Trừ tiền chờ xử lý,,
260704SH2BHRJU,Chờ xử lý,Hợp lệ,2026-07-04 22:15:26,,,25644330193,[QUÀ TẶNG KHÔNG BÁN] Bông Tạo Bọt Kì Cọ Tẩy Da Chết Màu Ngẫu Nhiên,346005340612,Nhà cửa & Đời sống,Đồ dùng phòng tắm,Bông tắm,475641850446114_0_0,0,1,Trần Thị Nguyệt Anh,nguyetanhqt,,122682417,,Chiến dịch mở rộng,0,0,Đơn hàng trực tiếp,0,0,8%,0,0%,9184,9184,0,"Trạng thái của đơn hàng đang chờ xử lý, hoa hồng chỉ được thanh toán khi nó hoàn thành.",Zalo,0,,,
260704SH2BHRJU,Chờ xử lý,Hợp lệ,2026-07-04 22:15:26,,,25692866155,Sữa Tắm Nam 4 in 1 92% Thiên Nhiên Le Petit Marseillais Nhiều Mùi Hương 250ml,345969754134,Sắc Đẹp,Chăm sóc nam giới,Sữa tắm & chăm sóc cơ thể,475641850446114_0_0,205000,1,Trần Thị Nguyệt Anh,nguyetanhqt,,112434462,,Chiến dịch mở rộng,114800,0,Đơn hàng trực tiếp,9184,9184,8%,0,0%,0,0,0,"Trạng thái của đơn hàng đang chờ xử lý, hoa hồng chỉ được thanh toán khi nó hoàn thành.",Zalo,9919,Trừ tiền chờ xử lý,,
260704SFCRTQWD,Chờ xử lý,Hợp lệ,2026-07-04 21:45:28,,,40150321685,Dầu Gội Trẻ Em 2in1 94% Thiên Nhiên Le Petit Marseillais Giúp Gỡ Rối Tóc Chiết Xuất Quả Mâm Xôi & Bông 300ml 0442,310970725469,Mẹ & Bé,Đồ dùng phòng tắm & Chăm sóc cơ thể bé,Sản phẩm tắm & gội cho bé,,326000,1,chuechcon3105,chuechcon3105,,128185567,,Chiến dịch mở rộng,218467,0,Đơn hàng trực tiếp,17477.36,17477.36,8%,0,0%,17477.36,17477.36,0,"Trạng thái của đơn hàng đang chờ xử lý, hoa hồng chỉ được thanh toán khi nó hoàn thành.",Shopeevideo-Shopee,18876,Trừ tiền chờ xử lý,,
260704SF1TRVKV,Hoàn thành,Hợp lệ,2026-07-04 21:39:21,2026-07-08 13:40:33,2026-07-08 13:40:33,44004810239,Combo Dầu Gội Xả Thiên Nhiên Chăm Sóc Tóc Le Petit Marseillais Mềm Mượt,380972210357,Sắc Đẹp,Chăm sóc tóc,Dầu gội,,492000,1,Đặng Thanh Bình,thanhbinhreview93,,140733646,,Chiến dịch mở rộng,362339,0,Đơn hàng gián tiếp,16305.255,16305.255,"4,5%",0,0%,16305.255,16305.255,0,,Facebook,17610,Trừ tiền chờ xử lý,,
260704SD95TDNB,Hoàn thành,Hợp lệ,2026-07-04 21:07:41,2026-07-07 23:40:17,2026-07-07 23:40:17,25644330193,[QUÀ TẶNG KHÔNG BÁN] Bông Tạo Bọt Kì Cọ Tẩy Da Chết Màu Ngẫu Nhiên,346005340612,Nhà cửa & Đời sống,Đồ dùng phòng tắm,Bông tắm,475641850446114_0_0,0,1,reply 2000,my555,,122682417,,Chiến dịch mở rộng,0,0,Đơn hàng gián tiếp,0,0,4%,0,0%,6750,6750,0,,Facebook,0,,,
260704SD95TDNB,Hoàn thành,Hợp lệ,2026-07-04 21:07:41,2026-07-07 23:40:17,2026-07-07 23:40:17,29480146096,Sữa Tắm Thiên Nhiên 92% Le Petit Marseillais Nhiều Mùi Hương 250ml,315970228698,Sắc Đẹp,Tắm & chăm sóc cơ thể,Xà phòng & sữa tắm,475641850446114_0_0,200000,1,reply 2000,my555,,112409565,,Chiến dịch mở rộng,150000,0,Đơn hàng gián tiếp,6750,6750,"4,5%",0,0%,0,0,0,,Facebook,7290,Trừ tiền chờ xử lý,,
260704SBYT57Q3,Hủy bỏ,Hợp lệ,2026-07-04 20:44:32,,,24542031515,Sữa Tắm Hữu Cơ 98% Thiên Nhiên Le Petit Marseillais Hương Quả Đào & Xuân Đào 250ml 1496,218837658818,Sắc Đẹp,Tắm & chăm sóc cơ thể,Xà phòng & sữa tắm,475641850446114_0_0,255000,0,Mua Sắm Liền Tay,sutuapto,PHMAX,109863137,,Chiến dịch mở rộng,0,163200,Đơn hàng trực tiếp,0,0,8%,0,0%,0,0,0,Đơn hàng không hợp lệ,Shopeelive-Shopee,0,,,
260704SBYT57Q3,Hủy bỏ,Hợp lệ,2026-07-04 20:44:32,,,25644330193,[QUÀ TẶNG KHÔNG BÁN] Bông Tạo Bọt Kì Cọ Tẩy Da Chết Màu Ngẫu Nhiên,346005340612,Nhà cửa & Đời sống,Đồ dùng phòng tắm,Bông tắm,475641850446114_0_0,0,0,Mua Sắm Liền Tay,sutuapto,PHMAX,122682417,,Chiến dịch mở rộng,0,0,Đơn hàng trực tiếp,0,0,8%,0,0%,0,0,0,Đơn hàng không hợp lệ,Shopeelive-Shopee,0,,,
260704SA26VYF8,Chờ xử lý,Hợp lệ,2026-07-04 20:10:05,,,25644330193,[QUÀ TẶNG KHÔNG BÁN] Bông Tạo Bọt Kì Cọ Tẩy Da Chết Màu Ngẫu Nhiên,346005340612,Nhà cửa & Đời sống,Đồ dùng phòng tắm,Bông tắm,475641850446114_0_0,0,1,sunine,sunine30,,122682417,,Chiến dịch mở rộng,0,0,Đơn hàng gián tiếp,0,0,4%,0,0%,7740,7740,0,"Trạng thái của đơn hàng đang chờ xử lý, hoa hồng chỉ được thanh toán khi nó hoàn thành.",Facebook,0,,,
260704SA26VYF8,Chờ xử lý,Hợp lệ,2026-07-04 20:10:05,,,26278578077,Sữa Tắm Thơm Lâu 92% Thiên Nhiên Le Petit Marseillais Dịu Nhẹ Đào Trắng Hữu Cơ Và Xuân Đào Hữu Cơ 250ml 1240,380971919521,Sắc Đẹp,Tắm & chăm sóc cơ thể,Xà phòng & sữa tắm,475641850446114_0_0,200000,1,sunine,sunine30,,109863156,,Chiến dịch mở rộng,172000,0,Đơn hàng gián tiếp,7740,7740,"4,5%",0,0%,0,0,0,"Trạng thái của đơn hàng đang chờ xử lý, hoa hồng chỉ được thanh toán khi nó hoàn thành.",Facebook,8359,Trừ tiền chờ xử lý,,
260704S82C5B4G,Chờ xử lý,Hợp lệ,2026-07-04 19:34:30,,,25644330193,[QUÀ TẶNG KHÔNG BÁN] Bông Tạo Bọt Kì Cọ Tẩy Da Chết Màu Ngẫu Nhiên,346005340612,Nhà cửa & Đời sống,Đồ dùng phòng tắm,Bông tắm,475641850446114_0_0,0,1,aura.room,_ng.tuongvan_,,122682417,,Chiến dịch mở rộng,0,0,Đơn hàng trực tiếp,0,0,8%,0,0%,11072.43,11072.43,0,"Trạng thái của đơn hàng đang chờ xử lý, hoa hồng chỉ được thanh toán khi nó hoàn thành.",Shopeevideo-Shopee,0,,,
260704S82C5B4G,Chờ xử lý,Hợp lệ,2026-07-04 19:34:30,,,29480146096,Sữa Tắm Thiên Nhiên 92% Le Petit Marseillais Nhiều Mùi Hương 250ml,310970228929,Sắc Đẹp,Tắm & chăm sóc cơ thể,Xà phòng & sữa tắm,475641850446114_0_0,200000,1,aura.room,_ng.tuongvan_,,112409565,,Chiến dịch mở rộng,123027,0,Đơn hàng trực tiếp,11072.43,11072.43,9%,0,0%,0,0,0,"Trạng thái của đơn hàng đang chờ xử lý, hoa hồng chỉ được thanh toán khi nó hoàn thành.",Shopeevideo-Shopee,11958,Trừ tiền chờ xử lý,,
260704S82HW7DK,Chờ xử lý,Hợp lệ,2026-07-04 19:34:29,,,24142870859,Sữa Tắm Thơm Lâu Le Petit Marseillais Gel 92% Thiên Nhiên Da Nhạy Cảm Nhiều Mùi Hương 650ml,350973489410,Sắc Đẹp,Tắm & chăm sóc cơ thể,Xà phòng & sữa tắm,475641850446114_0_0,394000,1,Yen Pham,yenpham6363,,112430963,,Chiến dịch mở rộng,315200,0,Đơn hàng gián tiếp,14184,14184,"4,5%",0,0%,14184,14184,0,"Trạng thái của đơn hàng đang chờ xử lý, hoa hồng chỉ được thanh toán khi nó hoàn thành.",Facebook,15319,Trừ tiền chờ xử lý,,
260704S82HW7DK,Chờ xử lý,Hợp lệ,2026-07-04 19:34:29,,,25644330193,[QUÀ TẶNG KHÔNG BÁN] Bông Tạo Bọt Kì Cọ Tẩy Da Chết Màu Ngẫu Nhiên,346005340612,Nhà cửa & Đời sống,Đồ dùng phòng tắm,Bông tắm,475641850446114_0_0,0,1,Yen Pham,yenpham6363,,122682417,,Chiến dịch mở rộng,0,0,Đơn hàng gián tiếp,0,0,4%,0,0%,0,0,0,"Trạng thái của đơn hàng đang chờ xử lý, hoa hồng chỉ được thanh toán khi nó hoàn thành.",Facebook,0,,,
260704S7W2D49M,Hoàn thành,Hợp lệ,2026-07-04 19:31:26,2026-07-07 13:34:58,2026-07-07 13:34:58,25644330193,[QUÀ TẶNG KHÔNG BÁN] Bông Tạo Bọt Kì Cọ Tẩy Da Chết Màu Ngẫu Nhiên,346005340612,Nhà cửa & Đời sống,Đồ dùng phòng tắm,Bông tắm,475641850446114_0_0,0,1,aura.room,_ng.tuongvan_,,122682417,,Chiến dịch mở rộng,0,0,Đơn hàng trực tiếp,0,0,8%,0,0%,12764.97,12764.97,0,,Shopeevideo-Shopee,0,,,
260704S7W2D49M,Hoàn thành,Hợp lệ,2026-07-04 19:31:26,2026-07-07 13:34:58,2026-07-07 13:34:58,29480146096,Sữa Tắm Thiên Nhiên 92% Le Petit Marseillais Nhiều Mùi Hương 250ml,315970228701,Sắc Đẹp,Tắm & chăm sóc cơ thể,Xà phòng & sữa tắm,475641850446114_0_0,200000,1,aura.room,_ng.tuongvan_,,112409565,,Chiến dịch mở rộng,141833,0,Đơn hàng trực tiếp,12764.97,12764.97,9%,0,0%,0,0,0,,Shopeevideo-Shopee,13786,Trừ tiền chờ xử lý,,
260704S6U610KF,Hoàn thành,Hợp lệ,2026-07-04 19:12:29,2026-07-07 21:59:53,2026-07-07 21:59:53,42421515681,"Vỉ 2 Son Dưỡng Môi Thiên Nhiên Le Petit Marseillais siêu cấp ẩm nứt nẻ Bơ Hạt Mỡ, Hạnh Nhân Ngọt & Dầu Argan 2X4.9G 9787",320970342597,Sắc Đẹp,Chăm sóc da mặt,Sản phẩm dưỡng môi,,338000,1,Nguyễn Thị Ngọc Mai,ngocmai9991,,175678141,,Chiến dịch mở rộng,223867,0,Đơn hàng gián tiếp,8954.68,8954.68,4%,0,0%,8954.68,8954.68,0,,Facebook,9671,Trừ tiền chờ xử lý,,
260704S6JUYPS0,Chờ xử lý,Hợp lệ,2026-07-04 19:07:49,,,24142870859,Sữa Tắm Thơm Lâu Le Petit Marseillais Gel 92% Thiên Nhiên Da Nhạy Cảm Nhiều Mùi Hương 650ml,350973489410,Sắc Đẹp,Tắm & chăm sóc cơ thể,Xà phòng & sữa tắm,475641850446114_0_0,394000,1,Lanh Chanh Review,ngvinh445,,112430963,,Chiến dịch mở rộng,307319,0,Đơn hàng gián tiếp,13829.355,13829.355,"4,5%",0,0%,20849.355,20849.355,0,"Trạng thái của đơn hàng đang chờ xử lý, hoa hồng chỉ được thanh toán khi nó hoàn thành.",Websites,14936,Trừ tiền chờ xử lý,,
260704S6JUYPS0,Chờ xử lý,Hợp lệ,2026-07-04 19:07:49,,,25644330193,[QUÀ TẶNG KHÔNG BÁN] Bông Tạo Bọt Kì Cọ Tẩy Da Chết Màu Ngẫu Nhiên,346005340612,Nhà cửa & Đời sống,Đồ dùng phòng tắm,Bông tắm,475641850446114_0_0,0,1,Lanh Chanh Review,ngvinh445,,122682417,,Chiến dịch mở rộng,0,0,Đơn hàng gián tiếp,0,0,4%,0,0%,0,0,0,"Trạng thái của đơn hàng đang chờ xử lý, hoa hồng chỉ được thanh toán khi nó hoàn thành.",Websites,0,,,
260704S6JUYPS0,Chờ xử lý,Hợp lệ,2026-07-04 19:07:49,,,29480146096,Sữa Tắm Thiên Nhiên 92% Le Petit Marseillais Nhiều Mùi Hương 250ml,310970228929,Sắc Đẹp,Tắm & chăm sóc cơ thể,Xà phòng & sữa tắm,475641850446114_0_0,200000,1,Lanh Chanh Review,ngvinh445,,112409565,,Chiến dịch mở rộng,156000,0,Đơn hàng gián tiếp,7020,7020,"4,5%",0,0%,0,0,0,"Trạng thái của đơn hàng đang chờ xử lý, hoa hồng chỉ được thanh toán khi nó hoàn thành.",Websites,7582,Trừ tiền chờ xử lý,,
260704RX6XED7X,Chờ xử lý,Hợp lệ,2026-07-04 16:37:59,,,42421515681,"Vỉ 2 Son Dưỡng Môi Thiên Nhiên Le Petit Marseillais siêu cấp ẩm nứt nẻ Bơ Hạt Mỡ, Hạnh Nhân Ngọt & Dầu Argan 2X4.9G 9787",320970342597,Sắc Đẹp,Chăm sóc da mặt,Sản phẩm dưỡng môi,,338000,1,ByTinie.Clothing,trungpt710,,175678141,,Chiến dịch mở rộng,223867,0,Đơn hàng gián tiếp,8954.68,8954.68,4%,0,0%,8954.68,8954.68,0,"Trạng thái của đơn hàng đang chờ xử lý, hoa hồng chỉ được thanh toán khi nó hoàn thành.",Facebook,9671,Trừ tiền chờ xử lý,,
260704RM4FPCQB,Hủy bỏ,Hợp lệ,2026-07-04 13:37:40,,,29480146096,Sữa Tắm Thiên Nhiên 92% Le Petit Marseillais Nhiều Mùi Hương 250ml,315970228696,Sắc Đẹp,Tắm & chăm sóc cơ thể,Xà phòng & sữa tắm,475641850446114_0_0,200000,0,Dinh Thuong,ongkec3,Passio,112409565,,Chiến dịch mở rộng,0,101235,Đơn hàng gián tiếp,0,0,"4,5%",0,0%,0,0,0,Đơn hàng bị hủy bỏ bởi người mua,Facebook,0,,,
260704RM4FPCQB,Hủy bỏ,Hợp lệ,2026-07-04 13:37:40,,,25644330193,[QUÀ TẶNG KHÔNG BÁN] Bông Tạo Bọt Kì Cọ Tẩy Da Chết Màu Ngẫu Nhiên,346005340612,Nhà cửa & Đời sống,Đồ dùng phòng tắm,Bông tắm,475641850446114_0_0,0,0,Dinh Thuong,ongkec3,Passio,122682417,,Chiến dịch mở rộng,0,0,Đơn hàng gián tiếp,0,0,4%,0,0%,0,0,0,Đơn hàng bị hủy bỏ bởi người mua,Facebook,0,,,
260704RM4FPCQB,Hủy bỏ,Hợp lệ,2026-07-04 13:37:40,,,27679422917,Sữa Tắm Nam 4 in 1 92% Thiên Nhiên Le Petit Marseillais Chiết Xuất Gỗ Cam Đắng & Argan 250ml 1431,355969731723,Sắc Đẹp,Chăm sóc nam giới,Sữa tắm & chăm sóc cơ thể,475641850446114_0_0,205000,0,Dinh Thuong,ongkec3,Passio,110661763,,Chiến dịch mở rộng,0,103765,Đơn hàng gián tiếp,0,0,4%,0,0%,0,0,0,Đơn hàng bị hủy bỏ bởi người mua,Facebook,0,,,
260704RM096DKN,Hoàn thành,Hợp lệ,2026-07-04 13:35:19,2026-07-05 11:15:53,2026-07-05 11:15:53,25692866155,Sữa Tắm Nam 4 in 1 92% Thiên Nhiên Le Petit Marseillais Nhiều Mùi Hương 250ml,345969754134,Sắc Đẹp,Chăm sóc nam giới,Sữa tắm & chăm sóc cơ thể,475641850446114_0_0,205000,1,Nguyen Thu Thao,thaobee159,,112434462,,Chiến dịch mở rộng,137325,0,Đơn hàng gián tiếp,5493,5493,4%,0,0%,5493,5493,0,,Others,5932,Đã khấu trừ,Khấu trừ theo đơn hàng,2026-07-05 11:16:19
260704RM096DKN,Hoàn thành,Hợp lệ,2026-07-04 13:35:19,2026-07-05 11:15:53,2026-07-05 11:15:53,25644330193,[QUÀ TẶNG KHÔNG BÁN] Bông Tạo Bọt Kì Cọ Tẩy Da Chết Màu Ngẫu Nhiên,346005340612,Nhà cửa & Đời sống,Đồ dùng phòng tắm,Bông tắm,475641850446114_0_0,0,1,Nguyen Thu Thao,thaobee159,,122682417,,Chiến dịch mở rộng,0,0,Đơn hàng gián tiếp,0,0,4%,0,0%,0,0,0,,Others,0,,,
260704RGW85W50,Hoàn thành,Hợp lệ,2026-07-04 12:39:57,2026-07-08 10:18:10,2026-07-08 10:18:10,24142870859,Sữa Tắm Thơm Lâu Le Petit Marseillais Gel 92% Thiên Nhiên Da Nhạy Cảm Nhiều Mùi Hương 650ml,350973489414,Sắc Đẹp,Tắm & chăm sóc cơ thể,Xà phòng & sữa tắm,475641850446114_0_0,394000,1,Opera,opera109,,112430963,,Chiến dịch mở rộng,323080,0,Đơn hàng gián tiếp,14538.6,14538.6,"4,5%",0,0%,14538.6,14538.6,0,,Others,15702,Trừ tiền chờ xử lý,,
260704RGW85W50,Hoàn thành,Hợp lệ,2026-07-04 12:39:57,2026-07-08 10:18:10,2026-07-08 10:18:10,25644330193,[QUÀ TẶNG KHÔNG BÁN] Bông Tạo Bọt Kì Cọ Tẩy Da Chết Màu Ngẫu Nhiên,346005340612,Nhà cửa & Đời sống,Đồ dùng phòng tắm,Bông tắm,475641850446114_0_0,0,1,Opera,opera109,,122682417,,Chiến dịch mở rộng,0,0,Đơn hàng gián tiếp,0,0,4%,0,0%,0,0,0,,Others,0,,,
260704RBYDHG54,Hoàn thành,Hợp lệ,2026-07-04 11:11:40,2026-07-08 10:28:03,2026-07-08 10:28:03,29680365284,Dầu Gội Thiên Nhiên Le Petit Marseillais Hữu Cơ Nhiều Mùi Hương 250ml,370971985646,Sắc Đẹp,Chăm sóc tóc,Dầu gội,,267000,1,Linh,khanhlinhbell2608,,112920799,,Chiến dịch mở rộng,218940,0,Đơn hàng gián tiếp,9852.3,9852.3,"4,5%",0,0%,20545.1,20545.1,0,,Facebook,10640,Trừ tiền chờ xử lý,,
260704RBYDHG54,Hoàn thành,Hợp lệ,2026-07-04 11:11:40,2026-07-08 10:28:03,2026-07-08 10:28:03,40150321685,Dầu Gội Trẻ Em 2in1 94% Thiên Nhiên Le Petit Marseillais Giúp Gỡ Rối Tóc Chiết Xuất Quả Mâm Xôi & Bông 300ml 0442,310970725469,Mẹ & Bé,Đồ dùng phòng tắm & Chăm sóc cơ thể bé,Sản phẩm tắm & gội cho bé,,326000,1,Linh,khanhlinhbell2608,,128185567,,Chiến dịch mở rộng,267320,0,Đơn hàng gián tiếp,10692.8,10692.8,4%,0,0%,0,0,0,,Facebook,11548,Trừ tiền chờ xử lý,,
260704RAKNHNR7,Hoàn thành,Hợp lệ,2026-07-04 10:47:11,2026-07-07 19:18:27,2026-07-07 19:18:27,24142870859,Sữa Tắm Thơm Lâu Le Petit Marseillais Gel 92% Thiên Nhiên Da Nhạy Cảm Nhiều Mùi Hương 650ml,350973489411,Sắc Đẹp,Tắm & chăm sóc cơ thể,Xà phòng & sữa tắm,475641850446114_0_0,394000,1,ShopBack Việt Nam,shopbackvn_,,112430963,,Chiến dịch mở rộng,327020,0,Đơn hàng trực tiếp,29431.8,29431.8,9%,0,0%,29431.8,29431.8,0,,Websites,31786,Trừ tiền chờ xử lý,,
260704RAKNHNR7,Hoàn thành,Hợp lệ,2026-07-04 10:47:11,2026-07-07 19:18:27,2026-07-07 19:18:27,25644330193,[QUÀ TẶNG KHÔNG BÁN] Bông Tạo Bọt Kì Cọ Tẩy Da Chết Màu Ngẫu Nhiên,346005340612,Nhà cửa & Đời sống,Đồ dùng phòng tắm,Bông tắm,475641850446114_0_0,0,1,ShopBack Việt Nam,shopbackvn_,,122682417,,Chiến dịch mở rộng,0,0,Đơn hàng trực tiếp,0,0,8%,0,0%,0,0,0,,Websites,0,,,
260704RA9CH9AC,Hoàn thành,Hợp lệ,2026-07-04 10:41:27,2026-07-06 18:09:53,2026-07-06 18:09:53,25644330193,[QUÀ TẶNG KHÔNG BÁN] Bông Tạo Bọt Kì Cọ Tẩy Da Chết Màu Ngẫu Nhiên,346005340612,Nhà cửa & Đời sống,Đồ dùng phòng tắm,Bông tắm,475641850446114_0_0,0,1,tenten,bochiucaccon,,122682417,,Chiến dịch mở rộng,0,0,Đơn hàng gián tiếp,0,0,4%,0,0%,7052,7052,0,,Facebook,0,,,
260704RA9CH9AC,Hoàn thành,Hợp lệ,2026-07-04 10:41:27,2026-07-06 18:09:53,2026-07-06 18:09:53,27779418515,Sữa Tắm Nam Thơm Lâu 4 in 1 92% Thiên Nhiên Le Petit Marseillais Chiết Xuất Thông Biển & Bạch Đàn 250ml 1356,415969727779,Sắc Đẹp,Chăm sóc nam giới,Sữa tắm & chăm sóc cơ thể,475641850446114_0_0,205000,1,tenten,bochiucaccon,,110663381,,Chiến dịch mở rộng,176300,0,Đơn hàng gián tiếp,7052,7052,4%,0,0%,0,0,0,,Facebook,7616,Đã khấu trừ,Khấu trừ theo đơn hàng,2026-07-06 18:10:20
260704R8HP2E0H,Hoàn thành,Hợp lệ,2026-07-04 10:10:17,2026-07-05 13:31:43,2026-07-05 13:31:43,24142870859,Sữa Tắm Thơm Lâu Le Petit Marseillais Gel 92% Thiên Nhiên Da Nhạy Cảm Nhiều Mùi Hương 650ml,350973489410,Sắc Đẹp,Tắm & chăm sóc cơ thể,Xà phòng & sữa tắm,475641850446114_0_0,394000,1,WebHome Live3,webhome.livestream3,Webhome Media,112430963,,Chiến dịch mở rộng,327020,0,Đơn hàng trực tiếp,29431.8,29431.8,9%,0,0%,29431.8,29431.8,0,,Shopeelive-Shopee,31786,Đã khấu trừ,Khấu trừ theo đơn hàng,2026-07-05 13:32:10
260704R8HP2E0H,Hoàn thành,Hợp lệ,2026-07-04 10:10:17,2026-07-05 13:31:43,2026-07-05 13:31:43,25644330193,[QUÀ TẶNG KHÔNG BÁN] Bông Tạo Bọt Kì Cọ Tẩy Da Chết Màu Ngẫu Nhiên,346005340612,Nhà cửa & Đời sống,Đồ dùng phòng tắm,Bông tắm,475641850446114_0_0,0,1,WebHome Live3,webhome.livestream3,Webhome Media,122682417,,Chiến dịch mở rộng,0,0,Đơn hàng trực tiếp,0,0,8%,0,0%,0,0,0,,Shopeelive-Shopee,0,,,
260704R7H7JTFD,Hoàn thành,Hợp lệ,2026-07-04 09:52:08,2026-07-08 12:38:53,2026-07-08 12:38:53,29680365284,Dầu Gội Thiên Nhiên Le Petit Marseillais Hữu Cơ Nhiều Mùi Hương 250ml,370971985643,Sắc Đẹp,Chăm sóc tóc,Dầu gội,,267000,1,CreatorX Media Network,creatorxmedianetwork,,112920799,,Chiến dịch mở rộng,196512,0,Đơn hàng gián tiếp,8843.04,8843.04,"4,5%",0,0%,8843.04,8843.04,0,,Google Search,9550,Trừ tiền chờ xử lý,,
260704R5EN2E0E,Hoàn thành,Hợp lệ,2026-07-04 09:14:54,2026-07-08 11:05:37,2026-07-08 11:05:37,25644330193,[QUÀ TẶNG KHÔNG BÁN] Bông Tạo Bọt Kì Cọ Tẩy Da Chết Màu Ngẫu Nhiên,346005340612,Nhà cửa & Đời sống,Đồ dùng phòng tắm,Bông tắm,475641850446114_0_0,0,1,ia_vn,ia_vn,,122682417,,Chiến dịch mở rộng,0,0,Đơn hàng gián tiếp,0,0,4%,0,0%,22467.285,22467.285,0,,Websites,0,,,
260704R5EN2E0E,Hoàn thành,Hợp lệ,2026-07-04 09:14:54,2026-07-08 11:05:37,2026-07-08 11:05:37,27979854665,"Sữa Dưỡng Thể 24h Thiên Nhiên Le Petit Marseillais Dưỡng Ẩm Bơ Hạt Mỡ, Hạnh Nhân & Argan 400ml 3916",249244133795,Sắc Đẹp,Tắm & chăm sóc cơ thể,Kem & sữa dưỡng thể,,455000,1,ia_vn,ia_vn,,111595838,,Chiến dịch mở rộng,373099,0,Đơn hàng gián tiếp,16789.455,16789.455,"4,5%",0,0%,0,0,0,,Websites,18133,Trừ tiền chờ xử lý,,
260704R5EN2E0E,Hoàn thành,Hợp lệ,2026-07-04 09:14:54,2026-07-08 11:05:37,2026-07-08 11:05:37,29480146096,Sữa Tắm Thiên Nhiên 92% Le Petit Marseillais Nhiều Mùi Hương 250ml,315970228701,Sắc Đẹp,Tắm & chăm sóc cơ thể,Xà phòng & sữa tắm,475641850446114_0_0,200000,1,ia_vn,ia_vn,,112409565,,Chiến dịch mở rộng,126174,0,Đơn hàng gián tiếp,5677.83,5677.83,"4,5%",0,0%,0,0,0,,Websites,6132,Trừ tiền chờ xử lý,,
260704R4MKHDVG,Chờ xử lý,Hợp lệ,2026-07-04 09:00:20,,,25692912400,Sữa Dưỡng Thể Body Lotion Thiên Nhiên Le Petit Marseillais Hữu Cơ Nhiều Mùi Hương 250ml,375972102740,Sắc Đẹp,Tắm & chăm sóc cơ thể,Kem & sữa dưỡng thể,,379000,1,ACCESSTRADEVN,accesstrade_banking,,112708614,,Chiến dịch mở rộng,284250,0,Đơn hàng trực tiếp,25582.5,25582.5,9%,0,0%,25582.5,25582.5,0,"Trạng thái của đơn hàng đang chờ xử lý, hoa hồng chỉ được thanh toán khi nó hoàn thành.",Websites,27629,Trừ tiền chờ xử lý,,
260704R4K5Q2H9,Chờ xử lý,Hợp lệ,2026-07-04 08:59:32,,,29880370481,Kem Dưỡng Tay 24h Thiên Nhiên Le Petit Marseillais Nhiều Mùi Hương 75ml,128470976818,Sắc Đẹp,"Chăm sóc tay, chân & móng",Chăm sóc tay,,220000,1,Hong Ha Nguyen,shop_honghanguyen,,112922896,,Chiến dịch mở rộng,220000,0,Đơn hàng trực tiếp,17600,17600,8%,0,0%,17600,17600,0,"Trạng thái của đơn hàng đang chờ xử lý, hoa hồng chỉ được thanh toán khi nó hoàn thành.",Facebook,19008,Trừ tiền chờ xử lý,,
260704R3DCFTPF,Hoàn thành,Hợp lệ,2026-07-04 08:38:25,2026-07-08 15:32:48,2026-07-08 15:32:48,24142870859,Sữa Tắm Thơm Lâu Le Petit Marseillais Gel 92% Thiên Nhiên Da Nhạy Cảm Nhiều Mùi Hương 650ml,350973489410,Sắc Đẹp,Tắm & chăm sóc cơ thể,Xà phòng & sữa tắm,475641850446114_0_0,394000,1,CreatorX Media Network,creatorxmedianetwork,,112430963,,Chiến dịch mở rộng,323080,0,Đơn hàng gián tiếp,14538.6,14538.6,"4,5%",0,0%,14538.6,14538.6,0,,Others,15702,Trừ tiền chờ xử lý,,
260704R3DCFTPF,Hoàn thành,Hợp lệ,2026-07-04 08:38:25,2026-07-08 15:32:48,2026-07-08 15:32:48,25644330193,[QUÀ TẶNG KHÔNG BÁN] Bông Tạo Bọt Kì Cọ Tẩy Da Chết Màu Ngẫu Nhiên,346005340612,Nhà cửa & Đời sống,Đồ dùng phòng tắm,Bông tắm,475641850446114_0_0,0,1,CreatorX Media Network,creatorxmedianetwork,,122682417,,Chiến dịch mở rộng,0,0,Đơn hàng gián tiếp,0,0,4%,0,0%,0,0,0,,Others,0,,,
260704QYQHM1KE,Hoàn thành,Hợp lệ,2026-07-04 07:32:30,2026-07-08 08:51:04,2026-07-08 08:51:04,25644330193,[QUÀ TẶNG KHÔNG BÁN] Bông Tạo Bọt Kì Cọ Tẩy Da Chết Màu Ngẫu Nhiên,346005340612,Nhà cửa & Đời sống,Đồ dùng phòng tắm,Bông tắm,475641850446114_0_0,0,1,Trương Xuân Tiến,truongxuantien90,,122682417,,Chiến dịch mở rộng,0,0,Đơn hàng gián tiếp,0,0,4%,0,0%,5539.32,5539.32,0,,Others,0,,,
260704QYQHM1KE,Hoàn thành,Hợp lệ,2026-07-04 07:32:30,2026-07-08 08:51:04,2026-07-08 08:51:04,29480146096,Sữa Tắm Thiên Nhiên 92% Le Petit Marseillais Nhiều Mùi Hương 250ml,310970228929,Sắc Đẹp,Tắm & chăm sóc cơ thể,Xà phòng & sữa tắm,475641850446114_0_0,200000,1,Trương Xuân Tiến,truongxuantien90,,112409565,,Chiến dịch mở rộng,123096,0,Đơn hàng gián tiếp,5539.32,5539.32,"4,5%",0,0%,0,0,0,,Others,5982,Trừ tiền chờ xử lý,,
260704QYPM435R,Hoàn thành,Hợp lệ,2026-07-04 07:31:59,2026-07-05 14:34:10,2026-07-05 14:34:10,24142870859,Sữa Tắm Thơm Lâu Le Petit Marseillais Gel 92% Thiên Nhiên Da Nhạy Cảm Nhiều Mùi Hương 650ml,350973489410,Sắc Đẹp,Tắm & chăm sóc cơ thể,Xà phòng & sữa tắm,475641850446114_0_0,394000,1,Opera,opera109,,112430963,,Chiến dịch mở rộng,315200,0,Đơn hàng gián tiếp,14184,14184,"4,5%",0,0%,14184,14184,0,,Others,15319,Đã khấu trừ,Khấu trừ theo đơn hàng,2026-07-05 14:34:37
260704QYPM435R,Hoàn thành,Hợp lệ,2026-07-04 07:31:59,2026-07-05 14:34:10,2026-07-05 14:34:10,25644330193,[QUÀ TẶNG KHÔNG BÁN] Bông Tạo Bọt Kì Cọ Tẩy Da Chết Màu Ngẫu Nhiên,346005340612,Nhà cửa & Đời sống,Đồ dùng phòng tắm,Bông tắm,475641850446114_0_0,0,1,Opera,opera109,,122682417,,Chiến dịch mở rộng,0,0,Đơn hàng gián tiếp,0,0,4%,0,0%,0,0,0,,Others,0,,,
260704QFADWMFM,Hoàn thành,Hợp lệ,2026-07-04 02:38:51,2026-07-06 13:04:43,2026-07-06 13:04:43,25644330193,[QUÀ TẶNG KHÔNG BÁN] Bông Tạo Bọt Kì Cọ Tẩy Da Chết Màu Ngẫu Nhiên,346005340612,Nhà cửa & Đời sống,Đồ dùng phòng tắm,Bông tắm,475641850446114_0_0,0,1,Trinh,trinhngocthu105,Passio,122682417,,Chiến dịch mở rộng,0,0,Đơn hàng gián tiếp,0,0,4%,0,0%,14184,14184,0,,Google Search,0,,,
260704QFADWMFM,Hoàn thành,Hợp lệ,2026-07-04 02:38:51,2026-07-06 13:04:43,2026-07-06 13:04:43,24142870859,Sữa Tắm Thơm Lâu Le Petit Marseillais Gel 92% Thiên Nhiên Da Nhạy Cảm Nhiều Mùi Hương 650ml,350973489406,Sắc Đẹp,Tắm & chăm sóc cơ thể,Xà phòng & sữa tắm,475641850446114_0_0,394000,1,Trinh,trinhngocthu105,Passio,112430963,,Chiến dịch mở rộng,315200,0,Đơn hàng gián tiếp,14184,14184,"4,5%",0,0%,0,0,0,,Google Search,15319,Đã khấu trừ,Khấu trừ theo đơn hàng,2026-07-06 13:05:10
260704Q8T2S32P,Hoàn thành,Hợp lệ,2026-07-04 00:42:20,2026-07-06 22:18:28,2026-07-06 22:18:28,26279864751,"Hũ Kem Dưỡng Ẩm 24h Thiên Nhiên Le Petit Marseillais Phục Hồi Bơ Hạt Mỡ, Lô Hội & Sáp Ong 300ml 2684",445970318260,Sắc Đẹp,Tắm & chăm sóc cơ thể,Kem & sữa dưỡng thể,,474000,1,Trung,lebaotrung1234,,111609221,,Chiến dịch mở rộng,388680,0,Đơn hàng gián tiếp,17490.6,17490.6,"4,5%",0,0%,17490.6,17490.6,0,,Facebook,18890,Đã khấu trừ,Khấu trừ theo đơn hàng,2026-07-06 22:18:56
260704Q7UXMWQT,Hoàn thành,Hợp lệ,2026-07-04 00:25:28,2026-07-07 08:49:02,2026-07-07 08:49:02,29680365284,Dầu Gội Thiên Nhiên Le Petit Marseillais Hữu Cơ Nhiều Mùi Hương 250ml,370971985645,Sắc Đẹp,Chăm sóc tóc,Dầu gội,,267000,1,Siêu Thị Online Vương Cung,cungcung737,,112920799,,Chiến dịch mở rộng,218940,0,Đơn hàng trực tiếp,19704.6,19704.6,9%,0,0%,39409.2,39409.2,0,,Shopeevideo-Shopee,21281,Trừ tiền chờ xử lý,,
260704Q7UXMWQT,Hoàn thành,Hợp lệ,2026-07-04 00:25:28,2026-07-07 08:49:02,2026-07-07 08:49:02,29680365284,Dầu Gội Thiên Nhiên Le Petit Marseillais Hữu Cơ Nhiều Mùi Hương 250ml,370971985646,Sắc Đẹp,Chăm sóc tóc,Dầu gội,,267000,1,Siêu Thị Online Vương Cung,cungcung737,,112920799,,Chiến dịch mở rộng,218940,0,Đơn hàng trực tiếp,19704.6,19704.6,9%,0,0%,0,0,0,,Shopeevideo-Shopee,21281,Trừ tiền chờ xử lý,,
260704Q75UXE92,Hoàn thành,Hợp lệ,2026-07-04 00:13:08,2026-07-06 20:58:46,2026-07-06 20:58:46,24142870859,Sữa Tắm Thơm Lâu Le Petit Marseillais Gel 92% Thiên Nhiên Da Nhạy Cảm Nhiều Mùi Hương 650ml,350973489412,Sắc Đẹp,Tắm & chăm sóc cơ thể,Xà phòng & sữa tắm,475641850446114_0_0,394000,1,Muỗm Khó Tính,vfvkogjs0j,,112430963,,Chiến dịch mở rộng,342780,0,Đơn hàng trực tiếp,30850.2,30850.2,9%,0,0%,30850.2,30850.2,0,,Shopeelive-Shopee,33318,Đã khấu trừ,Khấu trừ theo đơn hàng,2026-07-06 20:59:13
260704Q75UXE92,Hoàn thành,Hợp lệ,2026-07-04 00:13:08,2026-07-06 20:58:46,2026-07-06 20:58:46,25644330193,[QUÀ TẶNG KHÔNG BÁN] Bông Tạo Bọt Kì Cọ Tẩy Da Chết Màu Ngẫu Nhiên,346005340612,Nhà cửa & Đời sống,Đồ dùng phòng tắm,Bông tắm,475641850446114_0_0,0,1,Muỗm Khó Tính,vfvkogjs0j,,122682417,,Chiến dịch mở rộng,0,0,Đơn hàng trực tiếp,0,0,8%,0,0%,0,0,0,,Shopeelive-Shopee,0,,,
260704Q6YSDNHM,Chờ xử lý,Hợp lệ,2026-07-04 00:09:43,,,25692866155,Sữa Tắm Nam 4 in 1 92% Thiên Nhiên Le Petit Marseillais Nhiều Mùi Hương 250ml,345969754130,Sắc Đẹp,Chăm sóc nam giới,Sữa tắm & chăm sóc cơ thể,475641850446114_0_0,205000,1,Huy,rndc0otjey,,112434462,,Chiến dịch mở rộng,172200,0,Đơn hàng gián tiếp,6888,6888,4%,0,0%,13776,13776,0,"Trạng thái của đơn hàng đang chờ xử lý, hoa hồng chỉ được thanh toán khi nó hoàn thành.",Facebook,7439,Trừ tiền chờ xử lý,,
260704Q6YSDNHM,Chờ xử lý,Hợp lệ,2026-07-04 00:09:43,,,25692866155,Sữa Tắm Nam 4 in 1 92% Thiên Nhiên Le Petit Marseillais Nhiều Mùi Hương 250ml,345969754134,Sắc Đẹp,Chăm sóc nam giới,Sữa tắm & chăm sóc cơ thể,475641850446114_0_0,205000,1,Huy,rndc0otjey,,112434462,,Chiến dịch mở rộng,172200,0,Đơn hàng gián tiếp,6888,6888,4%,0,0%,0,0,0,"Trạng thái của đơn hàng đang chờ xử lý, hoa hồng chỉ được thanh toán khi nó hoàn thành.",Facebook,7439,Trừ tiền chờ xử lý,,
260704Q6YSDNHM,Chờ xử lý,Hợp lệ,2026-07-04 00:09:43,,,25644330193,[QUÀ TẶNG KHÔNG BÁN] Bông Tạo Bọt Kì Cọ Tẩy Da Chết Màu Ngẫu Nhiên,346005340612,Nhà cửa & Đời sống,Đồ dùng phòng tắm,Bông tắm,475641850446114_0_0,0,1,Huy,rndc0otjey,,122682417,,Chiến dịch mở rộng,0,0,Đơn hàng gián tiếp,0,0,4%,0,0%,0,0,0,"Trạng thái của đơn hàng đang chờ xử lý, hoa hồng chỉ được thanh toán khi nó hoàn thành.",Facebook,0,,,
260704Q4SR8652,Hoàn thành,Hợp lệ,2026-07-03 23:30:33,2026-07-08 08:44:42,2026-07-08 08:44:42,24142870859,Sữa Tắm Thơm Lâu Le Petit Marseillais Gel 92% Thiên Nhiên Da Nhạy Cảm Nhiều Mùi Hương 650ml,350973489402,Sắc Đẹp,Tắm & chăm sóc cơ thể,Xà phòng & sữa tắm,475641850446114_0_0,394000,1,Phùng Thị Tuyết,7yq5x_lqe2,,112430963,,Chiến dịch mở rộng,250776,0,Đơn hàng gián tiếp,11284.92,11284.92,"4,5%",0,0%,11284.92,11284.92,0,,Websites,12188,Trừ tiền chờ xử lý,,
260704Q4SR8652,Hoàn thành,Hợp lệ,2026-07-03 23:30:33,2026-07-08 08:44:42,2026-07-08 08:44:42,25644330193,[QUÀ TẶNG KHÔNG BÁN] Bông Tạo Bọt Kì Cọ Tẩy Da Chết Màu Ngẫu Nhiên,346005340612,Nhà cửa & Đời sống,Đồ dùng phòng tắm,Bông tắm,475641850446114_0_0,0,1,Phùng Thị Tuyết,7yq5x_lqe2,,122682417,,Chiến dịch mở rộng,0,0,Đơn hàng gián tiếp,0,0,4%,0,0%,0,0,0,,Websites,0,,,
260704Q49P69GH,Hoàn thành,Hợp lệ,2026-07-03 23:21:34,2026-07-08 22:17:41,2026-07-08 22:17:41,29880370481,Kem Dưỡng Tay 24h Thiên Nhiên Le Petit Marseillais Nhiều Mùi Hương 75ml,128470976818,Sắc Đẹp,"Chăm sóc tay, chân & móng",Chăm sóc tay,,220000,1,ViTi Shop,nguyenvan020196,,112922896,,Chiến dịch mở rộng,189200,0,Đơn hàng gián tiếp,7568,7568,4%,0,0%,7568,7568,0,,Facebook,8173,Trừ tiền chờ xử lý,,
260704Q3PMUEMH,Hoàn thành,Hợp lệ,2026-07-03 23:10:56,2026-07-05 21:24:56,2026-07-05 21:24:56,24142870859,Sữa Tắm Thơm Lâu Le Petit Marseillais Gel 92% Thiên Nhiên Da Nhạy Cảm Nhiều Mùi Hương 650ml,350973489402,Sắc Đẹp,Tắm & chăm sóc cơ thể,Xà phòng & sữa tắm,475641850446114_0_0,394000,1,Opera,opera109,,112430963,,Chiến dịch mở rộng,244660,0,Đơn hàng gián tiếp,11009.7,11009.7,"4,5%",0,0%,11009.7,11009.7,0,,Others,11890,Đã khấu trừ,Khấu trừ theo đơn hàng,2026-07-05 21:25:23
260704Q3PMUEMH,Hoàn thành,Hợp lệ,2026-07-03 23:10:56,2026-07-05 21:24:56,2026-07-05 21:24:56,25644330193,[QUÀ TẶNG KHÔNG BÁN] Bông Tạo Bọt Kì Cọ Tẩy Da Chết Màu Ngẫu Nhiên,346005340612,Nhà cửa & Đời sống,Đồ dùng phòng tắm,Bông tắm,475641850446114_0_0,0,1,Opera,opera109,,122682417,,Chiến dịch mở rộng,0,0,Đơn hàng gián tiếp,0,0,4%,0,0%,0,0,0,,Others,0,,,
260703Q1JHQ9GU,Hoàn thành,Hợp lệ,2026-07-03 22:32:49,2026-07-05 12:34:39,2026-07-05 12:34:39,42422207632,Dầu Xả Dưỡng Tóc Thiên Nhiên 95% Le Petit Marseillais Dịu Nhẹ Siêu Mềm Mượt Nhiều Mùi Hương 200ml,297646808535,Sắc Đẹp,Chăm sóc tóc,Dầu xả,,225000,1,Phuocbui.aff1,phuocbui.aff1,,176556107,,Chiến dịch mở rộng,184499,0,Đơn hàng gián tiếp,8302.455,8302.455,"4,5%",0,0%,8302.455,8302.455,0,,Facebook,8967,Đã khấu trừ,Khấu trừ theo đơn hàng,2026-07-05 12:35:07
260703Q16WPVBJ,Hoàn thành,Hợp lệ,2026-07-03 22:26:20,2026-07-08 11:05:25,2026-07-08 11:05:25,24142870859,Sữa Tắm Thơm Lâu Le Petit Marseillais Gel 92% Thiên Nhiên Da Nhạy Cảm Nhiều Mùi Hương 650ml,350973489406,Sắc Đẹp,Tắm & chăm sóc cơ thể,Xà phòng & sữa tắm,475641850446114_0_0,394000,1,Opera,opera109,,112430963,,Chiến dịch mở rộng,394000,0,Đơn hàng gián tiếp,17730,17730,"4,5%",0,0%,17730,17730,0,,Others,19148,Trừ tiền chờ xử lý,,
260703Q16WPVBJ,Hoàn thành,Hợp lệ,2026-07-03 22:26:20,2026-07-08 11:05:25,2026-07-08 11:05:25,25644330193,[QUÀ TẶNG KHÔNG BÁN] Bông Tạo Bọt Kì Cọ Tẩy Da Chết Màu Ngẫu Nhiên,346005340612,Nhà cửa & Đời sống,Đồ dùng phòng tắm,Bông tắm,475641850446114_0_0,0,1,Opera,opera109,,122682417,,Chiến dịch mở rộng,0,0,Đơn hàng gián tiếp,0,0,4%,0,0%,0,0,0,,Others,0,,,
260703Q0N5BMM0,Hoàn thành,Hợp lệ,2026-07-03 22:16:24,2026-07-07 10:43:44,2026-07-07 10:43:44,40672203767,Hộp 4 Bánh Xà Phòng Thiên Nhiên Le Petit Marseillais Dịu Nhẹ Lành Tính Nhiều Mùi Hương 4x100g,167403448467,Sắc Đẹp,Tắm & chăm sóc cơ thể,Xà phòng & sữa tắm,,265000,1,appmontize3,appmontize3,,176551991,,Chiến dịch mở rộng,173073,0,Đơn hàng gián tiếp,7788.285,7788.285,"4,5%",0,0%,7788.285,7788.285,0,,Websites,8411,Trừ tiền chờ xử lý,,
260703Q0G71GYN,Hoàn thành,Hợp lệ,2026-07-03 22:13:38,2026-07-08 00:07:12,2026-07-08 00:07:12,25644330193,[QUÀ TẶNG KHÔNG BÁN] Bông Tạo Bọt Kì Cọ Tẩy Da Chết Màu Ngẫu Nhiên,346005340612,Nhà cửa & Đời sống,Đồ dùng phòng tắm,Bông tắm,475641850446114_0_0,0,1,Góc của Hiền Thay Đổi,xxxhz,,122682417,,Chiến dịch mở rộng,0,0,Đơn hàng gián tiếp,0,0,4%,0,0%,13120,13120,0,,Facebook,0,,,
260703Q0G71GYN,Hoàn thành,Hợp lệ,2026-07-03 22:13:38,2026-07-08 00:07:12,2026-07-08 00:07:12,25692866155,Sữa Tắm Nam 4 in 1 92% Thiên Nhiên Le Petit Marseillais Nhiều Mùi Hương 250ml,345969754134,Sắc Đẹp,Chăm sóc nam giới,Sữa tắm & chăm sóc cơ thể,475641850446114_0_0,205000,2,Góc của Hiền Thay Đổi,xxxhz,,112434462,,Chiến dịch mở rộng,328000,0,Đơn hàng gián tiếp,13120,13120,4%,0,0%,0,0,0,,Facebook,14170,Trừ tiền chờ xử lý,,
260703PYARA9ME,Hoàn thành,Hợp lệ,2026-07-03 21:52:40,2026-07-08 11:32:10,2026-07-08 11:32:10,28192387521,Hộp 4 Bánh Xà Phòng Tắm Thiên Nhiên 98% Le Petit Marseillais Dịu Nhẹ Chiết Xuất Vani 4x100G 8368,425970259400,Sắc Đẹp,Tắm & chăm sóc cơ thể,Xà phòng & sữa tắm,,265000,1,Gia Dụng VnHome,giadungvnhome,,176476887,,Chiến dịch mở rộng,199715,0,Đơn hàng gián tiếp,7988.6,7988.6,4%,0,0%,17767.055,17767.055,0,,Others,8628,Trừ tiền chờ xử lý,,
260703PYARA9ME,Hoàn thành,Hợp lệ,2026-07-03 21:52:40,2026-07-08 11:32:10,2026-07-08 11:32:10,40672203767,Hộp 4 Bánh Xà Phòng Thiên Nhiên Le Petit Marseillais Dịu Nhẹ Lành Tính Nhiều Mùi Hương 4x100g,167403448465,Sắc Đẹp,Tắm & chăm sóc cơ thể,Xà phòng & sữa tắm,,265000,1,Gia Dụng VnHome,giadungvnhome,,176551991,,Chiến dịch mở rộng,217299,0,Đơn hàng gián tiếp,9778.455,9778.455,"4,5%",0,0%,0,0,0,,Others,10561,Trừ tiền chờ xử lý,,
260703PY0TN86B,Chờ xử lý,Hợp lệ,2026-07-03 21:47:08,,,25644330193,[QUÀ TẶNG KHÔNG BÁN] Bông Tạo Bọt Kì Cọ Tẩy Da Chết Màu Ngẫu Nhiên,346005340612,Nhà cửa & Đời sống,Đồ dùng phòng tắm,Bông tắm,475641850446114_0_0,0,1,Phương thảo💕,phuongthaokolne,,122682417,,Chiến dịch mở rộng,0,0,Đơn hàng trực tiếp,0,0,8%,0,0%,15480,15480,0,"Trạng thái của đơn hàng đang chờ xử lý, hoa hồng chỉ được thanh toán khi nó hoàn thành.",Shopeelive-Shopee,0,,,
260703PY0TN86B,Chờ xử lý,Hợp lệ,2026-07-03 21:47:08,,,29480146096,Sữa Tắm Thiên Nhiên 92% Le Petit Marseillais Nhiều Mùi Hương 250ml,315970228701,Sắc Đẹp,Tắm & chăm sóc cơ thể,Xà phòng & sữa tắm,475641850446114_0_0,200000,1,Phương thảo💕,phuongthaokolne,,112409565,,Chiến dịch mở rộng,172000,0,Đơn hàng trực tiếp,15480,15480,9%,0,0%,0,0,0,"Trạng thái của đơn hàng đang chờ xử lý, hoa hồng chỉ được thanh toán khi nó hoàn thành.",Shopeelive-Shopee,16718,Trừ tiền chờ xử lý,,
260703PW8XGU37,Hoàn thành,Hợp lệ,2026-07-03 21:15:53,2026-07-08 14:15:33,2026-07-08 14:15:33,25644330193,[QUÀ TẶNG KHÔNG BÁN] Bông Tạo Bọt Kì Cọ Tẩy Da Chết Màu Ngẫu Nhiên,346005340612,Nhà cửa & Đời sống,Đồ dùng phòng tắm,Bông tắm,475641850446114_0_0,0,1,Opera,opera109,,122682417,,Chiến dịch mở rộng,0,0,Đơn hàng gián tiếp,0,0,4%,0,0%,5350,5350,0,,Others,0,,,
260703PW8XGU37,Hoàn thành,Hợp lệ,2026-07-03 21:15:53,2026-07-08 14:15:33,2026-07-08 14:15:33,25692866155,Sữa Tắm Nam 4 in 1 92% Thiên Nhiên Le Petit Marseillais Nhiều Mùi Hương 250ml,345969754133,Sắc Đẹp,Chăm sóc nam giới,Sữa tắm & chăm sóc cơ thể,475641850446114_0_0,205000,1,Opera,opera109,,112434462,,Chiến dịch mở rộng,133750,0,Đơn hàng gián tiếp,5350,5350,4%,0,0%,0,0,0,,Others,5778,Trừ tiền chờ xử lý,,
260703PQWSKKA6,Hoàn thành,Hợp lệ,2026-07-03 19:40:10,2026-07-05 17:09:15,2026-07-05 17:09:15,25442235880,Sữa Tắm 92% Thiên Nhiên Le Petit Marseillais Dịu Nhẹ Sữa Hạnh Nhân Hữu Cơ 650ml 3594,435969833877,Sắc Đẹp,Tắm & chăm sóc cơ thể,Xà phòng & sữa tắm,475641850446114_0_0,394000,1,Hangthanh91,hangthanh.91,,109863157,,Chiến dịch mở rộng,319140,0,Đơn hàng gián tiếp,12765.6,12765.6,4%,0,0%,12765.6,12765.6,0,,Facebook,13787,Đã khấu trừ,Khấu trừ theo đơn hàng,2026-07-05 17:09:43
260703PQWSKKA6,Hoàn thành,Hợp lệ,2026-07-03 19:40:10,2026-07-05 17:09:15,2026-07-05 17:09:15,25644330193,[QUÀ TẶNG KHÔNG BÁN] Bông Tạo Bọt Kì Cọ Tẩy Da Chết Màu Ngẫu Nhiên,346005340612,Nhà cửa & Đời sống,Đồ dùng phòng tắm,Bông tắm,475641850446114_0_0,0,1,Hangthanh91,hangthanh.91,,122682417,,Chiến dịch mở rộng,0,0,Đơn hàng gián tiếp,0,0,4%,0,0%,0,0,0,,Facebook,0,,,
260703PQPSHHGA,Hoàn thành,Hợp lệ,2026-07-03 19:36:15,2026-07-08 12:40:46,2026-07-08 12:40:46,24142870859,Sữa Tắm Thơm Lâu Le Petit Marseillais Gel 92% Thiên Nhiên Da Nhạy Cảm Nhiều Mùi Hương 650ml,350973489407,Sắc Đẹp,Tắm & chăm sóc cơ thể,Xà phòng & sữa tắm,475641850446114_0_0,394000,1,Hương Hương nè ᥫ᭡,huonghuongne185,,112430963,,Chiến dịch mở rộng,319140,0,Đơn hàng trực tiếp,28722.6,28722.6,9%,0,0%,28722.6,28722.6,0,,Shopeevideo-Shopee,31020,Trừ tiền chờ xử lý,,
260703PQPSHHGA,Hoàn thành,Hợp lệ,2026-07-03 19:36:15,2026-07-08 12:40:46,2026-07-08 12:40:46,25644330193,[QUÀ TẶNG KHÔNG BÁN] Bông Tạo Bọt Kì Cọ Tẩy Da Chết Màu Ngẫu Nhiên,346005340612,Nhà cửa & Đời sống,Đồ dùng phòng tắm,Bông tắm,475641850446114_0_0,0,1,Hương Hương nè ᥫ᭡,huonghuongne185,,122682417,,Chiến dịch mở rộng,0,0,Đơn hàng trực tiếp,0,0,8%,0,0%,0,0,0,,Shopeevideo-Shopee,0,,,
260703PPRXVF15,Hoàn thành,Hợp lệ,2026-07-03 19:19:34,2026-07-07 13:37:47,2026-07-07 13:37:47,25644330193,[QUÀ TẶNG KHÔNG BÁN] Bông Tạo Bọt Kì Cọ Tẩy Da Chết Màu Ngẫu Nhiên,346005340612,Nhà cửa & Đời sống,Đồ dùng phòng tắm,Bông tắm,475641850446114_0_0,0,1,Vũ Ngọc Châm,ngoccham237,,122682417,,Chiến dịch mở rộng,0,0,Đơn hàng gián tiếp,0,0,4%,0,0%,7052,7052,0,,Facebook,0,,,
260703PPRXVF15,Hoàn thành,Hợp lệ,2026-07-03 19:19:34,2026-07-07 13:37:47,2026-07-07 13:37:47,28479424619,Sữa Tắm Nam 4 in 1 92% Thiên Nhiên Le Petit Marseillais Chiết Xuất Gừng & Gỗ Bách Hương 250ml 4371,307645406542,Sắc Đẹp,Chăm sóc nam giới,Sữa tắm & chăm sóc cơ thể,475641850446114_0_0,205000,1,Vũ Ngọc Châm,ngoccham237,,110682470,,Chiến dịch mở rộng,176300,0,Đơn hàng gián tiếp,7052,7052,4%,0,0%,0,0,0,,Facebook,7616,Trừ tiền chờ xử lý,,
260703PPHS291A,Hủy bỏ,Hợp lệ,2026-07-03 19:15:34,,,25644330193,[QUÀ TẶNG KHÔNG BÁN] Bông Tạo Bọt Kì Cọ Tẩy Da Chết Màu Ngẫu Nhiên,346005340612,Nhà cửa & Đời sống,Đồ dùng phòng tắm,Bông tắm,475641850446114_0_0,0,0,Emma Thảo Nhi,hongtmhnh274,KakaOnline,122682417,,Chiến dịch mở rộng,0,0,Đơn hàng trực tiếp,0,0,8%,0,0%,0,0,0,Đơn hàng không hợp lệ,Shopeevideo-Shopee,0,,,
260703PPHS291A,Hủy bỏ,Hợp lệ,2026-07-03 19:15:34,,,27779418515,Sữa Tắm Nam Thơm Lâu 4 in 1 92% Thiên Nhiên Le Petit Marseillais Chiết Xuất Thông Biển & Bạch Đàn 250ml 1356,415969727779,Sắc Đẹp,Chăm sóc nam giới,Sữa tắm & chăm sóc cơ thể,475641850446114_0_0,205000,0,Emma Thảo Nhi,hongtmhnh274,KakaOnline,110663381,,Chiến dịch mở rộng,0,143500,Đơn hàng trực tiếp,0,0,8%,0,0%,0,0,0,Đơn hàng không hợp lệ,Shopeevideo-Shopee,0,,,
260703PKRMJ5Y1,Hoàn thành,Hợp lệ,2026-07-03 18:25:42,2026-07-07 04:37:59,2026-07-07 04:37:59,25644330193,[QUÀ TẶNG KHÔNG BÁN] Bông Tạo Bọt Kì Cọ Tẩy Da Chết Màu Ngẫu Nhiên,346005340612,Nhà cửa & Đời sống,Đồ dùng phòng tắm,Bông tắm,475641850446114_0_0,0,1,Ngoc,ngoc_rare,,122682417,,Chiến dịch mở rộng,0,0,Đơn hàng gián tiếp,0,0,4%,0,0%,34655.85,34655.85,0,,Websites,0,,,
260703PKRMJ5Y1,Hoàn thành,Hợp lệ,2026-07-03 18:25:42,2026-07-07 04:37:59,2026-07-07 04:37:59,29680365284,Dầu Gội Thiên Nhiên Le Petit Marseillais Hữu Cơ Nhiều Mùi Hương 250ml,370971985647,Sắc Đẹp,Chăm sóc tóc,Dầu gội,,267000,1,Ngoc,ngoc_rare,,112920799,,Chiến dịch mở rộng,216270,0,Đơn hàng gián tiếp,9732.15,9732.15,"4,5%",0,0%,0,0,0,,Websites,10511,Trừ tiền chờ xử lý,,
260703PKRMJ5Y1,Hoàn thành,Hợp lệ,2026-07-03 18:25:42,2026-07-07 04:37:59,2026-07-07 04:37:59,29778424340,Gel Tắm 92% Thiên Nhiên Le Petit Marseillais Dịu Nhẹ Cam Hữu Cơ & Bưởi Hữu Cơ 650ml 1868,345969840924,Sắc Đẹp,Tắm & chăm sóc cơ thể,Xà phòng & sữa tắm,475641850446114_0_0,394000,1,Ngoc,ngoc_rare,,109863134,,Chiến dịch mở rộng,319140,0,Đơn hàng gián tiếp,14361.3,14361.3,"4,5%",0,0%,0,0,0,,Websites,15510,Trừ tiền chờ xử lý,,
260703PKRMJ5Y1,Hoàn thành,Hợp lệ,2026-07-03 18:25:42,2026-07-07 04:37:59,2026-07-07 04:37:59,41900312088,Dầu Gội Trẻ Em 2in1 94% Thiên Nhiên Le Petit Marseillais Giúp Gỡ Rối Tóc Chiết Xuất Quả Đào & Quả Mơ 300ml 0435,218837639344,Mẹ & Bé,Đồ dùng phòng tắm & Chăm sóc cơ thể bé,Sản phẩm tắm & gội cho bé,,326000,1,Ngoc,ngoc_rare,,128186974,,Chiến dịch mở rộng,264060,0,Đơn hàng gián tiếp,10562.4,10562.4,4%,0,0%,0,0,0,,Websites,11407,Trừ tiền chờ xử lý,,
260703PK1EP1UX,Hoàn thành,Hợp lệ,2026-07-03 18:12:44,2026-07-09 09:18:57,2026-07-09 09:18:57,25644330193,[QUÀ TẶNG KHÔNG BÁN] Bông Tạo Bọt Kì Cọ Tẩy Da Chết Màu Ngẫu Nhiên,346005340612,Nhà cửa & Đời sống,Đồ dùng phòng tắm,Bông tắm,475641850446114_0_0,0,1,Muỗm Khó Tính,vfvkogjs0j,,122682417,,Chiến dịch mở rộng,0,0,Đơn hàng trực tiếp,0,0,8%,0,0%,11078.64,11078.64,0,,Shopeelive-Shopee,0,,,
260703PK1EP1UX,Hoàn thành,Hợp lệ,2026-07-03 18:12:44,2026-07-09 09:18:57,2026-07-09 09:18:57,29480146096,Sữa Tắm Thiên Nhiên 92% Le Petit Marseillais Nhiều Mùi Hương 250ml,315970228700,Sắc Đẹp,Tắm & chăm sóc cơ thể,Xà phòng & sữa tắm,475641850446114_0_0,200000,1,Muỗm Khó Tính,vfvkogjs0j,,112409565,,Chiến dịch mở rộng,123096,0,Đơn hàng trực tiếp,11078.64,11078.64,9%,0,0%,0,0,0,,Shopeelive-Shopee,11965,Trừ tiền chờ xử lý,,
260703PCX1E789,Hoàn thành,Hợp lệ,2026-07-03 16:23:26,2026-07-06 07:58:11,2026-07-06 07:58:11,27979868574,"Kem Dưỡng Tay 24h Thiên Nhiên Le Petit Marseillais Chiết Xuất Bơ Hạt Mỡ, Hạnh Nhân & Dầu Argan 75ml 8485",410970243688,Sắc Đẹp,"Chăm sóc tay, chân & móng",Chăm sóc tay,,220000,1,Folia & Co. By Moon Doan,foliaandco,,111648683,,Chiến dịch mở rộng,173269,0,Đơn hàng gián tiếp,6930.76,6930.76,4%,0,0%,6930.76,6930.76,0,,Facebook,7485,Đã khấu trừ,Khấu trừ theo đơn hàng,2026-07-06 07:58:38
260703PBD78QF8,Hoàn thành,Hợp lệ,2026-07-03 15:56:10,2026-07-06 16:26:52,2026-07-06 16:26:52,40302953131,Dầu Gội Nam Sạch Gàu 97% Thiên Nhiên Le Petit Marseillais Chiết Xuất Tinh Dầu Chanh Vàng 250ml 4035,310970659149,Sắc Đẹp,Chăm sóc nam giới,Chăm sóc tóc,,267000,1,Tungny.zelo,tungny.zelo,,134959857,,Chiến dịch mở rộng,146695,0,Đơn hàng trực tiếp,11735.6,11735.6,8%,0,0%,11735.6,11735.6,0,,Shopeelive-Shopee,12674,Đã khấu trừ,Khấu trừ theo đơn hàng,2026-07-06 16:27:19
260703P8AW3C0V,Hoàn thành,Hợp lệ,2026-07-03 15:01:10,2026-07-07 15:27:36,2026-07-07 15:27:36,26529881441,Dầu Gội Phục Hồi Tóc 98% Thiên Nhiên Le Petit Marseillais Chiết Xuất Táo & Oliu Hữu Cơ 300ml 1372,345972015989,Sắc Đẹp,Chăm sóc tóc,Dầu gội,,410000,1,2010.da.l,ztg4wt0r4o,,111632298,,Chiến dịch mở rộng,332100,0,Đơn hàng trực tiếp,26568,26568,8%,0,0%,26568,26568,0,,Shopeelive-Shopee,28693,Trừ tiền chờ xử lý,,
260703P7Q9MBP2,Hoàn thành,Hợp lệ,2026-07-03 14:50:12,2026-07-06 12:32:30,2026-07-06 12:32:30,25644330193,[QUÀ TẶNG KHÔNG BÁN] Bông Tạo Bọt Kì Cọ Tẩy Da Chết Màu Ngẫu Nhiên,346005340612,Nhà cửa & Đời sống,Đồ dùng phòng tắm,Bông tắm,475641850446114_0_0,0,1,ShopBack Việt Nam,shopbackvn_,,122682417,,Chiến dịch mở rộng,0,0,Đơn hàng trực tiếp,0,0,8%,0,0%,19260,19260,0,,Websites,0,,,
260703P7Q9MBP2,Hoàn thành,Hợp lệ,2026-07-03 14:50:12,2026-07-06 12:32:30,2026-07-06 12:32:30,27730151664,Sữa Tắm Dưỡng Ẩm 98% Thiên Nhiên Le Petit Marseillais Hữu Cơ Nhiều Mùi Hương Thơm 400ml,365969915564,Sắc Đẹp,Tắm & chăm sóc cơ thể,Xà phòng & sữa tắm,475641850446114_0_0,330000,1,ShopBack Việt Nam,shopbackvn_,,112426971,,Chiến dịch mở rộng,214000,0,Đơn hàng trực tiếp,19260,19260,9%,0,0%,0,0,0,,Websites,20801,Đã khấu trừ,Khấu trừ theo đơn hàng,2026-07-06 12:33:01
260703P76S9NKW,Hoàn thành,Hợp lệ,2026-07-03 14:40:57,2026-07-07 12:22:47,2026-07-07 12:22:47,24142870859,Sữa Tắm Thơm Lâu Le Petit Marseillais Gel 92% Thiên Nhiên Da Nhạy Cảm Nhiều Mùi Hương 650ml,350973489410,Sắc Đẹp,Tắm & chăm sóc cơ thể,Xà phòng & sữa tắm,475641850446114_0_0,394000,1,Trong Clip có mã VIP,thuythuy9992,,112430963,,Chiến dịch mở rộng,319140,0,Đơn hàng trực tiếp,28722.6,28722.6,9%,0,0%,28722.6,28722.6,0,,Shopeevideo-Shopee,31020,Trừ tiền chờ xử lý,,
260703P76S9NKW,Hoàn thành,Hợp lệ,2026-07-03 14:40:57,2026-07-07 12:22:47,2026-07-07 12:22:47,25644330193,[QUÀ TẶNG KHÔNG BÁN] Bông Tạo Bọt Kì Cọ Tẩy Da Chết Màu Ngẫu Nhiên,346005340612,Nhà cửa & Đời sống,Đồ dùng phòng tắm,Bông tắm,475641850446114_0_0,0,1,Trong Clip có mã VIP,thuythuy9992,,122682417,,Chiến dịch mở rộng,0,0,Đơn hàng trực tiếp,0,0,8%,0,0%,0,0,0,,Shopeevideo-Shopee,0,,,
260703P5GHK9DW,Hoàn thành,Hợp lệ,2026-07-03 14:10:38,2026-07-07 12:32:18,2026-07-07 12:32:18,25644330193,[QUÀ TẶNG KHÔNG BÁN] Bông Tạo Bọt Kì Cọ Tẩy Da Chết Màu Ngẫu Nhiên,346005340612,Nhà cửa & Đời sống,Đồ dùng phòng tắm,Bông tắm,475641850446114_0_0,0,1,Kiên Công Nghệ,pkyo.giadung,,122682417,,Chiến dịch mở rộng,0,0,Đơn hàng gián tiếp,0,0,4%,0,0%,6560,6560,0,,Facebook,0,,,
260703P5GHK9DW,Hoàn thành,Hợp lệ,2026-07-03 14:10:38,2026-07-07 12:32:18,2026-07-07 12:32:18,25692866155,Sữa Tắm Nam 4 in 1 92% Thiên Nhiên Le Petit Marseillais Nhiều Mùi Hương 250ml,345969754133,Sắc Đẹp,Chăm sóc nam giới,Sữa tắm & chăm sóc cơ thể,475641850446114_0_0,205000,1,Kiên Công Nghệ,pkyo.giadung,,112434462,,Chiến dịch mở rộng,164000,0,Đơn hàng gián tiếp,6560,6560,4%,0,0%,0,0,0,,Facebook,7085,Trừ tiền chờ xử lý,,
260703P57818DC,Hoàn thành,Hợp lệ,2026-07-03 14:05:26,2026-07-07 12:39:26,2026-07-07 12:39:26,25692866155,Sữa Tắm Nam 4 in 1 92% Thiên Nhiên Le Petit Marseillais Nhiều Mùi Hương 250ml,345969754130,Sắc Đẹp,Chăm sóc nam giới,Sữa tắm & chăm sóc cơ thể,475641850446114_0_0,205000,1,ShopBack Việt Nam,shopbackvn_,,112434462,,Chiến dịch mở rộng,172200,0,Đơn hàng trực tiếp,13776,13776,8%,0,0%,27552,27552,0,,ShopbackApp,14878,Trừ tiền chờ xử lý,,
260703P57818DC,Hoàn thành,Hợp lệ,2026-07-03 14:05:26,2026-07-07 12:39:26,2026-07-07 12:39:26,25692866155,Sữa Tắm Nam 4 in 1 92% Thiên Nhiên Le Petit Marseillais Nhiều Mùi Hương 250ml,345969754133,Sắc Đẹp,Chăm sóc nam giới,Sữa tắm & chăm sóc cơ thể,475641850446114_0_0,205000,1,ShopBack Việt Nam,shopbackvn_,,112434462,,Chiến dịch mở rộng,172200,0,Đơn hàng trực tiếp,13776,13776,8%,0,0%,0,0,0,,ShopbackApp,14878,Trừ tiền chờ xử lý,,
260703P57818DC,Hoàn thành,Hợp lệ,2026-07-03 14:05:26,2026-07-07 12:39:26,2026-07-07 12:39:26,25644330193,[QUÀ TẶNG KHÔNG BÁN] Bông Tạo Bọt Kì Cọ Tẩy Da Chết Màu Ngẫu Nhiên,346005340612,Nhà cửa & Đời sống,Đồ dùng phòng tắm,Bông tắm,475641850446114_0_0,0,1,ShopBack Việt Nam,shopbackvn_,,122682417,,Chiến dịch mở rộng,0,0,Đơn hàng trực tiếp,0,0,8%,0,0%,0,0,0,,ShopbackApp,0,,,
260703P4J3UYUH,Hoàn thành,Hợp lệ,2026-07-03 13:53:38,2026-07-04 19:01:14,2026-07-04 19:01:14,24142870859,Sữa Tắm Thơm Lâu Le Petit Marseillais Gel 92% Thiên Nhiên Da Nhạy Cảm Nhiều Mùi Hương 650ml,350973489406,Sắc Đẹp,Tắm & chăm sóc cơ thể,Xà phòng & sữa tắm,,394000,1,Hồ Duy Khánh Giang,giangh249,,112430963,,Chiến dịch mở rộng,198861,0,Đơn hàng gián tiếp,8948.745,8948.745,"4,5%",0,0%,8948.745,8948.745,0,,Websites,9665,Đã khấu trừ,Khấu trừ theo đơn hàng,2026-07-04 19:01:42
260703P1S9VNUF,Hoàn thành,Hợp lệ,2026-07-03 13:03:57,2026-07-05 12:52:45,2026-07-05 12:52:45,24142870859,Sữa Tắm Thơm Lâu Le Petit Marseillais Gel 92% Thiên Nhiên Da Nhạy Cảm Nhiều Mùi Hương 650ml,350973489410,Sắc Đẹp,Tắm & chăm sóc cơ thể,Xà phòng & sữa tắm,475641850446114_0_0,394000,1,Deal Ngoan ✅,dealngoan,,112430963,,Chiến dịch mở rộng,307290,0,Đơn hàng gián tiếp,13828.05,13828.05,"4,5%",0,0%,13828.05,13828.05,0,,Websites,14934,Đã khấu trừ,Khấu trừ theo đơn hàng,2026-07-05 12:53:12
260703P1S9VNUF,Hoàn thành,Hợp lệ,2026-07-03 13:03:57,2026-07-05 12:52:45,2026-07-05 12:52:45,25644330193,[QUÀ TẶNG KHÔNG BÁN] Bông Tạo Bọt Kì Cọ Tẩy Da Chết Màu Ngẫu Nhiên,346005340612,Nhà cửa & Đời sống,Đồ dùng phòng tắm,Bông tắm,475641850446114_0_0,0,1,Deal Ngoan ✅,dealngoan,,122682417,,Chiến dịch mở rộng,0,0,Đơn hàng gián tiếp,0,0,4%,0,0%,0,0,0,,Websites,0,,,
260703NYY3DP07,Hoàn thành,Hợp lệ,2026-07-03 12:31:24,2026-07-05 11:49:58,2026-07-05 11:49:58,25947267438,Hộp 2 Bánh Xà Phòng Thiên Nhiên 98% Le Petit Marseillais Dịu Nhẹ Lành Tính Nhiều Mùi Hương 2 x100g,292645726030,Sắc Đẹp,Tắm & chăm sóc cơ thể,Xà phòng & sữa tắm,,170000,1,Nguyễn Hồng Hà,pduc728fko,,176553504,,Chiến dịch mở rộng,127572,0,Đơn hàng trực tiếp,11481.48,11481.48,9%,0,0%,11481.48,11481.48,0,,Shopeevideo-Shopee,12400,Đã khấu trừ,Khấu trừ theo đơn hàng,2026-07-05 11:50:24
260703NYACKPG9,Hoàn thành,Hợp lệ,2026-07-03 12:19:49,2026-07-06 18:14:23,2026-07-06 18:14:23,25644330193,[QUÀ TẶNG KHÔNG BÁN] Bông Tạo Bọt Kì Cọ Tẩy Da Chết Màu Ngẫu Nhiên,346005340612,Nhà cửa & Đời sống,Đồ dùng phòng tắm,Bông tắm,475641850446114_0_0,0,1,Dưa hấu tv,nguyengiahuy_1.2,,122682417,,Chiến dịch mở rộng,0,0,Đơn hàng gián tiếp,0,0,4%,0,0%,13500,13500,0,,Others,0,,,
260703NYACKPG9,Hoàn thành,Hợp lệ,2026-07-03 12:19:49,2026-07-06 18:14:23,2026-07-06 18:14:23,29480146096,Sữa Tắm Thiên Nhiên 92% Le Petit Marseillais Nhiều Mùi Hương 250ml,310970228928,Sắc Đẹp,Tắm & chăm sóc cơ thể,Xà phòng & sữa tắm,475641850446114_0_0,200000,1,Dưa hấu tv,nguyengiahuy_1.2,,112409565,,Chiến dịch mở rộng,150000,0,Đơn hàng gián tiếp,6750,6750,"4,5%",0,0%,0,0,0,,Others,7290,Đã khấu trừ,Khấu trừ theo đơn hàng,2026-07-06 18:14:51
260703NYACKPG9,Hoàn thành,Hợp lệ,2026-07-03 12:19:49,2026-07-06 18:14:23,2026-07-06 18:14:23,29480146096,Sữa Tắm Thiên Nhiên 92% Le Petit Marseillais Nhiều Mùi Hương 250ml,310970228929,Sắc Đẹp,Tắm & chăm sóc cơ thể,Xà phòng & sữa tắm,475641850446114_0_0,200000,1,Dưa hấu tv,nguyengiahuy_1.2,,112409565,,Chiến dịch mở rộng,150000,0,Đơn hàng gián tiếp,6750,6750,"4,5%",0,0%,0,0,0,,Others,7290,Đã khấu trừ,Khấu trừ theo đơn hàng,2026-07-06 18:14:51
260703NWU8US7H,Hoàn thành,Hợp lệ,2026-07-03 11:53:27,2026-07-07 09:29:53,2026-07-07 09:29:53,27429281255,Sữa Tắm 98% Thiên Nhiên Le Petit Marseillais Thơm Làm Mềm Da Siêu Dịu Nhẹ Quả Mơ 400ml 3379,345969870490,Sắc Đẹp,Tắm & chăm sóc cơ thể,Xà phòng & sữa tắm,475641850446114_0_0,330000,1,DT Tung,khoadocao,,110249093,,Chiến dịch mở rộng,260700,0,Đơn hàng gián tiếp,10428,10428,4%,0,0%,67505.5,67505.5,0,,Others,11262,Trừ tiền chờ xử lý,,
260703NWU8US7H,Hoàn thành,Hợp lệ,2026-07-03 11:53:27,2026-07-07 09:29:53,2026-07-07 09:29:53,27730151664,Sữa Tắm Dưỡng Ẩm 98% Thiên Nhiên Le Petit Marseillais Hữu Cơ Nhiều Mùi Hương Thơm 400ml,365969915564,Sắc Đẹp,Tắm & chăm sóc cơ thể,Xà phòng & sữa tắm,475641850446114_0_0,330000,1,DT Tung,khoadocao,,112426971,,Chiến dịch mở rộng,260700,0,Đơn hàng gián tiếp,11731.5,11731.5,"4,5%",0,0%,0,0,0,,Others,12670,Trừ tiền chờ xử lý,,
260703NWU8US7H,Hoàn thành,Hợp lệ,2026-07-03 11:53:27,2026-07-07 09:29:53,2026-07-07 09:29:53,28879266618,Gel Tắm 98% Thiên Nhiên Le Petit Marseillais Làm Mềm Da Siêu Dịu Nhẹ Hương Hoa Hạnh Nhân 400ml 5055,440969868569,Sắc Đẹp,Tắm & chăm sóc cơ thể,Xà phòng & sữa tắm,475641850446114_0_0,330000,1,DT Tung,khoadocao,,110243946,,Chiến dịch mở rộng,260700,0,Đơn hàng gián tiếp,10428,10428,4%,0,0%,0,0,0,,Others,11262,Trừ tiền chờ xử lý,,
260703NWU8US7H,Hoàn thành,Hợp lệ,2026-07-03 11:53:27,2026-07-07 09:29:53,2026-07-07 09:29:53,29480146096,Sữa Tắm Thiên Nhiên 92% Le Petit Marseillais Nhiều Mùi Hương 250ml,315970228700,Sắc Đẹp,Tắm & chăm sóc cơ thể,Xà phòng & sữa tắm,475641850446114_0_0,200000,1,DT Tung,khoadocao,,112409565,,Chiến dịch mở rộng,158000,0,Đơn hàng gián tiếp,7110,7110,"4,5%",0,0%,0,0,0,,Others,7679,Trừ tiền chờ xử lý,,
260703NWU8US7H,Hoàn thành,Hợp lệ,2026-07-03 11:53:27,2026-07-07 09:29:53,2026-07-07 09:29:53,25644330193,[QUÀ TẶNG KHÔNG BÁN] Bông Tạo Bọt Kì Cọ Tẩy Da Chết Màu Ngẫu Nhiên,346005340612,Nhà cửa & Đời sống,Đồ dùng phòng tắm,Bông tắm,475641850446114_0_0,0,1,DT Tung,khoadocao,,122682417,,Chiến dịch mở rộng,0,0,Đơn hàng gián tiếp,0,0,4%,0,0%,0,0,0,,Others,0,,,
260703NWU8US7H,Hoàn thành,Hợp lệ,2026-07-03 11:53:27,2026-07-07 09:29:53,2026-07-07 09:29:53,29480146096,Sữa Tắm Thiên Nhiên 92% Le Petit Marseillais Nhiều Mùi Hương 250ml,310970228930,Sắc Đẹp,Tắm & chăm sóc cơ thể,Xà phòng & sữa tắm,475641850446114_0_0,200000,1,DT Tung,khoadocao,,112409565,,Chiến dịch mở rộng,158000,0,Đơn hàng gián tiếp,7110,7110,"4,5%",0,0%,0,0,0,,Others,7679,Trừ tiền chờ xử lý,,
260703NWU8US7H,Hoàn thành,Hợp lệ,2026-07-03 11:53:27,2026-07-07 09:29:53,2026-07-07 09:29:53,29480146096,Sữa Tắm Thiên Nhiên 92% Le Petit Marseillais Nhiều Mùi Hương 250ml,315970228696,Sắc Đẹp,Tắm & chăm sóc cơ thể,Xà phòng & sữa tắm,475641850446114_0_0,200000,1,DT Tung,khoadocao,,112409565,,Chiến dịch mở rộng,158000,0,Đơn hàng gián tiếp,7110,7110,"4,5%",0,0%,0,0,0,,Others,7679,Trừ tiền chờ xử lý,,
260703NWU8US7H,Hoàn thành,Hợp lệ,2026-07-03 11:53:27,2026-07-07 09:29:53,2026-07-07 09:29:53,29480146096,Sữa Tắm Thiên Nhiên 92% Le Petit Marseillais Nhiều Mùi Hương 250ml,315970228701,Sắc Đẹp,Tắm & chăm sóc cơ thể,Xà phòng & sữa tắm,475641850446114_0_0,200000,1,DT Tung,khoadocao,,112409565,,Chiến dịch mở rộng,158000,0,Đơn hàng gián tiếp,7110,7110,"4,5%",0,0%,0,0,0,,Others,7679,Trừ tiền chờ xử lý,,
260703NWU8US7H,Hoàn thành,Hợp lệ,2026-07-03 11:53:27,2026-07-07 09:29:53,2026-07-07 09:29:53,25692866155,Sữa Tắm Nam 4 in 1 92% Thiên Nhiên Le Petit Marseillais Nhiều Mùi Hương 250ml,345969754133,Sắc Đẹp,Chăm sóc nam giới,Sữa tắm & chăm sóc cơ thể,475641850446114_0_0,205000,1,DT Tung,khoadocao,,112434462,,Chiến dịch mở rộng,161950,0,Đơn hàng gián tiếp,6478,6478,4%,0,0%,0,0,0,,Others,6996,Trừ tiền chờ xử lý,,
260703NW7CP8Y9,Hoàn thành,Hợp lệ,2026-07-03 11:42:22,2026-07-07 11:23:18,2026-07-07 11:23:18,25644330193,[QUÀ TẶNG KHÔNG BÁN] Bông Tạo Bọt Kì Cọ Tẩy Da Chết Màu Ngẫu Nhiên,346005340612,Nhà cửa & Đời sống,Đồ dùng phòng tắm,Bông tắm,475641850446114_0_0,0,1,Săn Seo Cùng Mẹ Bỉm,thuyeupanda,,122682417,,Chiến dịch mở rộng,0,0,Đơn hàng trực tiếp,0,0,8%,0,0%,14400,14400,0,,Shopeevideo-Shopee,0,,,
260703NW7CP8Y9,Hoàn thành,Hợp lệ,2026-07-03 11:42:22,2026-07-07 11:23:18,2026-07-07 11:23:18,29480146096,Sữa Tắm Thiên Nhiên 92% Le Petit Marseillais Nhiều Mùi Hương 250ml,315970228701,Sắc Đẹp,Tắm & chăm sóc cơ thể,Xà phòng & sữa tắm,475641850446114_0_0,200000,1,Săn Seo Cùng Mẹ Bỉm,thuyeupanda,,112409565,,Chiến dịch mở rộng,160000,0,Đơn hàng trực tiếp,14400,14400,9%,0,0%,0,0,0,,Shopeevideo-Shopee,15552,Trừ tiền chờ xử lý,,
260703NV0E8K2S,Hoàn thành,Hợp lệ,2026-07-03 11:20:35,2026-07-07 12:32:12,2026-07-07 12:32:12,44004810239,Combo Dầu Gội Xả Thiên Nhiên Chăm Sóc Tóc Le Petit Marseillais Mềm Mượt,380972210356,Sắc Đẹp,Chăm sóc tóc,Dầu gội,,635000,1,Chú Tùng Ham Vui,tungnh6688,,140733646,,Chiến dịch mở rộng,555000,0,Đơn hàng gián tiếp,24975,24975,"4,5%",0,0%,24975,24975,0,,Facebook,26973,Trừ tiền chờ xử lý,,
260703NU4CUW5P,Hoàn thành,Hợp lệ,2026-07-03 11:04:55,2026-07-07 12:25:02,2026-07-07 12:25:02,25644330193,[QUÀ TẶNG KHÔNG BÁN] Bông Tạo Bọt Kì Cọ Tẩy Da Chết Màu Ngẫu Nhiên,346005340612,Nhà cửa & Đời sống,Đồ dùng phòng tắm,Bông tắm,475641850446114_0_0,0,1,Alex Dealer shopee ☑️,hhshop9x,,122682417,,Chiến dịch mở rộng,0,0,Đơn hàng trực tiếp,0,0,8%,0,0%,16400,16400,0,,Shopeevideo-Shopee,0,,,
260703NU4CUW5P,Hoàn thành,Hợp lệ,2026-07-03 11:04:55,2026-07-07 12:25:02,2026-07-07 12:25:02,25692866155,Sữa Tắm Nam 4 in 1 92% Thiên Nhiên Le Petit Marseillais Nhiều Mùi Hương 250ml,345969754131,Sắc Đẹp,Chăm sóc nam giới,Sữa tắm & chăm sóc cơ thể,475641850446114_0_0,205000,1,Alex Dealer shopee ☑️,hhshop9x,,112434462,,Chiến dịch mở rộng,205000,0,Đơn hàng trực tiếp,16400,16400,8%,0,0%,0,0,0,,Shopeevideo-Shopee,17712,Trừ tiền chờ xử lý,,
260703NTSDXJKY,Hoàn thành,Hợp lệ,2026-07-03 10:58:45,2026-07-07 10:27:11,2026-07-07 10:27:11,25947267438,Hộp 2 Bánh Xà Phòng Thiên Nhiên 98% Le Petit Marseillais Dịu Nhẹ Lành Tính Nhiều Mùi Hương 2 x100g,292645726031,Sắc Đẹp,Tắm & chăm sóc cơ thể,Xà phòng & sữa tắm,,170000,1,Nguyễn Hồng Hà,pduc728fko,,176553504,,Chiến dịch mở rộng,135900,0,Đơn hàng trực tiếp,12231,12231,9%,0,0%,12231,12231,0,,Shopeevideo-Shopee,13209,Trừ tiền chờ xử lý,,
260703NP6G9RXY,Hoàn thành,Hợp lệ,2026-07-03 09:36:37,2026-07-07 14:07:36,2026-07-07 14:07:36,25644330193,[QUÀ TẶNG KHÔNG BÁN] Bông Tạo Bọt Kì Cọ Tẩy Da Chết Màu Ngẫu Nhiên,346005340612,Nhà cửa & Đời sống,Đồ dùng phòng tắm,Bông tắm,475641850446114_0_0,0,1,mngocshop133,mngocshop133,"Accesstrade,Interspace",122682417,,Chiến dịch mở rộng,0,0,Đơn hàng trực tiếp,0,0,8%,0,0%,15840,15840,0,,Shopeelive-Shopee,0,,,
260703NP6G9RXY,Hoàn thành,Hợp lệ,2026-07-03 09:36:37,2026-07-07 14:07:36,2026-07-07 14:07:36,29480146096,Sữa Tắm Thiên Nhiên 92% Le Petit Marseillais Nhiều Mùi Hương 250ml,315970228697,Sắc Đẹp,Tắm & chăm sóc cơ thể,Xà phòng & sữa tắm,475641850446114_0_0,200000,1,mngocshop133,mngocshop133,"Accesstrade,Interspace",112409565,,Chiến dịch mở rộng,176000,0,Đơn hàng trực tiếp,15840,15840,9%,0,0%,0,0,0,,Shopeelive-Shopee,17107,Trừ tiền chờ xử lý,,
260703NMJE80YD,Hoàn thành,Hợp lệ,2026-07-03 09:07:28,2026-07-07 17:36:53,2026-07-07 17:36:53,25692866155,Sữa Tắm Nam 4 in 1 92% Thiên Nhiên Le Petit Marseillais Nhiều Mùi Hương 250ml,345969754133,Sắc Đẹp,Chăm sóc nam giới,Sữa tắm & chăm sóc cơ thể,,205000,1,CreatorX Media Network,creatorxmedianetwork,,112434462,,Chiến dịch mở rộng,164000,0,Đơn hàng gián tiếp,6560,6560,4%,0,0%,20960,20960,0,,Others,7085,Trừ tiền chờ xử lý,,
260703NMJE80YD,Hoàn thành,Hợp lệ,2026-07-03 09:07:28,2026-07-07 17:36:53,2026-07-07 17:36:53,29480146096,Sữa Tắm Thiên Nhiên 92% Le Petit Marseillais Nhiều Mùi Hương 250ml,310970228930,Sắc Đẹp,Tắm & chăm sóc cơ thể,Xà phòng & sữa tắm,,200000,1,CreatorX Media Network,creatorxmedianetwork,,112409565,,Chiến dịch mở rộng,160000,0,Đơn hàng gián tiếp,7200,7200,"4,5%",0,0%,0,0,0,,Others,7776,Trừ tiền chờ xử lý,,
260703NMJE80YD,Hoàn thành,Hợp lệ,2026-07-03 09:07:28,2026-07-07 17:36:53,2026-07-07 17:36:53,29480146096,Sữa Tắm Thiên Nhiên 92% Le Petit Marseillais Nhiều Mùi Hương 250ml,315970228700,Sắc Đẹp,Tắm & chăm sóc cơ thể,Xà phòng & sữa tắm,,200000,1,CreatorX Media Network,creatorxmedianetwork,,112409565,,Chiến dịch mở rộng,160000,0,Đơn hàng gián tiếp,7200,7200,"4,5%",0,0%,0,0,0,,Others,7776,Trừ tiền chờ xử lý,,
260703NF3BBBQQ,Hoàn thành,Hợp lệ,2026-07-03 07:29:34,2026-07-05 22:05:01,2026-07-05 22:05:01,29880370481,Kem Dưỡng Tay 24h Thiên Nhiên Le Petit Marseillais Nhiều Mùi Hương 75ml,129503370888,Sắc Đẹp,"Chăm sóc tay, chân & móng",Chăm sóc tay,,220000,1,Siêu Thị Online Vương Cung,cungcung737,,112922896,,Chiến dịch mở rộng,189000,0,Đơn hàng trực tiếp,15120,15120,8%,0,0%,15120,15120,0,,Shopeevideo-Shopee,16330,Đã khấu trừ,Khấu trừ theo đơn hàng,2026-07-05 22:05:32
260703MVQYEXFR,Hoàn thành,Hợp lệ,2026-07-03 02:01:04,2026-07-07 01:18:48,2026-07-07 01:18:48,29680365284,Dầu Gội Thiên Nhiên Le Petit Marseillais Hữu Cơ Nhiều Mùi Hương 250ml,370971985648,Sắc Đẹp,Chăm sóc tóc,Dầu gội,,267000,1,Đinh Vương,dinhvuong0866,,112920799,,Chiến dịch mở rộng,149520,0,Đơn hàng gián tiếp,6728.4,6728.4,"4,5%",0,0%,6728.4,6728.4,0,,Websites,7267,Đã khấu trừ,Khấu trừ theo đơn hàng,2026-07-07 01:19:15
260703MURSUNX7,Hoàn thành,Hợp lệ,2026-07-03 01:43:38,2026-07-07 11:08:31,2026-07-07 11:08:31,24142870859,Sữa Tắm Thơm Lâu Le Petit Marseillais Gel 92% Thiên Nhiên Da Nhạy Cảm Nhiều Mùi Hương 650ml,350973489406,Sắc Đẹp,Tắm & chăm sóc cơ thể,Xà phòng & sữa tắm,475641850446114_0_0,394000,1,Quỳnh Đặng,rainie_star1210,,112430963,,Chiến dịch mở rộng,244752,0,Đơn hàng gián tiếp,11013.84,11013.84,"4,5%",0,0%,20625.84,20625.84,0,,Others,11895,Trừ tiền chờ xử lý,,
260703MURSUNX7,Hoàn thành,Hợp lệ,2026-07-03 01:43:38,2026-07-07 11:08:31,2026-07-07 11:08:31,25644330193,[QUÀ TẶNG KHÔNG BÁN] Bông Tạo Bọt Kì Cọ Tẩy Da Chết Màu Ngẫu Nhiên,346005340612,Nhà cửa & Đời sống,Đồ dùng phòng tắm,Bông tắm,475641850446114_0_0,0,1,Quỳnh Đặng,rainie_star1210,,122682417,,Chiến dịch mở rộng,0,0,Đơn hàng gián tiếp,0,0,4%,0,0%,0,0,0,,Others,0,,,
260703MURSUNX7,Hoàn thành,Hợp lệ,2026-07-03 01:43:38,2026-07-07 11:08:31,2026-07-07 11:08:31,29680365284,Dầu Gội Thiên Nhiên Le Petit Marseillais Hữu Cơ Nhiều Mùi Hương 250ml,370971985648,Sắc Đẹp,Chăm sóc tóc,Dầu gội,,267000,1,Quỳnh Đặng,rainie_star1210,,112920799,,Chiến dịch mở rộng,213600,0,Đơn hàng gián tiếp,9612,9612,"4,5%",0,0%,0,0,0,,Others,10381,Trừ tiền chờ xử lý,,
260703MU9BVYBF,Hoàn thành,Hợp lệ,2026-07-03 01:35:01,2026-07-07 16:16:00,2026-07-07 16:16:00,29680365284,Dầu Gội Thiên Nhiên Le Petit Marseillais Hữu Cơ Nhiều Mùi Hương 250ml,370971985649,Sắc Đẹp,Chăm sóc tóc,Dầu gội,,267000,1,Opera,opera109,,112920799,,Chiến dịch mở rộng,229620,0,Đơn hàng gián tiếp,10332.9,10332.9,"4,5%",0,0%,10332.9,10332.9,0,,Others,11160,Trừ tiền chờ xử lý,,
260703MTENB50G,Hoàn thành,Hợp lệ,2026-07-03 01:20:05,2026-07-08 12:27:02,2026-07-08 12:27:02,25644330193,[QUÀ TẶNG KHÔNG BÁN] Bông Tạo Bọt Kì Cọ Tẩy Da Chết Màu Ngẫu Nhiên,346005340612,Nhà cửa & Đời sống,Đồ dùng phòng tắm,Bông tắm,475641850446114_0_0,0,1,CreatorX Media Network,creatorxmedianetwork,,122682417,,Chiến dịch mở rộng,0,0,Đơn hàng gián tiếp,0,0,4%,0,0%,35533.8,35533.8,0,,Websites,0,,,
260703MTENB50G,Hoàn thành,Hợp lệ,2026-07-03 01:20:05,2026-07-08 12:27:02,2026-07-08 12:27:02,25692912400,Sữa Dưỡng Thể Body Lotion Thiên Nhiên Le Petit Marseillais Hữu Cơ Nhiều Mùi Hương 250ml,375972102742,Sắc Đẹp,Tắm & chăm sóc cơ thể,Kem & sữa dưỡng thể,,379000,1,CreatorX Media Network,creatorxmedianetwork,,112708614,,Chiến dịch mở rộng,288040,0,Đơn hàng gián tiếp,12961.8,12961.8,"4,5%",0,0%,0,0,0,,Websites,13999,Trừ tiền chờ xử lý,,
260703MTENB50G,Hoàn thành,Hợp lệ,2026-07-03 01:20:05,2026-07-08 12:27:02,2026-07-08 12:27:02,27730151664,Sữa Tắm Dưỡng Ẩm 98% Thiên Nhiên Le Petit Marseillais Hữu Cơ Nhiều Mùi Hương Thơm 400ml,365969915566,Sắc Đẹp,Tắm & chăm sóc cơ thể,Xà phòng & sữa tắm,475641850446114_0_0,330000,2,CreatorX Media Network,creatorxmedianetwork,,112426971,,Chiến dịch mở rộng,501600,0,Đơn hàng gián tiếp,22572,22572,"4,5%",0,0%,0,0,0,,Websites,24378,Trừ tiền chờ xử lý,,
260703MQ99Y641,Hoàn thành,Hợp lệ,2026-07-03 00:23:23,2026-07-07 14:11:56,2026-07-07 14:11:56,25644330193,[QUÀ TẶNG KHÔNG BÁN] Bông Tạo Bọt Kì Cọ Tẩy Da Chết Màu Ngẫu Nhiên,346005340612,Nhà cửa & Đời sống,Đồ dùng phòng tắm,Bông tắm,475641850446114_0_0,0,1,ShopBack Việt Nam,shopbackvn_,,122682417,,Chiến dịch mở rộng,0,0,Đơn hàng trực tiếp,0,0,8%,0,0%,10709.84,10709.84,0,,Websites,0,,,
260703MQ99Y641,Hoàn thành,Hợp lệ,2026-07-03 00:23:23,2026-07-07 14:11:56,2026-07-07 14:11:56,29628482446,Sữa Tắm Pháp 92% Thiên Nhiên Le Petit Marseillais Dịu Nhẹ Mâm Xôi Hữu Cơ & Hoa Mẫu Đơn 250ml 8441,340969666086,Sắc Đẹp,Tắm & chăm sóc cơ thể,Xà phòng & sữa tắm,475641850446114_0_0,200000,1,ShopBack Việt Nam,shopbackvn_,,109863148,,Chiến dịch mở rộng,133873,0,Đơn hàng trực tiếp,10709.84,10709.84,8%,0,0%,0,0,0,,Websites,11567,Trừ tiền chờ xử lý,,
260703MPGVTVVF,Hoàn thành,Hợp lệ,2026-07-03 00:09:45,2026-07-07 00:25:39,2026-07-07 00:25:39,44004810239,Combo Dầu Gội Xả Thiên Nhiên Chăm Sóc Tóc Le Petit Marseillais Mềm Mượt,380972210352,Sắc Đẹp,Chăm sóc tóc,Dầu gội,,492000,1,Kim Dung,kimdungmcg,,140733646,,Chiến dịch mở rộng,403440,0,Đơn hàng trực tiếp,36309.6,36309.6,9%,0,0%,36309.6,36309.6,0,,Shopeelive-Shopee,39214,Đã khấu trừ,Khấu trừ theo đơn hàng,2026-07-07 01:03:19
260703MP95TYJA,Hoàn thành,Hợp lệ,2026-07-03 00:05:26,2026-07-07 11:35:11,2026-07-07 11:35:11,25644330193,[QUÀ TẶNG KHÔNG BÁN] Bông Tạo Bọt Kì Cọ Tẩy Da Chết Màu Ngẫu Nhiên,346005340612,Nhà cửa & Đời sống,Đồ dùng phòng tắm,Bông tắm,475641850446114_0_0,0,1,Lam review,trandinhhoanglam,,122682417,,Chiến dịch mở rộng,0,0,Đơn hàng gián tiếp,0,0,4%,0,0%,13169.565,13169.565,0,,Others,0,,,
260703MP95TYJA,Hoàn thành,Hợp lệ,2026-07-03 00:05:26,2026-07-07 11:35:11,2026-07-07 11:35:11,24142870859,Sữa Tắm Thơm Lâu Le Petit Marseillais Gel 92% Thiên Nhiên Da Nhạy Cảm Nhiều Mùi Hương 650ml,350973489402,Sắc Đẹp,Tắm & chăm sóc cơ thể,Xà phòng & sữa tắm,475641850446114_0_0,394000,1,Lam review,trandinhhoanglam,,112430963,,Chiến dịch mở rộng,292657,0,Đơn hàng gián tiếp,13169.565,13169.565,"4,5%",0,0%,0,0,0,,Others,14223,Trừ tiền chờ xử lý,,
260703MP3YY6AU,Hoàn thành,Hợp lệ,2026-07-03 00:02:32,2026-07-05 00:02:24,2026-07-05 00:02:24,24692615669,Sữa Tắm Nam 4 in 1 92% Thiên Nhiên Le Petit Marseillais Chiết Xuất Gỗ Tuyết Tùng & Dương Xỉ 250ml 1172,375969714396,Sắc Đẹp,Chăm sóc nam giới,Sữa tắm & chăm sóc cơ thể,475641850446114_0_0,205000,1,ACCESSTRADEVN,accesstrade_banking,,110670487,,Chiến dịch mở rộng,205000,0,Đơn hàng trực tiếp,16400,16400,8%,0,0%,16400,16400,0,,Websites,17712,Đã khấu trừ,Khấu trừ theo đơn hàng,2026-07-05 01:00:24
260703MP3YY6AU,Hoàn thành,Hợp lệ,2026-07-03 00:02:32,2026-07-05 00:02:24,2026-07-05 00:02:24,25644330193,[QUÀ TẶNG KHÔNG BÁN] Bông Tạo Bọt Kì Cọ Tẩy Da Chết Màu Ngẫu Nhiên,346005340612,Nhà cửa & Đời sống,Đồ dùng phòng tắm,Bông tắm,475641850446114_0_0,0,1,ACCESSTRADEVN,accesstrade_banking,,122682417,,Chiến dịch mở rộng,0,0,Đơn hàng trực tiếp,0,0,8%,0,0%,0,0,0,,Websites,0,,,
260702MHNN50YG,Hoàn thành,Hợp lệ,2026-07-02 22:42:56,2026-07-06 20:40:57,2026-07-06 20:40:57,29480146096,Sữa Tắm Thiên Nhiên 92% Le Petit Marseillais Nhiều Mùi Hương 250ml,315970228701,Sắc Đẹp,Tắm & chăm sóc cơ thể,Xà phòng & sữa tắm,,200000,1,CreatorX Media Network,creatorxmedianetwork,,112409565,,Chiến dịch mở rộng,160000,0,Đơn hàng gián tiếp,7200,7200,"4,5%",0,0%,15202.28,15202.28,0,,Websites,7776,Đã khấu trừ,Khấu trừ theo đơn hàng,2026-07-06 20:41:24
260702MHNN50YG,Hoàn thành,Hợp lệ,2026-07-02 22:42:56,2026-07-06 20:40:57,2026-07-06 20:40:57,41900312088,Dầu Gội Trẻ Em 2in1 94% Thiên Nhiên Le Petit Marseillais Giúp Gỡ Rối Tóc Chiết Xuất Quả Đào & Quả Mơ 300ml 0435,218837639344,Mẹ & Bé,Đồ dùng phòng tắm & Chăm sóc cơ thể bé,Sản phẩm tắm & gội cho bé,,326000,1,CreatorX Media Network,creatorxmedianetwork,,128186974,,Chiến dịch mở rộng,200057,0,Đơn hàng gián tiếp,8002.28,8002.28,4%,0,0%,0,0,0,,Websites,8642,Đã khấu trừ,Khấu trừ theo đơn hàng,2026-07-06 20:41:24
260702MGWW475G,Hoàn thành,Hợp lệ,2026-07-02 22:29:38,2026-07-07 09:27:24,2026-07-07 09:27:24,24142870859,Sữa Tắm Thơm Lâu Le Petit Marseillais Gel 92% Thiên Nhiên Da Nhạy Cảm Nhiều Mùi Hương 650ml,350973489414,Sắc Đẹp,Tắm & chăm sóc cơ thể,Xà phòng & sữa tắm,475641850446114_0_0,394000,1,Meetoo,meetooit,,112430963,,Chiến dịch mở rộng,327020,0,Đơn hàng gián tiếp,14715.9,14715.9,"4,5%",0,0%,14715.9,14715.9,0,,Facebook,15893,Trừ tiền chờ xử lý,,
260702MGWW475G,Hoàn thành,Hợp lệ,2026-07-02 22:29:38,2026-07-07 09:27:24,2026-07-07 09:27:24,25644330193,[QUÀ TẶNG KHÔNG BÁN] Bông Tạo Bọt Kì Cọ Tẩy Da Chết Màu Ngẫu Nhiên,346005340612,Nhà cửa & Đời sống,Đồ dùng phòng tắm,Bông tắm,475641850446114_0_0,0,1,Meetoo,meetooit,,122682417,,Chiến dịch mở rộng,0,0,Đơn hàng gián tiếp,0,0,4%,0,0%,0,0,0,,Facebook,0,,,
260702ME85BN04,Hoàn thành,Hợp lệ,2026-07-02 21:41:41,2026-07-07 10:19:49,2026-07-07 10:19:49,29144302049,[DEAL 8/3] Combo Dầu Gội-Xả Thiên Nhiên Chăm Sóc Tóc Le Petit Marseillais Mềm Mượt 250ML + 200ML,310972753196,Sắc Đẹp,Chăm sóc tóc,Dầu gội,,492000,1,Sachtienganh,hoaininh10489,,226836724,,Chiến dịch mở rộng,274217,0,Đơn hàng gián tiếp,12339.765,12339.765,"4,5%",0,0%,12339.765,12339.765,0,,Facebook,13327,Trừ tiền chờ xử lý,,
260702ME4YAUYE,Hoàn thành,Hợp lệ,2026-07-02 21:39:55,2026-07-04 19:21:43,2026-07-04 19:21:43,26879882339,Dầu Xả Dưỡng Ẩm 95% Thiên Nhiên Le Petit Marseillais Chiết Xuất Dừa Hữu Cơ 200ml 4752,445972126965,Sắc Đẹp,Chăm sóc tóc,Dầu xả,,225000,1,Solea Cosmetics,hanhdung111107,,111647232,,Chiến dịch mở rộng,156249,0,Đơn hàng gián tiếp,7031.205,7031.205,"4,5%",0,0%,7031.205,7031.205,0,,Facebook,7594,Đã khấu trừ,Khấu trừ theo đơn hàng,2026-07-04 19:22:11
260702MDFMGT3U,Hoàn thành,Hợp lệ,2026-07-02 21:28:00,2026-07-07 21:15:47,2026-07-07 21:15:47,40972201620,Dầu Gội Thiên Nhiên 97% Le Petit Marseillais Bảo Vệ Màu Tóc Nhuộm Với Chiết Xuất Lựu Hữu Cơ 250ml 7450,390970070960,Sắc Đẹp,Chăm sóc tóc,Dầu gội,,267000,1,Nguyễn Hồng Hà,pduc728fko,,176524226,,Chiến dịch mở rộng,221610,0,Đơn hàng trực tiếp,17728.8,17728.8,8%,0,0%,17728.8,17728.8,0,,Shopeevideo-Shopee,19147,Trừ tiền chờ xử lý,,
260702MBUT196C,Hoàn thành,Hợp lệ,2026-07-02 20:59:00,2026-07-04 15:42:33,2026-07-04 15:42:33,29880370481,Kem Dưỡng Tay 24h Thiên Nhiên Le Petit Marseillais Nhiều Mùi Hương 75ml,128470976818,Sắc Đẹp,"Chăm sóc tay, chân & móng",Chăm sóc tay,,220000,1,Nguyễn Nhật,nguyennhat.28,,112922896,,Chiến dịch mở rộng,133250,0,Đơn hàng gián tiếp,5330,5330,4%,0,0%,5330,5330,0,,Facebook,5756,Đã khấu trừ,Khấu trừ theo đơn hàng,2026-07-04 15:43:02
260702MBK7DYKQ,Hoàn thành,Hợp lệ,2026-07-02 20:54:11,2026-07-06 07:30:47,2026-07-06 07:30:47,28192387521,Hộp 4 Bánh Xà Phòng Tắm Thiên Nhiên 98% Le Petit Marseillais Dịu Nhẹ Chiết Xuất Vani 4x100G 8368,425970259400,Sắc Đẹp,Tắm & chăm sóc cơ thể,Xà phòng & sữa tắm,,265000,1,CreatorX Media Network,creatorxmedianetwork,,176476887,,Chiến dịch mở rộng,212000,0,Đơn hàng gián tiếp,8480,8480,4%,0,0%,8480,8480,0,,Others,9158,Đã khấu trừ,Khấu trừ theo đơn hàng,2026-07-06 07:31:14
260702MBCW7M2B,Hoàn thành,Hợp lệ,2026-07-02 20:50:40,2026-07-07 17:06:53,2026-07-07 17:06:53,29480146096,Sữa Tắm Thiên Nhiên 92% Le Petit Marseillais Nhiều Mùi Hương 250ml,315970228699,Sắc Đẹp,Tắm & chăm sóc cơ thể,Xà phòng & sữa tắm,475641850446114_0_0,200000,1,Minh Quả Tạ,minhquata05,,112409565,,Chiến dịch mở rộng,133813,0,Đơn hàng trực tiếp,12043.17,12043.17,9%,0,0%,12043.17,12043.17,0,,Shopeelive-Shopee,13007,Trừ tiền chờ xử lý,,
260702MBCW7M2B,Hoàn thành,Hợp lệ,2026-07-02 20:50:40,2026-07-07 17:06:53,2026-07-07 17:06:53,25644330193,[QUÀ TẶNG KHÔNG BÁN] Bông Tạo Bọt Kì Cọ Tẩy Da Chết Màu Ngẫu Nhiên,346005340612,Nhà cửa & Đời sống,Đồ dùng phòng tắm,Bông tắm,475641850446114_0_0,0,1,Minh Quả Tạ,minhquata05,,122682417,,Chiến dịch mở rộng,0,0,Đơn hàng trực tiếp,0,0,8%,0,0%,0,0,0,,Shopeelive-Shopee,0,,,
260702MAMH3NQT,Hoàn thành,Hợp lệ,2026-07-02 20:37:01,2026-07-08 12:04:39,2026-07-08 12:04:39,25644330193,[QUÀ TẶNG KHÔNG BÁN] Bông Tạo Bọt Kì Cọ Tẩy Da Chết Màu Ngẫu Nhiên,346005340612,Nhà cửa & Đời sống,Đồ dùng phòng tắm,Bông tắm,475641850446114_0_0,0,1,Góc Review,bocuasua,,122682417,,Chiến dịch mở rộng,0,0,Đơn hàng gián tiếp,0,0,4%,0,0%,14450,14450,0,,Facebook,0,,,
260702MAMH3NQT,Hoàn thành,Hợp lệ,2026-07-02 20:37:01,2026-07-08 12:04:39,2026-07-08 12:04:39,25992270714,Sữa Tắm 92% Thiên Nhiên Le Petit Marseillais Dịu Nhẹ Sữa Vani Hữu Cơ 250ml 0526,282645378530,Sắc Đẹp,Tắm & chăm sóc cơ thể,Xà phòng & sữa tắm,475641850446114_0_0,200000,1,Góc Review,bocuasua,,109863143,,Chiến dịch mở rộng,170000,0,Đơn hàng gián tiếp,6800,6800,4%,0,0%,0,0,0,,Facebook,7344,Trừ tiền chờ xử lý,,
260702MAMH3NQT,Hoàn thành,Hợp lệ,2026-07-02 20:37:01,2026-07-08 12:04:39,2026-07-08 12:04:39,29480146096,Sữa Tắm Thiên Nhiên 92% Le Petit Marseillais Nhiều Mùi Hương 250ml,315970228701,Sắc Đẹp,Tắm & chăm sóc cơ thể,Xà phòng & sữa tắm,475641850446114_0_0,200000,1,Góc Review,bocuasua,,112409565,,Chiến dịch mở rộng,170000,0,Đơn hàng gián tiếp,7650,7650,"4,5%",0,0%,0,0,0,,Facebook,8262,Trừ tiền chờ xử lý,,
260702M68FSFDW,Hoàn thành,Hợp lệ,2026-07-02 19:18:42,2026-07-07 11:13:07,2026-07-07 11:13:07,25644330193,[QUÀ TẶNG KHÔNG BÁN] Bông Tạo Bọt Kì Cọ Tẩy Da Chết Màu Ngẫu Nhiên,346005340612,Nhà cửa & Đời sống,Đồ dùng phòng tắm,Bông tắm,475641850446114_0_0,0,1,Ngọc Yếnn,ngocyenxinchao,,122682417,,Chiến dịch mở rộng,0,0,Đơn hàng gián tiếp,0,0,4%,0,0%,4104.44,4104.44,0,,Facebook,0,,,
260702M68FSFDW,Hoàn thành,Hợp lệ,2026-07-02 19:18:42,2026-07-07 11:13:07,2026-07-07 11:13:07,25692866155,Sữa Tắm Nam 4 in 1 92% Thiên Nhiên Le Petit Marseillais Nhiều Mùi Hương 250ml,345969754130,Sắc Đẹp,Chăm sóc nam giới,Sữa tắm & chăm sóc cơ thể,475641850446114_0_0,205000,1,Ngọc Yếnn,ngocyenxinchao,,112434462,,Chiến dịch mở rộng,102611,0,Đơn hàng gián tiếp,4104.44,4104.44,4%,0,0%,0,0,0,,Facebook,4433,Trừ tiền chờ xử lý,,
260702M5PKKCU5,Hoàn thành,Hợp lệ,2026-07-02 19:08:42,2026-07-08 10:36:05,2026-07-08 10:36:05,40150321685,Dầu Gội Trẻ Em 2in1 94% Thiên Nhiên Le Petit Marseillais Giúp Gỡ Rối Tóc Chiết Xuất Quả Mâm Xôi & Bông 300ml 0442,310970725469,Mẹ & Bé,Đồ dùng phòng tắm & Chăm sóc cơ thể bé,Sản phẩm tắm & gội cho bé,,326000,1,ShopBack Việt Nam,shopbackvn_,,128185567,,Chiến dịch mở rộng,267320,0,Đơn hàng trực tiếp,21385.6,21385.6,8%,0,0%,21385.6,21385.6,0,,Websites,23096,Trừ tiền chờ xử lý,,
260702M4ERHMBW,Chờ xử lý,Hợp lệ,2026-07-02 18:46:25,,,25644330193,[QUÀ TẶNG KHÔNG BÁN] Bông Tạo Bọt Kì Cọ Tẩy Da Chết Màu Ngẫu Nhiên,346005340612,Nhà cửa & Đời sống,Đồ dùng phòng tắm,Bông tắm,475641850446114_0_0,0,1,Mai Hùng,maimanhhung,,122682417,,Chiến dịch mở rộng,0,0,Đơn hàng gián tiếp,0,0,4%,0,0%,5430.48,5430.48,0,"Trạng thái của đơn hàng đang chờ xử lý, hoa hồng chỉ được thanh toán khi nó hoàn thành.",Facebook,0,,,
260702M4ERHMBW,Chờ xử lý,Hợp lệ,2026-07-02 18:46:25,,,25692866155,Sữa Tắm Nam 4 in 1 92% Thiên Nhiên Le Petit Marseillais Nhiều Mùi Hương 250ml,345969754133,Sắc Đẹp,Chăm sóc nam giới,Sữa tắm & chăm sóc cơ thể,475641850446114_0_0,205000,1,Mai Hùng,maimanhhung,,112434462,,Chiến dịch mở rộng,135762,0,Đơn hàng gián tiếp,5430.48,5430.48,4%,0,0%,0,0,0,"Trạng thái của đơn hàng đang chờ xử lý, hoa hồng chỉ được thanh toán khi nó hoàn thành.",Facebook,5865,Trừ tiền chờ xử lý,,
260702M1GWCX2Q,Chờ xử lý,Hợp lệ,2026-07-02 17:53:57,,,26278578077,Sữa Tắm Thơm Lâu 92% Thiên Nhiên Le Petit Marseillais Dịu Nhẹ Đào Trắng Hữu Cơ Và Xuân Đào Hữu Cơ 250ml 1240,380971919521,Sắc Đẹp,Tắm & chăm sóc cơ thể,Xà phòng & sữa tắm,475641850446114_0_0,200000,1,2Huan,2huantran,,109863156,,Chiến dịch mở rộng,147900,0,Đơn hàng trực tiếp,13311,13311,9%,0,0%,13311,13311,0,"Trạng thái của đơn hàng đang chờ xử lý, hoa hồng chỉ được thanh toán khi nó hoàn thành.",Shopeelive-Shopee,14376,Trừ tiền chờ xử lý,,
260702M1GWCX2Q,Chờ xử lý,Hợp lệ,2026-07-02 17:53:57,,,25644330193,[QUÀ TẶNG KHÔNG BÁN] Bông Tạo Bọt Kì Cọ Tẩy Da Chết Màu Ngẫu Nhiên,346005340612,Nhà cửa & Đời sống,Đồ dùng phòng tắm,Bông tắm,475641850446114_0_0,0,1,2Huan,2huantran,,122682417,,Chiến dịch mở rộng,0,0,Đơn hàng trực tiếp,0,0,8%,0,0%,0,0,0,"Trạng thái của đơn hàng đang chờ xử lý, hoa hồng chỉ được thanh toán khi nó hoàn thành.",Shopeelive-Shopee,0,,,
260702KY3ESRJD,Hoàn thành,Hợp lệ,2026-07-02 17:10:38,2026-07-07 00:06:07,2026-07-07 00:06:07,44004810239,Combo Dầu Gội Xả Thiên Nhiên Chăm Sóc Tóc Le Petit Marseillais Mềm Mượt,380972210355,Sắc Đẹp,Chăm sóc tóc,Dầu gội,,492000,1,Vu Hoang De,vuhoangde.1999,"Accesstrade,Interspace",140733646,,Chiến dịch mở rộng,403440,0,Đơn hàng trực tiếp,36309.6,36309.6,9%,0,0%,36309.6,36309.6,0,,Shopeevideo-Shopee,39214,Đã khấu trừ,Khấu trừ theo đơn hàng,2026-07-07 01:01:15
260702KWYMHCNP,Hoàn thành,Hợp lệ,2026-07-02 16:50:36,2026-07-07 12:43:38,2026-07-07 12:43:38,24142870859,Sữa Tắm Thơm Lâu Le Petit Marseillais Gel 92% Thiên Nhiên Da Nhạy Cảm Nhiều Mùi Hương 650ml,350973489406,Sắc Đẹp,Tắm & chăm sóc cơ thể,Xà phòng & sữa tắm,475641850446114_0_0,394000,1,Opera,opera109,,112430963,,Chiến dịch mở rộng,334900,0,Đơn hàng gián tiếp,15070.5,15070.5,"4,5%",0,0%,15070.5,15070.5,0,,Others,16276,Trừ tiền chờ xử lý,,
260702KWYMHCNP,Hoàn thành,Hợp lệ,2026-07-02 16:50:36,2026-07-07 12:43:38,2026-07-07 12:43:38,25644330193,[QUÀ TẶNG KHÔNG BÁN] Bông Tạo Bọt Kì Cọ Tẩy Da Chết Màu Ngẫu Nhiên,346005340612,Nhà cửa & Đời sống,Đồ dùng phòng tắm,Bông tắm,475641850446114_0_0,0,1,Opera,opera109,,122682417,,Chiến dịch mở rộng,0,0,Đơn hàng gián tiếp,0,0,4%,0,0%,0,0,0,,Others,0,,,
260702KV5NKFR7,Hoàn thành,Hợp lệ,2026-07-02 16:18:10,2026-07-07 12:17:24,2026-07-07 12:17:24,25644330193,[QUÀ TẶNG KHÔNG BÁN] Bông Tạo Bọt Kì Cọ Tẩy Da Chết Màu Ngẫu Nhiên,346005340612,Nhà cửa & Đời sống,Đồ dùng phòng tắm,Bông tắm,475641850446114_0_0,0,1,Hương Hương nè ᥫ᭡,huonghuongne185,,122682417,,Chiến dịch mở rộng,0,0,Đơn hàng trực tiếp,0,0,8%,0,0%,22581.54,22581.54,0,,Shopeevideo-Shopee,0,,,
260702KV5NKFR7,Hoàn thành,Hợp lệ,2026-07-02 16:18:10,2026-07-07 12:17:24,2026-07-07 12:17:24,24142870859,Sữa Tắm Thơm Lâu Le Petit Marseillais Gel 92% Thiên Nhiên Da Nhạy Cảm Nhiều Mùi Hương 650ml,350973489407,Sắc Đẹp,Tắm & chăm sóc cơ thể,Xà phòng & sữa tắm,475641850446114_0_0,394000,1,Hương Hương nè ᥫ᭡,huonghuongne185,,112430963,,Chiến dịch mở rộng,250906,0,Đơn hàng trực tiếp,22581.54,22581.54,9%,0,0%,0,0,0,,Shopeevideo-Shopee,24388,Trừ tiền chờ xử lý,,
260702KV4KAR9U,Hoàn thành,Hợp lệ,2026-07-02 16:17:34,2026-07-03 15:40:43,2026-07-03 15:40:43,29480146096,Sữa Tắm Thiên Nhiên 92% Le Petit Marseillais Nhiều Mùi Hương 250ml,315970228696,Sắc Đẹp,Tắm & chăm sóc cơ thể,Xà phòng & sữa tắm,,200000,1,Leo Store,buitienvan97,,112409565,,Chiến dịch mở rộng,70752,0,Đơn hàng trực tiếp,6367.68,6367.68,9%,0,0%,6367.68,6367.68,0,,Zalo,6877,Đã khấu trừ,Khấu trừ theo đơn hàng,2026-07-03 15:41:10
260702KTY8A8FY,Hoàn thành,Hợp lệ,2026-07-02 15:56:41,2026-07-03 10:43:58,2026-07-03 10:43:58,25644330193,[QUÀ TẶNG KHÔNG BÁN] Bông Tạo Bọt Kì Cọ Tẩy Da Chết Màu Ngẫu Nhiên,346005340612,Nhà cửa & Đời sống,Đồ dùng phòng tắm,Bông tắm,475641850446114_0_0,0,1,Truonghuy,huytv01,,122682417,,Chiến dịch mở rộng,0,0,Đơn hàng trực tiếp,0,0,8%,0,0%,8802,8802,0,,Shopeelive-Shopee,0,,,
260702KTY8A8FY,Hoàn thành,Hợp lệ,2026-07-02 15:56:41,2026-07-03 10:43:58,2026-07-03 10:43:58,29480146096,Sữa Tắm Thiên Nhiên 92% Le Petit Marseillais Nhiều Mùi Hương 250ml,315970228697,Sắc Đẹp,Tắm & chăm sóc cơ thể,Xà phòng & sữa tắm,475641850446114_0_0,200000,1,Truonghuy,huytv01,,112409565,,Chiến dịch mở rộng,97800,0,Đơn hàng trực tiếp,8802,8802,9%,0,0%,0,0,0,,Shopeelive-Shopee,9506,Đã khấu trừ,Khấu trừ theo đơn hàng,2026-07-03 10:44:25
260702KSWYYSNH,Hoàn thành,Hợp lệ,2026-07-02 15:38:05,2026-07-07 18:27:21,2026-07-07 18:27:21,27079878325,"Kem Dưỡng Tay 24h Thiên Nhiên Le Petit Marseillais Chiết Xuất Bơ Hạt Mỡ, Lô Hội, Sắp Ong 75ml 4768",282645716967,Sắc Đẹp,"Chăm sóc tay, chân & móng",Chăm sóc tay,,220000,1,Hà mama,hamama0,,111650089,,Chiến dịch mở rộng,176000,0,Đơn hàng gián tiếp,7040,7040,4%,0,0%,7040,7040,0,,Facebook,7603,Trừ tiền chờ xử lý,,
260702KSF7YAG4,Hoàn thành,Hợp lệ,2026-07-02 15:29:51,2026-07-04 15:41:59,2026-07-04 15:41:59,29880370481,Kem Dưỡng Tay 24h Thiên Nhiên Le Petit Marseillais Nhiều Mùi Hương 75ml,129503370888,Sắc Đẹp,"Chăm sóc tay, chân & móng",Chăm sóc tay,,220000,1,ACCESSTRADEVN,accesstrade_banking,,112922896,,Chiến dịch mở rộng,189200,0,Đơn hàng gián tiếp,7568,7568,4%,0,0%,7568,7568,0,,Websites,8173,Đã khấu trừ,Khấu trừ theo đơn hàng,2026-07-04 15:42:28
260702KRM17720,Hoàn thành,Hợp lệ,2026-07-02 15:14:37,2026-07-03 20:35:11,2026-07-03 20:35:11,29680365284,Dầu Gội Thiên Nhiên Le Petit Marseillais Hữu Cơ Nhiều Mùi Hương 250ml,370971985647,Sắc Đẹp,Chăm sóc tóc,Dầu gội,,267000,1,Đẹp mỗi ngày,dungxenmi96,,112920799,,Chiến dịch mở rộng,226550,0,Đơn hàng gián tiếp,10194.75,10194.75,"4,5%",0,0%,10194.75,10194.75,0,,Facebook,11010,Đã khấu trừ,Khấu trừ theo đơn hàng,2026-07-03 20:35:39
260702KKPE740B,Hoàn thành,Hợp lệ,2026-07-02 13:46:29,2026-07-06 11:51:26,2026-07-06 11:51:26,25644330193,[QUÀ TẶNG KHÔNG BÁN] Bông Tạo Bọt Kì Cọ Tẩy Da Chết Màu Ngẫu Nhiên,346005340612,Nhà cửa & Đời sống,Đồ dùng phòng tắm,Bông tắm,475641850446114_0_0,0,1,Hungdong6895DV,hungdong6895,,122682417,,Chiến dịch mở rộng,0,0,Đơn hàng trực tiếp,0,0,8%,0,0%,47592,47592,0,,Shopeelive-Shopee,0,,,
260702KKPE740B,Hoàn thành,Hợp lệ,2026-07-02 13:46:29,2026-07-06 11:51:26,2026-07-06 11:51:26,27479868340,Dầu Gội Phục Hồi Tóc Hư Tổn Chuyên Sâu 95% Thiên Nhiên Le Petit Marseillais Chiết Xuất Dầu Jojoba Hữu Cơ 250ml 0650,440970068240,Sắc Đẹp,Chăm sóc tóc,Dầu gội,,267000,1,Hungdong6895DV,hungdong6895,,111644167,,Chiến dịch mở rộng,213600,0,Đơn hàng trực tiếp,19224,19224,9%,0,0%,0,0,0,,Shopeelive-Shopee,20762,Đã khấu trừ,Khấu trừ theo đơn hàng,2026-07-06 11:52:23
260702KKPE740B,Hoàn thành,Hợp lệ,2026-07-02 13:46:29,2026-07-06 11:51:26,2026-07-06 11:51:26,28577397134,Gel Tắm 92% Thiên Nhiên Le Petit Marseillais Dịu Nhẹ  Xoài Hữu Cơ & Chanh Dây 650ml 8823,320969804887,Sắc Đẹp,Tắm & chăm sóc cơ thể,Xà phòng & sữa tắm,475641850446114_0_0,394000,1,Hungdong6895DV,hungdong6895,,109863153,,Chiến dịch mở rộng,315200,0,Đơn hàng trực tiếp,28368,28368,9%,0,0%,0,0,0,,Shopeelive-Shopee,30637,Đã khấu trừ,Khấu trừ theo đơn hàng,2026-07-06 11:52:23
260702KHSKRJA5,Hoàn thành,Hợp lệ,2026-07-02 13:12:28,2026-07-09 09:25:48,2026-07-09 09:25:48,25644330193,[QUÀ TẶNG KHÔNG BÁN] Bông Tạo Bọt Kì Cọ Tẩy Da Chết Màu Ngẫu Nhiên,346005340612,Nhà cửa & Đời sống,Đồ dùng phòng tắm,Bông tắm,475641850446114_0_0,0,1,Shopee video,doanhai782,,122682417,,Chiến dịch mở rộng,0,0,Đơn hàng trực tiếp,0,0,8%,0,0%,69205.76,69205.76,0,,Shopeevideo-Shopee,0,,,
260702KHSKRJA5,Hoàn thành,Hợp lệ,2026-07-02 13:12:28,2026-07-09 09:25:48,2026-07-09 09:25:48,25692866155,Sữa Tắm Nam 4 in 1 92% Thiên Nhiên Le Petit Marseillais Nhiều Mùi Hương 250ml,345969754130,Sắc Đẹp,Chăm sóc nam giới,Sữa tắm & chăm sóc cơ thể,475641850446114_0_0,205000,1,Shopee video,doanhai782,,112434462,,Chiến dịch mở rộng,205000,0,Đơn hàng trực tiếp,16400,16400,8%,0,0%,0,0,0,,Shopeevideo-Shopee,17712,Trừ tiền chờ xử lý,,
260702KHSKRJA5,Hoàn thành,Hợp lệ,2026-07-02 13:12:28,2026-07-09 09:25:48,2026-07-09 09:25:48,26529881441,Dầu Gội Phục Hồi Tóc 98% Thiên Nhiên Le Petit Marseillais Chiết Xuất Táo & Oliu Hữu Cơ 300ml 1372,345972015989,Sắc Đẹp,Chăm sóc tóc,Dầu gội,,410000,1,Shopee video,doanhai782,,111632298,,Chiến dịch mở rộng,410000,0,Đơn hàng trực tiếp,32800,32800,8%,0,0%,0,0,0,,Shopeevideo-Shopee,35424,Trừ tiền chờ xử lý,,
260702KHSKRJA5,Hoàn thành,Hợp lệ,2026-07-02 13:12:28,2026-07-09 09:25:48,2026-07-09 09:25:48,41900312088,Dầu Gội Trẻ Em 2in1 94% Thiên Nhiên Le Petit Marseillais Giúp Gỡ Rối Tóc Chiết Xuất Quả Đào & Quả Mơ 300ml 0435,218837639344,Mẹ & Bé,Đồ dùng phòng tắm & Chăm sóc cơ thể bé,Sản phẩm tắm & gội cho bé,,326000,1,Shopee video,doanhai782,,128186974,,Chiến dịch mở rộng,250072,0,Đơn hàng trực tiếp,20005.76,20005.76,8%,0,0%,0,0,0,,Shopeevideo-Shopee,21606,Trừ tiền chờ xử lý,,
260702KG7HKX79,Hoàn thành,Hợp lệ,2026-07-02 12:44:29,2026-07-06 11:46:09,2026-07-06 11:46:09,24142870859,Sữa Tắm Thơm Lâu Le Petit Marseillais Gel 92% Thiên Nhiên Da Nhạy Cảm Nhiều Mùi Hương 650ml,350973489402,Sắc Đẹp,Tắm & chăm sóc cơ thể,Xà phòng & sữa tắm,475641850446114_0_0,394000,1,PhucDV,phucminh07101998,,112430963,,Chiến dịch mở rộng,284665,0,Đơn hàng gián tiếp,12809.925,12809.925,"4,5%",0,0%,12809.925,12809.925,0,,Facebook,13835,Đã khấu trừ,Khấu trừ theo đơn hàng,2026-07-06 11:46:45
260702KG7HKX79,Hoàn thành,Hợp lệ,2026-07-02 12:44:29,2026-07-06 11:46:09,2026-07-06 11:46:09,25644330193,[QUÀ TẶNG KHÔNG BÁN] Bông Tạo Bọt Kì Cọ Tẩy Da Chết Màu Ngẫu Nhiên,346005340612,Nhà cửa & Đời sống,Đồ dùng phòng tắm,Bông tắm,475641850446114_0_0,0,1,PhucDV,phucminh07101998,,122682417,,Chiến dịch mở rộng,0,0,Đơn hàng gián tiếp,0,0,4%,0,0%,0,0,0,,Facebook,0,,,
260702KF5437KC,Hoàn thành,Hợp lệ,2026-07-02 12:25:13,2026-07-04 10:09:44,2026-07-04 10:09:44,42522192378,Gel Rửa Tay Thiên Nhiên 92% Le Petit Marseillais Có Tác Dụng Kháng Khuẩn Với Chiết Xuất Tinh Dầu Xô Thơm 300ml 0613,355970310527,Sắc Đẹp,"Chăm sóc tay, chân & móng",Chăm sóc tay,,246000,1,daily her life,trangnguyen1122,,176521732,,Chiến dịch mở rộng,157180,0,Đơn hàng gián tiếp,6287.2,6287.2,4%,0,0%,6287.2,6287.2,0,,TikTok,6790,Đã khấu trừ,Khấu trừ theo đơn hàng,2026-07-04 10:10:11
260702KE2NNACJ,Hoàn thành,Hợp lệ,2026-07-02 12:05:57,2026-07-06 12:48:03,2026-07-06 12:48:03,29880370481,Kem Dưỡng Tay 24h Thiên Nhiên Le Petit Marseillais Nhiều Mùi Hương 75ml,129503370888,Sắc Đẹp,"Chăm sóc tay, chân & móng",Chăm sóc tay,,220000,1,Quỳnh Đặng,rainie_star1210,,112922896,,Chiến dịch mở rộng,133250,0,Đơn hàng gián tiếp,5330,5330,4%,0,0%,5330,5330,0,,Others,5756,Đã khấu trừ,Khấu trừ theo đơn hàng,2026-07-06 12:48:31
260702KDR26R46,Hoàn thành,Hợp lệ,2026-07-02 12:00:01,2026-07-06 11:06:45,2026-07-06 11:06:45,25644330193,[QUÀ TẶNG KHÔNG BÁN] Bông Tạo Bọt Kì Cọ Tẩy Da Chết Màu Ngẫu Nhiên,346005340612,Nhà cửa & Đời sống,Đồ dùng phòng tắm,Bông tắm,475641850446114_0_0,0,1,Lê Duy Từ Duy,bentleycollection_shopno.01,,122682417,,Chiến dịch mở rộng,0,0,Đơn hàng trực tiếp,0,0,8%,0,0%,11815.68,11815.68,0,,Facebook,0,,,
260702KDR26R46,Hoàn thành,Hợp lệ,2026-07-02 12:00:01,2026-07-06 11:06:45,2026-07-06 11:06:45,27779418515,Sữa Tắm Nam Thơm Lâu 4 in 1 92% Thiên Nhiên Le Petit Marseillais Chiết Xuất Thông Biển & Bạch Đàn 250ml 1356,415969727779,Sắc Đẹp,Chăm sóc nam giới,Sữa tắm & chăm sóc cơ thể,475641850446114_0_0,205000,1,Lê Duy Từ Duy,bentleycollection_shopno.01,,110663381,,Chiến dịch mở rộng,147696,0,Đơn hàng trực tiếp,11815.68,11815.68,8%,0,0%,0,0,0,,Facebook,12761,Đã khấu trừ,Khấu trừ theo đơn hàng,2026-07-06 11:07:12
260702K7X7071H,Hoàn thành,Hợp lệ,2026-07-02 10:16:06,2026-07-06 11:08:17,2026-07-06 11:08:17,24142870859,Sữa Tắm Thơm Lâu Le Petit Marseillais Gel 92% Thiên Nhiên Da Nhạy Cảm Nhiều Mùi Hương 650ml,350973489410,Sắc Đẹp,Tắm & chăm sóc cơ thể,Xà phòng & sữa tắm,475641850446114_0_0,394000,1,Hương Hương nè ᥫ᭡,huonghuongne185,,112430963,,Chiến dịch mở rộng,327020,0,Đơn hàng trực tiếp,29431.8,29431.8,9%,0,0%,29431.8,29431.8,0,,Shopeevideo-Shopee,31786,Đã khấu trừ,Khấu trừ theo đơn hàng,2026-07-06 11:08:52
260702K7X7071H,Hoàn thành,Hợp lệ,2026-07-02 10:16:06,2026-07-06 11:08:17,2026-07-06 11:08:17,25644330193,[QUÀ TẶNG KHÔNG BÁN] Bông Tạo Bọt Kì Cọ Tẩy Da Chết Màu Ngẫu Nhiên,346005340612,Nhà cửa & Đời sống,Đồ dùng phòng tắm,Bông tắm,475641850446114_0_0,0,1,Hương Hương nè ᥫ᭡,huonghuongne185,,122682417,,Chiến dịch mở rộng,0,0,Đơn hàng trực tiếp,0,0,8%,0,0%,0,0,0,,Shopeevideo-Shopee,0,,,
260702K6SWEEHW,Hoàn thành,Hợp lệ,2026-07-02 09:55:47,2026-07-03 17:41:29,2026-07-03 17:41:29,25644330193,[QUÀ TẶNG KHÔNG BÁN] Bông Tạo Bọt Kì Cọ Tẩy Da Chết Màu Ngẫu Nhiên,346005340612,Nhà cửa & Đời sống,Đồ dùng phòng tắm,Bông tắm,475641850446114_0_0,0,1,Nhibo.doa,nhibo.doa,,122682417,,Chiến dịch mở rộng,0,0,Đơn hàng trực tiếp,0,0,8%,0,0%,25245,25245,0,,Shopeelive-Shopee,0,,,
260702K6SWEEHW,Hoàn thành,Hợp lệ,2026-07-02 09:55:47,2026-07-03 17:41:29,2026-07-03 17:41:29,27730151664,Sữa Tắm Dưỡng Ẩm 98% Thiên Nhiên Le Petit Marseillais Hữu Cơ Nhiều Mùi Hương Thơm 400ml,365969915563,Sắc Đẹp,Tắm & chăm sóc cơ thể,Xà phòng & sữa tắm,475641850446114_0_0,330000,1,Nhibo.doa,nhibo.doa,,112426971,,Chiến dịch mở rộng,280500,0,Đơn hàng trực tiếp,25245,25245,9%,0,0%,0,0,0,,Shopeelive-Shopee,27265,Đã khấu trừ,Khấu trừ theo đơn hàng,2026-07-03 17:41:56
260702K5623S2H,Hoàn thành,Hợp lệ,2026-07-02 09:26:47,2026-07-04 14:18:44,2026-07-04 14:18:44,24142870859,Sữa Tắm Thơm Lâu Le Petit Marseillais Gel 92% Thiên Nhiên Da Nhạy Cảm Nhiều Mùi Hương 650ml,350973489402,Sắc Đẹp,Tắm & chăm sóc cơ thể,Xà phòng & sữa tắm,475641850446114_0_0,394000,1,Hương Hương nè ᥫ᭡,huonghuongne185,,112430963,,Chiến dịch mở rộng,257026,0,Đơn hàng trực tiếp,23132.34,23132.34,9%,0,0%,23132.34,23132.34,0,,Shopeevideo-Shopee,24983,Đã khấu trừ,Khấu trừ theo đơn hàng,2026-07-04 14:19:11
260702K5623S2H,Hoàn thành,Hợp lệ,2026-07-02 09:26:47,2026-07-04 14:18:44,2026-07-04 14:18:44,25644330193,[QUÀ TẶNG KHÔNG BÁN] Bông Tạo Bọt Kì Cọ Tẩy Da Chết Màu Ngẫu Nhiên,346005340612,Nhà cửa & Đời sống,Đồ dùng phòng tắm,Bông tắm,475641850446114_0_0,0,1,Hương Hương nè ᥫ᭡,huonghuongne185,,122682417,,Chiến dịch mở rộng,0,0,Đơn hàng trực tiếp,0,0,8%,0,0%,0,0,0,,Shopeevideo-Shopee,0,,,
260702K20C4A3X,Hoàn thành,Hợp lệ,2026-07-02 08:29:56,2026-07-03 11:17:28,2026-07-03 11:17:28,25644330193,[QUÀ TẶNG KHÔNG BÁN] Bông Tạo Bọt Kì Cọ Tẩy Da Chết Màu Ngẫu Nhiên,346005340612,Nhà cửa & Đời sống,Đồ dùng phòng tắm,Bông tắm,475641850446114_0_0,0,1,Nguyễn Văn Điệp,cn1991,,122682417,,Chiến dịch mở rộng,0,0,Đơn hàng trực tiếp,0,0,8%,0,0%,14104,14104,0,,Instagram,0,,,
260702K20C4A3X,Hoàn thành,Hợp lệ,2026-07-02 08:29:56,2026-07-03 11:17:28,2026-07-03 11:17:28,25692866155,Sữa Tắm Nam 4 in 1 92% Thiên Nhiên Le Petit Marseillais Nhiều Mùi Hương 250ml,345969754130,Sắc Đẹp,Chăm sóc nam giới,Sữa tắm & chăm sóc cơ thể,475641850446114_0_0,205000,1,Nguyễn Văn Điệp,cn1991,,112434462,,Chiến dịch mở rộng,176300,0,Đơn hàng trực tiếp,14104,14104,8%,0,0%,0,0,0,,Instagram,15232,Đã khấu trừ,Khấu trừ theo đơn hàng,2026-07-03 11:17:55
260702JTC01ABU,Hoàn thành,Hợp lệ,2026-07-02 06:13:16,2026-07-03 21:59:29,2026-07-03 21:59:29,25644330193,[QUÀ TẶNG KHÔNG BÁN] Bông Tạo Bọt Kì Cọ Tẩy Da Chết Màu Ngẫu Nhiên,346005340612,Nhà cửa & Đời sống,Đồ dùng phòng tắm,Bông tắm,475641850446114_0_0,0,1,DUC VU REVIEW,huyenhe078mcn,"Accesstrade,Interspace",122682417,,Chiến dịch mở rộng,0,0,Đơn hàng trực tiếp,0,0,8%,0,0%,13393.35,13393.35,0,,Shopeelive-Shopee,0,,,
260702JTC01ABU,Hoàn thành,Hợp lệ,2026-07-02 06:13:16,2026-07-03 21:59:29,2026-07-03 21:59:29,29480146096,Sữa Tắm Thiên Nhiên 92% Le Petit Marseillais Nhiều Mùi Hương 250ml,315970228700,Sắc Đẹp,Tắm & chăm sóc cơ thể,Xà phòng & sữa tắm,475641850446114_0_0,200000,1,DUC VU REVIEW,huyenhe078mcn,"Accesstrade,Interspace",112409565,,Chiến dịch mở rộng,148815,0,Đơn hàng trực tiếp,13393.35,13393.35,9%,0,0%,0,0,0,,Shopeelive-Shopee,14465,Đã khấu trừ,Khấu trừ theo đơn hàng,2026-07-03 21:59:56
260702JEAFACA6,Hoàn thành,Hợp lệ,2026-07-02 02:37:39,2026-07-03 10:32:16,2026-07-03 10:32:16,28192387521,Hộp 4 Bánh Xà Phòng Tắm Thiên Nhiên 98% Le Petit Marseillais Dịu Nhẹ Chiết Xuất Vani 4x100G 8368,425970259400,Sắc Đẹp,Tắm & chăm sóc cơ thể,Xà phòng & sữa tắm,,265000,1,ZENMIND MCN,thaonguyentm,,176476887,,Chiến dịch mở rộng,190700,0,Đơn hàng gián tiếp,7628,7628,4%,0,0%,7628,7628,0,,Facebook,8238,Đã khấu trừ,Khấu trừ theo đơn hàng,2026-07-03 10:32:43
260702J9AEXTP8,Hoàn thành,Hợp lệ,2026-07-02 01:08:11,2026-07-04 22:42:09,2026-07-04 22:42:09,25644330193,[QUÀ TẶNG KHÔNG BÁN] Bông Tạo Bọt Kì Cọ Tẩy Da Chết Màu Ngẫu Nhiên,346005340612,Nhà cửa & Đời sống,Đồ dùng phòng tắm,Bông tắm,475641850446114_0_0,0,1,ShopBack Việt Nam,shopbackvn_,,122682417,,Chiến dịch mở rộng,0,0,Đơn hàng trực tiếp,0,0,8%,0,0%,13120,13120,0,,Websites,0,,,
260702J9AEXTP8,Hoàn thành,Hợp lệ,2026-07-02 01:08:11,2026-07-04 22:42:09,2026-07-04 22:42:09,25692866155,Sữa Tắm Nam 4 in 1 92% Thiên Nhiên Le Petit Marseillais Nhiều Mùi Hương 250ml,345969754133,Sắc Đẹp,Chăm sóc nam giới,Sữa tắm & chăm sóc cơ thể,475641850446114_0_0,205000,1,ShopBack Việt Nam,shopbackvn_,,112434462,,Chiến dịch mở rộng,164000,0,Đơn hàng trực tiếp,13120,13120,8%,0,0%,0,0,0,,Websites,14170,Đã khấu trừ,Khấu trừ theo đơn hàng,2026-07-04 22:42:36
260702J8F8B3DN,Hoàn thành,Hợp lệ,2026-07-02 00:52:57,2026-07-03 20:01:33,2026-07-03 20:01:33,24142870859,Sữa Tắm Thơm Lâu Le Petit Marseillais Gel 92% Thiên Nhiên Da Nhạy Cảm Nhiều Mùi Hương 650ml,350973489402,Sắc Đẹp,Tắm & chăm sóc cơ thể,Xà phòng & sữa tắm,475641850446114_0_0,394000,1,ShopBack Việt Nam,shopbackvn_,,112430963,,Chiến dịch mở rộng,265341,0,Đơn hàng trực tiếp,23880.69,23880.69,9%,0,0%,23880.69,23880.69,0,,Websites,25791,Đã khấu trừ,Khấu trừ theo đơn hàng,2026-07-03 20:02:00
260702J8F8B3DN,Hoàn thành,Hợp lệ,2026-07-02 00:52:57,2026-07-03 20:01:33,2026-07-03 20:01:33,25644330193,[QUÀ TẶNG KHÔNG BÁN] Bông Tạo Bọt Kì Cọ Tẩy Da Chết Màu Ngẫu Nhiên,346005340612,Nhà cửa & Đời sống,Đồ dùng phòng tắm,Bông tắm,475641850446114_0_0,0,1,ShopBack Việt Nam,shopbackvn_,,122682417,,Chiến dịch mở rộng,0,0,Đơn hàng trực tiếp,0,0,8%,0,0%,0,0,0,,Websites,0,,,
260702J5QXXQC9,Hoàn thành,Hợp lệ,2026-07-02 00:04:09,2026-07-06 14:13:11,2026-07-06 14:13:11,25644330193,[QUÀ TẶNG KHÔNG BÁN] Bông Tạo Bọt Kì Cọ Tẩy Da Chết Màu Ngẫu Nhiên,346005340612,Nhà cửa & Đời sống,Đồ dùng phòng tắm,Bông tắm,475641850446114_0_0,0,1,Pham Xuan,82y1rxlp3u,,122682417,,Chiến dịch mở rộng,0,0,Đơn hàng trực tiếp,0,0,8%,0,0%,11480,11480,0,,Others,0,,,
260702J5QXXQC9,Hoàn thành,Hợp lệ,2026-07-02 00:04:09,2026-07-06 14:13:11,2026-07-06 14:13:11,25692866155,Sữa Tắm Nam 4 in 1 92% Thiên Nhiên Le Petit Marseillais Nhiều Mùi Hương 250ml,345969754133,Sắc Đẹp,Chăm sóc nam giới,Sữa tắm & chăm sóc cơ thể,475641850446114_0_0,205000,1,Pham Xuan,82y1rxlp3u,,112434462,,Chiến dịch mở rộng,143500,0,Đơn hàng trực tiếp,11480,11480,8%,0,0%,0,0,0,,Others,12398,Đã khấu trừ,Khấu trừ theo đơn hàng,2026-07-06 14:13:38
260702J57T4JTU,Hoàn thành,Hợp lệ,2026-07-01 23:55:06,2026-07-08 17:14:25,2026-07-08 17:14:25,25644330193,[QUÀ TẶNG KHÔNG BÁN] Bông Tạo Bọt Kì Cọ Tẩy Da Chết Màu Ngẫu Nhiên,346005340612,Nhà cửa & Đời sống,Đồ dùng phòng tắm,Bông tắm,475641850446114_0_0,0,1,An Nguyễn,an_nguyen30,,122682417,,Chiến dịch mở rộng,0,0,Đơn hàng trực tiếp,0,0,8%,0,0%,13120,13120,0,,Shopeelive-Shopee,0,,,
260702J57T4JTU,Hoàn thành,Hợp lệ,2026-07-01 23:55:06,2026-07-08 17:14:25,2026-07-08 17:14:25,25992270714,Sữa Tắm 92% Thiên Nhiên Le Petit Marseillais Dịu Nhẹ Sữa Vani Hữu Cơ 250ml 0526,282645378530,Sắc Đẹp,Tắm & chăm sóc cơ thể,Xà phòng & sữa tắm,475641850446114_0_0,200000,1,An Nguyễn,an_nguyen30,,109863143,,Chiến dịch mở rộng,164000,0,Đơn hàng trực tiếp,13120,13120,8%,0,0%,0,0,0,,Shopeelive-Shopee,14170,Trừ tiền chờ xử lý,,
260702J4S8PBJU,Hoàn thành,Hợp lệ,2026-07-01 23:46:58,2026-07-06 11:30:07,2026-07-06 11:30:07,25644330193,[QUÀ TẶNG KHÔNG BÁN] Bông Tạo Bọt Kì Cọ Tẩy Da Chết Màu Ngẫu Nhiên,346005340612,Nhà cửa & Đời sống,Đồ dùng phòng tắm,Bông tắm,475641850446114_0_0,0,1,appmontize3,appmontize3,,122682417,,Chiến dịch mở rộng,0,0,Đơn hàng gián tiếp,0,0,4%,0,0%,7522.155,7522.155,0,,Others,0,,,
260702J4S8PBJU,Hoàn thành,Hợp lệ,2026-07-01 23:46:58,2026-07-06 11:30:07,2026-07-06 11:30:07,29480146096,Sữa Tắm Thiên Nhiên 92% Le Petit Marseillais Nhiều Mùi Hương 250ml,315970228698,Sắc Đẹp,Tắm & chăm sóc cơ thể,Xà phòng & sữa tắm,475641850446114_0_0,199000,1,appmontize3,appmontize3,,112409565,,Chiến dịch mở rộng,167159,0,Đơn hàng gián tiếp,7522.155,7522.155,"4,5%",0,0%,0,0,0,,Others,8124,Đã khấu trừ,Khấu trừ theo đơn hàng,2026-07-06 11:30:34
260702J3MDX7KR,Hoàn thành,Hợp lệ,2026-07-01 23:26:22,2026-07-05 09:23:47,2026-07-05 09:23:47,29480146096,Sữa Tắm Thiên Nhiên 92% Le Petit Marseillais Nhiều Mùi Hương 250ml,310970228929,Sắc Đẹp,Tắm & chăm sóc cơ thể,Xà phòng & sữa tắm,475641850446114_0_0,199000,1,Uyên,peachiee_,,112409565,,Chiến dịch mở rộng,159200,0,Đơn hàng gián tiếp,7164,7164,"4,5%",0,0%,7164,7164,0,,Facebook,7737,Đã khấu trừ,Khấu trừ theo đơn hàng,2026-07-05 09:24:14
260702J3MDX7KR,Hoàn thành,Hợp lệ,2026-07-01 23:26:22,2026-07-05 09:23:47,2026-07-05 09:23:47,25644330193,[QUÀ TẶNG KHÔNG BÁN] Bông Tạo Bọt Kì Cọ Tẩy Da Chết Màu Ngẫu Nhiên,346005340612,Nhà cửa & Đời sống,Đồ dùng phòng tắm,Bông tắm,475641850446114_0_0,0,1,Uyên,peachiee_,,122682417,,Chiến dịch mở rộng,0,0,Đơn hàng gián tiếp,0,0,4%,0,0%,0,0,0,,Facebook,0,,,
260701J0NWUWF8,Hoàn thành,Hợp lệ,2026-07-01 22:33:33,2026-07-03 16:07:23,2026-07-03 16:07:23,28179873093,Dầu Gội Thiên Nhiên 2in1 97% Sạch Gàu Le Petit Marseillais Chiết Xuất Bạc Hà Hữu Cơ 250ml 4042,287645622650,Sắc Đẹp,Chăm sóc tóc,Dầu gội,,267000,1,ShopBack Việt Nam,shopbackvn_,,111642571,,Chiến dịch mở rộng,108170,0,Đơn hàng trực tiếp,9735.3,9735.3,9%,0,0%,9735.3,9735.3,0,,Websites,10514,Đã khấu trừ,Khấu trừ theo đơn hàng,2026-07-03 16:07:52
260701J0C9U7GM,Hoàn thành,Hợp lệ,2026-07-01 22:28:09,2026-07-05 23:52:09,2026-07-05 23:52:09,26879882339,Dầu Xả Dưỡng Ẩm 95% Thiên Nhiên Le Petit Marseillais Chiết Xuất Dừa Hữu Cơ 200ml 4752,445972126965,Sắc Đẹp,Chăm sóc tóc,Dầu xả,,225000,1,user24210926204238,qjc2noyvi9,,111647232,,Chiến dịch mở rộng,193500,0,Đơn hàng gián tiếp,8707.5,8707.5,"4,5%",0,0%,8707.5,8707.5,0,,Facebook,9404,Đã khấu trừ,Khấu trừ theo đơn hàng,2026-07-05 23:52:37
260701HXX9CSS0,Hoàn thành,Hợp lệ,2026-07-01 22:02:24,2026-07-06 09:38:12,2026-07-06 09:38:12,25644330193,[QUÀ TẶNG KHÔNG BÁN] Bông Tạo Bọt Kì Cọ Tẩy Da Chết Màu Ngẫu Nhiên,346005340612,Nhà cửa & Đời sống,Đồ dùng phòng tắm,Bông tắm,475641850446114_0_0,0,1,Chii hay cười,chii.daynef,,122682417,,Chiến dịch mở rộng,0,0,Đơn hàng gián tiếp,0,0,4%,0,0%,21652,21652,0,,Others,0,,,
260701HXX9CSS0,Hoàn thành,Hợp lệ,2026-07-01 22:02:24,2026-07-06 09:38:12,2026-07-06 09:38:12,28980146591,Gel Tắm Hữu Cơ BIO 98% Thiên Nhiên Le Petit Marseillais Nhiều Mùi Hương 250ml,315970996475,Sắc Đẹp,Tắm & chăm sóc cơ thể,Xà phòng & sữa tắm,475641850446114_0_0,237000,1,Chii hay cười,chii.daynef,,112420787,,Chiến dịch mở rộng,189600,0,Đơn hàng gián tiếp,8532,8532,"4,5%",0,0%,0,0,0,,Others,9215,Đã khấu trừ,Khấu trừ theo đơn hàng,2026-07-06 09:38:39
260701HXX9CSS0,Hoàn thành,Hợp lệ,2026-07-01 22:02:24,2026-07-06 09:38:12,2026-07-06 09:38:12,29829877788,Dầu Gội Vào Nếp Suôn Mượt 97% Thiên Nhiên Le Petit Marseillais Chiết Xuất Hạnh Nhân và Hạt Lanh Hữu Cơ 300ml 1841,360970115614,Sắc Đẹp,Chăm sóc tóc,Dầu gội,,410000,1,Chii hay cười,chii.daynef,,111639059,,Chiến dịch mở rộng,328000,0,Đơn hàng gián tiếp,13120,13120,4%,0,0%,0,0,0,,Others,14170,Đã khấu trừ,Khấu trừ theo đơn hàng,2026-07-06 09:38:39
260701HWUJ9HP8,Hoàn thành,Hợp lệ,2026-07-01 21:42:59,2026-07-06 12:42:29,2026-07-06 12:42:29,24142870859,Sữa Tắm Thơm Lâu Le Petit Marseillais Gel 92% Thiên Nhiên Da Nhạy Cảm Nhiều Mùi Hương 650ml,350973489402,Sắc Đẹp,Tắm & chăm sóc cơ thể,Xà phòng & sữa tắm,475641850446114_0_0,367000,1,chillinpinkk,janegnart,,112430963,,Chiến dịch mở rộng,239926,0,Đơn hàng gián tiếp,10796.67,10796.67,"4,5%",0,0%,10796.67,10796.67,0,,Facebook,11660,Đã khấu trừ,Khấu trừ theo đơn hàng,2026-07-06 12:42:58
260701HWUJ9HP8,Hoàn thành,Hợp lệ,2026-07-01 21:42:59,2026-07-06 12:42:29,2026-07-06 12:42:29,25644330193,[QUÀ TẶNG KHÔNG BÁN] Bông Tạo Bọt Kì Cọ Tẩy Da Chết Màu Ngẫu Nhiên,346005340612,Nhà cửa & Đời sống,Đồ dùng phòng tắm,Bông tắm,475641850446114_0_0,0,1,chillinpinkk,janegnart,,122682417,,Chiến dịch mở rộng,0,0,Đơn hàng gián tiếp,0,0,4%,0,0%,0,0,0,,Facebook,0,,,
260701HW357MT8,Hoàn thành,Hợp lệ,2026-07-01 21:29:20,2026-07-07 09:09:09,2026-07-07 09:09:09,25644330193,[QUÀ TẶNG KHÔNG BÁN] Bông Tạo Bọt Kì Cọ Tẩy Da Chết Màu Ngẫu Nhiên,346005340612,Nhà cửa & Đời sống,Đồ dùng phòng tắm,Bông tắm,475641850446114_0_0,0,1,Phuongha96,ngpha,,122682417,,Chiến dịch mở rộng,0,0,Đơn hàng gián tiếp,0,0,4%,0,0%,14790.75,14790.75,0,,Facebook,0,,,
260701HW357MT8,Hoàn thành,Hợp lệ,2026-07-01 21:29:20,2026-07-07 09:09:09,2026-07-07 09:09:09,28928583525,Sữa Tắm 92% Thiên Nhiên Le Petit Marseillais Dịu Nhẹ Dừa Hữu Cơ 250ml 4494,405969738151,Sắc Đẹp,Tắm & chăm sóc cơ thể,Xà phòng & sữa tắm,475641850446114_0_0,200000,1,Phuongha96,ngpha,,109863145,,Chiến dịch mở rộng,160000,0,Đơn hàng gián tiếp,6400,6400,4%,0,0%,0,0,0,,Facebook,6912,Trừ tiền chờ xử lý,,
260701HW357MT8,Hoàn thành,Hợp lệ,2026-07-01 21:29:20,2026-07-07 09:09:09,2026-07-07 09:09:09,43471530615,Son Dưỡng Môi 3 Trong 1 Thiên Nhiên Le Petit Marseillais Siêu Cấp Ẩm Nứt Nẻ Với Bơ Hạt Mỡ Và Dầu Bơ 4.9G 2373,282645768881,Sắc Đẹp,Chăm sóc da mặt,Sản phẩm dưỡng môi,,227000,1,Phuongha96,ngpha,,175694498,,Chiến dịch mở rộng,167815,0,Đơn hàng gián tiếp,8390.75,8390.75,5%,0,0%,0,0,0,,Facebook,9062,Trừ tiền chờ xử lý,,
260701HW2P00AD,Hoàn thành,Hợp lệ,2026-07-01 21:29:04,2026-07-07 18:02:06,2026-07-07 18:02:06,24142870859,Sữa Tắm Thơm Lâu Le Petit Marseillais Gel 92% Thiên Nhiên Da Nhạy Cảm Nhiều Mùi Hương 650ml,350973489413,Sắc Đẹp,Tắm & chăm sóc cơ thể,Xà phòng & sữa tắm,475641850446114_0_0,367000,1,Opera,opera109,,112430963,,Chiến dịch mở rộng,228766,0,Đơn hàng gián tiếp,10294.47,10294.47,"4,5%",0,0%,10294.47,10294.47,0,,Others,11118,Trừ tiền chờ xử lý,,
260701HW2P00AD,Hoàn thành,Hợp lệ,2026-07-01 21:29:04,2026-07-07 18:02:06,2026-07-07 18:02:06,25644330193,[QUÀ TẶNG KHÔNG BÁN] Bông Tạo Bọt Kì Cọ Tẩy Da Chết Màu Ngẫu Nhiên,346005340612,Nhà cửa & Đời sống,Đồ dùng phòng tắm,Bông tắm,475641850446114_0_0,0,1,Opera,opera109,,122682417,,Chiến dịch mở rộng,0,0,Đơn hàng gián tiếp,0,0,4%,0,0%,0,0,0,,Others,0,,,
260701HV40NCNH,Hoàn thành,Hợp lệ,2026-07-01 21:11:55,2026-07-04 16:15:08,2026-07-04 16:15:08,24142870859,Sữa Tắm Thơm Lâu Le Petit Marseillais Gel 92% Thiên Nhiên Da Nhạy Cảm Nhiều Mùi Hương 650ml,350973489406,Sắc Đẹp,Tắm & chăm sóc cơ thể,Xà phòng & sữa tắm,475641850446114_0_0,367000,1,Hương Hương nè ᥫ᭡,huonghuongne185,,112430963,,Chiến dịch mở rộng,289930,0,Đơn hàng trực tiếp,26093.7,26093.7,9%,0,0%,26093.7,26093.7,0,,Shopeevideo-Shopee,28181,Đã khấu trừ,Khấu trừ theo đơn hàng,2026-07-04 16:15:35
260701HV40NCNH,Hoàn thành,Hợp lệ,2026-07-01 21:11:55,2026-07-04 16:15:08,2026-07-04 16:15:08,25644330193,[QUÀ TẶNG KHÔNG BÁN] Bông Tạo Bọt Kì Cọ Tẩy Da Chết Màu Ngẫu Nhiên,346005340612,Nhà cửa & Đời sống,Đồ dùng phòng tắm,Bông tắm,475641850446114_0_0,0,1,Hương Hương nè ᥫ᭡,huonghuongne185,,122682417,,Chiến dịch mở rộng,0,0,Đơn hàng trực tiếp,0,0,8%,0,0%,0,0,0,,Shopeevideo-Shopee,0,,,
260701HV3M97DX,Hoàn thành,Hợp lệ,2026-07-01 21:11:42,2026-07-04 18:02:46,2026-07-04 18:02:46,24142870859,Sữa Tắm Thơm Lâu Le Petit Marseillais Gel 92% Thiên Nhiên Da Nhạy Cảm Nhiều Mùi Hương 650ml,350973489402,Sắc Đẹp,Tắm & chăm sóc cơ thể,Xà phòng & sữa tắm,475641850446114_0_0,367000,1,ShopBack Việt Nam,shopbackvn_,,112430963,,Chiến dịch mở rộng,228766,0,Đơn hàng trực tiếp,20588.94,20588.94,9%,0,0%,20588.94,20588.94,0,,Websites,22236,Đã khấu trừ,Khấu trừ theo đơn hàng,2026-07-04 18:03:14
260701HV3M97DX,Hoàn thành,Hợp lệ,2026-07-01 21:11:42,2026-07-04 18:02:46,2026-07-04 18:02:46,25644330193,[QUÀ TẶNG KHÔNG BÁN] Bông Tạo Bọt Kì Cọ Tẩy Da Chết Màu Ngẫu Nhiên,346005340612,Nhà cửa & Đời sống,Đồ dùng phòng tắm,Bông tắm,475641850446114_0_0,0,1,ShopBack Việt Nam,shopbackvn_,,122682417,,Chiến dịch mở rộng,0,0,Đơn hàng trực tiếp,0,0,8%,0,0%,0,0,0,,Websites,0,,,
260701HUWX3K7A,Hoàn thành,Hợp lệ,2026-07-01 21:08:32,2026-07-03 17:59:07,2026-07-03 17:59:07,24142870859,Sữa Tắm Thơm Lâu Le Petit Marseillais Gel 92% Thiên Nhiên Da Nhạy Cảm Nhiều Mùi Hương 650ml,350973489406,Sắc Đẹp,Tắm & chăm sóc cơ thể,Xà phòng & sữa tắm,475641850446114_0_0,367000,1,Bình,thanhbinh_1802,,112430963,,Chiến dịch mở rộng,228766,0,Đơn hàng gián tiếp,10294.47,10294.47,"4,5%",0,0%,10294.47,10294.47,0,,Zalo,11118,Đã khấu trừ,Khấu trừ theo đơn hàng,2026-07-03 17:59:34
260701HUWX3K7A,Hoàn thành,Hợp lệ,2026-07-01 21:08:32,2026-07-03 17:59:07,2026-07-03 17:59:07,25644330193,[QUÀ TẶNG KHÔNG BÁN] Bông Tạo Bọt Kì Cọ Tẩy Da Chết Màu Ngẫu Nhiên,346005340612,Nhà cửa & Đời sống,Đồ dùng phòng tắm,Bông tắm,475641850446114_0_0,0,1,Bình,thanhbinh_1802,,122682417,,Chiến dịch mở rộng,0,0,Đơn hàng gián tiếp,0,0,4%,0,0%,0,0,0,,Zalo,0,,,
260701HSWPXBND,Hoàn thành,Hợp lệ,2026-07-01 20:32:36,2026-07-06 11:14:12,2026-07-06 11:14:12,24142870859,Sữa Tắm Thơm Lâu Le Petit Marseillais Gel 92% Thiên Nhiên Da Nhạy Cảm Nhiều Mùi Hương 650ml,350973489402,Sắc Đẹp,Tắm & chăm sóc cơ thể,Xà phòng & sữa tắm,475641850446114_0_0,367000,1,Ivan,ivanclickadu311,,112430963,,Chiến dịch mở rộng,228766,0,Đơn hàng gián tiếp,10294.47,10294.47,"4,5%",0,0%,10294.47,10294.47,0,,Websites,11118,Đã khấu trừ,Khấu trừ theo đơn hàng,2026-07-06 11:14:43
260701HSWPXBND,Hoàn thành,Hợp lệ,2026-07-01 20:32:36,2026-07-06 11:14:12,2026-07-06 11:14:12,25644330193,[QUÀ TẶNG KHÔNG BÁN] Bông Tạo Bọt Kì Cọ Tẩy Da Chết Màu Ngẫu Nhiên,346005340612,Nhà cửa & Đời sống,Đồ dùng phòng tắm,Bông tắm,475641850446114_0_0,0,1,Ivan,ivanclickadu311,,122682417,,Chiến dịch mở rộng,0,0,Đơn hàng gián tiếp,0,0,4%,0,0%,0,0,0,,Websites,0,,,
260701HS8B6NXM,Hoàn thành,Hợp lệ,2026-07-01 20:20:38,2026-07-06 19:00:31,2026-07-06 19:00:31,24142870859,Sữa Tắm Thơm Lâu Le Petit Marseillais Gel 92% Thiên Nhiên Da Nhạy Cảm Nhiều Mùi Hương 650ml,350973489412,Sắc Đẹp,Tắm & chăm sóc cơ thể,Xà phòng & sữa tắm,475641850446114_0_0,367000,1,Hương Hương nè ᥫ᭡,huonghuongne185,,112430963,,Chiến dịch mở rộng,217608,0,Đơn hàng trực tiếp,19584.72,19584.72,9%,0,0%,19584.72,19584.72,0,,Shopeevideo-Shopee,21151,Đã khấu trừ,Khấu trừ theo đơn hàng,2026-07-06 19:00:58
260701HS8B6NXM,Hoàn thành,Hợp lệ,2026-07-01 20:20:38,2026-07-06 19:00:31,2026-07-06 19:00:31,25644330193,[QUÀ TẶNG KHÔNG BÁN] Bông Tạo Bọt Kì Cọ Tẩy Da Chết Màu Ngẫu Nhiên,346005340612,Nhà cửa & Đời sống,Đồ dùng phòng tắm,Bông tắm,475641850446114_0_0,0,1,Hương Hương nè ᥫ᭡,huonghuongne185,,122682417,,Chiến dịch mở rộng,0,0,Đơn hàng trực tiếp,0,0,8%,0,0%,0,0,0,,Shopeevideo-Shopee,0,,,
260701HS7261PY,Hoàn thành,Hợp lệ,2026-07-01 20:19:56,2026-07-03 17:14:32,2026-07-03 17:14:32,29680365284,Dầu Gội Thiên Nhiên Le Petit Marseillais Hữu Cơ Nhiều Mùi Hương 250ml,370971985647,Sắc Đẹp,Chăm sóc tóc,Dầu gội,,238000,1,Opera,opera109,,112920799,,Chiến dịch mở rộng,197540,0,Đơn hàng gián tiếp,8889.3,8889.3,"4,5%",0,0%,8889.3,8889.3,0,,Instagram,9600,Đã khấu trừ,Khấu trừ theo đơn hàng,2026-07-03 17:14:59
260701HRYW7MPY,Hoàn thành,Hợp lệ,2026-07-01 20:15:57,2026-07-06 12:50:12,2026-07-06 12:50:12,24142870859,Sữa Tắm Thơm Lâu Le Petit Marseillais Gel 92% Thiên Nhiên Da Nhạy Cảm Nhiều Mùi Hương 650ml,350973489409,Sắc Đẹp,Tắm & chăm sóc cơ thể,Xà phòng & sữa tắm,475641850446114_0_0,367000,1,Opera,opera109,,112430963,,Chiến dịch mở rộng,220934,0,Đơn hàng gián tiếp,9942.03,9942.03,"4,5%",0,0%,9942.03,9942.03,0,,Others,10737,Đã khấu trừ,Khấu trừ theo đơn hàng,2026-07-06 12:50:40
260701HRYW7MPY,Hoàn thành,Hợp lệ,2026-07-01 20:15:57,2026-07-06 12:50:12,2026-07-06 12:50:12,25644330193,[QUÀ TẶNG KHÔNG BÁN] Bông Tạo Bọt Kì Cọ Tẩy Da Chết Màu Ngẫu Nhiên,346005340612,Nhà cửa & Đời sống,Đồ dùng phòng tắm,Bông tắm,475641850446114_0_0,0,1,Opera,opera109,,122682417,,Chiến dịch mở rộng,0,0,Đơn hàng gián tiếp,0,0,4%,0,0%,0,0,0,,Others,0,,,
260701HRN9RGSM,Hoàn thành,Hợp lệ,2026-07-01 20:10:01,2026-07-03 20:35:28,2026-07-03 20:35:28,25644330193,[QUÀ TẶNG KHÔNG BÁN] Bông Tạo Bọt Kì Cọ Tẩy Da Chết Màu Ngẫu Nhiên,346005340612,Nhà cửa & Đời sống,Đồ dùng phòng tắm,Bông tắm,475641850446114_0_0,0,1,Hanghang,fzh_o5uw8e,,122682417,,Chiến dịch mở rộng,0,0,Đơn hàng gián tiếp,0,0,4%,0,0%,14328,14328,0,,Facebook,0,,,
260701HRN9RGSM,Hoàn thành,Hợp lệ,2026-07-01 20:10:01,2026-07-03 20:35:28,2026-07-03 20:35:28,29480146096,Sữa Tắm Thiên Nhiên 92% Le Petit Marseillais Nhiều Mùi Hương 250ml,315970228696,Sắc Đẹp,Tắm & chăm sóc cơ thể,Xà phòng & sữa tắm,475641850446114_0_0,199000,1,Hanghang,fzh_o5uw8e,,112409565,,Chiến dịch mở rộng,159200,0,Đơn hàng gián tiếp,7164,7164,"4,5%",0,0%,0,0,0,,Facebook,7737,Đã khấu trừ,Khấu trừ theo đơn hàng,2026-07-03 20:35:56
260701HRN9RGSM,Hoàn thành,Hợp lệ,2026-07-01 20:10:01,2026-07-03 20:35:28,2026-07-03 20:35:28,29480146096,Sữa Tắm Thiên Nhiên 92% Le Petit Marseillais Nhiều Mùi Hương 250ml,315970228700,Sắc Đẹp,Tắm & chăm sóc cơ thể,Xà phòng & sữa tắm,475641850446114_0_0,199000,1,Hanghang,fzh_o5uw8e,,112409565,,Chiến dịch mở rộng,159200,0,Đơn hàng gián tiếp,7164,7164,"4,5%",0,0%,0,0,0,,Facebook,7737,Đã khấu trừ,Khấu trừ theo đơn hàng,2026-07-03 20:35:56
260701HMTNC54P,Hủy bỏ,Hợp lệ,2026-07-01 19:01:24,,,25692866155,Sữa Tắm Nam 4 in 1 92% Thiên Nhiên Le Petit Marseillais Nhiều Mùi Hương 250ml,345969754133,Sắc Đẹp,Chăm sóc nam giới,Sữa tắm & chăm sóc cơ thể,,199000,0,Bi,rklrv6n1iv,,112434462,,Chiến dịch mở rộng,0,155020,Đơn hàng gián tiếp,0,0,4%,0,0%,0,0,0,Đơn hàng không hợp lệ,Others,0,,,
260701HMFV5BW9,Hoàn thành,Hợp lệ,2026-07-01 18:55:24,2026-07-07 17:53:06,2026-07-07 17:53:06,27979854665,"Sữa Dưỡng Thể 24h Thiên Nhiên Le Petit Marseillais Dưỡng Ẩm Bơ Hạt Mỡ, Hạnh Nhân & Argan 400ml 3916",249244133795,Sắc Đẹp,Tắm & chăm sóc cơ thể,Kem & sữa dưỡng thể,,455000,1,Tiệm Tạp Hóa Nhỏ Xinh,tuphom,,111595838,,Chiến dịch mở rộng,289770,0,Đơn hàng gián tiếp,13039.65,13039.65,"4,5%",0,0%,13039.65,13039.65,0,,Facebook,14083,Trừ tiền chờ xử lý,,
260701HKGQKKWD,Hoàn thành,Không hợp lệ,2026-07-01 18:37:59,2026-07-06 13:03:07,2026-07-02 07:48:13,25644330193,[QUÀ TẶNG KHÔNG BÁN] Bông Tạo Bọt Kì Cọ Tẩy Da Chết Màu Ngẫu Nhiên,346005340612,Nhà cửa & Đời sống,Đồ dùng phòng tắm,Bông tắm,475641850446114_0_0,0,1,Thanhtam059,hehe.05,,122682417,,Chiến dịch mở rộng,0,0,Đơn hàng trực tiếp,0,0,8%,0,0%,0,0,0,Đơn hàng không hợp lệ.,Zalo,0,,,
260701HKGQKKWD,Hoàn thành,Không hợp lệ,2026-07-01 18:37:59,2026-07-06 13:03:07,2026-07-02 07:48:13,29480146096,Sữa Tắm Thiên Nhiên 92% Le Petit Marseillais Nhiều Mùi Hương 250ml,310970228928,Sắc Đẹp,Tắm & chăm sóc cơ thể,Xà phòng & sữa tắm,475641850446114_0_0,199000,1,Thanhtam059,hehe.05,,112409565,,Chiến dịch mở rộng,159200,0,Đơn hàng trực tiếp,0,0,9%,0,0%,0,0,0,Đơn hàng không hợp lệ.,Zalo,0,,,
260701HJUENV6X,Hoàn thành,Hợp lệ,2026-07-01 18:26:05,2026-07-06 10:45:58,2026-07-06 10:45:58,25644330193,[QUÀ TẶNG KHÔNG BÁN] Bông Tạo Bọt Kì Cọ Tẩy Da Chết Màu Ngẫu Nhiên,346005340612,Nhà cửa & Đời sống,Đồ dùng phòng tắm,Bông tắm,475641850446114_0_0,0,1,CreatorX Media Network,creatorxmedianetwork,,122682417,,Chiến dịch mở rộng,0,0,Đơn hàng gián tiếp,0,0,4%,0,0%,12736,12736,0,,Others,0,,,
260701HJUENV6X,Hoàn thành,Hợp lệ,2026-07-01 18:26:05,2026-07-06 10:45:58,2026-07-06 10:45:58,25692866155,Sữa Tắm Nam 4 in 1 92% Thiên Nhiên Le Petit Marseillais Nhiều Mùi Hương 250ml,345969754131,Sắc Đẹp,Chăm sóc nam giới,Sữa tắm & chăm sóc cơ thể,475641850446114_0_0,199000,1,CreatorX Media Network,creatorxmedianetwork,,112434462,,Chiến dịch mở rộng,159200,0,Đơn hàng gián tiếp,6368,6368,4%,0,0%,0,0,0,,Others,6877,Đã khấu trừ,Khấu trừ theo đơn hàng,2026-07-06 10:46:25
260701HJUENV6X,Hoàn thành,Hợp lệ,2026-07-01 18:26:05,2026-07-06 10:45:58,2026-07-06 10:45:58,25692866155,Sữa Tắm Nam 4 in 1 92% Thiên Nhiên Le Petit Marseillais Nhiều Mùi Hương 250ml,345969754134,Sắc Đẹp,Chăm sóc nam giới,Sữa tắm & chăm sóc cơ thể,475641850446114_0_0,199000,1,CreatorX Media Network,creatorxmedianetwork,,112434462,,Chiến dịch mở rộng,159200,0,Đơn hàng gián tiếp,6368,6368,4%,0,0%,0,0,0,,Others,6877,Đã khấu trừ,Khấu trừ theo đơn hàng,2026-07-06 10:46:25
260701HH8GUEW0,Hoàn thành,Hợp lệ,2026-07-01 17:57:36,2026-07-03 20:04:28,2026-07-03 20:04:28,42422207632,Dầu Xả Dưỡng Tóc Thiên Nhiên 95% Le Petit Marseillais Dịu Nhẹ Siêu Mềm Mượt Nhiều Mùi Hương 200ml,297646808538,Sắc Đẹp,Chăm sóc tóc,Dầu xả,,294000,1,Tec-do,mobisummer,,176556107,,Chiến dịch mở rộng,223440,0,Đơn hàng gián tiếp,10054.8,10054.8,"4,5%",0,0%,19186.2,19186.2,0,,Others,10859,Đã khấu trừ,Khấu trừ theo đơn hàng,2026-07-03 20:04:55
260701HH8GUEW0,Hoàn thành,Hợp lệ,2026-07-01 17:57:36,2026-07-03 20:04:28,2026-07-03 20:04:28,27479868340,Dầu Gội Phục Hồi Tóc Hư Tổn Chuyên Sâu 95% Thiên Nhiên Le Petit Marseillais Chiết Xuất Dầu Jojoba Hữu Cơ 250ml 0650,440970068240,Sắc Đẹp,Chăm sóc tóc,Dầu gội,,267000,1,Tec-do,mobisummer,,111644167,,Chiến dịch mở rộng,202920,0,Đơn hàng gián tiếp,9131.4,9131.4,"4,5%",0,0%,0,0,0,,Others,9862,Đã khấu trừ,Khấu trừ theo đơn hàng,2026-07-03 20:04:55
260701HGHV12VN,Hoàn thành,Hợp lệ,2026-07-01 17:44:55,2026-07-06 16:12:47,2026-07-06 16:12:47,24142870859,Sữa Tắm Thơm Lâu Le Petit Marseillais Gel 92% Thiên Nhiên Da Nhạy Cảm Nhiều Mùi Hương 650ml,350973489405,Sắc Đẹp,Tắm & chăm sóc cơ thể,Xà phòng & sữa tắm,475641850446114_0_0,367000,1,YouTube Shopping,youtube_shopping_vn,,112430963,,Chiến dịch mở rộng,108807,0,Đơn hàng trực tiếp,9792.63,9792.63,9%,0,0%,9792.63,9792.63,0,,Websites,10576,Đã khấu trừ,Khấu trừ theo đơn hàng,2026-07-06 16:13:15
260701HGHV12VN,Hoàn thành,Hợp lệ,2026-07-01 17:44:55,2026-07-06 16:12:47,2026-07-06 16:12:47,25644330193,[QUÀ TẶNG KHÔNG BÁN] Bông Tạo Bọt Kì Cọ Tẩy Da Chết Màu Ngẫu Nhiên,346005340612,Nhà cửa & Đời sống,Đồ dùng phòng tắm,Bông tắm,475641850446114_0_0,0,1,YouTube Shopping,youtube_shopping_vn,,122682417,,Chiến dịch mở rộng,0,0,Đơn hàng trực tiếp,0,0,8%,0,0%,0,0,0,,Websites,0,,,
260701HEMFE04C,Hoàn thành,Hợp lệ,2026-07-01 17:10:36,2026-07-03 16:07:27,2026-07-03 16:07:27,29680365284,Dầu Gội Thiên Nhiên Le Petit Marseillais Hữu Cơ Nhiều Mùi Hương 250ml,370971985648,Sắc Đẹp,Chăm sóc tóc,Dầu gội,,238000,1,Review best product,odaycododep1,,112920799,,Chiến dịch mở rộng,204680,0,Đơn hàng gián tiếp,9210.6,9210.6,"4,5%",0,0%,9210.6,9210.6,0,,Facebook,9947,Đã khấu trừ,Khấu trừ theo đơn hàng,2026-07-03 16:07:55
260701HD5DJE8U,Hoàn thành,Hợp lệ,2026-07-01 16:44:16,2026-07-03 12:09:15,2026-07-03 12:09:15,29480146096,Sữa Tắm Thiên Nhiên 92% Le Petit Marseillais Nhiều Mùi Hương 250ml,315970228701,Sắc Đẹp,Tắm & chăm sóc cơ thể,Xà phòng & sữa tắm,475641850446114_0_0,199000,1,Đoàn Ngọc,thangngocchip,,112409565,,Chiến dịch mở rộng,159200,0,Đơn hàng gián tiếp,7164,7164,"4,5%",0,0%,7164,7164,0,,Facebook,7737,Đã khấu trừ,Khấu trừ theo đơn hàng,2026-07-03 12:09:42
260701HD5DJE8U,Hoàn thành,Hợp lệ,2026-07-01 16:44:16,2026-07-03 12:09:15,2026-07-03 12:09:15,25644330193,[QUÀ TẶNG KHÔNG BÁN] Bông Tạo Bọt Kì Cọ Tẩy Da Chết Màu Ngẫu Nhiên,346005340612,Nhà cửa & Đời sống,Đồ dùng phòng tắm,Bông tắm,475641850446114_0_0,0,1,Đoàn Ngọc,thangngocchip,,122682417,,Chiến dịch mở rộng,0,0,Đơn hàng gián tiếp,0,0,4%,0,0%,0,0,0,,Facebook,0,,,
260701HBG6CH16,Hoàn thành,Hợp lệ,2026-07-01 16:14:30,2026-07-02 12:51:43,2026-07-02 12:51:43,26879882339,Dầu Xả Dưỡng Ẩm 95% Thiên Nhiên Le Petit Marseillais Chiết Xuất Dừa Hữu Cơ 200ml 4752,445972126965,Sắc Đẹp,Chăm sóc tóc,Dầu xả,,225000,1,Giang Donna,giangdonna1007,,111647232,,Chiến dịch mở rộng,138928,0,Đơn hàng gián tiếp,6251.76,6251.76,"4,5%",0,0%,6251.76,6251.76,0,,Facebook,6752,Đã khấu trừ,Khấu trừ theo đơn hàng,2026-07-02 12:52:10
260701HAGEQN4S,Hoàn thành,Hợp lệ,2026-07-01 15:56:44,2026-07-02 20:02:01,2026-07-02 20:02:01,24692615669,Sữa Tắm Nam 4 in 1 92% Thiên Nhiên Le Petit Marseillais Chiết Xuất Gỗ Tuyết Tùng & Dương Xỉ 250ml 1172,375969714396,Sắc Đẹp,Chăm sóc nam giới,Sữa tắm & chăm sóc cơ thể,475641850446114_0_0,205000,1,tung,tungta459,,110670487,,Chiến dịch mở rộng,157371,0,Đơn hàng gián tiếp,6294.84,6294.84,4%,0,0%,18393.12,18393.12,0,,Facebook,6798,Đã khấu trừ,Khấu trừ theo đơn hàng,2026-07-02 20:02:30
260701HAGEQN4S,Hoàn thành,Hợp lệ,2026-07-01 15:56:44,2026-07-02 20:02:01,2026-07-02 20:02:01,25644330193,[QUÀ TẶNG KHÔNG BÁN] Bông Tạo Bọt Kì Cọ Tẩy Da Chết Màu Ngẫu Nhiên,346005340612,Nhà cửa & Đời sống,Đồ dùng phòng tắm,Bông tắm,475641850446114_0_0,0,1,tung,tungta459,,122682417,,Chiến dịch mở rộng,0,0,Đơn hàng gián tiếp,0,0,4%,0,0%,0,0,0,,Facebook,0,,,
260701HAGEQN4S,Hoàn thành,Hợp lệ,2026-07-01 15:56:44,2026-07-02 20:02:01,2026-07-02 20:02:01,29828413249,Sữa Tắm 92% Thiên Nhiên Le Petit Marseillais Dịu Nhẹ Dừa Hữu Cơ 650ml 6999,425969824366,Sắc Đẹp,Tắm & chăm sóc cơ thể,Xà phòng & sữa tắm,475641850446114_0_0,394000,1,tung,tungta459,,109863146,,Chiến dịch mở rộng,302457,0,Đơn hàng gián tiếp,12098.28,12098.28,4%,0,0%,0,0,0,,Facebook,13066,Đã khấu trừ,Khấu trừ theo đơn hàng,2026-07-02 20:02:30
260701H539T2J6,Hoàn thành,Hợp lệ,2026-07-01 14:19:55,2026-07-05 12:39:29,2026-07-05 12:39:29,25644330193,[QUÀ TẶNG KHÔNG BÁN] Bông Tạo Bọt Kì Cọ Tẩy Da Chết Màu Ngẫu Nhiên,346005340612,Nhà cửa & Đời sống,Đồ dùng phòng tắm,Bông tắm,475641850446114_0_0,0,1,Ngọc Yếnn,ngocyenxinchao,,122682417,,Chiến dịch mở rộng,0,0,Đơn hàng gián tiếp,0,0,4%,0,0%,8745.3,8745.3,0,,Websites,0,,,
260701H539T2J6,Hoàn thành,Hợp lệ,2026-07-01 14:19:55,2026-07-05 12:39:29,2026-07-05 12:39:29,28980146591,Gel Tắm Hữu Cơ BIO 98% Thiên Nhiên Le Petit Marseillais Nhiều Mùi Hương 250ml,315970996475,Sắc Đẹp,Tắm & chăm sóc cơ thể,Xà phòng & sữa tắm,475641850446114_0_0,237000,1,Ngọc Yếnn,ngocyenxinchao,,112420787,,Chiến dịch mở rộng,194340,0,Đơn hàng gián tiếp,8745.3,8745.3,"4,5%",0,0%,0,0,0,,Websites,9445,Đã khấu trừ,Khấu trừ theo đơn hàng,2026-07-05 12:40:05
260701H4A04V8P,Hoàn thành,Hợp lệ,2026-07-01 14:05:46,2026-07-05 15:37:52,2026-07-05 15:37:52,24142870859,Sữa Tắm Thơm Lâu Le Petit Marseillais Gel 92% Thiên Nhiên Da Nhạy Cảm Nhiều Mùi Hương 650ml,350973489406,Sắc Đẹp,Tắm & chăm sóc cơ thể,Xà phòng & sữa tắm,475641850446114_0_0,367000,1,Flora Trần,floratran.256,,112430963,,Chiến dịch mở rộng,278984,0,Đơn hàng gián tiếp,12554.28,12554.28,"4,5%",0,0%,12554.28,12554.28,0,,Facebook,13559,Đã khấu trừ,Khấu trừ theo đơn hàng,2026-07-05 15:38:19
260701H4A04V8P,Hoàn thành,Hợp lệ,2026-07-01 14:05:46,2026-07-05 15:37:52,2026-07-05 15:37:52,25644330193,[QUÀ TẶNG KHÔNG BÁN] Bông Tạo Bọt Kì Cọ Tẩy Da Chết Màu Ngẫu Nhiên,346005340612,Nhà cửa & Đời sống,Đồ dùng phòng tắm,Bông tắm,475641850446114_0_0,0,1,Flora Trần,floratran.256,,122682417,,Chiến dịch mở rộng,0,0,Đơn hàng gián tiếp,0,0,4%,0,0%,0,0,0,,Facebook,0,,,
260701H4457B6F,Hoàn thành,Hợp lệ,2026-07-01 14:02:30,2026-07-06 12:18:46,2026-07-06 12:18:46,25644330193,[QUÀ TẶNG KHÔNG BÁN] Bông Tạo Bọt Kì Cọ Tẩy Da Chết Màu Ngẫu Nhiên,346005340612,Nhà cửa & Đời sống,Đồ dùng phòng tắm,Bông tắm,475641850446114_0_0,0,1,Dưa hấu tv,nguyengiahuy_1.2,,122682417,,Chiến dịch mở rộng,0,0,Đơn hàng gián tiếp,0,0,4%,0,0%,15104,15104,0,,Others,0,,,
260701H4457B6F,Hoàn thành,Hợp lệ,2026-07-01 14:02:30,2026-07-06 12:18:46,2026-07-06 12:18:46,27779418515,Sữa Tắm Nam Thơm Lâu 4 in 1 92% Thiên Nhiên Le Petit Marseillais Chiết Xuất Thông Biển & Bạch Đàn 250ml 1356,415969727779,Sắc Đẹp,Chăm sóc nam giới,Sữa tắm & chăm sóc cơ thể,475641850446114_0_0,205000,1,Dưa hấu tv,nguyengiahuy_1.2,,110663381,,Chiến dịch mở rộng,164000,0,Đơn hàng gián tiếp,6560,6560,4%,0,0%,0,0,0,,Others,7085,Đã khấu trừ,Khấu trừ theo đơn hàng,2026-07-06 12:19:13
260701H4457B6F,Hoàn thành,Hợp lệ,2026-07-01 14:02:30,2026-07-06 12:18:46,2026-07-06 12:18:46,40302953131,Dầu Gội Nam Sạch Gàu 97% Thiên Nhiên Le Petit Marseillais Chiết Xuất Tinh Dầu Chanh Vàng 250ml 4035,310970659149,Sắc Đẹp,Chăm sóc nam giới,Chăm sóc tóc,,267000,1,Dưa hấu tv,nguyengiahuy_1.2,,134959857,,Chiến dịch mở rộng,213600,0,Đơn hàng gián tiếp,8544,8544,4%,0,0%,0,0,0,,Others,9228,Đã khấu trừ,Khấu trừ theo đơn hàng,2026-07-06 12:19:13
260701H2YWK3FQ,Hoàn thành,Hợp lệ,2026-07-01 13:42:15,2026-07-03 15:41:39,2026-07-03 15:41:39,24142870859,Sữa Tắm Thơm Lâu Le Petit Marseillais Gel 92% Thiên Nhiên Da Nhạy Cảm Nhiều Mùi Hương 650ml,350973489402,Sắc Đẹp,Tắm & chăm sóc cơ thể,Xà phòng & sữa tắm,475641850446114_0_0,367000,1,Muỗm Khó Tính,vfvkogjs0j,,112430963,,Chiến dịch mở rộng,228766,0,Đơn hàng trực tiếp,20588.94,20588.94,9%,0,0%,20588.94,20588.94,0,,Shopeelive-Shopee,22236,Đã khấu trừ,Khấu trừ theo đơn hàng,2026-07-03 15:42:06
260701H2YWK3FQ,Hoàn thành,Hợp lệ,2026-07-01 13:42:15,2026-07-03 15:41:39,2026-07-03 15:41:39,25644330193,[QUÀ TẶNG KHÔNG BÁN] Bông Tạo Bọt Kì Cọ Tẩy Da Chết Màu Ngẫu Nhiên,346005340612,Nhà cửa & Đời sống,Đồ dùng phòng tắm,Bông tắm,475641850446114_0_0,0,1,Muỗm Khó Tính,vfvkogjs0j,,122682417,,Chiến dịch mở rộng,0,0,Đơn hàng trực tiếp,0,0,8%,0,0%,0,0,0,,Shopeelive-Shopee,0,,,
260701H2DG6C8X,Hoàn thành,Hợp lệ,2026-07-01 13:31:56,2026-07-05 20:44:52,2026-07-05 20:44:52,28192387521,Hộp 4 Bánh Xà Phòng Tắm Thiên Nhiên 98% Le Petit Marseillais Dịu Nhẹ Chiết Xuất Vani 4x100G 8368,425970259400,Sắc Đẹp,Tắm & chăm sóc cơ thể,Xà phòng & sữa tắm,,265000,1,Thế Anh,thanhanhhh14,KakaOnline,176476887,,Chiến dịch mở rộng,187537,0,Đơn hàng gián tiếp,7501.48,7501.48,4%,0,0%,7501.48,7501.48,0,,Facebook,8102,Đã khấu trừ,Khấu trừ theo đơn hàng,2026-07-05 20:45:25
260701H1FKMY9Q,Hoàn thành,Hợp lệ,2026-07-01 13:15:13,2026-07-02 16:11:18,2026-07-02 16:11:18,25644330193,[QUÀ TẶNG KHÔNG BÁN] Bông Tạo Bọt Kì Cọ Tẩy Da Chết Màu Ngẫu Nhiên,346005340612,Nhà cửa & Đời sống,Đồ dùng phòng tắm,Bông tắm,475641850446114_0_0,0,1,Ngọc Nguyễn,p57e_fvqvk,,122682417,,Chiến dịch mở rộng,0,0,Đơn hàng trực tiếp,0,0,8%,0,0%,10029.6,10029.6,0,,Websites,0,,,
260701H1FKMY9Q,Hoàn thành,Hợp lệ,2026-07-01 13:15:13,2026-07-02 16:11:18,2026-07-02 16:11:18,29480146096,Sữa Tắm Thiên Nhiên 92% Le Petit Marseillais Nhiều Mùi Hương 250ml,315970228701,Sắc Đẹp,Tắm & chăm sóc cơ thể,Xà phòng & sữa tắm,475641850446114_0_0,199000,1,Ngọc Nguyễn,p57e_fvqvk,,112409565,,Chiến dịch mở rộng,111440,0,Đơn hàng trực tiếp,10029.6,10029.6,9%,0,0%,0,0,0,,Websites,10832,Đã khấu trừ,Khấu trừ theo đơn hàng,2026-07-02 16:11:45
260701H0V5V2H0,Hoàn thành,Hợp lệ,2026-07-01 13:04:21,2026-07-06 14:20:09,2026-07-06 14:20:09,24142870859,Sữa Tắm Thơm Lâu Le Petit Marseillais Gel 92% Thiên Nhiên Da Nhạy Cảm Nhiều Mùi Hương 650ml,350973489402,Sắc Đẹp,Tắm & chăm sóc cơ thể,Xà phòng & sữa tắm,475641850446114_0_0,367000,1,Trong Clip có mã VIP,thuythuy9992,,112430963,,Chiến dịch mở rộng,206900,0,Đơn hàng trực tiếp,18621,18621,9%,0,0%,18621,18621,0,,Shopeevideo-Shopee,20111,Đã khấu trừ,Khấu trừ theo đơn hàng,2026-07-06 14:20:46
260701H0V5V2H0,Hoàn thành,Hợp lệ,2026-07-01 13:04:21,2026-07-06 14:20:09,2026-07-06 14:20:09,25644330193,[QUÀ TẶNG KHÔNG BÁN] Bông Tạo Bọt Kì Cọ Tẩy Da Chết Màu Ngẫu Nhiên,346005340612,Nhà cửa & Đời sống,Đồ dùng phòng tắm,Bông tắm,475641850446114_0_0,0,1,Trong Clip có mã VIP,thuythuy9992,,122682417,,Chiến dịch mở rộng,0,0,Đơn hàng trực tiếp,0,0,8%,0,0%,0,0,0,,Shopeevideo-Shopee,0,,,
260701H0R36XWB,Hoàn thành,Hợp lệ,2026-07-01 13:02:04,2026-07-03 22:30:28,2026-07-03 22:30:28,27586430985,Dầu Gội Trẻ Em 2in1 94% Thiên Nhiên Le Petit Marseillais Giúp Gỡ Rối Tóc Nhiều Mùi Hương 300ml,380970144964,Mẹ & Bé,Đồ dùng phòng tắm & Chăm sóc cơ thể bé,Sản phẩm tắm & gội cho bé,,299000,1,Phương Loan,seoulbeauty_,,128189901,,Chiến dịch mở rộng,239200,0,Đơn hàng trực tiếp,19136,19136,8%,0,0%,33216,33216,0,,Messenger,20667,Đã khấu trừ,Khấu trừ theo đơn hàng,2026-07-03 22:30:58
260701H0R36XWB,Hoàn thành,Hợp lệ,2026-07-01 13:02:04,2026-07-03 22:30:28,2026-07-03 22:30:28,29880370481,Kem Dưỡng Tay 24h Thiên Nhiên Le Petit Marseillais Nhiều Mùi Hương 75ml,129503370888,Sắc Đẹp,"Chăm sóc tay, chân & móng",Chăm sóc tay,,220000,1,Phương Loan,seoulbeauty_,,112922896,,Chiến dịch mở rộng,176000,0,Đơn hàng trực tiếp,14080,14080,8%,0,0%,0,0,0,,Messenger,15206,Đã khấu trừ,Khấu trừ theo đơn hàng,2026-07-03 22:30:58
260701GY9CUUGN,Hoàn thành,Hợp lệ,2026-07-01 12:35:57,2026-07-02 18:54:17,2026-07-02 18:54:17,29680365284,Dầu Gội Thiên Nhiên Le Petit Marseillais Hữu Cơ Nhiều Mùi Hương 250ml,370971985647,Sắc Đẹp,Chăm sóc tóc,Dầu gội,,238000,1,chung.tien.m1.1801,triice24w,,112920799,,Chiến dịch mở rộng,71004,0,Đơn hàng trực tiếp,6390.36,6390.36,9%,0,0%,6390.36,6390.36,0,,Shopeelive-Shopee,6902,Đã khấu trừ,Khấu trừ theo đơn hàng,2026-07-02 18:54:44
260701GXYBDM49,Hoàn thành,Hợp lệ,2026-07-01 12:30:20,2026-07-05 12:47:31,2026-07-05 12:47:31,24142870859,Sữa Tắm Thơm Lâu Le Petit Marseillais Gel 92% Thiên Nhiên Da Nhạy Cảm Nhiều Mùi Hương 650ml,350973489402,Sắc Đẹp,Tắm & chăm sóc cơ thể,Xà phòng & sữa tắm,475641850446114_0_0,367000,1,CreatorX Media Network,creatorxmedianetwork,,112430963,,Chiến dịch mở rộng,272202,0,Đơn hàng gián tiếp,12249.09,12249.09,"4,5%",0,0%,12249.09,12249.09,0,,Others,13229,Đã khấu trừ,Khấu trừ theo đơn hàng,2026-07-05 12:48:04
260701GXYBDM49,Hoàn thành,Hợp lệ,2026-07-01 12:30:20,2026-07-05 12:47:31,2026-07-05 12:47:31,25644330193,[QUÀ TẶNG KHÔNG BÁN] Bông Tạo Bọt Kì Cọ Tẩy Da Chết Màu Ngẫu Nhiên,346005340612,Nhà cửa & Đời sống,Đồ dùng phòng tắm,Bông tắm,475641850446114_0_0,0,1,CreatorX Media Network,creatorxmedianetwork,,122682417,,Chiến dịch mở rộng,0,0,Đơn hàng gián tiếp,0,0,4%,0,0%,0,0,0,,Others,0,,,
260701GX0JAMGA,Hoàn thành,Hợp lệ,2026-07-01 12:13:07,2026-07-02 16:24:07,2026-07-02 16:24:07,24142870859,Sữa Tắm Thơm Lâu Le Petit Marseillais Gel 92% Thiên Nhiên Da Nhạy Cảm Nhiều Mùi Hương 650ml,350973489406,Sắc Đẹp,Tắm & chăm sóc cơ thể,Xà phòng & sữa tắm,475641850446114_0_0,357000,1,Review đồ tốt,dealngonboree,,112430963,,Chiến dịch mở rộng,209807,0,Đơn hàng trực tiếp,18882.63,18882.63,9%,0,0%,18882.63,18882.63,0,,Others,20393,Đã khấu trừ,Khấu trừ theo đơn hàng,2026-07-02 16:24:34
260701GX0JAMGA,Hoàn thành,Hợp lệ,2026-07-01 12:13:07,2026-07-02 16:24:07,2026-07-02 16:24:07,25644330193,[QUÀ TẶNG KHÔNG BÁN] Bông Tạo Bọt Kì Cọ Tẩy Da Chết Màu Ngẫu Nhiên,346005340612,Nhà cửa & Đời sống,Đồ dùng phòng tắm,Bông tắm,475641850446114_0_0,0,1,Review đồ tốt,dealngonboree,,122682417,,Chiến dịch mở rộng,0,0,Đơn hàng trực tiếp,0,0,8%,0,0%,0,0,0,,Others,0,,,
260701GWFMM1GS,Hoàn thành,Hợp lệ,2026-07-01 12:03:39,2026-07-05 11:31:48,2026-07-05 11:31:48,27586430985,Dầu Gội Trẻ Em 2in1 94% Thiên Nhiên Le Petit Marseillais Giúp Gỡ Rối Tóc Nhiều Mùi Hương 300ml,380970144965,Mẹ & Bé,Đồ dùng phòng tắm & Chăm sóc cơ thể bé,Sản phẩm tắm & gội cho bé,,299000,1,Tieu Mi,tieumitran95,,128189901,,Chiến dịch mở rộng,209300,0,Đơn hàng gián tiếp,8372,8372,4%,0,0%,8372,8372,0,,Facebook,9042,Đã khấu trừ,Khấu trừ theo đơn hàng,2026-07-05 11:32:15
260701GWAASVQ4,Hoàn thành,Hợp lệ,2026-07-01 12:00:42,2026-07-06 11:42:39,2026-07-06 11:42:39,24142870859,Sữa Tắm Thơm Lâu Le Petit Marseillais Gel 92% Thiên Nhiên Da Nhạy Cảm Nhiều Mùi Hương 650ml,350973489402,Sắc Đẹp,Tắm & chăm sóc cơ thể,Xà phòng & sữa tắm,475641850446114_0_0,357000,1,hnhin280306,chuchucuti_,,112430963,,Chiến dịch mở rộng,209807,0,Đơn hàng trực tiếp,18882.63,18882.63,9%,0,0%,18882.63,18882.63,0,,Instagram,20393,Đã khấu trừ,Khấu trừ theo đơn hàng,2026-07-06 11:43:07
260701GWAASVQ4,Hoàn thành,Hợp lệ,2026-07-01 12:00:42,2026-07-06 11:42:39,2026-07-06 11:42:39,25644330193,[QUÀ TẶNG KHÔNG BÁN] Bông Tạo Bọt Kì Cọ Tẩy Da Chết Màu Ngẫu Nhiên,346005340612,Nhà cửa & Đời sống,Đồ dùng phòng tắm,Bông tắm,475641850446114_0_0,0,1,hnhin280306,chuchucuti_,,122682417,,Chiến dịch mở rộng,0,0,Đơn hàng trực tiếp,0,0,8%,0,0%,0,0,0,,Instagram,0,,,
260701GVM58QFA,Hoàn thành,Hợp lệ,2026-07-01 11:48:18,2026-07-04 08:44:03,2026-07-04 08:44:03,25644330193,[QUÀ TẶNG KHÔNG BÁN] Bông Tạo Bọt Kì Cọ Tẩy Da Chết Màu Ngẫu Nhiên,346005340612,Nhà cửa & Đời sống,Đồ dùng phòng tắm,Bông tắm,475641850446114_0_0,0,1,Nguyễn,xxaax9hb_4,,122682417,,Chiến dịch mở rộng,0,0,Đơn hàng gián tiếp,0,0,4%,0,0%,12177,12177,0,,Facebook,0,,,
260701GVM58QFA,Hoàn thành,Hợp lệ,2026-07-01 11:48:18,2026-07-04 08:44:03,2026-07-04 08:44:03,27730151664,Sữa Tắm Dưỡng Ẩm 98% Thiên Nhiên Le Petit Marseillais Hữu Cơ Nhiều Mùi Hương Thơm 400ml,365969915563,Sắc Đẹp,Tắm & chăm sóc cơ thể,Xà phòng & sữa tắm,475641850446114_0_0,330000,1,Nguyễn,xxaax9hb_4,,112426971,,Chiến dịch mở rộng,270600,0,Đơn hàng gián tiếp,12177,12177,"4,5%",0,0%,0,0,0,,Facebook,13151,Đã khấu trừ,Khấu trừ theo đơn hàng,2026-07-04 08:44:30
260701GV0RDVRG,Hoàn thành,Hợp lệ,2026-07-01 11:37:27,2026-07-06 13:10:24,2026-07-06 13:10:24,25644330193,[QUÀ TẶNG KHÔNG BÁN] Bông Tạo Bọt Kì Cọ Tẩy Da Chết Màu Ngẫu Nhiên,346005340612,Nhà cửa & Đời sống,Đồ dùng phòng tắm,Bông tắm,475641850446114_0_0,0,1,ShopBack Việt Nam,shopbackvn_,,122682417,,Chiến dịch mở rộng,0,0,Đơn hàng trực tiếp,0,0,8%,0,0%,15920,15920,0,,Websites,0,,,
260701GV0RDVRG,Hoàn thành,Hợp lệ,2026-07-01 11:37:27,2026-07-06 13:10:24,2026-07-06 13:10:24,25692866155,Sữa Tắm Nam 4 in 1 92% Thiên Nhiên Le Petit Marseillais Nhiều Mùi Hương 250ml,345969754131,Sắc Đẹp,Chăm sóc nam giới,Sữa tắm & chăm sóc cơ thể,475641850446114_0_0,199000,1,ShopBack Việt Nam,shopbackvn_,,112434462,,Chiến dịch mở rộng,199000,0,Đơn hàng trực tiếp,15920,15920,8%,0,0%,0,0,0,,Websites,17194,Đã khấu trừ,Khấu trừ theo đơn hàng,2026-07-06 13:10:51
260701GT69ANF2,Hoàn thành,Hợp lệ,2026-07-01 11:04:45,2026-07-04 10:57:34,2026-07-04 10:57:34,27430285782,"Dưỡng Ẩm Body 24h Thiên Nhiên Le Petit Marseillais Phục Hồi Bơ Hạt Mỡ, Lô Hội & Sáp Ong 400ml 4159",345970327045,Sắc Đẹp,Tắm & chăm sóc cơ thể,Kem & sữa dưỡng thể,,455000,1,Judy Meyers,df5z_9nvsa,,112719461,,Chiến dịch mở rộng,364000,0,Đơn hàng gián tiếp,16380,16380,"4,5%",0,0%,16380,16380,0,,Others,17690,Đã khấu trừ,Khấu trừ theo đơn hàng,2026-07-04 10:58:00
260701GS1T2T13,Hoàn thành,Hợp lệ,2026-07-01 10:44:20,2026-07-05 12:31:10,2026-07-05 12:31:10,24142870859,Sữa Tắm Thơm Lâu Le Petit Marseillais Gel 92% Thiên Nhiên Da Nhạy Cảm Nhiều Mùi Hương 650ml,350973489406,Sắc Đẹp,Tắm & chăm sóc cơ thể,Xà phòng & sữa tắm,475641850446114_0_0,367000,1,ia_vn,ia_vn,,112430963,,Chiến dịch mở rộng,300939,0,Đơn hàng gián tiếp,13542.255,13542.255,"4,5%",0,0%,20307.375,20307.375,0,,Websites,14626,Đã khấu trừ,Khấu trừ theo đơn hàng,2026-07-05 12:31:38
260701GS1T2T13,Hoàn thành,Hợp lệ,2026-07-01 10:44:20,2026-07-05 12:31:10,2026-07-05 12:31:10,25644330193,[QUÀ TẶNG KHÔNG BÁN] Bông Tạo Bọt Kì Cọ Tẩy Da Chết Màu Ngẫu Nhiên,346005340612,Nhà cửa & Đời sống,Đồ dùng phòng tắm,Bông tắm,475641850446114_0_0,0,1,ia_vn,ia_vn,,122682417,,Chiến dịch mở rộng,0,0,Đơn hàng gián tiếp,0,0,4%,0,0%,0,0,0,,Websites,0,,,
260701GS1T2T13,Hoàn thành,Hợp lệ,2026-07-01 10:44:20,2026-07-05 12:31:10,2026-07-05 12:31:10,40302953131,Dầu Gội Nam Sạch Gàu 97% Thiên Nhiên Le Petit Marseillais Chiết Xuất Tinh Dầu Chanh Vàng 250ml 4035,310970659149,Sắc Đẹp,Chăm sóc nam giới,Chăm sóc tóc,,267000,1,ia_vn,ia_vn,,134959857,,Chiến dịch mở rộng,169128,0,Đơn hàng gián tiếp,6765.12,6765.12,4%,0,0%,0,0,0,,Websites,7306,Đã khấu trừ,Khấu trừ theo đơn hàng,2026-07-05 12:31:38
260701GRURFAVK,Hoàn thành,Hợp lệ,2026-07-01 10:40:58,2026-07-02 16:39:30,2026-07-02 16:39:30,27079878325,"Kem Dưỡng Tay 24h Thiên Nhiên Le Petit Marseillais Chiết Xuất Bơ Hạt Mỡ, Lô Hội, Sắp Ong 75ml 4768",282645716967,Sắc Đẹp,"Chăm sóc tay, chân & móng",Chăm sóc tay,,220000,1,Chang - Mẹ 2 embes 🐱🐴,thaithibichtrang06,,111650089,,Chiến dịch mở rộng,162400,0,Đơn hàng gián tiếp,6496,6496,4%,0,0%,6496,6496,0,,Facebook,7016,Đã khấu trừ,Khấu trừ theo đơn hàng,2026-07-02 16:39:57
260701GRP9W6H5,Hoàn thành,Hợp lệ,2026-07-01 10:37:55,2026-07-03 02:01:22,2026-07-03 02:01:22,24142870859,Sữa Tắm Thơm Lâu Le Petit Marseillais Gel 92% Thiên Nhiên Da Nhạy Cảm Nhiều Mùi Hương 650ml,350973489411,Sắc Đẹp,Tắm & chăm sóc cơ thể,Xà phòng & sữa tắm,475641850446114_0_0,367000,1,CreatorX Media Network,creatorxmedianetwork,,112430963,,Chiến dịch mở rộng,228766,0,Đơn hàng gián tiếp,10294.47,10294.47,"4,5%",0,0%,10294.47,10294.47,0,,Others,11118,Đã khấu trừ,Khấu trừ theo đơn hàng,2026-07-03 02:01:50
260701GRP9W6H5,Hoàn thành,Hợp lệ,2026-07-01 10:37:55,2026-07-03 02:01:22,2026-07-03 02:01:22,25644330193,[QUÀ TẶNG KHÔNG BÁN] Bông Tạo Bọt Kì Cọ Tẩy Da Chết Màu Ngẫu Nhiên,346005340612,Nhà cửa & Đời sống,Đồ dùng phòng tắm,Bông tắm,475641850446114_0_0,0,1,CreatorX Media Network,creatorxmedianetwork,,122682417,,Chiến dịch mở rộng,0,0,Đơn hàng gián tiếp,0,0,4%,0,0%,0,0,0,,Others,0,,,
260701GMBFQQXF,Hủy bỏ,Hợp lệ,2026-07-01 09:20:16,,,25644330193,[QUÀ TẶNG KHÔNG BÁN] Bông Tạo Bọt Kì Cọ Tẩy Da Chết Màu Ngẫu Nhiên,346005340612,Nhà cửa & Đời sống,Đồ dùng phòng tắm,Bông tắm,475641850446114_0_0,0,0,Phanh thích rì viu 🎀,ntphuonganh_,,122682417,,Chiến dịch mở rộng,0,0,Đơn hàng trực tiếp,0,0,8%,0,0%,0,0,0,Đơn hàng bị hủy bỏ bởi người mua,Shopeevideo-Shopee,0,,,
260701GMBFQQXF,Hủy bỏ,Hợp lệ,2026-07-01 09:20:16,,,28577397134,Gel Tắm 92% Thiên Nhiên Le Petit Marseillais Dịu Nhẹ  Xoài Hữu Cơ & Chanh Dây 650ml 8823,320969804887,Sắc Đẹp,Tắm & chăm sóc cơ thể,Xà phòng & sữa tắm,475641850446114_0_0,394000,0,Phanh thích rì viu 🎀,ntphuonganh_,,109863153,,Chiến dịch mở rộng,0,234235,Đơn hàng trực tiếp,0,0,9%,0,0%,0,0,0,Đơn hàng bị hủy bỏ bởi người mua,Shopeevideo-Shopee,0,,,
260701GM0A1Y5C,Hoàn thành,Hợp lệ,2026-07-01 09:14:02,2026-07-05 05:47:45,2026-07-05 05:47:45,28830365069,Dầu Gội Thiên Nhiên Le Petit Marseillais Hữu Cơ Nhiều Mùi Hương 300ml,435970130565,Sắc Đẹp,Chăm sóc tóc,Dầu gội,,410000,1,Tec-do,mobisummer,,112918398,,Chiến dịch mở rộng,336200,0,Đơn hàng gián tiếp,15129,15129,"4,5%",0,0%,15129,15129,0,,Websites,16339,Đã khấu trừ,Khấu trừ theo đơn hàng,2026-07-05 06:00:41
260701GF943NGS,Hoàn thành,Hợp lệ,2026-07-01 07:49:28,2026-07-02 17:30:49,2026-07-02 17:30:49,25644330193,[QUÀ TẶNG KHÔNG BÁN] Bông Tạo Bọt Kì Cọ Tẩy Da Chết Màu Ngẫu Nhiên,346005340612,Nhà cửa & Đời sống,Đồ dùng phòng tắm,Bông tắm,475641850446114_0_0,0,1,feedy_vn,feedy_vn,,122682417,,Chiến dịch mở rộng,0,0,Đơn hàng gián tiếp,0,0,4%,0,0%,20885.4,20885.4,0,,Websites,0,,,
260701GF943NGS,Hoàn thành,Hợp lệ,2026-07-01 07:49:28,2026-07-02 17:30:49,2026-07-02 17:30:49,29480146096,Sữa Tắm Thiên Nhiên 92% Le Petit Marseillais Nhiều Mùi Hương 250ml,315970228701,Sắc Đẹp,Tắm & chăm sóc cơ thể,Xà phòng & sữa tắm,475641850446114_0_0,199000,1,feedy_vn,feedy_vn,,112409565,,Chiến dịch mở rộng,163180,0,Đơn hàng gián tiếp,7343.1,7343.1,"4,5%",0,0%,0,0,0,,Websites,7931,Đã khấu trừ,Khấu trừ theo đơn hàng,2026-07-02 17:31:16
260701GF943NGS,Hoàn thành,Hợp lệ,2026-07-01 07:49:28,2026-07-02 17:30:49,2026-07-02 17:30:49,24142870859,Sữa Tắm Thơm Lâu Le Petit Marseillais Gel 92% Thiên Nhiên Da Nhạy Cảm Nhiều Mùi Hương 650ml,350973489410,Sắc Đẹp,Tắm & chăm sóc cơ thể,Xà phòng & sữa tắm,475641850446114_0_0,367000,1,feedy_vn,feedy_vn,,112430963,,Chiến dịch mở rộng,300940,0,Đơn hàng gián tiếp,13542.3,13542.3,"4,5%",0,0%,0,0,0,,Websites,14626,Đã khấu trừ,Khấu trừ theo đơn hàng,2026-07-02 17:31:16
260701GEF5E86P,Hoàn thành,Hợp lệ,2026-07-01 07:34:57,2026-07-06 10:05:28,2026-07-06 10:05:28,25644330193,[QUÀ TẶNG KHÔNG BÁN] Bông Tạo Bọt Kì Cọ Tẩy Da Chết Màu Ngẫu Nhiên,346005340612,Nhà cửa & Đời sống,Đồ dùng phòng tắm,Bông tắm,475641850446114_0_0,0,1,HƯƠNG NGUYỄN SHOP 1,huongnguyenshop1,,122682417,,Chiến dịch mở rộng,0,0,Đơn hàng trực tiếp,0,0,8%,0,0%,10037.36,10037.36,0,,Shopeevideo-Shopee,0,,,
260701GEF5E86P,Hoàn thành,Hợp lệ,2026-07-01 07:34:57,2026-07-06 10:05:28,2026-07-06 10:05:28,25692866155,Sữa Tắm Nam 4 in 1 92% Thiên Nhiên Le Petit Marseillais Nhiều Mùi Hương 250ml,345969754130,Sắc Đẹp,Chăm sóc nam giới,Sữa tắm & chăm sóc cơ thể,475641850446114_0_0,199000,1,HƯƠNG NGUYỄN SHOP 1,huongnguyenshop1,,112434462,,Chiến dịch mở rộng,125467,0,Đơn hàng trực tiếp,10037.36,10037.36,8%,0,0%,0,0,0,,Shopeevideo-Shopee,10840,Đã khấu trừ,Khấu trừ theo đơn hàng,2026-07-06 10:05:55
260701GDRCUC5H,Hoàn thành,Hợp lệ,2026-07-01 07:22:13,2026-07-03 12:02:28,2026-07-03 12:02:28,25644330193,[QUÀ TẶNG KHÔNG BÁN] Bông Tạo Bọt Kì Cọ Tẩy Da Chết Màu Ngẫu Nhiên,346005340612,Nhà cửa & Đời sống,Đồ dùng phòng tắm,Bông tắm,475641850446114_0_0,0,1,Ngọc Yếnn,ngocyenxinchao,,122682417,,Chiến dịch mở rộng,0,0,Đơn hàng gián tiếp,0,0,4%,0,0%,6606.8,6606.8,0,,Websites,0,,,
260701GDRCUC5H,Hoàn thành,Hợp lệ,2026-07-01 07:22:13,2026-07-03 12:02:28,2026-07-03 12:02:28,25692866155,Sữa Tắm Nam 4 in 1 92% Thiên Nhiên Le Petit Marseillais Nhiều Mùi Hương 250ml,345969754130,Sắc Đẹp,Chăm sóc nam giới,Sữa tắm & chăm sóc cơ thể,475641850446114_0_0,199000,1,Ngọc Yếnn,ngocyenxinchao,,112434462,,Chiến dịch mở rộng,165170,0,Đơn hàng gián tiếp,6606.8,6606.8,4%,0,0%,0,0,0,,Websites,7135,Đã khấu trừ,Khấu trừ theo đơn hàng,2026-07-03 12:02:55
260701GBCTATP0,Hoàn thành,Hợp lệ,2026-07-01 06:39:57,2026-07-03 06:13:55,2026-07-03 06:13:55,25644330193,[QUÀ TẶNG KHÔNG BÁN] Bông Tạo Bọt Kì Cọ Tẩy Da Chết Màu Ngẫu Nhiên,346005340612,Nhà cửa & Đời sống,Đồ dùng phòng tắm,Bông tắm,475641850446114_0_0,0,1,accesstradevn,accesstradevn,,122682417,,Chiến dịch mở rộng,0,0,Đơn hàng trực tiếp,0,0,8%,0,0%,11543.76,11543.76,0,,Others,0,,,
260701GBCTATP0,Hoàn thành,Hợp lệ,2026-07-01 06:39:57,2026-07-03 06:13:55,2026-07-03 06:13:55,29480146096,Sữa Tắm Thiên Nhiên 92% Le Petit Marseillais Nhiều Mùi Hương 250ml,315970228700,Sắc Đẹp,Tắm & chăm sóc cơ thể,Xà phòng & sữa tắm,475641850446114_0_0,199000,1,accesstradevn,accesstradevn,,112409565,,Chiến dịch mở rộng,128264,0,Đơn hàng trực tiếp,11543.76,11543.76,9%,0,0%,0,0,0,,Others,12467,Đã khấu trừ,Khấu trừ theo đơn hàng,2026-07-03 06:17:32
260701GA5TW8JC,Hoàn thành,Hợp lệ,2026-07-01 06:18:09,2026-07-06 12:41:52,2026-07-06 12:41:52,25644330193,[QUÀ TẶNG KHÔNG BÁN] Bông Tạo Bọt Kì Cọ Tẩy Da Chết Màu Ngẫu Nhiên,346005340612,Nhà cửa & Đời sống,Đồ dùng phòng tắm,Bông tắm,475641850446114_0_0,0,1,Bochi,thanhson,,122682417,,Chiến dịch mở rộng,0,0,Đơn hàng trực tiếp,0,0,8%,0,0%,14686.2,14686.2,0,,Code Sharing,0,,,
260701GA5TW8JC,Hoàn thành,Hợp lệ,2026-07-01 06:18:09,2026-07-06 12:41:52,2026-07-06 12:41:52,29480146096,Sữa Tắm Thiên Nhiên 92% Le Petit Marseillais Nhiều Mùi Hương 250ml,315970228700,Sắc Đẹp,Tắm & chăm sóc cơ thể,Xà phòng & sữa tắm,475641850446114_0_0,199000,1,Bochi,thanhson,,112409565,,Chiến dịch mở rộng,163180,0,Đơn hàng trực tiếp,14686.2,14686.2,9%,0,0%,0,0,0,,Code Sharing,15861,Đã khấu trừ,Khấu trừ theo đơn hàng,2026-07-06 12:42:19
260701GA3Q6RYW,Hoàn thành,Hợp lệ,2026-07-01 06:16:59,2026-07-03 13:33:23,2026-07-03 13:33:23,24142870859,Sữa Tắm Thơm Lâu Le Petit Marseillais Gel 92% Thiên Nhiên Da Nhạy Cảm Nhiều Mùi Hương 650ml,350973489402,Sắc Đẹp,Tắm & chăm sóc cơ thể,Xà phòng & sữa tắm,475641850446114_0_0,367000,1,Tuệ Ni,tuenithuii,,112430963,,Chiến dịch mở rộng,243201,0,Đơn hàng gián tiếp,10944.045,10944.045,"4,5%",0,0%,10944.045,10944.045,0,,Facebook,11820,Đã khấu trừ,Khấu trừ theo đơn hàng,2026-07-03 13:33:52
260701GA3Q6RYW,Hoàn thành,Hợp lệ,2026-07-01 06:16:59,2026-07-03 13:33:23,2026-07-03 13:33:23,25644330193,[QUÀ TẶNG KHÔNG BÁN] Bông Tạo Bọt Kì Cọ Tẩy Da Chết Màu Ngẫu Nhiên,346005340612,Nhà cửa & Đời sống,Đồ dùng phòng tắm,Bông tắm,475641850446114_0_0,0,1,Tuệ Ni,tuenithuii,,122682417,,Chiến dịch mở rộng,0,0,Đơn hàng gián tiếp,0,0,4%,0,0%,0,0,0,,Facebook,0,,,
260701G2D3JH8U,Hoàn thành,Hợp lệ,2026-07-01 03:59:03,2026-07-05 16:39:57,2026-07-05 16:39:57,24142870859,Sữa Tắm Thơm Lâu Le Petit Marseillais Gel 92% Thiên Nhiên Da Nhạy Cảm Nhiều Mùi Hương 650ml,350973489407,Sắc Đẹp,Tắm & chăm sóc cơ thể,Xà phòng & sữa tắm,475641850446114_0_0,367000,1,CreatorX Media Network,creatorxmedianetwork,,112430963,,Chiến dịch mở rộng,172000,0,Đơn hàng gián tiếp,7740,7740,"4,5%",0,0%,12762,12762,0,,Others,8359,Đã khấu trừ,Khấu trừ theo đơn hàng,2026-07-05 16:40:23
260701G2D3JH8U,Hoàn thành,Hợp lệ,2026-07-01 03:59:03,2026-07-05 16:39:57,2026-07-05 16:39:57,25644330193,[QUÀ TẶNG KHÔNG BÁN] Bông Tạo Bọt Kì Cọ Tẩy Da Chết Màu Ngẫu Nhiên,346005340612,Nhà cửa & Đời sống,Đồ dùng phòng tắm,Bông tắm,475641850446114_0_0,0,1,CreatorX Media Network,creatorxmedianetwork,,122682417,,Chiến dịch mở rộng,0,0,Đơn hàng gián tiếp,0,0,4%,0,0%,0,0,0,,Others,0,,,
260701G2D3JH8U,Hoàn thành,Hợp lệ,2026-07-01 03:59:03,2026-07-05 16:39:57,2026-07-05 16:39:57,29680365284,Dầu Gội Thiên Nhiên Le Petit Marseillais Hữu Cơ Nhiều Mùi Hương 250ml,370971985646,Sắc Đẹp,Chăm sóc tóc,Dầu gội,,238000,1,CreatorX Media Network,creatorxmedianetwork,,112920799,,Chiến dịch mở rộng,111600,0,Đơn hàng gián tiếp,5022,5022,"4,5%",0,0%,0,0,0,,Others,5424,Đã khấu trừ,Khấu trừ theo đơn hàng,2026-07-05 16:40:23
260701FXFU914Q,Hoàn thành,Hợp lệ,2026-07-01 02:49:01,2026-07-05 10:55:51,2026-07-05 10:55:51,29680365284,Dầu Gội Thiên Nhiên Le Petit Marseillais Hữu Cơ Nhiều Mùi Hương 250ml,370971985646,Sắc Đẹp,Chăm sóc tóc,Dầu gội,,238000,1,Vũ Ngọc Châm,ngoccham237,,112920799,,Chiến dịch mở rộng,190400,0,Đơn hàng gián tiếp,8568,8568,"4,5%",0,0%,8568,8568,0,,Facebook,9253,Đã khấu trừ,Khấu trừ theo đơn hàng,2026-07-05 10:56:18
260701FRTCBBQT,Hoàn thành,Hợp lệ,2026-07-01 01:07:32,2026-07-05 12:39:05,2026-07-05 12:39:05,29480146096,Sữa Tắm Thiên Nhiên 92% Le Petit Marseillais Nhiều Mùi Hương 250ml,315970228700,Sắc Đẹp,Tắm & chăm sóc cơ thể,Xà phòng & sữa tắm,475641850446114_0_0,199000,1,Linh Hương,linhhuong48,,112409565,,Chiến dịch mở rộng,167160,0,Đơn hàng gián tiếp,7522.2,7522.2,"4,5%",0,0%,7522.2,7522.2,0,,Facebook,8124,Đã khấu trừ,Khấu trừ theo đơn hàng,2026-07-05 12:39:32
260701FRTCBBQT,Hoàn thành,Hợp lệ,2026-07-01 01:07:32,2026-07-05 12:39:05,2026-07-05 12:39:05,25644330193,[QUÀ TẶNG KHÔNG BÁN] Bông Tạo Bọt Kì Cọ Tẩy Da Chết Màu Ngẫu Nhiên,346005340612,Nhà cửa & Đời sống,Đồ dùng phòng tắm,Bông tắm,475641850446114_0_0,0,1,Linh Hương,linhhuong48,,122682417,,Chiến dịch mở rộng,0,0,Đơn hàng gián tiếp,0,0,4%,0,0%,0,0,0,,Facebook,0,,,
260701FR1C75T8,Hoàn thành,Hợp lệ,2026-07-01 00:53:32,2026-07-03 12:01:23,2026-07-03 12:01:23,24142870859,Sữa Tắm Thơm Lâu Le Petit Marseillais Gel 92% Thiên Nhiên Da Nhạy Cảm Nhiều Mùi Hương 650ml,350973489402,Sắc Đẹp,Tắm & chăm sóc cơ thể,Xà phòng & sữa tắm,475641850446114_0_0,357000,1,Trang Review,trangreview11,,112430963,,Chiến dịch mở rộng,282030,0,Đơn hàng trực tiếp,25382.7,25382.7,9%,0,0%,25382.7,25382.7,0,,Shopeelive-Shopee,27413,Đã khấu trừ,Khấu trừ theo đơn hàng,2026-07-03 12:01:49
260701FR1C75T8,Hoàn thành,Hợp lệ,2026-07-01 00:53:32,2026-07-03 12:01:23,2026-07-03 12:01:23,25644330193,[QUÀ TẶNG KHÔNG BÁN] Bông Tạo Bọt Kì Cọ Tẩy Da Chết Màu Ngẫu Nhiên,346005340612,Nhà cửa & Đời sống,Đồ dùng phòng tắm,Bông tắm,475641850446114_0_0,0,1,Trang Review,trangreview11,,122682417,,Chiến dịch mở rộng,0,0,Đơn hàng trực tiếp,0,0,8%,0,0%,0,0,0,,Shopeelive-Shopee,0,,,
260701FPJXBWAY,Hoàn thành,Hợp lệ,2026-07-01 00:27:34,2026-07-05 11:52:20,2026-07-05 11:52:20,25644330193,[QUÀ TẶNG KHÔNG BÁN] Bông Tạo Bọt Kì Cọ Tẩy Da Chết Màu Ngẫu Nhiên,346005340612,Nhà cửa & Đời sống,Đồ dùng phòng tắm,Bông tắm,475641850446114_0_0,0,1,Trinh,trinhnguyen8899,,122682417,,Chiến dịch mở rộng,0,0,Đơn hàng gián tiếp,0,0,4%,0,0%,5594.52,5594.52,0,,Facebook,0,,,
260701FPJXBWAY,Hoàn thành,Hợp lệ,2026-07-01 00:27:34,2026-07-05 11:52:20,2026-07-05 11:52:20,25692866155,Sữa Tắm Nam 4 in 1 92% Thiên Nhiên Le Petit Marseillais Nhiều Mùi Hương 250ml,345969754131,Sắc Đẹp,Chăm sóc nam giới,Sữa tắm & chăm sóc cơ thể,475641850446114_0_0,187000,1,Trinh,trinhnguyen8899,,112434462,,Chiến dịch mở rộng,139863,0,Đơn hàng gián tiếp,5594.52,5594.52,4%,0,0%,0,0,0,,Facebook,6042,Đã khấu trừ,Khấu trừ theo đơn hàng,2026-07-05 11:52:48
260701FPBMRKC8,Hoàn thành,Hợp lệ,2026-07-01 00:23:29,2026-07-06 16:00:02,2026-07-06 16:00:02,25644330193,[QUÀ TẶNG KHÔNG BÁN] Bông Tạo Bọt Kì Cọ Tẩy Da Chết Màu Ngẫu Nhiên,346005340612,Nhà cửa & Đời sống,Đồ dùng phòng tắm,Bông tắm,475641850446114_0_0,0,1,NGỌC NGỌC SHOP,nyny123,,122682417,,Chiến dịch mở rộng,0,0,Đơn hàng gián tiếp,0,0,4%,0,0%,4475.6,4475.6,0,,Facebook,0,,,
260701FPBMRKC8,Hoàn thành,Hợp lệ,2026-07-01 00:23:29,2026-07-06 16:00:02,2026-07-06 16:00:02,25692866155,Sữa Tắm Nam 4 in 1 92% Thiên Nhiên Le Petit Marseillais Nhiều Mùi Hương 250ml,345969754134,Sắc Đẹp,Chăm sóc nam giới,Sữa tắm & chăm sóc cơ thể,475641850446114_0_0,187000,1,NGỌC NGỌC SHOP,nyny123,,112434462,,Chiến dịch mở rộng,111890,0,Đơn hàng gián tiếp,4475.6,4475.6,4%,0,0%,0,0,0,,Facebook,4834,Đã khấu trừ,Khấu trừ theo đơn hàng,2026-07-06 16:00:32
260701FNBW299W,Hoàn thành,Hợp lệ,2026-07-01 00:05:44,2026-07-05 09:22:34,2026-07-05 09:22:34,25644330193,[QUÀ TẶNG KHÔNG BÁN] Bông Tạo Bọt Kì Cọ Tẩy Da Chết Màu Ngẫu Nhiên,346005340612,Nhà cửa & Đời sống,Đồ dùng phòng tắm,Bông tắm,475641850446114_0_0,0,1,Opera,opera109,,122682417,,Chiến dịch mở rộng,0,0,Đơn hàng gián tiếp,0,0,4%,0,0%,7480,7480,0,,Others,0,,,
260701FNBW299W,Hoàn thành,Hợp lệ,2026-07-01 00:05:44,2026-07-05 09:22:34,2026-07-05 09:22:34,25692866155,Sữa Tắm Nam 4 in 1 92% Thiên Nhiên Le Petit Marseillais Nhiều Mùi Hương 250ml,345969754133,Sắc Đẹp,Chăm sóc nam giới,Sữa tắm & chăm sóc cơ thể,475641850446114_0_0,187000,1,Opera,opera109,,112434462,,Chiến dịch mở rộng,187000,0,Đơn hàng gián tiếp,7480,7480,4%,0,0%,0,0,0,,Others,8078,Đã khấu trừ,Khấu trừ theo đơn hàng,2026-07-05 09:23:01
260701FN6UVDY8,Hoàn thành,Hợp lệ,2026-07-01 00:02:55,2026-07-03 18:57:25,2026-07-03 18:57:25,24142870859,Sữa Tắm Thơm Lâu Le Petit Marseillais Gel 92% Thiên Nhiên Da Nhạy Cảm Nhiều Mùi Hương 650ml,350973489412,Sắc Đẹp,Tắm & chăm sóc cơ thể,Xà phòng & sữa tắm,475641850446114_0_0,357000,1,WebHome Live3,webhome.livestream3,Webhome Media,112430963,,Chiến dịch mở rộng,271860,0,Đơn hàng trực tiếp,24467.4,24467.4,9%,0,0%,24467.4,24467.4,0,,Shopeelive-Shopee,26425,Đã khấu trừ,Khấu trừ theo đơn hàng,2026-07-03 18:57:51
260701FN6UVDY8,Hoàn thành,Hợp lệ,2026-07-01 00:02:55,2026-07-03 18:57:25,2026-07-03 18:57:25,25644330193,[QUÀ TẶNG KHÔNG BÁN] Bông Tạo Bọt Kì Cọ Tẩy Da Chết Màu Ngẫu Nhiên,346005340612,Nhà cửa & Đời sống,Đồ dùng phòng tắm,Bông tắm,475641850446114_0_0,0,1,WebHome Live3,webhome.livestream3,Webhome Media,122682417,,Chiến dịch mở rộng,0,0,Đơn hàng trực tiếp,0,0,8%,0,0%,0,0,0,,Shopeelive-Shopee,0,,,
260701FN6EH192,Hoàn thành,Hợp lệ,2026-07-01 00:02:42,2026-07-02 19:18:30,2026-07-02 19:18:30,24142870859,Sữa Tắm Thơm Lâu Le Petit Marseillais Gel 92% Thiên Nhiên Da Nhạy Cảm Nhiều Mùi Hương 650ml,350973489405,Sắc Đẹp,Tắm & chăm sóc cơ thể,Xà phòng & sữa tắm,475641850446114_0_0,357000,1,NiNa shop,tham.nt,,112430963,,Chiến dịch mở rộng,285600,0,Đơn hàng trực tiếp,25704,25704,9%,0,0%,25704,25704,0,,Others,27760,Đã khấu trừ,Khấu trừ theo đơn hàng,2026-07-02 19:18:58
260701FN6EH192,Hoàn thành,Hợp lệ,2026-07-01 00:02:42,2026-07-02 19:18:30,2026-07-02 19:18:30,25644330193,[QUÀ TẶNG KHÔNG BÁN] Bông Tạo Bọt Kì Cọ Tẩy Da Chết Màu Ngẫu Nhiên,346005340612,Nhà cửa & Đời sống,Đồ dùng phòng tắm,Bông tắm,475641850446114_0_0,0,1,NiNa shop,tham.nt,,122682417,,Chiến dịch mở rộng,0,0,Đơn hàng trực tiếp,0,0,8%,0,0%,0,0,0,,Others,0,,,
260701FKA4BB1G,Hoàn thành,Hợp lệ,2026-06-30 23:28:57,2026-07-05 10:01:07,2026-07-05 10:01:07,24142870859,Sữa Tắm Thơm Lâu Le Petit Marseillais Gel 92% Thiên Nhiên Da Nhạy Cảm Nhiều Mùi Hương 650ml,350973489410,Sắc Đẹp,Tắm & chăm sóc cơ thể,Xà phòng & sữa tắm,475641674285466_0_0,357000,1,Opera,opera109,,112430963,,Chiến dịch mở rộng,272000,0,Đơn hàng gián tiếp,12240,12240,"4,5%",0,0%,12240,12240,0,,Others,13219,Đã khấu trừ,Khấu trừ theo đơn hàng,2026-07-05 10:01:34
260701FKA4BB1G,Hoàn thành,Hợp lệ,2026-06-30 23:28:57,2026-07-05 10:01:07,2026-07-05 10:01:07,25644330193,[QUÀ TẶNG KHÔNG BÁN] Bông Tạo Bọt Kì Cọ Tẩy Da Chết Màu Ngẫu Nhiên,346005340612,Nhà cửa & Đời sống,Đồ dùng phòng tắm,Bông tắm,475641674285466_0_0,0,1,Opera,opera109,,122682417,,Chiến dịch mở rộng,0,0,Đơn hàng gián tiếp,0,0,4%,0,0%,0,0,0,,Others,0,,,
260701FJWY7QYR,Hoàn thành,Hợp lệ,2026-06-30 23:22:09,2026-07-03 13:08:36,2026-07-03 13:08:36,25644330193,[QUÀ TẶNG KHÔNG BÁN] Bông Tạo Bọt Kì Cọ Tẩy Da Chết Màu Ngẫu Nhiên,346005340612,Nhà cửa & Đời sống,Đồ dùng phòng tắm,Bông tắm,475641674285466_0_0,0,1,aura.room,_ng.tuongvan_,,122682417,,Chiến dịch mở rộng,0,0,Đơn hàng trực tiếp,0,0,8%,0,0%,13889.43,13889.43,0,,Shopeevideo-Shopee,0,,,
260701FJWY7QYR,Hoàn thành,Hợp lệ,2026-06-30 23:22:09,2026-07-03 13:08:36,2026-07-03 13:08:36,29480146096,Sữa Tắm Thiên Nhiên 92% Le Petit Marseillais Nhiều Mùi Hương 250ml,315970228698,Sắc Đẹp,Tắm & chăm sóc cơ thể,Xà phòng & sữa tắm,475641674285466_0_0,185000,1,aura.room,_ng.tuongvan_,,112409565,,Chiến dịch mở rộng,154327,0,Đơn hàng trực tiếp,13889.43,13889.43,9%,0,0%,0,0,0,,Shopeevideo-Shopee,15001,Đã khấu trừ,Khấu trừ theo đơn hàng,2026-07-03 13:09:03
260701FJFHP4Y6,Hoàn thành,Hợp lệ,2026-06-30 23:14:05,2026-07-05 14:36:56,2026-07-05 14:36:56,23390715819,Dầu Gội Cấp Ẩm Chuyên Sâu 97% Thiên Nhiên Le Petit Marseillais Chiết Xuất Dừa Hữu Cơ 250ml 7429,310970647489,Sắc Đẹp,Chăm sóc tóc,Dầu gội,475641674285466_0_0,267000,1,hà,pr67pk_vy0,,111640458,,Chiến dịch mở rộng,164872,0,Đơn hàng gián tiếp,6594.88,6594.88,4%,0,0%,6594.88,6594.88,0,,Instagram,7122,Đã khấu trừ,Khấu trừ theo đơn hàng,2026-07-05 14:37:25
260701FJFHP4Y6,Hoàn thành,Hợp lệ,2026-06-30 23:14:05,2026-07-05 14:36:56,2026-07-05 14:36:56,25644330193,[QUÀ TẶNG KHÔNG BÁN] Bông Tạo Bọt Kì Cọ Tẩy Da Chết Màu Ngẫu Nhiên,346005340612,Nhà cửa & Đời sống,Đồ dùng phòng tắm,Bông tắm,475641674285466_0_0,0,1,hà,pr67pk_vy0,,122682417,,Chiến dịch mở rộng,0,0,Đơn hàng gián tiếp,0,0,4%,0,0%,0,0,0,,Instagram,0,,,
260701FHRS0K0A,Hoàn thành,Hợp lệ,2026-06-30 23:01:21,2026-07-03 16:09:14,2026-07-03 16:09:14,25644330193,[QUÀ TẶNG KHÔNG BÁN] Bông Tạo Bọt Kì Cọ Tẩy Da Chết Màu Ngẫu Nhiên,346005340612,Nhà cửa & Đời sống,Đồ dùng phòng tắm,Bông tắm,475641674285466_0_0,0,1,CreatorX Media Network,creatorxmedianetwork,,122682417,,Chiến dịch mở rộng,0,0,Đơn hàng gián tiếp,0,0,4%,0,0%,7255.6,7255.6,0,,Others,0,,,
260701FHRS0K0A,Hoàn thành,Hợp lệ,2026-06-30 23:01:21,2026-07-03 16:09:14,2026-07-03 16:09:14,25692866155,Sữa Tắm Nam 4 in 1 92% Thiên Nhiên Le Petit Marseillais Nhiều Mùi Hương 250ml,345969754130,Sắc Đẹp,Chăm sóc nam giới,Sữa tắm & chăm sóc cơ thể,475641674285466_0_0,187000,1,CreatorX Media Network,creatorxmedianetwork,,112434462,,Chiến dịch mở rộng,181390,0,Đơn hàng gián tiếp,7255.6,7255.6,4%,0,0%,0,0,0,,Others,7836,Đã khấu trừ,Khấu trừ theo đơn hàng,2026-07-03 16:09:41
260630FHHRVQ5W,Hoàn thành,Hợp lệ,2026-06-30 22:57:26,2026-07-03 08:17:35,2026-07-03 08:17:35,25644330193,[QUÀ TẶNG KHÔNG BÁN] Bông Tạo Bọt Kì Cọ Tẩy Da Chết Màu Ngẫu Nhiên,346005340612,Nhà cửa & Đời sống,Đồ dùng phòng tắm,Bông tắm,475641674285466_0_0,0,1,CreatorX Media Network,creatorxmedianetwork,,122682417,,Chiến dịch mở rộng,0,0,Đơn hàng gián tiếp,0,0,4%,0,0%,8075.25,8075.25,0,,Others,0,,,
260630FHHRVQ5W,Hoàn thành,Hợp lệ,2026-06-30 22:57:26,2026-07-03 08:17:35,2026-07-03 08:17:35,29480146096,Sữa Tắm Thiên Nhiên 92% Le Petit Marseillais Nhiều Mùi Hương 250ml,315970228700,Sắc Đẹp,Tắm & chăm sóc cơ thể,Xà phòng & sữa tắm,475641674285466_0_0,185000,1,CreatorX Media Network,creatorxmedianetwork,,112409565,,Chiến dịch mở rộng,179450,0,Đơn hàng gián tiếp,8075.25,8075.25,"4,5%",0,0%,0,0,0,,Others,8721,Đã khấu trừ,Khấu trừ theo đơn hàng,2026-07-03 08:18:02
260630FHCC9QNT,Hoàn thành,Hợp lệ,2026-06-30 22:54:25,2026-07-03 03:09:47,2026-07-03 03:09:47,25644330193,[QUÀ TẶNG KHÔNG BÁN] Bông Tạo Bọt Kì Cọ Tẩy Da Chết Màu Ngẫu Nhiên,346005340612,Nhà cửa & Đời sống,Đồ dùng phòng tắm,Bông tắm,475641674285466_0_0,0,1,Chang Chang,huyentrangly201,,122682417,,Chiến dịch mở rộng,0,0,Đơn hàng gián tiếp,0,0,4%,0,0%,17647.935,17647.935,0,,Threads,0,,,
260630FHCC9QNT,Hoàn thành,Hợp lệ,2026-06-30 22:54:25,2026-07-03 03:09:47,2026-07-03 03:09:47,25692866155,Sữa Tắm Nam 4 in 1 92% Thiên Nhiên Le Petit Marseillais Nhiều Mùi Hương 250ml,345969754133,Sắc Đẹp,Chăm sóc nam giới,Sữa tắm & chăm sóc cơ thể,475641674285466_0_0,187000,1,Chang Chang,huyentrangly201,,112434462,,Chiến dịch mở rộng,115863,0,Đơn hàng gián tiếp,4634.52,4634.52,4%,0,0%,0,0,0,,Threads,5005,Đã khấu trừ,Khấu trừ theo đơn hàng,2026-07-03 03:10:14
260630FHCC9QNT,Hoàn thành,Hợp lệ,2026-06-30 22:54:25,2026-07-03 03:09:47,2026-07-03 03:09:47,27837762289,Combo Sữa Tắm Thiên Nhiên 250ml & Dầu gội 250ml Le Petit Marseillais Thiên Nhiên Hữu Cơ Chăm Sóc Toàn Diện,345975868278,Sắc Đẹp,Tắm & chăm sóc cơ thể,Xà phòng & sữa tắm,475641674285466_0_0,467000,1,Chang Chang,huyentrangly201,,141308903,,Chiến dịch mở rộng,289187,0,Đơn hàng gián tiếp,13013.415,13013.415,"4,5%",0,0%,0,0,0,,Threads,14054,Đã khấu trừ,Khấu trừ theo đơn hàng,2026-07-03 03:10:14
260630FF3XUWEB,Hoàn thành,Hợp lệ,2026-06-30 22:13:56,2026-07-06 11:18:45,2026-07-06 11:18:45,25644330193,[QUÀ TẶNG KHÔNG BÁN] Bông Tạo Bọt Kì Cọ Tẩy Da Chết Màu Ngẫu Nhiên,346005340612,Nhà cửa & Đời sống,Đồ dùng phòng tắm,Bông tắm,475641674285466_0_0,0,1,ACCESSTRADEVN,accesstrade_banking,,122682417,,Chiến dịch mở rộng,0,0,Đơn hàng trực tiếp,0,0,8%,0,0%,16150.5,16150.5,0,,Websites,0,,,
260630FF3XUWEB,Hoàn thành,Hợp lệ,2026-06-30 22:13:56,2026-07-06 11:18:45,2026-07-06 11:18:45,29480146096,Sữa Tắm Thiên Nhiên 92% Le Petit Marseillais Nhiều Mùi Hương 250ml,315970228701,Sắc Đẹp,Tắm & chăm sóc cơ thể,Xà phòng & sữa tắm,475641674285466_0_0,185000,1,ACCESSTRADEVN,accesstrade_banking,,112409565,,Chiến dịch mở rộng,179450,0,Đơn hàng trực tiếp,16150.5,16150.5,9%,0,0%,0,0,0,,Websites,17443,Đã khấu trừ,Khấu trừ theo đơn hàng,2026-07-06 11:19:12
260630FENCGYDY,Hủy bỏ,Hợp lệ,2026-06-30 22:05:46,,,25644330193,[QUÀ TẶNG KHÔNG BÁN] Bông Tạo Bọt Kì Cọ Tẩy Da Chết Màu Ngẫu Nhiên,346005340612,Nhà cửa & Đời sống,Đồ dùng phòng tắm,Bông tắm,475641674285466_0_0,0,0,CreatorX Media Network,creatorxmedianetwork,,122682417,,Chiến dịch mở rộng,0,0,Đơn hàng gián tiếp,0,0,4%,0,0%,0,0,0,Đơn hàng không hợp lệ,Others,0,,,
260630FENCGYDY,Hủy bỏ,Hợp lệ,2026-06-30 22:05:46,,,40672203767,Hộp 4 Bánh Xà Phòng Thiên Nhiên Le Petit Marseillais Dịu Nhẹ Lành Tính Nhiều Mùi Hương 4x100g,167403448465,Sắc Đẹp,Tắm & chăm sóc cơ thể,Xà phòng & sữa tắm,475641674285466_0_0,265000,0,CreatorX Media Network,creatorxmedianetwork,,176551991,,Chiến dịch mở rộng,0,211470,Đơn hàng gián tiếp,0,0,"4,5%",0,0%,0,0,0,Đơn hàng không hợp lệ,Others,0,,,
260630FCQ57317,Hoàn thành,Hợp lệ,2026-06-30 21:30:59,2026-07-06 09:25:50,2026-07-06 09:25:50,24142870859,Sữa Tắm Thơm Lâu Le Petit Marseillais Gel 92% Thiên Nhiên Da Nhạy Cảm Nhiều Mùi Hương 650ml,350973489406,Sắc Đẹp,Tắm & chăm sóc cơ thể,Xà phòng & sữa tắm,475641674285466_0_0,357000,1,Opera,opera109,,112430963,,Chiến dịch mở rộng,337312,0,Đơn hàng gián tiếp,15179.04,15179.04,"4,5%",0,0%,22246.56,22246.56,0,,Others,16393,Đã khấu trừ,Khấu trừ theo đơn hàng,2026-07-06 09:26:18
260630FCQ57317,Hoàn thành,Hợp lệ,2026-06-30 21:30:59,2026-07-06 09:25:50,2026-07-06 09:25:50,25644330193,[QUÀ TẶNG KHÔNG BÁN] Bông Tạo Bọt Kì Cọ Tẩy Da Chết Màu Ngẫu Nhiên,346005340612,Nhà cửa & Đời sống,Đồ dùng phòng tắm,Bông tắm,475641674285466_0_0,0,1,Opera,opera109,,122682417,,Chiến dịch mở rộng,0,0,Đơn hàng gián tiếp,0,0,4%,0,0%,0,0,0,,Others,0,,,
260630FCQ57317,Hoàn thành,Hợp lệ,2026-06-30 21:30:59,2026-07-06 09:25:50,2026-07-06 09:25:50,25692866155,Sữa Tắm Nam 4 in 1 92% Thiên Nhiên Le Petit Marseillais Nhiều Mùi Hương 250ml,345969754134,Sắc Đẹp,Chăm sóc nam giới,Sữa tắm & chăm sóc cơ thể,475641674285466_0_0,187000,1,Opera,opera109,,112434462,,Chiến dịch mở rộng,176688,0,Đơn hàng gián tiếp,7067.52,7067.52,4%,0,0%,0,0,0,,Others,7633,Đã khấu trừ,Khấu trừ theo đơn hàng,2026-07-06 09:26:18
260630F986Q44J,Hoàn thành,Hợp lệ,2026-06-30 20:28:55,2026-07-05 13:37:39,2026-07-05 13:37:39,24142870859,Sữa Tắm Thơm Lâu Le Petit Marseillais Gel 92% Thiên Nhiên Da Nhạy Cảm Nhiều Mùi Hương 650ml,350973489412,Sắc Đẹp,Tắm & chăm sóc cơ thể,Xà phòng & sữa tắm,475641674285466_0_0,394000,1,Hương Hương nè ᥫ᭡,huonghuongne185,,112430963,,Chiến dịch mở rộng,318360,0,Đơn hàng trực tiếp,28652.4,28652.4,9%,0,0%,28652.4,28652.4,0,,Shopeevideo-Shopee,30945,Đã khấu trừ,Khấu trừ theo đơn hàng,2026-07-05 13:38:06
260630F986Q44J,Hoàn thành,Hợp lệ,2026-06-30 20:28:55,2026-07-05 13:37:39,2026-07-05 13:37:39,25644330193,[QUÀ TẶNG KHÔNG BÁN] Bông Tạo Bọt Kì Cọ Tẩy Da Chết Màu Ngẫu Nhiên,346005340612,Nhà cửa & Đời sống,Đồ dùng phòng tắm,Bông tắm,475641674285466_0_0,0,1,Hương Hương nè ᥫ᭡,huonghuongne185,,122682417,,Chiến dịch mở rộng,0,0,Đơn hàng trực tiếp,0,0,8%,0,0%,0,0,0,,Shopeevideo-Shopee,0,,,
260630F74NP3NU,Hoàn thành,Hợp lệ,2026-06-30 19:51:09,2026-07-02 20:12:12,2026-07-02 20:12:12,25644330193,[QUÀ TẶNG KHÔNG BÁN] Bông Tạo Bọt Kì Cọ Tẩy Da Chết Màu Ngẫu Nhiên,346005340612,Nhà cửa & Đời sống,Đồ dùng phòng tắm,Bông tắm,475641674285466_0_0,0,1,aura.room,_ng.tuongvan_,,122682417,,Chiến dịch mở rộng,0,0,Đơn hàng trực tiếp,0,0,8%,0,0%,16110,16110,0,,Shopeevideo-Shopee,0,,,
260630F74NP3NU,Hoàn thành,Hợp lệ,2026-06-30 19:51:09,2026-07-02 20:12:12,2026-07-02 20:12:12,29480146096,Sữa Tắm Thiên Nhiên 92% Le Petit Marseillais Nhiều Mùi Hương 250ml,315970228700,Sắc Đẹp,Tắm & chăm sóc cơ thể,Xà phòng & sữa tắm,475641674285466_0_0,200000,1,aura.room,_ng.tuongvan_,,112409565,,Chiến dịch mở rộng,179000,0,Đơn hàng trực tiếp,16110,16110,9%,0,0%,0,0,0,,Shopeevideo-Shopee,17399,Đã khấu trừ,Khấu trừ theo đơn hàng,2026-07-02 20:12:43
260630F6QSQRG4,Hủy bỏ,Hợp lệ,2026-06-30 19:43:57,,,25644330193,[QUÀ TẶNG KHÔNG BÁN] Bông Tạo Bọt Kì Cọ Tẩy Da Chết Màu Ngẫu Nhiên,346005340612,Nhà cửa & Đời sống,Đồ dùng phòng tắm,Bông tắm,475641674285466_0_0,0,0,Davidson Kelly,wjamf35bmd,,122682417,,Chiến dịch mở rộng,0,0,Đơn hàng gián tiếp,0,0,4%,0,0%,0,0,0,Đơn hàng không hợp lệ,Facebook,0,,,
260630F6QSQRG4,Hủy bỏ,Hợp lệ,2026-06-30 19:43:57,,,29480146096,Sữa Tắm Thiên Nhiên 92% Le Petit Marseillais Nhiều Mùi Hương 250ml,310970228929,Sắc Đẹp,Tắm & chăm sóc cơ thể,Xà phòng & sữa tắm,475641674285466_0_0,200000,0,Davidson Kelly,wjamf35bmd,,112409565,,Chiến dịch mở rộng,0,147720,Đơn hàng gián tiếp,0,0,"4,5%",0,0%,0,0,0,Đơn hàng không hợp lệ,Facebook,0,,,
260630F00AN6X1,Hoàn thành,Hợp lệ,2026-06-30 17:43:28,2026-07-05 11:35:54,2026-07-05 11:35:54,29480146096,Sữa Tắm Thiên Nhiên 92% Le Petit Marseillais Nhiều Mùi Hương 250ml,315970228701,Sắc Đẹp,Tắm & chăm sóc cơ thể,Xà phòng & sữa tắm,,200000,2,CreatorX Media Network,creatorxmedianetwork,,112409565,,Chiến dịch mở rộng,385000,0,Đơn hàng gián tiếp,17325,17325,"4,5%",0,0%,17325,17325,0,,Google Search,18711,Đã khấu trừ,Khấu trừ theo đơn hàng,2026-07-05 11:36:22
260630EY7DB9Y8,Hoàn thành,Hợp lệ,2026-06-30 17:29:31,2026-07-06 12:31:12,2026-07-06 12:31:12,24142870859,Sữa Tắm Thơm Lâu Le Petit Marseillais Gel 92% Thiên Nhiên Da Nhạy Cảm Nhiều Mùi Hương 650ml,350973489412,Sắc Đẹp,Tắm & chăm sóc cơ thể,Xà phòng & sữa tắm,,394000,1,anh.th8524,nhan8386,,112430963,,Chiến dịch mở rộng,303200,0,Đơn hàng gián tiếp,13644,13644,"4,5%",0,0%,13644,13644,0,,Instagram,14736,Đã khấu trừ,Khấu trừ theo đơn hàng,2026-07-06 12:31:49
260630EXP81DKH,Hoàn thành,Hợp lệ,2026-06-30 17:19:55,2026-07-05 10:23:54,2026-07-05 10:23:54,24142870859,Sữa Tắm Thơm Lâu Le Petit Marseillais Gel 92% Thiên Nhiên Da Nhạy Cảm Nhiều Mùi Hương 650ml,350973489402,Sắc Đẹp,Tắm & chăm sóc cơ thể,Xà phòng & sữa tắm,475641674285466_0_0,394000,1,Shoppe 097,lrhmou7qbz,,112430963,,Chiến dịch mở rộng,243660,0,Đơn hàng gián tiếp,10964.7,10964.7,"4,5%",0,0%,10964.7,10964.7,0,,Facebook,11842,Đã khấu trừ,Khấu trừ theo đơn hàng,2026-07-05 10:24:24
260630EXP81DKH,Hoàn thành,Hợp lệ,2026-06-30 17:19:55,2026-07-05 10:23:54,2026-07-05 10:23:54,25644330193,[QUÀ TẶNG KHÔNG BÁN] Bông Tạo Bọt Kì Cọ Tẩy Da Chết Màu Ngẫu Nhiên,346005340612,Nhà cửa & Đời sống,Đồ dùng phòng tắm,Bông tắm,475641674285466_0_0,0,1,Shoppe 097,lrhmou7qbz,,122682417,,Chiến dịch mở rộng,0,0,Đơn hàng gián tiếp,0,0,4%,0,0%,0,0,0,,Facebook,0,,,
260630EVV79AQB,Hủy bỏ,Hợp lệ,2026-06-30 16:47:28,,,24142870859,Sữa Tắm Thơm Lâu Le Petit Marseillais Gel 92% Thiên Nhiên Da Nhạy Cảm Nhiều Mùi Hương 650ml,350973489402,Sắc Đẹp,Tắm & chăm sóc cơ thể,Xà phòng & sữa tắm,475641674285466_0_0,394000,0,Muỗm Khó Tính,vfvkogjs0j,,112430963,,Chiến dịch mở rộng,0,318360,Đơn hàng trực tiếp,0,0,9%,0,0%,0,0,0,Đơn hàng không hợp lệ,Shopeelive-Shopee,0,,,
260630EVV79AQB,Hủy bỏ,Hợp lệ,2026-06-30 16:47:28,,,25644330193,[QUÀ TẶNG KHÔNG BÁN] Bông Tạo Bọt Kì Cọ Tẩy Da Chết Màu Ngẫu Nhiên,346005340612,Nhà cửa & Đời sống,Đồ dùng phòng tắm,Bông tắm,475641674285466_0_0,0,0,Muỗm Khó Tính,vfvkogjs0j,,122682417,,Chiến dịch mở rộng,0,0,Đơn hàng trực tiếp,0,0,8%,0,0%,0,0,0,Đơn hàng không hợp lệ,Shopeelive-Shopee,0,,,
260630EUCCJY70,Hoàn thành,Hợp lệ,2026-06-30 16:20:43,2026-07-05 11:22:24,2026-07-05 11:22:24,28830365069,Dầu Gội Thiên Nhiên Le Petit Marseillais Hữu Cơ Nhiều Mùi Hương 300ml,435970130565,Sắc Đẹp,Chăm sóc tóc,Dầu gội,475641674285466_0_0,410000,1,Hin_Conner,hin_conner,,112918398,,Chiến dịch mở rộng,285277,0,Đơn hàng trực tiếp,25674.93,25674.93,9%,0,0%,25674.93,25674.93,0,,Shopeevideo-Shopee,27729,Đã khấu trừ,Khấu trừ theo đơn hàng,2026-07-05 11:22:52
260630EUCCJY70,Hoàn thành,Hợp lệ,2026-06-30 16:20:43,2026-07-05 11:22:24,2026-07-05 11:22:24,25644330193,[QUÀ TẶNG KHÔNG BÁN] Bông Tạo Bọt Kì Cọ Tẩy Da Chết Màu Ngẫu Nhiên,346005340612,Nhà cửa & Đời sống,Đồ dùng phòng tắm,Bông tắm,475641674285466_0_0,0,1,Hin_Conner,hin_conner,,122682417,,Chiến dịch mở rộng,0,0,Đơn hàng trực tiếp,0,0,8%,0,0%,0,0,0,,Shopeevideo-Shopee,0,,,
260630EUAKE12K,Hoàn thành,Hợp lệ,2026-06-30 16:19:42,2026-07-02 20:14:23,2026-07-02 20:14:23,25644330193,[QUÀ TẶNG KHÔNG BÁN] Bông Tạo Bọt Kì Cọ Tẩy Da Chết Màu Ngẫu Nhiên,346005340612,Nhà cửa & Đời sống,Đồ dùng phòng tắm,Bông tắm,475641674285466_0_0,0,1,Bin,bintran679,,122682417,,Chiến dịch mở rộng,0,0,Đơn hàng gián tiếp,0,0,4%,0,0%,7040,7040,0,,Facebook,0,,,
260630EUAKE12K,Hoàn thành,Hợp lệ,2026-06-30 16:19:42,2026-07-02 20:14:23,2026-07-02 20:14:23,27079878325,"Kem Dưỡng Tay 24h Thiên Nhiên Le Petit Marseillais Chiết Xuất Bơ Hạt Mỡ, Lô Hội, Sắp Ong 75ml 4768",282645716967,Sắc Đẹp,"Chăm sóc tay, chân & móng",Chăm sóc tay,475641674285466_0_0,220000,1,Bin,bintran679,,111650089,,Chiến dịch mở rộng,176000,0,Đơn hàng gián tiếp,7040,7040,4%,0,0%,0,0,0,,Facebook,7603,Đã khấu trừ,Khấu trừ theo đơn hàng,2026-07-02 20:14:51
260630EQVVWV9V,Hoàn thành,Hợp lệ,2026-06-30 15:18:22,2026-07-02 12:13:38,2026-07-02 12:13:38,25644330193,[QUÀ TẶNG KHÔNG BÁN] Bông Tạo Bọt Kì Cọ Tẩy Da Chết Màu Ngẫu Nhiên,346005340612,Nhà cửa & Đời sống,Đồ dùng phòng tắm,Bông tắm,475641674285466_0_0,0,1,Dương Thị Xuân,duongthixuan2026,"Accesstrade,Interspace",122682417,,Chiến dịch mở rộng,0,0,Đơn hàng gián tiếp,0,0,4%,0,0%,18665.495,18665.495,0,,Facebook,0,,,
260630EQVVWV9V,Hoàn thành,Hợp lệ,2026-06-30 15:18:22,2026-07-02 12:13:38,2026-07-02 12:13:38,29480146096,Sữa Tắm Thiên Nhiên 92% Le Petit Marseillais Nhiều Mùi Hương 250ml,315970228696,Sắc Đẹp,Tắm & chăm sóc cơ thể,Xà phòng & sữa tắm,475641674285466_0_0,200000,1,Dương Thị Xuân,duongthixuan2026,"Accesstrade,Interspace",112409565,,Chiến dịch mở rộng,127149,0,Đơn hàng gián tiếp,5721.705,5721.705,"4,5%",0,0%,0,0,0,,Facebook,6179,Đã khấu trừ,Khấu trừ theo đơn hàng,2026-07-02 12:14:05
260630EQVVWV9V,Hoàn thành,Hợp lệ,2026-06-30 15:18:22,2026-07-02 12:13:38,2026-07-02 12:13:38,29480146096,Sữa Tắm Thiên Nhiên 92% Le Petit Marseillais Nhiều Mùi Hương 250ml,315970228699,Sắc Đẹp,Tắm & chăm sóc cơ thể,Xà phòng & sữa tắm,475641674285466_0_0,200000,1,Dương Thị Xuân,duongthixuan2026,"Accesstrade,Interspace",112409565,,Chiến dịch mở rộng,127150,0,Đơn hàng gián tiếp,5721.75,5721.75,"4,5%",0,0%,0,0,0,,Facebook,6179,Đã khấu trừ,Khấu trừ theo đơn hàng,2026-07-02 12:14:05
260630EQVVWV9V,Hoàn thành,Hợp lệ,2026-06-30 15:18:22,2026-07-02 12:13:38,2026-07-02 12:13:38,43722191747,Gel Rửa Tay Hữu Cơ Le Petit Marseillais Thiên Nhiên 98% Dịu Nhẹ Chiết Xuất Lá Ô Liu 290ml 3618,345970301033,Sắc Đẹp,"Chăm sóc tay, chân & móng",Chăm sóc tay,475641674285466_0_0,284000,1,Dương Thị Xuân,duongthixuan2026,"Accesstrade,Interspace",176518318,,Chiến dịch mở rộng,180551,0,Đơn hàng gián tiếp,7222.04,7222.04,4%,0,0%,0,0,0,,Facebook,7800,Đã khấu trừ,Khấu trừ theo đơn hàng,2026-07-02 12:14:05
260630ENEX4TH1,Hoàn thành,Hợp lệ,2026-06-30 14:34:45,2026-07-01 17:11:27,2026-07-01 17:11:27,25644330193,[QUÀ TẶNG KHÔNG BÁN] Bông Tạo Bọt Kì Cọ Tẩy Da Chết Màu Ngẫu Nhiên,346005340612,Nhà cửa & Đời sống,Đồ dùng phòng tắm,Bông tắm,475641674285466_0_0,0,1,mngocshop133,mngocshop133,"Accesstrade,Interspace",122682417,,Chiến dịch mở rộng,0,0,Đơn hàng trực tiếp,0,0,8%,0,0%,13362.72,13362.72,0,,Shopeelive-Shopee,0,,,
260630ENEX4TH1,Hoàn thành,Hợp lệ,2026-06-30 14:34:45,2026-07-01 17:11:27,2026-07-01 17:11:27,25692866155,Sữa Tắm Nam 4 in 1 92% Thiên Nhiên Le Petit Marseillais Nhiều Mùi Hương 250ml,345969754131,Sắc Đẹp,Chăm sóc nam giới,Sữa tắm & chăm sóc cơ thể,475641674285466_0_0,205000,1,mngocshop133,mngocshop133,"Accesstrade,Interspace",112434462,,Chiến dịch mở rộng,167034,0,Đơn hàng trực tiếp,13362.72,13362.72,8%,0,0%,0,0,0,,Shopeelive-Shopee,14432,Đã khấu trừ,Khấu trừ theo đơn hàng,2026-07-01 17:11:54
260630EMVT8S2W,Hoàn thành,Hợp lệ,2026-06-30 14:24:38,2026-07-04 09:03:34,2026-07-04 09:03:34,25644330193,[QUÀ TẶNG KHÔNG BÁN] Bông Tạo Bọt Kì Cọ Tẩy Da Chết Màu Ngẫu Nhiên,346005340612,Nhà cửa & Đời sống,Đồ dùng phòng tắm,Bông tắm,475641674285466_0_0,0,1,CASE,ngahoang2606,,122682417,,Chiến dịch mở rộng,0,0,Đơn hàng trực tiếp,0,0,8%,0,0%,12114,12114,0,,Websites,0,,,
260630EMVT8S2W,Hoàn thành,Hợp lệ,2026-06-30 14:24:38,2026-07-04 09:03:34,2026-07-04 09:03:34,29480146096,Sữa Tắm Thiên Nhiên 92% Le Petit Marseillais Nhiều Mùi Hương 250ml,315970228701,Sắc Đẹp,Tắm & chăm sóc cơ thể,Xà phòng & sữa tắm,475641674285466_0_0,200000,1,CASE,ngahoang2606,,112409565,,Chiến dịch mở rộng,134600,0,Đơn hàng trực tiếp,12114,12114,9%,0,0%,0,0,0,,Websites,13083,Đã khấu trừ,Khấu trừ theo đơn hàng,2026-07-04 09:04:01
260630EKP86N3T,Hoàn thành,Hợp lệ,2026-06-30 14:03:04,2026-07-05 15:37:10,2026-07-05 15:37:10,25644330193,[QUÀ TẶNG KHÔNG BÁN] Bông Tạo Bọt Kì Cọ Tẩy Da Chết Màu Ngẫu Nhiên,346005340612,Nhà cửa & Đời sống,Đồ dùng phòng tắm,Bông tắm,475641674285466_0_0,0,1,Hương hương review,ok6tfg3ykw,Webhome Media,122682417,,Chiến dịch mở rộng,0,0,Đơn hàng trực tiếp,0,0,8%,0,0%,15364.8,15364.8,0,,Shopeelive-Shopee,0,,,
260630EKP86N3T,Hoàn thành,Hợp lệ,2026-06-30 14:03:04,2026-07-05 15:37:10,2026-07-05 15:37:10,29480146096,Sữa Tắm Thiên Nhiên 92% Le Petit Marseillais Nhiều Mùi Hương 250ml,315970228699,Sắc Đẹp,Tắm & chăm sóc cơ thể,Xà phòng & sữa tắm,475641674285466_0_0,200000,1,Hương hương review,ok6tfg3ykw,Webhome Media,112409565,,Chiến dịch mở rộng,170720,0,Đơn hàng trực tiếp,15364.8,15364.8,9%,0,0%,0,0,0,,Shopeelive-Shopee,16594,Đã khấu trừ,Khấu trừ theo đơn hàng,2026-07-05 15:37:47
260630EB97DDDW,Hoàn thành,Hợp lệ,2026-06-30 11:32:37,2026-07-04 16:44:33,2026-07-04 16:44:33,25644330193,[QUÀ TẶNG KHÔNG BÁN] Bông Tạo Bọt Kì Cọ Tẩy Da Chết Màu Ngẫu Nhiên,346005340612,Nhà cửa & Đời sống,Đồ dùng phòng tắm,Bông tắm,475641674285466_0_0,0,1,CreatorX Media Network,creatorxmedianetwork,,122682417,,Chiến dịch mở rộng,0,0,Đơn hàng gián tiếp,0,0,4%,0,0%,5936.4,5936.4,0,,Google Search,0,,,
260630EB97DDDW,Hoàn thành,Hợp lệ,2026-06-30 11:32:37,2026-07-04 16:44:33,2026-07-04 16:44:33,25947267438,Hộp 2 Bánh Xà Phòng Thiên Nhiên 98% Le Petit Marseillais Dịu Nhẹ Lành Tính Nhiều Mùi Hương 2 x100g,292645726030,Sắc Đẹp,Tắm & chăm sóc cơ thể,Xà phòng & sữa tắm,475641674285466_0_0,170000,1,CreatorX Media Network,creatorxmedianetwork,,176553504,,Chiến dịch mở rộng,131920,0,Đơn hàng gián tiếp,5936.4,5936.4,"4,5%",0,0%,0,0,0,,Google Search,6411,Đã khấu trừ,Khấu trừ theo đơn hàng,2026-07-04 16:45:02
260630EAR218GN,Hoàn thành,Hợp lệ,2026-06-30 11:23:02,2026-07-04 10:13:44,2026-07-04 10:13:44,47256666039,[DEAL 8/3] COMBO Dầu Gội Cho Bé 300ML + Sữa Tắm Cho Mẹ 400ML Thiên Nhiên Le Petit Marseillais Hữu Cơ,355972406447,Mẹ & Bé,Đồ dùng phòng tắm & Chăm sóc cơ thể bé,Sản phẩm tắm & gội cho bé,,656000,1,ChanHealthy,chanhealthyy,,226840391,,Chiến dịch mở rộng,544850,0,Đơn hàng gián tiếp,19069.75,19069.75,"3,5%",0,0%,19069.75,19069.75,0,,Facebook,20595,Đã khấu trừ,Khấu trừ theo đơn hàng,2026-07-04 10:14:13
260630E6JA01Q1,Hoàn thành,Hợp lệ,2026-06-30 10:08:13,2026-07-05 14:33:59,2026-07-05 14:33:59,25692866155,Sữa Tắm Nam 4 in 1 92% Thiên Nhiên Le Petit Marseillais Nhiều Mùi Hương 250ml,345969754133,Sắc Đẹp,Chăm sóc nam giới,Sữa tắm & chăm sóc cơ thể,475641674285466_0_0,205000,1,Ivan,ivanclickadu311,,112434462,,Chiến dịch mở rộng,159900,0,Đơn hàng gián tiếp,6396,6396,4%,0,0%,6396,6396,0,,Websites,6908,Đã khấu trừ,Khấu trừ theo đơn hàng,2026-07-05 14:34:28
260630E6JA01Q1,Hoàn thành,Hợp lệ,2026-06-30 10:08:13,2026-07-05 14:33:59,2026-07-05 14:33:59,25644330193,[QUÀ TẶNG KHÔNG BÁN] Bông Tạo Bọt Kì Cọ Tẩy Da Chết Màu Ngẫu Nhiên,346005340612,Nhà cửa & Đời sống,Đồ dùng phòng tắm,Bông tắm,475641674285466_0_0,0,1,Ivan,ivanclickadu311,,122682417,,Chiến dịch mở rộng,0,0,Đơn hàng gián tiếp,0,0,4%,0,0%,0,0,0,,Websites,0,,,
260630E648TG6J,Hoàn thành,Hợp lệ,2026-06-30 10:00:22,2026-07-03 12:05:30,2026-07-03 12:05:30,24142870859,Sữa Tắm Thơm Lâu Le Petit Marseillais Gel 92% Thiên Nhiên Da Nhạy Cảm Nhiều Mùi Hương 650ml,350973489412,Sắc Đẹp,Tắm & chăm sóc cơ thể,Xà phòng & sữa tắm,,394000,1,Khổng Miên,qb029bfbbl,,112430963,,Chiến dịch mở rộng,284250,0,Đơn hàng gián tiếp,12791.25,12791.25,"4,5%",0,0%,12791.25,12791.25,0,,Facebook,13815,Đã khấu trừ,Khấu trừ theo đơn hàng,2026-07-03 12:05:58
260630E1QPB9W7,Hoàn thành,Hợp lệ,2026-06-30 08:41:46,2026-07-04 08:11:15,2026-07-04 08:11:15,25644330193,[QUÀ TẶNG KHÔNG BÁN] Bông Tạo Bọt Kì Cọ Tẩy Da Chết Màu Ngẫu Nhiên,346005340612,Nhà cửa & Đời sống,Đồ dùng phòng tắm,Bông tắm,475641674285466_0_0,0,1,Nguyễn Hồng Anh,thuanhkk22,,122682417,,Chiến dịch mở rộng,0,0,Đơn hàng trực tiếp,0,0,8%,0,0%,32472,32472,0,,Shopeelive-Shopee,0,,,
260630E1QPB9W7,Hoàn thành,Hợp lệ,2026-06-30 08:41:46,2026-07-04 08:11:15,2026-07-04 08:11:15,27530290500,Kem Dưỡng Body Lotion 24h Le Petit Marseillais Sữa Cấp Ẩm Hữu Cơ Thiên Nhiên Nhiều Mùi Hương 400ml,272645767605,Sắc Đẹp,Tắm & chăm sóc cơ thể,Kem & sữa dưỡng thể,475641674285466_0_0,455000,1,Nguyễn Hồng Anh,thuanhkk22,,112716201,,Chiến dịch mở rộng,360800,0,Đơn hàng trực tiếp,32472,32472,9%,0,0%,0,0,0,,Shopeelive-Shopee,35070,Đã khấu trừ,Khấu trừ theo đơn hàng,2026-07-04 08:12:57
260630E00QQRHG,Hoàn thành,Hợp lệ,2026-06-30 08:11:02,2026-07-04 10:01:22,2026-07-04 10:01:22,25644330193,[QUÀ TẶNG KHÔNG BÁN] Bông Tạo Bọt Kì Cọ Tẩy Da Chết Màu Ngẫu Nhiên,346005340612,Nhà cửa & Đời sống,Đồ dùng phòng tắm,Bông tắm,475641674285466_0_0,0,1,Trịnh Văn Hiệp,vanhiep151,,122682417,,Chiến dịch mở rộng,0,0,Đơn hàng gián tiếp,0,0,4%,0,0%,17424,17424,0,,Facebook,0,,,
260630E00QQRHG,Hoàn thành,Hợp lệ,2026-06-30 08:11:02,2026-07-04 10:01:22,2026-07-04 10:01:22,27530290500,Kem Dưỡng Body Lotion 24h Le Petit Marseillais Sữa Cấp Ẩm Hữu Cơ Thiên Nhiên Nhiều Mùi Hương 400ml,272645767605,Sắc Đẹp,Tắm & chăm sóc cơ thể,Kem & sữa dưỡng thể,475641674285466_0_0,455000,1,Trịnh Văn Hiệp,vanhiep151,,112716201,,Chiến dịch mở rộng,387200,0,Đơn hàng gián tiếp,17424,17424,"4,5%",0,0%,0,0,0,,Facebook,18818,Đã khấu trừ,Khấu trừ theo đơn hàng,2026-07-04 10:01:49
260630DYN0WV4A,Hoàn thành,Hợp lệ,2026-06-30 08:04:28,2026-07-05 11:06:00,2026-07-05 11:06:00,25644330193,[QUÀ TẶNG KHÔNG BÁN] Bông Tạo Bọt Kì Cọ Tẩy Da Chết Màu Ngẫu Nhiên,346005340612,Nhà cửa & Đời sống,Đồ dùng phòng tắm,Bông tắm,475641674285466_0_0,0,1,CASE,ngahoang2606,,122682417,,Chiến dịch mở rộng,0,0,Đơn hàng trực tiếp,0,0,8%,0,0%,19656,19656,0,,Websites,0,,,
260630DYN0WV4A,Hoàn thành,Hợp lệ,2026-06-30 08:04:28,2026-07-05 11:06:00,2026-07-05 11:06:00,29379281512,Sữa Tắm 98% Thiên Nhiên Le Petit Marseillais Thơm Siêu Dịu Nhẹ Hoa Bông 400ml 3386,400969874959,Sắc Đẹp,Tắm & chăm sóc cơ thể,Xà phòng & sữa tắm,475641674285466_0_0,330000,1,CASE,ngahoang2606,,110251245,,Chiến dịch mở rộng,245700,0,Đơn hàng trực tiếp,19656,19656,8%,0,0%,0,0,0,,Websites,21228,Đã khấu trừ,Khấu trừ theo đơn hàng,2026-07-05 11:06:29
260630DXMDKCE8,Hoàn thành,Hợp lệ,2026-06-30 07:46:15,2026-07-03 08:26:09,2026-07-03 08:26:09,25644330193,[QUÀ TẶNG KHÔNG BÁN] Bông Tạo Bọt Kì Cọ Tẩy Da Chết Màu Ngẫu Nhiên,346005340612,Nhà cửa & Đời sống,Đồ dùng phòng tắm,Bông tắm,475641674285466_0_0,0,1,Cao,caodat182,,122682417,,Chiến dịch mở rộng,0,0,Đơn hàng gián tiếp,0,0,4%,0,0%,7754,7754,0,,Others,0,,,
260630DXMDKCE8,Hoàn thành,Hợp lệ,2026-06-30 07:46:15,2026-07-03 08:26:09,2026-07-03 08:26:09,25692866155,Sữa Tắm Nam 4 in 1 92% Thiên Nhiên Le Petit Marseillais Nhiều Mùi Hương 250ml,345969754133,Sắc Đẹp,Chăm sóc nam giới,Sữa tắm & chăm sóc cơ thể,475641674285466_0_0,205000,1,Cao,caodat182,,112434462,,Chiến dịch mở rộng,193850,0,Đơn hàng gián tiếp,7754,7754,4%,0,0%,0,0,0,,Others,8374,Đã khấu trừ,Khấu trừ theo đơn hàng,2026-07-03 08:26:36
260630DFP8WPQS,Hoàn thành,Hợp lệ,2026-06-30 03:18:50,2026-07-01 18:37:09,2026-07-01 18:37:09,25644330193,[QUÀ TẶNG KHÔNG BÁN] Bông Tạo Bọt Kì Cọ Tẩy Da Chết Màu Ngẫu Nhiên,346005340612,Nhà cửa & Đời sống,Đồ dùng phòng tắm,Bông tắm,475641674285466_0_0,0,1,ACCESSTRADEVN,accesstrade_banking,,122682417,,Chiến dịch mở rộng,0,0,Đơn hàng trực tiếp,0,0,8%,0,0%,13618.8,13618.8,0,,Websites,0,,,
260630DFP8WPQS,Hoàn thành,Hợp lệ,2026-06-30 03:18:50,2026-07-01 18:37:09,2026-07-01 18:37:09,29480146096,Sữa Tắm Thiên Nhiên 92% Le Petit Marseillais Nhiều Mùi Hương 250ml,310970228927,Sắc Đẹp,Tắm & chăm sóc cơ thể,Xà phòng & sữa tắm,475641674285466_0_0,200000,1,ACCESSTRADEVN,accesstrade_banking,,112409565,,Chiến dịch mở rộng,151320,0,Đơn hàng trực tiếp,13618.8,13618.8,9%,0,0%,0,0,0,,Websites,14708,Đã khấu trừ,Khấu trừ theo đơn hàng,2026-07-01 18:37:40
260630DF2KEYCF,Hoàn thành,Hợp lệ,2026-06-30 03:07:50,2026-07-03 16:33:21,2026-07-03 16:33:21,25692866155,Sữa Tắm Nam 4 in 1 92% Thiên Nhiên Le Petit Marseillais Nhiều Mùi Hương 250ml,345969754131,Sắc Đẹp,Chăm sóc nam giới,Sữa tắm & chăm sóc cơ thể,475641674285466_0_0,205000,1,Trang Anna,tranganna6868,,112434462,,Chiến dịch mở rộng,197500,0,Đơn hàng gián tiếp,7900,7900,4%,0,0%,15800,15800,0,,Facebook,8532,Đã khấu trừ,Khấu trừ theo đơn hàng,2026-07-03 16:33:48
260630DF2KEYCF,Hoàn thành,Hợp lệ,2026-06-30 03:07:50,2026-07-03 16:33:21,2026-07-03 16:33:21,25692866155,Sữa Tắm Nam 4 in 1 92% Thiên Nhiên Le Petit Marseillais Nhiều Mùi Hương 250ml,345969754133,Sắc Đẹp,Chăm sóc nam giới,Sữa tắm & chăm sóc cơ thể,475641674285466_0_0,205000,1,Trang Anna,tranganna6868,,112434462,,Chiến dịch mở rộng,197500,0,Đơn hàng gián tiếp,7900,7900,4%,0,0%,0,0,0,,Facebook,8532,Đã khấu trừ,Khấu trừ theo đơn hàng,2026-07-03 16:33:48
260630DF2KEYCF,Hoàn thành,Hợp lệ,2026-06-30 03:07:50,2026-07-03 16:33:21,2026-07-03 16:33:21,25644330193,[QUÀ TẶNG KHÔNG BÁN] Bông Tạo Bọt Kì Cọ Tẩy Da Chết Màu Ngẫu Nhiên,346005340612,Nhà cửa & Đời sống,Đồ dùng phòng tắm,Bông tắm,475641674285466_0_0,0,1,Trang Anna,tranganna6868,,122682417,,Chiến dịch mở rộng,0,0,Đơn hàng gián tiếp,0,0,4%,0,0%,0,0,0,,Facebook,0,,,
260630D7SB31H5,Hoàn thành,Không hợp lệ,2026-06-30 00:57:23,2026-07-02 23:13:12,2026-07-01 07:08:36,24142870859,Sữa Tắm Thơm Lâu Le Petit Marseillais Gel 92% Thiên Nhiên Da Nhạy Cảm Nhiều Mùi Hương 650ml,350973489412,Sắc Đẹp,Tắm & chăm sóc cơ thể,Xà phòng & sữa tắm,475641674285466_0_0,394000,1,m.th0056,mythu777,,112430963,,Chiến dịch mở rộng,318360,0,Đơn hàng gián tiếp,0,0,"4,5%",0,0%,0,0,0,Đơn hàng không hợp lệ.,Zalo,0,,,
260630D7SB31H5,Hoàn thành,Không hợp lệ,2026-06-30 00:57:23,2026-07-02 23:13:12,2026-07-01 07:08:36,25644330193,[QUÀ TẶNG KHÔNG BÁN] Bông Tạo Bọt Kì Cọ Tẩy Da Chết Màu Ngẫu Nhiên,346005340612,Nhà cửa & Đời sống,Đồ dùng phòng tắm,Bông tắm,475641674285466_0_0,0,1,m.th0056,mythu777,,122682417,,Chiến dịch mở rộng,0,0,Đơn hàng gián tiếp,0,0,4%,0,0%,0,0,0,Đơn hàng không hợp lệ.,Zalo,0,,,
260630D5N52GCT,Hoàn thành,Hợp lệ,2026-06-30 00:19:16,2026-07-04 11:16:33,2026-07-04 11:16:33,25692866155,Sữa Tắm Nam 4 in 1 92% Thiên Nhiên Le Petit Marseillais Nhiều Mùi Hương 250ml,345969754133,Sắc Đẹp,Chăm sóc nam giới,Sữa tắm & chăm sóc cơ thể,,205000,1,Quỳnh Đặng,rainie_star1210,,112434462,,Chiến dịch mở rộng,155103,0,Đơn hàng gián tiếp,6204.12,6204.12,4%,0,0%,6204.12,6204.12,0,,Others,6700,Đã khấu trừ,Khấu trừ theo đơn hàng,2026-07-04 11:17:01
260630D4XXJ6H1,Hoàn thành,Hợp lệ,2026-06-30 00:06:50,2026-07-01 19:42:47,2026-07-01 19:42:47,25644330193,[QUÀ TẶNG KHÔNG BÁN] Bông Tạo Bọt Kì Cọ Tẩy Da Chết Màu Ngẫu Nhiên,346005340612,Nhà cửa & Đời sống,Đồ dùng phòng tắm,Bông tắm,475641674285466_0_0,0,1,Opera,opera109,,122682417,,Chiến dịch mở rộng,0,0,Đơn hàng gián tiếp,0,0,4%,0,0%,8348.04,8348.04,0,,Others,0,,,
260630D4XXJ6H1,Hoàn thành,Hợp lệ,2026-06-30 00:06:50,2026-07-01 19:42:47,2026-07-01 19:42:47,42422207632,Dầu Xả Dưỡng Tóc Thiên Nhiên 95% Le Petit Marseillais Dịu Nhẹ Siêu Mềm Mượt Nhiều Mùi Hương 200ml,297646808535,Sắc Đẹp,Chăm sóc tóc,Dầu xả,475641674285466_0_0,225000,1,Opera,opera109,,176556107,,Chiến dịch mở rộng,185512,0,Đơn hàng gián tiếp,8348.04,8348.04,"4,5%",0,0%,0,0,0,,Others,9016,Đã khấu trừ,Khấu trừ theo đơn hàng,2026-07-01 19:43:14
260630D4MW6HN9,Hoàn thành,Hợp lệ,2026-06-30 00:01:14,2026-07-01 21:20:56,2026-07-01 21:20:56,24142870859,Sữa Tắm Thơm Lâu Le Petit Marseillais Gel 92% Thiên Nhiên Da Nhạy Cảm Nhiều Mùi Hương 650ml,350973489402,Sắc Đẹp,Tắm & chăm sóc cơ thể,Xà phòng & sữa tắm,475641674285466_0_0,394000,1,Hương Hương nè ᥫ᭡,huonghuongne185,,112430963,,Chiến dịch mở rộng,281589,0,Đơn hàng trực tiếp,25343.01,25343.01,9%,0,0%,25343.01,25343.01,0,,Shopeevideo-Shopee,27370,Đã khấu trừ,Khấu trừ theo đơn hàng,2026-07-01 21:21:23
260630D4MW6HN9,Hoàn thành,Hợp lệ,2026-06-30 00:01:14,2026-07-01 21:20:56,2026-07-01 21:20:56,25644330193,[QUÀ TẶNG KHÔNG BÁN] Bông Tạo Bọt Kì Cọ Tẩy Da Chết Màu Ngẫu Nhiên,346005340612,Nhà cửa & Đời sống,Đồ dùng phòng tắm,Bông tắm,475641674285466_0_0,0,1,Hương Hương nè ᥫ᭡,huonghuongne185,,122682417,,Chiến dịch mở rộng,0,0,Đơn hàng trực tiếp,0,0,8%,0,0%,0,0,0,,Shopeevideo-Shopee,0,,,
260630D2X75U4B,Hoàn thành,Hợp lệ,2026-06-29 23:30:38,2026-07-04 12:29:15,2026-07-04 12:29:15,25644330193,[QUÀ TẶNG KHÔNG BÁN] Bông Tạo Bọt Kì Cọ Tẩy Da Chết Màu Ngẫu Nhiên,346005340612,Nhà cửa & Đời sống,Đồ dùng phòng tắm,Bông tắm,475641674285466_0_0,0,1,Chuyên review sạch,hanhikieu1709,KakaOnline,122682417,,Chiến dịch mở rộng,0,0,Đơn hàng trực tiếp,0,0,8%,0,0%,13203.6,13203.6,0,,Shopeevideo-Shopee,0,,,
260630D2X75U4B,Hoàn thành,Hợp lệ,2026-06-29 23:30:38,2026-07-04 12:29:15,2026-07-04 12:29:15,25692866155,Sữa Tắm Nam 4 in 1 92% Thiên Nhiên Le Petit Marseillais Nhiều Mùi Hương 250ml,345969754130,Sắc Đẹp,Chăm sóc nam giới,Sữa tắm & chăm sóc cơ thể,475641674285466_0_0,205000,1,Chuyên review sạch,hanhikieu1709,KakaOnline,112434462,,Chiến dịch mở rộng,165045,0,Đơn hàng trực tiếp,13203.6,13203.6,8%,0,0%,0,0,0,,Shopeevideo-Shopee,14260,Đã khấu trừ,Khấu trừ theo đơn hàng,2026-07-04 12:29:45
260629CYTUKABS,Hoàn thành,Hợp lệ,2026-06-29 22:35:04,2026-07-02 12:22:49,2026-07-02 12:22:49,24142870859,Sữa Tắm Thơm Lâu Le Petit Marseillais Gel 92% Thiên Nhiên Da Nhạy Cảm Nhiều Mùi Hương 650ml,350973489402,Sắc Đẹp,Tắm & chăm sóc cơ thể,Xà phòng & sữa tắm,475641674285466_0_0,394000,1,ACCESSTRADEVN,accesstrade_banking,,112430963,,Chiến dịch mở rộng,309200,0,Đơn hàng trực tiếp,27828,27828,9%,0,0%,55656,55656,0,,Websites,30054,Đã khấu trừ,Khấu trừ theo đơn hàng,2026-07-02 12:23:16
260629CYTUKABS,Hoàn thành,Hợp lệ,2026-06-29 22:35:04,2026-07-02 12:22:49,2026-07-02 12:22:49,24142870859,Sữa Tắm Thơm Lâu Le Petit Marseillais Gel 92% Thiên Nhiên Da Nhạy Cảm Nhiều Mùi Hương 650ml,350973489408,Sắc Đẹp,Tắm & chăm sóc cơ thể,Xà phòng & sữa tắm,475641674285466_0_0,394000,1,ACCESSTRADEVN,accesstrade_banking,,112430963,,Chiến dịch mở rộng,309200,0,Đơn hàng trực tiếp,27828,27828,9%,0,0%,0,0,0,,Websites,30054,Đã khấu trừ,Khấu trừ theo đơn hàng,2026-07-02 12:23:16
260629CYTUKABS,Hoàn thành,Hợp lệ,2026-06-29 22:35:04,2026-07-02 12:22:49,2026-07-02 12:22:49,25644330193,[QUÀ TẶNG KHÔNG BÁN] Bông Tạo Bọt Kì Cọ Tẩy Da Chết Màu Ngẫu Nhiên,346005340612,Nhà cửa & Đời sống,Đồ dùng phòng tắm,Bông tắm,475641674285466_0_0,0,1,ACCESSTRADEVN,accesstrade_banking,,122682417,,Chiến dịch mở rộng,0,0,Đơn hàng trực tiếp,0,0,8%,0,0%,0,0,0,,Websites,0,,,
260629CVQ7FK81,Hoàn thành,Hợp lệ,2026-06-29 21:39:21,2026-07-01 14:47:27,2026-07-01 14:47:27,25644330193,[QUÀ TẶNG KHÔNG BÁN] Bông Tạo Bọt Kì Cọ Tẩy Da Chết Màu Ngẫu Nhiên,346005340612,Nhà cửa & Đời sống,Đồ dùng phòng tắm,Bông tắm,475641674285466_0_0,0,1,HK_POWER_ENGINE_LIMITED,hk_power_engine_limited,,122682417,,Chiến dịch mở rộng,0,0,Đơn hàng gián tiếp,0,0,4%,0,0%,7915.64,7915.64,0,,Websites,0,,,
260629CVQ7FK81,Hoàn thành,Hợp lệ,2026-06-29 21:39:21,2026-07-01 14:47:27,2026-07-01 14:47:27,42022202724,Gel Rửa Tay Hữu Cơ BIO Le Petit Marseillais Thiên Nhiên 98% Dịu Nhẹ Lành Tính Bảo Vệ Da Nhiều Mùi Hương 290ml,282645688049,Sắc Đẹp,"Chăm sóc tay, chân & móng",Chăm sóc tay,475641674285466_0_0,284000,1,HK_POWER_ENGINE_LIMITED,hk_power_engine_limited,,176545772,,Chiến dịch mở rộng,197891,0,Đơn hàng gián tiếp,7915.64,7915.64,4%,0,0%,0,0,0,,Websites,8549,Đã khấu trừ,Khấu trừ theo đơn hàng,2026-07-01 14:47:54
260629CURXJH22,Hoàn thành,Hợp lệ,2026-06-29 21:22:24,2026-07-01 14:42:52,2026-07-01 14:42:52,24142870859,Sữa Tắm Thơm Lâu Le Petit Marseillais Gel 92% Thiên Nhiên Da Nhạy Cảm Nhiều Mùi Hương 650ml,350973489406,Sắc Đẹp,Tắm & chăm sóc cơ thể,Xà phòng & sữa tắm,475641674285466_0_0,394000,1,Hoe Hoe,huehue1105,,112430963,,Chiến dịch mở rộng,318360,0,Đơn hàng gián tiếp,14326.2,14326.2,"4,5%",0,0%,14326.2,14326.2,0,,Facebook,15472,Đã khấu trừ,Khấu trừ theo đơn hàng,2026-07-01 14:43:19
260629CURXJH22,Hoàn thành,Hợp lệ,2026-06-29 21:22:24,2026-07-01 14:42:52,2026-07-01 14:42:52,25644330193,[QUÀ TẶNG KHÔNG BÁN] Bông Tạo Bọt Kì Cọ Tẩy Da Chết Màu Ngẫu Nhiên,346005340612,Nhà cửa & Đời sống,Đồ dùng phòng tắm,Bông tắm,475641674285466_0_0,0,1,Hoe Hoe,huehue1105,,122682417,,Chiến dịch mở rộng,0,0,Đơn hàng gián tiếp,0,0,4%,0,0%,0,0,0,,Facebook,0,,,
260629CU6CCUQH,Hoàn thành,Hợp lệ,2026-06-29 21:12:02,2026-07-04 11:13:52,2026-07-04 11:13:52,25644330193,[QUÀ TẶNG KHÔNG BÁN] Bông Tạo Bọt Kì Cọ Tẩy Da Chết Màu Ngẫu Nhiên,346005340612,Nhà cửa & Đời sống,Đồ dùng phòng tắm,Bông tắm,475641674285466_0_0,0,1,CreatorX Media Network,creatorxmedianetwork,,122682417,,Chiến dịch mở rộng,0,0,Đơn hàng gián tiếp,0,0,4%,0,0%,9346,9346,0,,Others,0,,,
260629CU6CCUQH,Hoàn thành,Hợp lệ,2026-06-29 21:12:02,2026-07-04 11:13:52,2026-07-04 11:13:52,40302953131,Dầu Gội Nam Sạch Gàu 97% Thiên Nhiên Le Petit Marseillais Chiết Xuất Tinh Dầu Chanh Vàng 250ml 4035,310970659149,Sắc Đẹp,Chăm sóc nam giới,Chăm sóc tóc,475641674285466_0_0,267000,1,CreatorX Media Network,creatorxmedianetwork,,134959857,,Chiến dịch mở rộng,233650,0,Đơn hàng gián tiếp,9346,9346,4%,0,0%,0,0,0,,Others,10094,Đã khấu trừ,Khấu trừ theo đơn hàng,2026-07-04 11:14:20
260629CQV9B7YN,Hoàn thành,Hợp lệ,2026-06-29 20:12:42,2026-07-04 00:43:36,2026-07-04 00:43:36,24142870859,Sữa Tắm Thơm Lâu Le Petit Marseillais Gel 92% Thiên Nhiên Da Nhạy Cảm Nhiều Mùi Hương 650ml,350973489408,Sắc Đẹp,Tắm & chăm sóc cơ thể,Xà phòng & sữa tắm,475641674285466_0_0,394000,1,Huyền Trang,czxy7xhbm64,,112430963,,Chiến dịch mở rộng,322150,0,Đơn hàng gián tiếp,14496.75,14496.75,"4,5%",0,0%,14496.75,14496.75,0,,Others,15656,Đã khấu trừ,Khấu trừ theo đơn hàng,2026-07-04 01:02:14
260629CQV9B7YN,Hoàn thành,Hợp lệ,2026-06-29 20:12:42,2026-07-04 00:43:36,2026-07-04 00:43:36,25644330193,[QUÀ TẶNG KHÔNG BÁN] Bông Tạo Bọt Kì Cọ Tẩy Da Chết Màu Ngẫu Nhiên,346005340612,Nhà cửa & Đời sống,Đồ dùng phòng tắm,Bông tắm,475641674285466_0_0,0,1,Huyền Trang,czxy7xhbm64,,122682417,,Chiến dịch mở rộng,0,0,Đơn hàng gián tiếp,0,0,4%,0,0%,0,0,0,,Others,0,,,
260629CNATX8WU,Hoàn thành,Hợp lệ,2026-06-29 19:27:10,2026-07-01 08:33:54,2026-07-01 08:33:54,24142870859,Sữa Tắm Thơm Lâu Le Petit Marseillais Gel 92% Thiên Nhiên Da Nhạy Cảm Nhiều Mùi Hương 650ml,350973489412,Sắc Đẹp,Tắm & chăm sóc cơ thể,Xà phòng & sữa tắm,475641674285466_0_0,394000,1,CreatorX Media Network,creatorxmedianetwork,,112430963,,Chiến dịch mở rộng,303200,0,Đơn hàng gián tiếp,13644,13644,"4,5%",0,0%,13644,13644,0,,Others,14736,Đã khấu trừ,Khấu trừ theo đơn hàng,2026-07-01 08:34:22
260629CNATX8WU,Hoàn thành,Hợp lệ,2026-06-29 19:27:10,2026-07-01 08:33:54,2026-07-01 08:33:54,25644330193,[QUÀ TẶNG KHÔNG BÁN] Bông Tạo Bọt Kì Cọ Tẩy Da Chết Màu Ngẫu Nhiên,346005340612,Nhà cửa & Đời sống,Đồ dùng phòng tắm,Bông tắm,475641674285466_0_0,0,1,CreatorX Media Network,creatorxmedianetwork,,122682417,,Chiến dịch mở rộng,0,0,Đơn hàng gián tiếp,0,0,4%,0,0%,0,0,0,,Others,0,,,
260629CMBKGY7Q,Hoàn thành,Hợp lệ,2026-06-29 19:09:41,2026-07-01 13:05:25,2026-07-01 13:05:25,25644330193,[QUÀ TẶNG KHÔNG BÁN] Bông Tạo Bọt Kì Cọ Tẩy Da Chết Màu Ngẫu Nhiên,346005340612,Nhà cửa & Đời sống,Đồ dùng phòng tắm,Bông tắm,475641674285466_0_0,0,1,xuxu02,haxuan0202,,122682417,,Chiến dịch mở rộng,0,0,Đơn hàng gián tiếp,0,0,4%,0,0%,10440,10440,0,,Websites,0,,,
260629CMBKGY7Q,Hoàn thành,Hợp lệ,2026-06-29 19:09:41,2026-07-01 13:05:25,2026-07-01 13:05:25,27586430985,Dầu Gội Trẻ Em 2in1 94% Thiên Nhiên Le Petit Marseillais Giúp Gỡ Rối Tóc Nhiều Mùi Hương 300ml,380970144964,Mẹ & Bé,Đồ dùng phòng tắm & Chăm sóc cơ thể bé,Sản phẩm tắm & gội cho bé,475641674285466_0_0,326000,1,xuxu02,haxuan0202,,128189901,,Chiến dịch mở rộng,261000,0,Đơn hàng gián tiếp,10440,10440,4%,0,0%,0,0,0,,Websites,11275,Đã khấu trừ,Khấu trừ theo đơn hàng,2026-07-01 13:05:52
260629CKTG1WDR,Hoàn thành,Hợp lệ,2026-06-29 19:00:07,2026-07-04 10:10:50,2026-07-04 10:10:50,28379882165,Mặt Nạ Dưỡng Tóc 4in1 96% Thiên Nhiên Le Petit Marseillais Chiết Xuất Dừa Hữu Cơ 300ml 5209,350970222410,Sắc Đẹp,Chăm sóc tóc,Sản phẩm dưỡng tóc,,496000,1,Hải Yến,hiynphm780,,111647800,,Chiến dịch mở rộng,408850,0,Đơn hàng gián tiếp,16354,16354,4%,0,0%,16354,16354,0,,Facebook,17662,Đã khấu trừ,Khấu trừ theo đơn hàng,2026-07-04 10:11:16
260629CKGCSH21,Hoàn thành,Hợp lệ,2026-06-29 18:54:28,2026-07-04 11:23:59,2026-07-04 11:23:59,25644330193,[QUÀ TẶNG KHÔNG BÁN] Bông Tạo Bọt Kì Cọ Tẩy Da Chết Màu Ngẫu Nhiên,346005340612,Nhà cửa & Đời sống,Đồ dùng phòng tắm,Bông tắm,475641674285466_0_0,0,1,Nguyễn Hồng Hà,pduc728fko,,122682417,,Chiến dịch mở rộng,0,0,Đơn hàng trực tiếp,0,0,8%,0,0%,18130.56,18130.56,0,,Shopeevideo-Shopee,0,,,
260629CKGCSH21,Hoàn thành,Hợp lệ,2026-06-29 18:54:28,2026-07-04 11:23:59,2026-07-04 11:23:59,42022202724,Gel Rửa Tay Hữu Cơ BIO Le Petit Marseillais Thiên Nhiên 98% Dịu Nhẹ Lành Tính Bảo Vệ Da Nhiều Mùi Hương 290ml,282645688049,Sắc Đẹp,"Chăm sóc tay, chân & móng",Chăm sóc tay,475641674285466_0_0,284000,1,Nguyễn Hồng Hà,pduc728fko,,176545772,,Chiến dịch mở rộng,226632,0,Đơn hàng trực tiếp,18130.56,18130.56,8%,0,0%,0,0,0,,Shopeevideo-Shopee,19581,Đã khấu trừ,Khấu trừ theo đơn hàng,2026-07-04 11:24:29
260629CETRDFHA,Hoàn thành,Hợp lệ,2026-06-29 17:30:47,2026-07-04 18:15:46,2026-07-04 18:15:46,25644330193,[QUÀ TẶNG KHÔNG BÁN] Bông Tạo Bọt Kì Cọ Tẩy Da Chết Màu Ngẫu Nhiên,346005340612,Nhà cửa & Đời sống,Đồ dùng phòng tắm,Bông tắm,475641674285466_0_0,0,1,Ngô Như Quỳnh,quynhscarlett,,122682417,,Chiến dịch mở rộng,0,0,Đơn hàng gián tiếp,0,0,4%,0,0%,8639.28,8639.28,0,,Facebook,0,,,
260629CETRDFHA,Hoàn thành,Hợp lệ,2026-06-29 17:30:47,2026-07-04 18:15:46,2026-07-04 18:15:46,40150321685,Dầu Gội Trẻ Em 2in1 94% Thiên Nhiên Le Petit Marseillais Giúp Gỡ Rối Tóc Chiết Xuất Quả Mâm Xôi & Bông 300ml 0442,310970725469,Mẹ & Bé,Đồ dùng phòng tắm & Chăm sóc cơ thể bé,Sản phẩm tắm & gội cho bé,475641674285466_0_0,326000,1,Ngô Như Quỳnh,quynhscarlett,,128185567,,Chiến dịch mở rộng,215982,0,Đơn hàng gián tiếp,8639.28,8639.28,4%,0,0%,0,0,0,,Facebook,9330,Đã khấu trừ,Khấu trừ theo đơn hàng,2026-07-04 18:16:17
260629CDVQ4BY1,Hoàn thành,Hợp lệ,2026-06-29 17:13:59,2026-07-03 11:49:40,2026-07-03 11:49:40,24142870859,Sữa Tắm Thơm Lâu Le Petit Marseillais Gel 92% Thiên Nhiên Da Nhạy Cảm Nhiều Mùi Hương 650ml,350973489406,Sắc Đẹp,Tắm & chăm sóc cơ thể,Xà phòng & sữa tắm,475641674285466_0_0,394000,1,Hương Hương nè ᥫ᭡,huonghuongne185,,112430963,,Chiến dịch mở rộng,257160,0,Đơn hàng trực tiếp,23144.4,23144.4,9%,0,0%,23144.4,23144.4,0,,Shopeevideo-Shopee,24996,Đã khấu trừ,Khấu trừ theo đơn hàng,2026-07-03 11:50:09
260629CDVQ4BY1,Hoàn thành,Hợp lệ,2026-06-29 17:13:59,2026-07-03 11:49:40,2026-07-03 11:49:40,25644330193,[QUÀ TẶNG KHÔNG BÁN] Bông Tạo Bọt Kì Cọ Tẩy Da Chết Màu Ngẫu Nhiên,346005340612,Nhà cửa & Đời sống,Đồ dùng phòng tắm,Bông tắm,475641674285466_0_0,0,1,Hương Hương nè ᥫ᭡,huonghuongne185,,122682417,,Chiến dịch mở rộng,0,0,Đơn hàng trực tiếp,0,0,8%,0,0%,0,0,0,,Shopeevideo-Shopee,0,,,
260629CBER85AE,Hoàn thành,Hợp lệ,2026-06-29 16:30:24,2026-07-02 09:55:42,2026-07-02 09:55:42,25644330193,[QUÀ TẶNG KHÔNG BÁN] Bông Tạo Bọt Kì Cọ Tẩy Da Chết Màu Ngẫu Nhiên,346005340612,Nhà cửa & Đời sống,Đồ dùng phòng tắm,Bông tắm,475641674285466_0_0,0,1,Jolie Jolie,quynhanhjoliee,,122682417,,Chiến dịch mở rộng,0,0,Đơn hàng gián tiếp,0,0,4%,0,0%,14860.8,14860.8,0,,Facebook,0,,,
260629CBER85AE,Hoàn thành,Hợp lệ,2026-06-29 16:30:24,2026-07-02 09:55:42,2026-07-02 09:55:42,24142870859,Sữa Tắm Thơm Lâu Le Petit Marseillais Gel 92% Thiên Nhiên Da Nhạy Cảm Nhiều Mùi Hương 650ml,350973489406,Sắc Đẹp,Tắm & chăm sóc cơ thể,Xà phòng & sữa tắm,475641674285466_0_0,394000,1,Jolie Jolie,quynhanhjoliee,,112430963,,Chiến dịch mở rộng,330240,0,Đơn hàng gián tiếp,14860.8,14860.8,"4,5%",0,0%,0,0,0,,Facebook,16050,Đã khấu trừ,Khấu trừ theo đơn hàng,2026-07-02 09:56:10
260629C9VUSDT4,Hoàn thành,Hợp lệ,2026-06-29 16:02:30,2026-07-03 13:21:33,2026-07-03 13:21:33,25644330193,[QUÀ TẶNG KHÔNG BÁN] Bông Tạo Bọt Kì Cọ Tẩy Da Chết Màu Ngẫu Nhiên,346005340612,Nhà cửa & Đời sống,Đồ dùng phòng tắm,Bông tắm,475641674285466_0_0,0,1,Nguyễn Văn An,dinhthienha,,122682417,,Chiến dịch mở rộng,0,0,Đơn hàng gián tiếp,0,0,4%,0,0%,6760.88,6760.88,0,,Facebook,0,,,
260629C9VUSDT4,Hoàn thành,Hợp lệ,2026-06-29 16:02:30,2026-07-03 13:21:33,2026-07-03 13:21:33,28479424619,Sữa Tắm Nam 4 in 1 92% Thiên Nhiên Le Petit Marseillais Chiết Xuất Gừng & Gỗ Bách Hương 250ml 4371,307645406542,Sắc Đẹp,Chăm sóc nam giới,Sữa tắm & chăm sóc cơ thể,475641674285466_0_0,205000,1,Nguyễn Văn An,dinhthienha,,110682470,,Chiến dịch mở rộng,169022,0,Đơn hàng gián tiếp,6760.88,6760.88,4%,0,0%,0,0,0,,Facebook,7302,Đã khấu trừ,Khấu trừ theo đơn hàng,2026-07-03 13:22:00
260629C96PAH4G,Hoàn thành,Hợp lệ,2026-06-29 15:50:06,2026-07-03 13:21:33,2026-07-03 13:21:33,25644330193,[QUÀ TẶNG KHÔNG BÁN] Bông Tạo Bọt Kì Cọ Tẩy Da Chết Màu Ngẫu Nhiên,346005340612,Nhà cửa & Đời sống,Đồ dùng phòng tắm,Bông tắm,475641674285466_0_0,0,1,Quỳnh Đặng,rainie_star1210,,122682417,,Chiến dịch mở rộng,0,0,Đơn hàng gián tiếp,0,0,4%,0,0%,6984,6984,0,,Others,0,,,
260629C96PAH4G,Hoàn thành,Hợp lệ,2026-06-29 15:50:06,2026-07-03 13:21:33,2026-07-03 13:21:33,29480146096,Sữa Tắm Thiên Nhiên 92% Le Petit Marseillais Nhiều Mùi Hương 250ml,315970228700,Sắc Đẹp,Tắm & chăm sóc cơ thể,Xà phòng & sữa tắm,475641674285466_0_0,200000,1,Quỳnh Đặng,rainie_star1210,,112409565,,Chiến dịch mở rộng,155200,0,Đơn hàng gián tiếp,6984,6984,"4,5%",0,0%,0,0,0,,Others,7543,Đã khấu trừ,Khấu trừ theo đơn hàng,2026-07-03 13:22:02
260629C8YJCV0N,Hoàn thành,Hợp lệ,2026-06-29 15:46:06,2026-07-03 19:41:46,2026-07-03 19:41:46,25644330193,[QUÀ TẶNG KHÔNG BÁN] Bông Tạo Bọt Kì Cọ Tẩy Da Chết Màu Ngẫu Nhiên,346005340612,Nhà cửa & Đời sống,Đồ dùng phòng tắm,Bông tắm,475641674285466_0_0,0,1,ACCESSTRADEVN,accesstrade_banking,,122682417,,Chiến dịch mở rộng,0,0,Đơn hàng trực tiếp,0,0,8%,0,0%,33048,33048,0,,Websites,0,,,
260629C8YJCV0N,Hoàn thành,Hợp lệ,2026-06-29 15:46:06,2026-07-03 19:41:46,2026-07-03 19:41:46,28379882165,Mặt Nạ Dưỡng Tóc 4in1 96% Thiên Nhiên Le Petit Marseillais Chiết Xuất Dừa Hữu Cơ 300ml 5209,350970222410,Sắc Đẹp,Chăm sóc tóc,Sản phẩm dưỡng tóc,475641674285466_0_0,496000,1,ACCESSTRADEVN,accesstrade_banking,,111647800,,Chiến dịch mở rộng,413100,0,Đơn hàng trực tiếp,33048,33048,8%,0,0%,0,0,0,,Websites,35692,Đã khấu trừ,Khấu trừ theo đơn hàng,2026-07-03 19:42:13
260629C8TBFU31,Hoàn thành,Hợp lệ,2026-06-29 15:43:11,2026-07-03 19:03:26,2026-07-03 19:03:26,25644330193,[QUÀ TẶNG KHÔNG BÁN] Bông Tạo Bọt Kì Cọ Tẩy Da Chết Màu Ngẫu Nhiên,346005340612,Nhà cửa & Đời sống,Đồ dùng phòng tắm,Bông tắm,475641674285466_0_0,0,1,ACCESSTRADEVN,accesstrade_banking,,122682417,,Chiến dịch mở rộng,0,0,Đơn hàng trực tiếp,0,0,8%,0,0%,19860.75,19860.75,0,,Websites,0,,,
260629C8TBFU31,Hoàn thành,Hợp lệ,2026-06-29 15:43:11,2026-07-03 19:03:26,2026-07-03 19:03:26,29680365284,Dầu Gội Thiên Nhiên Le Petit Marseillais Hữu Cơ Nhiều Mùi Hương 250ml,370971985643,Sắc Đẹp,Chăm sóc tóc,Dầu gội,475641674285466_0_0,267000,1,ACCESSTRADEVN,accesstrade_banking,,112920799,,Chiến dịch mở rộng,220675,0,Đơn hàng trực tiếp,19860.75,19860.75,9%,0,0%,0,0,0,,Websites,21450,Đã khấu trừ,Khấu trừ theo đơn hàng,2026-07-03 19:03:53
260629C82S2Y0U,Hoàn thành,Hợp lệ,2026-06-29 15:30:00,2026-07-03 11:51:41,2026-07-03 11:51:41,25644330193,[QUÀ TẶNG KHÔNG BÁN] Bông Tạo Bọt Kì Cọ Tẩy Da Chết Màu Ngẫu Nhiên,346005340612,Nhà cửa & Đời sống,Đồ dùng phòng tắm,Bông tắm,475641674285466_0_0,0,1,Lương khánh hòa,achusi01,,122682417,,Chiến dịch mở rộng,0,0,Đơn hàng gián tiếp,0,0,4%,0,0%,5369.12,5369.12,0,,Facebook,0,,,
260629C82S2Y0U,Hoàn thành,Hợp lệ,2026-06-29 15:30:00,2026-07-03 11:51:41,2026-07-03 11:51:41,25692866155,Sữa Tắm Nam 4 in 1 92% Thiên Nhiên Le Petit Marseillais Nhiều Mùi Hương 250ml,345969754130,Sắc Đẹp,Chăm sóc nam giới,Sữa tắm & chăm sóc cơ thể,475641674285466_0_0,205000,1,Lương khánh hòa,achusi01,,112434462,,Chiến dịch mở rộng,134228,0,Đơn hàng gián tiếp,5369.12,5369.12,4%,0,0%,0,0,0,,Facebook,5799,Đã khấu trừ,Khấu trừ theo đơn hàng,2026-07-03 11:52:09
260629C7E38AA6,Hoàn thành,Hợp lệ,2026-06-29 15:18:27,2026-07-04 16:26:13,2026-07-04 16:26:13,25644330193,[QUÀ TẶNG KHÔNG BÁN] Bông Tạo Bọt Kì Cọ Tẩy Da Chết Màu Ngẫu Nhiên,346005340612,Nhà cửa & Đời sống,Đồ dùng phòng tắm,Bông tắm,475641674285466_0_0,0,1,Hoàng,eipkluz4kp,,122682417,,Chiến dịch mở rộng,0,0,Đơn hàng gián tiếp,0,0,4%,0,0%,33500.8,33500.8,0,,Websites,0,,,
260629C7E38AA6,Hoàn thành,Hợp lệ,2026-06-29 15:18:27,2026-07-04 16:26:13,2026-07-04 16:26:13,40072217796,Gel Rửa Tay Hữu Cơ Le Petit Marseillais Thiên Nhiên 98% Chiết Xuất Hoa Hồng Dại 290ml 3601,420970288194,Sắc Đẹp,"Chăm sóc tay, chân & móng",Chăm sóc tay,475641674285466_0_0,284000,1,Hoàng,eipkluz4kp,,176508103,,Chiến dịch mở rộng,212941,0,Đơn hàng gián tiếp,8517.64,8517.64,4%,0,0%,0,0,0,,Websites,9199,Đã khấu trừ,Khấu trừ theo đơn hàng,2026-07-04 16:26:40
260629C7E38AA6,Hoàn thành,Hợp lệ,2026-06-29 15:18:27,2026-07-04 16:26:13,2026-07-04 16:26:13,42522192378,Gel Rửa Tay Thiên Nhiên 92% Le Petit Marseillais Có Tác Dụng Kháng Khuẩn Với Chiết Xuất Tinh Dầu Xô Thơm 300ml 0613,355970310527,Sắc Đẹp,"Chăm sóc tay, chân & móng",Chăm sóc tay,475641674285466_0_0,246000,1,Hoàng,eipkluz4kp,,176521732,,Chiến dịch mở rộng,184451,0,Đơn hàng gián tiếp,7378.04,7378.04,4%,0,0%,0,0,0,,Websites,7968,Đã khấu trừ,Khấu trừ theo đơn hàng,2026-07-04 16:26:40
260629C7E38AA6,Hoàn thành,Hợp lệ,2026-06-29 15:18:27,2026-07-04 16:26:13,2026-07-04 16:26:13,42772194461,Gel Rửa Tay Thiên Nhiên 92% Le Petit Marseillais Dịu Nhẹ Lành Tính Bảo Vệ Da Nhiều Mùi Hương 500ml,302645744374,Sắc Đẹp,"Chăm sóc tay, chân & móng",Chăm sóc tay,475641674285466_0_0,303000,1,Hoàng,eipkluz4kp,,176543235,,Chiến dịch mở rộng,227187,0,Đơn hàng gián tiếp,9087.48,9087.48,4%,0,0%,0,0,0,,Websites,9814,Đã khấu trừ,Khấu trừ theo đơn hàng,2026-07-04 16:26:40
260629C7E38AA6,Hoàn thành,Hợp lệ,2026-06-29 15:18:27,2026-07-04 16:26:13,2026-07-04 16:26:13,43722191747,Gel Rửa Tay Hữu Cơ Le Petit Marseillais Thiên Nhiên 98% Dịu Nhẹ Chiết Xuất Lá Ô Liu 290ml 3618,345970301033,Sắc Đẹp,"Chăm sóc tay, chân & móng",Chăm sóc tay,475641674285466_0_0,284000,1,Hoàng,eipkluz4kp,,176518318,,Chiến dịch mở rộng,212941,0,Đơn hàng gián tiếp,8517.64,8517.64,4%,0,0%,0,0,0,,Websites,9199,Đã khấu trừ,Khấu trừ theo đơn hàng,2026-07-04 16:26:40
260629C6HERGRR,Hoàn thành,Hợp lệ,2026-06-29 15:02:25,2026-07-05 18:39:55,2026-07-05 18:39:55,25644330193,[QUÀ TẶNG KHÔNG BÁN] Bông Tạo Bọt Kì Cọ Tẩy Da Chết Màu Ngẫu Nhiên,346005340612,Nhà cửa & Đời sống,Đồ dùng phòng tắm,Bông tắm,475641674285466_0_0,0,1,Opera,opera109,,122682417,,Chiến dịch mở rộng,0,0,Đơn hàng gián tiếp,0,0,4%,0,0%,10440,10440,0,,Others,0,,,
260629C6HERGRR,Hoàn thành,Hợp lệ,2026-06-29 15:02:25,2026-07-05 18:39:55,2026-07-05 18:39:55,27586430985,Dầu Gội Trẻ Em 2in1 94% Thiên Nhiên Le Petit Marseillais Giúp Gỡ Rối Tóc Nhiều Mùi Hương 300ml,380970144965,Mẹ & Bé,Đồ dùng phòng tắm & Chăm sóc cơ thể bé,Sản phẩm tắm & gội cho bé,475641674285466_0_0,326000,1,Opera,opera109,,128189901,,Chiến dịch mở rộng,261000,0,Đơn hàng gián tiếp,10440,10440,4%,0,0%,0,0,0,,Others,11275,Đã khấu trừ,Khấu trừ theo đơn hàng,2026-07-05 18:40:23
260629C5P49QXB,Hoàn thành,Hợp lệ,2026-06-29 14:47:08,2026-07-01 20:51:58,2026-07-01 20:51:58,25644330193,[QUÀ TẶNG KHÔNG BÁN] Bông Tạo Bọt Kì Cọ Tẩy Da Chết Màu Ngẫu Nhiên,346005340612,Nhà cửa & Đời sống,Đồ dùng phòng tắm,Bông tắm,475641674285466_0_0,0,1,aura.room,_ng.tuongvan_,,122682417,,Chiến dịch mở rộng,0,0,Đơn hàng trực tiếp,0,0,8%,0,0%,11048.04,11048.04,0,,Shopeevideo-Shopee,0,,,
260629C5P49QXB,Hoàn thành,Hợp lệ,2026-06-29 14:47:08,2026-07-01 20:51:58,2026-07-01 20:51:58,29480146096,Sữa Tắm Thiên Nhiên 92% Le Petit Marseillais Nhiều Mùi Hương 250ml,315970228701,Sắc Đẹp,Tắm & chăm sóc cơ thể,Xà phòng & sữa tắm,475641674285466_0_0,200000,1,aura.room,_ng.tuongvan_,,112409565,,Chiến dịch mở rộng,122756,0,Đơn hàng trực tiếp,11048.04,11048.04,9%,0,0%,0,0,0,,Shopeevideo-Shopee,11932,Đã khấu trừ,Khấu trừ theo đơn hàng,2026-07-01 20:52:26
260629C4Y5WYD6,Hoàn thành,Hợp lệ,2026-06-29 14:34:18,2026-07-03 13:08:56,2026-07-03 13:08:56,24142870859,Sữa Tắm Thơm Lâu Le Petit Marseillais Gel 92% Thiên Nhiên Da Nhạy Cảm Nhiều Mùi Hương 650ml,350973489410,Sắc Đẹp,Tắm & chăm sóc cơ thể,Xà phòng & sữa tắm,475641674285466_0_0,394000,1,CreatorX Media Network,creatorxmedianetwork,,112430963,,Chiến dịch mở rộng,284250,0,Đơn hàng gián tiếp,12791.25,12791.25,"4,5%",0,0%,12791.25,12791.25,0,,Others,13815,Đã khấu trừ,Khấu trừ theo đơn hàng,2026-07-03 13:09:23
260629C4Y5WYD6,Hoàn thành,Hợp lệ,2026-06-29 14:34:18,2026-07-03 13:08:56,2026-07-03 13:08:56,25644330193,[QUÀ TẶNG KHÔNG BÁN] Bông Tạo Bọt Kì Cọ Tẩy Da Chết Màu Ngẫu Nhiên,346005340612,Nhà cửa & Đời sống,Đồ dùng phòng tắm,Bông tắm,475641674285466_0_0,0,1,CreatorX Media Network,creatorxmedianetwork,,122682417,,Chiến dịch mở rộng,0,0,Đơn hàng gián tiếp,0,0,4%,0,0%,0,0,0,,Others,0,,,
260629C4W62B29,Hoàn thành,Hợp lệ,2026-06-29 14:33:12,2026-07-02 11:53:11,2026-07-02 11:53:11,27730151664,Sữa Tắm Dưỡng Ẩm 98% Thiên Nhiên Le Petit Marseillais Hữu Cơ Nhiều Mùi Hương Thơm 400ml,365969915564,Sắc Đẹp,Tắm & chăm sóc cơ thể,Xà phòng & sữa tắm,,330000,1,ACCESSTRADEVN,accesstrade_banking,,112426971,,Chiến dịch mở rộng,202185,0,Đơn hàng trực tiếp,18196.65,18196.65,9%,0,0%,18196.65,18196.65,0,,Websites,19652,Đã khấu trừ,Khấu trừ theo đơn hàng,2026-07-02 11:53:38
260629C4RXK774,Hoàn thành,Hợp lệ,2026-06-29 14:30:49,2026-06-30 22:53:32,2026-06-30 22:53:32,25644330193,[QUÀ TẶNG KHÔNG BÁN] Bông Tạo Bọt Kì Cọ Tẩy Da Chết Màu Ngẫu Nhiên,346005340612,Nhà cửa & Đời sống,Đồ dùng phòng tắm,Bông tắm,475641674285466_0_0,0,1,Mai,angiapham,,122682417,,Chiến dịch mở rộng,0,0,Đơn hàng gián tiếp,0,0,4%,0,0%,9246,9246,0,,Facebook,0,,,
260629C4RXK774,Hoàn thành,Hợp lệ,2026-06-29 14:30:49,2026-06-30 22:53:32,2026-06-30 22:53:32,40150321685,Dầu Gội Trẻ Em 2in1 94% Thiên Nhiên Le Petit Marseillais Giúp Gỡ Rối Tóc Chiết Xuất Quả Mâm Xôi & Bông 300ml 0442,310970725469,Mẹ & Bé,Đồ dùng phòng tắm & Chăm sóc cơ thể bé,Sản phẩm tắm & gội cho bé,475641674285466_0_0,326000,1,Mai,angiapham,,128185567,,Chiến dịch mở rộng,231150,0,Đơn hàng gián tiếp,9246,9246,4%,0,0%,0,0,0,,Facebook,9986,Đã khấu trừ,Khấu trừ theo đơn hàng,2026-06-30 22:53:59
260629C4Q3G5DY,Hoàn thành,Hợp lệ,2026-06-29 14:29:47,2026-07-03 11:30:48,2026-07-03 11:30:48,24142870859,Sữa Tắm Thơm Lâu Le Petit Marseillais Gel 92% Thiên Nhiên Da Nhạy Cảm Nhiều Mùi Hương 650ml,350973489406,Sắc Đẹp,Tắm & chăm sóc cơ thể,Xà phòng & sữa tắm,475641674285466_0_0,394000,1,Hương Hương nè ᥫ᭡,huonghuongne185,,112430963,,Chiến dịch mở rộng,260168,0,Đơn hàng trực tiếp,23415.12,23415.12,9%,0,0%,23415.12,23415.12,0,,Shopeevideo-Shopee,25288,Đã khấu trừ,Khấu trừ theo đơn hàng,2026-07-03 11:31:16
260629C4Q3G5DY,Hoàn thành,Hợp lệ,2026-06-29 14:29:47,2026-07-03 11:30:48,2026-07-03 11:30:48,25644330193,[QUÀ TẶNG KHÔNG BÁN] Bông Tạo Bọt Kì Cọ Tẩy Da Chết Màu Ngẫu Nhiên,346005340612,Nhà cửa & Đời sống,Đồ dùng phòng tắm,Bông tắm,475641674285466_0_0,0,1,Hương Hương nè ᥫ᭡,huonghuongne185,,122682417,,Chiến dịch mở rộng,0,0,Đơn hàng trực tiếp,0,0,8%,0,0%,0,0,0,,Shopeevideo-Shopee,0,,,
260629C2C5YVF4,Hoàn thành,Hợp lệ,2026-06-29 13:47:53,2026-07-02 00:06:16,2026-07-02 00:06:16,24142870859,Sữa Tắm Thơm Lâu Le Petit Marseillais Gel 92% Thiên Nhiên Da Nhạy Cảm Nhiều Mùi Hương 650ml,350973489410,Sắc Đẹp,Tắm & chăm sóc cơ thể,Xà phòng & sữa tắm,475641674285466_0_0,394000,1,Phước Lộc,anan88885,,112430963,,Chiến dịch mở rộng,244863,0,Đơn hàng gián tiếp,11018.835,11018.835,"4,5%",0,0%,20630.835,20630.835,0,,Others,11900,Đã khấu trừ,Khấu trừ theo đơn hàng,2026-07-02 01:00:29
260629C2C5YVF4,Hoàn thành,Hợp lệ,2026-06-29 13:47:53,2026-07-02 00:06:16,2026-07-02 00:06:16,25644330193,[QUÀ TẶNG KHÔNG BÁN] Bông Tạo Bọt Kì Cọ Tẩy Da Chết Màu Ngẫu Nhiên,346005340612,Nhà cửa & Đời sống,Đồ dùng phòng tắm,Bông tắm,475641674285466_0_0,0,1,Phước Lộc,anan88885,,122682417,,Chiến dịch mở rộng,0,0,Đơn hàng gián tiếp,0,0,4%,0,0%,0,0,0,,Others,0,,,
260629C2C5YVF4,Hoàn thành,Hợp lệ,2026-06-29 13:47:53,2026-07-02 00:06:16,2026-07-02 00:06:16,29680365284,Dầu Gội Thiên Nhiên Le Petit Marseillais Hữu Cơ Nhiều Mùi Hương 250ml,370971985644,Sắc Đẹp,Chăm sóc tóc,Dầu gội,475641674285466_0_0,267000,1,Phước Lộc,anan88885,,112920799,,Chiến dịch mở rộng,213600,0,Đơn hàng gián tiếp,9612,9612,"4,5%",0,0%,0,0,0,,Others,10381,Đã khấu trừ,Khấu trừ theo đơn hàng,2026-07-02 01:00:29
260629C29KW053,Hoàn thành,Hợp lệ,2026-06-29 13:46:28,2026-07-02 11:50:10,2026-07-02 11:50:10,25644330193,[QUÀ TẶNG KHÔNG BÁN] Bông Tạo Bọt Kì Cọ Tẩy Da Chết Màu Ngẫu Nhiên,346005340612,Nhà cửa & Đời sống,Đồ dùng phòng tắm,Bông tắm,475641674285466_0_0,0,1,ChanHealthy,chanhealthyy,,122682417,,Chiến dịch mở rộng,0,0,Đơn hàng gián tiếp,0,0,4%,0,0%,13063.275,13063.275,0,,Facebook,0,,,
260629C29KW053,Hoàn thành,Hợp lệ,2026-06-29 13:46:28,2026-07-02 11:50:10,2026-07-02 11:50:10,27530290500,Kem Dưỡng Body Lotion 24h Le Petit Marseillais Sữa Cấp Ẩm Hữu Cơ Thiên Nhiên Nhiều Mùi Hương 400ml,272645767605,Sắc Đẹp,Tắm & chăm sóc cơ thể,Kem & sữa dưỡng thể,475641674285466_0_0,455000,1,ChanHealthy,chanhealthyy,,112716201,,Chiến dịch mở rộng,290295,0,Đơn hàng gián tiếp,13063.275,13063.275,"4,5%",0,0%,0,0,0,,Facebook,14108,Đã khấu trừ,Khấu trừ theo đơn hàng,2026-07-02 11:50:37
260629C1EWFCCA,Hoàn thành,Hợp lệ,2026-06-29 13:31:31,2026-07-01 13:28:41,2026-07-01 13:28:41,29479870641,Sữa Dưỡng Thể Cao Cấp 48h 95% Thiên Nhiên Le Petit Marseillais Siêu Dịu nhẹ Hoa Hạnh Nhân Hữu Cơ 250ml 7412,320970370473,Sắc Đẹp,Tắm & chăm sóc cơ thể,Kem & sữa dưỡng thể,475641674285466_0_0,379000,1,Mèo và những ngày không nắng,tjzzh02ddd,,111608085,,Chiến dịch mở rộng,203907,0,Đơn hàng gián tiếp,8156.28,8156.28,4%,0,0%,25116.28,25116.28,0,,Websites,8809,Đã khấu trừ,Khấu trừ theo đơn hàng,2026-07-01 13:29:10
260629C1EWFCCA,Hoàn thành,Hợp lệ,2026-06-29 13:31:31,2026-07-01 13:28:41,2026-07-01 13:28:41,42022202724,Gel Rửa Tay Hữu Cơ BIO Le Petit Marseillais Thiên Nhiên 98% Dịu Nhẹ Lành Tính Bảo Vệ Da Nhiều Mùi Hương 290ml,282645688049,Sắc Đẹp,"Chăm sóc tay, chân & móng",Chăm sóc tay,475641674285466_0_0,284000,1,Mèo và những ngày không nắng,tjzzh02ddd,,176545772,,Chiến dịch mở rộng,227199,0,Đơn hàng gián tiếp,9087.96,9087.96,4%,0,0%,0,0,0,,Websites,9815,Đã khấu trừ,Khấu trừ theo đơn hàng,2026-07-01 13:29:10
260629C1EWFCCA,Hoàn thành,Hợp lệ,2026-06-29 13:31:31,2026-07-01 13:28:41,2026-07-01 13:28:41,25644330193,[QUÀ TẶNG KHÔNG BÁN] Bông Tạo Bọt Kì Cọ Tẩy Da Chết Màu Ngẫu Nhiên,346005340612,Nhà cửa & Đời sống,Đồ dùng phòng tắm,Bông tắm,475641674285466_0_0,0,1,Mèo và những ngày không nắng,tjzzh02ddd,,122682417,,Chiến dịch mở rộng,0,0,Đơn hàng gián tiếp,0,0,4%,0,0%,0,0,0,,Websites,0,,,
260629C1EWFCCA,Hoàn thành,Hợp lệ,2026-06-29 13:31:31,2026-07-01 13:28:41,2026-07-01 13:28:41,27742398068,Gel Rửa Tay Thiên Nhiên 92% Le Petit Marseillais Dịu Nhẹ Lành Tính Bảo Vệ Da Nhiều Mùi Hương 300ml,350970286543,Sắc Đẹp,"Chăm sóc tay, chân & móng",Chăm sóc tay,475641674285466_0_0,246000,1,Mèo và những ngày không nắng,tjzzh02ddd,,176541211,,Chiến dịch mở rộng,196801,0,Đơn hàng gián tiếp,7872.04,7872.04,4%,0,0%,0,0,0,,Websites,8502,Đã khấu trừ,Khấu trừ theo đơn hàng,2026-07-01 13:29:10
260629C0FRW16C,Hoàn thành,Hợp lệ,2026-06-29 13:14:06,2026-06-30 08:12:03,2026-06-30 08:12:03,25644330193,[QUÀ TẶNG KHÔNG BÁN] Bông Tạo Bọt Kì Cọ Tẩy Da Chết Màu Ngẫu Nhiên,346005340612,Nhà cửa & Đời sống,Đồ dùng phòng tắm,Bông tắm,475641674285466_0_0,0,1,Chuyên review sạch,hanhikieu1709,KakaOnline,122682417,,Chiến dịch mở rộng,0,0,Đơn hàng trực tiếp,0,0,8%,0,0%,11117.2,11117.2,0,,Shopeevideo-Shopee,0,,,
260629C0FRW16C,Hoàn thành,Hợp lệ,2026-06-29 13:14:06,2026-06-30 08:12:03,2026-06-30 08:12:03,25692866155,Sữa Tắm Nam 4 in 1 92% Thiên Nhiên Le Petit Marseillais Nhiều Mùi Hương 250ml,345969754134,Sắc Đẹp,Chăm sóc nam giới,Sữa tắm & chăm sóc cơ thể,475641674285466_0_0,205000,1,Chuyên review sạch,hanhikieu1709,KakaOnline,112434462,,Chiến dịch mở rộng,138965,0,Đơn hàng trực tiếp,11117.2,11117.2,8%,0,0%,0,0,0,,Shopeevideo-Shopee,12007,Đã khấu trừ,Khấu trừ theo đơn hàng,2026-06-30 08:12:30
260629BY3V4414,Hoàn thành,Hợp lệ,2026-06-29 12:49:34,2026-07-03 17:00:59,2026-07-03 17:00:59,25692866155,Sữa Tắm Nam 4 in 1 92% Thiên Nhiên Le Petit Marseillais Nhiều Mùi Hương 250ml,345969754130,Sắc Đẹp,Chăm sóc nam giới,Sữa tắm & chăm sóc cơ thể,,205000,1,wr8q0jgrt8,wr8q0jgrt8,,112434462,,Chiến dịch mở rộng,126332,0,Đơn hàng gián tiếp,5053.28,5053.28,4%,0,0%,5053.28,5053.28,0,,Facebook,5458,Đã khấu trừ,Khấu trừ theo đơn hàng,2026-07-03 17:01:26
260629BXGSQFU2,Hoàn thành,Hợp lệ,2026-06-29 12:38:53,2026-07-04 14:25:21,2026-07-04 14:25:21,29628482446,Sữa Tắm Pháp 92% Thiên Nhiên Le Petit Marseillais Dịu Nhẹ Mâm Xôi Hữu Cơ & Hoa Mẫu Đơn 250ml 8441,340969666086,Sắc Đẹp,Tắm & chăm sóc cơ thể,Xà phòng & sữa tắm,,200000,1,Opera,opera109,,109863148,,Chiến dịch mở rộng,130226,0,Đơn hàng gián tiếp,5209.04,5209.04,4%,0,0%,5209.04,5209.04,0,,Others,5626,Đã khấu trừ,Khấu trừ theo đơn hàng,2026-07-04 14:25:48
260629BVC4E2QY,Hoàn thành,Hợp lệ,2026-06-29 12:00:30,2026-06-30 21:03:09,2026-06-30 21:03:09,29480146096,Sữa Tắm Thiên Nhiên 92% Le Petit Marseillais Nhiều Mùi Hương 250ml,310970228928,Sắc Đẹp,Tắm & chăm sóc cơ thể,Xà phòng & sữa tắm,,200000,1,Minh Ngoc,chupipeo,,112409565,,Chiến dịch mở rộng,164900,0,Đơn hàng trực tiếp,14841,14841,9%,0,0%,14841,14841,0,,Zalo,16028,Đã khấu trừ,Khấu trừ theo đơn hàng,2026-06-30 21:03:36
260629BV6QVFEJ,Hoàn thành,Hợp lệ,2026-06-29 11:57:28,2026-07-01 17:42:12,2026-07-01 17:42:12,29480146096,Sữa Tắm Thiên Nhiên 92% Le Petit Marseillais Nhiều Mùi Hương 250ml,315970228701,Sắc Đẹp,Tắm & chăm sóc cơ thể,Xà phòng & sữa tắm,,200000,1,aura.room,_ng.tuongvan_,,112409565,,Chiến dịch mở rộng,161020,0,Đơn hàng trực tiếp,14491.8,14491.8,9%,0,0%,14491.8,14491.8,0,,Shopeevideo-Shopee,15651,Đã khấu trừ,Khấu trừ theo đơn hàng,2026-07-01 17:42:39
260629BTVP8NH3,Hoàn thành,Hợp lệ,2026-06-29 11:33:57,2026-06-30 21:26:24,2026-06-30 21:26:24,25692866155,Sữa Tắm Nam 4 in 1 92% Thiên Nhiên Le Petit Marseillais Nhiều Mùi Hương 250ml,345969754133,Sắc Đẹp,Chăm sóc nam giới,Sữa tắm & chăm sóc cơ thể,,205000,1,Alex Dealer shopee ☑️,hhshop9x,,112434462,,Chiến dịch mở rộng,155103,0,Đơn hàng trực tiếp,12408.24,12408.24,8%,0,0%,12408.24,12408.24,0,,Shopeevideo-Shopee,13401,Đã khấu trừ,Khấu trừ theo đơn hàng,2026-06-30 21:26:50
260629BT6W48ED,Hoàn thành,Hợp lệ,2026-06-29 11:21:46,2026-07-04 10:06:51,2026-07-04 10:06:51,27679422917,Sữa Tắm Nam 4 in 1 92% Thiên Nhiên Le Petit Marseillais Chiết Xuất Gỗ Cam Đắng & Argan 250ml 1431,355969731723,Sắc Đẹp,Chăm sóc nam giới,Sữa tắm & chăm sóc cơ thể,,205000,1,Đoàn Hữu Trung,doanhuutrung89,,110661763,,Chiến dịch mở rộng,169022,0,Đơn hàng gián tiếp,6760.88,6760.88,4%,0,0%,6760.88,6760.88,0,,Facebook,7302,Đã khấu trừ,Khấu trừ theo đơn hàng,2026-07-04 10:07:18
260629BT3HBHMA,Hoàn thành,Hợp lệ,2026-06-29 11:19:53,2026-07-03 17:15:36,2026-07-03 17:15:36,40302953131,Dầu Gội Nam Sạch Gàu 97% Thiên Nhiên Le Petit Marseillais Chiết Xuất Tinh Dầu Chanh Vàng 250ml 4035,310970659149,Sắc Đẹp,Chăm sóc nam giới,Chăm sóc tóc,,267000,1,reviewtoptopxinh1,bingsu581,,134959857,,Chiến dịch mở rộng,203650,0,Đơn hàng trực tiếp,16292,16292,8%,0,0%,16292,16292,0,,Shopeevideo-Shopee,17595,Đã khấu trừ,Khấu trừ theo đơn hàng,2026-07-03 17:16:03
260629BSW39R85,Hoàn thành,Hợp lệ,2026-06-29 11:16:18,2026-07-03 12:35:11,2026-07-03 12:35:11,29628482446,Sữa Tắm Pháp 92% Thiên Nhiên Le Petit Marseillais Dịu Nhẹ Mâm Xôi Hữu Cơ & Hoa Mẫu Đơn 250ml 8441,340969666086,Sắc Đẹp,Tắm & chăm sóc cơ thể,Xà phòng & sữa tắm,,200000,1,Hoà Tìm Tòi,thanhhoal32,,109863148,,Chiến dịch mở rộng,140800,0,Đơn hàng gián tiếp,5632,5632,4%,0,0%,5632,5632,0,,Others,6083,Đã khấu trừ,Khấu trừ theo đơn hàng,2026-07-03 12:35:38
260629BS4JF876,Hoàn thành,Hợp lệ,2026-06-29 11:02:35,2026-07-01 11:55:20,2026-07-01 11:55:20,27730151664,Sữa Tắm Dưỡng Ẩm 98% Thiên Nhiên Le Petit Marseillais Hữu Cơ Nhiều Mùi Hương Thơm 400ml,365969915566,Sắc Đẹp,Tắm & chăm sóc cơ thể,Xà phòng & sữa tắm,,330000,1,Top Review ✅,pft8dels_x,,112426971,,Chiến dịch mở rộng,264600,0,Đơn hàng gián tiếp,11907,11907,"4,5%",0,0%,11907,11907,0,,Websites,12860,Đã khấu trừ,Khấu trừ theo đơn hàng,2026-07-01 11:55:47
260629BQNBUM00,Hoàn thành,Hợp lệ,2026-06-29 10:36:10,2026-06-30 21:04:43,2026-06-30 21:04:43,29480146096,Sữa Tắm Thiên Nhiên 92% Le Petit Marseillais Nhiều Mùi Hương 250ml,315970228701,Sắc Đẹp,Tắm & chăm sóc cơ thể,Xà phòng & sữa tắm,,200000,1,Muỗm Khó Tính,vfvkogjs0j,,112409565,,Chiến dịch mở rộng,130428,0,Đơn hàng trực tiếp,11738.52,11738.52,9%,0,0%,11738.52,11738.52,0,,Shopeelive-Shopee,12678,Đã khấu trừ,Khấu trừ theo đơn hàng,2026-06-30 21:05:10
260629BPQM1AD7,Hoàn thành,Hợp lệ,2026-06-29 10:19:32,2026-07-03 10:08:58,2026-07-03 10:08:58,25644330193,[QUÀ TẶNG KHÔNG BÁN] Bông Tạo Bọt Kì Cọ Tẩy Da Chết Màu Ngẫu Nhiên,346005340612,Nhà cửa & Đời sống,Đồ dùng phòng tắm,Bông tắm,466255413326418_0_0,0,1,Opera,opera109,,122682417,,Chiến dịch mở rộng,0,0,Đơn hàng gián tiếp,0,0,4%,0,0%,12060,12060,0,,Others,0,,,
260629BPQM1AD7,Hoàn thành,Hợp lệ,2026-06-29 10:19:32,2026-07-03 10:08:58,2026-07-03 10:08:58,28980146591,Gel Tắm Hữu Cơ BIO 98% Thiên Nhiên Le Petit Marseillais Nhiều Mùi Hương 250ml,315970996472,Sắc Đẹp,Tắm & chăm sóc cơ thể,Xà phòng & sữa tắm,466255413326418_0_0,350000,1,Opera,opera109,,112420787,,Chiến dịch mở rộng,268000,0,Đơn hàng gián tiếp,12060,12060,"4,5%",0,0%,0,0,0,,Others,13025,Đã khấu trừ,Khấu trừ theo đơn hàng,2026-07-03 10:09:25
260629BNH2X3R9,Hoàn thành,Hợp lệ,2026-06-29 09:58:00,2026-07-02 15:07:22,2026-07-02 15:07:22,25644330193,[QUÀ TẶNG KHÔNG BÁN] Bông Tạo Bọt Kì Cọ Tẩy Da Chết Màu Ngẫu Nhiên,346005340612,Nhà cửa & Đời sống,Đồ dùng phòng tắm,Bông tắm,466255413326418_0_0,0,1,truongdoanhdx15,truongdoanhdx15,,122682417,,Chiến dịch mở rộng,0,0,Đơn hàng gián tiếp,0,0,4%,0,0%,6917.96,6917.96,0,,Facebook,0,,,
260629BNH2X3R9,Hoàn thành,Hợp lệ,2026-06-29 09:58:00,2026-07-02 15:07:22,2026-07-02 15:07:22,29880370481,Kem Dưỡng Tay 24h Thiên Nhiên Le Petit Marseillais Nhiều Mùi Hương 75ml,128470976818,Sắc Đẹp,"Chăm sóc tay, chân & móng",Chăm sóc tay,466255413326418_0_0,250000,1,truongdoanhdx15,truongdoanhdx15,,112922896,,Chiến dịch mở rộng,172949,0,Đơn hàng gián tiếp,6917.96,6917.96,4%,0,0%,0,0,0,,Facebook,7471,Đã khấu trừ,Khấu trừ theo đơn hàng,2026-07-02 15:07:49
260629BMB158AK,Hoàn thành,Hợp lệ,2026-06-29 09:36:42,2026-07-01 22:56:14,2026-07-01 22:56:14,24142870859,Sữa Tắm Thơm Lâu Le Petit Marseillais Gel 92% Thiên Nhiên Da Nhạy Cảm Nhiều Mùi Hương 650ml,350973489410,Sắc Đẹp,Tắm & chăm sóc cơ thể,Xà phòng & sữa tắm,466255413326418_0_0,400000,1,ShopBack Việt Nam,shopbackvn_,,112430963,,Chiến dịch mở rộng,308000,0,Đơn hàng trực tiếp,27720,27720,9%,0,0%,27720,27720,0,,Websites,29938,Đã khấu trừ,Khấu trừ theo đơn hàng,2026-07-01 22:56:41
260629BMB158AK,Hoàn thành,Hợp lệ,2026-06-29 09:36:42,2026-07-01 22:56:14,2026-07-01 22:56:14,25644330193,[QUÀ TẶNG KHÔNG BÁN] Bông Tạo Bọt Kì Cọ Tẩy Da Chết Màu Ngẫu Nhiên,346005340612,Nhà cửa & Đời sống,Đồ dùng phòng tắm,Bông tắm,466255413326418_0_0,0,1,ShopBack Việt Nam,shopbackvn_,,122682417,,Chiến dịch mở rộng,0,0,Đơn hàng trực tiếp,0,0,8%,0,0%,0,0,0,,Websites,0,,,
260629BKKHMUC4,Hoàn thành,Hợp lệ,2026-06-29 09:23:34,2026-07-01 13:59:56,2026-07-01 13:59:56,25644330193,[QUÀ TẶNG KHÔNG BÁN] Bông Tạo Bọt Kì Cọ Tẩy Da Chết Màu Ngẫu Nhiên,346005340612,Nhà cửa & Đời sống,Đồ dùng phòng tắm,Bông tắm,466255413326418_0_0,0,1,Tiệm Nhỏ Xinh,hgwn0hg75n,,122682417,,Chiến dịch mở rộng,0,0,Đơn hàng gián tiếp,0,0,4%,0,0%,13860,13860,0,,Facebook,0,,,
260629BKKHMUC4,Hoàn thành,Hợp lệ,2026-06-29 09:23:34,2026-07-01 13:59:56,2026-07-01 13:59:56,24142870859,Sữa Tắm Thơm Lâu Le Petit Marseillais Gel 92% Thiên Nhiên Da Nhạy Cảm Nhiều Mùi Hương 650ml,350973489413,Sắc Đẹp,Tắm & chăm sóc cơ thể,Xà phòng & sữa tắm,466255413326418_0_0,400000,1,Tiệm Nhỏ Xinh,hgwn0hg75n,,112430963,,Chiến dịch mở rộng,308000,0,Đơn hàng gián tiếp,13860,13860,"4,5%",0,0%,0,0,0,,Facebook,14969,Đã khấu trừ,Khấu trừ theo đơn hàng,2026-07-01 14:00:24
260629BGWBKU44,Hoàn thành,Hợp lệ,2026-06-29 08:35:23,2026-07-01 08:33:28,2026-07-01 08:33:28,25644330193,[QUÀ TẶNG KHÔNG BÁN] Bông Tạo Bọt Kì Cọ Tẩy Da Chết Màu Ngẫu Nhiên,346005340612,Nhà cửa & Đời sống,Đồ dùng phòng tắm,Bông tắm,466255413326418_0_0,0,1,chung.tien.m1.1801,triice24w,,122682417,,Chiến dịch mở rộng,0,0,Đơn hàng trực tiếp,0,0,8%,0,0%,18900,18900,0,,Shopeelive-Shopee,0,,,
260629BGWBKU44,Hoàn thành,Hợp lệ,2026-06-29 08:35:23,2026-07-01 08:33:28,2026-07-01 08:33:28,27586430985,Dầu Gội Trẻ Em 2in1 94% Thiên Nhiên Le Petit Marseillais Giúp Gỡ Rối Tóc Nhiều Mùi Hương 300ml,380970144964,Mẹ & Bé,Đồ dùng phòng tắm & Chăm sóc cơ thể bé,Sản phẩm tắm & gội cho bé,466255413326418_0_0,330000,1,chung.tien.m1.1801,triice24w,,128189901,,Chiến dịch mở rộng,236250,0,Đơn hàng trực tiếp,18900,18900,8%,0,0%,0,0,0,,Shopeelive-Shopee,20412,Đã khấu trừ,Khấu trừ theo đơn hàng,2026-07-01 08:33:55
260629BF1EQSRJ,Hoàn thành,Hợp lệ,2026-06-29 08:01:52,2026-06-30 19:12:59,2026-06-30 19:12:59,25644330193,[QUÀ TẶNG KHÔNG BÁN] Bông Tạo Bọt Kì Cọ Tẩy Da Chết Màu Ngẫu Nhiên,346005340612,Nhà cửa & Đời sống,Đồ dùng phòng tắm,Bông tắm,466255413326418_0_0,0,1,aura.room,_ng.tuongvan_,,122682417,,Chiến dịch mở rộng,0,0,Đơn hàng trực tiếp,0,0,8%,0,0%,15766.38,15766.38,0,,Shopeevideo-Shopee,0,,,
260629BF1EQSRJ,Hoàn thành,Hợp lệ,2026-06-29 08:01:52,2026-06-30 19:12:59,2026-06-30 19:12:59,29480146096,Sữa Tắm Thiên Nhiên 92% Le Petit Marseillais Nhiều Mùi Hương 250ml,315970228701,Sắc Đẹp,Tắm & chăm sóc cơ thể,Xà phòng & sữa tắm,466255413326418_0_0,210000,1,aura.room,_ng.tuongvan_,,112409565,,Chiến dịch mở rộng,175182,0,Đơn hàng trực tiếp,15766.38,15766.38,9%,0,0%,0,0,0,,Shopeevideo-Shopee,17028,Đã khấu trừ,Khấu trừ theo đơn hàng,2026-06-30 19:13:26
260629BE8T2PVM,Hoàn thành,Hợp lệ,2026-06-29 07:48:05,2026-07-01 01:04:23,2026-07-01 01:04:23,25644330193,[QUÀ TẶNG KHÔNG BÁN] Bông Tạo Bọt Kì Cọ Tẩy Da Chết Màu Ngẫu Nhiên,346005340612,Nhà cửa & Đời sống,Đồ dùng phòng tắm,Bông tắm,466255413326418_0_0,0,1,Ngọc Vy Hana 💖,qh.ngocvyshop,,122682417,,Chiến dịch mở rộng,0,0,Đơn hàng trực tiếp,0,0,8%,0,0%,10184.24,10184.24,0,,Shopeelive-Shopee,0,,,
260629BE8T2PVM,Hoàn thành,Hợp lệ,2026-06-29 07:48:05,2026-07-01 01:04:23,2026-07-01 01:04:23,29628482446,Sữa Tắm Pháp 92% Thiên Nhiên Le Petit Marseillais Dịu Nhẹ Mâm Xôi Hữu Cơ & Hoa Mẫu Đơn 250ml 8441,340969666086,Sắc Đẹp,Tắm & chăm sóc cơ thể,Xà phòng & sữa tắm,466255413326418_0_0,210000,1,Ngọc Vy Hana 💖,qh.ngocvyshop,,109863148,,Chiến dịch mở rộng,127303,0,Đơn hàng trực tiếp,10184.24,10184.24,8%,0,0%,0,0,0,,Shopeelive-Shopee,10999,Đã khấu trừ,Khấu trừ theo đơn hàng,2026-07-01 01:04:50
260629ARJFAW7S,Hoàn thành,Hợp lệ,2026-06-29 01:19:48,2026-06-30 17:21:16,2026-06-30 17:21:16,25644330193,[QUÀ TẶNG KHÔNG BÁN] Bông Tạo Bọt Kì Cọ Tẩy Da Chết Màu Ngẫu Nhiên,346005340612,Nhà cửa & Đời sống,Đồ dùng phòng tắm,Bông tắm,466255413326418_0_0,0,1,Decor nhà xinh,vlcuong,,122682417,,Chiến dịch mở rộng,0,0,Đơn hàng gián tiếp,0,0,4%,0,0%,17741.25,17741.25,0,,Facebook,0,,,
260629ARJFAW7S,Hoàn thành,Hợp lệ,2026-06-29 01:19:48,2026-06-30 17:21:16,2026-06-30 17:21:16,27979854665,"Sữa Dưỡng Thể 24h Thiên Nhiên Le Petit Marseillais Dưỡng Ẩm Bơ Hạt Mỡ, Hạnh Nhân & Argan 400ml 3916",249244133795,Sắc Đẹp,Tắm & chăm sóc cơ thể,Kem & sữa dưỡng thể,466255413326418_0_0,490000,1,Decor nhà xinh,vlcuong,,111595838,,Chiến dịch mở rộng,394250,0,Đơn hàng gián tiếp,17741.25,17741.25,"4,5%",0,0%,0,0,0,,Facebook,19161,Đã khấu trừ,Khấu trừ theo đơn hàng,2026-06-30 17:44:41
260629AMQM7VHM,Hủy bỏ,Hợp lệ,2026-06-29 00:11:05,,,24142870859,Sữa Tắm Thơm Lâu Le Petit Marseillais Gel 92% Thiên Nhiên Da Nhạy Cảm Nhiều Mùi Hương 650ml,350973489406,Sắc Đẹp,Tắm & chăm sóc cơ thể,Xà phòng & sữa tắm,466255413326418_0_0,400000,0,Hương Hương nè ᥫ᭡,huonghuongne185,,112430963,,Chiến dịch mở rộng,0,270726,Đơn hàng trực tiếp,0,0,9%,0,0%,0,0,0,Đơn hàng không hợp lệ,Shopeevideo-Shopee,0,,,
260629AMQM7VHM,Hủy bỏ,Hợp lệ,2026-06-29 00:11:05,,,25644330193,[QUÀ TẶNG KHÔNG BÁN] Bông Tạo Bọt Kì Cọ Tẩy Da Chết Màu Ngẫu Nhiên,346005340612,Nhà cửa & Đời sống,Đồ dùng phòng tắm,Bông tắm,466255413326418_0_0,0,0,Hương Hương nè ᥫ᭡,huonghuongne185,,122682417,,Chiến dịch mở rộng,0,0,Đơn hàng trực tiếp,0,0,8%,0,0%,0,0,0,Đơn hàng không hợp lệ,Shopeevideo-Shopee,0,,,
260629AM75TVK4,Hoàn thành,Hợp lệ,2026-06-29 00:01:53,2026-07-01 20:49:26,2026-07-01 20:49:26,28980146591,Gel Tắm Hữu Cơ BIO 98% Thiên Nhiên Le Petit Marseillais Nhiều Mùi Hương 250ml,315970996472,Sắc Đẹp,Tắm & chăm sóc cơ thể,Xà phòng & sữa tắm,466255413326418_0_0,270000,1,Po xì Po,peocutii162_,,112420787,,Chiến dịch mở rộng,205200,0,Đơn hàng trực tiếp,18468,18468,9%,0,0%,18468,18468,0,,Shopeevideo-Shopee,19945,Đã khấu trừ,Khấu trừ theo đơn hàng,2026-07-01 20:49:53
260629AM75TVK4,Hoàn thành,Hợp lệ,2026-06-29 00:01:53,2026-07-01 20:49:26,2026-07-01 20:49:26,25644330193,[QUÀ TẶNG KHÔNG BÁN] Bông Tạo Bọt Kì Cọ Tẩy Da Chết Màu Ngẫu Nhiên,346005340612,Nhà cửa & Đời sống,Đồ dùng phòng tắm,Bông tắm,466255413326418_0_0,0,1,Po xì Po,peocutii162_,,122682417,,Chiến dịch mở rộng,0,0,Đơn hàng trực tiếp,0,0,8%,0,0%,0,0,0,,Shopeevideo-Shopee,0,,,
260629AKPMHSTP,Hoàn thành,Hợp lệ,2026-06-28 23:52:39,2026-06-30 20:58:36,2026-06-30 20:58:36,25644330193,[QUÀ TẶNG KHÔNG BÁN] Bông Tạo Bọt Kì Cọ Tẩy Da Chết Màu Ngẫu Nhiên,346005340612,Nhà cửa & Đời sống,Đồ dùng phòng tắm,Bông tắm,466255413326418_0_0,0,1,Nhibo.doa,nhibo.doa,,122682417,,Chiến dịch mở rộng,0,0,Đơn hàng trực tiếp,0,0,8%,0,0%,22229.91,22229.91,0,,Shopeelive-Shopee,0,,,
260629AKPMHSTP,Hoàn thành,Hợp lệ,2026-06-28 23:52:39,2026-06-30 20:58:36,2026-06-30 20:58:36,27730151664,Sữa Tắm Dưỡng Ẩm 98% Thiên Nhiên Le Petit Marseillais Hữu Cơ Nhiều Mùi Hương Thơm 400ml,365969915564,Sắc Đẹp,Tắm & chăm sóc cơ thể,Xà phòng & sữa tắm,466255413326418_0_0,340000,1,Nhibo.doa,nhibo.doa,,112426971,,Chiến dịch mở rộng,246999,0,Đơn hàng trực tiếp,22229.91,22229.91,9%,0,0%,0,0,0,,Shopeelive-Shopee,24008,Đã khấu trừ,Khấu trừ theo đơn hàng,2026-06-30 20:59:03
260629AHQMF19E,Hoàn thành,Hợp lệ,2026-06-28 23:17:25,2026-07-03 12:27:08,2026-07-03 12:27:08,24142870859,Sữa Tắm Thơm Lâu Le Petit Marseillais Gel 92% Thiên Nhiên Da Nhạy Cảm Nhiều Mùi Hương 650ml,350973489410,Sắc Đẹp,Tắm & chăm sóc cơ thể,Xà phòng & sữa tắm,466255413326418_0_0,400000,1,Thanh Sang,sangnt0804,,112430963,,Chiến dịch mở rộng,249664,0,Đơn hàng gián tiếp,11234.88,11234.88,"4,5%",0,0%,11234.88,11234.88,0,,Facebook,12134,Đã khấu trừ,Khấu trừ theo đơn hàng,2026-07-03 12:27:37
260629AHQMF19E,Hoàn thành,Hợp lệ,2026-06-28 23:17:25,2026-07-03 12:27:08,2026-07-03 12:27:08,25644330193,[QUÀ TẶNG KHÔNG BÁN] Bông Tạo Bọt Kì Cọ Tẩy Da Chết Màu Ngẫu Nhiên,346005340612,Nhà cửa & Đời sống,Đồ dùng phòng tắm,Bông tắm,466255413326418_0_0,0,1,Thanh Sang,sangnt0804,,122682417,,Chiến dịch mở rộng,0,0,Đơn hàng gián tiếp,0,0,4%,0,0%,0,0,0,,Facebook,0,,,
260628AGJ3V284,Hoàn thành,Hợp lệ,2026-06-28 22:56:24,2026-07-01 06:24:34,2026-07-01 06:24:34,25644330193,[QUÀ TẶNG KHÔNG BÁN] Bông Tạo Bọt Kì Cọ Tẩy Da Chết Màu Ngẫu Nhiên,346005340612,Nhà cửa & Đời sống,Đồ dùng phòng tắm,Bông tắm,466255413326418_0_0,0,1,Vũ Ngọc Châm,ngoccham237,,122682417,,Chiến dịch mở rộng,0,0,Đơn hàng gián tiếp,0,0,4%,0,0%,7541.1,7541.1,0,,Facebook,0,,,
260628AGJ3V284,Hoàn thành,Hợp lệ,2026-06-28 22:56:24,2026-07-01 06:24:34,2026-07-01 06:24:34,29680365284,Dầu Gội Thiên Nhiên Le Petit Marseillais Hữu Cơ Nhiều Mùi Hương 250ml,370971985648,Sắc Đẹp,Chăm sóc tóc,Dầu gội,466255413326418_0_0,270000,1,Vũ Ngọc Châm,ngoccham237,,112920799,,Chiến dịch mở rộng,167580,0,Đơn hàng gián tiếp,7541.1,7541.1,"4,5%",0,0%,0,0,0,,Facebook,8144,Đã khấu trừ,Khấu trừ theo đơn hàng,2026-07-01 06:25:01
260628AESUA6KT,Hoàn thành,Hợp lệ,2026-06-28 22:24:57,2026-07-03 13:16:06,2026-07-03 13:16:06,24142870859,Sữa Tắm Thơm Lâu Le Petit Marseillais Gel 92% Thiên Nhiên Da Nhạy Cảm Nhiều Mùi Hương 650ml,350973489402,Sắc Đẹp,Tắm & chăm sóc cơ thể,Xà phòng & sữa tắm,466255413326418_0_0,400000,1,Hương Hương nè ᥫ᭡,huonghuongne185,,112430963,,Chiến dịch mở rộng,312000,0,Đơn hàng trực tiếp,28080,28080,9%,0,0%,28080,28080,0,,Shopeevideo-Shopee,30326,Đã khấu trừ,Khấu trừ theo đơn hàng,2026-07-03 13:16:34
260628AESUA6KT,Hoàn thành,Hợp lệ,2026-06-28 22:24:57,2026-07-03 13:16:06,2026-07-03 13:16:06,25644330193,[QUÀ TẶNG KHÔNG BÁN] Bông Tạo Bọt Kì Cọ Tẩy Da Chết Màu Ngẫu Nhiên,346005340612,Nhà cửa & Đời sống,Đồ dùng phòng tắm,Bông tắm,466255413326418_0_0,0,1,Hương Hương nè ᥫ᭡,huonghuongne185,,122682417,,Chiến dịch mở rộng,0,0,Đơn hàng trực tiếp,0,0,8%,0,0%,0,0,0,,Shopeevideo-Shopee,0,,,
260628AEED1GB9,Hoàn thành,Hợp lệ,2026-06-28 22:18:34,2026-07-03 14:13:11,2026-07-03 14:13:11,25644330193,[QUÀ TẶNG KHÔNG BÁN] Bông Tạo Bọt Kì Cọ Tẩy Da Chết Màu Ngẫu Nhiên,346005340612,Nhà cửa & Đời sống,Đồ dùng phòng tắm,Bông tắm,466255413326418_0_0,0,1,Hin Ăn Healthy,shichuchic,,122682417,,Chiến dịch mở rộng,0,0,Đơn hàng gián tiếp,0,0,4%,0,0%,10332,10332,0,,Facebook,0,,,
260628AEED1GB9,Hoàn thành,Hợp lệ,2026-06-28 22:18:34,2026-07-03 14:13:11,2026-07-03 14:13:11,27586430985,Dầu Gội Trẻ Em 2in1 94% Thiên Nhiên Le Petit Marseillais Giúp Gỡ Rối Tóc Nhiều Mùi Hương 300ml,380970144964,Mẹ & Bé,Đồ dùng phòng tắm & Chăm sóc cơ thể bé,Sản phẩm tắm & gội cho bé,466255413326418_0_0,330000,1,Hin Ăn Healthy,shichuchic,,128189901,,Chiến dịch mở rộng,258300,0,Đơn hàng gián tiếp,10332,10332,4%,0,0%,0,0,0,,Facebook,11159,Đã khấu trừ,Khấu trừ theo đơn hàng,2026-07-03 14:13:38
260628ACS6QWRN,Hoàn thành,Hợp lệ,2026-06-28 21:48:48,2026-07-03 09:31:10,2026-07-03 09:31:10,25644330193,[QUÀ TẶNG KHÔNG BÁN] Bông Tạo Bọt Kì Cọ Tẩy Da Chết Màu Ngẫu Nhiên,346005340612,Nhà cửa & Đời sống,Đồ dùng phòng tắm,Bông tắm,466255413326418_0_0,0,1,Phương,4t_8_285wo,,122682417,,Chiến dịch mở rộng,0,0,Đơn hàng gián tiếp,0,0,4%,0,0%,26847,26847,0,,TikTok,0,,,
260628ACS6QWRN,Hoàn thành,Hợp lệ,2026-06-28 21:48:48,2026-07-03 09:31:10,2026-07-03 09:31:10,28577397134,Gel Tắm 92% Thiên Nhiên Le Petit Marseillais Dịu Nhẹ  Xoài Hữu Cơ & Chanh Dây 650ml 8823,320969804887,Sắc Đẹp,Tắm & chăm sóc cơ thể,Xà phòng & sữa tắm,466255413326418_0_0,400000,2,Phương,4t_8_285wo,,109863153,,Chiến dịch mở rộng,596600,0,Đơn hàng gián tiếp,26847,26847,"4,5%",0,0%,0,0,0,,TikTok,28995,Đã khấu trừ,Khấu trừ theo đơn hàng,2026-07-03 09:31:37
260628AB5QSJ6J,Hoàn thành,Hợp lệ,2026-06-28 21:20:01,2026-06-30 22:01:46,2026-06-30 22:01:46,25644330193,[QUÀ TẶNG KHÔNG BÁN] Bông Tạo Bọt Kì Cọ Tẩy Da Chết Màu Ngẫu Nhiên,346005340612,Nhà cửa & Đời sống,Đồ dùng phòng tắm,Bông tắm,466255413326418_0_0,0,1,CreatorX Media Network,creatorxmedianetwork,,122682417,,Chiến dịch mở rộng,0,0,Đơn hàng gián tiếp,0,0,4%,0,0%,12960,12960,0,,Others,0,,,
260628AB5QSJ6J,Hoàn thành,Hợp lệ,2026-06-28 21:20:01,2026-06-30 22:01:46,2026-06-30 22:01:46,25692866155,Sữa Tắm Nam 4 in 1 92% Thiên Nhiên Le Petit Marseillais Nhiều Mùi Hương 250ml,345969754130,Sắc Đẹp,Chăm sóc nam giới,Sữa tắm & chăm sóc cơ thể,466255413326418_0_0,210000,1,CreatorX Media Network,creatorxmedianetwork,,112434462,,Chiến dịch mở rộng,162000,0,Đơn hàng gián tiếp,6480,6480,4%,0,0%,0,0,0,,Others,6998,Đã khấu trừ,Khấu trừ theo đơn hàng,2026-06-30 22:02:13
260628AB5QSJ6J,Hoàn thành,Hợp lệ,2026-06-28 21:20:01,2026-06-30 22:01:46,2026-06-30 22:01:46,25692866155,Sữa Tắm Nam 4 in 1 92% Thiên Nhiên Le Petit Marseillais Nhiều Mùi Hương 250ml,345969754134,Sắc Đẹp,Chăm sóc nam giới,Sữa tắm & chăm sóc cơ thể,466255413326418_0_0,210000,1,CreatorX Media Network,creatorxmedianetwork,,112434462,,Chiến dịch mở rộng,162000,0,Đơn hàng gián tiếp,6480,6480,4%,0,0%,0,0,0,,Others,6998,Đã khấu trừ,Khấu trừ theo đơn hàng,2026-06-30 22:02:13
260628AA6AKE7G,Hoàn thành,Hợp lệ,2026-06-28 21:02:28,2026-07-01 08:04:00,2026-07-01 08:04:00,25644330193,[QUÀ TẶNG KHÔNG BÁN] Bông Tạo Bọt Kì Cọ Tẩy Da Chết Màu Ngẫu Nhiên,346005340612,Nhà cửa & Đời sống,Đồ dùng phòng tắm,Bông tắm,466255413326418_0_0,0,1,nguyensang.review,nguyensang1997,"Accesstrade,Interspace",122682417,,Chiến dịch mở rộng,0,0,Đơn hàng gián tiếp,0,0,4%,0,0%,12960,12960,0,,Facebook,0,,,
260628AA6AKE7G,Hoàn thành,Hợp lệ,2026-06-28 21:02:28,2026-07-01 08:04:00,2026-07-01 08:04:00,27779418515,Sữa Tắm Nam Thơm Lâu 4 in 1 92% Thiên Nhiên Le Petit Marseillais Chiết Xuất Thông Biển & Bạch Đàn 250ml 1356,415969727779,Sắc Đẹp,Chăm sóc nam giới,Sữa tắm & chăm sóc cơ thể,466255413326418_0_0,210000,1,nguyensang.review,nguyensang1997,"Accesstrade,Interspace",110663381,,Chiến dịch mở rộng,162000,0,Đơn hàng gián tiếp,6480,6480,4%,0,0%,0,0,0,,Facebook,6998,Đã khấu trừ,Khấu trừ theo đơn hàng,2026-07-01 08:04:27
260628AA6AKE7G,Hoàn thành,Hợp lệ,2026-06-28 21:02:28,2026-07-01 08:04:00,2026-07-01 08:04:00,29628482446,Sữa Tắm Pháp 92% Thiên Nhiên Le Petit Marseillais Dịu Nhẹ Mâm Xôi Hữu Cơ & Hoa Mẫu Đơn 250ml 8441,340969666086,Sắc Đẹp,Tắm & chăm sóc cơ thể,Xà phòng & sữa tắm,466255413326418_0_0,210000,1,nguyensang.review,nguyensang1997,"Accesstrade,Interspace",109863148,,Chiến dịch mở rộng,162000,0,Đơn hàng gián tiếp,6480,6480,4%,0,0%,0,0,0,,Facebook,6998,Đã khấu trừ,Khấu trừ theo đơn hàng,2026-07-01 08:04:27
260628A90400QQ,Hoàn thành,Hợp lệ,2026-06-28 20:41:06,2026-07-03 11:51:08,2026-07-03 11:51:08,24142870859,Sữa Tắm Thơm Lâu Le Petit Marseillais Gel 92% Thiên Nhiên Da Nhạy Cảm Nhiều Mùi Hương 650ml,350973489407,Sắc Đẹp,Tắm & chăm sóc cơ thể,Xà phòng & sữa tắm,466255413326418_0_0,400000,1,CreatorX Media Network,creatorxmedianetwork,,112430963,,Chiến dịch mở rộng,315700,0,Đơn hàng gián tiếp,14206.5,14206.5,"4,5%",0,0%,14206.5,14206.5,0,,Others,15343,Đã khấu trừ,Khấu trừ theo đơn hàng,2026-07-03 11:51:36
260628A90400QQ,Hoàn thành,Hợp lệ,2026-06-28 20:41:06,2026-07-03 11:51:08,2026-07-03 11:51:08,25644330193,[QUÀ TẶNG KHÔNG BÁN] Bông Tạo Bọt Kì Cọ Tẩy Da Chết Màu Ngẫu Nhiên,346005340612,Nhà cửa & Đời sống,Đồ dùng phòng tắm,Bông tắm,466255413326418_0_0,0,1,CreatorX Media Network,creatorxmedianetwork,,122682417,,Chiến dịch mở rộng,0,0,Đơn hàng gián tiếp,0,0,4%,0,0%,0,0,0,,Others,0,,,
260628A6929B1K,Hoàn thành,Hợp lệ,2026-06-28 19:52:24,2026-06-30 12:46:39,2026-06-30 12:46:39,25692866155,Sữa Tắm Nam 4 in 1 92% Thiên Nhiên Le Petit Marseillais Nhiều Mùi Hương 250ml,345969754130,Sắc Đẹp,Chăm sóc nam giới,Sữa tắm & chăm sóc cơ thể,466255413326418_0_0,210000,1,My Diem Bui,rinca123,,112434462,,Chiến dịch mở rộng,162000,0,Đơn hàng gián tiếp,6480,6480,4%,0,0%,12960,12960,0,,Instagram,6998,Đã khấu trừ,Khấu trừ theo đơn hàng,2026-06-30 12:47:06
260628A6929B1K,Hoàn thành,Hợp lệ,2026-06-28 19:52:24,2026-06-30 12:46:39,2026-06-30 12:46:39,25692866155,Sữa Tắm Nam 4 in 1 92% Thiên Nhiên Le Petit Marseillais Nhiều Mùi Hương 250ml,345969754134,Sắc Đẹp,Chăm sóc nam giới,Sữa tắm & chăm sóc cơ thể,466255413326418_0_0,210000,1,My Diem Bui,rinca123,,112434462,,Chiến dịch mở rộng,162000,0,Đơn hàng gián tiếp,6480,6480,4%,0,0%,0,0,0,,Instagram,6998,Đã khấu trừ,Khấu trừ theo đơn hàng,2026-06-30 12:47:06
260628A6929B1K,Hoàn thành,Hợp lệ,2026-06-28 19:52:24,2026-06-30 12:46:39,2026-06-30 12:46:39,25644330193,[QUÀ TẶNG KHÔNG BÁN] Bông Tạo Bọt Kì Cọ Tẩy Da Chết Màu Ngẫu Nhiên,346005340612,Nhà cửa & Đời sống,Đồ dùng phòng tắm,Bông tắm,466255413326418_0_0,0,1,My Diem Bui,rinca123,,122682417,,Chiến dịch mở rộng,0,0,Đơn hàng gián tiếp,0,0,4%,0,0%,0,0,0,,Instagram,0,,,
260628A4UCAHP9,Hoàn thành,Hợp lệ,2026-06-28 19:26:52,2026-07-03 10:33:19,2026-07-03 10:33:19,25644330193,[QUÀ TẶNG KHÔNG BÁN] Bông Tạo Bọt Kì Cọ Tẩy Da Chết Màu Ngẫu Nhiên,346005340612,Nhà cửa & Đời sống,Đồ dùng phòng tắm,Bông tắm,466255413326418_0_0,0,1,liuu,thupun13,,122682417,,Chiến dịch mở rộng,0,0,Đơn hàng gián tiếp,0,0,4%,0,0%,27065.25,27065.25,0,,Facebook,0,,,
260628A4UCAHP9,Hoàn thành,Hợp lệ,2026-06-28 19:26:52,2026-07-03 10:33:19,2026-07-03 10:33:19,24142870859,Sữa Tắm Thơm Lâu Le Petit Marseillais Gel 92% Thiên Nhiên Da Nhạy Cảm Nhiều Mùi Hương 650ml,350973489407,Sắc Đẹp,Tắm & chăm sóc cơ thể,Xà phòng & sữa tắm,466255413326418_0_0,400000,1,liuu,thupun13,,112430963,,Chiến dịch mở rộng,300725,0,Đơn hàng gián tiếp,13532.625,13532.625,"4,5%",0,0%,0,0,0,,Facebook,14615,Đã khấu trừ,Khấu trừ theo đơn hàng,2026-07-03 10:33:46
260628A4UCAHP9,Hoàn thành,Hợp lệ,2026-06-28 19:26:52,2026-07-03 10:33:19,2026-07-03 10:33:19,24142870859,Sữa Tắm Thơm Lâu Le Petit Marseillais Gel 92% Thiên Nhiên Da Nhạy Cảm Nhiều Mùi Hương 650ml,350973489413,Sắc Đẹp,Tắm & chăm sóc cơ thể,Xà phòng & sữa tắm,466255413326418_0_0,400000,1,liuu,thupun13,,112430963,,Chiến dịch mở rộng,300725,0,Đơn hàng gián tiếp,13532.625,13532.625,"4,5%",0,0%,0,0,0,,Facebook,14615,Đã khấu trừ,Khấu trừ theo đơn hàng,2026-07-03 10:33:46
260628A1EBR4SW,Hoàn thành,Hợp lệ,2026-06-28 18:25:53,2026-06-30 17:08:26,2026-06-30 17:08:26,24142870859,Sữa Tắm Thơm Lâu Le Petit Marseillais Gel 92% Thiên Nhiên Da Nhạy Cảm Nhiều Mùi Hương 650ml,350973489412,Sắc Đẹp,Tắm & chăm sóc cơ thể,Xà phòng & sữa tắm,466255413326418_0_0,400000,1,Quỳnh Đặng,rainie_star1210,,112430963,,Chiến dịch mở rộng,288750,0,Đơn hàng gián tiếp,12993.75,12993.75,"4,5%",0,0%,12993.75,12993.75,0,,Others,14033,Đã khấu trừ,Khấu trừ theo đơn hàng,2026-06-30 17:43:24
260628A1EBR4SW,Hoàn thành,Hợp lệ,2026-06-28 18:25:53,2026-06-30 17:08:26,2026-06-30 17:08:26,25644330193,[QUÀ TẶNG KHÔNG BÁN] Bông Tạo Bọt Kì Cọ Tẩy Da Chết Màu Ngẫu Nhiên,346005340612,Nhà cửa & Đời sống,Đồ dùng phòng tắm,Bông tắm,466255413326418_0_0,0,1,Quỳnh Đặng,rainie_star1210,,122682417,,Chiến dịch mở rộng,0,0,Đơn hàng gián tiếp,0,0,4%,0,0%,0,0,0,,Others,0,,,
260628A08V2TVM,Hoàn thành,Hợp lệ,2026-06-28 18:04:55,2026-07-03 13:00:50,2026-07-03 13:00:50,24142870859,Sữa Tắm Thơm Lâu Le Petit Marseillais Gel 92% Thiên Nhiên Da Nhạy Cảm Nhiều Mùi Hương 650ml,350973489404,Sắc Đẹp,Tắm & chăm sóc cơ thể,Xà phòng & sữa tắm,466255413326418_0_0,400000,1,WebHome Live3,webhome.livestream3,Webhome Media,112430963,,Chiến dịch mở rộng,292600,0,Đơn hàng trực tiếp,26334,26334,9%,0,0%,26334,26334,0,,Shopeelive-Shopee,28441,Đã khấu trừ,Khấu trừ theo đơn hàng,2026-07-03 13:01:17
260628A08V2TVM,Hoàn thành,Hợp lệ,2026-06-28 18:04:55,2026-07-03 13:00:50,2026-07-03 13:00:50,25644330193,[QUÀ TẶNG KHÔNG BÁN] Bông Tạo Bọt Kì Cọ Tẩy Da Chết Màu Ngẫu Nhiên,346005340612,Nhà cửa & Đời sống,Đồ dùng phòng tắm,Bông tắm,466255413326418_0_0,0,1,WebHome Live3,webhome.livestream3,Webhome Media,122682417,,Chiến dịch mở rộng,0,0,Đơn hàng trực tiếp,0,0,8%,0,0%,0,0,0,,Shopeelive-Shopee,0,,,
260628A00WDED7,Hoàn thành,Hợp lệ,2026-06-28 18:00:28,2026-07-03 18:17:21,2026-07-03 18:17:21,25644330193,[QUÀ TẶNG KHÔNG BÁN] Bông Tạo Bọt Kì Cọ Tẩy Da Chết Màu Ngẫu Nhiên,346005340612,Nhà cửa & Đời sống,Đồ dùng phòng tắm,Bông tắm,466255413326418_0_0,0,1,Nguyệt Nguyễn,nguyetnt1404,,122682417,,Chiến dịch mở rộng,0,0,Đơn hàng gián tiếp,0,0,4%,0,0%,7007.28,7007.28,0,,Websites,0,,,
260628A00WDED7,Hoàn thành,Hợp lệ,2026-06-28 18:00:28,2026-07-03 18:17:21,2026-07-03 18:17:21,25692866155,Sữa Tắm Nam 4 in 1 92% Thiên Nhiên Le Petit Marseillais Nhiều Mùi Hương 250ml,345969754130,Sắc Đẹp,Chăm sóc nam giới,Sữa tắm & chăm sóc cơ thể,466255413326418_0_0,210000,1,Nguyệt Nguyễn,nguyetnt1404,,112434462,,Chiến dịch mở rộng,175182,0,Đơn hàng gián tiếp,7007.28,7007.28,4%,0,0%,0,0,0,,Websites,7568,Đã khấu trừ,Khấu trừ theo đơn hàng,2026-07-03 18:17:48
2606289UB83B24,Hoàn thành,Hợp lệ,2026-06-28 16:36:46,2026-07-03 10:40:38,2026-07-03 10:40:38,25644330193,[QUÀ TẶNG KHÔNG BÁN] Bông Tạo Bọt Kì Cọ Tẩy Da Chết Màu Ngẫu Nhiên,346005340612,Nhà cửa & Đời sống,Đồ dùng phòng tắm,Bông tắm,466255413326418_0_0,0,1,Kwang,nevvrrsy_123,,122682417,,Chiến dịch mở rộng,0,0,Đơn hàng gián tiếp,0,0,4%,0,0%,9234,9234,0,,Websites,0,,,
2606289UB83B24,Hoàn thành,Hợp lệ,2026-06-28 16:36:46,2026-07-03 10:40:38,2026-07-03 10:40:38,42972196728,"Dầu Gội Thiên Nhiên 97% Le Petit Marseillais Làm Sạch Sâu, Giảm Nhờn Với Bột Đất Sét Trắng 250ml 4608",355970048824,Sắc Đẹp,Chăm sóc tóc,Dầu gội,466255413326418_0_0,270000,1,Kwang,nevvrrsy_123,,176524517,,Chiến dịch mở rộng,205200,0,Đơn hàng gián tiếp,9234,9234,"4,5%",0,0%,0,0,0,,Websites,9973,Đã khấu trừ,Khấu trừ theo đơn hàng,2026-07-03 10:41:05
2606289U7QHPG1,Hoàn thành,Hợp lệ,2026-06-28 16:34:48,2026-07-02 15:37:26,2026-07-02 15:37:26,47256666039,[DEAL 8/3] COMBO Dầu Gội Cho Bé 300ML + Sữa Tắm Cho Mẹ 400ML Thiên Nhiên Le Petit Marseillais Hữu Cơ,355972406448,Mẹ & Bé,Đồ dùng phòng tắm & Chăm sóc cơ thể bé,Sản phẩm tắm & gội cho bé,,670000,1,Văn Tiển Trần,vantientrannn,,226840391,,Chiến dịch mở rộng,491250,0,Đơn hàng gián tiếp,17193.75,17193.75,"3,5%",0,0%,17193.75,17193.75,0,,Facebook,18569,Đã khấu trừ,Khấu trừ theo đơn hàng,2026-07-02 15:37:53
2606289N39VH0M,Hoàn thành,Hợp lệ,2026-06-28 14:44:57,2026-07-02 01:15:47,2026-07-02 01:15:47,25644330193,[QUÀ TẶNG KHÔNG BÁN] Bông Tạo Bọt Kì Cọ Tẩy Da Chết Màu Ngẫu Nhiên,346005340612,Nhà cửa & Đời sống,Đồ dùng phòng tắm,Bông tắm,466255413326418_0_0,0,1,Khánh Ly,ly1459,,122682417,,Chiến dịch mở rộng,0,0,Đơn hàng trực tiếp,0,0,8%,0,0%,14340.48,14340.48,0,,Websites,0,,,
2606289N39VH0M,Hoàn thành,Hợp lệ,2026-06-28 14:44:57,2026-07-02 01:15:47,2026-07-02 01:15:47,25692866155,Sữa Tắm Nam 4 in 1 92% Thiên Nhiên Le Petit Marseillais Nhiều Mùi Hương 250ml,345969754134,Sắc Đẹp,Chăm sóc nam giới,Sữa tắm & chăm sóc cơ thể,466255413326418_0_0,210000,1,Khánh Ly,ly1459,,112434462,,Chiến dịch mở rộng,179256,0,Đơn hàng trực tiếp,14340.48,14340.48,8%,0,0%,0,0,0,,Websites,15488,Đã khấu trừ,Khấu trừ theo đơn hàng,2026-07-02 01:16:13
2606289FYM935Y,Hoàn thành,Hợp lệ,2026-06-28 13:13:25,2026-07-04 09:43:22,2026-07-04 09:43:22,25644330193,[QUÀ TẶNG KHÔNG BÁN] Bông Tạo Bọt Kì Cọ Tẩy Da Chết Màu Ngẫu Nhiên,346005340612,Nhà cửa & Đời sống,Đồ dùng phòng tắm,Bông tắm,466255413326418_0_0,0,1,nguyễn,vuong1234,,122682417,,Chiến dịch mở rộng,0,0,Đơn hàng gián tiếp,0,0,4%,0,0%,6518.4,6518.4,0,,Facebook,0,,,
2606289FYM935Y,Hoàn thành,Hợp lệ,2026-06-28 13:13:25,2026-07-04 09:43:22,2026-07-04 09:43:22,25692866155,Sữa Tắm Nam 4 in 1 92% Thiên Nhiên Le Petit Marseillais Nhiều Mùi Hương 250ml,345969754130,Sắc Đẹp,Chăm sóc nam giới,Sữa tắm & chăm sóc cơ thể,466255413326418_0_0,210000,1,nguyễn,vuong1234,,112434462,,Chiến dịch mở rộng,162960,0,Đơn hàng gián tiếp,6518.4,6518.4,4%,0,0%,0,0,0,,Facebook,7040,Đã khấu trừ,Khấu trừ theo đơn hàng,2026-07-04 09:43:48
2606289EWBJ24Q,Hoàn thành,Hợp lệ,2026-06-28 12:54:15,2026-07-03 17:37:08,2026-07-03 17:37:08,44004810239,Combo Dầu Gội Xả Thiên Nhiên Chăm Sóc Tóc Le Petit Marseillais Mềm Mượt,380972210357,Sắc Đẹp,Chăm sóc tóc,Dầu gội,,520000,1,Quỳnh Đặng,rainie_star1210,,140733646,,Chiến dịch mở rộng,393900,0,Đơn hàng gián tiếp,17725.5,17725.5,"4,5%",0,0%,17725.5,17725.5,0,,Others,19144,Đã khấu trừ,Khấu trừ theo đơn hàng,2026-07-03 17:37:34
2606289AYBDNWT,Hoàn thành,Hợp lệ,2026-06-28 11:43:47,2026-06-30 19:03:51,2026-06-30 19:03:51,25692866155,Sữa Tắm Nam 4 in 1 92% Thiên Nhiên Le Petit Marseillais Nhiều Mùi Hương 250ml,345969754133,Sắc Đẹp,Chăm sóc nam giới,Sữa tắm & chăm sóc cơ thể,,210000,1,Khương Mai,beu7yi7rs6,,112434462,,Chiến dịch mở rộng,166820,0,Đơn hàng gián tiếp,6672.8,6672.8,4%,0,0%,15252,15252,0,,Facebook,7207,Đã khấu trừ,Khấu trừ theo đơn hàng,2026-06-30 19:04:18
2606289AYBDNWT,Hoàn thành,Hợp lệ,2026-06-28 11:43:47,2026-06-30 19:03:51,2026-06-30 19:03:51,40302953131,Dầu Gội Nam Sạch Gàu 97% Thiên Nhiên Le Petit Marseillais Chiết Xuất Tinh Dầu Chanh Vàng 250ml 4035,310970659149,Sắc Đẹp,Chăm sóc nam giới,Chăm sóc tóc,,270000,1,Khương Mai,beu7yi7rs6,,134959857,,Chiến dịch mở rộng,214480,0,Đơn hàng gián tiếp,8579.2,8579.2,4%,0,0%,0,0,0,,Facebook,9266,Đã khấu trừ,Khấu trừ theo đơn hàng,2026-06-30 19:04:18
26062899CR289R,Hoàn thành,Hợp lệ,2026-06-28 11:15:30,2026-07-03 16:40:09,2026-07-03 16:40:09,25644330193,[QUÀ TẶNG KHÔNG BÁN] Bông Tạo Bọt Kì Cọ Tẩy Da Chết Màu Ngẫu Nhiên,346005340612,Nhà cửa & Đời sống,Đồ dùng phòng tắm,Bông tắm,466255413326418_0_0,0,1,Trangggg,thutrangg20,,122682417,,Chiến dịch mở rộng,0,0,Đơn hàng gián tiếp,0,0,4%,0,0%,11846.25,11846.25,0,,Instagram,0,,,
26062899CR289R,Hoàn thành,Hợp lệ,2026-06-28 11:15:30,2026-07-03 16:40:09,2026-07-03 16:40:09,29480146096,Sữa Tắm Thiên Nhiên 92% Le Petit Marseillais Nhiều Mùi Hương 250ml,315970228699,Sắc Đẹp,Tắm & chăm sóc cơ thể,Xà phòng & sữa tắm,466255413326418_0_0,210000,2,Trangggg,thutrangg20,,112409565,,Chiến dịch mở rộng,263250,0,Đơn hàng gián tiếp,11846.25,11846.25,"4,5%",0,0%,0,0,0,,Instagram,12794,Đã khấu trừ,Khấu trừ theo đơn hàng,2026-07-03 16:40:36
26062897YQ224C,Hoàn thành,Hợp lệ,2026-06-28 10:50:19,2026-07-03 12:11:01,2026-07-03 12:11:01,25644330193,[QUÀ TẶNG KHÔNG BÁN] Bông Tạo Bọt Kì Cọ Tẩy Da Chết Màu Ngẫu Nhiên,346005340612,Nhà cửa & Đời sống,Đồ dùng phòng tắm,Bông tắm,466255413326418_0_0,0,1,..laura..22,truonglebao621,KakaOnline,122682417,,Chiến dịch mở rộng,0,0,Đơn hàng trực tiếp,0,0,8%,0,0%,39360,39360,0,,Shopeevideo-Shopee,0,,,
26062897YQ224C,Hoàn thành,Hợp lệ,2026-06-28 10:50:19,2026-07-03 12:11:01,2026-07-03 12:11:01,41900312088,Dầu Gội Trẻ Em 2in1 94% Thiên Nhiên Le Petit Marseillais Giúp Gỡ Rối Tóc Chiết Xuất Quả Đào & Quả Mơ 300ml 0435,218837639344,Mẹ & Bé,Đồ dùng phòng tắm & Chăm sóc cơ thể bé,Sản phẩm tắm & gội cho bé,466255413326418_0_0,330000,1,..laura..22,truonglebao621,KakaOnline,128186974,,Chiến dịch mở rộng,257713,0,Đơn hàng trực tiếp,20617.04,20617.04,8%,0,0%,0,0,0,,Shopeevideo-Shopee,22266,Đã khấu trừ,Khấu trừ theo đơn hàng,2026-07-03 12:11:28
26062897YQ224C,Hoàn thành,Hợp lệ,2026-06-28 10:50:19,2026-07-03 12:11:01,2026-07-03 12:11:01,43072196133,Dầu Xả Dưỡng Tóc Le Petit Marseillais Làm Mềm Mượt Bóng Khỏe Nhanh Từ Hạnh Nhân Và Hạt Lanh Hữu Cơ 200ml 1916,380970376325,Sắc Đẹp,Chăm sóc tóc,Dầu xả,466255413326418_0_0,300000,1,..laura..22,truonglebao621,KakaOnline,176522847,,Chiến dịch mở rộng,234287,0,Đơn hàng trực tiếp,18742.96,18742.96,8%,0,0%,0,0,0,,Shopeevideo-Shopee,20242,Đã khấu trừ,Khấu trừ theo đơn hàng,2026-07-03 12:11:28
260628975HQQH1,Hoàn thành,Hợp lệ,2026-06-28 10:35:40,2026-07-03 17:32:09,2026-07-03 17:32:09,24142870859,Sữa Tắm Thơm Lâu Le Petit Marseillais Gel 92% Thiên Nhiên Da Nhạy Cảm Nhiều Mùi Hương 650ml,350973489407,Sắc Đẹp,Tắm & chăm sóc cơ thể,Xà phòng & sữa tắm,466255413326418_0_0,400000,1,Giang,gianghabong,,112430963,,Chiến dịch mở rộng,327250,0,Đơn hàng gián tiếp,14726.25,14726.25,"4,5%",0,0%,14726.25,14726.25,0,,Others,15904,Đã khấu trừ,Khấu trừ theo đơn hàng,2026-07-03 17:32:36
260628975HQQH1,Hoàn thành,Hợp lệ,2026-06-28 10:35:40,2026-07-03 17:32:09,2026-07-03 17:32:09,25644330193,[QUÀ TẶNG KHÔNG BÁN] Bông Tạo Bọt Kì Cọ Tẩy Da Chết Màu Ngẫu Nhiên,346005340612,Nhà cửa & Đời sống,Đồ dùng phòng tắm,Bông tắm,466255413326418_0_0,0,1,Giang,gianghabong,,122682417,,Chiến dịch mở rộng,0,0,Đơn hàng gián tiếp,0,0,4%,0,0%,0,0,0,,Others,0,,,
26062896YE9BCA,Hoàn thành,Hợp lệ,2026-06-28 10:32:16,2026-07-03 07:29:18,2026-07-03 07:29:18,24142870859,Sữa Tắm Thơm Lâu Le Petit Marseillais Gel 92% Thiên Nhiên Da Nhạy Cảm Nhiều Mùi Hương 650ml,350973489404,Sắc Đẹp,Tắm & chăm sóc cơ thể,Xà phòng & sữa tắm,466255413326418_0_0,400000,1,Opera,opera109,,112430963,,Chiến dịch mở rộng,315700,0,Đơn hàng gián tiếp,14206.5,14206.5,"4,5%",0,0%,14206.5,14206.5,0,,Websites,15343,Đã khấu trừ,Khấu trừ theo đơn hàng,2026-07-03 07:29:45
26062896YE9BCA,Hoàn thành,Hợp lệ,2026-06-28 10:32:16,2026-07-03 07:29:18,2026-07-03 07:29:18,25644330193,[QUÀ TẶNG KHÔNG BÁN] Bông Tạo Bọt Kì Cọ Tẩy Da Chết Màu Ngẫu Nhiên,346005340612,Nhà cửa & Đời sống,Đồ dùng phòng tắm,Bông tắm,466255413326418_0_0,0,1,Opera,opera109,,122682417,,Chiến dịch mở rộng,0,0,Đơn hàng gián tiếp,0,0,4%,0,0%,0,0,0,,Websites,0,,,
26062896TKQV53,Hoàn thành,Hợp lệ,2026-06-28 10:29:34,2026-07-04 11:28:15,2026-07-04 11:28:15,25644330193,[QUÀ TẶNG KHÔNG BÁN] Bông Tạo Bọt Kì Cọ Tẩy Da Chết Màu Ngẫu Nhiên,346005340612,Nhà cửa & Đời sống,Đồ dùng phòng tắm,Bông tắm,466255413326418_0_0,0,1,quangminh shop,boyk90,,122682417,,Chiến dịch mở rộng,0,0,Đơn hàng gián tiếp,0,0,4%,0,0%,8148,8148,0,,Facebook,0,,,
26062896TKQV53,Hoàn thành,Hợp lệ,2026-06-28 10:29:34,2026-07-04 11:28:15,2026-07-04 11:28:15,25692866155,Sữa Tắm Nam 4 in 1 92% Thiên Nhiên Le Petit Marseillais Nhiều Mùi Hương 250ml,345969754130,Sắc Đẹp,Chăm sóc nam giới,Sữa tắm & chăm sóc cơ thể,466255413326418_0_0,210000,1,quangminh shop,boyk90,,112434462,,Chiến dịch mở rộng,203700,0,Đơn hàng gián tiếp,8148,8148,4%,0,0%,0,0,0,,Facebook,8800,Đã khấu trừ,Khấu trừ theo đơn hàng,2026-07-04 11:28:41
26062893T9HD8P,Hoàn thành,Hợp lệ,2026-06-28 09:35:41,2026-07-04 16:15:17,2026-07-04 16:15:17,25644330193,[QUÀ TẶNG KHÔNG BÁN] Bông Tạo Bọt Kì Cọ Tẩy Da Chết Màu Ngẫu Nhiên,346005340612,Nhà cửa & Đời sống,Đồ dùng phòng tắm,Bông tắm,466255413326418_0_0,0,1,Vân,cam_van_89,,122682417,,Chiến dịch mở rộng,0,0,Đơn hàng gián tiếp,0,0,4%,0,0%,15520,15520,0,,Facebook,0,,,
26062893T9HD8P,Hoàn thành,Hợp lệ,2026-06-28 09:35:41,2026-07-04 16:15:17,2026-07-04 16:15:17,29880370481,Kem Dưỡng Tay 24h Thiên Nhiên Le Petit Marseillais Nhiều Mùi Hương 75ml,128470976818,Sắc Đẹp,"Chăm sóc tay, chân & móng",Chăm sóc tay,466255413326418_0_0,250000,1,Vân,cam_van_89,,112922896,,Chiến dịch mở rộng,194000,0,Đơn hàng gián tiếp,7760,7760,4%,0,0%,0,0,0,,Facebook,8381,Đã khấu trừ,Khấu trừ theo đơn hàng,2026-07-04 16:15:47
26062893T9HD8P,Hoàn thành,Hợp lệ,2026-06-28 09:35:41,2026-07-04 16:15:17,2026-07-04 16:15:17,29880370481,Kem Dưỡng Tay 24h Thiên Nhiên Le Petit Marseillais Nhiều Mùi Hương 75ml,129503370888,Sắc Đẹp,"Chăm sóc tay, chân & móng",Chăm sóc tay,466255413326418_0_0,250000,1,Vân,cam_van_89,,112922896,,Chiến dịch mở rộng,194000,0,Đơn hàng gián tiếp,7760,7760,4%,0,0%,0,0,0,,Facebook,8381,Đã khấu trừ,Khấu trừ theo đơn hàng,2026-07-04 16:15:47
26062892KBYBNC,Hoàn thành,Hợp lệ,2026-06-28 09:13:55,2026-07-03 18:50:55,2026-07-03 18:50:55,25644330193,[QUÀ TẶNG KHÔNG BÁN] Bông Tạo Bọt Kì Cọ Tẩy Da Chết Màu Ngẫu Nhiên,346005340612,Nhà cửa & Đời sống,Đồ dùng phòng tắm,Bông tắm,466255413326418_0_0,0,1,CreatorX Media Network,creatorxmedianetwork,,122682417,,Chiến dịch mở rộng,0,0,Đơn hàng gián tiếp,0,0,4%,0,0%,10080,10080,0,,Others,0,,,
26062892KBYBNC,Hoàn thành,Hợp lệ,2026-06-28 09:13:55,2026-07-03 18:50:55,2026-07-03 18:50:55,27586430985,Dầu Gội Trẻ Em 2in1 94% Thiên Nhiên Le Petit Marseillais Giúp Gỡ Rối Tóc Nhiều Mùi Hương 300ml,380970144965,Mẹ & Bé,Đồ dùng phòng tắm & Chăm sóc cơ thể bé,Sản phẩm tắm & gội cho bé,466255413326418_0_0,330000,1,CreatorX Media Network,creatorxmedianetwork,,128189901,,Chiến dịch mở rộng,252000,0,Đơn hàng gián tiếp,10080,10080,4%,0,0%,0,0,0,,Others,10886,Đã khấu trừ,Khấu trừ theo đơn hàng,2026-07-03 18:51:22
26062892HPM0JV,Hoàn thành,Hợp lệ,2026-06-28 09:13:00,2026-07-03 17:00:16,2026-07-03 17:00:16,25644330193,[QUÀ TẶNG KHÔNG BÁN] Bông Tạo Bọt Kì Cọ Tẩy Da Chết Màu Ngẫu Nhiên,346005340612,Nhà cửa & Đời sống,Đồ dùng phòng tắm,Bông tắm,466255413326418_0_0,0,1,Hương Tạp Dề,huongtapdee,,122682417,,Chiến dịch mở rộng,0,0,Đơn hàng gián tiếp,0,0,4%,0,0%,6517.2,6517.2,0,,Facebook,0,,,
26062892HPM0JV,Hoàn thành,Hợp lệ,2026-06-28 09:13:00,2026-07-03 17:00:16,2026-07-03 17:00:16,25692866155,Sữa Tắm Nam 4 in 1 92% Thiên Nhiên Le Petit Marseillais Nhiều Mùi Hương 250ml,345969754133,Sắc Đẹp,Chăm sóc nam giới,Sữa tắm & chăm sóc cơ thể,466255413326418_0_0,210000,1,Hương Tạp Dề,huongtapdee,,112434462,,Chiến dịch mở rộng,162930,0,Đơn hàng gián tiếp,6517.2,6517.2,4%,0,0%,0,0,0,,Facebook,7039,Đã khấu trừ,Khấu trừ theo đơn hàng,2026-07-03 17:00:43
2606289287BSCG,Hoàn thành,Hợp lệ,2026-06-28 09:07:41,2026-07-03 16:40:05,2026-07-03 16:40:05,28379882165,Mặt Nạ Dưỡng Tóc 4in1 96% Thiên Nhiên Le Petit Marseillais Chiết Xuất Dừa Hữu Cơ 300ml 5209,350970222410,Sắc Đẹp,Chăm sóc tóc,Sản phẩm dưỡng tóc,466255413326418_0_0,500000,1,Siêu Thị Online Vương Cung,cungcung737,,111647800,,Chiến dịch mở rộng,320287,0,Đơn hàng trực tiếp,25622.96,25622.96,8%,0,0%,25622.96,25622.96,0,,Shopeevideo-Shopee,27673,Đã khấu trừ,Khấu trừ theo đơn hàng,2026-07-03 16:40:33
2606289287BSCG,Hoàn thành,Hợp lệ,2026-06-28 09:07:41,2026-07-03 16:40:05,2026-07-03 16:40:05,25644330193,[QUÀ TẶNG KHÔNG BÁN] Bông Tạo Bọt Kì Cọ Tẩy Da Chết Màu Ngẫu Nhiên,346005340612,Nhà cửa & Đời sống,Đồ dùng phòng tắm,Bông tắm,466255413326418_0_0,0,1,Siêu Thị Online Vương Cung,cungcung737,,122682417,,Chiến dịch mở rộng,0,0,Đơn hàng trực tiếp,0,0,8%,0,0%,0,0,0,,Shopeevideo-Shopee,0,,,
26062891T1AQVC,Hoàn thành,Hợp lệ,2026-06-28 08:59:45,2026-07-03 15:10:16,2026-07-03 15:10:16,24142870859,Sữa Tắm Thơm Lâu Le Petit Marseillais Gel 92% Thiên Nhiên Da Nhạy Cảm Nhiều Mùi Hương 650ml,350973489413,Sắc Đẹp,Tắm & chăm sóc cơ thể,Xà phòng & sữa tắm,466255413326418_0_0,400000,1,Vũ Ngọc Châm,ngoccham237,,112430963,,Chiến dịch mở rộng,300200,0,Đơn hàng gián tiếp,13509,13509,"4,5%",0,0%,40527,40527,0,,Facebook,14590,Đã khấu trừ,Khấu trừ theo đơn hàng,2026-07-03 15:10:46
26062891T1AQVC,Hoàn thành,Hợp lệ,2026-06-28 08:59:45,2026-07-03 15:10:16,2026-07-03 15:10:16,25644330193,[QUÀ TẶNG KHÔNG BÁN] Bông Tạo Bọt Kì Cọ Tẩy Da Chết Màu Ngẫu Nhiên,346005340612,Nhà cửa & Đời sống,Đồ dùng phòng tắm,Bông tắm,466255413326418_0_0,0,1,Vũ Ngọc Châm,ngoccham237,,122682417,,Chiến dịch mở rộng,0,0,Đơn hàng gián tiếp,0,0,4%,0,0%,0,0,0,,Facebook,0,,,
26062891T1AQVC,Hoàn thành,Hợp lệ,2026-06-28 08:59:45,2026-07-03 15:10:16,2026-07-03 15:10:16,24142870859,Sữa Tắm Thơm Lâu Le Petit Marseillais Gel 92% Thiên Nhiên Da Nhạy Cảm Nhiều Mùi Hương 650ml,350973489405,Sắc Đẹp,Tắm & chăm sóc cơ thể,Xà phòng & sữa tắm,466255413326418_0_0,400000,1,Vũ Ngọc Châm,ngoccham237,,112430963,,Chiến dịch mở rộng,300200,0,Đơn hàng gián tiếp,13509,13509,"4,5%",0,0%,0,0,0,,Facebook,14590,Đã khấu trừ,Khấu trừ theo đơn hàng,2026-07-03 15:10:46
26062891T1AQVC,Hoàn thành,Hợp lệ,2026-06-28 08:59:45,2026-07-03 15:10:16,2026-07-03 15:10:16,24142870859,Sữa Tắm Thơm Lâu Le Petit Marseillais Gel 92% Thiên Nhiên Da Nhạy Cảm Nhiều Mùi Hương 650ml,350973489407,Sắc Đẹp,Tắm & chăm sóc cơ thể,Xà phòng & sữa tắm,466255413326418_0_0,400000,1,Vũ Ngọc Châm,ngoccham237,,112430963,,Chiến dịch mở rộng,300200,0,Đơn hàng gián tiếp,13509,13509,"4,5%",0,0%,0,0,0,,Facebook,14590,Đã khấu trừ,Khấu trừ theo đơn hàng,2026-07-03 15:10:46
2606289033S79M,Hoàn thành,Hợp lệ,2026-06-28 08:29:02,2026-07-01 08:14:20,2026-07-01 08:14:20,25644330193,[QUÀ TẶNG KHÔNG BÁN] Bông Tạo Bọt Kì Cọ Tẩy Da Chết Màu Ngẫu Nhiên,346005340612,Nhà cửa & Đời sống,Đồ dùng phòng tắm,Bông tắm,466255413326418_0_0,0,1,LIYE STORE,liyehn,,122682417,,Chiến dịch mở rộng,0,0,Đơn hàng gián tiếp,0,0,4%,0,0%,13770,13770,0,,Facebook,0,,,
2606289033S79M,Hoàn thành,Hợp lệ,2026-06-28 08:29:02,2026-07-01 08:14:20,2026-07-01 08:14:20,25692866155,Sữa Tắm Nam 4 in 1 92% Thiên Nhiên Le Petit Marseillais Nhiều Mùi Hương 250ml,345969754133,Sắc Đẹp,Chăm sóc nam giới,Sữa tắm & chăm sóc cơ thể,466255413326418_0_0,210000,1,LIYE STORE,liyehn,,112434462,,Chiến dịch mở rộng,162000,0,Đơn hàng gián tiếp,6480,6480,4%,0,0%,0,0,0,,Facebook,6998,Đã khấu trừ,Khấu trừ theo đơn hàng,2026-07-01 08:14:48
2606289033S79M,Hoàn thành,Hợp lệ,2026-06-28 08:29:02,2026-07-01 08:14:20,2026-07-01 08:14:20,29480146096,Sữa Tắm Thiên Nhiên 92% Le Petit Marseillais Nhiều Mùi Hương 250ml,315970228701,Sắc Đẹp,Tắm & chăm sóc cơ thể,Xà phòng & sữa tắm,466255413326418_0_0,210000,1,LIYE STORE,liyehn,,112409565,,Chiến dịch mở rộng,162000,0,Đơn hàng gián tiếp,7290,7290,"4,5%",0,0%,0,0,0,,Facebook,7873,Đã khấu trừ,Khấu trừ theo đơn hàng,2026-07-01 08:14:48
2606288YTMW6JM,Hoàn thành,Hợp lệ,2026-06-28 08:24:18,2026-07-01 12:59:50,2026-07-01 12:59:50,24142870859,Sữa Tắm Thơm Lâu Le Petit Marseillais Gel 92% Thiên Nhiên Da Nhạy Cảm Nhiều Mùi Hương 650ml,350973489412,Sắc Đẹp,Tắm & chăm sóc cơ thể,Xà phòng & sữa tắm,466255413326418_0_0,400000,1,CASE,ngahoang2606,,112430963,,Chiến dịch mở rộng,249796,0,Đơn hàng trực tiếp,22481.64,22481.64,9%,0,0%,22481.64,22481.64,0,,Websites,24280,Đã khấu trừ,Khấu trừ theo đơn hàng,2026-07-01 13:00:18
2606288YTMW6JM,Hoàn thành,Hợp lệ,2026-06-28 08:24:18,2026-07-01 12:59:50,2026-07-01 12:59:50,25644330193,[QUÀ TẶNG KHÔNG BÁN] Bông Tạo Bọt Kì Cọ Tẩy Da Chết Màu Ngẫu Nhiên,346005340612,Nhà cửa & Đời sống,Đồ dùng phòng tắm,Bông tắm,466255413326418_0_0,0,1,CASE,ngahoang2606,,122682417,,Chiến dịch mở rộng,0,0,Đơn hàng trực tiếp,0,0,8%,0,0%,0,0,0,,Websites,0,,,
2606288M28XB2X,Hoàn thành,Hợp lệ,2026-06-28 04:53:49,2026-07-01 06:57:32,2026-07-01 06:57:32,27730151664,Sữa Tắm Dưỡng Ẩm 98% Thiên Nhiên Le Petit Marseillais Hữu Cơ Nhiều Mùi Hương Thơm 400ml,365969915567,Sắc Đẹp,Tắm & chăm sóc cơ thể,Xà phòng & sữa tắm,,340000,1,YouTube Shopping,youtube_shopping_vn,,112426971,,Chiến dịch mở rộng,209748,0,Đơn hàng gián tiếp,9438.66,9438.66,"4,5%",0,0%,9438.66,9438.66,0,,YouTube,10194,Đã khấu trừ,Khấu trừ theo đơn hàng,2026-07-01 06:57:58
2606288JTAYUE7,Hoàn thành,Hợp lệ,2026-06-28 04:31:30,2026-07-03 16:47:30,2026-07-03 16:47:30,24142870859,Sữa Tắm Thơm Lâu Le Petit Marseillais Gel 92% Thiên Nhiên Da Nhạy Cảm Nhiều Mùi Hương 650ml,350973489405,Sắc Đẹp,Tắm & chăm sóc cơ thể,Xà phòng & sữa tắm,466255413326418_0_0,400000,1,phap,thegioiden888,,112430963,,Chiến dịch mở rộng,308000,0,Đơn hàng gián tiếp,13860,13860,"4,5%",0,0%,13860,13860,0,,Facebook,14969,Đã khấu trừ,Khấu trừ theo đơn hàng,2026-07-03 16:47:56
2606288JTAYUE7,Hoàn thành,Hợp lệ,2026-06-28 04:31:30,2026-07-03 16:47:30,2026-07-03 16:47:30,25644330193,[QUÀ TẶNG KHÔNG BÁN] Bông Tạo Bọt Kì Cọ Tẩy Da Chết Màu Ngẫu Nhiên,346005340612,Nhà cửa & Đời sống,Đồ dùng phòng tắm,Bông tắm,466255413326418_0_0,0,1,phap,thegioiden888,,122682417,,Chiến dịch mở rộng,0,0,Đơn hàng gián tiếp,0,0,4%,0,0%,0,0,0,,Facebook,0,,,
2606288BY3TGNH,Hoàn thành,Hợp lệ,2026-06-28 02:28:53,2026-07-03 12:23:54,2026-07-03 12:23:54,25644330193,[QUÀ TẶNG KHÔNG BÁN] Bông Tạo Bọt Kì Cọ Tẩy Da Chết Màu Ngẫu Nhiên,346005340612,Nhà cửa & Đời sống,Đồ dùng phòng tắm,Bông tắm,466255413326418_0_0,0,1,Phương,paulxink,,122682417,,Chiến dịch mở rộng,0,0,Đơn hàng gián tiếp,0,0,4%,0,0%,6371.8,6371.8,0,,Facebook,0,,,
2606288BY3TGNH,Hoàn thành,Hợp lệ,2026-06-28 02:28:53,2026-07-03 12:23:54,2026-07-03 12:23:54,25692866155,Sữa Tắm Nam 4 in 1 92% Thiên Nhiên Le Petit Marseillais Nhiều Mùi Hương 250ml,345969754133,Sắc Đẹp,Chăm sóc nam giới,Sữa tắm & chăm sóc cơ thể,466255413326418_0_0,210000,1,Phương,paulxink,,112434462,,Chiến dịch mở rộng,159295,0,Đơn hàng gián tiếp,6371.8,6371.8,4%,0,0%,0,0,0,,Facebook,6882,Đã khấu trừ,Khấu trừ theo đơn hàng,2026-07-03 12:24:24
26062885WT9R2D,Hoàn thành,Hợp lệ,2026-06-28 00:40:48,2026-06-30 22:47:11,2026-06-30 22:47:11,24142870859,Sữa Tắm Thơm Lâu Le Petit Marseillais Gel 92% Thiên Nhiên Da Nhạy Cảm Nhiều Mùi Hương 650ml,350973489406,Sắc Đẹp,Tắm & chăm sóc cơ thể,Xà phòng & sữa tắm,466255413326418_0_0,400000,1,Hương Hương nè ᥫ᭡,huonghuongne185,,112430963,,Chiến dịch mở rộng,243551,0,Đơn hàng trực tiếp,21919.59,21919.59,9%,0,0%,21919.59,21919.59,0,,Shopeevideo-Shopee,23673,Đã khấu trừ,Khấu trừ theo đơn hàng,2026-06-30 22:47:38
26062885WT9R2D,Hoàn thành,Hợp lệ,2026-06-28 00:40:48,2026-06-30 22:47:11,2026-06-30 22:47:11,25644330193,[QUÀ TẶNG KHÔNG BÁN] Bông Tạo Bọt Kì Cọ Tẩy Da Chết Màu Ngẫu Nhiên,346005340612,Nhà cửa & Đời sống,Đồ dùng phòng tắm,Bông tắm,466255413326418_0_0,0,1,Hương Hương nè ᥫ᭡,huonghuongne185,,122682417,,Chiến dịch mở rộng,0,0,Đơn hàng trực tiếp,0,0,8%,0,0%,0,0,0,,Shopeevideo-Shopee,0,,,
26062884054RTP,Hoàn thành,Hợp lệ,2026-06-28 00:06:19,2026-07-01 19:50:02,2026-07-01 19:50:02,25644330193,[QUÀ TẶNG KHÔNG BÁN] Bông Tạo Bọt Kì Cọ Tẩy Da Chết Màu Ngẫu Nhiên,346005340612,Nhà cửa & Đời sống,Đồ dùng phòng tắm,Bông tắm,466255413326418_0_0,0,1,Em Tên Tùng,vinhvideo999,,122682417,,Chiến dịch mở rộng,0,0,Đơn hàng trực tiếp,0,0,8%,0,0%,13028.8,13028.8,0,,Shopeevideo-Shopee,0,,,
26062884054RTP,Hoàn thành,Hợp lệ,2026-06-28 00:06:19,2026-07-01 19:50:02,2026-07-01 19:50:02,27679422917,Sữa Tắm Nam 4 in 1 92% Thiên Nhiên Le Petit Marseillais Chiết Xuất Gỗ Cam Đắng & Argan 250ml 1431,355969731723,Sắc Đẹp,Chăm sóc nam giới,Sữa tắm & chăm sóc cơ thể,466255413326418_0_0,210000,1,Em Tên Tùng,vinhvideo999,,110661763,,Chiến dịch mở rộng,162860,0,Đơn hàng trực tiếp,13028.8,13028.8,8%,0,0%,0,0,0,,Shopeevideo-Shopee,14071,Đã khấu trừ,Khấu trừ theo đơn hàng,2026-07-01 19:50:29
26062883S6WH7K,Hoàn thành,Hợp lệ,2026-06-28 00:02:25,2026-07-04 11:38:21,2026-07-04 11:38:21,25644330193,[QUÀ TẶNG KHÔNG BÁN] Bông Tạo Bọt Kì Cọ Tẩy Da Chết Màu Ngẫu Nhiên,346005340612,Nhà cửa & Đời sống,Đồ dùng phòng tắm,Bông tắm,466255413326418_0_0,0,1,Quỳnh Đặng,rainie_star1210,,122682417,,Chiến dịch mở rộng,0,0,Đơn hàng gián tiếp,0,0,4%,0,0%,7333.2,7333.2,0,,Others,0,,,
26062883S6WH7K,Hoàn thành,Hợp lệ,2026-06-28 00:02:25,2026-07-04 11:38:21,2026-07-04 11:38:21,29480146096,Sữa Tắm Thiên Nhiên 92% Le Petit Marseillais Nhiều Mùi Hương 250ml,315970228700,Sắc Đẹp,Tắm & chăm sóc cơ thể,Xà phòng & sữa tắm,466255413326418_0_0,210000,1,Quỳnh Đặng,rainie_star1210,,112409565,,Chiến dịch mở rộng,162960,0,Đơn hàng gián tiếp,7333.2,7333.2,"4,5%",0,0%,0,0,0,,Others,7920,Đã khấu trừ,Khấu trừ theo đơn hàng,2026-07-04 11:38:49
26062883MBG3PJ,Hoàn thành,Hợp lệ,2026-06-27 23:59:42,2026-07-02 02:13:27,2026-07-02 02:13:27,25644330193,[QUÀ TẶNG KHÔNG BÁN] Bông Tạo Bọt Kì Cọ Tẩy Da Chết Màu Ngẫu Nhiên,346005340612,Nhà cửa & Đời sống,Đồ dùng phòng tắm,Bông tắm,466255413326418_0_0,0,1,huy,a0_70x_844,Passio,122682417,,Chiến dịch mở rộng,0,0,Đơn hàng gián tiếp,0,0,4%,0,0%,12027.465,12027.465,0,,Facebook,0,,,
26062883MBG3PJ,Hoàn thành,Hợp lệ,2026-06-27 23:59:42,2026-07-02 02:13:27,2026-07-02 02:13:27,29778424340,Gel Tắm 92% Thiên Nhiên Le Petit Marseillais Dịu Nhẹ Cam Hữu Cơ & Bưởi Hữu Cơ 650ml 1868,345969840924,Sắc Đẹp,Tắm & chăm sóc cơ thể,Xà phòng & sữa tắm,466255413326418_0_0,400000,1,huy,a0_70x_844,Passio,109863134,,Chiến dịch mở rộng,267277,0,Đơn hàng gián tiếp,12027.465,12027.465,"4,5%",0,0%,0,0,0,,Facebook,12990,Đã khấu trừ,Khấu trừ theo đơn hàng,2026-07-02 02:13:54
26062881M0GFMA,Hoàn thành,Hợp lệ,2026-06-27 23:23:44,2026-07-04 12:15:18,2026-07-04 12:15:18,24142870859,Sữa Tắm Thơm Lâu Le Petit Marseillais Gel 92% Thiên Nhiên Da Nhạy Cảm Nhiều Mùi Hương 650ml,350973489402,Sắc Đẹp,Tắm & chăm sóc cơ thể,Xà phòng & sữa tắm,466255413326418_0_0,400000,1,Ngoc Diep,daongocdiep2903,,112430963,,Chiến dịch mở rộng,292600,0,Đơn hàng gián tiếp,13167,13167,"4,5%",0,0%,13167,13167,0,,Facebook,14220,Đã khấu trừ,Khấu trừ theo đơn hàng,2026-07-04 12:15:45
26062881M0GFMA,Hoàn thành,Hợp lệ,2026-06-27 23:23:44,2026-07-04 12:15:18,2026-07-04 12:15:18,25644330193,[QUÀ TẶNG KHÔNG BÁN] Bông Tạo Bọt Kì Cọ Tẩy Da Chết Màu Ngẫu Nhiên,346005340612,Nhà cửa & Đời sống,Đồ dùng phòng tắm,Bông tắm,466255413326418_0_0,0,1,Ngoc Diep,daongocdiep2903,,122682417,,Chiến dịch mở rộng,0,0,Đơn hàng gián tiếp,0,0,4%,0,0%,0,0,0,,Facebook,0,,,
260628812921G9,Hoàn thành,Hợp lệ,2026-06-27 23:13:48,2026-07-03 11:45:19,2026-07-03 11:45:19,25644330193,[QUÀ TẶNG KHÔNG BÁN] Bông Tạo Bọt Kì Cọ Tẩy Da Chết Màu Ngẫu Nhiên,346005340612,Nhà cửa & Đời sống,Đồ dùng phòng tắm,Bông tắm,466255413326418_0_0,0,1,ta tung,tatung1909,,122682417,,Chiến dịch mở rộng,0,0,Đơn hàng gián tiếp,0,0,4%,0,0%,7149.87,7149.87,0,,Facebook,0,,,
260628812921G9,Hoàn thành,Hợp lệ,2026-06-27 23:13:48,2026-07-03 11:45:19,2026-07-03 11:45:19,29480146096,Sữa Tắm Thiên Nhiên 92% Le Petit Marseillais Nhiều Mùi Hương 250ml,315970228701,Sắc Đẹp,Tắm & chăm sóc cơ thể,Xà phòng & sữa tắm,466255413326418_0_0,210000,1,ta tung,tatung1909,,112409565,,Chiến dịch mở rộng,158886,0,Đơn hàng gián tiếp,7149.87,7149.87,"4,5%",0,0%,0,0,0,,Facebook,7722,Đã khấu trừ,Khấu trừ theo đơn hàng,2026-07-03 11:45:46
2606277W4R5667,Hoàn thành,Hợp lệ,2026-06-27 22:03:37,2026-07-01 21:44:22,2026-07-01 21:44:22,29129848961,Sữa Dưỡng Thể 48h 95% Thiên Nhiên Le Petit Marseillais Dưỡng Ẩm Jojoba 250ml 5885,254244130364,Sắc Đẹp,Tắm & chăm sóc cơ thể,Kem & sữa dưỡng thể,466255413326418_0_0,410000,1,Lê Nhung,nhung127._lee,,111586421,,Chiến dịch mở rộng,323900,0,Đơn hàng gián tiếp,14575.5,14575.5,"4,5%",0,0%,14575.5,14575.5,0,,Facebook,15742,Đã khấu trừ,Khấu trừ theo đơn hàng,2026-07-01 21:44:49
2606277W4R5667,Hoàn thành,Hợp lệ,2026-06-27 22:03:37,2026-07-01 21:44:22,2026-07-01 21:44:22,25644330193,[QUÀ TẶNG KHÔNG BÁN] Bông Tạo Bọt Kì Cọ Tẩy Da Chết Màu Ngẫu Nhiên,346005340612,Nhà cửa & Đời sống,Đồ dùng phòng tắm,Bông tắm,466255413326418_0_0,0,1,Lê Nhung,nhung127._lee,,122682417,,Chiến dịch mở rộng,0,0,Đơn hàng gián tiếp,0,0,4%,0,0%,0,0,0,,Facebook,0,,,
2606277VD2WB89,Hoàn thành,Hợp lệ,2026-06-27 21:50:23,2026-07-05 12:45:46,2026-07-05 12:45:46,25644330193,[QUÀ TẶNG KHÔNG BÁN] Bông Tạo Bọt Kì Cọ Tẩy Da Chết Màu Ngẫu Nhiên,346005340612,Nhà cửa & Đời sống,Đồ dùng phòng tắm,Bông tắm,466255413326418_0_0,0,1,CreatorX Media Network,creatorxmedianetwork,,122682417,,Chiến dịch mở rộng,0,0,Đơn hàng gián tiếp,0,0,4%,0,0%,5510.48,5510.48,0,,TikTok,0,,,
2606277VD2WB89,Hoàn thành,Hợp lệ,2026-06-27 21:50:23,2026-07-05 12:45:46,2026-07-05 12:45:46,25992270714,Sữa Tắm 92% Thiên Nhiên Le Petit Marseillais Dịu Nhẹ Sữa Vani Hữu Cơ 250ml 0526,282645378530,Sắc Đẹp,Tắm & chăm sóc cơ thể,Xà phòng & sữa tắm,466255413326418_0_0,210000,1,CreatorX Media Network,creatorxmedianetwork,,109863143,,Chiến dịch mở rộng,137762,0,Đơn hàng gián tiếp,5510.48,5510.48,4%,0,0%,0,0,0,,TikTok,5951,Đã khấu trừ,Khấu trừ theo đơn hàng,2026-07-05 12:46:17
2606277TC3X1U6,Hủy bỏ,Hợp lệ,2026-06-27 21:14:03,,,24142870859,Sữa Tắm Thơm Lâu Le Petit Marseillais Gel 92% Thiên Nhiên Da Nhạy Cảm Nhiều Mùi Hương 650ml,350973489410,Sắc Đẹp,Tắm & chăm sóc cơ thể,Xà phòng & sữa tắm,466255413326418_0_0,400000,0,Hương Hương nè ᥫ᭡,huonghuongne185,,112430963,,Chiến dịch mở rộng,0,252918,Đơn hàng trực tiếp,0,0,9%,0,0%,0,0,0,Đơn hàng không hợp lệ,Shopeevideo-Shopee,0,,,
2606277TC3X1U6,Hủy bỏ,Hợp lệ,2026-06-27 21:14:03,,,25644330193,[QUÀ TẶNG KHÔNG BÁN] Bông Tạo Bọt Kì Cọ Tẩy Da Chết Màu Ngẫu Nhiên,346005340612,Nhà cửa & Đời sống,Đồ dùng phòng tắm,Bông tắm,466255413326418_0_0,0,0,Hương Hương nè ᥫ᭡,huonghuongne185,,122682417,,Chiến dịch mở rộng,0,0,Đơn hàng trực tiếp,0,0,8%,0,0%,0,0,0,Đơn hàng không hợp lệ,Shopeevideo-Shopee,0,,,
2606277QB0VT7X,Hoàn thành,Hợp lệ,2026-06-27 20:19:45,2026-07-02 09:08:33,2026-07-02 09:08:33,24142870859,Sữa Tắm Thơm Lâu Le Petit Marseillais Gel 92% Thiên Nhiên Da Nhạy Cảm Nhiều Mùi Hương 650ml,350973489412,Sắc Đẹp,Tắm & chăm sóc cơ thể,Xà phòng & sữa tắm,466255413326418_0_0,400000,1,Bảo My,tangmyhan,,112430963,,Chiến dịch mở rộng,238000,0,Đơn hàng gián tiếp,10710,10710,"4,5%",0,0%,10710,10710,0,,Instagram,11567,Đã khấu trừ,Khấu trừ theo đơn hàng,2026-07-02 09:09:00
2606277QB0VT7X,Hoàn thành,Hợp lệ,2026-06-27 20:19:45,2026-07-02 09:08:33,2026-07-02 09:08:33,25644330193,[QUÀ TẶNG KHÔNG BÁN] Bông Tạo Bọt Kì Cọ Tẩy Da Chết Màu Ngẫu Nhiên,346005340612,Nhà cửa & Đời sống,Đồ dùng phòng tắm,Bông tắm,466255413326418_0_0,0,1,Bảo My,tangmyhan,,122682417,,Chiến dịch mở rộng,0,0,Đơn hàng gián tiếp,0,0,4%,0,0%,0,0,0,,Instagram,0,,,
2606277Q9TPBAN,Hoàn thành,Hợp lệ,2026-06-27 20:19:04,2026-07-02 08:51:22,2026-07-02 08:51:22,24142870859,Sữa Tắm Thơm Lâu Le Petit Marseillais Gel 92% Thiên Nhiên Da Nhạy Cảm Nhiều Mùi Hương 650ml,350973489407,Sắc Đẹp,Tắm & chăm sóc cơ thể,Xà phòng & sữa tắm,466255413326418_0_0,400000,1,Hà Cúc,ha.cuc.50,,112430963,,Chiến dịch mở rộng,265408,0,Đơn hàng gián tiếp,11943.36,11943.36,"4,5%",0,0%,11943.36,11943.36,0,,Facebook,12899,Đã khấu trừ,Khấu trừ theo đơn hàng,2026-07-02 08:51:48
2606277Q9TPBAN,Hoàn thành,Hợp lệ,2026-06-27 20:19:04,2026-07-02 08:51:22,2026-07-02 08:51:22,25644330193,[QUÀ TẶNG KHÔNG BÁN] Bông Tạo Bọt Kì Cọ Tẩy Da Chết Màu Ngẫu Nhiên,346005340612,Nhà cửa & Đời sống,Đồ dùng phòng tắm,Bông tắm,466255413326418_0_0,0,1,Hà Cúc,ha.cuc.50,,122682417,,Chiến dịch mở rộng,0,0,Đơn hàng gián tiếp,0,0,4%,0,0%,0,0,0,,Facebook,0,,,
2606277Q7AKP8P,Hoàn thành,Hợp lệ,2026-06-27 20:17:40,2026-07-03 11:26:58,2026-07-03 11:26:58,24142870859,Sữa Tắm Thơm Lâu Le Petit Marseillais Gel 92% Thiên Nhiên Da Nhạy Cảm Nhiều Mùi Hương 650ml,350973489412,Sắc Đẹp,Tắm & chăm sóc cơ thể,Xà phòng & sữa tắm,466255413326418_0_0,400000,1,ZENMIND MCN,thaonguyentm,,112430963,,Chiến dịch mở rộng,218400,0,Đơn hàng gián tiếp,9828,9828,"4,5%",0,0%,9828,9828,0,,Facebook,10614,Đã khấu trừ,Khấu trừ theo đơn hàng,2026-07-03 11:27:26
2606277Q7AKP8P,Hoàn thành,Hợp lệ,2026-06-27 20:17:40,2026-07-03 11:26:58,2026-07-03 11:26:58,25644330193,[QUÀ TẶNG KHÔNG BÁN] Bông Tạo Bọt Kì Cọ Tẩy Da Chết Màu Ngẫu Nhiên,346005340612,Nhà cửa & Đời sống,Đồ dùng phòng tắm,Bông tắm,466255413326418_0_0,0,1,ZENMIND MCN,thaonguyentm,,122682417,,Chiến dịch mở rộng,0,0,Đơn hàng gián tiếp,0,0,4%,0,0%,0,0,0,,Facebook,0,,,
2606277P3UQ2XW,Hoàn thành,Hợp lệ,2026-06-27 19:57:50,2026-06-30 21:38:13,2026-06-30 21:38:13,25644330193,[QUÀ TẶNG KHÔNG BÁN] Bông Tạo Bọt Kì Cọ Tẩy Da Chết Màu Ngẫu Nhiên,346005340612,Nhà cửa & Đời sống,Đồ dùng phòng tắm,Bông tắm,466255413326418_0_0,0,1,Quang,nghue1006,,122682417,,Chiến dịch mở rộng,0,0,Đơn hàng gián tiếp,0,0,4%,0,0%,12027.465,12027.465,0,,Facebook,0,,,
2606277P3UQ2XW,Hoàn thành,Hợp lệ,2026-06-27 19:57:50,2026-06-30 21:38:13,2026-06-30 21:38:13,29778424340,Gel Tắm 92% Thiên Nhiên Le Petit Marseillais Dịu Nhẹ Cam Hữu Cơ & Bưởi Hữu Cơ 650ml 1868,345969840924,Sắc Đẹp,Tắm & chăm sóc cơ thể,Xà phòng & sữa tắm,466255413326418_0_0,400000,1,Quang,nghue1006,,109863134,,Chiến dịch mở rộng,267277,0,Đơn hàng gián tiếp,12027.465,12027.465,"4,5%",0,0%,0,0,0,,Facebook,12990,Đã khấu trừ,Khấu trừ theo đơn hàng,2026-06-30 21:38:40
2606277N7SDBNK,Hoàn thành,Hợp lệ,2026-06-27 19:42:07,2026-06-30 13:53:38,2026-06-30 13:53:38,28379882165,Mặt Nạ Dưỡng Tóc 4in1 96% Thiên Nhiên Le Petit Marseillais Chiết Xuất Dừa Hữu Cơ 300ml 5209,350970222410,Sắc Đẹp,Chăm sóc tóc,Sản phẩm dưỡng tóc,466255413326418_0_0,500000,1,dingudi_0.0,klinhnguyen1912,,111647800,,Chiến dịch mở rộng,324193,0,Đơn hàng gián tiếp,12967.72,12967.72,4%,0,0%,12967.72,12967.72,0,,Websites,14005,Đã khấu trừ,Khấu trừ theo đơn hàng,2026-06-30 17:24:14
2606277N7SDBNK,Hoàn thành,Hợp lệ,2026-06-27 19:42:07,2026-06-30 13:53:38,2026-06-30 13:53:38,25644330193,[QUÀ TẶNG KHÔNG BÁN] Bông Tạo Bọt Kì Cọ Tẩy Da Chết Màu Ngẫu Nhiên,346005340612,Nhà cửa & Đời sống,Đồ dùng phòng tắm,Bông tắm,466255413326418_0_0,0,1,dingudi_0.0,klinhnguyen1912,,122682417,,Chiến dịch mở rộng,0,0,Đơn hàng gián tiếp,0,0,4%,0,0%,0,0,0,,Websites,0,,,
2606277JE1V15B,Hoàn thành,Hợp lệ,2026-06-27 18:51:57,2026-07-03 22:06:43,2026-07-03 22:06:43,25644330193,[QUÀ TẶNG KHÔNG BÁN] Bông Tạo Bọt Kì Cọ Tẩy Da Chết Màu Ngẫu Nhiên,346005340612,Nhà cửa & Đời sống,Đồ dùng phòng tắm,Bông tắm,466255413326418_0_0,0,1,aura.room,_ng.tuongvan_,,122682417,,Chiến dịch mở rộng,0,0,Đơn hàng trực tiếp,0,0,8%,0,0%,14666.4,14666.4,0,,Shopeevideo-Shopee,0,,,
2606277JE1V15B,Hoàn thành,Hợp lệ,2026-06-27 18:51:57,2026-07-03 22:06:43,2026-07-03 22:06:43,29480146096,Sữa Tắm Thiên Nhiên 92% Le Petit Marseillais Nhiều Mùi Hương 250ml,310970228929,Sắc Đẹp,Tắm & chăm sóc cơ thể,Xà phòng & sữa tắm,466255413326418_0_0,210000,1,aura.room,_ng.tuongvan_,,112409565,,Chiến dịch mở rộng,162960,0,Đơn hàng trực tiếp,14666.4,14666.4,9%,0,0%,0,0,0,,Shopeevideo-Shopee,15840,Đã khấu trừ,Khấu trừ theo đơn hàng,2026-07-03 22:07:10
2606277JATUW62,Hoàn thành,Hợp lệ,2026-06-27 18:50:09,2026-06-30 19:20:57,2026-06-30 19:20:57,25644330193,[QUÀ TẶNG KHÔNG BÁN] Bông Tạo Bọt Kì Cọ Tẩy Da Chết Màu Ngẫu Nhiên,346005340612,Nhà cửa & Đời sống,Đồ dùng phòng tắm,Bông tắm,466255413326418_0_0,0,1,Hạ Thi closets,son1297,,122682417,,Chiến dịch mở rộng,0,0,Đơn hàng gián tiếp,0,0,4%,0,0%,8066.52,8066.52,0,,Facebook,0,,,
2606277JATUW62,Hoàn thành,Hợp lệ,2026-06-27 18:50:09,2026-06-30 19:20:57,2026-06-30 19:20:57,29480146096,Sữa Tắm Thiên Nhiên 92% Le Petit Marseillais Nhiều Mùi Hương 250ml,315970228696,Sắc Đẹp,Tắm & chăm sóc cơ thể,Xà phòng & sữa tắm,466255413326418_0_0,210000,1,Hạ Thi closets,son1297,,112409565,,Chiến dịch mở rộng,179256,0,Đơn hàng gián tiếp,8066.52,8066.52,"4,5%",0,0%,0,0,0,,Facebook,8712,Đã khấu trừ,Khấu trừ theo đơn hàng,2026-06-30 19:21:24
2606277FXT1VJA,Hoàn thành,Hợp lệ,2026-06-27 18:07:38,2026-07-01 19:03:00,2026-07-01 19:03:00,29480146096,Sữa Tắm Thiên Nhiên 92% Le Petit Marseillais Nhiều Mùi Hương 250ml,310970228927,Sắc Đẹp,Tắm & chăm sóc cơ thể,Xà phòng & sữa tắm,466255413326418_0_0,210000,1,reply 2000,my555,,112409565,,Chiến dịch mở rộng,164997,0,Đơn hàng gián tiếp,7424.865,7424.865,"4,5%",0,0%,7424.865,7424.865,0,,Facebook,8019,Đã khấu trừ,Khấu trừ theo đơn hàng,2026-07-01 19:03:26
2606277FXT1VJA,Hoàn thành,Hợp lệ,2026-06-27 18:07:38,2026-07-01 19:03:00,2026-07-01 19:03:00,25644330193,[QUÀ TẶNG KHÔNG BÁN] Bông Tạo Bọt Kì Cọ Tẩy Da Chết Màu Ngẫu Nhiên,346005340612,Nhà cửa & Đời sống,Đồ dùng phòng tắm,Bông tắm,466255413326418_0_0,0,1,reply 2000,my555,,122682417,,Chiến dịch mở rộng,0,0,Đơn hàng gián tiếp,0,0,4%,0,0%,0,0,0,,Facebook,0,,,
2606277FJTM9BS,Hoàn thành,Hợp lệ,2026-06-27 18:00:57,2026-07-03 01:28:17,2026-07-03 01:28:17,25644330193,[QUÀ TẶNG KHÔNG BÁN] Bông Tạo Bọt Kì Cọ Tẩy Da Chết Màu Ngẫu Nhiên,346005340612,Nhà cửa & Đời sống,Đồ dùng phòng tắm,Bông tắm,466255413326418_0_0,0,1,ShopBack Việt Nam,shopbackvn_,,122682417,,Chiến dịch mở rộng,0,0,Đơn hàng trực tiếp,0,0,8%,0,0%,6556.8,6556.8,0,,Websites,0,,,
2606277FJTM9BS,Hoàn thành,Hợp lệ,2026-06-27 18:00:57,2026-07-03 01:28:17,2026-07-03 01:28:17,25692866155,Sữa Tắm Nam 4 in 1 92% Thiên Nhiên Le Petit Marseillais Nhiều Mùi Hương 250ml,345969754133,Sắc Đẹp,Chăm sóc nam giới,Sữa tắm & chăm sóc cơ thể,466255413326418_0_0,210000,1,ShopBack Việt Nam,shopbackvn_,,112434462,,Chiến dịch mở rộng,81960,0,Đơn hàng trực tiếp,6556.8,6556.8,8%,0,0%,0,0,0,,Websites,7081,Đã khấu trừ,Khấu trừ theo đơn hàng,2026-07-03 01:28:44
2606277FAVXYYC,Hoàn thành,Hợp lệ,2026-06-27 17:56:31,2026-07-02 14:39:10,2026-07-02 14:39:10,25644330193,[QUÀ TẶNG KHÔNG BÁN] Bông Tạo Bọt Kì Cọ Tẩy Da Chết Màu Ngẫu Nhiên,346005340612,Nhà cửa & Đời sống,Đồ dùng phòng tắm,Bông tắm,466255413326418_0_0,0,1,CreatorX Media Network,creatorxmedianetwork,,122682417,,Chiến dịch mở rộng,0,0,Đơn hàng gián tiếp,0,0,4%,0,0%,12499,12499,0,,Others,0,,,
2606277FAVXYYC,Hoàn thành,Hợp lệ,2026-06-27 17:56:31,2026-07-02 14:39:10,2026-07-02 14:39:10,28379882165,Mặt Nạ Dưỡng Tóc 4in1 96% Thiên Nhiên Le Petit Marseillais Chiết Xuất Dừa Hữu Cơ 300ml 5209,350970222410,Sắc Đẹp,Chăm sóc tóc,Sản phẩm dưỡng tóc,466255413326418_0_0,500000,1,CreatorX Media Network,creatorxmedianetwork,,111647800,,Chiến dịch mở rộng,312475,0,Đơn hàng gián tiếp,12499,12499,4%,0,0%,0,0,0,,Others,13499,Đã khấu trừ,Khấu trừ theo đơn hàng,2026-07-02 14:39:38
2606277CNES9DK,Hoàn thành,Hợp lệ,2026-06-27 17:08:43,2026-06-30 11:59:58,2026-06-30 11:59:58,24142870859,Sữa Tắm Thơm Lâu Le Petit Marseillais Gel 92% Thiên Nhiên Da Nhạy Cảm Nhiều Mùi Hương 650ml,350973489408,Sắc Đẹp,Tắm & chăm sóc cơ thể,Xà phòng & sữa tắm,466255413326418_0_0,400000,1,ShopBack Việt Nam,shopbackvn_,,112430963,,Chiến dịch mở rộng,292600,0,Đơn hàng trực tiếp,26334,26334,9%,0,0%,26334,26334,0,,Websites,28441,Đã khấu trừ,Khấu trừ theo đơn hàng,2026-06-30 12:00:26
2606277CNES9DK,Hoàn thành,Hợp lệ,2026-06-27 17:08:43,2026-06-30 11:59:58,2026-06-30 11:59:58,25644330193,[QUÀ TẶNG KHÔNG BÁN] Bông Tạo Bọt Kì Cọ Tẩy Da Chết Màu Ngẫu Nhiên,346005340612,Nhà cửa & Đời sống,Đồ dùng phòng tắm,Bông tắm,466255413326418_0_0,0,1,ShopBack Việt Nam,shopbackvn_,,122682417,,Chiến dịch mở rộng,0,0,Đơn hàng trực tiếp,0,0,8%,0,0%,0,0,0,,Websites,0,,,
2606277AX3U2QK,Hoàn thành,Hợp lệ,2026-06-27 16:37:46,2026-07-03 21:06:58,2026-07-03 21:06:58,25644330193,[QUÀ TẶNG KHÔNG BÁN] Bông Tạo Bọt Kì Cọ Tẩy Da Chết Màu Ngẫu Nhiên,346005340612,Nhà cửa & Đời sống,Đồ dùng phòng tắm,Bông tắm,466255413326418_0_0,0,1,Trang Dang,vizu5rcnnp,,122682417,,Chiến dịch mở rộng,0,0,Đơn hàng gián tiếp,0,0,4%,0,0%,54988.665,54988.665,0,,Facebook,0,,,
2606277AX3U2QK,Hoàn thành,Hợp lệ,2026-06-27 16:37:46,2026-07-03 21:06:58,2026-07-03 21:06:58,27586430985,Dầu Gội Trẻ Em 2in1 94% Thiên Nhiên Le Petit Marseillais Giúp Gỡ Rối Tóc Nhiều Mùi Hương 300ml,380970144965,Mẹ & Bé,Đồ dùng phòng tắm & Chăm sóc cơ thể bé,Sản phẩm tắm & gội cho bé,466255413326418_0_0,330000,1,Trang Dang,vizu5rcnnp,,128189901,,Chiến dịch mở rộng,264715,0,Đơn hàng gián tiếp,10588.6,10588.6,4%,0,0%,0,0,0,,Facebook,11436,Đã khấu trừ,Khấu trừ theo đơn hàng,2026-07-03 21:07:29
2606277AX3U2QK,Hoàn thành,Hợp lệ,2026-06-27 16:37:46,2026-07-03 21:06:58,2026-07-03 21:06:58,27742398068,Gel Rửa Tay Thiên Nhiên 92% Le Petit Marseillais Dịu Nhẹ Lành Tính Bảo Vệ Da Nhiều Mùi Hương 300ml,350970286543,Sắc Đẹp,"Chăm sóc tay, chân & móng",Chăm sóc tay,466255413326418_0_0,290000,1,Trang Dang,vizu5rcnnp,,176541211,,Chiến dịch mở rộng,232628,0,Đơn hàng gián tiếp,9305.12,9305.12,4%,0,0%,0,0,0,,Facebook,10050,Đã khấu trừ,Khấu trừ theo đơn hàng,2026-07-03 21:07:29
2606277AX3U2QK,Hoàn thành,Hợp lệ,2026-06-27 16:37:46,2026-07-03 21:06:58,2026-07-03 21:06:58,28379882165,Mặt Nạ Dưỡng Tóc 4in1 96% Thiên Nhiên Le Petit Marseillais Chiết Xuất Dừa Hữu Cơ 300ml 5209,350970222410,Sắc Đẹp,Chăm sóc tóc,Sản phẩm dưỡng tóc,466255413326418_0_0,500000,1,Trang Dang,vizu5rcnnp,,111647800,,Chiến dịch mở rộng,401083,0,Đơn hàng gián tiếp,16043.32,16043.32,4%,0,0%,0,0,0,,Facebook,17327,Đã khấu trừ,Khấu trừ theo đơn hàng,2026-07-03 21:07:29
2606277AX3U2QK,Hoàn thành,Hợp lệ,2026-06-27 16:37:46,2026-07-03 21:06:58,2026-07-03 21:06:58,28980146591,Gel Tắm Hữu Cơ BIO 98% Thiên Nhiên Le Petit Marseillais Nhiều Mùi Hương 250ml,315970996474,Sắc Đẹp,Tắm & chăm sóc cơ thể,Xà phòng & sữa tắm,466255413326418_0_0,270000,1,Trang Dang,vizu5rcnnp,,112420787,,Chiến dịch mở rộng,216589,0,Đơn hàng gián tiếp,9746.505,9746.505,"4,5%",0,0%,0,0,0,,Facebook,10526,Đã khấu trừ,Khấu trừ theo đơn hàng,2026-07-03 21:07:29
2606277AX3U2QK,Hoàn thành,Hợp lệ,2026-06-27 16:37:46,2026-07-03 21:06:58,2026-07-03 21:06:58,42572192167,Gel Rửa Tay Thiên Nhiên 92% Le Petit Marseillais Dịu Nhẹ Chiết Xuất Xà Phòng Nguyên Chất Và Dầu Ô Liu 300ml 0491,282645755509,Sắc Đẹp,"Chăm sóc tay, chân & móng",Chăm sóc tay,466255413326418_0_0,290000,1,Trang Dang,vizu5rcnnp,,176518800,,Chiến dịch mở rộng,232628,0,Đơn hàng gián tiếp,9305.12,9305.12,4%,0,0%,0,0,0,,Facebook,10050,Đã khấu trừ,Khấu trừ theo đơn hàng,2026-07-03 21:07:29
26062779BCN5S7,Hoàn thành,Hợp lệ,2026-06-27 16:09:24,2026-07-03 10:36:24,2026-07-03 10:36:24,25644330193,[QUÀ TẶNG KHÔNG BÁN] Bông Tạo Bọt Kì Cọ Tẩy Da Chết Màu Ngẫu Nhiên,346005340612,Nhà cửa & Đời sống,Đồ dùng phòng tắm,Bông tắm,466255413326418_0_0,0,1,Lê Phạm Minh Thông,lpmthong,,122682417,,Chiến dịch mở rộng,0,0,Đơn hàng gián tiếp,0,0,4%,0,0%,14630.625,14630.625,0,,Facebook,0,,,
26062779BCN5S7,Hoàn thành,Hợp lệ,2026-06-27 16:09:24,2026-07-03 10:36:24,2026-07-03 10:36:24,25692866155,Sữa Tắm Nam 4 in 1 92% Thiên Nhiên Le Petit Marseillais Nhiều Mùi Hương 250ml,345969754134,Sắc Đẹp,Chăm sóc nam giới,Sữa tắm & chăm sóc cơ thể,466255413326418_0_0,210000,1,Lê Phạm Minh Thông,lpmthong,,112434462,,Chiến dịch mở rộng,172125,0,Đơn hàng gián tiếp,6885,6885,4%,0,0%,0,0,0,,Facebook,7436,Đã khấu trừ,Khấu trừ theo đơn hàng,2026-07-03 10:36:51
26062779BCN5S7,Hoàn thành,Hợp lệ,2026-06-27 16:09:24,2026-07-03 10:36:24,2026-07-03 10:36:24,29480146096,Sữa Tắm Thiên Nhiên 92% Le Petit Marseillais Nhiều Mùi Hương 250ml,310970228927,Sắc Đẹp,Tắm & chăm sóc cơ thể,Xà phòng & sữa tắm,466255413326418_0_0,210000,1,Lê Phạm Minh Thông,lpmthong,,112409565,,Chiến dịch mở rộng,172125,0,Đơn hàng gián tiếp,7745.625,7745.625,"4,5%",0,0%,0,0,0,,Facebook,8365,Đã khấu trừ,Khấu trừ theo đơn hàng,2026-07-03 10:36:51
260627784PTEEA,Hoàn thành,Hợp lệ,2026-06-27 15:47:47,2026-06-29 11:21:57,2026-06-29 11:21:57,24142870859,Sữa Tắm Thơm Lâu Le Petit Marseillais Gel 92% Thiên Nhiên Da Nhạy Cảm Nhiều Mùi Hương 650ml,350973489402,Sắc Đẹp,Tắm & chăm sóc cơ thể,Xà phòng & sữa tắm,466255413326418_0_0,400000,1,HỒNG NHUNG,nguyenhongnhuna,,112430963,,Chiến dịch mở rộng,286302,0,Đơn hàng gián tiếp,12883.59,12883.59,"4,5%",0,0%,12883.59,12883.59,0,,Facebook,13914,Đã khấu trừ,Khấu trừ theo đơn hàng,2026-06-29 11:22:23
260627784PTEEA,Hoàn thành,Hợp lệ,2026-06-27 15:47:47,2026-06-29 11:21:57,2026-06-29 11:21:57,25644330193,[QUÀ TẶNG KHÔNG BÁN] Bông Tạo Bọt Kì Cọ Tẩy Da Chết Màu Ngẫu Nhiên,346005340612,Nhà cửa & Đời sống,Đồ dùng phòng tắm,Bông tắm,466255413326418_0_0,0,1,HỒNG NHUNG,nguyenhongnhuna,,122682417,,Chiến dịch mở rộng,0,0,Đơn hàng gián tiếp,0,0,4%,0,0%,0,0,0,,Facebook,0,,,
26062777N31PKY,Hoàn thành,Hợp lệ,2026-06-27 15:39:03,2026-06-30 19:17:59,2026-06-30 19:17:59,25644330193,[QUÀ TẶNG KHÔNG BÁN] Bông Tạo Bọt Kì Cọ Tẩy Da Chết Màu Ngẫu Nhiên,346005340612,Nhà cửa & Đời sống,Đồ dùng phòng tắm,Bông tắm,466255413326418_0_0,0,1,CreatorX Media Network,creatorxmedianetwork,,122682417,,Chiến dịch mở rộng,0,0,Đơn hàng gián tiếp,0,0,4%,0,0%,9438.66,9438.66,0,,Others,0,,,
26062777N31PKY,Hoàn thành,Hợp lệ,2026-06-27 15:39:03,2026-06-30 19:17:59,2026-06-30 19:17:59,27730151664,Sữa Tắm Dưỡng Ẩm 98% Thiên Nhiên Le Petit Marseillais Hữu Cơ Nhiều Mùi Hương Thơm 400ml,365969915564,Sắc Đẹp,Tắm & chăm sóc cơ thể,Xà phòng & sữa tắm,466255413326418_0_0,340000,1,CreatorX Media Network,creatorxmedianetwork,,112426971,,Chiến dịch mở rộng,209748,0,Đơn hàng gián tiếp,9438.66,9438.66,"4,5%",0,0%,0,0,0,,Others,10194,Đã khấu trừ,Khấu trừ theo đơn hàng,2026-06-30 19:18:25
26062776N8GUXG,Hoàn thành,Hợp lệ,2026-06-27 15:21:15,2026-07-01 14:30:46,2026-07-01 14:30:46,25644330193,[QUÀ TẶNG KHÔNG BÁN] Bông Tạo Bọt Kì Cọ Tẩy Da Chết Màu Ngẫu Nhiên,346005340612,Nhà cửa & Đời sống,Đồ dùng phòng tắm,Bông tắm,466255413326418_0_0,0,1,Tranhnguyenn,tranhnguyen677,,122682417,,Chiến dịch mở rộng,0,0,Đơn hàng gián tiếp,0,0,4%,0,0%,17158.5,17158.5,0,,Facebook,0,,,
26062776N8GUXG,Hoàn thành,Hợp lệ,2026-06-27 15:21:15,2026-07-01 14:30:46,2026-07-01 14:30:46,29480146096,Sữa Tắm Thiên Nhiên 92% Le Petit Marseillais Nhiều Mùi Hương 250ml,310970228930,Sắc Đẹp,Tắm & chăm sóc cơ thể,Xà phòng & sữa tắm,466255413326418_0_0,210000,1,Tranhnguyenn,tranhnguyen677,,112409565,,Chiến dịch mở rộng,166820,0,Đơn hàng gián tiếp,7506.9,7506.9,"4,5%",0,0%,0,0,0,,Facebook,8107,Đã khấu trừ,Khấu trừ theo đơn hàng,2026-07-01 14:31:13
26062776N8GUXG,Hoàn thành,Hợp lệ,2026-06-27 15:21:15,2026-07-01 14:30:46,2026-07-01 14:30:46,29680365284,Dầu Gội Thiên Nhiên Le Petit Marseillais Hữu Cơ Nhiều Mùi Hương 250ml,370971985647,Sắc Đẹp,Chăm sóc tóc,Dầu gội,466255413326418_0_0,270000,1,Tranhnguyenn,tranhnguyen677,,112920799,,Chiến dịch mở rộng,214480,0,Đơn hàng gián tiếp,9651.6,9651.6,"4,5%",0,0%,0,0,0,,Facebook,10424,Đã khấu trừ,Khấu trừ theo đơn hàng,2026-07-01 14:31:13
26062775HUJ8FJ,Hoàn thành,Hợp lệ,2026-06-27 15:01:26,2026-07-01 00:11:28,2026-07-01 00:11:28,25644330193,[QUÀ TẶNG KHÔNG BÁN] Bông Tạo Bọt Kì Cọ Tẩy Da Chết Màu Ngẫu Nhiên,346005340612,Nhà cửa & Đời sống,Đồ dùng phòng tắm,Bông tắm,466255413326418_0_0,0,1,Chuyên review sạch,hanhikieu1709,KakaOnline,122682417,,Chiến dịch mở rộng,0,0,Đơn hàng trực tiếp,0,0,8%,0,0%,12972.8,12972.8,0,,Shopeevideo-Shopee,0,,,
26062775HUJ8FJ,Hoàn thành,Hợp lệ,2026-06-27 15:01:26,2026-07-01 00:11:28,2026-07-01 00:11:28,25692866155,Sữa Tắm Nam 4 in 1 92% Thiên Nhiên Le Petit Marseillais Nhiều Mùi Hương 250ml,345969754134,Sắc Đẹp,Chăm sóc nam giới,Sữa tắm & chăm sóc cơ thể,466255413326418_0_0,210000,1,Chuyên review sạch,hanhikieu1709,KakaOnline,112434462,,Chiến dịch mở rộng,162160,0,Đơn hàng trực tiếp,12972.8,12972.8,8%,0,0%,0,0,0,,Shopeevideo-Shopee,14011,Đã khấu trừ,Khấu trừ theo đơn hàng,2026-07-01 01:00:48
26062773V178BC,Hoàn thành,Hợp lệ,2026-06-27 14:31:21,2026-07-02 11:30:34,2026-07-02 11:30:34,29480146096,Sữa Tắm Thiên Nhiên 92% Le Petit Marseillais Nhiều Mùi Hương 250ml,310970228927,Sắc Đẹp,Tắm & chăm sóc cơ thể,Xà phòng & sữa tắm,,210000,1,Đông Phong,babysi1902,,112409565,,Chiến dịch mở rộng,164997,0,Đơn hàng trực tiếp,14849.73,14849.73,9%,0,0%,14849.73,14849.73,0,,Code Sharing,16038,Đã khấu trừ,Khấu trừ theo đơn hàng,2026-07-02 11:31:01
26062770EBRDAE,Hoàn thành,Hợp lệ,2026-06-27 13:29:59,2026-07-01 11:49:04,2026-07-01 11:49:04,25644330193,[QUÀ TẶNG KHÔNG BÁN] Bông Tạo Bọt Kì Cọ Tẩy Da Chết Màu Ngẫu Nhiên,346005340612,Nhà cửa & Đời sống,Đồ dùng phòng tắm,Bông tắm,466255413326418_0_0,0,1,Lanh Chanh Review,ngvinh445,,122682417,,Chiến dịch mở rộng,0,0,Đơn hàng gián tiếp,0,0,4%,0,0%,7883.19,7883.19,0,,Websites,0,,,
26062770EBRDAE,Hoàn thành,Hợp lệ,2026-06-27 13:29:59,2026-07-01 11:49:04,2026-07-01 11:49:04,29480146096,Sữa Tắm Thiên Nhiên 92% Le Petit Marseillais Nhiều Mùi Hương 250ml,315970228700,Sắc Đẹp,Tắm & chăm sóc cơ thể,Xà phòng & sữa tắm,466255413326418_0_0,210000,1,Lanh Chanh Review,ngvinh445,,112409565,,Chiến dịch mở rộng,175182,0,Đơn hàng gián tiếp,7883.19,7883.19,"4,5%",0,0%,0,0,0,,Websites,8514,Đã khấu trừ,Khấu trừ theo đơn hàng,2026-07-01 11:49:32
2606276XMCT281,Hoàn thành,Hợp lệ,2026-06-27 12:57:35,2026-06-28 22:07:07,2026-06-28 22:07:07,27586430985,Dầu Gội Trẻ Em 2in1 94% Thiên Nhiên Le Petit Marseillais Giúp Gỡ Rối Tóc Nhiều Mùi Hương 300ml,380970144965,Mẹ & Bé,Đồ dùng phòng tắm & Chăm sóc cơ thể bé,Sản phẩm tắm & gội cho bé,466255413326418_0_0,330000,1,Đỗ Hoàng Oanh,hoangoanh.1990,,128189901,,Chiến dịch mở rộng,234259,0,Đơn hàng trực tiếp,18740.72,18740.72,8%,0,0%,37481.44,37481.44,0,,Facebook,20240,Đã khấu trừ,Khấu trừ theo đơn hàng,2026-06-28 22:07:34
2606276XMCT281,Hoàn thành,Hợp lệ,2026-06-27 12:57:35,2026-06-28 22:07:07,2026-06-28 22:07:07,25644330193,[QUÀ TẶNG KHÔNG BÁN] Bông Tạo Bọt Kì Cọ Tẩy Da Chết Màu Ngẫu Nhiên,346005340612,Nhà cửa & Đời sống,Đồ dùng phòng tắm,Bông tắm,466255413326418_0_0,0,1,Đỗ Hoàng Oanh,hoangoanh.1990,,122682417,,Chiến dịch mở rộng,0,0,Đơn hàng trực tiếp,0,0,8%,0,0%,0,0,0,,Facebook,0,,,
2606276XMCT281,Hoàn thành,Hợp lệ,2026-06-27 12:57:35,2026-06-28 22:07:07,2026-06-28 22:07:07,27586430985,Dầu Gội Trẻ Em 2in1 94% Thiên Nhiên Le Petit Marseillais Giúp Gỡ Rối Tóc Nhiều Mùi Hương 300ml,380970144964,Mẹ & Bé,Đồ dùng phòng tắm & Chăm sóc cơ thể bé,Sản phẩm tắm & gội cho bé,466255413326418_0_0,330000,1,Đỗ Hoàng Oanh,hoangoanh.1990,,128189901,,Chiến dịch mở rộng,234259,0,Đơn hàng trực tiếp,18740.72,18740.72,8%,0,0%,0,0,0,,Facebook,20240,Đã khấu trừ,Khấu trừ theo đơn hàng,2026-06-28 22:07:34
2606276XKF8RCR,Hoàn thành,Hợp lệ,2026-06-27 12:57:05,2026-07-01 13:11:33,2026-07-01 13:11:33,25644330193,[QUÀ TẶNG KHÔNG BÁN] Bông Tạo Bọt Kì Cọ Tẩy Da Chết Màu Ngẫu Nhiên,346005340612,Nhà cửa & Đời sống,Đồ dùng phòng tắm,Bông tắm,466255413326418_0_0,0,1,Opera,opera109,,122682417,,Chiến dịch mở rộng,0,0,Đơn hàng gián tiếp,0,0,4%,0,0%,8451,8451,0,,Others,0,,,
2606276XKF8RCR,Hoàn thành,Hợp lệ,2026-06-27 12:57:05,2026-07-01 13:11:33,2026-07-01 13:11:33,29480146096,Sữa Tắm Thiên Nhiên 92% Le Petit Marseillais Nhiều Mùi Hương 250ml,310970228927,Sắc Đẹp,Tắm & chăm sóc cơ thể,Xà phòng & sữa tắm,466255413326418_0_0,210000,1,Opera,opera109,,112409565,,Chiến dịch mở rộng,93900,0,Đơn hàng gián tiếp,4225.5,4225.5,"4,5%",0,0%,0,0,0,,Others,4564,Đã khấu trừ,Khấu trừ theo đơn hàng,2026-07-01 13:12:00
2606276XKF8RCR,Hoàn thành,Hợp lệ,2026-06-27 12:57:05,2026-07-01 13:11:33,2026-07-01 13:11:33,29480146096,Sữa Tắm Thiên Nhiên 92% Le Petit Marseillais Nhiều Mùi Hương 250ml,315970228698,Sắc Đẹp,Tắm & chăm sóc cơ thể,Xà phòng & sữa tắm,466255413326418_0_0,210000,1,Opera,opera109,,112409565,,Chiến dịch mở rộng,93900,0,Đơn hàng gián tiếp,4225.5,4225.5,"4,5%",0,0%,0,0,0,,Others,4564,Đã khấu trừ,Khấu trừ theo đơn hàng,2026-07-01 13:12:00
2606276VGR00HE,Hoàn thành,Hợp lệ,2026-06-27 12:19:45,2026-06-28 16:02:41,2026-06-28 16:02:41,25644330193,[QUÀ TẶNG KHÔNG BÁN] Bông Tạo Bọt Kì Cọ Tẩy Da Chết Màu Ngẫu Nhiên,346005340612,Nhà cửa & Đời sống,Đồ dùng phòng tắm,Bông tắm,466255413326418_0_0,0,1,vuong,vuongthan495,,122682417,,Chiến dịch mở rộng,0,0,Đơn hàng gián tiếp,0,0,4%,0,0%,12993.75,12993.75,0,,Others,0,,,
2606276VGR00HE,Hoàn thành,Hợp lệ,2026-06-27 12:19:45,2026-06-28 16:02:41,2026-06-28 16:02:41,24142870859,Sữa Tắm Thơm Lâu Le Petit Marseillais Gel 92% Thiên Nhiên Da Nhạy Cảm Nhiều Mùi Hương 650ml,350973489407,Sắc Đẹp,Tắm & chăm sóc cơ thể,Xà phòng & sữa tắm,466255413326418_0_0,400000,1,vuong,vuongthan495,,112430963,,Chiến dịch mở rộng,288750,0,Đơn hàng gián tiếp,12993.75,12993.75,"4,5%",0,0%,0,0,0,,Others,14033,Đã khấu trừ,Khấu trừ theo đơn hàng,2026-06-28 16:03:08
2606276UB1M9H4,Hoàn thành,Hợp lệ,2026-06-27 11:58:41,2026-07-02 12:20:26,2026-07-02 12:20:26,25644330193,[QUÀ TẶNG KHÔNG BÁN] Bông Tạo Bọt Kì Cọ Tẩy Da Chết Màu Ngẫu Nhiên,346005340612,Nhà cửa & Đời sống,Đồ dùng phòng tắm,Bông tắm,466255413326418_0_0,0,1,Minhiuoi,minhaff6886,,122682417,,Chiến dịch mở rộng,0,0,Đơn hàng gián tiếp,0,0,4%,0,0%,7471.485,7471.485,0,,Facebook,0,,,
2606276UB1M9H4,Hoàn thành,Hợp lệ,2026-06-27 11:58:41,2026-07-02 12:20:26,2026-07-02 12:20:26,29680365284,Dầu Gội Thiên Nhiên Le Petit Marseillais Hữu Cơ Nhiều Mùi Hương 250ml,370971985647,Sắc Đẹp,Chăm sóc tóc,Dầu gội,466255413326418_0_0,265000,1,Minhiuoi,minhaff6886,,112920799,,Chiến dịch mở rộng,166033,0,Đơn hàng gián tiếp,7471.485,7471.485,"4,5%",0,0%,0,0,0,,Facebook,8069,Đã khấu trừ,Khấu trừ theo đơn hàng,2026-07-02 12:20:53
2606276TD8VFDU,Hoàn thành,Hợp lệ,2026-06-27 11:42:02,2026-07-01 09:08:04,2026-07-01 09:08:04,25644330193,[QUÀ TẶNG KHÔNG BÁN] Bông Tạo Bọt Kì Cọ Tẩy Da Chết Màu Ngẫu Nhiên,346005340612,Nhà cửa & Đời sống,Đồ dùng phòng tắm,Bông tắm,466255413326418_0_0,0,1,Mẹ Bông sọp pi,hnaanh62,,122682417,,Chiến dịch mở rộng,0,0,Đơn hàng gián tiếp,0,0,4%,0,0%,10168,10168,0,,Facebook,0,,,
2606276TD8VFDU,Hoàn thành,Hợp lệ,2026-06-27 11:42:02,2026-07-01 09:08:04,2026-07-01 09:08:04,27586430985,Dầu Gội Trẻ Em 2in1 94% Thiên Nhiên Le Petit Marseillais Giúp Gỡ Rối Tóc Nhiều Mùi Hương 300ml,380970144965,Mẹ & Bé,Đồ dùng phòng tắm & Chăm sóc cơ thể bé,Sản phẩm tắm & gội cho bé,466255413326418_0_0,325000,1,Mẹ Bông sọp pi,hnaanh62,,128189901,,Chiến dịch mở rộng,254200,0,Đơn hàng gián tiếp,10168,10168,4%,0,0%,0,0,0,,Facebook,10981,Đã khấu trừ,Khấu trừ theo đơn hàng,2026-07-01 09:08:31
2606276TCG228A,Hoàn thành,Hợp lệ,2026-06-27 11:41:35,2026-07-02 11:05:52,2026-07-02 11:05:52,25644330193,[QUÀ TẶNG KHÔNG BÁN] Bông Tạo Bọt Kì Cọ Tẩy Da Chết Màu Ngẫu Nhiên,346005340612,Nhà cửa & Đời sống,Đồ dùng phòng tắm,Bông tắm,466255413326418_0_0,0,1,Lanh Chanh Review,ngvinh445,,122682417,,Chiến dịch mở rộng,0,0,Đơn hàng gián tiếp,0,0,4%,0,0%,5371.16,5371.16,0,,Facebook,0,,,
2606276TCG228A,Hoàn thành,Hợp lệ,2026-06-27 11:41:35,2026-07-02 11:05:52,2026-07-02 11:05:52,25692866155,Sữa Tắm Nam 4 in 1 92% Thiên Nhiên Le Petit Marseillais Nhiều Mùi Hương 250ml,345969754133,Sắc Đẹp,Chăm sóc nam giới,Sữa tắm & chăm sóc cơ thể,466255413326418_0_0,205000,1,Lanh Chanh Review,ngvinh445,,112434462,,Chiến dịch mở rộng,134279,0,Đơn hàng gián tiếp,5371.16,5371.16,4%,0,0%,0,0,0,,Facebook,5801,Đã khấu trừ,Khấu trừ theo đơn hàng,2026-07-02 11:06:18
2606276RTCXB11,Hoàn thành,Hợp lệ,2026-06-27 11:13:34,2026-06-29 09:18:16,2026-06-29 09:18:16,24142870859,Sữa Tắm Thơm Lâu Le Petit Marseillais Gel 92% Thiên Nhiên Da Nhạy Cảm Nhiều Mùi Hương 650ml,350973489405,Sắc Đẹp,Tắm & chăm sóc cơ thể,Xà phòng & sữa tắm,466255413326418_0_0,395000,1,Ngọc Yếnn,ngocyenxinchao,,112430963,,Chiến dịch mở rộng,233389,0,Đơn hàng gián tiếp,10502.505,10502.505,"4,5%",0,0%,10502.505,10502.505,0,,Websites,11343,Đã khấu trừ,Khấu trừ theo đơn hàng,2026-06-29 09:18:43
2606276RTCXB11,Hoàn thành,Hợp lệ,2026-06-27 11:13:34,2026-06-29 09:18:16,2026-06-29 09:18:16,25644330193,[QUÀ TẶNG KHÔNG BÁN] Bông Tạo Bọt Kì Cọ Tẩy Da Chết Màu Ngẫu Nhiên,346005340612,Nhà cửa & Đời sống,Đồ dùng phòng tắm,Bông tắm,466255413326418_0_0,0,1,Ngọc Yếnn,ngocyenxinchao,,122682417,,Chiến dịch mở rộng,0,0,Đơn hàng gián tiếp,0,0,4%,0,0%,0,0,0,,Websites,0,,,
2606276PW1BS42,Hoàn thành,Hợp lệ,2026-06-27 10:39:15,2026-06-28 18:05:41,2026-06-28 18:05:41,24142870859,Sữa Tắm Thơm Lâu Le Petit Marseillais Gel 92% Thiên Nhiên Da Nhạy Cảm Nhiều Mùi Hương 650ml,350973489407,Sắc Đẹp,Tắm & chăm sóc cơ thể,Xà phòng & sữa tắm,466255413326418_0_0,395000,1,WebHome Live3,webhome.livestream3,Webhome Media,112430963,,Chiến dịch mở rộng,261028,0,Đơn hàng trực tiếp,23492.52,23492.52,9%,0,0%,23492.52,23492.52,0,,Shopeelive-Shopee,25372,Đã khấu trừ,Khấu trừ theo đơn hàng,2026-06-28 18:06:07
2606276PW1BS42,Hoàn thành,Hợp lệ,2026-06-27 10:39:15,2026-06-28 18:05:41,2026-06-28 18:05:41,25644330193,[QUÀ TẶNG KHÔNG BÁN] Bông Tạo Bọt Kì Cọ Tẩy Da Chết Màu Ngẫu Nhiên,346005340612,Nhà cửa & Đời sống,Đồ dùng phòng tắm,Bông tắm,466255413326418_0_0,0,1,WebHome Live3,webhome.livestream3,Webhome Media,122682417,,Chiến dịch mở rộng,0,0,Đơn hàng trực tiếp,0,0,8%,0,0%,0,0,0,,Shopeelive-Shopee,0,,,
2606276NP005TU,Hoàn thành,Hợp lệ,2026-06-27 10:17:26,2026-07-01 12:40:37,2026-07-01 12:40:37,25644330193,[QUÀ TẶNG KHÔNG BÁN] Bông Tạo Bọt Kì Cọ Tẩy Da Chết Màu Ngẫu Nhiên,346005340612,Nhà cửa & Đời sống,Đồ dùng phòng tắm,Bông tắm,466255413326418_0_0,0,1,Muỗm,6ltawzlc3b,,122682417,,Chiến dịch mở rộng,0,0,Đơn hàng trực tiếp,0,0,8%,0,0%,18507.6,18507.6,0,,Shopeelive-Shopee,0,,,
2606276NP005TU,Hoàn thành,Hợp lệ,2026-06-27 10:17:26,2026-07-01 12:40:37,2026-07-01 12:40:37,29680365284,Dầu Gội Thiên Nhiên Le Petit Marseillais Hữu Cơ Nhiều Mùi Hương 250ml,370971985645,Sắc Đẹp,Chăm sóc tóc,Dầu gội,466255413326418_0_0,265000,1,Muỗm,6ltawzlc3b,,112920799,,Chiến dịch mở rộng,205640,0,Đơn hàng trực tiếp,18507.6,18507.6,9%,0,0%,0,0,0,,Shopeelive-Shopee,19988,Đã khấu trừ,Khấu trừ theo đơn hàng,2026-07-01 12:41:06
2606276MFB2VP6,Hoàn thành,Hợp lệ,2026-06-27 09:55:48,2026-06-29 12:32:37,2026-06-29 12:32:37,25692866155,Sữa Tắm Nam 4 in 1 92% Thiên Nhiên Le Petit Marseillais Nhiều Mùi Hương 250ml,345969754134,Sắc Đẹp,Chăm sóc nam giới,Sữa tắm & chăm sóc cơ thể,466255413326418_0_0,205000,1,Chuyên review sạch,hanhikieu1709,KakaOnline,112434462,,Chiến dịch mở rộng,198850,0,Đơn hàng trực tiếp,15908,15908,8%,0,0%,15908,15908,0,,Shopeevideo-Shopee,17181,Đã khấu trừ,Khấu trừ theo đơn hàng,2026-06-29 12:33:04
2606276MFB2VP6,Hoàn thành,Hợp lệ,2026-06-27 09:55:48,2026-06-29 12:32:37,2026-06-29 12:32:37,25644330193,[QUÀ TẶNG KHÔNG BÁN] Bông Tạo Bọt Kì Cọ Tẩy Da Chết Màu Ngẫu Nhiên,346005340612,Nhà cửa & Đời sống,Đồ dùng phòng tắm,Bông tắm,466255413326418_0_0,0,1,Chuyên review sạch,hanhikieu1709,KakaOnline,122682417,,Chiến dịch mở rộng,0,0,Đơn hàng trực tiếp,0,0,8%,0,0%,0,0,0,,Shopeevideo-Shopee,0,,,
2606276HJ254EW,Hoàn thành,Hợp lệ,2026-06-27 09:03:38,2026-07-01 16:42:42,2026-07-01 16:42:42,25644330193,[QUÀ TẶNG KHÔNG BÁN] Bông Tạo Bọt Kì Cọ Tẩy Da Chết Màu Ngẫu Nhiên,346005340612,Nhà cửa & Đời sống,Đồ dùng phòng tắm,Bông tắm,466255413326418_0_0,0,1,ACCESSTRADEVN,accesstrade_banking,,122682417,,Chiến dịch mở rộng,0,0,Đơn hàng trực tiếp,0,0,8%,0,0%,10435.23,10435.23,0,,Others,0,,,
2606276HJ254EW,Hoàn thành,Hợp lệ,2026-06-27 09:03:38,2026-07-01 16:42:42,2026-07-01 16:42:42,29480146096,Sữa Tắm Thiên Nhiên 92% Le Petit Marseillais Nhiều Mùi Hương 250ml,315970228701,Sắc Đẹp,Tắm & chăm sóc cơ thể,Xà phòng & sữa tắm,466255413326418_0_0,205000,1,ACCESSTRADEVN,accesstrade_banking,,112409565,,Chiến dịch mở rộng,115947,0,Đơn hàng trực tiếp,10435.23,10435.23,9%,0,0%,0,0,0,,Others,11270,Đã khấu trừ,Khấu trừ theo đơn hàng,2026-07-01 16:43:09
2606276H8KU6Y2,Hoàn thành,Hợp lệ,2026-06-27 08:58:20,2026-06-29 11:15:43,2026-06-29 11:15:43,25644330193,[QUÀ TẶNG KHÔNG BÁN] Bông Tạo Bọt Kì Cọ Tẩy Da Chết Màu Ngẫu Nhiên,346005340612,Nhà cửa & Đời sống,Đồ dùng phòng tắm,Bông tắm,466255413326418_0_0,0,1,Ngọc Yếnn,ngocyenxinchao,,122682417,,Chiến dịch mở rộng,0,0,Đơn hàng gián tiếp,0,0,4%,0,0%,22289.55,22289.55,0,,Facebook,0,,,
2606276H8KU6Y2,Hoàn thành,Hợp lệ,2026-06-27 08:58:20,2026-06-29 11:15:43,2026-06-29 11:15:43,27586430985,Dầu Gội Trẻ Em 2in1 94% Thiên Nhiên Le Petit Marseillais Giúp Gỡ Rối Tóc Nhiều Mùi Hương 300ml,380970144965,Mẹ & Bé,Đồ dùng phòng tắm & Chăm sóc cơ thể bé,Sản phẩm tắm & gội cho bé,466255413326418_0_0,330000,1,Ngọc Yếnn,ngocyenxinchao,,128189901,,Chiến dịch mở rộng,258090,0,Đơn hàng gián tiếp,10323.6,10323.6,4%,0,0%,0,0,0,,Facebook,11149,Đã khấu trừ,Khấu trừ theo đơn hàng,2026-06-29 11:16:11
2606276H8KU6Y2,Hoàn thành,Hợp lệ,2026-06-27 08:58:20,2026-06-29 11:15:43,2026-06-29 11:15:43,27730151664,Sữa Tắm Dưỡng Ẩm 98% Thiên Nhiên Le Petit Marseillais Hữu Cơ Nhiều Mùi Hương Thơm 400ml,365969915567,Sắc Đẹp,Tắm & chăm sóc cơ thể,Xà phòng & sữa tắm,466255413326418_0_0,340000,1,Ngọc Yếnn,ngocyenxinchao,,112426971,,Chiến dịch mở rộng,265910,0,Đơn hàng gián tiếp,11965.95,11965.95,"4,5%",0,0%,0,0,0,,Facebook,12923,Đã khấu trừ,Khấu trừ theo đơn hàng,2026-06-29 11:16:11
2606276CM8E5VQ,Hoàn thành,Hợp lệ,2026-06-27 07:35:23,2026-07-01 12:40:32,2026-07-01 12:40:32,25644330193,[QUÀ TẶNG KHÔNG BÁN] Bông Tạo Bọt Kì Cọ Tẩy Da Chết Màu Ngẫu Nhiên,346005340612,Nhà cửa & Đời sống,Đồ dùng phòng tắm,Bông tắm,466255413326418_0_0,0,1,reviewtoptopxinh1,bingsu581,,122682417,,Chiến dịch mở rộng,0,0,Đơn hàng trực tiếp,0,0,8%,0,0%,14258.32,14258.32,0,,Shopeevideo-Shopee,0,,,
2606276CM8E5VQ,Hoàn thành,Hợp lệ,2026-06-27 07:35:23,2026-07-01 12:40:32,2026-07-01 12:40:32,40302953131,Dầu Gội Nam Sạch Gàu 97% Thiên Nhiên Le Petit Marseillais Chiết Xuất Tinh Dầu Chanh Vàng 250ml 4035,310970659149,Sắc Đẹp,Chăm sóc nam giới,Chăm sóc tóc,466255413326418_0_0,270000,1,reviewtoptopxinh1,bingsu581,,134959857,,Chiến dịch mở rộng,178229,0,Đơn hàng trực tiếp,14258.32,14258.32,8%,0,0%,0,0,0,,Shopeevideo-Shopee,15399,Đã khấu trừ,Khấu trừ theo đơn hàng,2026-07-01 12:40:59
26062767GC5C14,Hoàn thành,Hợp lệ,2026-06-27 06:03:45,2026-06-28 12:54:27,2026-06-28 12:54:27,25644330193,[QUÀ TẶNG KHÔNG BÁN] Bông Tạo Bọt Kì Cọ Tẩy Da Chết Màu Ngẫu Nhiên,346005340612,Nhà cửa & Đời sống,Đồ dùng phòng tắm,Bông tắm,466255413326418_0_0,0,1,Ngọc Vy Hana 💖,qh.ngocvyshop,,122682417,,Chiến dịch mở rộng,0,0,Đơn hàng trực tiếp,0,0,8%,0,0%,16296,16296,0,,Shopeelive-Shopee,0,,,
26062767GC5C14,Hoàn thành,Hợp lệ,2026-06-27 06:03:45,2026-06-28 12:54:27,2026-06-28 12:54:27,29628482446,Sữa Tắm Pháp 92% Thiên Nhiên Le Petit Marseillais Dịu Nhẹ Mâm Xôi Hữu Cơ & Hoa Mẫu Đơn 250ml 8441,340969666086,Sắc Đẹp,Tắm & chăm sóc cơ thể,Xà phòng & sữa tắm,466255413326418_0_0,210000,1,Ngọc Vy Hana 💖,qh.ngocvyshop,,109863148,,Chiến dịch mở rộng,203700,0,Đơn hàng trực tiếp,16296,16296,8%,0,0%,0,0,0,,Shopeelive-Shopee,17600,Đã khấu trừ,Khấu trừ theo đơn hàng,2026-06-28 12:54:53
260627648DS3U4,Hoàn thành,Hợp lệ,2026-06-27 05:05:36,2026-06-29 09:12:42,2026-06-29 09:12:42,25644330193,[QUÀ TẶNG KHÔNG BÁN] Bông Tạo Bọt Kì Cọ Tẩy Da Chết Màu Ngẫu Nhiên,346005340612,Nhà cửa & Đời sống,Đồ dùng phòng tắm,Bông tắm,466255413326418_0_0,0,1,CASE,ngahoang2606,,122682417,,Chiến dịch mở rộng,0,0,Đơn hàng trực tiếp,0,0,8%,0,0%,46944,46944,0,,Websites,0,,,
260627648DS3U4,Hoàn thành,Hợp lệ,2026-06-27 05:05:36,2026-06-29 09:12:42,2026-06-29 09:12:42,29829877788,Dầu Gội Vào Nếp Suôn Mượt 97% Thiên Nhiên Le Petit Marseillais Chiết Xuất Hạnh Nhân và Hạt Lanh Hữu Cơ 300ml 1841,360970115614,Sắc Đẹp,Chăm sóc tóc,Dầu gội,466255413326418_0_0,420000,1,CASE,ngahoang2606,,111639059,,Chiến dịch mở rộng,336000,0,Đơn hàng trực tiếp,26880,26880,8%,0,0%,0,0,0,,Websites,29030,Đã khấu trừ,Khấu trừ theo đơn hàng,2026-06-29 09:13:09
260627648DS3U4,Hoàn thành,Hợp lệ,2026-06-27 05:05:36,2026-06-29 09:12:42,2026-06-29 09:12:42,40150321685,Dầu Gội Trẻ Em 2in1 94% Thiên Nhiên Le Petit Marseillais Giúp Gỡ Rối Tóc Chiết Xuất Quả Mâm Xôi & Bông 300ml 0442,310970725469,Mẹ & Bé,Đồ dùng phòng tắm & Chăm sóc cơ thể bé,Sản phẩm tắm & gội cho bé,466255413326418_0_0,330000,1,CASE,ngahoang2606,,128185567,,Chiến dịch mở rộng,250800,0,Đơn hàng trực tiếp,20064,20064,8%,0,0%,0,0,0,,Websites,21669,Đã khấu trừ,Khấu trừ theo đơn hàng,2026-06-29 09:13:09
26062763BV30SH,Hoàn thành,Hợp lệ,2026-06-27 04:49:39,2026-07-01 16:03:36,2026-07-01 16:03:36,24142870859,Sữa Tắm Thơm Lâu Le Petit Marseillais Gel 92% Thiên Nhiên Da Nhạy Cảm Nhiều Mùi Hương 650ml,350973489402,Sắc Đẹp,Tắm & chăm sóc cơ thể,Xà phòng & sữa tắm,466255413326418_0_0,400000,1,Hương hương review,ok6tfg3ykw,Webhome Media,112430963,,Chiến dịch mở rộng,292622,0,Đơn hàng trực tiếp,26335.98,26335.98,9%,0,0%,40162.5,40162.5,0,,Shopeelive-Shopee,28443,Đã khấu trừ,Khấu trừ theo đơn hàng,2026-07-01 16:04:05
26062763BV30SH,Hoàn thành,Hợp lệ,2026-06-27 04:49:39,2026-07-01 16:03:36,2026-07-01 16:03:36,25644330193,[QUÀ TẶNG KHÔNG BÁN] Bông Tạo Bọt Kì Cọ Tẩy Da Chết Màu Ngẫu Nhiên,346005340612,Nhà cửa & Đời sống,Đồ dùng phòng tắm,Bông tắm,466255413326418_0_0,0,1,Hương hương review,ok6tfg3ykw,Webhome Media,122682417,,Chiến dịch mở rộng,0,0,Đơn hàng trực tiếp,0,0,8%,0,0%,0,0,0,,Shopeelive-Shopee,0,,,
26062763BV30SH,Hoàn thành,Hợp lệ,2026-06-27 04:49:39,2026-07-01 16:03:36,2026-07-01 16:03:36,29480146096,Sữa Tắm Thiên Nhiên 92% Le Petit Marseillais Nhiều Mùi Hương 250ml,315970228701,Sắc Đẹp,Tắm & chăm sóc cơ thể,Xà phòng & sữa tắm,466255413326418_0_0,210000,1,Hương hương review,ok6tfg3ykw,Webhome Media,112409565,,Chiến dịch mở rộng,153628,0,Đơn hàng trực tiếp,13826.52,13826.52,9%,0,0%,0,0,0,,Shopeelive-Shopee,14933,Đã khấu trừ,Khấu trừ theo đơn hàng,2026-07-01 16:04:05
2606275XWBNWVP,Hoàn thành,Hợp lệ,2026-06-27 03:29:56,2026-06-28 16:03:25,2026-06-28 16:03:25,25644330193,[QUÀ TẶNG KHÔNG BÁN] Bông Tạo Bọt Kì Cọ Tẩy Da Chết Màu Ngẫu Nhiên,346005340612,Nhà cửa & Đời sống,Đồ dùng phòng tắm,Bông tắm,466255413326418_0_0,0,1,Chuyên review sạch,hanhikieu1709,KakaOnline,122682417,,Chiến dịch mở rộng,0,0,Đơn hàng trực tiếp,0,0,8%,0,0%,10592.4,10592.4,0,,Shopeevideo-Shopee,0,,,
2606275XWBNWVP,Hoàn thành,Hợp lệ,2026-06-27 03:29:56,2026-06-28 16:03:25,2026-06-28 16:03:25,25692866155,Sữa Tắm Nam 4 in 1 92% Thiên Nhiên Le Petit Marseillais Nhiều Mùi Hương 250ml,345969754133,Sắc Đẹp,Chăm sóc nam giới,Sữa tắm & chăm sóc cơ thể,466255413326418_0_0,210000,1,Chuyên review sạch,hanhikieu1709,KakaOnline,112434462,,Chiến dịch mở rộng,132405,0,Đơn hàng trực tiếp,10592.4,10592.4,8%,0,0%,0,0,0,,Shopeevideo-Shopee,11440,Đã khấu trừ,Khấu trừ theo đơn hàng,2026-06-28 16:03:53
2606275WB6JJVR,Hoàn thành,Hợp lệ,2026-06-27 03:01:53,2026-07-03 11:00:30,2026-07-03 11:00:30,25692912400,Sữa Dưỡng Thể Body Lotion Thiên Nhiên Le Petit Marseillais Hữu Cơ Nhiều Mùi Hương 250ml,375972102741,Sắc Đẹp,Tắm & chăm sóc cơ thể,Kem & sữa dưỡng thể,466255413326418_0_0,410000,1,Thời trang đẹp,v5sp458cap,,112708614,,Chiến dịch mở rộng,240703,0,Đơn hàng trực tiếp,21663.27,21663.27,9%,0,0%,21663.27,21663.27,0,,Shopeelive-Shopee,23396,Đã khấu trừ,Khấu trừ theo đơn hàng,2026-07-03 11:01:00
2606275WB6JJVR,Hoàn thành,Hợp lệ,2026-06-27 03:01:53,2026-07-03 11:00:30,2026-07-03 11:00:30,25644330193,[QUÀ TẶNG KHÔNG BÁN] Bông Tạo Bọt Kì Cọ Tẩy Da Chết Màu Ngẫu Nhiên,346005340612,Nhà cửa & Đời sống,Đồ dùng phòng tắm,Bông tắm,466255413326418_0_0,0,1,Thời trang đẹp,v5sp458cap,,122682417,,Chiến dịch mở rộng,0,0,Đơn hàng trực tiếp,0,0,8%,0,0%,0,0,0,,Shopeelive-Shopee,0,,,
2606275RRT4HD0,Hoàn thành,Hợp lệ,2026-06-27 01:40:02,2026-06-29 00:02:51,2026-06-29 00:02:51,25644330193,[QUÀ TẶNG KHÔNG BÁN] Bông Tạo Bọt Kì Cọ Tẩy Da Chết Màu Ngẫu Nhiên,346005340612,Nhà cửa & Đời sống,Đồ dùng phòng tắm,Bông tắm,466255413326418_0_0,0,1,reviewtoptopxinh1,bingsu581,,122682417,,Chiến dịch mở rộng,0,0,Đơn hàng trực tiếp,0,0,8%,0,0%,31604,31604,0,,Shopeevideo-Shopee,0,,,
2606275RRT4HD0,Hoàn thành,Hợp lệ,2026-06-27 01:40:02,2026-06-29 00:02:51,2026-06-29 00:02:51,27779418515,Sữa Tắm Nam Thơm Lâu 4 in 1 92% Thiên Nhiên Le Petit Marseillais Chiết Xuất Thông Biển & Bạch Đàn 250ml 1356,415969727779,Sắc Đẹp,Chăm sóc nam giới,Sữa tắm & chăm sóc cơ thể,466255413326418_0_0,210000,1,reviewtoptopxinh1,bingsu581,,110663381,,Chiến dịch mở rộng,172923,0,Đơn hàng trực tiếp,13833.84,13833.84,8%,0,0%,0,0,0,,Shopeevideo-Shopee,14941,Đã khấu trừ,Khấu trừ theo đơn hàng,2026-06-29 01:00:24
2606275RRT4HD0,Hoàn thành,Hợp lệ,2026-06-27 01:40:02,2026-06-29 00:02:51,2026-06-29 00:02:51,40302953131,Dầu Gội Nam Sạch Gàu 97% Thiên Nhiên Le Petit Marseillais Chiết Xuất Tinh Dầu Chanh Vàng 250ml 4035,310970659149,Sắc Đẹp,Chăm sóc nam giới,Chăm sóc tóc,466255413326418_0_0,270000,1,reviewtoptopxinh1,bingsu581,,134959857,,Chiến dịch mở rộng,222127,0,Đơn hàng trực tiếp,17770.16,17770.16,8%,0,0%,0,0,0,,Shopeevideo-Shopee,19192,Đã khấu trừ,Khấu trừ theo đơn hàng,2026-06-29 01:00:24
2606275M097DP2,Hoàn thành,Hợp lệ,2026-06-27 00:14:44,2026-07-01 11:48:46,2026-07-01 11:48:46,25644330193,[QUÀ TẶNG KHÔNG BÁN] Bông Tạo Bọt Kì Cọ Tẩy Da Chết Màu Ngẫu Nhiên,346005340612,Nhà cửa & Đời sống,Đồ dùng phòng tắm,Bông tắm,466255413326418_0_0,0,1,mngocshop133,mngocshop133,"Accesstrade,Interspace",122682417,,Chiến dịch mở rộng,0,0,Đơn hàng trực tiếp,0,0,8%,0,0%,18126,18126,0,,Shopeelive-Shopee,0,,,
2606275M097DP2,Hoàn thành,Hợp lệ,2026-06-27 00:14:44,2026-07-01 11:48:46,2026-07-01 11:48:46,28980146591,Gel Tắm Hữu Cơ BIO 98% Thiên Nhiên Le Petit Marseillais Nhiều Mùi Hương 250ml,315970996473,Sắc Đẹp,Tắm & chăm sóc cơ thể,Xà phòng & sữa tắm,466255413326418_0_0,265000,1,mngocshop133,mngocshop133,"Accesstrade,Interspace",112420787,,Chiến dịch mở rộng,201400,0,Đơn hàng trực tiếp,18126,18126,9%,0,0%,0,0,0,,Shopeelive-Shopee,19576,Đã khấu trừ,Khấu trừ theo đơn hàng,2026-07-01 11:49:14
2606275HUG5KQ8,Hoàn thành,Hợp lệ,2026-06-26 23:36:15,2026-07-01 15:20:43,2026-07-01 15:20:43,24142870859,Sữa Tắm Thơm Lâu Le Petit Marseillais Gel 92% Thiên Nhiên Da Nhạy Cảm Nhiều Mùi Hương 650ml,350973489412,Sắc Đẹp,Tắm & chăm sóc cơ thể,Xà phòng & sữa tắm,466255413326418_0_0,395000,2,Thợ Săn Sài Gòn,tssg_2020,,112430963,,Chiến dịch mở rộng,600400,0,Đơn hàng trực tiếp,54036,54036,9%,0,0%,54036,54036,0,,Websites,58359,Đã khấu trừ,Khấu trừ theo đơn hàng,2026-07-01 15:21:10
2606275HUG5KQ8,Hoàn thành,Hợp lệ,2026-06-26 23:36:15,2026-07-01 15:20:43,2026-07-01 15:20:43,25644330193,[QUÀ TẶNG KHÔNG BÁN] Bông Tạo Bọt Kì Cọ Tẩy Da Chết Màu Ngẫu Nhiên,346005340612,Nhà cửa & Đời sống,Đồ dùng phòng tắm,Bông tắm,466255413326418_0_0,0,1,Thợ Săn Sài Gòn,tssg_2020,,122682417,,Chiến dịch mở rộng,0,0,Đơn hàng trực tiếp,0,0,8%,0,0%,0,0,0,,Websites,0,,,
2606275H5UUNTV,Hoàn thành,Hợp lệ,2026-06-26 23:24:09,2026-07-01 12:01:25,2026-07-01 12:01:25,25644330193,[QUÀ TẶNG KHÔNG BÁN] Bông Tạo Bọt Kì Cọ Tẩy Da Chết Màu Ngẫu Nhiên,346005340612,Nhà cửa & Đời sống,Đồ dùng phòng tắm,Bông tắm,466255413326418_0_0,0,1,accesstradevn,accesstradevn,,122682417,,Chiến dịch mở rộng,0,0,Đơn hàng gián tiếp,0,0,4%,0,0%,5348.16,5348.16,0,,Others,0,,,
2606275H5UUNTV,Hoàn thành,Hợp lệ,2026-06-26 23:24:09,2026-07-01 12:01:25,2026-07-01 12:01:25,29480146096,Sữa Tắm Thiên Nhiên 92% Le Petit Marseillais Nhiều Mùi Hương 250ml,315970228699,Sắc Đẹp,Tắm & chăm sóc cơ thể,Xà phòng & sữa tắm,466255413326418_0_0,205000,1,accesstradevn,accesstradevn,,112409565,,Chiến dịch mở rộng,118848,0,Đơn hàng gián tiếp,5348.16,5348.16,"4,5%",0,0%,0,0,0,,Others,5776,Đã khấu trừ,Khấu trừ theo đơn hàng,2026-07-01 12:02:00
2606275GUB61C7,Hoàn thành,Hợp lệ,2026-06-26 23:18:16,2026-07-01 11:19:58,2026-07-01 11:19:58,25644330193,[QUÀ TẶNG KHÔNG BÁN] Bông Tạo Bọt Kì Cọ Tẩy Da Chết Màu Ngẫu Nhiên,346005340612,Nhà cửa & Đời sống,Đồ dùng phòng tắm,Bông tắm,466255413326418_0_0,0,1,Opera,opera109,,122682417,,Chiến dịch mở rộng,0,0,Đơn hàng gián tiếp,0,0,4%,0,0%,5638.5,5638.5,0,,Others,0,,,
2606275GUB61C7,Hoàn thành,Hợp lệ,2026-06-26 23:18:16,2026-07-01 11:19:58,2026-07-01 11:19:58,26879882339,Dầu Xả Dưỡng Ẩm 95% Thiên Nhiên Le Petit Marseillais Chiết Xuất Dừa Hữu Cơ 200ml 4752,445972126965,Sắc Đẹp,Chăm sóc tóc,Dầu xả,466255413326418_0_0,179000,1,Opera,opera109,,111647232,,Chiến dịch mở rộng,125300,0,Đơn hàng gián tiếp,5638.5,5638.5,"4,5%",0,0%,0,0,0,,Others,6090,Đã khấu trừ,Khấu trừ theo đơn hàng,2026-07-01 11:20:25
2606265F5Y5HJH,Hủy bỏ,Hợp lệ,2026-06-26 22:48:26,,,25644330193,[QUÀ TẶNG KHÔNG BÁN] Bông Tạo Bọt Kì Cọ Tẩy Da Chết Màu Ngẫu Nhiên,346005340612,Nhà cửa & Đời sống,Đồ dùng phòng tắm,Bông tắm,466255413326418_0_0,0,0,Anh,xqer1x5bzp,,122682417,,Chiến dịch mở rộng,0,0,Đơn hàng gián tiếp,0,0,4%,0,0%,0,0,0,Đơn hàng không hợp lệ,Others,0,,,
2606265F5Y5HJH,Hủy bỏ,Hợp lệ,2026-06-26 22:48:26,,,26879882339,Dầu Xả Dưỡng Ẩm 95% Thiên Nhiên Le Petit Marseillais Chiết Xuất Dừa Hữu Cơ 200ml 4752,445972126965,Sắc Đẹp,Chăm sóc tóc,Dầu xả,466255413326418_0_0,179000,0,Anh,xqer1x5bzp,,111647232,,Chiến dịch mở rộng,0,147585,Đơn hàng gián tiếp,0,0,"4,5%",0,0%,0,0,0,Đơn hàng không hợp lệ,Others,0,,,
2606265BEDWB2F,Hoàn thành,Hợp lệ,2026-06-26 21:41:35,2026-06-28 22:02:07,2026-06-28 22:02:07,27079878325,"Kem Dưỡng Tay 24h Thiên Nhiên Le Petit Marseillais Chiết Xuất Bơ Hạt Mỡ, Lô Hội, Sắp Ong 75ml 4768",282645716967,Sắc Đẹp,"Chăm sóc tay, chân & móng",Chăm sóc tay,,250000,1,Baby Club - Tất cả dành cho bé,munbaby0904,,111650089,,Chiến dịch mở rộng,155625,0,Đơn hàng gián tiếp,6225,6225,4%,0,0%,6225,6225,0,,Facebook,6723,Đã khấu trừ,Khấu trừ theo đơn hàng,2026-06-28 22:02:34
2606265AV78CM5,Hoàn thành,Hợp lệ,2026-06-26 21:31:23,2026-06-28 21:09:46,2026-06-28 21:09:46,24142870859,Sữa Tắm Thơm Lâu Le Petit Marseillais Gel 92% Thiên Nhiên Da Nhạy Cảm Nhiều Mùi Hương 650ml,350973489404,Sắc Đẹp,Tắm & chăm sóc cơ thể,Xà phòng & sữa tắm,466255413326418_0_0,395000,1,Hương Hương nè ᥫ᭡,huonghuongne185,,112430963,,Chiến dịch mở rộng,254686,0,Đơn hàng trực tiếp,22921.74,22921.74,9%,0,0%,22921.74,22921.74,0,,Shopeevideo-Shopee,24755,Đã khấu trừ,Khấu trừ theo đơn hàng,2026-06-28 21:10:14
2606265AV78CM5,Hoàn thành,Hợp lệ,2026-06-26 21:31:23,2026-06-28 21:09:46,2026-06-28 21:09:46,25644330193,[QUÀ TẶNG KHÔNG BÁN] Bông Tạo Bọt Kì Cọ Tẩy Da Chết Màu Ngẫu Nhiên,346005340612,Nhà cửa & Đời sống,Đồ dùng phòng tắm,Bông tắm,466255413326418_0_0,0,1,Hương Hương nè ᥫ᭡,huonghuongne185,,122682417,,Chiến dịch mở rộng,0,0,Đơn hàng trực tiếp,0,0,8%,0,0%,0,0,0,,Shopeevideo-Shopee,0,,,
26062659S8MJK1,Hoàn thành,Hợp lệ,2026-06-26 21:11:50,2026-06-29 14:15:11,2026-06-29 14:15:11,25644330193,[QUÀ TẶNG KHÔNG BÁN] Bông Tạo Bọt Kì Cọ Tẩy Da Chết Màu Ngẫu Nhiên,346005340612,Nhà cửa & Đời sống,Đồ dùng phòng tắm,Bông tắm,466255413326418_0_0,0,1,CreatorX Media Network,creatorxmedianetwork,,122682417,,Chiến dịch mở rộng,0,0,Đơn hàng gián tiếp,0,0,4%,0,0%,6250.68,6250.68,0,,Others,0,,,
26062659S8MJK1,Hoàn thành,Hợp lệ,2026-06-26 21:11:50,2026-06-29 14:15:11,2026-06-29 14:15:11,26879882339,Dầu Xả Dưỡng Ẩm 95% Thiên Nhiên Le Petit Marseillais Chiết Xuất Dừa Hữu Cơ 200ml 4752,445972126965,Sắc Đẹp,Chăm sóc tóc,Dầu xả,466255413326418_0_0,179000,1,CreatorX Media Network,creatorxmedianetwork,,111647232,,Chiến dịch mở rộng,138904,0,Đơn hàng gián tiếp,6250.68,6250.68,"4,5%",0,0%,0,0,0,,Others,6751,Đã khấu trừ,Khấu trừ theo đơn hàng,2026-06-29 14:15:39
26062659FAYG2J,Hoàn thành,Hợp lệ,2026-06-26 21:06:17,2026-07-01 17:24:46,2026-07-01 17:24:46,25644330193,[QUÀ TẶNG KHÔNG BÁN] Bông Tạo Bọt Kì Cọ Tẩy Da Chết Màu Ngẫu Nhiên,346005340612,Nhà cửa & Đời sống,Đồ dùng phòng tắm,Bông tắm,466255413326418_0_0,0,1,Đặng Quang Đại,quangdai98bk,,122682417,,Chiến dịch mở rộng,0,0,Đơn hàng trực tiếp,0,0,8%,0,0%,13203.6,13203.6,0,,Facebook,0,,,
26062659FAYG2J,Hoàn thành,Hợp lệ,2026-06-26 21:06:17,2026-07-01 17:24:46,2026-07-01 17:24:46,25692866155,Sữa Tắm Nam 4 in 1 92% Thiên Nhiên Le Petit Marseillais Nhiều Mùi Hương 250ml,345969754134,Sắc Đẹp,Chăm sóc nam giới,Sữa tắm & chăm sóc cơ thể,466255413326418_0_0,205000,1,Đặng Quang Đại,quangdai98bk,,112434462,,Chiến dịch mở rộng,165045,0,Đơn hàng trực tiếp,13203.6,13203.6,8%,0,0%,0,0,0,,Facebook,14260,Đã khấu trừ,Khấu trừ theo đơn hàng,2026-07-01 17:25:13
260626590RQBWR,Hoàn thành,Hợp lệ,2026-06-26 20:58:08,2026-07-01 17:00:52,2026-07-01 17:00:52,25644330193,[QUÀ TẶNG KHÔNG BÁN] Bông Tạo Bọt Kì Cọ Tẩy Da Chết Màu Ngẫu Nhiên,346005340612,Nhà cửa & Đời sống,Đồ dùng phòng tắm,Bông tắm,466255413326418_0_0,0,1,Ngọc Yếnn,ngocyenxinchao,,122682417,,Chiến dịch mở rộng,0,0,Đơn hàng gián tiếp,0,0,4%,0,0%,13114,13114,0,,Facebook,0,,,
260626590RQBWR,Hoàn thành,Hợp lệ,2026-06-26 20:58:08,2026-07-01 17:00:52,2026-07-01 17:00:52,25692866155,Sữa Tắm Nam 4 in 1 92% Thiên Nhiên Le Petit Marseillais Nhiều Mùi Hương 250ml,345969754131,Sắc Đẹp,Chăm sóc nam giới,Sữa tắm & chăm sóc cơ thể,466255413326418_0_0,205000,1,Ngọc Yếnn,ngocyenxinchao,,112434462,,Chiến dịch mở rộng,163925,0,Đơn hàng gián tiếp,6557,6557,4%,0,0%,0,0,0,,Facebook,7082,Đã khấu trừ,Khấu trừ theo đơn hàng,2026-07-01 17:01:20
260626590RQBWR,Hoàn thành,Hợp lệ,2026-06-26 20:58:08,2026-07-01 17:00:52,2026-07-01 17:00:52,25692866155,Sữa Tắm Nam 4 in 1 92% Thiên Nhiên Le Petit Marseillais Nhiều Mùi Hương 250ml,345969754133,Sắc Đẹp,Chăm sóc nam giới,Sữa tắm & chăm sóc cơ thể,466255413326418_0_0,205000,1,Ngọc Yếnn,ngocyenxinchao,,112434462,,Chiến dịch mở rộng,163925,0,Đơn hàng gián tiếp,6557,6557,4%,0,0%,0,0,0,,Facebook,7082,Đã khấu trừ,Khấu trừ theo đơn hàng,2026-07-01 17:01:20
26062658E0S7TD,Hoàn thành,Hợp lệ,2026-06-26 20:47:39,2026-07-01 18:31:27,2026-07-01 18:31:27,29480146096,Sữa Tắm Thiên Nhiên 92% Le Petit Marseillais Nhiều Mùi Hương 250ml,315970228700,Sắc Đẹp,Tắm & chăm sóc cơ thể,Xà phòng & sữa tắm,466255413326418_0_0,205000,1,aura.room,_ng.tuongvan_,,112409565,,Chiến dịch mở rộng,165045,0,Đơn hàng trực tiếp,14854.05,14854.05,9%,0,0%,14854.05,14854.05,0,,Shopeevideo-Shopee,16042,Đã khấu trừ,Khấu trừ theo đơn hàng,2026-07-01 18:31:54
26062658E0S7TD,Hoàn thành,Hợp lệ,2026-06-26 20:47:39,2026-07-01 18:31:27,2026-07-01 18:31:27,25644330193,[QUÀ TẶNG KHÔNG BÁN] Bông Tạo Bọt Kì Cọ Tẩy Da Chết Màu Ngẫu Nhiên,346005340612,Nhà cửa & Đời sống,Đồ dùng phòng tắm,Bông tắm,466255413326418_0_0,0,1,aura.room,_ng.tuongvan_,,122682417,,Chiến dịch mở rộng,0,0,Đơn hàng trực tiếp,0,0,8%,0,0%,0,0,0,,Shopeevideo-Shopee,0,,,
260626588YKMAF,Hoàn thành,Hợp lệ,2026-06-26 20:44:50,2026-06-28 23:04:12,2026-06-28 23:04:12,25644330193,[QUÀ TẶNG KHÔNG BÁN] Bông Tạo Bọt Kì Cọ Tẩy Da Chết Màu Ngẫu Nhiên,346005340612,Nhà cửa & Đời sống,Đồ dùng phòng tắm,Bông tắm,466255413326418_0_0,0,1,E xinh🌸,0_6wwukvkq,,122682417,,Chiến dịch mở rộng,0,0,Đơn hàng gián tiếp,0,0,4%,0,0%,5536.935,5536.935,0,,Websites,0,,,
260626588YKMAF,Hoàn thành,Hợp lệ,2026-06-26 20:44:50,2026-06-28 23:04:12,2026-06-28 23:04:12,26879882339,Dầu Xả Dưỡng Ẩm 95% Thiên Nhiên Le Petit Marseillais Chiết Xuất Dừa Hữu Cơ 200ml 4752,445972126965,Sắc Đẹp,Chăm sóc tóc,Dầu xả,466255413326418_0_0,179000,1,E xinh🌸,0_6wwukvkq,,111647232,,Chiến dịch mở rộng,123043,0,Đơn hàng gián tiếp,5536.935,5536.935,"4,5%",0,0%,0,0,0,,Websites,5980,Đã khấu trừ,Khấu trừ theo đơn hàng,2026-06-28 23:04:39
26062654DYU1WM,Hoàn thành,Hợp lệ,2026-06-26 19:36:04,2026-07-01 15:40:11,2026-07-01 15:40:11,25644330193,[QUÀ TẶNG KHÔNG BÁN] Bông Tạo Bọt Kì Cọ Tẩy Da Chết Màu Ngẫu Nhiên,346005340612,Nhà cửa & Đời sống,Đồ dùng phòng tắm,Bông tắm,466255413326418_0_0,0,1,Bé Na Hay Mua,benadaily,,122682417,,Chiến dịch mở rộng,0,0,Đơn hàng trực tiếp,0,0,8%,0,0%,19795.5,19795.5,0,,Zalo,0,,,
26062654DYU1WM,Hoàn thành,Hợp lệ,2026-06-26 19:36:04,2026-07-01 15:40:11,2026-07-01 15:40:11,29680365284,Dầu Gội Thiên Nhiên Le Petit Marseillais Hữu Cơ Nhiều Mùi Hương 250ml,370971985648,Sắc Đẹp,Chăm sóc tóc,Dầu gội,466255413326418_0_0,265000,1,Bé Na Hay Mua,benadaily,,112920799,,Chiến dịch mở rộng,219950,0,Đơn hàng trực tiếp,19795.5,19795.5,9%,0,0%,0,0,0,,Zalo,21379,Đã khấu trừ,Khấu trừ theo đơn hàng,2026-07-01 15:40:37
26062654AFARQP,Hủy bỏ,Hợp lệ,2026-06-26 19:34:04,,,25644330193,[QUÀ TẶNG KHÔNG BÁN] Bông Tạo Bọt Kì Cọ Tẩy Da Chết Màu Ngẫu Nhiên,346005340612,Nhà cửa & Đời sống,Đồ dùng phòng tắm,Bông tắm,466255413326418_0_0,0,0,Bé Na Hay Mua,benadaily,,122682417,,Chiến dịch mở rộng,0,0,Đơn hàng trực tiếp,0,0,8%,0,0%,0,0,0,Đơn hàng bị hủy bỏ bởi người mua,Zalo,0,,,
26062654AFARQP,Hủy bỏ,Hợp lệ,2026-06-26 19:34:04,,,29680365284,Dầu Gội Thiên Nhiên Le Petit Marseillais Hữu Cơ Nhiều Mùi Hương 250ml,370971985648,Sắc Đẹp,Chăm sóc tóc,Dầu gội,466255413326418_0_0,265000,0,Bé Na Hay Mua,benadaily,,112920799,,Chiến dịch mở rộng,0,213351,Đơn hàng trực tiếp,0,0,9%,0,0%,0,0,0,Đơn hàng bị hủy bỏ bởi người mua,Zalo,0,,,
260626532HBR2C,Hoàn thành,Hợp lệ,2026-06-26 19:11:45,2026-06-28 21:20:20,2026-06-28 21:20:20,25644330193,[QUÀ TẶNG KHÔNG BÁN] Bông Tạo Bọt Kì Cọ Tẩy Da Chết Màu Ngẫu Nhiên,346005340612,Nhà cửa & Đời sống,Đồ dùng phòng tắm,Bông tắm,466255413326418_0_0,0,1,Folia & Co. By Moon Doan,foliaandco,,122682417,,Chiến dịch mở rộng,0,0,Đơn hàng gián tiếp,0,0,4%,0,0%,6192.48,6192.48,0,,Facebook,0,,,
260626532HBR2C,Hoàn thành,Hợp lệ,2026-06-26 19:11:45,2026-06-28 21:20:20,2026-06-28 21:20:20,27679422917,Sữa Tắm Nam 4 in 1 92% Thiên Nhiên Le Petit Marseillais Chiết Xuất Gỗ Cam Đắng & Argan 250ml 1431,355969731723,Sắc Đẹp,Chăm sóc nam giới,Sữa tắm & chăm sóc cơ thể,466255413326418_0_0,210000,1,Folia & Co. By Moon Doan,foliaandco,,110661763,,Chiến dịch mở rộng,154812,0,Đơn hàng gián tiếp,6192.48,6192.48,4%,0,0%,0,0,0,,Facebook,6688,Đã khấu trừ,Khấu trừ theo đơn hàng,2026-06-28 21:20:47
26062651SCBBWK,Hoàn thành,Hợp lệ,2026-06-26 18:48:45,2026-07-01 11:40:42,2026-07-01 11:40:42,40150321685,Dầu Gội Trẻ Em 2in1 94% Thiên Nhiên Le Petit Marseillais Giúp Gỡ Rối Tóc Chiết Xuất Quả Mâm Xôi & Bông 300ml 0442,310970725469,Mẹ & Bé,Đồ dùng phòng tắm & Chăm sóc cơ thể bé,Sản phẩm tắm & gội cho bé,466255413326418_0_0,330000,1,Chubomicha,chubomicha0611,,128185567,,Chiến dịch mở rộng,191730,0,Đơn hàng gián tiếp,7669.2,7669.2,4%,0,0%,7669.2,7669.2,0,,Facebook,8283,Đã khấu trừ,Khấu trừ theo đơn hàng,2026-07-01 11:41:09
26062651SCBBWK,Hoàn thành,Hợp lệ,2026-06-26 18:48:45,2026-07-01 11:40:42,2026-07-01 11:40:42,25644330193,[QUÀ TẶNG KHÔNG BÁN] Bông Tạo Bọt Kì Cọ Tẩy Da Chết Màu Ngẫu Nhiên,346005340612,Nhà cửa & Đời sống,Đồ dùng phòng tắm,Bông tắm,466255413326418_0_0,0,1,Chubomicha,chubomicha0611,,122682417,,Chiến dịch mở rộng,0,0,Đơn hàng gián tiếp,0,0,4%,0,0%,0,0,0,,Facebook,0,,,
2606264XNAV1W8,Hủy bỏ,Hợp lệ,2026-06-26 17:52:48,,,25644330193,[QUÀ TẶNG KHÔNG BÁN] Bông Tạo Bọt Kì Cọ Tẩy Da Chết Màu Ngẫu Nhiên,346005340612,Nhà cửa & Đời sống,Đồ dùng phòng tắm,Bông tắm,466255413326418_0_0,0,0,Bé Na Hay Mua,benadaily,,122682417,,Chiến dịch mở rộng,0,0,Đơn hàng trực tiếp,0,0,8%,0,0%,0,0,0,Đơn hàng bị hủy bỏ bởi người mua,Zalo,0,,,
2606264XNAV1W8,Hủy bỏ,Hợp lệ,2026-06-26 17:52:48,,,29680365284,Dầu Gội Thiên Nhiên Le Petit Marseillais Hữu Cơ Nhiều Mùi Hương 250ml,370971985648,Sắc Đẹp,Chăm sóc tóc,Dầu gội,466255413326418_0_0,270000,0,Bé Na Hay Mua,benadaily,,112920799,,Chiến dịch mở rộng,0,212895,Đơn hàng trực tiếp,0,0,9%,0,0%,0,0,0,Đơn hàng bị hủy bỏ bởi người mua,Zalo,0,,,
2606264NU6E3JV,Hoàn thành,Hợp lệ,2026-06-26 15:15:00,2026-06-30 16:11:33,2026-06-30 16:11:33,24142870859,Sữa Tắm Thơm Lâu Le Petit Marseillais Gel 92% Thiên Nhiên Da Nhạy Cảm Nhiều Mùi Hương 650ml,350973489402,Sắc Đẹp,Tắm & chăm sóc cơ thể,Xà phòng & sữa tắm,466255413326418_0_0,400000,1,Hương hương review,ok6tfg3ykw,Webhome Media,112430963,,Chiến dịch mở rộng,315700,0,Đơn hàng trực tiếp,28413,28413,9%,0,0%,28413,28413,0,,Shopeelive-Shopee,30686,Đã khấu trừ,Khấu trừ theo đơn hàng,2026-06-30 17:37:21
2606264NU6E3JV,Hoàn thành,Hợp lệ,2026-06-26 15:15:00,2026-06-30 16:11:33,2026-06-30 16:11:33,25644330193,[QUÀ TẶNG KHÔNG BÁN] Bông Tạo Bọt Kì Cọ Tẩy Da Chết Màu Ngẫu Nhiên,346005340612,Nhà cửa & Đời sống,Đồ dùng phòng tắm,Bông tắm,466255413326418_0_0,0,1,Hương hương review,ok6tfg3ykw,Webhome Media,122682417,,Chiến dịch mở rộng,0,0,Đơn hàng trực tiếp,0,0,8%,0,0%,0,0,0,,Shopeelive-Shopee,0,,,
2606264M3Y9H78,Hoàn thành,Hợp lệ,2026-06-26 14:44:08,2026-06-30 12:46:00,2026-06-30 12:46:00,25644330193,[QUÀ TẶNG KHÔNG BÁN] Bông Tạo Bọt Kì Cọ Tẩy Da Chết Màu Ngẫu Nhiên,346005340612,Nhà cửa & Đời sống,Đồ dùng phòng tắm,Bông tắm,466255413326418_0_0,0,1,Camquyt,camquyt68,,122682417,,Chiến dịch mở rộng,0,0,Đơn hàng gián tiếp,0,0,4%,0,0%,18180,18180,0,,Facebook,0,,,
2606264M3Y9H78,Hoàn thành,Hợp lệ,2026-06-26 14:44:08,2026-06-30 12:46:00,2026-06-30 12:46:00,28179873093,Dầu Gội Thiên Nhiên 2in1 97% Sạch Gàu Le Petit Marseillais Chiết Xuất Bạc Hà Hữu Cơ 250ml 4042,287645622650,Sắc Đẹp,Chăm sóc tóc,Dầu gội,466255413326418_0_0,270000,1,Camquyt,camquyt68,,111642571,,Chiến dịch mở rộng,209768,0,Đơn hàng gián tiếp,9439.56,9439.56,"4,5%",0,0%,0,0,0,,Facebook,10195,Đã khấu trừ,Khấu trừ theo đơn hàng,2026-06-30 12:46:27
2606264M3Y9H78,Hoàn thành,Hợp lệ,2026-06-26 14:44:08,2026-06-30 12:46:00,2026-06-30 12:46:00,42422207632,Dầu Xả Dưỡng Tóc Thiên Nhiên 95% Le Petit Marseillais Dịu Nhẹ Siêu Mềm Mượt Nhiều Mùi Hương 200ml,297646808535,Sắc Đẹp,Chăm sóc tóc,Dầu xả,466255413326418_0_0,250000,1,Camquyt,camquyt68,,176556107,,Chiến dịch mở rộng,194232,0,Đơn hàng gián tiếp,8740.44,8740.44,"4,5%",0,0%,0,0,0,,Facebook,9440,Đã khấu trừ,Khấu trừ theo đơn hàng,2026-06-30 12:46:27
2606264JXUXTF3,Hoàn thành,Hợp lệ,2026-06-26 14:23:22,2026-06-29 10:56:34,2026-06-29 10:56:34,27586430985,Dầu Gội Trẻ Em 2in1 94% Thiên Nhiên Le Petit Marseillais Giúp Gỡ Rối Tóc Nhiều Mùi Hương 300ml,380970144965,Mẹ & Bé,Đồ dùng phòng tắm & Chăm sóc cơ thể bé,Sản phẩm tắm & gội cho bé,466255413326418_0_0,330000,1,NHÀ Decor,baoanhh88,,128189901,,Chiến dịch mở rộng,169918,0,Đơn hàng gián tiếp,6796.72,6796.72,4%,0,0%,6796.72,6796.72,0,,Facebook,7340,Đã khấu trừ,Khấu trừ theo đơn hàng,2026-06-29 10:57:00
2606264JXUXTF3,Hoàn thành,Hợp lệ,2026-06-26 14:23:22,2026-06-29 10:56:34,2026-06-29 10:56:34,25644330193,[QUÀ TẶNG KHÔNG BÁN] Bông Tạo Bọt Kì Cọ Tẩy Da Chết Màu Ngẫu Nhiên,346005340612,Nhà cửa & Đời sống,Đồ dùng phòng tắm,Bông tắm,466255413326418_0_0,0,1,NHÀ Decor,baoanhh88,,122682417,,Chiến dịch mở rộng,0,0,Đơn hàng gián tiếp,0,0,4%,0,0%,0,0,0,,Facebook,0,,,
2606264J6796YM,Hoàn thành,Hợp lệ,2026-06-26 14:09:36,2026-06-30 10:44:52,2026-06-30 10:44:52,24142870859,Sữa Tắm Thơm Lâu Le Petit Marseillais Gel 92% Thiên Nhiên Da Nhạy Cảm Nhiều Mùi Hương 650ml,350973489402,Sắc Đẹp,Tắm & chăm sóc cơ thể,Xà phòng & sữa tắm,466255413326418_0_0,400000,1,Vân Anh Nguyễn,ngva89,,112430963,,Chiến dịch mở rộng,308000,0,Đơn hàng gián tiếp,13860,13860,"4,5%",0,0%,13860,13860,0,,Facebook,14969,Đã khấu trừ,Khấu trừ theo đơn hàng,2026-06-30 10:45:20
2606264J6796YM,Hoàn thành,Hợp lệ,2026-06-26 14:09:36,2026-06-30 10:44:52,2026-06-30 10:44:52,25644330193,[QUÀ TẶNG KHÔNG BÁN] Bông Tạo Bọt Kì Cọ Tẩy Da Chết Màu Ngẫu Nhiên,346005340612,Nhà cửa & Đời sống,Đồ dùng phòng tắm,Bông tắm,466255413326418_0_0,0,1,Vân Anh Nguyễn,ngva89,,122682417,,Chiến dịch mở rộng,0,0,Đơn hàng gián tiếp,0,0,4%,0,0%,0,0,0,,Facebook,0,,,
2606264HF9UVM6,Hoàn thành,Hợp lệ,2026-06-26 13:56:46,2026-06-30 14:47:52,2026-06-30 14:47:52,25644330193,[QUÀ TẶNG KHÔNG BÁN] Bông Tạo Bọt Kì Cọ Tẩy Da Chết Màu Ngẫu Nhiên,346005340612,Nhà cửa & Đời sống,Đồ dùng phòng tắm,Bông tắm,466255413326418_0_0,0,1,NhatQuang,quangne86,,122682417,,Chiến dịch mở rộng,0,0,Đơn hàng gián tiếp,0,0,4%,0,0%,42098.04,42098.04,0,,Facebook,0,,,
2606264HF9UVM6,Hoàn thành,Hợp lệ,2026-06-26 13:56:46,2026-06-30 14:47:52,2026-06-30 14:47:52,25692912400,Sữa Dưỡng Thể Body Lotion Thiên Nhiên Le Petit Marseillais Hữu Cơ Nhiều Mùi Hương 250ml,375972102741,Sắc Đẹp,Tắm & chăm sóc cơ thể,Kem & sữa dưỡng thể,466255413326418_0_0,410000,1,NhatQuang,quangne86,,112708614,,Chiến dịch mở rộng,281437,0,Đơn hàng gián tiếp,12664.665,12664.665,"4,5%",0,0%,0,0,0,,Facebook,13678,Đã khấu trừ,Khấu trừ theo đơn hàng,2026-06-30 17:29:52
2606264HF9UVM6,Hoàn thành,Hợp lệ,2026-06-26 13:56:46,2026-06-30 14:47:52,2026-06-30 14:47:52,25692912400,Sữa Dưỡng Thể Body Lotion Thiên Nhiên Le Petit Marseillais Hữu Cơ Nhiều Mùi Hương 250ml,375972102742,Sắc Đẹp,Tắm & chăm sóc cơ thể,Kem & sữa dưỡng thể,466255413326418_0_0,510000,1,NhatQuang,quangne86,,112708614,,Chiến dịch mở rộng,350076,0,Đơn hàng gián tiếp,15753.42,15753.42,"4,5%",0,0%,0,0,0,,Facebook,17014,Đã khấu trừ,Khấu trừ theo đơn hàng,2026-06-30 17:29:52
2606264HF9UVM6,Hoàn thành,Hợp lệ,2026-06-26 13:56:46,2026-06-30 14:47:52,2026-06-30 14:47:52,24142870859,Sữa Tắm Thơm Lâu Le Petit Marseillais Gel 92% Thiên Nhiên Da Nhạy Cảm Nhiều Mùi Hương 650ml,350973489413,Sắc Đẹp,Tắm & chăm sóc cơ thể,Xà phòng & sữa tắm,466255413326418_0_0,400000,1,NhatQuang,quangne86,,112430963,,Chiến dịch mở rộng,303999,0,Đơn hàng gián tiếp,13679.955,13679.955,"4,5%",0,0%,0,0,0,,Facebook,14774,Đã khấu trừ,Khấu trừ theo đơn hàng,2026-06-30 17:29:52
2606264FW5TXEH,Hoàn thành,Hợp lệ,2026-06-26 13:28:44,2026-07-01 11:35:17,2026-07-01 11:35:17,25644330193,[QUÀ TẶNG KHÔNG BÁN] Bông Tạo Bọt Kì Cọ Tẩy Da Chết Màu Ngẫu Nhiên,346005340612,Nhà cửa & Đời sống,Đồ dùng phòng tắm,Bông tắm,466255413326418_0_0,0,1,Thanh Hường Nguyễn,naysalegido,,122682417,,Chiến dịch mở rộng,0,0,Đơn hàng trực tiếp,0,0,8%,0,0%,27337.5,27337.5,0,,Zalo,0,,,
2606264FW5TXEH,Hoàn thành,Hợp lệ,2026-06-26 13:28:44,2026-07-01 11:35:17,2026-07-01 11:35:17,28830365069,Dầu Gội Thiên Nhiên Le Petit Marseillais Hữu Cơ Nhiều Mùi Hương 300ml,435970130564,Sắc Đẹp,Chăm sóc tóc,Dầu gội,466255413326418_0_0,420000,1,Thanh Hường Nguyễn,naysalegido,,112918398,,Chiến dịch mở rộng,303750,0,Đơn hàng trực tiếp,27337.5,27337.5,9%,0,0%,0,0,0,,Zalo,29525,Đã khấu trừ,Khấu trừ theo đơn hàng,2026-07-01 11:35:45
2606264FR1RCNP,Hoàn thành,Không hợp lệ,2026-06-26 13:25:53,2026-06-28 09:39:42,2026-06-27 07:08:39,24142870859,Sữa Tắm Thơm Lâu Le Petit Marseillais Gel 92% Thiên Nhiên Da Nhạy Cảm Nhiều Mùi Hương 650ml,350973489409,Sắc Đẹp,Tắm & chăm sóc cơ thể,Xà phòng & sữa tắm,466255413326418_0_0,400000,1,phanhphung0,phungphuonganhh,,112430963,,Chiến dịch mở rộng,319933,0,Đơn hàng trực tiếp,0,0,9%,0,0%,0,0,0,Đơn hàng không hợp lệ.,Facebook,0,,,
2606264FR1RCNP,Hoàn thành,Không hợp lệ,2026-06-26 13:25:53,2026-06-28 09:39:42,2026-06-27 07:08:39,25644330193,[QUÀ TẶNG KHÔNG BÁN] Bông Tạo Bọt Kì Cọ Tẩy Da Chết Màu Ngẫu Nhiên,346005340612,Nhà cửa & Đời sống,Đồ dùng phòng tắm,Bông tắm,466255413326418_0_0,0,1,phanhphung0,phungphuonganhh,,122682417,,Chiến dịch mở rộng,0,0,Đơn hàng trực tiếp,0,0,8%,0,0%,0,0,0,Đơn hàng không hợp lệ.,Facebook,0,,,
2606264FR1RCNP,Hoàn thành,Không hợp lệ,2026-06-26 13:25:53,2026-06-28 09:39:42,2026-06-27 07:08:39,29480146096,Sữa Tắm Thiên Nhiên 92% Le Petit Marseillais Nhiều Mùi Hương 250ml,315970228697,Sắc Đẹp,Tắm & chăm sóc cơ thể,Xà phòng & sữa tắm,466255413326418_0_0,210000,1,phanhphung0,phungphuonganhh,,112409565,,Chiến dịch mở rộng,167967,0,Đơn hàng trực tiếp,0,0,9%,0,0%,0,0,0,Đơn hàng không hợp lệ.,Facebook,0,,,
2606264F5Q8WVK,Hoàn thành,Hợp lệ,2026-06-26 13:15:37,2026-06-30 13:41:19,2026-06-30 13:41:19,29880370481,Kem Dưỡng Tay 24h Thiên Nhiên Le Petit Marseillais Nhiều Mùi Hương 75ml,128470976818,Sắc Đẹp,"Chăm sóc tay, chân & móng",Chăm sóc tay,466255413326418_0_0,250000,1,Ngọc Yếnn,ngocyenxinchao,,112922896,,Chiến dịch mở rộng,193477,0,Đơn hàng gián tiếp,7739.08,7739.08,4%,0,0%,14240,14240,0,,Websites,8358,Đã khấu trừ,Khấu trừ theo đơn hàng,2026-06-30 17:22:43
2606264F5Q8WVK,Hoàn thành,Hợp lệ,2026-06-26 13:15:37,2026-06-30 13:41:19,2026-06-30 13:41:19,25644330193,[QUÀ TẶNG KHÔNG BÁN] Bông Tạo Bọt Kì Cọ Tẩy Da Chết Màu Ngẫu Nhiên,346005340612,Nhà cửa & Đời sống,Đồ dùng phòng tắm,Bông tắm,466255413326418_0_0,0,1,Ngọc Yếnn,ngocyenxinchao,,122682417,,Chiến dịch mở rộng,0,0,Đơn hàng gián tiếp,0,0,4%,0,0%,0,0,0,,Websites,0,,,
2606264F5Q8WVK,Hoàn thành,Hợp lệ,2026-06-26 13:15:37,2026-06-30 13:41:19,2026-06-30 13:41:19,25692866155,Sữa Tắm Nam 4 in 1 92% Thiên Nhiên Le Petit Marseillais Nhiều Mùi Hương 250ml,345969754133,Sắc Đẹp,Chăm sóc nam giới,Sữa tắm & chăm sóc cơ thể,466255413326418_0_0,210000,1,Ngọc Yếnn,ngocyenxinchao,,112434462,,Chiến dịch mở rộng,162523,0,Đơn hàng gián tiếp,6500.92,6500.92,4%,0,0%,0,0,0,,Websites,7021,Đã khấu trừ,Khấu trừ theo đơn hàng,2026-06-30 17:22:43
26062649GGV812,Hoàn thành,Hợp lệ,2026-06-26 11:34:18,2026-06-30 01:43:11,2026-06-30 01:43:11,25644330193,[QUÀ TẶNG KHÔNG BÁN] Bông Tạo Bọt Kì Cọ Tẩy Da Chết Màu Ngẫu Nhiên,346005340612,Nhà cửa & Đời sống,Đồ dùng phòng tắm,Bông tắm,466255413326418_0_0,0,1,Alex Dealer shopee ☑️,hhshop9x,,122682417,,Chiến dịch mở rộng,0,0,Đơn hàng trực tiếp,0,0,8%,0,0%,14014.56,14014.56,0,,Shopeevideo-Shopee,0,,,
26062649GGV812,Hoàn thành,Hợp lệ,2026-06-26 11:34:18,2026-06-30 01:43:11,2026-06-30 01:43:11,25692866155,Sữa Tắm Nam 4 in 1 92% Thiên Nhiên Le Petit Marseillais Nhiều Mùi Hương 250ml,345969754130,Sắc Đẹp,Chăm sóc nam giới,Sữa tắm & chăm sóc cơ thể,466255413326418_0_0,210000,1,Alex Dealer shopee ☑️,hhshop9x,,112434462,,Chiến dịch mở rộng,175182,0,Đơn hàng trực tiếp,14014.56,14014.56,8%,0,0%,0,0,0,,Shopeevideo-Shopee,15136,Đã khấu trừ,Khấu trừ theo đơn hàng,2026-06-30 01:43:38
2606264970QTQ3,Hoàn thành,Hợp lệ,2026-06-26 11:28:58,2026-06-27 15:33:44,2026-06-27 15:33:44,24142870859,Sữa Tắm Thơm Lâu Le Petit Marseillais Gel 92% Thiên Nhiên Da Nhạy Cảm Nhiều Mùi Hương 650ml,350973489414,Sắc Đẹp,Tắm & chăm sóc cơ thể,Xà phòng & sữa tắm,466255413326418_0_0,400000,1,Hương Hương nè ᥫ᭡,huonghuongne185,,112430963,,Chiến dịch mở rộng,311850,0,Đơn hàng trực tiếp,28066.5,28066.5,9%,0,0%,28066.5,28066.5,0,,Shopeevideo-Shopee,30312,Đã khấu trừ,Khấu trừ theo đơn hàng,2026-06-27 15:34:11
2606264970QTQ3,Hoàn thành,Hợp lệ,2026-06-26 11:28:58,2026-06-27 15:33:44,2026-06-27 15:33:44,25644330193,[QUÀ TẶNG KHÔNG BÁN] Bông Tạo Bọt Kì Cọ Tẩy Da Chết Màu Ngẫu Nhiên,346005340612,Nhà cửa & Đời sống,Đồ dùng phòng tắm,Bông tắm,466255413326418_0_0,0,1,Hương Hương nè ᥫ᭡,huonghuongne185,,122682417,,Chiến dịch mở rộng,0,0,Đơn hàng trực tiếp,0,0,8%,0,0%,0,0,0,,Shopeevideo-Shopee,0,,,
26062648VPQYK2,Hoàn thành,Hợp lệ,2026-06-26 11:23:12,2026-06-28 11:10:05,2026-06-28 11:10:05,25644330193,[QUÀ TẶNG KHÔNG BÁN] Bông Tạo Bọt Kì Cọ Tẩy Da Chết Màu Ngẫu Nhiên,346005340612,Nhà cửa & Đời sống,Đồ dùng phòng tắm,Bông tắm,466255413326418_0_0,0,1,Shop dì của Cúc,tranthanhvan080802,,122682417,,Chiến dịch mở rộng,0,0,Đơn hàng gián tiếp,0,0,4%,0,0%,7425,7425,0,,Facebook,0,,,
26062648VPQYK2,Hoàn thành,Hợp lệ,2026-06-26 11:23:12,2026-06-28 11:10:05,2026-06-28 11:10:05,42422207632,Dầu Xả Dưỡng Tóc Thiên Nhiên 95% Le Petit Marseillais Dịu Nhẹ Siêu Mềm Mượt Nhiều Mùi Hương 200ml,297646808535,Sắc Đẹp,Chăm sóc tóc,Dầu xả,466255413326418_0_0,250000,1,Shop dì của Cúc,tranthanhvan080802,,176556107,,Chiến dịch mở rộng,165000,0,Đơn hàng gián tiếp,7425,7425,"4,5%",0,0%,0,0,0,,Facebook,8019,Đã khấu trừ,Khấu trừ theo đơn hàng,2026-06-28 11:10:33
26062645FUVKJ6,Hoàn thành,Hợp lệ,2026-06-26 10:22:20,2026-06-27 11:15:44,2026-06-27 11:15:44,44004810239,Combo Dầu Gội Xả Thiên Nhiên Chăm Sóc Tóc Le Petit Marseillais Mềm Mượt,380972210356,Sắc Đẹp,Chăm sóc tóc,Dầu gội,,720000,1,ACCESSTRADEVN,accesstrade_banking,,140733646,,Chiến dịch mở rộng,452019,0,Đơn hàng trực tiếp,40681.71,40681.71,9%,0,0%,40681.71,40681.71,0,,Websites,43936,Đã khấu trừ,Khấu trừ theo đơn hàng,2026-06-27 11:16:11
26062643RTGSF6,Hoàn thành,Hợp lệ,2026-06-26 09:51:33,2026-06-28 23:41:36,2026-06-28 23:41:36,25644330193,[QUÀ TẶNG KHÔNG BÁN] Bông Tạo Bọt Kì Cọ Tẩy Da Chết Màu Ngẫu Nhiên,346005340612,Nhà cửa & Đời sống,Đồ dùng phòng tắm,Bông tắm,466255413326418_0_0,0,1,ShopBack Việt Nam,shopbackvn_,,122682417,,Chiến dịch mở rộng,0,0,Đơn hàng trực tiếp,0,0,8%,0,0%,14144.24,14144.24,0,,Websites,0,,,
26062643RTGSF6,Hoàn thành,Hợp lệ,2026-06-26 09:51:33,2026-06-28 23:41:36,2026-06-28 23:41:36,29880370481,Kem Dưỡng Tay 24h Thiên Nhiên Le Petit Marseillais Nhiều Mùi Hương 75ml,128470976818,Sắc Đẹp,"Chăm sóc tay, chân & móng",Chăm sóc tay,466255413326418_0_0,250000,1,ShopBack Việt Nam,shopbackvn_,,112922896,,Chiến dịch mở rộng,176803,0,Đơn hàng trực tiếp,14144.24,14144.24,8%,0,0%,0,0,0,,Websites,15276,Đã khấu trừ,Khấu trừ theo đơn hàng,2026-06-28 23:42:03
26062642KMA0UU,Hoàn thành,Hợp lệ,2026-06-26 09:30:46,2026-06-30 15:50:03,2026-06-30 15:50:03,25644330193,[QUÀ TẶNG KHÔNG BÁN] Bông Tạo Bọt Kì Cọ Tẩy Da Chết Màu Ngẫu Nhiên,346005340612,Nhà cửa & Đời sống,Đồ dùng phòng tắm,Bông tắm,466255413326418_0_0,0,1,Nguyễn Huy Hoàng,u5blabn_af,,122682417,,Chiến dịch mở rộng,0,0,Đơn hàng gián tiếp,0,0,4%,0,0%,7696.35,7696.35,0,,Others,0,,,
26062642KMA0UU,Hoàn thành,Hợp lệ,2026-06-26 09:30:46,2026-06-30 15:50:03,2026-06-30 15:50:03,29778424340,Gel Tắm 92% Thiên Nhiên Le Petit Marseillais Dịu Nhẹ Cam Hữu Cơ & Bưởi Hữu Cơ 650ml 1868,345969840924,Sắc Đẹp,Tắm & chăm sóc cơ thể,Xà phòng & sữa tắm,466255413326418_0_0,400000,1,Nguyễn Huy Hoàng,u5blabn_af,,109863134,,Chiến dịch mở rộng,171030,0,Đơn hàng gián tiếp,7696.35,7696.35,"4,5%",0,0%,0,0,0,,Others,8312,Đã khấu trừ,Khấu trừ theo đơn hàng,2026-06-30 17:36:19
2606263W6BMESW,Hoàn thành,Hợp lệ,2026-06-26 07:53:51,2026-06-27 12:19:08,2026-06-27 12:19:08,25644330193,[QUÀ TẶNG KHÔNG BÁN] Bông Tạo Bọt Kì Cọ Tẩy Da Chết Màu Ngẫu Nhiên,346005340612,Nhà cửa & Đời sống,Đồ dùng phòng tắm,Bông tắm,466255413326418_0_0,0,1,CreatorX Media Network,creatorxmedianetwork,,122682417,,Chiến dịch mở rộng,0,0,Đơn hàng gián tiếp,0,0,4%,0,0%,47894,47894,0,,Others,0,,,
2606263W6BMESW,Hoàn thành,Hợp lệ,2026-06-26 07:53:51,2026-06-27 12:19:08,2026-06-27 12:19:08,27742398068,Gel Rửa Tay Thiên Nhiên 92% Le Petit Marseillais Dịu Nhẹ Lành Tính Bảo Vệ Da Nhiều Mùi Hương 300ml,350970286543,Sắc Đẹp,"Chăm sóc tay, chân & móng",Chăm sóc tay,466255413326418_0_0,290000,1,CreatorX Media Network,creatorxmedianetwork,,176541211,,Chiến dịch mở rộng,221166,0,Đơn hàng gián tiếp,8846.64,8846.64,4%,0,0%,0,0,0,,Others,9554,Đã khấu trừ,Khấu trừ theo đơn hàng,2026-06-27 12:19:36
2606263W6BMESW,Hoàn thành,Hợp lệ,2026-06-26 07:53:51,2026-06-27 12:19:08,2026-06-27 12:19:08,27877881563,Sữa Tắm Hoa Hồng Dại Le Petit Marseillais Hữu Cơ 98% Thiên Nhiên 250ml 8867,375970386123,Sắc Đẹp,Tắm & chăm sóc cơ thể,Xà phòng & sữa tắm,466255413326418_0_0,270000,1,CreatorX Media Network,creatorxmedianetwork,,109863152,,Chiến dịch mở rộng,205917,0,Đơn hàng gián tiếp,8236.68,8236.68,4%,0,0%,0,0,0,,Others,8896,Đã khấu trừ,Khấu trừ theo đơn hàng,2026-06-27 12:19:36
2606263W6BMESW,Hoàn thành,Hợp lệ,2026-06-26 07:53:51,2026-06-27 12:19:08,2026-06-27 12:19:08,28379882165,Mặt Nạ Dưỡng Tóc 4in1 96% Thiên Nhiên Le Petit Marseillais Chiết Xuất Dừa Hữu Cơ 300ml 5209,350970222410,Sắc Đẹp,Chăm sóc tóc,Sản phẩm dưỡng tóc,466255413326418_0_0,500000,1,CreatorX Media Network,creatorxmedianetwork,,111647800,,Chiến dịch mở rộng,381320,0,Đơn hàng gián tiếp,15252.8,15252.8,4%,0,0%,0,0,0,,Others,16473,Đã khấu trừ,Khấu trừ theo đơn hàng,2026-06-27 12:19:36
2606263W6BMESW,Hoàn thành,Hợp lệ,2026-06-26 07:53:51,2026-06-27 12:19:08,2026-06-27 12:19:08,29479870641,Sữa Dưỡng Thể Cao Cấp 48h 95% Thiên Nhiên Le Petit Marseillais Siêu Dịu nhẹ Hoa Hạnh Nhân Hữu Cơ 250ml 7412,320970370473,Sắc Đẹp,Tắm & chăm sóc cơ thể,Kem & sữa dưỡng thể,466255413326418_0_0,510000,1,CreatorX Media Network,creatorxmedianetwork,,111608085,,Chiến dịch mở rộng,388947,0,Đơn hàng gián tiếp,15557.88,15557.88,4%,0,0%,0,0,0,,Others,16803,Đã khấu trừ,Khấu trừ theo đơn hàng,2026-06-27 12:19:36
2606263T1BMA48,Hoàn thành,Hợp lệ,2026-06-26 06:57:23,2026-06-29 16:42:28,2026-06-29 16:42:28,25644330193,[QUÀ TẶNG KHÔNG BÁN] Bông Tạo Bọt Kì Cọ Tẩy Da Chết Màu Ngẫu Nhiên,346005340612,Nhà cửa & Đời sống,Đồ dùng phòng tắm,Bông tắm,466255413326418_0_0,0,1,CreatorX Media Network,creatorxmedianetwork,,122682417,,Chiến dịch mở rộng,0,0,Đơn hàng gián tiếp,0,0,4%,0,0%,5890.41,5890.41,0,,Others,0,,,
2606263T1BMA48,Hoàn thành,Hợp lệ,2026-06-26 06:57:23,2026-06-29 16:42:28,2026-06-29 16:42:28,29480146096,Sữa Tắm Thiên Nhiên 92% Le Petit Marseillais Nhiều Mùi Hương 250ml,315970228700,Sắc Đẹp,Tắm & chăm sóc cơ thể,Xà phòng & sữa tắm,466255413326418_0_0,210000,1,CreatorX Media Network,creatorxmedianetwork,,112409565,,Chiến dịch mở rộng,130898,0,Đơn hàng gián tiếp,5890.41,5890.41,"4,5%",0,0%,0,0,0,,Others,6362,Đã khấu trừ,Khấu trừ theo đơn hàng,2026-06-29 16:42:55
2606263PY67AH0,Hoàn thành,Hợp lệ,2026-06-26 06:02:28,2026-06-28 12:38:15,2026-06-28 12:38:15,24142870859,Sữa Tắm Thơm Lâu Le Petit Marseillais Gel 92% Thiên Nhiên Da Nhạy Cảm Nhiều Mùi Hương 650ml,350973489402,Sắc Đẹp,Tắm & chăm sóc cơ thể,Xà phòng & sữa tắm,466255413326418_0_0,400000,1,abcdreamgirl,hoapham2408,,112430963,,Chiến dịch mở rộng,233435,0,Đơn hàng gián tiếp,10504.575,10504.575,"4,5%",0,0%,10504.575,10504.575,0,,Instagram,11345,Đã khấu trừ,Khấu trừ theo đơn hàng,2026-06-28 12:38:42
2606263PY67AH0,Hoàn thành,Hợp lệ,2026-06-26 06:02:28,2026-06-28 12:38:15,2026-06-28 12:38:15,25644330193,[QUÀ TẶNG KHÔNG BÁN] Bông Tạo Bọt Kì Cọ Tẩy Da Chết Màu Ngẫu Nhiên,346005340612,Nhà cửa & Đời sống,Đồ dùng phòng tắm,Bông tắm,466255413326418_0_0,0,1,abcdreamgirl,hoapham2408,,122682417,,Chiến dịch mở rộng,0,0,Đơn hàng gián tiếp,0,0,4%,0,0%,0,0,0,,Instagram,0,,,
26062636S8B5R5,Hoàn thành,Hợp lệ,2026-06-26 01:12:49,2026-06-30 20:40:44,2026-06-30 20:40:44,25692866155,Sữa Tắm Nam 4 in 1 92% Thiên Nhiên Le Petit Marseillais Nhiều Mùi Hương 250ml,345969754133,Sắc Đẹp,Chăm sóc nam giới,Sữa tắm & chăm sóc cơ thể,466255413326418_0_0,210000,1,Duy Khánh,duykhanhbavi,Passio,112434462,,Chiến dịch mở rộng,162000,0,Đơn hàng trực tiếp,12960,12960,8%,0,0%,25920,25920,0,,Shopeelive-Shopee,13997,Đã khấu trừ,Khấu trừ theo đơn hàng,2026-06-30 20:41:11
26062636S8B5R5,Hoàn thành,Hợp lệ,2026-06-26 01:12:49,2026-06-30 20:40:44,2026-06-30 20:40:44,25644330193,[QUÀ TẶNG KHÔNG BÁN] Bông Tạo Bọt Kì Cọ Tẩy Da Chết Màu Ngẫu Nhiên,346005340612,Nhà cửa & Đời sống,Đồ dùng phòng tắm,Bông tắm,466255413326418_0_0,0,1,Duy Khánh,duykhanhbavi,Passio,122682417,,Chiến dịch mở rộng,0,0,Đơn hàng trực tiếp,0,0,8%,0,0%,0,0,0,,Shopeelive-Shopee,0,,,
26062636S8B5R5,Hoàn thành,Hợp lệ,2026-06-26 01:12:49,2026-06-30 20:40:44,2026-06-30 20:40:44,25692866155,Sữa Tắm Nam 4 in 1 92% Thiên Nhiên Le Petit Marseillais Nhiều Mùi Hương 250ml,345969754130,Sắc Đẹp,Chăm sóc nam giới,Sữa tắm & chăm sóc cơ thể,466255413326418_0_0,210000,1,Duy Khánh,duykhanhbavi,Passio,112434462,,Chiến dịch mở rộng,162000,0,Đơn hàng trực tiếp,12960,12960,8%,0,0%,0,0,0,,Shopeelive-Shopee,13997,Đã khấu trừ,Khấu trừ theo đơn hàng,2026-06-30 20:41:11
26062632KE9MU7,Hoàn thành,Hợp lệ,2026-06-25 23:57:59,2026-06-30 20:17:13,2026-06-30 20:17:13,29480146096,Sữa Tắm Thiên Nhiên 92% Le Petit Marseillais Nhiều Mùi Hương 250ml,310970228928,Sắc Đẹp,Tắm & chăm sóc cơ thể,Xà phòng & sữa tắm,466255413326418_0_0,205000,1,Ngô Khánh Linh ,khanhlinh123qn,,112409565,,Chiến dịch mở rộng,164000,0,Đơn hàng trực tiếp,14760,14760,9%,0,0%,14760,14760,0,,Shopeelive-Shopee,15941,Đã khấu trừ,Khấu trừ theo đơn hàng,2026-06-30 20:17:40
26062632KE9MU7,Hoàn thành,Hợp lệ,2026-06-25 23:57:59,2026-06-30 20:17:13,2026-06-30 20:17:13,25644330193,[QUÀ TẶNG KHÔNG BÁN] Bông Tạo Bọt Kì Cọ Tẩy Da Chết Màu Ngẫu Nhiên,346005340612,Nhà cửa & Đời sống,Đồ dùng phòng tắm,Bông tắm,466255413326418_0_0,0,1,Ngô Khánh Linh ,khanhlinh123qn,,122682417,,Chiến dịch mở rộng,0,0,Đơn hàng trực tiếp,0,0,8%,0,0%,0,0,0,,Shopeelive-Shopee,0,,,
260626320W3046,Hoàn thành,Hợp lệ,2026-06-25 23:47:37,2026-06-28 09:05:51,2026-06-28 09:05:51,24142870859,Sữa Tắm Thơm Lâu Le Petit Marseillais Gel 92% Thiên Nhiên Da Nhạy Cảm Nhiều Mùi Hương 650ml,350973489411,Sắc Đẹp,Tắm & chăm sóc cơ thể,Xà phòng & sữa tắm,466255413326418_0_0,395000,1,Nhữ Quỳnh Anh,nhuquynhanhanh,,112430963,,Chiến dịch mở rộng,304000,0,Đơn hàng gián tiếp,13680,13680,"4,5%",0,0%,13680,13680,0,,Facebook,14774,Đã khấu trừ,Khấu trừ theo đơn hàng,2026-06-28 09:06:18
260626320W3046,Hoàn thành,Hợp lệ,2026-06-25 23:47:37,2026-06-28 09:05:51,2026-06-28 09:05:51,25644330193,[QUÀ TẶNG KHÔNG BÁN] Bông Tạo Bọt Kì Cọ Tẩy Da Chết Màu Ngẫu Nhiên,346005340612,Nhà cửa & Đời sống,Đồ dùng phòng tắm,Bông tắm,466255413326418_0_0,0,1,Nhữ Quỳnh Anh,nhuquynhanhanh,,122682417,,Chiến dịch mở rộng,0,0,Đơn hàng gián tiếp,0,0,4%,0,0%,0,0,0,,Facebook,0,,,
26062631WR20M1,Hoàn thành,Hợp lệ,2026-06-25 23:45:50,2026-06-29 19:36:08,2026-06-29 19:36:08,25644330193,[QUÀ TẶNG KHÔNG BÁN] Bông Tạo Bọt Kì Cọ Tẩy Da Chết Màu Ngẫu Nhiên,346005340612,Nhà cửa & Đời sống,Đồ dùng phòng tắm,Bông tắm,466255413326418_0_0,0,1,Bánh,a2tqs5tau4,,122682417,,Chiến dịch mở rộng,0,0,Đơn hàng trực tiếp,0,0,8%,0,0%,18455.28,18455.28,0,,Others,0,,,
26062631WR20M1,Hoàn thành,Hợp lệ,2026-06-25 23:45:50,2026-06-29 19:36:08,2026-06-29 19:36:08,29328425458,Sữa Tắm 92% Thiên Nhiên Le Petit Marseillais Dịu Nhẹ Hoa Cam Hữu Cơ 650ml 9109,297645466970,Sắc Đẹp,Tắm & chăm sóc cơ thể,Xà phòng & sữa tắm,466255413326418_0_0,395000,1,Bánh,a2tqs5tau4,,109863141,,Chiến dịch mở rộng,230691,0,Đơn hàng trực tiếp,18455.28,18455.28,8%,0,0%,0,0,0,,Others,19932,Đã khấu trừ,Khấu trừ theo đơn hàng,2026-06-29 19:36:36
26062630VAXBDR,Hoàn thành,Hợp lệ,2026-06-25 23:27:11,2026-06-30 10:12:15,2026-06-30 10:12:15,25644330193,[QUÀ TẶNG KHÔNG BÁN] Bông Tạo Bọt Kì Cọ Tẩy Da Chết Màu Ngẫu Nhiên,346005340612,Nhà cửa & Đời sống,Đồ dùng phòng tắm,Bông tắm,466255413326418_0_0,0,1,CreatorX Media Network,creatorxmedianetwork,,122682417,,Chiến dịch mở rộng,0,0,Đơn hàng gián tiếp,0,0,4%,0,0%,10496,10496,0,,Others,0,,,
26062630VAXBDR,Hoàn thành,Hợp lệ,2026-06-25 23:27:11,2026-06-30 10:12:15,2026-06-30 10:12:15,28477885235,Gel Tắm 98% Thiên Nhiên Le Petit Marseillais Dưỡng Ẩm Siêu Dịu Nhẹ Lô Hội 400ml 5031,292645492755,Sắc Đẹp,Tắm & chăm sóc cơ thể,Xà phòng & sữa tắm,466255413326418_0_0,335000,1,CreatorX Media Network,creatorxmedianetwork,,109863136,,Chiến dịch mở rộng,262400,0,Đơn hàng gián tiếp,10496,10496,4%,0,0%,0,0,0,,Others,11336,Đã khấu trừ,Khấu trừ theo đơn hàng,2026-06-30 10:12:43
260626306MQ4G5,Hoàn thành,Hợp lệ,2026-06-25 23:15:03,2026-06-30 12:37:20,2026-06-30 12:37:20,25644330193,[QUÀ TẶNG KHÔNG BÁN] Bông Tạo Bọt Kì Cọ Tẩy Da Chết Màu Ngẫu Nhiên,346005340612,Nhà cửa & Đời sống,Đồ dùng phòng tắm,Bông tắm,466255413326418_0_0,0,1,HARRY,chihieunguyen95,,122682417,,Chiến dịch mở rộng,0,0,Đơn hàng trực tiếp,0,0,8%,0,0%,14675.13,14675.13,0,,Zalo,0,,,
260626306MQ4G5,Hoàn thành,Hợp lệ,2026-06-25 23:15:03,2026-06-30 12:37:20,2026-06-30 12:37:20,29480146096,Sữa Tắm Thiên Nhiên 92% Le Petit Marseillais Nhiều Mùi Hương 250ml,315970228696,Sắc Đẹp,Tắm & chăm sóc cơ thể,Xà phòng & sữa tắm,466255413326418_0_0,205000,1,HARRY,chihieunguyen95,,112409565,,Chiến dịch mở rộng,163057,0,Đơn hàng trực tiếp,14675.13,14675.13,9%,0,0%,0,0,0,,Zalo,15849,Đã khấu trừ,Khấu trừ theo đơn hàng,2026-06-30 12:37:49
2606252YABNCCJ,Hoàn thành,Hợp lệ,2026-06-25 22:59:13,2026-06-28 08:46:44,2026-06-28 08:46:44,25644330193,[QUÀ TẶNG KHÔNG BÁN] Bông Tạo Bọt Kì Cọ Tẩy Da Chết Màu Ngẫu Nhiên,346005340612,Nhà cửa & Đời sống,Đồ dùng phòng tắm,Bông tắm,466255413326418_0_0,0,1,Alex Dealer shopee ☑️,hhshop9x,,122682417,,Chiến dịch mở rộng,0,0,Đơn hàng trực tiếp,0,0,8%,0,0%,31600,31600,0,,Shopeevideo-Shopee,0,,,
2606252YABNCCJ,Hoàn thành,Hợp lệ,2026-06-25 22:59:13,2026-06-28 08:46:44,2026-06-28 08:46:44,25692866155,Sữa Tắm Nam 4 in 1 92% Thiên Nhiên Le Petit Marseillais Nhiều Mùi Hương 250ml,345969754133,Sắc Đẹp,Chăm sóc nam giới,Sữa tắm & chăm sóc cơ thể,466255413326418_0_0,205000,2,Alex Dealer shopee ☑️,hhshop9x,,112434462,,Chiến dịch mở rộng,395000,0,Đơn hàng trực tiếp,31600,31600,8%,0,0%,0,0,0,,Shopeevideo-Shopee,34128,Đã khấu trừ,Khấu trừ theo đơn hàng,2026-06-28 08:47:11
2606252XQNQ8C5,Hoàn thành,Hợp lệ,2026-06-25 22:48:46,2026-07-01 12:34:32,2026-07-01 12:34:32,25644330193,[QUÀ TẶNG KHÔNG BÁN] Bông Tạo Bọt Kì Cọ Tẩy Da Chết Màu Ngẫu Nhiên,346005340612,Nhà cửa & Đời sống,Đồ dùng phòng tắm,Bông tắm,466255413326418_0_0,0,1,Nguyễn Nhật,nguyennhat.28,,122682417,,Chiến dịch mở rộng,0,0,Đơn hàng gián tiếp,0,0,4%,0,0%,3847.5,3847.5,0,,Facebook,0,,,
2606252XQNQ8C5,Hoàn thành,Hợp lệ,2026-06-25 22:48:46,2026-07-01 12:34:32,2026-07-01 12:34:32,28179873093,Dầu Gội Thiên Nhiên 2in1 97% Sạch Gàu Le Petit Marseillais Chiết Xuất Bạc Hà Hữu Cơ 250ml 4042,287645622650,Sắc Đẹp,Chăm sóc tóc,Dầu gội,466255413326418_0_0,265000,1,Nguyễn Nhật,nguyennhat.28,,111642571,,Chiến dịch mở rộng,85500,0,Đơn hàng gián tiếp,3847.5,3847.5,"4,5%",0,0%,0,0,0,,Facebook,4155,Đã khấu trừ,Khấu trừ theo đơn hàng,2026-07-01 12:34:59
2606252WW5V7Q1,Hoàn thành,Hợp lệ,2026-06-25 22:33:57,2026-07-01 13:23:05,2026-07-01 13:23:05,44004810239,Combo Dầu Gội Xả Thiên Nhiên Chăm Sóc Tóc Le Petit Marseillais Mềm Mượt,380972210353,Sắc Đẹp,Chăm sóc tóc,Dầu gội,,515000,1,Vu Hoang De,vuhoangde.1999,"Accesstrade,Interspace",140733646,,Chiến dịch mở rộng,380000,0,Đơn hàng trực tiếp,34200,34200,9%,0,0%,34200,34200,0,,Shopeevideo-Shopee,36936,Đã khấu trừ,Khấu trừ theo đơn hàng,2026-07-01 13:23:32
2606252WNNJ3VX,Hoàn thành,Hợp lệ,2026-06-25 22:29:45,2026-06-29 00:42:56,2026-06-29 00:42:56,25644330193,[QUÀ TẶNG KHÔNG BÁN] Bông Tạo Bọt Kì Cọ Tẩy Da Chết Màu Ngẫu Nhiên,346005340612,Nhà cửa & Đời sống,Đồ dùng phòng tắm,Bông tắm,466255413326418_0_0,0,1,thatskincare.addict,nguyen_linh2907,,122682417,,Chiến dịch mở rộng,0,0,Đơn hàng gián tiếp,0,0,4%,0,0%,11131.92,11131.92,0,,Websites,0,,,
2606252WNNJ3VX,Hoàn thành,Hợp lệ,2026-06-25 22:29:45,2026-06-29 00:42:56,2026-06-29 00:42:56,27927398680,Sữa Tắm 92% Thiên Nhiên Le Petit Marseillais Dịu Nhẹ Đào Trắng Hữu Cơ Và Xuân Đào Hữu Cơ 650ml 1288,440969802305,Sắc Đẹp,Tắm & chăm sóc cơ thể,Xà phòng & sữa tắm,466255413326418_0_0,395000,1,thatskincare.addict,nguyen_linh2907,,109863155,,Chiến dịch mở rộng,247376,0,Đơn hàng gián tiếp,11131.92,11131.92,"4,5%",0,0%,0,0,0,,Websites,12022,Đã khấu trừ,Khấu trừ theo đơn hàng,2026-06-29 01:02:14
2606252WN0KSG7,Hoàn thành,Hợp lệ,2026-06-25 22:29:23,2026-07-01 11:40:12,2026-07-01 11:40:12,27730151664,Sữa Tắm Dưỡng Ẩm 98% Thiên Nhiên Le Petit Marseillais Hữu Cơ Nhiều Mùi Hương Thơm 400ml,365969915566,Sắc Đẹp,Tắm & chăm sóc cơ thể,Xà phòng & sữa tắm,,335000,1,CreatorX Media Network,creatorxmedianetwork,,112426971,,Chiến dịch mở rộng,256000,0,Đơn hàng gián tiếp,11520,11520,"4,5%",0,0%,11520,11520,0,,Websites,12442,Đã khấu trừ,Khấu trừ theo đơn hàng,2026-07-01 11:40:41
2606252UVVSMH8,Hoàn thành,Hợp lệ,2026-06-25 21:58:00,2026-06-30 11:01:21,2026-06-30 11:01:21,25692866155,Sữa Tắm Nam 4 in 1 92% Thiên Nhiên Le Petit Marseillais Nhiều Mùi Hương 250ml,345969754130,Sắc Đẹp,Chăm sóc nam giới,Sữa tắm & chăm sóc cơ thể,466255413326418_0_0,205000,1,YouTube Shopping,youtube_shopping_vn,,112434462,,Chiến dịch mở rộng,158767,0,Đơn hàng gián tiếp,6350.68,6350.68,4%,0,0%,15586.165,15586.165,0,,YouTube,6859,Đã khấu trừ,Khấu trừ theo đơn hàng,2026-06-30 11:01:52
2606252UVVSMH8,Hoàn thành,Hợp lệ,2026-06-25 21:58:00,2026-06-30 11:01:21,2026-06-30 11:01:21,29680365284,Dầu Gội Thiên Nhiên Le Petit Marseillais Hữu Cơ Nhiều Mùi Hương 250ml,370971985648,Sắc Đẹp,Chăm sóc tóc,Dầu gội,466255413326418_0_0,265000,1,YouTube Shopping,youtube_shopping_vn,,112920799,,Chiến dịch mở rộng,205233,0,Đơn hàng gián tiếp,9235.485,9235.485,"4,5%",0,0%,0,0,0,,YouTube,9974,Đã khấu trừ,Khấu trừ theo đơn hàng,2026-06-30 11:01:52
2606252UVVSMH8,Hoàn thành,Hợp lệ,2026-06-25 21:58:00,2026-06-30 11:01:21,2026-06-30 11:01:21,25644330193,[QUÀ TẶNG KHÔNG BÁN] Bông Tạo Bọt Kì Cọ Tẩy Da Chết Màu Ngẫu Nhiên,346005340612,Nhà cửa & Đời sống,Đồ dùng phòng tắm,Bông tắm,466255413326418_0_0,0,1,YouTube Shopping,youtube_shopping_vn,,122682417,,Chiến dịch mở rộng,0,0,Đơn hàng gián tiếp,0,0,4%,0,0%,0,0,0,,YouTube,0,,,
2606252UA5WEUD,Hoàn thành,Hợp lệ,2026-06-25 21:47:33,2026-06-30 20:21:49,2026-06-30 20:21:49,25644330193,[QUÀ TẶNG KHÔNG BÁN] Bông Tạo Bọt Kì Cọ Tẩy Da Chết Màu Ngẫu Nhiên,346005340612,Nhà cửa & Đời sống,Đồ dùng phòng tắm,Bông tắm,466255413326418_0_0,0,1,Quỳnh Lương,quynhluonghihi,,122682417,,Chiến dịch mở rộng,0,0,Đơn hàng gián tiếp,0,0,4%,0,0%,6522.28,6522.28,0,,Facebook,0,,,
2606252UA5WEUD,Hoàn thành,Hợp lệ,2026-06-25 21:47:33,2026-06-30 20:21:49,2026-06-30 20:21:49,27679422917,Sữa Tắm Nam 4 in 1 92% Thiên Nhiên Le Petit Marseillais Chiết Xuất Gỗ Cam Đắng & Argan 250ml 1431,355969731723,Sắc Đẹp,Chăm sóc nam giới,Sữa tắm & chăm sóc cơ thể,466255413326418_0_0,205000,1,Quỳnh Lương,quynhluonghihi,,110661763,,Chiến dịch mở rộng,163057,0,Đơn hàng gián tiếp,6522.28,6522.28,4%,0,0%,0,0,0,,Facebook,7044,Đã khấu trừ,Khấu trừ theo đơn hàng,2026-06-30 20:22:16
2606252TMEN02C,Hoàn thành,Hợp lệ,2026-06-25 21:35:23,2026-06-27 14:28:32,2026-06-27 14:28:32,25644330193,[QUÀ TẶNG KHÔNG BÁN] Bông Tạo Bọt Kì Cọ Tẩy Da Chết Màu Ngẫu Nhiên,346005340612,Nhà cửa & Đời sống,Đồ dùng phòng tắm,Bông tắm,466255413326418_0_0,0,1,hienhanh936,hienhanh936,,122682417,,Chiến dịch mở rộng,0,0,Đơn hàng trực tiếp,0,0,8%,0,0%,35226,35226,0,,Shopeevideo-Shopee,0,,,
2606252TMEN02C,Hoàn thành,Hợp lệ,2026-06-25 21:35:23,2026-06-27 14:28:32,2026-06-27 14:28:32,28980146591,Gel Tắm Hữu Cơ BIO 98% Thiên Nhiên Le Petit Marseillais Nhiều Mùi Hương 250ml,315970996472,Sắc Đẹp,Tắm & chăm sóc cơ thể,Xà phòng & sữa tắm,466255413326418_0_0,265000,1,hienhanh936,hienhanh936,,112420787,,Chiến dịch mở rộng,195700,0,Đơn hàng trực tiếp,17613,17613,9%,0,0%,0,0,0,,Shopeevideo-Shopee,19022,Đã khấu trừ,Khấu trừ theo đơn hàng,2026-06-27 14:28:59
2606252TMEN02C,Hoàn thành,Hợp lệ,2026-06-25 21:35:23,2026-06-27 14:28:32,2026-06-27 14:28:32,28980146591,Gel Tắm Hữu Cơ BIO 98% Thiên Nhiên Le Petit Marseillais Nhiều Mùi Hương 250ml,315970996473,Sắc Đẹp,Tắm & chăm sóc cơ thể,Xà phòng & sữa tắm,466255413326418_0_0,265000,1,hienhanh936,hienhanh936,,112420787,,Chiến dịch mở rộng,195700,0,Đơn hàng trực tiếp,17613,17613,9%,0,0%,0,0,0,,Shopeevideo-Shopee,19022,Đã khấu trừ,Khấu trừ theo đơn hàng,2026-06-27 14:28:59
2606252RYKSHHN,Hoàn thành,Hợp lệ,2026-06-25 21:05:50,2026-06-30 12:04:01,2026-06-30 12:04:01,25644330193,[QUÀ TẶNG KHÔNG BÁN] Bông Tạo Bọt Kì Cọ Tẩy Da Chết Màu Ngẫu Nhiên,346005340612,Nhà cửa & Đời sống,Đồ dùng phòng tắm,Bông tắm,466255413326418_0_0,0,1,Tran,tranthuc891,,122682417,,Chiến dịch mở rộng,0,0,Đơn hàng gián tiếp,0,0,4%,0,0%,10943.955,10943.955,0,,Messenger,0,,,
2606252RYKSHHN,Hoàn thành,Hợp lệ,2026-06-25 21:05:50,2026-06-30 12:04:01,2026-06-30 12:04:01,27730151664,Sữa Tắm Dưỡng Ẩm 98% Thiên Nhiên Le Petit Marseillais Hữu Cơ Nhiều Mùi Hương Thơm 400ml,365969915562,Sắc Đẹp,Tắm & chăm sóc cơ thể,Xà phòng & sữa tắm,466255413326418_0_0,335000,1,Tran,tranthuc891,,112426971,,Chiến dịch mở rộng,243199,0,Đơn hàng gián tiếp,10943.955,10943.955,"4,5%",0,0%,0,0,0,,Messenger,11819,Đã khấu trừ,Khấu trừ theo đơn hàng,2026-06-30 12:04:28
2606252RE7RXXE,Hoàn thành,Hợp lệ,2026-06-25 20:56:08,2026-06-30 15:47:12,2026-06-30 15:47:12,25644330193,[QUÀ TẶNG KHÔNG BÁN] Bông Tạo Bọt Kì Cọ Tẩy Da Chết Màu Ngẫu Nhiên,346005340612,Nhà cửa & Đời sống,Đồ dùng phòng tắm,Bông tắm,466255413326418_0_0,0,1,Dung,shopdieunhianh,,122682417,,Chiến dịch mở rộng,0,0,Đơn hàng trực tiếp,0,0,8%,0,0%,20088,20088,0,,Shopeelive-Shopee,0,,,
2606252RE7RXXE,Hoàn thành,Hợp lệ,2026-06-25 20:56:08,2026-06-30 15:47:12,2026-06-30 15:47:12,40150321685,Dầu Gội Trẻ Em 2in1 94% Thiên Nhiên Le Petit Marseillais Giúp Gỡ Rối Tóc Chiết Xuất Quả Mâm Xôi & Bông 300ml 0442,310970725469,Mẹ & Bé,Đồ dùng phòng tắm & Chăm sóc cơ thể bé,Sản phẩm tắm & gội cho bé,466255413326418_0_0,325000,1,Dung,shopdieunhianh,,128185567,,Chiến dịch mở rộng,251100,0,Đơn hàng trực tiếp,20088,20088,8%,0,0%,0,0,0,,Shopeelive-Shopee,21695,Đã khấu trừ,Khấu trừ theo đơn hàng,2026-06-30 17:36:08
2606252PJFQEQ6,Hoàn thành,Hợp lệ,2026-06-25 20:22:42,2026-06-27 13:10:55,2026-06-27 13:10:55,47256666039,[DEAL 8/3] COMBO Dầu Gội Cho Bé 300ML + Sữa Tắm Cho Mẹ 400ML Thiên Nhiên Le Petit Marseillais Hữu Cơ,355972406447,Mẹ & Bé,Đồ dùng phòng tắm & Chăm sóc cơ thể bé,Sản phẩm tắm & gội cho bé,,665000,1,TRAMY RV CÓ TÂM,chutramy1910,,226840391,,Chiến dịch mở rộng,487500,0,Đơn hàng trực tiếp,34125,34125,7%,0,0%,34125,34125,0,,Shopeevideo-Shopee,36855,Đã khấu trừ,Khấu trừ theo đơn hàng,2026-06-27 13:11:22
2606252NNQCWA7,Hoàn thành,Hợp lệ,2026-06-25 20:06:37,2026-06-27 21:44:37,2026-06-27 21:44:37,25644330193,[QUÀ TẶNG KHÔNG BÁN] Bông Tạo Bọt Kì Cọ Tẩy Da Chết Màu Ngẫu Nhiên,346005340612,Nhà cửa & Đời sống,Đồ dùng phòng tắm,Bông tắm,466255413326418_0_0,0,1,aura.room,_ng.tuongvan_,,122682417,,Chiến dịch mở rộng,0,0,Đơn hàng trực tiếp,0,0,8%,0,0%,14317.2,14317.2,0,,Shopeevideo-Shopee,0,,,
2606252NNQCWA7,Hoàn thành,Hợp lệ,2026-06-25 20:06:37,2026-06-27 21:44:37,2026-06-27 21:44:37,29480146096,Sữa Tắm Thiên Nhiên 92% Le Petit Marseillais Nhiều Mùi Hương 250ml,315970228699,Sắc Đẹp,Tắm & chăm sóc cơ thể,Xà phòng & sữa tắm,466255413326418_0_0,205000,1,aura.room,_ng.tuongvan_,,112409565,,Chiến dịch mở rộng,159080,0,Đơn hàng trực tiếp,14317.2,14317.2,9%,0,0%,0,0,0,,Shopeevideo-Shopee,15463,Đã khấu trừ,Khấu trừ theo đơn hàng,2026-06-27 21:45:05
2606252MMMUT92,Hoàn thành,Hợp lệ,2026-06-25 19:48:07,2026-06-30 11:18:01,2026-06-30 11:18:01,25644330193,[QUÀ TẶNG KHÔNG BÁN] Bông Tạo Bọt Kì Cọ Tẩy Da Chết Màu Ngẫu Nhiên,346005340612,Nhà cửa & Đời sống,Đồ dùng phòng tắm,Bông tắm,466255413326418_0_0,0,1,aura.room,_ng.tuongvan_,,122682417,,Chiến dịch mở rộng,0,0,Đơn hàng trực tiếp,0,0,8%,0,0%,14129.19,14129.19,0,,Shopeevideo-Shopee,0,,,
2606252MMMUT92,Hoàn thành,Hợp lệ,2026-06-25 19:48:07,2026-06-30 11:18:01,2026-06-30 11:18:01,29480146096,Sữa Tắm Thiên Nhiên 92% Le Petit Marseillais Nhiều Mùi Hương 250ml,315970228700,Sắc Đẹp,Tắm & chăm sóc cơ thể,Xà phòng & sữa tắm,466255413326418_0_0,205000,1,aura.room,_ng.tuongvan_,,112409565,,Chiến dịch mở rộng,156991,0,Đơn hàng trực tiếp,14129.19,14129.19,9%,0,0%,0,0,0,,Shopeevideo-Shopee,15260,Đã khấu trừ,Khấu trừ theo đơn hàng,2026-06-30 11:18:29
2606252MERXSXX,Hoàn thành,Hợp lệ,2026-06-25 19:44:51,2026-06-30 11:40:02,2026-06-30 11:40:02,24142870859,Sữa Tắm Thơm Lâu Le Petit Marseillais Gel 92% Thiên Nhiên Da Nhạy Cảm Nhiều Mùi Hương 650ml,350973489410,Sắc Đẹp,Tắm & chăm sóc cơ thể,Xà phòng & sữa tắm,466255413326418_0_0,395000,1,Clip Thú Vị,bmjl31c6cv,,112430963,,Chiến dịch mở rộng,304000,0,Đơn hàng gián tiếp,13680,13680,"4,5%",0,0%,13680,13680,0,,Websites,14774,Đã khấu trừ,Khấu trừ theo đơn hàng,2026-06-30 11:40:29
2606252MERXSXX,Hoàn thành,Hợp lệ,2026-06-25 19:44:51,2026-06-30 11:40:02,2026-06-30 11:40:02,25644330193,[QUÀ TẶNG KHÔNG BÁN] Bông Tạo Bọt Kì Cọ Tẩy Da Chết Màu Ngẫu Nhiên,346005340612,Nhà cửa & Đời sống,Đồ dùng phòng tắm,Bông tắm,466255413326418_0_0,0,1,Clip Thú Vị,bmjl31c6cv,,122682417,,Chiến dịch mở rộng,0,0,Đơn hàng gián tiếp,0,0,4%,0,0%,0,0,0,,Websites,0,,,
2606252M22NXY3,Hoàn thành,Hợp lệ,2026-06-25 19:37:44,2026-06-30 10:41:34,2026-06-30 10:41:34,25644330193,[QUÀ TẶNG KHÔNG BÁN] Bông Tạo Bọt Kì Cọ Tẩy Da Chết Màu Ngẫu Nhiên,346005340612,Nhà cửa & Đời sống,Đồ dùng phòng tắm,Bông tắm,466255413326418_0_0,0,1,Nguyệt Nguyễn,nguyetnt1404,,122682417,,Chiến dịch mở rộng,0,0,Đơn hàng gián tiếp,0,0,4%,0,0%,5488.875,5488.875,0,,Websites,0,,,
2606252M22NXY3,Hoàn thành,Hợp lệ,2026-06-25 19:37:44,2026-06-30 10:41:34,2026-06-30 10:41:34,29480146096,Sữa Tắm Thiên Nhiên 92% Le Petit Marseillais Nhiều Mùi Hương 250ml,315970228701,Sắc Đẹp,Tắm & chăm sóc cơ thể,Xà phòng & sữa tắm,466255413326418_0_0,205000,1,Nguyệt Nguyễn,nguyetnt1404,,112409565,,Chiến dịch mở rộng,121975,0,Đơn hàng gián tiếp,5488.875,5488.875,"4,5%",0,0%,0,0,0,,Websites,5928,Đã khấu trừ,Khấu trừ theo đơn hàng,2026-06-30 10:42:02
2606252K8N6Q9R,Hoàn thành,Hợp lệ,2026-06-25 19:23:31,2026-06-28 21:05:01,2026-06-28 21:05:01,25644330193,[QUÀ TẶNG KHÔNG BÁN] Bông Tạo Bọt Kì Cọ Tẩy Da Chết Màu Ngẫu Nhiên,346005340612,Nhà cửa & Đời sống,Đồ dùng phòng tắm,Bông tắm,466255413326418_0_0,0,1,Daily,nauhihi,,122682417,,Chiến dịch mở rộng,0,0,Đơn hàng gián tiếp,0,0,4%,0,0%,7337.565,7337.565,0,,Facebook,0,,,
2606252K8N6Q9R,Hoàn thành,Hợp lệ,2026-06-25 19:23:31,2026-06-28 21:05:01,2026-06-28 21:05:01,29480146096,Sữa Tắm Thiên Nhiên 92% Le Petit Marseillais Nhiều Mùi Hương 250ml,315970228698,Sắc Đẹp,Tắm & chăm sóc cơ thể,Xà phòng & sữa tắm,466255413326418_0_0,205000,1,Daily,nauhihi,,112409565,,Chiến dịch mở rộng,163057,0,Đơn hàng gián tiếp,7337.565,7337.565,"4,5%",0,0%,0,0,0,,Facebook,7925,Đã khấu trừ,Khấu trừ theo đơn hàng,2026-06-28 21:05:28
2606252JG67GYR,Hoàn thành,Hợp lệ,2026-06-25 19:09:51,2026-06-29 08:46:00,2026-06-29 08:46:00,25644330193,[QUÀ TẶNG KHÔNG BÁN] Bông Tạo Bọt Kì Cọ Tẩy Da Chết Màu Ngẫu Nhiên,346005340612,Nhà cửa & Đời sống,Đồ dùng phòng tắm,Bông tắm,466255413326418_0_0,0,1,CreatorX Media Network,creatorxmedianetwork,,122682417,,Chiến dịch mở rộng,0,0,Đơn hàng gián tiếp,0,0,4%,0,0%,19812,19812,0,,Others,0,,,
2606252JG67GYR,Hoàn thành,Hợp lệ,2026-06-25 19:09:51,2026-06-29 08:46:00,2026-06-29 08:46:00,27586430985,Dầu Gội Trẻ Em 2in1 94% Thiên Nhiên Le Petit Marseillais Giúp Gỡ Rối Tóc Nhiều Mùi Hương 300ml,380970144964,Mẹ & Bé,Đồ dùng phòng tắm & Chăm sóc cơ thể bé,Sản phẩm tắm & gội cho bé,466255413326418_0_0,325000,2,CreatorX Media Network,creatorxmedianetwork,,128189901,,Chiến dịch mở rộng,495300,0,Đơn hàng gián tiếp,19812,19812,4%,0,0%,0,0,0,,Others,21397,Đã khấu trừ,Khấu trừ theo đơn hàng,2026-06-29 08:46:27
2606252GV7YQ3T,Hoàn thành,Hợp lệ,2026-06-25 18:40:47,2026-06-30 11:29:08,2026-06-30 11:29:08,24142870859,Sữa Tắm Thơm Lâu Le Petit Marseillais Gel 92% Thiên Nhiên Da Nhạy Cảm Nhiều Mùi Hương 650ml,350973489407,Sắc Đẹp,Tắm & chăm sóc cơ thể,Xà phòng & sữa tắm,466255413326418_0_0,395000,1,Opera,opera109,,112430963,,Chiến dịch mở rộng,245744,0,Đơn hàng gián tiếp,11058.48,11058.48,"4,5%",0,0%,11058.48,11058.48,0,,Others,11943,Đã khấu trừ,Khấu trừ theo đơn hàng,2026-06-30 11:29:35
2606252GV7YQ3T,Hoàn thành,Hợp lệ,2026-06-25 18:40:47,2026-06-30 11:29:08,2026-06-30 11:29:08,25644330193,[QUÀ TẶNG KHÔNG BÁN] Bông Tạo Bọt Kì Cọ Tẩy Da Chết Màu Ngẫu Nhiên,346005340612,Nhà cửa & Đời sống,Đồ dùng phòng tắm,Bông tắm,466255413326418_0_0,0,1,Opera,opera109,,122682417,,Chiến dịch mở rộng,0,0,Đơn hàng gián tiếp,0,0,4%,0,0%,0,0,0,,Others,0,,,
2606252FED675W,Hoàn thành,Hợp lệ,2026-06-25 18:15:10,2026-06-30 10:46:52,2026-06-30 10:46:52,24142870859,Sữa Tắm Thơm Lâu Le Petit Marseillais Gel 92% Thiên Nhiên Da Nhạy Cảm Nhiều Mùi Hương 650ml,350973489402,Sắc Đẹp,Tắm & chăm sóc cơ thể,Xà phòng & sữa tắm,466255413326418_0_0,395000,1,hằng,bbhang,,112430963,,Chiến dịch mở rộng,300200,0,Đơn hàng gián tiếp,13509,13509,"4,5%",0,0%,13509,13509,0,,Websites,14590,Đã khấu trừ,Khấu trừ theo đơn hàng,2026-06-30 10:47:21
2606252FED675W,Hoàn thành,Hợp lệ,2026-06-25 18:15:10,2026-06-30 10:46:52,2026-06-30 10:46:52,25644330193,[QUÀ TẶNG KHÔNG BÁN] Bông Tạo Bọt Kì Cọ Tẩy Da Chết Màu Ngẫu Nhiên,346005340612,Nhà cửa & Đời sống,Đồ dùng phòng tắm,Bông tắm,466255413326418_0_0,0,1,hằng,bbhang,,122682417,,Chiến dịch mở rộng,0,0,Đơn hàng gián tiếp,0,0,4%,0,0%,0,0,0,,Websites,0,,,
2606252D8HU8MK,Hoàn thành,Hợp lệ,2026-06-25 17:36:06,2026-06-30 14:08:44,2026-06-30 14:08:44,25644330193,[QUÀ TẶNG KHÔNG BÁN] Bông Tạo Bọt Kì Cọ Tẩy Da Chết Màu Ngẫu Nhiên,346005340612,Nhà cửa & Đời sống,Đồ dùng phòng tắm,Bông tắm,466255413326418_0_0,0,1,CreatorX Media Network,creatorxmedianetwork,,122682417,,Chiến dịch mở rộng,0,0,Đơn hàng trực tiếp,0,0,8%,0,0%,44400,44400,0,,Others,0,,,
2606252D8HU8MK,Hoàn thành,Hợp lệ,2026-06-25 17:36:06,2026-06-30 14:08:44,2026-06-30 14:08:44,27742398068,Gel Rửa Tay Thiên Nhiên 92% Le Petit Marseillais Dịu Nhẹ Lành Tính Bảo Vệ Da Nhiều Mùi Hương 300ml,350970286544,Sắc Đẹp,"Chăm sóc tay, chân & móng",Chăm sóc tay,466255413326418_0_0,285000,1,CreatorX Media Network,creatorxmedianetwork,,176541211,,Chiến dịch mở rộng,277500,0,Đơn hàng trực tiếp,22200,22200,8%,0,0%,0,0,0,,Others,23976,Đã khấu trừ,Khấu trừ theo đơn hàng,2026-06-30 17:25:10
2606252D8HU8MK,Hoàn thành,Hợp lệ,2026-06-25 17:36:06,2026-06-30 14:08:44,2026-06-30 14:08:44,42572192167,Gel Rửa Tay Thiên Nhiên 92% Le Petit Marseillais Dịu Nhẹ Chiết Xuất Xà Phòng Nguyên Chất Và Dầu Ô Liu 300ml 0491,282645755509,Sắc Đẹp,"Chăm sóc tay, chân & móng",Chăm sóc tay,466255413326418_0_0,285000,1,CreatorX Media Network,creatorxmedianetwork,,176518800,,Chiến dịch mở rộng,277500,0,Đơn hàng trực tiếp,22200,22200,8%,0,0%,0,0,0,,Others,23976,Đã khấu trừ,Khấu trừ theo đơn hàng,2026-06-30 17:25:10
2606252CYQH5FS,Hoàn thành,Hợp lệ,2026-06-25 17:31:09,2026-06-27 12:00:20,2026-06-27 12:00:20,25644330193,[QUÀ TẶNG KHÔNG BÁN] Bông Tạo Bọt Kì Cọ Tẩy Da Chết Màu Ngẫu Nhiên,346005340612,Nhà cửa & Đời sống,Đồ dùng phòng tắm,Bông tắm,466255413326418_0_0,0,1,CreatorX Media Network,creatorxmedianetwork,,122682417,,Chiến dịch mở rộng,0,0,Đơn hàng gián tiếp,0,0,4%,0,0%,80652,80652,0,,Others,0,,,
2606252CYQH5FS,Hoàn thành,Hợp lệ,2026-06-25 17:31:09,2026-06-27 12:00:20,2026-06-27 12:00:20,40150321685,Dầu Gội Trẻ Em 2in1 94% Thiên Nhiên Le Petit Marseillais Giúp Gỡ Rối Tóc Chiết Xuất Quả Mâm Xôi & Bông 300ml 0442,310970725469,Mẹ & Bé,Đồ dùng phòng tắm & Chăm sóc cơ thể bé,Sản phẩm tắm & gội cho bé,466255413326418_0_0,325000,4,CreatorX Media Network,creatorxmedianetwork,,128185567,,Chiến dịch mở rộng,1008150,0,Đơn hàng gián tiếp,40326,40326,4%,0,0%,0,0,0,,Others,43552,Đã khấu trừ,Khấu trừ theo đơn hàng,2026-06-27 12:00:47
2606252CYQH5FS,Hoàn thành,Hợp lệ,2026-06-25 17:31:09,2026-06-27 12:00:20,2026-06-27 12:00:20,41900312088,Dầu Gội Trẻ Em 2in1 94% Thiên Nhiên Le Petit Marseillais Giúp Gỡ Rối Tóc Chiết Xuất Quả Đào & Quả Mơ 300ml 0435,218837639344,Mẹ & Bé,Đồ dùng phòng tắm & Chăm sóc cơ thể bé,Sản phẩm tắm & gội cho bé,466255413326418_0_0,325000,4,CreatorX Media Network,creatorxmedianetwork,,128186974,,Chiến dịch mở rộng,1008150,0,Đơn hàng gián tiếp,40326,40326,4%,0,0%,0,0,0,,Others,43552,Đã khấu trừ,Khấu trừ theo đơn hàng,2026-06-27 12:00:47
2606252B2KHBJS,Hoàn thành,Hợp lệ,2026-06-25 16:56:59,2026-06-30 12:25:57,2026-06-30 12:25:57,25644330193,[QUÀ TẶNG KHÔNG BÁN] Bông Tạo Bọt Kì Cọ Tẩy Da Chết Màu Ngẫu Nhiên,346005340612,Nhà cửa & Đời sống,Đồ dùng phòng tắm,Bông tắm,466255413326418_0_0,0,1,Bông,bngthu330,,122682417,,Chiến dịch mở rộng,0,0,Đơn hàng gián tiếp,0,0,4%,0,0%,9289.575,9289.575,0,,Websites,0,,,
2606252B2KHBJS,Hoàn thành,Hợp lệ,2026-06-25 16:56:59,2026-06-30 12:25:57,2026-06-30 12:25:57,29680365284,Dầu Gội Thiên Nhiên Le Petit Marseillais Hữu Cơ Nhiều Mùi Hương 250ml,370971985648,Sắc Đẹp,Chăm sóc tóc,Dầu gội,466255413326418_0_0,265000,1,Bông,bngthu330,,112920799,,Chiến dịch mở rộng,206435,0,Đơn hàng gián tiếp,9289.575,9289.575,"4,5%",0,0%,0,0,0,,Websites,10033,Đã khấu trừ,Khấu trừ theo đơn hàng,2026-06-30 12:26:24
260625294UHQ9T,Hoàn thành,Hợp lệ,2026-06-25 16:22:26,2026-06-29 11:41:30,2026-06-29 11:41:30,24692615669,Sữa Tắm Nam 4 in 1 92% Thiên Nhiên Le Petit Marseillais Chiết Xuất Gỗ Tuyết Tùng & Dương Xỉ 250ml 1172,375969714396,Sắc Đẹp,Chăm sóc nam giới,Sữa tắm & chăm sóc cơ thể,466255413326418_0_0,205000,1,Đẹp hơn mỗi ngày,ke0bohwxhi,,110670487,,Chiến dịch mở rộng,153750,0,Đơn hàng gián tiếp,6150,6150,4%,0,0%,13071.585,13071.585,0,,Facebook,6642,Đã khấu trừ,Khấu trừ theo đơn hàng,2026-06-29 11:41:57
260625294UHQ9T,Hoàn thành,Hợp lệ,2026-06-25 16:22:26,2026-06-29 11:41:30,2026-06-29 11:41:30,25644330193,[QUÀ TẶNG KHÔNG BÁN] Bông Tạo Bọt Kì Cọ Tẩy Da Chết Màu Ngẫu Nhiên,346005340612,Nhà cửa & Đời sống,Đồ dùng phòng tắm,Bông tắm,466255413326418_0_0,0,1,Đẹp hơn mỗi ngày,ke0bohwxhi,,122682417,,Chiến dịch mở rộng,0,0,Đơn hàng gián tiếp,0,0,4%,0,0%,0,0,0,,Facebook,0,,,
260625294UHQ9T,Hoàn thành,Hợp lệ,2026-06-25 16:22:26,2026-06-29 11:41:30,2026-06-29 11:41:30,29680365284,Dầu Gội Thiên Nhiên Le Petit Marseillais Hữu Cơ Nhiều Mùi Hương 250ml,370971985647,Sắc Đẹp,Chăm sóc tóc,Dầu gội,466255413326418_0_0,265000,1,Đẹp hơn mỗi ngày,ke0bohwxhi,,112920799,,Chiến dịch mở rộng,153813,0,Đơn hàng gián tiếp,6921.585,6921.585,"4,5%",0,0%,0,0,0,,Facebook,7475,Đã khấu trừ,Khấu trừ theo đơn hàng,2026-06-29 11:41:57
26062527PWY1QN,Hoàn thành,Hợp lệ,2026-06-25 15:56:44,2026-06-27 11:01:48,2026-06-27 11:01:48,28179873093,Dầu Gội Thiên Nhiên 2in1 97% Sạch Gàu Le Petit Marseillais Chiết Xuất Bạc Hà Hữu Cơ 250ml 4042,287645622650,Sắc Đẹp,Chăm sóc tóc,Dầu gội,,265000,1,Phạm Thuỳ Chi,cheliworkout,,111642571,,Chiến dịch mở rộng,164086,0,Đơn hàng gián tiếp,7383.87,7383.87,"4,5%",0,0%,7383.87,7383.87,0,,Websites,7975,Đã khấu trừ,Khấu trừ theo đơn hàng,2026-06-27 11:02:16
26062526T2QA44,Hoàn thành,Hợp lệ,2026-06-25 15:40:38,2026-06-30 19:00:32,2026-06-30 19:00:32,25644330193,[QUÀ TẶNG KHÔNG BÁN] Bông Tạo Bọt Kì Cọ Tẩy Da Chết Màu Ngẫu Nhiên,346005340612,Nhà cửa & Đời sống,Đồ dùng phòng tắm,Bông tắm,466255413326418_0_0,0,1,chuechcon3105,chuechcon3105,,122682417,,Chiến dịch mở rộng,0,0,Đơn hàng trực tiếp,0,0,8%,0,0%,16566.48,16566.48,0,,Shopeevideo-Shopee,0,,,
26062526T2QA44,Hoàn thành,Hợp lệ,2026-06-25 15:40:38,2026-06-30 19:00:32,2026-06-30 19:00:32,40150321685,Dầu Gội Trẻ Em 2in1 94% Thiên Nhiên Le Petit Marseillais Giúp Gỡ Rối Tóc Chiết Xuất Quả Mâm Xôi & Bông 300ml 0442,310970725469,Mẹ & Bé,Đồ dùng phòng tắm & Chăm sóc cơ thể bé,Sản phẩm tắm & gội cho bé,466255413326418_0_0,325000,1,chuechcon3105,chuechcon3105,,128185567,,Chiến dịch mở rộng,207081,0,Đơn hàng trực tiếp,16566.48,16566.48,8%,0,0%,0,0,0,,Shopeevideo-Shopee,17892,Đã khấu trừ,Khấu trừ theo đơn hàng,2026-06-30 19:01:01
26062525Q53MGV,Hoàn thành,Hợp lệ,2026-06-25 15:21:04,2026-06-29 17:45:15,2026-06-29 17:45:15,25644330193,[QUÀ TẶNG KHÔNG BÁN] Bông Tạo Bọt Kì Cọ Tẩy Da Chết Màu Ngẫu Nhiên,346005340612,Nhà cửa & Đời sống,Đồ dùng phòng tắm,Bông tắm,466255413326418_0_0,0,1,CreatorX Media Network,creatorxmedianetwork,,122682417,,Chiến dịch mở rộng,0,0,Đơn hàng gián tiếp,0,0,4%,0,0%,7158.6,7158.6,0,,Others,0,,,
26062525Q53MGV,Hoàn thành,Hợp lệ,2026-06-25 15:21:04,2026-06-29 17:45:15,2026-06-29 17:45:15,29480146096,Sữa Tắm Thiên Nhiên 92% Le Petit Marseillais Nhiều Mùi Hương 250ml,315970228700,Sắc Đẹp,Tắm & chăm sóc cơ thể,Xà phòng & sữa tắm,466255413326418_0_0,205000,1,CreatorX Media Network,creatorxmedianetwork,,112409565,,Chiến dịch mở rộng,159080,0,Đơn hàng gián tiếp,7158.6,7158.6,"4,5%",0,0%,0,0,0,,Others,7731,Đã khấu trừ,Khấu trừ theo đơn hàng,2026-06-29 17:45:42
26062525FA87YG,Hoàn thành,Hợp lệ,2026-06-25 15:16:43,2026-06-26 12:39:50,2026-06-26 12:39:50,24142870859,Sữa Tắm Thơm Lâu Le Petit Marseillais Gel 92% Thiên Nhiên Da Nhạy Cảm Nhiều Mùi Hương 650ml,350973489410,Sắc Đẹp,Tắm & chăm sóc cơ thể,Xà phòng & sữa tắm,466255413326418_0_0,395000,1,accesstradevn,accesstradevn,,112430963,,Chiến dịch mở rộng,285000,0,Đơn hàng trực tiếp,25650,25650,9%,0,0%,25650,25650,0,,Others,27702,Đã khấu trừ,Khấu trừ theo đơn hàng,2026-06-26 12:40:17
26062525FA87YG,Hoàn thành,Hợp lệ,2026-06-25 15:16:43,2026-06-26 12:39:50,2026-06-26 12:39:50,25644330193,[QUÀ TẶNG KHÔNG BÁN] Bông Tạo Bọt Kì Cọ Tẩy Da Chết Màu Ngẫu Nhiên,346005340612,Nhà cửa & Đời sống,Đồ dùng phòng tắm,Bông tắm,466255413326418_0_0,0,1,accesstradevn,accesstradevn,,122682417,,Chiến dịch mở rộng,0,0,Đơn hàng trực tiếp,0,0,8%,0,0%,0,0,0,,Others,0,,,
26062524JY8WPH,Hoàn thành,Hợp lệ,2026-06-25 15:00:51,2026-06-29 19:14:37,2026-06-29 19:14:37,25644330193,[QUÀ TẶNG KHÔNG BÁN] Bông Tạo Bọt Kì Cọ Tẩy Da Chết Màu Ngẫu Nhiên,346005340612,Nhà cửa & Đời sống,Đồ dùng phòng tắm,Bông tắm,466255413326418_0_0,0,1,Săn Seo Cùng Mẹ Bỉm,thuyeupanda,,122682417,,Chiến dịch mở rộng,0,0,Đơn hàng trực tiếp,0,0,8%,0,0%,14317.2,14317.2,0,,Shopeevideo-Shopee,0,,,
26062524JY8WPH,Hoàn thành,Hợp lệ,2026-06-25 15:00:51,2026-06-29 19:14:37,2026-06-29 19:14:37,29480146096,Sữa Tắm Thiên Nhiên 92% Le Petit Marseillais Nhiều Mùi Hương 250ml,310970228929,Sắc Đẹp,Tắm & chăm sóc cơ thể,Xà phòng & sữa tắm,466255413326418_0_0,205000,1,Săn Seo Cùng Mẹ Bỉm,thuyeupanda,,112409565,,Chiến dịch mở rộng,159080,0,Đơn hàng trực tiếp,14317.2,14317.2,9%,0,0%,0,0,0,,Shopeevideo-Shopee,15463,Đã khấu trừ,Khấu trừ theo đơn hàng,2026-06-29 19:15:04
26062523QAA2WM,Hoàn thành,Hợp lệ,2026-06-25 14:45:24,2026-06-29 12:01:42,2026-06-29 12:01:42,25644330193,[QUÀ TẶNG KHÔNG BÁN] Bông Tạo Bọt Kì Cọ Tẩy Da Chết Màu Ngẫu Nhiên,346005340612,Nhà cửa & Đời sống,Đồ dùng phòng tắm,Bông tắm,466255413326418_0_0,0,1,Thanh Hường Nguyễn,naysalegido,,122682417,,Chiến dịch mở rộng,0,0,Đơn hàng trực tiếp,0,0,8%,0,0%,19344,19344,0,,Websites,0,,,
26062523QAA2WM,Hoàn thành,Hợp lệ,2026-06-25 14:45:24,2026-06-29 12:01:42,2026-06-29 12:01:42,40150321685,Dầu Gội Trẻ Em 2in1 94% Thiên Nhiên Le Petit Marseillais Giúp Gỡ Rối Tóc Chiết Xuất Quả Mâm Xôi & Bông 300ml 0442,310970725469,Mẹ & Bé,Đồ dùng phòng tắm & Chăm sóc cơ thể bé,Sản phẩm tắm & gội cho bé,466255413326418_0_0,325000,1,Thanh Hường Nguyễn,naysalegido,,128185567,,Chiến dịch mở rộng,241800,0,Đơn hàng trực tiếp,19344,19344,8%,0,0%,0,0,0,,Websites,20892,Đã khấu trừ,Khấu trừ theo đơn hàng,2026-06-29 12:02:09
26062521C197RK,Hoàn thành,Hợp lệ,2026-06-25 14:03:17,2026-06-29 14:20:33,2026-06-29 14:20:33,25644330193,[QUÀ TẶNG KHÔNG BÁN] Bông Tạo Bọt Kì Cọ Tẩy Da Chết Màu Ngẫu Nhiên,346005340612,Nhà cửa & Đời sống,Đồ dùng phòng tắm,Bông tắm,466255413326418_0_0,0,1,Kim Lý,lythienkim2002,,122682417,,Chiến dịch mở rộng,0,0,Đơn hàng trực tiếp,0,0,8%,0,0%,26708.22,26708.22,0,,Websites,0,,,
26062521C197RK,Hoàn thành,Hợp lệ,2026-06-25 14:03:17,2026-06-29 14:20:33,2026-06-29 14:20:33,27530290500,Kem Dưỡng Body Lotion 24h Le Petit Marseillais Sữa Cấp Ẩm Hữu Cơ Thiên Nhiên Nhiều Mùi Hương 400ml,272645767605,Sắc Đẹp,Tắm & chăm sóc cơ thể,Kem & sữa dưỡng thể,466255413326418_0_0,485000,1,Kim Lý,lythienkim2002,,112716201,,Chiến dịch mở rộng,296758,0,Đơn hàng trực tiếp,26708.22,26708.22,9%,0,0%,0,0,0,,Websites,28845,Đã khấu trừ,Khấu trừ theo đơn hàng,2026-06-29 14:21:01
260625216SERFE,Hoàn thành,Hợp lệ,2026-06-25 14:00:21,2026-06-29 14:39:41,2026-06-29 14:39:41,25644330193,[QUÀ TẶNG KHÔNG BÁN] Bông Tạo Bọt Kì Cọ Tẩy Da Chết Màu Ngẫu Nhiên,346005340612,Nhà cửa & Đời sống,Đồ dùng phòng tắm,Bông tắm,466255413326418_0_0,0,1,Kim Lý,lythienkim2002,,122682417,,Chiến dịch mở rộng,0,0,Đơn hàng trực tiếp,0,0,8%,0,0%,26708.22,26708.22,0,,Websites,0,,,
260625216SERFE,Hoàn thành,Hợp lệ,2026-06-25 14:00:21,2026-06-29 14:39:41,2026-06-29 14:39:41,27530290500,Kem Dưỡng Body Lotion 24h Le Petit Marseillais Sữa Cấp Ẩm Hữu Cơ Thiên Nhiên Nhiều Mùi Hương 400ml,272645767605,Sắc Đẹp,Tắm & chăm sóc cơ thể,Kem & sữa dưỡng thể,466255413326418_0_0,485000,1,Kim Lý,lythienkim2002,,112716201,,Chiến dịch mở rộng,296758,0,Đơn hàng trực tiếp,26708.22,26708.22,9%,0,0%,0,0,0,,Websites,28845,Đã khấu trừ,Khấu trừ theo đơn hàng,2026-06-29 14:40:08
26062520YNH3JU,Hoàn thành,Hợp lệ,2026-06-25 13:56:22,2026-06-29 12:44:24,2026-06-29 12:44:24,24142870859,Sữa Tắm Thơm Lâu Le Petit Marseillais Gel 92% Thiên Nhiên Da Nhạy Cảm Nhiều Mùi Hương 650ml,350973489409,Sắc Đẹp,Tắm & chăm sóc cơ thể,Xà phòng & sữa tắm,466255413326418_0_0,395000,1,Cuồng tai nghe TrueWireless,hiepyennoi,,112430963,,Chiến dịch mở rộng,230302,0,Đơn hàng gián tiếp,10363.59,10363.59,"4,5%",0,0%,10363.59,10363.59,0,,Websites,11193,Đã khấu trừ,Khấu trừ theo đơn hàng,2026-06-29 12:44:51
26062520YNH3JU,Hoàn thành,Hợp lệ,2026-06-25 13:56:22,2026-06-29 12:44:24,2026-06-29 12:44:24,25644330193,[QUÀ TẶNG KHÔNG BÁN] Bông Tạo Bọt Kì Cọ Tẩy Da Chết Màu Ngẫu Nhiên,346005340612,Nhà cửa & Đời sống,Đồ dùng phòng tắm,Bông tắm,466255413326418_0_0,0,1,Cuồng tai nghe TrueWireless,hiepyennoi,,122682417,,Chiến dịch mở rộng,0,0,Đơn hàng gián tiếp,0,0,4%,0,0%,0,0,0,,Websites,0,,,
26062520XH9VM0,Hoàn thành,Hợp lệ,2026-06-25 13:55:45,2026-06-27 15:03:55,2026-06-27 15:03:55,24142870859,Sữa Tắm Thơm Lâu Le Petit Marseillais Gel 92% Thiên Nhiên Da Nhạy Cảm Nhiều Mùi Hương 650ml,350973489408,Sắc Đẹp,Tắm & chăm sóc cơ thể,Xà phòng & sữa tắm,466255413326418_0_0,395000,1,ShopBack Việt Nam,shopbackvn_,,112430963,,Chiến dịch mở rộng,245656,0,Đơn hàng trực tiếp,22109.04,22109.04,9%,0,0%,22109.04,22109.04,0,,ShopbackApp,23878,Đã khấu trừ,Khấu trừ theo đơn hàng,2026-06-27 15:04:22
26062520XH9VM0,Hoàn thành,Hợp lệ,2026-06-25 13:55:45,2026-06-27 15:03:55,2026-06-27 15:03:55,25644330193,[QUÀ TẶNG KHÔNG BÁN] Bông Tạo Bọt Kì Cọ Tẩy Da Chết Màu Ngẫu Nhiên,346005340612,Nhà cửa & Đời sống,Đồ dùng phòng tắm,Bông tắm,466255413326418_0_0,0,1,ShopBack Việt Nam,shopbackvn_,,122682417,,Chiến dịch mở rộng,0,0,Đơn hàng trực tiếp,0,0,8%,0,0%,0,0,0,,ShopbackApp,0,,,
2606251YUDV81A,Hủy bỏ,Hợp lệ,2026-06-25 13:36:06,,,24142870859,Sữa Tắm Thơm Lâu Le Petit Marseillais Gel 92% Thiên Nhiên Da Nhạy Cảm Nhiều Mùi Hương 650ml,350973489402,Sắc Đẹp,Tắm & chăm sóc cơ thể,Xà phòng & sữa tắm,466255413326418_0_0,395000,0,Hương Hương nè ᥫ᭡,huonghuongne185,,112430963,,Chiến dịch mở rộng,0,230302,Đơn hàng trực tiếp,0,0,9%,0,0%,0,0,0,Đơn hàng bị hủy bỏ bởi người mua,Shopeevideo-Shopee,0,,,
2606251YUDV81A,Hủy bỏ,Hợp lệ,2026-06-25 13:36:06,,,25644330193,[QUÀ TẶNG KHÔNG BÁN] Bông Tạo Bọt Kì Cọ Tẩy Da Chết Màu Ngẫu Nhiên,346005340612,Nhà cửa & Đời sống,Đồ dùng phòng tắm,Bông tắm,466255413326418_0_0,0,0,Hương Hương nè ᥫ᭡,huonghuongne185,,122682417,,Chiến dịch mở rộng,0,0,Đơn hàng trực tiếp,0,0,8%,0,0%,0,0,0,Đơn hàng bị hủy bỏ bởi người mua,Shopeevideo-Shopee,0,,,
2606251WVKG50U,Hoàn thành,Hợp lệ,2026-06-25 13:00:58,2026-06-28 20:38:52,2026-06-28 20:38:52,25644330193,[QUÀ TẶNG KHÔNG BÁN] Bông Tạo Bọt Kì Cọ Tẩy Da Chết Màu Ngẫu Nhiên,346005340612,Nhà cửa & Đời sống,Đồ dùng phòng tắm,Bông tắm,466255413326418_0_0,0,1,aura.room,_ng.tuongvan_,,122682417,,Chiến dịch mở rộng,0,0,Đơn hàng trực tiếp,0,0,8%,0,0%,11400.21,11400.21,0,,Shopeevideo-Shopee,0,,,
2606251WVKG50U,Hoàn thành,Hợp lệ,2026-06-25 13:00:58,2026-06-28 20:38:52,2026-06-28 20:38:52,29480146096,Sữa Tắm Thiên Nhiên 92% Le Petit Marseillais Nhiều Mùi Hương 250ml,315970228701,Sắc Đẹp,Tắm & chăm sóc cơ thể,Xà phòng & sữa tắm,466255413326418_0_0,205000,1,aura.room,_ng.tuongvan_,,112409565,,Chiến dịch mở rộng,126669,0,Đơn hàng trực tiếp,11400.21,11400.21,9%,0,0%,0,0,0,,Shopeevideo-Shopee,12312,Đã khấu trừ,Khấu trừ theo đơn hàng,2026-06-28 20:39:19
2606251WFQHJEN,Hoàn thành,Hợp lệ,2026-06-25 12:53:46,2026-06-29 12:27:17,2026-06-29 12:27:17,25644330193,[QUÀ TẶNG KHÔNG BÁN] Bông Tạo Bọt Kì Cọ Tẩy Da Chết Màu Ngẫu Nhiên,346005340612,Nhà cửa & Đời sống,Đồ dùng phòng tắm,Bông tắm,466255413326418_0_0,0,1,Quỳnh Nga,loiviet2,,122682417,,Chiến dịch mở rộng,0,0,Đơn hàng gián tiếp,0,0,4%,0,0%,6522.28,6522.28,0,,Others,0,,,
2606251WFQHJEN,Hoàn thành,Hợp lệ,2026-06-25 12:53:46,2026-06-29 12:27:17,2026-06-29 12:27:17,25692866155,Sữa Tắm Nam 4 in 1 92% Thiên Nhiên Le Petit Marseillais Nhiều Mùi Hương 250ml,345969754134,Sắc Đẹp,Chăm sóc nam giới,Sữa tắm & chăm sóc cơ thể,466255413326418_0_0,205000,1,Quỳnh Nga,loiviet2,,112434462,,Chiến dịch mở rộng,163057,0,Đơn hàng gián tiếp,6522.28,6522.28,4%,0,0%,0,0,0,,Others,7044,Đã khấu trừ,Khấu trừ theo đơn hàng,2026-06-29 12:27:45
2606251VJ2N3U8,Hoàn thành,Hợp lệ,2026-06-25 12:37:11,2026-06-30 10:00:54,2026-06-30 10:00:54,24142870859,Sữa Tắm Thơm Lâu Le Petit Marseillais Gel 92% Thiên Nhiên Da Nhạy Cảm Nhiều Mùi Hương 650ml,350973489402,Sắc Đẹp,Tắm & chăm sóc cơ thể,Xà phòng & sữa tắm,466255413326418_0_0,395000,1,Hà,_0t5uitflv,,112430963,,Chiến dịch mở rộng,215670,0,Đơn hàng trực tiếp,19410.3,19410.3,9%,0,0%,19410.3,19410.3,0,,Websites,20963,Đã khấu trừ,Khấu trừ theo đơn hàng,2026-06-30 10:01:21
2606251VJ2N3U8,Hoàn thành,Hợp lệ,2026-06-25 12:37:11,2026-06-30 10:00:54,2026-06-30 10:00:54,25644330193,[QUÀ TẶNG KHÔNG BÁN] Bông Tạo Bọt Kì Cọ Tẩy Da Chết Màu Ngẫu Nhiên,346005340612,Nhà cửa & Đời sống,Đồ dùng phòng tắm,Bông tắm,466255413326418_0_0,0,1,Hà,_0t5uitflv,,122682417,,Chiến dịch mở rộng,0,0,Đơn hàng trực tiếp,0,0,8%,0,0%,0,0,0,,Websites,0,,,
2606251VCN35HF,Hoàn thành,Hợp lệ,2026-06-25 12:34:09,2026-06-29 13:09:51,2026-06-29 13:09:51,25644330193,[QUÀ TẶNG KHÔNG BÁN] Bông Tạo Bọt Kì Cọ Tẩy Da Chết Màu Ngẫu Nhiên,346005340612,Nhà cửa & Đời sống,Đồ dùng phòng tắm,Bông tắm,466255413326418_0_0,0,1,Review tất tần tật ✅,tranphuong6499,,122682417,,Chiến dịch mở rộng,0,0,Đơn hàng gián tiếp,0,0,4%,0,0%,8865.405,8865.405,0,,Facebook,0,,,
2606251VCN35HF,Hoàn thành,Hợp lệ,2026-06-25 12:34:09,2026-06-29 13:09:51,2026-06-29 13:09:51,27730151664,Sữa Tắm Dưỡng Ẩm 98% Thiên Nhiên Le Petit Marseillais Hữu Cơ Nhiều Mùi Hương Thơm 400ml,365969915564,Sắc Đẹp,Tắm & chăm sóc cơ thể,Xà phòng & sữa tắm,466255413326418_0_0,340000,1,Review tất tần tật ✅,tranphuong6499,,112426971,,Chiến dịch mở rộng,197009,0,Đơn hàng gián tiếp,8865.405,8865.405,"4,5%",0,0%,0,0,0,,Facebook,9575,Đã khấu trừ,Khấu trừ theo đơn hàng,2026-06-29 13:10:18
2606251UG59WD7,Hoàn thành,Hợp lệ,2026-06-25 12:18:14,2026-06-26 11:42:17,2026-06-26 11:42:17,28379882165,Mặt Nạ Dưỡng Tóc 4in1 96% Thiên Nhiên Le Petit Marseillais Chiết Xuất Dừa Hữu Cơ 300ml 5209,350970222410,Sắc Đẹp,Chăm sóc tóc,Sản phẩm dưỡng tóc,466255413326418_0_0,495000,1,ACCESSTRADEVN,accesstrade_banking,,111647800,,Chiến dịch mở rộng,289920,0,Đơn hàng trực tiếp,23193.6,23193.6,8%,0,0%,23193.6,23193.6,0,,Others,25049,Đã khấu trừ,Khấu trừ theo đơn hàng,2026-06-26 11:42:44
2606251UG59WD7,Hoàn thành,Hợp lệ,2026-06-25 12:18:14,2026-06-26 11:42:17,2026-06-26 11:42:17,25644330193,[QUÀ TẶNG KHÔNG BÁN] Bông Tạo Bọt Kì Cọ Tẩy Da Chết Màu Ngẫu Nhiên,346005340612,Nhà cửa & Đời sống,Đồ dùng phòng tắm,Bông tắm,466255413326418_0_0,0,1,ACCESSTRADEVN,accesstrade_banking,,122682417,,Chiến dịch mở rộng,0,0,Đơn hàng trực tiếp,0,0,8%,0,0%,0,0,0,,Others,0,,,
2606251U9QBD1U,Hoàn thành,Hợp lệ,2026-06-25 12:14:37,2026-06-29 11:32:50,2026-06-29 11:32:50,24142870859,Sữa Tắm Thơm Lâu Le Petit Marseillais Gel 92% Thiên Nhiên Da Nhạy Cảm Nhiều Mùi Hương 650ml,350973489410,Sắc Đẹp,Tắm & chăm sóc cơ thể,Xà phòng & sữa tắm,466255413326418_0_0,395000,1,Bố Và Thiên Nhi,xff8x4u5fj4,,112430963,,Chiến dịch mở rộng,245656,0,Đơn hàng gián tiếp,11054.52,11054.52,"4,5%",0,0%,11054.52,11054.52,0,,Websites,11939,Đã khấu trừ,Khấu trừ theo đơn hàng,2026-06-29 11:33:17
2606251U9QBD1U,Hoàn thành,Hợp lệ,2026-06-25 12:14:37,2026-06-29 11:32:50,2026-06-29 11:32:50,25644330193,[QUÀ TẶNG KHÔNG BÁN] Bông Tạo Bọt Kì Cọ Tẩy Da Chết Màu Ngẫu Nhiên,346005340612,Nhà cửa & Đời sống,Đồ dùng phòng tắm,Bông tắm,466255413326418_0_0,0,1,Bố Và Thiên Nhi,xff8x4u5fj4,,122682417,,Chiến dịch mở rộng,0,0,Đơn hàng gián tiếp,0,0,4%,0,0%,0,0,0,,Websites,0,,,
2606251TJ9R0VP,Hoàn thành,Hợp lệ,2026-06-25 12:01:32,2026-06-30 13:06:01,2026-06-30 13:06:01,25644330193,[QUÀ TẶNG KHÔNG BÁN] Bông Tạo Bọt Kì Cọ Tẩy Da Chết Màu Ngẫu Nhiên,346005340612,Nhà cửa & Đời sống,Đồ dùng phòng tắm,Bông tắm,466255413326418_0_0,0,1,Video Nghĩa Hoàng,nghiaday7820,,122682417,,Chiến dịch mở rộng,0,0,Đơn hàng trực tiếp,0,0,8%,0,0%,11915.28,11915.28,0,,Others,0,,,
2606251TJ9R0VP,Hoàn thành,Hợp lệ,2026-06-25 12:01:32,2026-06-30 13:06:01,2026-06-30 13:06:01,27979868574,"Kem Dưỡng Tay 24h Thiên Nhiên Le Petit Marseillais Chiết Xuất Bơ Hạt Mỡ, Hạnh Nhân & Dầu Argan 75ml 8485",410970243688,Sắc Đẹp,"Chăm sóc tay, chân & móng",Chăm sóc tay,466255413326418_0_0,245000,1,Video Nghĩa Hoàng,nghiaday7820,,111648683,,Chiến dịch mở rộng,148941,0,Đơn hàng trực tiếp,11915.28,11915.28,8%,0,0%,0,0,0,,Others,12869,Đã khấu trừ,Khấu trừ theo đơn hàng,2026-06-30 13:06:28
2606251RQAFBDQ,Hoàn thành,Hợp lệ,2026-06-25 11:28:32,2026-06-29 18:09:30,2026-06-29 18:09:30,25692866155,Sữa Tắm Nam 4 in 1 92% Thiên Nhiên Le Petit Marseillais Nhiều Mùi Hương 250ml,345969754134,Sắc Đẹp,Chăm sóc nam giới,Sữa tắm & chăm sóc cơ thể,466255413326418_0_0,205000,1,Giang,giangthuspa,,112434462,,Chiến dịch mở rộng,126481,0,Đơn hàng gián tiếp,5059.24,5059.24,4%,0,0%,5059.24,5059.24,0,,Others,5464,Đã khấu trừ,Khấu trừ theo đơn hàng,2026-06-29 18:09:56
2606251RQAFBDQ,Hoàn thành,Hợp lệ,2026-06-25 11:28:32,2026-06-29 18:09:30,2026-06-29 18:09:30,25644330193,[QUÀ TẶNG KHÔNG BÁN] Bông Tạo Bọt Kì Cọ Tẩy Da Chết Màu Ngẫu Nhiên,346005340612,Nhà cửa & Đời sống,Đồ dùng phòng tắm,Bông tắm,466255413326418_0_0,0,1,Giang,giangthuspa,,122682417,,Chiến dịch mở rộng,0,0,Đơn hàng gián tiếp,0,0,4%,0,0%,0,0,0,,Others,0,,,
2606251QGCX402,Hoàn thành,Hợp lệ,2026-06-25 11:06:46,2026-06-27 09:02:29,2026-06-27 09:02:29,25644330193,[QUÀ TẶNG KHÔNG BÁN] Bông Tạo Bọt Kì Cọ Tẩy Da Chết Màu Ngẫu Nhiên,346005340612,Nhà cửa & Đời sống,Đồ dùng phòng tắm,Bông tắm,466255413326418_0_0,0,1,ShopBack Việt Nam,shopbackvn_,,122682417,,Chiến dịch mở rộng,0,0,Đơn hàng trực tiếp,0,0,8%,0,0%,22263.84,22263.84,0,,Websites,0,,,
2606251QGCX402,Hoàn thành,Hợp lệ,2026-06-25 11:06:46,2026-06-27 09:02:29,2026-06-27 09:02:29,27927398680,Sữa Tắm 92% Thiên Nhiên Le Petit Marseillais Dịu Nhẹ Đào Trắng Hữu Cơ Và Xuân Đào Hữu Cơ 650ml 1288,440969802305,Sắc Đẹp,Tắm & chăm sóc cơ thể,Xà phòng & sữa tắm,466255413326418_0_0,395000,1,ShopBack Việt Nam,shopbackvn_,,109863155,,Chiến dịch mở rộng,247376,0,Đơn hàng trực tiếp,22263.84,22263.84,9%,0,0%,0,0,0,,Websites,24045,Đã khấu trừ,Khấu trừ theo đơn hàng,2026-06-27 09:02:56
2606251PKD0FSX,Hoàn thành,Hợp lệ,2026-06-25 10:50:33,2026-06-29 12:07:12,2026-06-29 12:07:12,25644330193,[QUÀ TẶNG KHÔNG BÁN] Bông Tạo Bọt Kì Cọ Tẩy Da Chết Màu Ngẫu Nhiên,346005340612,Nhà cửa & Đời sống,Đồ dùng phòng tắm,Bông tắm,466255413326418_0_0,0,1,Lê Nhung,nhung127._lee,,122682417,,Chiến dịch mở rộng,0,0,Đơn hàng gián tiếp,0,0,4%,0,0%,8040,8040,0,,Facebook,0,,,
2606251PKD0FSX,Hoàn thành,Hợp lệ,2026-06-25 10:50:33,2026-06-29 12:07:12,2026-06-29 12:07:12,29379281512,Sữa Tắm 98% Thiên Nhiên Le Petit Marseillais Thơm Siêu Dịu Nhẹ Hoa Bông 400ml 3386,400969874959,Sắc Đẹp,Tắm & chăm sóc cơ thể,Xà phòng & sữa tắm,466255413326418_0_0,335000,1,Lê Nhung,nhung127._lee,,110251245,,Chiến dịch mở rộng,201000,0,Đơn hàng gián tiếp,8040,8040,4%,0,0%,0,0,0,,Facebook,8683,Đã khấu trừ,Khấu trừ theo đơn hàng,2026-06-29 12:07:40
2606251N6FUDRV,Hoàn thành,Hợp lệ,2026-06-25 10:25:27,2026-06-29 12:24:18,2026-06-29 12:24:18,25644330193,[QUÀ TẶNG KHÔNG BÁN] Bông Tạo Bọt Kì Cọ Tẩy Da Chết Màu Ngẫu Nhiên,346005340612,Nhà cửa & Đời sống,Đồ dùng phòng tắm,Bông tắm,466255413326418_0_0,0,1,CreatorX Media Network,creatorxmedianetwork,,122682417,,Chiến dịch mở rộng,0,0,Đơn hàng gián tiếp,0,0,4%,0,0%,6363.2,6363.2,0,,Google Search,0,,,
2606251N6FUDRV,Hoàn thành,Hợp lệ,2026-06-25 10:25:27,2026-06-29 12:24:18,2026-06-29 12:24:18,25692866155,Sữa Tắm Nam 4 in 1 92% Thiên Nhiên Le Petit Marseillais Nhiều Mùi Hương 250ml,345969754134,Sắc Đẹp,Chăm sóc nam giới,Sữa tắm & chăm sóc cơ thể,466255413326418_0_0,205000,1,CreatorX Media Network,creatorxmedianetwork,,112434462,,Chiến dịch mở rộng,159080,0,Đơn hàng gián tiếp,6363.2,6363.2,4%,0,0%,0,0,0,,Google Search,6872,Đã khấu trừ,Khấu trừ theo đơn hàng,2026-06-29 12:24:45
2606251KGETVGF,Hoàn thành,Hợp lệ,2026-06-25 09:55:13,2026-06-29 13:20:51,2026-06-29 13:20:51,24142870859,Sữa Tắm Thơm Lâu Le Petit Marseillais Gel 92% Thiên Nhiên Da Nhạy Cảm Nhiều Mùi Hương 650ml,350973489406,Sắc Đẹp,Tắm & chăm sóc cơ thể,Xà phòng & sữa tắm,466255413326418_0_0,395000,1,Hy MaTa,hy_mata,,112430963,,Chiến dịch mở rộng,285000,0,Đơn hàng trực tiếp,25650,25650,9%,0,0%,25650,25650,0,,Shopeevideo-Shopee,27702,Đã khấu trừ,Khấu trừ theo đơn hàng,2026-06-29 13:21:18
2606251KGETVGF,Hoàn thành,Hợp lệ,2026-06-25 09:55:13,2026-06-29 13:20:51,2026-06-29 13:20:51,25644330193,[QUÀ TẶNG KHÔNG BÁN] Bông Tạo Bọt Kì Cọ Tẩy Da Chết Màu Ngẫu Nhiên,346005340612,Nhà cửa & Đời sống,Đồ dùng phòng tắm,Bông tắm,466255413326418_0_0,0,1,Hy MaTa,hy_mata,,122682417,,Chiến dịch mở rộng,0,0,Đơn hàng trực tiếp,0,0,8%,0,0%,0,0,0,,Shopeevideo-Shopee,0,,,
2606251K71GBHC,Hoàn thành,Hợp lệ,2026-06-25 09:49:57,2026-06-26 13:21:41,2026-06-26 13:21:41,25644330193,[QUÀ TẶNG KHÔNG BÁN] Bông Tạo Bọt Kì Cọ Tẩy Da Chết Màu Ngẫu Nhiên,346005340612,Nhà cửa & Đời sống,Đồ dùng phòng tắm,Bông tắm,466255413326418_0_0,0,1,Shop Phụ kiện VOC,shopphukien_voc,,122682417,,Chiến dịch mở rộng,0,0,Đơn hàng trực tiếp,0,0,8%,0,0%,14630.32,14630.32,0,,Shopeevideo-Shopee,0,,,
2606251K71GBHC,Hoàn thành,Hợp lệ,2026-06-25 09:49:57,2026-06-26 13:21:41,2026-06-26 13:21:41,27079878325,"Kem Dưỡng Tay 24h Thiên Nhiên Le Petit Marseillais Chiết Xuất Bơ Hạt Mỡ, Lô Hội, Sắp Ong 75ml 4768",282645716967,Sắc Đẹp,"Chăm sóc tay, chân & móng",Chăm sóc tay,466255413326418_0_0,245000,1,Shop Phụ kiện VOC,shopphukien_voc,,111650089,,Chiến dịch mở rộng,182879,0,Đơn hàng trực tiếp,14630.32,14630.32,8%,0,0%,0,0,0,,Shopeevideo-Shopee,15801,Đã khấu trừ,Khấu trừ theo đơn hàng,2026-06-26 13:22:08
2606251JRE6QQR,Hoàn thành,Hợp lệ,2026-06-25 09:41:47,2026-06-29 11:35:30,2026-06-29 11:35:30,24142870859,Sữa Tắm Thơm Lâu Le Petit Marseillais Gel 92% Thiên Nhiên Da Nhạy Cảm Nhiều Mùi Hương 650ml,350973489402,Sắc Đẹp,Tắm & chăm sóc cơ thể,Xà phòng & sữa tắm,466255413326418_0_0,395000,1,Hiền Anh đây nè,thuhienhihiihiiiii,,112430963,,Chiến dịch mở rộng,304000,0,Đơn hàng gián tiếp,13680,13680,"4,5%",0,0%,13680,13680,0,,Facebook,14774,Đã khấu trừ,Khấu trừ theo đơn hàng,2026-06-29 11:35:57
2606251JRE6QQR,Hoàn thành,Hợp lệ,2026-06-25 09:41:47,2026-06-29 11:35:30,2026-06-29 11:35:30,25644330193,[QUÀ TẶNG KHÔNG BÁN] Bông Tạo Bọt Kì Cọ Tẩy Da Chết Màu Ngẫu Nhiên,346005340612,Nhà cửa & Đời sống,Đồ dùng phòng tắm,Bông tắm,466255413326418_0_0,0,1,Hiền Anh đây nè,thuhienhihiihiiiii,,122682417,,Chiến dịch mở rộng,0,0,Đơn hàng gián tiếp,0,0,4%,0,0%,0,0,0,,Facebook,0,,,
2606251HVKF73F,Hoàn thành,Hợp lệ,2026-06-25 09:26:13,2026-06-29 12:44:09,2026-06-29 12:44:09,24142870859,Sữa Tắm Thơm Lâu Le Petit Marseillais Gel 92% Thiên Nhiên Da Nhạy Cảm Nhiều Mùi Hương 650ml,350973489405,Sắc Đẹp,Tắm & chăm sóc cơ thể,Xà phòng & sữa tắm,466255413326418_0_0,395000,1,Hoàng Thanh,torohobby,,112430963,,Chiến dịch mở rộng,296400,0,Đơn hàng gián tiếp,13338,13338,"4,5%",0,0%,13338,13338,0,,Facebook,14405,Đã khấu trừ,Khấu trừ theo đơn hàng,2026-06-29 12:44:37
2606251HVKF73F,Hoàn thành,Hợp lệ,2026-06-25 09:26:13,2026-06-29 12:44:09,2026-06-29 12:44:09,25644330193,[QUÀ TẶNG KHÔNG BÁN] Bông Tạo Bọt Kì Cọ Tẩy Da Chết Màu Ngẫu Nhiên,346005340612,Nhà cửa & Đời sống,Đồ dùng phòng tắm,Bông tắm,466255413326418_0_0,0,1,Hoàng Thanh,torohobby,,122682417,,Chiến dịch mở rộng,0,0,Đơn hàng gián tiếp,0,0,4%,0,0%,0,0,0,,Facebook,0,,,
2606251HEM3Q24,Hoàn thành,Hợp lệ,2026-06-25 09:18:25,2026-06-29 19:22:27,2026-06-29 19:22:27,29480146096,Sữa Tắm Thiên Nhiên 92% Le Petit Marseillais Nhiều Mùi Hương 250ml,310970228928,Sắc Đẹp,Tắm & chăm sóc cơ thể,Xà phòng & sữa tắm,466255413326418_0_0,205000,1,Trang❤️,l_60uxhy0f,,112409565,,Chiến dịch mở rộng,126669,0,Đơn hàng trực tiếp,11400.21,11400.21,9%,0,0%,11400.21,11400.21,0,,Zalo,12312,Đã khấu trừ,Khấu trừ theo đơn hàng,2026-06-29 19:22:53
2606251HEM3Q24,Hoàn thành,Hợp lệ,2026-06-25 09:18:25,2026-06-29 19:22:27,2026-06-29 19:22:27,25644330193,[QUÀ TẶNG KHÔNG BÁN] Bông Tạo Bọt Kì Cọ Tẩy Da Chết Màu Ngẫu Nhiên,346005340612,Nhà cửa & Đời sống,Đồ dùng phòng tắm,Bông tắm,466255413326418_0_0,0,1,Trang❤️,l_60uxhy0f,,122682417,,Chiến dịch mở rộng,0,0,Đơn hàng trực tiếp,0,0,8%,0,0%,0,0,0,,Zalo,0,,,
2606251H08FESN,Hoàn thành,Hợp lệ,2026-06-25 09:10:22,2026-06-26 16:05:51,2026-06-26 16:05:51,25644330193,[QUÀ TẶNG KHÔNG BÁN] Bông Tạo Bọt Kì Cọ Tẩy Da Chết Màu Ngẫu Nhiên,346005340612,Nhà cửa & Đời sống,Đồ dùng phòng tắm,Bông tắm,466255413326418_0_0,0,1,Leo,haleou40,,122682417,,Chiến dịch mở rộng,0,0,Đơn hàng gián tiếp,0,0,4%,0,0%,7337.565,7337.565,0,,Facebook,0,,,
2606251H08FESN,Hoàn thành,Hợp lệ,2026-06-25 09:10:22,2026-06-26 16:05:51,2026-06-26 16:05:51,29480146096,Sữa Tắm Thiên Nhiên 92% Le Petit Marseillais Nhiều Mùi Hương 250ml,315970228700,Sắc Đẹp,Tắm & chăm sóc cơ thể,Xà phòng & sữa tắm,466255413326418_0_0,205000,1,Leo,haleou40,,112409565,,Chiến dịch mở rộng,163057,0,Đơn hàng gián tiếp,7337.565,7337.565,"4,5%",0,0%,0,0,0,,Facebook,7925,Đã khấu trừ,Khấu trừ theo đơn hàng,2026-06-26 16:06:18
2606251G6UX6Y4,Hoàn thành,Hợp lệ,2026-06-25 08:56:11,2026-06-29 11:46:45,2026-06-29 11:46:45,24142870859,Sữa Tắm Thơm Lâu Le Petit Marseillais Gel 92% Thiên Nhiên Da Nhạy Cảm Nhiều Mùi Hương 650ml,350973489402,Sắc Đẹp,Tắm & chăm sóc cơ thể,Xà phòng & sữa tắm,466255413326418_0_0,395000,1,Kim Ngân Lê,helenekim,,112430963,,Chiến dịch mở rộng,304000,0,Đơn hàng gián tiếp,13680,13680,"4,5%",0,0%,13680,13680,0,,Facebook,14774,Đã khấu trừ,Khấu trừ theo đơn hàng,2026-06-29 11:47:12
2606251G6UX6Y4,Hoàn thành,Hợp lệ,2026-06-25 08:56:11,2026-06-29 11:46:45,2026-06-29 11:46:45,25644330193,[QUÀ TẶNG KHÔNG BÁN] Bông Tạo Bọt Kì Cọ Tẩy Da Chết Màu Ngẫu Nhiên,346005340612,Nhà cửa & Đời sống,Đồ dùng phòng tắm,Bông tắm,466255413326418_0_0,0,1,Kim Ngân Lê,helenekim,,122682417,,Chiến dịch mở rộng,0,0,Đơn hàng gián tiếp,0,0,4%,0,0%,0,0,0,,Facebook,0,,,
2606251FW0A3UH,Hoàn thành,Hợp lệ,2026-06-25 08:50:39,2026-06-29 13:26:23,2026-06-29 13:26:23,25644330193,[QUÀ TẶNG KHÔNG BÁN] Bông Tạo Bọt Kì Cọ Tẩy Da Chết Màu Ngẫu Nhiên,346005340612,Nhà cửa & Đời sống,Đồ dùng phòng tắm,Bông tắm,466255413326418_0_0,0,1,WebHome Live3,webhome.livestream3,Webhome Media,122682417,,Chiến dịch mở rộng,0,0,Đơn hàng trực tiếp,0,0,8%,0,0%,27360,27360,0,,Shopeelive-Shopee,0,,,
2606251FW0A3UH,Hoàn thành,Hợp lệ,2026-06-25 08:50:39,2026-06-29 13:26:23,2026-06-29 13:26:23,24142870859,Sữa Tắm Thơm Lâu Le Petit Marseillais Gel 92% Thiên Nhiên Da Nhạy Cảm Nhiều Mùi Hương 650ml,350973489414,Sắc Đẹp,Tắm & chăm sóc cơ thể,Xà phòng & sữa tắm,466255413326418_0_0,395000,1,WebHome Live3,webhome.livestream3,Webhome Media,112430963,,Chiến dịch mở rộng,304000,0,Đơn hàng trực tiếp,27360,27360,9%,0,0%,0,0,0,,Shopeelive-Shopee,29549,Đã khấu trừ,Khấu trừ theo đơn hàng,2026-06-29 13:26:52
2606251E49FE04,Hoàn thành,Hợp lệ,2026-06-25 08:18:56,2026-06-29 11:07:20,2026-06-29 11:07:20,24692615669,Sữa Tắm Nam 4 in 1 92% Thiên Nhiên Le Petit Marseillais Chiết Xuất Gỗ Tuyết Tùng & Dương Xỉ 250ml 1172,375969714396,Sắc Đẹp,Chăm sóc nam giới,Sữa tắm & chăm sóc cơ thể,466255413326418_0_0,205000,1,Phúc Khoa TiKa,khoatika,,110670487,,Chiến dịch mở rộng,171011,0,Đơn hàng gián tiếp,6840.44,6840.44,4%,0,0%,6840.44,6840.44,0,,Facebook,7388,Đã khấu trừ,Khấu trừ theo đơn hàng,2026-06-29 11:07:47
2606251E49FE04,Hoàn thành,Hợp lệ,2026-06-25 08:18:56,2026-06-29 11:07:20,2026-06-29 11:07:20,25644330193,[QUÀ TẶNG KHÔNG BÁN] Bông Tạo Bọt Kì Cọ Tẩy Da Chết Màu Ngẫu Nhiên,346005340612,Nhà cửa & Đời sống,Đồ dùng phòng tắm,Bông tắm,466255413326418_0_0,0,1,Phúc Khoa TiKa,khoatika,,122682417,,Chiến dịch mở rộng,0,0,Đơn hàng gián tiếp,0,0,4%,0,0%,0,0,0,,Facebook,0,,,
2606251DWVC6C9,Hoàn thành,Hợp lệ,2026-06-25 08:15:20,2026-06-29 13:26:22,2026-06-29 13:26:22,24142870859,Sữa Tắm Thơm Lâu Le Petit Marseillais Gel 92% Thiên Nhiên Da Nhạy Cảm Nhiều Mùi Hương 650ml,350973489414,Sắc Đẹp,Tắm & chăm sóc cơ thể,Xà phòng & sữa tắm,466255413326418_0_0,395000,1,appmontize3,appmontize3,,112430963,,Chiến dịch mở rộng,248726,0,Đơn hàng gián tiếp,11192.67,11192.67,"4,5%",0,0%,11192.67,11192.67,0,,Websites,12088,Đã khấu trừ,Khấu trừ theo đơn hàng,2026-06-29 13:26:49
2606251DWVC6C9,Hoàn thành,Hợp lệ,2026-06-25 08:15:20,2026-06-29 13:26:22,2026-06-29 13:26:22,25644330193,[QUÀ TẶNG KHÔNG BÁN] Bông Tạo Bọt Kì Cọ Tẩy Da Chết Màu Ngẫu Nhiên,346005340612,Nhà cửa & Đời sống,Đồ dùng phòng tắm,Bông tắm,466255413326418_0_0,0,1,appmontize3,appmontize3,,122682417,,Chiến dịch mở rộng,0,0,Đơn hàng gián tiếp,0,0,4%,0,0%,0,0,0,,Websites,0,,,
2606251DT2ACFT,Hoàn thành,Hợp lệ,2026-06-25 08:13:14,2026-06-30 07:12:45,2026-06-30 07:12:45,24142870859,Sữa Tắm Thơm Lâu Le Petit Marseillais Gel 92% Thiên Nhiên Da Nhạy Cảm Nhiều Mùi Hương 650ml,350973489409,Sắc Đẹp,Tắm & chăm sóc cơ thể,Xà phòng & sữa tắm,466255413326418_0_0,395000,1,Hương Hương nè ᥫ᭡,huonghuongne185,,112430963,,Chiến dịch mở rộng,308000,0,Đơn hàng trực tiếp,27720,27720,9%,0,0%,27720,27720,0,,Shopeevideo-Shopee,29938,Đã khấu trừ,Khấu trừ theo đơn hàng,2026-06-30 07:13:12
2606251DT2ACFT,Hoàn thành,Hợp lệ,2026-06-25 08:13:14,2026-06-30 07:12:45,2026-06-30 07:12:45,25644330193,[QUÀ TẶNG KHÔNG BÁN] Bông Tạo Bọt Kì Cọ Tẩy Da Chết Màu Ngẫu Nhiên,346005340612,Nhà cửa & Đời sống,Đồ dùng phòng tắm,Bông tắm,466255413326418_0_0,0,1,Hương Hương nè ᥫ᭡,huonghuongne185,,122682417,,Chiến dịch mở rộng,0,0,Đơn hàng trực tiếp,0,0,8%,0,0%,0,0,0,,Shopeevideo-Shopee,0,,,
2606251BV2PDA6,Hoàn thành,Hợp lệ,2026-06-25 07:38:34,2026-06-29 11:41:03,2026-06-29 11:41:03,25644330193,[QUÀ TẶNG KHÔNG BÁN] Bông Tạo Bọt Kì Cọ Tẩy Da Chết Màu Ngẫu Nhiên,346005340612,Nhà cửa & Đời sống,Đồ dùng phòng tắm,Bông tắm,466255413326418_0_0,0,1,Nếp Nhà Đẹp 🎀,nepnhadep,,122682417,,Chiến dịch mở rộng,0,0,Đơn hàng trực tiếp,0,0,8%,0,0%,23228.91,23228.91,0,,Shopeelive-Shopee,0,,,
2606251BV2PDA6,Hoàn thành,Hợp lệ,2026-06-25 07:38:34,2026-06-29 11:41:03,2026-06-29 11:41:03,29728471220,Sữa Tắm 92% Thiên Nhiên Le Petit Marseillais Dịu Nhẹ Sữa Vani Hữu Cơ 650ml 0557,430969799743,Sắc Đẹp,Tắm & chăm sóc cơ thể,Xà phòng & sữa tắm,466255413326418_0_0,395000,1,Nếp Nhà Đẹp 🎀,nepnhadep,,109863144,,Chiến dịch mở rộng,258099,0,Đơn hàng trực tiếp,23228.91,23228.91,9%,0,0%,0,0,0,,Shopeelive-Shopee,25087,Đã khấu trừ,Khấu trừ theo đơn hàng,2026-06-29 11:41:31
2606251BFH7M68,Hoàn thành,Hợp lệ,2026-06-25 07:31:32,2026-06-28 18:33:59,2026-06-28 18:33:59,25644330193,[QUÀ TẶNG KHÔNG BÁN] Bông Tạo Bọt Kì Cọ Tẩy Da Chết Màu Ngẫu Nhiên,346005340612,Nhà cửa & Đời sống,Đồ dùng phòng tắm,Bông tắm,466255413326418_0_0,0,1,hienhanh936,hienhanh936,,122682417,,Chiến dịch mở rộng,0,0,Đơn hàng trực tiếp,0,0,8%,0,0%,22657.5,22657.5,0,,Shopeevideo-Shopee,0,,,
2606251BFH7M68,Hoàn thành,Hợp lệ,2026-06-25 07:31:32,2026-06-28 18:33:59,2026-06-28 18:33:59,28980146591,Gel Tắm Hữu Cơ BIO 98% Thiên Nhiên Le Petit Marseillais Nhiều Mùi Hương 250ml,315970996472,Sắc Đẹp,Tắm & chăm sóc cơ thể,Xà phòng & sữa tắm,466255413326418_0_0,265000,1,hienhanh936,hienhanh936,,112420787,,Chiến dịch mở rộng,251750,0,Đơn hàng trực tiếp,22657.5,22657.5,9%,0,0%,0,0,0,,Shopeevideo-Shopee,24470,Đã khấu trừ,Khấu trừ theo đơn hàng,2026-06-28 18:34:26
2606251AET3528,Hoàn thành,Hợp lệ,2026-06-25 07:13:14,2026-06-27 19:49:31,2026-06-27 19:49:31,25692866155,Sữa Tắm Nam 4 in 1 92% Thiên Nhiên Le Petit Marseillais Nhiều Mùi Hương 250ml,345969754131,Sắc Đẹp,Chăm sóc nam giới,Sữa tắm & chăm sóc cơ thể,,205000,1,Nhat Quang,nhatquanghoang605,,112434462,,Chiến dịch mở rộng,161069,0,Đơn hàng gián tiếp,6442.76,6442.76,4%,0,0%,6442.76,6442.76,0,,Facebook,6958,Đã khấu trừ,Khấu trừ theo đơn hàng,2026-06-27 19:49:58
26062519N9QYYU,Hoàn thành,Hợp lệ,2026-06-25 06:58:58,2026-06-30 18:17:19,2026-06-30 18:17:19,25644330193,[QUÀ TẶNG KHÔNG BÁN] Bông Tạo Bọt Kì Cọ Tẩy Da Chết Màu Ngẫu Nhiên,346005340612,Nhà cửa & Đời sống,Đồ dùng phòng tắm,Bông tắm,466255413326418_0_0,0,1,Hương hương review,ok6tfg3ykw,Webhome Media,122682417,,Chiến dịch mở rộng,0,0,Đơn hàng trực tiếp,0,0,8%,0,0%,12090.08,12090.08,0,,Shopeelive-Shopee,0,,,
26062519N9QYYU,Hoàn thành,Hợp lệ,2026-06-25 06:58:58,2026-06-30 18:17:19,2026-06-30 18:17:19,25692866155,Sữa Tắm Nam 4 in 1 92% Thiên Nhiên Le Petit Marseillais Nhiều Mùi Hương 250ml,345969754133,Sắc Đẹp,Chăm sóc nam giới,Sữa tắm & chăm sóc cơ thể,466255413326418_0_0,205000,1,Hương hương review,ok6tfg3ykw,Webhome Media,112434462,,Chiến dịch mở rộng,151126,0,Đơn hàng trực tiếp,12090.08,12090.08,8%,0,0%,0,0,0,,Shopeelive-Shopee,13057,Đã khấu trừ,Khấu trừ theo đơn hàng,2026-06-30 18:17:48
26062519E11Y8K,Hoàn thành,Hợp lệ,2026-06-25 06:54:53,2026-06-28 12:31:29,2026-06-28 12:31:29,25644330193,[QUÀ TẶNG KHÔNG BÁN] Bông Tạo Bọt Kì Cọ Tẩy Da Chết Màu Ngẫu Nhiên,346005340612,Nhà cửa & Đời sống,Đồ dùng phòng tắm,Bông tắm,466255413326418_0_0,0,1,Mai Xuân Thọ,airblog,,122682417,,Chiến dịch mở rộng,0,0,Đơn hàng gián tiếp,0,0,4%,0,0%,6601.8,6601.8,0,,Websites,0,,,
26062519E11Y8K,Hoàn thành,Hợp lệ,2026-06-25 06:54:53,2026-06-28 12:31:29,2026-06-28 12:31:29,25692866155,Sữa Tắm Nam 4 in 1 92% Thiên Nhiên Le Petit Marseillais Nhiều Mùi Hương 250ml,345969754133,Sắc Đẹp,Chăm sóc nam giới,Sữa tắm & chăm sóc cơ thể,466255413326418_0_0,205000,1,Mai Xuân Thọ,airblog,,112434462,,Chiến dịch mở rộng,165045,0,Đơn hàng gián tiếp,6601.8,6601.8,4%,0,0%,0,0,0,,Websites,7130,Đã khấu trừ,Khấu trừ theo đơn hàng,2026-06-28 12:31:56
260625197CBUVF,Hoàn thành,Hợp lệ,2026-06-25 06:51:10,2026-06-29 12:21:17,2026-06-29 12:21:17,25644330193,[QUÀ TẶNG KHÔNG BÁN] Bông Tạo Bọt Kì Cọ Tẩy Da Chết Màu Ngẫu Nhiên,346005340612,Nhà cửa & Đời sống,Đồ dùng phòng tắm,Bông tắm,466255413326418_0_0,0,1,Chu,chuquynh0919,,122682417,,Chiến dịch mở rộng,0,0,Đơn hàng gián tiếp,0,0,4%,0,0%,16708.5,16708.5,0,,Websites,0,,,
260625197CBUVF,Hoàn thành,Hợp lệ,2026-06-25 06:51:10,2026-06-29 12:21:17,2026-06-29 12:21:17,27530290500,Kem Dưỡng Body Lotion 24h Le Petit Marseillais Sữa Cấp Ẩm Hữu Cơ Thiên Nhiên Nhiều Mùi Hương 400ml,272645767605,Sắc Đẹp,Tắm & chăm sóc cơ thể,Kem & sữa dưỡng thể,466255413326418_0_0,485000,1,Chu,chuquynh0919,,112716201,,Chiến dịch mở rộng,371300,0,Đơn hàng gián tiếp,16708.5,16708.5,"4,5%",0,0%,0,0,0,,Websites,18045,Đã khấu trừ,Khấu trừ theo đơn hàng,2026-06-29 12:21:44
26062516FX7T9P,Hoàn thành,Hợp lệ,2026-06-25 06:02:18,2026-06-30 10:06:03,2026-06-30 10:06:03,24142870859,Sữa Tắm Thơm Lâu Le Petit Marseillais Gel 92% Thiên Nhiên Da Nhạy Cảm Nhiều Mùi Hương 650ml,350973489410,Sắc Đẹp,Tắm & chăm sóc cơ thể,Xà phòng & sữa tắm,466255413326418_0_0,395000,1,Hương Hương nè ᥫ᭡,huonghuongne185,,112430963,,Chiến dịch mở rộng,300200,0,Đơn hàng trực tiếp,27018,27018,9%,0,0%,27018,27018,0,,Shopeevideo-Shopee,29179,Đã khấu trừ,Khấu trừ theo đơn hàng,2026-06-30 10:06:30
26062516FX7T9P,Hoàn thành,Hợp lệ,2026-06-25 06:02:18,2026-06-30 10:06:03,2026-06-30 10:06:03,25644330193,[QUÀ TẶNG KHÔNG BÁN] Bông Tạo Bọt Kì Cọ Tẩy Da Chết Màu Ngẫu Nhiên,346005340612,Nhà cửa & Đời sống,Đồ dùng phòng tắm,Bông tắm,466255413326418_0_0,0,1,Hương Hương nè ᥫ᭡,huonghuongne185,,122682417,,Chiến dịch mở rộng,0,0,Đơn hàng trực tiếp,0,0,8%,0,0%,0,0,0,,Shopeevideo-Shopee,0,,,
26062515QDBKF3,Hoàn thành,Hợp lệ,2026-06-25 05:48:34,2026-06-28 16:43:54,2026-06-28 16:43:54,25644330193,[QUÀ TẶNG KHÔNG BÁN] Bông Tạo Bọt Kì Cọ Tẩy Da Chết Màu Ngẫu Nhiên,346005340612,Nhà cửa & Đời sống,Đồ dùng phòng tắm,Bông tắm,466255413326418_0_0,0,1,Thịnh Phan,thinhfhan,,122682417,,Chiến dịch mở rộng,0,0,Đơn hàng gián tiếp,0,0,4%,0,0%,20007,20007,0,,Facebook,0,,,
26062515QDBKF3,Hoàn thành,Hợp lệ,2026-06-25 05:48:34,2026-06-28 16:43:54,2026-06-28 16:43:54,27730151664,Sữa Tắm Dưỡng Ẩm 98% Thiên Nhiên Le Petit Marseillais Hữu Cơ Nhiều Mùi Hương Thơm 400ml,365969915562,Sắc Đẹp,Tắm & chăm sóc cơ thể,Xà phòng & sữa tắm,466255413326418_0_0,335000,1,Thịnh Phan,thinhfhan,,112426971,,Chiến dịch mở rộng,248235,0,Đơn hàng gián tiếp,11170.575,11170.575,"4,5%",0,0%,0,0,0,,Facebook,12064,Đã khấu trừ,Khấu trừ theo đơn hàng,2026-06-28 16:44:21
26062515QDBKF3,Hoàn thành,Hợp lệ,2026-06-25 05:48:34,2026-06-28 16:43:54,2026-06-28 16:43:54,29680365284,Dầu Gội Thiên Nhiên Le Petit Marseillais Hữu Cơ Nhiều Mùi Hương 250ml,370971985643,Sắc Đẹp,Chăm sóc tóc,Dầu gội,466255413326418_0_0,265000,1,Thịnh Phan,thinhfhan,,112920799,,Chiến dịch mở rộng,196365,0,Đơn hàng gián tiếp,8836.425,8836.425,"4,5%",0,0%,0,0,0,,Facebook,9543,Đã khấu trừ,Khấu trừ theo đơn hàng,2026-06-28 16:44:21
2606250X5P3ME6,Hoàn thành,Hợp lệ,2026-06-25 03:33:24,2026-07-01 18:23:26,2026-07-01 18:23:26,25644330193,[QUÀ TẶNG KHÔNG BÁN] Bông Tạo Bọt Kì Cọ Tẩy Da Chết Màu Ngẫu Nhiên,346005340612,Nhà cửa & Đời sống,Đồ dùng phòng tắm,Bông tắm,466255413326418_0_0,0,1,Chuyên review sạch,hanhikieu1709,KakaOnline,122682417,,Chiến dịch mở rộng,0,0,Đơn hàng trực tiếp,0,0,8%,0,0%,10371.44,10371.44,0,,Shopeevideo-Shopee,0,,,
2606250X5P3ME6,Hoàn thành,Hợp lệ,2026-06-25 03:33:24,2026-07-01 18:23:26,2026-07-01 18:23:26,25692866155,Sữa Tắm Nam 4 in 1 92% Thiên Nhiên Le Petit Marseillais Nhiều Mùi Hương 250ml,345969754130,Sắc Đẹp,Chăm sóc nam giới,Sữa tắm & chăm sóc cơ thể,466255413326418_0_0,205000,1,Chuyên review sạch,hanhikieu1709,KakaOnline,112434462,,Chiến dịch mở rộng,129643,0,Đơn hàng trực tiếp,10371.44,10371.44,8%,0,0%,0,0,0,,Shopeevideo-Shopee,11201,Đã khấu trừ,Khấu trừ theo đơn hàng,2026-07-01 18:23:54
2606250UGATHQC,Hủy bỏ,Hợp lệ,2026-06-25 02:45:40,,,25644330193,[QUÀ TẶNG KHÔNG BÁN] Bông Tạo Bọt Kì Cọ Tẩy Da Chết Màu Ngẫu Nhiên,346005340612,Nhà cửa & Đời sống,Đồ dùng phòng tắm,Bông tắm,466255413326418_0_0,0,0,Thời trang đẹp,v5sp458cap,,122682417,,Chiến dịch mở rộng,0,0,Đơn hàng trực tiếp,0,0,8%,0,0%,0,0,0,Đơn hàng bị hủy bỏ bởi người mua,Shopeelive-Shopee,0,,,
2606250UGATHQC,Hủy bỏ,Hợp lệ,2026-06-25 02:45:40,,,25692912400,Sữa Dưỡng Thể Body Lotion Thiên Nhiên Le Petit Marseillais Hữu Cơ Nhiều Mùi Hương 250ml,375972102741,Sắc Đẹp,Tắm & chăm sóc cơ thể,Kem & sữa dưỡng thể,466255413326418_0_0,405000,0,Thời trang đẹp,v5sp458cap,,112708614,,Chiến dịch mở rộng,0,292500,Đơn hàng trực tiếp,0,0,9%,0,0%,0,0,0,Đơn hàng bị hủy bỏ bởi người mua,Shopeelive-Shopee,0,,,
2606250T1Q9YRH,Hoàn thành,Hợp lệ,2026-06-25 02:19:35,2026-06-27 17:38:42,2026-06-27 17:38:42,24142870859,Sữa Tắm Thơm Lâu Le Petit Marseillais Gel 92% Thiên Nhiên Da Nhạy Cảm Nhiều Mùi Hương 650ml,350973489409,Sắc Đẹp,Tắm & chăm sóc cơ thể,Xà phòng & sữa tắm,466255413326418_0_0,395000,1,Hương Hương nè ᥫ᭡,huonghuongne185,,112430963,,Chiến dịch mở rộng,242585,0,Đơn hàng trực tiếp,21832.65,21832.65,9%,0,0%,21832.65,21832.65,0,,Shopeevideo-Shopee,23579,Đã khấu trừ,Khấu trừ theo đơn hàng,2026-06-27 17:39:09
2606250T1Q9YRH,Hoàn thành,Hợp lệ,2026-06-25 02:19:35,2026-06-27 17:38:42,2026-06-27 17:38:42,25644330193,[QUÀ TẶNG KHÔNG BÁN] Bông Tạo Bọt Kì Cọ Tẩy Da Chết Màu Ngẫu Nhiên,346005340612,Nhà cửa & Đời sống,Đồ dùng phòng tắm,Bông tắm,466255413326418_0_0,0,1,Hương Hương nè ᥫ᭡,huonghuongne185,,122682417,,Chiến dịch mở rộng,0,0,Đơn hàng trực tiếp,0,0,8%,0,0%,0,0,0,,Shopeevideo-Shopee,0,,,
2606250R2T1S29,Hoàn thành,Hợp lệ,2026-06-25 01:44:24,2026-06-26 17:26:00,2026-06-26 17:26:00,24142870859,Sữa Tắm Thơm Lâu Le Petit Marseillais Gel 92% Thiên Nhiên Da Nhạy Cảm Nhiều Mùi Hương 650ml,350973489402,Sắc Đẹp,Tắm & chăm sóc cơ thể,Xà phòng & sữa tắm,466255413326418_0_0,395000,1,Chang Hi,huongmattuakhoisuongplus,,112430963,,Chiến dịch mở rộng,285000,0,Đơn hàng trực tiếp,25650,25650,9%,0,0%,25650,25650,0,,Shopeelive-Shopee,27702,Đã khấu trừ,Khấu trừ theo đơn hàng,2026-06-26 17:26:27
2606250R2T1S29,Hoàn thành,Hợp lệ,2026-06-25 01:44:24,2026-06-26 17:26:00,2026-06-26 17:26:00,25644330193,[QUÀ TẶNG KHÔNG BÁN] Bông Tạo Bọt Kì Cọ Tẩy Da Chết Màu Ngẫu Nhiên,346005340612,Nhà cửa & Đời sống,Đồ dùng phòng tắm,Bông tắm,466255413326418_0_0,0,1,Chang Hi,huongmattuakhoisuongplus,,122682417,,Chiến dịch mở rộng,0,0,Đơn hàng trực tiếp,0,0,8%,0,0%,0,0,0,,Shopeelive-Shopee,0,,,
2606250P52XWHJ,Hoàn thành,Hợp lệ,2026-06-25 01:09:53,2026-07-01 10:44:11,2026-07-01 10:44:11,24142870859,Sữa Tắm Thơm Lâu Le Petit Marseillais Gel 92% Thiên Nhiên Da Nhạy Cảm Nhiều Mùi Hương 650ml,350973489410,Sắc Đẹp,Tắm & chăm sóc cơ thể,Xà phòng & sữa tắm,466255413326418_0_0,395000,1,Trong Clip có mã VIP,thuythuy9992,,112430963,,Chiến dịch mở rộng,288800,0,Đơn hàng trực tiếp,25992,25992,9%,0,0%,25992,25992,0,,Shopeevideo-Shopee,28071,Đã khấu trừ,Khấu trừ theo đơn hàng,2026-07-01 10:44:38
2606250P52XWHJ,Hoàn thành,Hợp lệ,2026-06-25 01:09:53,2026-07-01 10:44:11,2026-07-01 10:44:11,25644330193,[QUÀ TẶNG KHÔNG BÁN] Bông Tạo Bọt Kì Cọ Tẩy Da Chết Màu Ngẫu Nhiên,346005340612,Nhà cửa & Đời sống,Đồ dùng phòng tắm,Bông tắm,466255413326418_0_0,0,1,Trong Clip có mã VIP,thuythuy9992,,122682417,,Chiến dịch mở rộng,0,0,Đơn hàng trực tiếp,0,0,8%,0,0%,0,0,0,,Shopeevideo-Shopee,0,,,
2606250NM684TA,Hoàn thành,Hợp lệ,2026-06-25 01:00:26,2026-06-29 16:06:29,2026-06-29 16:06:29,25644330193,[QUÀ TẶNG KHÔNG BÁN] Bông Tạo Bọt Kì Cọ Tẩy Da Chết Màu Ngẫu Nhiên,346005340612,Nhà cửa & Đời sống,Đồ dùng phòng tắm,Bông tắm,466255413326418_0_0,0,1,ShopBack Việt Nam,shopbackvn_,,122682417,,Chiến dịch mở rộng,0,0,Đơn hàng trực tiếp,0,0,8%,0,0%,18126,18126,0,,Websites,0,,,
2606250NM684TA,Hoàn thành,Hợp lệ,2026-06-25 01:00:26,2026-06-29 16:06:29,2026-06-29 16:06:29,28179873093,Dầu Gội Thiên Nhiên 2in1 97% Sạch Gàu Le Petit Marseillais Chiết Xuất Bạc Hà Hữu Cơ 250ml 4042,287645622650,Sắc Đẹp,Chăm sóc tóc,Dầu gội,466255413326418_0_0,265000,1,ShopBack Việt Nam,shopbackvn_,,111642571,,Chiến dịch mở rộng,201400,0,Đơn hàng trực tiếp,18126,18126,9%,0,0%,0,0,0,,Websites,19576,Đã khấu trừ,Khấu trừ theo đơn hàng,2026-06-29 16:06:56
2606250NK7R9WT,Hoàn thành,Hợp lệ,2026-06-25 00:59:55,2026-07-01 18:14:04,2026-07-01 18:14:04,25644330193,[QUÀ TẶNG KHÔNG BÁN] Bông Tạo Bọt Kì Cọ Tẩy Da Chết Màu Ngẫu Nhiên,346005340612,Nhà cửa & Đời sống,Đồ dùng phòng tắm,Bông tắm,466255413326418_0_0,0,1,Nguyệt Nguyễn,nguyetnt1404,,122682417,,Chiến dịch mở rộng,0,0,Đơn hàng gián tiếp,0,0,4%,0,0%,6840.44,6840.44,0,,Others,0,,,
2606250NK7R9WT,Hoàn thành,Hợp lệ,2026-06-25 00:59:55,2026-07-01 18:14:04,2026-07-01 18:14:04,25692866155,Sữa Tắm Nam 4 in 1 92% Thiên Nhiên Le Petit Marseillais Nhiều Mùi Hương 250ml,345969754130,Sắc Đẹp,Chăm sóc nam giới,Sữa tắm & chăm sóc cơ thể,466255413326418_0_0,205000,1,Nguyệt Nguyễn,nguyetnt1404,,112434462,,Chiến dịch mở rộng,171011,0,Đơn hàng gián tiếp,6840.44,6840.44,4%,0,0%,0,0,0,,Others,7388,Đã khấu trừ,Khấu trừ theo đơn hàng,2026-07-01 18:14:31
2606250MNF1YFB,Hoàn thành,Hợp lệ,2026-06-25 00:43:15,2026-06-29 10:41:34,2026-06-29 10:41:34,24142870859,Sữa Tắm Thơm Lâu Le Petit Marseillais Gel 92% Thiên Nhiên Da Nhạy Cảm Nhiều Mùi Hương 650ml,350973489409,Sắc Đẹp,Tắm & chăm sóc cơ thể,Xà phòng & sữa tắm,466255413326418_0_0,395000,1,phuong_.anh07,phuong_.anh07,,112430963,,Chiến dịch mở rộng,257938,0,Đơn hàng gián tiếp,11607.21,11607.21,"4,5%",0,0%,11607.21,11607.21,0,,Facebook,12536,Đã khấu trừ,Khấu trừ theo đơn hàng,2026-06-29 10:42:00
2606250MNF1YFB,Hoàn thành,Hợp lệ,2026-06-25 00:43:15,2026-06-29 10:41:34,2026-06-29 10:41:34,25644330193,[QUÀ TẶNG KHÔNG BÁN] Bông Tạo Bọt Kì Cọ Tẩy Da Chết Màu Ngẫu Nhiên,346005340612,Nhà cửa & Đời sống,Đồ dùng phòng tắm,Bông tắm,466255413326418_0_0,0,1,phuong_.anh07,phuong_.anh07,,122682417,,Chiến dịch mở rộng,0,0,Đơn hàng gián tiếp,0,0,4%,0,0%,0,0,0,,Facebook,0,,,
2606250M4GCV4E,Hủy bỏ,Hợp lệ,2026-06-25 00:33:46,,,25644330193,[QUÀ TẶNG KHÔNG BÁN] Bông Tạo Bọt Kì Cọ Tẩy Da Chết Màu Ngẫu Nhiên,346005340612,Nhà cửa & Đời sống,Đồ dùng phòng tắm,Bông tắm,466255413326418_0_0,0,0,THE MINH,theminhreal,,122682417,,Chiến dịch mở rộng,0,0,Đơn hàng gián tiếp,0,0,4%,0,0%,0,0,0,Đơn hàng bị hủy bỏ do vận chuyển không thành công,Facebook,0,,,
2606250M4GCV4E,Hủy bỏ,Hợp lệ,2026-06-25 00:33:46,,,25692866155,Sữa Tắm Nam 4 in 1 92% Thiên Nhiên Le Petit Marseillais Nhiều Mùi Hương 250ml,345969754133,Sắc Đẹp,Chăm sóc nam giới,Sữa tắm & chăm sóc cơ thể,466255413326418_0_0,205000,0,THE MINH,theminhreal,,112434462,,Chiến dịch mở rộng,0,151362,Đơn hàng gián tiếp,0,0,4%,0,0%,0,0,0,Đơn hàng bị hủy bỏ do vận chuyển không thành công,Facebook,0,,,
2606250M4GCV4E,Hủy bỏ,Hợp lệ,2026-06-25 00:33:46,,,29144302049,[DEAL 8/3] Combo Dầu Gội-Xả Thiên Nhiên Chăm Sóc Tóc Le Petit Marseillais Mềm Mượt 250ML + 200ML,310972753194,Sắc Đẹp,Chăm sóc tóc,Dầu gội,,515000,0,THE MINH,theminhreal,,226836724,,Chiến dịch mở rộng,0,380245,Đơn hàng gián tiếp,0,0,"4,5%",0,0%,0,0,0,Đơn hàng bị hủy bỏ do vận chuyển không thành công,Facebook,0,,,
2606250M4GCV4E,Hủy bỏ,Hợp lệ,2026-06-25 00:33:46,,,29880370481,Kem Dưỡng Tay 24h Thiên Nhiên Le Petit Marseillais Nhiều Mùi Hương 75ml,129503370888,Sắc Đẹp,"Chăm sóc tay, chân & móng",Chăm sóc tay,466255413326418_0_0,245000,0,THE MINH,theminhreal,,112922896,,Chiến dịch mở rộng,0,180893,Đơn hàng gián tiếp,0,0,4%,0,0%,0,0,0,Đơn hàng bị hủy bỏ do vận chuyển không thành công,Facebook,0,,,
2606250KUFEUUX,Hoàn thành,Hợp lệ,2026-06-25 00:28:44,2026-06-26 19:14:51,2026-06-26 19:14:51,24142870859,Sữa Tắm Thơm Lâu Le Petit Marseillais Gel 92% Thiên Nhiên Da Nhạy Cảm Nhiều Mùi Hương 650ml,350973489413,Sắc Đẹp,Tắm & chăm sóc cơ thể,Xà phòng & sữa tắm,466255413326418_0_0,395000,1,Hương Hương nè ᥫ᭡,huonghuongne185,,112430963,,Chiến dịch mở rộng,300200,0,Đơn hàng trực tiếp,27018,27018,9%,0,0%,27018,27018,0,,Shopeevideo-Shopee,29179,Đã khấu trừ,Khấu trừ theo đơn hàng,2026-06-26 19:15:21
2606250KUFEUUX,Hoàn thành,Hợp lệ,2026-06-25 00:28:44,2026-06-26 19:14:51,2026-06-26 19:14:51,25644330193,[QUÀ TẶNG KHÔNG BÁN] Bông Tạo Bọt Kì Cọ Tẩy Da Chết Màu Ngẫu Nhiên,346005340612,Nhà cửa & Đời sống,Đồ dùng phòng tắm,Bông tắm,466255413326418_0_0,0,1,Hương Hương nè ᥫ᭡,huonghuongne185,,122682417,,Chiến dịch mở rộng,0,0,Đơn hàng trực tiếp,0,0,8%,0,0%,0,0,0,,Shopeevideo-Shopee,0,,,
2606250KK77EN3,Hoàn thành,Hợp lệ,2026-06-25 00:24:06,2026-06-29 11:21:13,2026-06-29 11:21:13,25644330193,[QUÀ TẶNG KHÔNG BÁN] Bông Tạo Bọt Kì Cọ Tẩy Da Chết Màu Ngẫu Nhiên,346005340612,Nhà cửa & Đời sống,Đồ dùng phòng tắm,Bông tắm,466255413326418_0_0,0,1,Chuyên review sạch,hanhikieu1709,KakaOnline,122682417,,Chiến dịch mở rộng,0,0,Đơn hàng trực tiếp,0,0,8%,0,0%,12718.4,12718.4,0,,Shopeevideo-Shopee,0,,,
2606250KK77EN3,Hoàn thành,Hợp lệ,2026-06-25 00:24:06,2026-06-29 11:21:13,2026-06-29 11:21:13,25692866155,Sữa Tắm Nam 4 in 1 92% Thiên Nhiên Le Petit Marseillais Nhiều Mùi Hương 250ml,345969754133,Sắc Đẹp,Chăm sóc nam giới,Sữa tắm & chăm sóc cơ thể,466255413326418_0_0,205000,1,Chuyên review sạch,hanhikieu1709,KakaOnline,112434462,,Chiến dịch mở rộng,158980,0,Đơn hàng trực tiếp,12718.4,12718.4,8%,0,0%,0,0,0,,Shopeevideo-Shopee,13736,Đã khấu trừ,Khấu trừ theo đơn hàng,2026-06-29 11:21:40
2606250KEKFJ5M,Hoàn thành,Hợp lệ,2026-06-25 00:21:31,2026-06-29 14:00:58,2026-06-29 14:00:58,29680365284,Dầu Gội Thiên Nhiên Le Petit Marseillais Hữu Cơ Nhiều Mùi Hương 250ml,370971985647,Sắc Đẹp,Chăm sóc tóc,Dầu gội,466255413326418_0_0,265000,1,Siêu Thị Online Vương Cung,cungcung737,,112920799,,Chiến dịch mở rộng,173755,0,Đơn hàng trực tiếp,15637.95,15637.95,9%,0,0%,15637.95,15637.95,0,,Shopeevideo-Shopee,16889,Đã khấu trừ,Khấu trừ theo đơn hàng,2026-06-29 14:01:25
2606250KEKFJ5M,Hoàn thành,Hợp lệ,2026-06-25 00:21:31,2026-06-29 14:00:58,2026-06-29 14:00:58,25644330193,[QUÀ TẶNG KHÔNG BÁN] Bông Tạo Bọt Kì Cọ Tẩy Da Chết Màu Ngẫu Nhiên,346005340612,Nhà cửa & Đời sống,Đồ dùng phòng tắm,Bông tắm,466255413326418_0_0,0,1,Siêu Thị Online Vương Cung,cungcung737,,122682417,,Chiến dịch mở rộng,0,0,Đơn hàng trực tiếp,0,0,8%,0,0%,0,0,0,,Shopeevideo-Shopee,0,,,
2606250K3NDW9H,Hoàn thành,Hợp lệ,2026-06-25 00:15:24,2026-06-29 00:38:59,2026-06-29 00:38:59,25644330193,[QUÀ TẶNG KHÔNG BÁN] Bông Tạo Bọt Kì Cọ Tẩy Da Chết Màu Ngẫu Nhiên,346005340612,Nhà cửa & Đời sống,Đồ dùng phòng tắm,Bông tắm,466255413326418_0_0,0,1,Break,breakbreak380,,122682417,,Chiến dịch mở rộng,0,0,Đơn hàng gián tiếp,0,0,4%,0,0%,5329.96,5329.96,0,,Websites,0,,,
2606250K3NDW9H,Hoàn thành,Hợp lệ,2026-06-25 00:15:24,2026-06-29 00:38:59,2026-06-29 00:38:59,25692866155,Sữa Tắm Nam 4 in 1 92% Thiên Nhiên Le Petit Marseillais Nhiều Mùi Hương 250ml,345969754133,Sắc Đẹp,Chăm sóc nam giới,Sữa tắm & chăm sóc cơ thể,466255413326418_0_0,205000,1,Break,breakbreak380,,112434462,,Chiến dịch mở rộng,133249,0,Đơn hàng gián tiếp,5329.96,5329.96,4%,0,0%,0,0,0,,Websites,5756,Đã khấu trừ,Khấu trừ theo đơn hàng,2026-06-29 01:01:55
2606250JUVG33J,Hoàn thành,Hợp lệ,2026-06-25 00:11:04,2026-06-30 16:46:12,2026-06-30 16:46:12,24142870859,Sữa Tắm Thơm Lâu Le Petit Marseillais Gel 92% Thiên Nhiên Da Nhạy Cảm Nhiều Mùi Hương 650ml,350973489410,Sắc Đẹp,Tắm & chăm sóc cơ thể,Xà phòng & sữa tắm,466255413326418_0_0,395000,1,Chang Hi,huongmattuakhoisuongplus,,112430963,,Chiến dịch mở rộng,200156,0,Đơn hàng trực tiếp,18014.04,18014.04,9%,0,0%,18014.04,18014.04,0,,Shopeelive-Shopee,19455,Đã khấu trừ,Khấu trừ theo đơn hàng,2026-06-30 17:42:04
2606250JUVG33J,Hoàn thành,Hợp lệ,2026-06-25 00:11:04,2026-06-30 16:46:12,2026-06-30 16:46:12,25644330193,[QUÀ TẶNG KHÔNG BÁN] Bông Tạo Bọt Kì Cọ Tẩy Da Chết Màu Ngẫu Nhiên,346005340612,Nhà cửa & Đời sống,Đồ dùng phòng tắm,Bông tắm,466255413326418_0_0,0,1,Chang Hi,huongmattuakhoisuongplus,,122682417,,Chiến dịch mở rộng,0,0,Đơn hàng trực tiếp,0,0,8%,0,0%,0,0,0,,Shopeelive-Shopee,0,,,
2606250JTT5SC4,Hoàn thành,Hợp lệ,2026-06-25 00:10:27,2026-06-28 11:48:26,2026-06-28 11:48:26,25644330193,[QUÀ TẶNG KHÔNG BÁN] Bông Tạo Bọt Kì Cọ Tẩy Da Chết Màu Ngẫu Nhiên,346005340612,Nhà cửa & Đời sống,Đồ dùng phòng tắm,Bông tắm,466255413326418_0_0,0,1,Nambui0112,nambui0112,,122682417,,Chiến dịch mở rộng,0,0,Đơn hàng trực tiếp,0,0,8%,0,0%,14496.12,14496.12,0,,Shopeelive-Shopee,0,,,
2606250JTT5SC4,Hoàn thành,Hợp lệ,2026-06-25 00:10:27,2026-06-28 11:48:26,2026-06-28 11:48:26,29480146096,Sữa Tắm Thiên Nhiên 92% Le Petit Marseillais Nhiều Mùi Hương 250ml,315970228700,Sắc Đẹp,Tắm & chăm sóc cơ thể,Xà phòng & sữa tắm,466255413326418_0_0,205000,1,Nambui0112,nambui0112,,112409565,,Chiến dịch mở rộng,161068,0,Đơn hàng trực tiếp,14496.12,14496.12,9%,0,0%,0,0,0,,Shopeelive-Shopee,15656,Đã khấu trừ,Khấu trừ theo đơn hàng,2026-06-28 11:48:53
2606250HT40F9P,Hoàn thành,Hợp lệ,2026-06-24 23:52:11,2026-06-30 10:38:12,2026-06-30 10:38:12,25644330193,[QUÀ TẶNG KHÔNG BÁN] Bông Tạo Bọt Kì Cọ Tẩy Da Chết Màu Ngẫu Nhiên,346005340612,Nhà cửa & Đời sống,Đồ dùng phòng tắm,Bông tắm,466255413326418_0_0,0,1,Mai Xuân Thọ,airblog,,122682417,,Chiến dịch mở rộng,0,0,Đơn hàng gián tiếp,0,0,4%,0,0%,9920,9920,0,,Websites,0,,,
2606250HT40F9P,Hoàn thành,Hợp lệ,2026-06-24 23:52:11,2026-06-30 10:38:12,2026-06-30 10:38:12,27586430985,Dầu Gội Trẻ Em 2in1 94% Thiên Nhiên Le Petit Marseillais Giúp Gỡ Rối Tóc Nhiều Mùi Hương 300ml,380970144964,Mẹ & Bé,Đồ dùng phòng tắm & Chăm sóc cơ thể bé,Sản phẩm tắm & gội cho bé,466255413326418_0_0,325000,1,Mai Xuân Thọ,airblog,,128189901,,Chiến dịch mở rộng,248000,0,Đơn hàng gián tiếp,9920,9920,4%,0,0%,0,0,0,,Websites,10714,Đã khấu trừ,Khấu trừ theo đơn hàng,2026-06-30 10:38:40
2606240E4HS4CS,Hoàn thành,Hợp lệ,2026-06-24 22:46:25,2026-06-29 09:03:39,2026-06-29 09:03:39,29144302049,[DEAL 8/3] Combo Dầu Gội-Xả Thiên Nhiên Chăm Sóc Tóc Le Petit Marseillais Mềm Mượt 250ML + 200ML,310972753194,Sắc Đẹp,Chăm sóc tóc,Dầu gội,,515000,1,Quỳnh Lương,quynhluonghihi,,226836724,,Chiến dịch mở rộng,312247,0,Đơn hàng gián tiếp,14051.115,14051.115,"4,5%",0,0%,14051.115,14051.115,0,,Facebook,15175,Đã khấu trừ,Khấu trừ theo đơn hàng,2026-06-29 09:04:06
2606240DW4ARBW,Hủy bỏ,Hợp lệ,2026-06-24 22:42:16,,,24692295309,Gel Tắm 92% Thiên Nhiên Le Petit Marseillais Dịu Nhẹ Thông Hữu Cơ Và Bạch Đàn Biển Hữu Cơ 650ml 1902,282645470490,Sắc Đẹp,Tắm & chăm sóc cơ thể,Xà phòng & sữa tắm,466255413326418_0_0,395000,0,PIGGI REVIEW,piggivn,PiGGi MCN,109863140,,Chiến dịch mở rộng,0,243373,Đơn hàng trực tiếp,0,0,9%,0,0%,0,0,0,Đơn hàng bị hủy bỏ bởi người mua,Facebook,0,,,
2606240DW4ARBW,Hủy bỏ,Hợp lệ,2026-06-24 22:42:16,,,25644330193,[QUÀ TẶNG KHÔNG BÁN] Bông Tạo Bọt Kì Cọ Tẩy Da Chết Màu Ngẫu Nhiên,346005340612,Nhà cửa & Đời sống,Đồ dùng phòng tắm,Bông tắm,466255413326418_0_0,0,0,PIGGI REVIEW,piggivn,PiGGi MCN,122682417,,Chiến dịch mở rộng,0,0,Đơn hàng trực tiếp,0,0,8%,0,0%,0,0,0,Đơn hàng bị hủy bỏ bởi người mua,Facebook,0,,,
2606240DM73YJG,Hoàn thành,Hợp lệ,2026-06-24 22:37:18,2026-06-30 13:10:57,2026-06-30 13:10:57,25644330193,[QUÀ TẶNG KHÔNG BÁN] Bông Tạo Bọt Kì Cọ Tẩy Da Chết Màu Ngẫu Nhiên,346005340612,Nhà cửa & Đời sống,Đồ dùng phòng tắm,Bông tắm,466255413326418_0_0,0,1,CreatorX Media Network,creatorxmedianetwork,,122682417,,Chiến dịch mở rộng,0,0,Đơn hàng gián tiếp,0,0,4%,0,0%,6000.165,6000.165,0,,Websites,0,,,
2606240DM73YJG,Hoàn thành,Hợp lệ,2026-06-24 22:37:18,2026-06-30 13:10:57,2026-06-30 13:10:57,29480146096,Sữa Tắm Thiên Nhiên 92% Le Petit Marseillais Nhiều Mùi Hương 250ml,315970228700,Sắc Đẹp,Tắm & chăm sóc cơ thể,Xà phòng & sữa tắm,466255413326418_0_0,205000,1,CreatorX Media Network,creatorxmedianetwork,,112409565,,Chiến dịch mở rộng,133337,0,Đơn hàng gián tiếp,6000.165,6000.165,"4,5%",0,0%,0,0,0,,Websites,6480,Đã khấu trừ,Khấu trừ theo đơn hàng,2026-06-30 13:11:24
2606240BV3B9R8,Hoàn thành,Hợp lệ,2026-06-24 22:05:54,2026-06-27 15:35:27,2026-06-27 15:35:27,25442235880,Sữa Tắm 92% Thiên Nhiên Le Petit Marseillais Dịu Nhẹ Sữa Hạnh Nhân Hữu Cơ 650ml 3594,435969833877,Sắc Đẹp,Tắm & chăm sóc cơ thể,Xà phòng & sữa tắm,466255413326418_0_0,395000,1,user8043386132691,kz2j2wnrsf,PHMAX,109863157,,Chiến dịch mở rộng,323000,0,Đơn hàng gián tiếp,12920,12920,4%,0,0%,12920,12920,0,,Facebook,13954,Đã khấu trừ,Khấu trừ theo đơn hàng,2026-06-27 15:35:54
2606240BV3B9R8,Hoàn thành,Hợp lệ,2026-06-24 22:05:54,2026-06-27 15:35:27,2026-06-27 15:35:27,25644330193,[QUÀ TẶNG KHÔNG BÁN] Bông Tạo Bọt Kì Cọ Tẩy Da Chết Màu Ngẫu Nhiên,346005340612,Nhà cửa & Đời sống,Đồ dùng phòng tắm,Bông tắm,466255413326418_0_0,0,1,user8043386132691,kz2j2wnrsf,PHMAX,122682417,,Chiến dịch mở rộng,0,0,Đơn hàng gián tiếp,0,0,4%,0,0%,0,0,0,,Facebook,0,,,
2606240BN56WG7,Hoàn thành,Hợp lệ,2026-06-24 22:02:02,2026-06-29 11:54:51,2026-06-29 11:54:51,24142870859,Sữa Tắm Thơm Lâu Le Petit Marseillais Gel 92% Thiên Nhiên Da Nhạy Cảm Nhiều Mùi Hương 650ml,350973489412,Sắc Đẹp,Tắm & chăm sóc cơ thể,Xà phòng & sữa tắm,466255413326418_0_0,395000,1,CreatorX Media Network,creatorxmedianetwork,,112430963,,Chiến dịch mở rộng,304000,0,Đơn hàng gián tiếp,13680,13680,"4,5%",0,0%,13680,13680,0,,Others,14774,Đã khấu trừ,Khấu trừ theo đơn hàng,2026-06-29 11:55:18
2606240BN56WG7,Hoàn thành,Hợp lệ,2026-06-24 22:02:02,2026-06-29 11:54:51,2026-06-29 11:54:51,25644330193,[QUÀ TẶNG KHÔNG BÁN] Bông Tạo Bọt Kì Cọ Tẩy Da Chết Màu Ngẫu Nhiên,346005340612,Nhà cửa & Đời sống,Đồ dùng phòng tắm,Bông tắm,466255413326418_0_0,0,1,CreatorX Media Network,creatorxmedianetwork,,122682417,,Chiến dịch mở rộng,0,0,Đơn hàng gián tiếp,0,0,4%,0,0%,0,0,0,,Others,0,,,
2606240BBCB31W,Hoàn thành,Hợp lệ,2026-06-24 21:56:33,2026-06-29 14:25:29,2026-06-29 14:25:29,25644330193,[QUÀ TẶNG KHÔNG BÁN] Bông Tạo Bọt Kì Cọ Tẩy Da Chết Màu Ngẫu Nhiên,346005340612,Nhà cửa & Đời sống,Đồ dùng phòng tắm,Bông tắm,466255413326418_0_0,0,1,Nancy Trang,nancytrang733,,122682417,,Chiến dịch mở rộng,0,0,Đơn hàng gián tiếp,0,0,4%,0,0%,30969.8,30969.8,0,,Facebook,0,,,
2606240BBCB31W,Hoàn thành,Hợp lệ,2026-06-24 21:56:33,2026-06-29 14:25:29,2026-06-29 14:25:29,25692866155,Sữa Tắm Nam 4 in 1 92% Thiên Nhiên Le Petit Marseillais Nhiều Mùi Hương 250ml,345969754133,Sắc Đẹp,Chăm sóc nam giới,Sữa tắm & chăm sóc cơ thể,466255413326418_0_0,205000,1,Nancy Trang,nancytrang733,,112434462,,Chiến dịch mở rộng,159902,0,Đơn hàng gián tiếp,6396.08,6396.08,4%,0,0%,0,0,0,,Facebook,6908,Đã khấu trừ,Khấu trừ theo đơn hàng,2026-06-29 14:25:56
2606240BBCB31W,Hoàn thành,Hợp lệ,2026-06-24 21:56:33,2026-06-29 14:25:29,2026-06-29 14:25:29,25692866155,Sữa Tắm Nam 4 in 1 92% Thiên Nhiên Le Petit Marseillais Nhiều Mùi Hương 250ml,345969754134,Sắc Đẹp,Chăm sóc nam giới,Sữa tắm & chăm sóc cơ thể,466255413326418_0_0,205000,1,Nancy Trang,nancytrang733,,112434462,,Chiến dịch mở rộng,159899,0,Đơn hàng gián tiếp,6395.96,6395.96,4%,0,0%,0,0,0,,Facebook,6908,Đã khấu trừ,Khấu trừ theo đơn hàng,2026-06-29 14:25:56
2606240BBCB31W,Hoàn thành,Hợp lệ,2026-06-24 21:56:33,2026-06-29 14:25:29,2026-06-29 14:25:29,27586430985,Dầu Gội Trẻ Em 2in1 94% Thiên Nhiên Le Petit Marseillais Giúp Gỡ Rối Tóc Nhiều Mùi Hương 300ml,380970144964,Mẹ & Bé,Đồ dùng phòng tắm & Chăm sóc cơ thể bé,Sản phẩm tắm & gội cho bé,466255413326418_0_0,325000,1,Nancy Trang,nancytrang733,,128189901,,Chiến dịch mở rộng,253499,0,Đơn hàng gián tiếp,10139.96,10139.96,4%,0,0%,0,0,0,,Facebook,10951,Đã khấu trừ,Khấu trừ theo đơn hàng,2026-06-29 14:25:56
2606240BBCB31W,Hoàn thành,Hợp lệ,2026-06-24 21:56:33,2026-06-29 14:25:29,2026-06-29 14:25:29,28879266618,Gel Tắm 98% Thiên Nhiên Le Petit Marseillais Làm Mềm Da Siêu Dịu Nhẹ Hương Hoa Hạnh Nhân 400ml 5055,440969868569,Sắc Đẹp,Tắm & chăm sóc cơ thể,Xà phòng & sữa tắm,466255413326418_0_0,335000,1,Nancy Trang,nancytrang733,,110243946,,Chiến dịch mở rộng,200945,0,Đơn hàng gián tiếp,8037.8,8037.8,4%,0,0%,0,0,0,,Facebook,8681,Đã khấu trừ,Khấu trừ theo đơn hàng,2026-06-29 14:25:56
2606240B1MGB8E,Hoàn thành,Hợp lệ,2026-06-24 21:51:06,2026-06-29 11:52:01,2026-06-29 11:52:01,25692866155,Sữa Tắm Nam 4 in 1 92% Thiên Nhiên Le Petit Marseillais Nhiều Mùi Hương 250ml,345969754130,Sắc Đẹp,Chăm sóc nam giới,Sữa tắm & chăm sóc cơ thể,,205000,1,Opera,opera109,,112434462,,Chiến dịch mở rộng,98850,0,Đơn hàng gián tiếp,3954,3954,4%,0,0%,3954,3954,0,,FreeTube,4270,Đã khấu trừ,Khấu trừ theo đơn hàng,2026-06-29 11:52:29
26062409SF0QXA,Hủy bỏ,Hợp lệ,2026-06-24 21:28:38,,,25644330193,[QUÀ TẶNG KHÔNG BÁN] Bông Tạo Bọt Kì Cọ Tẩy Da Chết Màu Ngẫu Nhiên,346005340612,Nhà cửa & Đời sống,Đồ dùng phòng tắm,Bông tắm,466255413326418_0_0,0,0,CÔ EM BEAUTY,emily_dj,,122682417,,Chiến dịch mở rộng,0,0,Đơn hàng gián tiếp,0,0,4%,0,0%,0,0,0,Đơn hàng không hợp lệ,Facebook,0,,,
26062409SF0QXA,Hủy bỏ,Hợp lệ,2026-06-24 21:28:38,,,24142870859,Sữa Tắm Thơm Lâu Le Petit Marseillais Gel 92% Thiên Nhiên Da Nhạy Cảm Nhiều Mùi Hương 650ml,350973489410,Sắc Đẹp,Tắm & chăm sóc cơ thể,Xà phòng & sữa tắm,466255413326418_0_0,395000,0,CÔ EM BEAUTY,emily_dj,,112430963,,Chiến dịch mở rộng,0,304000,Đơn hàng gián tiếp,0,0,"4,5%",0,0%,0,0,0,Đơn hàng không hợp lệ,Facebook,0,,,
260624084TRRKP,Hoàn thành,Hợp lệ,2026-06-24 20:59:13,2026-07-01 13:34:56,2026-07-01 13:34:56,25644330193,[QUÀ TẶNG KHÔNG BÁN] Bông Tạo Bọt Kì Cọ Tẩy Da Chết Màu Ngẫu Nhiên,346005340612,Nhà cửa & Đời sống,Đồ dùng phòng tắm,Bông tắm,466255413326418_0_0,0,1,Deal Ngoan ✅,dealngoan,,122682417,,Chiến dịch mở rộng,0,0,Đơn hàng gián tiếp,0,0,4%,0,0%,5700.105,5700.105,0,,Websites,0,,,
260624084TRRKP,Hoàn thành,Hợp lệ,2026-06-24 20:59:13,2026-07-01 13:34:56,2026-07-01 13:34:56,29480146096,Sữa Tắm Thiên Nhiên 92% Le Petit Marseillais Nhiều Mùi Hương 250ml,315970228700,Sắc Đẹp,Tắm & chăm sóc cơ thể,Xà phòng & sữa tắm,466255413326418_0_0,205000,1,Deal Ngoan ✅,dealngoan,,112409565,,Chiến dịch mở rộng,126669,0,Đơn hàng gián tiếp,5700.105,5700.105,"4,5%",0,0%,0,0,0,,Websites,6156,Đã khấu trừ,Khấu trừ theo đơn hàng,2026-07-01 13:35:24
26062407XJHUPQ,Hoàn thành,Hợp lệ,2026-06-24 20:55:43,2026-06-26 12:37:11,2026-06-26 12:37:11,29480146096,Sữa Tắm Thiên Nhiên 92% Le Petit Marseillais Nhiều Mùi Hương 250ml,315970228700,Sắc Đẹp,Tắm & chăm sóc cơ thể,Xà phòng & sữa tắm,466255413326418_0_0,205000,1,Thảo Nguyễn,ntthao460,,112409565,,Chiến dịch mở rộng,118752,0,Đơn hàng gián tiếp,5343.84,5343.84,"4,5%",0,0%,5343.84,5343.84,0,,Others,5771,Đã khấu trừ,Khấu trừ theo đơn hàng,2026-06-26 12:37:39
26062407XJHUPQ,Hoàn thành,Hợp lệ,2026-06-24 20:55:43,2026-06-26 12:37:11,2026-06-26 12:37:11,25644330193,[QUÀ TẶNG KHÔNG BÁN] Bông Tạo Bọt Kì Cọ Tẩy Da Chết Màu Ngẫu Nhiên,346005340612,Nhà cửa & Đời sống,Đồ dùng phòng tắm,Bông tắm,466255413326418_0_0,0,1,Thảo Nguyễn,ntthao460,,122682417,,Chiến dịch mở rộng,0,0,Đơn hàng gián tiếp,0,0,4%,0,0%,0,0,0,,Others,0,,,
26062407VRBXH0,Hoàn thành,Hợp lệ,2026-06-24 20:54:41,2026-06-29 06:55:58,2026-06-29 06:55:58,24142870859,Sữa Tắm Thơm Lâu Le Petit Marseillais Gel 92% Thiên Nhiên Da Nhạy Cảm Nhiều Mùi Hương 650ml,350973489402,Sắc Đẹp,Tắm & chăm sóc cơ thể,Xà phòng & sữa tắm,466255413326418_0_0,395000,1,Hương hương review,ok6tfg3ykw,Webhome Media,112430963,,Chiến dịch mở rộng,261009,0,Đơn hàng trực tiếp,23490.81,23490.81,9%,0,0%,23490.81,23490.81,0,,Shopeelive-Shopee,25370,Đã khấu trừ,Khấu trừ theo đơn hàng,2026-06-29 06:56:25
26062407VRBXH0,Hoàn thành,Hợp lệ,2026-06-24 20:54:41,2026-06-29 06:55:58,2026-06-29 06:55:58,25644330193,[QUÀ TẶNG KHÔNG BÁN] Bông Tạo Bọt Kì Cọ Tẩy Da Chết Màu Ngẫu Nhiên,346005340612,Nhà cửa & Đời sống,Đồ dùng phòng tắm,Bông tắm,466255413326418_0_0,0,1,Hương hương review,ok6tfg3ykw,Webhome Media,122682417,,Chiến dịch mở rộng,0,0,Đơn hàng trực tiếp,0,0,8%,0,0%,0,0,0,,Shopeelive-Shopee,0,,,
26062407FNPEFM,Hoàn thành,Hợp lệ,2026-06-24 20:47:22,2026-06-29 13:45:26,2026-06-29 13:45:26,25644330193,[QUÀ TẶNG KHÔNG BÁN] Bông Tạo Bọt Kì Cọ Tẩy Da Chết Màu Ngẫu Nhiên,346005340612,Nhà cửa & Đời sống,Đồ dùng phòng tắm,Bông tắm,466255413326418_0_0,0,1,Giang trinh,soyia6_011,,122682417,,Chiến dịch mở rộng,0,0,Đơn hàng gián tiếp,0,0,4%,0,0%,5059.24,5059.24,0,,Facebook,0,,,
26062407FNPEFM,Hoàn thành,Hợp lệ,2026-06-24 20:47:22,2026-06-29 13:45:26,2026-06-29 13:45:26,25692866155,Sữa Tắm Nam 4 in 1 92% Thiên Nhiên Le Petit Marseillais Nhiều Mùi Hương 250ml,345969754133,Sắc Đẹp,Chăm sóc nam giới,Sữa tắm & chăm sóc cơ thể,466255413326418_0_0,205000,1,Giang trinh,soyia6_011,,112434462,,Chiến dịch mở rộng,126481,0,Đơn hàng gián tiếp,5059.24,5059.24,4%,0,0%,0,0,0,,Facebook,5464,Đã khấu trừ,Khấu trừ theo đơn hàng,2026-06-29 13:45:53
260624037TSHEA,Hoàn thành,Hợp lệ,2026-06-24 19:31:25,2026-06-26 12:37:15,2026-06-26 12:37:15,24142870859,Sữa Tắm Thơm Lâu Le Petit Marseillais Gel 92% Thiên Nhiên Da Nhạy Cảm Nhiều Mùi Hương 650ml,350973489412,Sắc Đẹp,Tắm & chăm sóc cơ thể,Xà phòng & sữa tắm,466255413326418_0_0,395000,1,Trinh,trinhnguyen8899,,112430963,,Chiến dịch mở rộng,286834,0,Đơn hàng gián tiếp,12907.53,12907.53,"4,5%",0,0%,64537.785,64537.785,0,,Facebook,13940,Đã khấu trừ,Khấu trừ theo đơn hàng,2026-06-26 12:37:42
260624037TSHEA,Hoàn thành,Hợp lệ,2026-06-24 19:31:25,2026-06-26 12:37:15,2026-06-26 12:37:15,25644330193,[QUÀ TẶNG KHÔNG BÁN] Bông Tạo Bọt Kì Cọ Tẩy Da Chết Màu Ngẫu Nhiên,346005340612,Nhà cửa & Đời sống,Đồ dùng phòng tắm,Bông tắm,466255413326418_0_0,0,1,Trinh,trinhnguyen8899,,122682417,,Chiến dịch mở rộng,0,0,Đơn hàng gián tiếp,0,0,4%,0,0%,0,0,0,,Facebook,0,,,
260624037TSHEA,Hoàn thành,Hợp lệ,2026-06-24 19:31:25,2026-06-26 12:37:15,2026-06-26 12:37:15,24142870859,Sữa Tắm Thơm Lâu Le Petit Marseillais Gel 92% Thiên Nhiên Da Nhạy Cảm Nhiều Mùi Hương 650ml,350973489405,Sắc Đẹp,Tắm & chăm sóc cơ thể,Xà phòng & sữa tắm,466255413326418_0_0,395000,2,Trinh,trinhnguyen8899,,112430963,,Chiến dịch mở rộng,573669,0,Đơn hàng gián tiếp,25815.105,25815.105,"4,5%",0,0%,0,0,0,,Facebook,27880,Đã khấu trừ,Khấu trừ theo đơn hàng,2026-06-26 12:37:42
260624037TSHEA,Hoàn thành,Hợp lệ,2026-06-24 19:31:25,2026-06-26 12:37:15,2026-06-26 12:37:15,24142870859,Sữa Tắm Thơm Lâu Le Petit Marseillais Gel 92% Thiên Nhiên Da Nhạy Cảm Nhiều Mùi Hương 650ml,350973489406,Sắc Đẹp,Tắm & chăm sóc cơ thể,Xà phòng & sữa tắm,466255413326418_0_0,395000,1,Trinh,trinhnguyen8899,,112430963,,Chiến dịch mở rộng,286836,0,Đơn hàng gián tiếp,12907.62,12907.62,"4,5%",0,0%,0,0,0,,Facebook,13940,Đã khấu trừ,Khấu trừ theo đơn hàng,2026-06-26 12:37:42
260624037TSHEA,Hoàn thành,Hợp lệ,2026-06-24 19:31:25,2026-06-26 12:37:15,2026-06-26 12:37:15,24142870859,Sữa Tắm Thơm Lâu Le Petit Marseillais Gel 92% Thiên Nhiên Da Nhạy Cảm Nhiều Mùi Hương 650ml,350973489410,Sắc Đẹp,Tắm & chăm sóc cơ thể,Xà phòng & sữa tắm,466255413326418_0_0,395000,1,Trinh,trinhnguyen8899,,112430963,,Chiến dịch mở rộng,286834,0,Đơn hàng gián tiếp,12907.53,12907.53,"4,5%",0,0%,0,0,0,,Facebook,13940,Đã khấu trừ,Khấu trừ theo đơn hàng,2026-06-26 12:37:42
26062402QNW4JE,Hoàn thành,Hợp lệ,2026-06-24 19:22:23,2026-06-25 23:57:56,2026-06-25 23:57:56,25644330193,[QUÀ TẶNG KHÔNG BÁN] Bông Tạo Bọt Kì Cọ Tẩy Da Chết Màu Ngẫu Nhiên,346005340612,Nhà cửa & Đời sống,Đồ dùng phòng tắm,Bông tắm,466255413326418_0_0,0,1,dunoshop,truongxavi99,,122682417,,Chiến dịch mở rộng,0,0,Đơn hàng trực tiếp,0,0,8%,0,0%,27360,27360,0,,Shopeevideo-Shopee,0,,,
26062402QNW4JE,Hoàn thành,Hợp lệ,2026-06-24 19:22:23,2026-06-25 23:57:56,2026-06-25 23:57:56,29728471220,Sữa Tắm 92% Thiên Nhiên Le Petit Marseillais Dịu Nhẹ Sữa Vani Hữu Cơ 650ml 0557,430969799743,Sắc Đẹp,Tắm & chăm sóc cơ thể,Xà phòng & sữa tắm,466255413326418_0_0,395000,1,dunoshop,truongxavi99,,109863144,,Chiến dịch mở rộng,304000,0,Đơn hàng trực tiếp,27360,27360,9%,0,0%,0,0,0,,Shopeevideo-Shopee,29549,Đã khấu trừ,Khấu trừ theo đơn hàng,2026-06-25 23:58:23
26062402PQDJJE,Hoàn thành,Hợp lệ,2026-06-24 19:21:51,2026-06-29 11:18:02,2026-06-29 11:18:02,25644330193,[QUÀ TẶNG KHÔNG BÁN] Bông Tạo Bọt Kì Cọ Tẩy Da Chết Màu Ngẫu Nhiên,346005340612,Nhà cửa & Đời sống,Đồ dùng phòng tắm,Bông tắm,466255413326418_0_0,0,1,SIEU_SALE_GIA_RE,9i84g8mwns,,122682417,,Chiến dịch mở rộng,0,0,Đơn hàng trực tiếp,0,0,8%,0,0%,20343.28,20343.28,0,,Shopeelive-Shopee,0,,,
26062402PQDJJE,Hoàn thành,Hợp lệ,2026-06-24 19:21:51,2026-06-29 11:18:02,2026-06-29 11:18:02,29328425458,Sữa Tắm 92% Thiên Nhiên Le Petit Marseillais Dịu Nhẹ Hoa Cam Hữu Cơ 650ml 9109,297645466970,Sắc Đẹp,Tắm & chăm sóc cơ thể,Xà phòng & sữa tắm,466255413326418_0_0,395000,1,SIEU_SALE_GIA_RE,9i84g8mwns,,109863141,,Chiến dịch mở rộng,254291,0,Đơn hàng trực tiếp,20343.28,20343.28,8%,0,0%,0,0,0,,Shopeelive-Shopee,21971,Đã khấu trừ,Khấu trừ theo đơn hàng,2026-06-29 11:18:29
26062402EE8WS7,Hoàn thành,Hợp lệ,2026-06-24 19:17:13,2026-06-29 11:20:51,2026-06-29 11:20:51,25644330193,[QUÀ TẶNG KHÔNG BÁN] Bông Tạo Bọt Kì Cọ Tẩy Da Chết Màu Ngẫu Nhiên,346005340612,Nhà cửa & Đời sống,Đồ dùng phòng tắm,Bông tắm,466255413326418_0_0,0,1,Nếp Nhà Đẹp 🎀,nepnhadep,,122682417,,Chiến dịch mở rộng,0,0,Đơn hàng trực tiếp,0,0,8%,0,0%,23228.91,23228.91,0,,Shopeelive-Shopee,0,,,
26062402EE8WS7,Hoàn thành,Hợp lệ,2026-06-24 19:17:13,2026-06-29 11:20:51,2026-06-29 11:20:51,29728471220,Sữa Tắm 92% Thiên Nhiên Le Petit Marseillais Dịu Nhẹ Sữa Vani Hữu Cơ 650ml 0557,430969799743,Sắc Đẹp,Tắm & chăm sóc cơ thể,Xà phòng & sữa tắm,466255413326418_0_0,395000,1,Nếp Nhà Đẹp 🎀,nepnhadep,,109863144,,Chiến dịch mở rộng,258099,0,Đơn hàng trực tiếp,23228.91,23228.91,9%,0,0%,0,0,0,,Shopeelive-Shopee,25087,Đã khấu trừ,Khấu trừ theo đơn hàng,2026-06-29 11:21:18
26062400EW1HGQ,Hoàn thành,Hợp lệ,2026-06-24 18:41:41,2026-06-29 13:09:13,2026-06-29 13:09:13,25644330193,[QUÀ TẶNG KHÔNG BÁN] Bông Tạo Bọt Kì Cọ Tẩy Da Chết Màu Ngẫu Nhiên,346005340612,Nhà cửa & Đời sống,Đồ dùng phòng tắm,Bông tắm,466255413326418_0_0,0,1,Lanh Chanh Review,ngvinh445,,122682417,,Chiến dịch mở rộng,0,0,Đơn hàng gián tiếp,0,0,4%,0,0%,14098.59,14098.59,0,,Instagram,0,,,
26062400EW1HGQ,Hoàn thành,Hợp lệ,2026-06-24 18:41:41,2026-06-29 13:09:13,2026-06-29 13:09:13,25947267438,Hộp 2 Bánh Xà Phòng Thiên Nhiên 98% Le Petit Marseillais Dịu Nhẹ Lành Tính Nhiều Mùi Hương 2 x100g,292645726030,Sắc Đẹp,Tắm & chăm sóc cơ thể,Xà phòng & sữa tắm,466255413326418_0_0,195000,1,Lanh Chanh Review,ngvinh445,,176553504,,Chiến dịch mở rộng,163799,0,Đơn hàng gián tiếp,7370.955,7370.955,"4,5%",0,0%,0,0,0,,Instagram,7961,Đã khấu trừ,Khấu trừ theo đơn hàng,2026-06-29 13:09:40
26062400EW1HGQ,Hoàn thành,Hợp lệ,2026-06-24 18:41:41,2026-06-29 13:09:13,2026-06-29 13:09:13,43671519101,Xà Phòng Tắm Truyền Thống Thiên Nhiên 99% Le Petit Marseillais Dịu Nhẹ Nguyên Chất Không Mùi 300G 0651,315970753091,Sắc Đẹp,Tắm & chăm sóc cơ thể,Xà phòng & sữa tắm,466255413326418_0_0,235000,1,Lanh Chanh Review,ngvinh445,,175695533,,Chiến dịch mở rộng,149503,0,Đơn hàng gián tiếp,6727.635,6727.635,"4,5%",0,0%,0,0,0,,Instagram,7266,Đã khấu trừ,Khấu trừ theo đơn hàng,2026-06-29 13:09:40
260624W0SRR1RE,Hoàn thành,Hợp lệ,2026-06-24 17:48:18,2026-06-26 13:28:51,2026-06-26 13:28:51,24142870859,Sữa Tắm Thơm Lâu Le Petit Marseillais Gel 92% Thiên Nhiên Da Nhạy Cảm Nhiều Mùi Hương 650ml,350973489410,Sắc Đẹp,Tắm & chăm sóc cơ thể,Xà phòng & sữa tắm,466255413326418_0_0,395000,1,Quỳnh Đặng,rainie_star1210,,112430963,,Chiến dịch mở rộng,307070,0,Đơn hàng gián tiếp,13818.15,13818.15,"4,5%",0,0%,13818.15,13818.15,0,,Others,14924,Đã khấu trừ,Khấu trừ theo đơn hàng,2026-06-26 13:29:17
260624W0SRR1RE,Hoàn thành,Hợp lệ,2026-06-24 17:48:18,2026-06-26 13:28:51,2026-06-26 13:28:51,25644330193,[QUÀ TẶNG KHÔNG BÁN] Bông Tạo Bọt Kì Cọ Tẩy Da Chết Màu Ngẫu Nhiên,346005340612,Nhà cửa & Đời sống,Đồ dùng phòng tắm,Bông tắm,466255413326418_0_0,0,1,Quỳnh Đặng,rainie_star1210,,122682417,,Chiến dịch mở rộng,0,0,Đơn hàng gián tiếp,0,0,4%,0,0%,0,0,0,,Others,0,,,
260624VSS7RYNR,Hoàn thành,Hợp lệ,2026-06-24 15:42:44,2026-07-01 12:20:41,2026-07-01 12:20:41,25644330193,[QUÀ TẶNG KHÔNG BÁN] Bông Tạo Bọt Kì Cọ Tẩy Da Chết Màu Ngẫu Nhiên,346005340612,Nhà cửa & Đời sống,Đồ dùng phòng tắm,Bông tắm,466255413326418_0_0,0,1,chuechcon3105,chuechcon3105,,122682417,,Chiến dịch mở rộng,0,0,Đơn hàng trực tiếp,0,0,8%,0,0%,16133.68,16133.68,0,,Shopeevideo-Shopee,0,,,
260624VSS7RYNR,Hoàn thành,Hợp lệ,2026-06-24 15:42:44,2026-07-01 12:20:41,2026-07-01 12:20:41,40150321685,Dầu Gội Trẻ Em 2in1 94% Thiên Nhiên Le Petit Marseillais Giúp Gỡ Rối Tóc Chiết Xuất Quả Mâm Xôi & Bông 300ml 0442,310970725469,Mẹ & Bé,Đồ dùng phòng tắm & Chăm sóc cơ thể bé,Sản phẩm tắm & gội cho bé,466255413326418_0_0,325000,1,chuechcon3105,chuechcon3105,,128185567,,Chiến dịch mở rộng,201671,0,Đơn hàng trực tiếp,16133.68,16133.68,8%,0,0%,0,0,0,,Shopeevideo-Shopee,17424,Đã khấu trừ,Khấu trừ theo đơn hàng,2026-07-01 12:21:08
260624VS5SYSTK,Hoàn thành,Hợp lệ,2026-06-24 15:31:52,2026-06-25 23:39:01,2026-06-25 23:39:01,25644330193,[QUÀ TẶNG KHÔNG BÁN] Bông Tạo Bọt Kì Cọ Tẩy Da Chết Màu Ngẫu Nhiên,346005340612,Nhà cửa & Đời sống,Đồ dùng phòng tắm,Bông tắm,466255413326418_0_0,0,1,Nghi,nghithuy654,,122682417,,Chiến dịch mở rộng,0,0,Đơn hàng gián tiếp,0,0,4%,0,0%,6760.88,6760.88,0,,Facebook,0,,,
260624VS5SYSTK,Hoàn thành,Hợp lệ,2026-06-24 15:31:52,2026-06-25 23:39:01,2026-06-25 23:39:01,25692866155,Sữa Tắm Nam 4 in 1 92% Thiên Nhiên Le Petit Marseillais Nhiều Mùi Hương 250ml,345969754133,Sắc Đẹp,Chăm sóc nam giới,Sữa tắm & chăm sóc cơ thể,466255413326418_0_0,205000,1,Nghi,nghithuy654,,112434462,,Chiến dịch mở rộng,169022,0,Đơn hàng gián tiếp,6760.88,6760.88,4%,0,0%,0,0,0,,Facebook,7302,Đã khấu trừ,Khấu trừ theo đơn hàng,2026-06-25 23:39:30
260624VRUF2PT6,Hoàn thành,Hợp lệ,2026-06-24 15:26:04,2026-06-25 20:29:36,2026-06-25 20:29:36,25644330193,[QUÀ TẶNG KHÔNG BÁN] Bông Tạo Bọt Kì Cọ Tẩy Da Chết Màu Ngẫu Nhiên,346005340612,Nhà cửa & Đời sống,Đồ dùng phòng tắm,Bông tắm,466255413326418_0_0,0,1,Siêu Thị Online Vương Cung,cungcung737,,122682417,,Chiến dịch mở rộng,0,0,Đơn hàng trực tiếp,0,0,8%,0,0%,15209.6,15209.6,0,,Shopeevideo-Shopee,0,,,
260624VRUF2PT6,Hoàn thành,Hợp lệ,2026-06-24 15:26:04,2026-06-25 20:29:36,2026-06-25 20:29:36,29880370481,Kem Dưỡng Tay 24h Thiên Nhiên Le Petit Marseillais Nhiều Mùi Hương 75ml,129503370888,Sắc Đẹp,"Chăm sóc tay, chân & móng",Chăm sóc tay,466255413326418_0_0,245000,1,Siêu Thị Online Vương Cung,cungcung737,,112922896,,Chiến dịch mở rộng,190120,0,Đơn hàng trực tiếp,15209.6,15209.6,8%,0,0%,0,0,0,,Shopeevideo-Shopee,16426,Đã khấu trừ,Khấu trừ theo đơn hàng,2026-06-25 20:30:03
260624VP1RFTT1,Hoàn thành,Hợp lệ,2026-06-24 14:35:54,2026-06-28 19:14:11,2026-06-28 19:14:11,24142870859,Sữa Tắm Thơm Lâu Le Petit Marseillais Gel 92% Thiên Nhiên Da Nhạy Cảm Nhiều Mùi Hương 650ml,350973489412,Sắc Đẹp,Tắm & chăm sóc cơ thể,Xà phòng & sữa tắm,466255413326418_0_0,395000,1,Hương hương review,ok6tfg3ykw,Webhome Media,112430963,,Chiến dịch mở rộng,261070,0,Đơn hàng trực tiếp,23496.3,23496.3,9%,0,0%,23496.3,23496.3,0,,Shopeelive-Shopee,25376,Đã khấu trừ,Khấu trừ theo đơn hàng,2026-06-28 19:14:37
260624VP1RFTT1,Hoàn thành,Hợp lệ,2026-06-24 14:35:54,2026-06-28 19:14:11,2026-06-28 19:14:11,25644330193,[QUÀ TẶNG KHÔNG BÁN] Bông Tạo Bọt Kì Cọ Tẩy Da Chết Màu Ngẫu Nhiên,346005340612,Nhà cửa & Đời sống,Đồ dùng phòng tắm,Bông tắm,466255413326418_0_0,0,1,Hương hương review,ok6tfg3ykw,Webhome Media,122682417,,Chiến dịch mở rộng,0,0,Đơn hàng trực tiếp,0,0,8%,0,0%,0,0,0,,Shopeelive-Shopee,0,,,
260624VNWJ20JB,Hoàn thành,Hợp lệ,2026-06-24 14:33:33,2026-06-27 16:25:10,2026-06-27 16:25:10,25644330193,[QUÀ TẶNG KHÔNG BÁN] Bông Tạo Bọt Kì Cọ Tẩy Da Chết Màu Ngẫu Nhiên,346005340612,Nhà cửa & Đời sống,Đồ dùng phòng tắm,Bông tắm,466255413326418_0_0,0,1,Luusuebeauty,luusuebeauty,,122682417,,Chiến dịch mở rộng,0,0,Đơn hàng gián tiếp,0,0,4%,0,0%,7954,7954,0,,Instagram,0,,,
260624VNWJ20JB,Hoàn thành,Hợp lệ,2026-06-24 14:33:33,2026-06-27 16:25:10,2026-06-27 16:25:10,25692866155,Sữa Tắm Nam 4 in 1 92% Thiên Nhiên Le Petit Marseillais Nhiều Mùi Hương 250ml,345969754133,Sắc Đẹp,Chăm sóc nam giới,Sữa tắm & chăm sóc cơ thể,466255413326418_0_0,205000,1,Luusuebeauty,luusuebeauty,,112434462,,Chiến dịch mở rộng,198850,0,Đơn hàng gián tiếp,7954,7954,4%,0,0%,0,0,0,,Instagram,8590,Đã khấu trừ,Khấu trừ theo đơn hàng,2026-06-27 16:25:37
260624VJJ23MUJ,Hoàn thành,Hợp lệ,2026-06-24 13:33:26,2026-06-26 13:06:43,2026-06-26 13:06:43,25644330193,[QUÀ TẶNG KHÔNG BÁN] Bông Tạo Bọt Kì Cọ Tẩy Da Chết Màu Ngẫu Nhiên,346005340612,Nhà cửa & Đời sống,Đồ dùng phòng tắm,Bông tắm,466255413326418_0_0,0,1,Mangchua4486DV,mangchua4486,,122682417,,Chiến dịch mở rộng,0,0,Đơn hàng trực tiếp,0,0,8%,0,0%,24204.51,24204.51,0,,Shopeelive-Shopee,0,,,
260624VJJ23MUJ,Hoàn thành,Hợp lệ,2026-06-24 13:33:26,2026-06-26 13:06:43,2026-06-26 13:06:43,25692912400,Sữa Dưỡng Thể Body Lotion Thiên Nhiên Le Petit Marseillais Hữu Cơ Nhiều Mùi Hương 250ml,375972102741,Sắc Đẹp,Tắm & chăm sóc cơ thể,Kem & sữa dưỡng thể,466255413326418_0_0,405000,1,Mangchua4486DV,mangchua4486,,112708614,,Chiến dịch mở rộng,268939,0,Đơn hàng trực tiếp,24204.51,24204.51,9%,0,0%,0,0,0,,Shopeelive-Shopee,26141,Đã khấu trừ,Khấu trừ theo đơn hàng,2026-06-26 13:07:09
260624VJD5QXXY,Hoàn thành,Hợp lệ,2026-06-24 13:30:42,2026-06-26 11:46:31,2026-06-26 11:46:31,24142870859,Sữa Tắm Thơm Lâu Le Petit Marseillais Gel 92% Thiên Nhiên Da Nhạy Cảm Nhiều Mùi Hương 650ml,350973489412,Sắc Đẹp,Tắm & chăm sóc cơ thể,Xà phòng & sữa tắm,466255413326418_0_0,395000,1,AD Vũ Vũ,vuvantho1911,,112430963,,Chiến dịch mở rộng,247000,0,Đơn hàng trực tiếp,22230,22230,9%,0,0%,22230,22230,0,,Zalo,24008,Đã khấu trừ,Khấu trừ theo đơn hàng,2026-06-26 11:46:58
260624VJD5QXXY,Hoàn thành,Hợp lệ,2026-06-24 13:30:42,2026-06-26 11:46:31,2026-06-26 11:46:31,25644330193,[QUÀ TẶNG KHÔNG BÁN] Bông Tạo Bọt Kì Cọ Tẩy Da Chết Màu Ngẫu Nhiên,346005340612,Nhà cửa & Đời sống,Đồ dùng phòng tắm,Bông tắm,466255413326418_0_0,0,1,AD Vũ Vũ,vuvantho1911,,122682417,,Chiến dịch mở rộng,0,0,Đơn hàng trực tiếp,0,0,8%,0,0%,0,0,0,,Zalo,0,,,
260624VH3KC7UF,Hoàn thành,Hợp lệ,2026-06-24 13:07:27,2026-06-28 13:41:14,2026-06-28 13:41:14,25692912400,Sữa Dưỡng Thể Body Lotion Thiên Nhiên Le Petit Marseillais Hữu Cơ Nhiều Mùi Hương 250ml,375972102741,Sắc Đẹp,Tắm & chăm sóc cơ thể,Kem & sữa dưỡng thể,466255413326418_0_0,405000,1,Bảo Long KOL,baobinh_0502,,112708614,,Chiến dịch mở rộng,268939,0,Đơn hàng trực tiếp,24204.51,24204.51,9%,0,0%,24204.51,24204.51,0,,Shopeelive-Shopee,26141,Đã khấu trừ,Khấu trừ theo đơn hàng,2026-06-28 13:41:41
260624VH3KC7UF,Hoàn thành,Hợp lệ,2026-06-24 13:07:27,2026-06-28 13:41:14,2026-06-28 13:41:14,25644330193,[QUÀ TẶNG KHÔNG BÁN] Bông Tạo Bọt Kì Cọ Tẩy Da Chết Màu Ngẫu Nhiên,346005340612,Nhà cửa & Đời sống,Đồ dùng phòng tắm,Bông tắm,466255413326418_0_0,0,1,Bảo Long KOL,baobinh_0502,,122682417,,Chiến dịch mở rộng,0,0,Đơn hàng trực tiếp,0,0,8%,0,0%,0,0,0,,Shopeelive-Shopee,0,,,
260624VG13YNR5,Hoàn thành,Hợp lệ,2026-06-24 12:48:11,2026-06-28 12:37:09,2026-06-28 12:37:09,24142870859,Sữa Tắm Thơm Lâu Le Petit Marseillais Gel 92% Thiên Nhiên Da Nhạy Cảm Nhiều Mùi Hương 650ml,350973489402,Sắc Đẹp,Tắm & chăm sóc cơ thể,Xà phòng & sữa tắm,466255413326418_0_0,395000,1,Tạ Hồng,tathithuhong75,,112430963,,Chiến dịch mở rộng,304000,0,Đơn hàng gián tiếp,13680,13680,"4,5%",0,0%,13680,13680,0,,Others,14774,Đã khấu trừ,Khấu trừ theo đơn hàng,2026-06-28 12:37:36
260624VG13YNR5,Hoàn thành,Hợp lệ,2026-06-24 12:48:11,2026-06-28 12:37:09,2026-06-28 12:37:09,25644330193,[QUÀ TẶNG KHÔNG BÁN] Bông Tạo Bọt Kì Cọ Tẩy Da Chết Màu Ngẫu Nhiên,346005340612,Nhà cửa & Đời sống,Đồ dùng phòng tắm,Bông tắm,466255413326418_0_0,0,1,Tạ Hồng,tathithuhong75,,122682417,,Chiến dịch mở rộng,0,0,Đơn hàng gián tiếp,0,0,4%,0,0%,0,0,0,,Others,0,,,
260624VFTN1QY4,Hoàn thành,Hợp lệ,2026-06-24 12:44:33,2026-06-28 13:22:35,2026-06-28 13:22:35,25644330193,[QUÀ TẶNG KHÔNG BÁN] Bông Tạo Bọt Kì Cọ Tẩy Da Chết Màu Ngẫu Nhiên,346005340612,Nhà cửa & Đời sống,Đồ dùng phòng tắm,Bông tắm,466255413326418_0_0,0,1,Tec-do,mobisummer,,122682417,,Chiến dịch mở rộng,0,0,Đơn hàng gián tiếp,0,0,4%,0,0%,6601.8,6601.8,0,,Websites,0,,,
260624VFTN1QY4,Hoàn thành,Hợp lệ,2026-06-24 12:44:33,2026-06-28 13:22:35,2026-06-28 13:22:35,25692866155,Sữa Tắm Nam 4 in 1 92% Thiên Nhiên Le Petit Marseillais Nhiều Mùi Hương 250ml,345969754133,Sắc Đẹp,Chăm sóc nam giới,Sữa tắm & chăm sóc cơ thể,466255413326418_0_0,205000,1,Tec-do,mobisummer,,112434462,,Chiến dịch mở rộng,165045,0,Đơn hàng gián tiếp,6601.8,6601.8,4%,0,0%,0,0,0,,Websites,7130,Đã khấu trừ,Khấu trừ theo đơn hàng,2026-06-28 13:23:01
260624VFQSG4XM,Hoàn thành,Hợp lệ,2026-06-24 12:42:57,2026-06-25 16:34:44,2026-06-25 16:34:44,25644330193,[QUÀ TẶNG KHÔNG BÁN] Bông Tạo Bọt Kì Cọ Tẩy Da Chết Màu Ngẫu Nhiên,346005340612,Nhà cửa & Đời sống,Đồ dùng phòng tắm,Bông tắm,466255413326418_0_0,0,1,CreatorX Media Network,creatorxmedianetwork,,122682417,,Chiến dịch mở rộng,0,0,Đơn hàng gián tiếp,0,0,4%,0,0%,5704.155,5704.155,0,,Facebook,0,,,
260624VFQSG4XM,Hoàn thành,Hợp lệ,2026-06-24 12:42:57,2026-06-25 16:34:44,2026-06-25 16:34:44,29480146096,Sữa Tắm Thiên Nhiên 92% Le Petit Marseillais Nhiều Mùi Hương 250ml,310970228929,Sắc Đẹp,Tắm & chăm sóc cơ thể,Xà phòng & sữa tắm,466255413326418_0_0,205000,1,CreatorX Media Network,creatorxmedianetwork,,112409565,,Chiến dịch mở rộng,126759,0,Đơn hàng gián tiếp,5704.155,5704.155,"4,5%",0,0%,0,0,0,,Facebook,6160,Đã khấu trừ,Khấu trừ theo đơn hàng,2026-06-25 16:35:11
260624VFQEXCHY,Hoàn thành,Hợp lệ,2026-06-24 12:42:47,2026-06-25 14:59:23,2026-06-25 14:59:23,24142870859,Sữa Tắm Thơm Lâu Le Petit Marseillais Gel 92% Thiên Nhiên Da Nhạy Cảm Nhiều Mùi Hương 650ml,350973489407,Sắc Đẹp,Tắm & chăm sóc cơ thể,Xà phòng & sữa tắm,466255413326418_0_0,395000,1,Nhị,nhi34564,,112430963,,Chiến dịch mở rộng,285000,0,Đơn hàng gián tiếp,12825,12825,"4,5%",0,0%,12825,12825,0,,Others,13851,Đã khấu trừ,Khấu trừ theo đơn hàng,2026-06-25 15:27:24
260624VFQEXCHY,Hoàn thành,Hợp lệ,2026-06-24 12:42:47,2026-06-25 14:59:23,2026-06-25 14:59:23,25644330193,[QUÀ TẶNG KHÔNG BÁN] Bông Tạo Bọt Kì Cọ Tẩy Da Chết Màu Ngẫu Nhiên,346005340612,Nhà cửa & Đời sống,Đồ dùng phòng tắm,Bông tắm,466255413326418_0_0,0,1,Nhị,nhi34564,,122682417,,Chiến dịch mở rộng,0,0,Đơn hàng gián tiếp,0,0,4%,0,0%,0,0,0,,Others,0,,,
260624VE742DQA,Hoàn thành,Hợp lệ,2026-06-24 12:15:45,2026-06-27 03:24:54,2026-06-27 03:24:54,29480146096,Sữa Tắm Thiên Nhiên 92% Le Petit Marseillais Nhiều Mùi Hương 250ml,315970228701,Sắc Đẹp,Tắm & chăm sóc cơ thể,Xà phòng & sữa tắm,466255413326418_0_0,205000,1,Ali,laaliday,,112409565,,Chiến dịch mở rộng,166336,0,Đơn hàng gián tiếp,7485.12,7485.12,"4,5%",0,0%,7485.12,7485.12,0,,Others,8084,Đã khấu trừ,Khấu trừ theo đơn hàng,2026-06-27 03:25:22
260624VE742DQA,Hoàn thành,Hợp lệ,2026-06-24 12:15:45,2026-06-27 03:24:54,2026-06-27 03:24:54,25644330193,[QUÀ TẶNG KHÔNG BÁN] Bông Tạo Bọt Kì Cọ Tẩy Da Chết Màu Ngẫu Nhiên,346005340612,Nhà cửa & Đời sống,Đồ dùng phòng tắm,Bông tắm,466255413326418_0_0,0,1,Ali,laaliday,,122682417,,Chiến dịch mở rộng,0,0,Đơn hàng gián tiếp,0,0,4%,0,0%,0,0,0,,Others,0,,,
260624VC6KDNPH,Hoàn thành,Hợp lệ,2026-06-24 11:39:39,2026-06-27 22:52:30,2026-06-27 22:52:30,25644330193,[QUÀ TẶNG KHÔNG BÁN] Bông Tạo Bọt Kì Cọ Tẩy Da Chết Màu Ngẫu Nhiên,346005340612,Nhà cửa & Đời sống,Đồ dùng phòng tắm,Bông tắm,466255413326418_0_0,0,1,Mỹ Hiếu,buivivian,,122682417,,Chiến dịch mở rộng,0,0,Đơn hàng gián tiếp,0,0,4%,0,0%,7158.6,7158.6,0,,Facebook,0,,,
260624VC6KDNPH,Hoàn thành,Hợp lệ,2026-06-24 11:39:39,2026-06-27 22:52:30,2026-06-27 22:52:30,29480146096,Sữa Tắm Thiên Nhiên 92% Le Petit Marseillais Nhiều Mùi Hương 250ml,315970228699,Sắc Đẹp,Tắm & chăm sóc cơ thể,Xà phòng & sữa tắm,466255413326418_0_0,205000,1,Mỹ Hiếu,buivivian,,112409565,,Chiến dịch mở rộng,159080,0,Đơn hàng gián tiếp,7158.6,7158.6,"4,5%",0,0%,0,0,0,,Facebook,7731,Đã khấu trừ,Khấu trừ theo đơn hàng,2026-06-27 22:52:57
260624VB3D2CGD,Hoàn thành,Hợp lệ,2026-06-24 11:19:59,2026-06-25 16:51:49,2026-06-25 16:51:49,25644330193,[QUÀ TẶNG KHÔNG BÁN] Bông Tạo Bọt Kì Cọ Tẩy Da Chết Màu Ngẫu Nhiên,346005340612,Nhà cửa & Đời sống,Đồ dùng phòng tắm,Bông tắm,466255413326418_0_0,0,1,Liuuuliuu,lyphamkieu,,122682417,,Chiến dịch mở rộng,0,0,Đơn hàng gián tiếp,0,0,4%,0,0%,14391,14391,0,,Instagram,0,,,
260624VB3D2CGD,Hoàn thành,Hợp lệ,2026-06-24 11:19:59,2026-06-25 16:51:49,2026-06-25 16:51:49,25692912400,Sữa Dưỡng Thể Body Lotion Thiên Nhiên Le Petit Marseillais Hữu Cơ Nhiều Mùi Hương 250ml,375972102741,Sắc Đẹp,Tắm & chăm sóc cơ thể,Kem & sữa dưỡng thể,466255413326418_0_0,405000,1,Liuuuliuu,lyphamkieu,,112708614,,Chiến dịch mở rộng,319800,0,Đơn hàng gián tiếp,14391,14391,"4,5%",0,0%,0,0,0,,Instagram,15542,Đã khấu trừ,Khấu trừ theo đơn hàng,2026-06-25 16:52:15
260624V9SNY92R,Hoàn thành,Hợp lệ,2026-06-24 10:56:38,2026-06-28 13:48:12,2026-06-28 13:48:12,25644330193,[QUÀ TẶNG KHÔNG BÁN] Bông Tạo Bọt Kì Cọ Tẩy Da Chết Màu Ngẫu Nhiên,346005340612,Nhà cửa & Đời sống,Đồ dùng phòng tắm,Bông tắm,466255413326418_0_0,0,1,Ngô Tiến Thân,ngotienthan,,122682417,,Chiến dịch mở rộng,0,0,Đơn hàng gián tiếp,0,0,4%,0,0%,8696.61,8696.61,0,,Facebook,0,,,
260624V9SNY92R,Hoàn thành,Hợp lệ,2026-06-24 10:56:38,2026-06-28 13:48:12,2026-06-28 13:48:12,27730151664,Sữa Tắm Dưỡng Ẩm 98% Thiên Nhiên Le Petit Marseillais Hữu Cơ Nhiều Mùi Hương Thơm 400ml,365969915566,Sắc Đẹp,Tắm & chăm sóc cơ thể,Xà phòng & sữa tắm,466255413326418_0_0,335000,1,Ngô Tiến Thân,ngotienthan,,112426971,,Chiến dịch mở rộng,193258,0,Đơn hàng gián tiếp,8696.61,8696.61,"4,5%",0,0%,0,0,0,,Facebook,9392,Đã khấu trừ,Khấu trừ theo đơn hàng,2026-06-28 13:48:39
260624V7YVS8AD,Hoàn thành,Hợp lệ,2026-06-24 10:24:20,2026-06-28 15:46:50,2026-06-28 15:46:50,25644330193,[QUÀ TẶNG KHÔNG BÁN] Bông Tạo Bọt Kì Cọ Tẩy Da Chết Màu Ngẫu Nhiên,346005340612,Nhà cửa & Đời sống,Đồ dùng phòng tắm,Bông tắm,466255413326418_0_0,0,1,Ngọc Yếnn,ngocyenxinchao,,122682417,,Chiến dịch mở rộng,0,0,Đơn hàng gián tiếp,0,0,4%,0,0%,13162.5,13162.5,0,,Websites,0,,,
260624V7YVS8AD,Hoàn thành,Hợp lệ,2026-06-24 10:24:20,2026-06-28 15:46:50,2026-06-28 15:46:50,25692912400,Sữa Dưỡng Thể Body Lotion Thiên Nhiên Le Petit Marseillais Hữu Cơ Nhiều Mùi Hương 250ml,375972102740,Sắc Đẹp,Tắm & chăm sóc cơ thể,Kem & sữa dưỡng thể,466255413326418_0_0,405000,1,Ngọc Yếnn,ngocyenxinchao,,112708614,,Chiến dịch mở rộng,292500,0,Đơn hàng gián tiếp,13162.5,13162.5,"4,5%",0,0%,0,0,0,,Websites,14216,Đã khấu trừ,Khấu trừ theo đơn hàng,2026-06-28 15:47:17
260624V7XMR48K,Hoàn thành,Hợp lệ,2026-06-24 10:23:37,2026-06-28 11:42:18,2026-06-28 11:42:18,25644330193,[QUÀ TẶNG KHÔNG BÁN] Bông Tạo Bọt Kì Cọ Tẩy Da Chết Màu Ngẫu Nhiên,346005340612,Nhà cửa & Đời sống,Đồ dùng phòng tắm,Bông tắm,466255413326418_0_0,0,1,LOEY HOUSE,yeollie_2711,,122682417,,Chiến dịch mở rộng,0,0,Đơn hàng gián tiếp,0,0,4%,0,0%,10261.755,10261.755,0,,Others,0,,,
260624V7XMR48K,Hoàn thành,Hợp lệ,2026-06-24 10:23:37,2026-06-28 11:42:18,2026-06-28 11:42:18,29728471220,Sữa Tắm 92% Thiên Nhiên Le Petit Marseillais Dịu Nhẹ Sữa Vani Hữu Cơ 650ml 0557,430969799743,Sắc Đẹp,Tắm & chăm sóc cơ thể,Xà phòng & sữa tắm,466255413326418_0_0,395000,1,LOEY HOUSE,yeollie_2711,,109863144,,Chiến dịch mở rộng,228039,0,Đơn hàng gián tiếp,10261.755,10261.755,"4,5%",0,0%,0,0,0,,Others,11083,Đã khấu trừ,Khấu trừ theo đơn hàng,2026-06-28 11:42:46
260624V7S1DANM,Hoàn thành,Hợp lệ,2026-06-24 10:20:29,2026-06-28 11:12:21,2026-06-28 11:12:21,25644330193,[QUÀ TẶNG KHÔNG BÁN] Bông Tạo Bọt Kì Cọ Tẩy Da Chết Màu Ngẫu Nhiên,346005340612,Nhà cửa & Đời sống,Đồ dùng phòng tắm,Bông tắm,466255413326418_0_0,0,1,Cùng con vào đời,maitran2603,,122682417,,Chiến dịch mở rộng,0,0,Đơn hàng gián tiếp,0,0,4%,0,0%,13648.5,13648.5,0,,Facebook,0,,,
260624V7S1DANM,Hoàn thành,Hợp lệ,2026-06-24 10:20:29,2026-06-28 11:12:21,2026-06-28 11:12:21,25692912400,Sữa Dưỡng Thể Body Lotion Thiên Nhiên Le Petit Marseillais Hữu Cơ Nhiều Mùi Hương 250ml,375972102739,Sắc Đẹp,Tắm & chăm sóc cơ thể,Kem & sữa dưỡng thể,466255413326418_0_0,405000,1,Cùng con vào đời,maitran2603,,112708614,,Chiến dịch mở rộng,303300,0,Đơn hàng gián tiếp,13648.5,13648.5,"4,5%",0,0%,0,0,0,,Facebook,14740,Đã khấu trừ,Khấu trừ theo đơn hàng,2026-06-28 11:12:52
260624V7A2PYNR,Hoàn thành,Hợp lệ,2026-06-24 10:12:07,2026-06-28 09:20:17,2026-06-28 09:20:17,25644330193,[QUÀ TẶNG KHÔNG BÁN] Bông Tạo Bọt Kì Cọ Tẩy Da Chết Màu Ngẫu Nhiên,346005340612,Nhà cửa & Đời sống,Đồ dùng phòng tắm,Bông tắm,466255413326418_0_0,0,1,ShopBack Việt Nam,shopbackvn_,,122682417,,Chiến dịch mở rộng,0,0,Đơn hàng trực tiếp,0,0,8%,0,0%,14317.2,14317.2,0,,Websites,0,,,
260624V7A2PYNR,Hoàn thành,Hợp lệ,2026-06-24 10:12:07,2026-06-28 09:20:17,2026-06-28 09:20:17,29480146096,Sữa Tắm Thiên Nhiên 92% Le Petit Marseillais Nhiều Mùi Hương 250ml,310970228928,Sắc Đẹp,Tắm & chăm sóc cơ thể,Xà phòng & sữa tắm,466255413326418_0_0,205000,1,ShopBack Việt Nam,shopbackvn_,,112409565,,Chiến dịch mở rộng,159080,0,Đơn hàng trực tiếp,14317.2,14317.2,9%,0,0%,0,0,0,,Websites,15463,Đã khấu trừ,Khấu trừ theo đơn hàng,2026-06-28 09:20:45
260624V5B2KG2T,Hoàn thành,Hợp lệ,2026-06-24 09:36:53,2026-06-29 13:39:28,2026-06-29 13:39:28,25644330193,[QUÀ TẶNG KHÔNG BÁN] Bông Tạo Bọt Kì Cọ Tẩy Da Chết Màu Ngẫu Nhiên,346005340612,Nhà cửa & Đời sống,Đồ dùng phòng tắm,Bông tắm,466255413326418_0_0,0,1,Nhakhitday,uyenanh1907,,122682417,,Chiến dịch mở rộng,0,0,Đơn hàng gián tiếp,0,0,4%,0,0%,7158.645,7158.645,0,,Facebook,0,,,
260624V5B2KG2T,Hoàn thành,Hợp lệ,2026-06-24 09:36:53,2026-06-29 13:39:28,2026-06-29 13:39:28,29480146096,Sữa Tắm Thiên Nhiên 92% Le Petit Marseillais Nhiều Mùi Hương 250ml,315970228699,Sắc Đẹp,Tắm & chăm sóc cơ thể,Xà phòng & sữa tắm,466255413326418_0_0,205000,1,Nhakhitday,uyenanh1907,,112409565,,Chiến dịch mở rộng,159081,0,Đơn hàng gián tiếp,7158.645,7158.645,"4,5%",0,0%,0,0,0,,Facebook,7731,Đã khấu trừ,Khấu trừ theo đơn hàng,2026-06-29 13:39:57
260624V438J1Y2,Hoàn thành,Hợp lệ,2026-06-24 09:14:37,2026-06-29 10:16:48,2026-06-29 10:16:48,25644330193,[QUÀ TẶNG KHÔNG BÁN] Bông Tạo Bọt Kì Cọ Tẩy Da Chết Màu Ngẫu Nhiên,346005340612,Nhà cửa & Đời sống,Đồ dùng phòng tắm,Bông tắm,466255413326418_0_0,0,1,chi ngo review,chiiingoo94,"Accesstrade,Interspace",122682417,,Chiến dịch mở rộng,0,0,Đơn hàng trực tiếp,0,0,8%,0,0%,20523.51,20523.51,0,,Shopeelive-Shopee,0,,,
260624V438J1Y2,Hoàn thành,Hợp lệ,2026-06-24 09:14:37,2026-06-29 10:16:48,2026-06-29 10:16:48,29728471220,Sữa Tắm 92% Thiên Nhiên Le Petit Marseillais Dịu Nhẹ Sữa Vani Hữu Cơ 650ml 0557,430969799743,Sắc Đẹp,Tắm & chăm sóc cơ thể,Xà phòng & sữa tắm,466255413326418_0_0,395000,1,chi ngo review,chiiingoo94,"Accesstrade,Interspace",109863144,,Chiến dịch mở rộng,228039,0,Đơn hàng trực tiếp,20523.51,20523.51,9%,0,0%,0,0,0,,Shopeelive-Shopee,22165,Đã khấu trừ,Khấu trừ theo đơn hàng,2026-06-29 10:17:15
260624V3GMESDP,Hoàn thành,Hợp lệ,2026-06-24 09:04:12,2026-06-28 15:49:29,2026-06-28 15:49:29,25644330193,[QUÀ TẶNG KHÔNG BÁN] Bông Tạo Bọt Kì Cọ Tẩy Da Chết Màu Ngẫu Nhiên,346005340612,Nhà cửa & Đời sống,Đồ dùng phòng tắm,Bông tắm,466255413326418_0_0,0,1,Dr.ato Việt Nam,e39357p1fn,,122682417,,Chiến dịch mở rộng,0,0,Đơn hàng gián tiếp,0,0,4%,0,0%,12007.96,12007.96,0,,Others,0,,,
260624V3GMESDP,Hoàn thành,Hợp lệ,2026-06-24 09:04:12,2026-06-28 15:49:29,2026-06-28 15:49:29,25692866155,Sữa Tắm Nam 4 in 1 92% Thiên Nhiên Le Petit Marseillais Nhiều Mùi Hương 250ml,345969754131,Sắc Đẹp,Chăm sóc nam giới,Sữa tắm & chăm sóc cơ thể,466255413326418_0_0,205000,1,Dr.ato Việt Nam,e39357p1fn,,112434462,,Chiến dịch mở rộng,150099,0,Đơn hàng gián tiếp,6003.96,6003.96,4%,0,0%,0,0,0,,Others,6484,Đã khấu trừ,Khấu trừ theo đơn hàng,2026-06-28 15:49:56
260624V3GMESDP,Hoàn thành,Hợp lệ,2026-06-24 09:04:12,2026-06-28 15:49:29,2026-06-28 15:49:29,25692866155,Sữa Tắm Nam 4 in 1 92% Thiên Nhiên Le Petit Marseillais Nhiều Mùi Hương 250ml,345969754133,Sắc Đẹp,Chăm sóc nam giới,Sữa tắm & chăm sóc cơ thể,466255413326418_0_0,205000,1,Dr.ato Việt Nam,e39357p1fn,,112434462,,Chiến dịch mở rộng,150100,0,Đơn hàng gián tiếp,6004,6004,4%,0,0%,0,0,0,,Others,6484,Đã khấu trừ,Khấu trừ theo đơn hàng,2026-06-28 15:49:56
260624UXJN16X6,Hoàn thành,Hợp lệ,2026-06-24 07:35:52,2026-06-26 14:27:39,2026-06-26 14:27:39,29480146096,Sữa Tắm Thiên Nhiên 92% Le Petit Marseillais Nhiều Mùi Hương 250ml,310970228929,Sắc Đẹp,Tắm & chăm sóc cơ thể,Xà phòng & sữa tắm,,205000,1,Lê Thu Trang,thutrang06082000,,112409565,,Chiến dịch mở rộng,171011,0,Đơn hàng gián tiếp,7695.495,7695.495,"4,5%",0,0%,7695.495,7695.495,0,,Facebook,8311,Đã khấu trừ,Khấu trừ theo đơn hàng,2026-06-26 14:28:06
260624UXA4ASPN,Hoàn thành,Hợp lệ,2026-06-24 07:31:05,2026-06-25 16:03:58,2026-06-25 16:03:58,25644330193,[QUÀ TẶNG KHÔNG BÁN] Bông Tạo Bọt Kì Cọ Tẩy Da Chết Màu Ngẫu Nhiên,346005340612,Nhà cửa & Đời sống,Đồ dùng phòng tắm,Bông tắm,466255413326418_0_0,0,1,CreatorX Media Network,creatorxmedianetwork,,122682417,,Chiến dịch mở rộng,0,0,Đơn hàng gián tiếp,0,0,4%,0,0%,5965.48,5965.48,0,,TikTok,0,,,
260624UXA4ASPN,Hoàn thành,Hợp lệ,2026-06-24 07:31:05,2026-06-25 16:03:58,2026-06-25 16:03:58,25692866155,Sữa Tắm Nam 4 in 1 92% Thiên Nhiên Le Petit Marseillais Nhiều Mùi Hương 250ml,345969754133,Sắc Đẹp,Chăm sóc nam giới,Sữa tắm & chăm sóc cơ thể,466255413326418_0_0,205000,1,CreatorX Media Network,creatorxmedianetwork,,112434462,,Chiến dịch mở rộng,149137,0,Đơn hàng gián tiếp,5965.48,5965.48,4%,0,0%,0,0,0,,TikTok,6443,Đã khấu trừ,Khấu trừ theo đơn hàng,2026-06-25 16:04:25
260624URT4UG9N,Hoàn thành,Hợp lệ,2026-06-24 05:52:40,2026-06-28 10:45:02,2026-06-28 10:45:02,46456662533,[DEAL 8/3] Combo 3 Món Sữa Tắm Le Petit Marseillais 650ML Sữa Dưỡng Thể 250ML Kem Tay 75ML,410972382017,Sắc Đẹp,Tắm & chăm sóc cơ thể,Xà phòng & sữa tắm,,805000,1,Hạt đậu,b4b_lpipx9,,226848632,,Chiến dịch mở rộng,483000,0,Đơn hàng gián tiếp,12075,12075,"2,5%",0,0%,12075,12075,0,,Facebook,13041,Đã khấu trừ,Khấu trừ theo đơn hàng,2026-06-28 10:45:29
260624UAXM8BCY,Hoàn thành,Hợp lệ,2026-06-24 01:44:38,2026-06-28 17:52:12,2026-06-28 17:52:12,25692866155,Sữa Tắm Nam 4 in 1 92% Thiên Nhiên Le Petit Marseillais Nhiều Mùi Hương 250ml,345969754134,Sắc Đẹp,Chăm sóc nam giới,Sữa tắm & chăm sóc cơ thể,466255413326418_0_0,205000,1,Opera,opera109,,112434462,,Chiến dịch mở rộng,142030,0,Đơn hàng gián tiếp,5681.2,5681.2,4%,0,0%,17043.64,17043.64,0,,Others,6136,Đã khấu trừ,Khấu trừ theo đơn hàng,2026-06-28 17:52:39
260624UAXM8BCY,Hoàn thành,Hợp lệ,2026-06-24 01:44:38,2026-06-28 17:52:12,2026-06-28 17:52:12,25644330193,[QUÀ TẶNG KHÔNG BÁN] Bông Tạo Bọt Kì Cọ Tẩy Da Chết Màu Ngẫu Nhiên,346005340612,Nhà cửa & Đời sống,Đồ dùng phòng tắm,Bông tắm,466255413326418_0_0,0,1,Opera,opera109,,122682417,,Chiến dịch mở rộng,0,0,Đơn hàng gián tiếp,0,0,4%,0,0%,0,0,0,,Others,0,,,
260624UAXM8BCY,Hoàn thành,Hợp lệ,2026-06-24 01:44:38,2026-06-28 17:52:12,2026-06-28 17:52:12,25692866155,Sữa Tắm Nam 4 in 1 92% Thiên Nhiên Le Petit Marseillais Nhiều Mùi Hương 250ml,345969754130,Sắc Đẹp,Chăm sóc nam giới,Sữa tắm & chăm sóc cơ thể,466255413326418_0_0,205000,1,Opera,opera109,,112434462,,Chiến dịch mở rộng,142031,0,Đơn hàng gián tiếp,5681.24,5681.24,4%,0,0%,0,0,0,,Others,6136,Đã khấu trừ,Khấu trừ theo đơn hàng,2026-06-28 17:52:39
260624UAXM8BCY,Hoàn thành,Hợp lệ,2026-06-24 01:44:38,2026-06-28 17:52:12,2026-06-28 17:52:12,25692866155,Sữa Tắm Nam 4 in 1 92% Thiên Nhiên Le Petit Marseillais Nhiều Mùi Hương 250ml,345969754133,Sắc Đẹp,Chăm sóc nam giới,Sữa tắm & chăm sóc cơ thể,466255413326418_0_0,205000,1,Opera,opera109,,112434462,,Chiến dịch mở rộng,142030,0,Đơn hàng gián tiếp,5681.2,5681.2,4%,0,0%,0,0,0,,Others,6136,Đã khấu trừ,Khấu trừ theo đơn hàng,2026-06-28 17:52:39
260624UAJE7XUU,Hoàn thành,Hợp lệ,2026-06-24 01:37:50,2026-06-28 12:09:23,2026-06-28 12:09:23,25644330193,[QUÀ TẶNG KHÔNG BÁN] Bông Tạo Bọt Kì Cọ Tẩy Da Chết Màu Ngẫu Nhiên,346005340612,Nhà cửa & Đời sống,Đồ dùng phòng tắm,Bông tắm,466255413326418_0_0,0,1,Mai Phương Bùi đây,maiphuongbuiday,,122682417,,Chiến dịch mở rộng,0,0,Đơn hàng gián tiếp,0,0,4%,0,0%,16074,16074,0,,Others,0,,,
260624UAJE7XUU,Hoàn thành,Hợp lệ,2026-06-24 01:37:50,2026-06-28 12:09:23,2026-06-28 12:09:23,27430285782,"Dưỡng Ẩm Body 24h Thiên Nhiên Le Petit Marseillais Phục Hồi Bơ Hạt Mỡ, Lô Hội & Sáp Ong 400ml 4159",345970327045,Sắc Đẹp,Tắm & chăm sóc cơ thể,Kem & sữa dưỡng thể,466255413326418_0_0,485000,1,Mai Phương Bùi đây,maiphuongbuiday,,112719461,,Chiến dịch mở rộng,357200,0,Đơn hàng gián tiếp,16074,16074,"4,5%",0,0%,0,0,0,,Others,17360,Đã khấu trừ,Khấu trừ theo đơn hàng,2026-06-28 12:09:50
260624U5SB79AY,Hoàn thành,Hợp lệ,2026-06-24 00:12:13,2026-06-28 14:40:24,2026-06-28 14:40:24,25644330193,[QUÀ TẶNG KHÔNG BÁN] Bông Tạo Bọt Kì Cọ Tẩy Da Chết Màu Ngẫu Nhiên,346005340612,Nhà cửa & Đời sống,Đồ dùng phòng tắm,Bông tắm,466255413326418_0_0,0,1,Lê Thu Trang,thutrang06082000,,122682417,,Chiến dịch mở rộng,0,0,Đơn hàng gián tiếp,0,0,4%,0,0%,8296.2,8296.2,0,,Facebook,0,,,
260624U5SB79AY,Hoàn thành,Hợp lệ,2026-06-24 00:12:13,2026-06-28 14:40:24,2026-06-28 14:40:24,28179873093,Dầu Gội Thiên Nhiên 2in1 97% Sạch Gàu Le Petit Marseillais Chiết Xuất Bạc Hà Hữu Cơ 250ml 4042,287645622650,Sắc Đẹp,Chăm sóc tóc,Dầu gội,466255413326418_0_0,265000,1,Lê Thu Trang,thutrang06082000,,111642571,,Chiến dịch mở rộng,184360,0,Đơn hàng gián tiếp,8296.2,8296.2,"4,5%",0,0%,0,0,0,,Facebook,8960,Đã khấu trừ,Khấu trừ theo đơn hàng,2026-06-28 14:40:51
260624U59DW6QT,Hoàn thành,Hợp lệ,2026-06-24 00:03:19,2026-06-26 21:33:36,2026-06-26 21:33:36,24142870859,Sữa Tắm Thơm Lâu Le Petit Marseillais Gel 92% Thiên Nhiên Da Nhạy Cảm Nhiều Mùi Hương 650ml,350973489412,Sắc Đẹp,Tắm & chăm sóc cơ thể,Xà phòng & sữa tắm,466255413326418_0_0,395000,1,Hương Hương nè ᥫ᭡,huonghuongne185,,112430963,,Chiến dịch mở rộng,285000,0,Đơn hàng trực tiếp,25650,25650,9%,0,0%,25650,25650,0,,Shopeevideo-Shopee,27702,Đã khấu trừ,Khấu trừ theo đơn hàng,2026-06-26 21:34:02
260624U59DW6QT,Hoàn thành,Hợp lệ,2026-06-24 00:03:19,2026-06-26 21:33:36,2026-06-26 21:33:36,25644330193,[QUÀ TẶNG KHÔNG BÁN] Bông Tạo Bọt Kì Cọ Tẩy Da Chết Màu Ngẫu Nhiên,346005340612,Nhà cửa & Đời sống,Đồ dùng phòng tắm,Bông tắm,466255413326418_0_0,0,1,Hương Hương nè ᥫ᭡,huonghuongne185,,122682417,,Chiến dịch mở rộng,0,0,Đơn hàng trực tiếp,0,0,8%,0,0%,0,0,0,,Shopeevideo-Shopee,0,,,
260624U514S5YX,Hoàn thành,Hợp lệ,2026-06-23 23:58:40,2026-06-28 11:39:22,2026-06-28 11:39:22,25644330193,[QUÀ TẶNG KHÔNG BÁN] Bông Tạo Bọt Kì Cọ Tẩy Da Chết Màu Ngẫu Nhiên,346005340612,Nhà cửa & Đời sống,Đồ dùng phòng tắm,Bông tắm,466255413326418_0_0,0,1,phap,thegioiden888,,122682417,,Chiến dịch mở rộng,0,0,Đơn hàng gián tiếp,0,0,4%,0,0%,6681.32,6681.32,0,,Facebook,0,,,
260624U514S5YX,Hoàn thành,Hợp lệ,2026-06-23 23:58:40,2026-06-28 11:39:22,2026-06-28 11:39:22,25692866155,Sữa Tắm Nam 4 in 1 92% Thiên Nhiên Le Petit Marseillais Nhiều Mùi Hương 250ml,345969754130,Sắc Đẹp,Chăm sóc nam giới,Sữa tắm & chăm sóc cơ thể,466255413326418_0_0,210000,1,phap,thegioiden888,,112434462,,Chiến dịch mở rộng,167033,0,Đơn hàng gián tiếp,6681.32,6681.32,4%,0,0%,0,0,0,,Facebook,7216,Đã khấu trừ,Khấu trừ theo đơn hàng,2026-06-28 11:39:50
260624U4M41WJJ,Hoàn thành,Hợp lệ,2026-06-23 23:51:24,2026-06-28 12:39:33,2026-06-28 12:39:33,29680365284,Dầu Gội Thiên Nhiên Le Petit Marseillais Hữu Cơ Nhiều Mùi Hương 250ml,370971985644,Sắc Đẹp,Chăm sóc tóc,Dầu gội,,270000,1,CreatorX Media Network,creatorxmedianetwork,,112920799,,Chiến dịch mở rộng,202499,0,Đơn hàng gián tiếp,9112.455,9112.455,"4,5%",0,0%,17537.175,17537.175,0,,Google Search,9841,Đã khấu trừ,Khấu trừ theo đơn hàng,2026-06-28 12:40:00
260624U4M41WJJ,Hoàn thành,Hợp lệ,2026-06-23 23:51:24,2026-06-28 12:39:33,2026-06-28 12:39:33,40672203767,Hộp 4 Bánh Xà Phòng Thiên Nhiên Le Petit Marseillais Dịu Nhẹ Lành Tính Nhiều Mùi Hương 4x100g,167403448467,Sắc Đẹp,Tắm & chăm sóc cơ thể,Xà phòng & sữa tắm,,320000,1,CreatorX Media Network,creatorxmedianetwork,,176551991,,Chiến dịch mở rộng,187216,0,Đơn hàng gián tiếp,8424.72,8424.72,"4,5%",0,0%,0,0,0,,Google Search,9099,Đã khấu trừ,Khấu trừ theo đơn hàng,2026-06-28 12:40:00
260623U1C1SWM2,Hoàn thành,Hợp lệ,2026-06-23 22:53:11,2026-06-25 22:07:13,2026-06-25 22:07:13,25692866155,Sữa Tắm Nam 4 in 1 92% Thiên Nhiên Le Petit Marseillais Nhiều Mùi Hương 250ml,345969754133,Sắc Đẹp,Chăm sóc nam giới,Sữa tắm & chăm sóc cơ thể,466255413326418_0_0,210000,1,CreatorX Media Network,creatorxmedianetwork,,112434462,,Chiến dịch mở rộng,162960,0,Đơn hàng gián tiếp,6518.4,6518.4,4%,0,0%,6518.4,6518.4,0,,Facebook,7040,Đã khấu trừ,Khấu trừ theo đơn hàng,2026-06-25 22:07:40
260623U1C1SWM2,Hoàn thành,Hợp lệ,2026-06-23 22:53:11,2026-06-25 22:07:13,2026-06-25 22:07:13,25644330193,[QUÀ TẶNG KHÔNG BÁN] Bông Tạo Bọt Kì Cọ Tẩy Da Chết Màu Ngẫu Nhiên,346005340612,Nhà cửa & Đời sống,Đồ dùng phòng tắm,Bông tắm,466255413326418_0_0,0,1,CreatorX Media Network,creatorxmedianetwork,,122682417,,Chiến dịch mở rộng,0,0,Đơn hàng gián tiếp,0,0,4%,0,0%,0,0,0,,Facebook,0,,,
260623U13NT0RD,Hoàn thành,Hợp lệ,2026-06-23 22:48:30,2026-06-29 17:02:51,2026-06-29 17:02:51,25644330193,[QUÀ TẶNG KHÔNG BÁN] Bông Tạo Bọt Kì Cọ Tẩy Da Chết Màu Ngẫu Nhiên,346005340612,Nhà cửa & Đời sống,Đồ dùng phòng tắm,Bông tắm,466255413326418_0_0,0,1,Xoài,dohyeon0810,,122682417,,Chiến dịch mở rộng,0,0,Đơn hàng gián tiếp,0,0,4%,0,0%,17100,17100,0,,Facebook,0,,,
260623U13NT0RD,Hoàn thành,Hợp lệ,2026-06-23 22:48:30,2026-06-29 17:02:51,2026-06-29 17:02:51,27430285782,"Dưỡng Ẩm Body 24h Thiên Nhiên Le Petit Marseillais Phục Hồi Bơ Hạt Mỡ, Lô Hội & Sáp Ong 400ml 4159",345970327045,Sắc Đẹp,Tắm & chăm sóc cơ thể,Kem & sữa dưỡng thể,466255413326418_0_0,490000,1,Xoài,dohyeon0810,,112719461,,Chiến dịch mở rộng,380000,0,Đơn hàng gián tiếp,17100,17100,"4,5%",0,0%,0,0,0,,Facebook,18468,Đã khấu trừ,Khấu trừ theo đơn hàng,2026-06-29 17:03:18
260623U0WS1A7X,Hoàn thành,Hợp lệ,2026-06-23 22:45:12,2026-06-28 14:16:39,2026-06-28 14:16:39,25644330193,[QUÀ TẶNG KHÔNG BÁN] Bông Tạo Bọt Kì Cọ Tẩy Da Chết Màu Ngẫu Nhiên,346005340612,Nhà cửa & Đời sống,Đồ dùng phòng tắm,Bông tắm,466255413326418_0_0,0,1,Meocute,01_lin123,,122682417,,Chiến dịch mở rộng,0,0,Đơn hàng gián tiếp,0,0,4%,0,0%,4998,4998,0,,Instagram,0,,,
260623U0WS1A7X,Hoàn thành,Hợp lệ,2026-06-23 22:45:12,2026-06-28 14:16:39,2026-06-28 14:16:39,25692866155,Sữa Tắm Nam 4 in 1 92% Thiên Nhiên Le Petit Marseillais Nhiều Mùi Hương 250ml,345969754133,Sắc Đẹp,Chăm sóc nam giới,Sữa tắm & chăm sóc cơ thể,466255413326418_0_0,210000,1,Meocute,01_lin123,,112434462,,Chiến dịch mở rộng,124950,0,Đơn hàng gián tiếp,4998,4998,4%,0,0%,0,0,0,,Instagram,5398,Đã khấu trừ,Khấu trừ theo đơn hàng,2026-06-28 14:17:05
260623U0WR0KPB,Hoàn thành,Hợp lệ,2026-06-23 22:45:11,2026-06-28 16:52:39,2026-06-28 16:52:39,25644330193,[QUÀ TẶNG KHÔNG BÁN] Bông Tạo Bọt Kì Cọ Tẩy Da Chết Màu Ngẫu Nhiên,346005340612,Nhà cửa & Đời sống,Đồ dùng phòng tắm,Bông tắm,466255413326418_0_0,0,1,Tuvanquang,tuquang2000,,122682417,,Chiến dịch mở rộng,0,0,Đơn hàng gián tiếp,0,0,4%,0,0%,6245.52,6245.52,0,,Threads,0,,,
260623U0WR0KPB,Hoàn thành,Hợp lệ,2026-06-23 22:45:11,2026-06-28 16:52:39,2026-06-28 16:52:39,27979868574,"Kem Dưỡng Tay 24h Thiên Nhiên Le Petit Marseillais Chiết Xuất Bơ Hạt Mỡ, Hạnh Nhân & Dầu Argan 75ml 8485",410970243688,Sắc Đẹp,"Chăm sóc tay, chân & móng",Chăm sóc tay,466255413326418_0_0,250000,1,Tuvanquang,tuquang2000,,111648683,,Chiến dịch mở rộng,156138,0,Đơn hàng gián tiếp,6245.52,6245.52,4%,0,0%,0,0,0,,Threads,6745,Đã khấu trừ,Khấu trừ theo đơn hàng,2026-06-28 16:53:06
260623U04BJGEN,Hủy bỏ,Hợp lệ,2026-06-23 22:30:59,,,25644330193,[QUÀ TẶNG KHÔNG BÁN] Bông Tạo Bọt Kì Cọ Tẩy Da Chết Màu Ngẫu Nhiên,346005340612,Nhà cửa & Đời sống,Đồ dùng phòng tắm,Bông tắm,466255413326418_0_0,0,0,Quỳnh Đặng,rainie_star1210,,122682417,,Chiến dịch mở rộng,0,0,Đơn hàng gián tiếp,0,0,4%,0,0%,0,0,0,Đơn hàng không hợp lệ,Others,0,,,
260623U04BJGEN,Hủy bỏ,Hợp lệ,2026-06-23 22:30:59,,,27430285782,"Dưỡng Ẩm Body 24h Thiên Nhiên Le Petit Marseillais Phục Hồi Bơ Hạt Mỡ, Lô Hội & Sáp Ong 400ml 4159",345970327045,Sắc Đẹp,Tắm & chăm sóc cơ thể,Kem & sữa dưỡng thể,466255413326418_0_0,490000,0,Quỳnh Đặng,rainie_star1210,,112719461,,Chiến dịch mở rộng,0,356250,Đơn hàng gián tiếp,0,0,"4,5%",0,0%,0,0,0,Đơn hàng không hợp lệ,Others,0,,,
260623TYFW8V7R,Hoàn thành,Hợp lệ,2026-06-23 22:19:33,2026-06-28 10:00:57,2026-06-28 10:00:57,29480146096,Sữa Tắm Thiên Nhiên 92% Le Petit Marseillais Nhiều Mùi Hương 250ml,310970228927,Sắc Đẹp,Tắm & chăm sóc cơ thể,Xà phòng & sữa tắm,466255413326418_0_0,210000,1,Huỳnh Danh,z_joz9sj1d,,112409565,,Chiến dịch mở rộng,162960,0,Đơn hàng gián tiếp,7333.2,7333.2,"4,5%",0,0%,7333.2,7333.2,0,,Websites,7920,Đã khấu trừ,Khấu trừ theo đơn hàng,2026-06-28 10:01:24
260623TYFW8V7R,Hoàn thành,Hợp lệ,2026-06-23 22:19:33,2026-06-28 10:00:57,2026-06-28 10:00:57,25644330193,[QUÀ TẶNG KHÔNG BÁN] Bông Tạo Bọt Kì Cọ Tẩy Da Chết Màu Ngẫu Nhiên,346005340612,Nhà cửa & Đời sống,Đồ dùng phòng tắm,Bông tắm,466255413326418_0_0,0,1,Huỳnh Danh,z_joz9sj1d,,122682417,,Chiến dịch mở rộng,0,0,Đơn hàng gián tiếp,0,0,4%,0,0%,0,0,0,,Websites,0,,,
260623TYE08NTX,Hủy bỏ,Hợp lệ,2026-06-23 22:18:30,,,27679422917,Sữa Tắm Nam 4 in 1 92% Thiên Nhiên Le Petit Marseillais Chiết Xuất Gỗ Cam Đắng & Argan 250ml 1431,355969731723,Sắc Đẹp,Chăm sóc nam giới,Sữa tắm & chăm sóc cơ thể,466255413326418_0_0,210000,0,Hoàng Kiên Tools,life_jp,,110661763,,Chiến dịch mở rộng,0,169071,Đơn hàng trực tiếp,0,0,8%,0,0%,0,0,0,Đơn hàng bị hủy bỏ do vận chuyển không thành công,Shopeelive-Shopee,0,,,
260623TYE08NTX,Hủy bỏ,Hợp lệ,2026-06-23 22:18:30,,,25644330193,[QUÀ TẶNG KHÔNG BÁN] Bông Tạo Bọt Kì Cọ Tẩy Da Chết Màu Ngẫu Nhiên,346005340612,Nhà cửa & Đời sống,Đồ dùng phòng tắm,Bông tắm,466255413326418_0_0,0,0,Hoàng Kiên Tools,life_jp,,122682417,,Chiến dịch mở rộng,0,0,Đơn hàng trực tiếp,0,0,8%,0,0%,0,0,0,Đơn hàng bị hủy bỏ do vận chuyển không thành công,Shopeelive-Shopee,0,,,
260623TXFGP9Y0,Hoàn thành,Hợp lệ,2026-06-23 22:01:27,2026-06-26 11:01:53,2026-06-26 11:01:53,25644330193,[QUÀ TẶNG KHÔNG BÁN] Bông Tạo Bọt Kì Cọ Tẩy Da Chết Màu Ngẫu Nhiên,346005340612,Nhà cửa & Đời sống,Đồ dùng phòng tắm,Bông tắm,466255413326418_0_0,0,1,tung,tungta459,,122682417,,Chiến dịch mở rộng,0,0,Đơn hàng gián tiếp,0,0,4%,0,0%,6518.4,6518.4,0,,Facebook,0,,,
260623TXFGP9Y0,Hoàn thành,Hợp lệ,2026-06-23 22:01:27,2026-06-26 11:01:53,2026-06-26 11:01:53,25692866155,Sữa Tắm Nam 4 in 1 92% Thiên Nhiên Le Petit Marseillais Nhiều Mùi Hương 250ml,345969754134,Sắc Đẹp,Chăm sóc nam giới,Sữa tắm & chăm sóc cơ thể,466255413326418_0_0,210000,1,tung,tungta459,,112434462,,Chiến dịch mở rộng,162960,0,Đơn hàng gián tiếp,6518.4,6518.4,4%,0,0%,0,0,0,,Facebook,7040,Đã khấu trừ,Khấu trừ theo đơn hàng,2026-06-26 11:02:19
260623TVX5DCSW,Hoàn thành,Hợp lệ,2026-06-23 21:33:50,2026-06-28 10:03:29,2026-06-28 10:03:29,25692866155,Sữa Tắm Nam 4 in 1 92% Thiên Nhiên Le Petit Marseillais Nhiều Mùi Hương 250ml,345969754131,Sắc Đẹp,Chăm sóc nam giới,Sữa tắm & chăm sóc cơ thể,466255413326418_0_0,210000,1,Trần Thuý Hằng ,tranthuyhangg_tth,,112434462,,Chiến dịch mở rộng,181293,0,Đơn hàng trực tiếp,14503.44,14503.44,8%,0,0%,14503.44,14503.44,0,,Facebook,15664,Đã khấu trừ,Khấu trừ theo đơn hàng,2026-06-28 10:03:57
260623TVX5DCSW,Hoàn thành,Hợp lệ,2026-06-23 21:33:50,2026-06-28 10:03:29,2026-06-28 10:03:29,25644330193,[QUÀ TẶNG KHÔNG BÁN] Bông Tạo Bọt Kì Cọ Tẩy Da Chết Màu Ngẫu Nhiên,346005340612,Nhà cửa & Đời sống,Đồ dùng phòng tắm,Bông tắm,466255413326418_0_0,0,1,Trần Thuý Hằng ,tranthuyhangg_tth,,122682417,,Chiến dịch mở rộng,0,0,Đơn hàng trực tiếp,0,0,8%,0,0%,0,0,0,,Facebook,0,,,
260623TV4H87RS,Hoàn thành,Hợp lệ,2026-06-23 21:19:31,2026-06-28 11:14:43,2026-06-28 11:14:43,25644330193,[QUÀ TẶNG KHÔNG BÁN] Bông Tạo Bọt Kì Cọ Tẩy Da Chết Màu Ngẫu Nhiên,346005340612,Nhà cửa & Đời sống,Đồ dùng phòng tắm,Bông tắm,466255413326418_0_0,0,1,Phan Văn Vinh,vinhpv.phanvanvinh,,122682417,,Chiến dịch mở rộng,0,0,Đơn hàng gián tiếp,0,0,4%,0,0%,7046.24,7046.24,0,,Websites,0,,,
260623TV4H87RS,Hoàn thành,Hợp lệ,2026-06-23 21:19:31,2026-06-28 11:14:43,2026-06-28 11:14:43,25692866155,Sữa Tắm Nam 4 in 1 92% Thiên Nhiên Le Petit Marseillais Nhiều Mùi Hương 250ml,345969754134,Sắc Đẹp,Chăm sóc nam giới,Sữa tắm & chăm sóc cơ thể,466255413326418_0_0,210000,1,Phan Văn Vinh,vinhpv.phanvanvinh,,112434462,,Chiến dịch mở rộng,176156,0,Đơn hàng gián tiếp,7046.24,7046.24,4%,0,0%,0,0,0,,Websites,7610,Đã khấu trừ,Khấu trừ theo đơn hàng,2026-06-28 11:15:11
260623TU0K3Y23,Hoàn thành,Hợp lệ,2026-06-23 20:59:25,2026-06-28 13:40:48,2026-06-28 13:40:48,24142870859,Sữa Tắm Thơm Lâu Le Petit Marseillais Gel 92% Thiên Nhiên Da Nhạy Cảm Nhiều Mùi Hương 650ml,350973489406,Sắc Đẹp,Tắm & chăm sóc cơ thể,Xà phòng & sữa tắm,466255413326418_0_0,395000,1,RẺ VÔ ĐỊCH,e1gbhkzrb7,,112430963,,Chiến dịch mở rộng,230356,0,Đơn hàng trực tiếp,20732.04,20732.04,9%,0,0%,20732.04,20732.04,0,,Shopeelive-Shopee,22391,Đã khấu trừ,Khấu trừ theo đơn hàng,2026-06-28 13:41:15
260623TU0K3Y23,Hoàn thành,Hợp lệ,2026-06-23 20:59:25,2026-06-28 13:40:48,2026-06-28 13:40:48,25644330193,[QUÀ TẶNG KHÔNG BÁN] Bông Tạo Bọt Kì Cọ Tẩy Da Chết Màu Ngẫu Nhiên,346005340612,Nhà cửa & Đời sống,Đồ dùng phòng tắm,Bông tắm,466255413326418_0_0,0,1,RẺ VÔ ĐỊCH,e1gbhkzrb7,,122682417,,Chiến dịch mở rộng,0,0,Đơn hàng trực tiếp,0,0,8%,0,0%,0,0,0,,Shopeelive-Shopee,0,,,
260623TTWNKKNY,Hoàn thành,Hợp lệ,2026-06-23 20:57:47,2026-06-25 17:45:08,2026-06-25 17:45:08,25644330193,[QUÀ TẶNG KHÔNG BÁN] Bông Tạo Bọt Kì Cọ Tẩy Da Chết Màu Ngẫu Nhiên,346005340612,Nhà cửa & Đời sống,Đồ dùng phòng tắm,Bông tắm,466255413326418_0_0,0,1,ShopBack Việt Nam,shopbackvn_,,122682417,,Chiến dịch mở rộng,0,0,Đơn hàng trực tiếp,0,0,8%,0,0%,17060.56,17060.56,0,,Websites,0,,,
260623TTWNKKNY,Hoàn thành,Hợp lệ,2026-06-23 20:57:47,2026-06-25 17:45:08,2026-06-25 17:45:08,27586430985,Dầu Gội Trẻ Em 2in1 94% Thiên Nhiên Le Petit Marseillais Giúp Gỡ Rối Tóc Nhiều Mùi Hương 300ml,380970144965,Mẹ & Bé,Đồ dùng phòng tắm & Chăm sóc cơ thể bé,Sản phẩm tắm & gội cho bé,466255413326418_0_0,325000,1,ShopBack Việt Nam,shopbackvn_,,128189901,,Chiến dịch mở rộng,213257,0,Đơn hàng trực tiếp,17060.56,17060.56,8%,0,0%,0,0,0,,Websites,18425,Đã khấu trừ,Khấu trừ theo đơn hàng,2026-06-25 17:45:35
260623TTME13PQ,Hoàn thành,Hợp lệ,2026-06-23 20:52:36,2026-06-28 11:09:14,2026-06-28 11:09:14,29680365284,Dầu Gội Thiên Nhiên Le Petit Marseillais Hữu Cơ Nhiều Mùi Hương 250ml,370971985643,Sắc Đẹp,Chăm sóc tóc,Dầu gội,466255413326418_0_0,265000,1,ÉnorDia,grylls105,,112920799,,Chiến dịch mở rộng,207799,0,Đơn hàng gián tiếp,9350.955,9350.955,"4,5%",0,0%,16584.75,16584.75,0,,Instagram,10099,Đã khấu trừ,Khấu trừ theo đơn hàng,2026-06-28 11:09:41
260623TTME13PQ,Hoàn thành,Hợp lệ,2026-06-23 20:52:36,2026-06-28 11:09:14,2026-06-28 11:09:14,25644330193,[QUÀ TẶNG KHÔNG BÁN] Bông Tạo Bọt Kì Cọ Tẩy Da Chết Màu Ngẫu Nhiên,346005340612,Nhà cửa & Đời sống,Đồ dùng phòng tắm,Bông tắm,466255413326418_0_0,0,1,ÉnorDia,grylls105,,122682417,,Chiến dịch mở rộng,0,0,Đơn hàng gián tiếp,0,0,4%,0,0%,0,0,0,,Instagram,0,,,
260623TTME13PQ,Hoàn thành,Hợp lệ,2026-06-23 20:52:36,2026-06-28 11:09:14,2026-06-28 11:09:14,29480146096,Sữa Tắm Thiên Nhiên 92% Le Petit Marseillais Nhiều Mùi Hương 250ml,315970228700,Sắc Đẹp,Tắm & chăm sóc cơ thể,Xà phòng & sữa tắm,466255413326418_0_0,205000,1,ÉnorDia,grylls105,,112409565,,Chiến dịch mở rộng,160751,0,Đơn hàng gián tiếp,7233.795,7233.795,"4,5%",0,0%,0,0,0,,Instagram,7812,Đã khấu trừ,Khấu trừ theo đơn hàng,2026-06-28 11:09:41
260623TT32XX05,Hoàn thành,Hợp lệ,2026-06-23 20:42:54,2026-06-28 14:07:54,2026-06-28 14:07:54,25644330193,[QUÀ TẶNG KHÔNG BÁN] Bông Tạo Bọt Kì Cọ Tẩy Da Chết Màu Ngẫu Nhiên,346005340612,Nhà cửa & Đời sống,Đồ dùng phòng tắm,Bông tắm,466255413326418_0_0,0,1,Đồ phong thuỷ,nhungngo5392,,122682417,,Chiến dịch mở rộng,0,0,Đơn hàng gián tiếp,0,0,4%,0,0%,7158.6,7158.6,0,,Facebook,0,,,
260623TT32XX05,Hoàn thành,Hợp lệ,2026-06-23 20:42:54,2026-06-28 14:07:54,2026-06-28 14:07:54,29480146096,Sữa Tắm Thiên Nhiên 92% Le Petit Marseillais Nhiều Mùi Hương 250ml,315970228700,Sắc Đẹp,Tắm & chăm sóc cơ thể,Xà phòng & sữa tắm,466255413326418_0_0,205000,1,Đồ phong thuỷ,nhungngo5392,,112409565,,Chiến dịch mở rộng,159080,0,Đơn hàng gián tiếp,7158.6,7158.6,"4,5%",0,0%,0,0,0,,Facebook,7731,Đã khấu trừ,Khấu trừ theo đơn hàng,2026-06-28 14:08:20
260623TSG953GJ,Hoàn thành,Hợp lệ,2026-06-23 20:32:24,2026-06-25 12:25:43,2026-06-25 12:25:43,25644330193,[QUÀ TẶNG KHÔNG BÁN] Bông Tạo Bọt Kì Cọ Tẩy Da Chết Màu Ngẫu Nhiên,346005340612,Nhà cửa & Đời sống,Đồ dùng phòng tắm,Bông tắm,466255413326418_0_0,0,1,hienhanh936,hienhanh936,,122682417,,Chiến dịch mở rộng,0,0,Đơn hàng trực tiếp,0,0,8%,0,0%,19057.5,19057.5,0,,Shopeevideo-Shopee,0,,,
260623TSG953GJ,Hoàn thành,Hợp lệ,2026-06-23 20:32:24,2026-06-25 12:25:43,2026-06-25 12:25:43,28980146591,Gel Tắm Hữu Cơ BIO 98% Thiên Nhiên Le Petit Marseillais Nhiều Mùi Hương 250ml,315970996474,Sắc Đẹp,Tắm & chăm sóc cơ thể,Xà phòng & sữa tắm,466255413326418_0_0,265000,1,hienhanh936,hienhanh936,,112420787,,Chiến dịch mở rộng,211750,0,Đơn hàng trực tiếp,19057.5,19057.5,9%,0,0%,0,0,0,,Shopeevideo-Shopee,20582,Đã khấu trừ,Khấu trừ theo đơn hàng,2026-06-25 15:11:39
260623TR2FB4ED,Hoàn thành,Hợp lệ,2026-06-23 20:06:47,2026-06-25 13:47:44,2026-06-25 13:47:44,28830365069,Dầu Gội Thiên Nhiên Le Petit Marseillais Hữu Cơ Nhiều Mùi Hương 300ml,435970130563,Sắc Đẹp,Chăm sóc tóc,Dầu gội,,420000,1,Lanh Chanh Review,ngvinh445,,112918398,,Chiến dịch mở rộng,320500,0,Đơn hàng gián tiếp,14422.5,14422.5,"4,5%",0,0%,14422.5,14422.5,0,,Facebook,15576,Đã khấu trừ,Khấu trừ theo đơn hàng,2026-06-25 15:20:12
260623TNWYTWX3,Hoàn thành,Hợp lệ,2026-06-23 19:28:29,2026-06-25 12:15:14,2026-06-25 12:15:14,29680365284,Dầu Gội Thiên Nhiên Le Petit Marseillais Hữu Cơ Nhiều Mùi Hương 250ml,370971985648,Sắc Đẹp,Chăm sóc tóc,Dầu gội,466255413326418_0_0,265000,1,ZENMIND MCN,thaonguyentm,,112920799,,Chiến dịch mở rộng,169079,0,Đơn hàng gián tiếp,7608.555,7608.555,"4,5%",0,0%,7608.555,7608.555,0,,Facebook,8217,Đã khấu trừ,Khấu trừ theo đơn hàng,2026-06-25 15:09:54
260623TNWYTWX3,Hoàn thành,Hợp lệ,2026-06-23 19:28:29,2026-06-25 12:15:14,2026-06-25 12:15:14,25644330193,[QUÀ TẶNG KHÔNG BÁN] Bông Tạo Bọt Kì Cọ Tẩy Da Chết Màu Ngẫu Nhiên,346005340612,Nhà cửa & Đời sống,Đồ dùng phòng tắm,Bông tắm,466255413326418_0_0,0,1,ZENMIND MCN,thaonguyentm,,122682417,,Chiến dịch mở rộng,0,0,Đơn hàng gián tiếp,0,0,4%,0,0%,0,0,0,,Facebook,0,,,
260623TMCHQ9V3,Hoàn thành,Hợp lệ,2026-06-23 19:00:49,2026-06-27 23:41:03,2026-06-27 23:41:03,25644330193,[QUÀ TẶNG KHÔNG BÁN] Bông Tạo Bọt Kì Cọ Tẩy Da Chết Màu Ngẫu Nhiên,346005340612,Nhà cửa & Đời sống,Đồ dùng phòng tắm,Bông tắm,466255413326418_0_0,0,1,Trang Trang,huyentrangtrang,,122682417,,Chiến dịch mở rộng,0,0,Đơn hàng gián tiếp,0,0,4%,0,0%,11057.085,11057.085,0,,Facebook,0,,,
260623TMCHQ9V3,Hoàn thành,Hợp lệ,2026-06-23 19:00:49,2026-06-27 23:41:03,2026-06-27 23:41:03,24142870859,Sữa Tắm Thơm Lâu Le Petit Marseillais Gel 92% Thiên Nhiên Da Nhạy Cảm Nhiều Mùi Hương 650ml,350973489406,Sắc Đẹp,Tắm & chăm sóc cơ thể,Xà phòng & sữa tắm,466255413326418_0_0,395000,1,Trang Trang,huyentrangtrang,,112430963,,Chiến dịch mở rộng,245713,0,Đơn hàng gián tiếp,11057.085,11057.085,"4,5%",0,0%,0,0,0,,Facebook,11942,Đã khấu trừ,Khấu trừ theo đơn hàng,2026-06-27 23:41:31
260623TJSPR4UT,Hoàn thành,Hợp lệ,2026-06-23 18:32:24,2026-06-29 11:28:38,2026-06-29 11:28:38,29680365284,Dầu Gội Thiên Nhiên Le Petit Marseillais Hữu Cơ Nhiều Mùi Hương 250ml,370971985649,Sắc Đẹp,Chăm sóc tóc,Dầu gội,466255413326418_0_0,270000,1,Hương hương review,ok6tfg3ykw,Webhome Media,112920799,,Chiến dịch mở rộng,178130,0,Đơn hàng trực tiếp,16031.7,16031.7,9%,0,0%,16031.7,16031.7,0,,Shopeelive-Shopee,17314,Đã khấu trừ,Khấu trừ theo đơn hàng,2026-06-29 11:29:05
260623TJSPR4UT,Hoàn thành,Hợp lệ,2026-06-23 18:32:24,2026-06-29 11:28:38,2026-06-29 11:28:38,25644330193,[QUÀ TẶNG KHÔNG BÁN] Bông Tạo Bọt Kì Cọ Tẩy Da Chết Màu Ngẫu Nhiên,346005340612,Nhà cửa & Đời sống,Đồ dùng phòng tắm,Bông tắm,466255413326418_0_0,0,1,Hương hương review,ok6tfg3ykw,Webhome Media,122682417,,Chiến dịch mở rộng,0,0,Đơn hàng trực tiếp,0,0,8%,0,0%,0,0,0,,Shopeelive-Shopee,0,,,
260623TCMQX2X9,Hoàn thành,Hợp lệ,2026-06-23 16:42:14,2026-06-28 11:03:37,2026-06-28 11:03:37,25644330193,[QUÀ TẶNG KHÔNG BÁN] Bông Tạo Bọt Kì Cọ Tẩy Da Chết Màu Ngẫu Nhiên,346005340612,Nhà cửa & Đời sống,Đồ dùng phòng tắm,Bông tắm,466255413326418_0_0,0,1,CreatorX Media Network,creatorxmedianetwork,,122682417,,Chiến dịch mở rộng,0,0,Đơn hàng gián tiếp,0,0,4%,0,0%,9234,9234,0,,Google Search,0,,,
260623TCMQX2X9,Hoàn thành,Hợp lệ,2026-06-23 16:42:14,2026-06-28 11:03:37,2026-06-28 11:03:37,29680365284,Dầu Gội Thiên Nhiên Le Petit Marseillais Hữu Cơ Nhiều Mùi Hương 250ml,370971985647,Sắc Đẹp,Chăm sóc tóc,Dầu gội,466255413326418_0_0,270000,1,CreatorX Media Network,creatorxmedianetwork,,112920799,,Chiến dịch mở rộng,205200,0,Đơn hàng gián tiếp,9234,9234,"4,5%",0,0%,0,0,0,,Google Search,9973,Đã khấu trừ,Khấu trừ theo đơn hàng,2026-06-28 11:04:04
260623TCC66WRB,Hoàn thành,Hợp lệ,2026-06-23 16:37:28,2026-06-28 10:49:46,2026-06-28 10:49:46,25644330193,[QUÀ TẶNG KHÔNG BÁN] Bông Tạo Bọt Kì Cọ Tẩy Da Chết Màu Ngẫu Nhiên,346005340612,Nhà cửa & Đời sống,Đồ dùng phòng tắm,Bông tắm,466255413326418_0_0,0,1,Diệu Vũ,dieucute92,,122682417,,Chiến dịch mở rộng,0,0,Đơn hàng gián tiếp,0,0,4%,0,0%,11960.28,11960.28,0,,Others,0,,,
260623TCC66WRB,Hoàn thành,Hợp lệ,2026-06-23 16:37:28,2026-06-28 10:49:46,2026-06-28 10:49:46,29728471220,Sữa Tắm 92% Thiên Nhiên Le Petit Marseillais Dịu Nhẹ Sữa Vani Hữu Cơ 650ml 0557,430969799743,Sắc Đẹp,Tắm & chăm sóc cơ thể,Xà phòng & sữa tắm,466255413326418_0_0,400000,1,Diệu Vũ,dieucute92,,109863144,,Chiến dịch mở rộng,265784,0,Đơn hàng gián tiếp,11960.28,11960.28,"4,5%",0,0%,0,0,0,,Others,12917,Đã khấu trừ,Khấu trừ theo đơn hàng,2026-06-28 10:50:13
260623T8NW1X4Y,Hoàn thành,Hợp lệ,2026-06-23 15:31:19,2026-06-24 11:13:12,2026-06-24 11:13:12,24142870859,Sữa Tắm Thơm Lâu Le Petit Marseillais Gel 92% Thiên Nhiên Da Nhạy Cảm Nhiều Mùi Hương 650ml,350973489402,Sắc Đẹp,Tắm & chăm sóc cơ thể,Xà phòng & sữa tắm,466255413326418_0_0,400000,1,La.na Design,la.nadesign.vn,,112430963,,Chiến dịch mở rộng,300300,0,Đơn hàng gián tiếp,13513.5,13513.5,"4,5%",0,0%,13513.5,13513.5,0,,Others,14595,Đã khấu trừ,Khấu trừ theo đơn hàng,2026-06-24 11:13:39
260623T8NW1X4Y,Hoàn thành,Hợp lệ,2026-06-23 15:31:19,2026-06-24 11:13:12,2026-06-24 11:13:12,25644330193,[QUÀ TẶNG KHÔNG BÁN] Bông Tạo Bọt Kì Cọ Tẩy Da Chết Màu Ngẫu Nhiên,346005340612,Nhà cửa & Đời sống,Đồ dùng phòng tắm,Bông tắm,466255413326418_0_0,0,1,La.na Design,la.nadesign.vn,,122682417,,Chiến dịch mở rộng,0,0,Đơn hàng gián tiếp,0,0,4%,0,0%,0,0,0,,Others,0,,,
260623T4WUM002,Hoàn thành,Hợp lệ,2026-06-23 14:24:10,2026-06-29 10:16:24,2026-06-29 10:16:24,25644330193,[QUÀ TẶNG KHÔNG BÁN] Bông Tạo Bọt Kì Cọ Tẩy Da Chết Màu Ngẫu Nhiên,346005340612,Nhà cửa & Đời sống,Đồ dùng phòng tắm,Bông tắm,466255413326418_0_0,0,1,YouTube Shopping,youtube_shopping_vn,,122682417,,Chiến dịch mở rộng,0,0,Đơn hàng gián tiếp,0,0,4%,0,0%,6248.25,6248.25,0,,YouTube,0,,,
260623T4WUM002,Hoàn thành,Hợp lệ,2026-06-23 14:24:10,2026-06-29 10:16:24,2026-06-29 10:16:24,29480146096,Sữa Tắm Thiên Nhiên 92% Le Petit Marseillais Nhiều Mùi Hương 250ml,315970228701,Sắc Đẹp,Tắm & chăm sóc cơ thể,Xà phòng & sữa tắm,466255413326418_0_0,205000,1,YouTube Shopping,youtube_shopping_vn,,112409565,,Chiến dịch mở rộng,138850,0,Đơn hàng gián tiếp,6248.25,6248.25,"4,5%",0,0%,0,0,0,,YouTube,6748,Đã khấu trừ,Khấu trừ theo đơn hàng,2026-06-29 10:16:51
260623T4NGM8X0,Hoàn thành,Hợp lệ,2026-06-23 14:19:31,2026-06-24 11:00:54,2026-06-24 11:00:54,25692866155,Sữa Tắm Nam 4 in 1 92% Thiên Nhiên Le Petit Marseillais Nhiều Mùi Hương 250ml,345969754133,Sắc Đẹp,Chăm sóc nam giới,Sữa tắm & chăm sóc cơ thể,466255413326418_0_0,205000,1,ACCESSTRADEVN,accesstrade_banking,,112434462,,Chiến dịch mở rộng,139380,0,Đơn hàng trực tiếp,11150.4,11150.4,8%,0,0%,11150.4,11150.4,0,,Websites,12042,Đã khấu trừ,Khấu trừ theo đơn hàng,2026-06-24 11:01:21
260623T4NGM8X0,Hoàn thành,Hợp lệ,2026-06-23 14:19:31,2026-06-24 11:00:54,2026-06-24 11:00:54,25644330193,[QUÀ TẶNG KHÔNG BÁN] Bông Tạo Bọt Kì Cọ Tẩy Da Chết Màu Ngẫu Nhiên,346005340612,Nhà cửa & Đời sống,Đồ dùng phòng tắm,Bông tắm,466255413326418_0_0,0,1,ACCESSTRADEVN,accesstrade_banking,,122682417,,Chiến dịch mở rộng,0,0,Đơn hàng trực tiếp,0,0,8%,0,0%,0,0,0,,Websites,0,,,
260623T4C9W59C,Hoàn thành,Hợp lệ,2026-06-23 14:14:21,2026-06-27 11:11:26,2026-06-27 11:11:26,24142870859,Sữa Tắm Thơm Lâu Le Petit Marseillais Gel 92% Thiên Nhiên Da Nhạy Cảm Nhiều Mùi Hương 650ml,350973489412,Sắc Đẹp,Tắm & chăm sóc cơ thể,Xà phòng & sữa tắm,466255413326418_0_0,395000,1,CreatorX Media Network,creatorxmedianetwork,,112430963,,Chiến dịch mở rộng,264142,0,Đơn hàng gián tiếp,11886.39,11886.39,"4,5%",0,0%,11886.39,11886.39,0,,Others,12837,Đã khấu trừ,Khấu trừ theo đơn hàng,2026-06-27 11:11:53
260623T4C9W59C,Hoàn thành,Hợp lệ,2026-06-23 14:14:21,2026-06-27 11:11:26,2026-06-27 11:11:26,25644330193,[QUÀ TẶNG KHÔNG BÁN] Bông Tạo Bọt Kì Cọ Tẩy Da Chết Màu Ngẫu Nhiên,346005340612,Nhà cửa & Đời sống,Đồ dùng phòng tắm,Bông tắm,466255413326418_0_0,0,1,CreatorX Media Network,creatorxmedianetwork,,122682417,,Chiến dịch mở rộng,0,0,Đơn hàng gián tiếp,0,0,4%,0,0%,0,0,0,,Others,0,,,
260623SYJ3NJ7Y,Hoàn thành,Hợp lệ,2026-06-23 12:48:07,2026-06-24 14:42:19,2026-06-24 14:42:19,24142870859,Sữa Tắm Thơm Lâu Le Petit Marseillais Gel 92% Thiên Nhiên Da Nhạy Cảm Nhiều Mùi Hương 650ml,350973489411,Sắc Đẹp,Tắm & chăm sóc cơ thể,Xà phòng & sữa tắm,466255413326418_0_0,395000,1,Hương Hương nè ᥫ᭡,huonghuongne185,,112430963,,Chiến dịch mở rộng,304000,0,Đơn hàng trực tiếp,27360,27360,9%,0,0%,27360,27360,0,,Shopeevideo-Shopee,29549,Đã khấu trừ,Khấu trừ theo đơn hàng,2026-06-24 14:42:46
260623SYJ3NJ7Y,Hoàn thành,Hợp lệ,2026-06-23 12:48:07,2026-06-24 14:42:19,2026-06-24 14:42:19,25644330193,[QUÀ TẶNG KHÔNG BÁN] Bông Tạo Bọt Kì Cọ Tẩy Da Chết Màu Ngẫu Nhiên,346005340612,Nhà cửa & Đời sống,Đồ dùng phòng tắm,Bông tắm,466255413326418_0_0,0,1,Hương Hương nè ᥫ᭡,huonghuongne185,,122682417,,Chiến dịch mở rộng,0,0,Đơn hàng trực tiếp,0,0,8%,0,0%,0,0,0,,Shopeevideo-Shopee,0,,,
260623SYH0A5Q4,Hoàn thành,Hợp lệ,2026-06-23 12:47:31,2026-06-27 11:21:28,2026-06-27 11:21:28,24142870859,Sữa Tắm Thơm Lâu Le Petit Marseillais Gel 92% Thiên Nhiên Da Nhạy Cảm Nhiều Mùi Hương 650ml,350973489410,Sắc Đẹp,Tắm & chăm sóc cơ thể,Xà phòng & sữa tắm,466255413326418_0_0,395000,1,MAI HỒNG NGỌC,rubyruby68.68.68,,112430963,,Chiến dịch mở rộng,308000,0,Đơn hàng gián tiếp,13860,13860,"4,5%",0,0%,13860,13860,0,,Facebook,14969,Đã khấu trừ,Khấu trừ theo đơn hàng,2026-06-27 11:21:59
260623SYH0A5Q4,Hoàn thành,Hợp lệ,2026-06-23 12:47:31,2026-06-27 11:21:28,2026-06-27 11:21:28,25644330193,[QUÀ TẶNG KHÔNG BÁN] Bông Tạo Bọt Kì Cọ Tẩy Da Chết Màu Ngẫu Nhiên,346005340612,Nhà cửa & Đời sống,Đồ dùng phòng tắm,Bông tắm,466255413326418_0_0,0,1,MAI HỒNG NGỌC,rubyruby68.68.68,,122682417,,Chiến dịch mở rộng,0,0,Đơn hàng gián tiếp,0,0,4%,0,0%,0,0,0,,Facebook,0,,,
260623SXTK5XBX,Hoàn thành,Hợp lệ,2026-06-23 12:34:58,2026-06-29 11:51:02,2026-06-29 11:51:02,25644330193,[QUÀ TẶNG KHÔNG BÁN] Bông Tạo Bọt Kì Cọ Tẩy Da Chết Màu Ngẫu Nhiên,346005340612,Nhà cửa & Đời sống,Đồ dùng phòng tắm,Bông tắm,466255413326418_0_0,0,1,Tâm nhi 01,tamnhi1106,,122682417,,Chiến dịch mở rộng,0,0,Đơn hàng trực tiếp,0,0,8%,0,0%,29151,29151,0,,Shopeevideo-Shopee,0,,,
260623SXTK5XBX,Hoàn thành,Hợp lệ,2026-06-23 12:34:58,2026-06-29 11:51:02,2026-06-29 11:51:02,25692912400,Sữa Dưỡng Thể Body Lotion Thiên Nhiên Le Petit Marseillais Hữu Cơ Nhiều Mùi Hương 250ml,375972102739,Sắc Đẹp,Tắm & chăm sóc cơ thể,Kem & sữa dưỡng thể,466255413326418_0_0,410000,1,Tâm nhi 01,tamnhi1106,,112708614,,Chiến dịch mở rộng,323900,0,Đơn hàng trực tiếp,29151,29151,9%,0,0%,0,0,0,,Shopeevideo-Shopee,31483,Đã khấu trừ,Khấu trừ theo đơn hàng,2026-06-29 11:51:29
260623SXJBXEPG,Hoàn thành,Hợp lệ,2026-06-23 12:30:22,2026-06-27 12:21:41,2026-06-27 12:21:41,24142870859,Sữa Tắm Thơm Lâu Le Petit Marseillais Gel 92% Thiên Nhiên Da Nhạy Cảm Nhiều Mùi Hương 650ml,350973489409,Sắc Đẹp,Tắm & chăm sóc cơ thể,Xà phòng & sữa tắm,466255413326418_0_0,395000,1,Trần Lĩnh,linhtc.tranconglinh,,112430963,,Chiến dịch mở rộng,245308,0,Đơn hàng gián tiếp,11038.86,11038.86,"4,5%",0,0%,11038.86,11038.86,0,,Facebook,11922,Đã khấu trừ,Khấu trừ theo đơn hàng,2026-06-27 12:22:08
260623SXJBXEPG,Hoàn thành,Hợp lệ,2026-06-23 12:30:22,2026-06-27 12:21:41,2026-06-27 12:21:41,25644330193,[QUÀ TẶNG KHÔNG BÁN] Bông Tạo Bọt Kì Cọ Tẩy Da Chết Màu Ngẫu Nhiên,346005340612,Nhà cửa & Đời sống,Đồ dùng phòng tắm,Bông tắm,466255413326418_0_0,0,1,Trần Lĩnh,linhtc.tranconglinh,,122682417,,Chiến dịch mở rộng,0,0,Đơn hàng gián tiếp,0,0,4%,0,0%,0,0,0,,Facebook,0,,,
260623SXG1HW78,Hoàn thành,Hợp lệ,2026-06-23 12:29:04,2026-06-28 11:33:28,2026-06-28 11:33:28,27979868574,"Kem Dưỡng Tay 24h Thiên Nhiên Le Petit Marseillais Chiết Xuất Bơ Hạt Mỡ, Hạnh Nhân & Dầu Argan 75ml 8485",410970243688,Sắc Đẹp,"Chăm sóc tay, chân & móng",Chăm sóc tay,466255413326418_0_0,250000,1,CreatorX Media Network,creatorxmedianetwork,,111648683,,Chiến dịch mở rộng,164910,0,Đơn hàng gián tiếp,6596.4,6596.4,4%,0,0%,6596.4,6596.4,0,,Others,7124,Đã khấu trừ,Khấu trừ theo đơn hàng,2026-06-28 11:33:54
260623SXG1HW78,Hoàn thành,Hợp lệ,2026-06-23 12:29:04,2026-06-28 11:33:28,2026-06-28 11:33:28,25644330193,[QUÀ TẶNG KHÔNG BÁN] Bông Tạo Bọt Kì Cọ Tẩy Da Chết Màu Ngẫu Nhiên,346005340612,Nhà cửa & Đời sống,Đồ dùng phòng tắm,Bông tắm,466255413326418_0_0,0,1,CreatorX Media Network,creatorxmedianetwork,,122682417,,Chiến dịch mở rộng,0,0,Đơn hàng gián tiếp,0,0,4%,0,0%,0,0,0,,Others,0,,,
260623SW3KNWGK,Hoàn thành,Hợp lệ,2026-06-23 12:04:13,2026-06-25 07:07:39,2026-06-25 07:07:39,24142870859,Sữa Tắm Thơm Lâu Le Petit Marseillais Gel 92% Thiên Nhiên Da Nhạy Cảm Nhiều Mùi Hương 650ml,350973489410,Sắc Đẹp,Tắm & chăm sóc cơ thể,Xà phòng & sữa tắm,466255413326418_0_0,395000,1,CreatorX Media Network,creatorxmedianetwork,,112430963,,Chiến dịch mở rộng,319854,0,Đơn hàng gián tiếp,14393.43,14393.43,"4,5%",0,0%,23147.27,23147.27,0,,Facebook,15545,Đã khấu trừ,Khấu trừ theo đơn hàng,2026-06-25 14:17:19
260623SW3KNWGK,Hoàn thành,Hợp lệ,2026-06-23 12:04:13,2026-06-25 07:07:39,2026-06-25 07:07:39,25644330193,[QUÀ TẶNG KHÔNG BÁN] Bông Tạo Bọt Kì Cọ Tẩy Da Chết Màu Ngẫu Nhiên,346005340612,Nhà cửa & Đời sống,Đồ dùng phòng tắm,Bông tắm,466255413326418_0_0,0,1,CreatorX Media Network,creatorxmedianetwork,,122682417,,Chiến dịch mở rộng,0,0,Đơn hàng gián tiếp,0,0,4%,0,0%,0,0,0,,Facebook,0,,,
260623SW3KNWGK,Hoàn thành,Hợp lệ,2026-06-23 12:04:13,2026-06-25 07:07:39,2026-06-25 07:07:39,40302953131,Dầu Gội Nam Sạch Gàu 97% Thiên Nhiên Le Petit Marseillais Chiết Xuất Tinh Dầu Chanh Vàng 250ml 4035,310970659149,Sắc Đẹp,Chăm sóc nam giới,Chăm sóc tóc,466255413326418_0_0,270000,1,CreatorX Media Network,creatorxmedianetwork,,134959857,,Chiến dịch mở rộng,218846,0,Đơn hàng gián tiếp,8753.84,8753.84,4%,0,0%,0,0,0,,Facebook,9454,Đã khấu trừ,Khấu trừ theo đơn hàng,2026-06-25 14:17:19
260623ST2Q947E,Hoàn thành,Hợp lệ,2026-06-23 11:10:03,2026-06-27 11:06:15,2026-06-27 11:06:15,25644330193,[QUÀ TẶNG KHÔNG BÁN] Bông Tạo Bọt Kì Cọ Tẩy Da Chết Màu Ngẫu Nhiên,346005340612,Nhà cửa & Đời sống,Đồ dùng phòng tắm,Bông tắm,466255413326418_0_0,0,1,CÔ EM BEAUTY,emily_dj,,122682417,,Chiến dịch mở rộng,0,0,Đơn hàng gián tiếp,0,0,4%,0,0%,7170.24,7170.24,0,,Facebook,0,,,
260623ST2Q947E,Hoàn thành,Hợp lệ,2026-06-23 11:10:03,2026-06-27 11:06:15,2026-06-27 11:06:15,29628482446,Sữa Tắm Pháp 92% Thiên Nhiên Le Petit Marseillais Dịu Nhẹ Mâm Xôi Hữu Cơ & Hoa Mẫu Đơn 250ml 8441,340969666086,Sắc Đẹp,Tắm & chăm sóc cơ thể,Xà phòng & sữa tắm,466255413326418_0_0,210000,1,CÔ EM BEAUTY,emily_dj,,109863148,,Chiến dịch mở rộng,179256,0,Đơn hàng gián tiếp,7170.24,7170.24,4%,0,0%,0,0,0,,Facebook,7744,Đã khấu trừ,Khấu trừ theo đơn hàng,2026-06-27 11:06:43
260623SR11B5Q3,Hoàn thành,Hợp lệ,2026-06-23 10:33:19,2026-06-27 16:28:52,2026-06-27 16:28:52,24142870859,Sữa Tắm Thơm Lâu Le Petit Marseillais Gel 92% Thiên Nhiên Da Nhạy Cảm Nhiều Mùi Hương 650ml,350973489406,Sắc Đẹp,Tắm & chăm sóc cơ thể,Xà phòng & sữa tắm,466255413326418_0_0,400000,1,Duy,thanhduy1q,,112430963,,Chiến dịch mở rộng,249308,0,Đơn hàng gián tiếp,11218.86,11218.86,"4,5%",0,0%,11218.86,11218.86,0,,Facebook,12116,Đã khấu trừ,Khấu trừ theo đơn hàng,2026-06-27 16:29:19
260623SR11B5Q3,Hoàn thành,Hợp lệ,2026-06-23 10:33:19,2026-06-27 16:28:52,2026-06-27 16:28:52,25644330193,[QUÀ TẶNG KHÔNG BÁN] Bông Tạo Bọt Kì Cọ Tẩy Da Chết Màu Ngẫu Nhiên,346005340612,Nhà cửa & Đời sống,Đồ dùng phòng tắm,Bông tắm,466255413326418_0_0,0,1,Duy,thanhduy1q,,122682417,,Chiến dịch mở rộng,0,0,Đơn hàng gián tiếp,0,0,4%,0,0%,0,0,0,,Facebook,0,,,
260623SPBVY8VY,Hoàn thành,Hợp lệ,2026-06-23 10:03:35,2026-06-28 10:39:15,2026-06-28 10:39:15,29680365284,Dầu Gội Thiên Nhiên Le Petit Marseillais Hữu Cơ Nhiều Mùi Hương 250ml,370971985648,Sắc Đẹp,Chăm sóc tóc,Dầu gội,466255413326418_0_0,270000,1,CreatorX Media Network,creatorxmedianetwork,,112920799,,Chiến dịch mở rộng,172230,0,Đơn hàng gián tiếp,7750.35,7750.35,"4,5%",0,0%,7750.35,7750.35,0,,Others,8370,Đã khấu trừ,Khấu trừ theo đơn hàng,2026-06-28 10:39:42
260623SPBVY8VY,Hoàn thành,Hợp lệ,2026-06-23 10:03:35,2026-06-28 10:39:15,2026-06-28 10:39:15,25644330193,[QUÀ TẶNG KHÔNG BÁN] Bông Tạo Bọt Kì Cọ Tẩy Da Chết Màu Ngẫu Nhiên,346005340612,Nhà cửa & Đời sống,Đồ dùng phòng tắm,Bông tắm,466255413326418_0_0,0,1,CreatorX Media Network,creatorxmedianetwork,,122682417,,Chiến dịch mở rộng,0,0,Đơn hàng gián tiếp,0,0,4%,0,0%,0,0,0,,Others,0,,,
260623SP7943YJ,Hoàn thành,Hợp lệ,2026-06-23 10:01:01,2026-06-27 18:26:03,2026-06-27 18:26:03,24142870859,Sữa Tắm Thơm Lâu Le Petit Marseillais Gel 92% Thiên Nhiên Da Nhạy Cảm Nhiều Mùi Hương 650ml,350973489410,Sắc Đẹp,Tắm & chăm sóc cơ thể,Xà phòng & sữa tắm,466255413326418_0_0,400000,1,Quỳnh Đặng,rainie_star1210,,112430963,,Chiến dịch mở rộng,249308,0,Đơn hàng gián tiếp,11218.86,11218.86,"4,5%",0,0%,11218.86,11218.86,0,,Others,12116,Đã khấu trừ,Khấu trừ theo đơn hàng,2026-06-27 18:26:30
260623SP7943YJ,Hoàn thành,Hợp lệ,2026-06-23 10:01:01,2026-06-27 18:26:03,2026-06-27 18:26:03,25644330193,[QUÀ TẶNG KHÔNG BÁN] Bông Tạo Bọt Kì Cọ Tẩy Da Chết Màu Ngẫu Nhiên,346005340612,Nhà cửa & Đời sống,Đồ dùng phòng tắm,Bông tắm,466255413326418_0_0,0,1,Quỳnh Đặng,rainie_star1210,,122682417,,Chiến dịch mở rộng,0,0,Đơn hàng gián tiếp,0,0,4%,0,0%,0,0,0,,Others,0,,,
260623SNY6PTAW,Hoàn thành,Hợp lệ,2026-06-23 09:56:29,2026-06-24 22:41:29,2026-06-24 22:41:29,47256666039,[DEAL 8/3] COMBO Dầu Gội Cho Bé 300ML + Sữa Tắm Cho Mẹ 400ML Thiên Nhiên Le Petit Marseillais Hữu Cơ,355972406447,Mẹ & Bé,Đồ dùng phòng tắm & Chăm sóc cơ thể bé,Sản phẩm tắm & gội cho bé,,670000,1,CreatorX Media Network,creatorxmedianetwork,,226840391,,Chiến dịch mở rộng,534600,0,Đơn hàng gián tiếp,18711,18711,"3,5%",0,0%,18711,18711,0,,Google Search,20208,Đã khấu trừ,Khấu trừ theo đơn hàng,2026-06-24 22:41:56
260623SMPRGU9V,Hoàn thành,Hợp lệ,2026-06-23 09:33:52,2026-06-28 17:00:15,2026-06-28 17:00:15,25644330193,[QUÀ TẶNG KHÔNG BÁN] Bông Tạo Bọt Kì Cọ Tẩy Da Chết Màu Ngẫu Nhiên,346005340612,Nhà cửa & Đời sống,Đồ dùng phòng tắm,Bông tắm,466255413326418_0_0,0,1,Tuanviet,vietqnmd,,122682417,,Chiến dịch mở rộng,0,0,Đơn hàng gián tiếp,0,0,4%,0,0%,6681.32,6681.32,0,,Facebook,0,,,
260623SMPRGU9V,Hoàn thành,Hợp lệ,2026-06-23 09:33:52,2026-06-28 17:00:15,2026-06-28 17:00:15,25692866155,Sữa Tắm Nam 4 in 1 92% Thiên Nhiên Le Petit Marseillais Nhiều Mùi Hương 250ml,345969754130,Sắc Đẹp,Chăm sóc nam giới,Sữa tắm & chăm sóc cơ thể,466255413326418_0_0,210000,1,Tuanviet,vietqnmd,,112434462,,Chiến dịch mở rộng,167033,0,Đơn hàng gián tiếp,6681.32,6681.32,4%,0,0%,0,0,0,,Facebook,7216,Đã khấu trừ,Khấu trừ theo đơn hàng,2026-06-28 17:00:42
260623SM0YE42B,Hoàn thành,Hợp lệ,2026-06-23 09:21:41,2026-06-24 17:48:45,2026-06-24 17:48:45,25644330193,[QUÀ TẶNG KHÔNG BÁN] Bông Tạo Bọt Kì Cọ Tẩy Da Chết Màu Ngẫu Nhiên,346005340612,Nhà cửa & Đời sống,Đồ dùng phòng tắm,Bông tắm,466255413326418_0_0,0,1,Nati,hoailamnguyenthi2411,,122682417,,Chiến dịch mở rộng,0,0,Đơn hàng trực tiếp,0,0,8%,0,0%,33624.9,33624.9,0,,Shopeevideo-Shopee,0,,,
260623SM0YE42B,Hoàn thành,Hợp lệ,2026-06-23 09:21:41,2026-06-24 17:48:45,2026-06-24 17:48:45,26279864751,"Hũ Kem Dưỡng Ẩm 24h Thiên Nhiên Le Petit Marseillais Phục Hồi Bơ Hạt Mỡ, Lô Hội & Sáp Ong 300ml 2684",445970318260,Sắc Đẹp,Tắm & chăm sóc cơ thể,Kem & sữa dưỡng thể,466255413326418_0_0,580000,1,Nati,hoailamnguyenthi2411,,111609221,,Chiến dịch mở rộng,373610,0,Đơn hàng trực tiếp,33624.9,33624.9,9%,0,0%,0,0,0,,Shopeevideo-Shopee,36315,Đã khấu trừ,Khấu trừ theo đơn hàng,2026-06-24 17:49:12
260623SK1P2EDA,Hoàn thành,Hợp lệ,2026-06-23 09:04:11,2026-06-28 15:48:53,2026-06-28 15:48:53,25644330193,[QUÀ TẶNG KHÔNG BÁN] Bông Tạo Bọt Kì Cọ Tẩy Da Chết Màu Ngẫu Nhiên,346005340612,Nhà cửa & Đời sống,Đồ dùng phòng tắm,Bông tắm,466255413326418_0_0,0,1,2010.da.l,ztg4wt0r4o,,122682417,,Chiến dịch mở rộng,0,0,Đơn hàng trực tiếp,0,0,8%,0,0%,21518.32,21518.32,0,,Shopeelive-Shopee,0,,,
260623SK1P2EDA,Hoàn thành,Hợp lệ,2026-06-23 09:04:11,2026-06-28 15:48:53,2026-06-28 15:48:53,26529881441,Dầu Gội Phục Hồi Tóc 98% Thiên Nhiên Le Petit Marseillais Chiết Xuất Táo & Oliu Hữu Cơ 300ml 1372,345972015989,Sắc Đẹp,Chăm sóc tóc,Dầu gội,466255413326418_0_0,420000,1,2010.da.l,ztg4wt0r4o,,111632298,,Chiến dịch mở rộng,268979,0,Đơn hàng trực tiếp,21518.32,21518.32,8%,0,0%,0,0,0,,Shopeelive-Shopee,23240,Đã khấu trừ,Khấu trừ theo đơn hàng,2026-06-29 06:07:00
260623SHK6AXK1,Hoàn thành,Hợp lệ,2026-06-23 08:38:11,2026-06-27 10:03:39,2026-06-27 10:03:39,24142870859,Sữa Tắm Thơm Lâu Le Petit Marseillais Gel 92% Thiên Nhiên Da Nhạy Cảm Nhiều Mùi Hương 650ml,350973489406,Sắc Đẹp,Tắm & chăm sóc cơ thể,Xà phòng & sữa tắm,466255413326418_0_0,395000,1,Chang Hi,huongmattuakhoisuongplus,,112430963,,Chiến dịch mở rộng,313600,0,Đơn hàng trực tiếp,28224,28224,9%,0,0%,141120,141120,0,,Shopeelive-Shopee,30482,Đã khấu trừ,Khấu trừ theo đơn hàng,2026-06-27 10:04:06
260623SHK6AXK1,Hoàn thành,Hợp lệ,2026-06-23 08:38:11,2026-06-27 10:03:39,2026-06-27 10:03:39,24142870859,Sữa Tắm Thơm Lâu Le Petit Marseillais Gel 92% Thiên Nhiên Da Nhạy Cảm Nhiều Mùi Hương 650ml,350973489409,Sắc Đẹp,Tắm & chăm sóc cơ thể,Xà phòng & sữa tắm,466255413326418_0_0,395000,1,Chang Hi,huongmattuakhoisuongplus,,112430963,,Chiến dịch mở rộng,313600,0,Đơn hàng trực tiếp,28224,28224,9%,0,0%,0,0,0,,Shopeelive-Shopee,30482,Đã khấu trừ,Khấu trừ theo đơn hàng,2026-06-27 10:04:06
260623SHK6AXK1,Hoàn thành,Hợp lệ,2026-06-23 08:38:11,2026-06-27 10:03:39,2026-06-27 10:03:39,24142870859,Sữa Tắm Thơm Lâu Le Petit Marseillais Gel 92% Thiên Nhiên Da Nhạy Cảm Nhiều Mùi Hương 650ml,350973489413,Sắc Đẹp,Tắm & chăm sóc cơ thể,Xà phòng & sữa tắm,466255413326418_0_0,395000,1,Chang Hi,huongmattuakhoisuongplus,,112430963,,Chiến dịch mở rộng,313600,0,Đơn hàng trực tiếp,28224,28224,9%,0,0%,0,0,0,,Shopeelive-Shopee,30482,Đã khấu trừ,Khấu trừ theo đơn hàng,2026-06-27 10:04:06
260623SHK6AXK1,Hoàn thành,Hợp lệ,2026-06-23 08:38:11,2026-06-27 10:03:39,2026-06-27 10:03:39,25644330193,[QUÀ TẶNG KHÔNG BÁN] Bông Tạo Bọt Kì Cọ Tẩy Da Chết Màu Ngẫu Nhiên,346005340612,Nhà cửa & Đời sống,Đồ dùng phòng tắm,Bông tắm,466255413326418_0_0,0,1,Chang Hi,huongmattuakhoisuongplus,,122682417,,Chiến dịch mở rộng,0,0,Đơn hàng trực tiếp,0,0,8%,0,0%,0,0,0,,Shopeelive-Shopee,0,,,
260623SHK6AXK1,Hoàn thành,Hợp lệ,2026-06-23 08:38:11,2026-06-27 10:03:39,2026-06-27 10:03:39,24142870859,Sữa Tắm Thơm Lâu Le Petit Marseillais Gel 92% Thiên Nhiên Da Nhạy Cảm Nhiều Mùi Hương 650ml,350973489402,Sắc Đẹp,Tắm & chăm sóc cơ thể,Xà phòng & sữa tắm,466255413326418_0_0,395000,1,Chang Hi,huongmattuakhoisuongplus,,112430963,,Chiến dịch mở rộng,313600,0,Đơn hàng trực tiếp,28224,28224,9%,0,0%,0,0,0,,Shopeelive-Shopee,30482,Đã khấu trừ,Khấu trừ theo đơn hàng,2026-06-27 10:04:06
260623SHK6AXK1,Hoàn thành,Hợp lệ,2026-06-23 08:38:11,2026-06-27 10:03:39,2026-06-27 10:03:39,24142870859,Sữa Tắm Thơm Lâu Le Petit Marseillais Gel 92% Thiên Nhiên Da Nhạy Cảm Nhiều Mùi Hương 650ml,350973489405,Sắc Đẹp,Tắm & chăm sóc cơ thể,Xà phòng & sữa tắm,466255413326418_0_0,395000,1,Chang Hi,huongmattuakhoisuongplus,,112430963,,Chiến dịch mở rộng,313600,0,Đơn hàng trực tiếp,28224,28224,9%,0,0%,0,0,0,,Shopeelive-Shopee,30482,Đã khấu trừ,Khấu trừ theo đơn hàng,2026-06-27 10:04:06
260623SG0D92R0,Hoàn thành,Hợp lệ,2026-06-23 08:09:48,2026-06-29 10:00:08,2026-06-29 10:00:08,25644330193,[QUÀ TẶNG KHÔNG BÁN] Bông Tạo Bọt Kì Cọ Tẩy Da Chết Màu Ngẫu Nhiên,346005340612,Nhà cửa & Đời sống,Đồ dùng phòng tắm,Bông tắm,466255413326418_0_0,0,1,duckaka86,duckaka8601,"Accesstrade,Interspace",122682417,,Chiến dịch mở rộng,0,0,Đơn hàng gián tiếp,0,0,4%,0,0%,7695.495,7695.495,0,,Facebook,0,,,
260623SG0D92R0,Hoàn thành,Hợp lệ,2026-06-23 08:09:48,2026-06-29 10:00:08,2026-06-29 10:00:08,29480146096,Sữa Tắm Thiên Nhiên 92% Le Petit Marseillais Nhiều Mùi Hương 250ml,315970228701,Sắc Đẹp,Tắm & chăm sóc cơ thể,Xà phòng & sữa tắm,466255413326418_0_0,205000,1,duckaka86,duckaka8601,"Accesstrade,Interspace",112409565,,Chiến dịch mở rộng,171011,0,Đơn hàng gián tiếp,7695.495,7695.495,"4,5%",0,0%,0,0,0,,Facebook,8311,Đã khấu trừ,Khấu trừ theo đơn hàng,2026-06-29 10:00:36
260623SFF0B9AX,Hủy bỏ,Hợp lệ,2026-06-23 08:00:04,,,25644330193,[QUÀ TẶNG KHÔNG BÁN] Bông Tạo Bọt Kì Cọ Tẩy Da Chết Màu Ngẫu Nhiên,346005340612,Nhà cửa & Đời sống,Đồ dùng phòng tắm,Bông tắm,466255413326418_0_0,0,0,Khánh Phạm (Thánh Bào),thanhbao.kp,PiGGi MCN,122682417,,Chiến dịch mở rộng,0,0,Đơn hàng trực tiếp,0,0,8%,0,0%,0,0,0,Đơn hàng không hợp lệ,Facebook,0,,,
260623SFF0B9AX,Hủy bỏ,Hợp lệ,2026-06-23 08:00:04,,,25692866155,Sữa Tắm Nam 4 in 1 92% Thiên Nhiên Le Petit Marseillais Nhiều Mùi Hương 250ml,345969754134,Sắc Đẹp,Chăm sóc nam giới,Sữa tắm & chăm sóc cơ thể,466255413326418_0_0,205000,0,Khánh Phạm (Thánh Bào),thanhbao.kp,PiGGi MCN,112434462,,Chiến dịch mở rộng,0,155103,Đơn hàng trực tiếp,0,0,8%,0,0%,0,0,0,Đơn hàng không hợp lệ,Facebook,0,,,
260623SCCFFJP7,Hoàn thành,Hợp lệ,2026-06-23 07:04:58,2026-06-28 17:40:51,2026-06-28 17:40:51,24142870859,Sữa Tắm Thơm Lâu Le Petit Marseillais Gel 92% Thiên Nhiên Da Nhạy Cảm Nhiều Mùi Hương 650ml,350973489411,Sắc Đẹp,Tắm & chăm sóc cơ thể,Xà phòng & sữa tắm,466255413326418_0_0,395000,1,ia_vn,ia_vn,,112430963,,Chiến dịch mở rộng,263706,0,Đơn hàng gián tiếp,11866.77,11866.77,"4,5%",0,0%,11866.77,11866.77,0,,Websites,12816,Đã khấu trừ,Khấu trừ theo đơn hàng,2026-06-28 17:41:18
260623SCCFFJP7,Hoàn thành,Hợp lệ,2026-06-23 07:04:58,2026-06-28 17:40:51,2026-06-28 17:40:51,25644330193,[QUÀ TẶNG KHÔNG BÁN] Bông Tạo Bọt Kì Cọ Tẩy Da Chết Màu Ngẫu Nhiên,346005340612,Nhà cửa & Đời sống,Đồ dùng phòng tắm,Bông tắm,466255413326418_0_0,0,1,ia_vn,ia_vn,,122682417,,Chiến dịch mở rộng,0,0,Đơn hàng gián tiếp,0,0,4%,0,0%,0,0,0,,Websites,0,,,
260623RR93K465,Hoàn thành,Hợp lệ,2026-06-23 01:05:09,2026-06-27 10:22:46,2026-06-27 10:22:46,24142870859,Sữa Tắm Thơm Lâu Le Petit Marseillais Gel 92% Thiên Nhiên Da Nhạy Cảm Nhiều Mùi Hương 650ml,350973489410,Sắc Đẹp,Tắm & chăm sóc cơ thể,Xà phòng & sữa tắm,466255413326418_0_0,400000,1,ShopBack Việt Nam,shopbackvn_,,112430963,,Chiến dịch mở rộng,308000,0,Đơn hàng trực tiếp,27720,27720,9%,0,0%,27720,27720,0,,Websites,29938,Đã khấu trừ,Khấu trừ theo đơn hàng,2026-06-27 10:23:13
260623RR93K465,Hoàn thành,Hợp lệ,2026-06-23 01:05:09,2026-06-27 10:22:46,2026-06-27 10:22:46,25644330193,[QUÀ TẶNG KHÔNG BÁN] Bông Tạo Bọt Kì Cọ Tẩy Da Chết Màu Ngẫu Nhiên,346005340612,Nhà cửa & Đời sống,Đồ dùng phòng tắm,Bông tắm,466255413326418_0_0,0,1,ShopBack Việt Nam,shopbackvn_,,122682417,,Chiến dịch mở rộng,0,0,Đơn hàng trực tiếp,0,0,8%,0,0%,0,0,0,,Websites,0,,,
260623RQRWPGSE,Hoàn thành,Hợp lệ,2026-06-23 00:56:06,2026-06-24 20:55:12,2026-06-24 20:55:12,24142870859,Sữa Tắm Thơm Lâu Le Petit Marseillais Gel 92% Thiên Nhiên Da Nhạy Cảm Nhiều Mùi Hương 650ml,350973489413,Sắc Đẹp,Tắm & chăm sóc cơ thể,Xà phòng & sữa tắm,466255413326418_0_0,400000,1,Linh lì lợm,linhlilom_93,,112430963,,Chiến dịch mở rộng,308000,0,Đơn hàng gián tiếp,13860,13860,"4,5%",0,0%,13860,13860,0,,Facebook,14969,Đã khấu trừ,Khấu trừ theo đơn hàng,2026-06-24 20:55:39
260623RQRWPGSE,Hoàn thành,Hợp lệ,2026-06-23 00:56:06,2026-06-24 20:55:12,2026-06-24 20:55:12,25644330193,[QUÀ TẶNG KHÔNG BÁN] Bông Tạo Bọt Kì Cọ Tẩy Da Chết Màu Ngẫu Nhiên,346005340612,Nhà cửa & Đời sống,Đồ dùng phòng tắm,Bông tắm,466255413326418_0_0,0,1,Linh lì lợm,linhlilom_93,,122682417,,Chiến dịch mở rộng,0,0,Đơn hàng gián tiếp,0,0,4%,0,0%,0,0,0,,Facebook,0,,,
260623RJP6KRM7,Hoàn thành,Hợp lệ,2026-06-22 23:25:06,2026-06-27 11:48:52,2026-06-27 11:48:52,25644330193,[QUÀ TẶNG KHÔNG BÁN] Bông Tạo Bọt Kì Cọ Tẩy Da Chết Màu Ngẫu Nhiên,346005340612,Nhà cửa & Đời sống,Đồ dùng phòng tắm,Bông tắm,466255413326418_0_0,0,1,Săn Seo Cùng Mẹ Bỉm,thuyeupanda,,122682417,,Chiến dịch mở rộng,0,0,Đơn hàng trực tiếp,0,0,8%,0,0%,11756.88,11756.88,0,,Shopeevideo-Shopee,0,,,
260623RJP6KRM7,Hoàn thành,Hợp lệ,2026-06-22 23:25:06,2026-06-27 11:48:52,2026-06-27 11:48:52,29480146096,Sữa Tắm Thiên Nhiên 92% Le Petit Marseillais Nhiều Mùi Hương 250ml,315970228700,Sắc Đẹp,Tắm & chăm sóc cơ thể,Xà phòng & sữa tắm,466255413326418_0_0,210000,1,Săn Seo Cùng Mẹ Bỉm,thuyeupanda,,112409565,,Chiến dịch mở rộng,130632,0,Đơn hàng trực tiếp,11756.88,11756.88,9%,0,0%,0,0,0,,Shopeevideo-Shopee,12697,Đã khấu trừ,Khấu trừ theo đơn hàng,2026-06-27 11:49:20
260623RHDGU8FD,Hoàn thành,Hợp lệ,2026-06-22 23:02:22,2026-06-27 12:34:08,2026-06-27 12:34:08,25644330193,[QUÀ TẶNG KHÔNG BÁN] Bông Tạo Bọt Kì Cọ Tẩy Da Chết Màu Ngẫu Nhiên,346005340612,Nhà cửa & Đời sống,Đồ dùng phòng tắm,Bông tắm,466255413326418_0_0,0,1,ShopBack Việt Nam,shopbackvn_,,122682417,,Chiến dịch mở rộng,0,0,Đơn hàng trực tiếp,0,0,8%,0,0%,12833.55,12833.55,0,,Websites,0,,,
260623RHDGU8FD,Hoàn thành,Hợp lệ,2026-06-22 23:02:22,2026-06-27 12:34:08,2026-06-27 12:34:08,29480146096,Sữa Tắm Thiên Nhiên 92% Le Petit Marseillais Nhiều Mùi Hương 250ml,315970228697,Sắc Đẹp,Tắm & chăm sóc cơ thể,Xà phòng & sữa tắm,466255413326418_0_0,210000,1,ShopBack Việt Nam,shopbackvn_,,112409565,,Chiến dịch mở rộng,142595,0,Đơn hàng trực tiếp,12833.55,12833.55,9%,0,0%,0,0,0,,Websites,13860,Đã khấu trừ,Khấu trừ theo đơn hàng,2026-06-27 12:34:36
260622RGQ5M9YX,Hoàn thành,Hợp lệ,2026-06-22 22:49:52,2026-06-27 10:25:06,2026-06-27 10:25:06,25644330193,[QUÀ TẶNG KHÔNG BÁN] Bông Tạo Bọt Kì Cọ Tẩy Da Chết Màu Ngẫu Nhiên,346005340612,Nhà cửa & Đời sống,Đồ dùng phòng tắm,Bông tắm,466255413326418_0_0,0,1,YouTube Shopping,youtube_shopping_vn,,122682417,,Chiến dịch mở rộng,0,0,Đơn hàng gián tiếp,0,0,4%,0,0%,6524.92,6524.92,0,,Websites,0,,,
260622RGQ5M9YX,Hoàn thành,Hợp lệ,2026-06-22 22:49:52,2026-06-27 10:25:06,2026-06-27 10:25:06,25692866155,Sữa Tắm Nam 4 in 1 92% Thiên Nhiên Le Petit Marseillais Nhiều Mùi Hương 250ml,345969754133,Sắc Đẹp,Chăm sóc nam giới,Sữa tắm & chăm sóc cơ thể,466255413326418_0_0,210000,1,YouTube Shopping,youtube_shopping_vn,,112434462,,Chiến dịch mở rộng,163123,0,Đơn hàng gián tiếp,6524.92,6524.92,4%,0,0%,0,0,0,,Websites,7047,Đã khấu trừ,Khấu trừ theo đơn hàng,2026-06-27 10:25:33
260622RFMR5EG7,Hoàn thành,Hợp lệ,2026-06-22 22:30:37,2026-06-25 10:59:59,2026-06-25 10:59:59,25644330193,[QUÀ TẶNG KHÔNG BÁN] Bông Tạo Bọt Kì Cọ Tẩy Da Chết Màu Ngẫu Nhiên,346005340612,Nhà cửa & Đời sống,Đồ dùng phòng tắm,Bông tắm,466255413326418_0_0,0,1,Lanh Chanh Review,ngvinh445,,122682417,,Chiến dịch mở rộng,0,0,Đơn hàng gián tiếp,0,0,4%,0,0%,7333.2,7333.2,0,,Websites,0,,,
260622RFMR5EG7,Hoàn thành,Hợp lệ,2026-06-22 22:30:37,2026-06-25 10:59:59,2026-06-25 10:59:59,29480146096,Sữa Tắm Thiên Nhiên 92% Le Petit Marseillais Nhiều Mùi Hương 250ml,310970228927,Sắc Đẹp,Tắm & chăm sóc cơ thể,Xà phòng & sữa tắm,466255413326418_0_0,210000,1,Lanh Chanh Review,ngvinh445,,112409565,,Chiến dịch mở rộng,162960,0,Đơn hàng gián tiếp,7333.2,7333.2,"4,5%",0,0%,0,0,0,,Websites,7920,Đã khấu trừ,Khấu trừ theo đơn hàng,2026-06-25 14:58:17
260622REQPAWE7,Hoàn thành,Hợp lệ,2026-06-22 22:14:22,2026-06-24 21:38:53,2026-06-24 21:38:53,29480146096,Sữa Tắm Thiên Nhiên 92% Le Petit Marseillais Nhiều Mùi Hương 250ml,315970228701,Sắc Đẹp,Tắm & chăm sóc cơ thể,Xà phòng & sữa tắm,466255413326418_0_0,210000,1,aura.room,_ng.tuongvan_,,112409565,,Chiến dịch mở rộng,130432,0,Đơn hàng trực tiếp,11738.88,11738.88,9%,0,0%,11738.88,11738.88,0,,Shopeevideo-Shopee,12678,Đã khấu trừ,Khấu trừ theo đơn hàng,2026-06-24 21:39:19
260622REQPAWE7,Hoàn thành,Hợp lệ,2026-06-22 22:14:22,2026-06-24 21:38:53,2026-06-24 21:38:53,25644330193,[QUÀ TẶNG KHÔNG BÁN] Bông Tạo Bọt Kì Cọ Tẩy Da Chết Màu Ngẫu Nhiên,346005340612,Nhà cửa & Đời sống,Đồ dùng phòng tắm,Bông tắm,466255413326418_0_0,0,1,aura.room,_ng.tuongvan_,,122682417,,Chiến dịch mở rộng,0,0,Đơn hàng trực tiếp,0,0,8%,0,0%,0,0,0,,Shopeevideo-Shopee,0,,,
260622RCA1X2HM,Hoàn thành,Hợp lệ,2026-06-22 21:30:57,2026-06-28 10:20:58,2026-06-28 10:20:58,25644330193,[QUÀ TẶNG KHÔNG BÁN] Bông Tạo Bọt Kì Cọ Tẩy Da Chết Màu Ngẫu Nhiên,346005340612,Nhà cửa & Đời sống,Đồ dùng phòng tắm,Bông tắm,466255413326418_0_0,0,1,CreatorX Media Network,creatorxmedianetwork,,122682417,,Chiến dịch mở rộng,0,0,Đơn hàng gián tiếp,0,0,4%,0,0%,21479.5,21479.5,0,,Others,0,,,
260622RCA1X2HM,Hoàn thành,Hợp lệ,2026-06-22 21:30:57,2026-06-28 10:20:58,2026-06-28 10:20:58,27730151664,Sữa Tắm Dưỡng Ẩm 98% Thiên Nhiên Le Petit Marseillais Hữu Cơ Nhiều Mùi Hương Thơm 400ml,365969915564,Sắc Đẹp,Tắm & chăm sóc cơ thể,Xà phòng & sữa tắm,466255413326418_0_0,340000,1,CreatorX Media Network,creatorxmedianetwork,,112426971,,Chiến dịch mở rộng,252700,0,Đơn hàng gián tiếp,11371.5,11371.5,"4,5%",0,0%,0,0,0,,Others,12281,Đã khấu trừ,Khấu trừ theo đơn hàng,2026-06-28 10:21:25
260622RCA1X2HM,Hoàn thành,Hợp lệ,2026-06-22 21:30:57,2026-06-28 10:20:58,2026-06-28 10:20:58,29379281512,Sữa Tắm 98% Thiên Nhiên Le Petit Marseillais Thơm Siêu Dịu Nhẹ Hoa Bông 400ml 3386,400969874959,Sắc Đẹp,Tắm & chăm sóc cơ thể,Xà phòng & sữa tắm,466255413326418_0_0,340000,1,CreatorX Media Network,creatorxmedianetwork,,110251245,,Chiến dịch mở rộng,252700,0,Đơn hàng gián tiếp,10108,10108,4%,0,0%,0,0,0,,Others,10917,Đã khấu trừ,Khấu trừ theo đơn hàng,2026-06-28 10:21:25
260622RB85NUBU,Hoàn thành,Hợp lệ,2026-06-22 21:12:00,2026-06-27 12:18:45,2026-06-27 12:18:45,25644330193,[QUÀ TẶNG KHÔNG BÁN] Bông Tạo Bọt Kì Cọ Tẩy Da Chết Màu Ngẫu Nhiên,346005340612,Nhà cửa & Đời sống,Đồ dùng phòng tắm,Bông tắm,466255413326418_0_0,0,1,Bùi Mạnh Tiến,gumans.store,,122682417,,Chiến dịch mở rộng,0,0,Đơn hàng gián tiếp,0,0,4%,0,0%,13932,13932,0,,Facebook,0,,,
260622RB85NUBU,Hoàn thành,Hợp lệ,2026-06-22 21:12:00,2026-06-27 12:18:45,2026-06-27 12:18:45,28479424619,Sữa Tắm Nam 4 in 1 92% Thiên Nhiên Le Petit Marseillais Chiết Xuất Gừng & Gỗ Bách Hương 250ml 4371,307645406542,Sắc Đẹp,Chăm sóc nam giới,Sữa tắm & chăm sóc cơ thể,466255413326418_0_0,210000,1,Bùi Mạnh Tiến,gumans.store,,110682470,,Chiến dịch mở rộng,174150,0,Đơn hàng gián tiếp,6966,6966,4%,0,0%,0,0,0,,Facebook,7523,Đã khấu trừ,Khấu trừ theo đơn hàng,2026-06-27 12:19:12
260622RB85NUBU,Hoàn thành,Hợp lệ,2026-06-22 21:12:00,2026-06-27 12:18:45,2026-06-27 12:18:45,28928583525,Sữa Tắm 92% Thiên Nhiên Le Petit Marseillais Dịu Nhẹ Dừa Hữu Cơ 250ml 4494,405969738151,Sắc Đẹp,Tắm & chăm sóc cơ thể,Xà phòng & sữa tắm,466255413326418_0_0,210000,1,Bùi Mạnh Tiến,gumans.store,,109863145,,Chiến dịch mở rộng,174150,0,Đơn hàng gián tiếp,6966,6966,4%,0,0%,0,0,0,,Facebook,7523,Đã khấu trừ,Khấu trừ theo đơn hàng,2026-06-27 12:19:12
260622RB09WEU4,Hủy bỏ,Hợp lệ,2026-06-22 21:07:35,,,25644330193,[QUÀ TẶNG KHÔNG BÁN] Bông Tạo Bọt Kì Cọ Tẩy Da Chết Màu Ngẫu Nhiên,346005340612,Nhà cửa & Đời sống,Đồ dùng phòng tắm,Bông tắm,466255413326418_0_0,0,0,hienhanh936,hienhanh936,,122682417,,Chiến dịch mở rộng,0,0,Đơn hàng trực tiếp,0,0,8%,0,0%,0,0,0,Đơn hàng không hợp lệ,Shopeevideo-Shopee,0,,,
260622RB09WEU4,Hủy bỏ,Hợp lệ,2026-06-22 21:07:35,,,28980146591,Gel Tắm Hữu Cơ BIO 98% Thiên Nhiên Le Petit Marseillais Nhiều Mùi Hương 250ml,315970996474,Sắc Đẹp,Tắm & chăm sóc cơ thể,Xà phòng & sữa tắm,466255413326418_0_0,270000,0,hienhanh936,hienhanh936,,112420787,,Chiến dịch mở rộng,0,212895,Đơn hàng trực tiếp,0,0,9%,0,0%,0,0,0,Đơn hàng không hợp lệ,Shopeevideo-Shopee,0,,,
260622RAV2F5RR,Hoàn thành,Hợp lệ,2026-06-22 21:05:13,2026-06-27 12:31:28,2026-06-27 12:31:28,24142870859,Sữa Tắm Thơm Lâu Le Petit Marseillais Gel 92% Thiên Nhiên Da Nhạy Cảm Nhiều Mùi Hương 650ml,350973489404,Sắc Đẹp,Tắm & chăm sóc cơ thể,Xà phòng & sữa tắm,466255413326418_0_0,400000,1,ACCESSTRADEVN,accesstrade_banking,,112430963,,Chiến dịch mở rộng,249308,0,Đơn hàng trực tiếp,22437.72,22437.72,9%,0,0%,22437.72,22437.72,0,,Websites,24233,Đã khấu trừ,Khấu trừ theo đơn hàng,2026-06-27 12:31:55
260622RAV2F5RR,Hoàn thành,Hợp lệ,2026-06-22 21:05:13,2026-06-27 12:31:28,2026-06-27 12:31:28,25644330193,[QUÀ TẶNG KHÔNG BÁN] Bông Tạo Bọt Kì Cọ Tẩy Da Chết Màu Ngẫu Nhiên,346005340612,Nhà cửa & Đời sống,Đồ dùng phòng tắm,Bông tắm,466255413326418_0_0,0,1,ACCESSTRADEVN,accesstrade_banking,,122682417,,Chiến dịch mở rộng,0,0,Đơn hàng trực tiếp,0,0,8%,0,0%,0,0,0,,Websites,0,,,
260622RARHVM6B,Hoàn thành,Hợp lệ,2026-06-22 21:03:15,2026-06-27 11:48:45,2026-06-27 11:48:45,25644330193,[QUÀ TẶNG KHÔNG BÁN] Bông Tạo Bọt Kì Cọ Tẩy Da Chết Màu Ngẫu Nhiên,346005340612,Nhà cửa & Đời sống,Đồ dùng phòng tắm,Bông tắm,466255413326418_0_0,0,1,dunoshop,truongxavi99,,122682417,,Chiến dịch mở rộng,0,0,Đơn hàng trực tiếp,0,0,8%,0,0%,28413,28413,0,,Shopeevideo-Shopee,0,,,
260622RARHVM6B,Hoàn thành,Hợp lệ,2026-06-22 21:03:15,2026-06-27 11:48:45,2026-06-27 11:48:45,29728471220,Sữa Tắm 92% Thiên Nhiên Le Petit Marseillais Dịu Nhẹ Sữa Vani Hữu Cơ 650ml 0557,430969799743,Sắc Đẹp,Tắm & chăm sóc cơ thể,Xà phòng & sữa tắm,466255413326418_0_0,400000,1,dunoshop,truongxavi99,,109863144,,Chiến dịch mở rộng,315700,0,Đơn hàng trực tiếp,28413,28413,9%,0,0%,0,0,0,,Shopeevideo-Shopee,30686,Đã khấu trừ,Khấu trừ theo đơn hàng,2026-06-27 11:49:12
260622R8BGQ2SX,Hoàn thành,Hợp lệ,2026-06-22 20:20:11,2026-06-27 11:36:09,2026-06-27 11:36:09,25644330193,[QUÀ TẶNG KHÔNG BÁN] Bông Tạo Bọt Kì Cọ Tẩy Da Chết Màu Ngẫu Nhiên,346005340612,Nhà cửa & Đời sống,Đồ dùng phòng tắm,Bông tắm,466255413326418_0_0,0,1,Đặng Quang Đại,quangdai98bk,,122682417,,Chiến dịch mở rộng,0,0,Đơn hàng trực tiếp,0,0,8%,0,0%,13362.72,13362.72,0,,Facebook,0,,,
260622R8BGQ2SX,Hoàn thành,Hợp lệ,2026-06-22 20:20:11,2026-06-27 11:36:09,2026-06-27 11:36:09,25692866155,Sữa Tắm Nam 4 in 1 92% Thiên Nhiên Le Petit Marseillais Nhiều Mùi Hương 250ml,345969754133,Sắc Đẹp,Chăm sóc nam giới,Sữa tắm & chăm sóc cơ thể,466255413326418_0_0,205000,1,Đặng Quang Đại,quangdai98bk,,112434462,,Chiến dịch mở rộng,167034,0,Đơn hàng trực tiếp,13362.72,13362.72,8%,0,0%,0,0,0,,Facebook,14432,Đã khấu trừ,Khấu trừ theo đơn hàng,2026-06-27 11:36:36
260622R85PQ743,Hoàn thành,Hợp lệ,2026-06-22 20:16:56,2026-06-27 13:48:08,2026-06-27 13:48:08,24142870859,Sữa Tắm Thơm Lâu Le Petit Marseillais Gel 92% Thiên Nhiên Da Nhạy Cảm Nhiều Mùi Hương 650ml,350973489405,Sắc Đẹp,Tắm & chăm sóc cơ thể,Xà phòng & sữa tắm,466255413326418_0_0,395000,1,sunine,sunine30,,112430963,,Chiến dịch mở rộng,304000,0,Đơn hàng gián tiếp,13680,13680,"4,5%",0,0%,13680,13680,0,,Facebook,14774,Đã khấu trừ,Khấu trừ theo đơn hàng,2026-06-27 13:48:36
260622R85PQ743,Hoàn thành,Hợp lệ,2026-06-22 20:16:56,2026-06-27 13:48:08,2026-06-27 13:48:08,25644330193,[QUÀ TẶNG KHÔNG BÁN] Bông Tạo Bọt Kì Cọ Tẩy Da Chết Màu Ngẫu Nhiên,346005340612,Nhà cửa & Đời sống,Đồ dùng phòng tắm,Bông tắm,466255413326418_0_0,0,1,sunine,sunine30,,122682417,,Chiến dịch mở rộng,0,0,Đơn hàng gián tiếp,0,0,4%,0,0%,0,0,0,,Facebook,0,,,
260622R73RFGR7,Hoàn thành,Hợp lệ,2026-06-22 19:57:56,2026-06-27 11:48:42,2026-06-27 11:48:42,25644330193,[QUÀ TẶNG KHÔNG BÁN] Bông Tạo Bọt Kì Cọ Tẩy Da Chết Màu Ngẫu Nhiên,346005340612,Nhà cửa & Đời sống,Đồ dùng phòng tắm,Bông tắm,466255413326418_0_0,0,1,Tec-do,mobisummer,,122682417,,Chiến dịch mở rộng,0,0,Đơn hàng gián tiếp,0,0,4%,0,0%,6972,6972,0,,Others,0,,,
260622R73RFGR7,Hoàn thành,Hợp lệ,2026-06-22 19:57:56,2026-06-27 11:48:42,2026-06-27 11:48:42,28479424619,Sữa Tắm Nam 4 in 1 92% Thiên Nhiên Le Petit Marseillais Chiết Xuất Gừng & Gỗ Bách Hương 250ml 4371,307645406542,Sắc Đẹp,Chăm sóc nam giới,Sữa tắm & chăm sóc cơ thể,466255413326418_0_0,210000,1,Tec-do,mobisummer,,110682470,,Chiến dịch mở rộng,174300,0,Đơn hàng gián tiếp,6972,6972,4%,0,0%,0,0,0,,Others,7530,Đã khấu trừ,Khấu trừ theo đơn hàng,2026-06-27 11:49:10
260622R3DH7SAB,Hoàn thành,Hợp lệ,2026-06-22 18:51:49,2026-06-24 14:17:14,2026-06-24 14:17:14,24142870859,Sữa Tắm Thơm Lâu Le Petit Marseillais Gel 92% Thiên Nhiên Da Nhạy Cảm Nhiều Mùi Hương 650ml,350973489407,Sắc Đẹp,Tắm & chăm sóc cơ thể,Xà phòng & sữa tắm,466255413326418_0_0,400000,1,Let Nhân Check,letnhancheck,,112430963,,Chiến dịch mở rộng,255141,0,Đơn hàng gián tiếp,11481.345,11481.345,"4,5%",0,0%,11481.345,11481.345,0,,Instagram,12400,Đã khấu trừ,Khấu trừ theo đơn hàng,2026-06-24 14:17:41
260622R3DH7SAB,Hoàn thành,Hợp lệ,2026-06-22 18:51:49,2026-06-24 14:17:14,2026-06-24 14:17:14,25644330193,[QUÀ TẶNG KHÔNG BÁN] Bông Tạo Bọt Kì Cọ Tẩy Da Chết Màu Ngẫu Nhiên,346005340612,Nhà cửa & Đời sống,Đồ dùng phòng tắm,Bông tắm,466255413326418_0_0,0,1,Let Nhân Check,letnhancheck,,122682417,,Chiến dịch mở rộng,0,0,Đơn hàng gián tiếp,0,0,4%,0,0%,0,0,0,,Instagram,0,,,
260622R2E16JSR,Hoàn thành,Hợp lệ,2026-06-22 18:34:12,2026-06-24 19:49:32,2026-06-24 19:49:32,25644330193,[QUÀ TẶNG KHÔNG BÁN] Bông Tạo Bọt Kì Cọ Tẩy Da Chết Màu Ngẫu Nhiên,346005340612,Nhà cửa & Đời sống,Đồ dùng phòng tắm,Bông tắm,466255413326418_0_0,0,1,Thai Ha,thaiha1405,,122682417,,Chiến dịch mở rộng,0,0,Đơn hàng gián tiếp,0,0,4%,0,0%,8844,8844,0,,Facebook,0,,,
260622R2E16JSR,Hoàn thành,Hợp lệ,2026-06-22 18:34:12,2026-06-24 19:49:32,2026-06-24 19:49:32,29379281512,Sữa Tắm 98% Thiên Nhiên Le Petit Marseillais Thơm Siêu Dịu Nhẹ Hoa Bông 400ml 3386,400969874959,Sắc Đẹp,Tắm & chăm sóc cơ thể,Xà phòng & sữa tắm,466255413326418_0_0,340000,1,Thai Ha,thaiha1405,,110251245,,Chiến dịch mở rộng,221100,0,Đơn hàng gián tiếp,8844,8844,4%,0,0%,0,0,0,,Facebook,9552,Đã khấu trừ,Khấu trừ theo đơn hàng,2026-06-24 19:49:58
260622R1X063WU,Hoàn thành,Hợp lệ,2026-06-22 18:25:14,2026-06-27 13:28:11,2026-06-27 13:28:11,25644330193,[QUÀ TẶNG KHÔNG BÁN] Bông Tạo Bọt Kì Cọ Tẩy Da Chết Màu Ngẫu Nhiên,346005340612,Nhà cửa & Đời sống,Đồ dùng phòng tắm,Bông tắm,466255413326418_0_0,0,1,reviewtoptopxinh1,bingsu581,,122682417,,Chiến dịch mở rộng,0,0,Đơn hàng trực tiếp,0,0,8%,0,0%,14708.56,14708.56,0,,Shopeevideo-Shopee,0,,,
260622R1X063WU,Hoàn thành,Hợp lệ,2026-06-22 18:25:14,2026-06-27 13:28:11,2026-06-27 13:28:11,40302953131,Dầu Gội Nam Sạch Gàu 97% Thiên Nhiên Le Petit Marseillais Chiết Xuất Tinh Dầu Chanh Vàng 250ml 4035,310970659149,Sắc Đẹp,Chăm sóc nam giới,Chăm sóc tóc,466255413326418_0_0,270000,1,reviewtoptopxinh1,bingsu581,,134959857,,Chiến dịch mở rộng,183857,0,Đơn hàng trực tiếp,14708.56,14708.56,8%,0,0%,0,0,0,,Shopeevideo-Shopee,15885,Đã khấu trừ,Khấu trừ theo đơn hàng,2026-06-27 13:28:38
260622R1NM413A,Hoàn thành,Hợp lệ,2026-06-22 18:20:34,2026-06-27 10:24:53,2026-06-27 10:24:53,25692866155,Sữa Tắm Nam 4 in 1 92% Thiên Nhiên Le Petit Marseillais Nhiều Mùi Hương 250ml,345969754130,Sắc Đẹp,Chăm sóc nam giới,Sữa tắm & chăm sóc cơ thể,,210000,1,vãn Tình,vanttinh86,,112434462,,Chiến dịch mở rộng,167034,0,Đơn hàng gián tiếp,6681.36,6681.36,4%,0,0%,6681.36,6681.36,0,,Facebook,7216,Đã khấu trừ,Khấu trừ theo đơn hàng,2026-06-27 10:25:19
260622R1GJXHSD,Hoàn thành,Hợp lệ,2026-06-22 18:17:44,2026-06-25 07:31:44,2026-06-25 07:31:44,29480146096,Sữa Tắm Thiên Nhiên 92% Le Petit Marseillais Nhiều Mùi Hương 250ml,315970228701,Sắc Đẹp,Tắm & chăm sóc cơ thể,Xà phòng & sữa tắm,466255413326418_0_0,210000,1,Quỳnh Đặng,rainie_star1210,,112409565,,Chiến dịch mở rộng,169071,0,Đơn hàng gián tiếp,7608.195,7608.195,"4,5%",0,0%,7608.195,7608.195,0,,Others,8217,Đã khấu trừ,Khấu trừ theo đơn hàng,2026-06-25 14:17:45
260622R1GJXHSD,Hoàn thành,Hợp lệ,2026-06-22 18:17:44,2026-06-25 07:31:44,2026-06-25 07:31:44,25644330193,[QUÀ TẶNG KHÔNG BÁN] Bông Tạo Bọt Kì Cọ Tẩy Da Chết Màu Ngẫu Nhiên,346005340612,Nhà cửa & Đời sống,Đồ dùng phòng tắm,Bông tắm,466255413326418_0_0,0,1,Quỳnh Đặng,rainie_star1210,,122682417,,Chiến dịch mở rộng,0,0,Đơn hàng gián tiếp,0,0,4%,0,0%,0,0,0,,Others,0,,,
260622R0XPSA59,Hoàn thành,Hợp lệ,2026-06-22 18:07:45,2026-06-27 12:33:56,2026-06-27 12:33:56,24142870859,Sữa Tắm Thơm Lâu Le Petit Marseillais Gel 92% Thiên Nhiên Da Nhạy Cảm Nhiều Mùi Hương 650ml,350973489407,Sắc Đẹp,Tắm & chăm sóc cơ thể,Xà phòng & sữa tắm,466255413326418_0_0,400000,1,CreatorX Media Network,creatorxmedianetwork,,112430963,,Chiến dịch mở rộng,283359,0,Đơn hàng gián tiếp,12751.155,12751.155,"4,5%",0,0%,12751.155,12751.155,0,,Others,13771,Đã khấu trừ,Khấu trừ theo đơn hàng,2026-06-27 12:34:23
260622R0XPSA59,Hoàn thành,Hợp lệ,2026-06-22 18:07:45,2026-06-27 12:33:56,2026-06-27 12:33:56,25644330193,[QUÀ TẶNG KHÔNG BÁN] Bông Tạo Bọt Kì Cọ Tẩy Da Chết Màu Ngẫu Nhiên,346005340612,Nhà cửa & Đời sống,Đồ dùng phòng tắm,Bông tắm,466255413326418_0_0,0,1,CreatorX Media Network,creatorxmedianetwork,,122682417,,Chiến dịch mở rộng,0,0,Đơn hàng gián tiếp,0,0,4%,0,0%,0,0,0,,Others,0,,,
260622QYGV257H,Hoàn thành,Hợp lệ,2026-06-22 17:42:06,2026-06-27 18:13:06,2026-06-27 18:13:06,25644330193,[QUÀ TẶNG KHÔNG BÁN] Bông Tạo Bọt Kì Cọ Tẩy Da Chết Màu Ngẫu Nhiên,346005340612,Nhà cửa & Đời sống,Đồ dùng phòng tắm,Bông tắm,466255413326418_0_0,0,1,Hương Trần,thu.huong.195,,122682417,,Chiến dịch mở rộng,0,0,Đơn hàng trực tiếp,0,0,8%,0,0%,11115.28,11115.28,0,,Others,0,,,
260622QYGV257H,Hoàn thành,Hợp lệ,2026-06-22 17:42:06,2026-06-27 18:13:06,2026-06-27 18:13:06,25992270714,Sữa Tắm 92% Thiên Nhiên Le Petit Marseillais Dịu Nhẹ Sữa Vani Hữu Cơ 250ml 0526,282645378530,Sắc Đẹp,Tắm & chăm sóc cơ thể,Xà phòng & sữa tắm,466255413326418_0_0,210000,1,Hương Trần,thu.huong.195,,109863143,,Chiến dịch mở rộng,138941,0,Đơn hàng trực tiếp,11115.28,11115.28,8%,0,0%,0,0,0,,Others,12005,Đã khấu trừ,Khấu trừ theo đơn hàng,2026-06-27 18:13:33
260622QXD8BTN3,Hoàn thành,Hợp lệ,2026-06-22 17:22:11,2026-06-26 12:28:27,2026-06-26 12:28:27,25644330193,[QUÀ TẶNG KHÔNG BÁN] Bông Tạo Bọt Kì Cọ Tẩy Da Chết Màu Ngẫu Nhiên,346005340612,Nhà cửa & Đời sống,Đồ dùng phòng tắm,Bông tắm,466255413326418_0_0,0,1,Oanh,oanhdinh1973,,122682417,,Chiến dịch mở rộng,0,0,Đơn hàng gián tiếp,0,0,4%,0,0%,6518.4,6518.4,0,,Facebook,0,,,
260622QXD8BTN3,Hoàn thành,Hợp lệ,2026-06-22 17:22:11,2026-06-26 12:28:27,2026-06-26 12:28:27,25992270714,Sữa Tắm 92% Thiên Nhiên Le Petit Marseillais Dịu Nhẹ Sữa Vani Hữu Cơ 250ml 0526,282645378530,Sắc Đẹp,Tắm & chăm sóc cơ thể,Xà phòng & sữa tắm,466255413326418_0_0,210000,1,Oanh,oanhdinh1973,,109863143,,Chiến dịch mở rộng,162960,0,Đơn hàng gián tiếp,6518.4,6518.4,4%,0,0%,0,0,0,,Facebook,7040,Đã khấu trừ,Khấu trừ theo đơn hàng,2026-06-26 12:28:54
260622QX62H69J,Hoàn thành,Hợp lệ,2026-06-22 17:18:10,2026-06-25 08:02:27,2026-06-25 08:02:27,25644330193,[QUÀ TẶNG KHÔNG BÁN] Bông Tạo Bọt Kì Cọ Tẩy Da Chết Màu Ngẫu Nhiên,346005340612,Nhà cửa & Đời sống,Đồ dùng phòng tắm,Bông tắm,466255413326418_0_0,0,1,Basamsam2494,basamsam2494,,122682417,,Chiến dịch mở rộng,0,0,Đơn hàng gián tiếp,0,0,4%,0,0%,7974.855,7974.855,0,,Facebook,0,,,
260622QX62H69J,Hoàn thành,Hợp lệ,2026-06-22 17:18:10,2026-06-25 08:02:27,2026-06-25 08:02:27,29480146096,Sữa Tắm Thiên Nhiên 92% Le Petit Marseillais Nhiều Mùi Hương 250ml,315970228700,Sắc Đẹp,Tắm & chăm sóc cơ thể,Xà phòng & sữa tắm,466255413326418_0_0,210000,1,Basamsam2494,basamsam2494,,112409565,,Chiến dịch mở rộng,177219,0,Đơn hàng gián tiếp,7974.855,7974.855,"4,5%",0,0%,0,0,0,,Facebook,8613,Đã khấu trừ,Khấu trừ theo đơn hàng,2026-06-25 14:18:27
260622QT6Y4HVE,Hoàn thành,Hợp lệ,2026-06-22 16:07:05,2026-06-27 11:15:49,2026-06-27 11:15:49,24142870859,Sữa Tắm Thơm Lâu Le Petit Marseillais Gel 92% Thiên Nhiên Da Nhạy Cảm Nhiều Mùi Hương 650ml,350973489402,Sắc Đẹp,Tắm & chăm sóc cơ thể,Xà phòng & sữa tắm,,400000,1,Baby Thuý Hà,babyyy94,,112430963,,Chiến dịch mở rộng,243989,0,Đơn hàng gián tiếp,10979.505,10979.505,"4,5%",0,0%,25370.46,25370.46,0,,Facebook,11858,Đã khấu trừ,Khấu trừ theo đơn hàng,2026-06-27 11:16:18
260622QT6Y4HVE,Hoàn thành,Hợp lệ,2026-06-22 16:07:05,2026-06-27 11:15:49,2026-06-27 11:15:49,25692912400,Sữa Dưỡng Thể Body Lotion Thiên Nhiên Le Petit Marseillais Hữu Cơ Nhiều Mùi Hương 250ml,375972102741,Sắc Đẹp,Tắm & chăm sóc cơ thể,Kem & sữa dưỡng thể,,410000,1,Baby Thuý Hà,babyyy94,,112708614,,Chiến dịch mở rộng,319799,0,Đơn hàng gián tiếp,14390.955,14390.955,"4,5%",0,0%,0,0,0,,Facebook,15542,Đã khấu trừ,Khấu trừ theo đơn hàng,2026-06-27 11:16:18
260622QPK0DV71,Hoàn thành,Hợp lệ,2026-06-22 15:02:13,2026-06-23 15:29:41,2026-06-23 15:29:41,24142870859,Sữa Tắm Thơm Lâu Le Petit Marseillais Gel 92% Thiên Nhiên Da Nhạy Cảm Nhiều Mùi Hương 650ml,350973489402,Sắc Đẹp,Tắm & chăm sóc cơ thể,Xà phòng & sữa tắm,466255413326418_0_0,400000,1,Kim Nguyên ☾,nhungduong0303,,112430963,,Chiến dịch mở rộng,319550,0,Đơn hàng gián tiếp,14379.75,14379.75,"4,5%",0,0%,14379.75,14379.75,0,,Websites,15530,Đã khấu trừ,Khấu trừ theo đơn hàng,2026-06-23 15:30:09
260622QPK0DV71,Hoàn thành,Hợp lệ,2026-06-22 15:02:13,2026-06-23 15:29:41,2026-06-23 15:29:41,25644330193,[QUÀ TẶNG KHÔNG BÁN] Bông Tạo Bọt Kì Cọ Tẩy Da Chết Màu Ngẫu Nhiên,346005340612,Nhà cửa & Đời sống,Đồ dùng phòng tắm,Bông tắm,466255413326418_0_0,0,1,Kim Nguyên ☾,nhungduong0303,,122682417,,Chiến dịch mở rộng,0,0,Đơn hàng gián tiếp,0,0,4%,0,0%,0,0,0,,Websites,0,,,
260622QNW94BEC,Hoàn thành,Hợp lệ,2026-06-22 14:50:05,2026-06-26 10:41:08,2026-06-26 10:41:08,25644330193,[QUÀ TẶNG KHÔNG BÁN] Bông Tạo Bọt Kì Cọ Tẩy Da Chết Màu Ngẫu Nhiên,346005340612,Nhà cửa & Đời sống,Đồ dùng phòng tắm,Bông tắm,466255413326418_0_0,0,1,Loan Loan,themngueen,,122682417,,Chiến dịch mở rộng,0,0,Đơn hàng gián tiếp,0,0,4%,0,0%,13855.59,13855.59,0,,Websites,0,,,
260622QNW94BEC,Hoàn thành,Hợp lệ,2026-06-22 14:50:05,2026-06-26 10:41:08,2026-06-26 10:41:08,27530290500,Kem Dưỡng Body Lotion 24h Le Petit Marseillais Sữa Cấp Ẩm Hữu Cơ Thiên Nhiên Nhiều Mùi Hương 400ml,272645767605,Sắc Đẹp,Tắm & chăm sóc cơ thể,Kem & sữa dưỡng thể,466255413326418_0_0,490000,1,Loan Loan,themngueen,,112716201,,Chiến dịch mở rộng,307902,0,Đơn hàng gián tiếp,13855.59,13855.59,"4,5%",0,0%,0,0,0,,Websites,14964,Đã khấu trừ,Khấu trừ theo đơn hàng,2026-06-26 10:41:36
260622QKDH514S,Hoàn thành,Hợp lệ,2026-06-22 14:05:30,2026-06-24 10:36:25,2026-06-24 10:36:25,24142870859,Sữa Tắm Thơm Lâu Le Petit Marseillais Gel 92% Thiên Nhiên Da Nhạy Cảm Nhiều Mùi Hương 650ml,350973489402,Sắc Đẹp,Tắm & chăm sóc cơ thể,Xà phòng & sữa tắm,466255413326418_0_0,395000,1,Hiền,tttntt609,,112430963,,Chiến dịch mở rộng,315400,0,Đơn hàng gián tiếp,14193,14193,"4,5%",0,0%,14193,14193,0,,Websites,15328,Đã khấu trừ,Khấu trừ theo đơn hàng,2026-06-24 10:36:56
260622QKDH514S,Hoàn thành,Hợp lệ,2026-06-22 14:05:30,2026-06-24 10:36:25,2026-06-24 10:36:25,25644330193,[QUÀ TẶNG KHÔNG BÁN] Bông Tạo Bọt Kì Cọ Tẩy Da Chết Màu Ngẫu Nhiên,346005340612,Nhà cửa & Đời sống,Đồ dùng phòng tắm,Bông tắm,466255413326418_0_0,0,1,Hiền,tttntt609,,122682417,,Chiến dịch mở rộng,0,0,Đơn hàng gián tiếp,0,0,4%,0,0%,0,0,0,,Websites,0,,,
260622QJR3ESKT,Hoàn thành,Hợp lệ,2026-06-22 13:53:31,2026-06-26 16:44:33,2026-06-26 16:44:33,25644330193,[QUÀ TẶNG KHÔNG BÁN] Bông Tạo Bọt Kì Cọ Tẩy Da Chết Màu Ngẫu Nhiên,346005340612,Nhà cửa & Đời sống,Đồ dùng phòng tắm,Bông tắm,466255413326418_0_0,0,1,Siêu Thị Online Vương Cung,cungcung737,,122682417,,Chiến dịch mở rộng,0,0,Đơn hàng trực tiếp,0,0,8%,0,0%,16490,16490,0,,Shopeevideo-Shopee,0,,,
260622QJR3ESKT,Hoàn thành,Hợp lệ,2026-06-22 13:53:31,2026-06-26 16:44:33,2026-06-26 16:44:33,29880370481,Kem Dưỡng Tay 24h Thiên Nhiên Le Petit Marseillais Nhiều Mùi Hương 75ml,128470976818,Sắc Đẹp,"Chăm sóc tay, chân & móng",Chăm sóc tay,466255413326418_0_0,250000,1,Siêu Thị Online Vương Cung,cungcung737,,112922896,,Chiến dịch mở rộng,206125,0,Đơn hàng trực tiếp,16490,16490,8%,0,0%,0,0,0,,Shopeevideo-Shopee,17809,Đã khấu trừ,Khấu trừ theo đơn hàng,2026-06-26 16:44:59
260622QJCR4BNT,Hoàn thành,Hợp lệ,2026-06-22 13:47:09,2026-06-27 11:46:00,2026-06-27 11:46:00,25692866155,Sữa Tắm Nam 4 in 1 92% Thiên Nhiên Le Petit Marseillais Nhiều Mùi Hương 250ml,345969754133,Sắc Đẹp,Chăm sóc nam giới,Sữa tắm & chăm sóc cơ thể,466255413326418_0_0,205000,1,Đặng Quang Đại,quangdai98bk,,112434462,,Chiến dịch mở rộng,174988,0,Đơn hàng trực tiếp,13999.04,13999.04,8%,0,0%,13999.04,13999.04,0,,Facebook,15119,Đã khấu trừ,Khấu trừ theo đơn hàng,2026-06-27 11:46:27
260622QJCR4BNT,Hoàn thành,Hợp lệ,2026-06-22 13:47:09,2026-06-27 11:46:00,2026-06-27 11:46:00,25644330193,[QUÀ TẶNG KHÔNG BÁN] Bông Tạo Bọt Kì Cọ Tẩy Da Chết Màu Ngẫu Nhiên,346005340612,Nhà cửa & Đời sống,Đồ dùng phòng tắm,Bông tắm,466255413326418_0_0,0,1,Đặng Quang Đại,quangdai98bk,,122682417,,Chiến dịch mở rộng,0,0,Đơn hàng trực tiếp,0,0,8%,0,0%,0,0,0,,Facebook,0,,,
260622QH4BUTD9,Hoàn thành,Hợp lệ,2026-06-22 13:24:35,2026-06-26 10:04:01,2026-06-26 10:04:01,25644330193,[QUÀ TẶNG KHÔNG BÁN] Bông Tạo Bọt Kì Cọ Tẩy Da Chết Màu Ngẫu Nhiên,346005340612,Nhà cửa & Đời sống,Đồ dùng phòng tắm,Bông tắm,466255413326418_0_0,0,1,Minh Hương,lethiminhhuong,,122682417,,Chiến dịch mở rộng,0,0,Đơn hàng gián tiếp,0,0,4%,0,0%,13272,13272,0,,Instagram,0,,,
260622QH4BUTD9,Hoàn thành,Hợp lệ,2026-06-22 13:24:35,2026-06-26 10:04:01,2026-06-26 10:04:01,25692866155,Sữa Tắm Nam 4 in 1 92% Thiên Nhiên Le Petit Marseillais Nhiều Mùi Hương 250ml,345969754133,Sắc Đẹp,Chăm sóc nam giới,Sữa tắm & chăm sóc cơ thể,466255413326418_0_0,205000,1,Minh Hương,lethiminhhuong,,112434462,,Chiến dịch mở rộng,165900,0,Đơn hàng gián tiếp,6636,6636,4%,0,0%,0,0,0,,Instagram,7167,Đã khấu trừ,Khấu trừ theo đơn hàng,2026-06-26 10:04:30
260622QH4BUTD9,Hoàn thành,Hợp lệ,2026-06-22 13:24:35,2026-06-26 10:04:01,2026-06-26 10:04:01,25692866155,Sữa Tắm Nam 4 in 1 92% Thiên Nhiên Le Petit Marseillais Nhiều Mùi Hương 250ml,345969754134,Sắc Đẹp,Chăm sóc nam giới,Sữa tắm & chăm sóc cơ thể,466255413326418_0_0,205000,1,Minh Hương,lethiminhhuong,,112434462,,Chiến dịch mở rộng,165900,0,Đơn hàng gián tiếp,6636,6636,4%,0,0%,0,0,0,,Instagram,7167,Đã khấu trừ,Khấu trừ theo đơn hàng,2026-06-26 10:04:30
260622QFH3JBR3,Hoàn thành,Hợp lệ,2026-06-22 12:55:54,2026-06-27 17:38:09,2026-06-27 17:38:09,25644330193,[QUÀ TẶNG KHÔNG BÁN] Bông Tạo Bọt Kì Cọ Tẩy Da Chết Màu Ngẫu Nhiên,346005340612,Nhà cửa & Đời sống,Đồ dùng phòng tắm,Bông tắm,466255413326418_0_0,0,1,Công nương Hồng Nhung,j.rossi,,122682417,,Chiến dịch mở rộng,0,0,Đơn hàng gián tiếp,0,0,4%,0,0%,7591.2,7591.2,0,,Facebook,0,,,
260622QFH3JBR3,Hoàn thành,Hợp lệ,2026-06-22 12:55:54,2026-06-27 17:38:09,2026-06-27 17:38:09,25692866155,Sữa Tắm Nam 4 in 1 92% Thiên Nhiên Le Petit Marseillais Nhiều Mùi Hương 250ml,345969754134,Sắc Đẹp,Chăm sóc nam giới,Sữa tắm & chăm sóc cơ thể,466255413326418_0_0,205000,1,Công nương Hồng Nhung,j.rossi,,112434462,,Chiến dịch mở rộng,171010,0,Đơn hàng gián tiếp,6840.4,6840.4,4%,0,0%,0,0,0,,Facebook,7388,Đã khấu trừ,Khấu trừ theo đơn hàng,2026-06-27 17:38:37
260622QFH3JBR3,Hoàn thành,Hợp lệ,2026-06-22 12:55:54,2026-06-27 17:38:09,2026-06-27 17:38:09,49001159335,Túi quà tặng sữa tắm dầu gội,340453312474,Sắc Đẹp,Tắm & chăm sóc cơ thể,Xà phòng & sữa tắm,,36000,1,Công nương Hồng Nhung,j.rossi,,196260137,,Chiến dịch mở rộng,30032,0,Đơn hàng gián tiếp,750.8,750.8,"2,5%",0,0%,0,0,0,,Facebook,811,Đã khấu trừ,Khấu trừ theo đơn hàng,2026-06-27 17:38:37
260622QFFE3UUK,Hoàn thành,Hợp lệ,2026-06-22 12:54:58,2026-06-26 12:08:52,2026-06-26 12:08:52,25644330193,[QUÀ TẶNG KHÔNG BÁN] Bông Tạo Bọt Kì Cọ Tẩy Da Chết Màu Ngẫu Nhiên,346005340612,Nhà cửa & Đời sống,Đồ dùng phòng tắm,Bông tắm,466255413326418_0_0,0,1,Hạt Nhài Review,levanhabk303,,122682417,,Chiến dịch mở rộng,0,0,Đơn hàng trực tiếp,0,0,8%,0,0%,14700.96,14700.96,0,,Shopeevideo-Shopee,0,,,
260622QFFE3UUK,Hoàn thành,Hợp lệ,2026-06-22 12:54:58,2026-06-26 12:08:52,2026-06-26 12:08:52,29680365284,Dầu Gội Thiên Nhiên Le Petit Marseillais Hữu Cơ Nhiều Mùi Hương 250ml,370971985643,Sắc Đẹp,Chăm sóc tóc,Dầu gội,466255413326418_0_0,265000,1,Hạt Nhài Review,levanhabk303,,112920799,,Chiến dịch mở rộng,163344,0,Đơn hàng trực tiếp,14700.96,14700.96,9%,0,0%,0,0,0,,Shopeevideo-Shopee,15877,Đã khấu trừ,Khấu trừ theo đơn hàng,2026-06-26 12:09:20
260622QF9215HN,Hoàn thành,Hợp lệ,2026-06-22 12:51:24,2026-06-24 22:00:14,2026-06-24 22:00:14,25644330193,[QUÀ TẶNG KHÔNG BÁN] Bông Tạo Bọt Kì Cọ Tẩy Da Chết Màu Ngẫu Nhiên,346005340612,Nhà cửa & Đời sống,Đồ dùng phòng tắm,Bông tắm,466255413326418_0_0,0,1,CreatorX Media Network,creatorxmedianetwork,,122682417,,Chiến dịch mở rộng,0,0,Đơn hàng gián tiếp,0,0,4%,0,0%,15272,15272,0,,Others,0,,,
260622QF9215HN,Hoàn thành,Hợp lệ,2026-06-22 12:51:24,2026-06-24 22:00:14,2026-06-24 22:00:14,25692866155,Sữa Tắm Nam 4 in 1 92% Thiên Nhiên Le Petit Marseillais Nhiều Mùi Hương 250ml,345969754134,Sắc Đẹp,Chăm sóc nam giới,Sữa tắm & chăm sóc cơ thể,466255413326418_0_0,205000,1,CreatorX Media Network,creatorxmedianetwork,,112434462,,Chiến dịch mở rộng,164778,0,Đơn hàng gián tiếp,6591.12,6591.12,4%,0,0%,0,0,0,,Others,7118,Đã khấu trừ,Khấu trừ theo đơn hàng,2026-06-24 22:00:41
260622QF9215HN,Hoàn thành,Hợp lệ,2026-06-22 12:51:24,2026-06-24 22:00:14,2026-06-24 22:00:14,40972201620,Dầu Gội Thiên Nhiên 97% Le Petit Marseillais Bảo Vệ Màu Tóc Nhuộm Với Chiết Xuất Lựu Hữu Cơ 250ml 7450,390970070960,Sắc Đẹp,Chăm sóc tóc,Dầu gội,466255413326418_0_0,270000,1,CreatorX Media Network,creatorxmedianetwork,,176524226,,Chiến dịch mở rộng,217022,0,Đơn hàng gián tiếp,8680.88,8680.88,4%,0,0%,0,0,0,,Others,9375,Đã khấu trừ,Khấu trừ theo đơn hàng,2026-06-24 22:00:41
260622QEP3GKJG,Hoàn thành,Hợp lệ,2026-06-22 12:40:48,2026-06-26 12:21:37,2026-06-26 12:21:37,25644330193,[QUÀ TẶNG KHÔNG BÁN] Bông Tạo Bọt Kì Cọ Tẩy Da Chết Màu Ngẫu Nhiên,346005340612,Nhà cửa & Đời sống,Đồ dùng phòng tắm,Bông tắm,466255413326418_0_0,0,1,Thanh Thảo,thanhthaoicloud,Upbase,122682417,,Chiến dịch mở rộng,0,0,Đơn hàng trực tiếp,0,0,8%,0,0%,11003.6,11003.6,0,,Shopeevideo-Shopee,0,,,
260622QEP3GKJG,Hoàn thành,Hợp lệ,2026-06-22 12:40:48,2026-06-26 12:21:37,2026-06-26 12:21:37,24491859399,Gel Tắm 92% Thiên Nhiên Le Petit Marseillais Dịu Nhẹ Muối Biển 250ml 4463,365969693697,Sắc Đẹp,Tắm & chăm sóc cơ thể,Xà phòng & sữa tắm,466255413326418_0_0,210000,1,Thanh Thảo,thanhthaoicloud,Upbase,109863150,,Chiến dịch mở rộng,137545,0,Đơn hàng trực tiếp,11003.6,11003.6,8%,0,0%,0,0,0,,Shopeevideo-Shopee,11884,Đã khấu trừ,Khấu trừ theo đơn hàng,2026-06-26 12:22:04
260622QEKP70UP,Hoàn thành,Hợp lệ,2026-06-22 12:39:28,2026-06-24 14:09:47,2026-06-24 14:09:47,25644330193,[QUÀ TẶNG KHÔNG BÁN] Bông Tạo Bọt Kì Cọ Tẩy Da Chết Màu Ngẫu Nhiên,346005340612,Nhà cửa & Đời sống,Đồ dùng phòng tắm,Bông tắm,466255413326418_0_0,0,1,Anh Hùng Thống Trị,luuvanthong,,122682417,,Chiến dịch mở rộng,0,0,Đơn hàng gián tiếp,0,0,4%,0,0%,5187.64,5187.64,0,,Facebook,0,,,
260622QEKP70UP,Hoàn thành,Hợp lệ,2026-06-22 12:39:28,2026-06-24 14:09:47,2026-06-24 14:09:47,25692866155,Sữa Tắm Nam 4 in 1 92% Thiên Nhiên Le Petit Marseillais Nhiều Mùi Hương 250ml,345969754134,Sắc Đẹp,Chăm sóc nam giới,Sữa tắm & chăm sóc cơ thể,466255413326418_0_0,205000,1,Anh Hùng Thống Trị,luuvanthong,,112434462,,Chiến dịch mở rộng,129691,0,Đơn hàng gián tiếp,5187.64,5187.64,4%,0,0%,0,0,0,,Facebook,5603,Đã khấu trừ,Khấu trừ theo đơn hàng,2026-06-24 14:10:13
260622QDFVUNB4,Hoàn thành,Hợp lệ,2026-06-22 12:19:27,2026-06-26 16:00:46,2026-06-26 16:00:46,25644330193,[QUÀ TẶNG KHÔNG BÁN] Bông Tạo Bọt Kì Cọ Tẩy Da Chết Màu Ngẫu Nhiên,346005340612,Nhà cửa & Đời sống,Đồ dùng phòng tắm,Bông tắm,466255413326418_0_0,0,1,ACCESSTRADEVN,accesstrade_banking,,122682417,,Chiến dịch mở rộng,0,0,Đơn hàng trực tiếp,0,0,8%,0,0%,10375.28,10375.28,0,,Websites,0,,,
260622QDFVUNB4,Hoàn thành,Hợp lệ,2026-06-22 12:19:27,2026-06-26 16:00:46,2026-06-26 16:00:46,25692866155,Sữa Tắm Nam 4 in 1 92% Thiên Nhiên Le Petit Marseillais Nhiều Mùi Hương 250ml,345969754133,Sắc Đẹp,Chăm sóc nam giới,Sữa tắm & chăm sóc cơ thể,466255413326418_0_0,205000,1,ACCESSTRADEVN,accesstrade_banking,,112434462,,Chiến dịch mở rộng,129691,0,Đơn hàng trực tiếp,10375.28,10375.28,8%,0,0%,0,0,0,,Websites,11205,Đã khấu trừ,Khấu trừ theo đơn hàng,2026-06-26 16:01:12
260622QD3D9PHJ,Hoàn thành,Hợp lệ,2026-06-22 12:12:27,2026-06-27 14:05:21,2026-06-27 14:05:21,24142870859,Sữa Tắm Thơm Lâu Le Petit Marseillais Gel 92% Thiên Nhiên Da Nhạy Cảm Nhiều Mùi Hương 650ml,350973489410,Sắc Đẹp,Tắm & chăm sóc cơ thể,Xà phòng & sữa tắm,466255413326418_0_0,395000,1,Hiền,tttntt609,,112430963,,Chiến dịch mở rộng,315999,0,Đơn hàng gián tiếp,14219.955,14219.955,"4,5%",0,0%,25794,25794,0,,Facebook,15358,Đã khấu trừ,Khấu trừ theo đơn hàng,2026-06-27 14:05:49
260622QD3D9PHJ,Hoàn thành,Hợp lệ,2026-06-22 12:12:27,2026-06-27 14:05:21,2026-06-27 14:05:21,25644330193,[QUÀ TẶNG KHÔNG BÁN] Bông Tạo Bọt Kì Cọ Tẩy Da Chết Màu Ngẫu Nhiên,346005340612,Nhà cửa & Đời sống,Đồ dùng phòng tắm,Bông tắm,466255413326418_0_0,0,1,Hiền,tttntt609,,122682417,,Chiến dịch mở rộng,0,0,Đơn hàng gián tiếp,0,0,4%,0,0%,0,0,0,,Facebook,0,,,
260622QD3D9PHJ,Hoàn thành,Hợp lệ,2026-06-22 12:12:27,2026-06-27 14:05:21,2026-06-27 14:05:21,28830365069,Dầu Gội Thiên Nhiên Le Petit Marseillais Hữu Cơ Nhiều Mùi Hương 300ml,435970130566,Sắc Đẹp,Chăm sóc tóc,Dầu gội,466255413326418_0_0,420000,1,Hiền,tttntt609,,112918398,,Chiến dịch mở rộng,257201,0,Đơn hàng gián tiếp,11574.045,11574.045,"4,5%",0,0%,0,0,0,,Facebook,12500,Đã khấu trừ,Khấu trừ theo đơn hàng,2026-06-27 14:05:49
260622Q9ETHRB3,Hoàn thành,Hợp lệ,2026-06-22 11:07:15,2026-06-26 10:28:40,2026-06-26 10:28:40,24692295309,Gel Tắm 92% Thiên Nhiên Le Petit Marseillais Dịu Nhẹ Thông Hữu Cơ Và Bạch Đàn Biển Hữu Cơ 650ml 1902,282645470490,Sắc Đẹp,Tắm & chăm sóc cơ thể,Xà phòng & sữa tắm,466255413326418_0_0,400000,1,titihaoa,titihaoa,,109863140,,Chiến dịch mở rộng,308000,0,Đơn hàng trực tiếp,27720,27720,9%,0,0%,27720,27720,0,,Websites,29938,Đã khấu trừ,Khấu trừ theo đơn hàng,2026-06-26 10:29:07
260622Q9ETHRB3,Hoàn thành,Hợp lệ,2026-06-22 11:07:15,2026-06-26 10:28:40,2026-06-26 10:28:40,25644330193,[QUÀ TẶNG KHÔNG BÁN] Bông Tạo Bọt Kì Cọ Tẩy Da Chết Màu Ngẫu Nhiên,346005340612,Nhà cửa & Đời sống,Đồ dùng phòng tắm,Bông tắm,466255413326418_0_0,0,1,titihaoa,titihaoa,,122682417,,Chiến dịch mở rộng,0,0,Đơn hàng trực tiếp,0,0,8%,0,0%,0,0,0,,Websites,0,,,
260622Q2R654VF,Hoàn thành,Hợp lệ,2026-06-22 09:07:13,2026-06-24 12:10:45,2026-06-24 12:10:45,44004810239,Combo Dầu Gội Xả Thiên Nhiên Chăm Sóc Tóc Le Petit Marseillais Mềm Mượt,380972210352,Sắc Đẹp,Chăm sóc tóc,Dầu gội,,520000,1,Vu Hoang De,vuhoangde.1999,"Accesstrade,Interspace",140733646,,Chiến dịch mở rộng,328250,0,Đơn hàng trực tiếp,29542.5,29542.5,9%,0,0%,29542.5,29542.5,0,,Shopeevideo-Shopee,31906,Đã khấu trừ,Khấu trừ theo đơn hàng,2026-06-24 12:11:12
260622PYE9R1AU,Hoàn thành,Hợp lệ,2026-06-22 08:08:01,2026-06-24 17:24:58,2026-06-24 17:24:58,24142870859,Sữa Tắm Thơm Lâu Le Petit Marseillais Gel 92% Thiên Nhiên Da Nhạy Cảm Nhiều Mùi Hương 650ml,350973489412,Sắc Đẹp,Tắm & chăm sóc cơ thể,Xà phòng & sữa tắm,466255413326418_0_0,400000,1,Hương Hương nè ᥫ᭡,huonghuongne185,,112430963,,Chiến dịch mở rộng,312000,0,Đơn hàng trực tiếp,28080,28080,9%,0,0%,28080,28080,0,,Shopeevideo-Shopee,30326,Đã khấu trừ,Khấu trừ theo đơn hàng,2026-06-24 17:25:25
260622PYE9R1AU,Hoàn thành,Hợp lệ,2026-06-22 08:08:01,2026-06-24 17:24:58,2026-06-24 17:24:58,25644330193,[QUÀ TẶNG KHÔNG BÁN] Bông Tạo Bọt Kì Cọ Tẩy Da Chết Màu Ngẫu Nhiên,346005340612,Nhà cửa & Đời sống,Đồ dùng phòng tắm,Bông tắm,466255413326418_0_0,0,1,Hương Hương nè ᥫ᭡,huonghuongne185,,122682417,,Chiến dịch mở rộng,0,0,Đơn hàng trực tiếp,0,0,8%,0,0%,0,0,0,,Shopeevideo-Shopee,0,,,
260622PVMSVJH8,Hoàn thành,Hợp lệ,2026-06-22 07:17:57,2026-06-24 19:48:31,2026-06-24 19:48:31,25644330193,[QUÀ TẶNG KHÔNG BÁN] Bông Tạo Bọt Kì Cọ Tẩy Da Chết Màu Ngẫu Nhiên,346005340612,Nhà cửa & Đời sống,Đồ dùng phòng tắm,Bông tắm,466255413326418_0_0,0,1,Ngọc Yếnn,ngocyenxinchao,,122682417,,Chiến dịch mở rộng,0,0,Đơn hàng gián tiếp,0,0,4%,0,0%,12105.585,12105.585,0,,Websites,0,,,
260622PVMSVJH8,Hoàn thành,Hợp lệ,2026-06-22 07:17:57,2026-06-24 19:48:31,2026-06-24 19:48:31,24142870859,Sữa Tắm Thơm Lâu Le Petit Marseillais Gel 92% Thiên Nhiên Da Nhạy Cảm Nhiều Mùi Hương 650ml,350973489412,Sắc Đẹp,Tắm & chăm sóc cơ thể,Xà phòng & sữa tắm,466255413326418_0_0,400000,1,Ngọc Yếnn,ngocyenxinchao,,112430963,,Chiến dịch mở rộng,269013,0,Đơn hàng gián tiếp,12105.585,12105.585,"4,5%",0,0%,0,0,0,,Websites,13074,Đã khấu trừ,Khấu trừ theo đơn hàng,2026-06-24 19:48:58
260622PC03WM1N,Hoàn thành,Hợp lệ,2026-06-22 02:20:04,2026-06-23 15:23:20,2026-06-23 15:23:20,24142870859,Sữa Tắm Thơm Lâu Le Petit Marseillais Gel 92% Thiên Nhiên Da Nhạy Cảm Nhiều Mùi Hương 650ml,350973489410,Sắc Đẹp,Tắm & chăm sóc cơ thể,Xà phòng & sữa tắm,466255413326418_0_0,400000,1,CreatorX Media Network,creatorxmedianetwork,,112430963,,Chiến dịch mở rộng,325000,0,Đơn hàng gián tiếp,14625,14625,"4,5%",0,0%,14625,14625,0,,Others,15795,Đã khấu trừ,Khấu trừ theo đơn hàng,2026-06-23 15:23:46
260622PC03WM1N,Hoàn thành,Hợp lệ,2026-06-22 02:20:04,2026-06-23 15:23:20,2026-06-23 15:23:20,25644330193,[QUÀ TẶNG KHÔNG BÁN] Bông Tạo Bọt Kì Cọ Tẩy Da Chết Màu Ngẫu Nhiên,346005340612,Nhà cửa & Đời sống,Đồ dùng phòng tắm,Bông tắm,466255413326418_0_0,0,1,CreatorX Media Network,creatorxmedianetwork,,122682417,,Chiến dịch mở rộng,0,0,Đơn hàng gián tiếp,0,0,4%,0,0%,0,0,0,,Others,0,,,
260622PAQ8E6FH,Hủy bỏ,Hợp lệ,2026-06-22 01:57:13,,,24142870859,Sữa Tắm Thơm Lâu Le Petit Marseillais Gel 92% Thiên Nhiên Da Nhạy Cảm Nhiều Mùi Hương 650ml,350973489404,Sắc Đẹp,Tắm & chăm sóc cơ thể,Xà phòng & sữa tắm,466255413326418_0_0,395000,0,ACCESSTRADEVN,accesstrade_banking,,112430963,,Chiến dịch mở rộng,0,281000,Đơn hàng trực tiếp,0,0,9%,0,0%,0,0,0,Đơn hàng không hợp lệ,Websites,0,,,
260622PAQ8E6FH,Hủy bỏ,Hợp lệ,2026-06-22 01:57:13,,,25644330193,[QUÀ TẶNG KHÔNG BÁN] Bông Tạo Bọt Kì Cọ Tẩy Da Chết Màu Ngẫu Nhiên,346005340612,Nhà cửa & Đời sống,Đồ dùng phòng tắm,Bông tắm,466255413326418_0_0,0,0,ACCESSTRADEVN,accesstrade_banking,,122682417,,Chiến dịch mở rộng,0,0,Đơn hàng trực tiếp,0,0,8%,0,0%,0,0,0,Đơn hàng không hợp lệ,Websites,0,,,
260622P7D4DUFQ,Hoàn thành,Hợp lệ,2026-06-22 00:58:13,2026-06-24 14:21:06,2026-06-24 14:21:06,25644330193,[QUÀ TẶNG KHÔNG BÁN] Bông Tạo Bọt Kì Cọ Tẩy Da Chết Màu Ngẫu Nhiên,346005340612,Nhà cửa & Đời sống,Đồ dùng phòng tắm,Bông tắm,466255413326418_0_0,0,1,Dea,deayang623,,122682417,,Chiến dịch mở rộng,0,0,Đơn hàng gián tiếp,0,0,4%,0,0%,5881.815,5881.815,0,,Websites,0,,,
260622P7D4DUFQ,Hoàn thành,Hợp lệ,2026-06-22 00:58:13,2026-06-24 14:21:06,2026-06-24 14:21:06,29480146096,Sữa Tắm Thiên Nhiên 92% Le Petit Marseillais Nhiều Mùi Hương 250ml,315970228696,Sắc Đẹp,Tắm & chăm sóc cơ thể,Xà phòng & sữa tắm,466255413326418_0_0,210000,1,Dea,deayang623,,112409565,,Chiến dịch mở rộng,130707,0,Đơn hàng gián tiếp,5881.815,5881.815,"4,5%",0,0%,0,0,0,,Websites,6352,Đã khấu trừ,Khấu trừ theo đơn hàng,2026-06-24 14:21:34
260622P4YQQ9PQ,Hoàn thành,Hợp lệ,2026-06-22 00:14:41,2026-06-26 14:46:38,2026-06-26 14:46:38,25644330193,[QUÀ TẶNG KHÔNG BÁN] Bông Tạo Bọt Kì Cọ Tẩy Da Chết Màu Ngẫu Nhiên,346005340612,Nhà cửa & Đời sống,Đồ dùng phòng tắm,Bông tắm,466255413326418_0_0,0,1,Thợ Săn Sài Gòn,tssg_2020,,122682417,,Chiến dịch mở rộng,0,0,Đơn hàng trực tiếp,0,0,8%,0,0%,11216,11216,0,,Websites,0,,,
260622P4YQQ9PQ,Hoàn thành,Hợp lệ,2026-06-22 00:14:41,2026-06-26 14:46:38,2026-06-26 14:46:38,40822182534,Hộp 2 Bánh Xà Phòng Tắm Thiên Nhiên 98% Le Petit Marseillais Dịu Nhẹ Bơ Hạt Mỡ 2x100G 1108,315970834884,Sắc Đẹp,Tắm & chăm sóc cơ thể,Xà phòng & sữa tắm,466255413326418_0_0,200000,1,Thợ Săn Sài Gòn,tssg_2020,,176473637,,Chiến dịch mở rộng,140200,0,Đơn hàng trực tiếp,11216,11216,8%,0,0%,0,0,0,,Websites,12113,Đã khấu trừ,Khấu trừ theo đơn hàng,2026-06-26 14:47:05
260622P3TP86Q1,Hoàn thành,Hợp lệ,2026-06-21 23:53:52,2026-06-26 10:43:13,2026-06-26 10:43:13,24142870859,Sữa Tắm Thơm Lâu Le Petit Marseillais Gel 92% Thiên Nhiên Da Nhạy Cảm Nhiều Mùi Hương 650ml,350973489412,Sắc Đẹp,Tắm & chăm sóc cơ thể,Xà phòng & sữa tắm,466255413326418_0_0,395000,1,Review Cùng Mẹ Daisy,reviewcungliz,,112430963,,Chiến dịch mở rộng,304000,0,Đơn hàng gián tiếp,13680,13680,"4,5%",0,0%,13680,13680,0,,Facebook,14774,Đã khấu trừ,Khấu trừ theo đơn hàng,2026-06-26 10:43:40
260622P3TP86Q1,Hoàn thành,Hợp lệ,2026-06-21 23:53:52,2026-06-26 10:43:13,2026-06-26 10:43:13,25644330193,[QUÀ TẶNG KHÔNG BÁN] Bông Tạo Bọt Kì Cọ Tẩy Da Chết Màu Ngẫu Nhiên,346005340612,Nhà cửa & Đời sống,Đồ dùng phòng tắm,Bông tắm,466255413326418_0_0,0,1,Review Cùng Mẹ Daisy,reviewcungliz,,122682417,,Chiến dịch mở rộng,0,0,Đơn hàng gián tiếp,0,0,4%,0,0%,0,0,0,,Facebook,0,,,
260622P3BB5TV2,Hoàn thành,Hợp lệ,2026-06-21 23:45:38,2026-06-24 09:12:33,2026-06-24 09:12:33,24142870859,Sữa Tắm Thơm Lâu Le Petit Marseillais Gel 92% Thiên Nhiên Da Nhạy Cảm Nhiều Mùi Hương 650ml,350973489412,Sắc Đẹp,Tắm & chăm sóc cơ thể,Xà phòng & sữa tắm,466255413326418_0_0,395000,1,Hương Hương nè ᥫ᭡,huonghuongne185,,112430963,,Chiến dịch mở rộng,304000,0,Đơn hàng trực tiếp,27360,27360,9%,0,0%,27360,27360,0,,Shopeevideo-Shopee,29549,Đã khấu trừ,Khấu trừ theo đơn hàng,2026-06-24 09:12:59
260622P3BB5TV2,Hoàn thành,Hợp lệ,2026-06-21 23:45:38,2026-06-24 09:12:33,2026-06-24 09:12:33,25644330193,[QUÀ TẶNG KHÔNG BÁN] Bông Tạo Bọt Kì Cọ Tẩy Da Chết Màu Ngẫu Nhiên,346005340612,Nhà cửa & Đời sống,Đồ dùng phòng tắm,Bông tắm,466255413326418_0_0,0,1,Hương Hương nè ᥫ᭡,huonghuongne185,,122682417,,Chiến dịch mở rộng,0,0,Đơn hàng trực tiếp,0,0,8%,0,0%,0,0,0,,Shopeevideo-Shopee,0,,,
260622P25GY3NF,Hoàn thành,Hợp lệ,2026-06-21 23:24:29,2026-06-23 21:01:18,2026-06-23 21:01:18,25644330193,[QUÀ TẶNG KHÔNG BÁN] Bông Tạo Bọt Kì Cọ Tẩy Da Chết Màu Ngẫu Nhiên,346005340612,Nhà cửa & Đời sống,Đồ dùng phòng tắm,Bông tắm,466255413326418_0_0,0,1,Hương hương review,ok6tfg3ykw,Webhome Media,122682417,,Chiến dịch mở rộng,0,0,Đơn hàng trực tiếp,0,0,8%,0,0%,28728,28728,0,,Shopeelive-Shopee,0,,,
260622P25GY3NF,Hoàn thành,Hợp lệ,2026-06-21 23:24:29,2026-06-23 21:01:18,2026-06-23 21:01:18,24142870859,Sữa Tắm Thơm Lâu Le Petit Marseillais Gel 92% Thiên Nhiên Da Nhạy Cảm Nhiều Mùi Hương 650ml,350973489412,Sắc Đẹp,Tắm & chăm sóc cơ thể,Xà phòng & sữa tắm,466255413326418_0_0,395000,1,Hương hương review,ok6tfg3ykw,Webhome Media,112430963,,Chiến dịch mở rộng,319200,0,Đơn hàng trực tiếp,28728,28728,9%,0,0%,0,0,0,,Shopeelive-Shopee,31026,Đã khấu trừ,Khấu trừ theo đơn hàng,2026-06-23 21:01:45
260622P1EHN4Q5,Hoàn thành,Hợp lệ,2026-06-21 23:11:17,2026-06-25 11:05:00,2026-06-25 11:05:00,29480146096,Sữa Tắm Thiên Nhiên 92% Le Petit Marseillais Nhiều Mùi Hương 250ml,315970228697,Sắc Đẹp,Tắm & chăm sóc cơ thể,Xà phòng & sữa tắm,466255413326418_0_0,210000,1,user9481813048203,zo027474nyd,,112409565,,Chiến dịch mở rộng,171300,0,Đơn hàng gián tiếp,7708.5,7708.5,"4,5%",0,0%,26796.06,26796.06,0,,Websites,8325,Đã khấu trừ,Khấu trừ theo đơn hàng,2026-06-25 14:59:14
260622P1EHN4Q5,Hoàn thành,Hợp lệ,2026-06-21 23:11:17,2026-06-25 11:05:00,2026-06-25 11:05:00,29680365284,Dầu Gội Thiên Nhiên Le Petit Marseillais Hữu Cơ Nhiều Mùi Hương 250ml,370971985647,Sắc Đẹp,Chăm sóc tóc,Dầu gội,466255413326418_0_0,270000,1,user9481813048203,zo027474nyd,,112920799,,Chiến dịch mở rộng,220241,0,Đơn hàng gián tiếp,9910.845,9910.845,"4,5%",0,0%,0,0,0,,Websites,10704,Đã khấu trừ,Khấu trừ theo đơn hàng,2026-06-25 14:59:14
260622P1EHN4Q5,Hoàn thành,Hợp lệ,2026-06-21 23:11:17,2026-06-25 11:05:00,2026-06-25 11:05:00,25644330193,[QUÀ TẶNG KHÔNG BÁN] Bông Tạo Bọt Kì Cọ Tẩy Da Chết Màu Ngẫu Nhiên,346005340612,Nhà cửa & Đời sống,Đồ dùng phòng tắm,Bông tắm,466255413326418_0_0,0,1,user9481813048203,zo027474nyd,,122682417,,Chiến dịch mở rộng,0,0,Đơn hàng gián tiếp,0,0,4%,0,0%,0,0,0,,Websites,0,,,
260622P1EHN4Q5,Hoàn thành,Hợp lệ,2026-06-21 23:11:17,2026-06-25 11:05:00,2026-06-25 11:05:00,26879882339,Dầu Xả Dưỡng Ẩm 95% Thiên Nhiên Le Petit Marseillais Chiết Xuất Dừa Hữu Cơ 200ml 4752,445972126965,Sắc Đẹp,Chăm sóc tóc,Dầu xả,466255413326418_0_0,250000,1,user9481813048203,zo027474nyd,,111647232,,Chiến dịch mở rộng,203927,0,Đơn hàng gián tiếp,9176.715,9176.715,"4,5%",0,0%,0,0,0,,Websites,9911,Đã khấu trừ,Khấu trừ theo đơn hàng,2026-06-25 14:59:14
260622P1D6RGEK,Hoàn thành,Hợp lệ,2026-06-21 23:10:33,2026-06-23 12:25:01,2026-06-23 12:25:01,40150321685,Dầu Gội Trẻ Em 2in1 94% Thiên Nhiên Le Petit Marseillais Giúp Gỡ Rối Tóc Chiết Xuất Quả Mâm Xôi & Bông 300ml 0442,310970725469,Mẹ & Bé,Đồ dùng phòng tắm & Chăm sóc cơ thể bé,Sản phẩm tắm & gội cho bé,466255413326418_0_0,330000,1,YouTube Shopping,youtube_shopping_vn,,128185567,,Chiến dịch mở rộng,257301,0,Đơn hàng gián tiếp,10292.04,10292.04,4%,0,0%,48784.455,48784.455,0,,YouTube,11115,Đã khấu trừ,Khấu trừ theo đơn hàng,2026-06-23 12:25:28
260622P1D6RGEK,Hoàn thành,Hợp lệ,2026-06-21 23:10:33,2026-06-23 12:25:01,2026-06-23 12:25:01,24142870859,Sữa Tắm Thơm Lâu Le Petit Marseillais Gel 92% Thiên Nhiên Da Nhạy Cảm Nhiều Mùi Hương 650ml,350973489405,Sắc Đẹp,Tắm & chăm sóc cơ thể,Xà phòng & sữa tắm,466255413326418_0_0,395000,1,YouTube Shopping,youtube_shopping_vn,,112430963,,Chiến dịch mở rộng,285129,0,Đơn hàng gián tiếp,12830.805,12830.805,"4,5%",0,0%,0,0,0,,YouTube,13857,Đã khấu trừ,Khấu trừ theo đơn hàng,2026-06-23 12:25:28
260622P1D6RGEK,Hoàn thành,Hợp lệ,2026-06-21 23:10:33,2026-06-23 12:25:01,2026-06-23 12:25:01,24142870859,Sữa Tắm Thơm Lâu Le Petit Marseillais Gel 92% Thiên Nhiên Da Nhạy Cảm Nhiều Mùi Hương 650ml,350973489406,Sắc Đẹp,Tắm & chăm sóc cơ thể,Xà phòng & sữa tắm,466255413326418_0_0,395000,1,YouTube Shopping,youtube_shopping_vn,,112430963,,Chiến dịch mở rộng,285129,0,Đơn hàng gián tiếp,12830.805,12830.805,"4,5%",0,0%,0,0,0,,YouTube,13857,Đã khấu trừ,Khấu trừ theo đơn hàng,2026-06-23 12:25:28
260622P1D6RGEK,Hoàn thành,Hợp lệ,2026-06-21 23:10:33,2026-06-23 12:25:01,2026-06-23 12:25:01,24142870859,Sữa Tắm Thơm Lâu Le Petit Marseillais Gel 92% Thiên Nhiên Da Nhạy Cảm Nhiều Mùi Hương 650ml,350973489412,Sắc Đẹp,Tắm & chăm sóc cơ thể,Xà phòng & sữa tắm,466255413326418_0_0,395000,1,YouTube Shopping,youtube_shopping_vn,,112430963,,Chiến dịch mở rộng,285129,0,Đơn hàng gián tiếp,12830.805,12830.805,"4,5%",0,0%,0,0,0,,YouTube,13857,Đã khấu trừ,Khấu trừ theo đơn hàng,2026-06-23 12:25:28
260622P1D6RGEK,Hoàn thành,Hợp lệ,2026-06-21 23:10:33,2026-06-23 12:25:01,2026-06-23 12:25:01,25644330193,[QUÀ TẶNG KHÔNG BÁN] Bông Tạo Bọt Kì Cọ Tẩy Da Chết Màu Ngẫu Nhiên,346005340612,Nhà cửa & Đời sống,Đồ dùng phòng tắm,Bông tắm,466255413326418_0_0,0,1,YouTube Shopping,youtube_shopping_vn,,122682417,,Chiến dịch mở rộng,0,0,Đơn hàng gián tiếp,0,0,4%,0,0%,0,0,0,,YouTube,0,,,
260622P108T8AT,Hoàn thành,Hợp lệ,2026-06-21 23:03:17,2026-06-26 10:35:47,2026-06-26 10:35:47,25644330193,[QUÀ TẶNG KHÔNG BÁN] Bông Tạo Bọt Kì Cọ Tẩy Da Chết Màu Ngẫu Nhiên,346005340612,Nhà cửa & Đời sống,Đồ dùng phòng tắm,Bông tắm,466255413326418_0_0,0,1,ShopBack Việt Nam,shopbackvn_,,122682417,,Chiến dịch mở rộng,0,0,Đơn hàng trực tiếp,0,0,8%,0,0%,23824.17,23824.17,0,,ShopbackApp,0,,,
260622P108T8AT,Hoàn thành,Hợp lệ,2026-06-21 23:03:17,2026-06-26 10:35:47,2026-06-26 10:35:47,24142870859,Sữa Tắm Thơm Lâu Le Petit Marseillais Gel 92% Thiên Nhiên Da Nhạy Cảm Nhiều Mùi Hương 650ml,350973489411,Sắc Đẹp,Tắm & chăm sóc cơ thể,Xà phòng & sữa tắm,466255413326418_0_0,395000,1,ShopBack Việt Nam,shopbackvn_,,112430963,,Chiến dịch mở rộng,264713,0,Đơn hàng trực tiếp,23824.17,23824.17,9%,0,0%,0,0,0,,ShopbackApp,25730,Đã khấu trừ,Khấu trừ theo đơn hàng,2026-06-26 10:36:14
260621P0HPFP29,Hoàn thành,Hợp lệ,2026-06-21 22:55:08,2026-06-23 12:35:13,2026-06-23 12:35:13,25644330193,[QUÀ TẶNG KHÔNG BÁN] Bông Tạo Bọt Kì Cọ Tẩy Da Chết Màu Ngẫu Nhiên,346005340612,Nhà cửa & Đời sống,Đồ dùng phòng tắm,Bông tắm,466255413326418_0_0,0,1,Lê Thu Trang,thutrang06082000,,122682417,,Chiến dịch mở rộng,0,0,Đơn hàng gián tiếp,0,0,4%,0,0%,8002.8,8002.8,0,,Facebook,0,,,
260621P0HPFP29,Hoàn thành,Hợp lệ,2026-06-21 22:55:08,2026-06-23 12:35:13,2026-06-23 12:35:13,40802962664,Dầu Gội Ngăn Ngừa Gàu 98% Thiên Nhiên Le Petit Marseillais Chiết Xuất Trà Xanh Hữu Cơ 250ml 7467,410970075919,Sắc Đẹp,Chăm sóc tóc,Dầu gội,466255413326418_0_0,270000,1,Lê Thu Trang,thutrang06082000,,134958917,,Chiến dịch mở rộng,200070,0,Đơn hàng gián tiếp,8002.8,8002.8,4%,0,0%,0,0,0,,Facebook,8643,Đã khấu trừ,Khấu trừ theo đơn hàng,2026-06-23 12:35:40
260621NYA15575,Hoàn thành,Hợp lệ,2026-06-21 22:32:57,2026-06-26 16:41:48,2026-06-26 16:41:48,25692866155,Sữa Tắm Nam 4 in 1 92% Thiên Nhiên Le Petit Marseillais Nhiều Mùi Hương 250ml,345969754130,Sắc Đẹp,Chăm sóc nam giới,Sữa tắm & chăm sóc cơ thể,466255413326418_0_0,210000,1,Góc Review,bocuasua,,112434462,,Chiến dịch mở rộng,149264,0,Đơn hàng gián tiếp,5970.56,5970.56,4%,0,0%,11941.12,11941.12,0,,Facebook,6448,Đã khấu trừ,Khấu trừ theo đơn hàng,2026-06-26 16:42:15
260621NYA15575,Hoàn thành,Hợp lệ,2026-06-21 22:32:57,2026-06-26 16:41:48,2026-06-26 16:41:48,25692866155,Sữa Tắm Nam 4 in 1 92% Thiên Nhiên Le Petit Marseillais Nhiều Mùi Hương 250ml,345969754134,Sắc Đẹp,Chăm sóc nam giới,Sữa tắm & chăm sóc cơ thể,466255413326418_0_0,210000,1,Góc Review,bocuasua,,112434462,,Chiến dịch mở rộng,149264,0,Đơn hàng gián tiếp,5970.56,5970.56,4%,0,0%,0,0,0,,Facebook,6448,Đã khấu trừ,Khấu trừ theo đơn hàng,2026-06-26 16:42:15
260621NYA15575,Hoàn thành,Hợp lệ,2026-06-21 22:32:57,2026-06-26 16:41:48,2026-06-26 16:41:48,25644330193,[QUÀ TẶNG KHÔNG BÁN] Bông Tạo Bọt Kì Cọ Tẩy Da Chết Màu Ngẫu Nhiên,346005340612,Nhà cửa & Đời sống,Đồ dùng phòng tắm,Bông tắm,466255413326418_0_0,0,1,Góc Review,bocuasua,,122682417,,Chiến dịch mở rộng,0,0,Đơn hàng gián tiếp,0,0,4%,0,0%,0,0,0,,Facebook,0,,,
260621NY2B25XC,Hoàn thành,Hợp lệ,2026-06-21 22:28:39,2026-06-23 13:44:27,2026-06-23 13:44:27,24142870859,Sữa Tắm Thơm Lâu Le Petit Marseillais Gel 92% Thiên Nhiên Da Nhạy Cảm Nhiều Mùi Hương 650ml,350973489412,Sắc Đẹp,Tắm & chăm sóc cơ thể,Xà phòng & sữa tắm,466255413326418_0_0,395000,1,Hương Hương nè ᥫ᭡,huonghuongne185,,112430963,,Chiến dịch mở rộng,319200,0,Đơn hàng trực tiếp,28728,28728,9%,0,0%,28728,28728,0,,Shopeevideo-Shopee,31026,Đã khấu trừ,Khấu trừ theo đơn hàng,2026-06-23 13:44:54
260621NY2B25XC,Hoàn thành,Hợp lệ,2026-06-21 22:28:39,2026-06-23 13:44:27,2026-06-23 13:44:27,25644330193,[QUÀ TẶNG KHÔNG BÁN] Bông Tạo Bọt Kì Cọ Tẩy Da Chết Màu Ngẫu Nhiên,346005340612,Nhà cửa & Đời sống,Đồ dùng phòng tắm,Bông tắm,466255413326418_0_0,0,1,Hương Hương nè ᥫ᭡,huonghuongne185,,122682417,,Chiến dịch mở rộng,0,0,Đơn hàng trực tiếp,0,0,8%,0,0%,0,0,0,,Shopeevideo-Shopee,0,,,
260621NXN1RMNA,Hủy bỏ,Hợp lệ,2026-06-21 22:21:14,,,24491859399,Gel Tắm 92% Thiên Nhiên Le Petit Marseillais Dịu Nhẹ Muối Biển 250ml 4463,365969693697,Sắc Đẹp,Tắm & chăm sóc cơ thể,Xà phòng & sữa tắm,466255413326418_0_0,210000,0,Thanh Thảo,thanhthaoicloud,Upbase,109863150,,Chiến dịch mở rộng,0,971100,Đơn hàng trực tiếp,0,0,8%,0,0%,0,0,0,Đơn hàng không hợp lệ,Shopeevideo-Shopee,0,,,
260621NXN1RMNA,Hủy bỏ,Hợp lệ,2026-06-21 22:21:14,,,25644330193,[QUÀ TẶNG KHÔNG BÁN] Bông Tạo Bọt Kì Cọ Tẩy Da Chết Màu Ngẫu Nhiên,346005340612,Nhà cửa & Đời sống,Đồ dùng phòng tắm,Bông tắm,466255413326418_0_0,0,0,Thanh Thảo,thanhthaoicloud,Upbase,122682417,,Chiến dịch mở rộng,0,0,Đơn hàng trực tiếp,0,0,8%,0,0%,0,0,0,Đơn hàng không hợp lệ,Shopeevideo-Shopee,0,,,
260621NXFRWRXF,Hoàn thành,Hợp lệ,2026-06-21 22:18:16,2026-06-26 12:39:06,2026-06-26 12:39:06,24491859399,Gel Tắm 92% Thiên Nhiên Le Petit Marseillais Dịu Nhẹ Muối Biển 250ml 4463,365969693697,Sắc Đẹp,Tắm & chăm sóc cơ thể,Xà phòng & sữa tắm,466255413326418_0_0,210000,1,me.em.tao,bchvn391,,109863150,,Chiến dịch mở rộng,147488,0,Đơn hàng gián tiếp,5899.52,5899.52,4%,0,0%,5899.52,5899.52,0,,Websites,6371,Đã khấu trừ,Khấu trừ theo đơn hàng,2026-06-26 12:39:33
260621NXFRWRXF,Hoàn thành,Hợp lệ,2026-06-21 22:18:16,2026-06-26 12:39:06,2026-06-26 12:39:06,25644330193,[QUÀ TẶNG KHÔNG BÁN] Bông Tạo Bọt Kì Cọ Tẩy Da Chết Màu Ngẫu Nhiên,346005340612,Nhà cửa & Đời sống,Đồ dùng phòng tắm,Bông tắm,466255413326418_0_0,0,1,me.em.tao,bchvn391,,122682417,,Chiến dịch mở rộng,0,0,Đơn hàng gián tiếp,0,0,4%,0,0%,0,0,0,,Websites,0,,,
260621NWFG37R6,Hoàn thành,Hợp lệ,2026-06-21 22:00:13,2026-06-26 13:15:42,2026-06-26 13:15:42,25644330193,[QUÀ TẶNG KHÔNG BÁN] Bông Tạo Bọt Kì Cọ Tẩy Da Chết Màu Ngẫu Nhiên,346005340612,Nhà cửa & Đời sống,Đồ dùng phòng tắm,Bông tắm,466255413326418_0_0,0,1,Alex Dealer shopee ☑️,hhshop9x,,122682417,,Chiến dịch mở rộng,0,0,Đơn hàng trực tiếp,0,0,8%,0,0%,64896,64896,0,,Shopeevideo-Shopee,0,,,
260621NWFG37R6,Hoàn thành,Hợp lệ,2026-06-21 22:00:13,2026-06-26 13:15:42,2026-06-26 13:15:42,25692866155,Sữa Tắm Nam 4 in 1 92% Thiên Nhiên Le Petit Marseillais Nhiều Mùi Hương 250ml,345969754134,Sắc Đẹp,Chăm sóc nam giới,Sữa tắm & chăm sóc cơ thể,466255413326418_0_0,210000,5,Alex Dealer shopee ☑️,hhshop9x,,112434462,,Chiến dịch mở rộng,811200,0,Đơn hàng trực tiếp,64896,64896,8%,0,0%,0,0,0,,Shopeevideo-Shopee,70088,Đã khấu trừ,Khấu trừ theo đơn hàng,2026-06-26 13:16:08
260621NWF5MP7C,Hoàn thành,Hợp lệ,2026-06-21 22:00:02,2026-06-28 09:19:14,2026-06-28 09:19:14,25644330193,[QUÀ TẶNG KHÔNG BÁN] Bông Tạo Bọt Kì Cọ Tẩy Da Chết Màu Ngẫu Nhiên,346005340612,Nhà cửa & Đời sống,Đồ dùng phòng tắm,Bông tắm,466255413326418_0_0,0,1,CreatorX Media Network,creatorxmedianetwork,,122682417,,Chiến dịch mở rộng,0,0,Đơn hàng gián tiếp,0,0,4%,0,0%,10584,10584,0,,Google Search,0,,,
260621NWF5MP7C,Hoàn thành,Hợp lệ,2026-06-21 22:00:02,2026-06-28 09:19:14,2026-06-28 09:19:14,27586430985,Dầu Gội Trẻ Em 2in1 94% Thiên Nhiên Le Petit Marseillais Giúp Gỡ Rối Tóc Nhiều Mùi Hương 300ml,380970144964,Mẹ & Bé,Đồ dùng phòng tắm & Chăm sóc cơ thể bé,Sản phẩm tắm & gội cho bé,466255413326418_0_0,330000,1,CreatorX Media Network,creatorxmedianetwork,,128189901,,Chiến dịch mở rộng,264600,0,Đơn hàng gián tiếp,10584,10584,4%,0,0%,0,0,0,,Google Search,11431,Đã khấu trừ,Khấu trừ theo đơn hàng,2026-06-28 09:19:41
260621NW2G93A0,Hoàn thành,Hợp lệ,2026-06-21 21:52:57,2026-06-26 13:20:37,2026-06-26 13:20:37,25644330193,[QUÀ TẶNG KHÔNG BÁN] Bông Tạo Bọt Kì Cọ Tẩy Da Chết Màu Ngẫu Nhiên,346005340612,Nhà cửa & Đời sống,Đồ dùng phòng tắm,Bông tắm,466255413326418_0_0,0,1,Alex Dealer shopee ☑️,hhshop9x,,122682417,,Chiến dịch mở rộng,0,0,Đơn hàng trực tiếp,0,0,8%,0,0%,40344,40344,0,,Shopeevideo-Shopee,0,,,
260621NW2G93A0,Hoàn thành,Hợp lệ,2026-06-21 21:52:57,2026-06-26 13:20:37,2026-06-26 13:20:37,25692866155,Sữa Tắm Nam 4 in 1 92% Thiên Nhiên Le Petit Marseillais Nhiều Mùi Hương 250ml,345969754130,Sắc Đẹp,Chăm sóc nam giới,Sữa tắm & chăm sóc cơ thể,466255413326418_0_0,210000,3,Alex Dealer shopee ☑️,hhshop9x,,112434462,,Chiến dịch mở rộng,504300,0,Đơn hàng trực tiếp,40344,40344,8%,0,0%,0,0,0,,Shopeevideo-Shopee,43572,Đã khấu trừ,Khấu trừ theo đơn hàng,2026-06-26 13:21:05
260621NVRSE6H4,Hoàn thành,Hợp lệ,2026-06-21 21:47:31,2026-06-25 23:10:18,2026-06-25 23:10:18,25644330193,[QUÀ TẶNG KHÔNG BÁN] Bông Tạo Bọt Kì Cọ Tẩy Da Chết Màu Ngẫu Nhiên,346005340612,Nhà cửa & Đời sống,Đồ dùng phòng tắm,Bông tắm,466255413326418_0_0,0,1,YouTube Shopping,youtube_shopping_vn,,122682417,,Chiến dịch mở rộng,0,0,Đơn hàng trực tiếp,0,0,8%,0,0%,14299.74,14299.74,0,,Others,0,,,
260621NVRSE6H4,Hoàn thành,Hợp lệ,2026-06-21 21:47:31,2026-06-25 23:10:18,2026-06-25 23:10:18,29480146096,Sữa Tắm Thiên Nhiên 92% Le Petit Marseillais Nhiều Mùi Hương 250ml,315970228700,Sắc Đẹp,Tắm & chăm sóc cơ thể,Xà phòng & sữa tắm,466255413326418_0_0,210000,1,YouTube Shopping,youtube_shopping_vn,,112409565,,Chiến dịch mở rộng,158886,0,Đơn hàng trực tiếp,14299.74,14299.74,9%,0,0%,0,0,0,,Others,15444,Đã khấu trừ,Khấu trừ theo đơn hàng,2026-06-25 23:10:45
260621NURP9SMA,Hoàn thành,Hợp lệ,2026-06-21 21:29:34,2026-06-26 13:45:16,2026-06-26 13:45:16,25644330193,[QUÀ TẶNG KHÔNG BÁN] Bông Tạo Bọt Kì Cọ Tẩy Da Chết Màu Ngẫu Nhiên,346005340612,Nhà cửa & Đời sống,Đồ dùng phòng tắm,Bông tắm,466255413326418_0_0,0,1,Hiền Hiền,thuuhiennn,,122682417,,Chiến dịch mở rộng,0,0,Đơn hàng gián tiếp,0,0,4%,0,0%,14114.25,14114.25,0,,Facebook,0,,,
260621NURP9SMA,Hoàn thành,Hợp lệ,2026-06-21 21:29:34,2026-06-26 13:45:16,2026-06-26 13:45:16,25692866155,Sữa Tắm Nam 4 in 1 92% Thiên Nhiên Le Petit Marseillais Nhiều Mùi Hương 250ml,345969754133,Sắc Đẹp,Chăm sóc nam giới,Sữa tắm & chăm sóc cơ thể,466255413326418_0_0,210000,1,Hiền Hiền,thuuhiennn,,112434462,,Chiến dịch mở rộng,166050,0,Đơn hàng gián tiếp,6642,6642,4%,0,0%,0,0,0,,Facebook,7173,Đã khấu trừ,Khấu trừ theo đơn hàng,2026-06-26 13:45:45
260621NURP9SMA,Hoàn thành,Hợp lệ,2026-06-21 21:29:34,2026-06-26 13:45:16,2026-06-26 13:45:16,29480146096,Sữa Tắm Thiên Nhiên 92% Le Petit Marseillais Nhiều Mùi Hương 250ml,315970228701,Sắc Đẹp,Tắm & chăm sóc cơ thể,Xà phòng & sữa tắm,466255413326418_0_0,210000,1,Hiền Hiền,thuuhiennn,,112409565,,Chiến dịch mở rộng,166050,0,Đơn hàng gián tiếp,7472.25,7472.25,"4,5%",0,0%,0,0,0,,Facebook,8070,Đã khấu trừ,Khấu trừ theo đơn hàng,2026-06-26 13:45:45
260621NUNDE9V2,Hoàn thành,Hợp lệ,2026-06-21 21:27:51,2026-06-26 11:06:15,2026-06-26 11:06:15,24142870859,Sữa Tắm Thơm Lâu Le Petit Marseillais Gel 92% Thiên Nhiên Da Nhạy Cảm Nhiều Mùi Hương 650ml,350973489410,Sắc Đẹp,Tắm & chăm sóc cơ thể,Xà phòng & sữa tắm,466255413326418_0_0,395000,1,Hương Hương nè ᥫ᭡,huonghuongne185,,112430963,,Chiến dịch mở rộng,247900,0,Đơn hàng trực tiếp,22311,22311,9%,0,0%,22311,22311,0,,Shopeevideo-Shopee,24096,Đã khấu trừ,Khấu trừ theo đơn hàng,2026-06-26 11:06:42
260621NUNDE9V2,Hoàn thành,Hợp lệ,2026-06-21 21:27:51,2026-06-26 11:06:15,2026-06-26 11:06:15,25644330193,[QUÀ TẶNG KHÔNG BÁN] Bông Tạo Bọt Kì Cọ Tẩy Da Chết Màu Ngẫu Nhiên,346005340612,Nhà cửa & Đời sống,Đồ dùng phòng tắm,Bông tắm,466255413326418_0_0,0,1,Hương Hương nè ᥫ᭡,huonghuongne185,,122682417,,Chiến dịch mở rộng,0,0,Đơn hàng trực tiếp,0,0,8%,0,0%,0,0,0,,Shopeevideo-Shopee,0,,,
260621NSUP3MPV,Hoàn thành,Hợp lệ,2026-06-21 20:55:28,2026-06-26 12:00:47,2026-06-26 12:00:47,25644330193,[QUÀ TẶNG KHÔNG BÁN] Bông Tạo Bọt Kì Cọ Tẩy Da Chết Màu Ngẫu Nhiên,346005340612,Nhà cửa & Đời sống,Đồ dùng phòng tắm,Bông tắm,466255413326418_0_0,0,1,Cô Gái Miền Tây,cogaimientaynambo,Passio,122682417,,Chiến dịch mở rộng,0,0,Đơn hàng trực tiếp,0,0,8%,0,0%,11225.36,11225.36,0,,Shopeelive-Shopee,0,,,
260621NSUP3MPV,Hoàn thành,Hợp lệ,2026-06-21 20:55:28,2026-06-26 12:00:47,2026-06-26 12:00:47,25692866155,Sữa Tắm Nam 4 in 1 92% Thiên Nhiên Le Petit Marseillais Nhiều Mùi Hương 250ml,345969754133,Sắc Đẹp,Chăm sóc nam giới,Sữa tắm & chăm sóc cơ thể,466255413326418_0_0,210000,1,Cô Gái Miền Tây,cogaimientaynambo,Passio,112434462,,Chiến dịch mở rộng,140317,0,Đơn hàng trực tiếp,11225.36,11225.36,8%,0,0%,0,0,0,,Shopeelive-Shopee,12123,Đã khấu trừ,Khấu trừ theo đơn hàng,2026-06-26 12:01:14
260621NPCUD230,Hoàn thành,Hợp lệ,2026-06-21 19:53:29,2026-06-26 13:00:47,2026-06-26 13:00:47,47256666039,[DEAL 8/3] COMBO Dầu Gội Cho Bé 300ML + Sữa Tắm Cho Mẹ 400ML Thiên Nhiên Le Petit Marseillais Hữu Cơ,355972406448,Mẹ & Bé,Đồ dùng phòng tắm & Chăm sóc cơ thể bé,Sản phẩm tắm & gội cho bé,,670000,1,San,tuongsan0406,,226840391,,Chiến dịch mở rộng,530550,0,Đơn hàng gián tiếp,18569.25,18569.25,"3,5%",0,0%,18569.25,18569.25,0,,Instagram,20055,Đã khấu trừ,Khấu trừ theo đơn hàng,2026-06-26 13:01:15
260621NHHNNA7P,Hoàn thành,Hợp lệ,2026-06-21 18:26:41,2026-06-24 15:59:25,2026-06-24 15:59:25,25644330193,[QUÀ TẶNG KHÔNG BÁN] Bông Tạo Bọt Kì Cọ Tẩy Da Chết Màu Ngẫu Nhiên,346005340612,Nhà cửa & Đời sống,Đồ dùng phòng tắm,Bông tắm,466255413326418_0_0,0,1,Chuyên review sạch,hanhikieu1709,KakaOnline,122682417,,Chiến dịch mở rộng,0,0,Đơn hàng trực tiếp,0,0,8%,0,0%,12694.88,12694.88,0,,Shopeevideo-Shopee,0,,,
260621NHHNNA7P,Hoàn thành,Hợp lệ,2026-06-21 18:26:41,2026-06-24 15:59:25,2026-06-24 15:59:25,25692866155,Sữa Tắm Nam 4 in 1 92% Thiên Nhiên Le Petit Marseillais Nhiều Mùi Hương 250ml,345969754133,Sắc Đẹp,Chăm sóc nam giới,Sữa tắm & chăm sóc cơ thể,466255413326418_0_0,210000,1,Chuyên review sạch,hanhikieu1709,KakaOnline,112434462,,Chiến dịch mở rộng,158686,0,Đơn hàng trực tiếp,12694.88,12694.88,8%,0,0%,0,0,0,,Shopeevideo-Shopee,13710,Đã khấu trừ,Khấu trừ theo đơn hàng,2026-06-24 15:59:52
260621NGVKEJJ4,Hoàn thành,Hợp lệ,2026-06-21 18:15:16,2026-06-23 14:15:57,2026-06-23 14:15:57,25644330193,[QUÀ TẶNG KHÔNG BÁN] Bông Tạo Bọt Kì Cọ Tẩy Da Chết Màu Ngẫu Nhiên,346005340612,Nhà cửa & Đời sống,Đồ dùng phòng tắm,Bông tắm,466255413326418_0_0,0,1,Anika Tasnim,c_aqfbey95,,122682417,,Chiến dịch mở rộng,0,0,Đơn hàng gián tiếp,0,0,4%,0,0%,11542.545,11542.545,0,,Others,0,,,
260621NGVKEJJ4,Hoàn thành,Hợp lệ,2026-06-21 18:15:16,2026-06-23 14:15:57,2026-06-23 14:15:57,24142870859,Sữa Tắm Thơm Lâu Le Petit Marseillais Gel 92% Thiên Nhiên Da Nhạy Cảm Nhiều Mùi Hương 650ml,350973489402,Sắc Đẹp,Tắm & chăm sóc cơ thể,Xà phòng & sữa tắm,466255413326418_0_0,400000,1,Anika Tasnim,c_aqfbey95,,112430963,,Chiến dịch mở rộng,256501,0,Đơn hàng gián tiếp,11542.545,11542.545,"4,5%",0,0%,0,0,0,,Others,12466,Đã khấu trừ,Khấu trừ theo đơn hàng,2026-06-23 14:16:24
260621NG3BKR6H,Hoàn thành,Hợp lệ,2026-06-21 18:00:47,2026-06-26 17:02:55,2026-06-26 17:02:55,25644330193,[QUÀ TẶNG KHÔNG BÁN] Bông Tạo Bọt Kì Cọ Tẩy Da Chết Màu Ngẫu Nhiên,346005340612,Nhà cửa & Đời sống,Đồ dùng phòng tắm,Bông tắm,466255413326418_0_0,0,1,tui là ca.riziu 🐠,nlttnhy,,122682417,,Chiến dịch mở rộng,0,0,Đơn hàng trực tiếp,0,0,8%,0,0%,12420.54,12420.54,0,,Shopeevideo-Shopee,0,,,
260621NG3BKR6H,Hoàn thành,Hợp lệ,2026-06-21 18:00:47,2026-06-26 17:02:55,2026-06-26 17:02:55,26278578077,Sữa Tắm Thơm Lâu 92% Thiên Nhiên Le Petit Marseillais Dịu Nhẹ Đào Trắng Hữu Cơ Và Xuân Đào Hữu Cơ 250ml 1240,380971919521,Sắc Đẹp,Tắm & chăm sóc cơ thể,Xà phòng & sữa tắm,466255413326418_0_0,210000,1,tui là ca.riziu 🐠,nlttnhy,,109863156,,Chiến dịch mở rộng,138006,0,Đơn hàng trực tiếp,12420.54,12420.54,9%,0,0%,0,0,0,,Shopeevideo-Shopee,13414,Đã khấu trừ,Khấu trừ theo đơn hàng,2026-06-26 17:03:21
260621NFF27BMW,Hoàn thành,Hợp lệ,2026-06-21 17:49:27,2026-06-26 10:23:13,2026-06-26 10:23:13,25644330193,[QUÀ TẶNG KHÔNG BÁN] Bông Tạo Bọt Kì Cọ Tẩy Da Chết Màu Ngẫu Nhiên,346005340612,Nhà cửa & Đời sống,Đồ dùng phòng tắm,Bông tắm,466255413326418_0_0,0,1,Chuyên review sạch,hanhikieu1709,KakaOnline,122682417,,Chiến dịch mở rộng,0,0,Đơn hàng trực tiếp,0,0,8%,0,0%,11616.96,11616.96,0,,Shopeevideo-Shopee,0,,,
260621NFF27BMW,Hoàn thành,Hợp lệ,2026-06-21 17:49:27,2026-06-26 10:23:13,2026-06-26 10:23:13,25692866155,Sữa Tắm Nam 4 in 1 92% Thiên Nhiên Le Petit Marseillais Nhiều Mùi Hương 250ml,345969754133,Sắc Đẹp,Chăm sóc nam giới,Sữa tắm & chăm sóc cơ thể,466255413326418_0_0,210000,1,Chuyên review sạch,hanhikieu1709,KakaOnline,112434462,,Chiến dịch mở rộng,145212,0,Đơn hàng trực tiếp,11616.96,11616.96,8%,0,0%,0,0,0,,Shopeevideo-Shopee,12546,Đã khấu trừ,Khấu trừ theo đơn hàng,2026-06-26 10:23:40
260621NEXNM522,Hoàn thành,Hợp lệ,2026-06-21 17:40:17,2026-06-27 17:15:01,2026-06-27 17:15:01,29328470769,Sữa Tắm  92% Thiên Nhiên Le Petit Marseillais Dịu nhẹ Sữa 650ml 0991,282645462141,Sắc Đẹp,Tắm & chăm sóc cơ thể,Xà phòng & sữa tắm,466255413326418_0_0,400000,1,Thanh Phương Lê,thanhphuonglede,,109863142,,Chiến dịch mở rộng,299200,0,Đơn hàng gián tiếp,11968,11968,4%,0,0%,11968,11968,0,,Facebook,12925,Đã khấu trừ,Khấu trừ theo đơn hàng,2026-06-27 17:15:28
260621NEXNM522,Hoàn thành,Hợp lệ,2026-06-21 17:40:17,2026-06-27 17:15:01,2026-06-27 17:15:01,25644330193,[QUÀ TẶNG KHÔNG BÁN] Bông Tạo Bọt Kì Cọ Tẩy Da Chết Màu Ngẫu Nhiên,346005340612,Nhà cửa & Đời sống,Đồ dùng phòng tắm,Bông tắm,466255413326418_0_0,0,1,Thanh Phương Lê,thanhphuonglede,,122682417,,Chiến dịch mở rộng,0,0,Đơn hàng gián tiếp,0,0,4%,0,0%,0,0,0,,Facebook,0,,,
260621NER1YDFG,Hoàn thành,Hợp lệ,2026-06-21 17:36:41,2026-06-26 12:10:54,2026-06-26 12:10:54,25692866155,Sữa Tắm Nam 4 in 1 92% Thiên Nhiên Le Petit Marseillais Nhiều Mùi Hương 250ml,345969754133,Sắc Đẹp,Chăm sóc nam giới,Sữa tắm & chăm sóc cơ thể,466255413326418_0_0,210000,1,GALAXY X TECH LIMITED,galaxyx962,,112434462,,Chiến dịch mở rộng,145212,0,Đơn hàng gián tiếp,5808.48,5808.48,4%,0,0%,5808.48,5808.48,0,,FreeTube,6273,Đã khấu trừ,Khấu trừ theo đơn hàng,2026-06-26 12:11:21
260621NER1YDFG,Hoàn thành,Hợp lệ,2026-06-21 17:36:41,2026-06-26 12:10:54,2026-06-26 12:10:54,25644330193,[QUÀ TẶNG KHÔNG BÁN] Bông Tạo Bọt Kì Cọ Tẩy Da Chết Màu Ngẫu Nhiên,346005340612,Nhà cửa & Đời sống,Đồ dùng phòng tắm,Bông tắm,466255413326418_0_0,0,1,GALAXY X TECH LIMITED,galaxyx962,,122682417,,Chiến dịch mở rộng,0,0,Đơn hàng gián tiếp,0,0,4%,0,0%,0,0,0,,FreeTube,0,,,
260621NEQJN5TN,Hoàn thành,Hợp lệ,2026-06-21 17:36:19,2026-06-26 14:22:18,2026-06-26 14:22:18,25644330193,[QUÀ TẶNG KHÔNG BÁN] Bông Tạo Bọt Kì Cọ Tẩy Da Chết Màu Ngẫu Nhiên,346005340612,Nhà cửa & Đời sống,Đồ dùng phòng tắm,Bông tắm,466255413326418_0_0,0,1,Thuỳ Thỏ Thẻ,thuythothe,Hiip,122682417,,Chiến dịch mở rộng,0,0,Đơn hàng trực tiếp,0,0,8%,0,0%,13525.68,13525.68,0,,Shopeevideo-Shopee,0,,,
260621NEQJN5TN,Hoàn thành,Hợp lệ,2026-06-21 17:36:19,2026-06-26 14:22:18,2026-06-26 14:22:18,25692866155,Sữa Tắm Nam 4 in 1 92% Thiên Nhiên Le Petit Marseillais Nhiều Mùi Hương 250ml,345969754131,Sắc Đẹp,Chăm sóc nam giới,Sữa tắm & chăm sóc cơ thể,466255413326418_0_0,210000,1,Thuỳ Thỏ Thẻ,thuythothe,Hiip,112434462,,Chiến dịch mở rộng,169071,0,Đơn hàng trực tiếp,13525.68,13525.68,8%,0,0%,0,0,0,,Shopeevideo-Shopee,14608,Đã khấu trừ,Khấu trừ theo đơn hàng,2026-06-26 14:22:46
260621NEBWTMAW,Hoàn thành,Hợp lệ,2026-06-21 17:29:54,2026-06-26 12:44:01,2026-06-26 12:44:01,25644330193,[QUÀ TẶNG KHÔNG BÁN] Bông Tạo Bọt Kì Cọ Tẩy Da Chết Màu Ngẫu Nhiên,346005340612,Nhà cửa & Đời sống,Đồ dùng phòng tắm,Bông tắm,466255413326418_0_0,0,1,Opera,opera109,,122682417,,Chiến dịch mở rộng,0,0,Đơn hàng gián tiếp,0,0,4%,0,0%,6518.4,6518.4,0,,Others,0,,,
260621NEBWTMAW,Hoàn thành,Hợp lệ,2026-06-21 17:29:54,2026-06-26 12:44:01,2026-06-26 12:44:01,27779418515,Sữa Tắm Nam Thơm Lâu 4 in 1 92% Thiên Nhiên Le Petit Marseillais Chiết Xuất Thông Biển & Bạch Đàn 250ml 1356,415969727779,Sắc Đẹp,Chăm sóc nam giới,Sữa tắm & chăm sóc cơ thể,466255413326418_0_0,210000,1,Opera,opera109,,110663381,,Chiến dịch mở rộng,162960,0,Đơn hàng gián tiếp,6518.4,6518.4,4%,0,0%,0,0,0,,Others,7040,Đã khấu trừ,Khấu trừ theo đơn hàng,2026-06-26 12:44:28
260621NCUE69AJ,Hoàn thành,Hợp lệ,2026-06-21 17:02:40,2026-06-24 07:13:35,2026-06-24 07:13:35,25692866155,Sữa Tắm Nam 4 in 1 92% Thiên Nhiên Le Petit Marseillais Nhiều Mùi Hương 250ml,345969754133,Sắc Đẹp,Chăm sóc nam giới,Sữa tắm & chăm sóc cơ thể,,210000,1,Alex Dealer shopee ☑️,hhshop9x,,112434462,,Chiến dịch mở rộng,158885,0,Đơn hàng trực tiếp,12710.8,12710.8,8%,0,0%,12710.8,12710.8,0,,Shopeevideo-Shopee,13728,Đã khấu trừ,Khấu trừ theo đơn hàng,2026-06-24 07:14:02
260621NATQSMGR,Hoàn thành,Hợp lệ,2026-06-21 16:26:51,2026-06-26 11:11:15,2026-06-26 11:11:15,24142870859,Sữa Tắm Thơm Lâu Le Petit Marseillais Gel 92% Thiên Nhiên Da Nhạy Cảm Nhiều Mùi Hương 650ml,350973489407,Sắc Đẹp,Tắm & chăm sóc cơ thể,Xà phòng & sữa tắm,466255413326418_0_0,400000,1,Video Nghĩa Hoàng,nghiaday7820,,112430963,,Chiến dịch mở rộng,234304,0,Đơn hàng trực tiếp,21087.36,21087.36,9%,0,0%,21087.36,21087.36,0,,Websites,22774,Đã khấu trừ,Khấu trừ theo đơn hàng,2026-06-26 11:11:43
260621NATQSMGR,Hoàn thành,Hợp lệ,2026-06-21 16:26:51,2026-06-26 11:11:15,2026-06-26 11:11:15,25644330193,[QUÀ TẶNG KHÔNG BÁN] Bông Tạo Bọt Kì Cọ Tẩy Da Chết Màu Ngẫu Nhiên,346005340612,Nhà cửa & Đời sống,Đồ dùng phòng tắm,Bông tắm,466255413326418_0_0,0,1,Video Nghĩa Hoàng,nghiaday7820,,122682417,,Chiến dịch mở rộng,0,0,Đơn hàng trực tiếp,0,0,8%,0,0%,0,0,0,,Websites,0,,,
260621N79AYDXN,Hoàn thành,Hợp lệ,2026-06-21 15:23:05,2026-06-26 09:12:15,2026-06-26 09:12:15,25644330193,[QUÀ TẶNG KHÔNG BÁN] Bông Tạo Bọt Kì Cọ Tẩy Da Chết Màu Ngẫu Nhiên,346005340612,Nhà cửa & Đời sống,Đồ dùng phòng tắm,Bông tắm,466255413326418_0_0,0,1,Mai Phương Bùi đây,maiphuongbuiday,,122682417,,Chiến dịch mở rộng,0,0,Đơn hàng gián tiếp,0,0,4%,0,0%,7516.485,7516.485,0,,Facebook,0,,,
260621N79AYDXN,Hoàn thành,Hợp lệ,2026-06-21 15:23:05,2026-06-26 09:12:15,2026-06-26 09:12:15,29480146096,Sữa Tắm Thiên Nhiên 92% Le Petit Marseillais Nhiều Mùi Hương 250ml,315970228697,Sắc Đẹp,Tắm & chăm sóc cơ thể,Xà phòng & sữa tắm,466255413326418_0_0,210000,1,Mai Phương Bùi đây,maiphuongbuiday,,112409565,,Chiến dịch mở rộng,167033,0,Đơn hàng gián tiếp,7516.485,7516.485,"4,5%",0,0%,0,0,0,,Facebook,8118,Đã khấu trừ,Khấu trừ theo đơn hàng,2026-06-26 09:12:42
260621N6V8AYKQ,Hoàn thành,Hợp lệ,2026-06-21 15:15:45,2026-06-26 12:28:40,2026-06-26 12:28:40,25644330193,[QUÀ TẶNG KHÔNG BÁN] Bông Tạo Bọt Kì Cọ Tẩy Da Chết Màu Ngẫu Nhiên,346005340612,Nhà cửa & Đời sống,Đồ dùng phòng tắm,Bông tắm,466255413326418_0_0,0,1,ToyStation,baanh9871,,122682417,,Chiến dịch mở rộng,0,0,Đơn hàng gián tiếp,0,0,4%,0,0%,6067.32,6067.32,0,,Facebook,0,,,
260621N6V8AYKQ,Hoàn thành,Hợp lệ,2026-06-21 15:15:45,2026-06-26 12:28:40,2026-06-26 12:28:40,25692866155,Sữa Tắm Nam 4 in 1 92% Thiên Nhiên Le Petit Marseillais Nhiều Mùi Hương 250ml,345969754133,Sắc Đẹp,Chăm sóc nam giới,Sữa tắm & chăm sóc cơ thể,466255413326418_0_0,210000,1,ToyStation,baanh9871,,112434462,,Chiến dịch mở rộng,151683,0,Đơn hàng gián tiếp,6067.32,6067.32,4%,0,0%,0,0,0,,Facebook,6553,Đã khấu trừ,Khấu trừ theo đơn hàng,2026-06-26 12:29:07
260621N688CYB4,Hoàn thành,Hợp lệ,2026-06-21 15:04:34,2026-06-26 07:15:27,2026-06-26 07:15:27,24142870859,Sữa Tắm Thơm Lâu Le Petit Marseillais Gel 92% Thiên Nhiên Da Nhạy Cảm Nhiều Mùi Hương 650ml,350973489405,Sắc Đẹp,Tắm & chăm sóc cơ thể,Xà phòng & sữa tắm,466255413326418_0_0,400000,1,Hà Ly Trần,halytrannn,,112430963,,Chiến dịch mở rộng,256309,0,Đơn hàng gián tiếp,11533.905,11533.905,"4,5%",0,0%,11533.905,11533.905,0,,Facebook,12457,Đã khấu trừ,Khấu trừ theo đơn hàng,2026-06-26 07:15:54
260621N688CYB4,Hoàn thành,Hợp lệ,2026-06-21 15:04:34,2026-06-26 07:15:27,2026-06-26 07:15:27,25644330193,[QUÀ TẶNG KHÔNG BÁN] Bông Tạo Bọt Kì Cọ Tẩy Da Chết Màu Ngẫu Nhiên,346005340612,Nhà cửa & Đời sống,Đồ dùng phòng tắm,Bông tắm,466255413326418_0_0,0,1,Hà Ly Trần,halytrannn,,122682417,,Chiến dịch mở rộng,0,0,Đơn hàng gián tiếp,0,0,4%,0,0%,0,0,0,,Facebook,0,,,
260621N4HS41C8,Hoàn thành,Hợp lệ,2026-06-21 14:34:10,2026-06-24 00:55:19,2026-06-24 00:55:19,25644330193,[QUÀ TẶNG KHÔNG BÁN] Bông Tạo Bọt Kì Cọ Tẩy Da Chết Màu Ngẫu Nhiên,346005340612,Nhà cửa & Đời sống,Đồ dùng phòng tắm,Bông tắm,466255413326418_0_0,0,1,Opera,opera109,,122682417,,Chiến dịch mở rộng,0,0,Đơn hàng gián tiếp,0,0,4%,0,0%,7226.8,7226.8,0,,Others,0,,,
260621N4HS41C8,Hoàn thành,Hợp lệ,2026-06-21 14:34:10,2026-06-24 00:55:19,2026-06-24 00:55:19,27742398068,Gel Rửa Tay Thiên Nhiên 92% Le Petit Marseillais Dịu Nhẹ Lành Tính Bảo Vệ Da Nhiều Mùi Hương 300ml,350970286541,Sắc Đẹp,"Chăm sóc tay, chân & móng",Chăm sóc tay,466255413326418_0_0,290000,1,Opera,opera109,,176541211,,Chiến dịch mở rộng,180670,0,Đơn hàng gián tiếp,7226.8,7226.8,4%,0,0%,0,0,0,,Others,7805,Đã khấu trừ,Khấu trừ theo đơn hàng,2026-06-24 01:02:25
260621MXBJ872D,Hoàn thành,Hợp lệ,2026-06-21 12:43:15,2026-06-26 17:21:52,2026-06-26 17:21:52,25644330193,[QUÀ TẶNG KHÔNG BÁN] Bông Tạo Bọt Kì Cọ Tẩy Da Chết Màu Ngẫu Nhiên,346005340612,Nhà cửa & Đời sống,Đồ dùng phòng tắm,Bông tắm,466255413326418_0_0,0,1,Tạp Hoá Long Thuỷ,nhlong51192,,122682417,,Chiến dịch mở rộng,0,0,Đơn hàng gián tiếp,0,0,4%,0,0%,5219.2,5219.2,0,,Facebook,0,,,
260621MXBJ872D,Hoàn thành,Hợp lệ,2026-06-21 12:43:15,2026-06-26 17:21:52,2026-06-26 17:21:52,25692866155,Sữa Tắm Nam 4 in 1 92% Thiên Nhiên Le Petit Marseillais Nhiều Mùi Hương 250ml,345969754133,Sắc Đẹp,Chăm sóc nam giới,Sữa tắm & chăm sóc cơ thể,466255413326418_0_0,210000,1,Tạp Hoá Long Thuỷ,nhlong51192,,112434462,,Chiến dịch mở rộng,130480,0,Đơn hàng gián tiếp,5219.2,5219.2,4%,0,0%,0,0,0,,Facebook,5637,Đã khấu trừ,Khấu trừ theo đơn hàng,2026-06-26 17:22:19
260621MX0WR8UW,Hoàn thành,Hợp lệ,2026-06-21 12:37:19,2026-06-26 16:02:36,2026-06-26 16:02:36,25644330193,[QUÀ TẶNG KHÔNG BÁN] Bông Tạo Bọt Kì Cọ Tẩy Da Chết Màu Ngẫu Nhiên,346005340612,Nhà cửa & Đời sống,Đồ dùng phòng tắm,Bông tắm,466255413326418_0_0,0,1,Tuấn Nguyễn,yhhokc2uml,,122682417,,Chiến dịch mở rộng,0,0,Đơn hàng gián tiếp,0,0,4%,0,0%,11252.61,11252.61,0,,Facebook,0,,,
260621MX0WR8UW,Hoàn thành,Hợp lệ,2026-06-21 12:37:19,2026-06-26 16:02:36,2026-06-26 16:02:36,24142870859,Sữa Tắm Thơm Lâu Le Petit Marseillais Gel 92% Thiên Nhiên Da Nhạy Cảm Nhiều Mùi Hương 650ml,350973489412,Sắc Đẹp,Tắm & chăm sóc cơ thể,Xà phòng & sữa tắm,466255413326418_0_0,400000,1,Tuấn Nguyễn,yhhokc2uml,,112430963,,Chiến dịch mở rộng,250058,0,Đơn hàng gián tiếp,11252.61,11252.61,"4,5%",0,0%,0,0,0,,Facebook,12153,Đã khấu trừ,Khấu trừ theo đơn hàng,2026-06-26 16:03:03
260621MWXP7TGG,Hoàn thành,Hợp lệ,2026-06-21 12:36:03,2026-06-26 11:42:13,2026-06-26 11:42:13,47256666039,[DEAL 8/3] COMBO Dầu Gội Cho Bé 300ML + Sữa Tắm Cho Mẹ 400ML Thiên Nhiên Le Petit Marseillais Hữu Cơ,355972406447,Mẹ & Bé,Đồ dùng phòng tắm & Chăm sóc cơ thể bé,Sản phẩm tắm & gội cho bé,,670000,1,TRAMY RV CÓ TÂM,chutramy1910,,226840391,,Chiến dịch mở rộng,412050,0,Đơn hàng trực tiếp,28843.5,28843.5,7%,0,0%,28843.5,28843.5,0,,Shopeevideo-Shopee,31151,Đã khấu trừ,Khấu trừ theo đơn hàng,2026-06-26 11:42:40
260621MWVFMQDM,Hoàn thành,Hợp lệ,2026-06-21 12:34:50,2026-06-23 15:32:42,2026-06-23 15:32:42,25644330193,[QUÀ TẶNG KHÔNG BÁN] Bông Tạo Bọt Kì Cọ Tẩy Da Chết Màu Ngẫu Nhiên,346005340612,Nhà cửa & Đời sống,Đồ dùng phòng tắm,Bông tắm,466255413326418_0_0,0,1,Opera,opera109,,122682417,,Chiến dịch mở rộng,0,0,Đơn hàng gián tiếp,0,0,4%,0,0%,13608,13608,0,,Others,0,,,
260621MWVFMQDM,Hoàn thành,Hợp lệ,2026-06-21 12:34:50,2026-06-23 15:32:42,2026-06-23 15:32:42,25692866155,Sữa Tắm Nam 4 in 1 92% Thiên Nhiên Le Petit Marseillais Nhiều Mùi Hương 250ml,345969754130,Sắc Đẹp,Chăm sóc nam giới,Sữa tắm & chăm sóc cơ thể,466255413326418_0_0,210000,1,Opera,opera109,,112434462,,Chiến dịch mở rộng,170100,0,Đơn hàng gián tiếp,6804,6804,4%,0,0%,0,0,0,,Others,7348,Đã khấu trừ,Khấu trừ theo đơn hàng,2026-06-23 15:33:09
260621MWVFMQDM,Hoàn thành,Hợp lệ,2026-06-21 12:34:50,2026-06-23 15:32:42,2026-06-23 15:32:42,25692866155,Sữa Tắm Nam 4 in 1 92% Thiên Nhiên Le Petit Marseillais Nhiều Mùi Hương 250ml,345969754133,Sắc Đẹp,Chăm sóc nam giới,Sữa tắm & chăm sóc cơ thể,466255413326418_0_0,210000,1,Opera,opera109,,112434462,,Chiến dịch mở rộng,170100,0,Đơn hàng gián tiếp,6804,6804,4%,0,0%,0,0,0,,Others,7348,Đã khấu trừ,Khấu trừ theo đơn hàng,2026-06-23 15:33:09
260621MWDSGHQ7,Hoàn thành,Hợp lệ,2026-06-21 12:26:40,2026-06-26 14:26:58,2026-06-26 14:26:58,40150321685,Dầu Gội Trẻ Em 2in1 94% Thiên Nhiên Le Petit Marseillais Giúp Gỡ Rối Tóc Chiết Xuất Quả Mâm Xôi & Bông 300ml 0442,310970725469,Mẹ & Bé,Đồ dùng phòng tắm & Chăm sóc cơ thể bé,Sản phẩm tắm & gội cho bé,466255413326418_0_0,330000,1,Hoa Lên Đồ,dieuhoanguyen_,,128185567,,Chiến dịch mở rộng,258300,0,Đơn hàng gián tiếp,10332,10332,4%,0,0%,10332,10332,0,,Facebook,11159,Đã khấu trừ,Khấu trừ theo đơn hàng,2026-06-26 14:27:25
260621MWDSGHQ7,Hoàn thành,Hợp lệ,2026-06-21 12:26:40,2026-06-26 14:26:58,2026-06-26 14:26:58,25644330193,[QUÀ TẶNG KHÔNG BÁN] Bông Tạo Bọt Kì Cọ Tẩy Da Chết Màu Ngẫu Nhiên,346005340612,Nhà cửa & Đời sống,Đồ dùng phòng tắm,Bông tắm,466255413326418_0_0,0,1,Hoa Lên Đồ,dieuhoanguyen_,,122682417,,Chiến dịch mở rộng,0,0,Đơn hàng gián tiếp,0,0,4%,0,0%,0,0,0,,Facebook,0,,,
260621MT2N29GR,Hoàn thành,Hợp lệ,2026-06-21 11:26:41,2026-06-26 13:30:07,2026-06-26 13:30:07,24142870859,Sữa Tắm Thơm Lâu Le Petit Marseillais Gel 92% Thiên Nhiên Da Nhạy Cảm Nhiều Mùi Hương 650ml,350973489406,Sắc Đẹp,Tắm & chăm sóc cơ thể,Xà phòng & sữa tắm,466255413326418_0_0,400000,1,TUANb1k36,tvtshop37,,112430963,,Chiến dịch mở rộng,323400,0,Đơn hàng gián tiếp,14553,14553,"4,5%",0,0%,14553,14553,0,,Facebook,15717,Đã khấu trừ,Khấu trừ theo đơn hàng,2026-06-26 13:30:37
260621MT2N29GR,Hoàn thành,Hợp lệ,2026-06-21 11:26:41,2026-06-26 13:30:07,2026-06-26 13:30:07,25644330193,[QUÀ TẶNG KHÔNG BÁN] Bông Tạo Bọt Kì Cọ Tẩy Da Chết Màu Ngẫu Nhiên,346005340612,Nhà cửa & Đời sống,Đồ dùng phòng tắm,Bông tắm,466255413326418_0_0,0,1,TUANb1k36,tvtshop37,,122682417,,Chiến dịch mở rộng,0,0,Đơn hàng gián tiếp,0,0,4%,0,0%,0,0,0,,Facebook,0,,,
260621MRX6RAJ2,Hoàn thành,Hợp lệ,2026-06-21 11:06:40,2026-06-23 16:30:04,2026-06-23 16:30:04,25644330193,[QUÀ TẶNG KHÔNG BÁN] Bông Tạo Bọt Kì Cọ Tẩy Da Chết Màu Ngẫu Nhiên,346005340612,Nhà cửa & Đời sống,Đồ dùng phòng tắm,Bông tắm,466255413326418_0_0,0,1,ia_vn,ia_vn,,122682417,,Chiến dịch mở rộng,0,0,Đơn hàng gián tiếp,0,0,4%,0,0%,9811.125,9811.125,0,,Websites,0,,,
260621MRX6RAJ2,Hoàn thành,Hợp lệ,2026-06-21 11:06:40,2026-06-23 16:30:04,2026-06-23 16:30:04,29680365284,Dầu Gội Thiên Nhiên Le Petit Marseillais Hữu Cơ Nhiều Mùi Hương 250ml,370971985646,Sắc Đẹp,Chăm sóc tóc,Dầu gội,466255413326418_0_0,270000,1,ia_vn,ia_vn,,112920799,,Chiến dịch mở rộng,218025,0,Đơn hàng gián tiếp,9811.125,9811.125,"4,5%",0,0%,0,0,0,,Websites,10596,Đã khấu trừ,Khấu trừ theo đơn hàng,2026-06-23 16:30:33
260621MRDT4WGV,Hoàn thành,Hợp lệ,2026-06-21 10:57:09,2026-06-25 13:18:43,2026-06-25 13:18:43,25692866155,Sữa Tắm Nam 4 in 1 92% Thiên Nhiên Le Petit Marseillais Nhiều Mùi Hương 250ml,345969754130,Sắc Đẹp,Chăm sóc nam giới,Sữa tắm & chăm sóc cơ thể,466255413326418_0_0,210000,1,feedy_vn,feedy_vn,,112434462,,Chiến dịch mở rộng,122220,0,Đơn hàng gián tiếp,4888.8,4888.8,4%,0,0%,4888.8,4888.8,0,,Websites,5280,Đã khấu trừ,Khấu trừ theo đơn hàng,2026-06-25 15:17:43
260621MRDT4WGV,Hoàn thành,Hợp lệ,2026-06-21 10:57:09,2026-06-25 13:18:43,2026-06-25 13:18:43,25644330193,[QUÀ TẶNG KHÔNG BÁN] Bông Tạo Bọt Kì Cọ Tẩy Da Chết Màu Ngẫu Nhiên,346005340612,Nhà cửa & Đời sống,Đồ dùng phòng tắm,Bông tắm,466255413326418_0_0,0,1,feedy_vn,feedy_vn,,122682417,,Chiến dịch mở rộng,0,0,Đơn hàng gián tiếp,0,0,4%,0,0%,0,0,0,,Websites,0,,,
260621MPXPCNPN,Hoàn thành,Hợp lệ,2026-06-21 10:30:48,2026-06-26 11:13:35,2026-06-26 11:13:35,25644330193,[QUÀ TẶNG KHÔNG BÁN] Bông Tạo Bọt Kì Cọ Tẩy Da Chết Màu Ngẫu Nhiên,346005340612,Nhà cửa & Đời sống,Đồ dùng phòng tắm,Bông tắm,466255413326418_0_0,0,1,reply 2000,my555,,122682417,,Chiến dịch mở rộng,0,0,Đơn hàng gián tiếp,0,0,4%,0,0%,7669.2,7669.2,0,,Others,0,,,
260621MPXPCNPN,Hoàn thành,Hợp lệ,2026-06-21 10:30:48,2026-06-26 11:13:35,2026-06-26 11:13:35,27586430985,Dầu Gội Trẻ Em 2in1 94% Thiên Nhiên Le Petit Marseillais Giúp Gỡ Rối Tóc Nhiều Mùi Hương 300ml,380970144965,Mẹ & Bé,Đồ dùng phòng tắm & Chăm sóc cơ thể bé,Sản phẩm tắm & gội cho bé,466255413326418_0_0,330000,1,reply 2000,my555,,128189901,,Chiến dịch mở rộng,191730,0,Đơn hàng gián tiếp,7669.2,7669.2,4%,0,0%,0,0,0,,Others,8283,Đã khấu trừ,Khấu trừ theo đơn hàng,2026-06-26 11:14:02
260621MMG5F5R4,Hoàn thành,Hợp lệ,2026-06-21 09:46:52,2026-06-23 17:16:42,2026-06-23 17:16:42,24142870859,Sữa Tắm Thơm Lâu Le Petit Marseillais Gel 92% Thiên Nhiên Da Nhạy Cảm Nhiều Mùi Hương 650ml,350973489402,Sắc Đẹp,Tắm & chăm sóc cơ thể,Xà phòng & sữa tắm,466255413326418_0_0,400000,1,hoàng anh,anh6999,,112430963,,Chiến dịch mở rộng,312499,0,Đơn hàng gián tiếp,14062.455,14062.455,"4,5%",0,0%,14062.455,14062.455,0,,Websites,15187,Đã khấu trừ,Khấu trừ theo đơn hàng,2026-06-23 17:17:09
260621MMG5F5R4,Hoàn thành,Hợp lệ,2026-06-21 09:46:52,2026-06-23 17:16:42,2026-06-23 17:16:42,25644330193,[QUÀ TẶNG KHÔNG BÁN] Bông Tạo Bọt Kì Cọ Tẩy Da Chết Màu Ngẫu Nhiên,346005340612,Nhà cửa & Đời sống,Đồ dùng phòng tắm,Bông tắm,466255413326418_0_0,0,1,hoàng anh,anh6999,,122682417,,Chiến dịch mở rộng,0,0,Đơn hàng gián tiếp,0,0,4%,0,0%,0,0,0,,Websites,0,,,
260621MJSR2VNJ,Hủy bỏ,Hợp lệ,2026-06-21 09:16:30,,,25644330193,[QUÀ TẶNG KHÔNG BÁN] Bông Tạo Bọt Kì Cọ Tẩy Da Chết Màu Ngẫu Nhiên,346005340612,Nhà cửa & Đời sống,Đồ dùng phòng tắm,Bông tắm,466255413326418_0_0,0,0,Lương khánh hòa,achusi01,,122682417,,Chiến dịch mở rộng,0,0,Đơn hàng gián tiếp,0,0,4%,0,0%,0,0,0,Đơn hàng không hợp lệ,Facebook,0,,,
260621MJSR2VNJ,Hủy bỏ,Hợp lệ,2026-06-21 09:16:30,,,41900312088,Dầu Gội Trẻ Em 2in1 94% Thiên Nhiên Le Petit Marseillais Giúp Gỡ Rối Tóc Chiết Xuất Quả Đào & Quả Mơ 300ml 0435,218837639344,Mẹ & Bé,Đồ dùng phòng tắm & Chăm sóc cơ thể bé,Sản phẩm tắm & gội cho bé,466255413326418_0_0,330000,0,Lương khánh hòa,achusi01,,128186974,,Chiến dịch mở rộng,0,204853,Đơn hàng gián tiếp,0,0,4%,0,0%,0,0,0,Đơn hàng không hợp lệ,Facebook,0,,,
260621MHWVDD0N,Hoàn thành,Hợp lệ,2026-06-21 09:00:52,2026-06-24 10:01:44,2026-06-24 10:01:44,25644330193,[QUÀ TẶNG KHÔNG BÁN] Bông Tạo Bọt Kì Cọ Tẩy Da Chết Màu Ngẫu Nhiên,346005340612,Nhà cửa & Đời sống,Đồ dùng phòng tắm,Bông tắm,466255413326418_0_0,0,1,Cẩm Tú Review,ngan.review90,,122682417,,Chiến dịch mở rộng,0,0,Đơn hàng gián tiếp,0,0,4%,0,0%,10332,10332,0,,Facebook,0,,,
260621MHWVDD0N,Hoàn thành,Hợp lệ,2026-06-21 09:00:52,2026-06-24 10:01:44,2026-06-24 10:01:44,27586430985,Dầu Gội Trẻ Em 2in1 94% Thiên Nhiên Le Petit Marseillais Giúp Gỡ Rối Tóc Nhiều Mùi Hương 300ml,380970144965,Mẹ & Bé,Đồ dùng phòng tắm & Chăm sóc cơ thể bé,Sản phẩm tắm & gội cho bé,466255413326418_0_0,330000,1,Cẩm Tú Review,ngan.review90,,128189901,,Chiến dịch mở rộng,258300,0,Đơn hàng gián tiếp,10332,10332,4%,0,0%,0,0,0,,Facebook,11159,Đã khấu trừ,Khấu trừ theo đơn hàng,2026-06-24 10:02:11
260621MHU8ER54,Hoàn thành,Hợp lệ,2026-06-21 08:59:24,2026-06-26 21:27:41,2026-06-26 21:27:41,25644330193,[QUÀ TẶNG KHÔNG BÁN] Bông Tạo Bọt Kì Cọ Tẩy Da Chết Màu Ngẫu Nhiên,346005340612,Nhà cửa & Đời sống,Đồ dùng phòng tắm,Bông tắm,466255413326418_0_0,0,1,Lanh Chanh Review,ngvinh445,,122682417,,Chiến dịch mở rộng,0,0,Đơn hàng gián tiếp,0,0,4%,0,0%,6681.36,6681.36,0,,Others,0,,,
260621MHU8ER54,Hoàn thành,Hợp lệ,2026-06-21 08:59:24,2026-06-26 21:27:41,2026-06-26 21:27:41,25692866155,Sữa Tắm Nam 4 in 1 92% Thiên Nhiên Le Petit Marseillais Nhiều Mùi Hương 250ml,345969754133,Sắc Đẹp,Chăm sóc nam giới,Sữa tắm & chăm sóc cơ thể,466255413326418_0_0,210000,1,Lanh Chanh Review,ngvinh445,,112434462,,Chiến dịch mở rộng,167034,0,Đơn hàng gián tiếp,6681.36,6681.36,4%,0,0%,0,0,0,,Others,7216,Đã khấu trừ,Khấu trừ theo đơn hàng,2026-06-26 21:28:08
260621MGYW1G7E,Hủy bỏ,Hợp lệ,2026-06-21 08:44:07,,,24142870859,Sữa Tắm Thơm Lâu Le Petit Marseillais Gel 92% Thiên Nhiên Da Nhạy Cảm Nhiều Mùi Hương 650ml,350973489412,Sắc Đẹp,Tắm & chăm sóc cơ thể,Xà phòng & sữa tắm,466255413326418_0_0,400000,0,CreatorX Media Network,creatorxmedianetwork,,112430963,,Chiến dịch mở rộng,0,319550,Đơn hàng gián tiếp,0,0,"4,5%",0,0%,0,0,0,Đơn hàng không hợp lệ,Others,0,,,
260621MGYW1G7E,Hủy bỏ,Hợp lệ,2026-06-21 08:44:07,,,25644330193,[QUÀ TẶNG KHÔNG BÁN] Bông Tạo Bọt Kì Cọ Tẩy Da Chết Màu Ngẫu Nhiên,346005340612,Nhà cửa & Đời sống,Đồ dùng phòng tắm,Bông tắm,466255413326418_0_0,0,0,CreatorX Media Network,creatorxmedianetwork,,122682417,,Chiến dịch mở rộng,0,0,Đơn hàng gián tiếp,0,0,4%,0,0%,0,0,0,Đơn hàng không hợp lệ,Others,0,,,
260621MEECQNTF,Hoàn thành,Hợp lệ,2026-06-21 07:58:38,2026-06-24 21:05:24,2026-06-24 21:05:24,24142870859,Sữa Tắm Thơm Lâu Le Petit Marseillais Gel 92% Thiên Nhiên Da Nhạy Cảm Nhiều Mùi Hương 650ml,350973489406,Sắc Đẹp,Tắm & chăm sóc cơ thể,Xà phòng & sữa tắm,466255413326418_0_0,400000,1,Quỳnh Đặng,rainie_star1210,,112430963,,Chiến dịch mở rộng,268811,0,Đơn hàng gián tiếp,12096.495,12096.495,"4,5%",0,0%,12096.495,12096.495,0,,Others,13064,Đã khấu trừ,Khấu trừ theo đơn hàng,2026-06-24 21:05:52
260621MEECQNTF,Hoàn thành,Hợp lệ,2026-06-21 07:58:38,2026-06-24 21:05:24,2026-06-24 21:05:24,25644330193,[QUÀ TẶNG KHÔNG BÁN] Bông Tạo Bọt Kì Cọ Tẩy Da Chết Màu Ngẫu Nhiên,346005340612,Nhà cửa & Đời sống,Đồ dùng phòng tắm,Bông tắm,466255413326418_0_0,0,1,Quỳnh Đặng,rainie_star1210,,122682417,,Chiến dịch mở rộng,0,0,Đơn hàng gián tiếp,0,0,4%,0,0%,0,0,0,,Others,0,,,
260621MDY3GJTS,Hoàn thành,Hợp lệ,2026-06-21 07:49:59,2026-06-27 14:21:54,2026-06-27 14:21:54,25644330193,[QUÀ TẶNG KHÔNG BÁN] Bông Tạo Bọt Kì Cọ Tẩy Da Chết Màu Ngẫu Nhiên,346005340612,Nhà cửa & Đời sống,Đồ dùng phòng tắm,Bông tắm,466255413326418_0_0,0,1,Thu Phạm,minhanh2022_do,,122682417,,Chiến dịch mở rộng,0,0,Đơn hàng gián tiếp,0,0,4%,0,0%,17100,17100,0,,Facebook,0,,,
260621MDY3GJTS,Hoàn thành,Hợp lệ,2026-06-21 07:49:59,2026-06-27 14:21:54,2026-06-27 14:21:54,27530290500,Kem Dưỡng Body Lotion 24h Le Petit Marseillais Sữa Cấp Ẩm Hữu Cơ Thiên Nhiên Nhiều Mùi Hương 400ml,272645767606,Sắc Đẹp,Tắm & chăm sóc cơ thể,Kem & sữa dưỡng thể,466255413326418_0_0,490000,1,Thu Phạm,minhanh2022_do,,112716201,,Chiến dịch mở rộng,380000,0,Đơn hàng gián tiếp,17100,17100,"4,5%",0,0%,0,0,0,,Facebook,18468,Đã khấu trừ,Khấu trừ theo đơn hàng,2026-06-27 14:22:21
260621MBE4C6YR,Hoàn thành,Hợp lệ,2026-06-21 07:04:42,2026-06-26 11:31:40,2026-06-26 11:31:40,24142870859,Sữa Tắm Thơm Lâu Le Petit Marseillais Gel 92% Thiên Nhiên Da Nhạy Cảm Nhiều Mùi Hương 650ml,350973489412,Sắc Đẹp,Tắm & chăm sóc cơ thể,Xà phòng & sữa tắm,466255413326418_0_0,400000,1,Xuân Vương,meidukuy,,112430963,,Chiến dịch mở rộng,358035,0,Đơn hàng gián tiếp,16111.575,16111.575,"4,5%",0,0%,16111.575,16111.575,0,,Websites,17401,Đã khấu trừ,Khấu trừ theo đơn hàng,2026-06-26 11:32:07
260621MBE4C6YR,Hoàn thành,Hợp lệ,2026-06-21 07:04:42,2026-06-26 11:31:40,2026-06-26 11:31:40,25644330193,[QUÀ TẶNG KHÔNG BÁN] Bông Tạo Bọt Kì Cọ Tẩy Da Chết Màu Ngẫu Nhiên,346005340612,Nhà cửa & Đời sống,Đồ dùng phòng tắm,Bông tắm,466255413326418_0_0,0,1,Xuân Vương,meidukuy,,122682417,,Chiến dịch mở rộng,0,0,Đơn hàng gián tiếp,0,0,4%,0,0%,0,0,0,,Websites,0,,,
260621KY3A147B,Hoàn thành,Hợp lệ,2026-06-21 03:23:52,2026-06-26 11:29:03,2026-06-26 11:29:03,24142870859,Sữa Tắm Thơm Lâu Le Petit Marseillais Gel 92% Thiên Nhiên Da Nhạy Cảm Nhiều Mùi Hương 650ml,350973489407,Sắc Đẹp,Tắm & chăm sóc cơ thể,Xà phòng & sữa tắm,466255413326418_0_0,400000,1,Hương Hương nè ᥫ᭡,huonghuongne185,,112430963,,Chiến dịch mở rộng,285029,0,Đơn hàng trực tiếp,25652.61,25652.61,9%,0,0%,51305.13,51305.13,0,,Shopeevideo-Shopee,27705,Đã khấu trừ,Khấu trừ theo đơn hàng,2026-06-26 11:29:31
260621KY3A147B,Hoàn thành,Hợp lệ,2026-06-21 03:23:52,2026-06-26 11:29:03,2026-06-26 11:29:03,24142870859,Sữa Tắm Thơm Lâu Le Petit Marseillais Gel 92% Thiên Nhiên Da Nhạy Cảm Nhiều Mùi Hương 650ml,350973489410,Sắc Đẹp,Tắm & chăm sóc cơ thể,Xà phòng & sữa tắm,466255413326418_0_0,400000,1,Hương Hương nè ᥫ᭡,huonghuongne185,,112430963,,Chiến dịch mở rộng,285028,0,Đơn hàng trực tiếp,25652.52,25652.52,9%,0,0%,0,0,0,,Shopeevideo-Shopee,27705,Đã khấu trừ,Khấu trừ theo đơn hàng,2026-06-26 11:29:31
260621KY3A147B,Hoàn thành,Hợp lệ,2026-06-21 03:23:52,2026-06-26 11:29:03,2026-06-26 11:29:03,25644330193,[QUÀ TẶNG KHÔNG BÁN] Bông Tạo Bọt Kì Cọ Tẩy Da Chết Màu Ngẫu Nhiên,346005340612,Nhà cửa & Đời sống,Đồ dùng phòng tắm,Bông tắm,466255413326418_0_0,0,1,Hương Hương nè ᥫ᭡,huonghuongne185,,122682417,,Chiến dịch mở rộng,0,0,Đơn hàng trực tiếp,0,0,8%,0,0%,0,0,0,,Shopeevideo-Shopee,0,,,
260621KMVTKG3H,Hoàn thành,Hợp lệ,2026-06-21 00:21:39,2026-06-26 10:32:38,2026-06-26 10:32:38,25644330193,[QUÀ TẶNG KHÔNG BÁN] Bông Tạo Bọt Kì Cọ Tẩy Da Chết Màu Ngẫu Nhiên,346005340612,Nhà cửa & Đời sống,Đồ dùng phòng tắm,Bông tắm,466255413326418_0_0,0,1,Quỳnh Đặng,rainie_star1210,,122682417,,Chiến dịch mở rộng,0,0,Đơn hàng gián tiếp,0,0,4%,0,0%,9420.795,9420.795,0,,Others,0,,,
260621KMVTKG3H,Hoàn thành,Hợp lệ,2026-06-21 00:21:39,2026-06-26 10:32:38,2026-06-26 10:32:38,29680365284,Dầu Gội Thiên Nhiên Le Petit Marseillais Hữu Cơ Nhiều Mùi Hương 250ml,370971985648,Sắc Đẹp,Chăm sóc tóc,Dầu gội,466255413326418_0_0,270000,1,Quỳnh Đặng,rainie_star1210,,112920799,,Chiến dịch mở rộng,209351,0,Đơn hàng gián tiếp,9420.795,9420.795,"4,5%",0,0%,0,0,0,,Others,10174,Đã khấu trừ,Khấu trừ theo đơn hàng,2026-06-26 10:33:05
260621KGNSDXF6,Hoàn thành,Hợp lệ,2026-06-20 23:05:46,2026-06-26 14:43:35,2026-06-26 14:43:35,25644330193,[QUÀ TẶNG KHÔNG BÁN] Bông Tạo Bọt Kì Cọ Tẩy Da Chết Màu Ngẫu Nhiên,346005340612,Nhà cửa & Đời sống,Đồ dùng phòng tắm,Bông tắm,466255413326418_0_0,0,1,CreatorX Media Network,creatorxmedianetwork,,122682417,,Chiến dịch mở rộng,0,0,Đơn hàng gián tiếp,0,0,4%,0,0%,11620.4,11620.4,0,,Facebook,0,,,
260621KGNSDXF6,Hoàn thành,Hợp lệ,2026-06-20 23:05:46,2026-06-26 14:43:35,2026-06-26 14:43:35,25692866155,Sữa Tắm Nam 4 in 1 92% Thiên Nhiên Le Petit Marseillais Nhiều Mùi Hương 250ml,345969754133,Sắc Đẹp,Chăm sóc nam giới,Sữa tắm & chăm sóc cơ thể,466255413326418_0_0,205000,1,CreatorX Media Network,creatorxmedianetwork,,112434462,,Chiến dịch mở rộng,163999,0,Đơn hàng gián tiếp,6559.96,6559.96,4%,0,0%,0,0,0,,Facebook,7085,Đã khấu trừ,Khấu trừ theo đơn hàng,2026-06-26 14:44:03
260621KGNSDXF6,Hoàn thành,Hợp lệ,2026-06-20 23:05:46,2026-06-26 14:43:35,2026-06-26 14:43:35,27779418515,Sữa Tắm Nam Thơm Lâu 4 in 1 92% Thiên Nhiên Le Petit Marseillais Chiết Xuất Thông Biển & Bạch Đàn 250ml 1356,415969727779,Sắc Đẹp,Chăm sóc nam giới,Sữa tắm & chăm sóc cơ thể,466255413326418_0_0,205000,1,CreatorX Media Network,creatorxmedianetwork,,110663381,,Chiến dịch mở rộng,126511,0,Đơn hàng gián tiếp,5060.44,5060.44,4%,0,0%,0,0,0,,Facebook,5465,Đã khấu trừ,Khấu trừ theo đơn hàng,2026-06-26 14:44:03
260620KGBDJ1RE,Hoàn thành,Hợp lệ,2026-06-20 22:59:59,2026-06-23 15:36:14,2026-06-23 15:36:14,29728471220,Sữa Tắm 92% Thiên Nhiên Le Petit Marseillais Dịu Nhẹ Sữa Vani Hữu Cơ 650ml 0557,430969799743,Sắc Đẹp,Tắm & chăm sóc cơ thể,Xà phòng & sữa tắm,466255413326418_0_0,395000,1,ShopBack Việt Nam,shopbackvn_,,109863144,,Chiến dịch mở rộng,247011,0,Đơn hàng trực tiếp,22230.99,22230.99,9%,0,0%,22230.99,22230.99,0,,ShopbackApp,24009,Đã khấu trừ,Khấu trừ theo đơn hàng,2026-06-23 15:36:40
260620KGBDJ1RE,Hoàn thành,Hợp lệ,2026-06-20 22:59:59,2026-06-23 15:36:14,2026-06-23 15:36:14,25644330193,[QUÀ TẶNG KHÔNG BÁN] Bông Tạo Bọt Kì Cọ Tẩy Da Chết Màu Ngẫu Nhiên,346005340612,Nhà cửa & Đời sống,Đồ dùng phòng tắm,Bông tắm,466255413326418_0_0,0,1,ShopBack Việt Nam,shopbackvn_,,122682417,,Chiến dịch mở rộng,0,0,Đơn hàng trực tiếp,0,0,8%,0,0%,0,0,0,,ShopbackApp,0,,,
260620KFW4T734,Hoàn thành,Hợp lệ,2026-06-20 22:52:00,2026-06-23 20:40:36,2026-06-23 20:40:36,25644330193,[QUÀ TẶNG KHÔNG BÁN] Bông Tạo Bọt Kì Cọ Tẩy Da Chết Màu Ngẫu Nhiên,346005340612,Nhà cửa & Đời sống,Đồ dùng phòng tắm,Bông tắm,466255413326418_0_0,0,1,Shop Phụ kiện VOC,shopphukien_voc,,122682417,,Chiến dịch mở rộng,0,0,Đơn hàng trực tiếp,0,0,8%,0,0%,13553.04,13553.04,0,,Shopeevideo-Shopee,0,,,
260620KFW4T734,Hoàn thành,Hợp lệ,2026-06-20 22:52:00,2026-06-23 20:40:36,2026-06-23 20:40:36,27079878325,"Kem Dưỡng Tay 24h Thiên Nhiên Le Petit Marseillais Chiết Xuất Bơ Hạt Mỡ, Lô Hội, Sắp Ong 75ml 4768",282645716967,Sắc Đẹp,"Chăm sóc tay, chân & móng",Chăm sóc tay,466255413326418_0_0,245000,1,Shop Phụ kiện VOC,shopphukien_voc,,111650089,,Chiến dịch mở rộng,169413,0,Đơn hàng trực tiếp,13553.04,13553.04,8%,0,0%,0,0,0,,Shopeevideo-Shopee,14637,Đã khấu trừ,Khấu trừ theo đơn hàng,2026-06-23 20:41:03
260620KEGE9HUX,Hoàn thành,Hợp lệ,2026-06-20 22:27:06,2026-06-26 10:44:54,2026-06-26 10:44:54,24142870859,Sữa Tắm Thơm Lâu Le Petit Marseillais Gel 92% Thiên Nhiên Da Nhạy Cảm Nhiều Mùi Hương 650ml,350973489410,Sắc Đẹp,Tắm & chăm sóc cơ thể,Xà phòng & sữa tắm,466255413326418_0_0,395000,1,Hương Hương nè ᥫ᭡,huonghuongne185,,112430963,,Chiến dịch mở rộng,246057,0,Đơn hàng trực tiếp,22145.13,22145.13,9%,0,0%,22145.13,22145.13,0,,Shopeevideo-Shopee,23917,Đã khấu trừ,Khấu trừ theo đơn hàng,2026-06-26 10:45:22
260620KEGE9HUX,Hoàn thành,Hợp lệ,2026-06-20 22:27:06,2026-06-26 10:44:54,2026-06-26 10:44:54,25644330193,[QUÀ TẶNG KHÔNG BÁN] Bông Tạo Bọt Kì Cọ Tẩy Da Chết Màu Ngẫu Nhiên,346005340612,Nhà cửa & Đời sống,Đồ dùng phòng tắm,Bông tắm,466255413326418_0_0,0,1,Hương Hương nè ᥫ᭡,huonghuongne185,,122682417,,Chiến dịch mở rộng,0,0,Đơn hàng trực tiếp,0,0,8%,0,0%,0,0,0,,Shopeevideo-Shopee,0,,,
260620KE667AJM,Hoàn thành,Hợp lệ,2026-06-20 22:21:23,2026-06-26 20:18:35,2026-06-26 20:18:35,25644330193,[QUÀ TẶNG KHÔNG BÁN] Bông Tạo Bọt Kì Cọ Tẩy Da Chết Màu Ngẫu Nhiên,346005340612,Nhà cửa & Đời sống,Đồ dùng phòng tắm,Bông tắm,466255413326418_0_0,0,1,ia_vn,ia_vn,,122682417,,Chiến dịch mở rộng,0,0,Đơn hàng gián tiếp,0,0,4%,0,0%,8056,8056,0,,Websites,0,,,
260620KE667AJM,Hoàn thành,Hợp lệ,2026-06-20 22:21:23,2026-06-26 20:18:35,2026-06-26 20:18:35,40302953131,Dầu Gội Nam Sạch Gàu 97% Thiên Nhiên Le Petit Marseillais Chiết Xuất Tinh Dầu Chanh Vàng 250ml 4035,310970659149,Sắc Đẹp,Chăm sóc nam giới,Chăm sóc tóc,466255413326418_0_0,265000,1,ia_vn,ia_vn,,134959857,,Chiến dịch mở rộng,201400,0,Đơn hàng gián tiếp,8056,8056,4%,0,0%,0,0,0,,Websites,8700,Đã khấu trừ,Khấu trừ theo đơn hàng,2026-06-26 20:19:02
260620KE1CM3PD,Hoàn thành,Hợp lệ,2026-06-20 22:18:34,2026-06-26 11:02:58,2026-06-26 11:02:58,24692615669,Sữa Tắm Nam 4 in 1 92% Thiên Nhiên Le Petit Marseillais Chiết Xuất Gỗ Tuyết Tùng & Dương Xỉ 250ml 1172,375969714396,Sắc Đẹp,Chăm sóc nam giới,Sữa tắm & chăm sóc cơ thể,466255413326418_0_0,205000,1,5gmfmvnrfn,5gmfmvnrfn,,110670487,,Chiến dịch mở rộng,159080,0,Đơn hàng gián tiếp,6363.2,6363.2,4%,0,0%,6363.2,6363.2,0,,Others,6872,Đã khấu trừ,Khấu trừ theo đơn hàng,2026-06-26 11:03:26
260620KE1CM3PD,Hoàn thành,Hợp lệ,2026-06-20 22:18:34,2026-06-26 11:02:58,2026-06-26 11:02:58,25644330193,[QUÀ TẶNG KHÔNG BÁN] Bông Tạo Bọt Kì Cọ Tẩy Da Chết Màu Ngẫu Nhiên,346005340612,Nhà cửa & Đời sống,Đồ dùng phòng tắm,Bông tắm,466255413326418_0_0,0,1,5gmfmvnrfn,5gmfmvnrfn,,122682417,,Chiến dịch mở rộng,0,0,Đơn hàng gián tiếp,0,0,4%,0,0%,0,0,0,,Others,0,,,
260620KCXJRY8A,Hoàn thành,Hợp lệ,2026-06-20 21:59:07,2026-06-26 11:26:20,2026-06-26 11:26:20,25644330193,[QUÀ TẶNG KHÔNG BÁN] Bông Tạo Bọt Kì Cọ Tẩy Da Chết Màu Ngẫu Nhiên,346005340612,Nhà cửa & Đời sống,Đồ dùng phòng tắm,Bông tắm,466255413326418_0_0,0,1,ShopBack Việt Nam,shopbackvn_,,122682417,,Chiến dịch mở rộng,0,0,Đơn hàng trực tiếp,0,0,8%,0,0%,26666.28,26666.28,0,,Websites,0,,,
260620KCXJRY8A,Hoàn thành,Hợp lệ,2026-06-20 21:59:07,2026-06-26 11:26:20,2026-06-26 11:26:20,27530290500,Kem Dưỡng Body Lotion 24h Le Petit Marseillais Sữa Cấp Ẩm Hữu Cơ Thiên Nhiên Nhiều Mùi Hương 400ml,272645767605,Sắc Đẹp,Tắm & chăm sóc cơ thể,Kem & sữa dưỡng thể,466255413326418_0_0,485000,1,ShopBack Việt Nam,shopbackvn_,,112716201,,Chiến dịch mở rộng,296292,0,Đơn hàng trực tiếp,26666.28,26666.28,9%,0,0%,0,0,0,,Websites,28800,Đã khấu trừ,Khấu trừ theo đơn hàng,2026-06-26 11:26:51
260620KCAPN6CJ,Hoàn thành,Hợp lệ,2026-06-20 21:47:59,2026-06-26 11:15:56,2026-06-26 11:15:56,25644330193,[QUÀ TẶNG KHÔNG BÁN] Bông Tạo Bọt Kì Cọ Tẩy Da Chết Màu Ngẫu Nhiên,346005340612,Nhà cửa & Đời sống,Đồ dùng phòng tắm,Bông tắm,466255413326418_0_0,0,1,Ivan,ivanclickadu311,,122682417,,Chiến dịch mở rộng,0,0,Đơn hàng gián tiếp,0,0,4%,0,0%,11038.24,11038.24,0,,Websites,0,,,
260620KCAPN6CJ,Hoàn thành,Hợp lệ,2026-06-20 21:47:59,2026-06-26 11:15:56,2026-06-26 11:15:56,25692866155,Sữa Tắm Nam 4 in 1 92% Thiên Nhiên Le Petit Marseillais Nhiều Mùi Hương 250ml,345969754133,Sắc Đẹp,Chăm sóc nam giới,Sữa tắm & chăm sóc cơ thể,466255413326418_0_0,205000,1,Ivan,ivanclickadu311,,112434462,,Chiến dịch mở rộng,137978,0,Đơn hàng gián tiếp,5519.12,5519.12,4%,0,0%,0,0,0,,Websites,5961,Đã khấu trừ,Khấu trừ theo đơn hàng,2026-06-26 11:16:23
260620KCAPN6CJ,Hoàn thành,Hợp lệ,2026-06-20 21:47:59,2026-06-26 11:15:56,2026-06-26 11:15:56,25692866155,Sữa Tắm Nam 4 in 1 92% Thiên Nhiên Le Petit Marseillais Nhiều Mùi Hương 250ml,345969754134,Sắc Đẹp,Chăm sóc nam giới,Sữa tắm & chăm sóc cơ thể,466255413326418_0_0,205000,1,Ivan,ivanclickadu311,,112434462,,Chiến dịch mở rộng,137978,0,Đơn hàng gián tiếp,5519.12,5519.12,4%,0,0%,0,0,0,,Websites,5961,Đã khấu trừ,Khấu trừ theo đơn hàng,2026-06-26 11:16:23
260620KBY5K8RW,Hoàn thành,Hợp lệ,2026-06-20 21:41:32,2026-06-26 09:20:54,2026-06-26 09:20:54,25644330193,[QUÀ TẶNG KHÔNG BÁN] Bông Tạo Bọt Kì Cọ Tẩy Da Chết Màu Ngẫu Nhiên,346005340612,Nhà cửa & Đời sống,Đồ dùng phòng tắm,Bông tắm,466255413326418_0_0,0,1,Annhi68,haannhi68,,122682417,,Chiến dịch mở rộng,0,0,Đơn hàng trực tiếp,0,0,8%,0,0%,28800,28800,0,,Zalo,0,,,
260620KBY5K8RW,Hoàn thành,Hợp lệ,2026-06-20 21:41:32,2026-06-26 09:20:54,2026-06-26 09:20:54,28830365069,Dầu Gội Thiên Nhiên Le Petit Marseillais Hữu Cơ Nhiều Mùi Hương 300ml,435970130566,Sắc Đẹp,Chăm sóc tóc,Dầu gội,466255413326418_0_0,415000,1,Annhi68,haannhi68,,112918398,,Chiến dịch mở rộng,320000,0,Đơn hàng trực tiếp,28800,28800,9%,0,0%,0,0,0,,Zalo,31104,Đã khấu trừ,Khấu trừ theo đơn hàng,2026-06-26 09:21:20
260620KAK5YUD3,Hoàn thành,Hợp lệ,2026-06-20 21:16:56,2026-06-26 16:36:19,2026-06-26 16:36:19,25644330193,[QUÀ TẶNG KHÔNG BÁN] Bông Tạo Bọt Kì Cọ Tẩy Da Chết Màu Ngẫu Nhiên,346005340612,Nhà cửa & Đời sống,Đồ dùng phòng tắm,Bông tắm,466255413326418_0_0,0,1,Chuyên review sạch,hanhikieu1709,KakaOnline,122682417,,Chiến dịch mở rộng,0,0,Đơn hàng trực tiếp,0,0,8%,0,0%,10371.36,10371.36,0,,Shopeevideo-Shopee,0,,,
260620KAK5YUD3,Hoàn thành,Hợp lệ,2026-06-20 21:16:56,2026-06-26 16:36:19,2026-06-26 16:36:19,25692866155,Sữa Tắm Nam 4 in 1 92% Thiên Nhiên Le Petit Marseillais Nhiều Mùi Hương 250ml,345969754130,Sắc Đẹp,Chăm sóc nam giới,Sữa tắm & chăm sóc cơ thể,466255413326418_0_0,205000,1,Chuyên review sạch,hanhikieu1709,KakaOnline,112434462,,Chiến dịch mở rộng,129642,0,Đơn hàng trực tiếp,10371.36,10371.36,8%,0,0%,0,0,0,,Shopeevideo-Shopee,11201,Đã khấu trừ,Khấu trừ theo đơn hàng,2026-06-26 16:36:47
260620KA6XYFT0,Hoàn thành,Hợp lệ,2026-06-20 21:10:07,2026-06-26 10:10:16,2026-06-26 10:10:16,29480146096,Sữa Tắm Thiên Nhiên 92% Le Petit Marseillais Nhiều Mùi Hương 250ml,315970228700,Sắc Đẹp,Tắm & chăm sóc cơ thể,Xà phòng & sữa tắm,466255413326418_0_0,205000,1,Hương hương review,ok6tfg3ykw,Webhome Media,112409565,,Chiến dịch mở rộng,158880,0,Đơn hàng trực tiếp,14299.2,14299.2,9%,0,0%,14299.2,14299.2,0,,Shopeelive-Shopee,15443,Đã khấu trừ,Khấu trừ theo đơn hàng,2026-06-26 10:10:44
260620KA6XYFT0,Hoàn thành,Hợp lệ,2026-06-20 21:10:07,2026-06-26 10:10:16,2026-06-26 10:10:16,25644330193,[QUÀ TẶNG KHÔNG BÁN] Bông Tạo Bọt Kì Cọ Tẩy Da Chết Màu Ngẫu Nhiên,346005340612,Nhà cửa & Đời sống,Đồ dùng phòng tắm,Bông tắm,466255413326418_0_0,0,1,Hương hương review,ok6tfg3ykw,Webhome Media,122682417,,Chiến dịch mở rộng,0,0,Đơn hàng trực tiếp,0,0,8%,0,0%,0,0,0,,Shopeelive-Shopee,0,,,
260620KA2WA4C7,Hoàn thành,Hợp lệ,2026-06-20 21:08:12,2026-06-27 11:17:24,2026-06-27 11:17:24,24142870859,Sữa Tắm Thơm Lâu Le Petit Marseillais Gel 92% Thiên Nhiên Da Nhạy Cảm Nhiều Mùi Hương 650ml,350973489407,Sắc Đẹp,Tắm & chăm sóc cơ thể,Xà phòng & sữa tắm,466255413326418_0_0,395000,1,Opera,opera109,,112430963,,Chiến dịch mở rộng,246057,0,Đơn hàng gián tiếp,11072.565,11072.565,"4,5%",0,0%,11072.565,11072.565,0,,Others,11958,Đã khấu trừ,Khấu trừ theo đơn hàng,2026-06-27 11:17:51
260620KA2WA4C7,Hoàn thành,Hợp lệ,2026-06-20 21:08:12,2026-06-27 11:17:24,2026-06-27 11:17:24,25644330193,[QUÀ TẶNG KHÔNG BÁN] Bông Tạo Bọt Kì Cọ Tẩy Da Chết Màu Ngẫu Nhiên,346005340612,Nhà cửa & Đời sống,Đồ dùng phòng tắm,Bông tắm,466255413326418_0_0,0,1,Opera,opera109,,122682417,,Chiến dịch mở rộng,0,0,Đơn hàng gián tiếp,0,0,4%,0,0%,0,0,0,,Others,0,,,
260620K9MMFW63,Hoàn thành,Hợp lệ,2026-06-20 20:59:53,2026-06-26 10:47:18,2026-06-26 10:47:18,25644330193,[QUÀ TẶNG KHÔNG BÁN] Bông Tạo Bọt Kì Cọ Tẩy Da Chết Màu Ngẫu Nhiên,346005340612,Nhà cửa & Đời sống,Đồ dùng phòng tắm,Bông tắm,466255413326418_0_0,0,1,Hồ Lê Hoài Quốc,hoiquchl,,122682417,,Chiến dịch mở rộng,0,0,Đơn hàng gián tiếp,0,0,4%,0,0%,5248.92,5248.92,0,,Facebook,0,,,
260620K9MMFW63,Hoàn thành,Hợp lệ,2026-06-20 20:59:53,2026-06-26 10:47:18,2026-06-26 10:47:18,25692866155,Sữa Tắm Nam 4 in 1 92% Thiên Nhiên Le Petit Marseillais Nhiều Mùi Hương 250ml,345969754133,Sắc Đẹp,Chăm sóc nam giới,Sữa tắm & chăm sóc cơ thể,466255413326418_0_0,205000,1,Hồ Lê Hoài Quốc,hoiquchl,,112434462,,Chiến dịch mở rộng,131223,0,Đơn hàng gián tiếp,5248.92,5248.92,4%,0,0%,0,0,0,,Facebook,5669,Đã khấu trừ,Khấu trừ theo đơn hàng,2026-06-26 10:47:45
260620K6NM3K74,Hoàn thành,Hợp lệ,2026-06-20 20:06:44,2026-06-23 20:19:09,2026-06-23 20:19:09,44004810239,Combo Dầu Gội Xả Thiên Nhiên Chăm Sóc Tóc Le Petit Marseillais Mềm Mượt,380972210352,Sắc Đẹp,Chăm sóc tóc,Dầu gội,,515000,1,Hải Yến,hiynphm780,,140733646,,Chiến dịch mở rộng,355626,0,Đơn hàng gián tiếp,16003.17,16003.17,"4,5%",0,0%,16003.17,16003.17,0,,Facebook,17283,Đã khấu trừ,Khấu trừ theo đơn hàng,2026-06-23 20:19:36
260620K65BFHBQ,Hoàn thành,Hợp lệ,2026-06-20 19:57:59,2026-06-26 13:37:10,2026-06-26 13:37:10,25644330193,[QUÀ TẶNG KHÔNG BÁN] Bông Tạo Bọt Kì Cọ Tẩy Da Chết Màu Ngẫu Nhiên,346005340612,Nhà cửa & Đời sống,Đồ dùng phòng tắm,Bông tắm,466255413326418_0_0,0,1,Bụng To,lcaffnetwork,,122682417,,Chiến dịch mở rộng,0,0,Đơn hàng gián tiếp,0,0,4%,0,0%,7158.6,7158.6,0,,Facebook,0,,,
260620K65BFHBQ,Hoàn thành,Hợp lệ,2026-06-20 19:57:59,2026-06-26 13:37:10,2026-06-26 13:37:10,29480146096,Sữa Tắm Thiên Nhiên 92% Le Petit Marseillais Nhiều Mùi Hương 250ml,315970228700,Sắc Đẹp,Tắm & chăm sóc cơ thể,Xà phòng & sữa tắm,466255413326418_0_0,205000,1,Bụng To,lcaffnetwork,,112409565,,Chiến dịch mở rộng,159080,0,Đơn hàng gián tiếp,7158.6,7158.6,"4,5%",0,0%,0,0,0,,Facebook,7731,Đã khấu trừ,Khấu trừ theo đơn hàng,2026-06-26 13:37:37
260620K6311W66,Hoàn thành,Hợp lệ,2026-06-20 19:56:19,2026-06-25 07:24:55,2026-06-25 07:24:55,42172192529,Sữa Rửa Tay Thiên Nhiên 98% Le Petit Marseillais Dịu Nhẹ Chiết Xuất Sữa Thực Vật 300ml 0675,218837653363,Sắc Đẹp,"Chăm sóc tay, chân & móng",Chăm sóc tay,,290000,1,Ngân Sage Daily 🎀,cunhung8989,,176519944,,Chiến dịch mở rộng,214700,0,Đơn hàng gián tiếp,8588,8588,4%,0,0%,17176,17176,0,,Instagram,9275,Đã khấu trừ,Khấu trừ theo đơn hàng,2026-06-25 14:17:40
260620K6311W66,Hoàn thành,Hợp lệ,2026-06-20 19:56:19,2026-06-25 07:24:55,2026-06-25 07:24:55,42522192378,Gel Rửa Tay Thiên Nhiên 92% Le Petit Marseillais Có Tác Dụng Kháng Khuẩn Với Chiết Xuất Tinh Dầu Xô Thơm 300ml 0613,355970310527,Sắc Đẹp,"Chăm sóc tay, chân & móng",Chăm sóc tay,,290000,1,Ngân Sage Daily 🎀,cunhung8989,,176521732,,Chiến dịch mở rộng,214700,0,Đơn hàng gián tiếp,8588,8588,4%,0,0%,0,0,0,,Instagram,9275,Đã khấu trừ,Khấu trừ theo đơn hàng,2026-06-25 14:17:40
260620K62TANDJ,Hoàn thành,Hợp lệ,2026-06-20 19:56:12,2026-06-23 13:50:01,2026-06-23 13:50:01,25644330193,[QUÀ TẶNG KHÔNG BÁN] Bông Tạo Bọt Kì Cọ Tẩy Da Chết Màu Ngẫu Nhiên,346005340612,Nhà cửa & Đời sống,Đồ dùng phòng tắm,Bông tắm,466255413326418_0_0,0,1,Đẹp hơn mỗi ngày,ke0bohwxhi,,122682417,,Chiến dịch mở rộng,0,0,Đơn hàng gián tiếp,0,0,4%,0,0%,9184,9184,0,,Facebook,0,,,
260620K62TANDJ,Hoàn thành,Hợp lệ,2026-06-20 19:56:12,2026-06-23 13:50:01,2026-06-23 13:50:01,25692866155,Sữa Tắm Nam 4 in 1 92% Thiên Nhiên Le Petit Marseillais Nhiều Mùi Hương 250ml,345969754131,Sắc Đẹp,Chăm sóc nam giới,Sữa tắm & chăm sóc cơ thể,466255413326418_0_0,205000,1,Đẹp hơn mỗi ngày,ke0bohwxhi,,112434462,,Chiến dịch mở rộng,114800,0,Đơn hàng gián tiếp,4592,4592,4%,0,0%,0,0,0,,Facebook,4959,Đã khấu trừ,Khấu trừ theo đơn hàng,2026-06-23 13:50:28
260620K62TANDJ,Hoàn thành,Hợp lệ,2026-06-20 19:56:12,2026-06-23 13:50:01,2026-06-23 13:50:01,25692866155,Sữa Tắm Nam 4 in 1 92% Thiên Nhiên Le Petit Marseillais Nhiều Mùi Hương 250ml,345969754134,Sắc Đẹp,Chăm sóc nam giới,Sữa tắm & chăm sóc cơ thể,466255413326418_0_0,205000,1,Đẹp hơn mỗi ngày,ke0bohwxhi,,112434462,,Chiến dịch mở rộng,114800,0,Đơn hàng gián tiếp,4592,4592,4%,0,0%,0,0,0,,Facebook,4959,Đã khấu trừ,Khấu trừ theo đơn hàng,2026-06-23 13:50:28
260620K4U4443U,Hoàn thành,Hợp lệ,2026-06-20 19:34:23,2026-06-26 11:18:26,2026-06-26 11:18:26,24142870859,Sữa Tắm Thơm Lâu Le Petit Marseillais Gel 92% Thiên Nhiên Da Nhạy Cảm Nhiều Mùi Hương 650ml,350973489406,Sắc Đẹp,Tắm & chăm sóc cơ thể,Xà phòng & sữa tắm,466255413326418_0_0,395000,1,Ivan,ivanclickadu311,,112430963,,Chiến dịch mở rộng,246057,0,Đơn hàng gián tiếp,11072.565,11072.565,"4,5%",0,0%,11072.565,11072.565,0,,Websites,11958,Đã khấu trừ,Khấu trừ theo đơn hàng,2026-06-26 11:18:54
260620K4U4443U,Hoàn thành,Hợp lệ,2026-06-20 19:34:23,2026-06-26 11:18:26,2026-06-26 11:18:26,25644330193,[QUÀ TẶNG KHÔNG BÁN] Bông Tạo Bọt Kì Cọ Tẩy Da Chết Màu Ngẫu Nhiên,346005340612,Nhà cửa & Đời sống,Đồ dùng phòng tắm,Bông tắm,466255413326418_0_0,0,1,Ivan,ivanclickadu311,,122682417,,Chiến dịch mở rộng,0,0,Đơn hàng gián tiếp,0,0,4%,0,0%,0,0,0,,Websites,0,,,
260620K4P3U68T,Hoàn thành,Hợp lệ,2026-06-20 19:31:12,2026-06-23 13:14:56,2026-06-23 13:14:56,24142870859,Sữa Tắm Thơm Lâu Le Petit Marseillais Gel 92% Thiên Nhiên Da Nhạy Cảm Nhiều Mùi Hương 650ml,350973489410,Sắc Đẹp,Tắm & chăm sóc cơ thể,Xà phòng & sữa tắm,466255413326418_0_0,395000,1,Opera,opera109,,112430963,,Chiến dịch mở rộng,246057,0,Đơn hàng gián tiếp,11072.565,11072.565,"4,5%",0,0%,11072.565,11072.565,0,,Others,11958,Đã khấu trừ,Khấu trừ theo đơn hàng,2026-06-23 13:15:23
260620K4P3U68T,Hoàn thành,Hợp lệ,2026-06-20 19:31:12,2026-06-23 13:14:56,2026-06-23 13:14:56,25644330193,[QUÀ TẶNG KHÔNG BÁN] Bông Tạo Bọt Kì Cọ Tẩy Da Chết Màu Ngẫu Nhiên,346005340612,Nhà cửa & Đời sống,Đồ dùng phòng tắm,Bông tắm,466255413326418_0_0,0,1,Opera,opera109,,122682417,,Chiến dịch mở rộng,0,0,Đơn hàng gián tiếp,0,0,4%,0,0%,0,0,0,,Others,0,,,
260620K3YKTW6E,Hoàn thành,Hợp lệ,2026-06-20 19:18:41,2026-06-26 15:24:23,2026-06-26 15:24:23,24142870859,Sữa Tắm Thơm Lâu Le Petit Marseillais Gel 92% Thiên Nhiên Da Nhạy Cảm Nhiều Mùi Hương 650ml,350973489409,Sắc Đẹp,Tắm & chăm sóc cơ thể,Xà phòng & sữa tắm,466255413326418_0_0,395000,1,Nguyệt Nguyễn,nguyetnt1404,,112430963,,Chiến dịch mở rộng,302663,0,Đơn hàng gián tiếp,13619.835,13619.835,"4,5%",0,0%,23580.955,23580.955,0,,Others,14709,Đã khấu trừ,Khấu trừ theo đơn hàng,2026-06-26 15:24:51
260620K3YKTW6E,Hoàn thành,Hợp lệ,2026-06-20 19:18:41,2026-06-26 15:24:23,2026-06-26 15:24:23,25644330193,[QUÀ TẶNG KHÔNG BÁN] Bông Tạo Bọt Kì Cọ Tẩy Da Chết Màu Ngẫu Nhiên,346005340612,Nhà cửa & Đời sống,Đồ dùng phòng tắm,Bông tắm,466255413326418_0_0,0,1,Nguyệt Nguyễn,nguyetnt1404,,122682417,,Chiến dịch mở rộng,0,0,Đơn hàng gián tiếp,0,0,4%,0,0%,0,0,0,,Others,0,,,
260620K3YKTW6E,Hoàn thành,Hợp lệ,2026-06-20 19:18:41,2026-06-26 15:24:23,2026-06-26 15:24:23,40150321685,Dầu Gội Trẻ Em 2in1 94% Thiên Nhiên Le Petit Marseillais Giúp Gỡ Rối Tóc Chiết Xuất Quả Mâm Xôi & Bông 300ml 0442,310970725469,Mẹ & Bé,Đồ dùng phòng tắm & Chăm sóc cơ thể bé,Sản phẩm tắm & gội cho bé,466255413326418_0_0,325000,1,Nguyệt Nguyễn,nguyetnt1404,,128185567,,Chiến dịch mở rộng,249028,0,Đơn hàng gián tiếp,9961.12,9961.12,4%,0,0%,0,0,0,,Others,10758,Đã khấu trừ,Khấu trừ theo đơn hàng,2026-06-26 15:24:51
260620JXY4B5C6,Hoàn thành,Hợp lệ,2026-06-20 17:49:14,2026-06-26 13:44:31,2026-06-26 13:44:31,25644330193,[QUÀ TẶNG KHÔNG BÁN] Bông Tạo Bọt Kì Cọ Tẩy Da Chết Màu Ngẫu Nhiên,346005340612,Nhà cửa & Đời sống,Đồ dùng phòng tắm,Bông tắm,466255413326418_0_0,0,1,ShopBack Việt Nam,shopbackvn_,,122682417,,Chiến dịch mở rộng,0,0,Đơn hàng trực tiếp,0,0,8%,0,0%,14317.2,14317.2,0,,ShopbackApp,0,,,
260620JXY4B5C6,Hoàn thành,Hợp lệ,2026-06-20 17:49:14,2026-06-26 13:44:31,2026-06-26 13:44:31,29480146096,Sữa Tắm Thiên Nhiên 92% Le Petit Marseillais Nhiều Mùi Hương 250ml,315970228701,Sắc Đẹp,Tắm & chăm sóc cơ thể,Xà phòng & sữa tắm,466255413326418_0_0,205000,1,ShopBack Việt Nam,shopbackvn_,,112409565,,Chiến dịch mở rộng,159080,0,Đơn hàng trực tiếp,14317.2,14317.2,9%,0,0%,0,0,0,,ShopbackApp,15463,Đã khấu trừ,Khấu trừ theo đơn hàng,2026-06-26 13:44:57
260620JX3H6SS4,Hoàn thành,Hợp lệ,2026-06-20 17:33:26,2026-06-27 11:09:45,2026-06-27 11:09:45,24142870859,Sữa Tắm Thơm Lâu Le Petit Marseillais Gel 92% Thiên Nhiên Da Nhạy Cảm Nhiều Mùi Hương 650ml,350973489413,Sắc Đẹp,Tắm & chăm sóc cơ thể,Xà phòng & sữa tắm,466255413326418_0_0,395000,1,Lanh Chanh Review,ngvinh445,,112430963,,Chiến dịch mở rộng,293376,0,Đơn hàng gián tiếp,13201.92,13201.92,"4,5%",0,0%,22059,22059,0,,Facebook,14258,Đã khấu trừ,Khấu trừ theo đơn hàng,2026-06-27 11:10:16
260620JX3H6SS4,Hoàn thành,Hợp lệ,2026-06-20 17:33:26,2026-06-27 11:09:45,2026-06-27 11:09:45,25644330193,[QUÀ TẶNG KHÔNG BÁN] Bông Tạo Bọt Kì Cọ Tẩy Da Chết Màu Ngẫu Nhiên,346005340612,Nhà cửa & Đời sống,Đồ dùng phòng tắm,Bông tắm,466255413326418_0_0,0,1,Lanh Chanh Review,ngvinh445,,122682417,,Chiến dịch mở rộng,0,0,Đơn hàng gián tiếp,0,0,4%,0,0%,0,0,0,,Facebook,0,,,
260620JX3H6SS4,Hoàn thành,Hợp lệ,2026-06-20 17:33:26,2026-06-27 11:09:45,2026-06-27 11:09:45,29680365284,Dầu Gội Thiên Nhiên Le Petit Marseillais Hữu Cơ Nhiều Mùi Hương 250ml,370971985648,Sắc Đẹp,Chăm sóc tóc,Dầu gội,466255413326418_0_0,265000,1,Lanh Chanh Review,ngvinh445,,112920799,,Chiến dịch mở rộng,196824,0,Đơn hàng gián tiếp,8857.08,8857.08,"4,5%",0,0%,0,0,0,,Facebook,9566,Đã khấu trừ,Khấu trừ theo đơn hàng,2026-06-27 11:10:16
260620JVT4H25W,Hoàn thành,Hợp lệ,2026-06-20 17:10:17,2026-06-26 13:12:26,2026-06-26 13:12:26,29480146096,Sữa Tắm Thiên Nhiên 92% Le Petit Marseillais Nhiều Mùi Hương 250ml,310970228930,Sắc Đẹp,Tắm & chăm sóc cơ thể,Xà phòng & sữa tắm,,205000,1,Gia Dụng Tiện Ích,_3qs6p07lw,"Accesstrade,Interspace",112409565,,Chiến dịch mở rộng,148850,0,Đơn hàng gián tiếp,6698.25,6698.25,"4,5%",0,0%,6698.25,6698.25,0,,Facebook,7234,Đã khấu trừ,Khấu trừ theo đơn hàng,2026-06-26 13:12:53
260620JUNP6X67,Hoàn thành,Hợp lệ,2026-06-20 16:49:55,2026-06-26 12:07:39,2026-06-26 12:07:39,25644330193,[QUÀ TẶNG KHÔNG BÁN] Bông Tạo Bọt Kì Cọ Tẩy Da Chết Màu Ngẫu Nhiên,346005340612,Nhà cửa & Đời sống,Đồ dùng phòng tắm,Bông tắm,466255413326418_0_0,0,1,Hiếu QT,lngchiu380,,122682417,,Chiến dịch mở rộng,0,0,Đơn hàng trực tiếp,0,0,8%,0,0%,27018,27018,0,,Shopeevideo-Shopee,0,,,
260620JUNP6X67,Hoàn thành,Hợp lệ,2026-06-20 16:49:55,2026-06-26 12:07:39,2026-06-26 12:07:39,29480146096,Sữa Tắm Thiên Nhiên 92% Le Petit Marseillais Nhiều Mùi Hương 250ml,310970228927,Sắc Đẹp,Tắm & chăm sóc cơ thể,Xà phòng & sữa tắm,466255413326418_0_0,205000,1,Hiếu QT,lngchiu380,,112409565,,Chiến dịch mở rộng,150100,0,Đơn hàng trực tiếp,13509,13509,9%,0,0%,0,0,0,,Shopeevideo-Shopee,14590,Đã khấu trừ,Khấu trừ theo đơn hàng,2026-06-26 12:08:06
260620JUNP6X67,Hoàn thành,Hợp lệ,2026-06-20 16:49:55,2026-06-26 12:07:39,2026-06-26 12:07:39,29480146096,Sữa Tắm Thiên Nhiên 92% Le Petit Marseillais Nhiều Mùi Hương 250ml,315970228697,Sắc Đẹp,Tắm & chăm sóc cơ thể,Xà phòng & sữa tắm,466255413326418_0_0,205000,1,Hiếu QT,lngchiu380,,112409565,,Chiến dịch mở rộng,150100,0,Đơn hàng trực tiếp,13509,13509,9%,0,0%,0,0,0,,Shopeevideo-Shopee,14590,Đã khấu trừ,Khấu trừ theo đơn hàng,2026-06-26 12:08:06
260620JTU89PKW,Hoàn thành,Hợp lệ,2026-06-20 16:35:08,2026-06-26 13:42:01,2026-06-26 13:42:01,25644330193,[QUÀ TẶNG KHÔNG BÁN] Bông Tạo Bọt Kì Cọ Tẩy Da Chết Màu Ngẫu Nhiên,346005340612,Nhà cửa & Đời sống,Đồ dùng phòng tắm,Bông tắm,466255413326418_0_0,0,1,accesstradevn,accesstradevn,,122682417,,Chiến dịch mở rộng,0,0,Đơn hàng trực tiếp,0,0,8%,0,0%,10120.96,10120.96,0,,Others,0,,,
260620JTU89PKW,Hoàn thành,Hợp lệ,2026-06-20 16:35:08,2026-06-26 13:42:01,2026-06-26 13:42:01,25692866155,Sữa Tắm Nam 4 in 1 92% Thiên Nhiên Le Petit Marseillais Nhiều Mùi Hương 250ml,345969754133,Sắc Đẹp,Chăm sóc nam giới,Sữa tắm & chăm sóc cơ thể,466255413326418_0_0,205000,1,accesstradevn,accesstradevn,,112434462,,Chiến dịch mở rộng,126512,0,Đơn hàng trực tiếp,10120.96,10120.96,8%,0,0%,0,0,0,,Others,10931,Đã khấu trừ,Khấu trừ theo đơn hàng,2026-06-26 13:42:32
260620JT54P66U,Hoàn thành,Hợp lệ,2026-06-20 16:22:52,2026-06-24 12:26:59,2026-06-24 12:26:59,25644330193,[QUÀ TẶNG KHÔNG BÁN] Bông Tạo Bọt Kì Cọ Tẩy Da Chết Màu Ngẫu Nhiên,346005340612,Nhà cửa & Đời sống,Đồ dùng phòng tắm,Bông tắm,466255413326418_0_0,0,1,ToyStation,baanh9871,,122682417,,Chiến dịch mở rộng,0,0,Đơn hàng gián tiếp,0,0,4%,0,0%,5918.04,5918.04,0,,Others,0,,,
260620JT54P66U,Hoàn thành,Hợp lệ,2026-06-20 16:22:52,2026-06-24 12:26:59,2026-06-24 12:26:59,29480146096,Sữa Tắm Thiên Nhiên 92% Le Petit Marseillais Nhiều Mùi Hương 250ml,315970228700,Sắc Đẹp,Tắm & chăm sóc cơ thể,Xà phòng & sữa tắm,466255413326418_0_0,205000,1,ToyStation,baanh9871,,112409565,,Chiến dịch mở rộng,131512,0,Đơn hàng gián tiếp,5918.04,5918.04,"4,5%",0,0%,0,0,0,,Others,6391,Đã khấu trừ,Khấu trừ theo đơn hàng,2026-06-24 12:27:26
260620JS7PE8ND,Hoàn thành,Hợp lệ,2026-06-20 16:06:18,2026-06-21 12:06:52,2026-06-21 12:06:52,42422207632,Dầu Xả Dưỡng Tóc Thiên Nhiên 95% Le Petit Marseillais Dịu Nhẹ Siêu Mềm Mượt Nhiều Mùi Hương 200ml,297646808535,Sắc Đẹp,Chăm sóc tóc,Dầu xả,466255413326418_0_0,245000,1,Review chat,r0de6b67s2,,176556107,,Chiến dịch mở rộng,190120,0,Đơn hàng trực tiếp,17110.8,17110.8,9%,0,0%,17110.8,17110.8,0,,Shopeevideo-Shopee,18480,Đã khấu trừ,Khấu trừ theo đơn hàng,2026-06-21 12:07:18
260620JS7PE8ND,Hoàn thành,Hợp lệ,2026-06-20 16:06:18,2026-06-21 12:06:52,2026-06-21 12:06:52,25644330193,[QUÀ TẶNG KHÔNG BÁN] Bông Tạo Bọt Kì Cọ Tẩy Da Chết Màu Ngẫu Nhiên,346005340612,Nhà cửa & Đời sống,Đồ dùng phòng tắm,Bông tắm,466255413326418_0_0,0,1,Review chat,r0de6b67s2,,122682417,,Chiến dịch mở rộng,0,0,Đơn hàng trực tiếp,0,0,8%,0,0%,0,0,0,,Shopeevideo-Shopee,0,,,
260620JRTB537N,Hoàn thành,Hợp lệ,2026-06-20 15:58:49,2026-06-26 13:12:24,2026-06-26 13:12:24,25644330193,[QUÀ TẶNG KHÔNG BÁN] Bông Tạo Bọt Kì Cọ Tẩy Da Chết Màu Ngẫu Nhiên,346005340612,Nhà cửa & Đời sống,Đồ dùng phòng tắm,Bông tắm,466255413326418_0_0,0,1,mngocshop133,mngocshop133,"Accesstrade,Interspace",122682417,,Chiến dịch mở rộng,0,0,Đơn hàng trực tiếp,0,0,8%,0,0%,17219.7,17219.7,0,,Shopeelive-Shopee,0,,,
260620JRTB537N,Hoàn thành,Hợp lệ,2026-06-20 15:58:49,2026-06-26 13:12:24,2026-06-26 13:12:24,28980146591,Gel Tắm Hữu Cơ BIO 98% Thiên Nhiên Le Petit Marseillais Nhiều Mùi Hương 250ml,315970996473,Sắc Đẹp,Tắm & chăm sóc cơ thể,Xà phòng & sữa tắm,466255413326418_0_0,265000,1,mngocshop133,mngocshop133,"Accesstrade,Interspace",112420787,,Chiến dịch mở rộng,191330,0,Đơn hàng trực tiếp,17219.7,17219.7,9%,0,0%,0,0,0,,Shopeelive-Shopee,18597,Đã khấu trừ,Khấu trừ theo đơn hàng,2026-06-26 13:12:52
260620JQTFNQF3,Hoàn thành,Hợp lệ,2026-06-20 15:41:01,2026-06-21 16:01:16,2026-06-21 16:01:16,24142870859,Sữa Tắm Thơm Lâu Le Petit Marseillais Gel 92% Thiên Nhiên Da Nhạy Cảm Nhiều Mùi Hương 650ml,350973489402,Sắc Đẹp,Tắm & chăm sóc cơ thể,Xà phòng & sữa tắm,466255413326418_0_0,395000,1,ShopBack Việt Nam,shopbackvn_,,112430963,,Chiến dịch mở rộng,245945,0,Đơn hàng gián tiếp,11067.525,11067.525,"4,5%",0,0%,11067.525,11067.525,0,,ShopbackApp,11953,Đã khấu trừ,Khấu trừ theo đơn hàng,2026-06-21 16:01:42
260620JQTFNQF3,Hoàn thành,Hợp lệ,2026-06-20 15:41:01,2026-06-21 16:01:16,2026-06-21 16:01:16,25644330193,[QUÀ TẶNG KHÔNG BÁN] Bông Tạo Bọt Kì Cọ Tẩy Da Chết Màu Ngẫu Nhiên,346005340612,Nhà cửa & Đời sống,Đồ dùng phòng tắm,Bông tắm,466255413326418_0_0,0,1,ShopBack Việt Nam,shopbackvn_,,122682417,,Chiến dịch mở rộng,0,0,Đơn hàng gián tiếp,0,0,4%,0,0%,0,0,0,,ShopbackApp,0,,,
260620JHE690T1,Hoàn thành,Hợp lệ,2026-06-20 13:46:45,2026-06-24 13:03:28,2026-06-24 13:03:28,25644330193,[QUÀ TẶNG KHÔNG BÁN] Bông Tạo Bọt Kì Cọ Tẩy Da Chết Màu Ngẫu Nhiên,346005340612,Nhà cửa & Đời sống,Đồ dùng phòng tắm,Bông tắm,466255413326418_0_0,0,1,Thích Họp Chợ,lgprnctog1,,122682417,,Chiến dịch mở rộng,0,0,Đơn hàng trực tiếp,0,0,8%,0,0%,12726.4,12726.4,0,,Shopeevideo-Shopee,0,,,
260620JHE690T1,Hoàn thành,Hợp lệ,2026-06-20 13:46:45,2026-06-24 13:03:28,2026-06-24 13:03:28,29628482446,Sữa Tắm Pháp 92% Thiên Nhiên Le Petit Marseillais Dịu Nhẹ Mâm Xôi Hữu Cơ & Hoa Mẫu Đơn 250ml 8441,340969666086,Sắc Đẹp,Tắm & chăm sóc cơ thể,Xà phòng & sữa tắm,466255413326418_0_0,205000,1,Thích Họp Chợ,lgprnctog1,,109863148,,Chiến dịch mở rộng,159080,0,Đơn hàng trực tiếp,12726.4,12726.4,8%,0,0%,0,0,0,,Shopeevideo-Shopee,13745,Đã khấu trừ,Khấu trừ theo đơn hàng,2026-06-24 13:03:55
260620JGH0KNK9,Hoàn thành,Hợp lệ,2026-06-20 13:30:26,2026-06-24 11:13:08,2026-06-24 11:13:08,25692866155,Sữa Tắm Nam 4 in 1 92% Thiên Nhiên Le Petit Marseillais Nhiều Mùi Hương 250ml,345969754134,Sắc Đẹp,Chăm sóc nam giới,Sữa tắm & chăm sóc cơ thể,,205000,1,ShopBack Việt Nam,shopbackvn_,,112434462,,Chiến dịch mở rộng,129556,0,Đơn hàng trực tiếp,10364.48,10364.48,8%,0,0%,10364.48,10364.48,0,,ShopbackApp,11194,Đã khấu trừ,Khấu trừ theo đơn hàng,2026-06-24 11:13:34
260620JFMGXANP,Hoàn thành,Hợp lệ,2026-06-20 13:14:37,2026-06-24 11:34:12,2026-06-24 11:34:12,24142870859,Sữa Tắm Thơm Lâu Le Petit Marseillais Gel 92% Thiên Nhiên Da Nhạy Cảm Nhiều Mùi Hương 650ml,350973489412,Sắc Đẹp,Tắm & chăm sóc cơ thể,Xà phòng & sữa tắm,466255413326418_0_0,395000,1,Tec-do,mobisummer,,112430963,,Chiến dịch mở rộng,239894,0,Đơn hàng gián tiếp,10795.23,10795.23,"4,5%",0,0%,10795.23,10795.23,0,,Websites,11659,Đã khấu trừ,Khấu trừ theo đơn hàng,2026-06-24 11:34:39
260620JFMGXANP,Hoàn thành,Hợp lệ,2026-06-20 13:14:37,2026-06-24 11:34:12,2026-06-24 11:34:12,25644330193,[QUÀ TẶNG KHÔNG BÁN] Bông Tạo Bọt Kì Cọ Tẩy Da Chết Màu Ngẫu Nhiên,346005340612,Nhà cửa & Đời sống,Đồ dùng phòng tắm,Bông tắm,466255413326418_0_0,0,1,Tec-do,mobisummer,,122682417,,Chiến dịch mở rộng,0,0,Đơn hàng gián tiếp,0,0,4%,0,0%,0,0,0,,Websites,0,,,
260620JEY8XV56,Hoàn thành,Hợp lệ,2026-06-20 13:02:38,2026-06-25 16:43:00,2026-06-25 16:43:00,25644330193,[QUÀ TẶNG KHÔNG BÁN] Bông Tạo Bọt Kì Cọ Tẩy Da Chết Màu Ngẫu Nhiên,346005340612,Nhà cửa & Đời sống,Đồ dùng phòng tắm,Bông tắm,466255413326418_0_0,0,1,Siêu Thị Online Vương Cung,cungcung737,,122682417,,Chiến dịch mở rộng,0,0,Đơn hàng trực tiếp,0,0,8%,0,0%,18126,18126,0,,Shopeevideo-Shopee,0,,,
260620JEY8XV56,Hoàn thành,Hợp lệ,2026-06-20 13:02:38,2026-06-25 16:43:00,2026-06-25 16:43:00,29680365284,Dầu Gội Thiên Nhiên Le Petit Marseillais Hữu Cơ Nhiều Mùi Hương 250ml,370971985649,Sắc Đẹp,Chăm sóc tóc,Dầu gội,466255413326418_0_0,265000,1,Siêu Thị Online Vương Cung,cungcung737,,112920799,,Chiến dịch mở rộng,201400,0,Đơn hàng trực tiếp,18126,18126,9%,0,0%,0,0,0,,Shopeevideo-Shopee,19576,Đã khấu trừ,Khấu trừ theo đơn hàng,2026-06-25 16:43:27
260620JEJY372D,Hoàn thành,Hợp lệ,2026-06-20 12:55:45,2026-06-23 01:12:45,2026-06-23 01:12:45,25644330193,[QUÀ TẶNG KHÔNG BÁN] Bông Tạo Bọt Kì Cọ Tẩy Da Chết Màu Ngẫu Nhiên,346005340612,Nhà cửa & Đời sống,Đồ dùng phòng tắm,Bông tắm,466255413326418_0_0,0,1,Tình Nguyễn,nguyentinh99999,,122682417,,Chiến dịch mở rộng,0,0,Đơn hàng trực tiếp,0,0,8%,0,0%,27360,27360,0,,Zalo,0,,,
260620JEJY372D,Hoàn thành,Hợp lệ,2026-06-20 12:55:45,2026-06-23 01:12:45,2026-06-23 01:12:45,29728471220,Sữa Tắm 92% Thiên Nhiên Le Petit Marseillais Dịu Nhẹ Sữa Vani Hữu Cơ 650ml 0557,430969799743,Sắc Đẹp,Tắm & chăm sóc cơ thể,Xà phòng & sữa tắm,466255413326418_0_0,395000,1,Tình Nguyễn,nguyentinh99999,,109863144,,Chiến dịch mở rộng,304000,0,Đơn hàng trực tiếp,27360,27360,9%,0,0%,0,0,0,,Zalo,29549,Đã khấu trừ,Khấu trừ theo đơn hàng,2026-06-23 01:13:12
260620JDV3M2NM,Hoàn thành,Hợp lệ,2026-06-20 12:42:58,2026-06-24 12:01:08,2026-06-24 12:01:08,28830365069,Dầu Gội Thiên Nhiên Le Petit Marseillais Hữu Cơ Nhiều Mùi Hương 300ml,435970130563,Sắc Đẹp,Chăm sóc tóc,Dầu gội,466255413326418_0_0,415000,1,Thuỳ Linh Vũ,thuyliinhvu,,112918398,,Chiến dịch mở rộng,129484,0,Đơn hàng gián tiếp,5826.78,5826.78,"4,5%",0,0%,5826.78,5826.78,0,,Others,6293,Đã khấu trừ,Khấu trừ theo đơn hàng,2026-06-24 12:01:34
260620JDV3M2NM,Hoàn thành,Hợp lệ,2026-06-20 12:42:58,2026-06-24 12:01:08,2026-06-24 12:01:08,25644330193,[QUÀ TẶNG KHÔNG BÁN] Bông Tạo Bọt Kì Cọ Tẩy Da Chết Màu Ngẫu Nhiên,346005340612,Nhà cửa & Đời sống,Đồ dùng phòng tắm,Bông tắm,466255413326418_0_0,0,1,Thuỳ Linh Vũ,thuyliinhvu,,122682417,,Chiến dịch mở rộng,0,0,Đơn hàng gián tiếp,0,0,4%,0,0%,0,0,0,,Others,0,,,
260620JCW5QPWE,Hoàn thành,Hợp lệ,2026-06-20 12:26:01,2026-06-21 15:10:34,2026-06-21 15:10:34,25644330193,[QUÀ TẶNG KHÔNG BÁN] Bông Tạo Bọt Kì Cọ Tẩy Da Chết Màu Ngẫu Nhiên,346005340612,Nhà cửa & Đời sống,Đồ dùng phòng tắm,Bông tắm,466255413326418_0_0,0,1,reviewtoptopxinh1,bingsu581,,122682417,,Chiến dịch mở rộng,0,0,Đơn hàng trực tiếp,0,0,8%,0,0%,15856,15856,0,,Shopeevideo-Shopee,0,,,
260620JCW5QPWE,Hoàn thành,Hợp lệ,2026-06-20 12:26:01,2026-06-21 15:10:34,2026-06-21 15:10:34,40302953131,Dầu Gội Nam Sạch Gàu 97% Thiên Nhiên Le Petit Marseillais Chiết Xuất Tinh Dầu Chanh Vàng 250ml 4035,310970659149,Sắc Đẹp,Chăm sóc nam giới,Chăm sóc tóc,466255413326418_0_0,265000,1,reviewtoptopxinh1,bingsu581,,134959857,,Chiến dịch mở rộng,198200,0,Đơn hàng trực tiếp,15856,15856,8%,0,0%,0,0,0,,Shopeevideo-Shopee,17124,Đã khấu trừ,Khấu trừ theo đơn hàng,2026-06-21 15:11:02
260620JBVQ51QP,Hoàn thành,Hợp lệ,2026-06-20 12:07:30,2026-06-24 14:33:02,2026-06-24 14:33:02,24142870859,Sữa Tắm Thơm Lâu Le Petit Marseillais Gel 92% Thiên Nhiên Da Nhạy Cảm Nhiều Mùi Hương 650ml,350973489407,Sắc Đẹp,Tắm & chăm sóc cơ thể,Xà phòng & sữa tắm,466255413326418_0_0,395000,1,Hương Hương nè ᥫ᭡,huonghuongne185,,112430963,,Chiến dịch mở rộng,280000,0,Đơn hàng trực tiếp,25200,25200,9%,0,0%,25200,25200,0,,Shopeevideo-Shopee,27216,Đã khấu trừ,Khấu trừ theo đơn hàng,2026-06-24 14:33:28
260620JBVQ51QP,Hoàn thành,Hợp lệ,2026-06-20 12:07:30,2026-06-24 14:33:02,2026-06-24 14:33:02,25644330193,[QUÀ TẶNG KHÔNG BÁN] Bông Tạo Bọt Kì Cọ Tẩy Da Chết Màu Ngẫu Nhiên,346005340612,Nhà cửa & Đời sống,Đồ dùng phòng tắm,Bông tắm,466255413326418_0_0,0,1,Hương Hương nè ᥫ᭡,huonghuongne185,,122682417,,Chiến dịch mở rộng,0,0,Đơn hàng trực tiếp,0,0,8%,0,0%,0,0,0,,Shopeevideo-Shopee,0,,,
260620JBNJ9HPD,Hoàn thành,Hợp lệ,2026-06-20 12:03:32,2026-06-21 13:51:23,2026-06-21 13:51:23,25644330193,[QUÀ TẶNG KHÔNG BÁN] Bông Tạo Bọt Kì Cọ Tẩy Da Chết Màu Ngẫu Nhiên,346005340612,Nhà cửa & Đời sống,Đồ dùng phòng tắm,Bông tắm,466255413326418_0_0,0,1,Hoàng Kiên Tools,life_jp,,122682417,,Chiến dịch mở rộng,0,0,Đơn hàng trực tiếp,0,0,8%,0,0%,12698.8,12698.8,0,,Shopeelive-Shopee,0,,,
260620JBNJ9HPD,Hoàn thành,Hợp lệ,2026-06-20 12:03:32,2026-06-21 13:51:23,2026-06-21 13:51:23,29880370481,Kem Dưỡng Tay 24h Thiên Nhiên Le Petit Marseillais Nhiều Mùi Hương 75ml,128470976818,Sắc Đẹp,"Chăm sóc tay, chân & móng",Chăm sóc tay,466255413326418_0_0,245000,1,Hoàng Kiên Tools,life_jp,,112922896,,Chiến dịch mở rộng,158735,0,Đơn hàng trực tiếp,12698.8,12698.8,8%,0,0%,0,0,0,,Shopeelive-Shopee,13715,Đã khấu trừ,Khấu trừ theo đơn hàng,2026-06-21 13:52:06
260620JBKJC6K4,Hoàn thành,Hợp lệ,2026-06-20 12:02:24,2026-06-24 11:38:50,2026-06-24 11:38:50,24142870859,Sữa Tắm Thơm Lâu Le Petit Marseillais Gel 92% Thiên Nhiên Da Nhạy Cảm Nhiều Mùi Hương 650ml,350973489410,Sắc Đẹp,Tắm & chăm sóc cơ thể,Xà phòng & sữa tắm,466255413326418_0_0,395000,1,33ylcegmfa,33ylcegmfa,,112430963,,Chiến dịch mở rộng,247000,0,Đơn hàng gián tiếp,11115,11115,"4,5%",0,0%,11115,11115,0,,Others,12004,Đã khấu trừ,Khấu trừ theo đơn hàng,2026-06-24 11:39:17
260620JBKJC6K4,Hoàn thành,Hợp lệ,2026-06-20 12:02:24,2026-06-24 11:38:50,2026-06-24 11:38:50,25644330193,[QUÀ TẶNG KHÔNG BÁN] Bông Tạo Bọt Kì Cọ Tẩy Da Chết Màu Ngẫu Nhiên,346005340612,Nhà cửa & Đời sống,Đồ dùng phòng tắm,Bông tắm,466255413326418_0_0,0,1,33ylcegmfa,33ylcegmfa,,122682417,,Chiến dịch mở rộng,0,0,Đơn hàng gián tiếp,0,0,4%,0,0%,0,0,0,,Others,0,,,
260620JAVWJ3Y5,Hoàn thành,Hợp lệ,2026-06-20 11:49:43,2026-06-21 18:18:49,2026-06-21 18:18:49,24142870859,Sữa Tắm Thơm Lâu Le Petit Marseillais Gel 92% Thiên Nhiên Da Nhạy Cảm Nhiều Mùi Hương 650ml,350973489412,Sắc Đẹp,Tắm & chăm sóc cơ thể,Xà phòng & sữa tắm,466255413326418_0_0,395000,1,Hương Hương nè ᥫ᭡,huonghuongne185,,112430963,,Chiến dịch mở rộng,261423,0,Đơn hàng trực tiếp,23528.07,23528.07,9%,0,0%,23528.07,23528.07,0,,Shopeevideo-Shopee,25410,Đã khấu trừ,Khấu trừ theo đơn hàng,2026-06-21 18:19:16
260620JAVWJ3Y5,Hoàn thành,Hợp lệ,2026-06-20 11:49:43,2026-06-21 18:18:49,2026-06-21 18:18:49,25644330193,[QUÀ TẶNG KHÔNG BÁN] Bông Tạo Bọt Kì Cọ Tẩy Da Chết Màu Ngẫu Nhiên,346005340612,Nhà cửa & Đời sống,Đồ dùng phòng tắm,Bông tắm,466255413326418_0_0,0,1,Hương Hương nè ᥫ᭡,huonghuongne185,,122682417,,Chiến dịch mở rộng,0,0,Đơn hàng trực tiếp,0,0,8%,0,0%,0,0,0,,Shopeevideo-Shopee,0,,,
260620J882EF8Y,Hoàn thành,Hợp lệ,2026-06-20 11:02:16,2026-06-24 09:07:02,2026-06-24 09:07:02,25644330193,[QUÀ TẶNG KHÔNG BÁN] Bông Tạo Bọt Kì Cọ Tẩy Da Chết Màu Ngẫu Nhiên,346005340612,Nhà cửa & Đời sống,Đồ dùng phòng tắm,Bông tắm,466255413326418_0_0,0,1,nang.entertainment,nang.entertainment,,122682417,,Chiến dịch mở rộng,0,0,Đơn hàng gián tiếp,0,0,4%,0,0%,7916.175,7916.175,0,,Websites,0,,,
260620J882EF8Y,Hoàn thành,Hợp lệ,2026-06-20 11:02:16,2026-06-24 09:07:02,2026-06-24 09:07:02,29680365284,Dầu Gội Thiên Nhiên Le Petit Marseillais Hữu Cơ Nhiều Mùi Hương 250ml,370971985648,Sắc Đẹp,Chăm sóc tóc,Dầu gội,466255413326418_0_0,265000,1,nang.entertainment,nang.entertainment,,112920799,,Chiến dịch mở rộng,175915,0,Đơn hàng gián tiếp,7916.175,7916.175,"4,5%",0,0%,0,0,0,,Websites,8549,Đã khấu trừ,Khấu trừ theo đơn hàng,2026-06-24 09:07:29
260620J7TKCNMB,Hoàn thành,Hợp lệ,2026-06-20 10:54:44,2026-06-24 11:45:50,2026-06-24 11:45:50,24142870859,Sữa Tắm Thơm Lâu Le Petit Marseillais Gel 92% Thiên Nhiên Da Nhạy Cảm Nhiều Mùi Hương 650ml,350973489408,Sắc Đẹp,Tắm & chăm sóc cơ thể,Xà phòng & sữa tắm,466255413326418_0_0,395000,1,feedy_vn,feedy_vn,,112430963,,Chiến dịch mở rộng,311600,0,Đơn hàng gián tiếp,14022,14022,"4,5%",0,0%,14022,14022,0,,Websites,15144,Đã khấu trừ,Khấu trừ theo đơn hàng,2026-06-24 11:46:17
260620J7TKCNMB,Hoàn thành,Hợp lệ,2026-06-20 10:54:44,2026-06-24 11:45:50,2026-06-24 11:45:50,25644330193,[QUÀ TẶNG KHÔNG BÁN] Bông Tạo Bọt Kì Cọ Tẩy Da Chết Màu Ngẫu Nhiên,346005340612,Nhà cửa & Đời sống,Đồ dùng phòng tắm,Bông tắm,466255413326418_0_0,0,1,feedy_vn,feedy_vn,,122682417,,Chiến dịch mở rộng,0,0,Đơn hàng gián tiếp,0,0,4%,0,0%,0,0,0,,Websites,0,,,
260620HS61QED5,Hoàn thành,Hợp lệ,2026-06-20 06:32:46,2026-06-24 18:59:45,2026-06-24 18:59:45,25644330193,[QUÀ TẶNG KHÔNG BÁN] Bông Tạo Bọt Kì Cọ Tẩy Da Chết Màu Ngẫu Nhiên,346005340612,Nhà cửa & Đời sống,Đồ dùng phòng tắm,Bông tắm,466255413326418_0_0,0,1,ACCESSTRADEVN,accesstrade_banking,,122682417,,Chiến dịch mở rộng,0,0,Đơn hàng trực tiếp,0,0,8%,0,0%,14675.13,14675.13,0,,Websites,0,,,
260620HS61QED5,Hoàn thành,Hợp lệ,2026-06-20 06:32:46,2026-06-24 18:59:45,2026-06-24 18:59:45,29480146096,Sữa Tắm Thiên Nhiên 92% Le Petit Marseillais Nhiều Mùi Hương 250ml,310970228929,Sắc Đẹp,Tắm & chăm sóc cơ thể,Xà phòng & sữa tắm,466255413326418_0_0,205000,1,ACCESSTRADEVN,accesstrade_banking,,112409565,,Chiến dịch mở rộng,163057,0,Đơn hàng trực tiếp,14675.13,14675.13,9%,0,0%,0,0,0,,Websites,15849,Đã khấu trừ,Khấu trừ theo đơn hàng,2026-06-24 19:00:12
260620H9TRC5S7,Hoàn thành,Hợp lệ,2026-06-20 01:57:57,2026-06-21 20:20:36,2026-06-21 20:20:36,25644330193,[QUÀ TẶNG KHÔNG BÁN] Bông Tạo Bọt Kì Cọ Tẩy Da Chết Màu Ngẫu Nhiên,346005340612,Nhà cửa & Đời sống,Đồ dùng phòng tắm,Bông tắm,466255413326418_0_0,0,1,Opera,opera109,,122682417,,Chiến dịch mở rộng,0,0,Đơn hàng gián tiếp,0,0,4%,0,0%,6867,6867,0,,Others,0,,,
260620H9TRC5S7,Hoàn thành,Hợp lệ,2026-06-20 01:57:57,2026-06-21 20:20:36,2026-06-21 20:20:36,29480146096,Sữa Tắm Thiên Nhiên 92% Le Petit Marseillais Nhiều Mùi Hương 250ml,310970228929,Sắc Đẹp,Tắm & chăm sóc cơ thể,Xà phòng & sữa tắm,466255413326418_0_0,205000,1,Opera,opera109,,112409565,,Chiến dịch mở rộng,152600,0,Đơn hàng gián tiếp,6867,6867,"4,5%",0,0%,0,0,0,,Others,7416,Đã khấu trừ,Khấu trừ theo đơn hàng,2026-06-21 20:21:03
260620H5GH93AB,Hoàn thành,Hợp lệ,2026-06-20 00:40:39,2026-06-25 14:34:48,2026-06-25 14:34:48,25644330193,[QUÀ TẶNG KHÔNG BÁN] Bông Tạo Bọt Kì Cọ Tẩy Da Chết Màu Ngẫu Nhiên,346005340612,Nhà cửa & Đời sống,Đồ dùng phòng tắm,Bông tắm,466255413326418_0_0,0,1,Mỹ Lệ Beauty 🎀,baoanhthuong,,122682417,,Chiến dịch mở rộng,0,0,Đơn hàng trực tiếp,0,0,8%,0,0%,43560,43560,0,,Shopeelive-Shopee,0,,,
260620H5GH93AB,Hoàn thành,Hợp lệ,2026-06-20 00:40:39,2026-06-25 14:34:48,2026-06-25 14:34:48,28830365069,Dầu Gội Thiên Nhiên Le Petit Marseillais Hữu Cơ Nhiều Mùi Hương 300ml,435970130566,Sắc Đẹp,Chăm sóc tóc,Dầu gội,466255413326418_0_0,415000,1,Mỹ Lệ Beauty 🎀,baoanhthuong,,112918398,,Chiến dịch mở rộng,323967,0,Đơn hàng trực tiếp,29157.03,29157.03,9%,0,0%,0,0,0,,Shopeelive-Shopee,31490,Đã khấu trừ,Khấu trừ theo đơn hàng,2026-06-25 15:24:50
260620H5GH93AB,Hoàn thành,Hợp lệ,2026-06-20 00:40:39,2026-06-25 14:34:48,2026-06-25 14:34:48,29480146096,Sữa Tắm Thiên Nhiên 92% Le Petit Marseillais Nhiều Mùi Hương 250ml,315970228699,Sắc Đẹp,Tắm & chăm sóc cơ thể,Xà phòng & sữa tắm,466255413326418_0_0,205000,1,Mỹ Lệ Beauty 🎀,baoanhthuong,,112409565,,Chiến dịch mở rộng,160033,0,Đơn hàng trực tiếp,14402.97,14402.97,9%,0,0%,0,0,0,,Shopeelive-Shopee,15555,Đã khấu trừ,Khấu trừ theo đơn hàng,2026-06-25 15:24:50
260620H4C5RHV1,Hoàn thành,Hợp lệ,2026-06-20 00:20:19,2026-06-23 13:47:43,2026-06-23 13:47:43,24142870859,Sữa Tắm Thơm Lâu Le Petit Marseillais Gel 92% Thiên Nhiên Da Nhạy Cảm Nhiều Mùi Hương 650ml,350973489412,Sắc Đẹp,Tắm & chăm sóc cơ thể,Xà phòng & sữa tắm,466255413326418_0_0,395000,1,Deal Ngon Mỗi Ngày,gunbylouck,,112430963,,Chiến dịch mở rộng,288800,0,Đơn hàng trực tiếp,25992,25992,9%,0,0%,25992,25992,0,,Shopeelive-Shopee,28071,Đã khấu trừ,Khấu trừ theo đơn hàng,2026-06-23 13:48:10
260620H4C5RHV1,Hoàn thành,Hợp lệ,2026-06-20 00:20:19,2026-06-23 13:47:43,2026-06-23 13:47:43,25644330193,[QUÀ TẶNG KHÔNG BÁN] Bông Tạo Bọt Kì Cọ Tẩy Da Chết Màu Ngẫu Nhiên,346005340612,Nhà cửa & Đời sống,Đồ dùng phòng tắm,Bông tắm,466255413326418_0_0,0,1,Deal Ngon Mỗi Ngày,gunbylouck,,122682417,,Chiến dịch mở rộng,0,0,Đơn hàng trực tiếp,0,0,8%,0,0%,0,0,0,,Shopeelive-Shopee,0,,,
