Order ID,Order Status,Order Substatus,Cancelation/Return Type,Normal or Pre-order,SKU ID,Seller SKU,Product Name,Variation,Quantity,Sku Quantity of return,SKU Unit Original Price,SKU Subtotal Before Discount,SKU Platform Discount,SKU Seller Discount,SKU Subtotal After Discount,Shipping Fee After Discount,Original Shipping Fee,Shipping Fee Seller Discount,Shipping Fee Platform Discount,Payment platform discount,Taxes,Order Amount,Order Refund Amount,Created Time,Paid Time,RTS Time,Shipped Time,Delivered Time,Cancelled Time,Cancel By,Cancel Reason,Fulfillment Type,Warehouse Name,Tracking ID,Delivery Option,Shipping Provider Name,Buyer Message,Buyer Username,Recipient,Phone #,Country,Province,District,Commune,Detail Address,Additional address information,Payment Method,Weight(kg),Product Category,Package ID,Seller Note,Checked Status,Checked Marked by,Order Channel,Creator Handle
584998796908791167	,To ship,Awaiting collection,,Normal,1731317148230255836	,BONG TAM HQ,[Quà tặng không bán] Bông Tắm Tạo Bọt Mềm Mịn,Mặc định,1,0,0,0,0,0,0,0,20900,0,20900,,0,149000,,13/07/2026 07:59:14	,"	",13/07/2026 08:21:05	,"	","	","	",,,Fulfillment by seller,Kho HCMC,862001572255,Standard shipping,J&T Express,,t***g.doanh,T**** D****,(+84)369****53,Việt Nam,Hồ Chí Minh,Xã Cần Giờ,**********,**************************,************,Cash on delivery,0.5,"Loofahs, Sponges, & Poufs",1203357176956421503	,,Unchecked,,Product cards,
584998796908791167	,To ship,Awaiting collection,,Normal,1732250914985380060	,ST01240,"Sữa Tắm/Gel Tắm Pháp Le Petit Marseillais Thiên Nhiên 250ml - Sữa Tắm Lưu Hương Lành Tính - Dịu Nhẹ, An Toàn Cho Da","Đào Trắng & Quả Xuân Đào, Standard",1,0,269000,269000,40000,80000,149000,0,20900,0,20900,,0,149000,,13/07/2026 07:59:14	,"	",13/07/2026 08:21:05	,"	","	","	",,,Fulfillment by seller,Kho HCMC,862001572255,Standard shipping,J&T Express,,t***g.doanh,T**** D****,(+84)369****53,Việt Nam,Hồ Chí Minh,Xã Cần Giờ,**********,**************************,************,Cash on delivery,0.5,Bath & Shower,1203357176956421503	,,Unchecked,,Product cards,
584998680522425766	,To ship,Awaiting collection,,Normal,1731317148230255836	,BONG TAM HQ,[Quà tặng không bán] Bông Tắm Tạo Bọt Mềm Mịn,Mặc định,1,0,0,0,0,0,0,20900,20900,0,0,,0,187220,,13/07/2026 07:49:44	,"	",13/07/2026 07:50:36	,"	","	","	",,,Fulfillment by seller,Kho HN,862073251595,Standard shipping,J&T Express,,c***p1,S*** P****,(+84)922****36,Việt Nam,Hà Nội,Xã Phú Cát,**********,*********************,****************,Cash on delivery,0.5,"Loofahs, Sponges, & Poufs",1203354364637578662	,,Unchecked,,Product cards,
584998680522425766	,To ship,Awaiting collection,,Normal,1732251749141219548	,ST01172,"Sữa Tắm Pháp Le Petit Marseillais Cho Nam Chiết Xuất Thiên Nhiên 4in1 Nhiều Mùi Hương Dưỡng Ẩm, Thơm Lâu - Phù Hợp Mọi Loại Da (250ml)","Hương Gỗ Tuyết Tùng & Dương Xỉ, Standard",1,0,269000,269000,22680,80000,166320,20900,20900,0,0,,0,187220,,13/07/2026 07:49:44	,"	",13/07/2026 07:50:36	,"	","	","	",,,Fulfillment by seller,Kho HN,862073251595,Standard shipping,J&T Express,,c***p1,S*** P****,(+84)922****36,Việt Nam,Hà Nội,Xã Phú Cát,**********,*********************,****************,Cash on delivery,0.5,Bath & Shower,1203354364637578662	,,Unchecked,,Product cards,
584998148940990260	,To ship,Awaiting collection,,Normal,1731317148230255836	,BONG TAM HQ,[Quà tặng không bán] Bông Tắm Tạo Bọt Mềm Mịn,Mặc định,1,0,0,0,0,0,0,5100,35100,0,30000,,0,194100,,13/07/2026 06:55:16	,13/07/2026 06:55:21	,13/07/2026 07:51:04	,"	","	","	",,,Fulfillment by seller,Kho HCMC,862077531595,Standard shipping,J&T Express,,p***yzang,P**** V**,(+84)378****49,Vietnam,Dong Nai,Long Thanh,******,*****************************************************,,Zalopay,0.5,"Loofahs, Sponges, & Poufs",1203348738417395508	,,Unchecked,,Videos,man.trung.737
584998148940990260	,To ship,Awaiting collection,,Normal,1732251749141022940	,ST01431,"Sữa Tắm Pháp Le Petit Marseillais Cho Nam Chiết Xuất Thiên Nhiên 4in1 Nhiều Mùi Hương Dưỡng Ẩm, Thơm Lâu - Phù Hợp Mọi Loại Da (250ml)","Hương Cam & Tinh Dầu Argan, Standard",1,0,269000,269000,0,80000,189000,5100,35100,0,30000,,0,194100,,13/07/2026 06:55:16	,13/07/2026 06:55:21	,13/07/2026 07:51:04	,"	","	","	",,,Fulfillment by seller,Kho HCMC,862077531595,Standard shipping,J&T Express,,p***yzang,P**** V**,(+84)378****49,Vietnam,Dong Nai,Long Thanh,******,*****************************************************,,Zalopay,0.5,Bath & Shower,1203348738417395508	,,Unchecked,,Videos,man.trung.737
584998040715232854	,To ship,Awaiting collection,,Normal,1732251749141088476	,3574661701455,"Sữa Tắm Pháp Le Petit Marseillais Cho Nam Chiết Xuất Thiên Nhiên 4in1 Nhiều Mùi Hương Dưỡng Ẩm, Thơm Lâu - Phù Hợp Mọi Loại Da (250ml)","Cam Đỏ & Nghệ Tây, Standard",1,0,269000,269000,0,64000,205000,0,35200,0,35200,,0,205000,,13/07/2026 06:40:52	,"	",13/07/2026 07:51:04	,"	","	","	",,,Fulfillment by seller,Kho HN,862070891605,Standard shipping,J&T Express,,p***sung1,P*** Đ*** p***,(+84)077*****87,Việt Nam,Đồng Tháp,Phường Sa Đéc,*************,**************************************,**,Cash on delivery,0.5,Bath & Shower,1203348242157438550	,,Unchecked,,Product cards,
584997805452854949	,To ship,Awaiting collection,,Normal,1734496577198523612	,1 BÁNH-XP,Xà Phòng Le Petit Marseillais Chính Hãng Bánh Xà Phòng Tắm Thiên Nhiên (Ngẫu nhiên)  1 Bánh,Mặc định,1,0,0,0,0,0,0,0,47600,0,47600,,0,378000,,13/07/2026 06:08:58	,"	",13/07/2026 07:51:04	,"	","	","	",,,Fulfillment by seller,Kho HCMC,862069051635,Standard shipping,J&T Express,,u***4378017437978,Đ**** H** Q** ,(+84)090*****85,Việt Nam,Gia Lai,Phường Bình Định,****************,********************************,,Cash on delivery,0.1,Bath & Shower,1203345999123744421	,,Unchecked,,Videos,ahau.phuongthao
584997805452854949	,To ship,Awaiting collection,,Normal,1736012795076838620	,ST48441+ST00823,Combo 2 Sữa Tắm Nữ Pháp Le Petit Marseillais 250ml - Thiên Nhiên Dịu Nhẹ,"Quả Mâm Xôi Hữu Cơ & Hoa Mẫu Đơn, Hoa Cam",1,0,538000,538000,0,160000,378000,0,47600,0,47600,,0,378000,,13/07/2026 06:08:58	,"	",13/07/2026 07:51:04	,"	","	","	",,,Fulfillment by seller,Kho HCMC,862069051635,Standard shipping,J&T Express,,u***4378017437978,Đ**** H** Q** ,(+84)090*****85,Việt Nam,Gia Lai,Phường Bình Định,****************,********************************,,Cash on delivery,0.6,Bath & Shower,1203345999123744421	,,Unchecked,,Videos,ahau.phuongthao
584996993541440592	,To ship,Awaiting collection,,Normal,1731317148230255836	,BONG TAM HQ,[Quà tặng không bán] Bông Tắm Tạo Bọt Mềm Mịn,Mặc định,1,0,0,0,0,0,0,0,20900,0,20900,,0,189000,,13/07/2026 02:56:29	,"	",13/07/2026 07:50:36	,"	","	","	",,,Fulfillment by seller,Kho HN,862068771625,Standard shipping,J&T Express,,n***_17,N***** M*** H**,(+84)086*****92,Việt Nam,Thanh pho Ha Noi,Gia Lâm,*****,*********************************************,,Cash on delivery,0.5,"Loofahs, Sponges, & Poufs",1203340135174997072	,,Unchecked,,Videos,man.trung.737
584996993541440592	,To ship,Awaiting collection,,Normal,1732251749141219548	,ST01172,"Sữa Tắm Pháp Le Petit Marseillais Cho Nam Chiết Xuất Thiên Nhiên 4in1 Nhiều Mùi Hương Dưỡng Ẩm, Thơm Lâu - Phù Hợp Mọi Loại Da (250ml)","Hương Gỗ Tuyết Tùng & Dương Xỉ, Standard",1,0,269000,269000,0,80000,189000,0,20900,0,20900,,0,189000,,13/07/2026 02:56:29	,"	",13/07/2026 07:50:36	,"	","	","	",,,Fulfillment by seller,Kho HN,862068771625,Standard shipping,J&T Express,,n***_17,N***** M*** H**,(+84)086*****92,Việt Nam,Thanh pho Ha Noi,Gia Lâm,*****,*********************************************,,Cash on delivery,0.5,Bath & Shower,1203340135174997072	,,Unchecked,,Videos,man.trung.737
584996826741310789	,To ship,Awaiting collection,,Normal,1731317148230255836	,BONG TAM HQ,[Quà tặng không bán] Bông Tắm Tạo Bọt Mềm Mịn,Mặc định,1,0,0,0,0,0,0,0,15800,0,15800,,0,173000,,13/07/2026 02:18:10	,"	",13/07/2026 07:50:36	,"	","	","	",,,Fulfillment by seller,Kho HN,862074701595,Standard shipping,J&T Express,,t***uphutuonglai27,N*** A**,(+84)966****56,Vietnam,Ha Noi,Ba Dinh Ward,************,******************,,Cash on delivery,0.5,"Loofahs, Sponges, & Poufs",1203339217993958725	,,Unchecked,,Product cards,
584996826741310789	,To ship,Awaiting collection,,Normal,1732250914985314524	,ST54494,"Sữa Tắm/Gel Tắm Pháp Le Petit Marseillais Thiên Nhiên 250ml - Sữa Tắm Lưu Hương Lành Tính - Dịu Nhẹ, An Toàn Cho Da","Dừa, Standard",1,0,269000,269000,15000,81000,173000,0,15800,0,15800,,0,173000,,13/07/2026 02:18:10	,"	",13/07/2026 07:50:36	,"	","	","	",,,Fulfillment by seller,Kho HN,862074701595,Standard shipping,J&T Express,,t***uphutuonglai27,N*** A**,(+84)966****56,Vietnam,Ha Noi,Ba Dinh Ward,************,******************,,Cash on delivery,0.5,Bath & Shower,1203339217993958725	,,Unchecked,,Product cards,
584996346303317718	,To ship,Awaiting collection,,Normal,1732252943759018204	,DG74042,"Dầu Gội Thiên Nhiên Le Petit Marseillais Nhiều Mùi Hương 250ml Dưỡng Ẩm, Thơm Lâu - Phù Hợp Mọi Loại Da",Trị Gàu 2 In 1 Tinh Dầu Bạc Hà,1,0,329000,329000,0,62000,267000,0,40000,0,40000,,0,267000,,13/07/2026 00:45:23	,"	",13/07/2026 07:51:04	,"	","	","	",,,Fulfillment by seller,Kho HCMC,862047801635,Standard shipping,J&T Express,,c***nehuang88,Q****,(+84)931****39,Việt Nam,Đắk Lắk,Xã Pơng Drang,*************,***************,*************************************,Cash on delivery,0.5,Shampoo & Conditioner,1203336836609050326	,,Unchecked,,Videos,tuyetcookies
584996324503422054	,To ship,Awaiting collection,,Normal,1731317148230255836	,BONG TAM HQ,[Quà tặng không bán] Bông Tắm Tạo Bọt Mềm Mịn,Mặc định,1,0,0,0,0,0,0,0,39400,0,39400,,0,389000,,13/07/2026 00:41:13	,"	",13/07/2026 07:51:04	,"	","	","	",,,Fulfillment by seller,Kho HCMC,862010891605,Standard shipping,J&T Express,,f***saucedat,T*** T**** T**** Đ**,(+84)968****82,Việt Nam,Kiên Giang,Phú Quốc,********,*****************************************************************************,*********************,Cash on delivery,0.5,"Loofahs, Sponges, & Poufs",1203336829704045670	,,Unchecked,,Videos,ha_thubay
584996324503422054	,To ship,Awaiting collection,,Normal,1732250801268689116	,ST01902,"Sữa Tắm/Gel Tắm Pháp Le Petit Marseillais Chiết Xuất Thiên Nhiên 650ml - Sữa Tắm Lưu Hương Lành Tính - Dịu Nhẹ, An Toàn Cho Da","Thông & Bạch Đàn Biển, Standard",1,0,499000,499000,0,110000,389000,0,39400,0,39400,,0,389000,,13/07/2026 00:41:13	,"	",13/07/2026 07:51:04	,"	","	","	",,,Fulfillment by seller,Kho HCMC,862010891605,Standard shipping,J&T Express,,f***saucedat,T*** T**** T**** Đ**,(+84)968****82,Việt Nam,Kiên Giang,Phú Quốc,********,*****************************************************************************,*********************,Cash on delivery,1,Bath & Shower,1203336829704045670	,,Unchecked,,Videos,ha_thubay
584996000304498124	,To ship,Awaiting collection,,Normal,1732251749141219548	,ST01172,"Sữa Tắm Pháp Le Petit Marseillais Cho Nam Chiết Xuất Thiên Nhiên 4in1 Nhiều Mùi Hương Dưỡng Ẩm, Thơm Lâu - Phù Hợp Mọi Loại Da (250ml)","Hương Gỗ Tuyết Tùng & Dương Xỉ, Standard",1,0,269000,269000,15000,80000,174000,0,29700,0,29700,,0,174000,,13/07/2026 00:01:01	,"	",13/07/2026 07:51:04	,"	","	","	",,,Fulfillment by seller,Kho HN,862009071635,Standard shipping,J&T Express,,d***lapphan,L**,(+84)097*****10,Việt Nam,Lào Cai,Phường Âu Lâu,*************,*********************************************************************************,*************************,Cash on delivery,0.5,Bath & Shower,1203334657624999372	,,Unchecked,,Videos,man.trung.737
584996000304498124	,To ship,Awaiting collection,,Normal,1731317148230255836	,BONG TAM HQ,[Quà tặng không bán] Bông Tắm Tạo Bọt Mềm Mịn,Mặc định,1,0,0,0,0,0,0,0,29700,0,29700,,0,174000,,13/07/2026 00:01:01	,"	",13/07/2026 07:51:04	,"	","	","	",,,Fulfillment by seller,Kho HN,862009071635,Standard shipping,J&T Express,,d***lapphan,L**,(+84)097*****10,Việt Nam,Lào Cai,Phường Âu Lâu,*************,*********************************************************************************,*************************,Cash on delivery,0.5,"Loofahs, Sponges, & Poufs",1203334657624999372	,,Unchecked,,Videos,man.trung.737
584995570104960083	,Canceled,Canceled,Cancel,Normal,1731317148230255836	,BONG TAM HQ,[Quà tặng không bán] Bông Tắm Tạo Bọt Mềm Mịn,Mặc định,1,1,0,0,0,0,0,0,37600,0,37600,,0,189000,0,12/07/2026 23:16:31	,"	","	","	","	",12/07/2026 23:17:35	,User,Need to change payment method,Fulfillment by seller,Kho HN,,Standard shipping,,,h***gpii__88,H****,(+84)096*****43,Việt Nam,Tinh Bac Ninh,Xã Yên Phong,************,***************************************,***,Cash on delivery,0.5,"Loofahs, Sponges, & Poufs",1203333030509249619	,,Unchecked,,Product cards,
584995570104960083	,Canceled,Canceled,Cancel,Normal,1732250914985183452	,ST00526,"Sữa Tắm/Gel Tắm Pháp Le Petit Marseillais Thiên Nhiên 250ml - Sữa Tắm Lưu Hương Lành Tính - Dịu Nhẹ, An Toàn Cho Da","Vani, Standard",1,1,269000,269000,0,80000,189000,0,37600,0,37600,,0,189000,189000,12/07/2026 23:16:31	,"	","	","	","	",12/07/2026 23:17:35	,User,Need to change payment method,Fulfillment by seller,Kho HN,,Standard shipping,,,h***gpii__88,H****,(+84)096*****43,Việt Nam,Tinh Bac Ninh,Xã Yên Phong,************,***************************************,***,Cash on delivery,0.5,Bath & Shower,1203333030509249619	,,Unchecked,,Product cards,
584995212945687689	,To ship,Awaiting collection,,Normal,1732251749141219548	,ST01172,"Sữa Tắm Pháp Le Petit Marseillais Cho Nam Chiết Xuất Thiên Nhiên 4in1 Nhiều Mùi Hương Dưỡng Ẩm, Thơm Lâu - Phù Hợp Mọi Loại Da (250ml)","Hương Gỗ Tuyết Tùng & Dương Xỉ, Standard",1,0,269000,269000,28350,80000,160650,0,40900,0,40900,,0,160650,,12/07/2026 22:54:12	,"	",13/07/2026 07:51:04	,"	","	","	",,,Fulfillment by seller,Kho HCMC,862099011595,Standard shipping,J&T Express,,_***401_,Q***,(+84)935****74,Việt Nam,Đà Nẵng,Xã Duy Nghĩa,************,*************************************,,Cash on delivery,0.5,Bath & Shower,1203331337234121865	,,Unchecked,,Product cards,
584995212945687689	,To ship,Awaiting collection,,Normal,1731317148230255836	,BONG TAM HQ,[Quà tặng không bán] Bông Tắm Tạo Bọt Mềm Mịn,Mặc định,1,0,0,0,0,0,0,0,40900,0,40900,,0,160650,,12/07/2026 22:54:12	,"	",13/07/2026 07:51:04	,"	","	","	",,,Fulfillment by seller,Kho HCMC,862099011595,Standard shipping,J&T Express,,_***401_,Q***,(+84)935****74,Việt Nam,Đà Nẵng,Xã Duy Nghĩa,************,*************************************,,Cash on delivery,0.5,"Loofahs, Sponges, & Poufs",1203331337234121865	,,Unchecked,,Product cards,
584995081694119563	,To ship,Awaiting collection,,Normal,1731317148230255836	,BONG TAM HQ,[Quà tặng không bán] Bông Tắm Tạo Bọt Mềm Mịn,Mặc định,1,0,0,0,0,0,0,0,15800,0,15800,,0,189000,,12/07/2026 22:41:40	,"	",13/07/2026 07:51:04	,"	","	","	",,,Fulfillment by seller,Kho HCMC,862089051635,Standard shipping,J&T Express,,m***trangthichdoc,T****,(+84)093*****33,Việt Nam,Hồ Chí Minh,Phường Vĩnh Hội,***************,************************************************************,********,Cash on delivery,0.5,"Loofahs, Sponges, & Poufs",1203330942285350539	,,Unchecked,,Videos,lepetitmarseillaisvn
584995081694119563	,To ship,Awaiting collection,,Normal,1732250914985380060	,ST01240,"Sữa Tắm/Gel Tắm Pháp Le Petit Marseillais Thiên Nhiên 250ml - Sữa Tắm Lưu Hương Lành Tính - Dịu Nhẹ, An Toàn Cho Da","Đào Trắng & Quả Xuân Đào, Standard",1,0,269000,269000,0,80000,189000,0,15800,0,15800,,0,189000,,12/07/2026 22:41:40	,"	",13/07/2026 07:51:04	,"	","	","	",,,Fulfillment by seller,Kho HCMC,862089051635,Standard shipping,J&T Express,,m***trangthichdoc,T****,(+84)093*****33,Việt Nam,Hồ Chí Minh,Phường Vĩnh Hội,***************,************************************************************,********,Cash on delivery,0.5,Bath & Shower,1203330942285350539	,,Unchecked,,Videos,lepetitmarseillaisvn
584994832640215009	,To ship,Awaiting collection,,Normal,1734496577198523612	,1 BÁNH-XP,Xà Phòng Le Petit Marseillais Chính Hãng Bánh Xà Phòng Tắm Thiên Nhiên (Ngẫu nhiên)  1 Bánh,Mặc định,1,0,0,0,0,0,0,0,15800,0,15800,,0,321300,,12/07/2026 22:23:39	,"	",13/07/2026 07:50:36	,"	","	","	",,,Fulfillment by seller,Kho HN,862053401595,Standard shipping,J&T Express,,m***nganhang.seabank,M*** S******,(+84)988****91,Việt Nam,Hà Nội,Hai Bà Trưng,*********,******************,********************,Cash on delivery,0.1,Bath & Shower,1203329918471473121	,,Unchecked,,Videos,ahau.phuongthao
584994832640215009	,To ship,Awaiting collection,,Normal,1736012795077362908	,ST48441+ST01240,Combo 2 Sữa Tắm Nữ Pháp Le Petit Marseillais 250ml - Thiên Nhiên Dịu Nhẹ,"Quả Mâm Xôi Hữu Cơ & Hoa Mẫu Đơn, Đào Trắng Hữu Cơ Và Quả Xuân Đào",1,0,538000,538000,56700,160000,321300,0,15800,0,15800,,0,321300,,12/07/2026 22:23:39	,"	",13/07/2026 07:50:36	,"	","	","	",,,Fulfillment by seller,Kho HN,862053401595,Standard shipping,J&T Express,,m***nganhang.seabank,M*** S******,(+84)988****91,Việt Nam,Hà Nội,Hai Bà Trưng,*********,******************,********************,Cash on delivery,0.6,Bath & Shower,1203329918471473121	,,Unchecked,,Videos,ahau.phuongthao
584994816028935286	,Canceled,Canceled,Cancel,Normal,1732252945388439772	,KT18485,Kem Dưỡng Da Tay Le Petit Marseillais Với Chiết Xuất Bơ Hạt Mỡ Hạnh Nhân Ngọt Và Dầu Argan 75ml,"Bơ Hạt Mỡ, Hạnh Nhân & Dầu Argan, Standard",1,1,229000,229000,0,9000,220000,0,19700,0,19700,,0,220000,220000,12/07/2026 22:22:04	,12/07/2026 22:22:10	,"	","	","	",12/07/2026 22:24:06	,User,Need to change payment method,Fulfillment by seller,Kho HCMC,,Standard shipping,,,c***t.luoi96,c****,(+84)346****96,Việt Nam,Hồ Chí Minh,Phường Bình Hòa,***************,*****************,********************************,Apple Pay + TikTok Shop Balance,0.15,Hand Lotions,1203329776803677302	,,Unchecked,,Product cards,
584994800571548790	,Canceled,Canceled,Cancel,Normal,1732250801268689116	,ST01902,"Sữa Tắm/Gel Tắm Pháp Le Petit Marseillais Chiết Xuất Thiên Nhiên 650ml - Sữa Tắm Lưu Hương Lành Tính - Dịu Nhẹ, An Toàn Cho Da","Thông & Bạch Đàn Biển, Standard",1,1,499000,499000,59100,105000,334900,0,23600,0,23600,,0,721650,334900,12/07/2026 22:20:12	,"	","	","	","	",12/07/2026 22:24:27	,User,No longer needed,Fulfillment by seller,Kho HCMC,,Standard shipping,,,c***t.luoi96,c****,(+84)346****96,Việt Nam,Hồ Chí Minh,Phường Bình Hòa,***************,*****************,********************************,Cash on delivery,1,Bath & Shower,1203329347525575798	,,Unchecked,,Product cards,
584994800571548790	,Canceled,Canceled,Cancel,Normal,1732251916621678812	,DT84159,"Sữa Dưỡng Thể 24h Le Petit Marseillais Nhiều Mùi Hương 400ml Dưỡng Ẩm, Thơm Lâu - Phù Hợp Mọi Loại Da","Bơ Hạt Mỡ, Lô Hội, Sáp Ong, Standard",1,1,479000,479000,68250,24000,386750,0,23600,0,23600,,0,721650,386750,12/07/2026 22:20:12	,"	","	","	","	",12/07/2026 22:24:27	,User,No longer needed,Fulfillment by seller,Kho HCMC,,Standard shipping,,,c***t.luoi96,c****,(+84)346****96,Việt Nam,Hồ Chí Minh,Phường Bình Hòa,***************,*****************,********************************,Cash on delivery,0.8,Body Moisturizers,1203329347525575798	,,Unchecked,,Product cards,
584994800571548790	,Canceled,Canceled,Cancel,Normal,1731317148230255836	,BONG TAM HQ,[Quà tặng không bán] Bông Tắm Tạo Bọt Mềm Mịn,Mặc định,1,1,0,0,0,0,0,0,23600,0,23600,,0,721650,0,12/07/2026 22:20:12	,"	","	","	","	",12/07/2026 22:24:27	,User,No longer needed,Fulfillment by seller,Kho HCMC,,Standard shipping,,,c***t.luoi96,c****,(+84)346****96,Việt Nam,Hồ Chí Minh,Phường Bình Hòa,***************,*****************,********************************,Cash on delivery,0.5,"Loofahs, Sponges, & Poufs",1203329347525575798	,,Unchecked,,Product cards,
584993413886871244	,To ship,Awaiting collection,,Normal,1734496577198523612	,1 BÁNH-XP,Xà Phòng Le Petit Marseillais Chính Hãng Bánh Xà Phòng Tắm Thiên Nhiên (Ngẫu nhiên)  1 Bánh,Mặc định,1,0,75000,75000,18750,0,56250,0,30300,0,30300,,0,56250,,12/07/2026 21:01:31	,"	",13/07/2026 07:51:04	,"	","	","	",,,Fulfillment by seller,Kho HN,862038311595,Standard shipping,J&T Express,,d***tuan995,m**,(+84)086*****28,Việt Nam,Lạng Sơn,Xã Hữu Liên,***********,********,,Cash on delivery,0.1,Bath & Shower,1203324062125360844	,,Unchecked,,Videos,tranquang0879
584992549924471918	,To ship,Awaiting collection,,Normal,1731317148230255836	,BONG TAM HQ,[Quà tặng không bán] Bông Tắm Tạo Bọt Mềm Mịn,Mặc định,1,0,0,0,0,0,0,0,48600,0,48600,,0,389000,,12/07/2026 20:09:48	,"	",13/07/2026 07:51:04	,"	","	","	",,,Fulfillment by seller,Kho HCMC,862069061635,Standard shipping,J&T Express,,p***9911,P******,(+84)949****71,Việt Nam,Phú Yên,Tuy Hoà,********,****************************,,Cash on delivery,0.5,"Loofahs, Sponges, & Poufs",1203320280432215150	,,Unchecked,,Videos,thomcungngoc
584992549924471918	,To ship,Awaiting collection,,Normal,1732250801268885724	,ST68816,"Sữa Tắm/Gel Tắm Pháp Le Petit Marseillais Chiết Xuất Thiên Nhiên 650ml - Sữa Tắm Lưu Hương Lành Tính - Dịu Nhẹ, An Toàn Cho Da","Hoa Tiare, Standard",1,0,499000,499000,0,110000,389000,0,48600,0,48600,,0,389000,,12/07/2026 20:09:48	,"	",13/07/2026 07:51:04	,"	","	","	",,,Fulfillment by seller,Kho HCMC,862069061635,Standard shipping,J&T Express,,p***9911,P******,(+84)949****71,Việt Nam,Phú Yên,Tuy Hoà,********,****************************,,Cash on delivery,1,Bath & Shower,1203320280432215150	,,Unchecked,,Videos,thomcungngoc
584992320898368676	,To ship,Awaiting collection,,Normal,1735803446653387996	,DG37450,Dầu Gội Giữ Màu Tóc Nhuộm Le Petit Marseillais Lựu Hữu Cơ 250ml,Mặc định,1,0,329000,329000,0,62000,267000,0,19700,0,19700,,0,267000,,12/07/2026 19:56:14	,"	",13/07/2026 07:51:04	,"	","	","	",,,Fulfillment by seller,Kho HCMC,862027801635,Standard shipping,J&T Express,,_***imngan__,K** N***,(+84)902****99,Việt Nam,Hồ Chí Minh,Xã Thái Mỹ,**********,********************************************,,Cash on delivery,0.3,Shampoo & Conditioner,1203319216858104996	,,Unchecked,,Product cards,
584991694229898869	,To ship,Awaiting collection,,Normal,1731317148230255836	,BONG TAM HQ,[Quà tặng không bán] Bông Tắm Tạo Bọt Mềm Mịn,Mặc định,1,0,0,0,0,0,0,0,18700,0,18700,,0,886080,,12/07/2026 19:16:34	,12/07/2026 19:16:40	,13/07/2026 07:50:36	,"	","	","	",,,Fulfillment by seller,Kho HN,862061641635,Standard shipping,J&T Express,,d***.khoa06,D*** K***,(+84)901****00,Việt Nam,Hà Nội,Thanh Xuân,*********,*****************,********************************,Credit/debit card,0.5,"Loofahs, Sponges, & Poufs",1203316313801655925	,,Unchecked,,LIVE,ahau.phuongthao
584991694229898869	,To ship,Awaiting collection,,Normal,1732250801268689116	,ST01902,"Sữa Tắm/Gel Tắm Pháp Le Petit Marseillais Chiết Xuất Thiên Nhiên 650ml - Sữa Tắm Lưu Hương Lành Tính - Dịu Nhẹ, An Toàn Cho Da","Thông & Bạch Đàn Biển, Standard",1,0,499000,499000,85580,110000,303420,0,18700,0,18700,,0,886080,,12/07/2026 19:16:34	,12/07/2026 19:16:40	,13/07/2026 07:50:36	,"	","	","	",,,Fulfillment by seller,Kho HN,862061641635,Standard shipping,J&T Express,,d***.khoa06,D*** K***,(+84)901****00,Việt Nam,Hà Nội,Thanh Xuân,*********,*****************,********************************,Credit/debit card,1,Bath & Shower,1203316313801655925	,,Unchecked,,LIVE,ahau.phuongthao
584991694229898869	,To ship,Awaiting collection,,Normal,1734496577198523612	,1 BÁNH-XP,Xà Phòng Le Petit Marseillais Chính Hãng Bánh Xà Phòng Tắm Thiên Nhiên (Ngẫu nhiên)  1 Bánh,Mặc định,2,0,0,0,0,0,0,0,18700,0,18700,,0,886080,,12/07/2026 19:16:34	,12/07/2026 19:16:40	,13/07/2026 07:50:36	,"	","	","	",,,Fulfillment by seller,Kho HN,862061641635,Standard shipping,J&T Express,,d***.khoa06,D*** K***,(+84)901****00,Việt Nam,Hà Nội,Thanh Xuân,*********,*****************,********************************,Credit/debit card,0.2,Bath & Shower,1203316313801655925	,,Unchecked,,LIVE,ahau.phuongthao
584991694229898869	,To ship,Awaiting collection,,Normal,1735912571878016220	,ST01172 + ST01431,Combo 2 Sữa Tắm Nam Le Petit Marseillais 4in1 Cho Tóc Mặt Râu Toàn Thân 250ml,"Gỗ Tuyết Tùng Và Dương Xỉ, Gỗ Cam & Dầu Argan ",1,0,538000,538000,83160,160000,294840,0,18700,0,18700,,0,886080,,12/07/2026 19:16:34	,12/07/2026 19:16:40	,13/07/2026 07:50:36	,"	","	","	",,,Fulfillment by seller,Kho HN,862061641635,Standard shipping,J&T Express,,d***.khoa06,D*** K***,(+84)901****00,Việt Nam,Hà Nội,Thanh Xuân,*********,*****************,********************************,Credit/debit card,0.6,Bath & Body Care,1203316313801655925	,,Unchecked,,LIVE,ahau.phuongthao
584991694229898869	,To ship,Awaiting collection,,Normal,1736012795077100764	,ST48441+ST00526,Combo 2 Sữa Tắm Nữ Pháp Le Petit Marseillais 250ml - Thiên Nhiên Dịu Nhẹ,"Quả Mâm Xôi Hữu Cơ & Hoa Mẫu Đơn, Vani",1,0,538000,538000,81180,169000,287820,0,18700,0,18700,,0,886080,,12/07/2026 19:16:34	,12/07/2026 19:16:40	,13/07/2026 07:50:36	,"	","	","	",,,Fulfillment by seller,Kho HN,862061641635,Standard shipping,J&T Express,,d***.khoa06,D*** K***,(+84)901****00,Việt Nam,Hà Nội,Thanh Xuân,*********,*****************,********************************,Credit/debit card,0.6,Bath & Shower,1203316313801655925	,,Unchecked,,LIVE,ahau.phuongthao
584990953248687831	,To ship,Awaiting collection,,Normal,1731317148230255836	,BONG TAM HQ,[Quà tặng không bán] Bông Tắm Tạo Bọt Mềm Mịn,Mặc định,1,0,0,0,0,0,0,0,35100,0,35100,,0,166320,,12/07/2026 18:26:15	,"	",13/07/2026 07:51:04	,"	","	","	",,,Fulfillment by seller,Kho HCMC,862066891635,Standard shipping,J&T Express,,d***iafajq,C** G**,(+84)399****30,Việt Nam,An Giang,Chợ Mới,*******,**************************************,************************************,Cash on delivery,0.5,"Loofahs, Sponges, & Poufs",1203312282729940695	,,Unchecked,,Product cards,
584990953248687831	,To ship,Awaiting collection,,Normal,1732251749141022940	,ST01431,"Sữa Tắm Pháp Le Petit Marseillais Cho Nam Chiết Xuất Thiên Nhiên 4in1 Nhiều Mùi Hương Dưỡng Ẩm, Thơm Lâu - Phù Hợp Mọi Loại Da (250ml)","Hương Cam & Tinh Dầu Argan, Standard",1,0,269000,269000,22680,80000,166320,0,35100,0,35100,,0,166320,,12/07/2026 18:26:15	,"	",13/07/2026 07:51:04	,"	","	","	",,,Fulfillment by seller,Kho HCMC,862066891635,Standard shipping,J&T Express,,d***iafajq,C** G**,(+84)399****30,Việt Nam,An Giang,Chợ Mới,*******,**************************************,************************************,Cash on delivery,0.5,Bath & Shower,1203312282729940695	,,Unchecked,,Product cards,
584989748303791757	,To ship,Awaiting collection,,Normal,1731317148230255836	,BONG TAM HQ,[Quà tặng không bán] Bông Tắm Tạo Bọt Mềm Mịn,Mặc định,1,0,0,0,0,0,0,15800,15800,0,0,,0,220800,,12/07/2026 16:57:48	,12/07/2026 16:57:51	,13/07/2026 07:51:04	,"	","	","	",,,Fulfillment by seller,Kho HCMC,862032031605,Standard shipping,J&T Express,,n***enngockhang8,k****,(+84)386****09,Việt Nam,Hồ Chí Minh,Tân Phú,******,***************************************************************************,,MoMo E-Wallet,0.5,"Loofahs, Sponges, & Poufs",1203305041083401869	,,Unchecked,,Product cards,
584989748303791757	,To ship,Awaiting collection,,Normal,1732251749141219548	,ST01172,"Sữa Tắm Pháp Le Petit Marseillais Cho Nam Chiết Xuất Thiên Nhiên 4in1 Nhiều Mùi Hương Dưỡng Ẩm, Thơm Lâu - Phù Hợp Mọi Loại Da (250ml)","Hương Gỗ Tuyết Tùng & Dương Xỉ, Standard",1,0,269000,269000,0,64000,205000,15800,15800,0,0,,0,220800,,12/07/2026 16:57:48	,12/07/2026 16:57:51	,13/07/2026 07:51:04	,"	","	","	",,,Fulfillment by seller,Kho HCMC,862032031605,Standard shipping,J&T Express,,n***enngockhang8,k****,(+84)386****09,Việt Nam,Hồ Chí Minh,Tân Phú,******,***************************************************************************,,MoMo E-Wallet,0.5,Bath & Shower,1203305041083401869	,,Unchecked,,Product cards,
584987227606516938	,To ship,Awaiting collection,,Normal,1734496577198523612	,1 BÁNH-XP,Xà Phòng Le Petit Marseillais Chính Hãng Bánh Xà Phòng Tắm Thiên Nhiên (Ngẫu nhiên)  1 Bánh,Mặc định,2,0,75000,150000,0,0,150000,0,30300,0,30300,,0,150000,,12/07/2026 13:56:32	,"	",13/07/2026 07:51:04	,"	","	","	",,,Fulfillment by seller,Kho HN,862009061635,Standard shipping,J&T Express,,u***7172041585972,H* v** Q***,(+84)972****05,Việt Nam,Bắc Kạn,Pác Nặm,******,******,,Cash on delivery,0.2,Bath & Shower,1203287776430294218	,,Unchecked,,Videos,onggiatichcuc79
584987055450326674	,To ship,Awaiting collection,,Normal,1732250801269016796	,ST01288,"Sữa Tắm/Gel Tắm Pháp Le Petit Marseillais Chiết Xuất Thiên Nhiên 650ml - Sữa Tắm Lưu Hương Lành Tính - Dịu Nhẹ, An Toàn Cho Da","Đào Trắng & Quả Xuân Đào, Standard",1,0,499000,499000,0,105000,394000,0,47600,0,47600,,0,783000,,12/07/2026 13:41:31	,"	",13/07/2026 07:51:04	,"	","	","	",,,Fulfillment by seller,Kho HCMC,862005781635,Standard shipping,J&T Express,,t***uong1172,T** S****,(+84)948****37,Việt Nam,Đồng Tháp,Xã Cái Bè,*********,***********************,,Cash on delivery,1,Bath & Shower,1203286330238731922	,,Unchecked,,Videos,daubeo6688
584987055450326674	,To ship,Awaiting collection,,Normal,1731317148230255836	,BONG TAM HQ,[Quà tặng không bán] Bông Tắm Tạo Bọt Mềm Mịn,Mặc định,1,0,0,0,0,0,0,0,47600,0,47600,,0,783000,,12/07/2026 13:41:31	,"	",13/07/2026 07:51:04	,"	","	","	",,,Fulfillment by seller,Kho HCMC,862005781635,Standard shipping,J&T Express,,t***uong1172,T** S****,(+84)948****37,Việt Nam,Đồng Tháp,Xã Cái Bè,*********,***********************,,Cash on delivery,0.5,"Loofahs, Sponges, & Poufs",1203286330238731922	,,Unchecked,,Videos,daubeo6688
584987055450326674	,To ship,Awaiting collection,,Normal,1732250801268689116	,ST01902,"Sữa Tắm/Gel Tắm Pháp Le Petit Marseillais Chiết Xuất Thiên Nhiên 650ml - Sữa Tắm Lưu Hương Lành Tính - Dịu Nhẹ, An Toàn Cho Da","Thông & Bạch Đàn Biển, Standard",1,0,499000,499000,0,110000,389000,0,47600,0,47600,,0,783000,,12/07/2026 13:41:31	,"	",13/07/2026 07:51:04	,"	","	","	",,,Fulfillment by seller,Kho HCMC,862005781635,Standard shipping,J&T Express,,t***uong1172,T** S****,(+84)948****37,Việt Nam,Đồng Tháp,Xã Cái Bè,*********,***********************,,Cash on delivery,1,Bath & Shower,1203286330238731922	,,Unchecked,,Videos,daubeo6688
584986221635273769	,To ship,Awaiting collection,,Normal,1731317148230255836	,BONG TAM HQ,[Quà tặng không bán] Bông Tắm Tạo Bọt Mềm Mịn,Mặc định,1,0,0,0,0,0,0,0,15800,0,15800,,0,189000,,12/07/2026 12:46:46	,12/07/2026 12:46:49	,13/07/2026 07:51:04	,"	","	","	",,,Fulfillment by seller,Kho HCMC,862026031635,Standard shipping,J&T Express,,t***ai28082,T** t**,(+84)793****78,Việt Nam,Hồ Chí Minh,Quận 1,********,**********************,,MoMo E-Wallet,0.5,"Loofahs, Sponges, & Poufs",1203280250483082281	,,Unchecked,,Product cards,
584986221635273769	,To ship,Awaiting collection,,Normal,1732251749141219548	,ST01172,"Sữa Tắm Pháp Le Petit Marseillais Cho Nam Chiết Xuất Thiên Nhiên 4in1 Nhiều Mùi Hương Dưỡng Ẩm, Thơm Lâu - Phù Hợp Mọi Loại Da (250ml)","Hương Gỗ Tuyết Tùng & Dương Xỉ, Standard",1,0,269000,269000,0,80000,189000,0,15800,0,15800,,0,189000,,12/07/2026 12:46:46	,12/07/2026 12:46:49	,13/07/2026 07:51:04	,"	","	","	",,,Fulfillment by seller,Kho HCMC,862026031635,Standard shipping,J&T Express,,t***ai28082,T** t**,(+84)793****78,Việt Nam,Hồ Chí Minh,Quận 1,********,**********************,,MoMo E-Wallet,0.5,Bath & Shower,1203280250483082281	,,Unchecked,,Product cards,
584986131975013798	,Canceled,Canceled,Cancel,Normal,1731317148230255836	,BONG TAM HQ,[Quà tặng không bán] Bông Tắm Tạo Bọt Mềm Mịn,Mặc định,1,1,0,0,0,0,0,20900,20900,0,0,,0,209500,0,12/07/2026 12:42:10	,"	","	","	","	",13/07/2026 07:46:55	,User,Need to change color or size,Fulfillment by seller,Kho HN,,Standard shipping,,,c***p1,S*** P****,(+84)922****36,Việt Nam,Hà Nội,Xã Phú Cát,**********,*********************,****************,Cash on delivery,0.5,"Loofahs, Sponges, & Poufs",1203279494362924454	,,Unchecked,,Product cards,
584986131975013798	,Canceled,Canceled,Cancel,Normal,1732251749141088476	,3574661701455,"Sữa Tắm Pháp Le Petit Marseillais Cho Nam Chiết Xuất Thiên Nhiên 4in1 Nhiều Mùi Hương Dưỡng Ẩm, Thơm Lâu - Phù Hợp Mọi Loại Da (250ml)","Cam Đỏ & Nghệ Tây, Standard",1,1,269000,269000,16400,64000,188600,20900,20900,0,0,,0,209500,188600,12/07/2026 12:42:10	,"	","	","	","	",13/07/2026 07:46:55	,User,Need to change color or size,Fulfillment by seller,Kho HN,,Standard shipping,,,c***p1,S*** P****,(+84)922****36,Việt Nam,Hà Nội,Xã Phú Cát,**********,*********************,****************,Cash on delivery,0.5,Bath & Shower,1203279494362924454	,,Unchecked,,Product cards,
584984683730208307	,To ship,Awaiting collection,,Normal,1732250801269016796	,ST01288,"Sữa Tắm/Gel Tắm Pháp Le Petit Marseillais Chiết Xuất Thiên Nhiên 650ml - Sữa Tắm Lưu Hương Lành Tính - Dịu Nhẹ, An Toàn Cho Da","Đào Trắng & Quả Xuân Đào, Standard",1,0,499000,499000,86680,105000,307320,18200,18200,0,0,,0,472940,,12/07/2026 11:03:53	,12/07/2026 11:04:18	,13/07/2026 07:50:36	,"	","	","	",,,Fulfillment by seller,Kho HN,862014341595,Standard shipping,J&T Express,,n***ensontunghp,N***** S** T***,(+84)988****85,Việt Nam,Hà Nội,Phường Yên Hòa,**************,********************,,MoMo E-Wallet + TikTok Shop Balance,1,Bath & Shower,1203270666532193843	,,Unchecked,,Videos,ha_thubay
584984683730208307	,To ship,Awaiting collection,,Normal,1732251749141022940	,ST01431,"Sữa Tắm Pháp Le Petit Marseillais Cho Nam Chiết Xuất Thiên Nhiên 4in1 Nhiều Mùi Hương Dưỡng Ẩm, Thơm Lâu - Phù Hợp Mọi Loại Da (250ml)","Hương Cam & Tinh Dầu Argan, Standard",1,0,269000,269000,41580,80000,147420,18200,18200,0,0,,0,472940,,12/07/2026 11:03:53	,12/07/2026 11:04:18	,13/07/2026 07:50:36	,"	","	","	",,,Fulfillment by seller,Kho HN,862014341595,Standard shipping,J&T Express,,n***ensontunghp,N***** S** T***,(+84)988****85,Việt Nam,Hà Nội,Phường Yên Hòa,**************,********************,,MoMo E-Wallet + TikTok Shop Balance,0.5,Bath & Shower,1203270666532193843	,,Unchecked,,Videos,duongmanhkien19
584984683730208307	,To ship,Awaiting collection,,Normal,1731317148230255836	,BONG TAM HQ,[Quà tặng không bán] Bông Tắm Tạo Bọt Mềm Mịn,Mặc định,2,0,0,0,0,0,0,18200,18200,0,0,,0,472940,,12/07/2026 11:03:53	,12/07/2026 11:04:18	,13/07/2026 07:50:36	,"	","	","	",,,Fulfillment by seller,Kho HN,862014341595,Standard shipping,J&T Express,,n***ensontunghp,N***** S** T***,(+84)988****85,Việt Nam,Hà Nội,Phường Yên Hòa,**************,********************,,MoMo E-Wallet + TikTok Shop Balance,1,"Loofahs, Sponges, & Poufs",1203270666532193843	,,Unchecked,,Videos,duongmanhkien19
584984246001174270	,Canceled,Canceled,Cancel,Normal,1733206092187534556	,DG74608,"Dầu Gội Thiên Nhiên Le Petit Marseillais Nhiều Mùi Hương 250ml Dưỡng Ẩm, Thơm Lâu - Phù Hợp Mọi Loại Da",Bột đất sét trắng 4806,1,1,329000,329000,0,62000,267000,0,14000,0,14000,,0,267000,267000,12/07/2026 10:38:19	,"	","	","	","	",12/07/2026 12:41:00	,User,Need to change shipping address,Fulfillment by seller,Kho HCMC,,Standard shipping,,,g***hanhduong,H**,(+84)096*****86,Việt Nam,Hồ Chí Minh,Phường Tân Hòa,**************,**************,**************************,Cash on delivery,0.5,Shampoo & Conditioner,1203267439350744830	,,Unchecked,,Videos,tuyetcookies
584982931667060541	,Canceled,Canceled,Cancel,Normal,1731317148230255836	,BONG TAM HQ,[Quà tặng không bán] Bông Tắm Tạo Bọt Mềm Mịn,Mặc định,1,1,0,0,0,0,0,0,20900,0,20900,,0,160650,0,12/07/2026 08:59:35	,12/07/2026 08:59:39	,"	","	","	",12/07/2026 09:11:59	,User,Need item sooner,Fulfillment by seller,Kho HCMC,,Standard shipping,,,n***n_216,H** 3**,(+84)376****21,Việt Nam,Hồ Chí Minh,Xã Hiệp Phước,*************,***************************,,MoMo E-Wallet,0.5,"Loofahs, Sponges, & Poufs",1203257611470473021	,,Unchecked,,Product cards,
584982931667060541	,Canceled,Canceled,Cancel,Normal,1732251749141154012	,ST01356,"Sữa Tắm Pháp Le Petit Marseillais Cho Nam Chiết Xuất Thiên Nhiên 4in1 Nhiều Mùi Hương Dưỡng Ẩm, Thơm Lâu - Phù Hợp Mọi Loại Da (250ml)","Hương Thông & Bạch Đàn Biển, Standard",1,1,269000,269000,28350,80000,160650,0,20900,0,20900,,0,160650,160650,12/07/2026 08:59:35	,12/07/2026 08:59:39	,"	","	","	",12/07/2026 09:11:59	,User,Need item sooner,Fulfillment by seller,Kho HCMC,,Standard shipping,,,n***n_216,H** 3**,(+84)376****21,Việt Nam,Hồ Chí Minh,Xã Hiệp Phước,*************,***************************,,MoMo E-Wallet,0.5,Bath & Shower,1203257611470473021	,,Unchecked,,Product cards,
584982525873981066	,To ship,Awaiting collection,,Normal,1731317148230255836	,BONG TAM HQ,[Quà tặng không bán] Bông Tắm Tạo Bọt Mềm Mịn,Mặc định,1,0,0,0,0,0,0,5100,35100,0,30000,,0,194100,,12/07/2026 08:23:41	,"	",13/07/2026 07:51:04	,"	","	","	",,,Fulfillment by seller,Kho HCMC,862052031605,Standard shipping,J&T Express,,p***.tr.sa,p*** t** s**,(+84)337****22,Việt Nam,Long An,Bến Lức,********,********************,,Cash on delivery,0.5,"Loofahs, Sponges, & Poufs",1203254354404607626	,,Unchecked,,Videos,man.trung.737
584982525873981066	,To ship,Awaiting collection,,Normal,1732251749141154012	,ST01356,"Sữa Tắm Pháp Le Petit Marseillais Cho Nam Chiết Xuất Thiên Nhiên 4in1 Nhiều Mùi Hương Dưỡng Ẩm, Thơm Lâu - Phù Hợp Mọi Loại Da (250ml)","Hương Thông & Bạch Đàn Biển, Standard",1,0,269000,269000,0,80000,189000,5100,35100,0,30000,,0,194100,,12/07/2026 08:23:41	,"	",13/07/2026 07:51:04	,"	","	","	",,,Fulfillment by seller,Kho HCMC,862052031605,Standard shipping,J&T Express,,p***.tr.sa,p*** t** s**,(+84)337****22,Việt Nam,Long An,Bến Lức,********,********************,,Cash on delivery,0.5,Bath & Shower,1203254354404607626	,,Unchecked,,Videos,man.trung.737
584982542379746413	,To ship,Awaiting collection,,Normal,1731317148230255836	,BONG TAM HQ,[Quà tặng không bán] Bông Tắm Tạo Bọt Mềm Mịn,Mặc định,1,0,0,0,0,0,0,0,29700,0,29700,18,0,188982,,12/07/2026 08:22:59	,12/07/2026 08:23:08	,13/07/2026 07:51:04	,"	","	","	",,,Fulfillment by seller,Kho HN,862098931595,Standard shipping,J&T Express,,v***duong7923,d****,(+84)038*****99,Việt Nam,Lai Châu,Lai Châu,**********,*******************************************,,PayLater,0.5,"Loofahs, Sponges, & Poufs",1201554299525891181	,,Unchecked,,Videos,man.trung.737
584982542379746413	,To ship,Awaiting collection,,Normal,1732251749141219548	,ST01172,"Sữa Tắm Pháp Le Petit Marseillais Cho Nam Chiết Xuất Thiên Nhiên 4in1 Nhiều Mùi Hương Dưỡng Ẩm, Thơm Lâu - Phù Hợp Mọi Loại Da (250ml)","Hương Gỗ Tuyết Tùng & Dương Xỉ, Standard",1,0,269000,269000,0,80000,189000,0,29700,0,29700,18,0,188982,,12/07/2026 08:22:59	,12/07/2026 08:23:08	,13/07/2026 07:51:04	,"	","	","	",,,Fulfillment by seller,Kho HN,862098931595,Standard shipping,J&T Express,,v***duong7923,d****,(+84)038*****99,Việt Nam,Lai Châu,Lai Châu,**********,*******************************************,,PayLater,0.5,Bath & Shower,1201554299525891181	,,Unchecked,,Videos,man.trung.737
584982244113482835	,To ship,Awaiting collection,,Normal,1731317148230255836	,BONG TAM HQ,[Quà tặng không bán] Bông Tắm Tạo Bọt Mềm Mịn,Mặc định,1,0,0,0,0,0,0,0,16700,0,16700,,0,160650,,12/07/2026 07:54:57	,12/07/2026 07:55:02	,13/07/2026 07:51:04	,"	","	","	",,,Fulfillment by seller,Kho HCMC,862007801635,Standard shipping,J&T Express,,l***efinancce,L**** F*******,(+84)796****32,Việt Nam,Hồ Chí Minh,Cần Giờ,*************,*****,***********,MoMo E-Wallet,0.5,"Loofahs, Sponges, & Poufs",1203252092770878547	,,Unchecked,,Videos,man.trung.737
584982244113482835	,To ship,Awaiting collection,,Normal,1732251749141219548	,ST01172,"Sữa Tắm Pháp Le Petit Marseillais Cho Nam Chiết Xuất Thiên Nhiên 4in1 Nhiều Mùi Hương Dưỡng Ẩm, Thơm Lâu - Phù Hợp Mọi Loại Da (250ml)","Hương Gỗ Tuyết Tùng & Dương Xỉ, Standard",1,0,269000,269000,28350,80000,160650,0,16700,0,16700,,0,160650,,12/07/2026 07:54:57	,12/07/2026 07:55:02	,13/07/2026 07:51:04	,"	","	","	",,,Fulfillment by seller,Kho HCMC,862007801635,Standard shipping,J&T Express,,l***efinancce,L**** F*******,(+84)796****32,Việt Nam,Hồ Chí Minh,Cần Giờ,*************,*****,***********,MoMo E-Wallet,0.5,Bath & Shower,1203252092770878547	,,Unchecked,,Videos,man.trung.737
584982076239742553	,To ship,Awaiting collection,,Normal,1731317148230255836	,BONG TAM HQ,[Quà tặng không bán] Bông Tắm Tạo Bọt Mềm Mịn,Mặc định,1,0,0,0,0,0,0,0,39400,0,39400,,0,377600,,12/07/2026 07:40:41	,"	",13/07/2026 07:50:36	,"	","	","	",,,Fulfillment by seller,Kho HN,862073401595,Standard shipping,J&T Express,,d***gthien210,Đ*** v** b**,(+84)779****93,Việt Nam,Hải Phòng,Phường Nam Triệu,****************,*********,*******************,Cash on delivery,0.5,"Loofahs, Sponges, & Poufs",1203251122597758553	,,Unchecked,,Product cards,
584982076239742553	,To ship,Awaiting collection,,Normal,1733398851758556380	,ST01172,Sữa Tắm Nam 4 in 1  Thiên Nhiên Le Petit Marseillais Chiết Xuất Gỗ Tuyết Tùng & Dương Xỉ 250ml 1172,Mặc định,1,0,269000,269000,41000,64000,164000,0,39400,0,39400,,0,377600,,12/07/2026 07:40:41	,"	",13/07/2026 07:50:36	,"	","	","	",,,Fulfillment by seller,Kho HN,862073401595,Standard shipping,J&T Express,,d***gthien210,Đ*** v** b**,(+84)779****93,Việt Nam,Hải Phòng,Phường Nam Triệu,****************,*********,*******************,Cash on delivery,0.4,Bath & Body Care,1203251122597758553	,,Unchecked,,Product cards,
584982076239742553	,To ship,Awaiting collection,,Normal,1735803426087208156	,DG74042,Dầu Gội Trị Gàu Bạc Hà Le Petit Marseillais Kiềm Dầu Sạch Sâu 250ml,Mặc định,1,0,329000,329000,53400,62000,213600,0,39400,0,39400,,0,377600,,12/07/2026 07:40:41	,"	",13/07/2026 07:50:36	,"	","	","	",,,Fulfillment by seller,Kho HN,862073401595,Standard shipping,J&T Express,,d***gthien210,Đ*** v** b**,(+84)779****93,Việt Nam,Hải Phòng,Phường Nam Triệu,****************,*********,*******************,Cash on delivery,0.3,Shampoo & Conditioner,1203251122597758553	,,Unchecked,,Product cards,
584982029362758838	,To ship,Awaiting collection,,Normal,1731317148230255836	,BONG TAM HQ,[Quà tặng không bán] Bông Tắm Tạo Bọt Mềm Mịn,Mặc định,1,0,0,0,0,0,0,17600,47600,0,30000,,0,207600,,12/07/2026 07:33:30	,"	",13/07/2026 07:51:04	,"	","	","	",,,Fulfillment by seller,Kho HCMC,862078931595,Standard shipping,J&T Express,,h***vu_89,H*** V*,(+84)932****07,Việt Nam,Lâm Đồng,Xã Trà Tân,**********,*********************,,Cash on delivery,0.5,"Loofahs, Sponges, & Poufs",1203250573090260150	,,Unchecked,,Videos,man.trung.737
584982029362758838	,To ship,Awaiting collection,,Normal,1732251749141219548	,ST01172,"Sữa Tắm Pháp Le Petit Marseillais Cho Nam Chiết Xuất Thiên Nhiên 4in1 Nhiều Mùi Hương Dưỡng Ẩm, Thơm Lâu - Phù Hợp Mọi Loại Da (250ml)","Hương Gỗ Tuyết Tùng & Dương Xỉ, Standard",1,0,269000,269000,15000,64000,190000,17600,47600,0,30000,,0,207600,,12/07/2026 07:33:30	,"	",13/07/2026 07:51:04	,"	","	","	",,,Fulfillment by seller,Kho HCMC,862078931595,Standard shipping,J&T Express,,h***vu_89,H*** V*,(+84)932****07,Việt Nam,Lâm Đồng,Xã Trà Tân,**********,*********************,,Cash on delivery,0.5,Bath & Shower,1203250573090260150	,,Unchecked,,Videos,man.trung.737
584981984751748321	,To ship,Awaiting collection,,Normal,1736140703119410396	,ST01172,"[KOL] Sữa Tắm Nam Le Petit Marseillais 4in1 250ml - Thơm Lâu, Dưỡng Ẩm","Hương Gỗ Tuyết Tùng & Dương Xỉ, Standard",1,0,269000,269000,0,80000,189000,0,40000,0,40000,312,0,188688,,12/07/2026 07:32:38	,12/07/2026 07:32:43	,13/07/2026 07:51:04	,"	","	","	",,,Fulfillment by seller,Kho HCMC,862085771635,Standard shipping,J&T Express,,t***ngoclam1989,T*** N*** L**,(+84)914****46,Việt Nam,Phú Yên,Tuy An,*********,**********************************************************************************************************,,Zalopay + TikTok Shop Balance,0.5,Bath & Shower,1203250361872581857	,,Unchecked,,LIVE,lepetitmarseillaisvn
584981659664417825	,To ship,Awaiting collection,,Normal,1731317148230255836	,BONG TAM HQ,[Quà tặng không bán] Bông Tắm Tạo Bọt Mềm Mịn,Mặc định,1,0,0,0,0,0,0,0,3000,0,3000,,0,174000,,12/07/2026 06:58:06	,"	",13/07/2026 07:51:04	,"	","	","	",,,Fulfillment by seller,Kho HCMC,862025591635,Standard shipping,J&T Express,,l***y5906,H**,(+84)768****36,Việt Nam,Đồng Nai,Phường Tam Hiệp,***************,*****************************,,Cash on delivery,0.5,"Loofahs, Sponges, & Poufs",1203248122305086497	,,Unchecked,,Videos,man.trung.737
584981659664417825	,To ship,Awaiting collection,,Normal,1732251749141219548	,ST01172,"Sữa Tắm Pháp Le Petit Marseillais Cho Nam Chiết Xuất Thiên Nhiên 4in1 Nhiều Mùi Hương Dưỡng Ẩm, Thơm Lâu - Phù Hợp Mọi Loại Da (250ml)","Hương Gỗ Tuyết Tùng & Dương Xỉ, Standard",1,0,269000,269000,15000,80000,174000,0,3000,0,3000,,0,174000,,12/07/2026 06:58:06	,"	",13/07/2026 07:51:04	,"	","	","	",,,Fulfillment by seller,Kho HCMC,862025591635,Standard shipping,J&T Express,,l***y5906,H**,(+84)768****36,Việt Nam,Đồng Nai,Phường Tam Hiệp,***************,*****************************,,Cash on delivery,0.5,Bath & Shower,1203248122305086497	,,Unchecked,,Videos,man.trung.737
584980968128743200	,Canceled,Canceled,Cancel,Normal,1732251749141219548	,ST01172,"Sữa Tắm Pháp Le Petit Marseillais Cho Nam Chiết Xuất Thiên Nhiên 4in1 Nhiều Mùi Hương Dưỡng Ẩm, Thơm Lâu - Phù Hợp Mọi Loại Da (250ml)","Hương Gỗ Tuyết Tùng & Dương Xỉ, Standard",1,1,269000,269000,28350,80000,160650,0,29700,0,29700,,0,160650,160650,12/07/2026 05:06:04	,"	","	","	","	",12/07/2026 13:21:05	,User,No longer needed,Fulfillment by seller,Kho HCMC,,Standard shipping,,,n***ma9899,N*** M*,(+84)798****99,Việt Nam,Vĩnh Long,Vĩnh Long,********,**************************************,,Cash on delivery,0.5,Bath & Shower,1203244244555630368	,,Unchecked,,Product cards,
584980968128743200	,Canceled,Canceled,Cancel,Normal,1731317148230255836	,BONG TAM HQ,[Quà tặng không bán] Bông Tắm Tạo Bọt Mềm Mịn,Mặc định,1,1,0,0,0,0,0,0,29700,0,29700,,0,160650,0,12/07/2026 05:06:04	,"	","	","	","	",12/07/2026 13:21:05	,User,No longer needed,Fulfillment by seller,Kho HCMC,,Standard shipping,,,n***ma9899,N*** M*,(+84)798****99,Việt Nam,Vĩnh Long,Vĩnh Long,********,**************************************,,Cash on delivery,0.5,"Loofahs, Sponges, & Poufs",1203244244555630368	,,Unchecked,,Product cards,
584980939225270180	,To ship,Awaiting collection,,Normal,1731317148230255836	,BONG TAM HQ,[Quà tặng không bán] Bông Tắm Tạo Bọt Mềm Mịn,Mặc định,1,0,0,0,0,0,0,0,20900,0,20900,,0,141750,,12/07/2026 04:56:52	,"	",13/07/2026 07:50:36	,"	","	","	",,,Fulfillment by seller,Kho HN,862009151625,Standard shipping,J&T Express,,d***210602,V** Đ** X* T*** P** .**,(+84)397****02,Việt Nam,Hà Nội,Xã Hòa Lạc,**********,******************************,******************************************,Cash on delivery,0.5,"Loofahs, Sponges, & Poufs",1203244063715002276	,,Unchecked,,Videos,vanmeoriviu
584980939225270180	,To ship,Awaiting collection,,Normal,1732251749141219548	,ST01172,"Sữa Tắm Pháp Le Petit Marseillais Cho Nam Chiết Xuất Thiên Nhiên 4in1 Nhiều Mùi Hương Dưỡng Ẩm, Thơm Lâu - Phù Hợp Mọi Loại Da (250ml)","Hương Gỗ Tuyết Tùng & Dương Xỉ, Standard",1,0,269000,269000,47250,80000,141750,0,20900,0,20900,,0,141750,,12/07/2026 04:56:52	,"	",13/07/2026 07:50:36	,"	","	","	",,,Fulfillment by seller,Kho HN,862009151625,Standard shipping,J&T Express,,d***210602,V** Đ** X* T*** P** .**,(+84)397****02,Việt Nam,Hà Nội,Xã Hòa Lạc,**********,******************************,******************************************,Cash on delivery,0.5,Bath & Shower,1203244063715002276	,,Unchecked,,Videos,vanmeoriviu
584980938866918407	,To ship,Awaiting collection,,Normal,1731317148230255836	,BONG TAM HQ,[Quà tặng không bán] Bông Tắm Tạo Bọt Mềm Mịn,Mặc định,1,0,0,0,0,0,0,0,29700,0,29700,,0,174000,,12/07/2026 04:54:48	,12/07/2026 04:55:07	,13/07/2026 07:51:04	,"	","	","	",,,Fulfillment by seller,Kho HN,862046031635,Standard shipping,J&T Express,,g***3001,P*** L***,(+84)036*****15,Việt Nam,Quảng Ninh,Phường Hạ Long,**************,***********,,MoMo E-Wallet,0.5,"Loofahs, Sponges, & Poufs",1203243956876379143	,,Unchecked,,Videos,man.trung.737
584980938866918407	,To ship,Awaiting collection,,Normal,1732251749141219548	,ST01172,"Sữa Tắm Pháp Le Petit Marseillais Cho Nam Chiết Xuất Thiên Nhiên 4in1 Nhiều Mùi Hương Dưỡng Ẩm, Thơm Lâu - Phù Hợp Mọi Loại Da (250ml)","Hương Gỗ Tuyết Tùng & Dương Xỉ, Standard",1,0,269000,269000,15000,80000,174000,0,29700,0,29700,,0,174000,,12/07/2026 04:54:48	,12/07/2026 04:55:07	,13/07/2026 07:51:04	,"	","	","	",,,Fulfillment by seller,Kho HN,862046031635,Standard shipping,J&T Express,,g***3001,P*** L***,(+84)036*****15,Việt Nam,Quảng Ninh,Phường Hạ Long,**************,***********,,MoMo E-Wallet,0.5,Bath & Shower,1203243956876379143	,,Unchecked,,Videos,man.trung.737
584980435774375686	,To ship,Awaiting collection,,Normal,1732251749141154012	,ST01356,"Sữa Tắm Pháp Le Petit Marseillais Cho Nam Chiết Xuất Thiên Nhiên 4in1 Nhiều Mùi Hương Dưỡng Ẩm, Thơm Lâu - Phù Hợp Mọi Loại Da (250ml)","Hương Thông & Bạch Đàn Biển, Standard",2,0,269000,538000,56700,160000,321300,0,17100,0,17100,,0,321300,,12/07/2026 02:25:51	,"	",13/07/2026 07:51:04	,"	","	","	",,,Fulfillment by seller,Kho HCMC,862090891605,Standard shipping,J&T Express,,h***phan1911_,P*** m*** h***,(+84)098*****72,Việt Nam,Hồ Chí Minh,Bình Thạnh,*********,***************,,Cash on delivery,1,Bath & Shower,1203240934496241414	,,Unchecked,,Videos,man.trung.737
584980435774375686	,To ship,Awaiting collection,,Normal,1734496577198523612	,1 BÁNH-XP,Xà Phòng Le Petit Marseillais Chính Hãng Bánh Xà Phòng Tắm Thiên Nhiên (Ngẫu nhiên)  1 Bánh,Mặc định,1,0,0,0,0,0,0,0,17100,0,17100,,0,321300,,12/07/2026 02:25:51	,"	",13/07/2026 07:51:04	,"	","	","	",,,Fulfillment by seller,Kho HCMC,862090891605,Standard shipping,J&T Express,,h***phan1911_,P*** m*** h***,(+84)098*****72,Việt Nam,Hồ Chí Minh,Bình Thạnh,*********,***************,,Cash on delivery,0.1,Bath & Shower,1203240934496241414	,,Unchecked,,Videos,man.trung.737
584980271167538698	,To ship,Awaiting collection,,Normal,1731317148230255836	,BONG TAM HQ,[Quà tặng không bán] Bông Tắm Tạo Bọt Mềm Mịn,Mặc định,1,0,0,0,0,0,0,0,15800,0,15800,,0,189000,,12/07/2026 01:51:51	,12/07/2026 01:51:53	,13/07/2026 07:51:04	,"	","	","	",,,Fulfillment by seller,Kho HCMC,862098511595,Standard shipping,J&T Express,,t***hhvu,t****,(+84)088*****24,Việt Nam,Hồ Chí Minh,Phường Bình Lợi Trung,*********************,******************,***,MoMo E-Wallet,0.5,"Loofahs, Sponges, & Poufs",1203240067913844234	,,Unchecked,,Product cards,
584980271167538698	,To ship,Awaiting collection,,Normal,1732251749141219548	,ST01172,"Sữa Tắm Pháp Le Petit Marseillais Cho Nam Chiết Xuất Thiên Nhiên 4in1 Nhiều Mùi Hương Dưỡng Ẩm, Thơm Lâu - Phù Hợp Mọi Loại Da (250ml)","Hương Gỗ Tuyết Tùng & Dương Xỉ, Standard",1,0,269000,269000,0,80000,189000,0,15800,0,15800,,0,189000,,12/07/2026 01:51:51	,12/07/2026 01:51:53	,13/07/2026 07:51:04	,"	","	","	",,,Fulfillment by seller,Kho HCMC,862098511595,Standard shipping,J&T Express,,t***hhvu,t****,(+84)088*****24,Việt Nam,Hồ Chí Minh,Phường Bình Lợi Trung,*********************,******************,***,MoMo E-Wallet,0.5,Bath & Shower,1203240067913844234	,,Unchecked,,Product cards,
584980272626173907	,To ship,Awaiting collection,,Normal,1731317148230255836	,BONG TAM HQ,[Quà tặng không bán] Bông Tắm Tạo Bọt Mềm Mịn,Mặc định,1,0,0,0,0,0,0,0,47600,0,47600,,0,189000,,12/07/2026 01:48:44	,"	",13/07/2026 07:51:04	,"	","	","	",,,Fulfillment by seller,Kho HCMC,862059261595,Standard shipping,J&T Express,,t***nminhtravel,T**** N*****,(+84)799****88,Việt Nam,Lâm Đồng,Đạ Tẻh,******,************************,***********************************,Cash on delivery,0.5,"Loofahs, Sponges, & Poufs",1203240002523662291	,,Unchecked,,Videos,man.trung.737
584980272626173907	,To ship,Awaiting collection,,Normal,1732251749141219548	,ST01172,"Sữa Tắm Pháp Le Petit Marseillais Cho Nam Chiết Xuất Thiên Nhiên 4in1 Nhiều Mùi Hương Dưỡng Ẩm, Thơm Lâu - Phù Hợp Mọi Loại Da (250ml)","Hương Gỗ Tuyết Tùng & Dương Xỉ, Standard",1,0,269000,269000,0,80000,189000,0,47600,0,47600,,0,189000,,12/07/2026 01:48:44	,"	",13/07/2026 07:51:04	,"	","	","	",,,Fulfillment by seller,Kho HCMC,862059261595,Standard shipping,J&T Express,,t***nminhtravel,T**** N*****,(+84)799****88,Việt Nam,Lâm Đồng,Đạ Tẻh,******,************************,***********************************,Cash on delivery,0.5,Bath & Shower,1203240002523662291	,,Unchecked,,Videos,man.trung.737
584980127854462738	,To ship,Awaiting collection,,Normal,1731317148230255836	,BONG TAM HQ,[Quà tặng không bán] Bông Tắm Tạo Bọt Mềm Mịn,Mặc định,1,0,0,0,0,0,0,0,15800,0,15800,,0,160650,,12/07/2026 01:23:50	,"	",13/07/2026 07:50:36	,"	","	","	",,,Fulfillment by seller,Kho HN,862012821595,Standard shipping,J&T Express,,_***vietanh,v************,(+84)084*****93,Việt Nam,Hà Nội,Bắc Từ Liêm,*********,*****************,,Cash on delivery,0.5,"Loofahs, Sponges, & Poufs",1203239475343623954	,,Unchecked,,Videos,man.trung.737
584980127854462738	,To ship,Awaiting collection,,Normal,1732251749141022940	,ST01431,"Sữa Tắm Pháp Le Petit Marseillais Cho Nam Chiết Xuất Thiên Nhiên 4in1 Nhiều Mùi Hương Dưỡng Ẩm, Thơm Lâu - Phù Hợp Mọi Loại Da (250ml)","Hương Cam & Tinh Dầu Argan, Standard",1,0,269000,269000,28350,80000,160650,0,15800,0,15800,,0,160650,,12/07/2026 01:23:50	,"	",13/07/2026 07:50:36	,"	","	","	",,,Fulfillment by seller,Kho HN,862012821595,Standard shipping,J&T Express,,_***vietanh,v************,(+84)084*****93,Việt Nam,Hà Nội,Bắc Từ Liêm,*********,*****************,,Cash on delivery,0.5,Bath & Shower,1203239475343623954	,,Unchecked,,Videos,man.trung.737
584980060449899837	,To ship,Awaiting collection,,Normal,1731317148230255836	,BONG TAM HQ,[Quà tặng không bán] Bông Tắm Tạo Bọt Mềm Mịn,Mặc định,1,0,0,0,0,0,0,5100,35100,0,30000,,0,194100,,12/07/2026 01:11:21	,"	",13/07/2026 07:51:04	,"	","	","	",,,Fulfillment by seller,Kho HCMC,862010031605,Standard shipping,J&T Express,,j***n060197,T****,(+84)911****47,Việt Nam,Kiên Giang,Phú Quốc,********,****************************,***********************,Cash on delivery,0.5,"Loofahs, Sponges, & Poufs",1203238991297742141	,,Unchecked,,Videos,man.trung.737
584980060449899837	,To ship,Awaiting collection,,Normal,1732251749141219548	,ST01172,"Sữa Tắm Pháp Le Petit Marseillais Cho Nam Chiết Xuất Thiên Nhiên 4in1 Nhiều Mùi Hương Dưỡng Ẩm, Thơm Lâu - Phù Hợp Mọi Loại Da (250ml)","Hương Gỗ Tuyết Tùng & Dương Xỉ, Standard",1,0,269000,269000,0,80000,189000,5100,35100,0,30000,,0,194100,,12/07/2026 01:11:21	,"	",13/07/2026 07:51:04	,"	","	","	",,,Fulfillment by seller,Kho HCMC,862010031605,Standard shipping,J&T Express,,j***n060197,T****,(+84)911****47,Việt Nam,Kiên Giang,Phú Quốc,********,****************************,***********************,Cash on delivery,0.5,Bath & Shower,1203238991297742141	,,Unchecked,,Videos,man.trung.737
584979953145710132	,To ship,Awaiting collection,,Normal,1732251749141088476	,3574661701455,"Sữa Tắm Pháp Le Petit Marseillais Cho Nam Chiết Xuất Thiên Nhiên 4in1 Nhiều Mùi Hương Dưỡng Ẩm, Thơm Lâu - Phù Hợp Mọi Loại Da (250ml)","Cam Đỏ & Nghệ Tây, Standard",2,0,269000,538000,0,128000,410000,0,35500,0,35500,,0,410000,,12/07/2026 00:54:26	,12/07/2026 00:54:31	,13/07/2026 07:51:04	,"	","	","	",,,Fulfillment by seller,Kho HN,862018941595,Standard shipping,J&T Express,,u***5548144639259,m** v** v***,(+84)093*****54,Việt Nam,Hồ Chí Minh,Phường Thạnh Mỹ Tây,*******************,**********************,,Credit/debit card,1,Bath & Shower,1203238363397981748	,,Unchecked,,Videos,lepthelittlekid
584979951463597717	,To ship,Awaiting collection,,Normal,1731317148230255836	,BONG TAM HQ,[Quà tặng không bán] Bông Tắm Tạo Bọt Mềm Mịn,Mặc định,1,0,0,0,0,0,0,0,29700,0,29700,,0,189000,,12/07/2026 00:52:41	,"	",13/07/2026 07:50:36	,"	","	","	",,,Fulfillment by seller,Kho HN,862092821595,Standard shipping,J&T Express,,n***enanh0679,N************,(+84)927****89,Việt Nam,Thái Nguyên,Phường Quyết Thắng,******************,**************************,,Cash on delivery,0.5,"Loofahs, Sponges, & Poufs",1203238614083864213	,,Unchecked,,Videos,duongmanhkien19
584979951463597717	,To ship,Awaiting collection,,Normal,1732251749141219548	,ST01172,"Sữa Tắm Pháp Le Petit Marseillais Cho Nam Chiết Xuất Thiên Nhiên 4in1 Nhiều Mùi Hương Dưỡng Ẩm, Thơm Lâu - Phù Hợp Mọi Loại Da (250ml)","Hương Gỗ Tuyết Tùng & Dương Xỉ, Standard",1,0,269000,269000,0,80000,189000,0,29700,0,29700,,0,189000,,12/07/2026 00:52:41	,"	",13/07/2026 07:50:36	,"	","	","	",,,Fulfillment by seller,Kho HN,862092821595,Standard shipping,J&T Express,,n***enanh0679,N************,(+84)927****89,Việt Nam,Thái Nguyên,Phường Quyết Thắng,******************,**************************,,Cash on delivery,0.5,Bath & Shower,1203238614083864213	,,Unchecked,,Videos,duongmanhkien19
584979942668600754	,To ship,Awaiting collection,,Normal,1734496577198523612	,1 BÁNH-XP,Xà Phòng Le Petit Marseillais Chính Hãng Bánh Xà Phòng Tắm Thiên Nhiên (Ngẫu nhiên)  1 Bánh,Mặc định,1,0,0,0,0,0,0,0,15800,0,15800,,0,321300,,12/07/2026 00:52:05	,12/07/2026 00:52:33	,13/07/2026 07:50:36	,"	","	","	",,,Fulfillment by seller,Kho HN,862052821595,Standard shipping,J&T Express,,1***56okiiii4,1************,(+84)326****07,Việt Nam,Hà Nội,Phường Cầu Giấy,***************,*****************************************,,VNPAY,0.1,Bath & Shower,1203238507124196786	,,Unchecked,,Product cards,
584979942668600754	,To ship,Awaiting collection,,Normal,1735912571878343900	,ST01431 x 2,Combo 2 Sữa Tắm Nam Le Petit Marseillais 4in1 Cho Tóc Mặt Râu Toàn Thân 250ml,"Gỗ Cam & Dầu Argan , Gỗ Cam & Dầu Argan ",1,0,538000,538000,56700,160000,321300,0,15800,0,15800,,0,321300,,12/07/2026 00:52:05	,12/07/2026 00:52:33	,13/07/2026 07:50:36	,"	","	","	",,,Fulfillment by seller,Kho HN,862052821595,Standard shipping,J&T Express,,1***56okiiii4,1************,(+84)326****07,Việt Nam,Hà Nội,Phường Cầu Giấy,***************,*****************************************,,VNPAY,0.6,Bath & Body Care,1203238507124196786	,,Unchecked,,Product cards,
584979693791512149	,To ship,Awaiting collection,,Normal,1732251749141219548	,ST01172,"Sữa Tắm Pháp Le Petit Marseillais Cho Nam Chiết Xuất Thiên Nhiên 4in1 Nhiều Mùi Hương Dưỡng Ẩm, Thơm Lâu - Phù Hợp Mọi Loại Da (250ml)","Hương Gỗ Tuyết Tùng & Dương Xỉ, Standard",1,0,269000,269000,0,80000,189000,0,35100,0,35100,,0,189000,,12/07/2026 00:21:06	,"	",13/07/2026 07:51:04	,"	","	","	",,,Fulfillment by seller,Kho HCMC,862067801635,Standard shipping,J&T Express,,x***ee,T** N*****,(+84)089*****41,Việt Nam,Vĩnh Long,Xã Châu Hưng,************,******************************,,Cash on delivery,0.5,Bath & Shower,1203236984292279893	,,Unchecked,,Product cards,
584979693791512149	,To ship,Awaiting collection,,Normal,1731317148230255836	,BONG TAM HQ,[Quà tặng không bán] Bông Tắm Tạo Bọt Mềm Mịn,Mặc định,1,0,0,0,0,0,0,0,35100,0,35100,,0,189000,,12/07/2026 00:21:06	,"	",13/07/2026 07:51:04	,"	","	","	",,,Fulfillment by seller,Kho HCMC,862067801635,Standard shipping,J&T Express,,x***ee,T** N*****,(+84)089*****41,Việt Nam,Vĩnh Long,Xã Châu Hưng,************,******************************,,Cash on delivery,0.5,"Loofahs, Sponges, & Poufs",1203236984292279893	,,Unchecked,,Product cards,
584979599867741405	,To ship,Awaiting collection,,Normal,1731317148230255836	,BONG TAM HQ,[Quà tặng không bán] Bông Tắm Tạo Bọt Mềm Mịn,Mặc định,1,0,0,0,0,0,0,0,35100,0,35100,,0,166320,,12/07/2026 00:12:35	,"	",13/07/2026 07:50:36	,"	","	","	",,,Fulfillment by seller,Kho HN,862049551625,Standard shipping,J&T Express,,v***tng.quc,V**** T*** Q***,(+84)085*****50,Việt Nam,Bắc Ninh,Phường Song Liễu,****************,************,****************************************************,Cash on delivery,0.5,"Loofahs, Sponges, & Poufs",1203236915803817181	,,Unchecked,,Product cards,
584979599867741405	,To ship,Awaiting collection,,Normal,1732251749141219548	,ST01172,"Sữa Tắm Pháp Le Petit Marseillais Cho Nam Chiết Xuất Thiên Nhiên 4in1 Nhiều Mùi Hương Dưỡng Ẩm, Thơm Lâu - Phù Hợp Mọi Loại Da (250ml)","Hương Gỗ Tuyết Tùng & Dương Xỉ, Standard",1,0,269000,269000,22680,80000,166320,0,35100,0,35100,,0,166320,,12/07/2026 00:12:35	,"	",13/07/2026 07:50:36	,"	","	","	",,,Fulfillment by seller,Kho HN,862049551625,Standard shipping,J&T Express,,v***tng.quc,V**** T*** Q***,(+84)085*****50,Việt Nam,Bắc Ninh,Phường Song Liễu,****************,************,****************************************************,Cash on delivery,0.5,Bath & Shower,1203236915803817181	,,Unchecked,,Product cards,
584979613864461909	,Canceled,Canceled,Cancel,Normal,1731317148230255836	,BONG TAM HQ,[Quà tặng không bán] Bông Tắm Tạo Bọt Mềm Mịn,Mặc định,1,1,0,0,0,0,0,0,35100,0,35100,,0,189000,0,12/07/2026 00:12:04	,"	","	","	","	",12/07/2026 00:12:47	,System,This order has been cancelled because other orders within the same checkout were cancelled.,Fulfillment by seller,Kho HCMC,,Standard shipping,,,x***ee,T** N*****,(+84)089*****41,Việt Nam,Vĩnh Long,Xã Châu Hưng,************,******************************,,Cash on delivery,0.5,"Loofahs, Sponges, & Poufs",1203236886003942997	,,Unchecked,,Product cards,
584979613864461909	,Canceled,Canceled,Cancel,Normal,1732251749141219548	,ST01172,"Sữa Tắm Pháp Le Petit Marseillais Cho Nam Chiết Xuất Thiên Nhiên 4in1 Nhiều Mùi Hương Dưỡng Ẩm, Thơm Lâu - Phù Hợp Mọi Loại Da (250ml)","Hương Gỗ Tuyết Tùng & Dương Xỉ, Standard",1,1,269000,269000,0,80000,189000,0,35100,0,35100,,0,189000,189000,12/07/2026 00:12:04	,"	","	","	","	",12/07/2026 00:12:47	,System,This order has been cancelled because other orders within the same checkout were cancelled.,Fulfillment by seller,Kho HCMC,,Standard shipping,,,x***ee,T** N*****,(+84)089*****41,Việt Nam,Vĩnh Long,Xã Châu Hưng,************,******************************,,Cash on delivery,0.5,Bath & Shower,1203236886003942997	,,Unchecked,,Product cards,
584979625223817155	,To ship,Awaiting collection,,Normal,1731317148230255836	,BONG TAM HQ,[Quà tặng không bán] Bông Tắm Tạo Bọt Mềm Mịn,Mặc định,1,0,0,0,0,0,0,0,20900,0,20900,,0,205000,,12/07/2026 00:10:38	,"	",13/07/2026 07:50:36	,"	","	","	",,,Fulfillment by seller,Kho HN,862029151625,Standard shipping,J&T Express,,n***enmanhungg,N***** M*** H***,(+84)582****06,Vietnam,Ha Noi,Dong Anh,*****,***********************************,***********************************,Cash on delivery,0.5,"Loofahs, Sponges, & Poufs",1203236752413853635	,,Unchecked,,Videos,haiidaynek
584979625223817155	,To ship,Awaiting collection,,Normal,1732251749141088476	,3574661701455,"Sữa Tắm Pháp Le Petit Marseillais Cho Nam Chiết Xuất Thiên Nhiên 4in1 Nhiều Mùi Hương Dưỡng Ẩm, Thơm Lâu - Phù Hợp Mọi Loại Da (250ml)","Cam Đỏ & Nghệ Tây, Standard",1,0,269000,269000,0,64000,205000,0,20900,0,20900,,0,205000,,12/07/2026 00:10:38	,"	",13/07/2026 07:50:36	,"	","	","	",,,Fulfillment by seller,Kho HN,862029151625,Standard shipping,J&T Express,,n***enmanhungg,N***** M*** H***,(+84)582****06,Vietnam,Ha Noi,Dong Anh,*****,***********************************,***********************************,Cash on delivery,0.5,Bath & Shower,1203236752413853635	,,Unchecked,,Videos,haiidaynek
584979483051918777	,To ship,Awaiting collection,,Normal,1731317148230255836	,BONG TAM HQ,[Quà tặng không bán] Bông Tắm Tạo Bọt Mềm Mịn,Mặc định,1,0,0,0,0,0,0,0,15800,0,15800,,0,189000,,11/07/2026 23:55:08	,"	",13/07/2026 07:50:36	,"	","	","	",,,Fulfillment by seller,Kho HN,862061041635,Standard shipping,J&T Express,,n***ioo,N**,(+84)033*****41,Việt Nam,Hà Nội,Hà Đông,*********,************************************,,Cash on delivery,0.5,"Loofahs, Sponges, & Poufs",1203236069584176569	,,Unchecked,,Videos,man.trung.737
584979483051918777	,To ship,Awaiting collection,,Normal,1732251749141219548	,ST01172,"Sữa Tắm Pháp Le Petit Marseillais Cho Nam Chiết Xuất Thiên Nhiên 4in1 Nhiều Mùi Hương Dưỡng Ẩm, Thơm Lâu - Phù Hợp Mọi Loại Da (250ml)","Hương Gỗ Tuyết Tùng & Dương Xỉ, Standard",1,0,269000,269000,0,80000,189000,0,15800,0,15800,,0,189000,,11/07/2026 23:55:08	,"	",13/07/2026 07:50:36	,"	","	","	",,,Fulfillment by seller,Kho HN,862061041635,Standard shipping,J&T Express,,n***ioo,N**,(+84)033*****41,Việt Nam,Hà Nội,Hà Đông,*********,************************************,,Cash on delivery,0.5,Bath & Shower,1203236069584176569	,,Unchecked,,Videos,man.trung.737
584978397384050566	,To ship,Awaiting collection,,Normal,1731317148230255836	,BONG TAM HQ,[Quà tặng không bán] Bông Tắm Tạo Bọt Mềm Mịn,Mặc định,1,0,0,0,0,0,0,5100,35100,0,30000,,0,194100,,11/07/2026 22:25:30	,"	",13/07/2026 07:51:04	,"	","	","	",,,Fulfillment by seller,Kho HN,862005591635,Standard shipping,J&T Express,,l***ngthai91,L* H*** T***,(+84)034*****53,Vietnam,Tinh Son La,Moc Chau,*********,*********,,Cash on delivery,0.5,"Loofahs, Sponges, & Poufs",1203232031788861318	,,Unchecked,,Videos,man.trung.737
584978397384050566	,To ship,Awaiting collection,,Normal,1732251749141219548	,ST01172,"Sữa Tắm Pháp Le Petit Marseillais Cho Nam Chiết Xuất Thiên Nhiên 4in1 Nhiều Mùi Hương Dưỡng Ẩm, Thơm Lâu - Phù Hợp Mọi Loại Da (250ml)","Hương Gỗ Tuyết Tùng & Dương Xỉ, Standard",1,0,269000,269000,0,80000,189000,5100,35100,0,30000,,0,194100,,11/07/2026 22:25:30	,"	",13/07/2026 07:51:04	,"	","	","	",,,Fulfillment by seller,Kho HN,862005591635,Standard shipping,J&T Express,,l***ngthai91,L* H*** T***,(+84)034*****53,Vietnam,Tinh Son La,Moc Chau,*********,*********,,Cash on delivery,0.5,Bath & Shower,1203232031788861318	,,Unchecked,,Videos,man.trung.737
584978272313574447	,Canceled,Canceled,Cancel,Normal,1732251749141219548	,ST01172,"Sữa Tắm Pháp Le Petit Marseillais Cho Nam Chiết Xuất Thiên Nhiên 4in1 Nhiều Mùi Hương Dưỡng Ẩm, Thơm Lâu - Phù Hợp Mọi Loại Da (250ml)","Hương Gỗ Tuyết Tùng & Dương Xỉ, Standard",1,1,269000,269000,0,80000,189000,0,35100,0,35100,,0,189000,189000,11/07/2026 22:15:23	,"	","	","	","	",12/07/2026 13:53:22	,User,No longer needed,Fulfillment by seller,Kho HCMC,,Standard shipping,,,n***khoa,d*** k***,(+84)038*****79,Việt Nam,Tây Ninh,Xã Cần Đước,***********,***********************************************,************,Cash on delivery,0.5,Bath & Shower,1203231306995500079	,,Unchecked,,Videos,man.trung.737
584978272313574447	,Canceled,Canceled,Cancel,Normal,1731317148230255836	,BONG TAM HQ,[Quà tặng không bán] Bông Tắm Tạo Bọt Mềm Mịn,Mặc định,1,1,0,0,0,0,0,0,35100,0,35100,,0,189000,0,11/07/2026 22:15:23	,"	","	","	","	",12/07/2026 13:53:22	,User,No longer needed,Fulfillment by seller,Kho HCMC,,Standard shipping,,,n***khoa,d*** k***,(+84)038*****79,Việt Nam,Tây Ninh,Xã Cần Đước,***********,***********************************************,************,Cash on delivery,0.5,"Loofahs, Sponges, & Poufs",1203231306995500079	,,Unchecked,,Videos,man.trung.737
584978253283427385	,To ship,Awaiting collection,,Normal,1734496577198523612	,1 BÁNH-XP,Xà Phòng Le Petit Marseillais Chính Hãng Bánh Xà Phòng Tắm Thiên Nhiên (Ngẫu nhiên)  1 Bánh,Mặc định,1,0,0,0,0,0,0,0,17100,0,17100,,0,378000,,11/07/2026 22:09:34	,11/07/2026 22:09:38	,13/07/2026 07:50:36	,"	","	","	",,,Fulfillment by seller,Kho HN,862009701625,Standard shipping,J&T Express,,s***13101989,B** X*** T*****,(+84)925****33,Việt Nam,Thành phố Hà Nội,Thanh Xuân,****************,*****************,,MoMo E-Wallet,0.1,Bath & Shower,1203230939780908089	,,Unchecked,,Videos,emberiviu1
584978253283427385	,To ship,Awaiting collection,,Normal,1732251749141219548	,ST01172,"Sữa Tắm Pháp Le Petit Marseillais Cho Nam Chiết Xuất Thiên Nhiên 4in1 Nhiều Mùi Hương Dưỡng Ẩm, Thơm Lâu - Phù Hợp Mọi Loại Da (250ml)","Hương Gỗ Tuyết Tùng & Dương Xỉ, Standard",2,0,269000,538000,0,160000,378000,0,17100,0,17100,,0,378000,,11/07/2026 22:09:34	,11/07/2026 22:09:38	,13/07/2026 07:50:36	,"	","	","	",,,Fulfillment by seller,Kho HN,862009701625,Standard shipping,J&T Express,,s***13101989,B** X*** T*****,(+84)925****33,Việt Nam,Thành phố Hà Nội,Thanh Xuân,****************,*****************,,MoMo E-Wallet,1,Bath & Shower,1203230939780908089	,,Unchecked,,Videos,emberiviu1
584978011330282776	,To ship,Awaiting collection,,Normal,1731317148230255836	,BONG TAM HQ,[Quà tặng không bán] Bông Tắm Tạo Bọt Mềm Mịn,Mặc định,1,0,0,0,0,0,0,0,35100,0,35100,,0,189000,,11/07/2026 22:04:07	,"	",13/07/2026 07:51:04	,"	","	","	",,,Fulfillment by seller,Kho HCMC,862097531595,Standard shipping,J&T Express,,t***anh11805,T*** a**,(+84)098*****55,Vietnam,Dong Nai,Binh Minh Commune,*****************,****************************************,,Cash on delivery,0.5,"Loofahs, Sponges, & Poufs",1203230792616936728	,,Unchecked,,Product cards,
584978011330282776	,To ship,Awaiting collection,,Normal,1732251749141219548	,ST01172,"Sữa Tắm Pháp Le Petit Marseillais Cho Nam Chiết Xuất Thiên Nhiên 4in1 Nhiều Mùi Hương Dưỡng Ẩm, Thơm Lâu - Phù Hợp Mọi Loại Da (250ml)","Hương Gỗ Tuyết Tùng & Dương Xỉ, Standard",1,0,269000,269000,0,80000,189000,0,35100,0,35100,,0,189000,,11/07/2026 22:04:07	,"	",13/07/2026 07:51:04	,"	","	","	",,,Fulfillment by seller,Kho HCMC,862097531595,Standard shipping,J&T Express,,t***anh11805,T*** a**,(+84)098*****55,Vietnam,Dong Nai,Binh Minh Commune,*****************,****************************************,,Cash on delivery,0.5,Bath & Shower,1203230792616936728	,,Unchecked,,Product cards,
584977679706195461	,To ship,Awaiting collection,,Normal,1731317148230255836	,BONG TAM HQ,[Quà tặng không bán] Bông Tắm Tạo Bọt Mềm Mịn,Mặc định,1,0,0,0,0,0,0,0,47600,0,47600,,0,189000,,11/07/2026 21:42:05	,"	",13/07/2026 07:51:04	,"	","	","	",,,Fulfillment by seller,Kho HCMC,862058311595,Standard shipping,J&T Express,,c***anh2000,K** P***** ,(+84)097*****25,Việt Nam,Bình Thuận,Phú Quý,********,***************************************************,*********,Cash on delivery,0.5,"Loofahs, Sponges, & Poufs",1203229302437873157	,,Unchecked,,Product cards,
584977679706195461	,To ship,Awaiting collection,,Normal,1732250914984986844	,ST99622,"Sữa Tắm/Gel Tắm Pháp Le Petit Marseillais Thiên Nhiên 250ml - Sữa Tắm Lưu Hương Lành Tính - Dịu Nhẹ, An Toàn Cho Da","Xoài & Chanh Dây, Standard",1,0,269000,269000,0,80000,189000,0,47600,0,47600,,0,189000,,11/07/2026 21:42:05	,"	",13/07/2026 07:51:04	,"	","	","	",,,Fulfillment by seller,Kho HCMC,862058311595,Standard shipping,J&T Express,,c***anh2000,K** P***** ,(+84)097*****25,Việt Nam,Bình Thuận,Phú Quý,********,***************************************************,*********,Cash on delivery,0.5,Bath & Shower,1203229302437873157	,,Unchecked,,Product cards,
584977706853959363	,To ship,Awaiting collection,,Normal,1732251749141022940	,ST01431,"Sữa Tắm Pháp Le Petit Marseillais Cho Nam Chiết Xuất Thiên Nhiên 4in1 Nhiều Mùi Hương Dưỡng Ẩm, Thơm Lâu - Phù Hợp Mọi Loại Da (250ml)","Hương Cam & Tinh Dầu Argan, Standard",2,0,269000,538000,0,160000,378000,0,16600,0,16600,,0,378000,,11/07/2026 21:40:46	,"	",13/07/2026 07:51:04	,"	","	","	",,,Fulfillment by seller,Kho HN,862096991595,Standard shipping,J&T Express,,t***hdat_17.10,t*******,(+84)912****39,Việt Nam,Thanh Hóa,Phường Quang Trung,******************,************,,Cash on delivery,1,Bath & Shower,1203228946243815107	,,Unchecked,,Videos,man.trung.737
584977706853959363	,To ship,Awaiting collection,,Normal,1734496577198523612	,1 BÁNH-XP,Xà Phòng Le Petit Marseillais Chính Hãng Bánh Xà Phòng Tắm Thiên Nhiên (Ngẫu nhiên)  1 Bánh,Mặc định,1,0,0,0,0,0,0,0,16600,0,16600,,0,378000,,11/07/2026 21:40:46	,"	",13/07/2026 07:51:04	,"	","	","	",,,Fulfillment by seller,Kho HN,862096991595,Standard shipping,J&T Express,,t***hdat_17.10,t*******,(+84)912****39,Việt Nam,Thanh Hóa,Phường Quang Trung,******************,************,,Cash on delivery,0.1,Bath & Shower,1203228946243815107	,,Unchecked,,Videos,man.trung.737
584977365839611574	,To ship,Awaiting collection,,Normal,1731317148230255836	,BONG TAM HQ,[Quà tặng không bán] Bông Tắm Tạo Bọt Mềm Mịn,Mặc định,1,0,0,0,0,0,0,0,3500,0,3500,,0,189000,,11/07/2026 21:20:43	,"	",13/07/2026 07:51:03	,"	","	","	",,,Fulfillment by seller,Kho HCMC,862016771595,Standard shipping,J&T Express,,p***ngvu01130,P*** P***** V*,(+84)943****30,Việt Nam,Cà Mau,Xã Trần Văn Thời,****************,***********************************,,Cash on delivery,0.5,"Loofahs, Sponges, & Poufs",1203227609327830710	,,Unchecked,,Videos,duongmanhkien19
584977365839611574	,To ship,Awaiting collection,,Normal,1732251749141219548	,ST01172,"Sữa Tắm Pháp Le Petit Marseillais Cho Nam Chiết Xuất Thiên Nhiên 4in1 Nhiều Mùi Hương Dưỡng Ẩm, Thơm Lâu - Phù Hợp Mọi Loại Da (250ml)","Hương Gỗ Tuyết Tùng & Dương Xỉ, Standard",1,0,269000,269000,0,80000,189000,0,3500,0,3500,,0,189000,,11/07/2026 21:20:43	,"	",13/07/2026 07:51:03	,"	","	","	",,,Fulfillment by seller,Kho HCMC,862016771595,Standard shipping,J&T Express,,p***ngvu01130,P*** P***** V*,(+84)943****30,Việt Nam,Cà Mau,Xã Trần Văn Thời,****************,***********************************,,Cash on delivery,0.5,Bath & Shower,1203227609327830710	,,Unchecked,,Videos,duongmanhkien19
584977363219350536	,To ship,Awaiting collection,,Normal,1731317148230255836	,BONG TAM HQ,[Quà tặng không bán] Bông Tắm Tạo Bọt Mềm Mịn,Mặc định,1,0,0,0,0,0,0,0,32200,0,32200,,0,229500,,11/07/2026 21:19:35	,"	",13/07/2026 07:51:04	,"	","	","	",,,Fulfillment by seller,Kho HCMC,862019021595,Standard shipping,J&T Express,,d***phuong0802,P*****,(+84)822****38,Việt Nam,Bình Phước,Đồng Xoài,*******,**********************,,Cash on delivery,0.5,"Loofahs, Sponges, & Poufs",1203228092564145160	,,Unchecked,,LIVE,lepetitmarseillaisvn
584977363219350536	,To ship,Awaiting collection,,Normal,1732251905721338076	,ST68867,"Gel tắm Hữu Cơ Pháp Le Petit Marseillais Nhiều Mùi Hương 250ml, Thơm Lâu - Phù Hợp Mọi Loại Da (250ml)","Hương Hoa Hồng Dại, Standard",1,0,339000,339000,25500,84000,229500,0,32200,0,32200,,0,229500,,11/07/2026 21:19:35	,"	",13/07/2026 07:51:04	,"	","	","	",,,Fulfillment by seller,Kho HCMC,862019021595,Standard shipping,J&T Express,,d***phuong0802,P*****,(+84)822****38,Việt Nam,Bình Phước,Đồng Xoài,*******,**********************,,Cash on delivery,0.5,Bath & Shower,1203228092564145160	,,Unchecked,,LIVE,lepetitmarseillaisvn
584977222924928410	,To ship,Awaiting collection,,Normal,1734496577198523612	,1 BÁNH-XP,Xà Phòng Le Petit Marseillais Chính Hãng Bánh Xà Phòng Tắm Thiên Nhiên (Ngẫu nhiên)  1 Bánh,Mặc định,1,0,0,0,0,0,0,0,41400,0,41400,,0,332100,,11/07/2026 21:11:07	,"	",13/07/2026 07:51:04	,"	","	","	",,,Fulfillment by seller,Kho HCMC,862099261595,Standard shipping,J&T Express,,k***got05592,Y** N**,(+84)857****39,Việt Nam,Đắk Lắk,Phường Buôn Ma Thuột,********************,******************,,Cash on delivery,0.1,Bath & Shower,1203227263761286554	,,Unchecked,,LIVE,lepetitmarseillaisvn
584977222924928410	,To ship,Awaiting collection,,Normal,1736012795077690588	,ST54494+ST48441,Combo 2 Sữa Tắm Nữ Pháp Le Petit Marseillais 250ml - Thiên Nhiên Dịu Nhẹ,"Dừa, Quả Mâm Xôi Hữu Cơ & Hoa Mẫu Đơn",1,0,538000,538000,36900,169000,332100,0,41400,0,41400,,0,332100,,11/07/2026 21:11:07	,"	",13/07/2026 07:51:04	,"	","	","	",,,Fulfillment by seller,Kho HCMC,862099261595,Standard shipping,J&T Express,,k***got05592,Y** N**,(+84)857****39,Việt Nam,Đắk Lắk,Phường Buôn Ma Thuột,********************,******************,,Cash on delivery,0.6,Bath & Shower,1203227263761286554	,,Unchecked,,LIVE,lepetitmarseillaisvn
584977051174012644	,To ship,Awaiting collection,,Normal,1734496577198523612	,1 BÁNH-XP,Xà Phòng Le Petit Marseillais Chính Hãng Bánh Xà Phòng Tắm Thiên Nhiên (Ngẫu nhiên)  1 Bánh,Mặc định,1,0,0,0,0,0,0,0,15800,0,15800,,0,306270,,11/07/2026 21:01:57	,11/07/2026 21:02:02	,13/07/2026 07:51:04	,"	","	","	",,,Fulfillment by seller,Kho HCMC,862059021595,Standard shipping,J&T Express,,b***ky.t,T**** T***,(+84)036*****56,Việt Nam,Hồ Chí Minh,Phường Tân Phú,**************,***********************************,*******************,Apple Pay,0.1,Bath & Shower,1203226206238705380	,,Unchecked,,LIVE,lepetitmarseillaisvn
584977051174012644	,To ship,Awaiting collection,,Normal,1736012795076248796	,ST00823+ST65434,Combo 2 Sữa Tắm Nữ Pháp Le Petit Marseillais 250ml - Thiên Nhiên Dịu Nhẹ,"Hoa Cam, Bông Và Hoa Anh Túc",1,0,538000,538000,62730,169000,306270,0,15800,0,15800,,0,306270,,11/07/2026 21:01:57	,11/07/2026 21:02:02	,13/07/2026 07:51:04	,"	","	","	",,,Fulfillment by seller,Kho HCMC,862059021595,Standard shipping,J&T Express,,b***ky.t,T**** T***,(+84)036*****56,Việt Nam,Hồ Chí Minh,Phường Tân Phú,**************,***********************************,*******************,Apple Pay,0.6,Bath & Shower,1203226206238705380	,,Unchecked,,LIVE,lepetitmarseillaisvn
584977043053511764	,Canceled,Canceled,Cancel,Normal,1733398851758556380	,ST01172,Sữa Tắm Nam 4 in 1  Thiên Nhiên Le Petit Marseillais Chiết Xuất Gỗ Tuyết Tùng & Dương Xỉ 250ml 1172,Mặc định,1,1,269000,269000,0,64000,205000,0,15800,0,15800,,0,205000,205000,11/07/2026 20:54:54	,"	","	","	","	",12/07/2026 20:54:57	,System,Customer overdue to pay,Fulfillment by seller,Kho HCMC,,Standard shipping,,,h***guyenhoangvu,H**** V*,(+84)368****55,Việt Nam,Hồ Chí Minh,Phường Hiệp Bình,****************,********************,******************************,MoMo E-Wallet,0.4,Bath & Body Care,"	",,,,Product cards,
584977043053511764	,Canceled,Canceled,Cancel,Normal,1731317148230255836	,BONG TAM HQ,[Quà tặng không bán] Bông Tắm Tạo Bọt Mềm Mịn,Mặc định,1,1,0,0,0,0,0,0,15800,0,15800,,0,205000,0,11/07/2026 20:54:54	,"	","	","	","	",12/07/2026 20:54:57	,System,Customer overdue to pay,Fulfillment by seller,Kho HCMC,,Standard shipping,,,h***guyenhoangvu,H**** V*,(+84)368****55,Việt Nam,Hồ Chí Minh,Phường Hiệp Bình,****************,********************,******************************,MoMo E-Wallet,0.5,"Loofahs, Sponges, & Poufs","	",,,,Product cards,
584976829476668718	,To ship,Awaiting collection,,Normal,1732251749141219548	,ST01172,"Sữa Tắm Pháp Le Petit Marseillais Cho Nam Chiết Xuất Thiên Nhiên 4in1 Nhiều Mùi Hương Dưỡng Ẩm, Thơm Lâu - Phù Hợp Mọi Loại Da (250ml)","Hương Gỗ Tuyết Tùng & Dương Xỉ, Standard",1,0,269000,269000,0,80000,189000,0,15800,0,15800,,0,189000,,11/07/2026 20:49:13	,11/07/2026 20:49:18	,13/07/2026 07:51:04	,"	","	","	",,,Fulfillment by seller,Kho HCMC,862050891605,Standard shipping,J&T Express,,n***huu01,T*** H** N***,(+84)085*****48,Việt Nam,Hồ Chí Minh,Phường Tân Hưng,***************,************,,MoMo E-Wallet,0.5,Bath & Shower,1203225489563485486	,,Unchecked,,Videos,man.trung.737
584976829476668718	,To ship,Awaiting collection,,Normal,1731317148230255836	,BONG TAM HQ,[Quà tặng không bán] Bông Tắm Tạo Bọt Mềm Mịn,Mặc định,1,0,0,0,0,0,0,0,15800,0,15800,,0,189000,,11/07/2026 20:49:13	,11/07/2026 20:49:18	,13/07/2026 07:51:04	,"	","	","	",,,Fulfillment by seller,Kho HCMC,862050891605,Standard shipping,J&T Express,,n***huu01,T*** H** N***,(+84)085*****48,Việt Nam,Hồ Chí Minh,Phường Tân Hưng,***************,************,,MoMo E-Wallet,0.5,"Loofahs, Sponges, & Poufs",1203225489563485486	,,Unchecked,,Videos,man.trung.737
584976872341276079	,To ship,Awaiting collection,,Normal,1731317148230255836	,BONG TAM HQ,[Quà tặng không bán] Bông Tắm Tạo Bọt Mềm Mịn,Mặc định,1,0,0,0,0,0,0,0,17100,0,17100,,0,304198,,11/07/2026 20:48:20	,11/07/2026 20:48:26	,13/07/2026 07:50:36	,"	","	","	",,,Fulfillment by seller,Kho HN,862011751595,Standard shipping,J&T Express,,h***hhhh17,Đ**,(+84)965****68,Việt Nam,Hà Nội,Phường Vĩnh Tuy,***************,**********************************************,*******,Credit/debit card,0.5,"Loofahs, Sponges, & Poufs",1203225590942238127	,,Unchecked,,LIVE,lepetitmarseillaisvn
584976872341276079	,To ship,Awaiting collection,,Normal,1732250801269410012	,ST00755,"Sữa Tắm/Gel Tắm Pháp Le Petit Marseillais Chiết Xuất Thiên Nhiên 650ml - Sữa Tắm Lưu Hương Lành Tính - Dịu Nhẹ, An Toàn Cho Da","Hoa Anh Đào, Standard",1,0,499000,499000,84802,110000,304198,0,17100,0,17100,,0,304198,,11/07/2026 20:48:20	,11/07/2026 20:48:26	,13/07/2026 07:50:36	,"	","	","	",,,Fulfillment by seller,Kho HN,862011751595,Standard shipping,J&T Express,,h***hhhh17,Đ**,(+84)965****68,Việt Nam,Hà Nội,Phường Vĩnh Tuy,***************,**********************************************,*******,Credit/debit card,1,Bath & Shower,1203225590942238127	,,Unchecked,,LIVE,lepetitmarseillaisvn
584976792662475965	,To ship,Awaiting collection,,Normal,1736140703119410396	,ST01172,"[KOL] Sữa Tắm Nam Le Petit Marseillais 4in1 250ml - Thơm Lâu, Dưỡng Ẩm","Hương Gỗ Tuyết Tùng & Dương Xỉ, Standard",1,0,269000,269000,50000,80000,139000,0,26200,0,26200,,0,139000,,11/07/2026 20:46:27	,"	",13/07/2026 07:50:36	,"	","	","	",,,Fulfillment by seller,Kho HN,862089691625,Standard shipping,J&T Express,,t***tinon,T***,(+84)091*****50,Việt Nam,Tỉnh Nam Định,Nam Định,***************,**********************************************************************,**,Cash on delivery,0.5,Bath & Shower,1203225074478646461	,,Unchecked,,LIVE,lepetitmarseillaisvn
584976594833212956	,To ship,Awaiting collection,,Normal,1731317148230255836	,BONG TAM HQ,[Quà tặng không bán] Bông Tắm Tạo Bọt Mềm Mịn,Mặc định,1,0,0,0,0,0,0,0,41400,0,41400,,0,160650,,11/07/2026 20:28:56	,"	",13/07/2026 07:51:04	,"	","	","	",,,Fulfillment by seller,Kho HCMC,862066261635,Standard shipping,J&T Express,,h***yliu_nhatrang,M* V*** P*****,(+84)079*****89,Việt Nam,Khánh Hòa,Phường Nam Nha Trang,********************,*********************************,*********************************************************************,Cash on delivery,0.5,"Loofahs, Sponges, & Poufs",1203224003838576156	,,Unchecked,,Videos,duongmanhkien19
584976594833212956	,To ship,Awaiting collection,,Normal,1732251749141022940	,ST01431,"Sữa Tắm Pháp Le Petit Marseillais Cho Nam Chiết Xuất Thiên Nhiên 4in1 Nhiều Mùi Hương Dưỡng Ẩm, Thơm Lâu - Phù Hợp Mọi Loại Da (250ml)","Hương Cam & Tinh Dầu Argan, Standard",1,0,269000,269000,28350,80000,160650,0,41400,0,41400,,0,160650,,11/07/2026 20:28:56	,"	",13/07/2026 07:51:04	,"	","	","	",,,Fulfillment by seller,Kho HCMC,862066261635,Standard shipping,J&T Express,,h***yliu_nhatrang,M* V*** P*****,(+84)079*****89,Việt Nam,Khánh Hòa,Phường Nam Nha Trang,********************,*********************************,*********************************************************************,Cash on delivery,0.5,Bath & Shower,1203224003838576156	,,Unchecked,,Videos,duongmanhkien19
584976490627827562	,To ship,Awaiting collection,,Normal,1734496577198523612	,1 BÁNH-XP,Xà Phòng Le Petit Marseillais Chính Hãng Bánh Xà Phòng Tắm Thiên Nhiên (Ngẫu nhiên)  1 Bánh,Mặc định,1,0,0,0,0,0,0,0,15800,0,15800,,0,369000,,11/07/2026 20:22:22	,11/07/2026 20:22:27	,13/07/2026 07:51:04	,"	","	","	",,,Fulfillment by seller,Kho HCMC,862049061635,Standard shipping,J&T Express,,q***n_297,M*** Q***,(+84)901****07,Việt Nam,Hồ Chí Minh,Phường Bình Lợi Trung,*********************,**********************,*******************************************,Apple Pay,0.1,Bath & Shower,1203223936748849002	,,Unchecked,,LIVE,lepetitmarseillaisvn
584976490627827562	,To ship,Awaiting collection,,Normal,1736012795077952732	,ST54494+ST00892,Combo 2 Sữa Tắm Nữ Pháp Le Petit Marseillais 250ml - Thiên Nhiên Dịu Nhẹ,"Dừa, Hạnh Nhân ",1,0,538000,538000,0,169000,369000,0,15800,0,15800,,0,369000,,11/07/2026 20:22:22	,11/07/2026 20:22:27	,13/07/2026 07:51:04	,"	","	","	",,,Fulfillment by seller,Kho HCMC,862049061635,Standard shipping,J&T Express,,q***n_297,M*** Q***,(+84)901****07,Việt Nam,Hồ Chí Minh,Phường Bình Lợi Trung,*********************,**********************,*******************************************,Apple Pay,0.6,Bath & Shower,1203223936748849002	,,Unchecked,,LIVE,lepetitmarseillaisvn
584976314619102453	,To ship,Awaiting collection,,Normal,1731317148230255836	,BONG TAM HQ,[Quà tặng không bán] Bông Tắm Tạo Bọt Mềm Mịn,Mặc định,1,0,0,0,0,0,0,17600,47600,0,30000,,0,206600,,11/07/2026 20:13:56	,"	",13/07/2026 07:51:04	,"	","	","	",,,Fulfillment by seller,Kho HCMC,862079261595,Standard shipping,J&T Express,,h***088,C*** H***,(+84)938****28,Việt Nam,Đắk Lắk,Phường Đông Hòa,***************,************,************,Cash on delivery,0.5,"Loofahs, Sponges, & Poufs",1203222881293337845	,,Unchecked,,Videos,man.trung.737
584976314619102453	,To ship,Awaiting collection,,Normal,1732251749141219548	,ST01172,"Sữa Tắm Pháp Le Petit Marseillais Cho Nam Chiết Xuất Thiên Nhiên 4in1 Nhiều Mùi Hương Dưỡng Ẩm, Thơm Lâu - Phù Hợp Mọi Loại Da (250ml)","Hương Gỗ Tuyết Tùng & Dương Xỉ, Standard",1,0,269000,269000,0,80000,189000,17600,47600,0,30000,,0,206600,,11/07/2026 20:13:56	,"	",13/07/2026 07:51:04	,"	","	","	",,,Fulfillment by seller,Kho HCMC,862079261595,Standard shipping,J&T Express,,h***088,C*** H***,(+84)938****28,Việt Nam,Đắk Lắk,Phường Đông Hòa,***************,************,************,Cash on delivery,0.5,Bath & Shower,1203222881293337845	,,Unchecked,,Videos,man.trung.737
584976217605506966	,To ship,Awaiting collection,,Normal,1731317148230255836	,BONG TAM HQ,[Quà tặng không bán] Bông Tắm Tạo Bọt Mềm Mịn,Mặc định,1,0,0,0,0,0,0,0,4300,0,4300,,0,389000,,11/07/2026 20:08:40	,"	",13/07/2026 07:51:04	,"	","	","	",,,Fulfillment by seller,Kho HN,862090021605,Standard shipping,J&T Express,,n***entuonguyen7,U***,(+84)091*****58,Việt Nam,Đà Nẵng,Hải Châu,**********,*****************************************************************,,Cash on delivery,0.5,"Loofahs, Sponges, & Poufs",1203223111787710358	,,Unchecked,,LIVE,lepetitmarseillaisvn
584976217605506966	,To ship,Awaiting collection,,Normal,1732250801269410012	,ST00755,"Sữa Tắm/Gel Tắm Pháp Le Petit Marseillais Chiết Xuất Thiên Nhiên 650ml - Sữa Tắm Lưu Hương Lành Tính - Dịu Nhẹ, An Toàn Cho Da","Hoa Anh Đào, Standard",1,0,499000,499000,0,110000,389000,0,4300,0,4300,,0,389000,,11/07/2026 20:08:40	,"	",13/07/2026 07:51:04	,"	","	","	",,,Fulfillment by seller,Kho HN,862090021605,Standard shipping,J&T Express,,n***entuonguyen7,U***,(+84)091*****58,Việt Nam,Đà Nẵng,Hải Châu,**********,*****************************************************************,,Cash on delivery,1,Bath & Shower,1203223111787710358	,,Unchecked,,LIVE,lepetitmarseillaisvn
584976124301051191	,To ship,Awaiting collection,,Normal,1731317148230255836	,BONG TAM HQ,[Quà tặng không bán] Bông Tắm Tạo Bọt Mềm Mịn,Mặc định,1,0,0,0,0,0,0,0,35100,0,35100,,0,151200,,11/07/2026 20:01:37	,"	",13/07/2026 07:51:04	,"	","	","	",,,Fulfillment by seller,Kho HCMC,862025921635,Standard shipping,J&T Express,,n***envanthanh_17,N***** V** T****,(+84)035*****23,Việt Nam,Tỉnh An Giang,Châu Thành,*******,*******,,Cash on delivery,0.5,"Loofahs, Sponges, & Poufs",1203222238177101111	,,Unchecked,,Product cards,
584976124301051191	,To ship,Awaiting collection,,Normal,1732250914985380060	,ST01240,"Sữa Tắm/Gel Tắm Pháp Le Petit Marseillais Thiên Nhiên 250ml - Sữa Tắm Lưu Hương Lành Tính - Dịu Nhẹ, An Toàn Cho Da","Đào Trắng & Quả Xuân Đào, Standard",1,0,269000,269000,37800,80000,151200,0,35100,0,35100,,0,151200,,11/07/2026 20:01:37	,"	",13/07/2026 07:51:04	,"	","	","	",,,Fulfillment by seller,Kho HCMC,862025921635,Standard shipping,J&T Express,,n***envanthanh_17,N***** V** T****,(+84)035*****23,Việt Nam,Tỉnh An Giang,Châu Thành,*******,*******,,Cash on delivery,0.5,Bath & Shower,1203222238177101111	,,Unchecked,,Product cards,
584976058954975156	,To ship,Awaiting collection,,Normal,1736140698773390556	,ST65434,[KOL] Sữa Tắm Pháp Le Petit Marseillais Thiên Nhiên 250ml,"Hương Bông & Hoa Anh Túc, Standard",1,0,269000,269000,37800,80000,151200,0,17600,0,17600,,0,604800,,11/07/2026 19:58:05	,"	",13/07/2026 07:50:36	,"	","	","	",,,Fulfillment by seller,Kho HCMC,862032821595,Standard shipping,J&T Express,,m***iekim59,T** K**,(+84)076*****99,Vietnam,Ho Chi Minh,Binh Thanh,*******,*******************,*******,Cash on delivery,0.5,Bath & Shower,1203221818841860020	,,Unchecked,,LIVE,lepetitmarseillaisvn
584976058954975156	,To ship,Awaiting collection,,Normal,1736140698773521628	,ST00892,[KOL] Sữa Tắm Pháp Le Petit Marseillais Thiên Nhiên 250ml,"Hạnnh Nhân, Standard",1,0,269000,269000,37800,80000,151200,0,17600,0,17600,,0,604800,,11/07/2026 19:58:05	,"	",13/07/2026 07:50:36	,"	","	","	",,,Fulfillment by seller,Kho HCMC,862032821595,Standard shipping,J&T Express,,m***iekim59,T** K**,(+84)076*****99,Vietnam,Ho Chi Minh,Binh Thanh,*******,*******************,*******,Cash on delivery,0.5,Bath & Shower,1203221818841860020	,,Unchecked,,LIVE,lepetitmarseillaisvn
584976058954975156	,To ship,Awaiting collection,,Normal,1736140698773062876	,ST54463,[KOL] Sữa Tắm Pháp Le Petit Marseillais Thiên Nhiên 250ml,"Muối Biển, Standard",1,0,269000,269000,37800,80000,151200,0,17600,0,17600,,0,604800,,11/07/2026 19:58:05	,"	",13/07/2026 07:50:36	,"	","	","	",,,Fulfillment by seller,Kho HCMC,862032821595,Standard shipping,J&T Express,,m***iekim59,T** K**,(+84)076*****99,Vietnam,Ho Chi Minh,Binh Thanh,*******,*******************,*******,Cash on delivery,0.5,Bath & Shower,1203221818841860020	,,Unchecked,,LIVE,lepetitmarseillaisvn
584976058954975156	,To ship,Awaiting collection,,Normal,1736140698773325020	,ST48441,[KOL] Sữa Tắm Pháp Le Petit Marseillais Thiên Nhiên 250ml,"Quả Mâm Xôi & Hoa Mẫu Đơn, Standard",1,0,269000,269000,37800,80000,151200,0,17600,0,17600,,0,604800,,11/07/2026 19:58:05	,"	",13/07/2026 07:50:36	,"	","	","	",,,Fulfillment by seller,Kho HCMC,862032821595,Standard shipping,J&T Express,,m***iekim59,T** K**,(+84)076*****99,Vietnam,Ho Chi Minh,Binh Thanh,*******,*******************,*******,Cash on delivery,0.5,Bath & Shower,1203221818841860020	,,Unchecked,,LIVE,lepetitmarseillaisvn
584976004008282036	,Canceled,Canceled,Cancel,Normal,1731317148230255836	,BONG TAM HQ,[Quà tặng không bán] Bông Tắm Tạo Bọt Mềm Mịn,Mặc định,1,1,0,0,0,0,0,0,18200,0,18200,,0,604800,0,11/07/2026 19:56:19	,"	","	","	","	",11/07/2026 19:57:00	,User,Need to change color or size,Fulfillment by seller,Kho HCMC,,Standard shipping,,,m***iekim59,T** K**,(+84)076*****99,Vietnam,Ho Chi Minh,Binh Thanh,*******,*******************,*******,Cash on delivery,0.5,"Loofahs, Sponges, & Poufs",1203221674327050164	,,Unchecked,,Product cards,
584976004008282036	,Canceled,Canceled,Cancel,Normal,1732250914985052380	,ST48441,"Sữa Tắm/Gel Tắm Pháp Le Petit Marseillais Thiên Nhiên 250ml - Sữa Tắm Lưu Hương Lành Tính - Dịu Nhẹ, An Toàn Cho Da","Quả Mâm Xôi & Hoa Mẫu Đơn, Standard",1,1,269000,269000,37800,80000,151200,0,18200,0,18200,,0,604800,151200,11/07/2026 19:56:19	,"	","	","	","	",11/07/2026 19:57:00	,User,Need to change color or size,Fulfillment by seller,Kho HCMC,,Standard shipping,,,m***iekim59,T** K**,(+84)076*****99,Vietnam,Ho Chi Minh,Binh Thanh,*******,*******************,*******,Cash on delivery,0.5,Bath & Shower,1203221674327050164	,,Unchecked,,Product cards,
584976004008282036	,Canceled,Canceled,Cancel,Normal,1736140698773062876	,ST54463,[KOL] Sữa Tắm Pháp Le Petit Marseillais Thiên Nhiên 250ml,"Muối Biển, Standard",1,1,269000,269000,37800,80000,151200,0,18200,0,18200,,0,604800,151200,11/07/2026 19:56:19	,"	","	","	","	",11/07/2026 19:57:00	,User,Need to change color or size,Fulfillment by seller,Kho HCMC,,Standard shipping,,,m***iekim59,T** K**,(+84)076*****99,Vietnam,Ho Chi Minh,Binh Thanh,*******,*******************,*******,Cash on delivery,0.5,Bath & Shower,1203221674327050164	,,Unchecked,,LIVE,lepetitmarseillaisvn
584976004008282036	,Canceled,Canceled,Cancel,Normal,1736140698773325020	,ST48441,[KOL] Sữa Tắm Pháp Le Petit Marseillais Thiên Nhiên 250ml,"Quả Mâm Xôi & Hoa Mẫu Đơn, Standard",1,1,269000,269000,37800,80000,151200,0,18200,0,18200,,0,604800,151200,11/07/2026 19:56:19	,"	","	","	","	",11/07/2026 19:57:00	,User,Need to change color or size,Fulfillment by seller,Kho HCMC,,Standard shipping,,,m***iekim59,T** K**,(+84)076*****99,Vietnam,Ho Chi Minh,Binh Thanh,*******,*******************,*******,Cash on delivery,0.5,Bath & Shower,1203221674327050164	,,Unchecked,,LIVE,lepetitmarseillaisvn
584976004008282036	,Canceled,Canceled,Cancel,Normal,1736140698773521628	,ST00892,[KOL] Sữa Tắm Pháp Le Petit Marseillais Thiên Nhiên 250ml,"Hạnnh Nhân, Standard",1,1,269000,269000,37800,80000,151200,0,18200,0,18200,,0,604800,151200,11/07/2026 19:56:19	,"	","	","	","	",11/07/2026 19:57:00	,User,Need to change color or size,Fulfillment by seller,Kho HCMC,,Standard shipping,,,m***iekim59,T** K**,(+84)076*****99,Vietnam,Ho Chi Minh,Binh Thanh,*******,*******************,*******,Cash on delivery,0.5,Bath & Shower,1203221674327050164	,,Unchecked,,LIVE,lepetitmarseillaisvn
584975801019237733	,To ship,Awaiting collection,,Normal,1731317148230255836	,BONG TAM HQ,[Quà tặng không bán] Bông Tắm Tạo Bọt Mềm Mịn,Mặc định,1,0,0,0,0,0,0,0,12000,0,12000,,0,318980,,11/07/2026 19:40:54	,"	",13/07/2026 07:50:36	,"	","	","	",,,Fulfillment by seller,Kho HCMC,862053251595,Standard shipping,J&T Express,,s***y.ng_,L** P*****,(+84)769****96,Việt Nam,Hồ Chí Minh,Phường Long Trường,******************,**************************,,Cash on delivery,0.5,"Loofahs, Sponges, & Poufs",1203220276990412133	,,Unchecked,,LIVE,lepetitmarseillaisvn
584975801019237733	,To ship,Awaiting collection,,Normal,1732250801269278940	,ST39109,"Sữa Tắm/Gel Tắm Pháp Le Petit Marseillais Chiết Xuất Thiên Nhiên 650ml - Sữa Tắm Lưu Hương Lành Tính - Dịu Nhẹ, An Toàn Cho Da","Hoa Cam, Standard",1,0,499000,499000,70020,110000,318980,0,12000,0,12000,,0,318980,,11/07/2026 19:40:54	,"	",13/07/2026 07:50:36	,"	","	","	",,,Fulfillment by seller,Kho HCMC,862053251595,Standard shipping,J&T Express,,s***y.ng_,L** P*****,(+84)769****96,Việt Nam,Hồ Chí Minh,Phường Long Trường,******************,**************************,,Cash on delivery,1,Bath & Shower,1203220276990412133	,,Unchecked,,LIVE,lepetitmarseillaisvn
584975182206568158	,To ship,Awaiting collection,,Normal,1731317148230255836	,BONG TAM HQ,[Quà tặng không bán] Bông Tắm Tạo Bọt Mềm Mịn,Mặc định,1,0,0,0,0,0,0,0,29700,0,29700,,0,166320,,11/07/2026 19:01:52	,"	",13/07/2026 07:50:36	,"	","	","	",,,Fulfillment by seller,Kho HCMC,862041041635,Standard shipping,J&T Express,,t***htienway103,N***** T**** T***,(+84)945****97,Việt Nam,Cần Thơ,Ninh Kiều,********,********************************************,**********************************************************************************,Cash on delivery,0.5,"Loofahs, Sponges, & Poufs",1203217376942851806	,,Unchecked,,Product cards,
584975182206568158	,To ship,Awaiting collection,,Normal,1732251749141154012	,ST01356,"Sữa Tắm Pháp Le Petit Marseillais Cho Nam Chiết Xuất Thiên Nhiên 4in1 Nhiều Mùi Hương Dưỡng Ẩm, Thơm Lâu - Phù Hợp Mọi Loại Da (250ml)","Hương Thông & Bạch Đàn Biển, Standard",1,0,269000,269000,22680,80000,166320,0,29700,0,29700,,0,166320,,11/07/2026 19:01:52	,"	",13/07/2026 07:50:36	,"	","	","	",,,Fulfillment by seller,Kho HCMC,862041041635,Standard shipping,J&T Express,,t***htienway103,N***** T**** T***,(+84)945****97,Việt Nam,Cần Thơ,Ninh Kiều,********,********************************************,**********************************************************************************,Cash on delivery,0.5,Bath & Shower,1203217376942851806	,,Unchecked,,Product cards,
584974552973018364	,To ship,Awaiting collection,,Normal,1731317148230255836	,BONG TAM HQ,[Quà tặng không bán] Bông Tắm Tạo Bọt Mềm Mịn,Mặc định,1,0,0,0,0,0,0,0,15800,0,15800,,0,166320,,11/07/2026 18:17:34	,11/07/2026 18:17:42	,11/07/2026 18:58:18	,"	","	","	",,,Fulfillment by seller,Kho HCMC,862076025994,Standard shipping,J&T Express,,_***nghuy20104,Q**** h**,(+84)362****78,Việt Nam,Hồ Chí Minh,Tân Bình,*********,*************************,**************,PayLater,0.5,"Loofahs, Sponges, & Poufs",1203214340251288828	,,Unchecked,,Product cards,
584974552973018364	,To ship,Awaiting collection,,Normal,1732251749141219548	,ST01172,"Sữa Tắm Pháp Le Petit Marseillais Cho Nam Chiết Xuất Thiên Nhiên 4in1 Nhiều Mùi Hương Dưỡng Ẩm, Thơm Lâu - Phù Hợp Mọi Loại Da (250ml)","Hương Gỗ Tuyết Tùng & Dương Xỉ, Standard",1,0,269000,269000,22680,80000,166320,0,15800,0,15800,,0,166320,,11/07/2026 18:17:34	,11/07/2026 18:17:42	,11/07/2026 18:58:18	,"	","	","	",,,Fulfillment by seller,Kho HCMC,862076025994,Standard shipping,J&T Express,,_***nghuy20104,Q**** h**,(+84)362****78,Việt Nam,Hồ Chí Minh,Tân Bình,*********,*************************,**************,PayLater,0.5,Bath & Shower,1203214340251288828	,,Unchecked,,Product cards,
584974385520084292	,To ship,Awaiting collection,,Normal,1731317148230255836	,BONG TAM HQ,[Quà tặng không bán] Bông Tắm Tạo Bọt Mềm Mịn,Mặc định,1,0,0,0,0,0,0,0,15800,0,15800,,0,160650,,11/07/2026 18:03:11	,"	",11/07/2026 18:58:25	,"	","	","	",,,Fulfillment by seller,Kho HCMC,862096035994,Standard shipping,J&T Express,,k***ofpirates104,V***,(+84)090*****08,Vietnam,Ho Chi Minh City,Binh Thanh,*******,***********,,Cash on delivery,0.5,"Loofahs, Sponges, & Poufs",1203212019886490948	,,Unchecked,,Videos,thonbeocute
584974385520084292	,To ship,Awaiting collection,,Normal,1732251749141154012	,ST01356,"Sữa Tắm Pháp Le Petit Marseillais Cho Nam Chiết Xuất Thiên Nhiên 4in1 Nhiều Mùi Hương Dưỡng Ẩm, Thơm Lâu - Phù Hợp Mọi Loại Da (250ml)","Hương Thông & Bạch Đàn Biển, Standard",1,0,269000,269000,28350,80000,160650,0,15800,0,15800,,0,160650,,11/07/2026 18:03:11	,"	",11/07/2026 18:58:25	,"	","	","	",,,Fulfillment by seller,Kho HCMC,862096035994,Standard shipping,J&T Express,,k***ofpirates104,V***,(+84)090*****08,Vietnam,Ho Chi Minh City,Binh Thanh,*******,***********,,Cash on delivery,0.5,Bath & Shower,1203212019886490948	,,Unchecked,,Videos,thonbeocute
584972374701541012	,Shipped,In transit,,Normal,1732251749141219548	,ST01172,"Sữa Tắm Pháp Le Petit Marseillais Cho Nam Chiết Xuất Thiên Nhiên 4in1 Nhiều Mùi Hương Dưỡng Ẩm, Thơm Lâu - Phù Hợp Mọi Loại Da (250ml)","Hương Gỗ Tuyết Tùng & Dương Xỉ, Standard",2,0,269000,538000,15000,160000,363000,0,39400,0,39400,,0,363000,,11/07/2026 15:29:48	,"	",11/07/2026 15:39:08	,12/07/2026 13:09:22	,"	","	",,,Fulfillment by seller,Kho HN,862040895404,Standard shipping,J&T Express,,q***ac111999,Q***,(+84)096*****99,Việt Nam,Tinh Vinh Phuc,Vĩnh Tường,********,*********,,Cash on delivery,1,Bath & Shower,1203196000910083732	,,Unchecked,,Videos,duongmanhkien19
584972374701541012	,Shipped,In transit,,Normal,1734496577198523612	,1 BÁNH-XP,Xà Phòng Le Petit Marseillais Chính Hãng Bánh Xà Phòng Tắm Thiên Nhiên (Ngẫu nhiên)  1 Bánh,Mặc định,1,0,0,0,0,0,0,0,39400,0,39400,,0,363000,,11/07/2026 15:29:48	,"	",11/07/2026 15:39:08	,12/07/2026 13:09:22	,"	","	",,,Fulfillment by seller,Kho HN,862040895404,Standard shipping,J&T Express,,q***ac111999,Q***,(+84)096*****99,Việt Nam,Tinh Vinh Phuc,Vĩnh Tường,********,*********,,Cash on delivery,0.1,Bath & Shower,1203196000910083732	,,Unchecked,,Videos,duongmanhkien19
584971517321774804	,To ship,Awaiting collection,,Normal,1731317148230255836	,BONG TAM HQ,[Quà tặng không bán] Bông Tắm Tạo Bọt Mềm Mịn,Mặc định,1,0,0,0,0,0,0,0,35100,0,35100,,0,144000,,11/07/2026 14:24:56	,"	",11/07/2026 14:43:08	,"	","	","	",,,Fulfillment by seller,Kho HCMC,862016405074,Standard shipping,J&T Express,,s***ytran88,T*** T** N*** T***** ,(+84)091*****68,Việt Nam,Long An,Tân Thành,**************,**********************,,Cash on delivery,0.5,"Loofahs, Sponges, & Poufs",1203188971243144916	,,Unchecked,,Product cards,
584971517321774804	,To ship,Awaiting collection,,Normal,1732250914985380060	,ST01240,"Sữa Tắm/Gel Tắm Pháp Le Petit Marseillais Thiên Nhiên 250ml - Sữa Tắm Lưu Hương Lành Tính - Dịu Nhẹ, An Toàn Cho Da","Đào Trắng & Quả Xuân Đào, Standard",1,0,269000,269000,45000,80000,144000,0,35100,0,35100,,0,144000,,11/07/2026 14:24:56	,"	",11/07/2026 14:43:08	,"	","	","	",,,Fulfillment by seller,Kho HCMC,862016405074,Standard shipping,J&T Express,,s***ytran88,T*** T** N*** T***** ,(+84)091*****68,Việt Nam,Long An,Tân Thành,**************,**********************,,Cash on delivery,0.5,Bath & Shower,1203188971243144916	,,Unchecked,,Product cards,
584971295542772881	,Shipped,In transit,,Normal,1732252943759018204	,DG74042,"Dầu Gội Thiên Nhiên Le Petit Marseillais Nhiều Mùi Hương 250ml Dưỡng Ẩm, Thơm Lâu - Phù Hợp Mọi Loại Da",Trị Gàu 2 In 1 Tinh Dầu Bạc Hà,1,0,329000,329000,0,62000,267000,0,30300,0,30300,,0,267000,,11/07/2026 14:15:03	,11/07/2026 14:15:08	,11/07/2026 14:24:05	,12/07/2026 13:09:22	,"	","	",,,Fulfillment by seller,Kho HN,862026444954,Standard shipping,J&T Express,,t***.nguyn5334,T**** Đ* N*****,(+84)937****38,Việt Nam,Hải Phòng,Xã Đường An,***********,********************************************************************,,MoMo E-Wallet,0.5,Shampoo & Conditioner,1203189070991492241	,,Unchecked,,Videos,user535981639
584971144042350107	,To ship,Awaiting collection,,Normal,1735912554352772316	,ST04371 x 2,Combo 2 Sữa Tắm Nam Le Petit Marseillais 4in1 Cho Tóc Mặt Râu Toàn Thân 250ml,"Gừng Và Gỗ Bách Tươi , Gừng Và Gỗ Bách Tươi ",1,0,538000,538000,0,160000,378000,0,29700,0,29700,,0,378000,,11/07/2026 13:59:08	,"	",11/07/2026 14:24:05	,"	","	","	",,,Fulfillment by seller,Kho HCMC,862039794934,Standard shipping,J&T Express,,p***0600,P***** U***,(+84)097*****54,Vietnam,Dong Nai,Bien Hoa,*********,********************,*****,Cash on delivery,0.6,Bath & Body Care,1203186279310394907	,,Unchecked,,Product cards,
584971144042350107	,To ship,Awaiting collection,,Normal,1734496577198523612	,1 BÁNH-XP,Xà Phòng Le Petit Marseillais Chính Hãng Bánh Xà Phòng Tắm Thiên Nhiên (Ngẫu nhiên)  1 Bánh,Mặc định,1,0,0,0,0,0,0,0,29700,0,29700,,0,378000,,11/07/2026 13:59:08	,"	",11/07/2026 14:24:05	,"	","	","	",,,Fulfillment by seller,Kho HCMC,862039794934,Standard shipping,J&T Express,,p***0600,P***** U***,(+84)097*****54,Vietnam,Dong Nai,Bien Hoa,*********,********************,*****,Cash on delivery,0.1,Bath & Shower,1203186279310394907	,,Unchecked,,Product cards,
584969030390482455	,Shipped,Completed,,Normal,1734496577198523612	,1 BÁNH-XP,Xà Phòng Le Petit Marseillais Chính Hãng Bánh Xà Phòng Tắm Thiên Nhiên (Ngẫu nhiên)  1 Bánh,Mặc định,1,0,0,0,0,0,0,0,29700,0,29700,,0,378000,,11/07/2026 11:42:27	,12/07/2026 10:20:22	,11/07/2026 12:09:36	,11/07/2026 16:07:42	,12/07/2026 10:20:22	,"	",,,Fulfillment by seller,Kho HN,862048514004,Standard shipping,J&T Express,,b***2203,B*** B**,(+84)981****98,Việt Nam,Quảng Ninh,Phường Hạ Long,**************,*********,*************************,Cash on delivery,0.1,Bath & Shower,1203169498193954327	,,Unchecked,,LIVE,lepetitmarseillaisvn
584969030390482455	,Shipped,Delivered,,Normal,1735912571878606044	,ST01356 + ST01172,Combo 2 Sữa Tắm Nam Le Petit Marseillais 4in1 Cho Tóc Mặt Râu Toàn Thân 250ml,"Thông Biển & Bạch Đàn, Gỗ Tuyết Tùng Và Dương Xỉ",1,0,538000,538000,0,160000,378000,0,29700,0,29700,,0,378000,,11/07/2026 11:42:27	,12/07/2026 10:20:22	,11/07/2026 12:09:36	,11/07/2026 16:07:42	,12/07/2026 10:20:22	,"	",,,Fulfillment by seller,Kho HN,862048514004,Standard shipping,J&T Express,,b***2203,B*** B**,(+84)981****98,Việt Nam,Quảng Ninh,Phường Hạ Long,**************,*********,*************************,Cash on delivery,0.6,Bath & Body Care,1203169498193954327	,,Unchecked,,LIVE,lepetitmarseillaisvn
584968944757802056	,Shipped,In transit,,Normal,1735769515978818780	,DG74035,"Dầu Gội Thiên Nhiên Le Petit Marseillais Nhiều Mùi Hương 250ml Dưỡng Ẩm, Thơm Lâu - Phù Hợp Mọi Loại Da",Tinh Dầu Chanh Vàng Hữu Cơ,1,0,329000,329000,0,62000,267000,0,19700,0,19700,,0,267000,,11/07/2026 11:33:08	,"	",11/07/2026 12:09:36	,11/07/2026 15:59:53	,"	","	",,,Fulfillment by seller,Kho HCMC,862012553994,Standard shipping,J&T Express,,d***hoa688,D*** H**,(+84)903****99,Vietnam,Ho Chi Minh,An Phu Ward,***********,***********************************************,***************************************************************************,Cash on delivery,0.5,Shampoo & Conditioner,1203169144897373256	,,Unchecked,,Videos,ngocdailyvlog
584968971965006977	,Shipped,Completed,,Normal,1731317148230255836	,BONG TAM HQ,[Quà tặng không bán] Bông Tắm Tạo Bọt Mềm Mịn,Mặc định,1,0,0,0,0,0,0,0,35100,0,35100,,0,155000,,11/07/2026 11:33:05	,12/07/2026 13:29:56	,11/07/2026 12:09:36	,11/07/2026 16:07:42	,12/07/2026 13:29:56	,"	",,,Fulfillment by seller,Kho HN,862045374004,Standard shipping,J&T Express,,b***110317,N***** t** k*** d***,(+84)988****46,Việt Nam,Hải Phòng,Phường Thủy Nguyên,******************,***************,,Cash on delivery,0.5,"Loofahs, Sponges, & Poufs",1203168703059035265	,,Unchecked,,LIVE,lepetitmarseillaisvn
584968971965006977	,Shipped,Delivered,,Normal,1732251905721338076	,ST68867,"Gel tắm Hữu Cơ Pháp Le Petit Marseillais Nhiều Mùi Hương 250ml, Thơm Lâu - Phù Hợp Mọi Loại Da (250ml)","Hương Hoa Hồng Dại, Standard",1,0,339000,339000,100000,84000,155000,0,35100,0,35100,,0,155000,,11/07/2026 11:33:05	,12/07/2026 13:29:56	,11/07/2026 12:09:36	,11/07/2026 16:07:42	,12/07/2026 13:29:56	,"	",,,Fulfillment by seller,Kho HN,862045374004,Standard shipping,J&T Express,,b***110317,N***** t** k*** d***,(+84)988****46,Việt Nam,Hải Phòng,Phường Thủy Nguyên,******************,***************,,Cash on delivery,0.5,Bath & Shower,1203168703059035265	,,Unchecked,,LIVE,lepetitmarseillaisvn
584968783470494792	,Shipped,In transit,,Normal,1734496577198523612	,1 BÁNH-XP,Xà Phòng Le Petit Marseillais Chính Hãng Bánh Xà Phòng Tắm Thiên Nhiên (Ngẫu nhiên)  1 Bánh,Mặc định,1,0,0,0,0,0,0,0,20900,0,20900,,0,350550,,11/07/2026 11:19:06	,"	",11/07/2026 11:28:11	,11/07/2026 15:59:53	,"	","	",,,Fulfillment by seller,Kho HCMC,862095563854,Standard shipping,J&T Express,,d***hoa688,D*** H**,(+84)903****99,Vietnam,Ho Chi Minh,An Phu Ward,***********,***********************************************,***************************************************************************,Cash on delivery,0.1,Bath & Shower,1203166958072792136	,,Unchecked,,LIVE,lepetitmarseillaisvn
584968783470494792	,Shipped,In transit,,Normal,1736012795076117724	,ST00823+ST48441,Combo 2 Sữa Tắm Nữ Pháp Le Petit Marseillais 250ml - Thiên Nhiên Dịu Nhẹ,"Hoa Cam, Quả Mâm Xôi Hữu Cơ & Hoa Mẫu Đơn",1,0,538000,538000,18450,169000,350550,0,20900,0,20900,,0,350550,,11/07/2026 11:19:06	,"	",11/07/2026 11:28:11	,11/07/2026 15:59:53	,"	","	",,,Fulfillment by seller,Kho HCMC,862095563854,Standard shipping,J&T Express,,d***hoa688,D*** H**,(+84)903****99,Vietnam,Ho Chi Minh,An Phu Ward,***********,***********************************************,***************************************************************************,Cash on delivery,0.6,Bath & Shower,1203166958072792136	,,Unchecked,,LIVE,lepetitmarseillaisvn
584968382661493990	,Shipped,Delivered,,Normal,1736012795080967388	,ST19308+ST65434,Combo 2 Sữa Tắm Nữ Pháp Le Petit Marseillais 250ml - Thiên Nhiên Dịu Nhẹ,"Lựu, Bông Và Hoa Anh Túc",1,0,538000,538000,86800,169000,282200,0,15800,0,15800,,0,282200,,11/07/2026 10:54:03	,11/07/2026 10:54:07	,11/07/2026 10:59:00	,11/07/2026 15:59:53	,12/07/2026 15:09:44	,"	",,,Fulfillment by seller,Kho HCMC,862084453734,Standard shipping,J&T Express,,j***22,T*** Đ**,(+84)942****63,Việt Nam,Hồ Chí Minh,Phường Tân Hưng,***************,********************,**********,MoMo E-Wallet,0.6,Bath & Shower,1203163341552452838	,,Unchecked,,LIVE,lepetitmarseillaisvn
584968382661493990	,Shipped,Completed,,Normal,1734496577198523612	,1 BÁNH-XP,Xà Phòng Le Petit Marseillais Chính Hãng Bánh Xà Phòng Tắm Thiên Nhiên (Ngẫu nhiên)  1 Bánh,Mặc định,1,0,0,0,0,0,0,0,15800,0,15800,,0,282200,,11/07/2026 10:54:03	,11/07/2026 10:54:07	,11/07/2026 10:59:00	,11/07/2026 15:59:53	,12/07/2026 15:09:44	,"	",,,Fulfillment by seller,Kho HCMC,862084453734,Standard shipping,J&T Express,,j***22,T*** Đ**,(+84)942****63,Việt Nam,Hồ Chí Minh,Phường Tân Hưng,***************,********************,**********,MoMo E-Wallet,0.1,Bath & Shower,1203163341552452838	,,Unchecked,,LIVE,lepetitmarseillaisvn
584968191136400923	,Shipped,Completed,,Normal,1731317148230255836	,BONG TAM HQ,[Quà tặng không bán] Bông Tắm Tạo Bọt Mềm Mịn,Mặc định,1,0,0,0,0,0,0,5100,35100,0,30000,,0,194100,,11/07/2026 10:43:26	,12/07/2026 21:29:57	,11/07/2026 10:45:49	,11/07/2026 12:12:53	,12/07/2026 21:29:57	,"	",,,Fulfillment by seller,Kho HN,862069053664,Standard shipping,J&T Express,,n***ytomsam,T*** v** n**,(+84)965****93,Việt Nam,Bắc Ninh,Từ Sơn,********,******************,*******************************************************,Cash on delivery,0.5,"Loofahs, Sponges, & Poufs",1203162237202892315	,,Unchecked,,Videos,vanmeoriviu
584968191136400923	,Shipped,Delivered,,Normal,1732251749141022940	,ST01431,"Sữa Tắm Pháp Le Petit Marseillais Cho Nam Chiết Xuất Thiên Nhiên 4in1 Nhiều Mùi Hương Dưỡng Ẩm, Thơm Lâu - Phù Hợp Mọi Loại Da (250ml)","Hương Cam & Tinh Dầu Argan, Standard",1,0,269000,269000,0,80000,189000,5100,35100,0,30000,,0,194100,,11/07/2026 10:43:26	,12/07/2026 21:29:57	,11/07/2026 10:45:49	,11/07/2026 12:12:53	,12/07/2026 21:29:57	,"	",,,Fulfillment by seller,Kho HN,862069053664,Standard shipping,J&T Express,,n***ytomsam,T*** v** n**,(+84)965****93,Việt Nam,Bắc Ninh,Từ Sơn,********,******************,*******************************************************,Cash on delivery,0.5,Bath & Shower,1203162237202892315	,,Unchecked,,Videos,vanmeoriviu
584968015380776742	,Shipped,Completed,,Normal,1731317148230255836	,BONG TAM HQ,[Quà tặng không bán] Bông Tắm Tạo Bọt Mềm Mịn,Mặc định,1,0,0,0,0,0,0,0,15800,0,15800,,0,166320,,11/07/2026 10:27:59	,12/07/2026 18:22:21	,11/07/2026 10:34:59	,11/07/2026 15:59:53	,12/07/2026 18:22:21	,"	",,,Fulfillment by seller,Kho HCMC,862036213604,Standard shipping,J&T Express,,d***thuy0510,Đ*** N*** H**,(+84)091*****31,Việt Nam,Hồ Chí Minh,Thủ Đức,***************,*******************************************************,*******************************************************,Cash on delivery,0.5,"Loofahs, Sponges, & Poufs",1203160822704015142	,,Unchecked,,Product cards,
584968015380776742	,Shipped,Delivered,,Normal,1732251749141219548	,ST01172,"Sữa Tắm Pháp Le Petit Marseillais Cho Nam Chiết Xuất Thiên Nhiên 4in1 Nhiều Mùi Hương Dưỡng Ẩm, Thơm Lâu - Phù Hợp Mọi Loại Da (250ml)","Hương Gỗ Tuyết Tùng & Dương Xỉ, Standard",1,0,269000,269000,22680,80000,166320,0,15800,0,15800,,0,166320,,11/07/2026 10:27:59	,12/07/2026 18:22:21	,11/07/2026 10:34:59	,11/07/2026 15:59:53	,12/07/2026 18:22:21	,"	",,,Fulfillment by seller,Kho HCMC,862036213604,Standard shipping,J&T Express,,d***thuy0510,Đ*** N*** H**,(+84)091*****31,Việt Nam,Hồ Chí Minh,Thủ Đức,***************,*******************************************************,*******************************************************,Cash on delivery,0.5,Bath & Shower,1203160822704015142	,,Unchecked,,Product cards,
584967378455069833	,Canceled,Canceled,Cancel,Normal,1731317148230255836	,BONG TAM HQ,[Quà tặng không bán] Bông Tắm Tạo Bọt Mềm Mịn,Mặc định,1,1,0,0,0,0,0,0,40900,0,40900,,0,162540,0,11/07/2026 09:49:24	,"	",11/07/2026 10:06:30	,"	","	",11/07/2026 15:24:38	,System,This order has been cancelled because other orders within the same checkout were cancelled.,Fulfillment by seller,Kho HCMC,862080503464,Standard shipping,J&T Express,,_***401_,Q***,(+84)935****74,Việt Nam,Đà Nẵng,Xã Duy Nghĩa,************,*************************************,,Cash on delivery,0.5,"Loofahs, Sponges, & Poufs",1203155906757690505	,,Unchecked,,Product cards,
584967378455069833	,Canceled,Canceled,Cancel,Normal,1732251749141219548	,ST01172,"Sữa Tắm Pháp Le Petit Marseillais Cho Nam Chiết Xuất Thiên Nhiên 4in1 Nhiều Mùi Hương Dưỡng Ẩm, Thơm Lâu - Phù Hợp Mọi Loại Da (250ml)","Hương Gỗ Tuyết Tùng & Dương Xỉ, Standard",1,1,269000,269000,26460,80000,162540,0,40900,0,40900,,0,162540,162540,11/07/2026 09:49:24	,"	",11/07/2026 10:06:30	,"	","	",11/07/2026 15:24:38	,System,This order has been cancelled because other orders within the same checkout were cancelled.,Fulfillment by seller,Kho HCMC,862080503464,Standard shipping,J&T Express,,_***401_,Q***,(+84)935****74,Việt Nam,Đà Nẵng,Xã Duy Nghĩa,************,*************************************,,Cash on delivery,0.5,Bath & Shower,1203155906757690505	,,Unchecked,,Product cards,
584966207428462452	,Shipped,Completed,,Normal,1731317148230255836	,BONG TAM HQ,[Quà tặng không bán] Bông Tắm Tạo Bọt Mềm Mịn,Mặc định,1,0,0,0,0,0,0,0,35100,0,35100,,0,166320,,11/07/2026 08:15:08	,12/07/2026 19:27:26	,11/07/2026 08:47:45	,11/07/2026 09:34:38	,12/07/2026 19:27:26	,"	",,,Fulfillment by seller,Kho HCMC,862004452794,Standard shipping,J&T Express,,n***a08_32,n***** t**** n****,(+84)097*****11,Việt Nam,Tỉnh Bến Tre,Bình Đại,********,***************************,******************************,Cash on delivery,0.5,"Loofahs, Sponges, & Poufs",1203143787355539316	,,Unchecked,,Videos,lepthelittlekid
584966207428462452	,Shipped,Delivered,,Normal,1732251749141219548	,ST01172,"Sữa Tắm Pháp Le Petit Marseillais Cho Nam Chiết Xuất Thiên Nhiên 4in1 Nhiều Mùi Hương Dưỡng Ẩm, Thơm Lâu - Phù Hợp Mọi Loại Da (250ml)","Hương Gỗ Tuyết Tùng & Dương Xỉ, Standard",1,0,269000,269000,22680,80000,166320,0,35100,0,35100,,0,166320,,11/07/2026 08:15:08	,12/07/2026 19:27:26	,11/07/2026 08:47:45	,11/07/2026 09:34:38	,12/07/2026 19:27:26	,"	",,,Fulfillment by seller,Kho HCMC,862004452794,Standard shipping,J&T Express,,n***a08_32,n***** t**** n****,(+84)097*****11,Việt Nam,Tỉnh Bến Tre,Bình Đại,********,***************************,******************************,Cash on delivery,0.5,Bath & Shower,1203143787355539316	,,Unchecked,,Videos,lepthelittlekid
584966136451138716	,Shipped,In transit,,Normal,1731317148230255836	,BONG TAM HQ,[Quà tặng không bán] Bông Tắm Tạo Bọt Mềm Mịn,Mặc định,1,0,0,0,0,0,0,0,17100,0,17100,,0,330650,,11/07/2026 08:07:45	,"	",11/07/2026 08:09:59	,11/07/2026 09:34:37	,"	","	",,,Fulfillment by seller,Kho HCMC,862059812294,Standard shipping,J&T Express,,b***isiudepchai,b**************,(+84)038*****08,Việt Nam,Hồ Chí Minh,Thủ Đức,***************,***********************,,Cash on delivery,0.5,"Loofahs, Sponges, & Poufs",1203142279572653212	,,Unchecked,,Videos,thomcungngoc
584966136451138716	,Shipped,In transit,,Normal,1732250801268885724	,ST68816,"Sữa Tắm/Gel Tắm Pháp Le Petit Marseillais Chiết Xuất Thiên Nhiên 650ml - Sữa Tắm Lưu Hương Lành Tính - Dịu Nhẹ, An Toàn Cho Da","Hoa Tiare, Standard",1,0,499000,499000,58350,110000,330650,0,17100,0,17100,,0,330650,,11/07/2026 08:07:45	,"	",11/07/2026 08:09:59	,11/07/2026 09:34:37	,"	","	",,,Fulfillment by seller,Kho HCMC,862059812294,Standard shipping,J&T Express,,b***isiudepchai,b**************,(+84)038*****08,Việt Nam,Hồ Chí Minh,Thủ Đức,***************,***********************,,Cash on delivery,1,Bath & Shower,1203142279572653212	,,Unchecked,,Videos,thomcungngoc
584965685010401219	,Shipped,Completed,,Normal,1731317148230255836	,BONG TAM HQ,[Quà tặng không bán] Bông Tắm Tạo Bọt Mềm Mịn,Mặc định,1,0,0,0,0,0,0,0,29700,0,29700,,0,189000,,11/07/2026 07:26:17	,12/07/2026 11:39:08	,11/07/2026 08:04:55	,11/07/2026 11:06:24	,12/07/2026 11:39:08	,"	",,,Fulfillment by seller,Kho HN,862032502214,Standard shipping,J&T Express,,o***30720,L* q**** đ**,(+84)934****55,Việt Nam,Nam Định,Nam Định,********,**********************************,,Cash on delivery,0.5,"Loofahs, Sponges, & Poufs",1203138036820969411	,,Unchecked,,Product cards,
584965685010401219	,Shipped,Delivered,,Normal,1732251749141219548	,ST01172,"Sữa Tắm Pháp Le Petit Marseillais Cho Nam Chiết Xuất Thiên Nhiên 4in1 Nhiều Mùi Hương Dưỡng Ẩm, Thơm Lâu - Phù Hợp Mọi Loại Da (250ml)","Hương Gỗ Tuyết Tùng & Dương Xỉ, Standard",1,0,269000,269000,0,80000,189000,0,29700,0,29700,,0,189000,,11/07/2026 07:26:17	,12/07/2026 11:39:08	,11/07/2026 08:04:55	,11/07/2026 11:06:24	,12/07/2026 11:39:08	,"	",,,Fulfillment by seller,Kho HN,862032502214,Standard shipping,J&T Express,,o***30720,L* q**** đ**,(+84)934****55,Việt Nam,Nam Định,Nam Định,********,**********************************,,Cash on delivery,0.5,Bath & Shower,1203138036820969411	,,Unchecked,,Product cards,
584965048648173382	,Shipped,Completed,,Normal,1731317148230255836	,BONG TAM HQ,[Quà tặng không bán] Bông Tắm Tạo Bọt Mềm Mịn,Mặc định,1,0,0,0,0,0,0,11400,41400,0,30000,,0,200400,,11/07/2026 06:13:52	,12/07/2026 11:21:23	,11/07/2026 08:04:55	,11/07/2026 11:06:24	,12/07/2026 11:21:23	,"	",,,Fulfillment by seller,Kho HN,862004012224,Standard shipping,J&T Express,,t***phung1412,P**** h** t***,(+84)098*****26,Việt Nam,Thanh Hóa,Thanh Hoá,*********,****************************,,Cash on delivery,0.5,"Loofahs, Sponges, & Poufs",1203132874093135686	,,Unchecked,,Videos,vanmeoriviu
584965048648173382	,Shipped,Delivered,,Normal,1732251749141219548	,ST01172,"Sữa Tắm Pháp Le Petit Marseillais Cho Nam Chiết Xuất Thiên Nhiên 4in1 Nhiều Mùi Hương Dưỡng Ẩm, Thơm Lâu - Phù Hợp Mọi Loại Da (250ml)","Hương Gỗ Tuyết Tùng & Dương Xỉ, Standard",1,0,269000,269000,0,80000,189000,11400,41400,0,30000,,0,200400,,11/07/2026 06:13:52	,12/07/2026 11:21:23	,11/07/2026 08:04:55	,11/07/2026 11:06:24	,12/07/2026 11:21:23	,"	",,,Fulfillment by seller,Kho HN,862004012224,Standard shipping,J&T Express,,t***phung1412,P**** h** t***,(+84)098*****26,Việt Nam,Thanh Hóa,Thanh Hoá,*********,****************************,,Cash on delivery,0.5,Bath & Shower,1203132874093135686	,,Unchecked,,Videos,vanmeoriviu
584964707308635299	,Shipped,Completed,,Normal,1731317148230255836	,BONG TAM HQ,[Quà tặng không bán] Bông Tắm Tạo Bọt Mềm Mịn,Mặc định,1,0,0,0,0,0,0,0,15800,0,15800,,0,205000,,11/07/2026 05:17:17	,12/07/2026 17:05:14	,11/07/2026 08:04:55	,11/07/2026 09:34:38	,12/07/2026 17:05:14	,"	",,,Fulfillment by seller,Kho HCMC,862002952224,Standard shipping,J&T Express,,u***4398819405514,L****,(+84)369****95,Việt Nam,Hồ Chí Minh,Thủ Đức,***************,************************************************,,Cash on delivery,0.5,"Loofahs, Sponges, & Poufs",1203130243460924579	,,Unchecked,,Videos,duongmanhkien19
584964707308635299	,Shipped,Delivered,,Normal,1732251749141022940	,ST01431,"Sữa Tắm Pháp Le Petit Marseillais Cho Nam Chiết Xuất Thiên Nhiên 4in1 Nhiều Mùi Hương Dưỡng Ẩm, Thơm Lâu - Phù Hợp Mọi Loại Da (250ml)","Hương Cam & Tinh Dầu Argan, Standard",1,0,269000,269000,0,64000,205000,0,15800,0,15800,,0,205000,,11/07/2026 05:17:17	,12/07/2026 17:05:14	,11/07/2026 08:04:55	,11/07/2026 09:34:38	,12/07/2026 17:05:14	,"	",,,Fulfillment by seller,Kho HCMC,862002952224,Standard shipping,J&T Express,,u***4398819405514,L****,(+84)369****95,Việt Nam,Hồ Chí Minh,Thủ Đức,***************,************************************************,,Cash on delivery,0.5,Bath & Shower,1203130243460924579	,,Unchecked,,Videos,duongmanhkien19
584964423107774001	,Shipped,Delivered,,Normal,1732252943759018204	,DG74042,"Dầu Gội Thiên Nhiên Le Petit Marseillais Nhiều Mùi Hương 250ml Dưỡng Ẩm, Thơm Lâu - Phù Hợp Mọi Loại Da",Trị Gàu 2 In 1 Tinh Dầu Bạc Hà,1,0,329000,329000,40050,62000,226950,0,30300,0,30300,,0,226950,,11/07/2026 04:02:40	,12/07/2026 11:49:12	,11/07/2026 08:04:55	,11/07/2026 09:34:37	,12/07/2026 11:49:12	,"	",,,Fulfillment by seller,Kho HCMC,862011742214,Standard shipping,J&T Express,,k***inne,N***** C** T****,(+84)094*****48,Việt Nam,Đồng Nai,Tân Phú,********,*****************************************,*******************,Cash on delivery,0.5,Shampoo & Conditioner,1203128357452285489	,,Unchecked,,Videos,ngocdailyvlog
584963780388554566	,Canceled,Canceled,Cancel,Normal,1731317148230255836	,BONG TAM HQ,[Quà tặng không bán] Bông Tắm Tạo Bọt Mềm Mịn,Mặc định,1,1,0,0,0,0,0,0,32200,0,32200,,0,189000,0,11/07/2026 01:17:45	,"	","	","	","	",11/07/2026 01:28:54	,User,No longer needed,Fulfillment by seller,Kho HN,,Standard shipping,,,q***22,q**** t*** d****,(+84)344****65,Việt Nam,Hà Giang,Hà Giang,***********,**************************************************,,Cash on delivery,0.5,"Loofahs, Sponges, & Poufs",1203124175309014854	,,Unchecked,,Videos,man.trung.737
584963780388554566	,Canceled,Canceled,Cancel,Normal,1732251749141219548	,ST01172,"Sữa Tắm Pháp Le Petit Marseillais Cho Nam Chiết Xuất Thiên Nhiên 4in1 Nhiều Mùi Hương Dưỡng Ẩm, Thơm Lâu - Phù Hợp Mọi Loại Da (250ml)","Hương Gỗ Tuyết Tùng & Dương Xỉ, Standard",1,1,269000,269000,0,80000,189000,0,32200,0,32200,,0,189000,189000,11/07/2026 01:17:45	,"	","	","	","	",11/07/2026 01:28:54	,User,No longer needed,Fulfillment by seller,Kho HN,,Standard shipping,,,q***22,q**** t*** d****,(+84)344****65,Việt Nam,Hà Giang,Hà Giang,***********,**************************************************,,Cash on delivery,0.5,Bath & Shower,1203124175309014854	,,Unchecked,,Videos,man.trung.737
584963358281335936	,Shipped,Delivered,,Normal,1732251749141154012	,ST01356,"Sữa Tắm Pháp Le Petit Marseillais Cho Nam Chiết Xuất Thiên Nhiên 4in1 Nhiều Mùi Hương Dưỡng Ẩm, Thơm Lâu - Phù Hợp Mọi Loại Da (250ml)","Hương Thông & Bạch Đàn Biển, Standard",1,0,269000,269000,32812,80000,156188,0,0,0,0,,0,156188,,11/07/2026 00:18:33	,11/07/2026 00:18:38	,11/07/2026 08:04:55	,11/07/2026 09:34:38	,12/07/2026 12:45:17	,"	",,,Fulfillment by seller,Kho HCMC,862083642224,Standard shipping,J&T Express,,b***80397,H**** B**,(+84)032*****68,Việt Nam,Đồng Tháp,Xã Tân Phước 2,**************,***********************************************,*************************************,Zalopay,0.5,Bath & Shower,1203122269971907712	,,Unchecked,,Product cards,
584963358281335936	,Shipped,Completed,,Normal,1731317148230255836	,BONG TAM HQ,[Quà tặng không bán] Bông Tắm Tạo Bọt Mềm Mịn,Mặc định,1,0,0,0,0,0,0,0,0,0,0,,0,156188,,11/07/2026 00:18:33	,11/07/2026 00:18:38	,11/07/2026 08:04:55	,11/07/2026 09:34:38	,12/07/2026 12:45:17	,"	",,,Fulfillment by seller,Kho HCMC,862083642224,Standard shipping,J&T Express,,b***80397,H**** B**,(+84)032*****68,Việt Nam,Đồng Tháp,Xã Tân Phước 2,**************,***********************************************,*************************************,Zalopay,0.5,"Loofahs, Sponges, & Poufs",1203122269971907712	,,Unchecked,,Product cards,
584963182158775919	,Shipped,In transit,,Normal,1731317148230255836	,BONG TAM HQ,[Quà tặng không bán] Bông Tắm Tạo Bọt Mềm Mịn,Mặc định,1,0,0,0,0,0,0,5500,35500,0,30000,,0,194500,,10/07/2026 23:57:48	,"	",11/07/2026 08:04:55	,11/07/2026 11:06:24	,"	","	",,,Fulfillment by seller,Kho HN,862076062214,Standard shipping,J&T Express,,l***_9408,l***,(+84)096*****79,Việt Nam,Thành phố Đà Nẵng,Sơn Trà,********,*****************,**********,Cash on delivery,0.5,"Loofahs, Sponges, & Poufs",1203120608457361007	,,Unchecked,,Videos,ahau.phuongthao
584963182158775919	,Shipped,In transit,,Normal,1732250914985380060	,ST01240,"Sữa Tắm/Gel Tắm Pháp Le Petit Marseillais Thiên Nhiên 250ml - Sữa Tắm Lưu Hương Lành Tính - Dịu Nhẹ, An Toàn Cho Da","Đào Trắng & Quả Xuân Đào, Standard",1,0,269000,269000,0,80000,189000,5500,35500,0,30000,,0,194500,,10/07/2026 23:57:48	,"	",11/07/2026 08:04:55	,11/07/2026 11:06:24	,"	","	",,,Fulfillment by seller,Kho HN,862076062214,Standard shipping,J&T Express,,l***_9408,l***,(+84)096*****79,Việt Nam,Thành phố Đà Nẵng,Sơn Trà,********,*****************,**********,Cash on delivery,0.5,Bath & Shower,1203120608457361007	,,Unchecked,,Videos,ahau.phuongthao
584963203231024601	,Shipped,Completed,,Normal,1731317148230255836	,BONG TAM HQ,[Quà tặng không bán] Bông Tắm Tạo Bọt Mềm Mịn,Mặc định,1,0,0,0,0,0,0,0,15800,0,15800,,0,189000,,10/07/2026 23:57:47	,12/07/2026 10:09:48	,11/07/2026 08:04:55	,11/07/2026 11:06:23	,12/07/2026 10:09:48	,"	",,,Fulfillment by seller,Kho HN,862013102214,Standard shipping,J&T Express,,k***.bit0505,T**,(+84)965****16,Việt Nam,Hà Nội,Phường Bạch Mai,***************,************,,Cash on delivery,0.5,"Loofahs, Sponges, & Poufs",1203120607742100953	,,Unchecked,,Product cards,
584963203231024601	,Shipped,Delivered,,Normal,1732251749141219548	,ST01172,"Sữa Tắm Pháp Le Petit Marseillais Cho Nam Chiết Xuất Thiên Nhiên 4in1 Nhiều Mùi Hương Dưỡng Ẩm, Thơm Lâu - Phù Hợp Mọi Loại Da (250ml)","Hương Gỗ Tuyết Tùng & Dương Xỉ, Standard",1,0,269000,269000,0,80000,189000,0,15800,0,15800,,0,189000,,10/07/2026 23:57:47	,12/07/2026 10:09:48	,11/07/2026 08:04:55	,11/07/2026 11:06:23	,12/07/2026 10:09:48	,"	",,,Fulfillment by seller,Kho HN,862013102214,Standard shipping,J&T Express,,k***.bit0505,T**,(+84)965****16,Việt Nam,Hà Nội,Phường Bạch Mai,***************,************,,Cash on delivery,0.5,Bath & Shower,1203120607742100953	,,Unchecked,,Product cards,
584962974101767590	,Shipped,Completed,,Normal,1731317148230255836	,BONG TAM HQ,[Quà tặng không bán] Bông Tắm Tạo Bọt Mềm Mịn,Mặc định,1,0,0,0,0,0,0,0,15800,0,15800,,0,189000,,10/07/2026 23:41:20	,12/07/2026 14:18:00	,11/07/2026 08:04:55	,11/07/2026 09:34:38	,12/07/2026 14:18:00	,"	",,,Fulfillment by seller,Kho HCMC,862094202214,Standard shipping,J&T Express,,m***tran1802,P***** T***,(+84)093*****31,Vietnam,Ho Chi Minh,Bình Tân,***************,***************,,Cash on delivery,0.5,"Loofahs, Sponges, & Poufs",1203119961070273958	,,Unchecked,,Videos,man.trung.737
584962974101767590	,Shipped,Delivered,,Normal,1732251749141285084	,ST04371,"Sữa Tắm Pháp Le Petit Marseillais Cho Nam Chiết Xuất Thiên Nhiên 4in1 Nhiều Mùi Hương Dưỡng Ẩm, Thơm Lâu - Phù Hợp Mọi Loại Da (250ml)","Hương Gừng & Gỗ Bách, Standard",1,0,269000,269000,0,80000,189000,0,15800,0,15800,,0,189000,,10/07/2026 23:41:20	,12/07/2026 14:18:00	,11/07/2026 08:04:55	,11/07/2026 09:34:38	,12/07/2026 14:18:00	,"	",,,Fulfillment by seller,Kho HCMC,862094202214,Standard shipping,J&T Express,,m***tran1802,P***** T***,(+84)093*****31,Vietnam,Ho Chi Minh,Bình Tân,***************,***************,,Cash on delivery,0.5,Bath & Shower,1203119961070273958	,,Unchecked,,Videos,man.trung.737
584963018820650957	,Shipped,Completed,,Normal,1731317148230255836	,BONG TAM HQ,[Quà tặng không bán] Bông Tắm Tạo Bọt Mềm Mịn,Mặc định,1,0,0,0,0,0,0,15800,15800,0,0,242,0,170538,,10/07/2026 23:40:44	,10/07/2026 23:40:52	,11/07/2026 08:04:55	,11/07/2026 11:06:24	,12/07/2026 10:49:20	,"	",,,Fulfillment by seller,Kho HN,862096062214,Standard shipping,J&T Express,,d***i2002_,N***** V*** Đ** D**,(+84)858****86,Việt Nam,Hà Nội,Phường Long Biên,****************,*************************,,Zalopay,0.5,"Loofahs, Sponges, & Poufs",1203120274748639181	,,Unchecked,,Product cards,
584963018820650957	,Shipped,Delivered,,Normal,1732251749141219548	,ST01172,"Sữa Tắm Pháp Le Petit Marseillais Cho Nam Chiết Xuất Thiên Nhiên 4in1 Nhiều Mùi Hương Dưỡng Ẩm, Thơm Lâu - Phù Hợp Mọi Loại Da (250ml)","Hương Gỗ Tuyết Tùng & Dương Xỉ, Standard",1,0,269000,269000,34020,80000,154980,15800,15800,0,0,242,0,170538,,10/07/2026 23:40:44	,10/07/2026 23:40:52	,11/07/2026 08:04:55	,11/07/2026 11:06:24	,12/07/2026 10:49:20	,"	",,,Fulfillment by seller,Kho HN,862096062214,Standard shipping,J&T Express,,d***i2002_,N***** V*** Đ** D**,(+84)858****86,Việt Nam,Hà Nội,Phường Long Biên,****************,*************************,,Zalopay,0.5,Bath & Shower,1203120274748639181	,,Unchecked,,Product cards,
584963024214983873	,Shipped,Delivered,,Normal,1732251749141022940	,ST01431,"Sữa Tắm Pháp Le Petit Marseillais Cho Nam Chiết Xuất Thiên Nhiên 4in1 Nhiều Mùi Hương Dưỡng Ẩm, Thơm Lâu - Phù Hợp Mọi Loại Da (250ml)","Hương Cam & Tinh Dầu Argan, Standard",1,0,269000,269000,0,80000,189000,0,15800,0,15800,,0,189000,,10/07/2026 23:40:22	,12/07/2026 17:38:23	,11/07/2026 08:04:55	,11/07/2026 09:34:38	,12/07/2026 17:38:23	,"	",,,Fulfillment by seller,Kho HCMC,862082942224,Standard shipping,J&T Express,,n***em1412,T**** L*** R*** E*****,(+84)908****05,Việt Nam,Hồ Chí Minh,Phường Nhiêu Lộc,****************,*********,***********************,Cash on delivery,0.5,Bath & Shower,1203119855847834817	,,Unchecked,,Videos,huongnhatohsea
584963024214983873	,Shipped,Completed,,Normal,1731317148230255836	,BONG TAM HQ,[Quà tặng không bán] Bông Tắm Tạo Bọt Mềm Mịn,Mặc định,1,0,0,0,0,0,0,0,15800,0,15800,,0,189000,,10/07/2026 23:40:22	,12/07/2026 17:38:23	,11/07/2026 08:04:55	,11/07/2026 09:34:38	,12/07/2026 17:38:23	,"	",,,Fulfillment by seller,Kho HCMC,862082942224,Standard shipping,J&T Express,,n***em1412,T**** L*** R*** E*****,(+84)908****05,Việt Nam,Hồ Chí Minh,Phường Nhiêu Lộc,****************,*********,***********************,Cash on delivery,0.5,"Loofahs, Sponges, & Poufs",1203119855847834817	,,Unchecked,,Videos,huongnhatohsea
584962929370825839	,Shipped,Completed,,Normal,1731317148230255836	,BONG TAM HQ,[Quà tặng không bán] Bông Tắm Tạo Bọt Mềm Mịn,Mặc định,1,0,0,0,0,0,0,0,17100,0,17100,,0,330650,,10/07/2026 23:32:01	,12/07/2026 12:44:21	,11/07/2026 08:04:55	,11/07/2026 11:06:24	,12/07/2026 12:44:21	,"	",,,Fulfillment by seller,Kho HN,862051592214,Standard shipping,J&T Express,,u***8nyadg8sao,N***** Đ*******,(+84)396****05,Việt Nam,Hà Nội,Phường Long Biên,****************,**********************,,Cash on delivery,0.5,"Loofahs, Sponges, & Poufs",1203119474842240111	,,Unchecked,,Videos,ha_thubay
584962929370825839	,Shipped,Delivered,,Normal,1732250801268689116	,ST01902,"Sữa Tắm/Gel Tắm Pháp Le Petit Marseillais Chiết Xuất Thiên Nhiên 650ml - Sữa Tắm Lưu Hương Lành Tính - Dịu Nhẹ, An Toàn Cho Da","Thông & Bạch Đàn Biển, Standard",1,0,499000,499000,58350,110000,330650,0,17100,0,17100,,0,330650,,10/07/2026 23:32:01	,12/07/2026 12:44:21	,11/07/2026 08:04:55	,11/07/2026 11:06:24	,12/07/2026 12:44:21	,"	",,,Fulfillment by seller,Kho HN,862051592214,Standard shipping,J&T Express,,u***8nyadg8sao,N***** Đ*******,(+84)396****05,Việt Nam,Hà Nội,Phường Long Biên,****************,**********************,,Cash on delivery,1,Bath & Shower,1203119474842240111	,,Unchecked,,Videos,ha_thubay
584962834999510209	,Canceled,Canceled,Cancel,Normal,1731317148230255836	,BONG TAM HQ,[Quà tặng không bán] Bông Tắm Tạo Bọt Mềm Mịn,Mặc định,1,1,0,0,0,0,0,0,17100,0,17100,,0,389000,0,10/07/2026 23:21:01	,"	","	","	","	",10/07/2026 23:42:29	,User,Need item sooner,Fulfillment by seller,Kho HCMC,,Standard shipping,,,n***em1412,T**** L*** R*** E*****,(+84)908****05,Việt Nam,Hồ Chí Minh,Phường Nhiêu Lộc,****************,*********,***********************,Cash on delivery,0.5,"Loofahs, Sponges, & Poufs",1203118725719426241	,,Unchecked,,Videos,ha_thubay
584962834999510209	,Canceled,Canceled,Cancel,Normal,1732250801268689116	,ST01902,"Sữa Tắm/Gel Tắm Pháp Le Petit Marseillais Chiết Xuất Thiên Nhiên 650ml - Sữa Tắm Lưu Hương Lành Tính - Dịu Nhẹ, An Toàn Cho Da","Thông & Bạch Đàn Biển, Standard",1,1,499000,499000,0,110000,389000,0,17100,0,17100,,0,389000,389000,10/07/2026 23:21:01	,"	","	","	","	",10/07/2026 23:42:29	,User,Need item sooner,Fulfillment by seller,Kho HCMC,,Standard shipping,,,n***em1412,T**** L*** R*** E*****,(+84)908****05,Việt Nam,Hồ Chí Minh,Phường Nhiêu Lộc,****************,*********,***********************,Cash on delivery,1,Bath & Shower,1203118725719426241	,,Unchecked,,Videos,ha_thubay
584962213118707394	,Shipped,Completed,,Normal,1731317148230255836	,BONG TAM HQ,[Quà tặng không bán] Bông Tắm Tạo Bọt Mềm Mịn,Mặc định,1,0,0,0,0,0,0,0,35100,0,35100,,0,189000,,10/07/2026 22:36:57	,12/07/2026 12:42:38	,11/07/2026 08:04:55	,11/07/2026 09:34:38	,12/07/2026 12:42:38	,"	",,,Fulfillment by seller,Kho HCMC,862093822214,Standard shipping,J&T Express,,_***zhnw.hoagzn,K**** H****,(+84)813****05,Việt Nam,Vĩnh Long,Xã Châu Hưng,************,************,***********************,Cash on delivery,0.5,"Loofahs, Sponges, & Poufs",1203116715179542210	,,Unchecked,,Product cards,
584962213118707394	,Shipped,Delivered,,Normal,1732251749141219548	,ST01172,"Sữa Tắm Pháp Le Petit Marseillais Cho Nam Chiết Xuất Thiên Nhiên 4in1 Nhiều Mùi Hương Dưỡng Ẩm, Thơm Lâu - Phù Hợp Mọi Loại Da (250ml)","Hương Gỗ Tuyết Tùng & Dương Xỉ, Standard",1,0,269000,269000,0,80000,189000,0,35100,0,35100,,0,189000,,10/07/2026 22:36:57	,12/07/2026 12:42:38	,11/07/2026 08:04:55	,11/07/2026 09:34:38	,12/07/2026 12:42:38	,"	",,,Fulfillment by seller,Kho HCMC,862093822214,Standard shipping,J&T Express,,_***zhnw.hoagzn,K**** H****,(+84)813****05,Việt Nam,Vĩnh Long,Xã Châu Hưng,************,************,***********************,Cash on delivery,0.5,Bath & Shower,1203116715179542210	,,Unchecked,,Product cards,
584960595974587763	,Canceled,Canceled,Cancel,Normal,1731895040715688156	,DT02684,"Sữa Dưỡng Thể Le Petit Marseillais Với Chiết Xuất Bơ Hạt Mỡ, Hạnh Nhân Ngọt & Dầu Argan 300ml Dạng Hũ",Mặc định,1,1,499000,499000,94800,25000,379200,0,39400,0,39400,,0,776000,379200,10/07/2026 20:53:14	,"	","	","	","	",10/07/2026 20:57:34	,User,No longer needed,Fulfillment by seller,Kho HN,,Standard shipping,,,d***hao2,D*******,(+84)363****97,Việt Nam,Ninh Bình,Xã Nam Xang,***********,*******,*************************,Cash on delivery,0.6,Moisturizers & Mists,1203110026548577651	,,Unchecked,,LIVE,lepetitmarseillaisvn
584960595974587763	,Canceled,Canceled,Cancel,Normal,1731906576340388060	,MN75209,"Mặt Nạ Dưỡng Tóc Le Petit Marseillais 4in1 Chiết Xuất Nước Dừa Hữu Cơ, Dưỡng Ẩm, Thơm Lâu - Phù Hợp Mọi Loại Da (300ml)",Mặc định,1,1,529000,529000,99200,33000,396800,0,39400,0,39400,,0,776000,396800,10/07/2026 20:53:14	,"	","	","	","	",10/07/2026 20:57:34	,User,No longer needed,Fulfillment by seller,Kho HN,,Standard shipping,,,d***hao2,D*******,(+84)363****97,Việt Nam,Ninh Bình,Xã Nam Xang,***********,*******,*************************,Cash on delivery,0.6,Shampoo & Conditioner,1203110026548577651	,,Unchecked,,LIVE,lepetitmarseillaisvn
584960419302442719	,Shipped,Completed,,Normal,1731317148230255836	,BONG TAM HQ,[Quà tặng không bán] Bông Tắm Tạo Bọt Mềm Mịn,Mặc định,1,0,0,0,0,0,0,0,34000,0,34000,,0,334900,,10/07/2026 20:41:45	,12/07/2026 13:05:01	,11/07/2026 08:04:55	,11/07/2026 11:06:24	,12/07/2026 13:05:01	,"	",,,Fulfillment by seller,Kho HN,862013682214,Standard shipping,J&T Express,,h***health.coach,H**** H***** C****,(+84)097*****95,Việt Nam,Hải Dương,Hải Dương,*********,***************************,,Cash on delivery,0.5,"Loofahs, Sponges, & Poufs",1203108457770747615	,,Unchecked,,Product cards,
584960419302442719	,Shipped,Delivered,,Normal,1732250801268885724	,ST68816,"Sữa Tắm/Gel Tắm Pháp Le Petit Marseillais Chiết Xuất Thiên Nhiên 650ml - Sữa Tắm Lưu Hương Lành Tính - Dịu Nhẹ, An Toàn Cho Da","Hoa Tiare, Standard",1,0,499000,499000,59100,105000,334900,0,34000,0,34000,,0,334900,,10/07/2026 20:41:45	,12/07/2026 13:05:01	,11/07/2026 08:04:55	,11/07/2026 11:06:24	,12/07/2026 13:05:01	,"	",,,Fulfillment by seller,Kho HN,862013682214,Standard shipping,J&T Express,,h***health.coach,H**** H***** C****,(+84)097*****95,Việt Nam,Hải Dương,Hải Dương,*********,***************************,,Cash on delivery,1,Bath & Shower,1203108457770747615	,,Unchecked,,Product cards,
584958211014100255	,Shipped,Completed,,Normal,1731317148230255836	,BONG TAM HQ,[Quà tặng không bán] Bông Tắm Tạo Bọt Mềm Mịn,Mặc định,1,0,0,0,0,0,0,0,15800,0,15800,,0,189000,,10/07/2026 18:20:07	,10/07/2026 18:20:25	,11/07/2026 08:04:55	,11/07/2026 11:06:24	,12/07/2026 14:50:45	,"	",,,Fulfillment by seller,Kho HN,862073092214,Standard shipping,J&T Express,,n***ieu,h***,(+84)972****70,Việt Nam,Hà Nội,Nam Từ Liêm,******,********************,,MoMo E-Wallet,0.5,"Loofahs, Sponges, & Poufs",1203096319561663775	,,Unchecked,,Product cards,
584958211014100255	,Shipped,Delivered,,Normal,1732251749141022940	,ST01431,"Sữa Tắm Pháp Le Petit Marseillais Cho Nam Chiết Xuất Thiên Nhiên 4in1 Nhiều Mùi Hương Dưỡng Ẩm, Thơm Lâu - Phù Hợp Mọi Loại Da (250ml)","Hương Cam & Tinh Dầu Argan, Standard",1,0,269000,269000,0,80000,189000,0,15800,0,15800,,0,189000,,10/07/2026 18:20:07	,10/07/2026 18:20:25	,11/07/2026 08:04:55	,11/07/2026 11:06:24	,12/07/2026 14:50:45	,"	",,,Fulfillment by seller,Kho HN,862073092214,Standard shipping,J&T Express,,n***ieu,h***,(+84)972****70,Việt Nam,Hà Nội,Nam Từ Liêm,******,********************,,MoMo E-Wallet,0.5,Bath & Shower,1203096319561663775	,,Unchecked,,Product cards,
584957010543543662	,Shipped,Completed,,Normal,1731317148230255836	,BONG TAM HQ,[Quà tặng không bán] Bông Tắm Tạo Bọt Mềm Mịn,Mặc định,1,0,0,0,0,0,0,0,15800,0,15800,2436,0,171951,,10/07/2026 16:55:15	,10/07/2026 16:55:22	,11/07/2026 08:04:55	,11/07/2026 11:06:24	,12/07/2026 09:58:37	,"	",,,Fulfillment by seller,Kho HN,862086682224,Standard shipping,J&T Express,,t***nhu485,N** T* T***,(+84)377****79,Vietnam,Ha Noi,Bac Tu Liem,********,*******************************************,*****,Zalopay,0.5,"Loofahs, Sponges, & Poufs",1203087875333195118	,,Unchecked,,Videos,anchioii2
584957010543543662	,Shipped,Delivered,,Normal,1732250914984855772	,ST92871,"Sữa Tắm/Gel Tắm Pháp Le Petit Marseillais Thiên Nhiên 250ml - Sữa Tắm Lưu Hương Lành Tính - Dịu Nhẹ, An Toàn Cho Da","Bạc Hà, Standard",1,0,269000,269000,14613,80000,174387,0,15800,0,15800,2436,0,171951,,10/07/2026 16:55:15	,10/07/2026 16:55:22	,11/07/2026 08:04:55	,11/07/2026 11:06:24	,12/07/2026 09:58:37	,"	",,,Fulfillment by seller,Kho HN,862086682224,Standard shipping,J&T Express,,t***nhu485,N** T* T***,(+84)377****79,Vietnam,Ha Noi,Bac Tu Liem,********,*******************************************,*****,Zalopay,0.5,Bath & Shower,1203087875333195118	,,Unchecked,,Videos,anchioii2
584955716900324663	,Canceled,Canceled,Cancel,Normal,1732250914985380060	,ST01240,"Sữa Tắm/Gel Tắm Pháp Le Petit Marseillais Thiên Nhiên 250ml - Sữa Tắm Lưu Hương Lành Tính - Dịu Nhẹ, An Toàn Cho Da","Đào Trắng & Quả Xuân Đào, Standard",1,1,269000,269000,20000,80000,169000,0,35100,0,35100,,0,169000,169000,10/07/2026 15:13:56	,"	","	","	","	",11/07/2026 15:14:05	,System,Customer overdue to pay,Fulfillment by seller,Kho HCMC,,Standard shipping,,,n***envanthanh_17,N***** V** T****,(+84)035*****23,Việt Nam,Tỉnh An Giang,Châu Thành,*******,*******,,MoMo E-Wallet,0.5,Bath & Shower,"	",,,,Videos,nguyetxiu8
584955716900324663	,Canceled,Canceled,Cancel,Normal,1731317148230255836	,BONG TAM HQ,[Quà tặng không bán] Bông Tắm Tạo Bọt Mềm Mịn,Mặc định,1,1,0,0,0,0,0,0,35100,0,35100,,0,169000,0,10/07/2026 15:13:56	,"	","	","	","	",11/07/2026 15:14:05	,System,Customer overdue to pay,Fulfillment by seller,Kho HCMC,,Standard shipping,,,n***envanthanh_17,N***** V** T****,(+84)035*****23,Việt Nam,Tỉnh An Giang,Châu Thành,*******,*******,,MoMo E-Wallet,0.5,"Loofahs, Sponges, & Poufs","	",,,,Videos,nguyetxiu8
584955622546441323	,Shipped,Delivered,,Normal,1732250914984986844	,ST99622,"Sữa Tắm/Gel Tắm Pháp Le Petit Marseillais Thiên Nhiên 250ml - Sữa Tắm Lưu Hương Lành Tính - Dịu Nhẹ, An Toàn Cho Da","Xoài & Chanh Dây, Standard",1,0,269000,269000,34900,80000,154100,0,22100,0,22100,,0,308200,,10/07/2026 15:10:19	,11/07/2026 20:18:11	,10/07/2026 15:18:58	,10/07/2026 16:23:28	,11/07/2026 20:18:11	,"	",,,Fulfillment by seller,Kho HN,862085350004,Standard shipping,J&T Express,,b***n1083667,N***** V**,(+84)972****91,Việt Nam,Hà Nội,Xã An Khánh,***********,*************,,Cash on delivery,0.5,Bath & Shower,1203076515092202603	,,Unchecked,,Product cards,
584955622546441323	,Shipped,Delivered,,Normal,1732250914985380060	,ST01240,"Sữa Tắm/Gel Tắm Pháp Le Petit Marseillais Thiên Nhiên 250ml - Sữa Tắm Lưu Hương Lành Tính - Dịu Nhẹ, An Toàn Cho Da","Đào Trắng & Quả Xuân Đào, Standard",1,0,269000,269000,34900,80000,154100,0,22100,0,22100,,0,308200,,10/07/2026 15:10:19	,11/07/2026 20:18:11	,10/07/2026 15:18:58	,10/07/2026 16:23:28	,11/07/2026 20:18:11	,"	",,,Fulfillment by seller,Kho HN,862085350004,Standard shipping,J&T Express,,b***n1083667,N***** V**,(+84)972****91,Việt Nam,Hà Nội,Xã An Khánh,***********,*************,,Cash on delivery,0.5,Bath & Shower,1203076515092202603	,,Unchecked,,Product cards,
584955622546441323	,Shipped,Completed,,Normal,1734496577198523612	,1 BÁNH-XP,Xà Phòng Le Petit Marseillais Chính Hãng Bánh Xà Phòng Tắm Thiên Nhiên (Ngẫu nhiên)  1 Bánh,Mặc định,1,0,0,0,0,0,0,0,22100,0,22100,,0,308200,,10/07/2026 15:10:19	,11/07/2026 20:18:11	,10/07/2026 15:18:58	,10/07/2026 16:23:28	,11/07/2026 20:18:11	,"	",,,Fulfillment by seller,Kho HN,862085350004,Standard shipping,J&T Express,,b***n1083667,N***** V**,(+84)972****91,Việt Nam,Hà Nội,Xã An Khánh,***********,*************,,Cash on delivery,0.1,Bath & Shower,1203076515092202603	,,Unchecked,,Product cards,
584955550074176823	,Canceled,Canceled,Cancel,Normal,1731893265444210908	,ST48441,"Sữa Tắm Pháp Le Petit Marseillais Quả Mâm Xôi & Hoa Mẫu Đơn Hữu Cơ Dưỡng Ẩm, Thơm Lâu - Phù Hợp Mọi Loại Da (250ml)","Quả Mâm Xôi & Hoa Mẫu Đơn, Standard",1,1,269000,269000,0,69000,200000,0,35100,0,35100,,0,200000,200000,10/07/2026 15:04:31	,10/07/2026 15:04:35	,"	","	","	",10/07/2026 15:13:25	,User,Better price available,Fulfillment by seller,Kho HCMC,,Standard shipping,,,n***envanthanh_17,N***** V** T****,(+84)035*****23,Việt Nam,Tỉnh An Giang,Châu Thành,*******,*******,,MoMo E-Wallet,0.5,Bath & Shower,1203074009355945271	,,Unchecked,,Videos,trankimdung249
584955550074176823	,Canceled,Canceled,Cancel,Normal,1731317148230255836	,BONG TAM HQ,[Quà tặng không bán] Bông Tắm Tạo Bọt Mềm Mịn,Mặc định,1,1,0,0,0,0,0,0,35100,0,35100,,0,200000,0,10/07/2026 15:04:31	,10/07/2026 15:04:35	,"	","	","	",10/07/2026 15:13:25	,User,Better price available,Fulfillment by seller,Kho HCMC,,Standard shipping,,,n***envanthanh_17,N***** V** T****,(+84)035*****23,Việt Nam,Tỉnh An Giang,Châu Thành,*******,*******,,MoMo E-Wallet,0.5,"Loofahs, Sponges, & Poufs",1203074009355945271	,,Unchecked,,Videos,trankimdung249
584955385278989576	,Shipped,Completed,,Normal,1731317148230255836	,BONG TAM HQ,[Quà tặng không bán] Bông Tắm Tạo Bọt Mềm Mịn,Mặc định,1,0,0,0,0,0,0,0,29700,0,29700,,0,189000,,10/07/2026 14:50:29	,11/07/2026 22:17:07	,10/07/2026 15:18:58	,10/07/2026 16:23:28	,11/07/2026 22:17:07	,"	",,,Fulfillment by seller,Kho HN,862064590004,Standard shipping,J&T Express,,n***oang_0912,L* H**** N**,(+84)926****36,Việt Nam,Bắc Giang,Bắc Giang,******,****************************************,,Cash on delivery,0.5,"Loofahs, Sponges, & Poufs",1203072015792440584	,,Unchecked,,Videos,man.trung.737
584955385278989576	,Shipped,Delivered,,Normal,1732251749141285084	,ST04371,"Sữa Tắm Pháp Le Petit Marseillais Cho Nam Chiết Xuất Thiên Nhiên 4in1 Nhiều Mùi Hương Dưỡng Ẩm, Thơm Lâu - Phù Hợp Mọi Loại Da (250ml)","Hương Gừng & Gỗ Bách, Standard",1,0,269000,269000,0,80000,189000,0,29700,0,29700,,0,189000,,10/07/2026 14:50:29	,11/07/2026 22:17:07	,10/07/2026 15:18:58	,10/07/2026 16:23:28	,11/07/2026 22:17:07	,"	",,,Fulfillment by seller,Kho HN,862064590004,Standard shipping,J&T Express,,n***oang_0912,L* H**** N**,(+84)926****36,Việt Nam,Bắc Giang,Bắc Giang,******,****************************************,,Cash on delivery,0.5,Bath & Shower,1203072015792440584	,,Unchecked,,Videos,man.trung.737
584954751391073699	,Shipped,Completed,,Normal,1731317148230255836	,BONG TAM HQ,[Quà tặng không bán] Bông Tắm Tạo Bọt Mềm Mịn,Mặc định,1,0,0,0,0,0,0,0,39400,0,39400,,0,394000,,10/07/2026 14:04:57	,11/07/2026 16:17:49	,10/07/2026 15:18:58	,10/07/2026 17:22:14	,11/07/2026 16:17:49	,"	",,,Fulfillment by seller,Kho HCMC,862057519973,Standard shipping,J&T Express,,u***529810287715,V* t** b* E* ,(+84)345****27,Việt Nam,Long An,Kiến Tường,********,**************,,Cash on delivery,0.5,"Loofahs, Sponges, & Poufs",1203067152266266019	,,Unchecked,,Videos,thaocanview
584954751391073699	,Shipped,Delivered,,Normal,1732250801269213404	,ST53594,"Sữa Tắm/Gel Tắm Pháp Le Petit Marseillais Chiết Xuất Thiên Nhiên 650ml - Sữa Tắm Lưu Hương Lành Tính - Dịu Nhẹ, An Toàn Cho Da","Hạnh Nhân, Standard",1,0,499000,499000,0,105000,394000,0,39400,0,39400,,0,394000,,10/07/2026 14:04:57	,11/07/2026 16:17:49	,10/07/2026 15:18:58	,10/07/2026 17:22:14	,11/07/2026 16:17:49	,"	",,,Fulfillment by seller,Kho HCMC,862057519973,Standard shipping,J&T Express,,u***529810287715,V* t** b* E* ,(+84)345****27,Việt Nam,Long An,Kiến Tường,********,**************,,Cash on delivery,1,Bath & Shower,1203067152266266019	,,Unchecked,,Videos,thaocanview
584954612154795065	,Shipped,Completed,,Normal,1731317148230255836	,BONG TAM HQ,[Quà tặng không bán] Bông Tắm Tạo Bọt Mềm Mịn,Mặc định,1,0,0,0,0,0,0,0,29700,0,29700,,0,168210,,10/07/2026 13:56:01	,11/07/2026 21:15:04	,10/07/2026 15:18:58	,10/07/2026 16:23:28	,11/07/2026 21:15:04	,"	",,,Fulfillment by seller,Kho HN,862044700004,Standard shipping,J&T Express,,k***gnguyxn2323,N***** K****,(+84)942****86,Vietnam,Nam Dinh,Nam Dinh,*********,**************,*****************,Cash on delivery,0.5,"Loofahs, Sponges, & Poufs",1203065589720712249	,,Unchecked,,Videos,man.trung.737
584954612154795065	,Shipped,Delivered,,Normal,1732251749141219548	,ST01172,"Sữa Tắm Pháp Le Petit Marseillais Cho Nam Chiết Xuất Thiên Nhiên 4in1 Nhiều Mùi Hương Dưỡng Ẩm, Thơm Lâu - Phù Hợp Mọi Loại Da (250ml)","Hương Gỗ Tuyết Tùng & Dương Xỉ, Standard",1,0,269000,269000,20790,80000,168210,0,29700,0,29700,,0,168210,,10/07/2026 13:56:01	,11/07/2026 21:15:04	,10/07/2026 15:18:58	,10/07/2026 16:23:28	,11/07/2026 21:15:04	,"	",,,Fulfillment by seller,Kho HN,862044700004,Standard shipping,J&T Express,,k***gnguyxn2323,N***** K****,(+84)942****86,Vietnam,Nam Dinh,Nam Dinh,*********,**************,*****************,Cash on delivery,0.5,Bath & Shower,1203065589720712249	,,Unchecked,,Videos,man.trung.737
584954340960666779	,Shipped,Delivered,,Normal,1732251749141219548	,ST01172,"Sữa Tắm Pháp Le Petit Marseillais Cho Nam Chiết Xuất Thiên Nhiên 4in1 Nhiều Mùi Hương Dưỡng Ẩm, Thơm Lâu - Phù Hợp Mọi Loại Da (250ml)","Hương Gỗ Tuyết Tùng & Dương Xỉ, Standard",1,0,269000,269000,20790,80000,168210,0,15800,0,15800,,0,168210,,10/07/2026 13:38:26	,10/07/2026 13:38:29	,10/07/2026 15:18:58	,10/07/2026 17:22:14	,11/07/2026 09:05:13	,"	",,,Fulfillment by seller,Kho HCMC,862017719973,Standard shipping,J&T Express,,2***lan,H**** H**** L**,(+84)070*****75,Việt Nam,Hồ Chí Minh,Gò Vấp,*********,*********************,**********************,MoMo E-Wallet,0.5,Bath & Shower,1203063346514068635	,,Unchecked,,Videos,lepthelittlekid
584954340960666779	,Shipped,Completed,,Normal,1731317148230255836	,BONG TAM HQ,[Quà tặng không bán] Bông Tắm Tạo Bọt Mềm Mịn,Mặc định,1,0,0,0,0,0,0,0,15800,0,15800,,0,168210,,10/07/2026 13:38:26	,10/07/2026 13:38:29	,10/07/2026 15:18:58	,10/07/2026 17:22:14	,11/07/2026 09:05:13	,"	",,,Fulfillment by seller,Kho HCMC,862017719973,Standard shipping,J&T Express,,2***lan,H**** H**** L**,(+84)070*****75,Việt Nam,Hồ Chí Minh,Gò Vấp,*********,*********************,**********************,MoMo E-Wallet,0.5,"Loofahs, Sponges, & Poufs",1203063346514068635	,,Unchecked,,Videos,lepthelittlekid
584954217033139859	,Shipped,Delivered,,Normal,1732251749141219548	,ST01172,"Sữa Tắm Pháp Le Petit Marseillais Cho Nam Chiết Xuất Thiên Nhiên 4in1 Nhiều Mùi Hương Dưỡng Ẩm, Thơm Lâu - Phù Hợp Mọi Loại Da (250ml)","Hương Gỗ Tuyết Tùng & Dương Xỉ, Standard",1,0,269000,269000,0,80000,189000,0,29700,0,29700,,0,189000,,10/07/2026 13:27:24	,11/07/2026 16:02:27	,10/07/2026 15:18:58	,10/07/2026 17:22:15	,11/07/2026 16:02:27	,"	",,,Fulfillment by seller,Kho HCMC,862098849973,Standard shipping,J&T Express,,t***nguyen783,N***** t** t**,(+84)877****96,Việt Nam,Kiên Giang,Rạch Giá,******,**************************,,Cash on delivery,0.5,Bath & Shower,1203060919437395603	,,Unchecked,,Videos,duongmanhkien19
584954217033139859	,Shipped,Completed,,Normal,1731317148230255836	,BONG TAM HQ,[Quà tặng không bán] Bông Tắm Tạo Bọt Mềm Mịn,Mặc định,1,0,0,0,0,0,0,0,29700,0,29700,,0,189000,,10/07/2026 13:27:24	,11/07/2026 16:02:27	,10/07/2026 15:18:58	,10/07/2026 17:22:15	,11/07/2026 16:02:27	,"	",,,Fulfillment by seller,Kho HCMC,862098849973,Standard shipping,J&T Express,,t***nguyen783,N***** t** t**,(+84)877****96,Việt Nam,Kiên Giang,Rạch Giá,******,**************************,,Cash on delivery,0.5,"Loofahs, Sponges, & Poufs",1203060919437395603	,,Unchecked,,Videos,duongmanhkien19
584953535921226879	,Canceled,Canceled,Cancel,Normal,1735802998810510556	,DG74554,Dầu Gội Le Petit Marseillais Mật Ong Và Bơ Hạt Mỡ Phục Hồi Tóc 300ml,Mặc định,1,1,499000,499000,82000,89000,328000,0,14000,0,14000,,0,328000,328000,10/07/2026 12:45:39	,"	","	","	","	",11/07/2026 12:45:40	,System,Customer overdue to pay,Fulfillment by seller,Kho HCMC,,Standard shipping,,,u***37721206836060,h*** d****,(+84)911****66,Việt Nam,Hồ Chí Minh,Phường Tân Sơn Hòa,******************,***********************,,VNPAY + TikTok Shop Balance,0.45,Shampoo & Conditioner,"	",,,,Videos,
584953267029051100	,Shipped,Completed,,Normal,1731317148230255836	,BONG TAM HQ,[Quà tặng không bán] Bông Tắm Tạo Bọt Mềm Mịn,Mặc định,1,0,0,0,0,0,0,0,34000,0,34000,,0,389000,,10/07/2026 12:29:54	,11/07/2026 18:47:13	,10/07/2026 13:15:19	,10/07/2026 16:23:28	,11/07/2026 18:47:13	,"	",,,Fulfillment by seller,Kho HN,862047849023,Standard shipping,J&T Express,,t***.long.nguyen89,T*** L*** N*****,(+84)986****02,Việt Nam,Hải Phòng,Phường Hồng Bàng,****************,********************,,Cash on delivery,0.5,"Loofahs, Sponges, & Poufs",1203054874617349852	,,Unchecked,,Product cards,
584953267029051100	,Shipped,Delivered,,Normal,1732250801268689116	,ST01902,"Sữa Tắm/Gel Tắm Pháp Le Petit Marseillais Chiết Xuất Thiên Nhiên 650ml - Sữa Tắm Lưu Hương Lành Tính - Dịu Nhẹ, An Toàn Cho Da","Thông & Bạch Đàn Biển, Standard",1,0,499000,499000,0,110000,389000,0,34000,0,34000,,0,389000,,10/07/2026 12:29:54	,11/07/2026 18:47:13	,10/07/2026 13:15:19	,10/07/2026 16:23:28	,11/07/2026 18:47:13	,"	",,,Fulfillment by seller,Kho HN,862047849023,Standard shipping,J&T Express,,t***.long.nguyen89,T*** L*** N*****,(+84)986****02,Việt Nam,Hải Phòng,Phường Hồng Bàng,****************,********************,,Cash on delivery,1,Bath & Shower,1203054874617349852	,,Unchecked,,Product cards,
584953263323252444	,Shipped,Delivered,,Normal,1732252943759018204	,DG74042,"Dầu Gội Thiên Nhiên Le Petit Marseillais Nhiều Mùi Hương 250ml Dưỡng Ẩm, Thơm Lâu - Phù Hợp Mọi Loại Da",Trị Gàu 2 In 1 Tinh Dầu Bạc Hà,1,0,329000,329000,0,62000,267000,0,26200,0,26200,,0,267000,,10/07/2026 12:27:38	,11/07/2026 18:47:13	,10/07/2026 13:15:24	,10/07/2026 16:23:28	,11/07/2026 18:47:13	,"	",,,Fulfillment by seller,Kho HN,862007199023,Standard shipping,J&T Express,,t***.long.nguyen89,T*** L*** N*****,(+84)986****02,Việt Nam,Hải Phòng,Phường Hồng Bàng,****************,********************,,Cash on delivery,0.5,Shampoo & Conditioner,1203054084262102748	,,Unchecked,,Videos,ngocdailyvlog
584953142611904035	,Shipped,Completed,,Normal,1731317148230255836	,BONG TAM HQ,[Quà tặng không bán] Bông Tắm Tạo Bọt Mềm Mịn,Mặc định,1,0,0,0,0,0,0,0,35100,0,35100,,0,189000,,10/07/2026 12:19:51	,11/07/2026 09:52:30	,10/07/2026 12:22:20	,10/07/2026 16:23:28	,11/07/2026 09:52:30	,"	",,,Fulfillment by seller,Kho HN,862071348683,Standard shipping,J&T Express,,h***292002,N***** v** h***,(+84)083*****69,Việt Nam,Quảng Ninh,Vân Đồn,*********,**************,,Cash on delivery,0.5,"Loofahs, Sponges, & Poufs",1203052630385329699	,,Unchecked,,Videos,man.trung.737
584953142611904035	,Shipped,Delivered,,Normal,1732251749141219548	,ST01172,"Sữa Tắm Pháp Le Petit Marseillais Cho Nam Chiết Xuất Thiên Nhiên 4in1 Nhiều Mùi Hương Dưỡng Ẩm, Thơm Lâu - Phù Hợp Mọi Loại Da (250ml)","Hương Gỗ Tuyết Tùng & Dương Xỉ, Standard",1,0,269000,269000,0,80000,189000,0,35100,0,35100,,0,189000,,10/07/2026 12:19:51	,11/07/2026 09:52:30	,10/07/2026 12:22:20	,10/07/2026 16:23:28	,11/07/2026 09:52:30	,"	",,,Fulfillment by seller,Kho HN,862071348683,Standard shipping,J&T Express,,h***292002,N***** v** h***,(+84)083*****69,Việt Nam,Quảng Ninh,Vân Đồn,*********,**************,,Cash on delivery,0.5,Bath & Shower,1203052630385329699	,,Unchecked,,Videos,man.trung.737
584953167789066016	,Canceled,Canceled,Cancel,Normal,1732251749141154012	,ST01356,"Sữa Tắm Pháp Le Petit Marseillais Cho Nam Chiết Xuất Thiên Nhiên 4in1 Nhiều Mùi Hương Dưỡng Ẩm, Thơm Lâu - Phù Hợp Mọi Loại Da (250ml)","Hương Thông & Bạch Đàn Biển, Standard",1,1,269000,269000,0,80000,189000,29700,29700,0,0,,0,218700,189000,10/07/2026 12:19:45	,"	","	","	","	",10/07/2026 12:20:06	,User,No longer needed,Fulfillment by seller,Kho HCMC,,Standard shipping,,,n***ma9899,N*** M*,(+84)798****99,Việt Nam,Vĩnh Long,Vĩnh Long,********,*********************************,,Cash on delivery,0.5,Bath & Shower,1203052628192626464	,,Unchecked,,Product cards,
584953167789066016	,Canceled,Canceled,Cancel,Normal,1731317148230255836	,BONG TAM HQ,[Quà tặng không bán] Bông Tắm Tạo Bọt Mềm Mịn,Mặc định,1,1,0,0,0,0,0,29700,29700,0,0,,0,218700,0,10/07/2026 12:19:45	,"	","	","	","	",10/07/2026 12:20:06	,User,No longer needed,Fulfillment by seller,Kho HCMC,,Standard shipping,,,n***ma9899,N*** M*,(+84)798****99,Việt Nam,Vĩnh Long,Vĩnh Long,********,*********************************,,Cash on delivery,0.5,"Loofahs, Sponges, & Poufs",1203052628192626464	,,Unchecked,,Product cards,
584953105809966811	,Shipped,Delivered,,Normal,1732251749141219548	,ST01172,"Sữa Tắm Pháp Le Petit Marseillais Cho Nam Chiết Xuất Thiên Nhiên 4in1 Nhiều Mùi Hương Dưỡng Ẩm, Thơm Lâu - Phù Hợp Mọi Loại Da (250ml)","Hương Gỗ Tuyết Tùng & Dương Xỉ, Standard",1,0,269000,269000,20790,80000,168210,0,15800,0,15800,,0,168210,,10/07/2026 12:18:33	,11/07/2026 20:10:33	,10/07/2026 12:22:20	,10/07/2026 15:18:29	,11/07/2026 20:10:33	,"	",,,Fulfillment by seller,Kho HCMC,862081458743,Standard shipping,J&T Express,,d***5616,p*** n*** m**,(+84)908****81,Việt Nam,Hồ Chí Minh,Phường Bến Thành,****************,******************,,Cash on delivery,0.5,Bath & Shower,1203053496179853019	,,Unchecked,,Product cards,
584953105809966811	,Shipped,Completed,,Normal,1731317148230255836	,BONG TAM HQ,[Quà tặng không bán] Bông Tắm Tạo Bọt Mềm Mịn,Mặc định,1,0,0,0,0,0,0,0,15800,0,15800,,0,168210,,10/07/2026 12:18:33	,11/07/2026 20:10:33	,10/07/2026 12:22:20	,10/07/2026 15:18:29	,11/07/2026 20:10:33	,"	",,,Fulfillment by seller,Kho HCMC,862081458743,Standard shipping,J&T Express,,d***5616,p*** n*** m**,(+84)908****81,Việt Nam,Hồ Chí Minh,Phường Bến Thành,****************,******************,,Cash on delivery,0.5,"Loofahs, Sponges, & Poufs",1203053496179853019	,,Unchecked,,Product cards,
584952919868933346	,Shipped,Completed,,Normal,1731317148230255836	,BONG TAM HQ,[Quà tặng không bán] Bông Tắm Tạo Bọt Mềm Mịn,Mặc định,1,0,0,0,0,0,0,0,18200,0,18200,,0,618270,,10/07/2026 12:09:39	,10/07/2026 12:09:44	,10/07/2026 12:22:20	,10/07/2026 17:22:14	,11/07/2026 11:45:41	,"	",,,Fulfillment by seller,Kho HCMC,862033408683,Standard shipping,J&T Express,,o***geeee94,N***** T**** V*,(+84)767****94,Vietnam,Ho Chi Minh,District 7,*********,**************************************************,*********,Zalopay,0.5,"Loofahs, Sponges, & Poufs",1203052019686474978	,,Unchecked,,Product cards,
584952919868933346	,Shipped,Delivered,,Normal,1732250801269016796	,ST01288,"Sữa Tắm/Gel Tắm Pháp Le Petit Marseillais Chiết Xuất Thiên Nhiên 650ml - Sữa Tắm Lưu Hương Lành Tính - Dịu Nhẹ, An Toàn Cho Da","Đào Trắng & Quả Xuân Đào, Standard",1,0,499000,499000,82891,105000,311109,0,18200,0,18200,,0,618270,,10/07/2026 12:09:39	,10/07/2026 12:09:44	,10/07/2026 12:22:20	,10/07/2026 17:22:14	,11/07/2026 11:45:41	,"	",,,Fulfillment by seller,Kho HCMC,862033408683,Standard shipping,J&T Express,,o***geeee94,N***** T**** V*,(+84)767****94,Vietnam,Ho Chi Minh,District 7,*********,**************************************************,*********,Zalopay,1,Bath & Shower,1203052019686474978	,,Unchecked,,Product cards,
584952919868933346	,Shipped,Delivered,,Normal,1732250801269278940	,ST39109,"Sữa Tắm/Gel Tắm Pháp Le Petit Marseillais Chiết Xuất Thiên Nhiên 650ml - Sữa Tắm Lưu Hương Lành Tính - Dịu Nhẹ, An Toàn Cho Da","Hoa Cam, Standard",1,0,499000,499000,81839,110000,307161,0,18200,0,18200,,0,618270,,10/07/2026 12:09:39	,10/07/2026 12:09:44	,10/07/2026 12:22:20	,10/07/2026 17:22:14	,11/07/2026 11:45:41	,"	",,,Fulfillment by seller,Kho HCMC,862033408683,Standard shipping,J&T Express,,o***geeee94,N***** T**** V*,(+84)767****94,Vietnam,Ho Chi Minh,District 7,*********,**************************************************,*********,Zalopay,1,Bath & Shower,1203052019686474978	,,Unchecked,,Product cards,
584952994215200719	,Shipped,Completed,,Normal,1734496577198523612	,1 BÁNH-XP,Xà Phòng Le Petit Marseillais Chính Hãng Bánh Xà Phòng Tắm Thiên Nhiên (Ngẫu nhiên)  1 Bánh,Mặc định,1,0,0,0,0,0,0,0,15800,0,15800,,0,378000,,10/07/2026 12:03:30	,11/07/2026 12:43:32	,10/07/2026 12:06:34	,10/07/2026 15:18:29	,11/07/2026 12:43:32	,"	",,,Fulfillment by seller,Kho HCMC,862092938623,Standard shipping,J&T Express,,m***19101980,L* n*****,(+84)903****73,Vietnam,Thanh pho Ho Chi Minh,Binh Thanh,******,*****************,,Cash on delivery,0.1,Bath & Shower,1203051298776844239	,,Unchecked,,Videos,ahau.phuongthao
584952994215200719	,Shipped,Delivered,,Normal,1736012795077362908	,ST48441+ST01240,Combo 2 Sữa Tắm Nữ Pháp Le Petit Marseillais 250ml - Thiên Nhiên Dịu Nhẹ,"Quả Mâm Xôi Hữu Cơ & Hoa Mẫu Đơn, Đào Trắng Hữu Cơ Và Quả Xuân Đào",1,0,538000,538000,0,160000,378000,0,15800,0,15800,,0,378000,,10/07/2026 12:03:30	,11/07/2026 12:43:32	,10/07/2026 12:06:34	,10/07/2026 15:18:29	,11/07/2026 12:43:32	,"	",,,Fulfillment by seller,Kho HCMC,862092938623,Standard shipping,J&T Express,,m***19101980,L* n*****,(+84)903****73,Vietnam,Thanh pho Ho Chi Minh,Binh Thanh,******,*****************,,Cash on delivery,0.6,Bath & Shower,1203051298776844239	,,Unchecked,,Videos,ahau.phuongthao
584952328830682400	,Shipped,Delivered,,Normal,1735912571878606044	,ST01356 + ST01172,Combo 2 Sữa Tắm Nam Le Petit Marseillais 4in1 Cho Tóc Mặt Râu Toàn Thân 250ml,"Thông Biển & Bạch Đàn, Gỗ Tuyết Tùng Và Dương Xỉ",1,0,538000,538000,64260,160000,313740,0,29700,0,29700,,0,313740,,10/07/2026 11:26:30	,11/07/2026 19:16:37	,10/07/2026 12:06:34	,10/07/2026 15:18:29	,11/07/2026 19:16:37	,"	",,,Fulfillment by seller,Kho HCMC,862087718683,Standard shipping,J&T Express,,l***en139,L* t***,(+84)094*****50,Vietnam,Ca Mau,Ca Mau,******,******************************************,,Cash on delivery,0.6,Bath & Body Care,1203047787338695968	,,Unchecked,,LIVE,lepetitmarseillaisvn
584952328830682400	,Shipped,Completed,,Normal,1734496577198523612	,1 BÁNH-XP,Xà Phòng Le Petit Marseillais Chính Hãng Bánh Xà Phòng Tắm Thiên Nhiên (Ngẫu nhiên)  1 Bánh,Mặc định,1,0,0,0,0,0,0,0,29700,0,29700,,0,313740,,10/07/2026 11:26:30	,11/07/2026 19:16:37	,10/07/2026 12:06:34	,10/07/2026 15:18:29	,11/07/2026 19:16:37	,"	",,,Fulfillment by seller,Kho HCMC,862087718683,Standard shipping,J&T Express,,l***en139,L* t***,(+84)094*****50,Vietnam,Ca Mau,Ca Mau,******,******************************************,,Cash on delivery,0.1,Bath & Shower,1203047787338695968	,,Unchecked,,LIVE,lepetitmarseillaisvn
584952130807039294	,Shipped,Completed,,Normal,1734496577198523612	,1 BÁNH-XP,Xà Phòng Le Petit Marseillais Chính Hãng Bánh Xà Phòng Tắm Thiên Nhiên (Ngẫu nhiên)  1 Bánh,Mặc định,1,0,0,0,0,0,0,0,15800,0,15800,,0,292400,,10/07/2026 11:16:17	,11/07/2026 19:57:56	,10/07/2026 12:06:34	,10/07/2026 16:23:28	,11/07/2026 19:57:56	,"	",,,Fulfillment by seller,Kho HN,862087938683,Standard shipping,J&T Express,,m***.minh52873,D*** M***,(+84)055*****80,Việt Nam,Hà Nội,Hoàng Mai,******,**********************,,Cash on delivery,0.1,Bath & Shower,1203045483838997822	,,Unchecked,,LIVE,lepetitmarseillaisvn
584952130807039294	,Shipped,Delivered,,Normal,1736012795077362908	,ST48441+ST01240,Combo 2 Sữa Tắm Nữ Pháp Le Petit Marseillais 250ml - Thiên Nhiên Dịu Nhẹ,"Quả Mâm Xôi Hữu Cơ & Hoa Mẫu Đơn, Đào Trắng Hữu Cơ Và Quả Xuân Đào",1,0,538000,538000,85600,160000,292400,0,15800,0,15800,,0,292400,,10/07/2026 11:16:17	,11/07/2026 19:57:56	,10/07/2026 12:06:34	,10/07/2026 16:23:28	,11/07/2026 19:57:56	,"	",,,Fulfillment by seller,Kho HN,862087938683,Standard shipping,J&T Express,,m***.minh52873,D*** M***,(+84)055*****80,Việt Nam,Hà Nội,Hoàng Mai,******,**********************,,Cash on delivery,0.6,Bath & Shower,1203045483838997822	,,Unchecked,,LIVE,lepetitmarseillaisvn
584951802183452429	,Shipped,Completed,,Normal,1731317148230255836	,BONG TAM HQ,[Quà tặng không bán] Bông Tắm Tạo Bọt Mềm Mịn,Mặc định,1,0,0,0,0,0,0,0,20900,0,20900,,0,169000,,10/07/2026 10:53:08	,11/07/2026 10:14:15	,10/07/2026 10:55:05	,10/07/2026 16:23:28	,11/07/2026 10:14:15	,"	",,,Fulfillment by seller,Kho HN,862014588343,Standard shipping,J&T Express,,b***.da.dep.sport,T**** L** V****,(+84)865****91,Việt Nam,Hà Nội,Xã Thanh Trì,************,************************************************,*********,Cash on delivery,0.5,"Loofahs, Sponges, & Poufs",1203042360603805453	,,Unchecked,,Videos,lienhuong2003
584951802183452429	,Shipped,Delivered,,Normal,1732250914985052380	,ST48441,"Sữa Tắm/Gel Tắm Pháp Le Petit Marseillais Thiên Nhiên 250ml - Sữa Tắm Lưu Hương Lành Tính - Dịu Nhẹ, An Toàn Cho Da","Quả Mâm Xôi & Hoa Mẫu Đơn, Standard",1,0,269000,269000,20000,80000,169000,0,20900,0,20900,,0,169000,,10/07/2026 10:53:08	,11/07/2026 10:14:15	,10/07/2026 10:55:05	,10/07/2026 16:23:28	,11/07/2026 10:14:15	,"	",,,Fulfillment by seller,Kho HN,862014588343,Standard shipping,J&T Express,,b***.da.dep.sport,T**** L** V****,(+84)865****91,Việt Nam,Hà Nội,Xã Thanh Trì,************,************************************************,*********,Cash on delivery,0.5,Bath & Shower,1203042360603805453	,,Unchecked,,Videos,lienhuong2003
584951516414117780	,Shipped,Completed,,Normal,1731317148230255836	,BONG TAM HQ,[Quà tặng không bán] Bông Tắm Tạo Bọt Mềm Mịn,Mặc định,1,0,0,0,0,0,0,0,39400,0,39400,,0,323080,,10/07/2026 10:31:12	,11/07/2026 20:15:11	,10/07/2026 10:55:05	,10/07/2026 15:18:29	,11/07/2026 20:15:11	,"	",,,Fulfillment by seller,Kho HCMC,862044368393,Standard shipping,J&T Express,,t***htruc930902,T**** T***,(+84)933****52,Việt Nam,Đồng Nai,Xã Xuân Lộc,***********,************,************************,Cash on delivery,0.5,"Loofahs, Sponges, & Poufs",1203039674723370900	,,Unchecked,,Product cards,
584951516414117780	,Shipped,Delivered,,Normal,1732250801269016796	,ST01288,"Sữa Tắm/Gel Tắm Pháp Le Petit Marseillais Chiết Xuất Thiên Nhiên 650ml - Sữa Tắm Lưu Hương Lành Tính - Dịu Nhẹ, An Toàn Cho Da","Đào Trắng & Quả Xuân Đào, Standard",1,0,499000,499000,70920,105000,323080,0,39400,0,39400,,0,323080,,10/07/2026 10:31:12	,11/07/2026 20:15:11	,10/07/2026 10:55:05	,10/07/2026 15:18:29	,11/07/2026 20:15:11	,"	",,,Fulfillment by seller,Kho HCMC,862044368393,Standard shipping,J&T Express,,t***htruc930902,T**** T***,(+84)933****52,Việt Nam,Đồng Nai,Xã Xuân Lộc,***********,************,************************,Cash on delivery,1,Bath & Shower,1203039674723370900	,,Unchecked,,Product cards,
584950700655282030	,Shipped,Completed,,Normal,1734496577198523612	,1 BÁNH-XP,Xà Phòng Le Petit Marseillais Chính Hãng Bánh Xà Phòng Tắm Thiên Nhiên (Ngẫu nhiên)  1 Bánh,Mặc định,1,0,0,0,0,0,0,0,15800,0,15800,,0,378000,,10/07/2026 09:37:40	,11/07/2026 17:51:29	,10/07/2026 10:12:26	,10/07/2026 10:51:31	,11/07/2026 17:51:29	,"	",,,Fulfillment by seller,Kho HN,862051728133,Standard shipping,J&T Express,,p***r_xyz,T** t** t** g** d*** H* Đ***,(+84)865****29,Việt Nam,Hà Nội,Phường Hà Đông,**************,*************************,,Cash on delivery,0.1,Bath & Shower,1203033372148664174	,,Unchecked,,Videos,
584950700655282030	,Shipped,Delivered,,Normal,1735912571878606044	,ST01356 + ST01172,Combo 2 Sữa Tắm Nam Le Petit Marseillais 4in1 Cho Tóc Mặt Râu Toàn Thân 250ml,"Thông Biển & Bạch Đàn, Gỗ Tuyết Tùng Và Dương Xỉ",1,0,538000,538000,0,160000,378000,0,15800,0,15800,,0,378000,,10/07/2026 09:37:40	,11/07/2026 17:51:29	,10/07/2026 10:12:26	,10/07/2026 10:51:31	,11/07/2026 17:51:29	,"	",,,Fulfillment by seller,Kho HN,862051728133,Standard shipping,J&T Express,,p***r_xyz,T** t** t** g** d*** H* Đ***,(+84)865****29,Việt Nam,Hà Nội,Phường Hà Đông,**************,*************************,,Cash on delivery,0.6,Bath & Body Care,1203033372148664174	,,Unchecked,,Videos,
584950631683818510	,Shipped,Completed,,Normal,1734496577198523612	,1 BÁNH-XP,Xà Phòng Le Petit Marseillais Chính Hãng Bánh Xà Phòng Tắm Thiên Nhiên (Ngẫu nhiên)  1 Bánh,Mặc định,1,0,0,0,0,0,0,0,47600,0,47600,31,0,311269,,10/07/2026 09:27:12	,10/07/2026 09:27:17	,10/07/2026 09:33:24	,10/07/2026 09:52:56	,11/07/2026 10:26:01	,"	",,,Fulfillment by seller,Kho HCMC,862067037923,Standard shipping,J&T Express,,r***cocvcb,r*********,(+84)915****22,Việt Nam,Bình Thuận,Bắc Bình,*******,********************,,PayLater,0.1,Bath & Shower,1203032104020050958	,,Unchecked,,Product cards,
584950631683818510	,Shipped,Delivered,,Normal,1735912571878606044	,ST01356 + ST01172,Combo 2 Sữa Tắm Nam Le Petit Marseillais 4in1 Cho Tóc Mặt Râu Toàn Thân 250ml,"Thông Biển & Bạch Đàn, Gỗ Tuyết Tùng Và Dương Xỉ",1,0,538000,538000,66700,160000,311300,0,47600,0,47600,31,0,311269,,10/07/2026 09:27:12	,10/07/2026 09:27:17	,10/07/2026 09:33:24	,10/07/2026 09:52:56	,11/07/2026 10:26:01	,"	",,,Fulfillment by seller,Kho HCMC,862067037923,Standard shipping,J&T Express,,r***cocvcb,r*********,(+84)915****22,Việt Nam,Bình Thuận,Bắc Bình,*******,********************,,PayLater,0.6,Bath & Body Care,1203032104020050958	,,Unchecked,,Product cards,
584950439911851605	,Shipped,Completed,,Normal,1731317148230255836	,BONG TAM HQ,[Quà tặng không bán] Bông Tắm Tạo Bọt Mềm Mịn,Mặc định,1,0,0,0,0,0,0,0,29700,0,29700,,0,189000,,10/07/2026 09:19:00	,11/07/2026 17:18:03	,10/07/2026 09:33:24	,10/07/2026 10:50:11	,11/07/2026 17:18:03	,"	",,,Fulfillment by seller,Kho HN,862045027923,Standard shipping,J&T Express,,v***9.ch.nam.sn,V** 9* c** n** s**,(+84)845****66,Việt Nam,Bắc Ninh,Phường Nam Sơn,**************,********************,,Cash on delivery,0.5,"Loofahs, Sponges, & Poufs",1203031091597772373	,,Unchecked,,Videos,duongmanhkien19
584950439911851605	,Shipped,Delivered,,Normal,1732251749141219548	,ST01172,"Sữa Tắm Pháp Le Petit Marseillais Cho Nam Chiết Xuất Thiên Nhiên 4in1 Nhiều Mùi Hương Dưỡng Ẩm, Thơm Lâu - Phù Hợp Mọi Loại Da (250ml)","Hương Gỗ Tuyết Tùng & Dương Xỉ, Standard",1,0,269000,269000,0,80000,189000,0,29700,0,29700,,0,189000,,10/07/2026 09:19:00	,11/07/2026 17:18:03	,10/07/2026 09:33:24	,10/07/2026 10:50:11	,11/07/2026 17:18:03	,"	",,,Fulfillment by seller,Kho HN,862045027923,Standard shipping,J&T Express,,v***9.ch.nam.sn,V** 9* c** n** s**,(+84)845****66,Việt Nam,Bắc Ninh,Phường Nam Sơn,**************,********************,,Cash on delivery,0.5,Bath & Shower,1203031091597772373	,,Unchecked,,Videos,duongmanhkien19
584950210196898973	,Shipped,Delivered,,Normal,1732252943758952668	,DG37429,"Dầu Gội Thiên Nhiên Le Petit Marseillais Nhiều Mùi Hương 250ml Dưỡng Ẩm, Thơm Lâu - Phù Hợp Mọi Loại Da",Cấp Ẩm Chuyên Sâu Từ Nước Dừa,1,0,329000,329000,66400,62000,200600,0,30300,0,30300,,0,200600,,10/07/2026 08:58:31	,11/07/2026 17:48:45	,10/07/2026 09:33:24	,10/07/2026 09:52:56	,11/07/2026 17:48:45	,"	",,,Fulfillment by seller,Kho HCMC,862039387853,Standard shipping,J&T Express,,n***ramy_06,b* T** M**,(+84)788****35,Việt Nam,Đồng Tháp,Xã Tân Phước 3,**************,****************************,,Cash on delivery,0.5,Shampoo & Conditioner,1203027680966771869	,,Unchecked,,Product cards,
584950208115344399	,Shipped,Completed,,Normal,1731317148230255836	,BONG TAM HQ,[Quà tặng không bán] Bông Tắm Tạo Bọt Mềm Mịn,Mặc định,1,0,0,0,0,0,0,0,15800,0,15800,,0,164000,,10/07/2026 08:57:30	,11/07/2026 11:55:04	,10/07/2026 09:33:24	,10/07/2026 10:50:11	,11/07/2026 11:55:04	,"	",,,Fulfillment by seller,Kho HN,862071117863,Standard shipping,J&T Express,,b***nh_0,N***** B** K****,(+84)359****86,Việt Nam,Hà Nội,Phường Hoàng Mai,****************,************************************************,,Cash on delivery,0.5,"Loofahs, Sponges, & Poufs",1203026751205966863	,,Unchecked,,Videos,man.trung.737
584950208115344399	,Shipped,Delivered,,Normal,1732251749141219548	,ST01172,"Sữa Tắm Pháp Le Petit Marseillais Cho Nam Chiết Xuất Thiên Nhiên 4in1 Nhiều Mùi Hương Dưỡng Ẩm, Thơm Lâu - Phù Hợp Mọi Loại Da (250ml)","Hương Gỗ Tuyết Tùng & Dương Xỉ, Standard",1,0,269000,269000,25000,80000,164000,0,15800,0,15800,,0,164000,,10/07/2026 08:57:30	,11/07/2026 11:55:04	,10/07/2026 09:33:24	,10/07/2026 10:50:11	,11/07/2026 11:55:04	,"	",,,Fulfillment by seller,Kho HN,862071117863,Standard shipping,J&T Express,,b***nh_0,N***** B** K****,(+84)359****86,Việt Nam,Hà Nội,Phường Hoàng Mai,****************,************************************************,,Cash on delivery,0.5,Bath & Shower,1203026751205966863	,,Unchecked,,Videos,man.trung.737
584949400438408942	,Shipped,Completed,,Normal,1731317148230255836	,BONG TAM HQ,[Quà tặng không bán] Bông Tắm Tạo Bọt Mềm Mịn,Mặc định,1,0,0,0,0,0,0,0,15800,0,15800,,0,160650,,10/07/2026 07:53:17	,11/07/2026 16:11:33	,10/07/2026 09:33:24	,10/07/2026 09:52:56	,11/07/2026 16:11:33	,"	",,,Fulfillment by seller,Kho HCMC,862006907923,Standard shipping,J&T Express,,s***hichansam,N***** v** H**,(+84)387****75,Việt Nam,Hồ Chí Minh,Phường Long Hương,*****************,*******************,*************************,Cash on delivery,0.5,"Loofahs, Sponges, & Poufs",1203017683367659246	,,Unchecked,,Product cards,
584949400438408942	,Shipped,Delivered,,Normal,1732251749141219548	,ST01172,"Sữa Tắm Pháp Le Petit Marseillais Cho Nam Chiết Xuất Thiên Nhiên 4in1 Nhiều Mùi Hương Dưỡng Ẩm, Thơm Lâu - Phù Hợp Mọi Loại Da (250ml)","Hương Gỗ Tuyết Tùng & Dương Xỉ, Standard",1,0,269000,269000,28350,80000,160650,0,15800,0,15800,,0,160650,,10/07/2026 07:53:17	,11/07/2026 16:11:33	,10/07/2026 09:33:24	,10/07/2026 09:52:56	,11/07/2026 16:11:33	,"	",,,Fulfillment by seller,Kho HCMC,862006907923,Standard shipping,J&T Express,,s***hichansam,N***** v** H**,(+84)387****75,Việt Nam,Hồ Chí Minh,Phường Long Hương,*****************,*******************,*************************,Cash on delivery,0.5,Bath & Shower,1203017683367659246	,,Unchecked,,Product cards,
584949372815050334	,Shipped,Delivered,,Normal,1732251749141219548	,ST01172,"Sữa Tắm Pháp Le Petit Marseillais Cho Nam Chiết Xuất Thiên Nhiên 4in1 Nhiều Mùi Hương Dưỡng Ẩm, Thơm Lâu - Phù Hợp Mọi Loại Da (250ml)","Hương Gỗ Tuyết Tùng & Dương Xỉ, Standard",1,0,269000,269000,0,80000,189000,0,15800,0,15800,,0,189000,,10/07/2026 07:49:50	,11/07/2026 22:45:50	,10/07/2026 09:33:24	,10/07/2026 10:50:11	,11/07/2026 22:45:50	,"	",,,Fulfillment by seller,Kho HN,862011707863,Standard shipping,J&T Express,,x***thuy202,T***,(+84)090*****14,Việt Nam,Hà Nội,Hà Đông,*********,**********************************,,Cash on delivery,0.5,Bath & Shower,1203017626198312542	,,Unchecked,,Videos,duongmanhkien19
584949372815050334	,Shipped,Completed,,Normal,1731317148230255836	,BONG TAM HQ,[Quà tặng không bán] Bông Tắm Tạo Bọt Mềm Mịn,Mặc định,1,0,0,0,0,0,0,0,15800,0,15800,,0,189000,,10/07/2026 07:49:50	,11/07/2026 22:45:50	,10/07/2026 09:33:24	,10/07/2026 10:50:11	,11/07/2026 22:45:50	,"	",,,Fulfillment by seller,Kho HN,862011707863,Standard shipping,J&T Express,,x***thuy202,T***,(+84)090*****14,Việt Nam,Hà Nội,Hà Đông,*********,**********************************,,Cash on delivery,0.5,"Loofahs, Sponges, & Poufs",1203017626198312542	,,Unchecked,,Videos,duongmanhkien19
584948980818806216	,Shipped,In transit,,Normal,1731317148230255836	,BONG TAM HQ,[Quà tặng không bán] Bông Tắm Tạo Bọt Mềm Mịn,Mặc định,1,0,0,0,0,0,0,0,15800,0,15800,,0,189000,,10/07/2026 07:09:52	,"	",10/07/2026 07:36:26	,10/07/2026 10:50:11	,"	","	",,,Fulfillment by seller,Kho HN,862078756413,Standard shipping,J&T Express,,n***it89,N***** h*** n**,(+84)985****89,Việt Nam,Thành phố Hà Nội,Từ Liêm,******,*****************************,,Cash on delivery,0.5,"Loofahs, Sponges, & Poufs",1203013217070384584	,,Unchecked,,Videos,man.trung.737
584948980818806216	,Shipped,In transit,,Normal,1732251749141219548	,ST01172,"Sữa Tắm Pháp Le Petit Marseillais Cho Nam Chiết Xuất Thiên Nhiên 4in1 Nhiều Mùi Hương Dưỡng Ẩm, Thơm Lâu - Phù Hợp Mọi Loại Da (250ml)","Hương Gỗ Tuyết Tùng & Dương Xỉ, Standard",1,0,269000,269000,0,80000,189000,0,15800,0,15800,,0,189000,,10/07/2026 07:09:52	,"	",10/07/2026 07:36:26	,10/07/2026 10:50:11	,"	","	",,,Fulfillment by seller,Kho HN,862078756413,Standard shipping,J&T Express,,n***it89,N***** h*** n**,(+84)985****89,Việt Nam,Thành phố Hà Nội,Từ Liêm,******,*****************************,,Cash on delivery,0.5,Bath & Shower,1203013217070384584	,,Unchecked,,Videos,man.trung.737
584948817185506961	,Shipped,Completed,,Normal,1731317148230255836	,BONG TAM HQ,[Quà tặng không bán] Bông Tắm Tạo Bọt Mềm Mịn,Mặc định,1,0,0,0,0,0,0,0,15800,0,15800,,0,205000,,10/07/2026 06:56:35	,10/07/2026 06:56:48	,10/07/2026 07:36:27	,10/07/2026 09:52:49	,11/07/2026 08:51:54	,"	",,,Fulfillment by seller,Kho HCMC,862023476453,Standard shipping,J&T Express,,c***gngo492,M** k*,(+84)093*****60,Việt Nam,Thành phố Hồ Chí Minh,Quận 8,********,**********************,***********************************,MoMo E-Wallet,0.5,"Loofahs, Sponges, & Poufs",1203012541100557969	,,Unchecked,,Videos,man.trung.737
584948817185506961	,Shipped,Delivered,,Normal,1732251749141219548	,ST01172,"Sữa Tắm Pháp Le Petit Marseillais Cho Nam Chiết Xuất Thiên Nhiên 4in1 Nhiều Mùi Hương Dưỡng Ẩm, Thơm Lâu - Phù Hợp Mọi Loại Da (250ml)","Hương Gỗ Tuyết Tùng & Dương Xỉ, Standard",1,0,269000,269000,0,64000,205000,0,15800,0,15800,,0,205000,,10/07/2026 06:56:35	,10/07/2026 06:56:48	,10/07/2026 07:36:27	,10/07/2026 09:52:49	,11/07/2026 08:51:54	,"	",,,Fulfillment by seller,Kho HCMC,862023476453,Standard shipping,J&T Express,,c***gngo492,M** k*,(+84)093*****60,Việt Nam,Thành phố Hồ Chí Minh,Quận 8,********,**********************,***********************************,MoMo E-Wallet,0.5,Bath & Shower,1203012541100557969	,,Unchecked,,Videos,man.trung.737
584948802377581981	,Shipped,Completed,,Normal,1731317148230255836	,BONG TAM HQ,[Quà tặng không bán] Bông Tắm Tạo Bọt Mềm Mịn,Mặc định,1,0,0,0,0,0,0,39400,39400,0,0,,0,433400,,10/07/2026 06:54:15	,11/07/2026 11:27:42	,10/07/2026 07:36:27	,10/07/2026 10:50:11	,11/07/2026 11:27:42	,"	",,,Fulfillment by seller,Kho HN,862087606453,Standard shipping,J&T Express,,a***v1635,A** V*,(+84)966****33,Việt Nam,Hà Nam,Kim Bảng,*********,**********,************************************************,Cash on delivery,0.5,"Loofahs, Sponges, & Poufs",1203012052878067101	,,Unchecked,,Product cards,
584948802377581981	,Shipped,Delivered,,Normal,1735772370156553436	,ST01902,Sữa Tắm Le Petit Marseillais Thông & Bạch Đàn Biển 92% Tự Nhiên 650ml,Mặc định,1,0,499000,499000,0,105000,394000,39400,39400,0,0,,0,433400,,10/07/2026 06:54:15	,11/07/2026 11:27:42	,10/07/2026 07:36:27	,10/07/2026 10:50:11	,11/07/2026 11:27:42	,"	",,,Fulfillment by seller,Kho HN,862087606453,Standard shipping,J&T Express,,a***v1635,A** V*,(+84)966****33,Việt Nam,Hà Nam,Kim Bảng,*********,**********,************************************************,Cash on delivery,0.75,Bath & Shower,1203012052878067101	,,Unchecked,,Product cards,
584948705595459108	,Shipped,Delivered,,Normal,1732251749141219548	,ST01172,"Sữa Tắm Pháp Le Petit Marseillais Cho Nam Chiết Xuất Thiên Nhiên 4in1 Nhiều Mùi Hương Dưỡng Ẩm, Thơm Lâu - Phù Hợp Mọi Loại Da (250ml)","Hương Gỗ Tuyết Tùng & Dương Xỉ, Standard",1,0,269000,269000,0,80000,189000,0,20900,0,20900,,0,189000,,10/07/2026 06:44:39	,11/07/2026 09:39:26	,10/07/2026 07:36:27	,10/07/2026 09:52:49	,11/07/2026 09:39:26	,"	",,,Fulfillment by seller,Kho HCMC,862063116453,Standard shipping,J&T Express,,t***.tran3034,T*** T***,(+84)079*****01,Việt Nam,Hồ Chí Minh,Nhà Bè,**********,********,,Cash on delivery,0.5,Bath & Shower,1203011614581163556	,,Unchecked,,Videos,xanh.duong97
584948705595459108	,Shipped,Completed,,Normal,1731317148230255836	,BONG TAM HQ,[Quà tặng không bán] Bông Tắm Tạo Bọt Mềm Mịn,Mặc định,1,0,0,0,0,0,0,0,20900,0,20900,,0,189000,,10/07/2026 06:44:39	,11/07/2026 09:39:26	,10/07/2026 07:36:27	,10/07/2026 09:52:49	,11/07/2026 09:39:26	,"	",,,Fulfillment by seller,Kho HCMC,862063116453,Standard shipping,J&T Express,,t***.tran3034,T*** T***,(+84)079*****01,Việt Nam,Hồ Chí Minh,Nhà Bè,**********,********,,Cash on delivery,0.5,"Loofahs, Sponges, & Poufs",1203011614581163556	,,Unchecked,,Videos,xanh.duong97
584948190574184053	,Shipped,Delivered,,Normal,1732251749141219548	,ST01172,"Sữa Tắm Pháp Le Petit Marseillais Cho Nam Chiết Xuất Thiên Nhiên 4in1 Nhiều Mùi Hương Dưỡng Ẩm, Thơm Lâu - Phù Hợp Mọi Loại Da (250ml)","Hương Gỗ Tuyết Tùng & Dương Xỉ, Standard",1,0,269000,269000,0,80000,189000,0,29700,0,29700,,0,189000,,10/07/2026 05:36:22	,11/07/2026 21:46:07	,10/07/2026 07:36:26	,10/07/2026 10:50:11	,11/07/2026 21:46:07	,"	",,,Fulfillment by seller,Kho HN,862003476453,Standard shipping,J&T Express,,d***trang.long,A** t**,(+84)986****59,Việt Nam,Hải Phòng,Phường Gia Viên,***************,*****************,************,Cash on delivery,0.5,Bath & Shower,1203008062701536885	,,Unchecked,,Videos,duongmanhkien19
584948190574184053	,Shipped,Completed,,Normal,1731317148230255836	,BONG TAM HQ,[Quà tặng không bán] Bông Tắm Tạo Bọt Mềm Mịn,Mặc định,1,0,0,0,0,0,0,0,29700,0,29700,,0,189000,,10/07/2026 05:36:22	,11/07/2026 21:46:07	,10/07/2026 07:36:26	,10/07/2026 10:50:11	,11/07/2026 21:46:07	,"	",,,Fulfillment by seller,Kho HN,862003476453,Standard shipping,J&T Express,,d***trang.long,A** t**,(+84)986****59,Việt Nam,Hải Phòng,Phường Gia Viên,***************,*****************,************,Cash on delivery,0.5,"Loofahs, Sponges, & Poufs",1203008062701536885	,,Unchecked,,Videos,duongmanhkien19
584947423874221981	,Shipped,In transit,,Normal,1732250801269278940	,ST39109,"Sữa Tắm/Gel Tắm Pháp Le Petit Marseillais Chiết Xuất Thiên Nhiên 650ml - Sữa Tắm Lưu Hương Lành Tính - Dịu Nhẹ, An Toàn Cho Da","Hoa Cam, Standard",1,0,499000,499000,6730,110000,382270,0,18200,0,18200,,0,568000,,10/07/2026 02:28:00	,"	",10/07/2026 07:36:26	,10/07/2026 09:52:49	,"	","	",,,Fulfillment by seller,Kho HCMC,862026886453,Standard shipping,J&T Express,,c***1fl0w3rjinx,C**************,(+84)356****51,Việt Nam,Hồ Chí Minh,Quận 1,********,***************,,Cash on delivery,1,Bath & Shower,1203002799676884893	,,Unchecked,,Product cards,
584947423874221981	,Shipped,In transit,,Normal,1732251749141285084	,ST04371,"Sữa Tắm Pháp Le Petit Marseillais Cho Nam Chiết Xuất Thiên Nhiên 4in1 Nhiều Mùi Hương Dưỡng Ẩm, Thơm Lâu - Phù Hợp Mọi Loại Da (250ml)","Hương Gừng & Gỗ Bách, Standard",1,0,269000,269000,3270,80000,185730,0,18200,0,18200,,0,568000,,10/07/2026 02:28:00	,"	",10/07/2026 07:36:26	,10/07/2026 09:52:49	,"	","	",,,Fulfillment by seller,Kho HCMC,862026886453,Standard shipping,J&T Express,,c***1fl0w3rjinx,C**************,(+84)356****51,Việt Nam,Hồ Chí Minh,Quận 1,********,***************,,Cash on delivery,0.5,Bath & Shower,1203002799676884893	,,Unchecked,,Product cards,
584947423874221981	,Shipped,In transit,,Normal,1731317148230255836	,BONG TAM HQ,[Quà tặng không bán] Bông Tắm Tạo Bọt Mềm Mịn,Mặc định,2,0,0,0,0,0,0,0,18200,0,18200,,0,568000,,10/07/2026 02:28:00	,"	",10/07/2026 07:36:26	,10/07/2026 09:52:49	,"	","	",,,Fulfillment by seller,Kho HCMC,862026886453,Standard shipping,J&T Express,,c***1fl0w3rjinx,C**************,(+84)356****51,Việt Nam,Hồ Chí Minh,Quận 1,********,***************,,Cash on delivery,1,"Loofahs, Sponges, & Poufs",1203002799676884893	,,Unchecked,,Product cards,
584947386094879805	,Shipped,Completed,,Normal,1731317148230255836	,BONG TAM HQ,[Quà tặng không bán] Bông Tắm Tạo Bọt Mềm Mịn,Mặc định,1,0,0,0,0,0,0,0,35100,0,35100,,0,160650,,10/07/2026 02:20:10	,11/07/2026 10:50:56	,10/07/2026 07:36:26	,10/07/2026 09:55:03	,11/07/2026 10:50:56	,"	",,,Fulfillment by seller,Kho HCMC,862062806453,Standard shipping,J&T Express,,s***rang,S* p**,(+84)707****34,Việt Nam,Tây Ninh,Xã Bến Lức,**********,***************************,*************************************,Cash on delivery,0.5,"Loofahs, Sponges, & Poufs",1203002504682505277	,,Unchecked,,Videos,man.trung.737
584947386094879805	,Shipped,Delivered,,Normal,1732251749141154012	,ST01356,"Sữa Tắm Pháp Le Petit Marseillais Cho Nam Chiết Xuất Thiên Nhiên 4in1 Nhiều Mùi Hương Dưỡng Ẩm, Thơm Lâu - Phù Hợp Mọi Loại Da (250ml)","Hương Thông & Bạch Đàn Biển, Standard",1,0,269000,269000,28350,80000,160650,0,35100,0,35100,,0,160650,,10/07/2026 02:20:10	,11/07/2026 10:50:56	,10/07/2026 07:36:26	,10/07/2026 09:55:03	,11/07/2026 10:50:56	,"	",,,Fulfillment by seller,Kho HCMC,862062806453,Standard shipping,J&T Express,,s***rang,S* p**,(+84)707****34,Việt Nam,Tây Ninh,Xã Bến Lức,**********,***************************,*************************************,Cash on delivery,0.5,Bath & Shower,1203002504682505277	,,Unchecked,,Videos,man.trung.737
584947199512904778	,Shipped,Delivered,,Normal,1735734212754506972	,ST01902,"[KOL huynhdangthong x LPM] Sữa Tắm/Gel Tắm Pháp Le Petit Marseillais Chiết Xuất Thiên Nhiên 650ml - Sữa Tắm Lưu Hương Lành Tính - Dịu Nhẹ, An Toàn Cho Da","Thông & Bạch Đàn Biển, Standard",1,0,499000,499000,0,110000,389000,0,35100,0,35100,,0,389000,,10/07/2026 01:38:35	,11/07/2026 14:20:41	,10/07/2026 07:36:26	,10/07/2026 09:52:49	,11/07/2026 14:20:41	,"	",,,Fulfillment by seller,Kho HCMC,862099156413,Standard shipping,J&T Express,,d***lcao,C** T**** H**,(+84)772****95,Việt Nam,Bến Tre,Bình Đại,*********,********,,Cash on delivery,1,Bath & Shower,1203001396983202890	,,Unchecked,,Product cards,
584947082676241688	,Shipped,Completed,,Normal,1731317148230255836	,BONG TAM HQ,[Quà tặng không bán] Bông Tắm Tạo Bọt Mềm Mịn,Mặc định,1,0,0,0,0,0,0,0,20900,0,20900,,0,189000,,10/07/2026 01:19:42	,11/07/2026 10:58:22	,10/07/2026 07:36:27	,10/07/2026 10:50:11	,11/07/2026 10:58:22	,"	",,,Fulfillment by seller,Kho HN,862010236423,Standard shipping,J&T Express,,n***_20066,T** N*****,(+84)086*****60,Việt Nam,Hà Nội,Xã Chuyên Mỹ,************,*********************************************,,Cash on delivery,0.5,"Loofahs, Sponges, & Poufs",1203000852258850072	,,Unchecked,,Videos,ahau.phuongthao
584947082676241688	,Shipped,Delivered,,Normal,1732250914984986844	,ST99622,"Sữa Tắm/Gel Tắm Pháp Le Petit Marseillais Thiên Nhiên 250ml - Sữa Tắm Lưu Hương Lành Tính - Dịu Nhẹ, An Toàn Cho Da","Xoài & Chanh Dây, Standard",1,0,269000,269000,0,80000,189000,0,20900,0,20900,,0,189000,,10/07/2026 01:19:42	,11/07/2026 10:58:22	,10/07/2026 07:36:27	,10/07/2026 10:50:11	,11/07/2026 10:58:22	,"	",,,Fulfillment by seller,Kho HN,862010236423,Standard shipping,J&T Express,,n***_20066,T** N*****,(+84)086*****60,Việt Nam,Hà Nội,Xã Chuyên Mỹ,************,*********************************************,,Cash on delivery,0.5,Bath & Shower,1203000852258850072	,,Unchecked,,Videos,ahau.phuongthao
584947075808986812	,Shipped,Delivered,,Normal,1735912571878606044	,ST01356 + ST01172,Combo 2 Sữa Tắm Nam Le Petit Marseillais 4in1 Cho Tóc Mặt Râu Toàn Thân 250ml,"Thông Biển & Bạch Đàn, Gỗ Tuyết Tùng Và Dương Xỉ",1,0,538000,538000,56700,160000,321300,0,47600,0,47600,,0,321300,,10/07/2026 01:14:47	,11/07/2026 12:22:26	,10/07/2026 07:36:26	,10/07/2026 09:52:49	,11/07/2026 12:22:26	,"	",,,Fulfillment by seller,Kho HCMC,862098396413,Standard shipping,J&T Express,,3***4125449,T****,(+84)035*****43,Việt Nam,Tỉnh Bình Thuận,Tuy Phong,********,**********,,Cash on delivery,0.6,Bath & Body Care,1203000600393320124	,,Unchecked,,Product cards,
584947075808986812	,Shipped,Completed,,Normal,1734496577198523612	,1 BÁNH-XP,Xà Phòng Le Petit Marseillais Chính Hãng Bánh Xà Phòng Tắm Thiên Nhiên (Ngẫu nhiên)  1 Bánh,Mặc định,1,0,0,0,0,0,0,0,47600,0,47600,,0,321300,,10/07/2026 01:14:47	,11/07/2026 12:22:26	,10/07/2026 07:36:26	,10/07/2026 09:52:49	,11/07/2026 12:22:26	,"	",,,Fulfillment by seller,Kho HCMC,862098396413,Standard shipping,J&T Express,,3***4125449,T****,(+84)035*****43,Việt Nam,Tỉnh Bình Thuận,Tuy Phong,********,**********,,Cash on delivery,0.1,Bath & Shower,1203000600393320124	,,Unchecked,,Product cards,
584946760338867885	,Shipped,Completed,,Normal,1731317148230255836	,BONG TAM HQ,[Quà tặng không bán] Bông Tắm Tạo Bọt Mềm Mịn,Mặc định,1,0,0,0,0,0,0,47600,47600,0,0,,0,252600,,10/07/2026 00:30:02	,12/07/2026 12:06:29	,10/07/2026 07:36:26	,10/07/2026 10:50:11	,12/07/2026 12:06:29	,"	",,,Fulfillment by seller,Kho HN,862006886453,Standard shipping,J&T Express,,j***0258,H**** m*** g****,(+84)081*****77,Việt Nam,Quảng Trị,Xã Tân Mỹ,*********,**************,,Cash on delivery,0.5,"Loofahs, Sponges, & Poufs",1202998777914558125	,,Unchecked,,Product cards,
584946760338867885	,Shipped,Delivered,,Normal,1732251749141154012	,ST01356,"Sữa Tắm Pháp Le Petit Marseillais Cho Nam Chiết Xuất Thiên Nhiên 4in1 Nhiều Mùi Hương Dưỡng Ẩm, Thơm Lâu - Phù Hợp Mọi Loại Da (250ml)","Hương Thông & Bạch Đàn Biển, Standard",1,0,269000,269000,0,64000,205000,47600,47600,0,0,,0,252600,,10/07/2026 00:30:02	,12/07/2026 12:06:29	,10/07/2026 07:36:26	,10/07/2026 10:50:11	,12/07/2026 12:06:29	,"	",,,Fulfillment by seller,Kho HN,862006886453,Standard shipping,J&T Express,,j***0258,H**** m*** g****,(+84)081*****77,Việt Nam,Quảng Trị,Xã Tân Mỹ,*********,**************,,Cash on delivery,0.5,Bath & Shower,1202998777914558125	,,Unchecked,,Product cards,
584946778297829119	,Shipped,In transit,,Normal,1731317148230255836	,BONG TAM HQ,[Quà tặng không bán] Bông Tắm Tạo Bọt Mềm Mịn,Mặc định,1,0,0,0,0,0,0,0,15800,0,15800,,0,160650,,10/07/2026 00:29:22	,"	",10/07/2026 07:36:26	,10/07/2026 09:52:49	,"	","	",,,Fulfillment by seller,Kho HCMC,862019166413,Standard shipping,J&T Express,,h***ong9724,H** P*** ,(+84)037*****14,Việt Nam,Hồ Chí Minh,Quận 3,********,***********,,Cash on delivery,0.5,"Loofahs, Sponges, & Poufs",1202999149243893503	,,Unchecked,,Product cards,
584946778297829119	,Shipped,In transit,,Normal,1732251749141219548	,ST01172,"Sữa Tắm Pháp Le Petit Marseillais Cho Nam Chiết Xuất Thiên Nhiên 4in1 Nhiều Mùi Hương Dưỡng Ẩm, Thơm Lâu - Phù Hợp Mọi Loại Da (250ml)","Hương Gỗ Tuyết Tùng & Dương Xỉ, Standard",1,0,269000,269000,28350,80000,160650,0,15800,0,15800,,0,160650,,10/07/2026 00:29:22	,"	",10/07/2026 07:36:26	,10/07/2026 09:52:49	,"	","	",,,Fulfillment by seller,Kho HCMC,862019166413,Standard shipping,J&T Express,,h***ong9724,H** P*** ,(+84)037*****14,Việt Nam,Hồ Chí Minh,Quận 3,********,***********,,Cash on delivery,0.5,Bath & Shower,1202999149243893503	,,Unchecked,,Product cards,
584946747663681330	,Shipped,In transit,,Normal,1731317148230255836	,BONG TAM HQ,[Quà tặng không bán] Bông Tắm Tạo Bọt Mềm Mịn,Mặc định,1,0,0,0,0,0,0,0,29700,0,29700,,0,189000,,10/07/2026 00:26:52	,"	",10/07/2026 07:36:26	,10/07/2026 09:52:49	,"	","	",,,Fulfillment by seller,Kho HCMC,862062146453,Standard shipping,J&T Express,,t***nkim.0602,N** t** k** t****,(+84)919****01,Việt Nam,Đồng Nai,Biên Hòa,********,********,*************************,Cash on delivery,0.5,"Loofahs, Sponges, & Poufs",1202999226362201906	,,Unchecked,,Videos,ahau.phuongthao
584946747663681330	,Shipped,In transit,,Normal,1732250914985052380	,ST48441,"Sữa Tắm/Gel Tắm Pháp Le Petit Marseillais Thiên Nhiên 250ml - Sữa Tắm Lưu Hương Lành Tính - Dịu Nhẹ, An Toàn Cho Da","Quả Mâm Xôi & Hoa Mẫu Đơn, Standard",1,0,269000,269000,0,80000,189000,0,29700,0,29700,,0,189000,,10/07/2026 00:26:52	,"	",10/07/2026 07:36:26	,10/07/2026 09:52:49	,"	","	",,,Fulfillment by seller,Kho HCMC,862062146453,Standard shipping,J&T Express,,t***nkim.0602,N** t** k** t****,(+84)919****01,Việt Nam,Đồng Nai,Biên Hòa,********,********,*************************,Cash on delivery,0.5,Bath & Shower,1202999226362201906	,,Unchecked,,Videos,ahau.phuongthao
584946383203894689	,Shipped,Completed,,Normal,1731317148230255836	,BONG TAM HQ,[Quà tặng không bán] Bông Tắm Tạo Bọt Mềm Mịn,Mặc định,1,0,0,0,0,0,0,0,29700,0,29700,,0,179550,,09/07/2026 23:48:08	,09/07/2026 23:48:09	,10/07/2026 07:36:27	,10/07/2026 10:50:11	,12/07/2026 10:42:52	,"	",,,Fulfillment by seller,Kho HN,862004606453,Standard shipping,J&T Express,,u***75932799108030,T*** N*****,(+84)386****68,Việt Nam,Cao Bằng,Phường Thục Phán,****************,****,,TikTok Shop Balance,0.5,"Loofahs, Sponges, & Poufs",1202996972041373089	,,Unchecked,,Product cards,
584946383203894689	,Shipped,Delivered,,Normal,1732250914985052380	,ST48441,"Sữa Tắm/Gel Tắm Pháp Le Petit Marseillais Thiên Nhiên 250ml - Sữa Tắm Lưu Hương Lành Tính - Dịu Nhẹ, An Toàn Cho Da","Quả Mâm Xôi & Hoa Mẫu Đơn, Standard",1,0,269000,269000,9450,80000,179550,0,29700,0,29700,,0,179550,,09/07/2026 23:48:08	,09/07/2026 23:48:09	,10/07/2026 07:36:27	,10/07/2026 10:50:11	,12/07/2026 10:42:52	,"	",,,Fulfillment by seller,Kho HN,862004606453,Standard shipping,J&T Express,,u***75932799108030,T*** N*****,(+84)386****68,Việt Nam,Cao Bằng,Phường Thục Phán,****************,****,,TikTok Shop Balance,0.5,Bath & Shower,1202996972041373089	,,Unchecked,,Product cards,
584946321531307425	,Canceled,Canceled,Cancel,Normal,1731317148230255836	,BONG TAM HQ,[Quà tặng không bán] Bông Tắm Tạo Bọt Mềm Mịn,Mặc định,1,1,0,0,0,0,0,0,29700,0,29700,,0,179550,0,09/07/2026 23:39:46	,"	","	","	","	",09/07/2026 23:46:51	,User,No longer needed,Fulfillment by seller,Kho HN,,Standard shipping,,,u***75932799108030,T*** N*****,(+84)386****68,Việt Nam,Cao Bằng,Phường Thục Phán,****************,****,,Cash on delivery,0.5,"Loofahs, Sponges, & Poufs",1202996844038686113	,,Unchecked,,Videos,cm.nhung.daily
584946321531307425	,Canceled,Canceled,Cancel,Normal,1732250914985052380	,ST48441,"Sữa Tắm/Gel Tắm Pháp Le Petit Marseillais Thiên Nhiên 250ml - Sữa Tắm Lưu Hương Lành Tính - Dịu Nhẹ, An Toàn Cho Da","Quả Mâm Xôi & Hoa Mẫu Đơn, Standard",1,1,269000,269000,9450,80000,179550,0,29700,0,29700,,0,179550,179550,09/07/2026 23:39:46	,"	","	","	","	",09/07/2026 23:46:51	,User,No longer needed,Fulfillment by seller,Kho HN,,Standard shipping,,,u***75932799108030,T*** N*****,(+84)386****68,Việt Nam,Cao Bằng,Phường Thục Phán,****************,****,,Cash on delivery,0.5,Bath & Shower,1202996844038686113	,,Unchecked,,Videos,cm.nhung.daily
584946341830493739	,Shipped,Completed,,Normal,1731317148230255836	,BONG TAM HQ,[Quà tặng không bán] Bông Tắm Tạo Bọt Mềm Mịn,Mặc định,1,0,0,0,0,0,0,0,39400,0,39400,,0,315200,,09/07/2026 23:37:01	,11/07/2026 11:11:43	,10/07/2026 07:36:27	,10/07/2026 09:52:49	,11/07/2026 11:11:43	,"	",,,Fulfillment by seller,Kho HCMC,862022356453,Standard shipping,J&T Express,,t***doan28,N***** N*** T*** Đ***,(+84)076*****60,Việt Nam,Tinh Long An,Cần Đước,*******,*******************************************************,********************,Cash on delivery,0.5,"Loofahs, Sponges, & Poufs",1202996689617782315	,,Unchecked,,Product cards,
584946341830493739	,Shipped,Delivered,,Normal,1732250801269475548	,ST00809,"Sữa Tắm/Gel Tắm Pháp Le Petit Marseillais Chiết Xuất Thiên Nhiên 650ml - Sữa Tắm Lưu Hương Lành Tính - Dịu Nhẹ, An Toàn Cho Da","Quả Mơ & Hạt Phỉ, Standard",1,0,499000,499000,78800,105000,315200,0,39400,0,39400,,0,315200,,09/07/2026 23:37:01	,11/07/2026 11:11:43	,10/07/2026 07:36:27	,10/07/2026 09:52:49	,11/07/2026 11:11:43	,"	",,,Fulfillment by seller,Kho HCMC,862022356453,Standard shipping,J&T Express,,t***doan28,N***** N*** T*** Đ***,(+84)076*****60,Việt Nam,Tinh Long An,Cần Đước,*******,*******************************************************,********************,Cash on delivery,1,Bath & Shower,1202996689617782315	,,Unchecked,,Product cards,
584945547717609198	,Canceled,Canceled,Cancel,Normal,1732251749141219548	,ST01172,"Sữa Tắm Pháp Le Petit Marseillais Cho Nam Chiết Xuất Thiên Nhiên 4in1 Nhiều Mùi Hương Dưỡng Ẩm, Thơm Lâu - Phù Hợp Mọi Loại Da (250ml)","Hương Gỗ Tuyết Tùng & Dương Xỉ, Standard",1,1,269000,269000,0,80000,189000,0,15800,0,15800,,0,189000,189000,09/07/2026 22:36:26	,"	",10/07/2026 07:36:26	,"	","	",10/07/2026 07:53:41	,User,Need to change shipping address,Fulfillment by seller,Kho HCMC,862043296453,Standard shipping,J&T Express,,s***hichansam,N***** v** H**,(+84)387****75,Việt Nam,Hồ Chí Minh,Phường Long Hương,*****************,*******************,*************************,Cash on delivery,0.5,Bath & Shower,1202993930510567150	,,Unchecked,,Videos,thanhtai.197
584945547717609198	,Canceled,Canceled,Cancel,Normal,1731317148230255836	,BONG TAM HQ,[Quà tặng không bán] Bông Tắm Tạo Bọt Mềm Mịn,Mặc định,1,1,0,0,0,0,0,0,15800,0,15800,,0,189000,0,09/07/2026 22:36:26	,"	",10/07/2026 07:36:26	,"	","	",10/07/2026 07:53:41	,User,Need to change shipping address,Fulfillment by seller,Kho HCMC,862043296453,Standard shipping,J&T Express,,s***hichansam,N***** v** H**,(+84)387****75,Việt Nam,Hồ Chí Minh,Phường Long Hương,*****************,*******************,*************************,Cash on delivery,0.5,"Loofahs, Sponges, & Poufs",1202993930510567150	,,Unchecked,,Videos,thanhtai.197
584944791549282137	,Shipped,Completed,,Normal,1731317148230255836	,BONG TAM HQ,[Quà tặng không bán] Bông Tắm Tạo Bọt Mềm Mịn,Mặc định,1,0,0,0,0,0,0,0,15800,0,15800,,0,189000,,09/07/2026 21:52:35	,11/07/2026 13:25:57	,10/07/2026 07:36:26	,10/07/2026 09:52:49	,11/07/2026 13:25:57	,"	",,,Fulfillment by seller,Kho HCMC,862082716453,Standard shipping,J&T Express,,a***e.chau,N** C***,(+84)937****68,Vietnam,Ho Chi Minh,An Lac Ward,***********,*******************************,,Cash on delivery,0.5,"Loofahs, Sponges, & Poufs",1202990029069453145	,,Unchecked,,Product cards,
584944791549282137	,Shipped,Delivered,,Normal,1732250914985052380	,ST48441,"Sữa Tắm/Gel Tắm Pháp Le Petit Marseillais Thiên Nhiên 250ml - Sữa Tắm Lưu Hương Lành Tính - Dịu Nhẹ, An Toàn Cho Da","Quả Mâm Xôi & Hoa Mẫu Đơn, Standard",1,0,269000,269000,0,80000,189000,0,15800,0,15800,,0,189000,,09/07/2026 21:52:35	,11/07/2026 13:25:57	,10/07/2026 07:36:26	,10/07/2026 09:52:49	,11/07/2026 13:25:57	,"	",,,Fulfillment by seller,Kho HCMC,862082716453,Standard shipping,J&T Express,,a***e.chau,N** C***,(+84)937****68,Vietnam,Ho Chi Minh,An Lac Ward,***********,*******************************,,Cash on delivery,0.5,Bath & Shower,1202990029069453145	,,Unchecked,,Product cards,
584944686420428316	,Shipped,Delivered,,Normal,1732251749141022940	,ST01431,"Sữa Tắm Pháp Le Petit Marseillais Cho Nam Chiết Xuất Thiên Nhiên 4in1 Nhiều Mùi Hương Dưỡng Ẩm, Thơm Lâu - Phù Hợp Mọi Loại Da (250ml)","Hương Cam & Tinh Dầu Argan, Standard",1,0,269000,269000,0,80000,189000,0,20900,0,20900,,0,189000,,09/07/2026 21:47:34	,11/07/2026 21:24:08	,10/07/2026 07:36:27	,10/07/2026 09:52:49	,11/07/2026 21:24:08	,"	",,,Fulfillment by seller,Kho HCMC,862043116453,Standard shipping,J&T Express,,u***g5p5sv1aau,C** t****,(+84)096*****20,Việt Nam,Bình Dương,Dĩ An,*****,*******************,********,Cash on delivery,0.5,Bath & Shower,1202990102442116636	,,Unchecked,,Videos,xanh.duong97
584944686420428316	,Shipped,Completed,,Normal,1731317148230255836	,BONG TAM HQ,[Quà tặng không bán] Bông Tắm Tạo Bọt Mềm Mịn,Mặc định,1,0,0,0,0,0,0,0,20900,0,20900,,0,189000,,09/07/2026 21:47:34	,11/07/2026 21:24:08	,10/07/2026 07:36:27	,10/07/2026 09:52:49	,11/07/2026 21:24:08	,"	",,,Fulfillment by seller,Kho HCMC,862043116453,Standard shipping,J&T Express,,u***g5p5sv1aau,C** t****,(+84)096*****20,Việt Nam,Bình Dương,Dĩ An,*****,*******************,********,Cash on delivery,0.5,"Loofahs, Sponges, & Poufs",1202990102442116636	,,Unchecked,,Videos,xanh.duong97
584944338636670839	,Shipped,Completed,Cancel,Normal,1731317148230255836	,BONG TAM HQ,[Quà tặng không bán] Bông Tắm Tạo Bọt Mềm Mịn,Mặc định,1,0,0,0,0,0,0,0,18200,0,18200,,0,625320,,09/07/2026 21:23:10	,11/07/2026 21:14:47	,10/07/2026 07:36:27	,10/07/2026 10:50:11	,11/07/2026 21:14:47	,"	",User,Need to change payment method,Fulfillment by seller,Kho HN,862030236423,Standard shipping,J&T Express,,t***gtron2116,T**** n*****,(+84)915****10,Việt Nam,Hà Nội,Hai Bà Trưng,********,*************************,,Cash on delivery,0.5,"Loofahs, Sponges, & Poufs",1202988193602439031	,,Unchecked,,LIVE,lepetitmarseillaisvn
584944338636670839	,Shipped,Delivered,,Normal,1732250801269016796	,ST01288,"Sữa Tắm/Gel Tắm Pháp Le Petit Marseillais Chiết Xuất Thiên Nhiên 650ml - Sữa Tắm Lưu Hương Lành Tính - Dịu Nhẹ, An Toàn Cho Da","Đào Trắng & Quả Xuân Đào, Standard",1,0,499000,499000,74860,105000,319140,0,18200,0,18200,,0,625320,,09/07/2026 21:23:10	,11/07/2026 21:14:47	,10/07/2026 07:36:27	,10/07/2026 10:50:11	,11/07/2026 21:14:47	,"	",,,Fulfillment by seller,Kho HN,862030236423,Standard shipping,J&T Express,,t***gtron2116,T**** n*****,(+84)915****10,Việt Nam,Hà Nội,Hai Bà Trưng,********,*************************,,Cash on delivery,1,Bath & Shower,1202988193602439031	,,Unchecked,,LIVE,lepetitmarseillaisvn
584944338636670839	,Shipped,Completed,Cancel,Normal,1734496577198523612	,1 BÁNH-XP,Xà Phòng Le Petit Marseillais Chính Hãng Bánh Xà Phòng Tắm Thiên Nhiên (Ngẫu nhiên)  1 Bánh,Mặc định,1,0,0,0,0,0,0,0,18200,0,18200,,0,625320,,09/07/2026 21:23:10	,11/07/2026 21:14:47	,10/07/2026 07:36:27	,10/07/2026 10:50:11	,11/07/2026 21:14:47	,"	",User,Need to change payment method,Fulfillment by seller,Kho HN,862030236423,Standard shipping,J&T Express,,t***gtron2116,T**** n*****,(+84)915****10,Việt Nam,Hà Nội,Hai Bà Trưng,********,*************************,,Cash on delivery,0.1,Bath & Shower,1202988193602439031	,,Unchecked,,LIVE,lepetitmarseillaisvn
584944338636670839	,Shipped,Delivered,,Normal,1735912571877950684	,ST01172 x 2,Combo 2 Sữa Tắm Nam Le Petit Marseillais 4in1 Cho Tóc Mặt Râu Toàn Thân 250ml,"Gỗ Tuyết Tùng Và Dương Xỉ, Gỗ Tuyết Tùng Và Dương Xỉ",1,0,538000,538000,71820,160000,306180,0,18200,0,18200,,0,625320,,09/07/2026 21:23:10	,11/07/2026 21:14:47	,10/07/2026 07:36:27	,10/07/2026 10:50:11	,11/07/2026 21:14:47	,"	",,,Fulfillment by seller,Kho HN,862030236423,Standard shipping,J&T Express,,t***gtron2116,T**** n*****,(+84)915****10,Việt Nam,Hà Nội,Hai Bà Trưng,********,*************************,,Cash on delivery,0.6,Bath & Body Care,1202988193602439031	,,Unchecked,,LIVE,lepetitmarseillaisvn
584944275397248838	,Shipped,Completed,,Normal,1731317148230255836	,BONG TAM HQ,[Quà tặng không bán] Bông Tắm Tạo Bọt Mềm Mịn,Mặc định,1,0,0,0,0,0,0,0,34000,0,34000,,0,389000,,09/07/2026 21:20:26	,09/07/2026 21:20:30	,10/07/2026 07:36:27	,10/07/2026 09:52:49	,11/07/2026 15:10:07	,"	",,,Fulfillment by seller,Kho HCMC,862061576453,Standard shipping,J&T Express,,.***n_ahn,T*** B*****,(+84)988****39,Việt Nam,Khánh Hòa,Phường Nha Trang,****************,***********************,,Zalopay,0.5,"Loofahs, Sponges, & Poufs",1202987422447208262	,,Unchecked,,LIVE,lepetitmarseillaisvn
584944275397248838	,Shipped,Delivered,,Normal,1732250801268689116	,ST01902,"Sữa Tắm/Gel Tắm Pháp Le Petit Marseillais Chiết Xuất Thiên Nhiên 650ml - Sữa Tắm Lưu Hương Lành Tính - Dịu Nhẹ, An Toàn Cho Da","Thông & Bạch Đàn Biển, Standard",1,0,499000,499000,0,110000,389000,0,34000,0,34000,,0,389000,,09/07/2026 21:20:26	,09/07/2026 21:20:30	,10/07/2026 07:36:27	,10/07/2026 09:52:49	,11/07/2026 15:10:07	,"	",,,Fulfillment by seller,Kho HCMC,862061576453,Standard shipping,J&T Express,,.***n_ahn,T*** B*****,(+84)988****39,Việt Nam,Khánh Hòa,Phường Nha Trang,****************,***********************,,Zalopay,1,Bath & Shower,1202987422447208262	,,Unchecked,,LIVE,lepetitmarseillaisvn
584943799822943603	,Canceled,Canceled,Cancel,Normal,1731906576340388060	,MN75209,"Mặt Nạ Dưỡng Tóc Le Petit Marseillais 4in1 Chiết Xuất Nước Dừa Hữu Cơ, Dưỡng Ẩm, Thơm Lâu - Phù Hợp Mọi Loại Da (300ml)",Mặc định,1,1,529000,529000,109120,33000,386880,0,48100,0,48100,,0,1060020,386880,09/07/2026 20:55:17	,"	","	","	","	",09/07/2026 21:00:54	,User,No longer needed,Fulfillment by seller,Kho HN,,Standard shipping,,,d***hao2,D*******,(+84)363****97,Việt Nam,Ninh Bình,Xã Nam Xang,***********,*******,*************************,Cash on delivery,0.6,Shampoo & Conditioner,1202985901063767411	,,Unchecked,,LIVE,lepetitmarseillaisvn
584943799822943603	,Canceled,Canceled,Cancel,Normal,1732250801268951260	,ST68823,"Sữa Tắm/Gel Tắm Pháp Le Petit Marseillais Chiết Xuất Thiên Nhiên 650ml - Sữa Tắm Lưu Hương Lành Tính - Dịu Nhẹ, An Toàn Cho Da","Hương Xoài & Chanh Dây, Standard",1,1,499000,499000,85580,110000,303420,0,48100,0,48100,,0,1060020,303420,09/07/2026 20:55:17	,"	","	","	","	",09/07/2026 21:00:54	,User,No longer needed,Fulfillment by seller,Kho HN,,Standard shipping,,,d***hao2,D*******,(+84)363****97,Việt Nam,Ninh Bình,Xã Nam Xang,***********,*******,*************************,Cash on delivery,1,Bath & Shower,1202985901063767411	,,Unchecked,,LIVE,lepetitmarseillaisvn
584943799822943603	,Canceled,Canceled,Cancel,Normal,1731317148230255836	,BONG TAM HQ,[Quà tặng không bán] Bông Tắm Tạo Bọt Mềm Mịn,Mặc định,1,1,0,0,0,0,0,0,48100,0,48100,,0,1060020,0,09/07/2026 20:55:17	,"	","	","	","	",09/07/2026 21:00:54	,User,No longer needed,Fulfillment by seller,Kho HN,,Standard shipping,,,d***hao2,D*******,(+84)363****97,Việt Nam,Ninh Bình,Xã Nam Xang,***********,*******,*************************,Cash on delivery,0.5,"Loofahs, Sponges, & Poufs",1202985901063767411	,,Unchecked,,LIVE,lepetitmarseillaisvn
584943799822943603	,Canceled,Canceled,Cancel,Normal,1731895040715688156	,DT02684,"Sữa Dưỡng Thể Le Petit Marseillais Với Chiết Xuất Bơ Hạt Mỡ, Hạnh Nhân Ngọt & Dầu Argan 300ml Dạng Hũ",Mặc định,1,1,499000,499000,104280,25000,369720,0,48100,0,48100,,0,1060020,369720,09/07/2026 20:55:17	,"	","	","	","	",09/07/2026 21:00:54	,User,No longer needed,Fulfillment by seller,Kho HN,,Standard shipping,,,d***hao2,D*******,(+84)363****97,Việt Nam,Ninh Bình,Xã Nam Xang,***********,*******,*************************,Cash on delivery,0.6,Moisturizers & Mists,1202985901063767411	,,Unchecked,,LIVE,lepetitmarseillaisvn
584943373031671750	,Shipped,Completed,,Normal,1731317148230255836	,BONG TAM HQ,[Quà tặng không bán] Bông Tắm Tạo Bọt Mềm Mịn,Mặc định,1,0,0,0,0,0,0,0,39400,0,39400,,0,334900,,09/07/2026 20:28:55	,11/07/2026 13:54:06	,09/07/2026 20:35:55	,10/07/2026 09:52:49	,11/07/2026 13:54:06	,"	",,,Fulfillment by seller,Kho HCMC,862060885393,Standard shipping,J&T Express,,a***tiktoks1tg,b** t**,(+84)966****27,Việt Nam,Cần Thơ,Xã Vị Thủy,**********,****,,Cash on delivery,0.5,"Loofahs, Sponges, & Poufs",1202983590905087942	,,Unchecked,,Product cards,
584943373031671750	,Shipped,Delivered,,Normal,1732250801269475548	,ST00809,"Sữa Tắm/Gel Tắm Pháp Le Petit Marseillais Chiết Xuất Thiên Nhiên 650ml - Sữa Tắm Lưu Hương Lành Tính - Dịu Nhẹ, An Toàn Cho Da","Quả Mơ & Hạt Phỉ, Standard",1,0,499000,499000,59100,105000,334900,0,39400,0,39400,,0,334900,,09/07/2026 20:28:55	,11/07/2026 13:54:06	,09/07/2026 20:35:55	,10/07/2026 09:52:49	,11/07/2026 13:54:06	,"	",,,Fulfillment by seller,Kho HCMC,862060885393,Standard shipping,J&T Express,,a***tiktoks1tg,b** t**,(+84)966****27,Việt Nam,Cần Thơ,Xã Vị Thủy,**********,****,,Cash on delivery,1,Bath & Shower,1202983590905087942	,,Unchecked,,Product cards,
584943321636832337	,Shipped,Delivered,,Normal,1732250801268885724	,ST68816,"Sữa Tắm/Gel Tắm Pháp Le Petit Marseillais Chiết Xuất Thiên Nhiên 650ml - Sữa Tắm Lưu Hương Lành Tính - Dịu Nhẹ, An Toàn Cho Da","Hoa Tiare, Standard",1,0,499000,499000,0,110000,389000,0,34000,0,34000,,0,389000,,09/07/2026 20:28:04	,11/07/2026 22:32:32	,09/07/2026 20:35:55	,10/07/2026 10:50:11	,11/07/2026 22:32:32	,"	",,,Fulfillment by seller,Kho HN,862000085393,Standard shipping,J&T Express,,t***hhaphuong6,H* P*****,(+84)948****86,Việt Nam,Phú Thọ,Việt Trì,**********,*****************************************************************************************,,Cash on delivery,1,Bath & Shower,1202984011439768657	,,Unchecked,,LIVE,lepetitmarseillaisvn
584943321636832337	,Shipped,Completed,,Normal,1731317148230255836	,BONG TAM HQ,[Quà tặng không bán] Bông Tắm Tạo Bọt Mềm Mịn,Mặc định,1,0,0,0,0,0,0,0,34000,0,34000,,0,389000,,09/07/2026 20:28:04	,11/07/2026 22:32:32	,09/07/2026 20:35:55	,10/07/2026 10:50:11	,11/07/2026 22:32:32	,"	",,,Fulfillment by seller,Kho HN,862000085393,Standard shipping,J&T Express,,t***hhaphuong6,H* P*****,(+84)948****86,Việt Nam,Phú Thọ,Việt Trì,**********,*****************************************************************************************,,Cash on delivery,0.5,"Loofahs, Sponges, & Poufs",1202984011439768657	,,Unchecked,,LIVE,lepetitmarseillaisvn
584942877305898341	,Shipped,Delivered,,Normal,1732252943758952668	,DG37429,"Dầu Gội Thiên Nhiên Le Petit Marseillais Nhiều Mùi Hương 250ml Dưỡng Ẩm, Thơm Lâu - Phù Hợp Mọi Loại Da",Cấp Ẩm Chuyên Sâu Từ Nước Dừa,1,0,329000,329000,0,62000,267000,0,26200,0,26200,,0,267000,,09/07/2026 20:01:04	,11/07/2026 18:05:45	,09/07/2026 20:08:30	,10/07/2026 09:52:49	,11/07/2026 18:05:45	,"	",,,Fulfillment by seller,Kho HCMC,862051645303,Standard shipping,J&T Express,,p***nglinhvtb92,L* p***** l***,(+84)091*****75,Việt Nam,An Giang,Phường Châu Đốc,***************,***********************************************************,,Cash on delivery,0.5,Shampoo & Conditioner,1202981317509285221	,,Unchecked,,Product cards,
584942645008631261	,Shipped,Delivered,,Normal,1732252943759018204	,DG74042,"Dầu Gội Thiên Nhiên Le Petit Marseillais Nhiều Mùi Hương 250ml Dưỡng Ẩm, Thơm Lâu - Phù Hợp Mọi Loại Da",Trị Gàu 2 In 1 Tinh Dầu Bạc Hà,1,0,329000,329000,70488,62000,196512,0,14000,0,14000,,0,196512,,09/07/2026 19:48:25	,11/07/2026 12:53:14	,09/07/2026 20:08:30	,10/07/2026 10:50:11	,11/07/2026 12:53:14	,"	",,,Fulfillment by seller,Kho HN,862091815303,Standard shipping,J&T Express,,k***h_mercedesbenz,L** N*** K****,(+84)834****88,Việt Nam,Hà Nội,Phường Yên Hòa,**************,*******************,*******************************************************************************************************************,Cash on delivery,0.5,Shampoo & Conditioner,1202980466441029085	,,Unchecked,,LIVE,lepetitmarseillaisvn
584942500078192531	,Shipped,Completed,,Normal,1731317148230255836	,BONG TAM HQ,[Quà tặng không bán] Bông Tắm Tạo Bọt Mềm Mịn,Mặc định,1,0,0,0,0,0,0,0,20900,0,20900,,0,159000,,09/07/2026 19:35:51	,11/07/2026 13:01:21	,09/07/2026 20:08:30	,10/07/2026 10:50:11	,11/07/2026 13:01:21	,"	",,,Fulfillment by seller,Kho HN,862089375343,Standard shipping,J&T Express,,l***nguyen2493,L*** N*****,(+84)916****68,Việt Nam,Hà Nội,Xã Ô Diên,*********,*******************,******************************************************,Cash on delivery,0.5,"Loofahs, Sponges, & Poufs",1202979307672078227	,,Unchecked,,Videos,duongmanhkien19
584942500078192531	,Shipped,Delivered,,Normal,1732251749141219548	,ST01172,"Sữa Tắm Pháp Le Petit Marseillais Cho Nam Chiết Xuất Thiên Nhiên 4in1 Nhiều Mùi Hương Dưỡng Ẩm, Thơm Lâu - Phù Hợp Mọi Loại Da (250ml)","Hương Gỗ Tuyết Tùng & Dương Xỉ, Standard",1,0,269000,269000,30000,80000,159000,0,20900,0,20900,,0,159000,,09/07/2026 19:35:51	,11/07/2026 13:01:21	,09/07/2026 20:08:30	,10/07/2026 10:50:11	,11/07/2026 13:01:21	,"	",,,Fulfillment by seller,Kho HN,862089375343,Standard shipping,J&T Express,,l***nguyen2493,L*** N*****,(+84)916****68,Việt Nam,Hà Nội,Xã Ô Diên,*********,*******************,******************************************************,Cash on delivery,0.5,Bath & Shower,1202979307672078227	,,Unchecked,,Videos,duongmanhkien19
584942118165775639	,Shipped,Completed,,Normal,1731317148230255836	,BONG TAM HQ,[Quà tặng không bán] Bông Tắm Tạo Bọt Mềm Mịn,Mặc định,1,0,0,0,0,0,0,0,41400,0,41400,,0,160650,,09/07/2026 19:15:32	,11/07/2026 14:12:52	,09/07/2026 20:08:30	,10/07/2026 10:50:11	,11/07/2026 14:12:52	,"	",,,Fulfillment by seller,Kho HN,862019195293,Standard shipping,J&T Express,,0***dj,N***** M*** Q***,(+84)828****36,Việt Nam,Thanh Hóa,Thanh Hóa,*******,*******************************,,Cash on delivery,0.5,"Loofahs, Sponges, & Poufs",1202977813226358039	,,Unchecked,,Product cards,
584942118165775639	,Shipped,Delivered,,Normal,1732251749141154012	,ST01356,"Sữa Tắm Pháp Le Petit Marseillais Cho Nam Chiết Xuất Thiên Nhiên 4in1 Nhiều Mùi Hương Dưỡng Ẩm, Thơm Lâu - Phù Hợp Mọi Loại Da (250ml)","Hương Thông & Bạch Đàn Biển, Standard",1,0,269000,269000,28350,80000,160650,0,41400,0,41400,,0,160650,,09/07/2026 19:15:32	,11/07/2026 14:12:52	,09/07/2026 20:08:30	,10/07/2026 10:50:11	,11/07/2026 14:12:52	,"	",,,Fulfillment by seller,Kho HN,862019195293,Standard shipping,J&T Express,,0***dj,N***** M*** Q***,(+84)828****36,Việt Nam,Thanh Hóa,Thanh Hóa,*******,*******************************,,Cash on delivery,0.5,Bath & Shower,1202977813226358039	,,Unchecked,,Product cards,
584940855002236227	,Shipped,In transit,,Normal,1731317148230255836	,BONG TAM HQ,[Quà tặng không bán] Bông Tắm Tạo Bọt Mềm Mịn,Mặc định,1,0,0,0,0,0,0,0,15800,0,15800,,0,189000,,09/07/2026 17:48:34	,"	",09/07/2026 20:08:30	,10/07/2026 09:52:49	,"	","	",,,Fulfillment by seller,Kho HCMC,862011505303,Standard shipping,J&T Express,,h***.heeee102,H*** H***,(+84)090*****01,Vietnam,Ho Chi Minh,Phuong Khanh Hoi,*********,****************,***********,Cash on delivery,0.5,"Loofahs, Sponges, & Poufs",1202969650674959683	,,Unchecked,,Videos,lepthelittlekid
584940855002236227	,Shipped,In transit,,Normal,1732251749141219548	,ST01172,"Sữa Tắm Pháp Le Petit Marseillais Cho Nam Chiết Xuất Thiên Nhiên 4in1 Nhiều Mùi Hương Dưỡng Ẩm, Thơm Lâu - Phù Hợp Mọi Loại Da (250ml)","Hương Gỗ Tuyết Tùng & Dương Xỉ, Standard",1,0,269000,269000,0,80000,189000,0,15800,0,15800,,0,189000,,09/07/2026 17:48:34	,"	",09/07/2026 20:08:30	,10/07/2026 09:52:49	,"	","	",,,Fulfillment by seller,Kho HCMC,862011505303,Standard shipping,J&T Express,,h***.heeee102,H*** H***,(+84)090*****01,Vietnam,Ho Chi Minh,Phuong Khanh Hoi,*********,****************,***********,Cash on delivery,0.5,Bath & Shower,1202969650674959683	,,Unchecked,,Videos,lepthelittlekid
584940782395098691	,Shipped,Completed,,Normal,1731317148230255836	,BONG TAM HQ,[Quà tặng không bán] Bông Tắm Tạo Bọt Mềm Mịn,Mặc định,1,0,0,0,0,0,0,0,15800,0,15800,,0,160650,,09/07/2026 17:43:08	,09/07/2026 17:43:11	,09/07/2026 20:08:30	,10/07/2026 10:50:11	,11/07/2026 11:18:44	,"	",,,Fulfillment by seller,Kho HN,862047295343,Standard shipping,J&T Express,,b***hau8170,b**********,(+84)948****07,Việt Nam,Hà Nội,Ba Đình,*******,***********************************,,MoMo E-Wallet,0.5,"Loofahs, Sponges, & Poufs",1202970200458233411	,,Unchecked,,Product cards,
584940782395098691	,Shipped,Delivered,,Normal,1732250914985380060	,ST01240,"Sữa Tắm/Gel Tắm Pháp Le Petit Marseillais Thiên Nhiên 250ml - Sữa Tắm Lưu Hương Lành Tính - Dịu Nhẹ, An Toàn Cho Da","Đào Trắng & Quả Xuân Đào, Standard",1,0,269000,269000,28350,80000,160650,0,15800,0,15800,,0,160650,,09/07/2026 17:43:08	,09/07/2026 17:43:11	,09/07/2026 20:08:30	,10/07/2026 10:50:11	,11/07/2026 11:18:44	,"	",,,Fulfillment by seller,Kho HN,862047295343,Standard shipping,J&T Express,,b***hau8170,b**********,(+84)948****07,Việt Nam,Hà Nội,Ba Đình,*******,***********************************,,MoMo E-Wallet,0.5,Bath & Shower,1202970200458233411	,,Unchecked,,Product cards,
584939931307706105	,Canceled,Canceled,Cancel,Normal,1731317148230255836	,BONG TAM HQ,[Quà tặng không bán] Bông Tắm Tạo Bọt Mềm Mịn,Mặc định,1,1,0,0,0,0,0,0,17100,0,17100,,0,322870,0,09/07/2026 16:35:00	,"	",09/07/2026 20:08:30	,"	","	",10/07/2026 07:56:47	,User,Need to change color or size,Fulfillment by seller,Kho HN,862033545303,Standard shipping,J&T Express,,k***trung0219,K***,(+84)096*****56,Vietnam,Hà Nội,Hoàng Mai,*************,***********************,,Cash on delivery,0.5,"Loofahs, Sponges, & Poufs",1202962165981415161	,,Unchecked,,LIVE,lepetitmarseillaisvn
584939931307706105	,Canceled,Canceled,Cancel,Normal,1732250801268820188	,ST01868,"Sữa Tắm/Gel Tắm Pháp Le Petit Marseillais Chiết Xuất Thiên Nhiên 650ml - Sữa Tắm Lưu Hương Lành Tính - Dịu Nhẹ, An Toàn Cho Da","Hương Chanh & Bưởi Hồng, Standard",1,1,499000,499000,66130,110000,322870,0,17100,0,17100,,0,322870,322870,09/07/2026 16:35:00	,"	",09/07/2026 20:08:30	,"	","	",10/07/2026 07:56:47	,User,Need to change color or size,Fulfillment by seller,Kho HN,862033545303,Standard shipping,J&T Express,,k***trung0219,K***,(+84)096*****56,Vietnam,Hà Nội,Hoàng Mai,*************,***********************,,Cash on delivery,1,Bath & Shower,1202962165981415161	,,Unchecked,,LIVE,lepetitmarseillaisvn
584939545592760307	,Shipped,Delivered,,Normal,1732252943759083740	,DG60650,"Dầu Gội Thiên Nhiên Le Petit Marseillais Nhiều Mùi Hương 250ml Dưỡng Ẩm, Thơm Lâu - Phù Hợp Mọi Loại Da",Phục Hồi Chuyên Sâu Dầu Jojoba,1,0,329000,329000,40050,62000,226950,0,14000,0,14000,,0,226950,,09/07/2026 16:06:15	,11/07/2026 09:37:21	,09/07/2026 16:19:30	,10/07/2026 09:52:49	,11/07/2026 09:37:21	,"	",,,Fulfillment by seller,Kho HCMC,862058334733,Standard shipping,J&T Express,,o***matic5,B** T***,(+84)386****24,Việt Nam,Hồ Chí Minh,Phường Phú Thọ Hòa,******************,***************************,*****,Cash on delivery,0.5,Shampoo & Conditioner,1202958589823387635	,,Unchecked,,LIVE,lepetitmarseillaisvn
584939543846553587	,Canceled,Canceled,Cancel,Normal,1732252943759083740	,DG60650,"Dầu Gội Thiên Nhiên Le Petit Marseillais Nhiều Mùi Hương 250ml Dưỡng Ẩm, Thơm Lâu - Phù Hợp Mọi Loại Da",Phục Hồi Chuyên Sâu Dầu Jojoba,1,1,329000,329000,10000,62000,257000,0,14000,0,14000,,0,257000,257000,09/07/2026 16:05:06	,"	","	","	","	",09/07/2026 16:17:23	,User,Better price available,Fulfillment by seller,Kho HCMC,,Standard shipping,,,o***matic5,B** T***,(+84)386****24,Việt Nam,Hồ Chí Minh,Phường Phú Thọ Hòa,******************,***************************,*****,Cash on delivery,0.5,Shampoo & Conditioner,1202958202678773747	,,Unchecked,,LIVE,lepetitmarseillaisvn
584938387535726092	,Shipped,Completed,,Normal,1731317148230255836	,BONG TAM HQ,[Quà tặng không bán] Bông Tắm Tạo Bọt Mềm Mịn,Mặc định,1,0,0,0,0,0,0,0,15800,0,15800,,0,189000,,09/07/2026 14:40:38	,10/07/2026 10:49:26	,09/07/2026 14:48:06	,09/07/2026 16:31:47	,10/07/2026 10:49:26	,"	",,,Fulfillment by seller,Kho HN,862095404243,Standard shipping,J&T Express,,1***.gt,N* t***,(+84)091*****88,Việt Nam,Hà Nội,Phường Hà Đông,**************,********************,*******************************************************,Cash on delivery,0.5,"Loofahs, Sponges, & Poufs",1202947337944008204	,,Unchecked,,Videos,man.trung.737
584938387535726092	,Shipped,Delivered,,Normal,1732251749141022940	,ST01431,"Sữa Tắm Pháp Le Petit Marseillais Cho Nam Chiết Xuất Thiên Nhiên 4in1 Nhiều Mùi Hương Dưỡng Ẩm, Thơm Lâu - Phù Hợp Mọi Loại Da (250ml)","Hương Cam & Tinh Dầu Argan, Standard",1,0,269000,269000,0,80000,189000,0,15800,0,15800,,0,189000,,09/07/2026 14:40:38	,10/07/2026 10:49:26	,09/07/2026 14:48:06	,09/07/2026 16:31:47	,10/07/2026 10:49:26	,"	",,,Fulfillment by seller,Kho HN,862095404243,Standard shipping,J&T Express,,1***.gt,N* t***,(+84)091*****88,Việt Nam,Hà Nội,Phường Hà Đông,**************,********************,*******************************************************,Cash on delivery,0.5,Bath & Shower,1202947337944008204	,,Unchecked,,Videos,man.trung.737
584938127164998829	,Shipped,Completed,,Normal,1731317148230255836	,BONG TAM HQ,[Quà tặng không bán] Bông Tắm Tạo Bọt Mềm Mịn,Mặc định,1,0,0,0,0,0,0,0,47600,0,47600,,0,189000,,09/07/2026 14:20:22	,10/07/2026 14:57:37	,09/07/2026 14:48:06	,09/07/2026 17:07:31	,10/07/2026 14:57:37	,"	",,,Fulfillment by seller,Kho HCMC,862006844313,Standard shipping,J&T Express,,l***ha1546,L*** H*,(+84)945****50,Việt Nam,Lâm Đồng,Đức Trọng,**********,***********************,,Cash on delivery,0.5,"Loofahs, Sponges, & Poufs",1202946614858253485	,,Unchecked,,Product cards,
584938127164998829	,Shipped,Delivered,,Normal,1732251749141219548	,ST01172,"Sữa Tắm Pháp Le Petit Marseillais Cho Nam Chiết Xuất Thiên Nhiên 4in1 Nhiều Mùi Hương Dưỡng Ẩm, Thơm Lâu - Phù Hợp Mọi Loại Da (250ml)","Hương Gỗ Tuyết Tùng & Dương Xỉ, Standard",1,0,269000,269000,0,80000,189000,0,47600,0,47600,,0,189000,,09/07/2026 14:20:22	,10/07/2026 14:57:37	,09/07/2026 14:48:06	,09/07/2026 17:07:31	,10/07/2026 14:57:37	,"	",,,Fulfillment by seller,Kho HCMC,862006844313,Standard shipping,J&T Express,,l***ha1546,L*** H*,(+84)945****50,Việt Nam,Lâm Đồng,Đức Trọng,**********,***********************,,Cash on delivery,0.5,Bath & Shower,1202946614858253485	,,Unchecked,,Product cards,
584936755636110763	,Shipped,Completed,,Normal,1731317148230255836	,BONG TAM HQ,[Quà tặng không bán] Bông Tắm Tạo Bọt Mềm Mịn,Mặc định,1,0,0,0,0,0,0,0,15800,0,15800,1500,0,164820,,09/07/2026 12:41:05	,09/07/2026 12:41:12	,09/07/2026 13:23:25	,09/07/2026 17:07:31	,10/07/2026 08:58:54	,"	",,,Fulfillment by seller,Kho HCMC,862025883543,Standard shipping,J&T Express,,u***675042047,u************,(+84)981****66,Vietnam,Ho Chi Minh,Binh Trung Ward,***************,*************************************************************,,Zalopay,0.5,"Loofahs, Sponges, & Poufs",1202933090859124139	,,Unchecked,,Product cards,
584936755636110763	,Shipped,Delivered,,Normal,1732251749141285084	,ST04371,"Sữa Tắm Pháp Le Petit Marseillais Cho Nam Chiết Xuất Thiên Nhiên 4in1 Nhiều Mùi Hương Dưỡng Ẩm, Thơm Lâu - Phù Hợp Mọi Loại Da (250ml)","Hương Gừng & Gỗ Bách, Standard",1,0,269000,269000,22680,80000,166320,0,15800,0,15800,1500,0,164820,,09/07/2026 12:41:05	,09/07/2026 12:41:12	,09/07/2026 13:23:25	,09/07/2026 17:07:31	,10/07/2026 08:58:54	,"	",,,Fulfillment by seller,Kho HCMC,862025883543,Standard shipping,J&T Express,,u***675042047,u************,(+84)981****66,Vietnam,Ho Chi Minh,Binh Trung Ward,***************,*************************************************************,,Zalopay,0.5,Bath & Shower,1202933090859124139	,,Unchecked,,Product cards,
584935376945579294	,Shipped,Delivered,,Normal,1733205957881660636	,DG90435,Dầu Gội Trẻ Em 2in1 94% Thiên Nhiên Le Petit Marseillais Giúp Gỡ Rối Tóc Nhiều Mùi Hương 300ml,Quả đào & mơ 0435,1,0,369000,369000,48900,43000,277100,0,17600,0,17600,61,0,611939,,09/07/2026 11:11:36	,09/07/2026 11:11:42	,09/07/2026 11:19:25	,09/07/2026 17:07:31	,10/07/2026 09:46:35	,"	",,,Fulfillment by seller,Kho HCMC,862062142943,Standard shipping,J&T Express,,m***e238,T*** T**** T****,(+84)933****89,Việt Nam,Bình Dương,Thủ Dầu Một,*******,***********************,,PayLater,0.4,Hair Care & Body Wash,1202921374801888542	,,Unchecked,,LIVE,lepetitmarseillaisvn
584935376945579294	,Shipped,Completed,,Normal,1731317148230255836	,BONG TAM HQ,[Quà tặng không bán] Bông Tắm Tạo Bọt Mềm Mịn,Mặc định,1,0,0,0,0,0,0,0,17600,0,17600,61,0,611939,,09/07/2026 11:11:36	,09/07/2026 11:11:42	,09/07/2026 11:19:25	,09/07/2026 17:07:31	,10/07/2026 09:46:35	,"	",,,Fulfillment by seller,Kho HCMC,862062142943,Standard shipping,J&T Express,,m***e238,T*** T**** T****,(+84)933****89,Việt Nam,Bình Dương,Thủ Dầu Một,*******,***********************,,PayLater,0.5,"Loofahs, Sponges, & Poufs",1202921374801888542	,,Unchecked,,LIVE,lepetitmarseillaisvn
584935376945579294	,Shipped,Delivered,,Normal,1732250801269016796	,ST01288,"Sữa Tắm/Gel Tắm Pháp Le Petit Marseillais Chiết Xuất Thiên Nhiên 650ml - Sữa Tắm Lưu Hương Lành Tính - Dịu Nhẹ, An Toàn Cho Da","Đào Trắng & Quả Xuân Đào, Standard",1,0,499000,499000,59100,105000,334900,0,17600,0,17600,61,0,611939,,09/07/2026 11:11:36	,09/07/2026 11:11:42	,09/07/2026 11:19:25	,09/07/2026 17:07:31	,10/07/2026 09:46:35	,"	",,,Fulfillment by seller,Kho HCMC,862062142943,Standard shipping,J&T Express,,m***e238,T*** T**** T****,(+84)933****89,Việt Nam,Bình Dương,Thủ Dầu Một,*******,***********************,,PayLater,1,Bath & Shower,1202921374801888542	,,Unchecked,,LIVE,lepetitmarseillaisvn
584935296854426656	,Shipped,Delivered,,Normal,1732250801268689116	,ST01902,"Sữa Tắm/Gel Tắm Pháp Le Petit Marseillais Chiết Xuất Thiên Nhiên 650ml - Sữa Tắm Lưu Hương Lành Tính - Dịu Nhẹ, An Toàn Cho Da","Thông & Bạch Đàn Biển, Standard",1,0,499000,499000,70020,110000,318980,0,17100,0,17100,,0,318980,,09/07/2026 11:06:33	,10/07/2026 20:27:21	,09/07/2026 11:19:25	,09/07/2026 17:07:31	,10/07/2026 20:27:21	,"	",,,Fulfillment by seller,Kho HCMC,862004642943,Standard shipping,J&T Express,,d***linhcutephomaique_,L*** Đ* L**,(+84)386****24,Việt Nam,Hồ Chí Minh,Phường Phú Thọ Hòa,******************,*********************,,Cash on delivery,1,Bath & Shower,1202921558991799328	,,Unchecked,,LIVE,lepetitmarseillaisvn
584935296854426656	,Shipped,Completed,,Normal,1731317148230255836	,BONG TAM HQ,[Quà tặng không bán] Bông Tắm Tạo Bọt Mềm Mịn,Mặc định,1,0,0,0,0,0,0,0,17100,0,17100,,0,318980,,09/07/2026 11:06:33	,10/07/2026 20:27:21	,09/07/2026 11:19:25	,09/07/2026 17:07:31	,10/07/2026 20:27:21	,"	",,,Fulfillment by seller,Kho HCMC,862004642943,Standard shipping,J&T Express,,d***linhcutephomaique_,L*** Đ* L**,(+84)386****24,Việt Nam,Hồ Chí Minh,Phường Phú Thọ Hòa,******************,*********************,,Cash on delivery,0.5,"Loofahs, Sponges, & Poufs",1202921558991799328	,,Unchecked,,LIVE,lepetitmarseillaisvn
584935017379824672	,Canceled,Canceled,Cancel,Normal,1734496577198523612	,1 BÁNH-XP,Xà Phòng Le Petit Marseillais Chính Hãng Bánh Xà Phòng Tắm Thiên Nhiên (Ngẫu nhiên)  1 Bánh,Mặc định,1,1,0,0,0,0,0,0,15800,0,15800,,0,317520,0,09/07/2026 10:47:21	,"	","	","	","	",09/07/2026 10:48:07	,User,Need to change shipping address,Fulfillment by seller,Kho HCMC,,Standard shipping,,,d***linhcutephomaique_,L*** Đ* L**,(+84)386****24,Việt Nam,Hồ Chí Minh,Phường Phú Thọ Hòa,******************,*********************,,Cash on delivery,0.1,Bath & Shower,1202918389077279776	,,Unchecked,,LIVE,lepetitmarseillaisvn
584935017379824672	,Canceled,Canceled,Cancel,Normal,1736012795076052188	,ST00823+ST00823,Combo 2 Sữa Tắm Nữ Pháp Le Petit Marseillais 250ml - Thiên Nhiên Dịu Nhẹ,"Hoa Cam, Hoa Cam",1,1,538000,538000,60480,160000,317520,0,15800,0,15800,,0,317520,317520,09/07/2026 10:47:21	,"	","	","	","	",09/07/2026 10:48:07	,User,Need to change shipping address,Fulfillment by seller,Kho HCMC,,Standard shipping,,,d***linhcutephomaique_,L*** Đ* L**,(+84)386****24,Việt Nam,Hồ Chí Minh,Phường Phú Thọ Hòa,******************,*********************,,Cash on delivery,0.6,Bath & Shower,1202918389077279776	,,Unchecked,,LIVE,lepetitmarseillaisvn
584934659270542688	,Shipped,Completed,,Normal,1734496577198523612	,1 BÁNH-XP,Xà Phòng Le Petit Marseillais Chính Hãng Bánh Xà Phòng Tắm Thiên Nhiên (Ngẫu nhiên)  1 Bánh,Mặc định,1,0,0,0,0,0,0,0,35100,0,35100,,0,378000,,09/07/2026 10:21:49	,10/07/2026 11:44:13	,09/07/2026 10:37:43	,09/07/2026 11:01:33	,10/07/2026 11:44:13	,"	",,,Fulfillment by seller,Kho HN,862065122723,Standard shipping,J&T Express,,p***684,P*** V** N***,(+84)097*****88,Việt Nam,Hà Nam,Kim Bảng,*******,****************,,Cash on delivery,0.1,Bath & Shower,1202914848294208864	,,Unchecked,,Videos,ahau.phuongthao
584934659270542688	,Shipped,Delivered,,Normal,1736013429863646428	,ST99622+ST48441,Combo 2 Sữa Tắm Nữ Pháp Le Petit Marseillais 250ml - Thiên Nhiên Dịu Nhẹ,"Xoài Hữu Cơ & Chanh Dây, Quả Mâm Xôi Hữu Cơ & Hoa Mẫu Đơn",1,0,538000,538000,0,160000,378000,0,35100,0,35100,,0,378000,,09/07/2026 10:21:49	,10/07/2026 11:44:13	,09/07/2026 10:37:43	,09/07/2026 11:01:33	,10/07/2026 11:44:13	,"	",,,Fulfillment by seller,Kho HN,862065122723,Standard shipping,J&T Express,,p***684,P*** V** N***,(+84)097*****88,Việt Nam,Hà Nam,Kim Bảng,*******,****************,,Cash on delivery,0.6,Bath & Shower,1202914848294208864	,,Unchecked,,Videos,ahau.phuongthao
584933671209829580	,Shipped,Delivered,,Normal,1732251749141219548	,ST01172,"Sữa Tắm Pháp Le Petit Marseillais Cho Nam Chiết Xuất Thiên Nhiên 4in1 Nhiều Mùi Hương Dưỡng Ẩm, Thơm Lâu - Phù Hợp Mọi Loại Da (250ml)","Hương Gỗ Tuyết Tùng & Dương Xỉ, Standard",1,0,269000,269000,22680,80000,166320,0,35100,0,35100,,0,166320,,09/07/2026 09:12:17	,10/07/2026 11:18:31	,09/07/2026 10:37:43	,09/07/2026 17:07:31	,10/07/2026 11:18:31	,"	",,,Fulfillment by seller,Kho HCMC,862014742683,Standard shipping,J&T Express,,n***huynguyen392,N*** H**,(+84)566****71,Việt Nam,An Giang,Xã Phú Hữu,**********,**********,**************,Cash on delivery,0.5,Bath & Shower,1202906165896840396	,,Unchecked,,Videos,thonbeocute
584933671209829580	,Shipped,Completed,,Normal,1731317148230255836	,BONG TAM HQ,[Quà tặng không bán] Bông Tắm Tạo Bọt Mềm Mịn,Mặc định,1,0,0,0,0,0,0,0,35100,0,35100,,0,166320,,09/07/2026 09:12:17	,10/07/2026 11:18:31	,09/07/2026 10:37:43	,09/07/2026 17:07:31	,10/07/2026 11:18:31	,"	",,,Fulfillment by seller,Kho HCMC,862014742683,Standard shipping,J&T Express,,n***huynguyen392,N*** H**,(+84)566****71,Việt Nam,An Giang,Xã Phú Hữu,**********,**********,**************,Cash on delivery,0.5,"Loofahs, Sponges, & Poufs",1202906165896840396	,,Unchecked,,Videos,thonbeocute
584933579461133973	,Shipped,Completed,,Normal,1731317148230255836	,BONG TAM HQ,[Quà tặng không bán] Bông Tắm Tạo Bọt Mềm Mịn,Mặc định,1,0,0,0,0,0,0,0,55400,0,55400,,0,394000,,09/07/2026 09:06:42	,11/07/2026 12:51:08	,09/07/2026 10:37:43	,09/07/2026 17:07:31	,11/07/2026 12:51:08	,"	",,,Fulfillment by seller,Kho HCMC,862063792723,Standard shipping,J&T Express,,l***tran37,L***,(+84)792****79,Việt Nam,Phú Yên,Đông Hòa,*******,***************************************************,,Cash on delivery,0.5,"Loofahs, Sponges, & Poufs",1202905054968907413	,,Unchecked,,Videos,thaocanview
584933579461133973	,Shipped,Delivered,,Normal,1732250801269213404	,ST53594,"Sữa Tắm/Gel Tắm Pháp Le Petit Marseillais Chiết Xuất Thiên Nhiên 650ml - Sữa Tắm Lưu Hương Lành Tính - Dịu Nhẹ, An Toàn Cho Da","Hạnh Nhân, Standard",1,0,499000,499000,0,105000,394000,0,55400,0,55400,,0,394000,,09/07/2026 09:06:42	,11/07/2026 12:51:08	,09/07/2026 10:37:43	,09/07/2026 17:07:31	,11/07/2026 12:51:08	,"	",,,Fulfillment by seller,Kho HCMC,862063792723,Standard shipping,J&T Express,,l***tran37,L***,(+84)792****79,Việt Nam,Phú Yên,Đông Hòa,*******,***************************************************,,Cash on delivery,1,Bath & Shower,1202905054968907413	,,Unchecked,,Videos,thaocanview
584933295550530954	,Shipped,Delivered,,Normal,1733398214171722972	,DG01841,Dầu Gội Vào Nếp Suôn Mượt Thiên Nhiên Le Petit Marseillais Chiết Xuất Hạnh Nhân và Hạt Lanh Hữu Cơ 300ml 1841,Mặc định,2,0,499000,998000,106600,178000,713400,0,15800,0,15800,,0,713400,,09/07/2026 08:39:53	,10/07/2026 13:32:41	,09/07/2026 10:37:43	,09/07/2026 17:07:31	,10/07/2026 13:32:41	,"	",,,Fulfillment by seller,Kho HCMC,862046042723,Standard shipping,J&T Express,,p***thanh6266,P*** T****,(+84)098*****52,Việt Nam,Hồ Chí Minh,Thủ Đức,*******,**********************,,Cash on delivery,0.8,Shampoo & Conditioner,1202902144903644554	,,Unchecked,,Product cards,
584933129282094452	,Shipped,Completed,,Normal,1731317148230255836	,BONG TAM HQ,[Quà tặng không bán] Bông Tắm Tạo Bọt Mềm Mịn,Mặc định,1,0,0,0,0,0,0,0,20900,0,20900,,0,189000,,09/07/2026 08:28:44	,09/07/2026 08:28:57	,09/07/2026 10:37:43	,09/07/2026 11:01:33	,10/07/2026 20:24:31	,"	",,,Fulfillment by seller,Kho HN,862034872683,Standard shipping,J&T Express,,d***uongg,Đ*** X*** P*****,(+84)092*****06,Việt Nam,Hà Nội,Xã Gia Lâm,**********,********************************,,TikTok Shop Balance,0.5,"Loofahs, Sponges, & Poufs",1202899884985189748	,,Unchecked,,Product cards,
584933129282094452	,Shipped,Delivered,,Normal,1732251749141022940	,ST01431,"Sữa Tắm Pháp Le Petit Marseillais Cho Nam Chiết Xuất Thiên Nhiên 4in1 Nhiều Mùi Hương Dưỡng Ẩm, Thơm Lâu - Phù Hợp Mọi Loại Da (250ml)","Hương Cam & Tinh Dầu Argan, Standard",1,0,269000,269000,0,80000,189000,0,20900,0,20900,,0,189000,,09/07/2026 08:28:44	,09/07/2026 08:28:57	,09/07/2026 10:37:43	,09/07/2026 11:01:33	,10/07/2026 20:24:31	,"	",,,Fulfillment by seller,Kho HN,862034872683,Standard shipping,J&T Express,,d***uongg,Đ*** X*** P*****,(+84)092*****06,Việt Nam,Hà Nội,Xã Gia Lâm,**********,********************************,,TikTok Shop Balance,0.5,Bath & Shower,1202899884985189748	,,Unchecked,,Product cards,
584933118354753462	,Shipped,Delivered,,Normal,1732251828553091292	,DT65312,Sữa Dưỡng Thể Le Petit Marseillais Dưỡng Ẩm Nuôi Dưỡng Da Nhiều Mùi Hương 250ml - Phù Hợp Mọi Loại Da (250ml),"Bơ Hạt Mỡ, Lô Hội & Sáp Ong, Standard",1,0,399000,399000,0,20000,379000,0,30200,0,30200,,0,379000,,09/07/2026 08:27:21	,11/07/2026 20:41:49	,09/07/2026 10:37:43	,09/07/2026 11:01:33	,11/07/2026 20:41:49	,"	",,,Fulfillment by seller,Kho HN,862085122723,Standard shipping,J&T Express,,d***les8,D***,(+84)967****61,Việt Nam,Hồ Chí Minh,Phường Thạnh Mỹ Tây,*******************,********************,********,Cash on delivery,0.5,Body Moisturizers,1202900158799775670	,,Unchecked,,Product cards,
584932194181875632	,Shipped,Completed,,Normal,1734496577198523612	,1 BÁNH-XP,Xà Phòng Le Petit Marseillais Chính Hãng Bánh Xà Phòng Tắm Thiên Nhiên (Ngẫu nhiên)  1 Bánh,Mặc định,1,0,0,0,0,0,0,0,47600,0,47600,,0,410000,,09/07/2026 07:01:40	,11/07/2026 20:08:04	,09/07/2026 10:37:43	,09/07/2026 17:07:31	,11/07/2026 20:08:04	,"	",,,Fulfillment by seller,Kho HCMC,862029002723,Standard shipping,J&T Express,,k***on26,T** D* k*,(+84)766****92,Việt Nam,Quảng Ngãi,Xã Đăk Pék,**********,**************,,Cash on delivery,0.1,Bath & Shower,1202890379045799856	,,Unchecked,,Product cards,
584932194181875632	,Shipped,Delivered,,Normal,1735912571878606044	,ST01356 + ST01172,Combo 2 Sữa Tắm Nam Le Petit Marseillais 4in1 Cho Tóc Mặt Râu Toàn Thân 250ml,"Thông Biển & Bạch Đàn, Gỗ Tuyết Tùng Và Dương Xỉ",1,0,538000,538000,0,128000,410000,0,47600,0,47600,,0,410000,,09/07/2026 07:01:40	,11/07/2026 20:08:04	,09/07/2026 10:37:43	,09/07/2026 17:07:31	,11/07/2026 20:08:04	,"	",,,Fulfillment by seller,Kho HCMC,862029002723,Standard shipping,J&T Express,,k***on26,T** D* k*,(+84)766****92,Việt Nam,Quảng Ngãi,Xã Đăk Pék,**********,**************,,Cash on delivery,0.6,Bath & Body Care,1202890379045799856	,,Unchecked,,Product cards,
584929553620108779	,Shipped,Completed,,Normal,1731317148230255836	,BONG TAM HQ,[Quà tặng không bán] Bông Tắm Tạo Bọt Mềm Mịn,Mặc định,1,0,0,0,0,0,0,0,15800,0,15800,,0,189000,,08/07/2026 23:13:01	,10/07/2026 20:59:02	,09/07/2026 08:05:16	,09/07/2026 11:00:45	,10/07/2026 20:59:02	,"	",,,Fulfillment by seller,Kho HN,862073281263,Standard shipping,J&T Express,,t***duy.nhaf,T***** T*** D**,(+84)090*****82,Vietnam,Ha Noi City,Hai Ba Trung,*********,************************************************************,******,Cash on delivery,0.5,"Loofahs, Sponges, & Poufs",1202873618326980075	,,Unchecked,,Videos,man.trung.737
584929553620108779	,Shipped,Delivered,,Normal,1732251749141219548	,ST01172,"Sữa Tắm Pháp Le Petit Marseillais Cho Nam Chiết Xuất Thiên Nhiên 4in1 Nhiều Mùi Hương Dưỡng Ẩm, Thơm Lâu - Phù Hợp Mọi Loại Da (250ml)","Hương Gỗ Tuyết Tùng & Dương Xỉ, Standard",1,0,269000,269000,0,80000,189000,0,15800,0,15800,,0,189000,,08/07/2026 23:13:01	,10/07/2026 20:59:02	,09/07/2026 08:05:16	,09/07/2026 11:00:45	,10/07/2026 20:59:02	,"	",,,Fulfillment by seller,Kho HN,862073281263,Standard shipping,J&T Express,,t***duy.nhaf,T***** T*** D**,(+84)090*****82,Vietnam,Ha Noi City,Hai Ba Trung,*********,************************************************************,******,Cash on delivery,0.5,Bath & Shower,1202873618326980075	,,Unchecked,,Videos,man.trung.737
584929575752664774	,Shipped,Delivered,,Normal,1735912571878278364	,ST01431 + ST01172,Combo 2 Sữa Tắm Nam Le Petit Marseillais 4in1 Cho Tóc Mặt Râu Toàn Thân 250ml,"Gỗ Cam & Dầu Argan , Gỗ Tuyết Tùng Và Dương Xỉ",1,0,538000,538000,0,160000,378000,0,15800,0,15800,,0,378000,,08/07/2026 23:12:33	,08/07/2026 23:12:38	,09/07/2026 08:05:16	,09/07/2026 11:00:45	,10/07/2026 13:15:40	,"	",,,Fulfillment by seller,Kho HN,862057131263,Standard shipping,J&T Express,,k***41269,K******,(+84)969****95,Việt Nam,Hà Nội,Phường Yên Hòa,**************,********************************************************************************************,,Credit/debit card,0.6,Bath & Body Care,1202873418372581062	,,Unchecked,,Product cards,
584928929691109257	,Shipped,Completed,,Normal,1731317148230255836	,BONG TAM HQ,[Quà tặng không bán] Bông Tắm Tạo Bọt Mềm Mịn,Mặc định,1,0,0,0,0,0,0,0,15800,0,15800,1500,0,187500,,08/07/2026 22:27:34	,08/07/2026 22:27:38	,09/07/2026 08:05:16	,09/07/2026 17:07:31	,10/07/2026 11:25:36	,"	",,,Fulfillment by seller,Kho HCMC,862075241263,Standard shipping,J&T Express,,1***24689nam,N***** H** N*****,(+84)388****19,Việt Nam,Hồ Chí Minh,Phường Thủ Dầu Một,******************,************************,,Zalopay,0.5,"Loofahs, Sponges, & Poufs",1202870748953216905	,,Unchecked,,Videos,man.trung.737
584928929691109257	,Shipped,Delivered,,Normal,1732251749141022940	,ST01431,"Sữa Tắm Pháp Le Petit Marseillais Cho Nam Chiết Xuất Thiên Nhiên 4in1 Nhiều Mùi Hương Dưỡng Ẩm, Thơm Lâu - Phù Hợp Mọi Loại Da (250ml)","Hương Cam & Tinh Dầu Argan, Standard",1,0,269000,269000,0,80000,189000,0,15800,0,15800,1500,0,187500,,08/07/2026 22:27:34	,08/07/2026 22:27:38	,09/07/2026 08:05:16	,09/07/2026 17:07:31	,10/07/2026 11:25:36	,"	",,,Fulfillment by seller,Kho HCMC,862075241263,Standard shipping,J&T Express,,1***24689nam,N***** H** N*****,(+84)388****19,Việt Nam,Hồ Chí Minh,Phường Thủ Dầu Một,******************,************************,,Zalopay,0.5,Bath & Shower,1202870748953216905	,,Unchecked,,Videos,man.trung.737
584928695240787859	,Shipped,Delivered,,Normal,1732251749141022940	,ST01431,"Sữa Tắm Pháp Le Petit Marseillais Cho Nam Chiết Xuất Thiên Nhiên 4in1 Nhiều Mùi Hương Dưỡng Ẩm, Thơm Lâu - Phù Hợp Mọi Loại Da (250ml)","Hương Cam & Tinh Dầu Argan, Standard",1,0,269000,269000,0,80000,189000,0,22800,0,22800,,0,567000,,08/07/2026 22:09:08	,08/07/2026 22:09:13	,09/07/2026 08:05:16	,09/07/2026 17:07:31	,10/07/2026 11:39:04	,"	",,,Fulfillment by seller,Kho HCMC,862066091263,Standard shipping,J&T Express,,b***n4real,N** A** N*****,(+84)848****88,Việt Nam,Bà Rịa - Vũng Tàu,Đất Đỏ,*********,*************,**********,Apple Pay,0.5,Bath & Shower,1202869450533078931	,,Unchecked,,Videos,man.trung.737
584928695240787859	,Shipped,Delivered,,Normal,1732251749141154012	,ST01356,"Sữa Tắm Pháp Le Petit Marseillais Cho Nam Chiết Xuất Thiên Nhiên 4in1 Nhiều Mùi Hương Dưỡng Ẩm, Thơm Lâu - Phù Hợp Mọi Loại Da (250ml)","Hương Thông & Bạch Đàn Biển, Standard",1,0,269000,269000,0,80000,189000,0,22800,0,22800,,0,567000,,08/07/2026 22:09:08	,08/07/2026 22:09:13	,09/07/2026 08:05:16	,09/07/2026 17:07:31	,10/07/2026 11:39:04	,"	",,,Fulfillment by seller,Kho HCMC,862066091263,Standard shipping,J&T Express,,b***n4real,N** A** N*****,(+84)848****88,Việt Nam,Bà Rịa - Vũng Tàu,Đất Đỏ,*********,*************,**********,Apple Pay,0.5,Bath & Shower,1202869450533078931	,,Unchecked,,Videos,man.trung.737
584928695240787859	,Shipped,Delivered,,Normal,1732251749141219548	,ST01172,"Sữa Tắm Pháp Le Petit Marseillais Cho Nam Chiết Xuất Thiên Nhiên 4in1 Nhiều Mùi Hương Dưỡng Ẩm, Thơm Lâu - Phù Hợp Mọi Loại Da (250ml)","Hương Gỗ Tuyết Tùng & Dương Xỉ, Standard",1,0,269000,269000,0,80000,189000,0,22800,0,22800,,0,567000,,08/07/2026 22:09:08	,08/07/2026 22:09:13	,09/07/2026 08:05:16	,09/07/2026 17:07:31	,10/07/2026 11:39:04	,"	",,,Fulfillment by seller,Kho HCMC,862066091263,Standard shipping,J&T Express,,b***n4real,N** A** N*****,(+84)848****88,Việt Nam,Bà Rịa - Vũng Tàu,Đất Đỏ,*********,*************,**********,Apple Pay,0.5,Bath & Shower,1202869450533078931	,,Unchecked,,Videos,man.trung.737
584928695240787859	,Shipped,Completed,,Normal,1733398526731846876	,ST04371,Sữa Tắm Nam 4 in 1 Thiên Nhiên Le Petit Marseillais Chiết Xuất Gừng & Gỗ Bách Hương 250ml 4371,Mặc định,1,0,0,0,0,0,0,0,22800,0,22800,,0,567000,,08/07/2026 22:09:08	,08/07/2026 22:09:13	,09/07/2026 08:05:16	,09/07/2026 17:07:31	,10/07/2026 11:39:04	,"	",,,Fulfillment by seller,Kho HCMC,862066091263,Standard shipping,J&T Express,,b***n4real,N** A** N*****,(+84)848****88,Việt Nam,Bà Rịa - Vũng Tàu,Đất Đỏ,*********,*************,**********,Apple Pay,0.4,Bath & Body Care,1202869450533078931	,,Unchecked,,Videos,man.trung.737
584928517381523051	,Shipped,Completed,,Normal,1731317148230255836	,BONG TAM HQ,[Quà tặng không bán] Bông Tắm Tạo Bọt Mềm Mịn,Mặc định,1,0,0,0,0,0,0,0,15800,0,15800,,0,189000,,08/07/2026 21:58:30	,10/07/2026 12:56:25	,09/07/2026 08:05:16	,09/07/2026 11:00:44	,10/07/2026 12:56:25	,"	",,,Fulfillment by seller,Kho HN,862025551263,Standard shipping,J&T Express,,t***s123456,N***** T**** H***,(+84)093*****33,Việt Nam,Hà Nội,Hoàng Mai,*********,*********************,************,Cash on delivery,0.5,"Loofahs, Sponges, & Poufs",1202868829437658731	,,Unchecked,,Product cards,
584928517381523051	,Shipped,Delivered,,Normal,1732251749141219548	,ST01172,"Sữa Tắm Pháp Le Petit Marseillais Cho Nam Chiết Xuất Thiên Nhiên 4in1 Nhiều Mùi Hương Dưỡng Ẩm, Thơm Lâu - Phù Hợp Mọi Loại Da (250ml)","Hương Gỗ Tuyết Tùng & Dương Xỉ, Standard",1,0,269000,269000,0,80000,189000,0,15800,0,15800,,0,189000,,08/07/2026 21:58:30	,10/07/2026 12:56:25	,09/07/2026 08:05:16	,09/07/2026 11:00:44	,10/07/2026 12:56:25	,"	",,,Fulfillment by seller,Kho HN,862025551263,Standard shipping,J&T Express,,t***s123456,N***** T**** H***,(+84)093*****33,Việt Nam,Hà Nội,Hoàng Mai,*********,*********************,************,Cash on delivery,0.5,Bath & Shower,1202868829437658731	,,Unchecked,,Product cards,
584928422172788694	,Shipped,Completed,,Normal,1731317148230255836	,BONG TAM HQ,[Quà tặng không bán] Bông Tắm Tạo Bọt Mềm Mịn,Mặc định,1,0,0,0,0,0,0,0,28600,0,28600,,0,189000,,08/07/2026 21:54:20	,08/07/2026 21:54:23	,09/07/2026 08:05:16	,09/07/2026 11:00:45	,11/07/2026 16:34:36	,"	",,,Fulfillment by seller,Kho HN,862071961263,Standard shipping,J&T Express,,t***othanh2302,t*************,(+84)983****16,Việt Nam,Quảng Trị,Xã Cửa Việt,***********,**************************************,,MoMo E-Wallet,0.5,"Loofahs, Sponges, & Poufs",1202868151624435670	,,Unchecked,,Videos,duongmanhkien19
584928422172788694	,Shipped,Delivered,,Normal,1732251749141219548	,ST01172,"Sữa Tắm Pháp Le Petit Marseillais Cho Nam Chiết Xuất Thiên Nhiên 4in1 Nhiều Mùi Hương Dưỡng Ẩm, Thơm Lâu - Phù Hợp Mọi Loại Da (250ml)","Hương Gỗ Tuyết Tùng & Dương Xỉ, Standard",1,0,269000,269000,0,80000,189000,0,28600,0,28600,,0,189000,,08/07/2026 21:54:20	,08/07/2026 21:54:23	,09/07/2026 08:05:16	,09/07/2026 11:00:45	,11/07/2026 16:34:36	,"	",,,Fulfillment by seller,Kho HN,862071961263,Standard shipping,J&T Express,,t***othanh2302,t*************,(+84)983****16,Việt Nam,Quảng Trị,Xã Cửa Việt,***********,**************************************,,MoMo E-Wallet,0.5,Bath & Shower,1202868151624435670	,,Unchecked,,Videos,duongmanhkien19
584928392017250264	,Shipped,Delivered,,Normal,1732251749141219548	,ST01172,"Sữa Tắm Pháp Le Petit Marseillais Cho Nam Chiết Xuất Thiên Nhiên 4in1 Nhiều Mùi Hương Dưỡng Ẩm, Thơm Lâu - Phù Hợp Mọi Loại Da (250ml)","Hương Gỗ Tuyết Tùng & Dương Xỉ, Standard",1,0,269000,269000,0,80000,189000,0,15800,0,15800,,0,189000,,08/07/2026 21:53:12	,10/07/2026 10:42:31	,09/07/2026 08:05:16	,09/07/2026 17:07:31	,10/07/2026 10:42:31	,"	",,,Fulfillment by seller,Kho HCMC,862056741263,Standard shipping,J&T Express,,b***dontmind,B** T****,(+84)969****88,Việt Nam,Hồ Chí Minh,Phường Hiệp Bình,****************,***************************************************,********,Cash on delivery,0.5,Bath & Shower,1202868323640379352	,,Unchecked,,Videos,
584928392017250264	,Shipped,Completed,,Normal,1731317148230255836	,BONG TAM HQ,[Quà tặng không bán] Bông Tắm Tạo Bọt Mềm Mịn,Mặc định,1,0,0,0,0,0,0,0,15800,0,15800,,0,189000,,08/07/2026 21:53:12	,10/07/2026 10:42:31	,09/07/2026 08:05:16	,09/07/2026 17:07:31	,10/07/2026 10:42:31	,"	",,,Fulfillment by seller,Kho HCMC,862056741263,Standard shipping,J&T Express,,b***dontmind,B** T****,(+84)969****88,Việt Nam,Hồ Chí Minh,Phường Hiệp Bình,****************,***************************************************,********,Cash on delivery,0.5,"Loofahs, Sponges, & Poufs",1202868323640379352	,,Unchecked,,Videos,
584928033523271273	,Shipped,Completed,,Normal,1731317148230255836	,BONG TAM HQ,[Quà tặng không bán] Bông Tắm Tạo Bọt Mềm Mịn,Mặc định,1,0,0,0,0,0,0,0,15800,0,15800,,0,189000,,08/07/2026 21:26:10	,08/07/2026 21:26:14	,09/07/2026 08:05:16	,09/07/2026 17:07:31	,10/07/2026 09:07:13	,"	",,,Fulfillment by seller,Kho HCMC,862005921263,Standard shipping,J&T Express,,f***ie096,d** v*,(+84)902****36,Việt Nam,Hồ Chí Minh,Thủ Đức,************,*****************,**********************,Zalopay,0.5,"Loofahs, Sponges, & Poufs",1202866060721227369	,,Unchecked,,Product cards,
584928033523271273	,Shipped,Delivered,,Normal,1732251749141219548	,ST01172,"Sữa Tắm Pháp Le Petit Marseillais Cho Nam Chiết Xuất Thiên Nhiên 4in1 Nhiều Mùi Hương Dưỡng Ẩm, Thơm Lâu - Phù Hợp Mọi Loại Da (250ml)","Hương Gỗ Tuyết Tùng & Dương Xỉ, Standard",1,0,269000,269000,0,80000,189000,0,15800,0,15800,,0,189000,,08/07/2026 21:26:10	,08/07/2026 21:26:14	,09/07/2026 08:05:16	,09/07/2026 17:07:31	,10/07/2026 09:07:13	,"	",,,Fulfillment by seller,Kho HCMC,862005921263,Standard shipping,J&T Express,,f***ie096,d** v*,(+84)902****36,Việt Nam,Hồ Chí Minh,Thủ Đức,************,*****************,**********************,Zalopay,0.5,Bath & Shower,1202866060721227369	,,Unchecked,,Product cards,
584927967960335576	,Shipped,Completed,,Normal,1731317148230255836	,BONG TAM HQ,[Quà tặng không bán] Bông Tắm Tạo Bọt Mềm Mịn,Mặc định,1,0,0,0,0,0,0,0,15800,0,15800,,0,189000,,08/07/2026 21:24:15	,10/07/2026 13:30:20	,09/07/2026 08:05:16	,09/07/2026 17:07:31	,10/07/2026 13:30:20	,"	",,,Fulfillment by seller,Kho HCMC,862084961263,Standard shipping,J&T Express,,d***eawdaa,p******,(+84)396****02,Việt Nam,Hồ Chí Minh,Phường Xóm Chiếu,****************,***************,***************,Cash on delivery,0.5,"Loofahs, Sponges, & Poufs",1202866737393009880	,,Unchecked,,LIVE,lepetitmarseillaisvn
584927967960335576	,Shipped,Delivered,,Normal,1736140703119344860	,ST01356,"[KOL] Sữa Tắm Nam Le Petit Marseillais 4in1 250ml - Thơm Lâu, Dưỡng Ẩm","Hương Thông & Bạch Đàn Biển, Standard",1,0,269000,269000,0,80000,189000,0,15800,0,15800,,0,189000,,08/07/2026 21:24:15	,10/07/2026 13:30:20	,09/07/2026 08:05:16	,09/07/2026 17:07:31	,10/07/2026 13:30:20	,"	",,,Fulfillment by seller,Kho HCMC,862084961263,Standard shipping,J&T Express,,d***eawdaa,p******,(+84)396****02,Việt Nam,Hồ Chí Minh,Phường Xóm Chiếu,****************,***************,***************,Cash on delivery,0.5,Bath & Shower,1202866737393009880	,,Unchecked,,LIVE,lepetitmarseillaisvn
584927788830524650	,Shipped,Completed,,Normal,1731317148230255836	,BONG TAM HQ,[Quà tặng không bán] Bông Tắm Tạo Bọt Mềm Mịn,Mặc định,1,0,0,0,0,0,0,0,15800,0,15800,,0,189000,,08/07/2026 21:15:52	,10/07/2026 11:30:51	,09/07/2026 08:05:16	,09/07/2026 17:07:31	,10/07/2026 11:30:51	,"	",,,Fulfillment by seller,Kho HCMC,862076741263,Standard shipping,J&T Express,,q***0506,H** N*** Q**** ,(+84)035*****56,Việt Nam,Thành phố Hồ Chí Minh,Quận 7,**************,*********************************************************,,Cash on delivery,0.5,"Loofahs, Sponges, & Poufs",1202865809650648298	,,Unchecked,,Product cards,
584927788830524650	,Shipped,Delivered,,Normal,1732251749141154012	,ST01356,"Sữa Tắm Pháp Le Petit Marseillais Cho Nam Chiết Xuất Thiên Nhiên 4in1 Nhiều Mùi Hương Dưỡng Ẩm, Thơm Lâu - Phù Hợp Mọi Loại Da (250ml)","Hương Thông & Bạch Đàn Biển, Standard",1,0,269000,269000,0,80000,189000,0,15800,0,15800,,0,189000,,08/07/2026 21:15:52	,10/07/2026 11:30:51	,09/07/2026 08:05:16	,09/07/2026 17:07:31	,10/07/2026 11:30:51	,"	",,,Fulfillment by seller,Kho HCMC,862076741263,Standard shipping,J&T Express,,q***0506,H** N*** Q**** ,(+84)035*****56,Việt Nam,Thành phố Hồ Chí Minh,Quận 7,**************,*********************************************************,,Cash on delivery,0.5,Bath & Shower,1202865809650648298	,,Unchecked,,Product cards,
584927781514347754	,Canceled,Canceled,Cancel,Normal,1731317148230255836	,BONG TAM HQ,[Quà tặng không bán] Bông Tắm Tạo Bọt Mềm Mịn,Mặc định,1,1,0,0,0,0,0,0,15800,0,15800,,0,189000,0,08/07/2026 21:12:37	,"	","	","	","	",08/07/2026 21:16:45	,User,Need to change color or size,Fulfillment by seller,Kho HCMC,,Standard shipping,,,q***0506,H** N*** Q**** ,(+84)035*****56,Việt Nam,Thành phố Hồ Chí Minh,Quận 7,**************,*********************************************************,,Cash on delivery,0.5,"Loofahs, Sponges, & Poufs",1202865771641865450	,,Unchecked,,Videos,duongmanhkien19
584927781514347754	,Canceled,Canceled,Cancel,Normal,1732251749141219548	,ST01172,"Sữa Tắm Pháp Le Petit Marseillais Cho Nam Chiết Xuất Thiên Nhiên 4in1 Nhiều Mùi Hương Dưỡng Ẩm, Thơm Lâu - Phù Hợp Mọi Loại Da (250ml)","Hương Gỗ Tuyết Tùng & Dương Xỉ, Standard",1,1,269000,269000,0,80000,189000,0,15800,0,15800,,0,189000,189000,08/07/2026 21:12:37	,"	","	","	","	",08/07/2026 21:16:45	,User,Need to change color or size,Fulfillment by seller,Kho HCMC,,Standard shipping,,,q***0506,H** N*** Q**** ,(+84)035*****56,Việt Nam,Thành phố Hồ Chí Minh,Quận 7,**************,*********************************************************,,Cash on delivery,0.5,Bath & Shower,1202865771641865450	,,Unchecked,,Videos,duongmanhkien19
584927508082427844	,Shipped,Delivered,,Normal,1735912571878606044	,ST01356 + ST01172,Combo 2 Sữa Tắm Nam Le Petit Marseillais 4in1 Cho Tóc Mặt Râu Toàn Thân 250ml,"Thông Biển & Bạch Đàn, Gỗ Tuyết Tùng Và Dương Xỉ",1,0,538000,538000,60480,160000,317520,0,35100,0,35100,,0,317520,,08/07/2026 20:57:32	,10/07/2026 15:45:54	,09/07/2026 08:05:16	,09/07/2026 11:00:44	,10/07/2026 15:45:54	,"	",,,Fulfillment by seller,Kho HN,862072751263,Standard shipping,J&T Express,,s***n_long.solo,L*** s***,(+84)088*****97,Việt Nam,Lạng Sơn,Xã Chi Lăng,***********,***********,*********************************************,Cash on delivery,0.6,Bath & Body Care,1202864294841124804	,,Unchecked,,LIVE,lepetitmarseillaisvn
584927354602095726	,Shipped,Delivered,,Normal,1732250801269147868	,ST06999,"Sữa Tắm/Gel Tắm Pháp Le Petit Marseillais Chiết Xuất Thiên Nhiên 650ml - Sữa Tắm Lưu Hương Lành Tính - Dịu Nhẹ, An Toàn Cho Da","Dừa, Standard",1,0,499000,499000,0,110000,389000,0,39400,0,39400,,0,389000,,08/07/2026 20:49:26	,11/07/2026 12:15:42	,09/07/2026 08:05:16	,09/07/2026 17:07:31	,11/07/2026 12:15:42	,"	",,,Fulfillment by seller,Kho HCMC,862005551263,Standard shipping,J&T Express,,n***thanhtuan5,N*** T***,(+84)967****75,Việt Nam,Đồng Nai,Xã Phước Sơn,************,******************************,*************,Cash on delivery,1,Bath & Shower,1202863747993797742	,,Unchecked,,LIVE,lepetitmarseillaisvn
584927354602095726	,Shipped,Completed,,Normal,1735803348866008284	,DX74752,Dầu Xả Cấp Ẩm Le Petit Marseillais Nước Dừa Hữu Cơ 200ml,Mặc định,1,0,0,0,0,0,0,0,39400,0,39400,,0,389000,,08/07/2026 20:49:26	,11/07/2026 12:15:42	,09/07/2026 08:05:16	,09/07/2026 17:07:31	,11/07/2026 12:15:42	,"	",,,Fulfillment by seller,Kho HCMC,862005551263,Standard shipping,J&T Express,,n***thanhtuan5,N*** T***,(+84)967****75,Việt Nam,Đồng Nai,Xã Phước Sơn,************,******************************,*************,Cash on delivery,0.25,Shampoo & Conditioner,1202863747993797742	,,Unchecked,,LIVE,lepetitmarseillaisvn
584927249082582100	,Shipped,Delivered,,Normal,1735912571878933724	,ST04371 + ST01172,Combo 2 Sữa Tắm Nam Le Petit Marseillais 4in1 Cho Tóc Mặt Râu Toàn Thân 250ml,"Gừng Và Gỗ Bách Tươi , Gỗ Tuyết Tùng Và Dương Xỉ",1,0,538000,538000,0,160000,378000,0,14200,0,14200,,0,378000,,08/07/2026 20:41:20	,08/07/2026 20:41:26	,09/07/2026 08:05:16	,09/07/2026 17:07:31	,10/07/2026 11:36:14	,"	",,,Fulfillment by seller,Kho HCMC,862017131263,Standard shipping,J&T Express,,t***11,c***,(+84)090*****89,Việt Nam,Hồ Chí Minh,Phường An Hội Tây,*****************,***********************,,Credit/debit card,0.6,Bath & Body Care,1202862580719977556	,,Unchecked,,LIVE,lepetitmarseillaisvn
584927199650546772	,Canceled,Canceled,Cancel,Normal,1732250801268820188	,ST01868,"Sữa Tắm/Gel Tắm Pháp Le Petit Marseillais Chiết Xuất Thiên Nhiên 650ml - Sữa Tắm Lưu Hương Lành Tính - Dịu Nhẹ, An Toàn Cho Da","Hương Chanh & Bưởi Hồng, Standard",1,1,499000,499000,0,110000,389000,0,15400,0,15400,,0,389000,389000,08/07/2026 20:38:15	,08/07/2026 20:38:20	,"	","	","	",08/07/2026 20:39:14	,User,Need to change color or size,Fulfillment by seller,Kho HCMC,,Standard shipping,,,t***11,c***,(+84)090*****89,Việt Nam,Hồ Chí Minh,Phường An Hội Tây,*****************,***********************,,Credit/debit card,1,Bath & Shower,1202862226949637204	,,Unchecked,,LIVE,lepetitmarseillaisvn
584927199650546772	,Canceled,Canceled,Cancel,Normal,1735803348866008284	,DX74752,Dầu Xả Cấp Ẩm Le Petit Marseillais Nước Dừa Hữu Cơ 200ml,Mặc định,1,1,0,0,0,0,0,0,15400,0,15400,,0,389000,0,08/07/2026 20:38:15	,08/07/2026 20:38:20	,"	","	","	",08/07/2026 20:39:14	,User,Need to change color or size,Fulfillment by seller,Kho HCMC,,Standard shipping,,,t***11,c***,(+84)090*****89,Việt Nam,Hồ Chí Minh,Phường An Hội Tây,*****************,***********************,,Credit/debit card,0.25,Shampoo & Conditioner,1202862226949637204	,,Unchecked,,LIVE,lepetitmarseillaisvn
584927116631508223	,Shipped,Completed,,Normal,1731317148230255836	,BONG TAM HQ,[Quà tặng không bán] Bông Tắm Tạo Bọt Mềm Mịn,Mặc định,1,0,0,0,0,0,0,0,35100,0,35100,,0,189000,,08/07/2026 20:33:00	,10/07/2026 22:31:22	,09/07/2026 08:05:16	,09/07/2026 11:00:44	,10/07/2026 22:31:22	,"	",,,Fulfillment by seller,Kho HN,862093101263,Standard shipping,J&T Express,,h***g3101,N***** V** H**,(+84)076*****84,Việt Nam,Hải Phòng,Phường Thủy Nguyên,******************,******************************************************,***********************************************,Cash on delivery,0.5,"Loofahs, Sponges, & Poufs",1202862646318499071	,,Unchecked,,Product cards,
584927116631508223	,Shipped,Delivered,,Normal,1732251749141219548	,ST01172,"Sữa Tắm Pháp Le Petit Marseillais Cho Nam Chiết Xuất Thiên Nhiên 4in1 Nhiều Mùi Hương Dưỡng Ẩm, Thơm Lâu - Phù Hợp Mọi Loại Da (250ml)","Hương Gỗ Tuyết Tùng & Dương Xỉ, Standard",1,0,269000,269000,0,80000,189000,0,35100,0,35100,,0,189000,,08/07/2026 20:33:00	,10/07/2026 22:31:22	,09/07/2026 08:05:16	,09/07/2026 11:00:44	,10/07/2026 22:31:22	,"	",,,Fulfillment by seller,Kho HN,862093101263,Standard shipping,J&T Express,,h***g3101,N***** V** H**,(+84)076*****84,Việt Nam,Hải Phòng,Phường Thủy Nguyên,******************,******************************************************,***********************************************,Cash on delivery,0.5,Bath & Shower,1202862646318499071	,,Unchecked,,Product cards,
584926744788043075	,Shipped,Completed,,Normal,1731317148230255836	,BONG TAM HQ,[Quà tặng không bán] Bông Tắm Tạo Bọt Mềm Mịn,Mặc định,1,0,0,0,0,0,0,0,35100,0,35100,,0,151200,,08/07/2026 20:13:06	,10/07/2026 10:20:01	,09/07/2026 08:05:17	,09/07/2026 17:07:31	,10/07/2026 10:20:01	,"	",,,Fulfillment by seller,Kho HCMC,862092561263,Standard shipping,J&T Express,,m***ag9,M*** T**,(+84)094*****50,Vietnam,Long An,Chau Thanh,*********,*********,*******************************************,Cash on delivery,0.5,"Loofahs, Sponges, & Poufs",1202860518106826051	,,Unchecked,,LIVE,lepetitmarseillaisvn
584926744788043075	,Shipped,Delivered,,Normal,1736140698773325020	,ST48441,[KOL] Sữa Tắm Pháp Le Petit Marseillais Thiên Nhiên 250ml,"Quả Mâm Xôi & Hoa Mẫu Đơn, Standard",1,0,269000,269000,37800,80000,151200,0,35100,0,35100,,0,151200,,08/07/2026 20:13:06	,10/07/2026 10:20:01	,09/07/2026 08:05:17	,09/07/2026 17:07:31	,10/07/2026 10:20:01	,"	",,,Fulfillment by seller,Kho HCMC,862092561263,Standard shipping,J&T Express,,m***ag9,M*** T**,(+84)094*****50,Vietnam,Long An,Chau Thanh,*********,*********,*******************************************,Cash on delivery,0.5,Bath & Shower,1202860518106826051	,,Unchecked,,LIVE,lepetitmarseillaisvn
584926418474928089	,Shipped,Completed,,Normal,1731317148230255836	,BONG TAM HQ,[Quà tặng không bán] Bông Tắm Tạo Bọt Mềm Mịn,Mặc định,1,0,0,0,0,0,0,0,35100,0,35100,,0,189000,,08/07/2026 19:56:50	,10/07/2026 09:28:00	,09/07/2026 08:05:16	,09/07/2026 17:07:31	,10/07/2026 09:28:00	,"	",,,Fulfillment by seller,Kho HCMC,862026091263,Standard shipping,J&T Express,,h***301,S******,(+84)889****99,越南,Dong Nai,Dinh Quan,*******,**************************************************,,Cash on delivery,0.5,"Loofahs, Sponges, & Poufs",1202859010247395289	,,Unchecked,,LIVE,lepetitmarseillaisvn
584926418474928089	,Shipped,Delivered,,Normal,1736140703119410396	,ST01172,"[KOL] Sữa Tắm Nam Le Petit Marseillais 4in1 250ml - Thơm Lâu, Dưỡng Ẩm","Hương Gỗ Tuyết Tùng & Dương Xỉ, Standard",1,0,269000,269000,0,80000,189000,0,35100,0,35100,,0,189000,,08/07/2026 19:56:50	,10/07/2026 09:28:00	,09/07/2026 08:05:16	,09/07/2026 17:07:31	,10/07/2026 09:28:00	,"	",,,Fulfillment by seller,Kho HCMC,862026091263,Standard shipping,J&T Express,,h***301,S******,(+84)889****99,越南,Dong Nai,Dinh Quan,*******,**************************************************,,Cash on delivery,0.5,Bath & Shower,1202859010247395289	,,Unchecked,,LIVE,lepetitmarseillaisvn
584926390862841669	,Shipped,Delivered,,Normal,1732250801268885724	,ST68816,"Sữa Tắm/Gel Tắm Pháp Le Petit Marseillais Chiết Xuất Thiên Nhiên 650ml - Sữa Tắm Lưu Hương Lành Tính - Dịu Nhẹ, An Toàn Cho Da","Hoa Tiare, Standard",1,0,499000,499000,0,110000,389000,0,48600,0,48600,,0,389000,,08/07/2026 19:50:24	,10/07/2026 19:55:50	,09/07/2026 08:05:16	,09/07/2026 17:07:31	,10/07/2026 19:55:50	,"	",,,Fulfillment by seller,Kho HCMC,862053921263,Standard shipping,J&T Express,,v***hanh.1020,v** k****,(+84)978****69,Việt Nam,Khánh Hòa,Nha Trang,***********,*****************************,***,Cash on delivery,1,Bath & Shower,1202858154545350469	,,Unchecked,,Product cards,
584926390862841669	,Shipped,Completed,,Normal,1735803348866008284	,DX74752,Dầu Xả Cấp Ẩm Le Petit Marseillais Nước Dừa Hữu Cơ 200ml,Mặc định,1,0,0,0,0,0,0,0,48600,0,48600,,0,389000,,08/07/2026 19:50:24	,10/07/2026 19:55:50	,09/07/2026 08:05:16	,09/07/2026 17:07:31	,10/07/2026 19:55:50	,"	",,,Fulfillment by seller,Kho HCMC,862053921263,Standard shipping,J&T Express,,v***hanh.1020,v** k****,(+84)978****69,Việt Nam,Khánh Hòa,Nha Trang,***********,*****************************,***,Cash on delivery,0.25,Shampoo & Conditioner,1202858154545350469	,,Unchecked,,Product cards,
584926293549483993	,Shipped,Delivered,,Normal,1732250801268689116	,ST01902,"Sữa Tắm/Gel Tắm Pháp Le Petit Marseillais Chiết Xuất Thiên Nhiên 650ml - Sữa Tắm Lưu Hương Lành Tính - Dịu Nhẹ, An Toàn Cho Da","Thông & Bạch Đàn Biển, Standard",1,0,499000,499000,80320,110000,308680,0,39400,0,39400,,0,308680,,08/07/2026 19:47:08	,10/07/2026 09:28:00	,09/07/2026 08:05:17	,09/07/2026 17:07:31	,10/07/2026 09:28:00	,"	",,,Fulfillment by seller,Kho HCMC,862095031263,Standard shipping,J&T Express,,h***301,S******,(+84)889****99,越南,Dong Nai,Dinh Quan,*******,**************************************************,,Cash on delivery,1,Bath & Shower,1202857767220774873	,,Unchecked,,LIVE,lepetitmarseillaisvn
584926293549483993	,Shipped,Completed,,Normal,1735803348866008284	,DX74752,Dầu Xả Cấp Ẩm Le Petit Marseillais Nước Dừa Hữu Cơ 200ml,Mặc định,1,0,0,0,0,0,0,0,39400,0,39400,,0,308680,,08/07/2026 19:47:08	,10/07/2026 09:28:00	,09/07/2026 08:05:17	,09/07/2026 17:07:31	,10/07/2026 09:28:00	,"	",,,Fulfillment by seller,Kho HCMC,862095031263,Standard shipping,J&T Express,,h***301,S******,(+84)889****99,越南,Dong Nai,Dinh Quan,*******,**************************************************,,Cash on delivery,0.25,Shampoo & Conditioner,1202857767220774873	,,Unchecked,,LIVE,lepetitmarseillaisvn
584926029008504193	,Shipped,Completed,,Normal,1731317148230255836	,BONG TAM HQ,[Quà tặng không bán] Bông Tắm Tạo Bọt Mềm Mịn,Mặc định,1,0,0,0,0,0,0,0,15800,0,15800,,0,166320,,08/07/2026 19:30:36	,10/07/2026 11:17:43	,09/07/2026 08:05:16	,09/07/2026 17:07:31	,10/07/2026 11:17:43	,"	",,,Fulfillment by seller,Kho HCMC,862012171263,Standard shipping,J&T Express,,d***.tran54,t*** a** k***,(+84)936****38,Việt Nam,Hồ Chí Minh,Phường An Khánh,***************,*******************************,**********,Cash on delivery,0.5,"Loofahs, Sponges, & Poufs",1202856948341114241	,,Unchecked,,Product cards,
584926029008504193	,Shipped,Delivered,,Normal,1732251749141219548	,ST01172,"Sữa Tắm Pháp Le Petit Marseillais Cho Nam Chiết Xuất Thiên Nhiên 4in1 Nhiều Mùi Hương Dưỡng Ẩm, Thơm Lâu - Phù Hợp Mọi Loại Da (250ml)","Hương Gỗ Tuyết Tùng & Dương Xỉ, Standard",1,0,269000,269000,22680,80000,166320,0,15800,0,15800,,0,166320,,08/07/2026 19:30:36	,10/07/2026 11:17:43	,09/07/2026 08:05:16	,09/07/2026 17:07:31	,10/07/2026 11:17:43	,"	",,,Fulfillment by seller,Kho HCMC,862012171263,Standard shipping,J&T Express,,d***.tran54,t*** a** k***,(+84)936****38,Việt Nam,Hồ Chí Minh,Phường An Khánh,***************,*******************************,**********,Cash on delivery,0.5,Bath & Shower,1202856948341114241	,,Unchecked,,Product cards,
584925121338836424	,Shipped,Completed,,Normal,1735803348866008284	,DX74752,Dầu Xả Cấp Ẩm Le Petit Marseillais Nước Dừa Hữu Cơ 200ml,Mặc định,1,0,0,0,0,0,0,0,34000,0,34000,,0,318980,,08/07/2026 18:29:26	,08/07/2026 18:29:34	,09/07/2026 08:05:16	,09/07/2026 11:00:44	,10/07/2026 10:54:28	,"	",,,Fulfillment by seller,Kho HN,862032771263,Standard shipping,J&T Express,,u***5414652617719,H* T** H****,(+84)086*****90,Việt Nam,Thái Nguyên,Phường Quyết Thắng,******************,***********************************************************,,Credit/debit card + TikTok Shop Balance,0.25,Shampoo & Conditioner,1202851058002396616	,,Unchecked,,Product cards,
584925121338836424	,Shipped,Delivered,,Normal,1732250801268754652	,ST01295,"Sữa Tắm/Gel Tắm Pháp Le Petit Marseillais Chiết Xuất Thiên Nhiên 650ml - Sữa Tắm Lưu Hương Lành Tính - Dịu Nhẹ, An Toàn Cho Da","Lá Oliu & Hoa Bồ Đề, Standard",1,0,499000,499000,70020,110000,318980,0,34000,0,34000,,0,318980,,08/07/2026 18:29:26	,08/07/2026 18:29:34	,09/07/2026 08:05:16	,09/07/2026 11:00:44	,10/07/2026 10:54:28	,"	",,,Fulfillment by seller,Kho HN,862032771263,Standard shipping,J&T Express,,u***5414652617719,H* T** H****,(+84)086*****90,Việt Nam,Thái Nguyên,Phường Quyết Thắng,******************,***********************************************************,,Credit/debit card + TikTok Shop Balance,1,Bath & Shower,1202851058002396616	,,Unchecked,,Product cards,
584923920566224135	,Canceled,Canceled,Cancel,Normal,1731317148230255836	,BONG TAM HQ,[Quà tặng không bán] Bông Tắm Tạo Bọt Mềm Mịn,Mặc định,1,1,0,0,0,0,0,0,35100,0,35100,1500,0,187500,0,08/07/2026 17:05:43	,08/07/2026 17:05:47	,"	","	","	",08/07/2026 19:17:29	,User,Need to change payment method,Fulfillment by seller,Kho HCMC,,Standard shipping,,,t***ncudeptrai_08,q**** a**,(+84)949****37,Việt Nam,Đồng Tháp,Xã Cái Bè,*********,**********,********,Zalopay,0.5,"Loofahs, Sponges, & Poufs",1202841943680648455	,,Unchecked,,Product cards,
584923920566224135	,Canceled,Canceled,Cancel,Normal,1732250914985380060	,ST01240,"Sữa Tắm/Gel Tắm Pháp Le Petit Marseillais Thiên Nhiên 250ml - Sữa Tắm Lưu Hương Lành Tính - Dịu Nhẹ, An Toàn Cho Da","Đào Trắng & Quả Xuân Đào, Standard",1,1,269000,269000,0,80000,189000,0,35100,0,35100,1500,0,187500,189000,08/07/2026 17:05:43	,08/07/2026 17:05:47	,"	","	","	",08/07/2026 19:17:29	,User,Need to change payment method,Fulfillment by seller,Kho HCMC,,Standard shipping,,,t***ncudeptrai_08,q**** a**,(+84)949****37,Việt Nam,Đồng Tháp,Xã Cái Bè,*********,**********,********,Zalopay,0.5,Bath & Shower,1202841943680648455	,,Unchecked,,Product cards,
584923804843607737	,Shipped,Delivered,,Normal,1732251749141022940	,ST01431,"Sữa Tắm Pháp Le Petit Marseillais Cho Nam Chiết Xuất Thiên Nhiên 4in1 Nhiều Mùi Hương Dưỡng Ẩm, Thơm Lâu - Phù Hợp Mọi Loại Da (250ml)","Hương Cam & Tinh Dầu Argan, Standard",1,0,269000,269000,34850,80000,154150,0,48600,0,48600,,0,308300,,08/07/2026 16:53:46	,10/07/2026 13:10:52	,08/07/2026 16:59:37	,09/07/2026 17:07:31	,10/07/2026 13:10:52	,"	",,,Fulfillment by seller,Kho HCMC,862025699492,Standard shipping,J&T Express,,e***n29495,N**,(+84)032*****72,Việt Nam,Lâm Đồng,Bảo Lộc,********,**********************************************,********,Cash on delivery,0.5,Bath & Shower,1202840199969801913	,,Unchecked,,Product cards,
584923804843607737	,Shipped,Delivered,,Normal,1732251749141219548	,ST01172,"Sữa Tắm Pháp Le Petit Marseillais Cho Nam Chiết Xuất Thiên Nhiên 4in1 Nhiều Mùi Hương Dưỡng Ẩm, Thơm Lâu - Phù Hợp Mọi Loại Da (250ml)","Hương Gỗ Tuyết Tùng & Dương Xỉ, Standard",1,0,269000,269000,34850,80000,154150,0,48600,0,48600,,0,308300,,08/07/2026 16:53:46	,10/07/2026 13:10:52	,08/07/2026 16:59:37	,09/07/2026 17:07:31	,10/07/2026 13:10:52	,"	",,,Fulfillment by seller,Kho HCMC,862025699492,Standard shipping,J&T Express,,e***n29495,N**,(+84)032*****72,Việt Nam,Lâm Đồng,Bảo Lộc,********,**********************************************,********,Cash on delivery,0.5,Bath & Shower,1202840199969801913	,,Unchecked,,Product cards,
584923804843607737	,Shipped,Completed,,Normal,1733398526731846876	,ST04371,Sữa Tắm Nam 4 in 1 Thiên Nhiên Le Petit Marseillais Chiết Xuất Gừng & Gỗ Bách Hương 250ml 4371,Mặc định,1,0,0,0,0,0,0,0,48600,0,48600,,0,308300,,08/07/2026 16:53:46	,10/07/2026 13:10:52	,08/07/2026 16:59:37	,09/07/2026 17:07:31	,10/07/2026 13:10:52	,"	",,,Fulfillment by seller,Kho HCMC,862025699492,Standard shipping,J&T Express,,e***n29495,N**,(+84)032*****72,Việt Nam,Lâm Đồng,Bảo Lộc,********,**********************************************,********,Cash on delivery,0.4,Bath & Body Care,1202840199969801913	,,Unchecked,,Product cards,
584923678973199457	,Shipped,Delivered,,Normal,1735912571878606044	,ST01356 + ST01172,Combo 2 Sữa Tắm Nam Le Petit Marseillais 4in1 Cho Tóc Mặt Râu Toàn Thân 250ml,"Thông Biển & Bạch Đàn, Gỗ Tuyết Tùng Và Dương Xỉ",1,0,538000,538000,75600,160000,302400,0,15800,0,15800,,0,302400,,08/07/2026 16:47:32	,10/07/2026 22:15:39	,08/07/2026 16:59:37	,09/07/2026 11:00:44	,10/07/2026 22:15:39	,"	",,,Fulfillment by seller,Kho HN,862063519492,Standard shipping,J&T Express,,b***ii37,T*******,(+84)964****93,Vietnam,Ha Noi,Dong Da,********,*******************,,Cash on delivery,0.6,Bath & Body Care,1202839626945496161	,,Unchecked,,LIVE,lepetitmarseillaisvn
584923590158419016	,Shipped,Completed,,Normal,1734496577198523612	,1 BÁNH-XP,Xà Phòng Le Petit Marseillais Chính Hãng Bánh Xà Phòng Tắm Thiên Nhiên (Ngẫu nhiên)  1 Bánh,Mặc định,1,0,0,0,0,0,0,0,16600,0,16600,,0,321300,,08/07/2026 16:36:56	,10/07/2026 13:38:52	,08/07/2026 16:44:14	,09/07/2026 11:00:44	,10/07/2026 13:38:52	,"	",,,Fulfillment by seller,Kho HN,862045739442,Standard shipping,J&T Express,,d***hong1990,V**** H**,(+84)098*****12,Việt Nam,Hà Nội,Cầu Giấy,*********,********************,******,Cash on delivery,0.1,Bath & Shower,1202838103484892232	,,Unchecked,,LIVE,lepetitmarseillaisvn
584923590158419016	,Shipped,Delivered,,Normal,1736012795077035228	,ST48441+ST65434,Combo 2 Sữa Tắm Nữ Pháp Le Petit Marseillais 250ml - Thiên Nhiên Dịu Nhẹ,"Quả Mâm Xôi Hữu Cơ & Hoa Mẫu Đơn, Bông Và Hoa Anh Túc",1,0,538000,538000,56700,160000,321300,0,16600,0,16600,,0,321300,,08/07/2026 16:36:56	,10/07/2026 13:38:52	,08/07/2026 16:44:14	,09/07/2026 11:00:44	,10/07/2026 13:38:52	,"	",,,Fulfillment by seller,Kho HN,862045739442,Standard shipping,J&T Express,,d***hong1990,V**** H**,(+84)098*****12,Việt Nam,Hà Nội,Cầu Giấy,*********,********************,******,Cash on delivery,0.6,Bath & Shower,1202838103484892232	,,Unchecked,,LIVE,lepetitmarseillaisvn
584923474877056665	,Canceled,Canceled,Cancel,Normal,1731317148230255836	,BONG TAM HQ,[Quà tặng không bán] Bông Tắm Tạo Bọt Mềm Mịn,Mặc định,1,1,0,0,0,0,0,0,15800,0,15800,,0,189000,0,08/07/2026 16:31:18	,"	","	","	","	",08/07/2026 16:31:59	,User,No longer needed,Fulfillment by seller,Kho HN,,Standard shipping,,,r***ahyaganika2005,L** A** l***,(+84)868****62,Việt Nam,Hà Nội,Phường Cầu Giấy,***************,**********************,******************************************,Cash on delivery,0.5,"Loofahs, Sponges, & Poufs",1202838736079062681	,,Unchecked,,LIVE,lepetitmarseillaisvn
584923474877056665	,Canceled,Canceled,Cancel,Normal,1732250914985117916	,ST65434,"Sữa Tắm/Gel Tắm Pháp Le Petit Marseillais Thiên Nhiên 250ml - Sữa Tắm Lưu Hương Lành Tính - Dịu Nhẹ, An Toàn Cho Da","Hương Bông & Hoa Anh Túc, Standard",1,1,269000,269000,0,80000,189000,0,15800,0,15800,,0,189000,189000,08/07/2026 16:31:18	,"	","	","	","	",08/07/2026 16:31:59	,User,No longer needed,Fulfillment by seller,Kho HN,,Standard shipping,,,r***ahyaganika2005,L** A** l***,(+84)868****62,Việt Nam,Hà Nội,Phường Cầu Giấy,***************,**********************,******************************************,Cash on delivery,0.5,Bath & Shower,1202838736079062681	,,Unchecked,,LIVE,lepetitmarseillaisvn
584923342661322615	,Canceled,Canceled,Cancel,Normal,1731317148230255836	,BONG TAM HQ,[Quà tặng không bán] Bông Tắm Tạo Bọt Mềm Mịn,Mặc định,1,1,0,0,0,0,0,0,15800,0,15800,,0,189000,0,08/07/2026 16:18:53	,"	","	","	","	",08/07/2026 16:21:08	,User,Better price available,Fulfillment by seller,Kho HN,,Standard shipping,,,t***gtron2116,T**** n*****,(+84)915****10,Việt Nam,Hà Nội,Hai Bà Trưng,********,*************************,,Cash on delivery,0.5,"Loofahs, Sponges, & Poufs",1202836467294701431	,,Unchecked,,LIVE,lepetitmarseillaisvn
584923342661322615	,Canceled,Canceled,Cancel,Normal,1732251749141022940	,ST01431,"Sữa Tắm Pháp Le Petit Marseillais Cho Nam Chiết Xuất Thiên Nhiên 4in1 Nhiều Mùi Hương Dưỡng Ẩm, Thơm Lâu - Phù Hợp Mọi Loại Da (250ml)","Hương Cam & Tinh Dầu Argan, Standard",1,1,269000,269000,0,80000,189000,0,15800,0,15800,,0,189000,189000,08/07/2026 16:18:53	,"	","	","	","	",08/07/2026 16:21:08	,User,Better price available,Fulfillment by seller,Kho HN,,Standard shipping,,,t***gtron2116,T**** n*****,(+84)915****10,Việt Nam,Hà Nội,Hai Bà Trưng,********,*************************,,Cash on delivery,0.5,Bath & Shower,1202836467294701431	,,Unchecked,,LIVE,lepetitmarseillaisvn
584922451837093239	,Shipped,Completed,,Normal,1731317148230255836	,BONG TAM HQ,[Quà tặng không bán] Bông Tắm Tạo Bọt Mềm Mịn,Mặc định,1,0,0,0,0,0,0,0,47600,0,47600,,0,189000,,08/07/2026 15:07:34	,10/07/2026 17:13:27	,08/07/2026 15:29:51	,08/07/2026 16:24:28	,10/07/2026 17:13:27	,"	",,,Fulfillment by seller,Kho HN,862042029072,Standard shipping,J&T Express,,l***uyenhuyphuong,H** P*****,(+84)091*****61,Việt Nam,Thừa Thiên-Huế,Phú Vang,**********,*************************,,Cash on delivery,0.5,"Loofahs, Sponges, & Poufs",1202827691688822135	,,Unchecked,,Videos,man.trung.737
584922451837093239	,Shipped,Delivered,,Normal,1732251749141219548	,ST01172,"Sữa Tắm Pháp Le Petit Marseillais Cho Nam Chiết Xuất Thiên Nhiên 4in1 Nhiều Mùi Hương Dưỡng Ẩm, Thơm Lâu - Phù Hợp Mọi Loại Da (250ml)","Hương Gỗ Tuyết Tùng & Dương Xỉ, Standard",1,0,269000,269000,0,80000,189000,0,47600,0,47600,,0,189000,,08/07/2026 15:07:34	,10/07/2026 17:13:27	,08/07/2026 15:29:51	,08/07/2026 16:24:28	,10/07/2026 17:13:27	,"	",,,Fulfillment by seller,Kho HN,862042029072,Standard shipping,J&T Express,,l***uyenhuyphuong,H** P*****,(+84)091*****61,Việt Nam,Thừa Thiên-Huế,Phú Vang,**********,*************************,,Cash on delivery,0.5,Bath & Shower,1202827691688822135	,,Unchecked,,Videos,man.trung.737
584922096097592648	,Shipped,Completed,,Normal,1731317148230255836	,BONG TAM HQ,[Quà tặng không bán] Bông Tắm Tạo Bọt Mềm Mịn,Mặc định,1,0,0,0,0,0,0,0,35500,0,35500,,0,189000,,08/07/2026 14:45:52	,10/07/2026 20:32:13	,08/07/2026 14:57:12	,08/07/2026 15:54:00	,10/07/2026 20:32:13	,"	",,,Fulfillment by seller,Kho HCMC,862098588922,Standard shipping,J&T Express,,c***ingtour_hoian,H**,(+84)343****55,Vietnam,Quang Nam,Hoi An,********,************************************,,Cash on delivery,0.5,"Loofahs, Sponges, & Poufs",1202824561880958280	,,Unchecked,,Videos,munbeobeo
584922096097592648	,Shipped,Delivered,,Normal,1732250914985052380	,ST48441,"Sữa Tắm/Gel Tắm Pháp Le Petit Marseillais Thiên Nhiên 250ml - Sữa Tắm Lưu Hương Lành Tính - Dịu Nhẹ, An Toàn Cho Da","Quả Mâm Xôi & Hoa Mẫu Đơn, Standard",1,0,269000,269000,0,80000,189000,0,35500,0,35500,,0,189000,,08/07/2026 14:45:52	,10/07/2026 20:32:13	,08/07/2026 14:57:12	,08/07/2026 15:54:00	,10/07/2026 20:32:13	,"	",,,Fulfillment by seller,Kho HCMC,862098588922,Standard shipping,J&T Express,,c***ingtour_hoian,H**,(+84)343****55,Vietnam,Quang Nam,Hoi An,********,************************************,,Cash on delivery,0.5,Bath & Shower,1202824561880958280	,,Unchecked,,Videos,munbeobeo
584920978602427933	,Shipped,Completed,,Normal,1731317148230255836	,BONG TAM HQ,[Quà tặng không bán] Bông Tắm Tạo Bọt Mềm Mịn,Mặc định,1,0,0,0,0,0,0,0,35500,0,35500,,0,170100,,08/07/2026 13:25:08	,10/07/2026 09:55:20	,08/07/2026 13:49:28	,08/07/2026 16:24:28	,10/07/2026 09:55:20	,"	",,,Fulfillment by seller,Kho HN,862080748262,Standard shipping,J&T Express,,u***4983254056622,T*** T**** H***,(+84)989****80,Việt Nam,Đà Nẵng,Hải Châu,**********,*********************************************************,,Cash on delivery,0.5,"Loofahs, Sponges, & Poufs",1202814458442057245	,,Unchecked,,Videos,ngochane.2001
584920978602427933	,Shipped,Delivered,,Normal,1732251749141219548	,ST01172,"Sữa Tắm Pháp Le Petit Marseillais Cho Nam Chiết Xuất Thiên Nhiên 4in1 Nhiều Mùi Hương Dưỡng Ẩm, Thơm Lâu - Phù Hợp Mọi Loại Da (250ml)","Hương Gỗ Tuyết Tùng & Dương Xỉ, Standard",1,0,269000,269000,18900,80000,170100,0,35500,0,35500,,0,170100,,08/07/2026 13:25:08	,10/07/2026 09:55:20	,08/07/2026 13:49:28	,08/07/2026 16:24:28	,10/07/2026 09:55:20	,"	",,,Fulfillment by seller,Kho HN,862080748262,Standard shipping,J&T Express,,u***4983254056622,T*** T**** H***,(+84)989****80,Việt Nam,Đà Nẵng,Hải Châu,**********,*********************************************************,,Cash on delivery,0.5,Bath & Shower,1202814458442057245	,,Unchecked,,Videos,ngochane.2001
584920243270092133	,Shipped,Delivered,,Normal,1732250801269475548	,ST00809,"Sữa Tắm/Gel Tắm Pháp Le Petit Marseillais Chiết Xuất Thiên Nhiên 650ml - Sữa Tắm Lưu Hương Lành Tính - Dịu Nhẹ, An Toàn Cho Da","Quả Mơ & Hạt Phỉ, Standard",1,0,499000,499000,66980,105000,327020,0,37800,0,37800,,0,483890,,08/07/2026 12:31:17	,09/07/2026 18:44:59	,08/07/2026 13:21:48	,08/07/2026 15:54:00	,09/07/2026 18:44:59	,"	",,,Fulfillment by seller,Kho HCMC,862003828012,Standard shipping,J&T Express,,p***nglinhvtb92,L* p***** l***,(+84)091*****75,Việt Nam,An Giang,Châu Đốc,**********,***********************************************************,,Cash on delivery,1,Bath & Shower,1202806536927806821	,,Unchecked,,LIVE,lepetitmarseillaisvn
584920243270092133	,Shipped,Delivered,,Normal,1732251749141219548	,ST01172,"Sữa Tắm Pháp Le Petit Marseillais Cho Nam Chiết Xuất Thiên Nhiên 4in1 Nhiều Mùi Hương Dưỡng Ẩm, Thơm Lâu - Phù Hợp Mọi Loại Da (250ml)","Hương Gỗ Tuyết Tùng & Dương Xỉ, Standard",1,0,269000,269000,32130,80000,156870,0,37800,0,37800,,0,483890,,08/07/2026 12:31:17	,09/07/2026 18:44:59	,08/07/2026 13:21:48	,08/07/2026 15:54:00	,09/07/2026 18:44:59	,"	",,,Fulfillment by seller,Kho HCMC,862003828012,Standard shipping,J&T Express,,p***nglinhvtb92,L* p***** l***,(+84)091*****75,Việt Nam,An Giang,Châu Đốc,**********,***********************************************************,,Cash on delivery,0.5,Bath & Shower,1202806536927806821	,,Unchecked,,Videos,lepthelittlekid
584920243270092133	,Shipped,Completed,,Normal,1735803348866008284	,DX74752,Dầu Xả Cấp Ẩm Le Petit Marseillais Nước Dừa Hữu Cơ 200ml,Mặc định,1,0,0,0,0,0,0,0,37800,0,37800,,0,483890,,08/07/2026 12:31:17	,09/07/2026 18:44:59	,08/07/2026 13:21:48	,08/07/2026 15:54:00	,09/07/2026 18:44:59	,"	",,,Fulfillment by seller,Kho HCMC,862003828012,Standard shipping,J&T Express,,p***nglinhvtb92,L* p***** l***,(+84)091*****75,Việt Nam,An Giang,Châu Đốc,**********,***********************************************************,,Cash on delivery,0.25,Shampoo & Conditioner,1202806536927806821	,,Unchecked,,LIVE,lepetitmarseillaisvn
584919992507335728	,Shipped,Delivered,,Normal,1732251749141219548	,ST01172,"Sữa Tắm Pháp Le Petit Marseillais Cho Nam Chiết Xuất Thiên Nhiên 4in1 Nhiều Mùi Hương Dưỡng Ẩm, Thơm Lâu - Phù Hợp Mọi Loại Da (250ml)","Hương Gỗ Tuyết Tùng & Dương Xỉ, Standard",1,0,269000,269000,15000,80000,174000,0,14000,0,14000,,0,174000,,08/07/2026 12:17:31	,08/07/2026 12:17:36	,08/07/2026 13:21:48	,08/07/2026 15:54:00	,09/07/2026 09:14:50	,"	",,,Fulfillment by seller,Kho HCMC,862062768012,Standard shipping,J&T Express,,h***gnv200588,N***** V* H**** 2***,(+84)096*****07,Việt Nam,Hồ Chí Minh,Thủ Đức,*********,*******************,*************,Credit/debit card,0.5,Bath & Shower,1202805147288110128	,,Unchecked,,Videos,man.trung.737
584919688400832383	,Shipped,Delivered,,Normal,1732252943759018204	,DG74042,"Dầu Gội Thiên Nhiên Le Petit Marseillais Nhiều Mùi Hương 250ml Dưỡng Ẩm, Thơm Lâu - Phù Hợp Mọi Loại Da",Trị Gàu 2 In 1 Tinh Dầu Bạc Hà,1,0,329000,329000,0,62000,267000,0,14000,0,14000,,0,267000,,08/07/2026 11:59:19	,08/07/2026 11:59:24	,08/07/2026 13:21:48	,08/07/2026 15:54:00	,09/07/2026 11:29:02	,"	",,,Fulfillment by seller,Kho HCMC,862086638012,Standard shipping,J&T Express,,i***am,N***** L**,(+84)098*****52,Việt Nam,Hồ Chí Minh,Bình Thạnh,*********,**************,*****,MoMo E-Wallet,0.5,Shampoo & Conditioner,1202802963818514303	,,Unchecked,,Product cards,
584919128917771557	,Shipped,Delivered,,Normal,1732250914985183452	,ST00526,"Sữa Tắm/Gel Tắm Pháp Le Petit Marseillais Thiên Nhiên 250ml - Sữa Tắm Lưu Hương Lành Tính - Dịu Nhẹ, An Toàn Cho Da","Vani, Standard",1,0,269000,269000,41202,80000,147798,0,15800,0,15800,,0,147798,,08/07/2026 11:21:06	,09/07/2026 19:18:24	,08/07/2026 11:24:18	,08/07/2026 16:24:28	,09/07/2026 19:18:24	,"	",,,Fulfillment by seller,Kho HN,862057697502,Standard shipping,J&T Express,,v***do199x,V***,(+84)034*****69,Việt Nam,Thành phố Hà Nội,Cầu Giấy,*********,******************,,Cash on delivery,0.5,Bath & Shower,1202798222511998245	,,Unchecked,,LIVE,lepetitmarseillaisvn
584919128917771557	,Shipped,Completed,,Normal,1731317148230255836	,BONG TAM HQ,[Quà tặng không bán] Bông Tắm Tạo Bọt Mềm Mịn,Mặc định,1,0,0,0,0,0,0,0,15800,0,15800,,0,147798,,08/07/2026 11:21:06	,09/07/2026 19:18:24	,08/07/2026 11:24:18	,08/07/2026 16:24:28	,09/07/2026 19:18:24	,"	",,,Fulfillment by seller,Kho HN,862057697502,Standard shipping,J&T Express,,v***do199x,V***,(+84)034*****69,Việt Nam,Thành phố Hà Nội,Cầu Giấy,*********,******************,,Cash on delivery,0.5,"Loofahs, Sponges, & Poufs",1202798222511998245	,,Unchecked,,LIVE,lepetitmarseillaisvn
584919047041025374	,Shipped,Delivered,,Normal,1732250801269147868	,ST06999,"Sữa Tắm/Gel Tắm Pháp Le Petit Marseillais Chiết Xuất Thiên Nhiên 650ml - Sữa Tắm Lưu Hương Lành Tính - Dịu Nhẹ, An Toàn Cho Da","Dừa, Standard",1,0,499000,499000,4000,110000,385000,0,34000,0,34000,,0,385000,,08/07/2026 11:14:33	,10/07/2026 16:32:29	,08/07/2026 11:24:18	,08/07/2026 15:54:00	,10/07/2026 16:32:29	,"	",,,Fulfillment by seller,Kho HCMC,862086607432,Standard shipping,J&T Express,,h***ia1409,G** h**,(+84)096*****71,Việt Nam,Đồng Nai,Biên Hòa,*********,*****************,,Cash on delivery,1,Bath & Shower,1202798645824882014	,,Unchecked,,LIVE,lepetitmarseillaisvn
584919047041025374	,Shipped,Completed,,Normal,1735803348866008284	,DX74752,Dầu Xả Cấp Ẩm Le Petit Marseillais Nước Dừa Hữu Cơ 200ml,Mặc định,1,0,0,0,0,0,0,0,34000,0,34000,,0,385000,,08/07/2026 11:14:33	,10/07/2026 16:32:29	,08/07/2026 11:24:18	,08/07/2026 15:54:00	,10/07/2026 16:32:29	,"	",,,Fulfillment by seller,Kho HCMC,862086607432,Standard shipping,J&T Express,,h***ia1409,G** h**,(+84)096*****71,Việt Nam,Đồng Nai,Biên Hòa,*********,*****************,,Cash on delivery,0.25,Shampoo & Conditioner,1202798645824882014	,,Unchecked,,LIVE,lepetitmarseillaisvn
584918975833998361	,Shipped,Delivered,,Normal,1732251749141154012	,ST01356,"Sữa Tắm Pháp Le Petit Marseillais Cho Nam Chiết Xuất Thiên Nhiên 4in1 Nhiều Mùi Hương Dưỡng Ẩm, Thơm Lâu - Phù Hợp Mọi Loại Da (250ml)","Hương Thông & Bạch Đàn Biển, Standard",1,0,269000,269000,0,80000,189000,0,20900,0,20900,,0,189000,,08/07/2026 11:04:43	,09/07/2026 20:12:58	,08/07/2026 11:06:33	,08/07/2026 16:24:28	,09/07/2026 20:12:58	,"	",,,Fulfillment by seller,Kho HN,862089747352,Standard shipping,J&T Express,,t***tbivesinh.brasler,N***** v** t***,(+84)038*****55,Việt Nam,Thành phố Hà Nội,Gia Lâm,*********,************************************,*******,Cash on delivery,0.5,Bath & Shower,1202795761642931225	,,Unchecked,,Videos,duongmanhkien19
584918975833998361	,Shipped,Completed,,Normal,1731317148230255836	,BONG TAM HQ,[Quà tặng không bán] Bông Tắm Tạo Bọt Mềm Mịn,Mặc định,1,0,0,0,0,0,0,0,20900,0,20900,,0,189000,,08/07/2026 11:04:43	,09/07/2026 20:12:58	,08/07/2026 11:06:33	,08/07/2026 16:24:28	,09/07/2026 20:12:58	,"	",,,Fulfillment by seller,Kho HN,862089747352,Standard shipping,J&T Express,,t***tbivesinh.brasler,N***** v** t***,(+84)038*****55,Việt Nam,Thành phố Hà Nội,Gia Lâm,*********,************************************,*******,Cash on delivery,0.5,"Loofahs, Sponges, & Poufs",1202795761642931225	,,Unchecked,,Videos,duongmanhkien19
584918867003475732	,Shipped,Completed,,Normal,1731317148230255836	,BONG TAM HQ,[Quà tặng không bán] Bông Tắm Tạo Bọt Mềm Mịn,Mặc định,1,0,0,0,0,0,0,0,35100,0,35100,,0,174000,,08/07/2026 11:01:51	,09/07/2026 22:37:40	,08/07/2026 11:06:33	,08/07/2026 16:24:28	,09/07/2026 22:37:40	,"	",,,Fulfillment by seller,Kho HN,862029577352,Standard shipping,J&T Express,,u***2a9psz32it,K**** T***,(+84)359****39,Việt Nam,Ninh Bình,Xã Ý Yên,********,*****,***************************************,Cash on delivery,0.5,"Loofahs, Sponges, & Poufs",1202796889165629204	,,Unchecked,,Videos,quocliu0
584918867003475732	,Shipped,Delivered,,Normal,1732251749141022940	,ST01431,"Sữa Tắm Pháp Le Petit Marseillais Cho Nam Chiết Xuất Thiên Nhiên 4in1 Nhiều Mùi Hương Dưỡng Ẩm, Thơm Lâu - Phù Hợp Mọi Loại Da (250ml)","Hương Cam & Tinh Dầu Argan, Standard",1,0,269000,269000,15000,80000,174000,0,35100,0,35100,,0,174000,,08/07/2026 11:01:51	,09/07/2026 22:37:40	,08/07/2026 11:06:33	,08/07/2026 16:24:28	,09/07/2026 22:37:40	,"	",,,Fulfillment by seller,Kho HN,862029577352,Standard shipping,J&T Express,,u***2a9psz32it,K**** T***,(+84)359****39,Việt Nam,Ninh Bình,Xã Ý Yên,********,*****,***************************************,Cash on delivery,0.5,Bath & Shower,1202796889165629204	,,Unchecked,,Videos,quocliu0
584918391672112391	,Shipped,Delivered,,Normal,1732251749141219548	,ST01172,"Sữa Tắm Pháp Le Petit Marseillais Cho Nam Chiết Xuất Thiên Nhiên 4in1 Nhiều Mùi Hương Dưỡng Ẩm, Thơm Lâu - Phù Hợp Mọi Loại Da (250ml)","Hương Gỗ Tuyết Tùng & Dương Xỉ, Standard",1,0,269000,269000,0,80000,189000,0,29700,0,29700,,0,189000,,08/07/2026 10:27:17	,09/07/2026 11:48:22	,08/07/2026 10:58:34	,08/07/2026 16:24:28	,09/07/2026 11:48:22	,"	",,,Fulfillment by seller,Kho HN,862088137312,Standard shipping,J&T Express,,q***gnhat5858,Q**** t**,(+84)036*****36,Việt Nam,Bắc Giang,Bắc Giang,******,*********************,*************************************************,Cash on delivery,0.5,Bath & Shower,1202790517019804935	,,Unchecked,,Product cards,
584918391672112391	,Shipped,Completed,,Normal,1731317148230255836	,BONG TAM HQ,[Quà tặng không bán] Bông Tắm Tạo Bọt Mềm Mịn,Mặc định,1,0,0,0,0,0,0,0,29700,0,29700,,0,189000,,08/07/2026 10:27:17	,09/07/2026 11:48:22	,08/07/2026 10:58:34	,08/07/2026 16:24:28	,09/07/2026 11:48:22	,"	",,,Fulfillment by seller,Kho HN,862088137312,Standard shipping,J&T Express,,q***gnhat5858,Q**** t**,(+84)036*****36,Việt Nam,Bắc Giang,Bắc Giang,******,*********************,*************************************************,Cash on delivery,0.5,"Loofahs, Sponges, & Poufs",1202790517019804935	,,Unchecked,,Product cards,
584917691999159690	,Shipped,Delivered,,Normal,1732250801268689116	,ST01902,"Sữa Tắm/Gel Tắm Pháp Le Petit Marseillais Chiết Xuất Thiên Nhiên 650ml - Sữa Tắm Lưu Hương Lành Tính - Dịu Nhẹ, An Toàn Cho Da","Thông & Bạch Đàn Biển, Standard",1,0,499000,499000,62240,110000,326760,0,47600,0,47600,,0,326760,,08/07/2026 09:38:28	,10/07/2026 15:37:13	,08/07/2026 09:59:53	,08/07/2026 11:25:08	,10/07/2026 15:37:13	,"	",,,Fulfillment by seller,Kho HN,862041616972,Standard shipping,J&T Express,,d***daiphu00,P**,(+84)036*****13,Việt Nam,Gia Lai,An Khê,******,*******************************,,Cash on delivery,1,Bath & Shower,1202785609093776778	,,Unchecked,,Videos,
584917691999028618	,Shipped,Delivered,,Normal,1732250801268754652	,ST01295,"Sữa Tắm/Gel Tắm Pháp Le Petit Marseillais Chiết Xuất Thiên Nhiên 650ml - Sữa Tắm Lưu Hương Lành Tính - Dịu Nhẹ, An Toàn Cho Da","Lá Oliu & Hoa Bồ Đề, Standard",1,0,499000,499000,62240,110000,326760,0,47600,0,47600,,0,326760,,08/07/2026 09:38:28	,10/07/2026 15:37:12	,08/07/2026 09:59:53	,08/07/2026 11:32:02	,10/07/2026 15:37:12	,"	",,,Fulfillment by seller,Kho HCMC,862052247042,Standard shipping,J&T Express,,d***daiphu00,P**,(+84)036*****13,Việt Nam,Gia Lai,An Khê,******,*******************************,,Cash on delivery,1,Bath & Shower,1202785609446884746	,,Unchecked,,Videos,
584917641734031048	,Shipped,Delivered,,Normal,1732250914985183452	,ST00526,"Sữa Tắm/Gel Tắm Pháp Le Petit Marseillais Thiên Nhiên 250ml - Sữa Tắm Lưu Hương Lành Tính - Dịu Nhẹ, An Toàn Cho Da","Vani, Standard",1,0,269000,269000,28350,80000,160650,0,39400,0,39400,,0,321300,,08/07/2026 09:31:46	,09/07/2026 20:01:11	,08/07/2026 09:59:53	,08/07/2026 11:25:08	,09/07/2026 20:01:11	,"	",,,Fulfillment by seller,Kho HN,862072647042,Standard shipping,J&T Express,,k***yn0.8,Đ** T** K**** H****,(+84)037*****09,Việt Nam,Tinh Quang Ninh,Hải Hà,***********,*******************************************************************,,Cash on delivery,0.5,Bath & Shower,1202783766390277832	,,Unchecked,,Product cards,
584917641734031048	,Shipped,Delivered,,Normal,1732250914985380060	,ST01240,"Sữa Tắm/Gel Tắm Pháp Le Petit Marseillais Thiên Nhiên 250ml - Sữa Tắm Lưu Hương Lành Tính - Dịu Nhẹ, An Toàn Cho Da","Đào Trắng & Quả Xuân Đào, Standard",1,0,269000,269000,28350,80000,160650,0,39400,0,39400,,0,321300,,08/07/2026 09:31:46	,09/07/2026 20:01:11	,08/07/2026 09:59:53	,08/07/2026 11:25:08	,09/07/2026 20:01:11	,"	",,,Fulfillment by seller,Kho HN,862072647042,Standard shipping,J&T Express,,k***yn0.8,Đ** T** K**** H****,(+84)037*****09,Việt Nam,Tinh Quang Ninh,Hải Hà,***********,*******************************************************************,,Cash on delivery,0.5,Bath & Shower,1202783766390277832	,,Unchecked,,Videos,reviewallthing
584917641734031048	,Shipped,Completed,,Normal,1734496577198523612	,1 BÁNH-XP,Xà Phòng Le Petit Marseillais Chính Hãng Bánh Xà Phòng Tắm Thiên Nhiên (Ngẫu nhiên)  1 Bánh,Mặc định,1,0,0,0,0,0,0,0,39400,0,39400,,0,321300,,08/07/2026 09:31:46	,09/07/2026 20:01:11	,08/07/2026 09:59:53	,08/07/2026 11:25:08	,09/07/2026 20:01:11	,"	",,,Fulfillment by seller,Kho HN,862072647042,Standard shipping,J&T Express,,k***yn0.8,Đ** T** K**** H****,(+84)037*****09,Việt Nam,Tinh Quang Ninh,Hải Hà,***********,*******************************************************************,,Cash on delivery,0.1,Bath & Shower,1202783766390277832	,,Unchecked,,Product cards,
584916513056130690	,Shipped,Completed,,Normal,1731317148230255836	,BONG TAM HQ,[Quà tặng không bán] Bông Tắm Tạo Bọt Mềm Mịn,Mặc định,1,0,0,0,0,0,0,0,41400,0,41400,,0,174000,,08/07/2026 08:05:47	,10/07/2026 19:05:17	,08/07/2026 08:06:05	,08/07/2026 10:25:26	,10/07/2026 19:05:17	,"	",,,Fulfillment by seller,Kho HN,862033615742,Standard shipping,J&T Express,,m***huy199086,M**********,(+84)398****05,Việt Nam,Huế,Phường Kim Long,***************,****************************************,,Cash on delivery,0.5,"Loofahs, Sponges, & Poufs",1202771441829316226	,,Unchecked,,Videos,duongmanhkien19
584916513056130690	,Shipped,Delivered,,Normal,1732251749141219548	,ST01172,"Sữa Tắm Pháp Le Petit Marseillais Cho Nam Chiết Xuất Thiên Nhiên 4in1 Nhiều Mùi Hương Dưỡng Ẩm, Thơm Lâu - Phù Hợp Mọi Loại Da (250ml)","Hương Gỗ Tuyết Tùng & Dương Xỉ, Standard",1,0,269000,269000,15000,80000,174000,0,41400,0,41400,,0,174000,,08/07/2026 08:05:47	,10/07/2026 19:05:17	,08/07/2026 08:06:05	,08/07/2026 10:25:26	,10/07/2026 19:05:17	,"	",,,Fulfillment by seller,Kho HN,862033615742,Standard shipping,J&T Express,,m***huy199086,M**********,(+84)398****05,Việt Nam,Huế,Phường Kim Long,***************,****************************************,,Cash on delivery,0.5,Bath & Shower,1202771441829316226	,,Unchecked,,Videos,duongmanhkien19
584914781066593613	,Shipped,Completed,,Normal,1731317148230255836	,BONG TAM HQ,[Quà tặng không bán] Bông Tắm Tạo Bọt Mềm Mịn,Mặc định,1,0,0,0,0,0,0,0,29700,0,29700,,0,160650,,08/07/2026 04:22:06	,09/07/2026 11:27:26	,08/07/2026 08:05:55	,08/07/2026 10:25:25	,09/07/2026 11:27:26	,"	",,,Fulfillment by seller,Kho HN,862038165732,Standard shipping,J&T Express,,t***xtiktok,N***** v** t*****,(+84)326****39,Việt Nam,Quảng Ninh,Phường Hà Lầm,*************,****************************,********************************************,Cash on delivery,0.5,"Loofahs, Sponges, & Poufs",1202756043012146509	,,Unchecked,,Product cards,
584914781066593613	,Shipped,Delivered,,Normal,1732251749141219548	,ST01172,"Sữa Tắm Pháp Le Petit Marseillais Cho Nam Chiết Xuất Thiên Nhiên 4in1 Nhiều Mùi Hương Dưỡng Ẩm, Thơm Lâu - Phù Hợp Mọi Loại Da (250ml)","Hương Gỗ Tuyết Tùng & Dương Xỉ, Standard",1,0,269000,269000,28350,80000,160650,0,29700,0,29700,,0,160650,,08/07/2026 04:22:06	,09/07/2026 11:27:26	,08/07/2026 08:05:55	,08/07/2026 10:25:25	,09/07/2026 11:27:26	,"	",,,Fulfillment by seller,Kho HN,862038165732,Standard shipping,J&T Express,,t***xtiktok,N***** v** t*****,(+84)326****39,Việt Nam,Quảng Ninh,Phường Hà Lầm,*************,****************************,********************************************,Cash on delivery,0.5,Bath & Shower,1202756043012146509	,,Unchecked,,Product cards,
584914364952446015	,Shipped,Delivered,,Normal,1732251749141219548	,ST01172,"Sữa Tắm Pháp Le Petit Marseillais Cho Nam Chiết Xuất Thiên Nhiên 4in1 Nhiều Mùi Hương Dưỡng Ẩm, Thơm Lâu - Phù Hợp Mọi Loại Da (250ml)","Hương Gỗ Tuyết Tùng & Dương Xỉ, Standard",1,0,269000,269000,28350,80000,160650,0,14000,0,14000,,0,160650,,08/07/2026 02:21:14	,09/07/2026 13:01:42	,08/07/2026 08:05:55	,08/07/2026 09:41:44	,09/07/2026 13:01:42	,"	",,,Fulfillment by seller,Kho HCMC,862067465682,Standard shipping,J&T Express,,j***.ngtriu,N***** T****,(+84)364****96,Việt Nam,Hồ Chí Minh,Phường An Hội Đông,******************,***********************************,,Cash on delivery,0.5,Bath & Shower,1202753008818553919	,,Unchecked,,Videos,huankosai
584914336974145418	,Shipped,Completed,,Normal,1731317148230255836	,BONG TAM HQ,[Quà tặng không bán] Bông Tắm Tạo Bọt Mềm Mịn,Mặc định,1,0,0,0,0,0,0,0,35100,0,35100,,0,189000,,08/07/2026 02:16:38	,08/07/2026 02:16:41	,08/07/2026 08:05:55	,08/07/2026 10:25:26	,09/07/2026 14:49:54	,"	",,,Fulfillment by seller,Kho HN,862045535682,Standard shipping,J&T Express,,b***hien11,T*** b** p****,(+84)098*****48,Việt Nam,Hưng Yên,Xã A Sào,********,*********,,MoMo E-Wallet,0.5,"Loofahs, Sponges, & Poufs",1202752770138474378	,,Unchecked,,Product cards,
584914336974145418	,Shipped,Delivered,,Normal,1732251749141219548	,ST01172,"Sữa Tắm Pháp Le Petit Marseillais Cho Nam Chiết Xuất Thiên Nhiên 4in1 Nhiều Mùi Hương Dưỡng Ẩm, Thơm Lâu - Phù Hợp Mọi Loại Da (250ml)","Hương Gỗ Tuyết Tùng & Dương Xỉ, Standard",1,0,269000,269000,0,80000,189000,0,35100,0,35100,,0,189000,,08/07/2026 02:16:38	,08/07/2026 02:16:41	,08/07/2026 08:05:55	,08/07/2026 10:25:26	,09/07/2026 14:49:54	,"	",,,Fulfillment by seller,Kho HN,862045535682,Standard shipping,J&T Express,,b***hien11,T*** b** p****,(+84)098*****48,Việt Nam,Hưng Yên,Xã A Sào,********,*********,,MoMo E-Wallet,0.5,Bath & Shower,1202752770138474378	,,Unchecked,,Product cards,
584913906458461442	,Shipped,Delivered,,Normal,1732250801268820188	,ST01868,"Sữa Tắm/Gel Tắm Pháp Le Petit Marseillais Chiết Xuất Thiên Nhiên 650ml - Sữa Tắm Lưu Hương Lành Tính - Dịu Nhẹ, An Toàn Cho Da","Hương Chanh & Bưởi Hồng, Standard",1,0,499000,499000,70020,110000,318980,0,39400,0,39400,,0,318980,,08/07/2026 00:51:39	,09/07/2026 10:07:52	,08/07/2026 08:05:55	,08/07/2026 09:41:44	,09/07/2026 10:07:52	,"	",,,Fulfillment by seller,Kho HCMC,862018525732,Standard shipping,J&T Express,,m***ay982903,b* t***** b* b*** h***,(+84)091*****39,Việt Nam,Bình Phước,Bình Long,***********,***********,,Cash on delivery,1,Bath & Shower,1202749989062542594	,,Unchecked,,Product cards,
584913906458461442	,Shipped,Completed,,Normal,1735803348866008284	,DX74752,Dầu Xả Cấp Ẩm Le Petit Marseillais Nước Dừa Hữu Cơ 200ml,Mặc định,1,0,0,0,0,0,0,0,39400,0,39400,,0,318980,,08/07/2026 00:51:39	,09/07/2026 10:07:52	,08/07/2026 08:05:55	,08/07/2026 09:41:44	,09/07/2026 10:07:52	,"	",,,Fulfillment by seller,Kho HCMC,862018525732,Standard shipping,J&T Express,,m***ay982903,b* t***** b* b*** h***,(+84)091*****39,Việt Nam,Bình Phước,Bình Long,***********,***********,,Cash on delivery,0.25,Shampoo & Conditioner,1202749989062542594	,,Unchecked,,Product cards,
584913786749617550	,Shipped,Completed,,Normal,1731317148230255836	,BONG TAM HQ,[Quà tặng không bán] Bông Tắm Tạo Bọt Mềm Mịn,Mặc định,1,0,0,0,0,0,0,0,15800,0,15800,,0,189000,,08/07/2026 00:38:33	,08/07/2026 00:38:36	,08/07/2026 08:05:55	,08/07/2026 09:41:45	,09/07/2026 14:39:35	,"	",,,Fulfillment by seller,Kho HCMC,862020445692,Standard shipping,J&T Express,,_***n_3010,M** đ** L*** k****,(+84)782****20,Việt Nam,Hồ Chí Minh,Phường Phú Thuận,****************,***********************************************,**********,MoMo E-Wallet,0.5,"Loofahs, Sponges, & Poufs",1202749496348542350	,,Unchecked,,Product cards,
584913786749617550	,Shipped,Delivered,,Normal,1732251749141219548	,ST01172,"Sữa Tắm Pháp Le Petit Marseillais Cho Nam Chiết Xuất Thiên Nhiên 4in1 Nhiều Mùi Hương Dưỡng Ẩm, Thơm Lâu - Phù Hợp Mọi Loại Da (250ml)","Hương Gỗ Tuyết Tùng & Dương Xỉ, Standard",1,0,269000,269000,0,80000,189000,0,15800,0,15800,,0,189000,,08/07/2026 00:38:33	,08/07/2026 00:38:36	,08/07/2026 08:05:55	,08/07/2026 09:41:45	,09/07/2026 14:39:35	,"	",,,Fulfillment by seller,Kho HCMC,862020445692,Standard shipping,J&T Express,,_***n_3010,M** đ** L*** k****,(+84)782****20,Việt Nam,Hồ Chí Minh,Phường Phú Thuận,****************,***********************************************,**********,MoMo E-Wallet,0.5,Bath & Shower,1202749496348542350	,,Unchecked,,Product cards,
584912794122356086	,Shipped,Delivered,,Normal,1732251749141219548	,ST01172,"Sữa Tắm Pháp Le Petit Marseillais Cho Nam Chiết Xuất Thiên Nhiên 4in1 Nhiều Mùi Hương Dưỡng Ẩm, Thơm Lâu - Phù Hợp Mọi Loại Da (250ml)","Hương Gỗ Tuyết Tùng & Dương Xỉ, Standard",1,0,269000,269000,0,80000,189000,0,14000,0,14000,,0,189000,,07/07/2026 23:08:32	,07/07/2026 23:08:37	,08/07/2026 08:05:55	,08/07/2026 09:41:44	,09/07/2026 11:44:54	,"	",,,Fulfillment by seller,Kho HCMC,862087845682,Standard shipping,J&T Express,,t***pt3,T***,(+84)093*****34,Việt Nam,Hồ Chí Minh,Phường Tân Sơn Hòa,******************,*****************,****************************,Credit/debit card,0.5,Bath & Shower,1202744603070530934	,,Unchecked,,Videos,xanh.duong97
584912552552989777	,Canceled,Canceled,Cancel,Normal,1732250801268754652	,ST01295,"Sữa Tắm/Gel Tắm Pháp Le Petit Marseillais Chiết Xuất Thiên Nhiên 650ml - Sữa Tắm Lưu Hương Lành Tính - Dịu Nhẹ, An Toàn Cho Da","Lá Oliu & Hoa Bồ Đề, Standard",1,1,499000,499000,70020,110000,318980,0,39400,0,39400,,0,318980,318980,07/07/2026 22:50:06	,"	","	","	","	",07/07/2026 22:50:48	,User,Better price available,Fulfillment by seller,Kho HN,,Standard shipping,,,n***en141110,L***,(+84)369****27,Việt Nam,Hải Phòng,Xã Hà Tây,*********,*********************************************************************,,Cash on delivery,1,Bath & Shower,1202743333077156945	,,Unchecked,,Product cards,
584912552552989777	,Canceled,Canceled,Cancel,Normal,1735803348866008284	,DX74752,Dầu Xả Cấp Ẩm Le Petit Marseillais Nước Dừa Hữu Cơ 200ml,Mặc định,1,1,0,0,0,0,0,0,39400,0,39400,,0,318980,0,07/07/2026 22:50:06	,"	","	","	","	",07/07/2026 22:50:48	,User,Better price available,Fulfillment by seller,Kho HN,,Standard shipping,,,n***en141110,L***,(+84)369****27,Việt Nam,Hải Phòng,Xã Hà Tây,*********,*********************************************************************,,Cash on delivery,0.25,Shampoo & Conditioner,1202743333077156945	,,Unchecked,,Product cards,
584912507982611712	,Canceled,Canceled,Cancel,Normal,1735912571878606044	,ST01356 + ST01172,Combo 2 Sữa Tắm Nam Le Petit Marseillais 4in1 Cho Tóc Mặt Râu Toàn Thân 250ml,"Thông Biển & Bạch Đàn, Gỗ Tuyết Tùng Và Dương Xỉ",1,1,538000,538000,56700,160000,321300,0,15800,0,15800,1500,0,319800,321300,07/07/2026 22:47:11	,07/07/2026 22:47:16	,07/07/2026 22:48:25	,"	","	",07/07/2026 23:57:16	,User,Better price available,Fulfillment by seller,Kho HN,862037554452,Standard shipping,J&T Express,,n***g.v.th414,N**** V* T**,(+84)348****92,Việt Nam,Hà Nội,Phường Ngọc Hà,**************,********************,************************************************************,Zalopay,0.6,Bath & Body Care,1202742486755869952	,,Unchecked,,Product cards,
584912507982611712	,Canceled,Canceled,Cancel,Normal,1733398526731846876	,ST04371,Sữa Tắm Nam 4 in 1 Thiên Nhiên Le Petit Marseillais Chiết Xuất Gừng & Gỗ Bách Hương 250ml 4371,Mặc định,1,1,0,0,0,0,0,0,15800,0,15800,1500,0,319800,0,07/07/2026 22:47:11	,07/07/2026 22:47:16	,07/07/2026 22:48:25	,"	","	",07/07/2026 23:57:16	,User,Better price available,Fulfillment by seller,Kho HN,862037554452,Standard shipping,J&T Express,,n***g.v.th414,N**** V* T**,(+84)348****92,Việt Nam,Hà Nội,Phường Ngọc Hà,**************,********************,************************************************************,Zalopay,0.4,Bath & Body Care,1202742486755869952	,,Unchecked,,Product cards,
584912381475849508	,Shipped,Delivered,,Normal,1732251749141219548	,ST01172,"Sữa Tắm Pháp Le Petit Marseillais Cho Nam Chiết Xuất Thiên Nhiên 4in1 Nhiều Mùi Hương Dưỡng Ẩm, Thơm Lâu - Phù Hợp Mọi Loại Da (250ml)","Hương Gỗ Tuyết Tùng & Dương Xỉ, Standard",1,0,269000,269000,0,80000,189000,0,30300,0,30300,,0,189000,,07/07/2026 22:31:11	,09/07/2026 12:23:40	,07/07/2026 22:32:44	,08/07/2026 09:41:44	,09/07/2026 12:23:40	,"	",,,Fulfillment by seller,Kho HCMC,862034054412,Standard shipping,J&T Express,giao vào buổi trưa 11h,q***sdzxcs4,M*** S***,(+84)854****51,Việt Nam,Cần Thơ,Phường Mỹ Xuyên,***************,*****************************,,Cash on delivery,0.5,Bath & Shower,1202741858116994340	,,Unchecked,,Product cards,
584912055881466945	,Shipped,Delivered,,Normal,1732251749141219548	,ST01172,"Sữa Tắm Pháp Le Petit Marseillais Cho Nam Chiết Xuất Thiên Nhiên 4in1 Nhiều Mùi Hương Dưỡng Ẩm, Thơm Lâu - Phù Hợp Mọi Loại Da (250ml)","Hương Gỗ Tuyết Tùng & Dương Xỉ, Standard",2,0,269000,538000,70000,160000,308000,34000,34000,0,0,,0,342000,,07/07/2026 22:18:23	,09/07/2026 18:17:33	,07/07/2026 22:32:44	,08/07/2026 10:25:26	,09/07/2026 18:17:33	,"	",,,Fulfillment by seller,Kho HN,862065234362,Standard shipping,J&T Express,,n***minh41,N*** m***,(+84)984****66,Việt Nam,Bắc Giang,Bắc Giang,*******,**************************************,,Cash on delivery,1,Bath & Shower,1202740567795532865	,,Unchecked,,Videos,duongmanhkien19
584912055881466945	,Shipped,Completed,,Normal,1733398526731846876	,ST04371,Sữa Tắm Nam 4 in 1 Thiên Nhiên Le Petit Marseillais Chiết Xuất Gừng & Gỗ Bách Hương 250ml 4371,Mặc định,1,0,0,0,0,0,0,34000,34000,0,0,,0,342000,,07/07/2026 22:18:23	,09/07/2026 18:17:33	,07/07/2026 22:32:44	,08/07/2026 10:25:26	,09/07/2026 18:17:33	,"	",,,Fulfillment by seller,Kho HN,862065234362,Standard shipping,J&T Express,,n***minh41,N*** m***,(+84)984****66,Việt Nam,Bắc Giang,Bắc Giang,*******,**************************************,,Cash on delivery,0.4,Bath & Body Care,1202740567795532865	,,Unchecked,,Videos,duongmanhkien19
584911840111462167	,Shipped,Completed,,Normal,1731317148230255836	,BONG TAM HQ,[Quà tặng không bán] Bông Tắm Tạo Bọt Mềm Mịn,Mặc định,1,0,0,0,0,0,0,0,15800,0,15800,,0,187868,,07/07/2026 22:11:29	,09/07/2026 13:32:38	,07/07/2026 22:32:44	,08/07/2026 10:25:25	,09/07/2026 13:32:38	,"	",,,Fulfillment by seller,Kho HN,862063724362,Standard shipping,J&T Express,,l***nguyen_0510,L*** n*****,(+84)098*****18,Vietnam,Ha Noi,Thanh Xuan,**********,********************************,,Cash on delivery,0.5,"Loofahs, Sponges, & Poufs",1202739919371274007	,,Unchecked,,Videos,man.trung.737
584911840111462167	,Shipped,Delivered,,Normal,1732251749141022940	,ST01431,"Sữa Tắm Pháp Le Petit Marseillais Cho Nam Chiết Xuất Thiên Nhiên 4in1 Nhiều Mùi Hương Dưỡng Ẩm, Thơm Lâu - Phù Hợp Mọi Loại Da (250ml)","Hương Cam & Tinh Dầu Argan, Standard",1,0,269000,269000,1132,80000,187868,0,15800,0,15800,,0,187868,,07/07/2026 22:11:29	,09/07/2026 13:32:38	,07/07/2026 22:32:44	,08/07/2026 10:25:25	,09/07/2026 13:32:38	,"	",,,Fulfillment by seller,Kho HN,862063724362,Standard shipping,J&T Express,,l***nguyen_0510,L*** n*****,(+84)098*****18,Vietnam,Ha Noi,Thanh Xuan,**********,********************************,,Cash on delivery,0.5,Bath & Shower,1202739919371274007	,,Unchecked,,Videos,man.trung.737
584911770914292994	,Canceled,Canceled,Cancel,Normal,1732250801268820188	,ST01868,"Sữa Tắm/Gel Tắm Pháp Le Petit Marseillais Chiết Xuất Thiên Nhiên 650ml - Sữa Tắm Lưu Hương Lành Tính - Dịu Nhẹ, An Toàn Cho Da","Hương Chanh & Bưởi Hồng, Standard",1,1,499000,499000,31120,110000,357880,0,39400,0,39400,,0,357880,357880,07/07/2026 22:02:09	,"	",07/07/2026 22:32:44	,"	","	",08/07/2026 09:59:09	,User,Better price available,Fulfillment by seller,Kho HCMC,862064864362,Standard shipping,J&T Express,,m***ay982903,b* t***** b* b*** h***,(+84)091*****39,Việt Nam,Bình Phước,Bình Long,***********,***********,,Cash on delivery,1,Bath & Shower,1202740309637498114	,,Unchecked,,Product cards,
584911770914292994	,Canceled,Canceled,Cancel,Normal,1735803348866008284	,DX74752,Dầu Xả Cấp Ẩm Le Petit Marseillais Nước Dừa Hữu Cơ 200ml,Mặc định,1,1,0,0,0,0,0,0,39400,0,39400,,0,357880,0,07/07/2026 22:02:09	,"	",07/07/2026 22:32:44	,"	","	",08/07/2026 09:59:09	,User,Better price available,Fulfillment by seller,Kho HCMC,862064864362,Standard shipping,J&T Express,,m***ay982903,b* t***** b* b*** h***,(+84)091*****39,Việt Nam,Bình Phước,Bình Long,***********,***********,,Cash on delivery,0.25,Shampoo & Conditioner,1202740309637498114	,,Unchecked,,Product cards,
584910652957493235	,Shipped,Delivered,,Normal,1735912571878606044	,ST01356 + ST01172,Combo 2 Sữa Tắm Nam Le Petit Marseillais 4in1 Cho Tóc Mặt Râu Toàn Thân 250ml,"Thông Biển & Bạch Đàn, Gỗ Tuyết Tùng Và Dương Xỉ",1,0,538000,538000,75600,160000,302400,0,15800,0,15800,,0,302400,,07/07/2026 21:12:11	,07/07/2026 21:12:19	,07/07/2026 22:32:44	,08/07/2026 09:41:45	,09/07/2026 10:07:42	,"	",,,Fulfillment by seller,Kho HCMC,862033154412,Standard shipping,J&T Express,,h***eotiktok,Đ*** Q*** H**,(+84)036*****91,Việt Nam,Hồ Chí Minh,Phường Chợ Quán,***************,********************,,Credit/debit card,0.6,Bath & Body Care,1202735500277942259	,,Unchecked,,LIVE,lepetitmarseillaisvn
584910652957493235	,Shipped,Completed,,Normal,1733398526731846876	,ST04371,Sữa Tắm Nam 4 in 1 Thiên Nhiên Le Petit Marseillais Chiết Xuất Gừng & Gỗ Bách Hương 250ml 4371,Mặc định,1,0,0,0,0,0,0,0,15800,0,15800,,0,302400,,07/07/2026 21:12:11	,07/07/2026 21:12:19	,07/07/2026 22:32:44	,08/07/2026 09:41:45	,09/07/2026 10:07:42	,"	",,,Fulfillment by seller,Kho HCMC,862033154412,Standard shipping,J&T Express,,h***eotiktok,Đ*** Q*** H**,(+84)036*****91,Việt Nam,Hồ Chí Minh,Phường Chợ Quán,***************,********************,,Credit/debit card,0.4,Bath & Body Care,1202735500277942259	,,Unchecked,,LIVE,lepetitmarseillaisvn
584910699030545872	,Shipped,Delivered,,Normal,1732250801269016796	,ST01288,"Sữa Tắm/Gel Tắm Pháp Le Petit Marseillais Chiết Xuất Thiên Nhiên 650ml - Sữa Tắm Lưu Hương Lành Tính - Dịu Nhẹ, An Toàn Cho Da","Đào Trắng & Quả Xuân Đào, Standard",1,0,499000,499000,60000,142000,297000,33458,33458,0,0,,0,330458,,07/07/2026 21:10:22	,07/07/2026 21:10:28	,07/07/2026 22:32:44	,08/07/2026 09:41:44	,09/07/2026 10:19:27	,"	",,,Fulfillment by seller,Kho HCMC,862043184362,Standard shipping,J&T Express,,u***22mz0h8e8z,T*** U***,(+84)038*****93,Việt Nam,Tỉnh Bình Thuận,Tuy Phong,***********,*****************,,MoMo E-Wallet,1,Bath & Shower,1202734794389358032	,,Unchecked,,Videos,thomcungngoc
584910699030545872	,Shipped,Completed,,Normal,1735803348866008284	,DX74752,Dầu Xả Cấp Ẩm Le Petit Marseillais Nước Dừa Hữu Cơ 200ml,Mặc định,1,0,0,0,0,0,0,33458,33458,0,0,,0,330458,,07/07/2026 21:10:22	,07/07/2026 21:10:28	,07/07/2026 22:32:44	,08/07/2026 09:41:44	,09/07/2026 10:19:27	,"	",,,Fulfillment by seller,Kho HCMC,862043184362,Standard shipping,J&T Express,,u***22mz0h8e8z,T*** U***,(+84)038*****93,Việt Nam,Tỉnh Bình Thuận,Tuy Phong,***********,*****************,,MoMo E-Wallet,0.25,Shampoo & Conditioner,1202734794389358032	,,Unchecked,,Videos,thomcungngoc
584910351643019212	,Shipped,Delivered,,Normal,1732250801269475548	,ST00809,"Sữa Tắm/Gel Tắm Pháp Le Petit Marseillais Chiết Xuất Thiên Nhiên 650ml - Sữa Tắm Lưu Hương Lành Tính - Dịu Nhẹ, An Toàn Cho Da","Quả Mơ & Hạt Phỉ, Standard",1,0,499000,499000,57120,142000,299880,0,22100,0,22100,,0,299880,,07/07/2026 20:53:21	,09/07/2026 12:18:05	,07/07/2026 22:32:44	,08/07/2026 09:41:44	,09/07/2026 12:18:05	,"	",,,Fulfillment by seller,Kho HCMC,862025644362,Standard shipping,J&T Express,,s***ndang,H*** N*****,(+84)034*****54,Việt Nam,Tinh Ba Ria - Vung Tau,Châu Đức,********,*************,**********************,Cash on delivery,1,Bath & Shower,1202733028308781004	,,Unchecked,,LIVE,lepetitmarseillaisvn
584910351643019212	,Shipped,Completed,,Normal,1735803348866008284	,DX74752,Dầu Xả Cấp Ẩm Le Petit Marseillais Nước Dừa Hữu Cơ 200ml,Mặc định,1,0,0,0,0,0,0,0,22100,0,22100,,0,299880,,07/07/2026 20:53:21	,09/07/2026 12:18:05	,07/07/2026 22:32:44	,08/07/2026 09:41:44	,09/07/2026 12:18:05	,"	",,,Fulfillment by seller,Kho HCMC,862025644362,Standard shipping,J&T Express,,s***ndang,H*** N*****,(+84)034*****54,Việt Nam,Tinh Ba Ria - Vung Tau,Châu Đức,********,*************,**********************,Cash on delivery,0.25,Shampoo & Conditioner,1202733028308781004	,,Unchecked,,LIVE,lepetitmarseillaisvn
584910052456498719	,Shipped,Completed,,Normal,1733398526731846876	,ST04371,Sữa Tắm Nam 4 in 1 Thiên Nhiên Le Petit Marseillais Chiết Xuất Gừng & Gỗ Bách Hương 250ml 4371,Mặc định,1,0,0,0,0,0,0,0,17100,0,17100,,0,321300,,07/07/2026 20:40:01	,07/07/2026 20:40:06	,07/07/2026 22:32:44	,08/07/2026 09:41:45	,09/07/2026 08:49:53	,"	",,,Fulfillment by seller,Kho HCMC,862095214412,Standard shipping,J&T Express,,b***nh8686,b** a**,(+84)097*****78,Việt Nam,Hồ Chí Minh,Thủ Đức,********,******************************************,,Zalopay,0.4,Bath & Body Care,1202732527626913311	,,Unchecked,,Videos,thaivublackbi149
584910052456498719	,Shipped,Delivered,,Normal,1732251749141022940	,ST01431,"Sữa Tắm Pháp Le Petit Marseillais Cho Nam Chiết Xuất Thiên Nhiên 4in1 Nhiều Mùi Hương Dưỡng Ẩm, Thơm Lâu - Phù Hợp Mọi Loại Da (250ml)","Hương Cam & Tinh Dầu Argan, Standard",1,0,269000,269000,28350,80000,160650,0,17100,0,17100,,0,321300,,07/07/2026 20:40:01	,07/07/2026 20:40:06	,07/07/2026 22:32:44	,08/07/2026 09:41:45	,09/07/2026 08:49:53	,"	",,,Fulfillment by seller,Kho HCMC,862095214412,Standard shipping,J&T Express,,b***nh8686,b** a**,(+84)097*****78,Việt Nam,Hồ Chí Minh,Thủ Đức,********,******************************************,,Zalopay,0.5,Bath & Shower,1202732527626913311	,,Unchecked,,Videos,thaivublackbi149
584910052456498719	,Shipped,Delivered,,Normal,1732251749141285084	,ST04371,"Sữa Tắm Pháp Le Petit Marseillais Cho Nam Chiết Xuất Thiên Nhiên 4in1 Nhiều Mùi Hương Dưỡng Ẩm, Thơm Lâu - Phù Hợp Mọi Loại Da (250ml)","Hương Gừng & Gỗ Bách, Standard",1,0,269000,269000,28350,80000,160650,0,17100,0,17100,,0,321300,,07/07/2026 20:40:01	,07/07/2026 20:40:06	,07/07/2026 22:32:44	,08/07/2026 09:41:45	,09/07/2026 08:49:53	,"	",,,Fulfillment by seller,Kho HCMC,862095214412,Standard shipping,J&T Express,,b***nh8686,b** a**,(+84)097*****78,Việt Nam,Hồ Chí Minh,Thủ Đức,********,******************************************,,Zalopay,0.5,Bath & Shower,1202732527626913311	,,Unchecked,,Videos,thaivublackbi149
584908174214137288	,Shipped,Delivered,,Normal,1734496577198523612	,1 BÁNH-XP,Xà Phòng Le Petit Marseillais Chính Hãng Bánh Xà Phòng Tắm Thiên Nhiên (Ngẫu nhiên)  1 Bánh,Mặc định,1,0,75000,75000,0,0,75000,0,26200,0,26200,,0,75000,,07/07/2026 19:01:03	,09/07/2026 15:33:23	,07/07/2026 19:50:43	,08/07/2026 09:41:44	,09/07/2026 15:33:23	,"	",,,Fulfillment by seller,Kho HCMC,862014954022,Standard shipping,J&T Express,,p***k_78,N***** N*** C***,(+84)919****37,Việt Nam,Đồng Tháp,Thành phố Cao Lãnh,********,**************************************,,Cash on delivery,0.1,Bath & Shower,1202722084221060552	,,Unchecked,,Videos,mythi_fr
584906611726649088	,Shipped,Completed,,Normal,1731317148230255836	,BONG TAM HQ,[Quà tặng không bán] Bông Tắm Tạo Bọt Mềm Mịn,Mặc định,1,0,0,0,0,0,0,0,29700,0,29700,,0,163974,,07/07/2026 17:27:23	,09/07/2026 11:13:29	,07/07/2026 19:50:43	,08/07/2026 10:25:26	,09/07/2026 11:13:29	,"	",,,Fulfillment by seller,Kho HN,862094944022,Standard shipping,J&T Express,,t***32,T***,(+84)972****83,Việt Nam,Thái Nguyên,Phường Phan Đình Phùng,**********************,*************,,Cash on delivery,0.5,"Loofahs, Sponges, & Poufs",1202711974694192896	,,Unchecked,,Product cards,
584906611726649088	,Shipped,Delivered,,Normal,1732250914985314524	,ST54494,"Sữa Tắm/Gel Tắm Pháp Le Petit Marseillais Thiên Nhiên 250ml - Sữa Tắm Lưu Hương Lành Tính - Dịu Nhẹ, An Toàn Cho Da","Dừa, Standard",1,0,269000,269000,24026,81000,163974,0,29700,0,29700,,0,163974,,07/07/2026 17:27:23	,09/07/2026 11:13:29	,07/07/2026 19:50:43	,08/07/2026 10:25:26	,09/07/2026 11:13:29	,"	",,,Fulfillment by seller,Kho HN,862094944022,Standard shipping,J&T Express,,t***32,T***,(+84)972****83,Việt Nam,Thái Nguyên,Phường Phan Đình Phùng,**********************,*************,,Cash on delivery,0.5,Bath & Shower,1202711974694192896	,,Unchecked,,Product cards,
584906160282109400	,Shipped,Delivered,,Normal,1735912571878933724	,ST04371 + ST01172,Combo 2 Sữa Tắm Nam Le Petit Marseillais 4in1 Cho Tóc Mặt Râu Toàn Thân 250ml,"Gừng Và Gỗ Bách Tươi , Gỗ Tuyết Tùng Và Dương Xỉ",1,0,538000,538000,0,158000,380000,0,15800,0,15800,,0,380000,,07/07/2026 16:59:38	,07/07/2026 16:59:43	,07/07/2026 19:50:43	,08/07/2026 10:25:26	,09/07/2026 11:03:32	,"	",,,Fulfillment by seller,Kho HN,862097434022,Standard shipping,J&T Express,,m***trietnguyen294_,N***** M*** T****,(+84)036*****88,Việt Nam,Thành phố Hà Nội,Ba Đình,*******,********************,,Credit/debit card,0.6,Bath & Body Care,1202707515366344152	,,Unchecked,,LIVE,lepetitmarseillaisvn
584906160282109400	,Shipped,Completed,,Normal,1733398526731846876	,ST04371,Sữa Tắm Nam 4 in 1 Thiên Nhiên Le Petit Marseillais Chiết Xuất Gừng & Gỗ Bách Hương 250ml 4371,Mặc định,1,0,0,0,0,0,0,0,15800,0,15800,,0,380000,,07/07/2026 16:59:38	,07/07/2026 16:59:43	,07/07/2026 19:50:43	,08/07/2026 10:25:26	,09/07/2026 11:03:32	,"	",,,Fulfillment by seller,Kho HN,862097434022,Standard shipping,J&T Express,,m***trietnguyen294_,N***** M*** T****,(+84)036*****88,Việt Nam,Thành phố Hà Nội,Ba Đình,*******,********************,,Credit/debit card,0.4,Bath & Body Care,1202707515366344152	,,Unchecked,,LIVE,lepetitmarseillaisvn
584906171840759137	,Shipped,Delivered,,Normal,1732250801268689116	,ST01902,"Sữa Tắm/Gel Tắm Pháp Le Petit Marseillais Chiết Xuất Thiên Nhiên 650ml - Sữa Tắm Lưu Hương Lành Tính - Dịu Nhẹ, An Toàn Cho Da","Thông & Bạch Đàn Biển, Standard",1,0,499000,499000,60000,110000,329000,0,48600,0,48600,,0,329000,,07/07/2026 16:58:05	,07/07/2026 16:58:11	,07/07/2026 19:50:43	,08/07/2026 10:25:26	,09/07/2026 12:09:16	,"	",,,Fulfillment by seller,Kho HN,862076654022,Standard shipping,J&T Express,,2***605898,P*** N*** D**,(+84)035*****69,Việt Nam,Thanh Hóa,Thanh Hóa,********,******************************************,,Credit/debit card,1,Bath & Shower,1202708405704099169	,,Unchecked,,LIVE,lepetitmarseillaisvn
584906171840759137	,Shipped,Completed,,Normal,1735803348866008284	,DX74752,Dầu Xả Cấp Ẩm Le Petit Marseillais Nước Dừa Hữu Cơ 200ml,Mặc định,1,0,0,0,0,0,0,0,48600,0,48600,,0,329000,,07/07/2026 16:58:05	,07/07/2026 16:58:11	,07/07/2026 19:50:43	,08/07/2026 10:25:26	,09/07/2026 12:09:16	,"	",,,Fulfillment by seller,Kho HN,862076654022,Standard shipping,J&T Express,,2***605898,P*** N*** D**,(+84)035*****69,Việt Nam,Thanh Hóa,Thanh Hóa,********,******************************************,,Credit/debit card,0.25,Shampoo & Conditioner,1202708405704099169	,,Unchecked,,LIVE,lepetitmarseillaisvn
584906182131877636	,Shipped,Completed,,Normal,1735803348866008284	,DX74752,Dầu Xả Cấp Ẩm Le Petit Marseillais Nước Dừa Hữu Cơ 200ml,Mặc định,1,0,0,0,0,0,0,0,34000,0,34000,,0,299880,,07/07/2026 16:51:44	,09/07/2026 12:39:28	,07/07/2026 19:50:43	,08/07/2026 09:41:44	,09/07/2026 12:39:28	,"	",,,Fulfillment by seller,Kho HCMC,862063973982,Standard shipping,J&T Express,,q***thinh6410,Q*** T****,(+84)091*****29,Việt Nam,Cần Thơ,Ninh Kiều,*******,******,,Cash on delivery,0.25,Shampoo & Conditioner,1202707615038277380	,,Unchecked,,LIVE,lepetitmarseillaisvn
584906182131877636	,Shipped,Delivered,,Normal,1732250801269016796	,ST01288,"Sữa Tắm/Gel Tắm Pháp Le Petit Marseillais Chiết Xuất Thiên Nhiên 650ml - Sữa Tắm Lưu Hương Lành Tính - Dịu Nhẹ, An Toàn Cho Da","Đào Trắng & Quả Xuân Đào, Standard",1,0,499000,499000,57120,142000,299880,0,34000,0,34000,,0,299880,,07/07/2026 16:51:44	,09/07/2026 12:39:28	,07/07/2026 19:50:43	,08/07/2026 09:41:44	,09/07/2026 12:39:28	,"	",,,Fulfillment by seller,Kho HCMC,862063973982,Standard shipping,J&T Express,,q***thinh6410,Q*** T****,(+84)091*****29,Việt Nam,Cần Thơ,Ninh Kiều,*******,******,,Cash on delivery,1,Bath & Shower,1202707615038277380	,,Unchecked,,LIVE,lepetitmarseillaisvn
584906022271157324	,Shipped,Delivered,,Normal,1732250801268689116	,ST01902,"Sữa Tắm/Gel Tắm Pháp Le Petit Marseillais Chiết Xuất Thiên Nhiên 650ml - Sữa Tắm Lưu Hương Lành Tính - Dịu Nhẹ, An Toàn Cho Da","Thông & Bạch Đàn Biển, Standard",1,0,499000,499000,0,142000,357000,0,17100,0,17100,,0,357000,,07/07/2026 16:50:59	,09/07/2026 16:26:04	,08/07/2026 08:05:55	,08/07/2026 10:25:26	,09/07/2026 16:26:04	,"	",,,Fulfillment by seller,Kho HN,862086785682,Standard shipping,J&T Express,,d***ng_,đ* m*** đ***,(+84)088*****59,Việt Nam,Thành phố Hà Nội,Hà Đông,***********,****************************,****,Cash on delivery,1,Bath & Shower,1202707357206086732	,,Unchecked,,LIVE,lepetitmarseillaisvn
584906022271157324	,Shipped,Completed,,Normal,1735803348866008284	,DX74752,Dầu Xả Cấp Ẩm Le Petit Marseillais Nước Dừa Hữu Cơ 200ml,Mặc định,1,0,0,0,0,0,0,0,17100,0,17100,,0,357000,,07/07/2026 16:50:59	,09/07/2026 16:26:04	,08/07/2026 08:05:55	,08/07/2026 10:25:26	,09/07/2026 16:26:04	,"	",,,Fulfillment by seller,Kho HN,862086785682,Standard shipping,J&T Express,,d***ng_,đ* m*** đ***,(+84)088*****59,Việt Nam,Thành phố Hà Nội,Hà Đông,***********,****************************,****,Cash on delivery,0.25,Shampoo & Conditioner,1202707357206086732	,,Unchecked,,LIVE,lepetitmarseillaisvn
584906014978050038	,Shipped,Delivered,,Normal,1732251749141219548	,ST01172,"Sữa Tắm Pháp Le Petit Marseillais Cho Nam Chiết Xuất Thiên Nhiên 4in1 Nhiều Mùi Hương Dưỡng Ẩm, Thơm Lâu - Phù Hợp Mọi Loại Da (250ml)","Hương Gỗ Tuyết Tùng & Dương Xỉ, Standard",1,0,269000,269000,0,80000,189000,0,20900,0,20900,,0,189000,,07/07/2026 16:48:11	,09/07/2026 09:14:33	,07/07/2026 19:50:43	,08/07/2026 09:41:45	,09/07/2026 09:14:33	,"	",,,Fulfillment by seller,Kho HCMC,862024683982,Standard shipping,J&T Express,,t***htuyen25.10,L* T**** T****,(+84)347****78,Việt Nam,Hồ Chí Minh,Phường Dĩ An,************,********************************,,Cash on delivery,0.5,Bath & Shower,1202706127765735414	,,Unchecked,,Videos,man.trung.737
584906014978050038	,Shipped,Completed,,Normal,1731317148230255836	,BONG TAM HQ,[Quà tặng không bán] Bông Tắm Tạo Bọt Mềm Mịn,Mặc định,1,0,0,0,0,0,0,0,20900,0,20900,,0,189000,,07/07/2026 16:48:11	,09/07/2026 09:14:33	,07/07/2026 19:50:43	,08/07/2026 09:41:45	,09/07/2026 09:14:33	,"	",,,Fulfillment by seller,Kho HCMC,862024683982,Standard shipping,J&T Express,,t***htuyen25.10,L* T**** T****,(+84)347****78,Việt Nam,Hồ Chí Minh,Phường Dĩ An,************,********************************,,Cash on delivery,0.5,"Loofahs, Sponges, & Poufs",1202706127765735414	,,Unchecked,,Videos,man.trung.737
584905850999310278	,Shipped,Delivered,,Normal,1735803426087208156	,DG74042,Dầu Gội Trị Gàu Bạc Hà Le Petit Marseillais Kiềm Dầu Sạch Sâu 250ml,Mặc định,1,0,329000,329000,33320,91000,204680,0,19700,0,19700,,0,204680,,07/07/2026 16:34:51	,09/07/2026 12:50:59	,07/07/2026 16:43:43	,08/07/2026 10:25:25	,09/07/2026 12:50:59	,"	",,,Fulfillment by seller,Kho HN,862065203502,Standard shipping,J&T Express,,t***.nguyn2281,N***** v** t****,(+84)097*****62,Việt Nam,Hà Nội,Thường Tín,******,***************,,Cash on delivery,0.3,Shampoo & Conditioner,1202704701079324614	,,Unchecked,,Product cards,
584905745164436760	,Canceled,Canceled,Cancel,Normal,1735805418668000476	,XP81108,Hộp 2 Cục Xà Phòng Le Petit Marseillais Bơ Hạt Mỡ 2x100g,Mặc định,1,1,179000,179000,0,9000,170000,0,14000,0,14000,,0,170000,170000,07/07/2026 16:31:28	,07/07/2026 16:31:39	,"	","	","	",07/07/2026 16:35:38	,User,Need to change shipping address,Fulfillment by seller,Kho HCMC,,Standard shipping,,,k***ng00,D** t****,(+84)903****85,Việt Nam,Hồ Chí Minh,Phường Phú Thuận,****************,*******************************************************,,MoMo E-Wallet,0.3,Bath & Shower,1202705125790090520	,,Unchecked,,LIVE,lepetitmarseillaisvn
584905742947026095	,Shipped,Completed,,Normal,1734496577198523612	,1 BÁNH-XP,Xà Phòng Le Petit Marseillais Chính Hãng Bánh Xà Phòng Tắm Thiên Nhiên (Ngẫu nhiên)  1 Bánh,Mặc định,1,0,0,0,0,0,0,0,41400,0,41400,,0,318000,,07/07/2026 16:30:30	,09/07/2026 15:13:31	,07/07/2026 16:43:42	,08/07/2026 09:41:44	,09/07/2026 15:13:31	,"	",,,Fulfillment by seller,Kho HCMC,862005203502,Standard shipping,J&T Express,,t***303,M*** T**,(+84)901****79,Việt Nam,Ninh Thuận,Phan Rang-Tháp Chàm,*********,********************************************,,Cash on delivery,0.1,Bath & Shower,1202704867501835439	,,Unchecked,,LIVE,lepetitmarseillaisvn
584905742947026095	,Shipped,Delivered,,Normal,1736012795076117724	,ST00823+ST48441,Combo 2 Sữa Tắm Nữ Pháp Le Petit Marseillais 250ml - Thiên Nhiên Dịu Nhẹ,"Hoa Cam, Quả Mâm Xôi Hữu Cơ & Hoa Mẫu Đơn",1,0,538000,538000,60000,160000,318000,0,41400,0,41400,,0,318000,,07/07/2026 16:30:30	,09/07/2026 15:13:31	,07/07/2026 16:43:42	,08/07/2026 09:41:44	,09/07/2026 15:13:31	,"	",,,Fulfillment by seller,Kho HCMC,862005203502,Standard shipping,J&T Express,,t***303,M*** T**,(+84)901****79,Việt Nam,Ninh Thuận,Phan Rang-Tháp Chàm,*********,********************************************,,Cash on delivery,0.6,Bath & Shower,1202704867501835439	,,Unchecked,,LIVE,lepetitmarseillaisvn
584905708327503298	,Canceled,Canceled,Cancel,Normal,1733398526731846876	,ST04371,Sữa Tắm Nam 4 in 1 Thiên Nhiên Le Petit Marseillais Chiết Xuất Gừng & Gỗ Bách Hương 250ml 4371,Mặc định,1,1,0,0,0,0,0,0,20900,0,20900,,0,318000,0,07/07/2026 16:26:45	,"	",07/07/2026 16:43:43	,08/07/2026 09:41:53	,"	",12/07/2026 09:46:11	,System,Package delivery failed,Fulfillment by seller,Kho HCMC,862029783492,Standard shipping,J&T Express,,b***hoai6789,M*** Đ**,(+84)366****59,Việt Nam,Hồ Chí Minh,Xã Long Điền,************,*********,,Cash on delivery,0.4,Bath & Body Care,1202704023665083842	,,Unchecked,,Product cards,
584905708327503298	,Canceled,Canceled,Cancel,Normal,1735912571878606044	,ST01356 + ST01172,Combo 2 Sữa Tắm Nam Le Petit Marseillais 4in1 Cho Tóc Mặt Râu Toàn Thân 250ml,"Thông Biển & Bạch Đàn, Gỗ Tuyết Tùng Và Dương Xỉ",1,1,538000,538000,60000,160000,318000,0,20900,0,20900,,0,318000,318000,07/07/2026 16:26:45	,"	",07/07/2026 16:43:43	,08/07/2026 09:41:53	,"	",12/07/2026 09:46:11	,System,Package delivery failed,Fulfillment by seller,Kho HCMC,862029783492,Standard shipping,J&T Express,,b***hoai6789,M*** Đ**,(+84)366****59,Việt Nam,Hồ Chí Minh,Xã Long Điền,************,*********,,Cash on delivery,0.6,Bath & Body Care,1202704023665083842	,,Unchecked,,Product cards,
584905641261499942	,Shipped,Delivered,,Normal,1732250801268689116	,ST01902,"Sữa Tắm/Gel Tắm Pháp Le Petit Marseillais Chiết Xuất Thiên Nhiên 650ml - Sữa Tắm Lưu Hương Lành Tính - Dịu Nhẹ, An Toàn Cho Da","Thông & Bạch Đàn Biển, Standard",1,0,499000,499000,58350,110000,330650,0,35500,0,35500,,0,330650,,07/07/2026 16:21:53	,07/07/2026 16:21:59	,07/07/2026 16:43:43	,08/07/2026 10:25:25	,11/07/2026 10:55:56	,"	",,,Fulfillment by seller,Kho HN,862037283532,Standard shipping,J&T Express,,b***wthegangster,Đ*** H**** T*** K****,(+84)090*****20,Việt Nam,Hồ Chí Minh,Thủ Đức,***************,***********,,MoMo E-Wallet,1,Bath & Shower,1202704446960862758	,,Unchecked,,Product cards,
584905558091728774	,Shipped,Delivered,,Normal,1732250801268689116	,ST01902,"Sữa Tắm/Gel Tắm Pháp Le Petit Marseillais Chiết Xuất Thiên Nhiên 650ml - Sữa Tắm Lưu Hương Lành Tính - Dịu Nhẹ, An Toàn Cho Da","Thông & Bạch Đàn Biển, Standard",1,0,499000,499000,70020,110000,318980,0,18200,0,18200,,0,611720,,07/07/2026 16:14:46	,07/07/2026 16:14:51	,08/07/2026 08:05:55	,08/07/2026 10:26:33	,09/07/2026 09:52:58	,"	",,,Fulfillment by seller,Kho HN,862084995682,Standard shipping,J&T Express,,t***y_nguyen1210,A H*,(+84)968****55,Việt Nam,Hà Nội,Phường Hoàn Kiếm,****************,*****************,,Credit/debit card,1,Bath & Shower,1202703301833361286	,,Unchecked,,Product cards,
584905558091728774	,Shipped,Delivered,,Normal,1732250801269082332	,ST00557,"Sữa Tắm/Gel Tắm Pháp Le Petit Marseillais Chiết Xuất Thiên Nhiên 650ml - Sữa Tắm Lưu Hương Lành Tính - Dịu Nhẹ, An Toàn Cho Da","Vani, Standard",1,0,499000,499000,64260,142000,292740,0,18200,0,18200,,0,611720,,07/07/2026 16:14:46	,07/07/2026 16:14:51	,08/07/2026 08:05:55	,08/07/2026 10:26:33	,09/07/2026 09:52:58	,"	",,,Fulfillment by seller,Kho HN,862084995682,Standard shipping,J&T Express,,t***y_nguyen1210,A H*,(+84)968****55,Việt Nam,Hà Nội,Phường Hoàn Kiếm,****************,*****************,,Credit/debit card,1,Bath & Shower,1202703301833361286	,,Unchecked,,LIVE,lepetitmarseillaisvn
584905558091728774	,Shipped,Completed,,Normal,1735803348866008284	,DX74752,Dầu Xả Cấp Ẩm Le Petit Marseillais Nước Dừa Hữu Cơ 200ml,Mặc định,1,0,0,0,0,0,0,0,18200,0,18200,,0,611720,,07/07/2026 16:14:46	,07/07/2026 16:14:51	,08/07/2026 08:05:55	,08/07/2026 10:26:33	,09/07/2026 09:52:58	,"	",,,Fulfillment by seller,Kho HN,862084995682,Standard shipping,J&T Express,,t***y_nguyen1210,A H*,(+84)968****55,Việt Nam,Hà Nội,Phường Hoàn Kiếm,****************,*****************,,Credit/debit card,0.25,Shampoo & Conditioner,1202703301833361286	,,Unchecked,,Product cards,
584905227968022416	,Shipped,Delivered,,Normal,1732250801268689116	,ST01902,"Sữa Tắm/Gel Tắm Pháp Le Petit Marseillais Chiết Xuất Thiên Nhiên 650ml - Sữa Tắm Lưu Hương Lành Tính - Dịu Nhẹ, An Toàn Cho Da","Thông & Bạch Đàn Biển, Standard",2,0,499000,998000,133190,297000,567810,0,51500,0,51500,,0,567810,,07/07/2026 15:57:30	,10/07/2026 15:25:11	,07/07/2026 19:50:43	,08/07/2026 10:26:34	,10/07/2026 15:25:11	,"	",,,Fulfillment by seller,Kho HN,862039484022,Standard shipping,J&T Express,,t***y1936,T** M*,(+84)385****23,Việt Nam,Hồ Chí Minh,Phường Xuân Hòa,***************,****************************,,Cash on delivery,2,Bath & Shower,1202701243859699600	,,Unchecked,,LIVE,lepetitmarseillaisvn
584905201063527753	,Shipped,Completed,,Normal,1735803348866008284	,DX74752,Dầu Xả Cấp Ẩm Le Petit Marseillais Nước Dừa Hữu Cơ 200ml,Mặc định,1,0,0,0,0,0,0,0,17100,0,17100,,0,357880,,07/07/2026 15:49:54	,09/07/2026 16:39:05	,07/07/2026 16:43:43	,08/07/2026 10:25:25	,09/07/2026 16:39:05	,"	",,,Fulfillment by seller,Kho HN,862074323532,Standard shipping,J&T Express,,c***ua094,c********,(+84)967****94,Việt Nam,Hà Nội,Phường Cầu Giấy,***************,***************************,,Cash on delivery,0.25,Shampoo & Conditioner,1202698728631076169	,,Unchecked,,LIVE,lepetitmarseillaisvn
584905201063527753	,Shipped,Delivered,,Normal,1732250801268885724	,ST68816,"Sữa Tắm/Gel Tắm Pháp Le Petit Marseillais Chiết Xuất Thiên Nhiên 650ml - Sữa Tắm Lưu Hương Lành Tính - Dịu Nhẹ, An Toàn Cho Da","Hoa Tiare, Standard",1,0,499000,499000,31120,110000,357880,0,17100,0,17100,,0,357880,,07/07/2026 15:49:54	,09/07/2026 16:39:05	,07/07/2026 16:43:43	,08/07/2026 10:25:25	,09/07/2026 16:39:05	,"	",,,Fulfillment by seller,Kho HN,862074323532,Standard shipping,J&T Express,,c***ua094,c********,(+84)967****94,Việt Nam,Hà Nội,Phường Cầu Giấy,***************,***************************,,Cash on delivery,1,Bath & Shower,1202698728631076169	,,Unchecked,,LIVE,lepetitmarseillaisvn
584904914226480146	,Canceled,Canceled,Cancel,Normal,1731317148230255836	,BONG TAM HQ,[Quà tặng không bán] Bông Tắm Tạo Bọt Mềm Mịn,Mặc định,1,1,0,0,0,0,0,0,35100,0,35100,,0,189000,0,07/07/2026 15:37:08	,"	","	","	","	",07/07/2026 16:37:07	,User,Need to change color or size,Fulfillment by seller,Kho HN,,Standard shipping,,,h***einy6688,M*** h**,(+84)989****36,Việt Nam,Hải Phòng,Xã Vĩnh Bảo,***********,*******************************,,Cash on delivery,0.5,"Loofahs, Sponges, & Poufs",1202697228905055250	,,Unchecked,,Videos,ahau.phuongthao
584904914226480146	,Canceled,Canceled,Cancel,Normal,1732250914985052380	,ST48441,"Sữa Tắm/Gel Tắm Pháp Le Petit Marseillais Thiên Nhiên 250ml - Sữa Tắm Lưu Hương Lành Tính - Dịu Nhẹ, An Toàn Cho Da","Quả Mâm Xôi & Hoa Mẫu Đơn, Standard",1,1,269000,269000,0,80000,189000,0,35100,0,35100,,0,189000,189000,07/07/2026 15:37:08	,"	","	","	","	",07/07/2026 16:37:07	,User,Need to change color or size,Fulfillment by seller,Kho HN,,Standard shipping,,,h***einy6688,M*** h**,(+84)989****36,Việt Nam,Hải Phòng,Xã Vĩnh Bảo,***********,*******************************,,Cash on delivery,0.5,Bath & Shower,1202697228905055250	,,Unchecked,,Videos,ahau.phuongthao
584904511476303410	,Shipped,Delivered,,Normal,1735912571878278364	,ST01431 + ST01172,Combo 2 Sữa Tắm Nam Le Petit Marseillais 4in1 Cho Tóc Mặt Râu Toàn Thân 250ml,"Gỗ Cam & Dầu Argan , Gỗ Tuyết Tùng Và Dương Xỉ",1,0,538000,538000,60480,160000,317520,0,35100,0,35100,,0,317520,,07/07/2026 15:04:41	,08/07/2026 14:33:37	,07/07/2026 15:13:43	,07/07/2026 15:51:02	,08/07/2026 14:33:37	,"	",,,Fulfillment by seller,Kho HCMC,862098373012,Standard shipping,J&T Express,,a***64,u****************,(+84)090*****80,Vietnam,Vinh Long,Binh Minh,*******,*************************,***************************************,Cash on delivery,0.6,Bath & Body Care,1202692670983996978	,,Unchecked,,Product cards,
584904511476303410	,Shipped,Completed,,Normal,1733398526731846876	,ST04371,Sữa Tắm Nam 4 in 1 Thiên Nhiên Le Petit Marseillais Chiết Xuất Gừng & Gỗ Bách Hương 250ml 4371,Mặc định,1,0,0,0,0,0,0,0,35100,0,35100,,0,317520,,07/07/2026 15:04:41	,08/07/2026 14:33:37	,07/07/2026 15:13:43	,07/07/2026 15:51:02	,08/07/2026 14:33:37	,"	",,,Fulfillment by seller,Kho HCMC,862098373012,Standard shipping,J&T Express,,a***64,u****************,(+84)090*****80,Vietnam,Vinh Long,Binh Minh,*******,*************************,***************************************,Cash on delivery,0.4,Bath & Body Care,1202692670983996978	,,Unchecked,,Product cards,
584904429151094050	,Shipped,Delivered,,Normal,1732251749141219548	,ST01172,"Sữa Tắm Pháp Le Petit Marseillais Cho Nam Chiết Xuất Thiên Nhiên 4in1 Nhiều Mùi Hương Dưỡng Ẩm, Thơm Lâu - Phù Hợp Mọi Loại Da (250ml)","Hương Gỗ Tuyết Tùng & Dương Xỉ, Standard",1,0,269000,269000,0,80000,189000,0,20900,0,20900,,0,189000,,07/07/2026 15:03:00	,08/07/2026 13:54:31	,07/07/2026 15:13:43	,07/07/2026 15:51:02	,08/07/2026 13:54:31	,"	",,,Fulfillment by seller,Kho HCMC,862061782982,Standard shipping,J&T Express,,t***q033006,T**** T****,(+84)033*****22,Việt Nam,Hồ Chí Minh,Phường Lái Thiêu,****************,************,*********************************************************************,Cash on delivery,0.5,Bath & Shower,1202692859953382690	,,Unchecked,,Videos,man.trung.737
584904429151094050	,Shipped,Completed,,Normal,1731317148230255836	,BONG TAM HQ,[Quà tặng không bán] Bông Tắm Tạo Bọt Mềm Mịn,Mặc định,1,0,0,0,0,0,0,0,20900,0,20900,,0,189000,,07/07/2026 15:03:00	,08/07/2026 13:54:31	,07/07/2026 15:13:43	,07/07/2026 15:51:02	,08/07/2026 13:54:31	,"	",,,Fulfillment by seller,Kho HCMC,862061782982,Standard shipping,J&T Express,,t***q033006,T**** T****,(+84)033*****22,Việt Nam,Hồ Chí Minh,Phường Lái Thiêu,****************,************,*********************************************************************,Cash on delivery,0.5,"Loofahs, Sponges, & Poufs",1202692859953382690	,,Unchecked,,Videos,man.trung.737
584904380310193541	,Shipped,Delivered,,Normal,1732252943759083740	,DG60650,"Dầu Gội Thiên Nhiên Le Petit Marseillais Nhiều Mùi Hương 250ml Dưỡng Ẩm, Thơm Lâu - Phù Hợp Mọi Loại Da",Phục Hồi Chuyên Sâu Dầu Jojoba,1,0,329000,329000,23800,91000,214200,0,30300,0,30300,,0,214200,,07/07/2026 14:58:21	,08/07/2026 15:20:08	,07/07/2026 15:13:43	,07/07/2026 15:51:02	,08/07/2026 15:20:08	,"	",,,Fulfillment by seller,Kho HCMC,862018383012,Standard shipping,J&T Express,,k***shi2003,k****,(+84)070*****51,Việt Nam,Cà Mau,Đầm Dơi,*******,********************************,,Cash on delivery,0.5,Shampoo & Conditioner,1202691966776149381	,,Unchecked,,Videos,ngocdailyvlog
584904221625517321	,Canceled,Canceled,Cancel,Normal,1736012747224876252	,ST92871+ST00526,Combo 2 Sữa Tắm Nữ Pháp Le Petit Marseillais 250ml - Thiên Nhiên Dịu Nhẹ,"Lá Bạc Hà , Vani",1,1,538000,538000,75600,160000,302400,0,35500,0,35500,,0,302400,302400,07/07/2026 14:51:48	,"	",07/07/2026 15:13:43	,"	","	",08/07/2026 08:08:04	,User,No longer needed,Fulfillment by seller,Kho HN,862080852982,Standard shipping,J&T Express,,t***y0309,K****,(+84)090*****35,Việt Nam,Hồ Chí Minh,Phường Thạnh Mỹ Tây,*******************,******************,,Cash on delivery,0.6,Bath & Shower,1202690816713065737	,,Unchecked,,LIVE,ron_tran_
584904210212488215	,Shipped,Completed,,Normal,1731317148230255836	,BONG TAM HQ,[Quà tặng không bán] Bông Tắm Tạo Bọt Mềm Mịn,Mặc định,1,0,0,0,0,0,0,0,15800,0,15800,,0,185610,,07/07/2026 14:46:53	,10/07/2026 17:12:01	,07/07/2026 15:13:43	,07/07/2026 15:51:02	,10/07/2026 17:12:01	,"	",,,Fulfillment by seller,Kho HCMC,862015523012,Standard shipping,J&T Express,,_***nh2903,P*** t**** a**,(+84)965****68,Việt Nam,Hồ Chí Minh,Quận 4,********,****************************,**************,Cash on delivery,0.5,"Loofahs, Sponges, & Poufs",1202690721586643991	,,Unchecked,,Product cards,
584904210212488215	,Shipped,Delivered,,Normal,1731893265444210908	,ST48441,"Sữa Tắm Pháp Le Petit Marseillais Quả Mâm Xôi & Hoa Mẫu Đơn Hữu Cơ Dưỡng Ẩm, Thơm Lâu - Phù Hợp Mọi Loại Da (250ml)","Quả Mâm Xôi & Hoa Mẫu Đơn, Standard",1,0,269000,269000,0,83390,185610,0,15800,0,15800,,0,185610,,07/07/2026 14:46:53	,10/07/2026 17:12:01	,07/07/2026 15:13:43	,07/07/2026 15:51:02	,10/07/2026 17:12:01	,"	",,,Fulfillment by seller,Kho HCMC,862015523012,Standard shipping,J&T Express,,_***nh2903,P*** t**** a**,(+84)965****68,Việt Nam,Hồ Chí Minh,Quận 4,********,****************************,**************,Cash on delivery,0.5,Bath & Shower,1202690721586643991	,,Unchecked,,Product cards,
584903680302286066	,Shipped,Delivered,,Normal,1732251749141219548	,ST01172,"Sữa Tắm Pháp Le Petit Marseillais Cho Nam Chiết Xuất Thiên Nhiên 4in1 Nhiều Mùi Hương Dưỡng Ẩm, Thơm Lâu - Phù Hợp Mọi Loại Da (250ml)","Hương Gỗ Tuyết Tùng & Dương Xỉ, Standard",1,0,269000,269000,28350,80000,160650,0,15800,0,15800,494,0,160156,,07/07/2026 14:13:09	,07/07/2026 14:13:15	,07/07/2026 15:13:43	,08/07/2026 10:25:25	,09/07/2026 09:48:00	,"	",,,Fulfillment by seller,Kho HN,862037283012,Standard shipping,J&T Express,,_***d.april_,N***** Q*** G** H**,(+84)086*****50,Việt Nam,Phố Hà Nội,Đống Đa,*******,******************,,Zalopay,0.5,Bath & Shower,1202685121036387570	,,Unchecked,,Videos,gentlegrooming0
584903680302286066	,Shipped,Completed,,Normal,1731317148230255836	,BONG TAM HQ,[Quà tặng không bán] Bông Tắm Tạo Bọt Mềm Mịn,Mặc định,1,0,0,0,0,0,0,0,15800,0,15800,494,0,160156,,07/07/2026 14:13:09	,07/07/2026 14:13:15	,07/07/2026 15:13:43	,08/07/2026 10:25:25	,09/07/2026 09:48:00	,"	",,,Fulfillment by seller,Kho HN,862037283012,Standard shipping,J&T Express,,_***d.april_,N***** Q*** G** H**,(+84)086*****50,Việt Nam,Phố Hà Nội,Đống Đa,*******,******************,,Zalopay,0.5,"Loofahs, Sponges, & Poufs",1202685121036387570	,,Unchecked,,Videos,gentlegrooming0
584903575356081238	,Shipped,Delivered,,Normal,1735769515978753244	,DG37467,"Dầu Gội Thiên Nhiên Le Petit Marseillais Nhiều Mùi Hương 250ml Dưỡng Ẩm, Thơm Lâu - Phù Hợp Mọi Loại Da",Thải Độc Với Chiết Xuất Trà Xanh Hữu Cơ,1,0,329000,329000,30000,91000,208000,0,14000,0,14000,,0,208000,,07/07/2026 14:09:03	,09/07/2026 12:07:50	,07/07/2026 15:13:43	,08/07/2026 11:25:08	,09/07/2026 12:07:50	,"	",,,Fulfillment by seller,Kho HN,862080702982,Standard shipping,J&T Express,,u***7151564447704,M***,(+84)913****89,Việt Nam,Hà Nội,Phường Tây Hồ,*************,***************************,,Cash on delivery,0.5,Shampoo & Conditioner,1202684271479915606	,,Unchecked,,Videos,ngocdailyvlog
584903398374147476	,Shipped,Delivered,,Normal,1735912571878606044	,ST01356 + ST01172,Combo 2 Sữa Tắm Nam Le Petit Marseillais 4in1 Cho Tóc Mặt Râu Toàn Thân 250ml,"Thông Biển & Bạch Đàn, Gỗ Tuyết Tùng Và Dương Xỉ",1,0,538000,538000,64260,160000,313740,0,20900,0,20900,,0,313740,,07/07/2026 13:56:09	,10/07/2026 15:54:23	,07/07/2026 13:58:35	,07/07/2026 15:51:02	,10/07/2026 15:54:23	,"	",,,Fulfillment by seller,Kho HCMC,862086422252,Standard shipping,J&T Express,,n***otgood0,N***** P** G** T****,(+84)091*****49,Việt Nam,Binh Duong,Di An,*******,***************************,,Cash on delivery,0.6,Bath & Body Care,1202682466918434196	,,Unchecked,,Product cards,
584903398374147476	,Shipped,Completed,,Normal,1733398526731846876	,ST04371,Sữa Tắm Nam 4 in 1 Thiên Nhiên Le Petit Marseillais Chiết Xuất Gừng & Gỗ Bách Hương 250ml 4371,Mặc định,1,0,0,0,0,0,0,0,20900,0,20900,,0,313740,,07/07/2026 13:56:09	,10/07/2026 15:54:23	,07/07/2026 13:58:35	,07/07/2026 15:51:02	,10/07/2026 15:54:23	,"	",,,Fulfillment by seller,Kho HCMC,862086422252,Standard shipping,J&T Express,,n***otgood0,N***** P** G** T****,(+84)091*****49,Việt Nam,Binh Duong,Di An,*******,***************************,,Cash on delivery,0.4,Bath & Body Care,1202682466918434196	,,Unchecked,,Product cards,
584903022193443881	,Shipped,Delivered,,Normal,1732251828553222364	,DT55885,Sữa Dưỡng Thể Le Petit Marseillais Dưỡng Ẩm Nuôi Dưỡng Da Nhiều Mùi Hương 250ml - Phù Hợp Mọi Loại Da (250ml),"Dầu Jojoba, Standard",1,0,399000,399000,44660,80000,274340,0,19700,0,19700,,0,274340,,07/07/2026 13:32:00	,08/07/2026 21:19:00	,07/07/2026 13:33:51	,07/07/2026 16:31:19	,08/07/2026 21:19:00	,"	",,,Fulfillment by seller,Kho HN,862089661992,Standard shipping,J&T Express,,d***g_xinh88,D***,(+84)098*****63,Việt Nam,Hà Nội,Gia Lâm,*********,******************************************,,Cash on delivery,0.5,Body Moisturizers,1202679427338634281	,,Unchecked,,Product cards,
584902893003506892	,Shipped,Completed,,Normal,1735803348866008284	,DX74752,Dầu Xả Cấp Ẩm Le Petit Marseillais Nước Dừa Hữu Cơ 200ml,Mặc định,1,0,0,0,0,0,0,0,15800,0,15800,,0,286310,,07/07/2026 13:27:57	,07/07/2026 13:29:29	,07/07/2026 13:31:55	,07/07/2026 16:31:19	,08/07/2026 09:06:32	,"	",,,Fulfillment by seller,Kho HN,862092642022,Standard shipping,J&T Express,,p***.tho2767,P***** T***,(+84)902****96,Việt Nam,Hà Nội,Thanh Xuân,**************,************************,,MoMo E-Wallet,0.25,Shampoo & Conditioner,1202680843837080780	,,Unchecked,,Product cards,
584902893003506892	,Shipped,Delivered,,Normal,1735773554533762268	,ST68823,Sữa Tắm Le Petit Marseillais Xoài Hữu Cơ & Chanh Dây 92% Tự Nhiên 650ml,Mặc định,1,0,499000,499000,70690,142000,286310,0,15800,0,15800,,0,286310,,07/07/2026 13:27:57	,07/07/2026 13:29:29	,07/07/2026 13:31:55	,07/07/2026 16:31:19	,08/07/2026 09:06:32	,"	",,,Fulfillment by seller,Kho HN,862092642022,Standard shipping,J&T Express,,p***.tho2767,P***** T***,(+84)902****96,Việt Nam,Hà Nội,Thanh Xuân,**************,************************,,MoMo E-Wallet,0.75,Bath & Shower,1202680843837080780	,,Unchecked,,Product cards,
584902673376904492	,Canceled,Canceled,Cancel,Normal,1731317148230255836	,BONG TAM HQ,[Quà tặng không bán] Bông Tắm Tạo Bọt Mềm Mịn,Mặc định,1,1,0,0,0,0,0,0,15800,0,15800,,0,189000,0,07/07/2026 13:09:32	,"	","	","	","	",07/07/2026 13:12:35	,User,No longer needed,Fulfillment by seller,Kho HCMC,,Standard shipping,,,h***dang.27,N***** H** Đ***,(+84)090*****01,Việt Nam,Hồ Chí Minh,Phường Hạnh Thông,*****************,***********************,*********************,Cash on delivery,0.5,"Loofahs, Sponges, & Poufs",1202676010693133612	,,Unchecked,,Videos,man.trung.737
584902673376904492	,Canceled,Canceled,Cancel,Normal,1732251749141219548	,ST01172,"Sữa Tắm Pháp Le Petit Marseillais Cho Nam Chiết Xuất Thiên Nhiên 4in1 Nhiều Mùi Hương Dưỡng Ẩm, Thơm Lâu - Phù Hợp Mọi Loại Da (250ml)","Hương Gỗ Tuyết Tùng & Dương Xỉ, Standard",1,1,269000,269000,0,80000,189000,0,15800,0,15800,,0,189000,189000,07/07/2026 13:09:32	,"	","	","	","	",07/07/2026 13:12:35	,User,No longer needed,Fulfillment by seller,Kho HCMC,,Standard shipping,,,h***dang.27,N***** H** Đ***,(+84)090*****01,Việt Nam,Hồ Chí Minh,Phường Hạnh Thông,*****************,***********************,*********************,Cash on delivery,0.5,Bath & Shower,1202676010693133612	,,Unchecked,,Videos,man.trung.737
584902429993633373	,Shipped,Delivered,,Normal,1733398673842472156	,ST01356,Sữa Tắm Nam Thơm Lâu 4 in 1 Thiên Nhiên Le Petit Marseillais Chiết Xuất Thông Biển & Bạch Đàn 250ml 1356,Mặc định,1,0,269000,269000,40000,84000,145000,0,35100,0,35100,,0,145000,,07/07/2026 12:56:57	,07/07/2026 12:57:02	,07/07/2026 13:17:17	,07/07/2026 15:47:08	,08/07/2026 11:23:41	,"	",,,Fulfillment by seller,Kho HCMC,862073091902,Standard shipping,J&T Express,,d***ary11,H*** T*****,(+84)797****81,Vietnam,Dong Nai,Thong Nhat,*********,********************************************,,Zalopay,0.4,Bath & Body Care,1202674413641762397	,,Unchecked,,Videos,
584902429993633373	,Shipped,Completed,,Normal,1731317148230255836	,BONG TAM HQ,[Quà tặng không bán] Bông Tắm Tạo Bọt Mềm Mịn,Mặc định,1,0,0,0,0,0,0,0,35100,0,35100,,0,145000,,07/07/2026 12:56:57	,07/07/2026 12:57:02	,07/07/2026 13:17:17	,07/07/2026 15:47:08	,08/07/2026 11:23:41	,"	",,,Fulfillment by seller,Kho HCMC,862073091902,Standard shipping,J&T Express,,d***ary11,H*** T*****,(+84)797****81,Vietnam,Dong Nai,Thong Nhat,*********,********************************************,,Zalopay,0.5,"Loofahs, Sponges, & Poufs",1202674413641762397	,,Unchecked,,Videos,
584902185257633611	,Canceled,Canceled,Cancel,,1735803348866008284	,DX74752,Dầu Xả Cấp Ẩm Le Petit Marseillais Nước Dừa Hữu Cơ 200ml,Mặc định,1,1,0,0,0,0,0,0,0,0,0,,0,0,0,07/07/2026 12:49:04	,07/07/2026 12:49:04	,"	","	","	",07/07/2026 13:31:49	,Seller,Pricing error,Fulfillment by seller,Kho HN,,Standard shipping,,,h***gem463,M** C** h**** ,(+84)039*****24,Việt Nam,Bình Định,Tuy Phước,*********,******************************************************,,,0.25,Shampoo & Conditioner,1202673602645296971	,,Unchecked,,Product cards,
584902211102213963	,Canceled,Canceled,Cancel,Normal,1732250801268885724	,ST68816,"Sữa Tắm/Gel Tắm Pháp Le Petit Marseillais Chiết Xuất Thiên Nhiên 650ml - Sữa Tắm Lưu Hương Lành Tính - Dịu Nhẹ, An Toàn Cho Da","Hoa Tiare, Standard",1,1,499000,499000,65000,110000,324000,0,55400,0,55400,,0,324000,324000,07/07/2026 12:48:32	,"	","	","	","	",07/07/2026 12:49:39	,User,High delivery costs,Fulfillment by seller,Kho HCMC,,Standard shipping,,,h***gem463,H**** E* 2***,(+84)392****24,Việt Nam,Gia Lai,Xã Tuy Phước Đông,*****************,****************************************************,,Cash on delivery,1,Bath & Shower,1202673083197196107	,,Unchecked,,LIVE,lepetitmarseillaisvn
584902211102213963	,Canceled,Canceled,Cancel,Normal,1735803348866008284	,DX74752,Dầu Xả Cấp Ẩm Le Petit Marseillais Nước Dừa Hữu Cơ 200ml,Mặc định,1,1,0,0,0,0,0,0,55400,0,55400,,0,324000,0,07/07/2026 12:48:32	,"	","	","	","	",07/07/2026 12:49:39	,User,High delivery costs,Fulfillment by seller,Kho HCMC,,Standard shipping,,,h***gem463,H**** E* 2***,(+84)392****24,Việt Nam,Gia Lai,Xã Tuy Phước Đông,*****************,****************************************************,,Cash on delivery,0.25,Shampoo & Conditioner,1202673083197196107	,,Unchecked,,LIVE,lepetitmarseillaisvn
584902183080002667	,Shipped,Delivered,,Normal,1732252943759083740	,DG60650,"Dầu Gội Thiên Nhiên Le Petit Marseillais Nhiều Mùi Hương 250ml Dưỡng Ẩm, Thơm Lâu - Phù Hợp Mọi Loại Da",Phục Hồi Chuyên Sâu Dầu Jojoba,1,0,329000,329000,0,91000,238000,0,14000,0,14000,,0,238000,,07/07/2026 12:45:52	,08/07/2026 18:01:43	,07/07/2026 12:47:46	,07/07/2026 15:47:08	,08/07/2026 18:01:43	,"	",,,Fulfillment by seller,Kho HCMC,862089021572,Standard shipping,J&T Express,,t***quynh10,T**,(+84)915****07,Việt Nam,Hồ Chí Minh,Tân Phú,*********,*******************,,Cash on delivery,0.5,Shampoo & Conditioner,1202672299770414187	,,Unchecked,,Videos,ngocdailyvlog
584902284931597758	,Shipped,Completed,,Normal,1734496577198523612	,1 BÁNH-XP,Xà Phòng Le Petit Marseillais Chính Hãng Bánh Xà Phòng Tắm Thiên Nhiên (Ngẫu nhiên)  1 Bánh,Mặc định,1,0,0,0,0,0,0,0,15800,0,15800,30,0,302370,,07/07/2026 12:44:25	,07/07/2026 12:44:57	,07/07/2026 12:47:53	,07/07/2026 16:31:19	,08/07/2026 11:31:18	,"	",,,Fulfillment by seller,Kho HN,862059961652,Standard shipping,J&T Express,,c***pacats,M* D****,(+84)394****12,Việt Nam,Hà Nội,Phường Tây Tựu,**************,*********************************,,PayLater,0.1,Bath & Shower,1202672777630680510	,,Unchecked,,LIVE,lepetitmarseillaisvn
584902284931597758	,Shipped,Delivered,,Normal,1736012747225531612	,ST01240+ST54494,Combo 2 Sữa Tắm Nữ Pháp Le Petit Marseillais 250ml - Thiên Nhiên Dịu Nhẹ,"Đào Trắng Hữu Cơ Và Quả Xuân Đào, Dừa",1,0,538000,538000,75600,160000,302400,0,15800,0,15800,30,0,302370,,07/07/2026 12:44:25	,07/07/2026 12:44:57	,07/07/2026 12:47:53	,07/07/2026 16:31:19	,08/07/2026 11:31:18	,"	",,,Fulfillment by seller,Kho HN,862059961652,Standard shipping,J&T Express,,c***pacats,M* D****,(+84)394****12,Việt Nam,Hà Nội,Phường Tây Tựu,**************,*********************************,,PayLater,0.6,Bath & Shower,1202672777630680510	,,Unchecked,,LIVE,lepetitmarseillaisvn
584902099008259513	,Shipped,Delivered,,Normal,1735234740272727260	,ST06999,Sữa Tắm Pháp Le Petit Marseillais 650ml chiết xuất Dừa,Mặc định,1,0,499000,499000,100000,142000,257000,0,42600,0,42600,,0,257000,,07/07/2026 12:41:54	,09/07/2026 11:33:52	,07/07/2026 12:44:14	,07/07/2026 16:31:19	,09/07/2026 11:33:52	,"	",,,Fulfillment by seller,Kho HN,862095451642,Standard shipping,J&T Express,,a***tle_vietnam_in_me,T**** ,(+84)783****34,Vietnam,Da Nang,Lien Chieu,********,***************,,Cash on delivery,1,Bath & Shower,1202671060096943545	,,Unchecked,,Product cards,
584902099008259513	,Shipped,Completed,,Normal,1735803348866008284	,DX74752,Dầu Xả Cấp Ẩm Le Petit Marseillais Nước Dừa Hữu Cơ 200ml,Mặc định,1,0,0,0,0,0,0,0,42600,0,42600,,0,257000,,07/07/2026 12:41:54	,09/07/2026 11:33:52	,07/07/2026 12:44:14	,07/07/2026 16:31:19	,09/07/2026 11:33:52	,"	",,,Fulfillment by seller,Kho HN,862095451642,Standard shipping,J&T Express,,a***tle_vietnam_in_me,T**** ,(+84)783****34,Vietnam,Da Nang,Lien Chieu,********,***************,,Cash on delivery,0.25,Shampoo & Conditioner,1202671060096943545	,,Unchecked,,Product cards,
584902007033333002	,Shipped,Delivered,,Normal,1736013429863974108	,ST99622+ST19308,Combo 2 Sữa Tắm Nữ Pháp Le Petit Marseillais 250ml - Thiên Nhiên Dịu Nhẹ,"Xoài Hữu Cơ & Chanh Dây, Lựu",1,0,538000,538000,75600,160000,302400,0,41400,0,41400,,0,302400,,07/07/2026 12:30:55	,07/07/2026 12:30:59	,07/07/2026 12:36:49	,07/07/2026 16:31:19	,09/07/2026 14:16:26	,"	",,,Fulfillment by seller,Kho HN,862003001532,Standard shipping,J&T Express,,u***jpzfwxguwo,M* L***,(+84)093*****09,Việt Nam,Gia Lai,Pleiku,*********,************************************,************************************,MoMo E-Wallet,0.6,Bath & Shower,1202670649718048010	,,Unchecked,,LIVE,lepetitmarseillaisvn
584901675790403509	,Shipped,Delivered,,Normal,1732250801269213404	,ST53594,"Sữa Tắm/Gel Tắm Pháp Le Petit Marseillais Chiết Xuất Thiên Nhiên 650ml - Sữa Tắm Lưu Hương Lành Tính - Dịu Nhẹ, An Toàn Cho Da","Hạnh Nhân, Standard",1,0,499000,499000,60690,142000,296310,0,22100,0,22100,,0,296310,,07/07/2026 12:17:09	,08/07/2026 10:59:37	,07/07/2026 12:36:49	,07/07/2026 16:31:19	,08/07/2026 10:59:37	,"	",,,Fulfillment by seller,Kho HN,862000681532,Standard shipping,J&T Express,,t***hocdanfiml,N***** T*** T***,(+84)097*****05,Việt Nam,Hà Nội,Xã Gia Lâm,**********,****************************************,,Cash on delivery,1,Bath & Shower,1202668387910387637	,,Unchecked,,LIVE,lepetitmarseillaisvn
584901675790403509	,Shipped,Completed,,Normal,1735803348866008284	,DX74752,Dầu Xả Cấp Ẩm Le Petit Marseillais Nước Dừa Hữu Cơ 200ml,Mặc định,1,0,0,0,0,0,0,0,22100,0,22100,,0,296310,,07/07/2026 12:17:09	,08/07/2026 10:59:37	,07/07/2026 12:36:49	,07/07/2026 16:31:19	,08/07/2026 10:59:37	,"	",,,Fulfillment by seller,Kho HN,862000681532,Standard shipping,J&T Express,,t***hocdanfiml,N***** T*** T***,(+84)097*****05,Việt Nam,Hà Nội,Xã Gia Lâm,**********,****************************************,,Cash on delivery,0.25,Shampoo & Conditioner,1202668387910387637	,,Unchecked,,LIVE,lepetitmarseillaisvn
584901624922998676	,Shipped,Completed,,Normal,1735803348866008284	,DX74752,Dầu Xả Cấp Ẩm Le Petit Marseillais Nước Dừa Hữu Cơ 200ml,Mặc định,1,0,0,0,0,0,0,0,41400,0,41400,,0,336650,,07/07/2026 12:15:13	,07/07/2026 12:15:28	,07/07/2026 12:36:49	,07/07/2026 16:31:19	,08/07/2026 15:28:05	,"	",,,Fulfillment by seller,Kho HN,862002601532,Standard shipping,J&T Express,,l***bong12,P*****,(+84)364****48,Việt Nam,Vĩnh Phúc,Yên Lạc,**********,**********************************,,Domestic ATM card,0.25,Shampoo & Conditioner,1202668355839625108	,,Unchecked,,Product cards,
584901624922998676	,Shipped,Delivered,,Normal,1732250801269147868	,ST06999,"Sữa Tắm/Gel Tắm Pháp Le Petit Marseillais Chiết Xuất Thiên Nhiên 650ml - Sữa Tắm Lưu Hương Lành Tính - Dịu Nhẹ, An Toàn Cho Da","Dừa, Standard",1,0,499000,499000,52350,110000,336650,0,41400,0,41400,,0,336650,,07/07/2026 12:15:13	,07/07/2026 12:15:28	,07/07/2026 12:36:49	,07/07/2026 16:31:19	,08/07/2026 15:28:05	,"	",,,Fulfillment by seller,Kho HN,862002601532,Standard shipping,J&T Express,,l***bong12,P*****,(+84)364****48,Việt Nam,Vĩnh Phúc,Yên Lạc,**********,**********************************,,Domestic ATM card,1,Bath & Shower,1202668355839625108	,,Unchecked,,Product cards,
584901526017246695	,Shipped,Completed,,Normal,1731317148230255836	,BONG TAM HQ,[Quà tặng không bán] Bông Tắm Tạo Bọt Mềm Mịn,Mặc định,1,0,0,0,0,0,0,0,47600,0,47600,,0,170100,,07/07/2026 12:06:03	,09/07/2026 13:30:08	,07/07/2026 12:36:49	,07/07/2026 16:31:19	,09/07/2026 13:30:08	,"	",,,Fulfillment by seller,Kho HN,862009361522,Standard shipping,J&T Express,,_***ggkan,q*** đ** t***,(+84)036*****97,Việt Nam,Tỉnh Quảng Trị,Hướng Hóa,*****,******,,Cash on delivery,0.5,"Loofahs, Sponges, & Poufs",1202668144105653735	,,Unchecked,,Videos,thaivublackbi149
584901526017246695	,Shipped,Delivered,,Normal,1732251749141154012	,ST01356,"Sữa Tắm Pháp Le Petit Marseillais Cho Nam Chiết Xuất Thiên Nhiên 4in1 Nhiều Mùi Hương Dưỡng Ẩm, Thơm Lâu - Phù Hợp Mọi Loại Da (250ml)","Hương Thông & Bạch Đàn Biển, Standard",1,0,269000,269000,18900,80000,170100,0,47600,0,47600,,0,170100,,07/07/2026 12:06:03	,09/07/2026 13:30:08	,07/07/2026 12:36:49	,07/07/2026 16:31:19	,09/07/2026 13:30:08	,"	",,,Fulfillment by seller,Kho HN,862009361522,Standard shipping,J&T Express,,_***ggkan,q*** đ** t***,(+84)036*****97,Việt Nam,Tỉnh Quảng Trị,Hướng Hóa,*****,******,,Cash on delivery,0.5,Bath & Shower,1202668144105653735	,,Unchecked,,Videos,thaivublackbi149
584901373545973706	,Shipped,Delivered,,Normal,1735912571878606044	,ST01356 + ST01172,Combo 2 Sữa Tắm Nam Le Petit Marseillais 4in1 Cho Tóc Mặt Râu Toàn Thân 250ml,"Thông Biển & Bạch Đàn, Gỗ Tuyết Tùng Và Dương Xỉ",1,0,538000,538000,30240,160000,347760,0,35100,0,35100,,0,347760,,07/07/2026 11:56:50	,08/07/2026 20:24:42	,07/07/2026 12:36:49	,07/07/2026 16:31:19	,08/07/2026 20:24:42	,"	",,,Fulfillment by seller,Kho HN,862098991602,Standard shipping,J&T Express,,l***251086,L* H*,(+84)094*****69,Việt Nam,Hải Phòng,Xã An Lão,*********,*******************,,Cash on delivery,0.6,Bath & Body Care,1202666195000657866	,,Unchecked,,Videos,
584901388575803122	,Shipped,Delivered,,Normal,1736013429863646428	,ST99622+ST48441,Combo 2 Sữa Tắm Nữ Pháp Le Petit Marseillais 250ml - Thiên Nhiên Dịu Nhẹ,"Xoài Hữu Cơ & Chanh Dây, Quả Mâm Xôi Hữu Cơ & Hoa Mẫu Đơn",1,0,538000,538000,76748,160000,301252,0,35500,0,35500,,0,301252,,07/07/2026 11:54:15	,07/07/2026 11:55:12	,07/07/2026 12:36:49	,07/07/2026 16:31:19	,10/07/2026 09:12:29	,"	",,,Fulfillment by seller,Kho HN,862080141532,Standard shipping,J&T Express,,q***hjigokushoujo,Q****,(+84)096*****09,Việt Nam,Hồ Chí Minh,Phường Bình Tiên,****************,****************,**************************,MoMo E-Wallet,0.6,Bath & Shower,1202665958625150706	,,Unchecked,,LIVE,lepetitmarseillaisvn
584901388575606514	,Shipped,Delivered,,Normal,1732250801268885724	,ST68816,"Sữa Tắm/Gel Tắm Pháp Le Petit Marseillais Chiết Xuất Thiên Nhiên 650ml - Sữa Tắm Lưu Hương Lành Tính - Dịu Nhẹ, An Toàn Cho Da","Hoa Tiare, Standard",1,0,499000,499000,78982,110000,310018,0,17100,0,17100,,0,310018,,07/07/2026 11:54:15	,07/07/2026 11:55:12	,07/07/2026 12:36:49	,07/07/2026 15:47:08	,08/07/2026 08:47:02	,"	",,,Fulfillment by seller,Kho HCMC,862039161602,Standard shipping,J&T Express,,q***hjigokushoujo,Q****,(+84)096*****09,Việt Nam,Hồ Chí Minh,Phường Bình Tiên,****************,****************,**************************,MoMo E-Wallet,1,Bath & Shower,1202665221086742258	,,Unchecked,,LIVE,lepetitmarseillaisvn
584901388575606514	,Shipped,Completed,,Normal,1735803348866008284	,DX74752,Dầu Xả Cấp Ẩm Le Petit Marseillais Nước Dừa Hữu Cơ 200ml,Mặc định,1,0,0,0,0,0,0,0,17100,0,17100,,0,310018,,07/07/2026 11:54:15	,07/07/2026 11:55:12	,07/07/2026 12:36:49	,07/07/2026 15:47:08	,08/07/2026 08:47:02	,"	",,,Fulfillment by seller,Kho HCMC,862039161602,Standard shipping,J&T Express,,q***hjigokushoujo,Q****,(+84)096*****09,Việt Nam,Hồ Chí Minh,Phường Bình Tiên,****************,****************,**************************,MoMo E-Wallet,0.25,Shampoo & Conditioner,1202665221086742258	,,Unchecked,,LIVE,lepetitmarseillaisvn
584901182198089709	,Shipped,Delivered,,Normal,1732251916621678812	,DT84159,"Sữa Dưỡng Thể 24h Le Petit Marseillais Nhiều Mùi Hương 400ml Dưỡng Ẩm, Thơm Lâu - Phù Hợp Mọi Loại Da","Bơ Hạt Mỡ, Lô Hội, Sáp Ong, Standard",1,0,479000,479000,0,97000,382000,0,15800,0,15800,,0,382000,,07/07/2026 11:46:52	,08/07/2026 16:30:02	,07/07/2026 12:36:49	,07/07/2026 15:47:08	,08/07/2026 16:30:02	,"	",,,Fulfillment by seller,Kho HCMC,862024661532,Standard shipping,J&T Express,,h***by3939,H* n*****,(+84)979****94,Việt Nam,Hồ Chí Minh,Phường Tân Sơn,**************,******************,,Cash on delivery,0.8,Body Moisturizers,1202665591862953965	,,Unchecked,,Product cards,
584900657890822017	,Shipped,Delivered,,Normal,1732250801268754652	,ST01295,"Sữa Tắm/Gel Tắm Pháp Le Petit Marseillais Chiết Xuất Thiên Nhiên 650ml - Sữa Tắm Lưu Hương Lành Tính - Dịu Nhẹ, An Toàn Cho Da","Lá Oliu & Hoa Bồ Đề, Standard",1,0,499000,499000,56246,147461,295293,28300,28300,0,0,,0,1423540,,07/07/2026 11:19:05	,08/07/2026 19:34:04	,07/07/2026 12:36:49	,07/07/2026 16:31:19	,08/07/2026 19:34:04	,"	",,,Fulfillment by seller,Kho HN,862059161602,Standard shipping,J&T Express,,n***em.giang2505,N***** G****,(+84)969****77,Việt Nam,Hà Nội,Phường Vĩnh Tuy,***************,*****************,,Cash on delivery,1,Bath & Shower,1202661266852775809	,,Unchecked,,Product cards,
584900657890822017	,Shipped,Delivered,,Normal,1732250801269082332	,ST00557,"Sữa Tắm/Gel Tắm Pháp Le Petit Marseillais Chiết Xuất Thiên Nhiên 650ml - Sữa Tắm Lưu Hương Lành Tính - Dịu Nhẹ, An Toàn Cho Da","Vani, Standard",1,0,499000,499000,51619,176379,271002,28300,28300,0,0,,0,1423540,,07/07/2026 11:19:05	,08/07/2026 19:34:04	,07/07/2026 12:36:49	,07/07/2026 16:31:19	,08/07/2026 19:34:04	,"	",,,Fulfillment by seller,Kho HN,862059161602,Standard shipping,J&T Express,,n***em.giang2505,N***** G****,(+84)969****77,Việt Nam,Hà Nội,Phường Vĩnh Tuy,***************,*****************,,Cash on delivery,1,Bath & Shower,1202661266852775809	,,Unchecked,,Product cards,
584900657890822017	,Shipped,Delivered,,Normal,1732250801269213404	,ST53594,"Sữa Tắm/Gel Tắm Pháp Le Petit Marseillais Chiết Xuất Thiên Nhiên 650ml - Sữa Tắm Lưu Hương Lành Tính - Dịu Nhẹ, An Toàn Cho Da","Hạnh Nhân, Standard",1,0,499000,499000,51619,176379,271002,28300,28300,0,0,,0,1423540,,07/07/2026 11:19:05	,08/07/2026 19:34:04	,07/07/2026 12:36:49	,07/07/2026 16:31:19	,08/07/2026 19:34:04	,"	",,,Fulfillment by seller,Kho HN,862059161602,Standard shipping,J&T Express,,n***em.giang2505,N***** G****,(+84)969****77,Việt Nam,Hà Nội,Phường Vĩnh Tuy,***************,*****************,,Cash on delivery,1,Bath & Shower,1202661266852775809	,,Unchecked,,Product cards,
584900657890822017	,Shipped,Delivered,,Normal,1732250801269344476	,ST00991,"Sữa Tắm/Gel Tắm Pháp Le Petit Marseillais Chiết Xuất Thiên Nhiên 650ml - Sữa Tắm Lưu Hương Lành Tính - Dịu Nhẹ, An Toàn Cho Da","Sữa Thực Vật, Standard",1,0,499000,499000,51620,176379,271001,28300,28300,0,0,,0,1423540,,07/07/2026 11:19:05	,08/07/2026 19:34:04	,07/07/2026 12:36:49	,07/07/2026 16:31:19	,08/07/2026 19:34:04	,"	",,,Fulfillment by seller,Kho HN,862059161602,Standard shipping,J&T Express,,n***em.giang2505,N***** G****,(+84)969****77,Việt Nam,Hà Nội,Phường Vĩnh Tuy,***************,*****************,,Cash on delivery,1,Bath & Shower,1202661266852775809	,,Unchecked,,Product cards,
584900657890822017	,Shipped,Completed,,Normal,1735803348866008284	,DX74752,Dầu Xả Cấp Ẩm Le Petit Marseillais Nước Dừa Hữu Cơ 200ml,Mặc định,1,0,0,0,0,0,0,28300,28300,0,0,,0,1423540,,07/07/2026 11:19:05	,08/07/2026 19:34:04	,07/07/2026 12:36:49	,07/07/2026 16:31:19	,08/07/2026 19:34:04	,"	",,,Fulfillment by seller,Kho HN,862059161602,Standard shipping,J&T Express,,n***em.giang2505,N***** G****,(+84)969****77,Việt Nam,Hà Nội,Phường Vĩnh Tuy,***************,*****************,,Cash on delivery,0.25,Shampoo & Conditioner,1202661266852775809	,,Unchecked,,Product cards,
584900657890822017	,Shipped,Delivered,,Normal,1735912571878933724	,ST04371 + ST01172,Combo 2 Sữa Tắm Nam Le Petit Marseillais 4in1 Cho Tóc Mặt Râu Toàn Thân 250ml,"Gừng Và Gỗ Bách Tươi , Gỗ Tuyết Tùng Và Dương Xỉ",1,0,538000,538000,54656,196402,286942,28300,28300,0,0,,0,1423540,,07/07/2026 11:19:05	,08/07/2026 19:34:04	,07/07/2026 12:36:49	,07/07/2026 16:31:19	,08/07/2026 19:34:04	,"	",,,Fulfillment by seller,Kho HN,862059161602,Standard shipping,J&T Express,,n***em.giang2505,N***** G****,(+84)969****77,Việt Nam,Hà Nội,Phường Vĩnh Tuy,***************,*****************,,Cash on delivery,0.6,Bath & Body Care,1202661266852775809	,,Unchecked,,Product cards,
584899093969274062	,Shipped,Delivered,,Normal,1732250914984724700	,ST19308,"Sữa Tắm/Gel Tắm Pháp Le Petit Marseillais Thiên Nhiên 250ml - Sữa Tắm Lưu Hương Lành Tính - Dịu Nhẹ, An Toàn Cho Da","Hương Lựu, Standard",1,0,269000,269000,9450,80000,179550,0,35100,0,35100,,0,179550,,07/07/2026 09:36:53	,08/07/2026 10:32:18	,07/07/2026 12:36:49	,07/07/2026 15:47:08	,08/07/2026 10:32:18	,"	",,,Fulfillment by seller,Kho HCMC,862002461532,Standard shipping,J&T Express,,n***12246,u***************,(+84)978****11,Việt Nam,Bình Phước,Phước Long,*********,**************,,Cash on delivery,0.5,Bath & Shower,1202646465909458126	,,Unchecked,,Product cards,
584899093969274062	,Shipped,Completed,,Normal,1731317148230255836	,BONG TAM HQ,[Quà tặng không bán] Bông Tắm Tạo Bọt Mềm Mịn,Mặc định,1,0,0,0,0,0,0,0,35100,0,35100,,0,179550,,07/07/2026 09:36:53	,08/07/2026 10:32:18	,07/07/2026 12:36:49	,07/07/2026 15:47:08	,08/07/2026 10:32:18	,"	",,,Fulfillment by seller,Kho HCMC,862002461532,Standard shipping,J&T Express,,n***12246,u***************,(+84)978****11,Việt Nam,Bình Phước,Phước Long,*********,**************,,Cash on delivery,0.5,"Loofahs, Sponges, & Poufs",1202646465909458126	,,Unchecked,,Product cards,
584898518896837756	,Canceled,Canceled,Cancel,Normal,1734496577198523612	,1 BÁNH-XP,Xà Phòng Le Petit Marseillais Chính Hãng Bánh Xà Phòng Tắm Thiên Nhiên (Ngẫu nhiên)  1 Bánh,Mặc định,1,1,0,0,0,0,0,0,15800,0,15800,,0,370000,0,07/07/2026 09:07:51	,"	",07/07/2026 12:36:49	,07/07/2026 16:31:19	,"	",12/07/2026 15:50:21	,System,Package delivery failed,Fulfillment by seller,Kho HN,862082241532,Standard shipping,J&T Express,,t***orn1998,T*****,(+84)966****11,Việt Nam,Hà Nội,Phường Từ Liêm,**************,******************,,Cash on delivery,0.1,Bath & Shower,1202641413916230780	,,Unchecked,,Product cards,
584898518896837756	,Canceled,Canceled,Cancel,Normal,1736012795078477020	,ST65434+ST48441,Combo 2 Sữa Tắm Nữ Pháp Le Petit Marseillais 250ml - Thiên Nhiên Dịu Nhẹ,"Bông Và Hoa Anh Túc, Quả Mâm Xôi Hữu Cơ & Hoa Mẫu Đơn",1,1,538000,538000,0,168000,370000,0,15800,0,15800,,0,370000,370000,07/07/2026 09:07:51	,"	",07/07/2026 12:36:49	,07/07/2026 16:31:19	,"	",12/07/2026 15:50:21	,System,Package delivery failed,Fulfillment by seller,Kho HN,862082241532,Standard shipping,J&T Express,,t***orn1998,T*****,(+84)966****11,Việt Nam,Hà Nội,Phường Từ Liêm,**************,******************,,Cash on delivery,0.6,Bath & Shower,1202641413916230780	,,Unchecked,,Product cards,
584898209487160951	,Shipped,Completed,,Normal,1731317148230255836	,BONG TAM HQ,[Quà tặng không bán] Bông Tắm Tạo Bọt Mềm Mịn,Mặc định,1,0,0,0,0,0,0,0,15800,0,15800,,0,189000,,07/07/2026 08:47:46	,08/07/2026 17:23:54	,07/07/2026 08:51:14	,07/07/2026 09:45:45	,08/07/2026 17:23:54	,"	",,,Fulfillment by seller,Kho HCMC,862018030132,Standard shipping,J&T Express,,m***c.m0,T*****,(+84)382****53,Việt Nam,Hồ Chí Minh,Bình Thạnh,*********,**********************,,Cash on delivery,0.5,"Loofahs, Sponges, & Poufs",1202638068865271415	,,Unchecked,,Videos,kinkechillchill
584898209487160951	,Shipped,Delivered,,Normal,1732250914985380060	,ST01240,"Sữa Tắm/Gel Tắm Pháp Le Petit Marseillais Thiên Nhiên 250ml - Sữa Tắm Lưu Hương Lành Tính - Dịu Nhẹ, An Toàn Cho Da","Đào Trắng & Quả Xuân Đào, Standard",1,0,269000,269000,0,80000,189000,0,15800,0,15800,,0,189000,,07/07/2026 08:47:46	,08/07/2026 17:23:54	,07/07/2026 08:51:14	,07/07/2026 09:45:45	,08/07/2026 17:23:54	,"	",,,Fulfillment by seller,Kho HCMC,862018030132,Standard shipping,J&T Express,,m***c.m0,T*****,(+84)382****53,Việt Nam,Hồ Chí Minh,Bình Thạnh,*********,**********************,,Cash on delivery,0.5,Bath & Shower,1202638068865271415	,,Unchecked,,Videos,kinkechillchill
584897902238795042	,Shipped,Completed,,Normal,1731317148230255836	,BONG TAM HQ,[Quà tặng không bán] Bông Tắm Tạo Bọt Mềm Mịn,Mặc định,1,0,0,0,0,0,0,0,15800,0,15800,,0,189000,,07/07/2026 08:23:25	,07/07/2026 08:23:28	,07/07/2026 08:51:14	,07/07/2026 12:01:18	,08/07/2026 12:06:03	,"	",,,Fulfillment by seller,Kho HN,862015200132,Standard shipping,J&T Express,,f***enangel.lienquan,M***,(+84)901****26,Việt Nam,Hà Nội,Phường Hồng Hà,**************,***************,********************,MoMo E-Wallet,0.5,"Loofahs, Sponges, & Poufs",1202633803008410914	,,Unchecked,,Product cards,
584897902238795042	,Shipped,Delivered,,Normal,1732251749141219548	,ST01172,"Sữa Tắm Pháp Le Petit Marseillais Cho Nam Chiết Xuất Thiên Nhiên 4in1 Nhiều Mùi Hương Dưỡng Ẩm, Thơm Lâu - Phù Hợp Mọi Loại Da (250ml)","Hương Gỗ Tuyết Tùng & Dương Xỉ, Standard",1,0,269000,269000,0,80000,189000,0,15800,0,15800,,0,189000,,07/07/2026 08:23:25	,07/07/2026 08:23:28	,07/07/2026 08:51:14	,07/07/2026 12:01:18	,08/07/2026 12:06:03	,"	",,,Fulfillment by seller,Kho HN,862015200132,Standard shipping,J&T Express,,f***enangel.lienquan,M***,(+84)901****26,Việt Nam,Hà Nội,Phường Hồng Hà,**************,***************,********************,MoMo E-Wallet,0.5,Bath & Shower,1202633803008410914	,,Unchecked,,Product cards,
584897258719446520	,Shipped,Delivered,,Normal,1732250914985183452	,ST00526,"Sữa Tắm/Gel Tắm Pháp Le Petit Marseillais Thiên Nhiên 250ml - Sữa Tắm Lưu Hương Lành Tính - Dịu Nhẹ, An Toàn Cho Da","Vani, Standard",1,0,269000,269000,28400,80000,160600,0,30200,0,30200,,0,160600,,07/07/2026 07:37:02	,07/07/2026 07:37:07	,07/07/2026 08:51:14	,07/07/2026 12:01:18	,09/07/2026 18:18:54	,"	",,,Fulfillment by seller,Kho HN,862061250052,Standard shipping,J&T Express,,h***pham1289,H*** P***,(+84)093*****48,Việt Nam,Hồ Chí Minh,Phường Tân Hòa,**************,***********,,Credit/debit card,0.5,Bath & Shower,1202627757076350456	,,Unchecked,,Product cards,
584897258719315448	,Shipped,Delivered,,Normal,1732250914985380060	,ST01240,"Sữa Tắm/Gel Tắm Pháp Le Petit Marseillais Thiên Nhiên 250ml - Sữa Tắm Lưu Hương Lành Tính - Dịu Nhẹ, An Toàn Cho Da","Đào Trắng & Quả Xuân Đào, Standard",1,0,269000,269000,28400,80000,160600,0,14000,0,14000,,0,160600,,07/07/2026 07:37:02	,07/07/2026 07:37:07	,07/07/2026 08:51:14	,07/07/2026 09:45:45	,08/07/2026 11:52:11	,"	",,,Fulfillment by seller,Kho HCMC,862015680132,Standard shipping,J&T Express,,h***pham1289,H*** P***,(+84)093*****48,Việt Nam,Hồ Chí Minh,Phường Tân Hòa,**************,***********,,Credit/debit card,0.5,Bath & Shower,1202627632672310776	,,Unchecked,,Product cards,
584897046223160985	,Shipped,Delivered,,Normal,1733205957881726172	,DG90442,Dầu Gội Trẻ Em 2in1 94% Thiên Nhiên Le Petit Marseillais Giúp Gỡ Rối Tóc Nhiều Mùi Hương 300ml,Mâm xôi & Bông 0442,1,0,369000,369000,48621,113103,207276,0,34800,0,34800,,0,207276,,07/07/2026 07:15:26	,10/07/2026 12:37:17	,07/07/2026 08:51:14	,07/07/2026 12:01:18	,10/07/2026 12:37:17	,"	",,,Fulfillment by seller,Kho HN,862061070052,Standard shipping,J&T Express,,s***ldkids1403,P*****,(+84)967****77,Việt Nam,Hồ Chí Minh,Xã Kim Long,***********,*************************************************************,,Cash on delivery,0.4,Hair Care & Body Wash,1202625619429852825	,,Unchecked,,Product cards,
584897046222964377	,Shipped,Delivered,,Normal,1733205957881660636	,DG90435,Dầu Gội Trẻ Em 2in1 94% Thiên Nhiên Le Petit Marseillais Giúp Gỡ Rối Tóc Nhiều Mùi Hương 300ml,Quả đào & mơ 0435,1,0,369000,369000,48620,113103,207277,0,20900,0,20900,,0,381594,,07/07/2026 07:15:26	,08/07/2026 12:38:50	,07/07/2026 08:51:14	,07/07/2026 09:45:44	,08/07/2026 12:38:50	,"	",,,Fulfillment by seller,Kho HCMC,862001260052,Standard shipping,J&T Express,,s***ldkids1403,P*****,(+84)967****77,Việt Nam,Hồ Chí Minh,Xã Kim Long,***********,*************************************************************,,Cash on delivery,0.4,Hair Care & Body Wash,1202625393730225817	,,Unchecked,,Product cards,
584897046222964377	,Shipped,Delivered,,Normal,1735803319872816348	,DG60650,Dầu Gội Phục Hồi Chuyên Sâu Le Petit Marseillais Dầu Jojoba Hữu Cơ 250ml,Mặc định,1,0,329000,329000,40889,113794,174317,0,20900,0,20900,,0,381594,,07/07/2026 07:15:26	,08/07/2026 12:38:50	,07/07/2026 08:51:14	,07/07/2026 09:45:44	,08/07/2026 12:38:50	,"	",,,Fulfillment by seller,Kho HCMC,862001260052,Standard shipping,J&T Express,,s***ldkids1403,P*****,(+84)967****77,Việt Nam,Hồ Chí Minh,Xã Kim Long,***********,*************************************************************,,Cash on delivery,0.3,Shampoo & Conditioner,1202625393730225817	,,Unchecked,,Product cards,
584896532251117199	,Shipped,Delivered,,Normal,1735912571877950684	,ST01172 x 2,Combo 2 Sữa Tắm Nam Le Petit Marseillais 4in1 Cho Tóc Mặt Râu Toàn Thân 250ml,"Gỗ Tuyết Tùng Và Dương Xỉ, Gỗ Tuyết Tùng Và Dương Xỉ",1,0,538000,538000,56700,160000,321300,0,35100,0,35100,,0,321300,,07/07/2026 06:29:54	,08/07/2026 17:28:09	,07/07/2026 06:34:06	,07/07/2026 09:45:44	,08/07/2026 17:28:09	,"	",,,Fulfillment by seller,Kho HCMC,862077998671,Standard shipping,J&T Express,,n***ultis,N***** v** n**,(+84)886****95,Việt Nam,Tỉnh Đồng Nai,Nhơn Trạch,***********,***************************,,Cash on delivery,0.6,Bath & Body Care,1202622380953142927	,,Unchecked,,Product cards,
584896306579932950	,Shipped,Completed,,Normal,1731317148230255836	,BONG TAM HQ,[Quà tặng không bán] Bông Tắm Tạo Bọt Mềm Mịn,Mặc định,1,0,0,0,0,0,0,0,4700,0,4700,,0,189000,,07/07/2026 06:02:10	,08/07/2026 16:41:42	,07/07/2026 06:34:06	,07/07/2026 09:45:45	,08/07/2026 16:41:42	,"	",,,Fulfillment by seller,Kho HCMC,862027838591,Standard shipping,J&T Express,,q***041207,N**,(+84)081*****32,Việt Nam,Hồ Chí Minh,Quận 12,*************,************************,,Cash on delivery,0.5,"Loofahs, Sponges, & Poufs",1202620133907990294	,,Unchecked,,Videos,man.trung.737
584896306579932950	,Shipped,Delivered,,Normal,1732251749141154012	,ST01356,"Sữa Tắm Pháp Le Petit Marseillais Cho Nam Chiết Xuất Thiên Nhiên 4in1 Nhiều Mùi Hương Dưỡng Ẩm, Thơm Lâu - Phù Hợp Mọi Loại Da (250ml)","Hương Thông & Bạch Đàn Biển, Standard",1,0,269000,269000,0,80000,189000,0,4700,0,4700,,0,189000,,07/07/2026 06:02:10	,08/07/2026 16:41:42	,07/07/2026 06:34:06	,07/07/2026 09:45:45	,08/07/2026 16:41:42	,"	",,,Fulfillment by seller,Kho HCMC,862027838591,Standard shipping,J&T Express,,q***041207,N**,(+84)081*****32,Việt Nam,Hồ Chí Minh,Quận 12,*************,************************,,Cash on delivery,0.5,Bath & Shower,1202620133907990294	,,Unchecked,,Videos,man.trung.737
584896270489060530	,Shipped,Completed,,Normal,1731317148230255836	,BONG TAM HQ,[Quà tặng không bán] Bông Tắm Tạo Bọt Mềm Mịn,Mặc định,1,0,0,0,0,0,0,0,15800,0,15800,,0,189000,,07/07/2026 05:57:03	,08/07/2026 10:12:05	,07/07/2026 06:34:06	,07/07/2026 10:28:23	,08/07/2026 10:12:05	,"	",,,Fulfillment by seller,Kho HN,862076588671,Standard shipping,J&T Express,,h***g0038,h** đ***,(+84)869****33,Việt Nam,Hà Nội,Hai Bà Trưng,********,************************************************,,Cash on delivery,0.5,"Loofahs, Sponges, & Poufs",1202620249282806962	,,Unchecked,,Videos,duongmanhkien19
584896270489060530	,Shipped,Delivered,,Normal,1732251749141154012	,ST01356,"Sữa Tắm Pháp Le Petit Marseillais Cho Nam Chiết Xuất Thiên Nhiên 4in1 Nhiều Mùi Hương Dưỡng Ẩm, Thơm Lâu - Phù Hợp Mọi Loại Da (250ml)","Hương Thông & Bạch Đàn Biển, Standard",1,0,269000,269000,0,80000,189000,0,15800,0,15800,,0,189000,,07/07/2026 05:57:03	,08/07/2026 10:12:05	,07/07/2026 06:34:06	,07/07/2026 10:28:23	,08/07/2026 10:12:05	,"	",,,Fulfillment by seller,Kho HN,862076588671,Standard shipping,J&T Express,,h***g0038,h** đ***,(+84)869****33,Việt Nam,Hà Nội,Hai Bà Trưng,********,************************************************,,Cash on delivery,0.5,Bath & Shower,1202620249282806962	,,Unchecked,,Videos,duongmanhkien19
584896241034757298	,Shipped,Delivered,,Normal,1732251749141219548	,ST01172,"Sữa Tắm Pháp Le Petit Marseillais Cho Nam Chiết Xuất Thiên Nhiên 4in1 Nhiều Mùi Hương Dưỡng Ẩm, Thơm Lâu - Phù Hợp Mọi Loại Da (250ml)","Hương Gỗ Tuyết Tùng & Dương Xỉ, Standard",1,0,269000,269000,0,80000,189000,0,15800,0,15800,,0,189000,,07/07/2026 05:56:37	,08/07/2026 10:12:05	,07/07/2026 06:34:06	,07/07/2026 10:28:22	,08/07/2026 10:12:05	,"	",,,Fulfillment by seller,Kho HN,862091308681,Standard shipping,J&T Express,,h***g0038,h** đ***,(+84)869****33,Việt Nam,Hà Nội,Hai Bà Trưng,********,************************************************,,Cash on delivery,0.5,Bath & Shower,1202620172447417522	,,Unchecked,,Videos,duongmanhkien19
584896241034757298	,Shipped,Completed,,Normal,1731317148230255836	,BONG TAM HQ,[Quà tặng không bán] Bông Tắm Tạo Bọt Mềm Mịn,Mặc định,1,0,0,0,0,0,0,0,15800,0,15800,,0,189000,,07/07/2026 05:56:37	,08/07/2026 10:12:05	,07/07/2026 06:34:06	,07/07/2026 10:28:22	,08/07/2026 10:12:05	,"	",,,Fulfillment by seller,Kho HN,862091308681,Standard shipping,J&T Express,,h***g0038,h** đ***,(+84)869****33,Việt Nam,Hà Nội,Hai Bà Trưng,********,************************************************,,Cash on delivery,0.5,"Loofahs, Sponges, & Poufs",1202620172447417522	,,Unchecked,,Videos,duongmanhkien19
584896208791176531	,Shipped,Delivered,,Normal,1732251916621613276	,DT83916,"Sữa Dưỡng Thể 24h Le Petit Marseillais Nhiều Mùi Hương 400ml Dưỡng Ẩm, Thơm Lâu - Phù Hợp Mọi Loại Da","Bơ Hạt Mỡ, Hạnh Nhân, Dầu Argan, Standard",1,0,479000,479000,50000,97000,332000,0,15800,0,15800,,0,332000,,07/07/2026 05:49:41	,08/07/2026 12:24:28	,07/07/2026 06:34:06	,07/07/2026 09:45:45	,08/07/2026 12:24:28	,"	",,,Fulfillment by seller,Kho HCMC,862091508681,Standard shipping,J&T Express,,u***6290930127285,T***,(+84)090*****32,Việt Nam,Hồ Chí Minh,Phường Tân Sơn,**************,**********************,,Cash on delivery,0.8,Body Moisturizers,1202619402035430739	,,Unchecked,,LIVE,lepetitmarseillaisvn
584896049144628780	,Shipped,Delivered,,Normal,1732251749141219548	,ST01172,"Sữa Tắm Pháp Le Petit Marseillais Cho Nam Chiết Xuất Thiên Nhiên 4in1 Nhiều Mùi Hương Dưỡng Ẩm, Thơm Lâu - Phù Hợp Mọi Loại Da (250ml)","Hương Gỗ Tuyết Tùng & Dương Xỉ, Standard",2,0,269000,538000,0,168000,370000,17100,17100,0,0,,0,387100,,07/07/2026 05:29:29	,08/07/2026 12:27:57	,07/07/2026 06:34:06	,07/07/2026 10:28:22	,08/07/2026 12:27:57	,"	",,,Fulfillment by seller,Kho HN,862096148671,Standard shipping,J&T Express,,i***duy.hp95,Đ*** D** H**,(+84)903****07,Việt Nam,Hà Nội,Phường Kim Liên,***************,***********************************************************************,,Cash on delivery,1,Bath & Shower,1202618974207641132	,,Unchecked,,Videos,duongmanhkien19
584896049144628780	,Shipped,Completed,,Normal,1733398526731846876	,ST04371,Sữa Tắm Nam 4 in 1 Thiên Nhiên Le Petit Marseillais Chiết Xuất Gừng & Gỗ Bách Hương 250ml 4371,Mặc định,1,0,0,0,0,0,0,17100,17100,0,0,,0,387100,,07/07/2026 05:29:29	,08/07/2026 12:27:57	,07/07/2026 06:34:06	,07/07/2026 10:28:22	,08/07/2026 12:27:57	,"	",,,Fulfillment by seller,Kho HN,862096148671,Standard shipping,J&T Express,,i***duy.hp95,Đ*** D** H**,(+84)903****07,Việt Nam,Hà Nội,Phường Kim Liên,***************,***********************************************************************,,Cash on delivery,0.4,Bath & Body Care,1202618974207641132	,,Unchecked,,Videos,duongmanhkien19
584895958932161581	,Shipped,Delivered,,Normal,1732250801268820188	,ST01868,"Sữa Tắm/Gel Tắm Pháp Le Petit Marseillais Chiết Xuất Thiên Nhiên 650ml - Sữa Tắm Lưu Hương Lành Tính - Dịu Nhẹ, An Toàn Cho Da","Hương Chanh & Bưởi Hồng, Standard",1,0,499000,499000,53550,142000,303450,0,17100,0,17100,,0,303450,,07/07/2026 05:14:03	,07/07/2026 05:14:07	,07/07/2026 06:34:06	,07/07/2026 10:28:23	,08/07/2026 08:50:51	,"	",,,Fulfillment by seller,Kho HN,862071308681,Standard shipping,J&T Express,,h***ongismeh_,L*** H**,(+84)355****81,Việt Nam,Thành phố Hà Nội,Từ Liêm,*********,************************************************************************,,MoMo E-Wallet,1,Bath & Shower,1202618209154073645	,,Unchecked,,Product cards,
584895958932161581	,Shipped,Completed,,Normal,1735803348866008284	,DX74752,Dầu Xả Cấp Ẩm Le Petit Marseillais Nước Dừa Hữu Cơ 200ml,Mặc định,1,0,0,0,0,0,0,0,17100,0,17100,,0,303450,,07/07/2026 05:14:03	,07/07/2026 05:14:07	,07/07/2026 06:34:06	,07/07/2026 10:28:23	,08/07/2026 08:50:51	,"	",,,Fulfillment by seller,Kho HN,862071308681,Standard shipping,J&T Express,,h***ongismeh_,L*** H**,(+84)355****81,Việt Nam,Thành phố Hà Nội,Từ Liêm,*********,************************************************************************,,MoMo E-Wallet,0.25,Shampoo & Conditioner,1202618209154073645	,,Unchecked,,Product cards,
584895693196527555	,Shipped,Delivered,,Normal,1732252943759018204	,DG74042,"Dầu Gội Thiên Nhiên Le Petit Marseillais Nhiều Mùi Hương 250ml Dưỡng Ẩm, Thơm Lâu - Phù Hợp Mọi Loại Da",Trị Gàu 2 In 1 Tinh Dầu Bạc Hà,1,0,329000,329000,47600,91000,190400,0,30300,0,30300,,0,190400,,07/07/2026 04:17:42	,08/07/2026 12:27:19	,07/07/2026 06:34:06	,07/07/2026 09:45:45	,08/07/2026 12:27:19	,"	",,,Fulfillment by seller,Kho HCMC,862037998671,Standard shipping,J&T Express,,h***2794,w*******,(+84)988****74,Việt Nam,Đồng Nai,Xuân Lộc,********,***************,,Cash on delivery,0.5,Shampoo & Conditioner,1202616292174038979	,,Unchecked,,Videos,mevyan
584895474740922076	,Shipped,Delivered,,Normal,1732251749141219548	,ST01172,"Sữa Tắm Pháp Le Petit Marseillais Cho Nam Chiết Xuất Thiên Nhiên 4in1 Nhiều Mùi Hương Dưỡng Ẩm, Thơm Lâu - Phù Hợp Mọi Loại Da (250ml)","Hương Gỗ Tuyết Tùng & Dương Xỉ, Standard",1,0,269000,269000,0,80000,189000,0,20900,0,20900,,0,189000,,07/07/2026 03:24:58	,08/07/2026 20:24:31	,07/07/2026 06:34:06	,07/07/2026 10:28:23	,08/07/2026 20:24:31	,"	",,,Fulfillment by seller,Kho HN,862097368671,Standard shipping,J&T Express,,g***amlinhbattrang,T*** t**** h***,(+84)094*****66,Việt Nam,Thành Phố Hà Nội,Gia Lâm,*********,*************************************************,*************************,Cash on delivery,0.5,Bath & Shower,1202614950703040220	,,Unchecked,,Videos,duongmanhkien19
584895474740922076	,Shipped,Completed,,Normal,1731317148230255836	,BONG TAM HQ,[Quà tặng không bán] Bông Tắm Tạo Bọt Mềm Mịn,Mặc định,1,0,0,0,0,0,0,0,20900,0,20900,,0,189000,,07/07/2026 03:24:58	,08/07/2026 20:24:31	,07/07/2026 06:34:06	,07/07/2026 10:28:23	,08/07/2026 20:24:31	,"	",,,Fulfillment by seller,Kho HN,862097368671,Standard shipping,J&T Express,,g***amlinhbattrang,T*** t**** h***,(+84)094*****66,Việt Nam,Thành Phố Hà Nội,Gia Lâm,*********,*************************************************,*************************,Cash on delivery,0.5,"Loofahs, Sponges, & Poufs",1202614950703040220	,,Unchecked,,Videos,duongmanhkien19
584895389681747626	,Shipped,Completed,,Normal,1731317148230255836	,BONG TAM HQ,[Quà tặng không bán] Bông Tắm Tạo Bọt Mềm Mịn,Mặc định,1,0,0,0,0,0,0,0,15800,0,15800,,0,185000,,07/07/2026 03:02:06	,07/07/2026 03:02:10	,07/07/2026 06:34:06	,07/07/2026 09:45:45	,09/07/2026 10:51:24	,"	",,,Fulfillment by seller,Kho HCMC,862086938591,Standard shipping,J&T Express,,t***1736,N** T**** Đ**,(+84)938****78,Việt Nam,Hồ Chí Minh,Quận 3,********,***********************,,Zalopay,0.5,"Loofahs, Sponges, & Poufs",1202614361269438122	,,Unchecked,,Product cards,
584895389681747626	,Shipped,Delivered,,Normal,1732251749141219548	,ST01172,"Sữa Tắm Pháp Le Petit Marseillais Cho Nam Chiết Xuất Thiên Nhiên 4in1 Nhiều Mùi Hương Dưỡng Ẩm, Thơm Lâu - Phù Hợp Mọi Loại Da (250ml)","Hương Gỗ Tuyết Tùng & Dương Xỉ, Standard",1,0,269000,269000,0,84000,185000,0,15800,0,15800,,0,185000,,07/07/2026 03:02:06	,07/07/2026 03:02:10	,07/07/2026 06:34:06	,07/07/2026 09:45:45	,09/07/2026 10:51:24	,"	",,,Fulfillment by seller,Kho HCMC,862086938591,Standard shipping,J&T Express,,t***1736,N** T**** Đ**,(+84)938****78,Việt Nam,Hồ Chí Minh,Quận 3,********,***********************,,Zalopay,0.5,Bath & Shower,1202614361269438122	,,Unchecked,,Product cards,
584895297946748448	,Shipped,Delivered,,Normal,1732250801268689116	,ST01902,"Sữa Tắm/Gel Tắm Pháp Le Petit Marseillais Chiết Xuất Thiên Nhiên 650ml - Sữa Tắm Lưu Hương Lành Tính - Dịu Nhẹ, An Toàn Cho Da","Thông & Bạch Đàn Biển, Standard",1,0,499000,499000,60690,142000,296310,0,17100,0,17100,,0,296310,,07/07/2026 02:33:38	,08/07/2026 12:50:56	,07/07/2026 06:34:06	,07/07/2026 10:28:23	,08/07/2026 12:50:56	,"	",,,Fulfillment by seller,Kho HN,862096588671,Standard shipping,J&T Express,,s***eo_,Đ**,(+84)088*****93,Vietnam,Ha Noi,Dong Da,***********,***********************,***,Cash on delivery,1,Bath & Shower,1202613575643334176	,,Unchecked,,Product cards,
584895297946748448	,Shipped,Completed,,Normal,1735803348866008284	,DX74752,Dầu Xả Cấp Ẩm Le Petit Marseillais Nước Dừa Hữu Cơ 200ml,Mặc định,1,0,0,0,0,0,0,0,17100,0,17100,,0,296310,,07/07/2026 02:33:38	,08/07/2026 12:50:56	,07/07/2026 06:34:06	,07/07/2026 10:28:23	,08/07/2026 12:50:56	,"	",,,Fulfillment by seller,Kho HN,862096588671,Standard shipping,J&T Express,,s***eo_,Đ**,(+84)088*****93,Vietnam,Ha Noi,Dong Da,***********,***********************,***,Cash on delivery,0.25,Shampoo & Conditioner,1202613575643334176	,,Unchecked,,Product cards,
584895129999082928	,Shipped,Delivered,,Normal,1732251749141219548	,ST01172,"Sữa Tắm Pháp Le Petit Marseillais Cho Nam Chiết Xuất Thiên Nhiên 4in1 Nhiều Mùi Hương Dưỡng Ẩm, Thơm Lâu - Phù Hợp Mọi Loại Da (250ml)","Hương Gỗ Tuyết Tùng & Dương Xỉ, Standard",1,0,269000,269000,0,80000,189000,0,15800,0,15800,,0,189000,,07/07/2026 01:59:30	,08/07/2026 18:56:45	,07/07/2026 06:34:06	,07/07/2026 09:45:44	,08/07/2026 18:56:45	,"	",,,Fulfillment by seller,Kho HCMC,862056588671,Standard shipping,J&T Express,,t***nguyennguyen000,Đ*** T*** T*** N****,(+84)911****78,Việt Nam,Hồ Chí Minh,Phường Long Bình,****************,***************************,*******************************,Cash on delivery,0.5,Bath & Shower,1202612502338241968	,,Unchecked,,Product cards,
584895129999082928	,Shipped,Completed,,Normal,1731317148230255836	,BONG TAM HQ,[Quà tặng không bán] Bông Tắm Tạo Bọt Mềm Mịn,Mặc định,1,0,0,0,0,0,0,0,15800,0,15800,,0,189000,,07/07/2026 01:59:30	,08/07/2026 18:56:45	,07/07/2026 06:34:06	,07/07/2026 09:45:44	,08/07/2026 18:56:45	,"	",,,Fulfillment by seller,Kho HCMC,862056588671,Standard shipping,J&T Express,,t***nguyennguyen000,Đ*** T*** T*** N****,(+84)911****78,Việt Nam,Hồ Chí Minh,Phường Long Bình,****************,***************************,*******************************,Cash on delivery,0.5,"Loofahs, Sponges, & Poufs",1202612502338241968	,,Unchecked,,Product cards,
584895114771727527	,Shipped,Delivered,,Normal,1732250801268689116	,ST01902,"Sữa Tắm/Gel Tắm Pháp Le Petit Marseillais Chiết Xuất Thiên Nhiên 650ml - Sữa Tắm Lưu Hương Lành Tính - Dịu Nhẹ, An Toàn Cho Da","Thông & Bạch Đàn Biển, Standard",1,0,499000,499000,63550,142000,293450,0,35500,0,35500,,0,293450,,07/07/2026 01:57:53	,10/07/2026 13:33:21	,07/07/2026 06:34:06	,07/07/2026 10:28:23	,10/07/2026 13:33:21	,"	",,,Fulfillment by seller,Kho HN,862057998671,Standard shipping,J&T Express,,z***ssobad,t*** t*** c***,(+84)093*****03,Việt Nam,Hồ Chí Minh,Thủ Đức,************,******,********************************,Cash on delivery,1,Bath & Shower,1202612542311924903	,,Unchecked,,Product cards,
584895009031882277	,Shipped,Delivered,,Normal,1732251749141219548	,ST01172,"Sữa Tắm Pháp Le Petit Marseillais Cho Nam Chiết Xuất Thiên Nhiên 4in1 Nhiều Mùi Hương Dưỡng Ẩm, Thơm Lâu - Phù Hợp Mọi Loại Da (250ml)","Hương Gỗ Tuyết Tùng & Dương Xỉ, Standard",1,0,269000,269000,15156,80000,173844,0,20900,0,20900,,0,173844,,07/07/2026 01:42:16	,08/07/2026 11:42:51	,07/07/2026 06:34:06	,07/07/2026 09:45:44	,08/07/2026 11:42:51	,"	",,,Fulfillment by seller,Kho HCMC,862028418591,Standard shipping,J&T Express,,k***ngo2804,n** x*** p***,(+84)963****36,Việt Nam,Hồ Chí Minh,Bình Chánh,**********,**************************************************************,,Cash on delivery,0.5,Bath & Shower,1202611715890251301	,,Unchecked,,Videos,gentlegrooming0
584895009031882277	,Shipped,Completed,,Normal,1731317148230255836	,BONG TAM HQ,[Quà tặng không bán] Bông Tắm Tạo Bọt Mềm Mịn,Mặc định,1,0,0,0,0,0,0,0,20900,0,20900,,0,173844,,07/07/2026 01:42:16	,08/07/2026 11:42:51	,07/07/2026 06:34:06	,07/07/2026 09:45:44	,08/07/2026 11:42:51	,"	",,,Fulfillment by seller,Kho HCMC,862028418591,Standard shipping,J&T Express,,k***ngo2804,n** x*** p***,(+84)963****36,Việt Nam,Hồ Chí Minh,Bình Chánh,**********,**************************************************************,,Cash on delivery,0.5,"Loofahs, Sponges, & Poufs",1202611715890251301	,,Unchecked,,Videos,gentlegrooming0
584894829477069848	,Shipped,Delivered,,Normal,1732250801269344476	,ST00991,"Sữa Tắm/Gel Tắm Pháp Le Petit Marseillais Chiết Xuất Thiên Nhiên 650ml - Sữa Tắm Lưu Hương Lành Tính - Dịu Nhẹ, An Toàn Cho Da","Sữa Thực Vật, Standard",1,0,499000,499000,86024,142000,270976,0,17100,0,17100,,0,270976,,07/07/2026 01:13:55	,08/07/2026 14:00:31	,07/07/2026 06:34:06	,07/07/2026 09:45:44	,08/07/2026 14:00:31	,"	",,,Fulfillment by seller,Kho HCMC,862071508681,Standard shipping,J&T Express,,m***eedaily,N** T***,(+84)342****37,Vietnam,Ho Chi Minh,Sai Gon Ward,************,****************,,Cash on delivery,1,Bath & Shower,1202610610413405208	,,Unchecked,,LIVE,lepetitmarseillaisvn
584894829477069848	,Shipped,Completed,,Normal,1735803348866008284	,DX74752,Dầu Xả Cấp Ẩm Le Petit Marseillais Nước Dừa Hữu Cơ 200ml,Mặc định,1,0,0,0,0,0,0,0,17100,0,17100,,0,270976,,07/07/2026 01:13:55	,08/07/2026 14:00:31	,07/07/2026 06:34:06	,07/07/2026 09:45:44	,08/07/2026 14:00:31	,"	",,,Fulfillment by seller,Kho HCMC,862071508681,Standard shipping,J&T Express,,m***eedaily,N** T***,(+84)342****37,Vietnam,Ho Chi Minh,Sai Gon Ward,************,****************,,Cash on delivery,0.25,Shampoo & Conditioner,1202610610413405208	,,Unchecked,,LIVE,lepetitmarseillaisvn
584894731122804183	,Shipped,Delivered,,Normal,1732250801269147868	,ST06999,"Sữa Tắm/Gel Tắm Pháp Le Petit Marseillais Chiết Xuất Thiên Nhiên 650ml - Sữa Tắm Lưu Hương Lành Tính - Dịu Nhẹ, An Toàn Cho Da","Dừa, Standard",1,0,499000,499000,60690,142000,296310,0,17100,0,17100,,0,296310,,07/07/2026 00:59:59	,08/07/2026 11:43:32	,07/07/2026 06:34:06	,07/07/2026 10:28:23	,08/07/2026 11:43:32	,"	",,,Fulfillment by seller,Kho HN,862077148671,Standard shipping,J&T Express,,n***a2368,N***** H**** A**,(+84)097*****95,Việt Nam,Thành phố Hà Nội,Bắc Từ Liêm,*********,**************,,Cash on delivery,1,Bath & Shower,1202610376499561943	,,Unchecked,,Videos,ha_thubay
584894731122804183	,Shipped,Completed,,Normal,1735803348866008284	,DX74752,Dầu Xả Cấp Ẩm Le Petit Marseillais Nước Dừa Hữu Cơ 200ml,Mặc định,1,0,0,0,0,0,0,0,17100,0,17100,,0,296310,,07/07/2026 00:59:59	,08/07/2026 11:43:32	,07/07/2026 06:34:06	,07/07/2026 10:28:23	,08/07/2026 11:43:32	,"	",,,Fulfillment by seller,Kho HN,862077148671,Standard shipping,J&T Express,,n***a2368,N***** H**** A**,(+84)097*****95,Việt Nam,Thành phố Hà Nội,Bắc Từ Liêm,*********,**************,,Cash on delivery,0.25,Shampoo & Conditioner,1202610376499561943	,,Unchecked,,Videos,ha_thubay
584894695663634010	,Shipped,Delivered,,Normal,1732251749141219548	,ST01172,"Sữa Tắm Pháp Le Petit Marseillais Cho Nam Chiết Xuất Thiên Nhiên 4in1 Nhiều Mùi Hương Dưỡng Ẩm, Thơm Lâu - Phù Hợp Mọi Loại Da (250ml)","Hương Gỗ Tuyết Tùng & Dương Xỉ, Standard",1,0,269000,269000,0,80000,189000,0,35100,0,35100,,0,189000,,07/07/2026 00:59:17	,09/07/2026 14:22:26	,07/07/2026 06:34:06	,07/07/2026 09:45:45	,09/07/2026 14:22:26	,"	",,,Fulfillment by seller,Kho HCMC,862051508681,Standard shipping,J&T Express,,t***h.nguyen.hoai2,N***** H*** t****,(+84)817****22,Việt Nam,An Giang,Đặc khu Phú Quốc,****************,********,***********,Cash on delivery,0.5,Bath & Shower,1202610111936955994	,,Unchecked,,Videos,lepthelittlekid
584894695663634010	,Shipped,Completed,,Normal,1731317148230255836	,BONG TAM HQ,[Quà tặng không bán] Bông Tắm Tạo Bọt Mềm Mịn,Mặc định,1,0,0,0,0,0,0,0,35100,0,35100,,0,189000,,07/07/2026 00:59:17	,09/07/2026 14:22:26	,07/07/2026 06:34:06	,07/07/2026 09:45:45	,09/07/2026 14:22:26	,"	",,,Fulfillment by seller,Kho HCMC,862051508681,Standard shipping,J&T Express,,t***h.nguyen.hoai2,N***** H*** t****,(+84)817****22,Việt Nam,An Giang,Đặc khu Phú Quốc,****************,********,***********,Cash on delivery,0.5,"Loofahs, Sponges, & Poufs",1202610111936955994	,,Unchecked,,Videos,lepthelittlekid
584894722819131387	,Shipped,Delivered,,Normal,1732250914985248988	,ST00892,"Sữa Tắm/Gel Tắm Pháp Le Petit Marseillais Thiên Nhiên 250ml - Sữa Tắm Lưu Hương Lành Tính - Dịu Nhẹ, An Toàn Cho Da","Hạnnh Nhân, Standard",1,0,269000,269000,23814,80000,165186,0,15800,0,15800,,0,165186,,07/07/2026 00:57:20	,08/07/2026 13:30:15	,07/07/2026 06:34:06	,07/07/2026 10:28:23	,08/07/2026 13:30:15	,"	",,,Fulfillment by seller,Kho HN,862018818671,Standard shipping,J&T Express,,l***nchudep.04,H**** H******** T** T**,(+84)987****82,Việt Nam,Hà Nội,Phường Nghĩa Đô,***************,**********************,,Cash on delivery,0.5,Bath & Shower,1202609927713294331	,,Unchecked,,Product cards,
584894722819131387	,Shipped,Completed,,Normal,1731317148230255836	,BONG TAM HQ,[Quà tặng không bán] Bông Tắm Tạo Bọt Mềm Mịn,Mặc định,1,0,0,0,0,0,0,0,15800,0,15800,,0,165186,,07/07/2026 00:57:20	,08/07/2026 13:30:15	,07/07/2026 06:34:06	,07/07/2026 10:28:23	,08/07/2026 13:30:15	,"	",,,Fulfillment by seller,Kho HN,862018818671,Standard shipping,J&T Express,,l***nchudep.04,H**** H******** T** T**,(+84)987****82,Việt Nam,Hà Nội,Phường Nghĩa Đô,***************,**********************,,Cash on delivery,0.5,"Loofahs, Sponges, & Poufs",1202609927713294331	,,Unchecked,,Product cards,
584894232731223580	,Shipped,Delivered,,Normal,1732250801268689116	,ST01902,"Sữa Tắm/Gel Tắm Pháp Le Petit Marseillais Chiết Xuất Thiên Nhiên 650ml - Sữa Tắm Lưu Hương Lành Tính - Dịu Nhẹ, An Toàn Cho Da","Thông & Bạch Đàn Biển, Standard",1,0,499000,499000,57120,142000,299880,0,35500,0,35500,,0,299880,,07/07/2026 00:16:58	,09/07/2026 12:52:40	,07/07/2026 06:34:06	,07/07/2026 10:28:23	,09/07/2026 12:52:40	,"	",,,Fulfillment by seller,Kho HN,862098808671,Standard shipping,J&T Express,,k***nguyn.trung.a,k*** N*****,(+84)078*****41,Việt Nam,Hồ Chí Minh,Quận 12,*******,********************************,,Cash on delivery,1,Bath & Shower,1202607383809263132	,,Unchecked,,Product cards,
584894064621225983	,Shipped,Completed,,Normal,1731317148230255836	,BONG TAM HQ,[Quà tặng không bán] Bông Tắm Tạo Bọt Mềm Mịn,Mặc định,1,0,0,0,0,0,0,0,0,0,0,,0,189000,,07/07/2026 00:03:38	,08/07/2026 19:02:04	,07/07/2026 06:34:06	,07/07/2026 09:45:44	,08/07/2026 19:02:04	,"	",,,Fulfillment by seller,Kho HCMC,862008418591,Standard shipping,J&T Express,,v***ro494,T***********,(+84)798****90,Việt Nam,Hồ Chí Minh,Phường Thuận An,***************,********************************,****,Cash on delivery,0.5,"Loofahs, Sponges, & Poufs",1202606891727357951	,,Unchecked,,Product cards,
584894064621225983	,Shipped,Delivered,,Normal,1732251749141219548	,ST01172,"Sữa Tắm Pháp Le Petit Marseillais Cho Nam Chiết Xuất Thiên Nhiên 4in1 Nhiều Mùi Hương Dưỡng Ẩm, Thơm Lâu - Phù Hợp Mọi Loại Da (250ml)","Hương Gỗ Tuyết Tùng & Dương Xỉ, Standard",1,0,269000,269000,0,80000,189000,0,0,0,0,,0,189000,,07/07/2026 00:03:38	,08/07/2026 19:02:04	,07/07/2026 06:34:06	,07/07/2026 09:45:44	,08/07/2026 19:02:04	,"	",,,Fulfillment by seller,Kho HCMC,862008418591,Standard shipping,J&T Express,,v***ro494,T***********,(+84)798****90,Việt Nam,Hồ Chí Minh,Phường Thuận An,***************,********************************,****,Cash on delivery,0.5,Bath & Shower,1202606891727357951	,,Unchecked,,Product cards,
584894037856519872	,Shipped,Delivered,,Normal,1732250801269016796	,ST01288,"Sữa Tắm/Gel Tắm Pháp Le Petit Marseillais Chiết Xuất Thiên Nhiên 650ml - Sữa Tắm Lưu Hương Lành Tính - Dịu Nhẹ, An Toàn Cho Da","Đào Trắng & Quả Xuân Đào, Standard",1,0,499000,499000,57120,142000,299880,0,34000,0,34000,,0,299880,,07/07/2026 00:00:35	,08/07/2026 20:43:38	,07/07/2026 06:34:20	,07/07/2026 10:28:22	,08/07/2026 20:43:38	,"	",,,Fulfillment by seller,Kho HN,862050848681,Standard shipping,J&T Express,,c***omint_winter,P*** T**,(+84)094*****79,Việt Nam,Tỉnh Lào Cai,Lào Cai,*******,**********************************************,,Cash on delivery,1,Bath & Shower,1202606351170373312	,,Unchecked,,LIVE,lepetitmarseillaisvn
584894037856519872	,Shipped,Completed,,Normal,1735803348866008284	,DX74752,Dầu Xả Cấp Ẩm Le Petit Marseillais Nước Dừa Hữu Cơ 200ml,Mặc định,1,0,0,0,0,0,0,0,34000,0,34000,,0,299880,,07/07/2026 00:00:35	,08/07/2026 20:43:38	,07/07/2026 06:34:20	,07/07/2026 10:28:22	,08/07/2026 20:43:38	,"	",,,Fulfillment by seller,Kho HN,862050848681,Standard shipping,J&T Express,,c***omint_winter,P*** T**,(+84)094*****79,Việt Nam,Tỉnh Lào Cai,Lào Cai,*******,**********************************************,,Cash on delivery,0.25,Shampoo & Conditioner,1202606351170373312	,,Unchecked,,LIVE,lepetitmarseillaisvn
584893860090906163	,Shipped,Delivered,,Normal,1732250801269213404	,ST53594,"Sữa Tắm/Gel Tắm Pháp Le Petit Marseillais Chiết Xuất Thiên Nhiên 650ml - Sữa Tắm Lưu Hương Lành Tính - Dịu Nhẹ, An Toàn Cho Da","Hạnh Nhân, Standard",1,0,499000,499000,74860,105000,319140,0,17600,0,17600,,0,535410,,06/07/2026 23:47:47	,08/07/2026 14:35:13	,07/07/2026 06:34:20	,07/07/2026 09:45:44	,08/07/2026 14:35:13	,"	",,,Fulfillment by seller,Kho HCMC,862067888591,Standard shipping,J&T Express,,d***hojk,T*** T** T** T***,(+84)090*****09,Việt Nam,Hồ Chí Minh,Phường Gia Định,***************,*******************************************,,Cash on delivery,1,Bath & Shower,1202606063987885619	,,Unchecked,,LIVE,lepetitmarseillaisvn
584893860090906163	,Shipped,Delivered,,Normal,1732252943759018204	,DG74042,"Dầu Gội Thiên Nhiên Le Petit Marseillais Nhiều Mùi Hương 250ml Dưỡng Ẩm, Thơm Lâu - Phù Hợp Mọi Loại Da",Trị Gàu 2 In 1 Tinh Dầu Bạc Hà,1,0,329000,329000,50730,62000,216270,0,17600,0,17600,,0,535410,,06/07/2026 23:47:47	,08/07/2026 14:35:13	,07/07/2026 06:34:20	,07/07/2026 09:45:44	,08/07/2026 14:35:13	,"	",,,Fulfillment by seller,Kho HCMC,862067888591,Standard shipping,J&T Express,,d***hojk,T*** T** T** T***,(+84)090*****09,Việt Nam,Hồ Chí Minh,Phường Gia Định,***************,*******************************************,,Cash on delivery,0.5,Shampoo & Conditioner,1202606063987885619	,,Unchecked,,LIVE,lepetitmarseillaisvn
584893860090906163	,Shipped,Completed,,Normal,1731317148230255836	,BONG TAM HQ,[Quà tặng không bán] Bông Tắm Tạo Bọt Mềm Mịn,Mặc định,1,0,0,0,0,0,0,0,17600,0,17600,,0,535410,,06/07/2026 23:47:47	,08/07/2026 14:35:13	,07/07/2026 06:34:20	,07/07/2026 09:45:44	,08/07/2026 14:35:13	,"	",,,Fulfillment by seller,Kho HCMC,862067888591,Standard shipping,J&T Express,,d***hojk,T*** T** T** T***,(+84)090*****09,Việt Nam,Hồ Chí Minh,Phường Gia Định,***************,*******************************************,,Cash on delivery,0.5,"Loofahs, Sponges, & Poufs",1202606063987885619	,,Unchecked,,LIVE,lepetitmarseillaisvn
584893695310595981	,Shipped,Completed,,Normal,1734496577198523612	,1 BÁNH-XP,Xà Phòng Le Petit Marseillais Chính Hãng Bánh Xà Phòng Tắm Thiên Nhiên (Ngẫu nhiên)  1 Bánh,Mặc định,1,0,0,0,0,0,0,0,20900,0,20900,,0,296000,,06/07/2026 23:33:54	,08/07/2026 19:32:50	,07/07/2026 06:34:20	,07/07/2026 10:28:23	,08/07/2026 19:32:50	,"	",,,Fulfillment by seller,Kho HN,862087888591,Standard shipping,J&T Express,,c***rythuylinh,T*** L***,(+84)035*****17,Việt Nam,Thành Phố Hà Nội,Thạch Thất,*********,************************************,,Cash on delivery,0.1,Bath & Shower,1202604644389193613	,,Unchecked,,LIVE,lepetitmarseillaisvn
584893695310595981	,Shipped,Delivered,,Normal,1736013429863449820	,ST01240+ST99622,Combo 2 Sữa Tắm Nữ Pháp Le Petit Marseillais 250ml - Thiên Nhiên Dịu Nhẹ,"Đào Trắng Hữu Cơ Và Quả Xuân Đào, Xoài Hữu Cơ & Chanh Dây",1,0,538000,538000,74000,168000,296000,0,20900,0,20900,,0,296000,,06/07/2026 23:33:54	,08/07/2026 19:32:50	,07/07/2026 06:34:20	,07/07/2026 10:28:23	,08/07/2026 19:32:50	,"	",,,Fulfillment by seller,Kho HN,862087888591,Standard shipping,J&T Express,,c***rythuylinh,T*** L***,(+84)035*****17,Việt Nam,Thành Phố Hà Nội,Thạch Thất,*********,************************************,,Cash on delivery,0.6,Bath & Shower,1202604644389193613	,,Unchecked,,LIVE,lepetitmarseillaisvn
584893440544048199	,Shipped,Delivered,,Normal,1734496577198523612	,1 BÁNH-XP,Xà Phòng Le Petit Marseillais Chính Hãng Bánh Xà Phòng Tắm Thiên Nhiên (Ngẫu nhiên)  1 Bánh,Mặc định,1,0,75000,75000,0,0,75000,0,30300,0,30300,,0,75000,,06/07/2026 23:12:39	,08/07/2026 15:59:26	,07/07/2026 06:34:20	,07/07/2026 10:28:22	,08/07/2026 15:59:26	,"	",,,Fulfillment by seller,Kho HN,862030008681,Standard shipping,J&T Express,,n***.19802,N***** t** n***,(+84)898****69,Việt Nam,Hải Dương,Tứ Kỳ,*****,*******,**************************************************,Cash on delivery,0.1,Bath & Shower,1202603379040158791	,,Unchecked,,Videos,onggiatichcuc79
584892975794456428	,Shipped,Completed,,Normal,1731317148230255836	,BONG TAM HQ,[Quà tặng không bán] Bông Tắm Tạo Bọt Mềm Mịn,Mặc định,1,0,0,0,0,0,0,0,15800,0,15800,,0,156870,,06/07/2026 22:44:02	,06/07/2026 22:44:05	,07/07/2026 06:34:20	,07/07/2026 10:28:23	,08/07/2026 14:15:29	,"	",,,Fulfillment by seller,Kho HN,862078778671,Standard shipping,J&T Express,,p***gphong54,P****,(+84)344****99,Vietnam,Ha Noi,Giang Vo Ward,*************,***********************,********************************,MoMo E-Wallet,0.5,"Loofahs, Sponges, & Poufs",1202601631595136876	,,Unchecked,,Videos,man.trung.737
584892975794456428	,Shipped,Delivered,,Normal,1732251749141219548	,ST01172,"Sữa Tắm Pháp Le Petit Marseillais Cho Nam Chiết Xuất Thiên Nhiên 4in1 Nhiều Mùi Hương Dưỡng Ẩm, Thơm Lâu - Phù Hợp Mọi Loại Da (250ml)","Hương Gỗ Tuyết Tùng & Dương Xỉ, Standard",1,0,269000,269000,32130,80000,156870,0,15800,0,15800,,0,156870,,06/07/2026 22:44:02	,06/07/2026 22:44:05	,07/07/2026 06:34:20	,07/07/2026 10:28:23	,08/07/2026 14:15:29	,"	",,,Fulfillment by seller,Kho HN,862078778671,Standard shipping,J&T Express,,p***gphong54,P****,(+84)344****99,Vietnam,Ha Noi,Giang Vo Ward,*************,***********************,********************************,MoMo E-Wallet,0.5,Bath & Shower,1202601631595136876	,,Unchecked,,Videos,man.trung.737
584892320928466879	,Shipped,Delivered,,Normal,1732250801268689116	,ST01902,"Sữa Tắm/Gel Tắm Pháp Le Petit Marseillais Chiết Xuất Thiên Nhiên 650ml - Sữa Tắm Lưu Hương Lành Tính - Dịu Nhẹ, An Toàn Cho Da","Thông & Bạch Đàn Biển, Standard",1,0,499000,499000,0,143500,355500,0,35500,0,35500,,0,355500,,06/07/2026 22:06:11	,10/07/2026 12:35:55	,06/07/2026 22:27:57	,07/07/2026 10:28:23	,10/07/2026 12:35:55	,"	",,,Fulfillment by seller,Kho HN,862070898181,Standard shipping,J&T Express,,l***310,H** L*,(+84)981****26,Vietnam,Ho Chi Minh,Thu Duc,******,*****************************************************,,Cash on delivery,1,Bath & Shower,1202598399953307583	,,Unchecked,,Product cards,
584892320928335807	,Shipped,Delivered,,Normal,1732250801268754652	,ST01295,"Sữa Tắm/Gel Tắm Pháp Le Petit Marseillais Chiết Xuất Thiên Nhiên 650ml - Sữa Tắm Lưu Hương Lành Tính - Dịu Nhẹ, An Toàn Cho Da","Lá Oliu & Hoa Bồ Đề, Standard",1,0,499000,499000,0,143500,355500,0,15800,0,15800,,0,355500,,06/07/2026 22:06:11	,08/07/2026 12:29:04	,06/07/2026 22:27:57	,07/07/2026 09:45:44	,08/07/2026 12:29:04	,"	",,,Fulfillment by seller,Kho HCMC,862063368081,Standard shipping,J&T Express,,l***310,H** L*,(+84)981****26,Vietnam,Ho Chi Minh,Thu Duc,******,*****************************************************,,Cash on delivery,1,Bath & Shower,1202598259328387007	,,Unchecked,,Product cards,
584892272305669749	,Shipped,Delivered,,Normal,1735769515978818780	,DG74035,"Dầu Gội Thiên Nhiên Le Petit Marseillais Nhiều Mùi Hương 250ml Dưỡng Ẩm, Thơm Lâu - Phù Hợp Mọi Loại Da",Tinh Dầu Chanh Vàng Hữu Cơ,1,0,329000,329000,0,62000,267000,0,30200,0,30200,,0,267000,,06/07/2026 22:02:28	,09/07/2026 17:34:43	,06/07/2026 22:27:57	,07/07/2026 09:45:44	,09/07/2026 17:34:43	,"	",,,Fulfillment by seller,Kho HCMC,862064138081,Standard shipping,J&T Express,,u***go8,Ư**,(+84)935****19,Việt Nam,Đà Nẵng,Phường Hội An,*************,*********************************,,Cash on delivery,0.5,Shampoo & Conditioner,1202598505260680821	,,Unchecked,,Product cards,
584891801057003073	,Shipped,Delivered,,Normal,1732251749141219548	,ST01172,"Sữa Tắm Pháp Le Petit Marseillais Cho Nam Chiết Xuất Thiên Nhiên 4in1 Nhiều Mùi Hương Dưỡng Ẩm, Thơm Lâu - Phù Hợp Mọi Loại Da (250ml)","Hương Gỗ Tuyết Tùng & Dương Xỉ, Standard",1,0,269000,269000,0,80000,189000,1400,41400,0,40000,,0,190400,,06/07/2026 21:26:09	,08/07/2026 17:48:22	,06/07/2026 21:53:39	,07/07/2026 10:28:23	,08/07/2026 17:48:22	,"	",,,Fulfillment by seller,Kho HN,862019208081,Standard shipping,J&T Express,,k***ghung04042024,T*** v** t***,(+84)098*****48,Việt Nam,Nghệ An,Vinh,********,*********************************,,Cash on delivery,0.5,Bath & Shower,1202594933498218049	,,Unchecked,,Videos,duongmanhkien19
584891801057003073	,Shipped,Completed,,Normal,1731317148230255836	,BONG TAM HQ,[Quà tặng không bán] Bông Tắm Tạo Bọt Mềm Mịn,Mặc định,1,0,0,0,0,0,0,1400,41400,0,40000,,0,190400,,06/07/2026 21:26:09	,08/07/2026 17:48:22	,06/07/2026 21:53:39	,07/07/2026 10:28:23	,08/07/2026 17:48:22	,"	",,,Fulfillment by seller,Kho HN,862019208081,Standard shipping,J&T Express,,k***ghung04042024,T*** v** t***,(+84)098*****48,Việt Nam,Nghệ An,Vinh,********,*********************************,,Cash on delivery,0.5,"Loofahs, Sponges, & Poufs",1202594933498218049	,,Unchecked,,Videos,duongmanhkien19
584890499501163660	,Shipped,Completed,,Normal,1731317148230255836	,BONG TAM HQ,[Quà tặng không bán] Bông Tắm Tạo Bọt Mềm Mịn,Mặc định,1,0,0,0,0,0,0,0,15800,0,15800,,0,189000,,06/07/2026 20:24:14	,08/07/2026 19:43:24	,06/07/2026 21:53:39	,07/07/2026 10:28:23	,08/07/2026 19:43:24	,"	",,,Fulfillment by seller,Kho HN,862023527991,Standard shipping,J&T Express,,l***maikhoi,T*** A**,(+84)982****06,Việt Nam,Hà Nội,Nam Từ Liêm,*********,************,,Cash on delivery,0.5,"Loofahs, Sponges, & Poufs",1202589734718440588	,,Unchecked,,Videos,duongmanhkien19
584890499501163660	,Shipped,Delivered,,Normal,1732251749141219548	,ST01172,"Sữa Tắm Pháp Le Petit Marseillais Cho Nam Chiết Xuất Thiên Nhiên 4in1 Nhiều Mùi Hương Dưỡng Ẩm, Thơm Lâu - Phù Hợp Mọi Loại Da (250ml)","Hương Gỗ Tuyết Tùng & Dương Xỉ, Standard",1,0,269000,269000,0,80000,189000,0,15800,0,15800,,0,189000,,06/07/2026 20:24:14	,08/07/2026 19:43:24	,06/07/2026 21:53:39	,07/07/2026 10:28:23	,08/07/2026 19:43:24	,"	",,,Fulfillment by seller,Kho HN,862023527991,Standard shipping,J&T Express,,l***maikhoi,T*** A**,(+84)982****06,Việt Nam,Hà Nội,Nam Từ Liêm,*********,************,,Cash on delivery,0.5,Bath & Shower,1202589734718440588	,,Unchecked,,Videos,duongmanhkien19
584890250767730019	,Shipped,Delivered,,Normal,1732251749141285084	,ST04371,"Sữa Tắm Pháp Le Petit Marseillais Cho Nam Chiết Xuất Thiên Nhiên 4in1 Nhiều Mùi Hương Dưỡng Ẩm, Thơm Lâu - Phù Hợp Mọi Loại Da (250ml)","Hương Gừng & Gỗ Bách, Standard",1,0,269000,269000,0,80000,189000,0,15800,0,15800,,0,189000,,06/07/2026 20:10:57	,08/07/2026 17:52:41	,06/07/2026 21:53:39	,07/07/2026 09:45:44	,08/07/2026 17:52:41	,"	",,,Fulfillment by seller,Kho HCMC,862085237991,Standard shipping,J&T Express,,c***en546,A** T****,(+84)987****93,Việt Nam,Hồ Chí Minh,Thủ Đức,**********,**************,,Cash on delivery,0.5,Bath & Shower,1202588507245872483	,,Unchecked,,Videos,duongmanhkien19
584890250767730019	,Shipped,Completed,,Normal,1731317148230255836	,BONG TAM HQ,[Quà tặng không bán] Bông Tắm Tạo Bọt Mềm Mịn,Mặc định,1,0,0,0,0,0,0,0,15800,0,15800,,0,189000,,06/07/2026 20:10:57	,08/07/2026 17:52:41	,06/07/2026 21:53:39	,07/07/2026 09:45:44	,08/07/2026 17:52:41	,"	",,,Fulfillment by seller,Kho HCMC,862085237991,Standard shipping,J&T Express,,c***en546,A** T****,(+84)987****93,Việt Nam,Hồ Chí Minh,Thủ Đức,**********,**************,,Cash on delivery,0.5,"Loofahs, Sponges, & Poufs",1202588507245872483	,,Unchecked,,Videos,duongmanhkien19
584889213724689609	,Shipped,Completed,,Normal,1731317148230255836	,BONG TAM HQ,[Quà tặng không bán] Bông Tắm Tạo Bọt Mềm Mịn,Mặc định,1,0,0,0,0,0,0,0,29700,0,29700,,0,189000,,06/07/2026 19:12:03	,06/07/2026 19:12:07	,06/07/2026 19:30:16	,07/07/2026 09:45:44	,08/07/2026 10:55:56	,"	",,,Fulfillment by seller,Kho HCMC,862007777711,Standard shipping,J&T Express,,d***uach83,Đ** Q****,(+84)345****09,Việt Nam,Cần Thơ,Phường Long Tuyền,*****************,**********************************************,,MoMo E-Wallet + TikTok Shop Balance,0.5,"Loofahs, Sponges, & Poufs",1202582355420611785	,,Unchecked,,Videos,man.trung.737
584889213724689609	,Shipped,Delivered,,Normal,1732251749141219548	,ST01172,"Sữa Tắm Pháp Le Petit Marseillais Cho Nam Chiết Xuất Thiên Nhiên 4in1 Nhiều Mùi Hương Dưỡng Ẩm, Thơm Lâu - Phù Hợp Mọi Loại Da (250ml)","Hương Gỗ Tuyết Tùng & Dương Xỉ, Standard",1,0,269000,269000,0,80000,189000,0,29700,0,29700,,0,189000,,06/07/2026 19:12:03	,06/07/2026 19:12:07	,06/07/2026 19:30:16	,07/07/2026 09:45:44	,08/07/2026 10:55:56	,"	",,,Fulfillment by seller,Kho HCMC,862007777711,Standard shipping,J&T Express,,d***uach83,Đ** Q****,(+84)345****09,Việt Nam,Cần Thơ,Phường Long Tuyền,*****************,**********************************************,,MoMo E-Wallet + TikTok Shop Balance,0.5,Bath & Shower,1202582355420611785	,,Unchecked,,Videos,man.trung.737
584889139067585681	,Shipped,Completed,,Normal,1731317148230255836	,BONG TAM HQ,[Quà tặng không bán] Bông Tắm Tạo Bọt Mềm Mịn,Mặc định,1,0,0,0,0,0,0,0,20900,0,20900,,0,180400,,06/07/2026 19:05:34	,08/07/2026 12:15:24	,06/07/2026 19:30:23	,07/07/2026 10:28:23	,08/07/2026 12:15:24	,"	",,,Fulfillment by seller,Kho HN,862073877811,Standard shipping,J&T Express,,h***611,h**** h***,(+84)098*****90,Việt Nam,Hà Nội,Xã Quang Minh,*************,***********************,,Cash on delivery,0.5,"Loofahs, Sponges, & Poufs",1202581283222488209	,,Unchecked,,Product cards,
584889139067585681	,Shipped,Delivered,,Normal,1733398673842472156	,ST01356,Sữa Tắm Nam Thơm Lâu 4 in 1 Thiên Nhiên Le Petit Marseillais Chiết Xuất Thông Biển & Bạch Đàn 250ml 1356,Mặc định,1,0,269000,269000,24600,64000,180400,0,20900,0,20900,,0,180400,,06/07/2026 19:05:34	,08/07/2026 12:15:24	,06/07/2026 19:30:23	,07/07/2026 10:28:23	,08/07/2026 12:15:24	,"	",,,Fulfillment by seller,Kho HN,862073877811,Standard shipping,J&T Express,,h***611,h**** h***,(+84)098*****90,Việt Nam,Hà Nội,Xã Quang Minh,*************,***********************,,Cash on delivery,0.4,Bath & Body Care,1202581283222488209	,,Unchecked,,Product cards,
584888758948759537	,Canceled,Canceled,Cancel,Normal,1731317148230255836	,BONG TAM HQ,[Quà tặng không bán] Bông Tắm Tạo Bọt Mềm Mịn,Mặc định,1,1,0,0,0,0,0,0,20900,0,20900,,0,189000,0,06/07/2026 18:43:43	,"	","	","	","	",06/07/2026 18:45:13	,User,No longer needed,Fulfillment by seller,Kho HCMC,,Standard shipping,,,t***.th7175,t*** a*,(+84)096*****92,Việt Nam,Bình Dương,Bến Cát,********,***************************************************,,Cash on delivery,0.5,"Loofahs, Sponges, & Poufs",1202579625564538865	,,Unchecked,,Videos,thaivublackbi149
584888758948759537	,Canceled,Canceled,Cancel,Normal,1732251749141154012	,ST01356,"Sữa Tắm Pháp Le Petit Marseillais Cho Nam Chiết Xuất Thiên Nhiên 4in1 Nhiều Mùi Hương Dưỡng Ẩm, Thơm Lâu - Phù Hợp Mọi Loại Da (250ml)","Hương Thông & Bạch Đàn Biển, Standard",1,1,269000,269000,0,80000,189000,0,20900,0,20900,,0,189000,189000,06/07/2026 18:43:43	,"	","	","	","	",06/07/2026 18:45:13	,User,No longer needed,Fulfillment by seller,Kho HCMC,,Standard shipping,,,t***.th7175,t*** a*,(+84)096*****92,Việt Nam,Bình Dương,Bến Cát,********,***************************************************,,Cash on delivery,0.5,Bath & Shower,1202579625564538865	,,Unchecked,,Videos,thaivublackbi149
584886976624100789	,Shipped,Completed,,Normal,1731317148230255836	,BONG TAM HQ,[Quà tặng không bán] Bông Tắm Tạo Bọt Mềm Mịn,Mặc định,1,0,0,0,0,0,0,15800,15800,0,0,,0,174800,,06/07/2026 16:42:29	,08/07/2026 20:33:04	,06/07/2026 17:06:50	,07/07/2026 09:45:45	,08/07/2026 20:33:04	,"	",,,Fulfillment by seller,Kho HCMC,862047337381,Standard shipping,J&T Express,,t***ha2077,C*** T****,(+84)899****03,Việt Nam,Hồ Chí Minh,Phường Linh Xuân,****************,****************************************************************************,,Cash on delivery,0.5,"Loofahs, Sponges, & Poufs",1202566628303078837	,,Unchecked,,Videos,
584886976624100789	,Shipped,Delivered,,Normal,1732251749141219548	,ST01172,"Sữa Tắm Pháp Le Petit Marseillais Cho Nam Chiết Xuất Thiên Nhiên 4in1 Nhiều Mùi Hương Dưỡng Ẩm, Thơm Lâu - Phù Hợp Mọi Loại Da (250ml)","Hương Gỗ Tuyết Tùng & Dương Xỉ, Standard",1,0,269000,269000,30000,80000,159000,15800,15800,0,0,,0,174800,,06/07/2026 16:42:29	,08/07/2026 20:33:04	,06/07/2026 17:06:50	,07/07/2026 09:45:45	,08/07/2026 20:33:04	,"	",,,Fulfillment by seller,Kho HCMC,862047337381,Standard shipping,J&T Express,,t***ha2077,C*** T****,(+84)899****03,Việt Nam,Hồ Chí Minh,Phường Linh Xuân,****************,****************************************************************************,,Cash on delivery,0.5,Bath & Shower,1202566628303078837	,,Unchecked,,Videos,
584886653790488390	,Shipped,Completed,,Normal,1731317148230255836	,BONG TAM HQ,[Quà tặng không bán] Bông Tắm Tạo Bọt Mềm Mịn,Mặc định,1,0,0,0,0,0,0,0,20900,0,20900,,0,189000,,06/07/2026 16:20:03	,08/07/2026 09:56:49	,06/07/2026 16:37:01	,07/07/2026 09:45:44	,08/07/2026 09:56:49	,"	",,,Fulfillment by seller,Kho HCMC,862066287261,Standard shipping,J&T Express,,n***ybakery,N**** ,(+84)972****47,Việt Nam,Hồ Chí Minh,Củ Chi,***********,**************,,Cash on delivery,0.5,"Loofahs, Sponges, & Poufs",1202563086436501318	,,Unchecked,,LIVE,lepetitmarseillaisvn
584886653790488390	,Shipped,Delivered,,Normal,1732250914985117916	,ST65434,"Sữa Tắm/Gel Tắm Pháp Le Petit Marseillais Thiên Nhiên 250ml - Sữa Tắm Lưu Hương Lành Tính - Dịu Nhẹ, An Toàn Cho Da","Hương Bông & Hoa Anh Túc, Standard",1,0,269000,269000,0,80000,189000,0,20900,0,20900,,0,189000,,06/07/2026 16:20:03	,08/07/2026 09:56:49	,06/07/2026 16:37:01	,07/07/2026 09:45:44	,08/07/2026 09:56:49	,"	",,,Fulfillment by seller,Kho HCMC,862066287261,Standard shipping,J&T Express,,n***ybakery,N**** ,(+84)972****47,Việt Nam,Hồ Chí Minh,Củ Chi,***********,**************,,Cash on delivery,0.5,Bath & Shower,1202563086436501318	,,Unchecked,,LIVE,lepetitmarseillaisvn
584886587789181999	,Shipped,Completed,,Normal,1731317148230255836	,BONG TAM HQ,[Quà tặng không bán] Bông Tắm Tạo Bọt Mềm Mịn,Mặc định,1,0,0,0,0,0,0,0,35100,0,35100,,0,139000,,06/07/2026 16:16:10	,08/07/2026 16:13:07	,06/07/2026 16:37:01	,07/07/2026 09:45:45	,08/07/2026 16:13:07	,"	",,,Fulfillment by seller,Kho HCMC,862043597261,Standard shipping,J&T Express,,_***0411._,T**** Y**,(+84)086*****33,Việt Nam,Tinh Kien Giang,Châu Thành,**********,***************************,,Cash on delivery,0.5,"Loofahs, Sponges, & Poufs",1202563716667769903	,,Unchecked,,Videos,tutureview11
584886587789181999	,Shipped,Delivered,,Normal,1732250914985380060	,ST01240,"Sữa Tắm/Gel Tắm Pháp Le Petit Marseillais Thiên Nhiên 250ml - Sữa Tắm Lưu Hương Lành Tính - Dịu Nhẹ, An Toàn Cho Da","Đào Trắng & Quả Xuân Đào, Standard",1,0,269000,269000,50000,80000,139000,0,35100,0,35100,,0,139000,,06/07/2026 16:16:10	,08/07/2026 16:13:07	,06/07/2026 16:37:01	,07/07/2026 09:45:45	,08/07/2026 16:13:07	,"	",,,Fulfillment by seller,Kho HCMC,862043597261,Standard shipping,J&T Express,,_***0411._,T**** Y**,(+84)086*****33,Việt Nam,Tinh Kien Giang,Châu Thành,**********,***************************,,Cash on delivery,0.5,Bath & Shower,1202563716667769903	,,Unchecked,,Videos,tutureview11
584886537352611388	,Shipped,Delivered,,,1735791937064830172	,ST65434,Sữa Tắm Dạng Kem Le Petit Marseillais Bông Và Hoa Anh Túc 250ml  92% Thiên Nhiên Siêu Dịu Nhẹ,Mặc định,1,0,0,0,0,0,0,0,0,0,0,,0,0,,06/07/2026 16:14:50	,06/07/2026 16:14:50	,06/07/2026 16:16:03	,06/07/2026 16:28:10	,09/07/2026 16:49:33	,"	",,,Fulfillment by seller,Kho HN,862074827271,Standard shipping,J&T Express,,v***llalikevanilla,L** K** P*** Đ**,(+84)090*****17,Việt Nam,An Giang,Phường Long Xuyên,*****************,*************************,,,0.4,Bath & Shower,1202563746350204476	,,Unchecked,,Product cards,
584886637352158780	,Shipped,Completed,,Normal,1731317148230255836	,BONG TAM HQ,[Quà tặng không bán] Bông Tắm Tạo Bọt Mềm Mịn,Mặc định,1,0,0,0,0,0,0,0,34000,0,34000,,0,319000,,06/07/2026 16:10:18	,08/07/2026 15:42:20	,06/07/2026 16:16:03	,07/07/2026 09:45:45	,08/07/2026 15:42:20	,"	",,,Fulfillment by seller,Kho HCMC,862095397271,Standard shipping,J&T Express,,v***llalikevanilla,L** K** P*** Đ**,(+84)090*****17,Việt Nam,An Giang,Phường Long Xuyên,*****************,*************************,,Cash on delivery,0.5,"Loofahs, Sponges, & Poufs",1202561772908152380	,,Unchecked,,LIVE,lepetitmarseillaisvn
584886637352158780	,Shipped,Delivered,,Normal,1732250801269016796	,ST01288,"Sữa Tắm/Gel Tắm Pháp Le Petit Marseillais Chiết Xuất Thiên Nhiên 650ml - Sữa Tắm Lưu Hương Lành Tính - Dịu Nhẹ, An Toàn Cho Da","Đào Trắng & Quả Xuân Đào, Standard",1,0,499000,499000,60000,120000,319000,0,34000,0,34000,,0,319000,,06/07/2026 16:10:18	,08/07/2026 15:42:20	,06/07/2026 16:16:03	,07/07/2026 09:45:45	,08/07/2026 15:42:20	,"	",,,Fulfillment by seller,Kho HCMC,862095397271,Standard shipping,J&T Express,,v***llalikevanilla,L** K** P*** Đ**,(+84)090*****17,Việt Nam,An Giang,Phường Long Xuyên,*****************,*************************,,Cash on delivery,1,Bath & Shower,1202561772908152380	,,Unchecked,,LIVE,lepetitmarseillaisvn
584886331838661947	,Shipped,Completed,,Normal,1731317148230255836	,BONG TAM HQ,[Quà tặng không bán] Bông Tắm Tạo Bọt Mềm Mịn,Mặc định,1,0,0,0,0,0,0,0,15800,0,15800,,0,189000,,06/07/2026 15:53:44	,08/07/2026 09:53:51	,06/07/2026 16:06:16	,07/07/2026 09:45:45	,08/07/2026 09:53:51	,"	",,,Fulfillment by seller,Kho HCMC,862008867111,Standard shipping,J&T Express,,c***401,N***** Đ*** H*,(+84)348****01,Việt Nam,Hồ Chí Minh,Phường Tân Thuận,****************,***********************,*****,Cash on delivery,0.5,"Loofahs, Sponges, & Poufs",1202559498032678203	,,Unchecked,,Product cards,
584886331838661947	,Shipped,Delivered,,Normal,1732251749141219548	,ST01172,"Sữa Tắm Pháp Le Petit Marseillais Cho Nam Chiết Xuất Thiên Nhiên 4in1 Nhiều Mùi Hương Dưỡng Ẩm, Thơm Lâu - Phù Hợp Mọi Loại Da (250ml)","Hương Gỗ Tuyết Tùng & Dương Xỉ, Standard",1,0,269000,269000,0,80000,189000,0,15800,0,15800,,0,189000,,06/07/2026 15:53:44	,08/07/2026 09:53:51	,06/07/2026 16:06:16	,07/07/2026 09:45:45	,08/07/2026 09:53:51	,"	",,,Fulfillment by seller,Kho HCMC,862008867111,Standard shipping,J&T Express,,c***401,N***** Đ*** H*,(+84)348****01,Việt Nam,Hồ Chí Minh,Phường Tân Thuận,****************,***********************,*****,Cash on delivery,0.5,Bath & Shower,1202559498032678203	,,Unchecked,,Product cards,
584886185649603695	,Shipped,Delivered,,Normal,1734496577198523612	,1 BÁNH-XP,Xà Phòng Le Petit Marseillais Chính Hãng Bánh Xà Phòng Tắm Thiên Nhiên (Ngẫu nhiên)  1 Bánh,Mặc định,1,0,75000,75000,0,0,75000,0,30300,0,30300,,0,75000,,06/07/2026 15:39:18	,08/07/2026 10:36:27	,06/07/2026 16:06:16	,07/07/2026 09:45:45	,08/07/2026 10:36:27	,"	",,,Fulfillment by seller,Kho HCMC,862028867111,Standard shipping,J&T Express,,n***anguyen970,N***** h** t**** n****,(+84)964****36,Việt Nam,Cần Thơ,Vĩnh Thạnh,********,*******,,Cash on delivery,0.1,Bath & Shower,1202557294943437935	,,Unchecked,,Videos,onggiatichcuc79
584885854022173815	,Shipped,Completed,,Normal,1731317148230255836	,BONG TAM HQ,[Quà tặng không bán] Bông Tắm Tạo Bọt Mềm Mịn,Mặc định,1,0,0,0,0,0,0,0,29700,0,29700,,0,189000,,06/07/2026 15:22:00	,07/07/2026 13:49:14	,06/07/2026 16:06:16	,06/07/2026 16:28:10	,07/07/2026 13:49:14	,"	",,,Fulfillment by seller,Kho HN,862074847211,Standard shipping,J&T Express,,m***miu,L***,(+84)362****38,Việt Nam,Thái Nguyên,Phường Quyết Thắng,******************,**********************************,*****************************************,Cash on delivery,0.5,"Loofahs, Sponges, & Poufs",1202556524958418039	,,Unchecked,,Videos,kinkechillchill
584885854022173815	,Shipped,Delivered,,Normal,1732250914985380060	,ST01240,"Sữa Tắm/Gel Tắm Pháp Le Petit Marseillais Thiên Nhiên 250ml - Sữa Tắm Lưu Hương Lành Tính - Dịu Nhẹ, An Toàn Cho Da","Đào Trắng & Quả Xuân Đào, Standard",1,0,269000,269000,0,80000,189000,0,29700,0,29700,,0,189000,,06/07/2026 15:22:00	,07/07/2026 13:49:14	,06/07/2026 16:06:16	,06/07/2026 16:28:10	,07/07/2026 13:49:14	,"	",,,Fulfillment by seller,Kho HN,862074847211,Standard shipping,J&T Express,,m***miu,L***,(+84)362****38,Việt Nam,Thái Nguyên,Phường Quyết Thắng,******************,**********************************,*****************************************,Cash on delivery,0.5,Bath & Shower,1202556524958418039	,,Unchecked,,Videos,kinkechillchill
584885249406109303	,Shipped,Delivered,,Normal,1735803053802030300	,DG74035,Dầu Gội Sạch Gàu Cho Nam Le Petit Marseillais Chanh Vàng Hữu Cơ 250ml,Mặc định,1,0,329000,329000,26700,62000,240300,14000,14000,0,0,,0,254300,,06/07/2026 14:39:04	,07/07/2026 11:53:40	,06/07/2026 14:41:05	,06/07/2026 15:20:33	,07/07/2026 11:53:40	,"	",,,Fulfillment by seller,Kho HCMC,862062606591,Standard shipping,J&T Express,,k***072025,A** P***,(+84)902****33,Việt Nam,Hồ Chí Minh,Phường An Đông,**************,********************,,Cash on delivery,0.3,Shampoo & Conditioner,1202549751195338359	,,Unchecked,,Product cards,
584884247313483268	,Shipped,Completed,,Normal,1734496577198523612	,1 BÁNH-XP,Xà Phòng Le Petit Marseillais Chính Hãng Bánh Xà Phòng Tắm Thiên Nhiên (Ngẫu nhiên)  1 Bánh,Mặc định,1,0,0,0,0,0,0,0,29700,0,29700,,0,332640,,06/07/2026 13:28:16	,07/07/2026 19:02:01	,06/07/2026 14:41:05	,06/07/2026 16:23:29	,07/07/2026 19:02:01	,"	",,,Fulfillment by seller,Kho HN,862019636691,Standard shipping,J&T Express,,a***xyz112200,L* x*** t*****,(+84)096*****35,Việt Nam,Ninh Bình,Ninh Bình,**********,***********************************,,Cash on delivery,0.1,Bath & Shower,1202539739269465604	,,Unchecked,,Videos,ahau.phuongthao
584884247313483268	,Shipped,Delivered,,Normal,1736013429863056604	,ST54494+ST99622,Combo 2 Sữa Tắm Nữ Pháp Le Petit Marseillais 250ml - Thiên Nhiên Dịu Nhẹ,"Dừa, Xoài Hữu Cơ & Chanh Dây",1,0,538000,538000,45360,160000,332640,0,29700,0,29700,,0,332640,,06/07/2026 13:28:16	,07/07/2026 19:02:01	,06/07/2026 14:41:05	,06/07/2026 16:23:29	,07/07/2026 19:02:01	,"	",,,Fulfillment by seller,Kho HN,862019636691,Standard shipping,J&T Express,,a***xyz112200,L* x*** t*****,(+84)096*****35,Việt Nam,Ninh Bình,Ninh Bình,**********,***********************************,,Cash on delivery,0.6,Bath & Shower,1202539739269465604	,,Unchecked,,Videos,ahau.phuongthao
584884083270518217	,Shipped,Completed,,Normal,1731317148230255836	,BONG TAM HQ,[Quà tặng không bán] Bông Tắm Tạo Bọt Mềm Mịn,Mặc định,1,0,0,0,0,0,0,0,22100,0,22100,,0,346720,,06/07/2026 13:16:19	,07/07/2026 12:52:47	,06/07/2026 14:41:05	,06/07/2026 16:23:29	,07/07/2026 12:52:47	,"	",,,Fulfillment by seller,Kho HN,862049906581,Standard shipping,J&T Express,,h***glytran17,H**** L* T***,(+84)096*****17,Việt Nam,Hà Nội,Đông Anh,********,***********************,,Cash on delivery,0.5,"Loofahs, Sponges, & Poufs",1202539482584483273	,,Unchecked,,Videos,anhlorenhehehe
584884083270518217	,Shipped,Delivered,,Normal,1732250801268951260	,ST68823,"Sữa Tắm/Gel Tắm Pháp Le Petit Marseillais Chiết Xuất Thiên Nhiên 650ml - Sữa Tắm Lưu Hương Lành Tính - Dịu Nhẹ, An Toàn Cho Da","Hương Xoài & Chanh Dây, Standard",1,0,499000,499000,47280,105000,346720,0,22100,0,22100,,0,346720,,06/07/2026 13:16:19	,07/07/2026 12:52:47	,06/07/2026 14:41:05	,06/07/2026 16:23:29	,07/07/2026 12:52:47	,"	",,,Fulfillment by seller,Kho HN,862049906581,Standard shipping,J&T Express,,h***glytran17,H**** L* T***,(+84)096*****17,Việt Nam,Hà Nội,Đông Anh,********,***********************,,Cash on delivery,1,Bath & Shower,1202539482584483273	,,Unchecked,,Videos,anhlorenhehehe
584884003065922982	,Shipped,Completed,,Normal,1731317148230255836	,BONG TAM HQ,[Quà tặng không bán] Bông Tắm Tạo Bọt Mềm Mịn,Mặc định,1,0,0,0,0,0,0,0,29700,0,29700,,0,189000,,06/07/2026 13:11:24	,07/07/2026 20:38:07	,06/07/2026 14:41:05	,06/07/2026 16:23:28	,07/07/2026 20:38:07	,"	",,,Fulfillment by seller,Kho HN,862019076691,Standard shipping,J&T Express,,h***c.yeu.em,T* Q*** K****,(+84)333****27,Việt Nam,Hải Phòng,Phường Dương Kinh,*****************,*****************************************************,,Cash on delivery,0.5,"Loofahs, Sponges, & Poufs",1202538756830823846	,,Unchecked,,Videos,huankosai
584884003065922982	,Shipped,Delivered,,Normal,1732251749141219548	,ST01172,"Sữa Tắm Pháp Le Petit Marseillais Cho Nam Chiết Xuất Thiên Nhiên 4in1 Nhiều Mùi Hương Dưỡng Ẩm, Thơm Lâu - Phù Hợp Mọi Loại Da (250ml)","Hương Gỗ Tuyết Tùng & Dương Xỉ, Standard",1,0,269000,269000,0,80000,189000,0,29700,0,29700,,0,189000,,06/07/2026 13:11:24	,07/07/2026 20:38:07	,06/07/2026 14:41:05	,06/07/2026 16:23:28	,07/07/2026 20:38:07	,"	",,,Fulfillment by seller,Kho HN,862019076691,Standard shipping,J&T Express,,h***c.yeu.em,T* Q*** K****,(+84)333****27,Việt Nam,Hải Phòng,Phường Dương Kinh,*****************,*****************************************************,,Cash on delivery,0.5,Bath & Shower,1202538756830823846	,,Unchecked,,Videos,huankosai
584883981118965632	,Shipped,Completed,,Normal,1731317148230255836	,BONG TAM HQ,[Quà tặng không bán] Bông Tắm Tạo Bọt Mềm Mịn,Mặc định,1,0,0,0,0,0,0,0,15800,0,15800,,0,170100,,06/07/2026 13:09:39	,07/07/2026 20:39:51	,06/07/2026 14:41:05	,06/07/2026 16:23:28	,07/07/2026 20:39:51	,"	",,,Fulfillment by seller,Kho HN,862027986591,Standard shipping,J&T Express,,d***tieumee,D*** T**** M**,(+84)037*****77,Việt Nam,Hà Nội,Ba Đình,*******,***************,,Cash on delivery,0.5,"Loofahs, Sponges, & Poufs",1202538375321978752	,,Unchecked,,Videos,tutureview11
584883981118965632	,Shipped,Delivered,,Normal,1732250914985380060	,ST01240,"Sữa Tắm/Gel Tắm Pháp Le Petit Marseillais Thiên Nhiên 250ml - Sữa Tắm Lưu Hương Lành Tính - Dịu Nhẹ, An Toàn Cho Da","Đào Trắng & Quả Xuân Đào, Standard",1,0,269000,269000,18900,80000,170100,0,15800,0,15800,,0,170100,,06/07/2026 13:09:39	,07/07/2026 20:39:51	,06/07/2026 14:41:05	,06/07/2026 16:23:28	,07/07/2026 20:39:51	,"	",,,Fulfillment by seller,Kho HN,862027986591,Standard shipping,J&T Express,,d***tieumee,D*** T**** M**,(+84)037*****77,Việt Nam,Hà Nội,Ba Đình,*******,***************,,Cash on delivery,0.5,Bath & Shower,1202538375321978752	,,Unchecked,,Videos,tutureview11
584883244964218413	,Shipped,Delivered,,Normal,1732251749141219548	,ST01172,"Sữa Tắm Pháp Le Petit Marseillais Cho Nam Chiết Xuất Thiên Nhiên 4in1 Nhiều Mùi Hương Dưỡng Ẩm, Thơm Lâu - Phù Hợp Mọi Loại Da (250ml)","Hương Gỗ Tuyết Tùng & Dương Xỉ, Standard",1,0,269000,269000,11340,80000,177660,0,41400,0,41400,,0,177660,,06/07/2026 12:21:35	,08/07/2026 11:43:46	,06/07/2026 12:25:02	,06/07/2026 16:23:29	,08/07/2026 11:43:46	,"	",,,Fulfillment by seller,Kho HN,862007115431,Standard shipping,J&T Express,,b***1013,T***,(+84)078*****29,Việt Nam,Thừa Thiên Huế,Huế,*******,****************,********************,Cash on delivery,0.5,Bath & Shower,1202531166165501485	,,Unchecked,,LIVE,huynhdangthong
584883244964218413	,Shipped,Completed,,Normal,1731317148230255836	,BONG TAM HQ,[Quà tặng không bán] Bông Tắm Tạo Bọt Mềm Mịn,Mặc định,1,0,0,0,0,0,0,0,41400,0,41400,,0,177660,,06/07/2026 12:21:35	,08/07/2026 11:43:46	,06/07/2026 12:25:02	,06/07/2026 16:23:29	,08/07/2026 11:43:46	,"	",,,Fulfillment by seller,Kho HN,862007115431,Standard shipping,J&T Express,,b***1013,T***,(+84)078*****29,Việt Nam,Thừa Thiên Huế,Huế,*******,****************,********************,Cash on delivery,0.5,"Loofahs, Sponges, & Poufs",1202531166165501485	,,Unchecked,,LIVE,huynhdangthong
584882799686879054	,Shipped,Completed,,Normal,1731317148230255836	,BONG TAM HQ,[Quà tặng không bán] Bông Tắm Tạo Bọt Mềm Mịn,Mặc định,1,0,0,0,0,0,0,0,22100,0,22100,,0,297000,,06/07/2026 11:48:46	,07/07/2026 10:07:10	,06/07/2026 12:25:02	,06/07/2026 15:20:33	,07/07/2026 10:07:10	,"	",,,Fulfillment by seller,Kho HCMC,862044715431,Standard shipping,J&T Express,,m***n90,h**** a**,(+84)038*****63,Việt Nam,Hồ Chí Minh,Xã Hóc Môn,**********,**********,****************************,Cash on delivery,0.5,"Loofahs, Sponges, & Poufs",1202526953481275214	,,Unchecked,,LIVE,lepetitmarseillaisvn
584882799686879054	,Shipped,Delivered,,Normal,1732250801269016796	,ST01288,"Sữa Tắm/Gel Tắm Pháp Le Petit Marseillais Chiết Xuất Thiên Nhiên 650ml - Sữa Tắm Lưu Hương Lành Tính - Dịu Nhẹ, An Toàn Cho Da","Đào Trắng & Quả Xuân Đào, Standard",1,0,499000,499000,60000,142000,297000,0,22100,0,22100,,0,297000,,06/07/2026 11:48:46	,07/07/2026 10:07:10	,06/07/2026 12:25:02	,06/07/2026 15:20:33	,07/07/2026 10:07:10	,"	",,,Fulfillment by seller,Kho HCMC,862044715431,Standard shipping,J&T Express,,m***n90,h**** a**,(+84)038*****63,Việt Nam,Hồ Chí Minh,Xã Hóc Môn,**********,**********,****************************,Cash on delivery,1,Bath & Shower,1202526953481275214	,,Unchecked,,LIVE,lepetitmarseillaisvn
584882477005243528	,Shipped,Delivered,,Normal,1732250801268689116	,ST01902,"Sữa Tắm/Gel Tắm Pháp Le Petit Marseillais Chiết Xuất Thiên Nhiên 650ml - Sữa Tắm Lưu Hương Lành Tính - Dịu Nhẹ, An Toàn Cho Da","Thông & Bạch Đàn Biển, Standard",1,0,499000,499000,62730,130000,306270,0,35500,0,35500,,0,306270,,06/07/2026 11:31:04	,06/07/2026 11:31:10	,06/07/2026 11:32:37	,06/07/2026 16:23:29	,09/07/2026 08:39:47	,"	",,,Fulfillment by seller,Kho HN,862030215341,Standard shipping,J&T Express,,d***an2603,Đ*** T** T**** A*,(+84)933****38,Việt Nam,Hồ Chí Minh,Phường Linh Xuân,****************,***********,,Credit/debit card,1,Bath & Shower,1202524772049061000	,,Unchecked,,LIVE,lepetitmarseillaisvn
584882208987514482	,Shipped,Completed,,Normal,1731317148230255836	,BONG TAM HQ,[Quà tặng không bán] Bông Tắm Tạo Bọt Mềm Mịn,Mặc định,1,0,0,0,0,0,0,0,35100,0,35100,,0,180400,,06/07/2026 11:17:42	,07/07/2026 16:52:50	,06/07/2026 11:32:37	,06/07/2026 16:23:28	,07/07/2026 16:52:50	,"	",,,Fulfillment by seller,Kho HN,862063155211,Standard shipping,J&T Express,,h***vu,N***** t** t*****,(+84)033*****56,Việt Nam,Hưng Yên,Xã Kiến Xương,*************,*******************************************************,********************************,Cash on delivery,0.5,"Loofahs, Sponges, & Poufs",1202522944953615986	,,Unchecked,,LIVE,lepetitmarseillaisvn
584882208987514482	,Shipped,Delivered,,Normal,1732250914984790236	,ST54463,"Sữa Tắm/Gel Tắm Pháp Le Petit Marseillais Thiên Nhiên 250ml - Sữa Tắm Lưu Hương Lành Tính - Dịu Nhẹ, An Toàn Cho Da","Muối Biển, Standard",1,0,269000,269000,24600,64000,180400,0,35100,0,35100,,0,180400,,06/07/2026 11:17:42	,07/07/2026 16:52:50	,06/07/2026 11:32:37	,06/07/2026 16:23:28	,07/07/2026 16:52:50	,"	",,,Fulfillment by seller,Kho HN,862063155211,Standard shipping,J&T Express,,h***vu,N***** t** t*****,(+84)033*****56,Việt Nam,Hưng Yên,Xã Kiến Xương,*************,*******************************************************,********************************,Cash on delivery,0.5,Bath & Shower,1202522944953615986	,,Unchecked,,LIVE,lepetitmarseillaisvn
584880234149611015	,Shipped,Completed,,Normal,1731317148230255836	,BONG TAM HQ,[Quà tặng không bán] Bông Tắm Tạo Bọt Mềm Mịn,Mặc định,1,0,0,0,0,0,0,0,47600,0,47600,,0,150000,,06/07/2026 08:55:22	,08/07/2026 14:18:59	,06/07/2026 11:11:02	,06/07/2026 15:20:33	,08/07/2026 14:18:59	,"	",,,Fulfillment by seller,Kho HCMC,862000435111,Standard shipping,J&T Express,,t***hpham9030,T**** p***,(+84)981****30,Việt Nam,Lâm Đồng,Đức Trọng,*******,********************************,,Cash on delivery,0.5,"Loofahs, Sponges, & Poufs",1202499428388406791	,,Unchecked,,Videos,thanh_truc426
584880234149611015	,Shipped,Delivered,,Normal,1733398851758556380	,ST01172,Sữa Tắm Nam 4 in 1  Thiên Nhiên Le Petit Marseillais Chiết Xuất Gỗ Tuyết Tùng & Dương Xỉ 250ml 1172,Mặc định,1,0,269000,269000,55000,64000,150000,0,47600,0,47600,,0,150000,,06/07/2026 08:55:22	,08/07/2026 14:18:59	,06/07/2026 11:11:02	,06/07/2026 15:20:33	,08/07/2026 14:18:59	,"	",,,Fulfillment by seller,Kho HCMC,862000435111,Standard shipping,J&T Express,,t***hpham9030,T**** p***,(+84)981****30,Việt Nam,Lâm Đồng,Đức Trọng,*******,********************************,,Cash on delivery,0.4,Bath & Body Care,1202499428388406791	,,Unchecked,,Videos,thanh_truc426
584877234774836872	,Shipped,Completed,,Normal,1731317148230255836	,BONG TAM HQ,[Quà tặng không bán] Bông Tắm Tạo Bọt Mềm Mịn,Mặc định,1,0,0,0,0,0,0,0,20900,0,20900,17,0,174233,,06/07/2026 00:54:47	,06/07/2026 00:54:51	,06/07/2026 08:03:27	,06/07/2026 09:35:53	,07/07/2026 12:19:18	,"	",,,Fulfillment by seller,Kho HCMC,862046742881,Standard shipping,J&T Express,,n***enphuc02092,H** P***,(+84)038*****24,Việt Nam,Bình Dương,Thuận An,*********,**************************,,PayLater,0.5,"Loofahs, Sponges, & Poufs",1202469841639802504	,,Unchecked,,Product cards,
584877234774836872	,Shipped,Delivered,,Normal,1732251749141285084	,ST04371,"Sữa Tắm Pháp Le Petit Marseillais Cho Nam Chiết Xuất Thiên Nhiên 4in1 Nhiều Mùi Hương Dưỡng Ẩm, Thơm Lâu - Phù Hợp Mọi Loại Da (250ml)","Hương Gừng & Gỗ Bách, Standard",1,0,269000,269000,30750,64000,174250,0,20900,0,20900,17,0,174233,,06/07/2026 00:54:47	,06/07/2026 00:54:51	,06/07/2026 08:03:27	,06/07/2026 09:35:53	,07/07/2026 12:19:18	,"	",,,Fulfillment by seller,Kho HCMC,862046742881,Standard shipping,J&T Express,,n***enphuc02092,H** P***,(+84)038*****24,Việt Nam,Bình Dương,Thuận An,*********,**************************,,PayLater,0.5,Bath & Shower,1202469841639802504	,,Unchecked,,Product cards,
584876793836111740	,Shipped,Completed,,Normal,1731317148230255836	,BONG TAM HQ,[Quà tặng không bán] Bông Tắm Tạo Bọt Mềm Mịn,Mặc định,1,0,0,0,0,0,0,0,35100,0,35100,,0,205000,,05/07/2026 23:54:07	,07/07/2026 10:24:02	,06/07/2026 08:03:27	,06/07/2026 09:35:53	,07/07/2026 10:24:02	,"	",,,Fulfillment by seller,Kho HCMC,862072612991,Standard shipping,J&T Express,,u***9097981900977,C****,(+84)928****66,Việt Nam,Long An,Cần Giuộc,*********,**************,,Cash on delivery,0.5,"Loofahs, Sponges, & Poufs",1202467096582588284	,,Unchecked,,Videos,duongmanhkien19
584876793836111740	,Shipped,Delivered,,Normal,1732251749141219548	,ST01172,"Sữa Tắm Pháp Le Petit Marseillais Cho Nam Chiết Xuất Thiên Nhiên 4in1 Nhiều Mùi Hương Dưỡng Ẩm, Thơm Lâu - Phù Hợp Mọi Loại Da (250ml)","Hương Gỗ Tuyết Tùng & Dương Xỉ, Standard",1,0,269000,269000,0,64000,205000,0,35100,0,35100,,0,205000,,05/07/2026 23:54:07	,07/07/2026 10:24:02	,06/07/2026 08:03:27	,06/07/2026 09:35:53	,07/07/2026 10:24:02	,"	",,,Fulfillment by seller,Kho HCMC,862072612991,Standard shipping,J&T Express,,u***9097981900977,C****,(+84)928****66,Việt Nam,Long An,Cần Giuộc,*********,**************,,Cash on delivery,0.5,Bath & Shower,1202467096582588284	,,Unchecked,,Videos,duongmanhkien19
584875852104304060	,Shipped,Delivered,,Normal,1732250801268689116	,ST01902,"Sữa Tắm/Gel Tắm Pháp Le Petit Marseillais Chiết Xuất Thiên Nhiên 650ml - Sữa Tắm Lưu Hương Lành Tính - Dịu Nhẹ, An Toàn Cho Da","Thông & Bạch Đàn Biển, Standard",4,0,499000,1996000,210000,416000,1370000,0,75400,0,75400,,0,1370000,,05/07/2026 22:45:11	,09/07/2026 20:15:02	,06/07/2026 08:03:27	,06/07/2026 10:25:25	,09/07/2026 20:15:02	,"	",,,Fulfillment by seller,Kho HN,862098122981,Standard shipping,J&T Express,,a***315,A d**,(+84)094*****13,Việt Nam,Bà Rịa - Vũng Tàu,Vũng Tàu,********,*************,**************,Cash on delivery,4,Bath & Shower,1202462994241258940	,,Unchecked,,Videos,ha_thubay
584875877068408267	,Canceled,Canceled,Cancel,Normal,1734496577198523612	,1 BÁNH-XP,Xà Phòng Le Petit Marseillais Chính Hãng Bánh Xà Phòng Tắm Thiên Nhiên (Ngẫu nhiên)  1 Bánh,Mặc định,1,1,75000,75000,0,0,75000,0,14000,0,14000,7,0,74993,75000,05/07/2026 22:44:27	,"	","	","	","	",05/07/2026 22:44:44	,User,Need to update order with a voucher,Fulfillment by seller,Kho HN,,Standard shipping,,,d***vu.abcxyz,T**** c*** t**,(+84)097*****89,Việt Nam,Hà Nội,Long Biên,*****,*************************************************,,PayLater,0.1,Bath & Shower,"	",,,,Product cards,
584875655976682915	,Shipped,Delivered,,Normal,1732250801268689116	,ST01902,"Sữa Tắm/Gel Tắm Pháp Le Petit Marseillais Chiết Xuất Thiên Nhiên 650ml - Sữa Tắm Lưu Hương Lành Tính - Dịu Nhẹ, An Toàn Cho Da","Thông & Bạch Đàn Biển, Standard",1,0,499000,499000,0,104000,395000,0,35500,0,35500,,0,395000,,05/07/2026 22:29:32	,08/07/2026 15:54:46	,06/07/2026 08:03:27	,06/07/2026 10:25:26	,08/07/2026 15:54:46	,"	",,,Fulfillment by seller,Kho HN,862021632881,Standard shipping,J&T Express,,u***4720449835968,u****************,(+84)908****28,Việt Nam,Hồ Chí Minh,Phường Cầu Ông Lãnh,*******************,***********************************************,,Cash on delivery,1,Bath & Shower,1202462460564702627	,,Unchecked,,Videos,phuongthi668
584875478885107107	,Canceled,Canceled,Cancel,Normal,1731317148230255836	,BONG TAM HQ,[Quà tặng không bán] Bông Tắm Tạo Bọt Mềm Mịn,Mặc định,1,1,0,0,0,0,0,0,15800,0,15800,,0,205000,0,05/07/2026 22:17:55	,"	","	","	","	",05/07/2026 22:28:23	,User,Need to change shipping address,Fulfillment by seller,Kho HCMC,,Standard shipping,,,u***4720449835968,u****************,(+84)908****28,Việt Nam,Hồ Chí Minh,Phường Cầu Ông Lãnh,*******************,***********************************************,,Cash on delivery,0.5,"Loofahs, Sponges, & Poufs",1202461600090916259	,,Unchecked,,Videos,thaivublackbi149
584875478885107107	,Canceled,Canceled,Cancel,Normal,1732251749141219548	,ST01172,"Sữa Tắm Pháp Le Petit Marseillais Cho Nam Chiết Xuất Thiên Nhiên 4in1 Nhiều Mùi Hương Dưỡng Ẩm, Thơm Lâu - Phù Hợp Mọi Loại Da (250ml)","Hương Gỗ Tuyết Tùng & Dương Xỉ, Standard",1,1,269000,269000,0,64000,205000,0,15800,0,15800,,0,205000,205000,05/07/2026 22:17:55	,"	","	","	","	",05/07/2026 22:28:23	,User,Need to change shipping address,Fulfillment by seller,Kho HCMC,,Standard shipping,,,u***4720449835968,u****************,(+84)908****28,Việt Nam,Hồ Chí Minh,Phường Cầu Ông Lãnh,*******************,***********************************************,,Cash on delivery,0.5,Bath & Shower,1202461600090916259	,,Unchecked,,Videos,thaivublackbi149
584874732592989403	,Shipped,Delivered,,Normal,1732251749141219548	,ST01172,"Sữa Tắm Pháp Le Petit Marseillais Cho Nam Chiết Xuất Thiên Nhiên 4in1 Nhiều Mùi Hương Dưỡng Ẩm, Thơm Lâu - Phù Hợp Mọi Loại Da (250ml)","Hương Gỗ Tuyết Tùng & Dương Xỉ, Standard",1,0,269000,269000,26650,64000,178350,0,26200,0,26200,,0,178350,,05/07/2026 21:34:26	,07/07/2026 16:44:35	,06/07/2026 08:03:27	,06/07/2026 10:25:25	,07/07/2026 16:44:35	,"	",,,Fulfillment by seller,Kho HN,862036982981,Standard shipping,J&T Express,,t***.v.c7,V* t** h***,(+84)832****79,Việt Nam,Hải Dương,Hải Dương,*********,*****************************,,Cash on delivery,0.5,Bath & Shower,1202458799998469339	,,Unchecked,,Product cards,
584874640559146272	,Shipped,Delivered,,Normal,1732251749141219548	,ST01172,"Sữa Tắm Pháp Le Petit Marseillais Cho Nam Chiết Xuất Thiên Nhiên 4in1 Nhiều Mùi Hương Dưỡng Ẩm, Thơm Lâu - Phù Hợp Mọi Loại Da (250ml)","Hương Gỗ Tuyết Tùng & Dương Xỉ, Standard",1,0,269000,269000,10000,64000,195000,0,40000,0,40000,,0,195000,,05/07/2026 21:27:56	,07/07/2026 16:31:24	,06/07/2026 08:03:27	,06/07/2026 10:25:25	,07/07/2026 16:31:24	,"	",,,Fulfillment by seller,Kho HN,862012842991,Standard shipping,J&T Express,,h***_phan1,3* M** Đ***,(+84)986****11,Việt Nam,Hà Tĩnh,Xã Đức Thịnh,************,*****************,*************,Cash on delivery,0.5,Bath & Shower,1202458143013766432	,,Unchecked,,Videos,duongmanhkien19
584874372464936728	,Canceled,Canceled,Cancel,Normal,1732250801268689116	,ST01902,"Sữa Tắm/Gel Tắm Pháp Le Petit Marseillais Chiết Xuất Thiên Nhiên 650ml - Sữa Tắm Lưu Hương Lành Tính - Dịu Nhẹ, An Toàn Cho Da","Thông & Bạch Đàn Biển, Standard",1,1,499000,499000,71100,104000,323900,0,37800,0,37800,,0,660100,323900,05/07/2026 21:15:29	,"	","	","	","	",05/07/2026 21:20:21	,User,Need to change shipping address,Fulfillment by seller,Kho HN,,Standard shipping,,,o***humet8,M*** c**,(+84)869****28,Việt Nam,Hải Phòng,Phường Kiến An,**************,**********************************,,Cash on delivery,1,Bath & Shower,1202456713129461528	,,Unchecked,,LIVE,lepetitmarseillaisvn
584874372464936728	,Canceled,Canceled,Cancel,Normal,1732252922366494940	,DG31372,"Dầu Gội Le Petit Marseillais Nhiều Mùi Hương 300ml Dưỡng Ẩm, Thơm Lâu - Phù Hợp Mọi Loại Da",Táo & Oliu,1,1,499000,499000,73800,89000,336200,0,37800,0,37800,,0,660100,336200,05/07/2026 21:15:29	,"	","	","	","	",05/07/2026 21:20:21	,User,Need to change shipping address,Fulfillment by seller,Kho HN,,Standard shipping,,,o***humet8,M*** c**,(+84)869****28,Việt Nam,Hải Phòng,Phường Kiến An,**************,**********************************,,Cash on delivery,0.6,Shampoo & Conditioner,1202456713129461528	,,Unchecked,,LIVE,lepetitmarseillaisvn
584873797723194780	,Shipped,Delivered,,Normal,1732251749141154012	,ST01356,"Sữa Tắm Pháp Le Petit Marseillais Cho Nam Chiết Xuất Thiên Nhiên 4in1 Nhiều Mùi Hương Dưỡng Ẩm, Thơm Lâu - Phù Hợp Mọi Loại Da (250ml)","Hương Thông & Bạch Đàn Biển, Standard",1,0,269000,269000,28700,64000,176300,0,30300,0,30300,,0,176300,,05/07/2026 20:45:36	,07/07/2026 14:42:38	,06/07/2026 08:03:27	,06/07/2026 10:25:25	,07/07/2026 14:42:38	,"	",,,Fulfillment by seller,Kho HN,862018132981,Standard shipping,J&T Express,,h***kim102,N*** K** H****,(+84)989****94,Việt Nam,Hoà Bình,Lạc Thủy,**********,*******************************************,,Cash on delivery,0.5,Bath & Shower,1202454120152794524	,,Unchecked,,Videos,lepthelittlekid
584873382666536696	,Shipped,Delivered,,Normal,1732251749141219548	,ST01172,"Sữa Tắm Pháp Le Petit Marseillais Cho Nam Chiết Xuất Thiên Nhiên 4in1 Nhiều Mùi Hương Dưỡng Ẩm, Thơm Lâu - Phù Hợp Mọi Loại Da (250ml)","Hương Gỗ Tuyết Tùng & Dương Xỉ, Standard",1,0,269000,269000,24600,64000,180400,0,26200,0,26200,,0,180400,,05/07/2026 20:21:41	,07/07/2026 20:38:46	,05/07/2026 20:39:57	,06/07/2026 10:25:25	,07/07/2026 20:38:46	,"	",,,Fulfillment by seller,Kho HN,862085110921,Standard shipping,J&T Express,,n***enlam4290,p*** t*** a**,(+84)091*****58,Việt Nam,Bắc Giang,Bắc Giang,******,**************************************************************,,Cash on delivery,0.5,Bath & Shower,1202452278667871992	,,Unchecked,,LIVE,lepetitmarseillaisvn
584872037807916835	,Shipped,Completed,,Normal,1734496577198523612	,1 BÁNH-XP,Xà Phòng Le Petit Marseillais Chính Hãng Bánh Xà Phòng Tắm Thiên Nhiên (Ngẫu nhiên)  1 Bánh,Mặc định,1,0,0,0,0,0,0,0,15800,0,15800,,0,328860,,05/07/2026 19:04:40	,05/07/2026 19:04:46	,05/07/2026 20:39:58	,06/07/2026 10:25:25	,07/07/2026 11:04:42	,"	",,,Fulfillment by seller,Kho HN,862022940931,Standard shipping,J&T Express,,t***daa9988,A** T***,(+84)984****88,Việt Nam,Hà Nội,Hà Đông,******,***************************************************,,Credit/debit card,0.1,Bath & Shower,1202445957972002595	,,Unchecked,,Product cards,
584872037807916835	,Shipped,Delivered,,Normal,1735912571878606044	,ST01356 + ST01172,Combo 2 Sữa Tắm Nam Le Petit Marseillais 4in1 Cho Tóc Mặt Râu Toàn Thân 250ml,"Thông Biển & Bạch Đàn, Gỗ Tuyết Tùng Và Dương Xỉ",1,0,538000,538000,49140,160000,328860,0,15800,0,15800,,0,328860,,05/07/2026 19:04:40	,05/07/2026 19:04:46	,05/07/2026 20:39:58	,06/07/2026 10:25:25	,07/07/2026 11:04:42	,"	",,,Fulfillment by seller,Kho HN,862022940931,Standard shipping,J&T Express,,t***daa9988,A** T***,(+84)984****88,Việt Nam,Hà Nội,Hà Đông,******,***************************************************,,Credit/debit card,0.6,Bath & Body Care,1202445957972002595	,,Unchecked,,Product cards,
584870667422041335	,Shipped,Delivered,,Normal,1732251749141219548	,ST01172,"Sữa Tắm Pháp Le Petit Marseillais Cho Nam Chiết Xuất Thiên Nhiên 4in1 Nhiều Mùi Hương Dưỡng Ẩm, Thơm Lâu - Phù Hợp Mọi Loại Da (250ml)","Hương Gỗ Tuyết Tùng & Dương Xỉ, Standard",2,0,269000,538000,89380,128000,320620,0,17100,0,17100,,0,320620,,05/07/2026 17:31:45	,07/07/2026 15:42:12	,05/07/2026 20:39:58	,06/07/2026 09:35:08	,07/07/2026 15:42:12	,"	",,,Fulfillment by seller,Kho HCMC,862002530931,Standard shipping,J&T Express,,5***5ab6,h**,(+84)962****06,Việt Nam,Hồ Chí Minh,Phường Thạnh Mỹ Tây,*******************,*************************************,,Cash on delivery,1,Bath & Shower,1202438315988190455	,,Unchecked,,Videos,
584870667422041335	,Shipped,Completed,,Normal,1734496577198523612	,1 BÁNH-XP,Xà Phòng Le Petit Marseillais Chính Hãng Bánh Xà Phòng Tắm Thiên Nhiên (Ngẫu nhiên)  1 Bánh,Mặc định,1,0,0,0,0,0,0,0,17100,0,17100,,0,320620,,05/07/2026 17:31:45	,07/07/2026 15:42:12	,05/07/2026 20:39:58	,06/07/2026 09:35:08	,07/07/2026 15:42:12	,"	",,,Fulfillment by seller,Kho HCMC,862002530931,Standard shipping,J&T Express,,5***5ab6,h**,(+84)962****06,Việt Nam,Hồ Chí Minh,Phường Thạnh Mỹ Tây,*******************,*************************************,,Cash on delivery,0.1,Bath & Shower,1202438315988190455	,,Unchecked,,Videos,
584870466701067859	,Shipped,Completed,,Normal,1731317148230255836	,BONG TAM HQ,[Quà tặng không bán] Bông Tắm Tạo Bọt Mềm Mịn,Mặc định,1,0,0,0,0,0,0,0,15800,0,15800,,0,184500,,05/07/2026 17:19:35	,07/07/2026 18:14:22	,05/07/2026 20:39:57	,06/07/2026 09:35:54	,07/07/2026 18:14:22	,"	",,,Fulfillment by seller,Kho HCMC,862058961021,Standard shipping,J&T Express,,j***135,K** n*** n*,(+84)373****10,Việt Nam,Hồ Chí Minh,Phường Bình Quới,****************,**************************,***********,Cash on delivery,0.5,"Loofahs, Sponges, & Poufs",1202437949552821843	,,Unchecked,,Videos,cm.nhung.daily
584870466701067859	,Shipped,Delivered,,Normal,1732250914985052380	,ST48441,"Sữa Tắm/Gel Tắm Pháp Le Petit Marseillais Thiên Nhiên 250ml - Sữa Tắm Lưu Hương Lành Tính - Dịu Nhẹ, An Toàn Cho Da","Quả Mâm Xôi & Hoa Mẫu Đơn, Standard",1,0,269000,269000,20500,64000,184500,0,15800,0,15800,,0,184500,,05/07/2026 17:19:35	,07/07/2026 18:14:22	,05/07/2026 20:39:57	,06/07/2026 09:35:54	,07/07/2026 18:14:22	,"	",,,Fulfillment by seller,Kho HCMC,862058961021,Standard shipping,J&T Express,,j***135,K** n*** n*,(+84)373****10,Việt Nam,Hồ Chí Minh,Phường Bình Quới,****************,**************************,***********,Cash on delivery,0.5,Bath & Shower,1202437949552821843	,,Unchecked,,Videos,cm.nhung.daily
584869572134340399	,Canceled,Canceled,Cancel,Normal,1731317148230255836	,BONG TAM HQ,[Quà tặng không bán] Bông Tắm Tạo Bọt Mềm Mịn,Mặc định,1,1,0,0,0,0,0,0,29700,0,29700,,0,176300,0,05/07/2026 16:17:47	,"	","	","	","	",05/07/2026 16:18:37	,User,Better price available,Fulfillment by seller,Kho HCMC,,Standard shipping,,,n***nef2510,N**,(+84)097*****47,Việt Nam,Vĩnh Long,Phường Nguyệt Hóa,*****************,******************************,,Cash on delivery,0.5,"Loofahs, Sponges, & Poufs",1202432432285910831	,,Unchecked,,Videos,lepetitmarseillaisvn
584869572134340399	,Canceled,Canceled,Cancel,Normal,1732250914985380060	,ST01240,"Sữa Tắm/Gel Tắm Pháp Le Petit Marseillais Thiên Nhiên 250ml - Sữa Tắm Lưu Hương Lành Tính - Dịu Nhẹ, An Toàn Cho Da","Đào Trắng & Quả Xuân Đào, Standard",1,1,269000,269000,28700,64000,176300,0,29700,0,29700,,0,176300,176300,05/07/2026 16:17:47	,"	","	","	","	",05/07/2026 16:18:37	,User,Better price available,Fulfillment by seller,Kho HCMC,,Standard shipping,,,n***nef2510,N**,(+84)097*****47,Việt Nam,Vĩnh Long,Phường Nguyệt Hóa,*****************,******************************,,Cash on delivery,0.5,Bath & Shower,1202432432285910831	,,Unchecked,,Videos,lepetitmarseillaisvn
584869519620081411	,Shipped,Delivered,,Normal,1732250914985052380	,ST48441,"Sữa Tắm/Gel Tắm Pháp Le Petit Marseillais Thiên Nhiên 250ml - Sữa Tắm Lưu Hương Lành Tính - Dịu Nhẹ, An Toàn Cho Da","Quả Mâm Xôi & Hoa Mẫu Đơn, Standard",1,0,269000,269000,30750,64000,174250,0,43900,0,43900,,0,174250,,05/07/2026 16:10:29	,07/07/2026 18:56:34	,05/07/2026 16:41:10	,06/07/2026 09:35:53	,07/07/2026 18:56:34	,"	",,,Fulfillment by seller,Kho HCMC,862046560431,Standard shipping,J&T Express,,n***en_lan_phuongg,N***** l** p*****,(+84)094*****36,Việt Nam,Khánh Hòa,Nha Trang,**********,*******************************************************************,,Cash on delivery,0.5,Bath & Shower,1202430369630160643	,,Unchecked,,Product cards,
584869519620081411	,Shipped,Completed,,Normal,1731317148230255836	,BONG TAM HQ,[Quà tặng không bán] Bông Tắm Tạo Bọt Mềm Mịn,Mặc định,1,0,0,0,0,0,0,0,43900,0,43900,,0,174250,,05/07/2026 16:10:29	,07/07/2026 18:56:34	,05/07/2026 16:41:10	,06/07/2026 09:35:53	,07/07/2026 18:56:34	,"	",,,Fulfillment by seller,Kho HCMC,862046560431,Standard shipping,J&T Express,,n***en_lan_phuongg,N***** l** p*****,(+84)094*****36,Việt Nam,Khánh Hòa,Nha Trang,**********,*******************************************************************,,Cash on delivery,0.5,"Loofahs, Sponges, & Poufs",1202430369630160643	,,Unchecked,,Product cards,
584869074827052152	,Shipped,Completed,,Normal,1734496577198523612	,1 BÁNH-XP,Xà Phòng Le Petit Marseillais Chính Hãng Bánh Xà Phòng Tắm Thiên Nhiên (Ngẫu nhiên)  1 Bánh,Mặc định,1,0,0,0,0,0,0,0,15800,0,15800,,0,378000,,05/07/2026 15:40:02	,07/07/2026 12:43:14	,05/07/2026 16:41:10	,06/07/2026 10:25:25	,07/07/2026 12:43:14	,"	",,,Fulfillment by seller,Kho HN,862060390441,Standard shipping,J&T Express,,z***i7,Z*****,(+84)985****69,Việt Nam,Hà Nội,Phường Cầu Giấy,***************,***************************,****************************,Cash on delivery,0.1,Bath & Shower,1202428164463953016	,,Unchecked,,Videos,ahau.phuongthao
584869074827052152	,Shipped,Delivered,,Normal,1736012795076838620	,ST48441+ST00823,Combo 2 Sữa Tắm Nữ Pháp Le Petit Marseillais 250ml - Thiên Nhiên Dịu Nhẹ,"Quả Mâm Xôi Hữu Cơ & Hoa Mẫu Đơn, Hoa Cam",1,0,538000,538000,0,160000,378000,0,15800,0,15800,,0,378000,,05/07/2026 15:40:02	,07/07/2026 12:43:14	,05/07/2026 16:41:10	,06/07/2026 10:25:25	,07/07/2026 12:43:14	,"	",,,Fulfillment by seller,Kho HN,862060390441,Standard shipping,J&T Express,,z***i7,Z*****,(+84)985****69,Việt Nam,Hà Nội,Phường Cầu Giấy,***************,***************************,****************************,Cash on delivery,0.6,Bath & Shower,1202428164463953016	,,Unchecked,,Videos,ahau.phuongthao
584868495637907078	,Shipped,Completed,,Normal,1731317148230255836	,BONG TAM HQ,[Quà tặng không bán] Bông Tắm Tạo Bọt Mềm Mịn,Mặc định,1,0,0,0,0,0,0,0,47600,0,47600,,0,174250,,05/07/2026 15:01:48	,07/07/2026 16:48:34	,05/07/2026 16:41:10	,06/07/2026 09:35:54	,07/07/2026 16:48:34	,"	",,,Fulfillment by seller,Kho HCMC,862094080551,Standard shipping,J&T Express,,m***phiriviu,M* R* P** v*** v*,(+84)843****96,Việt Nam,Đắk Lắk,Ea Súp,******,***********,,Cash on delivery,0.5,"Loofahs, Sponges, & Poufs",1202423197842835078	,,Unchecked,,Product cards,
584868495637907078	,Shipped,Delivered,,Normal,1732250914985314524	,ST54494,"Sữa Tắm/Gel Tắm Pháp Le Petit Marseillais Thiên Nhiên 250ml - Sữa Tắm Lưu Hương Lành Tính - Dịu Nhẹ, An Toàn Cho Da","Dừa, Standard",1,0,269000,269000,30750,64000,174250,0,47600,0,47600,,0,174250,,05/07/2026 15:01:48	,07/07/2026 16:48:34	,05/07/2026 16:41:10	,06/07/2026 09:35:54	,07/07/2026 16:48:34	,"	",,,Fulfillment by seller,Kho HCMC,862094080551,Standard shipping,J&T Express,,m***phiriviu,M* R* P** v*** v*,(+84)843****96,Việt Nam,Đắk Lắk,Ea Súp,******,***********,,Cash on delivery,0.5,Bath & Shower,1202423197842835078	,,Unchecked,,Product cards,
584868506539427520	,Shipped,Delivered,,Normal,1734496577198523612	,1 BÁNH-XP,Xà Phòng Le Petit Marseillais Chính Hãng Bánh Xà Phòng Tắm Thiên Nhiên (Ngẫu nhiên)  1 Bánh,Mặc định,1,0,75000,75000,0,0,75000,0,19700,0,19700,,0,75000,,05/07/2026 14:59:11	,07/07/2026 12:27:52	,05/07/2026 16:41:10	,06/07/2026 09:35:07	,07/07/2026 12:27:52	,"	",,,Fulfillment by seller,Kho HCMC,862026560431,Standard shipping,J&T Express,,v***tai.tra.sau.bay.vinh,N***** M*** T**,(+84)393****60,Việt Nam,Hồ Chí Minh,Xã Tân Vĩnh Lộc,***************,*******************************************,,Cash on delivery,0.1,Bath & Shower,1202423637887715008	,,Unchecked,,Videos,onggiatichcuc79
584867117744423950	,Shipped,Delivered,,Normal,1732251749141219548	,ST01172,"Sữa Tắm Pháp Le Petit Marseillais Cho Nam Chiết Xuất Thiên Nhiên 4in1 Nhiều Mùi Hương Dưỡng Ẩm, Thơm Lâu - Phù Hợp Mọi Loại Da (250ml)","Hương Gỗ Tuyết Tùng & Dương Xỉ, Standard",1,0,269000,269000,0,64000,205000,0,30300,0,30300,,0,205000,,05/07/2026 13:27:21	,07/07/2026 20:22:26	,05/07/2026 16:41:10	,06/07/2026 10:25:26	,07/07/2026 20:22:26	,"	",,,Fulfillment by seller,Kho HN,862077830541,Standard shipping,J&T Express,,h***khung0,j***,(+84)368****89,Việt Nam,Lào Cai,Xã Phong Dụ Hạ,**************,******************************,,Cash on delivery,0.5,Bath & Shower,1202413039095809038	,,Unchecked,,Videos,man.trung.737
584866316351734972	,Shipped,Delivered,,Normal,1732250914985052380	,ST48441,"Sữa Tắm/Gel Tắm Pháp Le Petit Marseillais Thiên Nhiên 250ml - Sữa Tắm Lưu Hương Lành Tính - Dịu Nhẹ, An Toàn Cho Da","Quả Mâm Xôi & Hoa Mẫu Đơn, Standard",1,0,269000,269000,20500,64000,184500,0,30300,0,30300,,0,184500,,05/07/2026 12:37:59	,08/07/2026 13:04:57	,05/07/2026 13:15:23	,06/07/2026 10:25:26	,08/07/2026 13:04:57	,"	",,,Fulfillment by seller,Kho HN,862000309460,Standard shipping,J&T Express,,_***.t.t_,N***** V* T** T***,(+84)916****56,Việt Nam,Lào Cai,Bảo Thắng,******************,****************************************************************************,,Cash on delivery,0.5,Bath & Shower,1202408237926024380	,,Unchecked,,Videos,ahau.phuongthao
584865292456461953	,Shipped,Completed,,Normal,1731317148230255836	,BONG TAM HQ,[Quà tặng không bán] Bông Tắm Tạo Bọt Mềm Mịn,Mặc định,1,0,0,0,0,0,0,0,16700,0,16700,,0,184500,,05/07/2026 11:35:45	,07/07/2026 17:35:56	,05/07/2026 13:15:16	,06/07/2026 09:35:54	,07/07/2026 17:35:56	,"	",,,Fulfillment by seller,Kho HCMC,862053739540,Standard shipping,J&T Express,,e***fall_18,k*******,(+84)366****04,Việt Nam,Bình Dương,Tân Uyên,**********,**********************************,,Cash on delivery,0.5,"Loofahs, Sponges, & Poufs",1202401693296854657	,,Unchecked,,Videos,cm.nhung.daily
584865292456461953	,Shipped,Delivered,,Normal,1732250914985248988	,ST00892,"Sữa Tắm/Gel Tắm Pháp Le Petit Marseillais Thiên Nhiên 250ml - Sữa Tắm Lưu Hương Lành Tính - Dịu Nhẹ, An Toàn Cho Da","Hạnnh Nhân, Standard",1,0,269000,269000,20500,64000,184500,0,16700,0,16700,,0,184500,,05/07/2026 11:35:45	,07/07/2026 17:35:56	,05/07/2026 13:15:16	,06/07/2026 09:35:54	,07/07/2026 17:35:56	,"	",,,Fulfillment by seller,Kho HCMC,862053739540,Standard shipping,J&T Express,,e***fall_18,k*******,(+84)366****04,Việt Nam,Bình Dương,Tân Uyên,**********,**********************************,,Cash on delivery,0.5,Bath & Shower,1202401693296854657	,,Unchecked,,Videos,cm.nhung.daily
584865281398441264	,Shipped,Delivered,,Normal,1732251749141219548	,ST01172,"Sữa Tắm Pháp Le Petit Marseillais Cho Nam Chiết Xuất Thiên Nhiên 4in1 Nhiều Mùi Hương Dưỡng Ẩm, Thơm Lâu - Phù Hợp Mọi Loại Da (250ml)","Hương Gỗ Tuyết Tùng & Dương Xỉ, Standard",1,0,269000,269000,0,64000,205000,0,14000,0,14000,,0,205000,,05/07/2026 11:31:09	,07/07/2026 08:35:11	,05/07/2026 13:15:10	,06/07/2026 10:25:25	,07/07/2026 08:35:11	,"	",,,Fulfillment by seller,Kho HN,862010479540,Standard shipping,J&T Express,,d***zxje,H* A** Đ**,(+84)084*****22,Việt Nam,Thành Phố Hà Nội,Từ Liêm,*********,********************************,******************,Cash on delivery,0.5,Bath & Shower,1202401101685490992	,,Unchecked,,Videos,man.trung.737
584865263351137584	,Canceled,Canceled,Cancel,Normal,1732251749141219548	,ST01172,"Sữa Tắm Pháp Le Petit Marseillais Cho Nam Chiết Xuất Thiên Nhiên 4in1 Nhiều Mùi Hương Dưỡng Ẩm, Thơm Lâu - Phù Hợp Mọi Loại Da (250ml)","Hương Gỗ Tuyết Tùng & Dương Xỉ, Standard",1,1,269000,269000,0,64000,205000,0,14000,0,14000,,0,205000,205000,05/07/2026 11:30:28	,"	","	","	","	",05/07/2026 11:30:54	,User,Need to update order with a voucher,Fulfillment by seller,Kho HN,,Standard shipping,,,d***zxje,H* A** Đ**,(+84)084*****22,Việt Nam,Thành Phố Hà Nội,Từ Liêm,*********,********************************,******************,Zalopay,0.5,Bath & Shower,"	",,,,Videos,man.trung.737
584864599670031590	,Shipped,Delivered,,Normal,1735912571878606044	,ST01356 + ST01172,Combo 2 Sữa Tắm Nam Le Petit Marseillais 4in1 Cho Tóc Mặt Râu Toàn Thân 250ml,"Thông Biển & Bạch Đàn, Gỗ Tuyết Tùng Và Dương Xỉ",1,0,538000,538000,0,128000,410000,0,20900,0,20900,,0,410000,,05/07/2026 10:47:56	,07/07/2026 20:34:15	,05/07/2026 10:52:46	,06/07/2026 10:25:25	,07/07/2026 20:34:15	,"	",,,Fulfillment by seller,Kho HN,862050949010,Standard shipping,J&T Express,,s***.y1,S*** đ**,(+84)969****41,Việt Nam,Hà Nội,Xã Thanh Trì,************,*************************,,Cash on delivery,0.6,Bath & Body Care,1202396234428351718	,,Unchecked,,Product cards,
584864599670031590	,Shipped,Completed,,Normal,1734496577198523612	,1 BÁNH-XP,Xà Phòng Le Petit Marseillais Chính Hãng Bánh Xà Phòng Tắm Thiên Nhiên (Ngẫu nhiên)  1 Bánh,Mặc định,1,0,0,0,0,0,0,0,20900,0,20900,,0,410000,,05/07/2026 10:47:56	,07/07/2026 20:34:15	,05/07/2026 10:52:46	,06/07/2026 10:25:25	,07/07/2026 20:34:15	,"	",,,Fulfillment by seller,Kho HN,862050949010,Standard shipping,J&T Express,,s***.y1,S*** đ**,(+84)969****41,Việt Nam,Hà Nội,Xã Thanh Trì,************,*************************,,Cash on delivery,0.1,Bath & Shower,1202396234428351718	,,Unchecked,,Product cards,
584864172441896098	,Shipped,Completed,,Normal,1734496577198523612	,1 BÁNH-XP,Xà Phòng Le Petit Marseillais Chính Hãng Bánh Xà Phòng Tắm Thiên Nhiên (Ngẫu nhiên)  1 Bánh,Mặc định,1,0,0,0,0,0,0,15800,15800,0,0,,0,333800,,05/07/2026 10:14:48	,05/07/2026 10:14:52	,05/07/2026 10:52:46	,06/07/2026 09:35:07	,07/07/2026 13:06:30	,"	",,,Fulfillment by seller,Kho HCMC,862057469010,Standard shipping,J&T Express,,k***l.20,G** B**,(+84)775****94,Việt Nam,Hồ Chí Minh,Bình Thạnh,*********,*******************,,MoMo E-Wallet,0.1,Bath & Shower,1202393337995822242	,,Unchecked,,Product cards,
584864172441896098	,Shipped,Delivered,,Normal,1735912571878606044	,ST01356 + ST01172,Combo 2 Sữa Tắm Nam Le Petit Marseillais 4in1 Cho Tóc Mặt Râu Toàn Thân 250ml,"Thông Biển & Bạch Đàn, Gỗ Tuyết Tùng Và Dương Xỉ",1,0,538000,538000,60000,160000,318000,15800,15800,0,0,,0,333800,,05/07/2026 10:14:48	,05/07/2026 10:14:52	,05/07/2026 10:52:46	,06/07/2026 09:35:07	,07/07/2026 13:06:30	,"	",,,Fulfillment by seller,Kho HCMC,862057469010,Standard shipping,J&T Express,,k***l.20,G** B**,(+84)775****94,Việt Nam,Hồ Chí Minh,Bình Thạnh,*********,*******************,,MoMo E-Wallet,0.6,Bath & Body Care,1202393337995822242	,,Unchecked,,Product cards,
584864063639619579	,Shipped,Delivered,,Normal,1732250914985380060	,ST01240,"Sữa Tắm/Gel Tắm Pháp Le Petit Marseillais Thiên Nhiên 250ml - Sữa Tắm Lưu Hương Lành Tính - Dịu Nhẹ, An Toàn Cho Da","Đào Trắng & Quả Xuân Đào, Standard",1,0,269000,269000,0,64000,205000,0,14000,0,14000,,0,205000,,05/07/2026 10:12:07	,07/07/2026 19:17:22	,05/07/2026 10:52:46	,06/07/2026 10:25:26	,07/07/2026 19:17:22	,"	",,,Fulfillment by seller,Kho HN,862032789010,Standard shipping,J&T Express,,a***anpham78,V** A**,(+84)087*****68,Việt Nam,Hà Nội,Phường Định Công,****************,**********************,,Cash on delivery,0.5,Bath & Shower,1202391936463964155	,,Unchecked,,Videos,lienhuong2003
584863445349401822	,Shipped,Delivered,,Normal,1732251749141219548	,ST01172,"Sữa Tắm Pháp Le Petit Marseillais Cho Nam Chiết Xuất Thiên Nhiên 4in1 Nhiều Mùi Hương Dưỡng Ẩm, Thơm Lâu - Phù Hợp Mọi Loại Da (250ml)","Hương Gỗ Tuyết Tùng & Dương Xỉ, Standard",1,0,269000,269000,20500,64000,184500,0,14000,0,14000,,0,184500,,05/07/2026 09:32:53	,07/07/2026 13:19:08	,05/07/2026 10:52:46	,06/07/2026 10:25:26	,07/07/2026 13:19:08	,"	",,,Fulfillment by seller,Kho HN,862054299010,Standard shipping,J&T Express,,u***5864468416471,V*** t***,(+84)983****48,Việt Nam,Hà Nội,Hoàng Mai,*******,***********************,,Cash on delivery,0.5,Bath & Shower,1202388314242385118	,,Unchecked,,Videos,duongmanhkien19
584862921444591212	,Shipped,Completed,,Normal,1734496577198523612	,1 BÁNH-XP,Xà Phòng Le Petit Marseillais Chính Hãng Bánh Xà Phòng Tắm Thiên Nhiên (Ngẫu nhiên)  1 Bánh,Mặc định,1,0,0,0,0,0,0,0,16700,0,16700,,0,302400,,05/07/2026 08:53:31	,07/07/2026 18:50:27	,05/07/2026 10:52:46	,06/07/2026 09:35:54	,07/07/2026 18:50:27	,"	",,,Fulfillment by seller,Kho HCMC,862043138930,Standard shipping,J&T Express,,t***uynh311,L* T**,(+84)089*****59,Việt Nam,Hồ Chí Minh,Xã Hóc Môn,**********,********,,Cash on delivery,0.1,Bath & Shower,1202383661706479212	,,Unchecked,,LIVE,lepetitmarseillaisvn
584862921444591212	,Shipped,Delivered,,Normal,1736012795077035228	,ST48441+ST65434,Combo 2 Sữa Tắm Nữ Pháp Le Petit Marseillais 250ml - Thiên Nhiên Dịu Nhẹ,"Quả Mâm Xôi Hữu Cơ & Hoa Mẫu Đơn, Bông Và Hoa Anh Túc",1,0,538000,538000,75600,160000,302400,0,16700,0,16700,,0,302400,,05/07/2026 08:53:31	,07/07/2026 18:50:27	,05/07/2026 10:52:46	,06/07/2026 09:35:54	,07/07/2026 18:50:27	,"	",,,Fulfillment by seller,Kho HCMC,862043138930,Standard shipping,J&T Express,,t***uynh311,L* T**,(+84)089*****59,Việt Nam,Hồ Chí Minh,Xã Hóc Môn,**********,********,,Cash on delivery,0.6,Bath & Shower,1202383661706479212	,,Unchecked,,LIVE,lepetitmarseillaisvn
584862062438090519	,Shipped,Completed,,Normal,1734496577198523612	,1 BÁNH-XP,Xà Phòng Le Petit Marseillais Chính Hãng Bánh Xà Phòng Tắm Thiên Nhiên (Ngẫu nhiên)  1 Bánh,Mặc định,1,0,0,0,0,0,0,0,35100,0,35100,,0,332640,,05/07/2026 07:41:29	,07/07/2026 19:04:55	,05/07/2026 08:38:49	,06/07/2026 10:25:25	,07/07/2026 19:04:55	,"	",,,Fulfillment by seller,Kho HN,862034098280,Standard shipping,J&T Express,,v***679,s********,(+84)913****65,Việt Nam,Nam Định,Hải Hậu,*********,********************,,Cash on delivery,0.1,Bath & Shower,1202377712433596183	,,Unchecked,,Videos,
584862062438090519	,Shipped,Delivered,,Normal,1735912571878933724	,ST04371 + ST01172,Combo 2 Sữa Tắm Nam Le Petit Marseillais 4in1 Cho Tóc Mặt Râu Toàn Thân 250ml,"Gừng Và Gỗ Bách Tươi , Gỗ Tuyết Tùng Và Dương Xỉ",1,0,538000,538000,45360,160000,332640,0,35100,0,35100,,0,332640,,05/07/2026 07:41:29	,07/07/2026 19:04:55	,05/07/2026 08:38:49	,06/07/2026 10:25:25	,07/07/2026 19:04:55	,"	",,,Fulfillment by seller,Kho HN,862034098280,Standard shipping,J&T Express,,v***679,s********,(+84)913****65,Việt Nam,Nam Định,Hải Hậu,*********,********************,,Cash on delivery,0.6,Bath & Body Care,1202377712433596183	,,Unchecked,,Videos,
584862064040904240	,Shipped,Completed,,Normal,1734496577198523612	,1 BÁNH-XP,Xà Phòng Le Petit Marseillais Chính Hãng Bánh Xà Phòng Tắm Thiên Nhiên (Ngẫu nhiên)  1 Bánh,Mặc định,1,0,0,0,0,0,0,0,6300,0,6300,,0,305000,,05/07/2026 07:38:10	,05/07/2026 07:38:39	,05/07/2026 08:38:49	,06/07/2026 10:25:25	,07/07/2026 17:30:49	,"	",,,Fulfillment by seller,Kho HN,862054318280,Standard shipping,J&T Express,,v***riavumy,V* M*,(+84)559****20,Việt Nam,Hà Nội,Gia Lâm,******,*************************************,,VNPAY + TikTok Pay Balance,0.1,Bath & Shower,1202377151959500336	,,Unchecked,,Product cards,
584862064040904240	,Shipped,Delivered,,Normal,1736012747227825372	,ST54463+ST48441,Combo 2 Sữa Tắm Nữ Pháp Le Petit Marseillais 250ml - Thiên Nhiên Dịu Nhẹ,"Muối Biển, Quả Mâm Xôi Hữu Cơ & Hoa Mẫu Đơn",1,0,538000,538000,73000,160000,305000,0,6300,0,6300,,0,305000,,05/07/2026 07:38:10	,05/07/2026 07:38:39	,05/07/2026 08:38:49	,06/07/2026 10:25:25	,07/07/2026 17:30:49	,"	",,,Fulfillment by seller,Kho HN,862054318280,Standard shipping,J&T Express,,v***riavumy,V* M*,(+84)559****20,Việt Nam,Hà Nội,Gia Lâm,******,*************************************,,VNPAY + TikTok Pay Balance,0.6,Bath & Shower,1202377151959500336	,,Unchecked,,Product cards,
584860731292681228	,Shipped,Completed,,Normal,1734496577198523612	,1 BÁNH-XP,Xà Phòng Le Petit Marseillais Chính Hãng Bánh Xà Phòng Tắm Thiên Nhiên (Ngẫu nhiên)  1 Bánh,Mặc định,1,0,0,0,0,0,0,0,29700,0,29700,,0,302400,,05/07/2026 04:04:16	,07/07/2026 12:57:47	,05/07/2026 08:38:49	,06/07/2026 09:35:53	,07/07/2026 12:57:47	,"	",,,Fulfillment by seller,Kho HCMC,862062828190,Standard shipping,J&T Express,,n***lan.thch02,N*** L** T****,(+84)948****67,Việt Nam,An Giang,Phường Rạch Giá,***************,********************************************,,Cash on delivery,0.1,Bath & Shower,1202368830828413964	,,Unchecked,,Product cards,
584860731292681228	,Shipped,Delivered,,Normal,1735912571877950684	,ST01172 x 2,Combo 2 Sữa Tắm Nam Le Petit Marseillais 4in1 Cho Tóc Mặt Râu Toàn Thân 250ml,"Gỗ Tuyết Tùng Và Dương Xỉ, Gỗ Tuyết Tùng Và Dương Xỉ",1,0,538000,538000,75600,160000,302400,0,29700,0,29700,,0,302400,,05/07/2026 04:04:16	,07/07/2026 12:57:47	,05/07/2026 08:38:49	,06/07/2026 09:35:53	,07/07/2026 12:57:47	,"	",,,Fulfillment by seller,Kho HCMC,862062828190,Standard shipping,J&T Express,,n***lan.thch02,N*** L** T****,(+84)948****67,Việt Nam,An Giang,Phường Rạch Giá,***************,********************************************,,Cash on delivery,0.6,Bath & Body Care,1202368830828413964	,,Unchecked,,Product cards,
584860200139130433	,Shipped,Delivered,,Normal,1732251749141154012	,ST01356,"Sữa Tắm Pháp Le Petit Marseillais Cho Nam Chiết Xuất Thiên Nhiên 4in1 Nhiều Mùi Hương Dưỡng Ẩm, Thơm Lâu - Phù Hợp Mọi Loại Da (250ml)","Hương Thông & Bạch Đàn Biển, Standard",1,0,269000,269000,30750,64000,174250,0,15800,0,15800,,0,174250,,05/07/2026 01:46:15	,07/07/2026 12:00:01	,05/07/2026 08:38:49	,06/07/2026 09:35:08	,07/07/2026 12:00:01	,"	",,,Fulfillment by seller,Kho HCMC,862097698280,Standard shipping,J&T Express,,_***.bao27,G** B**,(+84)093*****25,Việt Nam,Hồ Chí Minh,Phường Hòa Hưng,***************,*************************,,Cash on delivery,0.5,Bath & Shower,1202365840594863681	,,Unchecked,,Videos,thaivublackbi149
584860200139130433	,Shipped,Completed,,Normal,1731317148230255836	,BONG TAM HQ,[Quà tặng không bán] Bông Tắm Tạo Bọt Mềm Mịn,Mặc định,1,0,0,0,0,0,0,0,15800,0,15800,,0,174250,,05/07/2026 01:46:15	,07/07/2026 12:00:01	,05/07/2026 08:38:49	,06/07/2026 09:35:08	,07/07/2026 12:00:01	,"	",,,Fulfillment by seller,Kho HCMC,862097698280,Standard shipping,J&T Express,,_***.bao27,G** B**,(+84)093*****25,Việt Nam,Hồ Chí Minh,Phường Hòa Hưng,***************,*************************,,Cash on delivery,0.5,"Loofahs, Sponges, & Poufs",1202365840594863681	,,Unchecked,,Videos,thaivublackbi149
584859906443609320	,Shipped,Delivered,,Normal,1735912571878606044	,ST01356 + ST01172,Combo 2 Sữa Tắm Nam Le Petit Marseillais 4in1 Cho Tóc Mặt Râu Toàn Thân 250ml,"Thông Biển & Bạch Đàn, Gỗ Tuyết Tùng Và Dương Xỉ",1,0,538000,538000,75600,160000,302400,0,15800,0,15800,,0,302400,,05/07/2026 00:51:32	,07/07/2026 09:56:20	,05/07/2026 08:38:49	,06/07/2026 09:35:07	,07/07/2026 09:56:20	,"	",,,Fulfillment by seller,Kho HCMC,862057528280,Standard shipping,J&T Express,,m***hanhnhan,T**** N*** M**,(+84)901****18,Việt Nam,Hồ Chí Minh,Phường Tân Sơn Nhì,******************,************************,*******************,Cash on delivery,0.6,Bath & Body Care,1202364200209319144	,,Unchecked,,Product cards,
584859906443609320	,Shipped,Completed,,Normal,1734496577198523612	,1 BÁNH-XP,Xà Phòng Le Petit Marseillais Chính Hãng Bánh Xà Phòng Tắm Thiên Nhiên (Ngẫu nhiên)  1 Bánh,Mặc định,1,0,0,0,0,0,0,0,15800,0,15800,,0,302400,,05/07/2026 00:51:32	,07/07/2026 09:56:20	,05/07/2026 08:38:49	,06/07/2026 09:35:07	,07/07/2026 09:56:20	,"	",,,Fulfillment by seller,Kho HCMC,862057528280,Standard shipping,J&T Express,,m***hanhnhan,T**** N*** M**,(+84)901****18,Việt Nam,Hồ Chí Minh,Phường Tân Sơn Nhì,******************,************************,*******************,Cash on delivery,0.1,Bath & Shower,1202364200209319144	,,Unchecked,,Product cards,
584859059056903616	,Shipped,Delivered,,Normal,1732250801268689116	,ST01902,"Sữa Tắm/Gel Tắm Pháp Le Petit Marseillais Chiết Xuất Thiên Nhiên 650ml - Sữa Tắm Lưu Hương Lành Tính - Dịu Nhẹ, An Toàn Cho Da","Thông & Bạch Đàn Biển, Standard",1,0,499000,499000,59250,104000,335750,0,55400,0,55400,,0,335750,,04/07/2026 23:25:50	,07/07/2026 17:50:06	,05/07/2026 08:38:49	,06/07/2026 10:25:25	,07/07/2026 17:50:06	,"	",,,Fulfillment by seller,Kho HN,862036568280,Standard shipping,J&T Express,,d***.36,Q*** Đ** V** 3*,(+84)328****36,Việt Nam,Thanh Hóa,Quảng Xương,*********,**********************************,,Cash on delivery,1,Bath & Shower,1202360431362147776	,,Unchecked,,Videos,ha_thubay
584859059056903616	,Shipped,Completed,,Normal,1731317148230255836	,BONG TAM HQ,[Quà tặng không bán] Bông Tắm Tạo Bọt Mềm Mịn,Mặc định,1,0,0,0,0,0,0,0,55400,0,55400,,0,335750,,04/07/2026 23:25:50	,07/07/2026 17:50:06	,05/07/2026 08:38:49	,06/07/2026 10:25:25	,07/07/2026 17:50:06	,"	",,,Fulfillment by seller,Kho HN,862036568280,Standard shipping,J&T Express,,d***.36,Q*** Đ** V** 3*,(+84)328****36,Việt Nam,Thanh Hóa,Quảng Xương,*********,**********************************,,Cash on delivery,0.5,"Loofahs, Sponges, & Poufs",1202360431362147776	,,Unchecked,,Videos,ha_thubay
584858755135407488	,Shipped,Completed,,Normal,1734496577198523612	,1 BÁNH-XP,Xà Phòng Le Petit Marseillais Chính Hãng Bánh Xà Phòng Tắm Thiên Nhiên (Ngẫu nhiên)  1 Bánh,Mặc định,1,0,0,0,0,0,0,0,29700,0,29700,22680,0,355320,,04/07/2026 23:03:54	,04/07/2026 23:04:01	,05/07/2026 08:38:49	,06/07/2026 09:35:07	,07/07/2026 09:27:32	,"	",,,Fulfillment by seller,Kho HCMC,862015438280,Standard shipping,J&T Express,,c***bewr151,N***** C** B**,(+84)091*****20,Việt Nam,Cần Thơ,Bình Thuỷ,**********,*********************************************************,,PayLater,0.1,Bath & Shower,1202359376426665344	,,Unchecked,,Product cards,
584858755135407488	,Shipped,Delivered,,Normal,1735912571878606044	,ST01356 + ST01172,Combo 2 Sữa Tắm Nam Le Petit Marseillais 4in1 Cho Tóc Mặt Râu Toàn Thân 250ml,"Thông Biển & Bạch Đàn, Gỗ Tuyết Tùng Và Dương Xỉ",1,0,538000,538000,0,160000,378000,0,29700,0,29700,22680,0,355320,,04/07/2026 23:03:54	,04/07/2026 23:04:01	,05/07/2026 08:38:49	,06/07/2026 09:35:07	,07/07/2026 09:27:32	,"	",,,Fulfillment by seller,Kho HCMC,862015438280,Standard shipping,J&T Express,,c***bewr151,N***** C** B**,(+84)091*****20,Việt Nam,Cần Thơ,Bình Thuỷ,**********,*********************************************************,,PayLater,0.6,Bath & Body Care,1202359376426665344	,,Unchecked,,Product cards,
584858600605255364	,Shipped,Completed,,Normal,1734496577198523612	,1 BÁNH-XP,Xà Phòng Le Petit Marseillais Chính Hãng Bánh Xà Phòng Tắm Thiên Nhiên (Ngẫu nhiên)  1 Bánh,Mặc định,1,0,0,0,0,0,0,0,29700,0,29700,,0,347760,,04/07/2026 22:46:02	,07/07/2026 20:06:08	,05/07/2026 08:38:49	,06/07/2026 10:25:25	,07/07/2026 20:06:08	,"	",,,Fulfillment by seller,Kho HN,862013738280,Standard shipping,J&T Express,,d***s3zqz7pt,M** n*****,(+84)097*****88,Việt Nam,Quảng Ninh,Móng Cái,********,*********************************************,,Cash on delivery,0.1,Bath & Shower,1202358734960953028	,,Unchecked,,Videos,ahau.phuongthao
584858600605255364	,Shipped,Delivered,,Normal,1736012795076838620	,ST48441+ST00823,Combo 2 Sữa Tắm Nữ Pháp Le Petit Marseillais 250ml - Thiên Nhiên Dịu Nhẹ,"Quả Mâm Xôi Hữu Cơ & Hoa Mẫu Đơn, Hoa Cam",1,0,538000,538000,30240,160000,347760,0,29700,0,29700,,0,347760,,04/07/2026 22:46:02	,07/07/2026 20:06:08	,05/07/2026 08:38:49	,06/07/2026 10:25:25	,07/07/2026 20:06:08	,"	",,,Fulfillment by seller,Kho HN,862013738280,Standard shipping,J&T Express,,d***s3zqz7pt,M** n*****,(+84)097*****88,Việt Nam,Quảng Ninh,Móng Cái,********,*********************************************,,Cash on delivery,0.6,Bath & Shower,1202358734960953028	,,Unchecked,,Videos,ahau.phuongthao
584857828147233830	,Shipped,Completed,,Normal,1731317148230255836	,BONG TAM HQ,[Quà tặng không bán] Bông Tắm Tạo Bọt Mềm Mịn,Mặc định,1,0,0,0,0,0,0,0,22100,0,22100,,0,330000,,04/07/2026 21:55:55	,07/07/2026 18:57:41	,05/07/2026 08:38:49	,06/07/2026 10:25:25	,07/07/2026 18:57:41	,"	",,,Fulfillment by seller,Kho HN,862062608190,Standard shipping,J&T Express,,g***gchilagiangthoi,G****,(+84)354****06,Việt Nam,Hà Nội,Hoài Đức,********,*********,******************************************,Cash on delivery,0.5,"Loofahs, Sponges, & Poufs",1202355844806640678	,,Unchecked,,Product cards,
584857828147233830	,Shipped,Delivered,,Normal,1732250801268820188	,ST01868,"Sữa Tắm/Gel Tắm Pháp Le Petit Marseillais Chiết Xuất Thiên Nhiên 650ml - Sữa Tắm Lưu Hương Lành Tính - Dịu Nhẹ, An Toàn Cho Da","Hương Chanh & Bưởi Hồng, Standard",1,0,499000,499000,65000,104000,330000,0,22100,0,22100,,0,330000,,04/07/2026 21:55:55	,07/07/2026 18:57:41	,05/07/2026 08:38:49	,06/07/2026 10:25:25	,07/07/2026 18:57:41	,"	",,,Fulfillment by seller,Kho HN,862062608190,Standard shipping,J&T Express,,g***gchilagiangthoi,G****,(+84)354****06,Việt Nam,Hà Nội,Hoài Đức,********,*********,******************************************,Cash on delivery,1,Bath & Shower,1202355844806640678	,,Unchecked,,Product cards,
584857320828012081	,Shipped,Completed,,Normal,1731317148230255836	,BONG TAM HQ,[Quà tặng không bán] Bông Tắm Tạo Bọt Mềm Mịn,Mặc định,1,0,0,0,0,0,0,0,17100,0,17100,,0,335750,,04/07/2026 21:28:23	,07/07/2026 15:23:55	,05/07/2026 08:38:49	,06/07/2026 10:25:25	,07/07/2026 15:23:55	,"	",,,Fulfillment by seller,Kho HN,862034318280,Standard shipping,J&T Express,,a***ue93,H***,(+84)837****11,Việt Nam,Hà Nội,Phường Long Biên,****************,*******************************************,,Cash on delivery,0.5,"Loofahs, Sponges, & Poufs",1202353910275671601	,,Unchecked,,Videos,ha_thubay
584857320828012081	,Shipped,Delivered,,Normal,1732250801268820188	,ST01868,"Sữa Tắm/Gel Tắm Pháp Le Petit Marseillais Chiết Xuất Thiên Nhiên 650ml - Sữa Tắm Lưu Hương Lành Tính - Dịu Nhẹ, An Toàn Cho Da","Hương Chanh & Bưởi Hồng, Standard",1,0,499000,499000,59250,104000,335750,0,17100,0,17100,,0,335750,,04/07/2026 21:28:23	,07/07/2026 15:23:55	,05/07/2026 08:38:49	,06/07/2026 10:25:25	,07/07/2026 15:23:55	,"	",,,Fulfillment by seller,Kho HN,862034318280,Standard shipping,J&T Express,,a***ue93,H***,(+84)837****11,Việt Nam,Hà Nội,Phường Long Biên,****************,*******************************************,,Cash on delivery,1,Bath & Shower,1202353910275671601	,,Unchecked,,Videos,ha_thubay
584856972904925071	,Shipped,Delivered,,Normal,1734496577198523612	,1 BÁNH-XP,Xà Phòng Le Petit Marseillais Chính Hãng Bánh Xà Phòng Tắm Thiên Nhiên (Ngẫu nhiên)  1 Bánh,Mặc định,1,0,75000,75000,0,0,75000,0,26200,0,26200,,0,75000,,04/07/2026 21:00:41	,07/07/2026 11:12:04	,05/07/2026 08:38:49	,06/07/2026 09:35:08	,07/07/2026 11:12:04	,"	",,,Fulfillment by seller,Kho HCMC,862077698280,Standard shipping,J&T Express,,n***inh5007,M*** N***,(+84)097*****37,Việt Nam,Đồng Nai,Biên Hòa,********,****************************************************,,Cash on delivery,0.1,Bath & Shower,1202351217797203855	,,Unchecked,,Videos,onggiatichcuc79
584856019552863247	,Shipped,Completed,,Normal,1731317148230255836	,BONG TAM HQ,[Quà tặng không bán] Bông Tắm Tạo Bọt Mềm Mịn,Mặc định,1,0,0,0,0,0,0,0,29700,0,29700,,0,195000,,04/07/2026 20:14:33	,07/07/2026 16:12:15	,05/07/2026 08:38:49	,06/07/2026 10:25:25	,07/07/2026 16:12:15	,"	",,,Fulfillment by seller,Kho HN,862010708290,Standard shipping,J&T Express,,p***vl_2023,P*** t** T***,(+84)096*****18,Việt Nam,Quảng Ninh,Hạ Long,********,*****************,,Cash on delivery,0.5,"Loofahs, Sponges, & Poufs",1202347328781386767	,,Unchecked,,Videos,ahau.phuongthao
584856019552863247	,Shipped,Delivered,,Normal,1732250914985052380	,ST48441,"Sữa Tắm/Gel Tắm Pháp Le Petit Marseillais Thiên Nhiên 250ml - Sữa Tắm Lưu Hương Lành Tính - Dịu Nhẹ, An Toàn Cho Da","Quả Mâm Xôi & Hoa Mẫu Đơn, Standard",1,0,269000,269000,10000,64000,195000,0,29700,0,29700,,0,195000,,04/07/2026 20:14:33	,07/07/2026 16:12:15	,05/07/2026 08:38:49	,06/07/2026 10:25:25	,07/07/2026 16:12:15	,"	",,,Fulfillment by seller,Kho HN,862010708290,Standard shipping,J&T Express,,p***vl_2023,P*** t** T***,(+84)096*****18,Việt Nam,Quảng Ninh,Hạ Long,********,*****************,,Cash on delivery,0.5,Bath & Shower,1202347328781386767	,,Unchecked,,Videos,ahau.phuongthao
584855348228753375	,Shipped,Completed,,Normal,1731317148230255836	,BONG TAM HQ,[Quà tặng không bán] Bông Tắm Tạo Bọt Mềm Mịn,Mặc định,1,0,0,0,0,0,0,0,15800,0,15800,,0,168100,,04/07/2026 19:26:36	,04/07/2026 19:26:39	,05/07/2026 08:38:49	,06/07/2026 09:36:07	,07/07/2026 11:58:59	,"	",,,Fulfillment by seller,Kho HCMC,862085188190,Standard shipping,J&T Express,,t***t.top.1,T* n*** t** t**,(+84)077*****02,Việt Nam,Hồ Chí Minh,Phường An Khánh,***************,********************,***********,MoMo E-Wallet,0.5,"Loofahs, Sponges, & Poufs",1202343433469134815	,,Unchecked,,Product cards,
584855348228753375	,Shipped,Delivered,,Normal,1732251749141219548	,ST01172,"Sữa Tắm Pháp Le Petit Marseillais Cho Nam Chiết Xuất Thiên Nhiên 4in1 Nhiều Mùi Hương Dưỡng Ẩm, Thơm Lâu - Phù Hợp Mọi Loại Da (250ml)","Hương Gỗ Tuyết Tùng & Dương Xỉ, Standard",1,0,269000,269000,36900,64000,168100,0,15800,0,15800,,0,168100,,04/07/2026 19:26:36	,04/07/2026 19:26:39	,05/07/2026 08:38:49	,06/07/2026 09:36:07	,07/07/2026 11:58:59	,"	",,,Fulfillment by seller,Kho HCMC,862085188190,Standard shipping,J&T Express,,t***t.top.1,T* n*** t** t**,(+84)077*****02,Việt Nam,Hồ Chí Minh,Phường An Khánh,***************,********************,***********,MoMo E-Wallet,0.5,Bath & Shower,1202343433469134815	,,Unchecked,,Product cards,
584854447356151610	,Shipped,Completed,,Normal,1731317148230255836	,BONG TAM HQ,[Quà tặng không bán] Bông Tắm Tạo Bọt Mềm Mịn,Mặc định,1,0,0,0,0,0,0,0,48600,0,48600,,0,395000,,04/07/2026 18:33:48	,07/07/2026 14:18:44	,04/07/2026 19:08:02	,06/07/2026 10:25:26	,07/07/2026 14:18:44	,"	",,,Fulfillment by seller,Kho HN,862070866890,Standard shipping,J&T Express,,n***enhongthang88,N***** H*** T****,(+84)975****68,Việt Nam,Nghệ An,Phường Vinh Lộc,***************,*******************,*******,Cash on delivery,0.5,"Loofahs, Sponges, & Poufs",1202339071311054650	,,Unchecked,,Videos,ha_thubay
584854447356151610	,Shipped,Delivered,,Normal,1732250801268689116	,ST01902,"Sữa Tắm/Gel Tắm Pháp Le Petit Marseillais Chiết Xuất Thiên Nhiên 650ml - Sữa Tắm Lưu Hương Lành Tính - Dịu Nhẹ, An Toàn Cho Da","Thông & Bạch Đàn Biển, Standard",1,0,499000,499000,0,104000,395000,0,48600,0,48600,,0,395000,,04/07/2026 18:33:48	,07/07/2026 14:18:44	,04/07/2026 19:08:02	,06/07/2026 10:25:26	,07/07/2026 14:18:44	,"	",,,Fulfillment by seller,Kho HN,862070866890,Standard shipping,J&T Express,,n***enhongthang88,N***** H*** T****,(+84)975****68,Việt Nam,Nghệ An,Phường Vinh Lộc,***************,*******************,*******,Cash on delivery,1,Bath & Shower,1202339071311054650	,,Unchecked,,Videos,ha_thubay
584853831979665191	,Shipped,Delivered,,Normal,1732250801269147868	,ST06999,"Sữa Tắm/Gel Tắm Pháp Le Petit Marseillais Chiết Xuất Thiên Nhiên 650ml - Sữa Tắm Lưu Hương Lành Tính - Dịu Nhẹ, An Toàn Cho Da","Dừa, Standard",1,0,499000,499000,60000,104000,335000,0,17100,0,17100,,0,335000,,04/07/2026 17:55:52	,07/07/2026 11:16:21	,04/07/2026 19:08:02	,06/07/2026 10:25:25	,07/07/2026 11:16:21	,"	",,,Fulfillment by seller,Kho HN,862018456890,Standard shipping,J&T Express,,m***ngan,C**** N***,(+84)979****86,Việt Nam,Hà Nội,Phường Nghĩa Đô,***************,************************,,Cash on delivery,1,Bath & Shower,1202335994948781863	,,Unchecked,,LIVE,lepetitmarseillaisvn
584853831979665191	,Shipped,Completed,,Normal,1731317148230255836	,BONG TAM HQ,[Quà tặng không bán] Bông Tắm Tạo Bọt Mềm Mịn,Mặc định,1,0,0,0,0,0,0,0,17100,0,17100,,0,335000,,04/07/2026 17:55:52	,07/07/2026 11:16:21	,04/07/2026 19:08:02	,06/07/2026 10:25:25	,07/07/2026 11:16:21	,"	",,,Fulfillment by seller,Kho HN,862018456890,Standard shipping,J&T Express,,m***ngan,C**** N***,(+84)979****86,Việt Nam,Hà Nội,Phường Nghĩa Đô,***************,************************,,Cash on delivery,0.5,"Loofahs, Sponges, & Poufs",1202335994948781863	,,Unchecked,,LIVE,lepetitmarseillaisvn
584853808526362201	,Shipped,Completed,,Normal,1731317148230255836	,BONG TAM HQ,[Quà tặng không bán] Bông Tắm Tạo Bọt Mềm Mịn,Mặc định,1,0,0,0,0,0,0,0,47600,0,47600,,0,184500,,04/07/2026 17:49:53	,04/07/2026 17:50:09	,04/07/2026 19:08:02	,06/07/2026 09:35:07	,07/07/2026 13:58:00	,"	",,,Fulfillment by seller,Kho HCMC,862037956890,Standard shipping,J&T Express,,c***longv,L* T**** H**,(+84)035*****98,Việt Nam,Khánh Hòa,Xã Suối Dầu,***********,********************************************,,Domestic ATM card,0.5,"Loofahs, Sponges, & Poufs",1202334663519012441	,,Unchecked,,Product cards,
584853808526362201	,Shipped,Delivered,,Normal,1732251749141219548	,ST01172,"Sữa Tắm Pháp Le Petit Marseillais Cho Nam Chiết Xuất Thiên Nhiên 4in1 Nhiều Mùi Hương Dưỡng Ẩm, Thơm Lâu - Phù Hợp Mọi Loại Da (250ml)","Hương Gỗ Tuyết Tùng & Dương Xỉ, Standard",1,0,269000,269000,20500,64000,184500,0,47600,0,47600,,0,184500,,04/07/2026 17:49:53	,04/07/2026 17:50:09	,04/07/2026 19:08:02	,06/07/2026 09:35:07	,07/07/2026 13:58:00	,"	",,,Fulfillment by seller,Kho HCMC,862037956890,Standard shipping,J&T Express,,c***longv,L* T**** H**,(+84)035*****98,Việt Nam,Khánh Hòa,Xã Suối Dầu,***********,********************************************,,Domestic ATM card,0.5,Bath & Shower,1202334663519012441	,,Unchecked,,Product cards,
584853485222856181	,Shipped,Delivered,,Normal,1732251905364035804	,ST53362,Sữa tắm Thiên Nhiên Pháp Le Petit Marseillais Nhiều Mùi Hương Dịu Nhẹ Cho Da Nhạy Cảm 400ml - Phù Hợp Mọi Loại Da,"Dầu Hạnh Nhân, Standard",1,0,439000,439000,53131,109000,276869,0,42600,0,42600,,0,594010,,04/07/2026 17:30:47	,09/07/2026 11:44:34	,04/07/2026 19:08:02	,06/07/2026 10:25:25	,09/07/2026 11:44:34	,"	",,,Fulfillment by seller,Kho HN,862050866890,Standard shipping,J&T Express,,n***xcvi,Q**** N***,(+84)965****40,Vietnam,Ho Chi Minh,Tan Hung Ward,*************,*************************************************,,Cash on delivery,0.9,Bath & Shower,1202333091796583925	,,Unchecked,,LIVE,lepetitmarseillaisvn
584853485222856181	,Shipped,Delivered,,Normal,1736013429862991068	,ST48441+ST99622,Combo 2 Sữa Tắm Nữ Pháp Le Petit Marseillais 250ml - Thiên Nhiên Dịu Nhẹ,"Quả Mâm Xôi Hữu Cơ & Hoa Mẫu Đơn, Xoài Hữu Cơ & Chanh Dây",1,0,538000,538000,60859,160000,317141,0,42600,0,42600,,0,594010,,04/07/2026 17:30:47	,09/07/2026 11:44:34	,04/07/2026 19:08:02	,06/07/2026 10:25:25	,09/07/2026 11:44:34	,"	",,,Fulfillment by seller,Kho HN,862050866890,Standard shipping,J&T Express,,n***xcvi,Q**** N***,(+84)965****40,Vietnam,Ho Chi Minh,Tan Hung Ward,*************,*************************************************,,Cash on delivery,0.6,Bath & Shower,1202333091796583925	,,Unchecked,,Product cards,
584853352916158195	,Shipped,Completed,,Normal,1731317148230255836	,BONG TAM HQ,[Quà tặng không bán] Bông Tắm Tạo Bọt Mềm Mịn,Mặc định,1,0,0,0,0,0,0,0,43500,0,43500,,0,719647,,04/07/2026 17:20:28	,07/07/2026 12:33:17	,04/07/2026 17:21:53	,06/07/2026 09:35:07	,07/07/2026 12:33:17	,"	",,,Fulfillment by seller,Kho HCMC,862006456600,Standard shipping,J&T Express,,g***phom5,M** S***,(+84)339****21,Việt Nam,Tây Ninh,Phường Long Hoa,***************,*******************************,,Cash on delivery,0.5,"Loofahs, Sponges, & Poufs",1202332273034692339	,,Unchecked,,Product cards,
584853352916158195	,Shipped,Delivered,,Normal,1735774228533773532	,ST01288,Sữa Tắm Le Petit Marseillais Đào Trắng Hữu Cơ Và Xuân Đào Hữu Cơ 92% Tự Nhiên 650ml,Mặc định,1,0,499000,499000,193,105000,393807,0,43500,0,43500,,0,719647,,04/07/2026 17:20:28	,07/07/2026 12:33:17	,04/07/2026 17:21:53	,06/07/2026 09:35:07	,07/07/2026 12:33:17	,"	",,,Fulfillment by seller,Kho HCMC,862006456600,Standard shipping,J&T Express,,g***phom5,M** S***,(+84)339****21,Việt Nam,Tây Ninh,Phường Long Hoa,***************,*******************************,,Cash on delivery,0.75,Bath & Shower,1202332273034692339	,,Unchecked,,Product cards,
584853352916158195	,Shipped,Delivered,,Normal,1735775516457993436	,DG90435,Dầu Gội Trẻ Em Le Petit Marseillais 2in1 Giúp Gỡ Rối Tóc Chiết Xuất Quả Đào & Quả Mơ 300ml,Mặc định,1,0,369000,369000,160,43000,325840,0,43500,0,43500,,0,719647,,04/07/2026 17:20:28	,07/07/2026 12:33:17	,04/07/2026 17:21:53	,06/07/2026 09:35:07	,07/07/2026 12:33:17	,"	",,,Fulfillment by seller,Kho HCMC,862006456600,Standard shipping,J&T Express,,g***phom5,M** S***,(+84)339****21,Việt Nam,Tây Ninh,Phường Long Hoa,***************,*******************************,,Cash on delivery,0.45,Shampoo & Conditioner,1202332273034692339	,,Unchecked,,Product cards,
584853159853393591	,Shipped,Completed,,Normal,1731317148230255836	,BONG TAM HQ,[Quà tặng không bán] Bông Tắm Tạo Bọt Mềm Mịn,Mặc định,1,0,0,0,0,0,0,0,15800,0,15800,,0,176300,,04/07/2026 17:04:26	,04/07/2026 17:04:29	,04/07/2026 17:21:53	,06/07/2026 09:35:54	,07/07/2026 09:56:33	,"	",,,Fulfillment by seller,Kho HCMC,862091046690,Standard shipping,J&T Express,,m***tuongnguyen83,N***** M*** T****,(+84)094*****44,Việt Nam,Bình Dương,Thủ Dầu Một,*******,********************,************************************************************************************************,MoMo E-Wallet,0.5,"Loofahs, Sponges, & Poufs",1202330627962406583	,,Unchecked,,LIVE,lepetitmarseillaisvn
584853159853393591	,Shipped,Delivered,,Normal,1732250914985380060	,ST01240,"Sữa Tắm/Gel Tắm Pháp Le Petit Marseillais Thiên Nhiên 250ml - Sữa Tắm Lưu Hương Lành Tính - Dịu Nhẹ, An Toàn Cho Da","Đào Trắng & Quả Xuân Đào, Standard",1,0,269000,269000,28700,64000,176300,0,15800,0,15800,,0,176300,,04/07/2026 17:04:26	,04/07/2026 17:04:29	,04/07/2026 17:21:53	,06/07/2026 09:35:54	,07/07/2026 09:56:33	,"	",,,Fulfillment by seller,Kho HCMC,862091046690,Standard shipping,J&T Express,,m***tuongnguyen83,N***** M*** T****,(+84)094*****44,Việt Nam,Bình Dương,Thủ Dầu Một,*******,********************,************************************************************************************************,MoMo E-Wallet,0.5,Bath & Shower,1202330627962406583	,,Unchecked,,LIVE,lepetitmarseillaisvn
584853142667233076	,Shipped,Completed,,Normal,1731317148230255836	,BONG TAM HQ,[Quà tặng không bán] Bông Tắm Tạo Bọt Mềm Mịn,Mặc định,1,0,0,0,0,0,0,0,20900,0,20900,,0,180400,,04/07/2026 17:02:29	,07/07/2026 18:37:53	,04/07/2026 17:21:53	,06/07/2026 09:35:07	,07/07/2026 18:37:53	,"	",,,Fulfillment by seller,Kho HCMC,862001256610,Standard shipping,J&T Express,,v***an1006,v*********,(+84)868****57,Việt Nam,Hồ Chí Minh,Nhà Bè,**********,**********************************,,Cash on delivery,0.5,"Loofahs, Sponges, & Poufs",1202330100139788084	,,Unchecked,,Product cards,
584853142667233076	,Shipped,Delivered,,Normal,1733398851758556380	,ST01172,Sữa Tắm Nam 4 in 1  Thiên Nhiên Le Petit Marseillais Chiết Xuất Gỗ Tuyết Tùng & Dương Xỉ 250ml 1172,Mặc định,1,0,269000,269000,24600,64000,180400,0,20900,0,20900,,0,180400,,04/07/2026 17:02:29	,07/07/2026 18:37:53	,04/07/2026 17:21:53	,06/07/2026 09:35:07	,07/07/2026 18:37:53	,"	",,,Fulfillment by seller,Kho HCMC,862001256610,Standard shipping,J&T Express,,v***an1006,v*********,(+84)868****57,Việt Nam,Hồ Chí Minh,Nhà Bè,**********,**********************************,,Cash on delivery,0.4,Bath & Body Care,1202330100139788084	,,Unchecked,,Product cards,
584853129297037239	,Canceled,Canceled,Cancel,Normal,1732251749141022940	,ST01431,"Sữa Tắm Pháp Le Petit Marseillais Cho Nam Chiết Xuất Thiên Nhiên 4in1 Nhiều Mùi Hương Dưỡng Ẩm, Thơm Lâu - Phù Hợp Mọi Loại Da (250ml)","Hương Cam & Tinh Dầu Argan, Standard",1,1,269000,269000,22550,64000,182450,0,29700,0,29700,,0,182450,182450,04/07/2026 17:01:19	,"	",04/07/2026 17:21:53	,"	","	",04/07/2026 20:23:45	,User,No longer needed,Fulfillment by seller,Kho HCMC,862021256610,Standard shipping,J&T Express,,h***wdaynay,h****,(+84)948****84,Việt Nam,Kiên Giang,Rạch Giá,********,*******************,,Cash on delivery,0.5,Bath & Shower,1202330245080582071	,,Unchecked,,Videos,man.trung.737
584853129297037239	,Canceled,Canceled,Cancel,Normal,1731317148230255836	,BONG TAM HQ,[Quà tặng không bán] Bông Tắm Tạo Bọt Mềm Mịn,Mặc định,1,1,0,0,0,0,0,0,29700,0,29700,,0,182450,0,04/07/2026 17:01:19	,"	",04/07/2026 17:21:53	,"	","	",04/07/2026 20:23:45	,User,No longer needed,Fulfillment by seller,Kho HCMC,862021256610,Standard shipping,J&T Express,,h***wdaynay,h****,(+84)948****84,Việt Nam,Kiên Giang,Rạch Giá,********,*******************,,Cash on delivery,0.5,"Loofahs, Sponges, & Poufs",1202330245080582071	,,Unchecked,,Videos,man.trung.737
584853115705591777	,Shipped,Completed,,Normal,1731317148230255836	,BONG TAM HQ,[Quà tặng không bán] Bông Tắm Tạo Bọt Mềm Mịn,Mặc định,1,0,0,0,0,0,0,0,35100,0,35100,,0,205000,,04/07/2026 17:00:29	,07/07/2026 20:57:40	,04/07/2026 17:21:53	,06/07/2026 09:35:07	,07/07/2026 20:57:40	,"	",,,Fulfillment by seller,Kho HCMC,862051626690,Standard shipping,J&T Express,,.***thanhk2,t**** h**,(+84)333****42,Việt Nam,Tinh Dong Nai,Định Quán,******,************************************,,Cash on delivery,0.5,"Loofahs, Sponges, & Poufs",1202329501546547169	,,Unchecked,,Videos,vanmeoriviu
584853115705591777	,Shipped,Delivered,,Normal,1732251749141219548	,ST01172,"Sữa Tắm Pháp Le Petit Marseillais Cho Nam Chiết Xuất Thiên Nhiên 4in1 Nhiều Mùi Hương Dưỡng Ẩm, Thơm Lâu - Phù Hợp Mọi Loại Da (250ml)","Hương Gỗ Tuyết Tùng & Dương Xỉ, Standard",1,0,269000,269000,0,64000,205000,0,35100,0,35100,,0,205000,,04/07/2026 17:00:29	,07/07/2026 20:57:40	,04/07/2026 17:21:53	,06/07/2026 09:35:07	,07/07/2026 20:57:40	,"	",,,Fulfillment by seller,Kho HCMC,862051626690,Standard shipping,J&T Express,,.***thanhk2,t**** h**,(+84)333****42,Việt Nam,Tinh Dong Nai,Định Quán,******,************************************,,Cash on delivery,0.5,Bath & Shower,1202329501546547169	,,Unchecked,,Videos,vanmeoriviu
584853103406385013	,Shipped,Completed,,Normal,1731317148230255836	,BONG TAM HQ,[Quà tặng không bán] Bông Tắm Tạo Bọt Mềm Mịn,Mặc định,1,0,0,0,0,0,0,0,15800,0,15800,,0,176300,,04/07/2026 17:00:22	,07/07/2026 20:05:22	,04/07/2026 17:21:53	,06/07/2026 09:35:07	,07/07/2026 20:05:22	,"	",,,Fulfillment by seller,Kho HCMC,862063136600,Standard shipping,J&T Express,,m***nnienhoa,H* T****,(+84)093*****40,Việt Nam,Hồ Chí Minh,Phường Đức Nhuận,****************,*****************,,Cash on delivery,0.5,"Loofahs, Sponges, & Poufs",1202330230622619509	,,Unchecked,,LIVE,lepetitmarseillaisvn
584853103406385013	,Shipped,Delivered,,Normal,1732251749141154012	,ST01356,"Sữa Tắm Pháp Le Petit Marseillais Cho Nam Chiết Xuất Thiên Nhiên 4in1 Nhiều Mùi Hương Dưỡng Ẩm, Thơm Lâu - Phù Hợp Mọi Loại Da (250ml)","Hương Thông & Bạch Đàn Biển, Standard",1,0,269000,269000,28700,64000,176300,0,15800,0,15800,,0,176300,,04/07/2026 17:00:22	,07/07/2026 20:05:22	,04/07/2026 17:21:53	,06/07/2026 09:35:07	,07/07/2026 20:05:22	,"	",,,Fulfillment by seller,Kho HCMC,862063136600,Standard shipping,J&T Express,,m***nnienhoa,H* T****,(+84)093*****40,Việt Nam,Hồ Chí Minh,Phường Đức Nhuận,****************,*****************,,Cash on delivery,0.5,Bath & Shower,1202330230622619509	,,Unchecked,,LIVE,lepetitmarseillaisvn
584853006390494841	,Shipped,Completed,,Normal,1731317148230255836	,BONG TAM HQ,[Quà tặng không bán] Bông Tắm Tạo Bọt Mềm Mịn,Mặc định,1,0,0,0,0,0,0,0,39400,0,39400,,0,335000,,04/07/2026 16:52:59	,07/07/2026 15:44:43	,04/07/2026 17:21:53	,06/07/2026 09:35:53	,07/07/2026 15:44:43	,"	",,,Fulfillment by seller,Kho HCMC,862003616600,Standard shipping,J&T Express,,d***an330,T*** H**** T***,(+84)097*****65,Việt Nam,Tiền Giang,Gò Công,********,***************************************,,Cash on delivery,0.5,"Loofahs, Sponges, & Poufs",1202329789127231097	,,Unchecked,,LIVE,lepetitmarseillaisvn
584853006390494841	,Shipped,Delivered,,Normal,1732250801269082332	,ST00557,"Sữa Tắm/Gel Tắm Pháp Le Petit Marseillais Chiết Xuất Thiên Nhiên 650ml - Sữa Tắm Lưu Hương Lành Tính - Dịu Nhẹ, An Toàn Cho Da","Vani, Standard",1,0,499000,499000,60000,104000,335000,0,39400,0,39400,,0,335000,,04/07/2026 16:52:59	,07/07/2026 15:44:43	,04/07/2026 17:21:53	,06/07/2026 09:35:53	,07/07/2026 15:44:43	,"	",,,Fulfillment by seller,Kho HCMC,862003616600,Standard shipping,J&T Express,,d***an330,T*** H**** T***,(+84)097*****65,Việt Nam,Tiền Giang,Gò Công,********,***************************************,,Cash on delivery,1,Bath & Shower,1202329789127231097	,,Unchecked,,LIVE,lepetitmarseillaisvn
584852710835193520	,Shipped,Completed,,Normal,1731317148230255836	,BONG TAM HQ,[Quà tặng không bán] Bông Tắm Tạo Bọt Mềm Mịn,Mặc định,1,0,0,0,0,0,0,0,29700,0,29700,,0,205000,,04/07/2026 16:29:44	,07/07/2026 15:41:05	,04/07/2026 16:46:48	,06/07/2026 10:25:25	,07/07/2026 15:41:05	,"	",,,Fulfillment by seller,Kho HN,862094186570,Standard shipping,J&T Express,,c***141,Đ**,(+84)096*****98,Việt Nam,Quảng Ninh,Phường Bãi Cháy,***************,****************************************,,Cash on delivery,0.5,"Loofahs, Sponges, & Poufs",1202326821145708208	,,Unchecked,,Videos,duongmanhkien19
584852710835193520	,Shipped,Delivered,,Normal,1732251749141219548	,ST01172,"Sữa Tắm Pháp Le Petit Marseillais Cho Nam Chiết Xuất Thiên Nhiên 4in1 Nhiều Mùi Hương Dưỡng Ẩm, Thơm Lâu - Phù Hợp Mọi Loại Da (250ml)","Hương Gỗ Tuyết Tùng & Dương Xỉ, Standard",1,0,269000,269000,0,64000,205000,0,29700,0,29700,,0,205000,,04/07/2026 16:29:44	,07/07/2026 15:41:05	,04/07/2026 16:46:48	,06/07/2026 10:25:25	,07/07/2026 15:41:05	,"	",,,Fulfillment by seller,Kho HN,862094186570,Standard shipping,J&T Express,,c***141,Đ**,(+84)096*****98,Việt Nam,Quảng Ninh,Phường Bãi Cháy,***************,****************************************,,Cash on delivery,0.5,Bath & Shower,1202326821145708208	,,Unchecked,,Videos,duongmanhkien19
584852095645156909	,Shipped,Completed,,Normal,1731317148230255836	,BONG TAM HQ,[Quà tặng không bán] Bông Tắm Tạo Bọt Mềm Mịn,Mặc định,1,0,0,0,0,0,0,0,15800,0,15800,,0,176300,,04/07/2026 15:50:04	,07/07/2026 13:46:54	,04/07/2026 16:46:55	,06/07/2026 09:35:07	,07/07/2026 13:46:54	,"	",,,Fulfillment by seller,Kho HCMC,862051116570,Standard shipping,J&T Express,,t***trung339,T***,(+84)091*****94,Việt Nam,Bà Rịa - Vũng Tàu,Vũng Tàu,********,**************************,,Cash on delivery,0.5,"Loofahs, Sponges, & Poufs",1202322274883765805	,,Unchecked,,Videos,thichthomthor
584852095645156909	,Shipped,Delivered,,Normal,1732251749141022940	,ST01431,"Sữa Tắm Pháp Le Petit Marseillais Cho Nam Chiết Xuất Thiên Nhiên 4in1 Nhiều Mùi Hương Dưỡng Ẩm, Thơm Lâu - Phù Hợp Mọi Loại Da (250ml)","Hương Cam & Tinh Dầu Argan, Standard",1,0,269000,269000,28700,64000,176300,0,15800,0,15800,,0,176300,,04/07/2026 15:50:04	,07/07/2026 13:46:54	,04/07/2026 16:46:55	,06/07/2026 09:35:07	,07/07/2026 13:46:54	,"	",,,Fulfillment by seller,Kho HCMC,862051116570,Standard shipping,J&T Express,,t***trung339,T***,(+84)091*****94,Việt Nam,Bà Rịa - Vũng Tàu,Vũng Tàu,********,**************************,,Cash on delivery,0.5,Bath & Shower,1202322274883765805	,,Unchecked,,Videos,thichthomthor
584852046435222636	,Shipped,Completed,,Normal,1731317148230255836	,BONG TAM HQ,[Quà tặng không bán] Bông Tắm Tạo Bọt Mềm Mịn,Mặc định,1,0,0,0,0,0,0,0,15800,0,15800,,0,170150,,04/07/2026 15:44:38	,07/07/2026 09:46:19	,04/07/2026 16:47:01	,06/07/2026 09:35:54	,07/07/2026 09:46:19	,"	",,,Fulfillment by seller,Kho HCMC,862061626490,Standard shipping,J&T Express,,u***67757099396701,T**** L*,(+84)945****27,Vietnam,Ho Chi Minh,Duc Nhuan Ward,**************,**********************,*************************,Cash on delivery,0.5,"Loofahs, Sponges, & Poufs",1202322015165187180	,,Unchecked,,Product cards,
584852046435222636	,Shipped,Delivered,,Normal,1732250914985052380	,ST48441,"Sữa Tắm/Gel Tắm Pháp Le Petit Marseillais Thiên Nhiên 250ml - Sữa Tắm Lưu Hương Lành Tính - Dịu Nhẹ, An Toàn Cho Da","Quả Mâm Xôi & Hoa Mẫu Đơn, Standard",1,0,269000,269000,34850,64000,170150,0,15800,0,15800,,0,170150,,04/07/2026 15:44:38	,07/07/2026 09:46:19	,04/07/2026 16:47:01	,06/07/2026 09:35:54	,07/07/2026 09:46:19	,"	",,,Fulfillment by seller,Kho HCMC,862061626490,Standard shipping,J&T Express,,u***67757099396701,T**** L*,(+84)945****27,Vietnam,Ho Chi Minh,Duc Nhuan Ward,**************,**********************,*************************,Cash on delivery,0.5,Bath & Shower,1202322015165187180	,,Unchecked,,Product cards,
584851002272089301	,Shipped,Completed,,Normal,1731317148230255836	,BONG TAM HQ,[Quà tặng không bán] Bông Tắm Tạo Bọt Mềm Mịn,Mặc định,1,0,0,0,0,0,0,0,47600,0,47600,,0,205000,,04/07/2026 14:31:22	,06/07/2026 16:26:13	,04/07/2026 14:59:07	,04/07/2026 15:35:09	,06/07/2026 16:26:13	,"	",,,Fulfillment by seller,Kho HCMC,862085545930,Standard shipping,J&T Express,,d***btruck3979,D** N*****,(+84)094*****79,Việt Nam,Quảng Ngãi,Đức Phổ,*************,*******************************************************,,Cash on delivery,0.5,"Loofahs, Sponges, & Poufs",1202311388029682901	,,Unchecked,,Videos,man.trung.737
584851002272089301	,Shipped,Delivered,,Normal,1732251749141022940	,ST01431,"Sữa Tắm Pháp Le Petit Marseillais Cho Nam Chiết Xuất Thiên Nhiên 4in1 Nhiều Mùi Hương Dưỡng Ẩm, Thơm Lâu - Phù Hợp Mọi Loại Da (250ml)","Hương Cam & Tinh Dầu Argan, Standard",1,0,269000,269000,0,64000,205000,0,47600,0,47600,,0,205000,,04/07/2026 14:31:22	,06/07/2026 16:26:13	,04/07/2026 14:59:07	,04/07/2026 15:35:09	,06/07/2026 16:26:13	,"	",,,Fulfillment by seller,Kho HCMC,862085545930,Standard shipping,J&T Express,,d***btruck3979,D** N*****,(+84)094*****79,Việt Nam,Quảng Ngãi,Đức Phổ,*************,*******************************************************,,Cash on delivery,0.5,Bath & Shower,1202311388029682901	,,Unchecked,,Videos,man.trung.737
584849980472526193	,Shipped,Completed,,Normal,1731317148230255836	,BONG TAM HQ,[Quà tặng không bán] Bông Tắm Tạo Bọt Mềm Mịn,Mặc định,1,0,0,0,0,0,0,0,29700,0,29700,,0,205000,,04/07/2026 13:24:38	,05/07/2026 19:42:56	,04/07/2026 13:40:21	,04/07/2026 16:08:29	,05/07/2026 19:42:56	,"	",,,Fulfillment by seller,Kho HN,862018875340,Standard shipping,J&T Express,,l***haviet,h* v*** l***,(+84)093*****66,Việt Nam,Phú Thọ,Phường Phúc Yên,***************,******************,************************,Cash on delivery,0.5,"Loofahs, Sponges, & Poufs",1202303131939145073	,,Unchecked,,Videos,duongmanhkien19
584849980472526193	,Shipped,Delivered,,Normal,1732251749141219548	,ST01172,"Sữa Tắm Pháp Le Petit Marseillais Cho Nam Chiết Xuất Thiên Nhiên 4in1 Nhiều Mùi Hương Dưỡng Ẩm, Thơm Lâu - Phù Hợp Mọi Loại Da (250ml)","Hương Gỗ Tuyết Tùng & Dương Xỉ, Standard",1,0,269000,269000,0,64000,205000,0,29700,0,29700,,0,205000,,04/07/2026 13:24:38	,05/07/2026 19:42:56	,04/07/2026 13:40:21	,04/07/2026 16:08:29	,05/07/2026 19:42:56	,"	",,,Fulfillment by seller,Kho HN,862018875340,Standard shipping,J&T Express,,l***haviet,h* v*** l***,(+84)093*****66,Việt Nam,Phú Thọ,Phường Phúc Yên,***************,******************,************************,Cash on delivery,0.5,Bath & Shower,1202303131939145073	,,Unchecked,,Videos,duongmanhkien19
584849654717187741	,Shipped,Completed,,Normal,1731317148230255836	,BONG TAM HQ,[Quà tặng không bán] Bông Tắm Tạo Bọt Mềm Mịn,Mặc định,1,0,0,0,0,0,0,0,15800,0,15800,,0,205000,,04/07/2026 13:01:53	,05/07/2026 23:19:03	,04/07/2026 13:19:16	,04/07/2026 15:34:35	,05/07/2026 23:19:03	,"	",,,Fulfillment by seller,Kho HCMC,862014125180,Standard shipping,J&T Express,,d***gia_phat,D**** đ**,(+84)969****13,Việt Nam,Thành phố Hồ Chí Minh,Quận 7,********,*************************************************,,Cash on delivery,0.5,"Loofahs, Sponges, & Poufs",1202299968234882717	,,Unchecked,,Videos,duongmanhkien19
584849654717187741	,Shipped,Delivered,,Normal,1732251749141219548	,ST01172,"Sữa Tắm Pháp Le Petit Marseillais Cho Nam Chiết Xuất Thiên Nhiên 4in1 Nhiều Mùi Hương Dưỡng Ẩm, Thơm Lâu - Phù Hợp Mọi Loại Da (250ml)","Hương Gỗ Tuyết Tùng & Dương Xỉ, Standard",1,0,269000,269000,0,64000,205000,0,15800,0,15800,,0,205000,,04/07/2026 13:01:53	,05/07/2026 23:19:03	,04/07/2026 13:19:16	,04/07/2026 15:34:35	,05/07/2026 23:19:03	,"	",,,Fulfillment by seller,Kho HCMC,862014125180,Standard shipping,J&T Express,,d***gia_phat,D**** đ**,(+84)969****13,Việt Nam,Thành phố Hồ Chí Minh,Quận 7,********,*************************************************,,Cash on delivery,0.5,Bath & Shower,1202299968234882717	,,Unchecked,,Videos,duongmanhkien19
584849521271080560	,Shipped,Completed,,Normal,1731317148230255836	,BONG TAM HQ,[Quà tặng không bán] Bông Tắm Tạo Bọt Mềm Mịn,Mặc định,1,0,0,0,0,0,0,0,24800,0,24800,,0,205000,,04/07/2026 12:47:57	,05/07/2026 19:08:41	,04/07/2026 13:19:16	,04/07/2026 16:08:28	,05/07/2026 19:08:41	,"	",,,Fulfillment by seller,Kho HN,862090055180,Standard shipping,J&T Express,,n***3003,A** s* ,(+84)088*****99,Việt Nam,Tinh Thanh Hoa,Thanh Hoá,********,***********,,Cash on delivery,0.5,"Loofahs, Sponges, & Poufs",1202297938422957680	,,Unchecked,,Videos,thonbeocute
584849521271080560	,Shipped,Delivered,,Normal,1732251749141219548	,ST01172,"Sữa Tắm Pháp Le Petit Marseillais Cho Nam Chiết Xuất Thiên Nhiên 4in1 Nhiều Mùi Hương Dưỡng Ẩm, Thơm Lâu - Phù Hợp Mọi Loại Da (250ml)","Hương Gỗ Tuyết Tùng & Dương Xỉ, Standard",1,0,269000,269000,0,64000,205000,0,24800,0,24800,,0,205000,,04/07/2026 12:47:57	,05/07/2026 19:08:41	,04/07/2026 13:19:16	,04/07/2026 16:08:28	,05/07/2026 19:08:41	,"	",,,Fulfillment by seller,Kho HN,862090055180,Standard shipping,J&T Express,,n***3003,A** s* ,(+84)088*****99,Việt Nam,Tinh Thanh Hoa,Thanh Hoá,********,***********,,Cash on delivery,0.5,Bath & Shower,1202297938422957680	,,Unchecked,,Videos,thonbeocute
584849344755107271	,Shipped,Completed,,Normal,1731317148230255836	,BONG TAM HQ,[Quà tặng không bán] Bông Tắm Tạo Bọt Mềm Mịn,Mặc định,1,0,0,0,0,0,0,0,29700,0,29700,,0,144000,,04/07/2026 12:44:06	,05/07/2026 12:14:00	,04/07/2026 13:19:16	,04/07/2026 15:34:35	,05/07/2026 12:14:00	,"	",,,Fulfillment by seller,Kho HCMC,862056135170,Standard shipping,J&T Express,,m***uyenhung295,N***** H** h***,(+84)033*****00,Việt Nam,Tinh Dong Nai,Biên Hòa,*********,****************,***************************************,Cash on delivery,0.5,"Loofahs, Sponges, & Poufs",1202296867935978951	,,Unchecked,,Videos,ben140804
584849344755107271	,Shipped,Delivered,,Normal,1732251749141219548	,ST01172,"Sữa Tắm Pháp Le Petit Marseillais Cho Nam Chiết Xuất Thiên Nhiên 4in1 Nhiều Mùi Hương Dưỡng Ẩm, Thơm Lâu - Phù Hợp Mọi Loại Da (250ml)","Hương Gỗ Tuyết Tùng & Dương Xỉ, Standard",1,0,269000,269000,45000,80000,144000,0,29700,0,29700,,0,144000,,04/07/2026 12:44:06	,05/07/2026 12:14:00	,04/07/2026 13:19:16	,04/07/2026 15:34:35	,05/07/2026 12:14:00	,"	",,,Fulfillment by seller,Kho HCMC,862056135170,Standard shipping,J&T Express,,m***uyenhung295,N***** H** h***,(+84)033*****00,Việt Nam,Tinh Dong Nai,Biên Hòa,*********,****************,***************************************,Cash on delivery,0.5,Bath & Shower,1202296867935978951	,,Unchecked,,Videos,ben140804
584849021324396345	,Shipped,Completed,,Normal,1731317148230255836	,BONG TAM HQ,[Quà tặng không bán] Bông Tắm Tạo Bọt Mềm Mịn,Mặc định,1,0,0,0,0,0,0,0,20900,0,20900,,0,205000,,04/07/2026 12:26:12	,05/07/2026 10:14:28	,04/07/2026 13:19:16	,04/07/2026 16:08:28	,05/07/2026 10:14:28	,"	",,,Fulfillment by seller,Kho HN,862086755070,Standard shipping,J&T Express,,t***nguyen9746,T***,(+84)098*****77,Việt Nam,Hà Nội,Thanh Trì,********,**********************,*********,Cash on delivery,0.5,"Loofahs, Sponges, & Poufs",1202294315064067897	,,Unchecked,,Videos,duongmanhkien19
584849021324396345	,Shipped,Delivered,,Normal,1732251749141022940	,ST01431,"Sữa Tắm Pháp Le Petit Marseillais Cho Nam Chiết Xuất Thiên Nhiên 4in1 Nhiều Mùi Hương Dưỡng Ẩm, Thơm Lâu - Phù Hợp Mọi Loại Da (250ml)","Hương Cam & Tinh Dầu Argan, Standard",1,0,269000,269000,0,64000,205000,0,20900,0,20900,,0,205000,,04/07/2026 12:26:12	,05/07/2026 10:14:28	,04/07/2026 13:19:16	,04/07/2026 16:08:28	,05/07/2026 10:14:28	,"	",,,Fulfillment by seller,Kho HN,862086755070,Standard shipping,J&T Express,,t***nguyen9746,T***,(+84)098*****77,Việt Nam,Hà Nội,Thanh Trì,********,**********************,*********,Cash on delivery,0.5,Bath & Shower,1202294315064067897	,,Unchecked,,Videos,duongmanhkien19
584848769167361784	,Canceled,Canceled,Cancel,Normal,1732250801268689116	,ST01902,"Sữa Tắm/Gel Tắm Pháp Le Petit Marseillais Chiết Xuất Thiên Nhiên 650ml - Sữa Tắm Lưu Hương Lành Tính - Dịu Nhẹ, An Toàn Cho Da","Thông & Bạch Đàn Biển, Standard",2,2,499000,998000,110600,208000,679400,0,47600,0,47600,,0,679400,679400,04/07/2026 12:10:39	,"	",04/07/2026 13:19:16	,04/07/2026 15:34:35	,"	",10/07/2026 09:49:13	,System,Package delivery failed,Fulfillment by seller,Kho HCMC,862071625180,Standard shipping,J&T Express,,b***beo.971,T** S****,(+84)826****77,Việt Nam,Đồng Tháp,Xã Mỹ Thiện,***********,********,,Cash on delivery,2,Bath & Shower,1202292722697275128	,,Unchecked,,Videos,daubeo6688
584848769167361784	,Canceled,Canceled,Cancel,Normal,1731317148230255836	,BONG TAM HQ,[Quà tặng không bán] Bông Tắm Tạo Bọt Mềm Mịn,Mặc định,1,1,0,0,0,0,0,0,47600,0,47600,,0,679400,0,04/07/2026 12:10:39	,"	",04/07/2026 13:19:16	,04/07/2026 15:34:35	,"	",10/07/2026 09:49:13	,System,Package delivery failed,Fulfillment by seller,Kho HCMC,862071625180,Standard shipping,J&T Express,,b***beo.971,T** S****,(+84)826****77,Việt Nam,Đồng Tháp,Xã Mỹ Thiện,***********,********,,Cash on delivery,0.5,"Loofahs, Sponges, & Poufs",1202292722697275128	,,Unchecked,,Videos,daubeo6688
584847925219133376	,Shipped,Delivered,,Normal,1734496577198523612	,1 BÁNH-XP,Xà Phòng Le Petit Marseillais Chính Hãng Bánh Xà Phòng Tắm Thiên Nhiên (Ngẫu nhiên)  1 Bánh,Mặc định,4,0,75000,300000,0,0,300000,0,30300,0,30300,,0,300000,,04/07/2026 11:17:57	,06/07/2026 18:43:53	,04/07/2026 13:19:16	,05/07/2026 12:36:20	,06/07/2026 18:43:53	,"	",,,Fulfillment by seller,Kho HN,862093795170,Standard shipping,J&T Express,,v***.tran7823,T*** T** V***,(+84)098*****73,Việt Nam,Lào Cai,Bảo Thắng,*********,*****************************************,,Cash on delivery,0.4,Bath & Shower,1202285767188121536	,,Unchecked,,Videos,onggiatichcuc79
584847731044353453	,Shipped,Completed,,Normal,1731317148230255836	,BONG TAM HQ,[Quà tặng không bán] Bông Tắm Tạo Bọt Mềm Mịn,Mặc định,1,0,0,0,0,0,0,0,22100,0,22100,,0,347600,,04/07/2026 11:02:01	,05/07/2026 10:01:37	,04/07/2026 13:19:16	,04/07/2026 15:34:35	,05/07/2026 10:01:37	,"	",,,Fulfillment by seller,Kho HCMC,862050835180,Standard shipping,J&T Express,,r***ncdk,H**** N**,(+84)097*****53,Việt Nam,Hồ Chí Minh,Bình Chánh,*********,***********************************************************************************************,********,Cash on delivery,0.5,"Loofahs, Sponges, & Poufs",1202285076099859885	,,Unchecked,,Videos,ha_thubay
584847731044353453	,Shipped,Delivered,,Normal,1732250801268689116	,ST01902,"Sữa Tắm/Gel Tắm Pháp Le Petit Marseillais Chiết Xuất Thiên Nhiên 650ml - Sữa Tắm Lưu Hương Lành Tính - Dịu Nhẹ, An Toàn Cho Da","Thông & Bạch Đàn Biển, Standard",1,0,499000,499000,47400,104000,347600,0,22100,0,22100,,0,347600,,04/07/2026 11:02:01	,05/07/2026 10:01:37	,04/07/2026 13:19:16	,04/07/2026 15:34:35	,05/07/2026 10:01:37	,"	",,,Fulfillment by seller,Kho HCMC,862050835180,Standard shipping,J&T Express,,r***ncdk,H**** N**,(+84)097*****53,Việt Nam,Hồ Chí Minh,Bình Chánh,*********,***********************************************************************************************,********,Cash on delivery,1,Bath & Shower,1202285076099859885	,,Unchecked,,Videos,ha_thubay
584847500502074624	,Shipped,Delivered,,Normal,1732252943759018204	,DG74042,"Dầu Gội Thiên Nhiên Le Petit Marseillais Nhiều Mùi Hương 250ml Dưỡng Ẩm, Thơm Lâu - Phù Hợp Mọi Loại Da",Trị Gàu 2 In 1 Tinh Dầu Bạc Hà,1,0,329000,329000,32040,62000,234960,0,19700,0,19700,,0,234960,,04/07/2026 10:44:48	,05/07/2026 17:07:07	,04/07/2026 11:02:12	,04/07/2026 16:08:29	,05/07/2026 17:07:07	,"	",,,Fulfillment by seller,Kho HN,862007784470,Standard shipping,J&T Express,,n***huymaidan,n*** h**,(+84)098*****31,Việt Nam,Hà Nội,Xã Thư Lâm,**********,********,,Cash on delivery,0.5,Shampoo & Conditioner,1202282424244536576	,,Unchecked,,Videos,ngocdailyvlog
584847132010841811	,Shipped,Completed,,Normal,1731317148230255836	,BONG TAM HQ,[Quà tặng không bán] Bông Tắm Tạo Bọt Mềm Mịn,Mặc định,1,0,0,0,0,0,0,0,15800,0,15800,,0,205000,,04/07/2026 10:27:09	,05/07/2026 12:27:30	,04/07/2026 11:02:12	,04/07/2026 16:08:28	,05/07/2026 12:27:30	,"	",,,Fulfillment by seller,Kho HN,862094134560,Standard shipping,J&T Express,,l***vietluu,N***** T** L***,(+84)934****73,Việt Nam,Hà Nội,Hoàn Kiếm,********,***************,,Cash on delivery,0.5,"Loofahs, Sponges, & Poufs",1202281130652501715	,,Unchecked,,Videos,thonbeocute
584847132010841811	,Shipped,Delivered,,Normal,1732251749141219548	,ST01172,"Sữa Tắm Pháp Le Petit Marseillais Cho Nam Chiết Xuất Thiên Nhiên 4in1 Nhiều Mùi Hương Dưỡng Ẩm, Thơm Lâu - Phù Hợp Mọi Loại Da (250ml)","Hương Gỗ Tuyết Tùng & Dương Xỉ, Standard",1,0,269000,269000,0,64000,205000,0,15800,0,15800,,0,205000,,04/07/2026 10:27:09	,05/07/2026 12:27:30	,04/07/2026 11:02:12	,04/07/2026 16:08:28	,05/07/2026 12:27:30	,"	",,,Fulfillment by seller,Kho HN,862094134560,Standard shipping,J&T Express,,l***vietluu,N***** T** L***,(+84)934****73,Việt Nam,Hà Nội,Hoàn Kiếm,********,***************,,Cash on delivery,0.5,Bath & Shower,1202281130652501715	,,Unchecked,,Videos,thonbeocute
584846716319335642	,Shipped,Completed,,Normal,1731317148230255836	,BONG TAM HQ,[Quà tặng không bán] Bông Tắm Tạo Bọt Mềm Mịn,Mặc định,1,0,0,0,0,0,0,0,29700,0,29700,,0,174250,,04/07/2026 09:58:13	,05/07/2026 15:40:49	,04/07/2026 10:10:58	,04/07/2026 10:21:46	,05/07/2026 15:40:49	,"	",,,Fulfillment by seller,Kho HN,862019184280,Standard shipping,J&T Express,,m***huong69,M********,(+84)985****83,Việt Nam,Hưng Yên,Phường Sơn Nam,**************,***********************************,,Cash on delivery,0.5,"Loofahs, Sponges, & Poufs",1202276144760849626	,,Unchecked,,Product cards,
584846716319335642	,Shipped,Delivered,,Normal,1732251749141219548	,ST01172,"Sữa Tắm Pháp Le Petit Marseillais Cho Nam Chiết Xuất Thiên Nhiên 4in1 Nhiều Mùi Hương Dưỡng Ẩm, Thơm Lâu - Phù Hợp Mọi Loại Da (250ml)","Hương Gỗ Tuyết Tùng & Dương Xỉ, Standard",1,0,269000,269000,30750,64000,174250,0,29700,0,29700,,0,174250,,04/07/2026 09:58:13	,05/07/2026 15:40:49	,04/07/2026 10:10:58	,04/07/2026 10:21:46	,05/07/2026 15:40:49	,"	",,,Fulfillment by seller,Kho HN,862019184280,Standard shipping,J&T Express,,m***huong69,M********,(+84)985****83,Việt Nam,Hưng Yên,Phường Sơn Nam,**************,***********************************,,Cash on delivery,0.5,Bath & Shower,1202276144760849626	,,Unchecked,,Product cards,
584846481897260793	,Shipped,Completed,,Normal,1731317148230255836	,BONG TAM HQ,[Quà tặng không bán] Bông Tắm Tạo Bọt Mềm Mịn,Mặc định,1,0,0,0,0,0,0,0,29700,0,29700,,0,205000,,04/07/2026 09:42:12	,05/07/2026 11:11:30	,04/07/2026 10:10:58	,04/07/2026 10:21:47	,05/07/2026 11:11:30	,"	",,,Fulfillment by seller,Kho HN,862073844290,Standard shipping,J&T Express,,n***m.l.canh,N***** L* Đ*****,(+84)079*****01,Việt Nam,Hải Dương,Hải Dương,********,************************,,Cash on delivery,0.5,"Loofahs, Sponges, & Poufs",1202275004624832249	,,Unchecked,,Videos,minh.ha0102
584846481897260793	,Shipped,Delivered,,Normal,1732251749141219548	,ST01172,"Sữa Tắm Pháp Le Petit Marseillais Cho Nam Chiết Xuất Thiên Nhiên 4in1 Nhiều Mùi Hương Dưỡng Ẩm, Thơm Lâu - Phù Hợp Mọi Loại Da (250ml)","Hương Gỗ Tuyết Tùng & Dương Xỉ, Standard",1,0,269000,269000,0,64000,205000,0,29700,0,29700,,0,205000,,04/07/2026 09:42:12	,05/07/2026 11:11:30	,04/07/2026 10:10:58	,04/07/2026 10:21:47	,05/07/2026 11:11:30	,"	",,,Fulfillment by seller,Kho HN,862073844290,Standard shipping,J&T Express,,n***m.l.canh,N***** L* Đ*****,(+84)079*****01,Việt Nam,Hải Dương,Hải Dương,********,************************,,Cash on delivery,0.5,Bath & Shower,1202275004624832249	,,Unchecked,,Videos,minh.ha0102
584846166239708378	,Canceled,Canceled,Cancel,Normal,1731317148230255836	,BONG TAM HQ,[Quà tặng không bán] Bông Tắm Tạo Bọt Mềm Mịn,Mặc định,1,1,0,0,0,0,0,0,34000,0,34000,,0,347600,0,04/07/2026 09:24:36	,"	","	","	","	",04/07/2026 09:25:46	,User,Better price available,Fulfillment by seller,Kho HN,,Standard shipping,,,m***huong69,M********,(+84)985****83,Việt Nam,Hưng Yên,Phường Sơn Nam,**************,***********************************,,Cash on delivery,0.5,"Loofahs, Sponges, & Poufs",1202271286848095450	,,Unchecked,,Videos,baeli_cosmetic
584846166239708378	,Canceled,Canceled,Cancel,Normal,1732250801268689116	,ST01902,"Sữa Tắm/Gel Tắm Pháp Le Petit Marseillais Chiết Xuất Thiên Nhiên 650ml - Sữa Tắm Lưu Hương Lành Tính - Dịu Nhẹ, An Toàn Cho Da","Thông & Bạch Đàn Biển, Standard",1,1,499000,499000,47400,104000,347600,0,34000,0,34000,,0,347600,347600,04/07/2026 09:24:36	,"	","	","	","	",04/07/2026 09:25:46	,User,Better price available,Fulfillment by seller,Kho HN,,Standard shipping,,,m***huong69,M********,(+84)985****83,Việt Nam,Hưng Yên,Phường Sơn Nam,**************,***********************************,,Cash on delivery,1,Bath & Shower,1202271286848095450	,,Unchecked,,Videos,baeli_cosmetic
584844592587179664	,Shipped,Completed,,Normal,1731317148230255836	,BONG TAM HQ,[Quà tặng không bán] Bông Tắm Tạo Bọt Mềm Mịn,Mặc định,1,0,0,0,0,0,0,0,20900,0,20900,,0,184500,,04/07/2026 07:12:39	,05/07/2026 19:10:57	,04/07/2026 07:38:58	,04/07/2026 09:21:18	,05/07/2026 19:10:57	,"	",,,Fulfillment by seller,Kho HCMC,862090072780,Standard shipping,J&T Express,,t***_chivas98,đ* v*** t***,(+84)098*****85,Việt Nam,Thành phố Hồ Chí Minh,Củ Chi,*************,**************************,,Cash on delivery,0.5,"Loofahs, Sponges, & Poufs",1202254408660321936	,,Unchecked,,Videos,vheu170cm
584844592587179664	,Shipped,Delivered,,Normal,1732251749141219548	,ST01172,"Sữa Tắm Pháp Le Petit Marseillais Cho Nam Chiết Xuất Thiên Nhiên 4in1 Nhiều Mùi Hương Dưỡng Ẩm, Thơm Lâu - Phù Hợp Mọi Loại Da (250ml)","Hương Gỗ Tuyết Tùng & Dương Xỉ, Standard",1,0,269000,269000,20500,64000,184500,0,20900,0,20900,,0,184500,,04/07/2026 07:12:39	,05/07/2026 19:10:57	,04/07/2026 07:38:58	,04/07/2026 09:21:18	,05/07/2026 19:10:57	,"	",,,Fulfillment by seller,Kho HCMC,862090072780,Standard shipping,J&T Express,,t***_chivas98,đ* v*** t***,(+84)098*****85,Việt Nam,Thành phố Hồ Chí Minh,Củ Chi,*************,**************************,,Cash on delivery,0.5,Bath & Shower,1202254408660321936	,,Unchecked,,Videos,vheu170cm
584844207387477669	,Canceled,Canceled,Cancel,Normal,1734496577198523612	,1 BÁNH-XP,Xà Phòng Le Petit Marseillais Chính Hãng Bánh Xà Phòng Tắm Thiên Nhiên (Ngẫu nhiên)  1 Bánh,Mặc định,1,1,0,0,0,0,0,0,47600,0,47600,,0,378000,0,04/07/2026 06:28:59	,"	",04/07/2026 07:38:58	,04/07/2026 09:21:18	,"	",10/07/2026 09:49:13	,System,Package delivery failed,Fulfillment by seller,Kho HCMC,862003232710,Standard shipping,J&T Express,,u***4378017437978,Đ**** H** Q** ,(+84)090*****85,Việt Nam,Bình Định,An Nhơn,*********,********************************,,Cash on delivery,0.1,Bath & Shower,1202251270178768549	,,Unchecked,,Videos,
584844207387477669	,Canceled,Canceled,Cancel,Normal,1736012795078411484	,ST65434+ST00823,Combo 2 Sữa Tắm Nữ Pháp Le Petit Marseillais 250ml - Thiên Nhiên Dịu Nhẹ,"Bông Và Hoa Anh Túc, Hoa Cam",1,1,538000,538000,0,160000,378000,0,47600,0,47600,,0,378000,378000,04/07/2026 06:28:59	,"	",04/07/2026 07:38:58	,04/07/2026 09:21:18	,"	",10/07/2026 09:49:13	,System,Package delivery failed,Fulfillment by seller,Kho HCMC,862003232710,Standard shipping,J&T Express,,u***4378017437978,Đ**** H** Q** ,(+84)090*****85,Việt Nam,Bình Định,An Nhơn,*********,********************************,,Cash on delivery,0.6,Bath & Shower,1202251270178768549	,,Unchecked,,Videos,
584843455814207045	,Shipped,Completed,,Normal,1731317148230255836	,BONG TAM HQ,[Quà tặng không bán] Bông Tắm Tạo Bọt Mềm Mịn,Mặc định,1,0,0,0,0,0,0,0,47600,0,47600,,0,671500,,04/07/2026 04:05:50	,04/07/2026 04:05:53	,04/07/2026 07:38:58	,04/07/2026 10:18:24	,05/07/2026 11:59:39	,"	",,,Fulfillment by seller,Kho HN,862047802710,Standard shipping,J&T Express,,l***i.volvo,N***** N****,(+84)086*****68,Việt Nam,Tỉnh Bắc Ninh,Thuận Thành,********,***********,*********************,MoMo E-Wallet,0.5,"Loofahs, Sponges, & Poufs",1202246170097321541	,,Unchecked,,Videos,thaocanview
584843455814207045	,Shipped,Delivered,,Normal,1732250801268689116	,ST01902,"Sữa Tắm/Gel Tắm Pháp Le Petit Marseillais Chiết Xuất Thiên Nhiên 650ml - Sữa Tắm Lưu Hương Lành Tính - Dịu Nhẹ, An Toàn Cho Da","Thông & Bạch Đàn Biển, Standard",1,0,499000,499000,59250,104000,335750,0,47600,0,47600,,0,671500,,04/07/2026 04:05:50	,04/07/2026 04:05:53	,04/07/2026 07:38:58	,04/07/2026 10:18:24	,05/07/2026 11:59:39	,"	",,,Fulfillment by seller,Kho HN,862047802710,Standard shipping,J&T Express,,l***i.volvo,N***** N****,(+84)086*****68,Việt Nam,Tỉnh Bắc Ninh,Thuận Thành,********,***********,*********************,MoMo E-Wallet,1,Bath & Shower,1202246170097321541	,,Unchecked,,Videos,thaocanview
584843455814207045	,Shipped,Delivered,,Normal,1732250801269278940	,ST39109,"Sữa Tắm/Gel Tắm Pháp Le Petit Marseillais Chiết Xuất Thiên Nhiên 650ml - Sữa Tắm Lưu Hương Lành Tính - Dịu Nhẹ, An Toàn Cho Da","Hoa Cam, Standard",1,0,499000,499000,59250,104000,335750,0,47600,0,47600,,0,671500,,04/07/2026 04:05:50	,04/07/2026 04:05:53	,04/07/2026 07:38:58	,04/07/2026 10:18:24	,05/07/2026 11:59:39	,"	",,,Fulfillment by seller,Kho HN,862047802710,Standard shipping,J&T Express,,l***i.volvo,N***** N****,(+84)086*****68,Việt Nam,Tỉnh Bắc Ninh,Thuận Thành,********,***********,*********************,MoMo E-Wallet,1,Bath & Shower,1202246170097321541	,,Unchecked,,Videos,thaocanview
584842400210913061	,Shipped,Delivered,,Normal,1732251749141219548	,ST01172,"Sữa Tắm Pháp Le Petit Marseillais Cho Nam Chiết Xuất Thiên Nhiên 4in1 Nhiều Mùi Hương Dưỡng Ẩm, Thơm Lâu - Phù Hợp Mọi Loại Da (250ml)","Hương Gỗ Tuyết Tùng & Dương Xỉ, Standard",1,0,269000,269000,10000,64000,195000,0,29700,0,29700,,0,195000,,04/07/2026 00:19:28	,05/07/2026 12:07:29	,04/07/2026 07:38:58	,04/07/2026 10:18:24	,05/07/2026 12:07:29	,"	",,,Fulfillment by seller,Kho HN,862041062720,Standard shipping,J&T Express,,k***hdangcatgo4,k*************,(+84)353****35,Việt Nam,Thái Nguyên,Thái Nguyên,**********,***********,**************************************,Cash on delivery,0.5,Bath & Shower,1202239562120267557	,,Unchecked,,Videos,duongmanhkien19
584842400210913061	,Shipped,Completed,,Normal,1731317148230255836	,BONG TAM HQ,[Quà tặng không bán] Bông Tắm Tạo Bọt Mềm Mịn,Mặc định,1,0,0,0,0,0,0,0,29700,0,29700,,0,195000,,04/07/2026 00:19:28	,05/07/2026 12:07:29	,04/07/2026 07:38:58	,04/07/2026 10:18:24	,05/07/2026 12:07:29	,"	",,,Fulfillment by seller,Kho HN,862041062720,Standard shipping,J&T Express,,k***hdangcatgo4,k*************,(+84)353****35,Việt Nam,Thái Nguyên,Thái Nguyên,**********,***********,**************************************,Cash on delivery,0.5,"Loofahs, Sponges, & Poufs",1202239562120267557	,,Unchecked,,Videos,duongmanhkien19
584842187337140057	,Shipped,Completed,,Normal,1731317148230255836	,BONG TAM HQ,[Quà tặng không bán] Bông Tắm Tạo Bọt Mềm Mịn,Mặc định,1,0,0,0,0,0,0,0,15800,0,15800,,0,200000,,03/07/2026 23:55:10	,05/07/2026 19:46:03	,04/07/2026 07:38:58	,04/07/2026 10:18:24	,05/07/2026 19:46:03	,"	",,,Fulfillment by seller,Kho HN,862032862780,Standard shipping,J&T Express,,h***le_611,H***,(+84)358****96,Việt Nam,Hà Nội,Thanh Xuân,***********,********************************************************,,Cash on delivery,0.5,"Loofahs, Sponges, & Poufs",1202238411864508249	,,Unchecked,,Product cards,
584842187337140057	,Shipped,Delivered,,Normal,1735801582596883676	,ST19308,Sữa Tắm Dạng Kem Le Petit Marseillais Chiết Xuất Lựu Hữu Cơ  250ml - 92% Thiên Nhiên Siêu Dịu Nhẹ,Mặc định,1,0,269000,269000,0,69000,200000,0,15800,0,15800,,0,200000,,03/07/2026 23:55:10	,05/07/2026 19:46:03	,04/07/2026 07:38:58	,04/07/2026 10:18:24	,05/07/2026 19:46:03	,"	",,,Fulfillment by seller,Kho HN,862032862780,Standard shipping,J&T Express,,h***le_611,H***,(+84)358****96,Việt Nam,Hà Nội,Thanh Xuân,***********,********************************************************,,Cash on delivery,0.4,Bath & Shower,1202238411864508249	,,Unchecked,,Product cards,
584841968081077514	,Shipped,Completed,,Normal,1731317148230255836	,BONG TAM HQ,[Quà tặng không bán] Bông Tắm Tạo Bọt Mềm Mịn,Mặc định,1,0,0,0,0,0,0,0,35100,0,35100,,0,205000,,03/07/2026 23:33:41	,05/07/2026 20:02:31	,04/07/2026 07:38:58	,04/07/2026 09:21:18	,05/07/2026 20:02:31	,"	",,,Fulfillment by seller,Kho HCMC,862072342780,Standard shipping,J&T Express,,t***g_phu0106,T**** p**,(+84)087*****56,Việt Nam,Đồng Nai,Xã Dầu Giây,***********,****************************************,,Cash on delivery,0.5,"Loofahs, Sponges, & Poufs",1202237483401577738	,,Unchecked,,Videos,thaivublackbi149
584841968081077514	,Shipped,Delivered,,Normal,1732251749141154012	,ST01356,"Sữa Tắm Pháp Le Petit Marseillais Cho Nam Chiết Xuất Thiên Nhiên 4in1 Nhiều Mùi Hương Dưỡng Ẩm, Thơm Lâu - Phù Hợp Mọi Loại Da (250ml)","Hương Thông & Bạch Đàn Biển, Standard",1,0,269000,269000,0,64000,205000,0,35100,0,35100,,0,205000,,03/07/2026 23:33:41	,05/07/2026 20:02:31	,04/07/2026 07:38:58	,04/07/2026 09:21:18	,05/07/2026 20:02:31	,"	",,,Fulfillment by seller,Kho HCMC,862072342780,Standard shipping,J&T Express,,t***g_phu0106,T**** p**,(+84)087*****56,Việt Nam,Đồng Nai,Xã Dầu Giây,***********,****************************************,,Cash on delivery,0.5,Bath & Shower,1202237483401577738	,,Unchecked,,Videos,thaivublackbi149
584840864337397626	,Shipped,Delivered,,Normal,1733206092187469020	,DG37450,"Dầu Gội Thiên Nhiên Le Petit Marseillais Nhiều Mùi Hương 250ml Dưỡng Ẩm, Thơm Lâu - Phù Hợp Mọi Loại Da",Hương lựu 7450,1,0,329000,329000,0,62000,267000,0,26200,0,26200,,0,267000,,03/07/2026 22:13:52	,05/07/2026 11:11:28	,04/07/2026 07:38:58	,04/07/2026 10:18:24	,05/07/2026 11:11:28	,"	",,,Fulfillment by seller,Kho HN,862061062720,Standard shipping,J&T Express,,c***pachupp_8386,M*** T***,(+84)086*****38,Việt Nam,Tỉnh Yên Bái,Yên Bái,********,***************************************************,,Cash on delivery,0.5,Shampoo & Conditioner,1202232614545557370	,,Unchecked,,Product cards,
584840070220318059	,Shipped,Completed,,Normal,1731317148230255836	,BONG TAM HQ,[Quà tặng không bán] Bông Tắm Tạo Bọt Mềm Mịn,Mặc định,1,0,0,0,0,0,0,0,41400,0,41400,,0,205000,,03/07/2026 21:28:39	,05/07/2026 16:18:46	,04/07/2026 07:38:58	,04/07/2026 09:21:18	,05/07/2026 16:18:46	,"	",,,Fulfillment by seller,Kho HCMC,862001302710,Standard shipping,J&T Express,,b***ishle0,l* a**,(+84)905****39,Việt Nam,Khánh Hòa,Phường Nha Trang,****************,************,*************************,Cash on delivery,0.5,"Loofahs, Sponges, & Poufs",1202229925910840683	,,Unchecked,,Product cards,
584840070220318059	,Shipped,Delivered,,Normal,1732250914984855772	,ST92871,"Sữa Tắm/Gel Tắm Pháp Le Petit Marseillais Thiên Nhiên 250ml - Sữa Tắm Lưu Hương Lành Tính - Dịu Nhẹ, An Toàn Cho Da","Bạc Hà, Standard",1,0,269000,269000,0,64000,205000,0,41400,0,41400,,0,205000,,03/07/2026 21:28:39	,05/07/2026 16:18:46	,04/07/2026 07:38:58	,04/07/2026 09:21:18	,05/07/2026 16:18:46	,"	",,,Fulfillment by seller,Kho HCMC,862001302710,Standard shipping,J&T Express,,b***ishle0,l* a**,(+84)905****39,Việt Nam,Khánh Hòa,Phường Nha Trang,****************,************,*************************,Cash on delivery,0.5,Bath & Shower,1202229925910840683	,,Unchecked,,Product cards,
584839936716932872	,Shipped,Delivered,,Normal,1732250801269016796	,ST01288,"Sữa Tắm/Gel Tắm Pháp Le Petit Marseillais Chiết Xuất Thiên Nhiên 650ml - Sữa Tắm Lưu Hương Lành Tính - Dịu Nhẹ, An Toàn Cho Da","Đào Trắng & Quả Xuân Đào, Standard",1,0,499000,499000,63200,104000,331800,0,34000,0,34000,,0,331800,,03/07/2026 21:18:08	,05/07/2026 17:07:15	,04/07/2026 07:38:58	,04/07/2026 10:18:24	,05/07/2026 17:07:15	,"	",,,Fulfillment by seller,Kho HN,862039322770,Standard shipping,J&T Express,,h***ala4,V* h**,(+84)098*****93,Việt Nam,Tỉnh Vĩnh Phúc,Vĩnh Yên,**********,*********************************************************************************,,Cash on delivery,1,Bath & Shower,1202229097174697736	,,Unchecked,,LIVE,lepetitmarseillaisvn
584839936716932872	,Shipped,Completed,,Normal,1731317148230255836	,BONG TAM HQ,[Quà tặng không bán] Bông Tắm Tạo Bọt Mềm Mịn,Mặc định,1,0,0,0,0,0,0,0,34000,0,34000,,0,331800,,03/07/2026 21:18:08	,05/07/2026 17:07:15	,04/07/2026 07:38:58	,04/07/2026 10:18:24	,05/07/2026 17:07:15	,"	",,,Fulfillment by seller,Kho HN,862039322770,Standard shipping,J&T Express,,h***ala4,V* h**,(+84)098*****93,Việt Nam,Tỉnh Vĩnh Phúc,Vĩnh Yên,**********,*********************************************************************************,,Cash on delivery,0.5,"Loofahs, Sponges, & Poufs",1202229097174697736	,,Unchecked,,LIVE,lepetitmarseillaisvn
584839653886690532	,Shipped,Completed,,Normal,1734496577198523612	,1 BÁNH-XP,Xà Phòng Le Petit Marseillais Chính Hãng Bánh Xà Phòng Tắm Thiên Nhiên (Ngẫu nhiên)  1 Bánh,Mặc định,1,0,0,0,0,0,0,0,15800,0,15800,,0,378000,,03/07/2026 21:01:32	,07/07/2026 18:58:17	,04/07/2026 07:38:58	,04/07/2026 09:21:18	,07/07/2026 18:58:17	,"	",,,Fulfillment by seller,Kho HCMC,862026412710,Standard shipping,J&T Express,,h***y10071991,T*****,(+84)707****29,Việt Nam,Hồ Chí Minh,Phường Tân Hưng,***************,************************************,,Cash on delivery,0.1,Bath & Shower,1202227232958153956	,,Unchecked,,LIVE,lepetitmarseillaisvn
584839653886690532	,Shipped,Delivered,,Normal,1735912571877950684	,ST01172 x 2,Combo 2 Sữa Tắm Nam Le Petit Marseillais 4in1 Cho Tóc Mặt Râu Toàn Thân 250ml,"Gỗ Tuyết Tùng Và Dương Xỉ, Gỗ Tuyết Tùng Và Dương Xỉ",1,0,538000,538000,0,160000,378000,0,15800,0,15800,,0,378000,,03/07/2026 21:01:32	,07/07/2026 18:58:17	,04/07/2026 07:38:58	,04/07/2026 09:21:18	,07/07/2026 18:58:17	,"	",,,Fulfillment by seller,Kho HCMC,862026412710,Standard shipping,J&T Express,,h***y10071991,T*****,(+84)707****29,Việt Nam,Hồ Chí Minh,Phường Tân Hưng,***************,************************************,,Cash on delivery,0.6,Bath & Body Care,1202227232958153956	,,Unchecked,,LIVE,lepetitmarseillaisvn
584839265116522139	,Shipped,Completed,,Normal,1731317148230255836	,BONG TAM HQ,[Quà tặng không bán] Bông Tắm Tạo Bọt Mềm Mịn,Mặc định,1,0,0,0,0,0,0,0,20900,0,20900,,0,255000,,03/07/2026 20:39:27	,05/07/2026 13:53:07	,04/07/2026 07:38:58	,04/07/2026 10:18:24	,05/07/2026 13:53:07	,"	",,,Fulfillment by seller,Kho HN,862020722710,Standard shipping,J&T Express,,j***nanu,H** N*****,(+84)098*****08,Việt Nam,Hà Nội,Chương Mỹ,*********,******************************************,,Cash on delivery,0.5,"Loofahs, Sponges, & Poufs",1202225075520439963	,,Unchecked,,LIVE,lepetitmarseillaisvn
584839265116522139	,Shipped,Delivered,,Normal,1732251905721272540	,ST01601,"Gel tắm Hữu Cơ Pháp Le Petit Marseillais Nhiều Mùi Hương 250ml, Thơm Lâu - Phù Hợp Mọi Loại Da (250ml)","Cỏ Roi Ngựa & Chanh, Standard",1,0,339000,339000,0,84000,255000,0,20900,0,20900,,0,255000,,03/07/2026 20:39:27	,05/07/2026 13:53:07	,04/07/2026 07:38:58	,04/07/2026 10:18:24	,05/07/2026 13:53:07	,"	",,,Fulfillment by seller,Kho HN,862020722710,Standard shipping,J&T Express,,j***nanu,H** N*****,(+84)098*****08,Việt Nam,Hà Nội,Chương Mỹ,*********,******************************************,,Cash on delivery,0.5,Bath & Shower,1202225075520439963	,,Unchecked,,LIVE,lepetitmarseillaisvn
584838971388626174	,Shipped,Completed,,Normal,1731317148230255836	,BONG TAM HQ,[Quà tặng không bán] Bông Tắm Tạo Bọt Mềm Mịn,Mặc định,1,0,0,0,0,0,0,0,41600,0,41600,,0,626300,,03/07/2026 20:22:31	,03/07/2026 20:22:36	,04/07/2026 07:38:58	,04/07/2026 10:18:24	,06/07/2026 10:07:47	,"	",,,Fulfillment by seller,Kho HN,862079862770,Standard shipping,J&T Express,,y***ying_,N***** T** L** A**,(+84)347****44,Vietnam,Tinh Bac Ninh,Bac Ninh,*******,**************************************************,,MoMo E-Wallet,0.5,"Loofahs, Sponges, & Poufs",1202224500182189310	,,Unchecked,,Product cards,
584838971388626174	,Shipped,Delivered,,Normal,1732250801268885724	,ST68816,"Sữa Tắm/Gel Tắm Pháp Le Petit Marseillais Chiết Xuất Thiên Nhiên 650ml - Sữa Tắm Lưu Hương Lành Tính - Dịu Nhẹ, An Toàn Cho Da","Hoa Tiare, Standard",1,0,499000,499000,71100,104000,323900,0,41600,0,41600,,0,626300,,03/07/2026 20:22:31	,03/07/2026 20:22:36	,04/07/2026 07:38:58	,04/07/2026 10:18:24	,06/07/2026 10:07:47	,"	",,,Fulfillment by seller,Kho HN,862079862770,Standard shipping,J&T Express,,y***ying_,N***** T** L** A**,(+84)347****44,Vietnam,Tinh Bac Ninh,Bac Ninh,*******,**************************************************,,MoMo E-Wallet,1,Bath & Shower,1202224500182189310	,,Unchecked,,Product cards,
584838971388626174	,Shipped,Completed,,Normal,1734496577198523612	,1 BÁNH-XP,Xà Phòng Le Petit Marseillais Chính Hãng Bánh Xà Phòng Tắm Thiên Nhiên (Ngẫu nhiên)  1 Bánh,Mặc định,1,0,0,0,0,0,0,0,41600,0,41600,,0,626300,,03/07/2026 20:22:31	,03/07/2026 20:22:36	,04/07/2026 07:38:58	,04/07/2026 10:18:24	,06/07/2026 10:07:47	,"	",,,Fulfillment by seller,Kho HN,862079862770,Standard shipping,J&T Express,,y***ying_,N***** T** L** A**,(+84)347****44,Vietnam,Tinh Bac Ninh,Bac Ninh,*******,**************************************************,,MoMo E-Wallet,0.1,Bath & Shower,1202224500182189310	,,Unchecked,,Product cards,
584838971388626174	,Shipped,Delivered,,Normal,1735912571878606044	,ST01356 + ST01172,Combo 2 Sữa Tắm Nam Le Petit Marseillais 4in1 Cho Tóc Mặt Râu Toàn Thân 250ml,"Thông Biển & Bạch Đàn, Gỗ Tuyết Tùng Và Dương Xỉ",1,0,538000,538000,75600,160000,302400,0,41600,0,41600,,0,626300,,03/07/2026 20:22:31	,03/07/2026 20:22:36	,04/07/2026 07:38:58	,04/07/2026 10:18:24	,06/07/2026 10:07:47	,"	",,,Fulfillment by seller,Kho HN,862079862770,Standard shipping,J&T Express,,y***ying_,N***** T** L** A**,(+84)347****44,Vietnam,Tinh Bac Ninh,Bac Ninh,*******,**************************************************,,MoMo E-Wallet,0.6,Bath & Body Care,1202224500182189310	,,Unchecked,,Product cards,
584838224627926565	,Canceled,Canceled,Cancel,Normal,1735769515978753244	,DG37467,"Dầu Gội Thiên Nhiên Le Petit Marseillais Nhiều Mùi Hương 250ml Dưỡng Ẩm, Thơm Lâu - Phù Hợp Mọi Loại Da",Thải Độc Với Chiết Xuất Trà Xanh Hữu Cơ,1,1,329000,329000,0,62000,267000,0,30300,0,30300,,0,267000,267000,03/07/2026 19:36:00	,"	","	","	","	",03/07/2026 19:36:55	,User,Need to change shipping address,Fulfillment by seller,Kho HCMC,,Standard shipping,,,v***ct,N** t** L*** V*,(+84)033*****32,Việt Nam,Kiên Giang,Phú Quốc,********,****************************,,Cash on delivery,0.5,Shampoo & Conditioner,1202220013921469989	,,Unchecked,,Product cards,
584836423479100997	,Shipped,Completed,,Normal,1731317148230255836	,BONG TAM HQ,[Quà tặng không bán] Bông Tắm Tạo Bọt Mềm Mịn,Mặc định,1,0,0,0,0,0,0,0,15800,0,15800,,0,205000,,03/07/2026 17:35:53	,05/07/2026 13:52:21	,04/07/2026 07:38:58	,04/07/2026 10:18:24	,05/07/2026 13:52:21	,"	",,,Fulfillment by seller,Kho HN,862021122710,Standard shipping,J&T Express,,h***ipitbulls,M* K*** H***,(+84)098*****96,Vietnam,Ha Noi,Dong Da,************,*******************,,Cash on delivery,0.5,"Loofahs, Sponges, & Poufs",1202208819759056453	,,Unchecked,,Product cards,
584836423479100997	,Shipped,Delivered,,Normal,1732251749141219548	,ST01172,"Sữa Tắm Pháp Le Petit Marseillais Cho Nam Chiết Xuất Thiên Nhiên 4in1 Nhiều Mùi Hương Dưỡng Ẩm, Thơm Lâu - Phù Hợp Mọi Loại Da (250ml)","Hương Gỗ Tuyết Tùng & Dương Xỉ, Standard",1,0,269000,269000,0,64000,205000,0,15800,0,15800,,0,205000,,03/07/2026 17:35:53	,05/07/2026 13:52:21	,04/07/2026 07:38:58	,04/07/2026 10:18:24	,05/07/2026 13:52:21	,"	",,,Fulfillment by seller,Kho HN,862021122710,Standard shipping,J&T Express,,h***ipitbulls,M* K*** H***,(+84)098*****96,Vietnam,Ha Noi,Dong Da,************,*******************,,Cash on delivery,0.5,Bath & Shower,1202208819759056453	,,Unchecked,,Product cards,
584834744641423145	,Shipped,Delivered,,Normal,1732251749141219548	,ST01172,"Sữa Tắm Pháp Le Petit Marseillais Cho Nam Chiết Xuất Thiên Nhiên 4in1 Nhiều Mùi Hương Dưỡng Ẩm, Thơm Lâu - Phù Hợp Mọi Loại Da (250ml)","Hương Gỗ Tuyết Tùng & Dương Xỉ, Standard",1,0,269000,269000,15000,64000,190000,0,41400,0,41400,,0,190000,,03/07/2026 15:21:24	,03/07/2026 15:21:28	,03/07/2026 17:15:10	,04/07/2026 09:21:18	,05/07/2026 15:15:21	,"	",,,Fulfillment by seller,Kho HCMC,862041061410,Standard shipping,J&T Express,,g***hnvs,N***** N*** H***,(+84)856****63,Việt Nam,Phú Yên,Tuy Hoà,********,*********************************,,MoMo E-Wallet,0.5,Bath & Shower,1202194177494910761	,,Unchecked,,Videos,mundayne688
584834744641423145	,Shipped,Completed,,Normal,1731317148230255836	,BONG TAM HQ,[Quà tặng không bán] Bông Tắm Tạo Bọt Mềm Mịn,Mặc định,1,0,0,0,0,0,0,0,41400,0,41400,,0,190000,,03/07/2026 15:21:24	,03/07/2026 15:21:28	,03/07/2026 17:15:10	,04/07/2026 09:21:18	,05/07/2026 15:15:21	,"	",,,Fulfillment by seller,Kho HCMC,862041061410,Standard shipping,J&T Express,,g***hnvs,N***** N*** H***,(+84)856****63,Việt Nam,Phú Yên,Tuy Hoà,********,*********************************,,MoMo E-Wallet,0.5,"Loofahs, Sponges, & Poufs",1202194177494910761	,,Unchecked,,Videos,mundayne688
584834610887755184	,Shipped,Delivered,,Normal,1735734212754703580	,ST68816,"[KOL huynhdangthong x LPM] Sữa Tắm/Gel Tắm Pháp Le Petit Marseillais Chiết Xuất Thiên Nhiên 650ml - Sữa Tắm Lưu Hương Lành Tính - Dịu Nhẹ, An Toàn Cho Da","Hoa Tiare, Standard",1,0,499000,499000,0,110000,389000,0,41400,0,41400,,0,389000,,03/07/2026 15:19:49	,05/07/2026 17:46:09	,03/07/2026 17:15:29	,04/07/2026 10:22:30	,05/07/2026 17:46:09	,"	",,,Fulfillment by seller,Kho HN,862093971490,Standard shipping,J&T Express,,q***9107,q*******,(+84)912****35,Việt Nam,Thanh Hóa,Phường Hạc Thành,****************,*******************,,Cash on delivery,1,Bath & Shower,1202193305658295728	,,Unchecked,,Product cards,
584834370870346784	,Shipped,Delivered,,Normal,1733398673842472156	,ST01356,Sữa Tắm Nam Thơm Lâu 4 in 1 Thiên Nhiên Le Petit Marseillais Chiết Xuất Thông Biển & Bạch Đàn 250ml 1356,Mặc định,1,0,269000,269000,0,64000,205000,0,35100,0,35100,,0,205000,,03/07/2026 14:57:52	,04/07/2026 09:48:56	,03/07/2026 14:59:38	,03/07/2026 16:20:28	,04/07/2026 09:48:56	,"	",,,Fulfillment by seller,Kho HN,862048950780,Standard shipping,J&T Express,,p***thanhtung_1009,T**** T***,(+84)346****83,Việt Nam,Bắc Ninh,Thuận Thành,**************,****************************************************************,,Cash on delivery,0.4,Bath & Body Care,1202190585415894048	,,Unchecked,,Product cards,
584834370870346784	,Shipped,Completed,,Normal,1731317148230255836	,BONG TAM HQ,[Quà tặng không bán] Bông Tắm Tạo Bọt Mềm Mịn,Mặc định,1,0,0,0,0,0,0,0,35100,0,35100,,0,205000,,03/07/2026 14:57:52	,04/07/2026 09:48:56	,03/07/2026 14:59:38	,03/07/2026 16:20:28	,04/07/2026 09:48:56	,"	",,,Fulfillment by seller,Kho HN,862048950780,Standard shipping,J&T Express,,p***thanhtung_1009,T**** T***,(+84)346****83,Việt Nam,Bắc Ninh,Thuận Thành,**************,****************************************************************,,Cash on delivery,0.5,"Loofahs, Sponges, & Poufs",1202190585415894048	,,Unchecked,,Product cards,
584833806480475153	,Shipped,Completed,,Normal,1731317148230255836	,BONG TAM HQ,[Quà tặng không bán] Bông Tắm Tạo Bọt Mềm Mịn,Mặc định,2,0,0,0,0,0,0,0,16400,0,16400,,0,600000,,03/07/2026 14:22:51	,03/07/2026 14:22:58	,03/07/2026 14:30:27	,03/07/2026 15:00:12	,04/07/2026 17:56:38	,"	",,,Fulfillment by seller,Kho HCMC,862057310700,Standard shipping,J&T Express,,d***vo2805,Q**** Đ***,(+84)909****39,Việt Nam,Hồ Chí Minh,Phường An Khánh,***************,***********************,,Credit/debit card,1,"Loofahs, Sponges, & Poufs",1202185208867161105	,,Unchecked,,LIVE,lepetitmarseillaisvn
584833806480475153	,Shipped,Delivered,,Normal,1732250801268689116	,ST01902,"Sữa Tắm/Gel Tắm Pháp Le Petit Marseillais Chiết Xuất Thiên Nhiên 650ml - Sữa Tắm Lưu Hương Lành Tính - Dịu Nhẹ, An Toàn Cho Da","Thông & Bạch Đàn Biển, Standard",1,0,499000,499000,0,104000,395000,0,16400,0,16400,,0,600000,,03/07/2026 14:22:51	,03/07/2026 14:22:58	,03/07/2026 14:30:27	,03/07/2026 15:00:12	,04/07/2026 17:56:38	,"	",,,Fulfillment by seller,Kho HCMC,862057310700,Standard shipping,J&T Express,,d***vo2805,Q**** Đ***,(+84)909****39,Việt Nam,Hồ Chí Minh,Phường An Khánh,***************,***********************,,Credit/debit card,1,Bath & Shower,1202185208867161105	,,Unchecked,,LIVE,lepetitmarseillaisvn
584833806480475153	,Shipped,Delivered,,Normal,1732251749141219548	,ST01172,"Sữa Tắm Pháp Le Petit Marseillais Cho Nam Chiết Xuất Thiên Nhiên 4in1 Nhiều Mùi Hương Dưỡng Ẩm, Thơm Lâu - Phù Hợp Mọi Loại Da (250ml)","Hương Gỗ Tuyết Tùng & Dương Xỉ, Standard",1,0,269000,269000,0,64000,205000,0,16400,0,16400,,0,600000,,03/07/2026 14:22:51	,03/07/2026 14:22:58	,03/07/2026 14:30:27	,03/07/2026 15:00:12	,04/07/2026 17:56:38	,"	",,,Fulfillment by seller,Kho HCMC,862057310700,Standard shipping,J&T Express,,d***vo2805,Q**** Đ***,(+84)909****39,Việt Nam,Hồ Chí Minh,Phường An Khánh,***************,***********************,,Credit/debit card,0.5,Bath & Shower,1202185208867161105	,,Unchecked,,LIVE,lepetitmarseillaisvn
584833806082278554	,Shipped,Completed,,Normal,1731317148230255836	,BONG TAM HQ,[Quà tặng không bán] Bông Tắm Tạo Bọt Mềm Mịn,Mặc định,1,0,0,0,0,0,0,0,32200,0,32200,,0,205000,,03/07/2026 14:21:43	,04/07/2026 17:38:35	,03/07/2026 14:30:27	,03/07/2026 16:20:22	,04/07/2026 17:38:35	,"	",,,Fulfillment by seller,Kho HN,862075270700,Standard shipping,J&T Express,,p***058,P*** T** L*** H****,(+84)968****88,Việt Nam,Ninh Bình,Phường Thành Nam,****************,*****************************************************,***********************************************************************,Cash on delivery,0.5,"Loofahs, Sponges, & Poufs",1202185951028741274	,,Unchecked,,Product cards,
584833806082278554	,Shipped,Delivered,,Normal,1732250914985052380	,ST48441,"Sữa Tắm/Gel Tắm Pháp Le Petit Marseillais Thiên Nhiên 250ml - Sữa Tắm Lưu Hương Lành Tính - Dịu Nhẹ, An Toàn Cho Da","Quả Mâm Xôi & Hoa Mẫu Đơn, Standard",1,0,269000,269000,0,64000,205000,0,32200,0,32200,,0,205000,,03/07/2026 14:21:43	,04/07/2026 17:38:35	,03/07/2026 14:30:27	,03/07/2026 16:20:22	,04/07/2026 17:38:35	,"	",,,Fulfillment by seller,Kho HN,862075270700,Standard shipping,J&T Express,,p***058,P*** T** L*** H****,(+84)968****88,Việt Nam,Ninh Bình,Phường Thành Nam,****************,*****************************************************,***********************************************************************,Cash on delivery,0.5,Bath & Shower,1202185951028741274	,,Unchecked,,Product cards,
584833570415281965	,Shipped,Completed,,Normal,1731317148230255836	,BONG TAM HQ,[Quà tặng không bán] Bông Tắm Tạo Bọt Mềm Mịn,Mặc định,1,0,0,0,0,0,0,0,35100,0,35100,,0,205000,,03/07/2026 14:01:03	,04/07/2026 18:39:17	,03/07/2026 14:30:27	,03/07/2026 16:34:38	,04/07/2026 18:39:17	,"	",,,Fulfillment by seller,Kho HN,862071130710,Standard shipping,J&T Express,,g***i185,K** V** T****,(+84)097*****23,Việt Nam,Hải Dương,Gia Lộc,*********,*********,**************************,Cash on delivery,0.5,"Loofahs, Sponges, & Poufs",1202183298812905261	,,Unchecked,,Product cards,
584833570415281965	,Shipped,Delivered,,Normal,1732251749141219548	,ST01172,"Sữa Tắm Pháp Le Petit Marseillais Cho Nam Chiết Xuất Thiên Nhiên 4in1 Nhiều Mùi Hương Dưỡng Ẩm, Thơm Lâu - Phù Hợp Mọi Loại Da (250ml)","Hương Gỗ Tuyết Tùng & Dương Xỉ, Standard",1,0,269000,269000,0,64000,205000,0,35100,0,35100,,0,205000,,03/07/2026 14:01:03	,04/07/2026 18:39:17	,03/07/2026 14:30:27	,03/07/2026 16:34:38	,04/07/2026 18:39:17	,"	",,,Fulfillment by seller,Kho HN,862071130710,Standard shipping,J&T Express,,g***i185,K** V** T****,(+84)097*****23,Việt Nam,Hải Dương,Gia Lộc,*********,*********,**************************,Cash on delivery,0.5,Bath & Shower,1202183298812905261	,,Unchecked,,Product cards,
584831706023298951	,Shipped,Completed,,Normal,1731317148230255836	,BONG TAM HQ,[Quà tặng không bán] Bông Tắm Tạo Bọt Mềm Mịn,Mặc định,1,0,0,0,0,0,0,0,15800,0,15800,,0,176300,,03/07/2026 12:05:15	,04/07/2026 16:39:35	,03/07/2026 13:25:27	,03/07/2026 16:20:23	,04/07/2026 16:39:35	,"	",,,Fulfillment by seller,Kho HN,862005990040,Standard shipping,J&T Express,,n***.dang,X*****,(+84)914****15,Вьетнам,Город Ханой,Bac Tu Liem,*********,**********************************,********,Cash on delivery,0.5,"Loofahs, Sponges, & Poufs",1202167249713203079	,,Unchecked,,LIVE,lepetitmarseillaisvn
584831706023298951	,Shipped,Delivered,,Normal,1732250914985380060	,ST01240,"Sữa Tắm/Gel Tắm Pháp Le Petit Marseillais Thiên Nhiên 250ml - Sữa Tắm Lưu Hương Lành Tính - Dịu Nhẹ, An Toàn Cho Da","Đào Trắng & Quả Xuân Đào, Standard",1,0,269000,269000,28700,64000,176300,0,15800,0,15800,,0,176300,,03/07/2026 12:05:15	,04/07/2026 16:39:35	,03/07/2026 13:25:27	,03/07/2026 16:20:23	,04/07/2026 16:39:35	,"	",,,Fulfillment by seller,Kho HN,862005990040,Standard shipping,J&T Express,,n***.dang,X*****,(+84)914****15,Вьетнам,Город Ханой,Bac Tu Liem,*********,**********************************,********,Cash on delivery,0.5,Bath & Shower,1202167249713203079	,,Unchecked,,LIVE,lepetitmarseillaisvn
584831061026965038	,Shipped,Delivered,,Normal,1732251749141219548	,ST01172,"Sữa Tắm Pháp Le Petit Marseillais Cho Nam Chiết Xuất Thiên Nhiên 4in1 Nhiều Mùi Hương Dưỡng Ẩm, Thơm Lâu - Phù Hợp Mọi Loại Da (250ml)","Hương Gỗ Tuyết Tùng & Dương Xỉ, Standard",1,0,269000,269000,24600,64000,180400,5600,47600,0,42000,,0,186000,,03/07/2026 11:20:04	,04/07/2026 17:58:11	,03/07/2026 13:25:27	,03/07/2026 15:00:11	,04/07/2026 17:58:11	,"	",,,Fulfillment by seller,Kho HCMC,862012420120,Standard shipping,J&T Express,,m***uy104,M*** H**,(+84)329****56,Việt Nam,Tinh Ninh Thuan,Ninh Phước,*********,**********,,Cash on delivery,0.5,Bath & Shower,1202161183931205166	,,Unchecked,,Product cards,
584831061026965038	,Shipped,Completed,,Normal,1731317148230255836	,BONG TAM HQ,[Quà tặng không bán] Bông Tắm Tạo Bọt Mềm Mịn,Mặc định,1,0,0,0,0,0,0,5600,47600,0,42000,,0,186000,,03/07/2026 11:20:04	,04/07/2026 17:58:11	,03/07/2026 13:25:27	,03/07/2026 15:00:11	,04/07/2026 17:58:11	,"	",,,Fulfillment by seller,Kho HCMC,862012420120,Standard shipping,J&T Express,,m***uy104,M*** H**,(+84)329****56,Việt Nam,Tinh Ninh Thuan,Ninh Phước,*********,**********,,Cash on delivery,0.5,"Loofahs, Sponges, & Poufs",1202161183931205166	,,Unchecked,,Product cards,
584830927358493749	,Shipped,Completed,,Normal,1731317148230255836	,BONG TAM HQ,[Quà tặng không bán] Bông Tắm Tạo Bọt Mềm Mịn,Mặc định,1,0,0,0,0,0,0,0,20900,0,20900,,0,166320,,03/07/2026 11:12:04	,03/07/2026 11:13:17	,03/07/2026 13:25:27	,03/07/2026 16:20:28	,06/07/2026 18:14:54	,"	",,,Fulfillment by seller,Kho HN,862094490120,Standard shipping,J&T Express,,h***ganhbdstayhn,H**** A** -,(+84)086*****19,Việt Nam,Hà Nội,Xã An Khánh,***********,**************,*************,Zalopay,0.5,"Loofahs, Sponges, & Poufs",1202161292390990901	,,Unchecked,,Product cards,
584830927358493749	,Shipped,Delivered,,Normal,1732250914985052380	,ST48441,"Sữa Tắm/Gel Tắm Pháp Le Petit Marseillais Thiên Nhiên 250ml - Sữa Tắm Lưu Hương Lành Tính - Dịu Nhẹ, An Toàn Cho Da","Quả Mâm Xôi & Hoa Mẫu Đơn, Standard",1,0,269000,269000,22680,80000,166320,0,20900,0,20900,,0,166320,,03/07/2026 11:12:04	,03/07/2026 11:13:17	,03/07/2026 13:25:27	,03/07/2026 16:20:28	,06/07/2026 18:14:54	,"	",,,Fulfillment by seller,Kho HN,862094490120,Standard shipping,J&T Express,,h***ganhbdstayhn,H**** A** -,(+84)086*****19,Việt Nam,Hà Nội,Xã An Khánh,***********,**************,*************,Zalopay,0.5,Bath & Shower,1202161292390990901	,,Unchecked,,Product cards,
584830554077234896	,Shipped,Delivered,,Normal,1734496577198523612	,1 BÁNH-XP,Xà Phòng Le Petit Marseillais Chính Hãng Bánh Xà Phòng Tắm Thiên Nhiên (Ngẫu nhiên)  1 Bánh,Mặc định,1,0,75000,75000,0,0,75000,0,1400,0,1400,,0,75000,,03/07/2026 10:48:10	,04/07/2026 12:18:20	,03/07/2026 10:52:08	,03/07/2026 15:00:12	,04/07/2026 12:18:20	,"	",,,Fulfillment by seller,Kho HCMC,861903399399,Standard shipping,J&T Express,,n***envanhoang1970,H****,(+84)909****10,Việt Nam,Hồ Chí Minh,Quận 12,*********,*****************,******************,Cash on delivery,0.1,Bath & Shower,1202157607361283792	,,Unchecked,,Videos,onggiatichcuc79
584830515623068878	,Canceled,Canceled,Cancel,Normal,1731317148230255836	,BONG TAM HQ,[Quà tặng không bán] Bông Tắm Tạo Bọt Mềm Mịn,Mặc định,1,1,0,0,0,0,0,0,15800,0,15800,,0,189000,0,03/07/2026 10:42:36	,"	",03/07/2026 10:44:06	,"	","	",03/07/2026 10:44:26	,User,Need to change shipping address,Fulfillment by seller,Kho HN,861940429369,Standard shipping,J&T Express,,p***nhung2706,Đ*** N****,(+84)096*****35,Việt Nam,Hà Nội,Phường Đại Mỗ,*************,*************************************************,,Cash on delivery,0.5,"Loofahs, Sponges, & Poufs",1202158137941329102	,,Unchecked,,LIVE,lepetitmarseillaisvn
584830515623068878	,Canceled,Canceled,Cancel,Normal,1732250914985052380	,ST48441,"Sữa Tắm/Gel Tắm Pháp Le Petit Marseillais Thiên Nhiên 250ml - Sữa Tắm Lưu Hương Lành Tính - Dịu Nhẹ, An Toàn Cho Da","Quả Mâm Xôi & Hoa Mẫu Đơn, Standard",1,1,269000,269000,0,80000,189000,0,15800,0,15800,,0,189000,189000,03/07/2026 10:42:36	,"	",03/07/2026 10:44:06	,"	","	",03/07/2026 10:44:26	,User,Need to change shipping address,Fulfillment by seller,Kho HN,861940429369,Standard shipping,J&T Express,,p***nhung2706,Đ*** N****,(+84)096*****35,Việt Nam,Hà Nội,Phường Đại Mỗ,*************,*************************************************,,Cash on delivery,0.5,Bath & Shower,1202158137941329102	,,Unchecked,,LIVE,lepetitmarseillaisvn
584829154888550286	,Shipped,Delivered,,Normal,1734496577198523612	,1 BÁNH-XP,Xà Phòng Le Petit Marseillais Chính Hãng Bánh Xà Phòng Tắm Thiên Nhiên (Ngẫu nhiên)  1 Bánh,Mặc định,1,0,75000,75000,0,0,75000,0,14000,0,14000,,0,75000,,03/07/2026 09:15:44	,04/07/2026 15:29:34	,03/07/2026 09:31:50	,03/07/2026 10:41:35	,04/07/2026 15:29:34	,"	",,,Fulfillment by seller,Kho HCMC,861949108949,Standard shipping,J&T Express,,s***4686,Đ* V** S*,(+84)365****80,Việt Nam,Bà Rịa - Vũng Tàu,Vũng Tàu,********,**************************,,Cash on delivery,0.1,Bath & Shower,1202145516958549902	,,Unchecked,,Videos,onggiatichcuc79
584828938306553566	,Shipped,Completed,,Normal,1731317148230255836	,BONG TAM HQ,[Quà tặng không bán] Bông Tắm Tạo Bọt Mềm Mịn,Mặc định,1,0,0,0,0,0,0,0,35100,0,35100,,0,205000,,03/07/2026 08:51:22	,04/07/2026 21:25:58	,03/07/2026 09:31:50	,03/07/2026 10:32:46	,04/07/2026 21:25:58	,"	",,,Fulfillment by seller,Kho HN,861930409019,Standard shipping,J&T Express,,i***hieu.dong,Đ*** H*** L***,(+84)906****88,Việt Nam,Thái Bình,Quỳnh Phụ,*********,*************,,Cash on delivery,0.5,"Loofahs, Sponges, & Poufs",1202141745439606494	,,Unchecked,,Videos,duongmanhkien19
584828938306553566	,Shipped,Delivered,,Normal,1732251749141219548	,ST01172,"Sữa Tắm Pháp Le Petit Marseillais Cho Nam Chiết Xuất Thiên Nhiên 4in1 Nhiều Mùi Hương Dưỡng Ẩm, Thơm Lâu - Phù Hợp Mọi Loại Da (250ml)","Hương Gỗ Tuyết Tùng & Dương Xỉ, Standard",1,0,269000,269000,0,64000,205000,0,35100,0,35100,,0,205000,,03/07/2026 08:51:22	,04/07/2026 21:25:58	,03/07/2026 09:31:50	,03/07/2026 10:32:46	,04/07/2026 21:25:58	,"	",,,Fulfillment by seller,Kho HN,861930409019,Standard shipping,J&T Express,,i***hieu.dong,Đ*** H*** L***,(+84)906****88,Việt Nam,Thái Bình,Quỳnh Phụ,*********,*************,,Cash on delivery,0.5,Bath & Shower,1202141745439606494	,,Unchecked,,Videos,duongmanhkien19
584828538344932403	,Shipped,Completed,,Normal,1731317148230255836	,BONG TAM HQ,[Quà tặng không bán] Bông Tắm Tạo Bọt Mềm Mịn,Mặc định,1,0,0,0,0,0,0,0,29700,0,29700,,0,190000,,03/07/2026 08:25:49	,03/07/2026 08:25:54	,03/07/2026 09:31:50	,03/07/2026 10:41:35	,04/07/2026 09:31:53	,"	",,,Fulfillment by seller,Kho HCMC,861957939009,Standard shipping,J&T Express,,t***gducvu18,V* Đ** T****,(+84)357****18,Vietnam,Tay Ninh,Tan Ninh Ward,*************,*********************************************************************,,Apple Pay,0.5,"Loofahs, Sponges, & Poufs",1202138827496522803	,,Unchecked,,Videos,man.trung.737
584828538344932403	,Shipped,Delivered,,Normal,1732251749141154012	,ST01356,"Sữa Tắm Pháp Le Petit Marseillais Cho Nam Chiết Xuất Thiên Nhiên 4in1 Nhiều Mùi Hương Dưỡng Ẩm, Thơm Lâu - Phù Hợp Mọi Loại Da (250ml)","Hương Thông & Bạch Đàn Biển, Standard",1,0,269000,269000,15000,64000,190000,0,29700,0,29700,,0,190000,,03/07/2026 08:25:49	,03/07/2026 08:25:54	,03/07/2026 09:31:50	,03/07/2026 10:41:35	,04/07/2026 09:31:53	,"	",,,Fulfillment by seller,Kho HCMC,861957939009,Standard shipping,J&T Express,,t***gducvu18,V* Đ** T****,(+84)357****18,Vietnam,Tay Ninh,Tan Ninh Ward,*************,*********************************************************************,,Apple Pay,0.5,Bath & Shower,1202138827496522803	,,Unchecked,,Videos,man.trung.737
584828499201590676	,Shipped,Delivered,,Normal,1732251749141219548	,ST01172,"Sữa Tắm Pháp Le Petit Marseillais Cho Nam Chiết Xuất Thiên Nhiên 4in1 Nhiều Mùi Hương Dưỡng Ẩm, Thơm Lâu - Phù Hợp Mọi Loại Da (250ml)","Hương Gỗ Tuyết Tùng & Dương Xỉ, Standard",1,0,269000,269000,0,64000,205000,0,15800,0,15800,,0,205000,,03/07/2026 08:21:19	,03/07/2026 08:21:25	,03/07/2026 09:31:50	,03/07/2026 10:32:46	,04/07/2026 09:08:37	,"	",,,Fulfillment by seller,Kho HN,861912259019,Standard shipping,J&T Express,,v***asto2ovn,A H****,(+84)972****98,Việt Nam,Hà Nội,Phường Tây Mỗ,*************,*********************************************************,,Apple Pay + TikTok Shop Balance,0.5,Bath & Shower,1202137063396902292	,,Unchecked,,Videos,duongmanhkien19
584828499201590676	,Shipped,Completed,,Normal,1731317148230255836	,BONG TAM HQ,[Quà tặng không bán] Bông Tắm Tạo Bọt Mềm Mịn,Mặc định,1,0,0,0,0,0,0,0,15800,0,15800,,0,205000,,03/07/2026 08:21:19	,03/07/2026 08:21:25	,03/07/2026 09:31:50	,03/07/2026 10:32:46	,04/07/2026 09:08:37	,"	",,,Fulfillment by seller,Kho HN,861912259019,Standard shipping,J&T Express,,v***asto2ovn,A H****,(+84)972****98,Việt Nam,Hà Nội,Phường Tây Mỗ,*************,*********************************************************,,Apple Pay + TikTok Shop Balance,0.5,"Loofahs, Sponges, & Poufs",1202137063396902292	,,Unchecked,,Videos,duongmanhkien19
584828486671763227	,Shipped,Delivered,,Normal,1732251749141219548	,ST01172,"Sữa Tắm Pháp Le Petit Marseillais Cho Nam Chiết Xuất Thiên Nhiên 4in1 Nhiều Mùi Hương Dưỡng Ẩm, Thơm Lâu - Phù Hợp Mọi Loại Da (250ml)","Hương Gỗ Tuyết Tùng & Dương Xỉ, Standard",1,0,269000,269000,0,64000,205000,0,15800,0,15800,,0,205000,,03/07/2026 08:16:35	,03/07/2026 08:16:36	,03/07/2026 09:31:50	,03/07/2026 10:41:35	,04/07/2026 09:28:44	,"	",,,Fulfillment by seller,Kho HCMC,861983108959,Standard shipping,J&T Express,,a***uan1782,N***** A** Q***,(+84)903****19,Việt Nam,Hồ Chí Minh,Quận 10,*********,**************************************,,TikTok Pay Balance,0.5,Bath & Shower,1202137566886856475	,,Unchecked,,Videos,duongmanhkien19
584828486671763227	,Shipped,Completed,,Normal,1731317148230255836	,BONG TAM HQ,[Quà tặng không bán] Bông Tắm Tạo Bọt Mềm Mịn,Mặc định,1,0,0,0,0,0,0,0,15800,0,15800,,0,205000,,03/07/2026 08:16:35	,03/07/2026 08:16:36	,03/07/2026 09:31:50	,03/07/2026 10:41:35	,04/07/2026 09:28:44	,"	",,,Fulfillment by seller,Kho HCMC,861983108959,Standard shipping,J&T Express,,a***uan1782,N***** A** Q***,(+84)903****19,Việt Nam,Hồ Chí Minh,Quận 10,*********,**************************************,,TikTok Pay Balance,0.5,"Loofahs, Sponges, & Poufs",1202137566886856475	,,Unchecked,,Videos,duongmanhkien19
584827154802116228	,Shipped,Delivered,,Normal,1732250801268689116	,ST01902,"Sữa Tắm/Gel Tắm Pháp Le Petit Marseillais Chiết Xuất Thiên Nhiên 650ml - Sữa Tắm Lưu Hương Lành Tính - Dịu Nhẹ, An Toàn Cho Da","Thông & Bạch Đàn Biển, Standard",1,0,499000,499000,0,104000,395000,0,22100,0,22100,,0,395000,,03/07/2026 06:11:57	,04/07/2026 14:30:38	,03/07/2026 07:53:40	,03/07/2026 09:26:03	,04/07/2026 14:30:38	,"	",,,Fulfillment by seller,Kho HCMC,861922537799,Standard shipping,J&T Express,,l***lgct,T****,(+84)907****00,Việt Nam,Hồ Chí Minh,Xã Hiệp Phước,*************,*************************,,Cash on delivery,1,Bath & Shower,1202124986961593988	,,Unchecked,,Videos,mevyan
584827154802116228	,Shipped,Completed,,Normal,1731317148230255836	,BONG TAM HQ,[Quà tặng không bán] Bông Tắm Tạo Bọt Mềm Mịn,Mặc định,1,0,0,0,0,0,0,0,22100,0,22100,,0,395000,,03/07/2026 06:11:57	,04/07/2026 14:30:38	,03/07/2026 07:53:40	,03/07/2026 09:26:03	,04/07/2026 14:30:38	,"	",,,Fulfillment by seller,Kho HCMC,861922537799,Standard shipping,J&T Express,,l***lgct,T****,(+84)907****00,Việt Nam,Hồ Chí Minh,Xã Hiệp Phước,*************,*************************,,Cash on delivery,0.5,"Loofahs, Sponges, & Poufs",1202124986961593988	,,Unchecked,,Videos,mevyan
584826895659337611	,Shipped,Completed,,Normal,1734496577198523612	,1 BÁNH-XP,Xà Phòng Le Petit Marseillais Chính Hãng Bánh Xà Phòng Tắm Thiên Nhiên (Ngẫu nhiên)  1 Bánh,Mặc định,1,0,0,0,0,0,0,0,15800,0,15800,,0,378000,,03/07/2026 05:35:49	,03/07/2026 05:35:55	,03/07/2026 07:53:40	,03/07/2026 09:26:03	,04/07/2026 10:22:20	,"	",,,Fulfillment by seller,Kho HCMC,861938887859,Standard shipping,J&T Express,,r***_baibang.vn,R***,(+84)914****76,Việt Nam,Hồ Chí Minh,Quận 7,*********,******************,,Credit/debit card,0.1,Bath & Shower,1202123147908712331	,,Unchecked,,Videos,ahau.phuongthao
584826895659337611	,Shipped,Delivered,,Normal,1736012795077035228	,ST48441+ST65434,Combo 2 Sữa Tắm Nữ Pháp Le Petit Marseillais 250ml - Thiên Nhiên Dịu Nhẹ,"Quả Mâm Xôi Hữu Cơ & Hoa Mẫu Đơn, Bông Và Hoa Anh Túc",1,0,538000,538000,0,160000,378000,0,15800,0,15800,,0,378000,,03/07/2026 05:35:49	,03/07/2026 05:35:55	,03/07/2026 07:53:40	,03/07/2026 09:26:03	,04/07/2026 10:22:20	,"	",,,Fulfillment by seller,Kho HCMC,861938887859,Standard shipping,J&T Express,,r***_baibang.vn,R***,(+84)914****76,Việt Nam,Hồ Chí Minh,Quận 7,*********,******************,,Credit/debit card,0.6,Bath & Shower,1202123147908712331	,,Unchecked,,Videos,ahau.phuongthao
584826882018411566	,Shipped,Delivered,,Normal,1733398673842472156	,ST01356,Sữa Tắm Nam Thơm Lâu 4 in 1 Thiên Nhiên Le Petit Marseillais Chiết Xuất Thông Biển & Bạch Đàn 250ml 1356,Mặc định,1,0,269000,269000,10858,64000,194142,0,17100,0,17100,,0,447000,,03/07/2026 05:34:14	,04/07/2026 12:53:13	,03/07/2026 07:53:40	,03/07/2026 10:32:46	,04/07/2026 12:53:13	,"	",,,Fulfillment by seller,Kho HN,861938637859,Standard shipping,J&T Express,,c***u.duongg,C** D**** T**** A**,(+84)814****15,Việt Nam,Hà Nội,Cầu Giấy,*************,**********************,********,Cash on delivery,0.4,Bath & Body Care,1202123305326511150	,,Unchecked,,Videos,
584826882018411566	,Shipped,Delivered,,Normal,1735769515978753244	,DG37467,"Dầu Gội Thiên Nhiên Le Petit Marseillais Nhiều Mùi Hương 250ml Dưỡng Ẩm, Thơm Lâu - Phù Hợp Mọi Loại Da",Thải Độc Với Chiết Xuất Trà Xanh Hữu Cơ,1,0,329000,329000,14142,62000,252858,0,17100,0,17100,,0,447000,,03/07/2026 05:34:14	,04/07/2026 12:53:13	,03/07/2026 07:53:40	,03/07/2026 10:32:46	,04/07/2026 12:53:13	,"	",,,Fulfillment by seller,Kho HN,861938637859,Standard shipping,J&T Express,,c***u.duongg,C** D**** T**** A**,(+84)814****15,Việt Nam,Hà Nội,Cầu Giấy,*************,**********************,********,Cash on delivery,0.5,Shampoo & Conditioner,1202123305326511150	,,Unchecked,,Videos,meo.review56
584826882018411566	,Shipped,Completed,,Normal,1731317148230255836	,BONG TAM HQ,[Quà tặng không bán] Bông Tắm Tạo Bọt Mềm Mịn,Mặc định,1,0,0,0,0,0,0,0,17100,0,17100,,0,447000,,03/07/2026 05:34:14	,04/07/2026 12:53:13	,03/07/2026 07:53:40	,03/07/2026 10:32:46	,04/07/2026 12:53:13	,"	",,,Fulfillment by seller,Kho HN,861938637859,Standard shipping,J&T Express,,c***u.duongg,C** D**** T**** A**,(+84)814****15,Việt Nam,Hà Nội,Cầu Giấy,*************,**********************,********,Cash on delivery,0.5,"Loofahs, Sponges, & Poufs",1202123305326511150	,,Unchecked,,Videos,
584825899148019237	,Canceled,Canceled,Cancel,Normal,1731317148230255836	,BONG TAM HQ,[Quà tặng không bán] Bông Tắm Tạo Bọt Mềm Mịn,Mặc định,1,1,0,0,0,0,0,0,15800,0,15800,,0,174250,0,03/07/2026 01:39:49	,"	","	","	","	",03/07/2026 02:33:06	,User,No longer needed,Fulfillment by seller,Kho HCMC,,Standard shipping,,,l***ba.nado,n*******,(+84)093*****92,Việt Nam,Hồ Chí Minh,Tân Bình,********,******************,*************************,Cash on delivery,0.5,"Loofahs, Sponges, & Poufs",1202116831296390693	,,Unchecked,,Videos,powerpuffsgirlllll
584825899148019237	,Canceled,Canceled,Cancel,Normal,1732250914985380060	,ST01240,"Sữa Tắm/Gel Tắm Pháp Le Petit Marseillais Thiên Nhiên 250ml - Sữa Tắm Lưu Hương Lành Tính - Dịu Nhẹ, An Toàn Cho Da","Đào Trắng & Quả Xuân Đào, Standard",1,1,269000,269000,30750,64000,174250,0,15800,0,15800,,0,174250,174250,03/07/2026 01:39:49	,"	","	","	","	",03/07/2026 02:33:06	,User,No longer needed,Fulfillment by seller,Kho HCMC,,Standard shipping,,,l***ba.nado,n*******,(+84)093*****92,Việt Nam,Hồ Chí Minh,Tân Bình,********,******************,*************************,Cash on delivery,0.5,Bath & Shower,1202116831296390693	,,Unchecked,,Videos,powerpuffsgirlllll
584825720072406623	,Shipped,Completed,,Normal,1731317148230255836	,BONG TAM HQ,[Quà tặng không bán] Bông Tắm Tạo Bọt Mềm Mịn,Mặc định,1,0,0,0,0,0,0,0,31600,0,31600,,0,180400,,03/07/2026 01:06:29	,04/07/2026 13:27:03	,03/07/2026 07:53:40	,03/07/2026 09:26:03	,04/07/2026 13:27:03	,"	",,,Fulfillment by seller,Kho HCMC,861915407859,Standard shipping,J&T Express,,n***aobdsthuantienphat,C***** Đ*,(+84)345****56,Việt Nam,Tây Ninh,Xã Hậu Nghĩa,************,**********************,****************************************************************,Cash on delivery,0.5,"Loofahs, Sponges, & Poufs",1202115664882665055	,,Unchecked,,Product cards,
584825720072406623	,Shipped,Delivered,,Normal,1732251749141154012	,ST01356,"Sữa Tắm Pháp Le Petit Marseillais Cho Nam Chiết Xuất Thiên Nhiên 4in1 Nhiều Mùi Hương Dưỡng Ẩm, Thơm Lâu - Phù Hợp Mọi Loại Da (250ml)","Hương Thông & Bạch Đàn Biển, Standard",1,0,269000,269000,24600,64000,180400,0,31600,0,31600,,0,180400,,03/07/2026 01:06:29	,04/07/2026 13:27:03	,03/07/2026 07:53:40	,03/07/2026 09:26:03	,04/07/2026 13:27:03	,"	",,,Fulfillment by seller,Kho HCMC,861915407859,Standard shipping,J&T Express,,n***aobdsthuantienphat,C***** Đ*,(+84)345****56,Việt Nam,Tây Ninh,Xã Hậu Nghĩa,************,**********************,****************************************************************,Cash on delivery,0.5,Bath & Shower,1202115664882665055	,,Unchecked,,Product cards,
584825462590244051	,Canceled,Canceled,Cancel,Normal,1731317148230255836	,BONG TAM HQ,[Quà tặng không bán] Bông Tắm Tạo Bọt Mềm Mịn,Mặc định,1,1,0,0,0,0,0,0,20900,0,20900,,0,205000,0,03/07/2026 00:28:32	,"	","	","	","	",03/07/2026 00:28:51	,User,No longer needed,Fulfillment by seller,Kho HN,,Standard shipping,,,b***le97,B** L*,(+84)948****23,Vietnam,Ha Noi,Son Dong Commune,****************,*****************************,,Apple Pay,0.5,"Loofahs, Sponges, & Poufs","	",,,,Videos,vanmeoriviu
584825462590244051	,Canceled,Canceled,Cancel,Normal,1732251749141154012	,ST01356,"Sữa Tắm Pháp Le Petit Marseillais Cho Nam Chiết Xuất Thiên Nhiên 4in1 Nhiều Mùi Hương Dưỡng Ẩm, Thơm Lâu - Phù Hợp Mọi Loại Da (250ml)","Hương Thông & Bạch Đàn Biển, Standard",1,1,269000,269000,0,64000,205000,0,20900,0,20900,,0,205000,205000,03/07/2026 00:28:32	,"	","	","	","	",03/07/2026 00:28:51	,User,No longer needed,Fulfillment by seller,Kho HN,,Standard shipping,,,b***le97,B** L*,(+84)948****23,Vietnam,Ha Noi,Son Dong Commune,****************,*****************************,,Apple Pay,0.5,Bath & Shower,"	",,,,Videos,vanmeoriviu
584825457471816915	,Shipped,Completed,,Normal,1731317148230255836	,BONG TAM HQ,[Quà tặng không bán] Bông Tắm Tạo Bọt Mềm Mịn,Mặc định,1,0,0,0,0,0,0,0,20900,0,20900,,0,205000,,03/07/2026 00:27:34	,03/07/2026 00:27:40	,03/07/2026 07:53:40	,03/07/2026 10:32:46	,04/07/2026 16:20:07	,"	",,,Fulfillment by seller,Kho HN,861954477859,Standard shipping,J&T Express,,b***le97,B** L*,(+84)948****23,Vietnam,Ha Noi,Son Dong Commune,****************,*****************************,,Apple Pay,0.5,"Loofahs, Sponges, & Poufs",1202113974184084691	,,Unchecked,,Videos,vanmeoriviu
584825457471816915	,Shipped,Delivered,,Normal,1732251749141022940	,ST01431,"Sữa Tắm Pháp Le Petit Marseillais Cho Nam Chiết Xuất Thiên Nhiên 4in1 Nhiều Mùi Hương Dưỡng Ẩm, Thơm Lâu - Phù Hợp Mọi Loại Da (250ml)","Hương Cam & Tinh Dầu Argan, Standard",1,0,269000,269000,0,64000,205000,0,20900,0,20900,,0,205000,,03/07/2026 00:27:34	,03/07/2026 00:27:40	,03/07/2026 07:53:40	,03/07/2026 10:32:46	,04/07/2026 16:20:07	,"	",,,Fulfillment by seller,Kho HN,861954477859,Standard shipping,J&T Express,,b***le97,B** L*,(+84)948****23,Vietnam,Ha Noi,Son Dong Commune,****************,*****************************,,Apple Pay,0.5,Bath & Shower,1202113974184084691	,,Unchecked,,Videos,vanmeoriviu
584825460154467539	,Shipped,Completed,,Normal,1731317148230255836	,BONG TAM HQ,[Quà tặng không bán] Bông Tắm Tạo Bọt Mềm Mịn,Mặc định,1,0,0,0,0,0,0,0,20900,0,20900,,0,205000,,03/07/2026 00:26:30	,03/07/2026 00:26:37	,03/07/2026 07:53:40	,03/07/2026 10:32:46	,04/07/2026 09:36:36	,"	",,,Fulfillment by seller,Kho HN,861918887859,Standard shipping,J&T Express,,b***le97,B** L*,(+84)948****23,Vietnam,Ha Noi,Son Dong Commune,****************,*****************************,,Apple Pay,0.5,"Loofahs, Sponges, & Poufs",1202114226890441939	,,Unchecked,,Videos,vanmeoriviu
584825460154467539	,Shipped,Delivered,,Normal,1732251749141285084	,ST04371,"Sữa Tắm Pháp Le Petit Marseillais Cho Nam Chiết Xuất Thiên Nhiên 4in1 Nhiều Mùi Hương Dưỡng Ẩm, Thơm Lâu - Phù Hợp Mọi Loại Da (250ml)","Hương Gừng & Gỗ Bách, Standard",1,0,269000,269000,0,64000,205000,0,20900,0,20900,,0,205000,,03/07/2026 00:26:30	,03/07/2026 00:26:37	,03/07/2026 07:53:40	,03/07/2026 10:32:46	,04/07/2026 09:36:36	,"	",,,Fulfillment by seller,Kho HN,861918887859,Standard shipping,J&T Express,,b***le97,B** L*,(+84)948****23,Vietnam,Ha Noi,Son Dong Commune,****************,*****************************,,Apple Pay,0.5,Bath & Shower,1202114226890441939	,,Unchecked,,Videos,vanmeoriviu
584824529761240698	,Canceled,Canceled,Cancel,Normal,1732251749141219548	,ST01172,"Sữa Tắm Pháp Le Petit Marseillais Cho Nam Chiết Xuất Thiên Nhiên 4in1 Nhiều Mùi Hương Dưỡng Ẩm, Thơm Lâu - Phù Hợp Mọi Loại Da (250ml)","Hương Gỗ Tuyết Tùng & Dương Xỉ, Standard",1,1,269000,269000,0,64000,205000,0,20900,0,20900,,0,205000,205000,02/07/2026 22:58:51	,"	","	","	","	",02/07/2026 23:40:57	,User,No longer needed,Fulfillment by seller,Kho HCMC,,Standard shipping,,,m***einmyheart,T**** A*****,(+84)090*****62,Việt Nam,Bình Dương,Thuận An,********,***********************************************************************,,Cash on delivery,0.5,Bath & Shower,1202109857534609018	,,Unchecked,,Videos,huankosai
584824529761240698	,Canceled,Canceled,Cancel,Normal,1731317148230255836	,BONG TAM HQ,[Quà tặng không bán] Bông Tắm Tạo Bọt Mềm Mịn,Mặc định,1,1,0,0,0,0,0,0,20900,0,20900,,0,205000,0,02/07/2026 22:58:51	,"	","	","	","	",02/07/2026 23:40:57	,User,No longer needed,Fulfillment by seller,Kho HCMC,,Standard shipping,,,m***einmyheart,T**** A*****,(+84)090*****62,Việt Nam,Bình Dương,Thuận An,********,***********************************************************************,,Cash on delivery,0.5,"Loofahs, Sponges, & Poufs",1202109857534609018	,,Unchecked,,Videos,huankosai
584824523781473914	,Canceled,Canceled,Cancel,Normal,1732250914985380060	,ST01240,"Sữa Tắm/Gel Tắm Pháp Le Petit Marseillais Thiên Nhiên 250ml - Sữa Tắm Lưu Hương Lành Tính - Dịu Nhẹ, An Toàn Cho Da","Đào Trắng & Quả Xuân Đào, Standard",1,1,269000,269000,0,64000,205000,0,20900,0,20900,,0,205000,205000,02/07/2026 22:56:46	,"	","	","	","	",02/07/2026 22:57:49	,User,No longer needed,Fulfillment by seller,Kho HCMC,,Standard shipping,,,m***einmyheart,T**** A*****,(+84)090*****62,Việt Nam,Bình Dương,Thuận An,********,***********************************************************************,,Cash on delivery,0.5,Bath & Shower,1202109712354674298	,,Unchecked,,Product cards,
584824523781473914	,Canceled,Canceled,Cancel,Normal,1731317148230255836	,BONG TAM HQ,[Quà tặng không bán] Bông Tắm Tạo Bọt Mềm Mịn,Mặc định,1,1,0,0,0,0,0,0,20900,0,20900,,0,205000,0,02/07/2026 22:56:46	,"	","	","	","	",02/07/2026 22:57:49	,User,No longer needed,Fulfillment by seller,Kho HCMC,,Standard shipping,,,m***einmyheart,T**** A*****,(+84)090*****62,Việt Nam,Bình Dương,Thuận An,********,***********************************************************************,,Cash on delivery,0.5,"Loofahs, Sponges, & Poufs",1202109712354674298	,,Unchecked,,Product cards,
584824402671601234	,Shipped,Completed,,Normal,1731317148230255836	,BONG TAM HQ,[Quà tặng không bán] Bông Tắm Tạo Bọt Mềm Mịn,Mặc định,1,0,0,0,0,0,0,0,35100,0,35100,,0,194750,,02/07/2026 22:48:29	,04/07/2026 18:14:52	,03/07/2026 07:53:40	,03/07/2026 09:26:03	,04/07/2026 18:14:52	,"	",,,Fulfillment by seller,Kho HCMC,861962747799,Standard shipping,J&T Express,,p***ha75,N***** K***,(+84)984****77,Việt Nam,Long An,Đức Hòa,**********,************,,Cash on delivery,0.5,"Loofahs, Sponges, & Poufs",1202109123946382930	,,Unchecked,,Product cards,
584824402671601234	,Shipped,Delivered,,Normal,1732251749141154012	,ST01356,"Sữa Tắm Pháp Le Petit Marseillais Cho Nam Chiết Xuất Thiên Nhiên 4in1 Nhiều Mùi Hương Dưỡng Ẩm, Thơm Lâu - Phù Hợp Mọi Loại Da (250ml)","Hương Thông & Bạch Đàn Biển, Standard",1,0,269000,269000,10250,64000,194750,0,35100,0,35100,,0,194750,,02/07/2026 22:48:29	,04/07/2026 18:14:52	,03/07/2026 07:53:40	,03/07/2026 09:26:03	,04/07/2026 18:14:52	,"	",,,Fulfillment by seller,Kho HCMC,861962747799,Standard shipping,J&T Express,,p***ha75,N***** K***,(+84)984****77,Việt Nam,Long An,Đức Hòa,**********,************,,Cash on delivery,0.5,Bath & Shower,1202109123946382930	,,Unchecked,,Product cards,
584824283878819021	,Shipped,Completed,,Normal,1731317148230255836	,BONG TAM HQ,[Quà tặng không bán] Bông Tắm Tạo Bọt Mềm Mịn,Mặc định,1,0,0,0,0,0,0,0,15800,0,15800,,0,169100,,02/07/2026 22:37:28	,02/07/2026 22:37:32	,03/07/2026 07:53:40	,03/07/2026 10:32:46	,05/07/2026 14:55:55	,"	",,,Fulfillment by seller,Kho HN,861973917859,Standard shipping,J&T Express,,v***285,L* T** V** A**,(+84)356****47,Việt Nam,Hà Nội,Phường Bạch Mai,***************,******************************,,Zalopay,0.5,"Loofahs, Sponges, & Poufs",1202108674048296141	,,Unchecked,,Product cards,
584824283878819021	,Shipped,Delivered,,Normal,1735792088033101020	,ST00526,Sữa Tắm Dạng Kem Le Petit Marseillais Chiết Xuất Vani Hữu Cơ ư 250ml - 92% Thiên Nhiên Siêu Dịu Nhẹ,Mặc định,1,0,269000,269000,30900,69000,169100,0,15800,0,15800,,0,169100,,02/07/2026 22:37:28	,02/07/2026 22:37:32	,03/07/2026 07:53:40	,03/07/2026 10:32:46	,05/07/2026 14:55:55	,"	",,,Fulfillment by seller,Kho HN,861973917859,Standard shipping,J&T Express,,v***285,L* T** V** A**,(+84)356****47,Việt Nam,Hà Nội,Phường Bạch Mai,***************,******************************,,Zalopay,0.4,Bath & Shower,1202108674048296141	,,Unchecked,,Product cards,
584823625230681134	,Canceled,Canceled,Cancel,Normal,1731317148230255836	,BONG TAM HQ,[Quà tặng không bán] Bông Tắm Tạo Bọt Mềm Mịn,Mặc định,1,1,0,0,0,0,0,0,17100,0,17100,,0,536000,0,02/07/2026 21:56:38	,"	","	","	","	",02/07/2026 21:57:04	,User,No longer needed,Fulfillment by seller,Kho HN,,Standard shipping,,,c***u.duongg,C** D**** T**** A**,(+84)814****15,Việt Nam,Hà Nội,Cầu Giấy,*************,**********************,********,MoMo E-Wallet,0.5,"Loofahs, Sponges, & Poufs","	",,,,Product cards,
584823625230681134	,Canceled,Canceled,Cancel,Normal,1735769515978753244	,DG37467,"Dầu Gội Thiên Nhiên Le Petit Marseillais Nhiều Mùi Hương 250ml Dưỡng Ẩm, Thơm Lâu - Phù Hợp Mọi Loại Da",Thải Độc Với Chiết Xuất Trà Xanh Hữu Cơ,1,1,329000,329000,0,62000,267000,0,17100,0,17100,,0,536000,267000,02/07/2026 21:56:38	,"	","	","	","	",02/07/2026 21:57:04	,User,No longer needed,Fulfillment by seller,Kho HN,,Standard shipping,,,c***u.duongg,C** D**** T**** A**,(+84)814****15,Việt Nam,Hà Nội,Cầu Giấy,*************,**********************,********,MoMo E-Wallet,0.5,Shampoo & Conditioner,"	",,,,Product cards,
584823625230681134	,Canceled,Canceled,Cancel,Normal,1736140698773128412	,ST92871,[KOL] Sữa Tắm Pháp Le Petit Marseillais Thiên Nhiên 250ml,"Bạc Hà, Standard",1,1,269000,269000,0,0,269000,0,17100,0,17100,,0,536000,269000,02/07/2026 21:56:38	,"	","	","	","	",02/07/2026 21:57:04	,User,No longer needed,Fulfillment by seller,Kho HN,,Standard shipping,,,c***u.duongg,C** D**** T**** A**,(+84)814****15,Việt Nam,Hà Nội,Cầu Giấy,*************,**********************,********,MoMo E-Wallet,0.5,Bath & Shower,"	",,,,Product cards,
584823328541607273	,Shipped,Delivered,,Normal,1732252943759018204	,DG74042,"Dầu Gội Thiên Nhiên Le Petit Marseillais Nhiều Mùi Hương 250ml Dưỡng Ẩm, Thơm Lâu - Phù Hợp Mọi Loại Da",Trị Gàu 2 In 1 Tinh Dầu Bạc Hà,1,0,329000,329000,0,62000,267000,0,26200,0,26200,,0,267000,,02/07/2026 21:40:23	,04/07/2026 13:57:24	,02/07/2026 21:59:15	,03/07/2026 09:26:03	,04/07/2026 13:57:24	,"	",,,Fulfillment by seller,Kho HCMC,861907686799,Standard shipping,J&T Express,,m***mich6203,m*******,(+84)093*****73,Việt Nam,Đồng Nai,Biên Hòa,*******,**********************************************************,,Cash on delivery,0.5,Shampoo & Conditioner,1202104395125654889	,,Unchecked,,Videos,tuyetcookies
584822505798600410	,Shipped,Completed,,Normal,1731317148230255836	,BONG TAM HQ,[Quà tặng không bán] Bông Tắm Tạo Bọt Mềm Mịn,Mặc định,1,0,0,0,0,0,0,0,15800,0,15800,,0,205000,,02/07/2026 20:48:26	,02/07/2026 20:48:40	,02/07/2026 21:22:27	,03/07/2026 09:26:03	,04/07/2026 12:04:24	,"	",,,Fulfillment by seller,Kho HCMC,861975286799,Standard shipping,J&T Express,,d***dinh2707,C** Đ***,(+84)768****68,Việt Nam,Hồ Chí Minh,Phường Nhiêu Lộc,****************,*****************************************************,,MoMo E-Wallet,0.5,"Loofahs, Sponges, & Poufs",1202100622995982042	,,Unchecked,,LIVE,ron_tran_
584822505798600410	,Shipped,Delivered,,Normal,1732251749141219548	,ST01172,"Sữa Tắm Pháp Le Petit Marseillais Cho Nam Chiết Xuất Thiên Nhiên 4in1 Nhiều Mùi Hương Dưỡng Ẩm, Thơm Lâu - Phù Hợp Mọi Loại Da (250ml)","Hương Gỗ Tuyết Tùng & Dương Xỉ, Standard",1,0,269000,269000,0,64000,205000,0,15800,0,15800,,0,205000,,02/07/2026 20:48:26	,02/07/2026 20:48:40	,02/07/2026 21:22:27	,03/07/2026 09:26:03	,04/07/2026 12:04:24	,"	",,,Fulfillment by seller,Kho HCMC,861975286799,Standard shipping,J&T Express,,d***dinh2707,C** Đ***,(+84)768****68,Việt Nam,Hồ Chí Minh,Phường Nhiêu Lộc,****************,*****************************************************,,MoMo E-Wallet,0.5,Bath & Shower,1202100622995982042	,,Unchecked,,LIVE,ron_tran_
584822251533010266	,Shipped,Completed,,Normal,1731317148230255836	,BONG TAM HQ,[Quà tặng không bán] Bông Tắm Tạo Bọt Mềm Mịn,Mặc định,1,0,0,0,0,0,0,0,47600,0,47600,,0,269000,,02/07/2026 20:35:31	,04/07/2026 15:12:45	,02/07/2026 21:22:27	,03/07/2026 10:32:46	,04/07/2026 15:12:45	,"	",,,Fulfillment by seller,Kho HN,861954046799,Standard shipping,J&T Express,,d***56989687567889,d**,(+84)988****19,Việt Nam,Thanh Hóa,Nghi Sơn,**********,*******,,Cash on delivery,0.5,"Loofahs, Sponges, & Poufs",1202099490696365402	,,Unchecked,,LIVE,lepetitmarseillaisvn
584822251533010266	,Shipped,Delivered,,Normal,1736140703119410396	,ST01172,"[KOL] Sữa Tắm Nam Le Petit Marseillais 4in1 250ml - Thơm Lâu, Dưỡng Ẩm","Hương Gỗ Tuyết Tùng & Dương Xỉ, Standard",1,0,269000,269000,0,0,269000,0,47600,0,47600,,0,269000,,02/07/2026 20:35:31	,04/07/2026 15:12:45	,02/07/2026 21:22:27	,03/07/2026 10:32:46	,04/07/2026 15:12:45	,"	",,,Fulfillment by seller,Kho HN,861954046799,Standard shipping,J&T Express,,d***56989687567889,d**,(+84)988****19,Việt Nam,Thanh Hóa,Nghi Sơn,**********,*******,,Cash on delivery,0.5,Bath & Shower,1202099490696365402	,,Unchecked,,LIVE,lepetitmarseillaisvn
584822252121130330	,Shipped,Completed,,Normal,1734496577198523612	,1 BÁNH-XP,Xà Phòng Le Petit Marseillais Chính Hãng Bánh Xà Phòng Tắm Thiên Nhiên (Ngẫu nhiên)  1 Bánh,Mặc định,1,0,0,0,0,0,0,0,29700,0,29700,,0,302400,,02/07/2026 20:35:22	,04/07/2026 20:26:30	,02/07/2026 21:22:27	,03/07/2026 09:26:39	,04/07/2026 20:26:30	,"	",,,Fulfillment by seller,Kho HCMC,861978826789,Standard shipping,J&T Express,,b***476,H*** Y**,(+84)076*****19,Việt Nam,Cần Thơ,Bình Thuỷ,*******,**************************************************,,Cash on delivery,0.1,Bath & Shower,1202099759678784858	,,Unchecked,,LIVE,ron_tran_
584822252121130330	,Shipped,Delivered,,Normal,1736012795081229532	,ST19308+ST92871,Combo 2 Sữa Tắm Nữ Pháp Le Petit Marseillais 250ml - Thiên Nhiên Dịu Nhẹ,"Lựu, Lá Bạc Hà ",1,0,538000,538000,75600,160000,302400,0,29700,0,29700,,0,302400,,02/07/2026 20:35:22	,04/07/2026 20:26:30	,02/07/2026 21:22:27	,03/07/2026 09:26:39	,04/07/2026 20:26:30	,"	",,,Fulfillment by seller,Kho HCMC,861978826789,Standard shipping,J&T Express,,b***476,H*** Y**,(+84)076*****19,Việt Nam,Cần Thơ,Bình Thuỷ,*******,**************************************************,,Cash on delivery,0.6,Bath & Shower,1202099759678784858	,,Unchecked,,LIVE,ron_tran_
584822250596697434	,Canceled,Canceled,Cancel,Normal,1736012795081229532	,ST19308+ST92871,Combo 2 Sữa Tắm Nữ Pháp Le Petit Marseillais 250ml - Thiên Nhiên Dịu Nhẹ,"Lựu, Lá Bạc Hà ",1,1,538000,538000,56700,160000,321300,0,29700,0,29700,,0,321300,321300,02/07/2026 20:34:43	,"	","	","	","	",02/07/2026 20:35:51	,User,Better price available,Fulfillment by seller,Kho HCMC,,Standard shipping,,,b***476,H*** Y**,(+84)076*****19,Việt Nam,Cần Thơ,Bình Thuỷ,*******,**************************************************,,Cash on delivery,0.6,Bath & Shower,1202099118911292762	,,Unchecked,,LIVE,ron_tran_
584822250596697434	,Canceled,Canceled,Cancel,Normal,1734496577198523612	,1 BÁNH-XP,Xà Phòng Le Petit Marseillais Chính Hãng Bánh Xà Phòng Tắm Thiên Nhiên (Ngẫu nhiên)  1 Bánh,Mặc định,1,1,0,0,0,0,0,0,29700,0,29700,,0,321300,0,02/07/2026 20:34:43	,"	","	","	","	",02/07/2026 20:35:51	,User,Better price available,Fulfillment by seller,Kho HCMC,,Standard shipping,,,b***476,H*** Y**,(+84)076*****19,Việt Nam,Cần Thơ,Bình Thuỷ,*******,**************************************************,,Cash on delivery,0.1,Bath & Shower,1202099118911292762	,,Unchecked,,LIVE,ron_tran_
584822153340290254	,Shipped,Completed,,Normal,1734496577198523612	,1 BÁNH-XP,Xà Phòng Le Petit Marseillais Chính Hãng Bánh Xà Phòng Tắm Thiên Nhiên (Ngẫu nhiên)  1 Bánh,Mặc định,1,0,0,0,0,0,0,0,15800,0,15800,,0,317520,,02/07/2026 20:33:30	,02/07/2026 20:33:36	,02/07/2026 21:22:27	,03/07/2026 09:26:03	,04/07/2026 10:15:51	,"	",,,Fulfillment by seller,Kho HCMC,861939176789,Standard shipping,J&T Express,,m***edung,T***** t**** n*** d***,(+84)090*****11,Việt Nam,Hồ Chí Minh,Quận 10,********,******************,*************************,Zalopay + TikTok Shop Balance,0.1,Bath & Shower,1202099237325276366	,,Unchecked,,LIVE,ron_tran_
584822153340290254	,Shipped,Delivered,,Normal,1736012795077166300	,ST48441+ST00892,Combo 2 Sữa Tắm Nữ Pháp Le Petit Marseillais 250ml - Thiên Nhiên Dịu Nhẹ,"Quả Mâm Xôi Hữu Cơ & Hoa Mẫu Đơn, Hạnh Nhân ",1,0,538000,538000,60480,160000,317520,0,15800,0,15800,,0,317520,,02/07/2026 20:33:30	,02/07/2026 20:33:36	,02/07/2026 21:22:27	,03/07/2026 09:26:03	,04/07/2026 10:15:51	,"	",,,Fulfillment by seller,Kho HCMC,861939176789,Standard shipping,J&T Express,,m***edung,T***** t**** n*** d***,(+84)090*****11,Việt Nam,Hồ Chí Minh,Quận 10,********,******************,*************************,Zalopay + TikTok Shop Balance,0.6,Bath & Shower,1202099237325276366	,,Unchecked,,LIVE,ron_tran_
584821790708303124	,Canceled,Canceled,Cancel,Normal,1734496577198523612	,1 BÁNH-XP,Xà Phòng Le Petit Marseillais Chính Hãng Bánh Xà Phòng Tắm Thiên Nhiên (Ngẫu nhiên)  1 Bánh,Mặc định,1,1,0,0,0,0,0,0,15800,0,15800,,0,378000,0,02/07/2026 20:12:31	,"	","	","	","	",02/07/2026 20:13:35	,User,No longer needed,Fulfillment by seller,Kho HCMC,,Standard shipping,,,c***otdang,C****,(+84)933****65,Vietnam,Ho Chi Minh,Binh Thanh,******,***********************,,Cash on delivery,0.1,Bath & Shower,1202097580294309140	,,Unchecked,,LIVE,ron_tran_
584821790708303124	,Canceled,Canceled,Cancel,Normal,1736012747228218588	,ST54463+ST92871,Combo 2 Sữa Tắm Nữ Pháp Le Petit Marseillais 250ml - Thiên Nhiên Dịu Nhẹ,"Muối Biển, Lá Bạc Hà ",1,1,538000,538000,0,160000,378000,0,15800,0,15800,,0,378000,378000,02/07/2026 20:12:31	,"	","	","	","	",02/07/2026 20:13:35	,User,No longer needed,Fulfillment by seller,Kho HCMC,,Standard shipping,,,c***otdang,C****,(+84)933****65,Vietnam,Ho Chi Minh,Binh Thanh,******,***********************,,Cash on delivery,0.6,Bath & Shower,1202097580294309140	,,Unchecked,,LIVE,ron_tran_
584821747351390158	,Shipped,Delivered,,Normal,1735803002801456348	,DG74646,Dầu Gội Kiềm Dầu Le Petit Marseillais Tầm Ma Và Chanh Hữu Cơ 300ml,Mặc định,1,0,499000,499000,96924,89000,313076,0,2000,0,2000,,0,313076,,02/07/2026 20:07:40	,04/07/2026 10:59:56	,02/07/2026 21:22:27	,03/07/2026 09:26:03	,04/07/2026 10:59:56	,"	",,,Fulfillment by seller,Kho HCMC,861998826789,Standard shipping,J&T Express,,n***is4591,N*****,(+84)058*****86,Việt Nam,Hồ Chí Minh,Phường Thuận An,***************,*********************,***********,Cash on delivery,0.45,Shampoo & Conditioner,1202097111494592462	,,Unchecked,,Product cards,
584821779972785493	,Shipped,Completed,,Normal,1731317148230255836	,BONG TAM HQ,[Quà tặng không bán] Bông Tắm Tạo Bọt Mềm Mịn,Mặc định,1,0,0,0,0,0,0,0,35100,0,35100,,0,205000,,02/07/2026 20:04:10	,04/07/2026 20:37:09	,02/07/2026 21:22:27	,03/07/2026 09:26:03	,04/07/2026 20:37:09	,"	",,,Fulfillment by seller,Kho HCMC,861901296739,Standard shipping,J&T Express,,2***b.latte,H**** P***,(+84)077*****03,Việt Nam,Tỉnh Sóc Trăng,Kế Sách,***********,*********************************************************,,Cash on delivery,0.5,"Loofahs, Sponges, & Poufs",1202096667150746965	,,Unchecked,,LIVE,ron_tran_
584821779972785493	,Shipped,Delivered,,Normal,1732251749141219548	,ST01172,"Sữa Tắm Pháp Le Petit Marseillais Cho Nam Chiết Xuất Thiên Nhiên 4in1 Nhiều Mùi Hương Dưỡng Ẩm, Thơm Lâu - Phù Hợp Mọi Loại Da (250ml)","Hương Gỗ Tuyết Tùng & Dương Xỉ, Standard",1,0,269000,269000,0,64000,205000,0,35100,0,35100,,0,205000,,02/07/2026 20:04:10	,04/07/2026 20:37:09	,02/07/2026 21:22:27	,03/07/2026 09:26:03	,04/07/2026 20:37:09	,"	",,,Fulfillment by seller,Kho HCMC,861901296739,Standard shipping,J&T Express,,2***b.latte,H**** P***,(+84)077*****03,Việt Nam,Tỉnh Sóc Trăng,Kế Sách,***********,*********************************************************,,Cash on delivery,0.5,Bath & Shower,1202096667150746965	,,Unchecked,,LIVE,ron_tran_
584821621672215828	,Shipped,Delivered,,Normal,1736012747228480732	,ST54463+ST54463,Combo 2 Sữa Tắm Nữ Pháp Le Petit Marseillais 250ml - Thiên Nhiên Dịu Nhẹ,"Muối Biển, Muối Biển",1,0,538000,538000,64260,160000,313740,0,15800,0,15800,,0,313740,,02/07/2026 20:02:56	,04/07/2026 13:46:42	,02/07/2026 21:22:27	,03/07/2026 09:26:39	,04/07/2026 13:46:42	,"	",,,Fulfillment by seller,Kho HCMC,861982876739,Standard shipping,J&T Express,,c***otdang,C****,(+84)933****65,Vietnam,Ho Chi Minh,Binh Thanh,******,***********************,,Cash on delivery,0.6,Bath & Shower,1202096364374689044	,,Unchecked,,LIVE,ron_tran_
584821621672215828	,Shipped,Completed,,Normal,1734496577198523612	,1 BÁNH-XP,Xà Phòng Le Petit Marseillais Chính Hãng Bánh Xà Phòng Tắm Thiên Nhiên (Ngẫu nhiên)  1 Bánh,Mặc định,1,0,0,0,0,0,0,0,15800,0,15800,,0,313740,,02/07/2026 20:02:56	,04/07/2026 13:46:42	,02/07/2026 21:22:27	,03/07/2026 09:26:39	,04/07/2026 13:46:42	,"	",,,Fulfillment by seller,Kho HCMC,861982876739,Standard shipping,J&T Express,,c***otdang,C****,(+84)933****65,Vietnam,Ho Chi Minh,Binh Thanh,******,***********************,,Cash on delivery,0.1,Bath & Shower,1202096364374689044	,,Unchecked,,LIVE,ron_tran_
584821411004843060	,Shipped,Completed,,Normal,1731317148230255836	,BONG TAM HQ,[Quà tặng không bán] Bông Tắm Tạo Bọt Mềm Mịn,Mặc định,1,0,0,0,0,0,0,0,29700,0,29700,,0,205000,,02/07/2026 19:52:02	,04/07/2026 18:22:52	,02/07/2026 21:22:27	,03/07/2026 10:32:46	,04/07/2026 18:22:52	,"	",,,Fulfillment by seller,Kho HN,861915286799,Standard shipping,J&T Express,,b***u0612_,B** N*** H***,(+84)086*****07,Việt Nam,Quảng Ninh,Phường Cẩm Phả,**************,**************************************,,Cash on delivery,0.5,"Loofahs, Sponges, & Poufs",1202095542515958836	,,Unchecked,,Videos,mandepcungyen
584821411004843060	,Shipped,Delivered,,Normal,1732250914985183452	,ST00526,"Sữa Tắm/Gel Tắm Pháp Le Petit Marseillais Thiên Nhiên 250ml - Sữa Tắm Lưu Hương Lành Tính - Dịu Nhẹ, An Toàn Cho Da","Vani, Standard",1,0,269000,269000,0,64000,205000,0,29700,0,29700,,0,205000,,02/07/2026 19:52:02	,04/07/2026 18:22:52	,02/07/2026 21:22:27	,03/07/2026 10:32:46	,04/07/2026 18:22:52	,"	",,,Fulfillment by seller,Kho HN,861915286799,Standard shipping,J&T Express,,b***u0612_,B** N*** H***,(+84)086*****07,Việt Nam,Quảng Ninh,Phường Cẩm Phả,**************,**************************************,,Cash on delivery,0.5,Bath & Shower,1202095542515958836	,,Unchecked,,Videos,mandepcungyen
584821479084885167	,Shipped,Delivered,,Normal,1736012795077035228	,ST48441+ST65434,Combo 2 Sữa Tắm Nữ Pháp Le Petit Marseillais 250ml - Thiên Nhiên Dịu Nhẹ,"Quả Mâm Xôi Hữu Cơ & Hoa Mẫu Đơn, Bông Và Hoa Anh Túc",1,0,538000,538000,56700,160000,321300,0,47600,0,47600,,0,321300,,02/07/2026 19:51:15	,05/07/2026 11:46:18	,02/07/2026 21:22:27	,03/07/2026 09:26:39	,05/07/2026 11:46:18	,"	",,,Fulfillment by seller,Kho HCMC,861955286799,Standard shipping,J&T Express,"Mâm xôi và mẫu đơn, bông và hoa anh túc",l***pham_omg,L*** P***,(+84)033*****66,Việt Nam,Kon Tum,Kon Plông,********,******************,***********,Cash on delivery,0.6,Bath & Shower,1202096104821064879	,,Unchecked,,LIVE,ron_tran_
584821479084885167	,Shipped,Completed,,Normal,1734496577198523612	,1 BÁNH-XP,Xà Phòng Le Petit Marseillais Chính Hãng Bánh Xà Phòng Tắm Thiên Nhiên (Ngẫu nhiên)  1 Bánh,Mặc định,1,0,0,0,0,0,0,0,47600,0,47600,,0,321300,,02/07/2026 19:51:15	,05/07/2026 11:46:18	,02/07/2026 21:22:27	,03/07/2026 09:26:39	,05/07/2026 11:46:18	,"	",,,Fulfillment by seller,Kho HCMC,861955286799,Standard shipping,J&T Express,"Mâm xôi và mẫu đơn, bông và hoa anh túc",l***pham_omg,L*** P***,(+84)033*****66,Việt Nam,Kon Tum,Kon Plông,********,******************,***********,Cash on delivery,0.1,Bath & Shower,1202096104821064879	,,Unchecked,,LIVE,ron_tran_
584821444620944561	,Shipped,Completed,,Normal,1731317148230255836	,BONG TAM HQ,[Quà tặng không bán] Bông Tắm Tạo Bọt Mềm Mịn,Mặc định,1,0,0,0,0,0,0,0,35100,0,35100,,0,205000,,02/07/2026 19:50:21	,04/07/2026 19:27:17	,02/07/2026 21:22:27	,03/07/2026 09:26:39	,04/07/2026 19:27:17	,"	",,,Fulfillment by seller,Kho HCMC,861995276799,Standard shipping,J&T Express,,h***kim.thanh,H** K** T****,(+84)975****97,Việt Nam,Đồng Tháp,Phường Cai Lậy,**************,**********,**********,Cash on delivery,0.5,"Loofahs, Sponges, & Poufs",1202095126377563313	,,Unchecked,,LIVE,ron_tran_
584821444620944561	,Shipped,Delivered,,Normal,1732250914985380060	,ST01240,"Sữa Tắm/Gel Tắm Pháp Le Petit Marseillais Thiên Nhiên 250ml - Sữa Tắm Lưu Hương Lành Tính - Dịu Nhẹ, An Toàn Cho Da","Đào Trắng & Quả Xuân Đào, Standard",1,0,269000,269000,0,64000,205000,0,35100,0,35100,,0,205000,,02/07/2026 19:50:21	,04/07/2026 19:27:17	,02/07/2026 21:22:27	,03/07/2026 09:26:39	,04/07/2026 19:27:17	,"	",,,Fulfillment by seller,Kho HCMC,861995276799,Standard shipping,J&T Express,,h***kim.thanh,H** K** T****,(+84)975****97,Việt Nam,Đồng Tháp,Phường Cai Lậy,**************,**********,**********,Cash on delivery,0.5,Bath & Shower,1202095126377563313	,,Unchecked,,LIVE,ron_tran_
584821184012452970	,Shipped,Completed,,Normal,1734496577198523612	,1 BÁNH-XP,Xà Phòng Le Petit Marseillais Chính Hãng Bánh Xà Phòng Tắm Thiên Nhiên (Ngẫu nhiên)  1 Bánh,Mặc định,1,0,0,0,0,0,0,0,15800,0,15800,,0,317520,,02/07/2026 19:34:57	,02/07/2026 19:36:29	,02/07/2026 21:22:27	,03/07/2026 09:26:39	,04/07/2026 10:42:47	,"	",,,Fulfillment by seller,Kho HCMC,861934046799,Standard shipping,J&T Express,,d***ylalm,T**** T****,(+84)903****38,Việt Nam,Hồ Chí Minh,Phường An Lạc,*************,************,******************************,Apple Pay,0.1,Bath & Shower,1202093982911071338	,,Unchecked,,LIVE,ron_tran_
584821184012452970	,Shipped,Delivered,,Normal,1736012795077297372	,ST48441+ST92871,Combo 2 Sữa Tắm Nữ Pháp Le Petit Marseillais 250ml - Thiên Nhiên Dịu Nhẹ,"Quả Mâm Xôi Hữu Cơ & Hoa Mẫu Đơn, Lá Bạc Hà ",1,0,538000,538000,60480,160000,317520,0,15800,0,15800,,0,317520,,02/07/2026 19:34:57	,02/07/2026 19:36:29	,02/07/2026 21:22:27	,03/07/2026 09:26:39	,04/07/2026 10:42:47	,"	",,,Fulfillment by seller,Kho HCMC,861934046799,Standard shipping,J&T Express,,d***ylalm,T**** T****,(+84)903****38,Việt Nam,Hồ Chí Minh,Phường An Lạc,*************,************,******************************,Apple Pay,0.6,Bath & Shower,1202093982911071338	,,Unchecked,,LIVE,ron_tran_
584821175940121615	,Shipped,Delivered,,Normal,1736012795078870236	,ST65434+ST92871,Combo 2 Sữa Tắm Nữ Pháp Le Petit Marseillais 250ml - Thiên Nhiên Dịu Nhẹ,"Bông Và Hoa Anh Túc, Lá Bạc Hà ",1,0,538000,538000,75600,160000,302400,0,17100,0,17100,,0,604800,,02/07/2026 19:30:39	,02/07/2026 19:30:44	,02/07/2026 21:22:27	,03/07/2026 09:26:39	,04/07/2026 11:59:34	,"	",,,Fulfillment by seller,Kho HCMC,861981286739,Standard shipping,J&T Express,,d***unghieu,H**** T**** H***,(+84)034*****79,Việt Nam,Hồ Chí Minh,Phường Bình Trưng,*****************,**********************************************,*****,MoMo E-Wallet,0.6,Bath & Shower,1202093489797628943	,,Unchecked,,LIVE,ron_tran_
584821175940121615	,Shipped,Completed,,Normal,1734496577198523612	,1 BÁNH-XP,Xà Phòng Le Petit Marseillais Chính Hãng Bánh Xà Phòng Tắm Thiên Nhiên (Ngẫu nhiên)  1 Bánh,Mặc định,1,0,0,0,0,0,0,0,17100,0,17100,,0,604800,,02/07/2026 19:30:39	,02/07/2026 19:30:44	,02/07/2026 21:22:27	,03/07/2026 09:26:39	,04/07/2026 11:59:34	,"	",,,Fulfillment by seller,Kho HCMC,861981286739,Standard shipping,J&T Express,,d***unghieu,H**** T**** H***,(+84)034*****79,Việt Nam,Hồ Chí Minh,Phường Bình Trưng,*****************,**********************************************,*****,MoMo E-Wallet,0.1,Bath & Shower,1202093489797628943	,,Unchecked,,LIVE,ron_tran_
584821175940121615	,Shipped,Delivered,,Normal,1736012795076117724	,ST00823+ST48441,Combo 2 Sữa Tắm Nữ Pháp Le Petit Marseillais 250ml - Thiên Nhiên Dịu Nhẹ,"Hoa Cam, Quả Mâm Xôi Hữu Cơ & Hoa Mẫu Đơn",1,0,538000,538000,75600,160000,302400,0,17100,0,17100,,0,604800,,02/07/2026 19:30:39	,02/07/2026 19:30:44	,02/07/2026 21:22:27	,03/07/2026 09:26:39	,04/07/2026 11:59:34	,"	",,,Fulfillment by seller,Kho HCMC,861981286739,Standard shipping,J&T Express,,d***unghieu,H**** T**** H***,(+84)034*****79,Việt Nam,Hồ Chí Minh,Phường Bình Trưng,*****************,**********************************************,*****,MoMo E-Wallet,0.6,Bath & Shower,1202093489797628943	,,Unchecked,,LIVE,ron_tran_
584821083387167864	,Shipped,Completed,,Normal,1731317148230255836	,BONG TAM HQ,[Quà tặng không bán] Bông Tắm Tạo Bọt Mềm Mịn,Mặc định,1,0,0,0,0,0,0,0,15800,0,15800,,0,189000,,02/07/2026 19:28:54	,02/07/2026 19:29:00	,02/07/2026 21:22:27	,03/07/2026 10:32:46	,04/07/2026 12:46:56	,"	",,,Fulfillment by seller,Kho HN,861980796739,Standard shipping,J&T Express,,m***18_,B** C*****,(+84)335****01,Việt Nam,Hà Nội,Phường Tương Mai,****************,**********************,**********,Credit/debit card,0.5,"Loofahs, Sponges, & Poufs",1202093889832977528	,,Unchecked,,LIVE,ron_tran_
584821083387167864	,Shipped,Delivered,,Normal,1736140698773587164	,ST54494,[KOL] Sữa Tắm Pháp Le Petit Marseillais Thiên Nhiên 250ml,"Dừa, Standard",1,0,269000,269000,0,80000,189000,0,15800,0,15800,,0,189000,,02/07/2026 19:28:54	,02/07/2026 19:29:00	,02/07/2026 21:22:27	,03/07/2026 10:32:46	,04/07/2026 12:46:56	,"	",,,Fulfillment by seller,Kho HN,861980796739,Standard shipping,J&T Express,,m***18_,B** C*****,(+84)335****01,Việt Nam,Hà Nội,Phường Tương Mai,****************,**********************,**********,Credit/debit card,0.5,Bath & Shower,1202093889832977528	,,Unchecked,,LIVE,ron_tran_
584820995351021118	,Shipped,Delivered,,Normal,1736012795078673628	,ST65434+ST00526,Combo 2 Sữa Tắm Nữ Pháp Le Petit Marseillais 250ml - Thiên Nhiên Dịu Nhẹ,"Bông Và Hoa Anh Túc, Vani",1,0,538000,538000,56700,160000,321300,0,35500,0,35500,,0,321300,,02/07/2026 19:24:51	,02/07/2026 19:24:53	,02/07/2026 21:22:27	,03/07/2026 10:32:46	,06/07/2026 09:22:04	,"	",,,Fulfillment by seller,Kho HN,861922226739,Standard shipping,J&T Express,,b***in1107,N** N*****,(+84)906****11,Vietnam,Ho Chi Minh,Quan Thu Duc,***************,*************,*****************,TikTok Shop Balance,0.6,Bath & Shower,1202092567129851454	,,Unchecked,,LIVE,ron_tran_
584820992984975228	,Shipped,Completed,,Normal,1734496577198523612	,1 BÁNH-XP,Xà Phòng Le Petit Marseillais Chính Hãng Bánh Xà Phòng Tắm Thiên Nhiên (Ngẫu nhiên)  1 Bánh,Mặc định,1,0,0,0,0,0,0,0,15800,0,15800,,0,302400,,02/07/2026 19:23:30	,04/07/2026 12:35:57	,02/07/2026 21:22:27	,03/07/2026 10:32:47	,04/07/2026 12:35:57	,"	",,,Fulfillment by seller,Kho HN,861958826789,Standard shipping,J&T Express,,.***nhhhhhh,m** a**,(+84)968****99,Việt Nam,Hà Nội,Phường Ngọc Hà,**************,*************,**************,Cash on delivery,0.1,Bath & Shower,1202092696014653308	,,Unchecked,,LIVE,ron_tran_
584820992984975228	,Shipped,Delivered,,Normal,1736012795077035228	,ST48441+ST65434,Combo 2 Sữa Tắm Nữ Pháp Le Petit Marseillais 250ml - Thiên Nhiên Dịu Nhẹ,"Quả Mâm Xôi Hữu Cơ & Hoa Mẫu Đơn, Bông Và Hoa Anh Túc",1,0,538000,538000,75600,160000,302400,0,15800,0,15800,,0,302400,,02/07/2026 19:23:30	,04/07/2026 12:35:57	,02/07/2026 21:22:27	,03/07/2026 10:32:47	,04/07/2026 12:35:57	,"	",,,Fulfillment by seller,Kho HN,861958826789,Standard shipping,J&T Express,,.***nhhhhhh,m** a**,(+84)968****99,Việt Nam,Hà Nội,Phường Ngọc Hà,**************,*************,**************,Cash on delivery,0.6,Bath & Shower,1202092696014653308	,,Unchecked,,LIVE,ron_tran_
584819865241159025	,Shipped,Delivered,,Normal,1732251749141219548	,ST01172,"Sữa Tắm Pháp Le Petit Marseillais Cho Nam Chiết Xuất Thiên Nhiên 4in1 Nhiều Mùi Hương Dưỡng Ẩm, Thơm Lâu - Phù Hợp Mọi Loại Da (250ml)","Hương Gỗ Tuyết Tùng & Dương Xỉ, Standard",1,0,269000,269000,30750,64000,174250,0,29700,0,29700,,0,174250,,02/07/2026 18:10:09	,04/07/2026 20:29:37	,02/07/2026 18:14:28	,03/07/2026 10:32:46	,04/07/2026 20:29:37	,"	",,,Fulfillment by seller,Kho HN,861909266469,Standard shipping,J&T Express,,a***menly,V* T*** T****,(+84)342****18,Việt Nam,Quảng Ninh,Hạ Long,********,****************************,,Cash on delivery,0.5,Bath & Shower,1202086472333100401	,,Unchecked,,Videos,man.trung.737
584819865241159025	,Shipped,Completed,,Normal,1731317148230255836	,BONG TAM HQ,[Quà tặng không bán] Bông Tắm Tạo Bọt Mềm Mịn,Mặc định,1,0,0,0,0,0,0,0,29700,0,29700,,0,174250,,02/07/2026 18:10:09	,04/07/2026 20:29:37	,02/07/2026 18:14:28	,03/07/2026 10:32:46	,04/07/2026 20:29:37	,"	",,,Fulfillment by seller,Kho HN,861909266469,Standard shipping,J&T Express,,a***menly,V* T*** T****,(+84)342****18,Việt Nam,Quảng Ninh,Hạ Long,********,****************************,,Cash on delivery,0.5,"Loofahs, Sponges, & Poufs",1202086472333100401	,,Unchecked,,Videos,man.trung.737
584819199826560965	,Canceled,Canceled,Cancel,Normal,1732251749141219548	,ST01172,"Sữa Tắm Pháp Le Petit Marseillais Cho Nam Chiết Xuất Thiên Nhiên 4in1 Nhiều Mùi Hương Dưỡng Ẩm, Thơm Lâu - Phù Hợp Mọi Loại Da (250ml)","Hương Gỗ Tuyết Tùng & Dương Xỉ, Standard",1,1,269000,269000,30750,64000,174250,0,29700,0,29700,,0,174250,174250,02/07/2026 17:30:49	,"	","	","	","	",02/07/2026 17:39:40	,User,No longer needed,Fulfillment by seller,Kho HN,,Standard shipping,,,t***ran1111,T*** T** T**,(+84)094*****10,Việt Nam,Tỉnh Nam Định,Nam Định,********,*************************************,,Cash on delivery,0.5,Bath & Shower,1202082218536175557	,,Unchecked,,Videos,man.trung.737
584819199826560965	,Canceled,Canceled,Cancel,Normal,1731317148230255836	,BONG TAM HQ,[Quà tặng không bán] Bông Tắm Tạo Bọt Mềm Mịn,Mặc định,1,1,0,0,0,0,0,0,29700,0,29700,,0,174250,0,02/07/2026 17:30:49	,"	","	","	","	",02/07/2026 17:39:40	,User,No longer needed,Fulfillment by seller,Kho HN,,Standard shipping,,,t***ran1111,T*** T** T**,(+84)094*****10,Việt Nam,Tỉnh Nam Định,Nam Định,********,*************************************,,Cash on delivery,0.5,"Loofahs, Sponges, & Poufs",1202082218536175557	,,Unchecked,,Videos,man.trung.737
584818949908563349	,Shipped,Completed,,Normal,1731317148230255836	,BONG TAM HQ,[Quà tặng không bán] Bông Tắm Tạo Bọt Mềm Mịn,Mặc định,1,0,0,0,0,0,0,0,29700,0,29700,,0,195000,,02/07/2026 17:10:17	,02/07/2026 17:10:45	,02/07/2026 18:14:33	,03/07/2026 09:26:39	,04/07/2026 17:50:30	,"	",,,Fulfillment by seller,Kho HCMC,861964566469,Standard shipping,J&T Express,,t***_210,t*** t*,(+84)094*****40,Việt Nam,Kiên Giang,Rạch Giá,**********,**********************,,MoMo E-Wallet,0.5,"Loofahs, Sponges, & Poufs",1202080530502813077	,,Unchecked,,Videos,man.trung.737
584818949908563349	,Shipped,Delivered,,Normal,1732251749141219548	,ST01172,"Sữa Tắm Pháp Le Petit Marseillais Cho Nam Chiết Xuất Thiên Nhiên 4in1 Nhiều Mùi Hương Dưỡng Ẩm, Thơm Lâu - Phù Hợp Mọi Loại Da (250ml)","Hương Gỗ Tuyết Tùng & Dương Xỉ, Standard",1,0,269000,269000,10000,64000,195000,0,29700,0,29700,,0,195000,,02/07/2026 17:10:17	,02/07/2026 17:10:45	,02/07/2026 18:14:33	,03/07/2026 09:26:39	,04/07/2026 17:50:30	,"	",,,Fulfillment by seller,Kho HCMC,861964566469,Standard shipping,J&T Express,,t***_210,t*** t*,(+84)094*****40,Việt Nam,Kiên Giang,Rạch Giá,**********,**********************,,MoMo E-Wallet,0.5,Bath & Shower,1202080530502813077	,,Unchecked,,Videos,man.trung.737
584818210989246028	,Shipped,Completed,,Normal,1731317148230255836	,BONG TAM HQ,[Quà tặng không bán] Bông Tắm Tạo Bọt Mềm Mịn,Mặc định,1,0,0,0,0,0,0,0,40900,0,40900,,0,205000,,02/07/2026 16:17:00	,04/07/2026 09:58:01	,02/07/2026 16:39:43	,02/07/2026 17:41:06	,04/07/2026 09:58:01	,"	",,,Fulfillment by seller,Kho HCMC,861901376199,Standard shipping,J&T Express,,b***hamxuong89,b* đ* h** x****,(+84)916****75,Việt Nam,Đà Nẵng,Xã Đại Lộc,**********,**************************,********,Cash on delivery,0.5,"Loofahs, Sponges, & Poufs",1202073351754581580	,,Unchecked,,Product cards,
584818210989246028	,Shipped,Delivered,,Normal,1732251749141219548	,ST01172,"Sữa Tắm Pháp Le Petit Marseillais Cho Nam Chiết Xuất Thiên Nhiên 4in1 Nhiều Mùi Hương Dưỡng Ẩm, Thơm Lâu - Phù Hợp Mọi Loại Da (250ml)","Hương Gỗ Tuyết Tùng & Dương Xỉ, Standard",1,0,269000,269000,0,64000,205000,0,40900,0,40900,,0,205000,,02/07/2026 16:17:00	,04/07/2026 09:58:01	,02/07/2026 16:39:43	,02/07/2026 17:41:06	,04/07/2026 09:58:01	,"	",,,Fulfillment by seller,Kho HCMC,861901376199,Standard shipping,J&T Express,,b***hamxuong89,b* đ* h** x****,(+84)916****75,Việt Nam,Đà Nẵng,Xã Đại Lộc,**********,**************************,********,Cash on delivery,0.5,Bath & Shower,1202073351754581580	,,Unchecked,,Product cards,
584818240724960748	,Shipped,Completed,,Normal,1734496577198523612	,1 BÁNH-XP,Xà Phòng Le Petit Marseillais Chính Hãng Bánh Xà Phòng Tắm Thiên Nhiên (Ngẫu nhiên)  1 Bánh,Mặc định,1,0,0,0,0,0,0,0,41400,0,41400,,0,302400,,02/07/2026 16:15:56	,04/07/2026 19:05:38	,02/07/2026 16:39:43	,02/07/2026 17:41:06	,04/07/2026 19:05:38	,"	",,,Fulfillment by seller,Kho HCMC,861921376199,Standard shipping,J&T Express,,n***yennnnnn,T* U***,(+84)901****79,Vietnam,Quang Ngai Province,Quang Ngai,********,*****************************************,,Cash on delivery,0.1,Bath & Shower,1202073747281577452	,,Unchecked,,LIVE,lepetitmarseillaisvn
584818240724960748	,Shipped,Delivered,,Normal,1736013429863056604	,ST54494+ST99622,Combo 2 Sữa Tắm Nữ Pháp Le Petit Marseillais 250ml - Thiên Nhiên Dịu Nhẹ,"Dừa, Xoài Hữu Cơ & Chanh Dây",1,0,538000,538000,75600,160000,302400,0,41400,0,41400,,0,302400,,02/07/2026 16:15:56	,04/07/2026 19:05:38	,02/07/2026 16:39:43	,02/07/2026 17:41:06	,04/07/2026 19:05:38	,"	",,,Fulfillment by seller,Kho HCMC,861921376199,Standard shipping,J&T Express,,n***yennnnnn,T* U***,(+84)901****79,Vietnam,Quang Ngai Province,Quang Ngai,********,*****************************************,,Cash on delivery,0.6,Bath & Shower,1202073747281577452	,,Unchecked,,LIVE,lepetitmarseillaisvn
584817840558802449	,Shipped,Delivered,,Normal,1732250914985380060	,ST01240,"Sữa Tắm/Gel Tắm Pháp Le Petit Marseillais Thiên Nhiên 250ml - Sữa Tắm Lưu Hương Lành Tính - Dịu Nhẹ, An Toàn Cho Da","Đào Trắng & Quả Xuân Đào, Standard",1,0,269000,269000,0,64000,205000,0,15800,0,15800,,0,205000,,02/07/2026 15:50:16	,03/07/2026 10:10:36	,02/07/2026 15:52:34	,02/07/2026 16:22:20	,03/07/2026 10:10:36	,"	",,,Fulfillment by seller,Kho HN,861945445979,Standard shipping,J&T Express,,p***nggg,P*** V** L***,(+84)096*****42,Việt Nam,Hà Nội,Đống Đa,********,*****************,**************,Cash on delivery,0.5,Bath & Shower,1202069966942602769	,,Unchecked,,Videos,
584817840558802449	,Shipped,Completed,,Normal,1731317148230255836	,BONG TAM HQ,[Quà tặng không bán] Bông Tắm Tạo Bọt Mềm Mịn,Mặc định,1,0,0,0,0,0,0,0,15800,0,15800,,0,205000,,02/07/2026 15:50:16	,03/07/2026 10:10:36	,02/07/2026 15:52:34	,02/07/2026 16:22:20	,03/07/2026 10:10:36	,"	",,,Fulfillment by seller,Kho HN,861945445979,Standard shipping,J&T Express,,p***nggg,P*** V** L***,(+84)096*****42,Việt Nam,Hà Nội,Đống Đa,********,*****************,**************,Cash on delivery,0.5,"Loofahs, Sponges, & Poufs",1202069966942602769	,,Unchecked,,Videos,
584817846340125716	,Completed,Completed,,Normal,1731317148230255836	,BONG TAM HQ,[Quà tặng không bán] Bông Tắm Tạo Bọt Mềm Mịn,Mặc định,1,0,0,0,0,0,0,0,20900,0,20900,,0,200000,,02/07/2026 15:48:04	,02/07/2026 15:48:06	,02/07/2026 15:52:34	,02/07/2026 16:22:21	,03/07/2026 10:02:57	,"	",,,Fulfillment by seller,Kho HN,861942425979,Standard shipping,J&T Express,,h***609,H**** A**,(+84)985****09,Việt Nam,Hà Nội,Chương Mỹ,********,*****************************************,,TikTok Shop Balance,0.5,"Loofahs, Sponges, & Poufs",1202071391753110548	,,Unchecked,,Product cards,
584817846340125716	,Completed,Completed,Return/Refund,Normal,1731893265444210908	,ST48441,"Sữa Tắm Pháp Le Petit Marseillais Quả Mâm Xôi & Hoa Mẫu Đơn Hữu Cơ Dưỡng Ẩm, Thơm Lâu - Phù Hợp Mọi Loại Da (250ml)","Quả Mâm Xôi & Hoa Mẫu Đơn, Standard",1,1,269000,269000,0,69000,200000,0,20900,0,20900,,0,200000,200000,02/07/2026 15:48:04	,02/07/2026 15:48:06	,02/07/2026 15:52:34	,02/07/2026 16:22:21	,03/07/2026 10:02:57	,"	",,,Fulfillment by seller,Kho HN,861942425979,Standard shipping,J&T Express,,h***609,H**** A**,(+84)985****09,Việt Nam,Hà Nội,Chương Mỹ,********,*****************************************,,TikTok Shop Balance,0.5,Bath & Shower,1202071391753110548	,,Unchecked,,Product cards,
584817300802798704	,Shipped,Delivered,,Normal,1732250914985052380	,ST48441,"Sữa Tắm/Gel Tắm Pháp Le Petit Marseillais Thiên Nhiên 250ml - Sữa Tắm Lưu Hương Lành Tính - Dịu Nhẹ, An Toàn Cho Da","Quả Mâm Xôi & Hoa Mẫu Đơn, Standard",1,0,269000,269000,0,64000,205000,0,15800,0,15800,,0,205000,,02/07/2026 15:09:19	,03/07/2026 11:53:25	,02/07/2026 15:15:13	,02/07/2026 16:22:21	,03/07/2026 11:53:25	,"	",,,Fulfillment by seller,Kho HN,861994945829,Standard shipping,J&T Express,,b***n190984,B****,(+84)098*****93,Việt Nam,Thanh pho Ha Noi,Ba Đình,******,*******************************,,Cash on delivery,0.5,Bath & Shower,1202064691006637168	,,Unchecked,,Videos,ahau.phuongthao
584817300802798704	,Shipped,Completed,,Normal,1731317148230255836	,BONG TAM HQ,[Quà tặng không bán] Bông Tắm Tạo Bọt Mềm Mịn,Mặc định,1,0,0,0,0,0,0,0,15800,0,15800,,0,205000,,02/07/2026 15:09:19	,03/07/2026 11:53:25	,02/07/2026 15:15:13	,02/07/2026 16:22:21	,03/07/2026 11:53:25	,"	",,,Fulfillment by seller,Kho HN,861994945829,Standard shipping,J&T Express,,b***n190984,B****,(+84)098*****93,Việt Nam,Thanh pho Ha Noi,Ba Đình,******,*******************************,,Cash on delivery,0.5,"Loofahs, Sponges, & Poufs",1202064691006637168	,,Unchecked,,Videos,ahau.phuongthao
584816975746467698	,Shipped,Completed,,Normal,1734496577198523612	,1 BÁNH-XP,Xà Phòng Le Petit Marseillais Chính Hãng Bánh Xà Phòng Tắm Thiên Nhiên (Ngẫu nhiên)  1 Bánh,Mặc định,1,0,0,0,0,0,0,0,29700,0,29700,,0,378000,,02/07/2026 14:45:03	,05/07/2026 06:21:24	,02/07/2026 15:15:13	,02/07/2026 16:22:21	,05/07/2026 06:21:24	,"	",,,Fulfillment by seller,Kho HN,861910675829,Standard shipping,J&T Express,,m***uong240784,P*** h****,(+84)968****55,Việt Nam,Hải Phòng,Lê Chân,**********,**************************,**********,Cash on delivery,0.1,Bath & Shower,1202061970585126770	,,Unchecked,,Product cards,
584816975746467698	,Shipped,Delivered,,Normal,1736012747225400540	,ST01240+ST00823,Combo 2 Sữa Tắm Nữ Pháp Le Petit Marseillais 250ml - Thiên Nhiên Dịu Nhẹ,"Đào Trắng Hữu Cơ Và Quả Xuân Đào, Hoa Cam",1,0,538000,538000,0,160000,378000,0,29700,0,29700,,0,378000,,02/07/2026 14:45:03	,05/07/2026 06:21:24	,02/07/2026 15:15:13	,02/07/2026 16:22:21	,05/07/2026 06:21:24	,"	",,,Fulfillment by seller,Kho HN,861910675829,Standard shipping,J&T Express,,m***uong240784,P*** h****,(+84)968****55,Việt Nam,Hải Phòng,Lê Chân,**********,**************************,**********,Cash on delivery,0.6,Bath & Shower,1202061970585126770	,,Unchecked,,Product cards,
584816862424827493	,Shipped,Delivered,,Normal,1732250801268885724	,ST68816,"Sữa Tắm/Gel Tắm Pháp Le Petit Marseillais Chiết Xuất Thiên Nhiên 650ml - Sữa Tắm Lưu Hương Lành Tính - Dịu Nhẹ, An Toàn Cho Da","Hoa Tiare, Standard",1,0,499000,499000,100,104000,394900,0,39400,0,39400,,0,394900,,02/07/2026 14:39:01	,04/07/2026 15:57:51	,02/07/2026 15:15:13	,02/07/2026 16:22:21	,04/07/2026 15:57:51	,"	",,,Fulfillment by seller,Kho HN,861997685819,Standard shipping,J&T Express,,l***g_taybac,L**** t** b**,(+84)352****37,Việt Nam,Lai Châu,Xã Lê Lợi,*********,*******************************************,,Cash on delivery,1,Bath & Shower,1202061471666964069	,,Unchecked,,Product cards,
584816862424827493	,Shipped,Completed,,Normal,1731317148230255836	,BONG TAM HQ,[Quà tặng không bán] Bông Tắm Tạo Bọt Mềm Mịn,Mặc định,1,0,0,0,0,0,0,0,39400,0,39400,,0,394900,,02/07/2026 14:39:01	,04/07/2026 15:57:51	,02/07/2026 15:15:13	,02/07/2026 16:22:21	,04/07/2026 15:57:51	,"	",,,Fulfillment by seller,Kho HN,861997685819,Standard shipping,J&T Express,,l***g_taybac,L**** t** b**,(+84)352****37,Việt Nam,Lai Châu,Xã Lê Lợi,*********,*******************************************,,Cash on delivery,0.5,"Loofahs, Sponges, & Poufs",1202061471666964069	,,Unchecked,,Product cards,
584816502253586150	,Completed,Completed,,Normal,1731317148230255836	,BONG TAM HQ,[Quà tặng không bán] Bông Tắm Tạo Bọt Mềm Mịn,Mặc định,1,0,0,0,0,0,0,0,29700,0,29700,,0,205000,,02/07/2026 14:15:25	,03/07/2026 11:35:31	,02/07/2026 14:25:57	,02/07/2026 16:13:44	,03/07/2026 11:35:31	,"	",,,Fulfillment by seller,Kho HN,861984255469,Standard shipping,J&T Express,,q***h22051982,Q****,(+84)963****09,Việt Nam,Vĩnh Phúc,Vĩnh Yên,********,********************************************************,,Cash on delivery,0.5,"Loofahs, Sponges, & Poufs",1202057738256746214	,,Unchecked,,Videos,ahau.phuongthao
584816502253586150	,Completed,Completed,Return/Refund,Normal,1732250914985052380	,ST48441,"Sữa Tắm/Gel Tắm Pháp Le Petit Marseillais Thiên Nhiên 250ml - Sữa Tắm Lưu Hương Lành Tính - Dịu Nhẹ, An Toàn Cho Da","Quả Mâm Xôi & Hoa Mẫu Đơn, Standard",1,1,269000,269000,0,64000,205000,0,29700,0,29700,,0,205000,205000,02/07/2026 14:15:25	,03/07/2026 11:35:31	,02/07/2026 14:25:57	,02/07/2026 16:13:44	,03/07/2026 11:35:31	,"	",,,Fulfillment by seller,Kho HN,861984255469,Standard shipping,J&T Express,,q***h22051982,Q****,(+84)963****09,Việt Nam,Vĩnh Phúc,Vĩnh Yên,********,********************************************************,,Cash on delivery,0.5,Bath & Shower,1202057738256746214	,,Unchecked,,Videos,ahau.phuongthao
584816087021749287	,Canceled,Canceled,Cancel,Normal,1731317148230255836	,BONG TAM HQ,[Quà tặng không bán] Bông Tắm Tạo Bọt Mềm Mịn,Mặc định,1,1,0,0,0,0,0,0,47600,0,47600,,0,205000,0,02/07/2026 13:43:38	,"	",02/07/2026 13:53:13	,02/07/2026 16:13:44	,"	",07/07/2026 16:30:08	,System,Package delivery failed,Fulfillment by seller,Kho HN,861917745179,Standard shipping,J&T Express,,d***thaiminh06,Đ*** t*** m***,(+84)087*****23,Việt Nam,Hà Tĩnh,Cẩm Xuyên,*********,*********,,Cash on delivery,0.5,"Loofahs, Sponges, & Poufs",1202053291069178919	,,Unchecked,,Videos,man.trung.737
584816087021749287	,Canceled,Canceled,Cancel,Normal,1732251749141219548	,ST01172,"Sữa Tắm Pháp Le Petit Marseillais Cho Nam Chiết Xuất Thiên Nhiên 4in1 Nhiều Mùi Hương Dưỡng Ẩm, Thơm Lâu - Phù Hợp Mọi Loại Da (250ml)","Hương Gỗ Tuyết Tùng & Dương Xỉ, Standard",1,1,269000,269000,0,64000,205000,0,47600,0,47600,,0,205000,205000,02/07/2026 13:43:38	,"	",02/07/2026 13:53:13	,02/07/2026 16:13:44	,"	",07/07/2026 16:30:08	,System,Package delivery failed,Fulfillment by seller,Kho HN,861917745179,Standard shipping,J&T Express,,d***thaiminh06,Đ*** t*** m***,(+84)087*****23,Việt Nam,Hà Tĩnh,Cẩm Xuyên,*********,*********,,Cash on delivery,0.5,Bath & Shower,1202053291069178919	,,Unchecked,,Videos,man.trung.737
584815397115823185	,Shipped,Completed,,Normal,1731317148230255836	,BONG TAM HQ,[Quà tặng không bán] Bông Tắm Tạo Bọt Mềm Mịn,Mặc định,1,0,0,0,0,0,0,0,29700,0,29700,,0,205000,,02/07/2026 13:00:55	,03/07/2026 12:40:58	,02/07/2026 13:26:56	,02/07/2026 15:25:44	,03/07/2026 12:40:58	,"	",,,Fulfillment by seller,Kho HCMC,861975834949,Standard shipping,J&T Express,,w***phan0,M*** A**,(+84)822****13,Việt Nam,Cần Thơ,Phường Tân An,*************,************************,,Cash on delivery,0.5,"Loofahs, Sponges, & Poufs",1202047933675504721	,,Unchecked,,Videos,man.trung.737
584815397115823185	,Shipped,Delivered,,Normal,1732251749141154012	,ST01356,"Sữa Tắm Pháp Le Petit Marseillais Cho Nam Chiết Xuất Thiên Nhiên 4in1 Nhiều Mùi Hương Dưỡng Ẩm, Thơm Lâu - Phù Hợp Mọi Loại Da (250ml)","Hương Thông & Bạch Đàn Biển, Standard",1,0,269000,269000,0,64000,205000,0,29700,0,29700,,0,205000,,02/07/2026 13:00:55	,03/07/2026 12:40:58	,02/07/2026 13:26:56	,02/07/2026 15:25:44	,03/07/2026 12:40:58	,"	",,,Fulfillment by seller,Kho HCMC,861975834949,Standard shipping,J&T Express,,w***phan0,M*** A**,(+84)822****13,Việt Nam,Cần Thơ,Phường Tân An,*************,************************,,Cash on delivery,0.5,Bath & Shower,1202047933675504721	,,Unchecked,,Videos,man.trung.737
584815303724730362	,Shipped,Completed,,Normal,1731317148230255836	,BONG TAM HQ,[Quà tặng không bán] Bông Tắm Tạo Bọt Mềm Mịn,Mặc định,1,0,0,0,0,0,0,0,34000,0,34000,,0,395000,,02/07/2026 12:53:30	,02/07/2026 12:53:35	,02/07/2026 13:26:56	,02/07/2026 16:13:44	,04/07/2026 10:03:35	,"	",,,Fulfillment by seller,Kho HN,861963314909,Standard shipping,J&T Express,,p***ng.cuong,P***** C****,(+84)888****58,Việt Nam,Cao Bằng,Cao Bằng,*********,****************,******************,Credit/debit card,0.5,"Loofahs, Sponges, & Poufs",1202046633932261370	,,Unchecked,,Product cards,
584815303724730362	,Shipped,Delivered,,Normal,1732250801268689116	,ST01902,"Sữa Tắm/Gel Tắm Pháp Le Petit Marseillais Chiết Xuất Thiên Nhiên 650ml - Sữa Tắm Lưu Hương Lành Tính - Dịu Nhẹ, An Toàn Cho Da","Thông & Bạch Đàn Biển, Standard",1,0,499000,499000,0,104000,395000,0,34000,0,34000,,0,395000,,02/07/2026 12:53:30	,02/07/2026 12:53:35	,02/07/2026 13:26:56	,02/07/2026 16:13:44	,04/07/2026 10:03:35	,"	",,,Fulfillment by seller,Kho HN,861963314909,Standard shipping,J&T Express,,p***ng.cuong,P***** C****,(+84)888****58,Việt Nam,Cao Bằng,Cao Bằng,*********,****************,******************,Credit/debit card,1,Bath & Shower,1202046633932261370	,,Unchecked,,Product cards,
584815120715777568	,Shipped,Completed,,Normal,1731317148230255836	,BONG TAM HQ,[Quà tặng không bán] Bông Tắm Tạo Bọt Mềm Mịn,Mặc định,1,0,0,0,0,0,0,0,29700,0,29700,,0,205000,,02/07/2026 12:38:28	,04/07/2026 11:24:19	,02/07/2026 12:38:49	,02/07/2026 15:25:45	,04/07/2026 11:24:19	,"	",,,Fulfillment by seller,Kho HCMC,861966674619,Standard shipping,J&T Express,,d***g.dang2745,D**** D***,(+84)395****00,Việt Nam,Đồng Nai,Phường Tam Phước,****************,*********************,,Cash on delivery,0.5,"Loofahs, Sponges, & Poufs",1202045216902645280	,,Unchecked,,Product cards,
584815120715777568	,Shipped,Delivered,,Normal,1732251749141219548	,ST01172,"Sữa Tắm Pháp Le Petit Marseillais Cho Nam Chiết Xuất Thiên Nhiên 4in1 Nhiều Mùi Hương Dưỡng Ẩm, Thơm Lâu - Phù Hợp Mọi Loại Da (250ml)","Hương Gỗ Tuyết Tùng & Dương Xỉ, Standard",1,0,269000,269000,0,64000,205000,0,29700,0,29700,,0,205000,,02/07/2026 12:38:28	,04/07/2026 11:24:19	,02/07/2026 12:38:49	,02/07/2026 15:25:45	,04/07/2026 11:24:19	,"	",,,Fulfillment by seller,Kho HCMC,861966674619,Standard shipping,J&T Express,,d***g.dang2745,D**** D***,(+84)395****00,Việt Nam,Đồng Nai,Phường Tam Phước,****************,*********************,,Cash on delivery,0.5,Bath & Shower,1202045216902645280	,,Unchecked,,Product cards,
584813989099439921	,Shipped,Completed,,Normal,1731317148230255836	,BONG TAM HQ,[Quà tặng không bán] Bông Tắm Tạo Bọt Mềm Mịn,Mặc định,1,0,0,0,0,0,0,0,20900,0,20900,,0,205000,,02/07/2026 11:31:19	,03/07/2026 13:15:22	,02/07/2026 12:12:32	,02/07/2026 16:13:44	,03/07/2026 13:15:22	,"	",,,Fulfillment by seller,Kho HN,861928594519,Standard shipping,J&T Express,,_***nhhoang_,H****,(+84)962****32,Vietnam,Ha Noi,Gia Lam,*******,*********************,,Cash on delivery,0.5,"Loofahs, Sponges, & Poufs",1202036807300581169	,,Unchecked,,Product cards,
584813989099439921	,Shipped,Delivered,,Normal,1732250914985380060	,ST01240,"Sữa Tắm/Gel Tắm Pháp Le Petit Marseillais Thiên Nhiên 250ml - Sữa Tắm Lưu Hương Lành Tính - Dịu Nhẹ, An Toàn Cho Da","Đào Trắng & Quả Xuân Đào, Standard",1,0,269000,269000,0,64000,205000,0,20900,0,20900,,0,205000,,02/07/2026 11:31:19	,03/07/2026 13:15:22	,02/07/2026 12:12:32	,02/07/2026 16:13:44	,03/07/2026 13:15:22	,"	",,,Fulfillment by seller,Kho HN,861928594519,Standard shipping,J&T Express,,_***nhhoang_,H****,(+84)962****32,Vietnam,Ha Noi,Gia Lam,*******,*********************,,Cash on delivery,0.5,Bath & Shower,1202036807300581169	,,Unchecked,,Product cards,
584813454885095359	,Shipped,Delivered,,Normal,1735912571878606044	,ST01356 + ST01172,Combo 2 Sữa Tắm Nam Le Petit Marseillais 4in1 Cho Tóc Mặt Râu Toàn Thân 250ml,"Thông Biển & Bạch Đàn, Gỗ Tuyết Tùng Và Dương Xỉ",1,0,538000,538000,61080,160000,316920,0,29700,0,29700,,0,316920,,02/07/2026 10:55:31	,02/07/2026 10:55:37	,02/07/2026 11:09:04	,02/07/2026 15:25:45	,03/07/2026 08:34:28	,"	",,,Fulfillment by seller,Kho HCMC,861906144289,Standard shipping,J&T Express,,p***ng.vu47,V* p*****,(+84)038*****39,Việt Nam,Đồng Nai,Phường Bình Lộc,***************,****************************************************************************************,*************************,Credit/debit card,0.6,Bath & Body Care,1202033237014448063	,,Unchecked,,LIVE,lepetitmarseillaisvn
584813454885095359	,Shipped,Completed,,Normal,1734496577198523612	,1 BÁNH-XP,Xà Phòng Le Petit Marseillais Chính Hãng Bánh Xà Phòng Tắm Thiên Nhiên (Ngẫu nhiên)  1 Bánh,Mặc định,1,0,0,0,0,0,0,0,29700,0,29700,,0,316920,,02/07/2026 10:55:31	,02/07/2026 10:55:37	,02/07/2026 11:09:04	,02/07/2026 15:25:45	,03/07/2026 08:34:28	,"	",,,Fulfillment by seller,Kho HCMC,861906144289,Standard shipping,J&T Express,,p***ng.vu47,V* p*****,(+84)038*****39,Việt Nam,Đồng Nai,Phường Bình Lộc,***************,****************************************************************************************,*************************,Credit/debit card,0.1,Bath & Shower,1202033237014448063	,,Unchecked,,LIVE,lepetitmarseillaisvn
584813310308418603	,Shipped,Completed,,Normal,1731317148230255836	,BONG TAM HQ,[Quà tặng không bán] Bông Tắm Tạo Bọt Mềm Mịn,Mặc định,1,0,0,0,0,0,0,0,20900,0,20900,,0,205000,,02/07/2026 10:48:02	,03/07/2026 17:45:02	,02/07/2026 11:09:04	,02/07/2026 16:13:44	,03/07/2026 17:45:02	,"	",,,Fulfillment by seller,Kho HN,861935184329,Standard shipping,J&T Express,,h***uacapdongsmil,h**********************,(+84)828****15,Việt Nam,Hà Nội,Xã Đại Thanh,************,********************************,,Cash on delivery,0.5,"Loofahs, Sponges, & Poufs",1202031844397122603	,,Unchecked,,LIVE,lepetitmarseillaisvn
584813310308418603	,Shipped,Delivered,,Normal,1732251749141219548	,ST01172,"Sữa Tắm Pháp Le Petit Marseillais Cho Nam Chiết Xuất Thiên Nhiên 4in1 Nhiều Mùi Hương Dưỡng Ẩm, Thơm Lâu - Phù Hợp Mọi Loại Da (250ml)","Hương Gỗ Tuyết Tùng & Dương Xỉ, Standard",1,0,269000,269000,0,64000,205000,0,20900,0,20900,,0,205000,,02/07/2026 10:48:02	,03/07/2026 17:45:02	,02/07/2026 11:09:04	,02/07/2026 16:13:44	,03/07/2026 17:45:02	,"	",,,Fulfillment by seller,Kho HN,861935184329,Standard shipping,J&T Express,,h***uacapdongsmil,h**********************,(+84)828****15,Việt Nam,Hà Nội,Xã Đại Thanh,************,********************************,,Cash on delivery,0.5,Bath & Shower,1202031844397122603	,,Unchecked,,LIVE,lepetitmarseillaisvn
584811122031887375	,Shipped,Delivered,,Normal,1732252922366626012	,DG74646,"Dầu Gội Le Petit Marseillais Nhiều Mùi Hương 300ml Dưỡng Ẩm, Thơm Lâu - Phù Hợp Mọi Loại Da",Cây Tầm Ma & Chanh,1,0,499000,499000,0,89000,410000,0,35100,0,35100,,0,410000,,02/07/2026 08:12:25	,02/07/2026 08:12:31	,02/07/2026 08:20:54	,02/07/2026 09:36:16	,03/07/2026 14:43:51	,"	",,,Fulfillment by seller,Kho HCMC,861939143029,Standard shipping,J&T Express,,v***nhasam,B** K****,(+84)911****73,Việt Nam,An Giang,Châu Thành,*******,***************************,*************************************************************,Zalopay,0.6,Shampoo & Conditioner,1202008919400612879	,,Unchecked,,Product cards,
584808157881665408	,Shipped,Completed,,Normal,1731317148230255836	,BONG TAM HQ,[Quà tặng không bán] Bông Tắm Tạo Bọt Mềm Mịn,Mặc định,1,0,0,0,0,0,0,0,20900,0,20900,,0,205000,,02/07/2026 00:27:19	,03/07/2026 15:55:13	,02/07/2026 06:29:24	,02/07/2026 09:36:16	,03/07/2026 15:55:13	,"	",,,Fulfillment by seller,Kho HCMC,861916452089,Standard shipping,J&T Express,,h***gtai1z,N***** H**** T**,(+84)034*****32,Việt Nam,Bình Dương,Tân Uyên,********,****************************************,***************************************,Cash on delivery,0.5,"Loofahs, Sponges, & Poufs",1201987527523862400	,,Unchecked,,Videos,man.trung.737
584808157881665408	,Shipped,Delivered,,Normal,1732251749141285084	,ST04371,"Sữa Tắm Pháp Le Petit Marseillais Cho Nam Chiết Xuất Thiên Nhiên 4in1 Nhiều Mùi Hương Dưỡng Ẩm, Thơm Lâu - Phù Hợp Mọi Loại Da (250ml)","Hương Gừng & Gỗ Bách, Standard",1,0,269000,269000,0,64000,205000,0,20900,0,20900,,0,205000,,02/07/2026 00:27:19	,03/07/2026 15:55:13	,02/07/2026 06:29:24	,02/07/2026 09:36:16	,03/07/2026 15:55:13	,"	",,,Fulfillment by seller,Kho HCMC,861916452089,Standard shipping,J&T Express,,h***gtai1z,N***** H**** T**,(+84)034*****32,Việt Nam,Bình Dương,Tân Uyên,********,****************************************,***************************************,Cash on delivery,0.5,Bath & Shower,1201987527523862400	,,Unchecked,,Videos,man.trung.737
584807534920435458	,Shipped,Completed,,Normal,1734496577198523612	,1 BÁNH-XP,Xà Phòng Le Petit Marseillais Chính Hãng Bánh Xà Phòng Tắm Thiên Nhiên (Ngẫu nhiên)  1 Bánh,Mặc định,1,0,0,0,0,0,0,0,20900,0,20900,,0,302400,,01/07/2026 23:23:50	,01/07/2026 23:23:51	,02/07/2026 06:29:24	,02/07/2026 10:56:15	,03/07/2026 09:49:48	,"	",,,Fulfillment by seller,Kho HN,861932702089,Standard shipping,J&T Express,,u***1068761192223,K****,(+84)079*****83,Việt Nam,Hà Nội,Thanh Trì,********,*********************,,TikTok Shop Balance,0.1,Bath & Shower,1201984196803462914	,,Unchecked,,Product cards,
584807534920435458	,Shipped,Delivered,,Normal,1735912571878606044	,ST01356 + ST01172,Combo 2 Sữa Tắm Nam Le Petit Marseillais 4in1 Cho Tóc Mặt Râu Toàn Thân 250ml,"Thông Biển & Bạch Đàn, Gỗ Tuyết Tùng Và Dương Xỉ",1,0,538000,538000,75600,160000,302400,0,20900,0,20900,,0,302400,,01/07/2026 23:23:50	,01/07/2026 23:23:51	,02/07/2026 06:29:24	,02/07/2026 10:56:15	,03/07/2026 09:49:48	,"	",,,Fulfillment by seller,Kho HN,861932702089,Standard shipping,J&T Express,,u***1068761192223,K****,(+84)079*****83,Việt Nam,Hà Nội,Thanh Trì,********,*********************,,TikTok Shop Balance,0.6,Bath & Body Care,1201984196803462914	,,Unchecked,,Product cards,
584807375639315704	,Shipped,Delivered,,Normal,1732252943758952668	,DG37429,"Dầu Gội Thiên Nhiên Le Petit Marseillais Nhiều Mùi Hương 250ml Dưỡng Ẩm, Thơm Lâu - Phù Hợp Mọi Loại Da",Cấp Ẩm Chuyên Sâu Từ Nước Dừa,1,0,329000,329000,0,62000,267000,0,26200,0,26200,,0,267000,,01/07/2026 23:09:03	,03/07/2026 10:57:55	,02/07/2026 06:29:24	,02/07/2026 09:36:16	,03/07/2026 10:57:55	,"	",,,Fulfillment by seller,Kho HCMC,861996442089,Standard shipping,J&T Express,,n***ybusiness0101,T** H**,(+84)933****96,Việt Nam,Đồng Nai,Biên Hòa,******,***************************************************************************,,Cash on delivery,0.5,Shampoo & Conditioner,1201983703001236728	,,Unchecked,,Product cards,
584807251122489094	,Canceled,Canceled,Cancel,Normal,1732251905721338076	,ST68867,"Gel tắm Hữu Cơ Pháp Le Petit Marseillais Nhiều Mùi Hương 250ml, Thơm Lâu - Phù Hợp Mọi Loại Da (250ml)","Hương Hoa Hồng Dại, Standard",1,1,339000,339000,0,84000,255000,0,35100,0,35100,15300,0,239700,255000,01/07/2026 22:59:25	,01/07/2026 22:59:54	,"	","	","	",01/07/2026 23:05:59	,User,Better price available,Fulfillment by seller,Kho HN,,Standard shipping,,,t***lonh2,Á** T****,(+84)962****44,Việt Nam,Hưng Yên,Xã Hoàn Long,************,********,***********************,PayLater,0.5,Bath & Shower,1201983199699175174	,,Unchecked,,Product cards,
584807251122489094	,Canceled,Canceled,Cancel,Normal,1731317148230255836	,BONG TAM HQ,[Quà tặng không bán] Bông Tắm Tạo Bọt Mềm Mịn,Mặc định,1,1,0,0,0,0,0,0,35100,0,35100,15300,0,239700,0,01/07/2026 22:59:25	,01/07/2026 22:59:54	,"	","	","	",01/07/2026 23:05:59	,User,Better price available,Fulfillment by seller,Kho HN,,Standard shipping,,,t***lonh2,Á** T****,(+84)962****44,Việt Nam,Hưng Yên,Xã Hoàn Long,************,********,***********************,PayLater,0.5,"Loofahs, Sponges, & Poufs",1201983199699175174	,,Unchecked,,Product cards,
584805976978785800	,Shipped,Delivered,,Normal,1734496577198523612	,1 BÁNH-XP,Xà Phòng Le Petit Marseillais Chính Hãng Bánh Xà Phòng Tắm Thiên Nhiên (Ngẫu nhiên)  1 Bánh,Mặc định,1,0,75000,75000,0,0,75000,0,14000,0,14000,,0,75000,,01/07/2026 21:44:42	,01/07/2026 21:44:45	,01/07/2026 22:02:41	,02/07/2026 09:36:16	,03/07/2026 12:34:55	,"	",,,Fulfillment by seller,Kho HCMC,861933311689,Standard shipping,J&T Express,,s***adlo,H**** Q****,(+84)398****81,Việt Nam,Hồ Chí Minh,Phường An Phú Đông,******************,****************,,MoMo E-Wallet,0.1,Bath & Shower,1201977715619694088	,,Unchecked,,Videos,mythi_fr
584805735969097624	,Shipped,Completed,,Normal,1731317148230255836	,BONG TAM HQ,[Quà tặng không bán] Bông Tắm Tạo Bọt Mềm Mịn,Mặc định,1,0,0,0,0,0,0,0,47600,0,47600,,0,790000,,01/07/2026 21:31:45	,04/07/2026 12:09:20	,01/07/2026 22:02:41	,02/07/2026 10:56:15	,04/07/2026 12:09:20	,"	",,,Fulfillment by seller,Kho HN,861977031689,Standard shipping,J&T Express,,3***2657057,K****,(+84)913****89,Việt Nam,Bắc Ninh,Xã Tam Đa,*********,*******************,,Cash on delivery,0.5,"Loofahs, Sponges, & Poufs",1201976974529562520	,,Unchecked,,LIVE,lepetitmarseillaisvn
584805735969097624	,Shipped,Delivered,,Normal,1732250801268689116	,ST01902,"Sữa Tắm/Gel Tắm Pháp Le Petit Marseillais Chiết Xuất Thiên Nhiên 650ml - Sữa Tắm Lưu Hương Lành Tính - Dịu Nhẹ, An Toàn Cho Da","Thông & Bạch Đàn Biển, Standard",2,0,499000,998000,0,208000,790000,0,47600,0,47600,,0,790000,,01/07/2026 21:31:45	,04/07/2026 12:09:20	,01/07/2026 22:02:41	,02/07/2026 10:56:15	,04/07/2026 12:09:20	,"	",,,Fulfillment by seller,Kho HN,861977031689,Standard shipping,J&T Express,,3***2657057,K****,(+84)913****89,Việt Nam,Bắc Ninh,Xã Tam Đa,*********,*******************,,Cash on delivery,2,Bath & Shower,1201976974529562520	,,Unchecked,,LIVE,lepetitmarseillaisvn
584805586871748111	,Canceled,Canceled,Cancel,Normal,1731317148230255836	,BONG TAM HQ,[Quà tặng không bán] Bông Tắm Tạo Bọt Mềm Mịn,Mặc định,1,1,0,0,0,0,0,0,29700,0,29700,,0,205000,0,01/07/2026 21:17:33	,"	",01/07/2026 22:02:41	,"	","	",01/07/2026 22:49:00	,User,No longer needed,Fulfillment by seller,Kho HN,861990391689,Standard shipping,J&T Express,,k***phm4851,K*** P***,(+84)822****18,Việt Nam,Hải Phòng,Phường Hồng An,**************,********,,Cash on delivery,0.5,"Loofahs, Sponges, & Poufs",1201976498472584719	,,Unchecked,,Videos,duongmanhkien19
584805586871748111	,Canceled,Canceled,Cancel,Normal,1732251749141219548	,ST01172,"Sữa Tắm Pháp Le Petit Marseillais Cho Nam Chiết Xuất Thiên Nhiên 4in1 Nhiều Mùi Hương Dưỡng Ẩm, Thơm Lâu - Phù Hợp Mọi Loại Da (250ml)","Hương Gỗ Tuyết Tùng & Dương Xỉ, Standard",1,1,269000,269000,0,64000,205000,0,29700,0,29700,,0,205000,205000,01/07/2026 21:17:33	,"	",01/07/2026 22:02:41	,"	","	",01/07/2026 22:49:00	,User,No longer needed,Fulfillment by seller,Kho HN,861990391689,Standard shipping,J&T Express,,k***phm4851,K*** P***,(+84)822****18,Việt Nam,Hải Phòng,Phường Hồng An,**************,********,,Cash on delivery,0.5,Bath & Shower,1201976498472584719	,,Unchecked,,Videos,duongmanhkien19
584805473769850741	,Canceled,Canceled,Cancel,Normal,1732252943759018204	,DG74042,"Dầu Gội Thiên Nhiên Le Petit Marseillais Nhiều Mùi Hương 250ml Dưỡng Ẩm, Thơm Lâu - Phù Hợp Mọi Loại Da",Trị Gàu 2 In 1 Tinh Dầu Bạc Hà,1,1,329000,329000,42720,62000,224280,0,17100,0,17100,,0,396480,224280,01/07/2026 21:16:17	,"	",01/07/2026 22:02:41	,02/07/2026 09:36:16	,"	",05/07/2026 10:58:23	,System,Package delivery failed,Fulfillment by seller,Kho HCMC,861936811689,Standard shipping,J&T Express,,t***_kiem9,T*** K***,(+84)979****11,Việt Nam,Hồ Chí Minh,Phường Vĩnh Hội,***************,*********************,******,Cash on delivery,0.5,Shampoo & Conditioner,1201975831406217077	,,Unchecked,,Videos,tuyetcookies
584805473769850741	,Canceled,Canceled,Cancel,Normal,1731317148230255836	,BONG TAM HQ,[Quà tặng không bán] Bông Tắm Tạo Bọt Mềm Mịn,Mặc định,1,1,0,0,0,0,0,0,17100,0,17100,,0,396480,0,01/07/2026 21:16:17	,"	",01/07/2026 22:02:41	,02/07/2026 09:36:16	,"	",05/07/2026 10:58:23	,System,Package delivery failed,Fulfillment by seller,Kho HCMC,861936811689,Standard shipping,J&T Express,,t***_kiem9,T*** K***,(+84)979****11,Việt Nam,Hồ Chí Minh,Phường Vĩnh Hội,***************,*********************,******,Cash on delivery,0.5,"Loofahs, Sponges, & Poufs",1201975831406217077	,,Unchecked,,Videos,duongmanhkien19
584805473769850741	,Canceled,Canceled,Cancel,Normal,1732251749141219548	,ST01172,"Sữa Tắm Pháp Le Petit Marseillais Cho Nam Chiết Xuất Thiên Nhiên 4in1 Nhiều Mùi Hương Dưỡng Ẩm, Thơm Lâu - Phù Hợp Mọi Loại Da (250ml)","Hương Gỗ Tuyết Tùng & Dương Xỉ, Standard",1,1,269000,269000,32800,64000,172200,0,17100,0,17100,,0,396480,172200,01/07/2026 21:16:17	,"	",01/07/2026 22:02:41	,02/07/2026 09:36:16	,"	",05/07/2026 10:58:23	,System,Package delivery failed,Fulfillment by seller,Kho HCMC,861936811689,Standard shipping,J&T Express,,t***_kiem9,T*** K***,(+84)979****11,Việt Nam,Hồ Chí Minh,Phường Vĩnh Hội,***************,*********************,******,Cash on delivery,0.5,Bath & Shower,1201975831406217077	,,Unchecked,,Videos,duongmanhkien19
584805344360825966	,Shipped,Completed,,Normal,1731317148230255836	,BONG TAM HQ,[Quà tặng không bán] Bông Tắm Tạo Bọt Mềm Mịn,Mặc định,1,0,0,0,0,0,0,0,17100,0,17100,,0,395000,,01/07/2026 21:02:43	,03/07/2026 20:38:39	,01/07/2026 22:02:41	,02/07/2026 09:36:16	,03/07/2026 20:38:39	,"	",,,Fulfillment by seller,Kho HCMC,861924131649,Standard shipping,J&T Express,,t***gphuong,T*** L** P*****,(+84)098*****90,Việt Nam,Bà Rịa - Vũng Tàu,Vũng Tàu,*********,****************************,,Cash on delivery,0.5,"Loofahs, Sponges, & Poufs",1201974486183609454	,,Unchecked,,LIVE,lepetitmarseillaisvn
584805344360825966	,Shipped,Delivered,,Normal,1732250801268689116	,ST01902,"Sữa Tắm/Gel Tắm Pháp Le Petit Marseillais Chiết Xuất Thiên Nhiên 650ml - Sữa Tắm Lưu Hương Lành Tính - Dịu Nhẹ, An Toàn Cho Da","Thông & Bạch Đàn Biển, Standard",1,0,499000,499000,0,104000,395000,0,17100,0,17100,,0,395000,,01/07/2026 21:02:43	,03/07/2026 20:38:39	,01/07/2026 22:02:41	,02/07/2026 09:36:16	,03/07/2026 20:38:39	,"	",,,Fulfillment by seller,Kho HCMC,861924131649,Standard shipping,J&T Express,,t***gphuong,T*** L** P*****,(+84)098*****90,Việt Nam,Bà Rịa - Vũng Tàu,Vũng Tàu,*********,****************************,,Cash on delivery,1,Bath & Shower,1201974486183609454	,,Unchecked,,LIVE,lepetitmarseillaisvn
584805117676193428	,Shipped,Delivered,,Normal,1732252922366560476	,DG74554,"Dầu Gội Le Petit Marseillais Nhiều Mùi Hương 300ml Dưỡng Ẩm, Thơm Lâu - Phù Hợp Mọi Loại Da",Mật Ong & Hạt Mỡ,1,0,499000,499000,82000,89000,328000,0,15800,0,15800,,0,328000,,01/07/2026 20:54:56	,01/07/2026 20:55:03	,01/07/2026 20:55:57	,02/07/2026 09:36:16	,03/07/2026 12:57:30	,"	",,,Fulfillment by seller,Kho HCMC,861911741559,Standard shipping,J&T Express,,s***gthaonguyen92,T*** S****,(+84)901****12,Vietnam,Ho Chi Minh,Thu Duc,*********,***********************************,***************************,Credit/debit card,0.6,Shampoo & Conditioner,1201973589651654292	,,Unchecked,,LIVE,lepetitmarseillaisvn
584804921075336579	,Shipped,Completed,,Normal,1731317148230255836	,BONG TAM HQ,[Quà tặng không bán] Bông Tắm Tạo Bọt Mềm Mịn,Mặc định,1,0,0,0,0,0,0,0,47600,0,47600,,0,194750,,01/07/2026 20:43:36	,01/07/2026 23:47:45	,02/07/2026 06:29:24	,02/07/2026 10:56:15	,04/07/2026 15:23:38	,"	",,,Fulfillment by seller,Kho HN,861973042089,Standard shipping,J&T Express,,d***trang19910,T**** s**,(+84)097*****97,Việt Nam,Tinh Thua Thien Hue,A Lưới,******,*************************************************************,,VNPAY,0.5,"Loofahs, Sponges, & Poufs",1201985614705689987	,,Unchecked,,Videos,ahau.phuongthao
584804921075336579	,Shipped,Delivered,,Normal,1732250914985052380	,ST48441,"Sữa Tắm/Gel Tắm Pháp Le Petit Marseillais Thiên Nhiên 250ml - Sữa Tắm Lưu Hương Lành Tính - Dịu Nhẹ, An Toàn Cho Da","Quả Mâm Xôi & Hoa Mẫu Đơn, Standard",1,0,269000,269000,10250,64000,194750,0,47600,0,47600,,0,194750,,01/07/2026 20:43:36	,01/07/2026 23:47:45	,02/07/2026 06:29:24	,02/07/2026 10:56:15	,04/07/2026 15:23:38	,"	",,,Fulfillment by seller,Kho HN,861973042089,Standard shipping,J&T Express,,d***trang19910,T**** s**,(+84)097*****97,Việt Nam,Tinh Thua Thien Hue,A Lưới,******,*************************************************************,,VNPAY,0.5,Bath & Shower,1201985614705689987	,,Unchecked,,Videos,ahau.phuongthao
584804091035616506	,Shipped,Delivered,,Normal,1734496577198523612	,1 BÁNH-XP,Xà Phòng Le Petit Marseillais Chính Hãng Bánh Xà Phòng Tắm Thiên Nhiên (Ngẫu nhiên)  1 Bánh,Mặc định,1,0,75000,75000,0,0,75000,0,30300,0,30300,,0,75000,,01/07/2026 19:57:01	,03/07/2026 09:13:36	,01/07/2026 20:02:41	,02/07/2026 10:56:15	,03/07/2026 09:13:36	,"	",,,Fulfillment by seller,Kho HN,861989731449,Standard shipping,J&T Express,,u***48833176827822,u*****************,(+84)902****55,Việt Nam,Thái Bình,Đông Hưng,********,************************************************,*******,Cash on delivery,0.1,Bath & Shower,1201968549434524922	,,Unchecked,,Videos,onggiatichcuc79
584802776440407072	,Shipped,Completed,,Normal,1731317148230255836	,BONG TAM HQ,[Quà tặng không bán] Bông Tắm Tạo Bọt Mềm Mịn,Mặc định,1,0,0,0,0,0,0,0,20900,0,20900,,0,205000,,01/07/2026 18:34:20	,03/07/2026 16:41:03	,01/07/2026 19:20:16	,02/07/2026 10:56:15	,03/07/2026 16:41:03	,"	",,,Fulfillment by seller,Kho HN,861940761389,Standard shipping,J&T Express,,h***nna_,H****,(+84)036*****19,Việt Nam,Thành Phố Hà Nội,Gia Lâm,********,*************************************,,Cash on delivery,0.5,"Loofahs, Sponges, & Poufs",1201961505183335456	,,Unchecked,,Product cards,
584802776440407072	,Shipped,Delivered,,Normal,1732250914984986844	,ST99622,"Sữa Tắm/Gel Tắm Pháp Le Petit Marseillais Thiên Nhiên 250ml - Sữa Tắm Lưu Hương Lành Tính - Dịu Nhẹ, An Toàn Cho Da","Xoài & Chanh Dây, Standard",1,0,269000,269000,0,64000,205000,0,20900,0,20900,,0,205000,,01/07/2026 18:34:20	,03/07/2026 16:41:03	,01/07/2026 19:20:16	,02/07/2026 10:56:15	,03/07/2026 16:41:03	,"	",,,Fulfillment by seller,Kho HN,861940761389,Standard shipping,J&T Express,,h***nna_,H****,(+84)036*****19,Việt Nam,Thành Phố Hà Nội,Gia Lâm,********,*************************************,,Cash on delivery,0.5,Bath & Shower,1201961505183335456	,,Unchecked,,Product cards,
584800507128546504	,Shipped,Completed,,Normal,1731317148230255836	,BONG TAM HQ,[Quà tặng không bán] Bông Tắm Tạo Bọt Mềm Mịn,Mặc định,1,0,0,0,0,0,0,0,15800,0,15800,,0,205000,,01/07/2026 15:51:33	,01/07/2026 15:51:45	,01/07/2026 15:53:55	,01/07/2026 17:33:14	,02/07/2026 10:24:25	,"	",,,Fulfillment by seller,Kho HCMC,861943260809,Standard shipping,J&T Express,,i***lyflux1,i*********,(+84)838****77,Vietnam,Ho Chi Minh,Thu Duc,**********,************************,*********************************,MoMo E-Wallet,0.5,"Loofahs, Sponges, & Poufs",1201942690270774472	,,Unchecked,,Product cards,
584800507128546504	,Shipped,Delivered,,Normal,1732251749141154012	,ST01356,"Sữa Tắm Pháp Le Petit Marseillais Cho Nam Chiết Xuất Thiên Nhiên 4in1 Nhiều Mùi Hương Dưỡng Ẩm, Thơm Lâu - Phù Hợp Mọi Loại Da (250ml)","Hương Thông & Bạch Đàn Biển, Standard",1,0,269000,269000,0,64000,205000,0,15800,0,15800,,0,205000,,01/07/2026 15:51:33	,01/07/2026 15:51:45	,01/07/2026 15:53:55	,01/07/2026 17:33:14	,02/07/2026 10:24:25	,"	",,,Fulfillment by seller,Kho HCMC,861943260809,Standard shipping,J&T Express,,i***lyflux1,i*********,(+84)838****77,Vietnam,Ho Chi Minh,Thu Duc,**********,************************,*********************************,MoMo E-Wallet,0.5,Bath & Shower,1201942690270774472	,,Unchecked,,Product cards,
584798553560483319	,Shipped,Delivered,,Normal,1732252943759018204	,DG74042,"Dầu Gội Thiên Nhiên Le Petit Marseillais Nhiều Mùi Hương 250ml Dưỡng Ẩm, Thơm Lâu - Phù Hợp Mọi Loại Da",Trị Gàu 2 In 1 Tinh Dầu Bạc Hà,1,0,329000,329000,10000,62000,257000,0,14000,0,14000,,0,257000,,01/07/2026 13:32:01	,02/07/2026 11:15:12	,01/07/2026 14:48:14	,01/07/2026 17:33:14	,02/07/2026 11:15:12	,"	",,,Fulfillment by seller,Kho HCMC,861916070499,Standard shipping,J&T Express,,q***apjr,N** K** Q**** A**,(+84)090*****06,Vietnam,Ho Chi Minh,Phu Tho Ward,************,************************,,Cash on delivery,0.5,Shampoo & Conditioner,1201926300996961783	,,Unchecked,,Product cards,
584798256561227255	,Canceled,Canceled,Cancel,Normal,1732252943759018204	,DG74042,"Dầu Gội Thiên Nhiên Le Petit Marseillais Nhiều Mùi Hương 250ml Dưỡng Ẩm, Thơm Lâu - Phù Hợp Mọi Loại Da",Trị Gàu 2 In 1 Tinh Dầu Bạc Hà,1,1,329000,329000,10000,62000,257000,0,14000,0,14000,,0,257000,257000,01/07/2026 13:09:36	,"	","	","	","	",01/07/2026 13:31:46	,User,Need to change shipping address,Fulfillment by seller,Kho HCMC,,Standard shipping,,,q***apjr,A** Q***,(+84)086*****00,Vietnam,Ho Chi Minh,Tan Hoa Ward,************,********************,,Cash on delivery,0.5,Shampoo & Conditioner,1201922402554971639	,,Unchecked,,Product cards,
584795377699817386	,Shipped,Delivered,,Normal,1732251749141022940	,ST01431,"Sữa Tắm Pháp Le Petit Marseillais Cho Nam Chiết Xuất Thiên Nhiên 4in1 Nhiều Mùi Hương Dưỡng Ẩm, Thơm Lâu - Phù Hợp Mọi Loại Da (250ml)","Hương Cam & Tinh Dầu Argan, Standard",1,0,269000,269000,0,64000,205000,0,29700,0,29700,,0,205000,,01/07/2026 10:01:51	,02/07/2026 12:00:44	,01/07/2026 10:50:25	,01/07/2026 15:20:15	,02/07/2026 12:00:44	,"	",,,Fulfillment by seller,Kho HCMC,861929479048,Standard shipping,J&T Express,,n***enng3c_qu2,Q**,(+84)094*****71,Việt Nam,An Giang,Long Xuyên,**********,*****************************************,********************************************************,Cash on delivery,0.5,Bath & Shower,1201898145968326570	,,Unchecked,,Product cards,
584795377699817386	,Shipped,Completed,,Normal,1731317148230255836	,BONG TAM HQ,[Quà tặng không bán] Bông Tắm Tạo Bọt Mềm Mịn,Mặc định,1,0,0,0,0,0,0,0,29700,0,29700,,0,205000,,01/07/2026 10:01:51	,02/07/2026 12:00:44	,01/07/2026 10:50:25	,01/07/2026 15:20:15	,02/07/2026 12:00:44	,"	",,,Fulfillment by seller,Kho HCMC,861929479048,Standard shipping,J&T Express,,n***enng3c_qu2,Q**,(+84)094*****71,Việt Nam,An Giang,Long Xuyên,**********,*****************************************,********************************************************,Cash on delivery,0.5,"Loofahs, Sponges, & Poufs",1201898145968326570	,,Unchecked,,Product cards,
584795355616937724	,Shipped,Delivered,,Normal,1735803053802030300	,DG74035,Dầu Gội Sạch Gàu Cho Nam Le Petit Marseillais Chanh Vàng Hữu Cơ 250ml,Mặc định,1,0,329000,329000,0,62000,267000,0,14000,0,14000,,0,267000,,01/07/2026 09:57:59	,02/07/2026 08:30:59	,01/07/2026 10:50:25	,01/07/2026 15:20:15	,02/07/2026 08:30:59	,"	",,,Fulfillment by seller,Kho HCMC,861924239058,Standard shipping,J&T Express,,l***hland47,K***,(+84)919****18,Việt Nam,Hồ Chí Minh,Phường Chánh Hưng,*****************,*******************,*********,Cash on delivery,0.3,Shampoo & Conditioner,1201897597717022460	,,Unchecked,,Videos,
584795240337868041	,Shipped,Completed,,Normal,1731317148230255836	,BONG TAM HQ,[Quà tặng không bán] Bông Tắm Tạo Bọt Mềm Mịn,Mặc định,1,0,0,0,0,0,0,0,15800,0,15800,,0,255000,,01/07/2026 09:49:48	,03/07/2026 18:47:21	,01/07/2026 10:50:25	,01/07/2026 15:20:15	,03/07/2026 18:47:21	,"	",,,Fulfillment by seller,Kho HCMC,861970939078,Standard shipping,J&T Express,,t***y0309,K****,(+84)090*****35,Việt Nam,Hồ Chí Minh,Phường Thạnh Mỹ Tây,*******************,******************,,Cash on delivery,0.5,"Loofahs, Sponges, & Poufs",1201896549287953673	,,Unchecked,,LIVE,huynhdangthong
584795240337868041	,Shipped,Delivered,,Normal,1731887500045813980	,ST01496,"Sữa Tắm Hữu Cơ Le Petit Marseillais Hương Quả Đào Dưỡng Ẩm, Thơm Lâu 98% Hữu cơ  - Phù Hợp Mọi Loại Da (250ml)","Hương Quả Đào, Standard",1,0,339000,339000,0,84000,255000,0,15800,0,15800,,0,255000,,01/07/2026 09:49:48	,03/07/2026 18:47:21	,01/07/2026 10:50:25	,01/07/2026 15:20:15	,03/07/2026 18:47:21	,"	",,,Fulfillment by seller,Kho HCMC,861970939078,Standard shipping,J&T Express,,t***y0309,K****,(+84)090*****35,Việt Nam,Hồ Chí Minh,Phường Thạnh Mỹ Tây,*******************,******************,,Cash on delivery,0.5,Bath & Shower,1201896549287953673	,,Unchecked,,LIVE,huynhdangthong
584794960000484657	,Shipped,Delivered,,,1732250914985052380	,ST48441,"Sữa Tắm/Gel Tắm Pháp Le Petit Marseillais Thiên Nhiên 250ml - Sữa Tắm Lưu Hương Lành Tính - Dịu Nhẹ, An Toàn Cho Da","Quả Mâm Xôi & Hoa Mẫu Đơn, Standard",1,0,0,0,0,0,0,0,0,0,0,,0,0,,01/07/2026 09:34:33	,01/07/2026 09:34:33	,01/07/2026 10:50:25	,01/07/2026 16:07:19	,02/07/2026 11:13:22	,"	",,,Fulfillment by seller,Kho HN,861973119078,Standard shipping,J&T Express,,c***hung.daily,C** N****,(+84)815****88,Việt Nam,Hà Nội,Phường Vĩnh Tuy,***************,***********************************************************************,,,0.5,Bath & Shower,1201895856998942001	,,Unchecked,,Product cards,
584794165366982214	,Canceled,Canceled,Cancel,Normal,1731317148230255836	,BONG TAM HQ,[Quà tặng không bán] Bông Tắm Tạo Bọt Mềm Mịn,Mặc định,1,1,0,0,0,0,0,0,40900,0,40900,,0,172200,0,01/07/2026 08:28:09	,"	","	","	","	",01/07/2026 08:29:19	,System,This order has been cancelled because other orders within the same checkout were cancelled.,Fulfillment by seller,Kho HCMC,,Standard shipping,,,t***694,t***,(+84)905****15,Việt Nam,Đà Nẵng,Phường Điện Bàn Bắc,*******************,*****************************************************,,Cash on delivery,0.5,"Loofahs, Sponges, & Poufs",1201885665382139462	,,Unchecked,,Product cards,
584794165366982214	,Canceled,Canceled,Cancel,Normal,1732251749141219548	,ST01172,"Sữa Tắm Pháp Le Petit Marseillais Cho Nam Chiết Xuất Thiên Nhiên 4in1 Nhiều Mùi Hương Dưỡng Ẩm, Thơm Lâu - Phù Hợp Mọi Loại Da (250ml)","Hương Gỗ Tuyết Tùng & Dương Xỉ, Standard",1,1,269000,269000,32800,64000,172200,0,40900,0,40900,,0,172200,172200,01/07/2026 08:28:09	,"	","	","	","	",01/07/2026 08:29:19	,System,This order has been cancelled because other orders within the same checkout were cancelled.,Fulfillment by seller,Kho HCMC,,Standard shipping,,,t***694,t***,(+84)905****15,Việt Nam,Đà Nẵng,Phường Điện Bàn Bắc,*******************,*****************************************************,,Cash on delivery,0.5,Bath & Shower,1201885665382139462	,,Unchecked,,Product cards,
584792613859984656	,Shipped,Completed,,Normal,1731317148230255836	,BONG TAM HQ,[Quà tặng không bán] Bông Tắm Tạo Bọt Mềm Mịn,Mặc định,1,0,0,0,0,0,0,15800,15800,0,0,,0,220800,,01/07/2026 05:57:16	,02/07/2026 10:37:19	,01/07/2026 06:48:44	,01/07/2026 09:19:02	,02/07/2026 10:37:19	,"	",,,Fulfillment by seller,Kho HCMC,861975506988,Standard shipping,J&T Express,,d***uqoc,q*** d**,(+84)090*****46,Việt Nam,Hồ Chí Minh,Quận 8,********,**********************************************,*********,Cash on delivery,0.5,"Loofahs, Sponges, & Poufs",1201870651461698832	,,Unchecked,,Videos,man.trung.737
584792613859984656	,Shipped,Delivered,,Normal,1732251749141154012	,ST01356,"Sữa Tắm Pháp Le Petit Marseillais Cho Nam Chiết Xuất Thiên Nhiên 4in1 Nhiều Mùi Hương Dưỡng Ẩm, Thơm Lâu - Phù Hợp Mọi Loại Da (250ml)","Hương Thông & Bạch Đàn Biển, Standard",1,0,269000,269000,0,64000,205000,15800,15800,0,0,,0,220800,,01/07/2026 05:57:16	,02/07/2026 10:37:19	,01/07/2026 06:48:44	,01/07/2026 09:19:02	,02/07/2026 10:37:19	,"	",,,Fulfillment by seller,Kho HCMC,861975506988,Standard shipping,J&T Express,,d***uqoc,q*** d**,(+84)090*****46,Việt Nam,Hồ Chí Minh,Quận 8,********,**********************************************,*********,Cash on delivery,0.5,Bath & Shower,1201870651461698832	,,Unchecked,,Videos,man.trung.737
584792502009168920	,Shipped,Completed,,Normal,1734496577198523612	,1 BÁNH-XP,Xà Phòng Le Petit Marseillais Chính Hãng Bánh Xà Phòng Tắm Thiên Nhiên (Ngẫu nhiên)  1 Bánh,Mặc định,1,0,0,0,0,0,0,0,15800,0,15800,,0,378000,,01/07/2026 05:40:29	,02/07/2026 10:38:52	,01/07/2026 06:48:44	,01/07/2026 09:19:02	,02/07/2026 10:38:52	,"	",,,Fulfillment by seller,Kho HCMC,861937956988,Standard shipping,J&T Express,,t***h_dongtamland,N***** M** T****,(+84)935****33,Việt Nam,Hồ Chí Minh,Phường Bình Trưng,*****************,**************,,Cash on delivery,0.1,Bath & Shower,1201870063186314264	,,Unchecked,,Product cards,
584792502009168920	,Shipped,Delivered,,Normal,1735912571877950684	,ST01172 x 2,Combo 2 Sữa Tắm Nam Le Petit Marseillais 4in1 Cho Tóc Mặt Râu Toàn Thân 250ml,"Gỗ Tuyết Tùng Và Dương Xỉ, Gỗ Tuyết Tùng Và Dương Xỉ",1,0,538000,538000,0,160000,378000,0,15800,0,15800,,0,378000,,01/07/2026 05:40:29	,02/07/2026 10:38:52	,01/07/2026 06:48:44	,01/07/2026 09:19:02	,02/07/2026 10:38:52	,"	",,,Fulfillment by seller,Kho HCMC,861937956988,Standard shipping,J&T Express,,t***h_dongtamland,N***** M** T****,(+84)935****33,Việt Nam,Hồ Chí Minh,Phường Bình Trưng,*****************,**************,,Cash on delivery,0.6,Bath & Body Care,1201870063186314264	,,Unchecked,,Product cards,
584791982391657617	,Shipped,Delivered,,Normal,1734496577198523612	,1 BÁNH-XP,Xà Phòng Le Petit Marseillais Chính Hãng Bánh Xà Phòng Tắm Thiên Nhiên (Ngẫu nhiên)  1 Bánh,Mặc định,2,0,75000,150000,10000,0,140000,0,40000,0,40000,,0,140000,,01/07/2026 03:34:26	,03/07/2026 18:29:12	,01/07/2026 06:48:44	,01/07/2026 09:19:02	,03/07/2026 18:29:12	,"	",,,Fulfillment by seller,Kho HCMC,861923626988,Standard shipping,J&T Express,,4***offeebeans,4*** C***** B****,(+84)777****59,Việt Nam,Lâm Đồng,Phường La Gi,************,**********************,,Cash on delivery,0.2,Bath & Shower,1201866536016708753	,,Unchecked,,Videos,onggiatichcuc79
584791945445803412	,Shipped,Completed,,Normal,1731317148230255836	,BONG TAM HQ,[Quà tặng không bán] Bông Tắm Tạo Bọt Mềm Mịn,Mặc định,1,0,0,0,0,0,0,0,15800,0,15800,,0,205000,,01/07/2026 03:22:25	,02/07/2026 10:43:38	,01/07/2026 06:48:44	,01/07/2026 09:19:02	,02/07/2026 10:43:38	,"	",,,Fulfillment by seller,Kho HCMC,861948556978,Standard shipping,J&T Express,,d***roaimanhatgaii,K****,(+84)092*****01,Việt Nam,Hồ Chí Minh,Gò Vấp,*********,****************,*****************,Cash on delivery,0.5,"Loofahs, Sponges, & Poufs",1201866283694720404	,,Unchecked,,Product cards,
584791945445803412	,Shipped,Delivered,,Normal,1732251749141022940	,ST01431,"Sữa Tắm Pháp Le Petit Marseillais Cho Nam Chiết Xuất Thiên Nhiên 4in1 Nhiều Mùi Hương Dưỡng Ẩm, Thơm Lâu - Phù Hợp Mọi Loại Da (250ml)","Hương Cam & Tinh Dầu Argan, Standard",1,0,269000,269000,0,64000,205000,0,15800,0,15800,,0,205000,,01/07/2026 03:22:25	,02/07/2026 10:43:38	,01/07/2026 06:48:44	,01/07/2026 09:19:02	,02/07/2026 10:43:38	,"	",,,Fulfillment by seller,Kho HCMC,861948556978,Standard shipping,J&T Express,,d***roaimanhatgaii,K****,(+84)092*****01,Việt Nam,Hồ Chí Minh,Gò Vấp,*********,****************,*****************,Cash on delivery,0.5,Bath & Shower,1201866283694720404	,,Unchecked,,Product cards,
584791683544418012	,Canceled,Canceled,Cancel,Normal,1731317148230255836	,BONG TAM HQ,[Quà tặng không bán] Bông Tắm Tạo Bọt Mềm Mịn,Mặc định,1,1,0,0,0,0,0,0,47600,0,47600,,0,205000,0,01/07/2026 02:12:00	,"	",01/07/2026 06:48:44	,"	","	",01/07/2026 06:50:51	,User,Need to change payment method,Fulfillment by seller,Kho HCMC,861992436998,Standard shipping,J&T Express,,n***endai25092008,n***** t*** đ**,(+84)925****41,Việt Nam,Lâm Đồng,Đơn Dương,*****,*****************************,,Cash on delivery,0.5,"Loofahs, Sponges, & Poufs",1201864659947521756	,,Unchecked,,Videos,man.trung.737
584791683544418012	,Canceled,Canceled,Cancel,Normal,1732251749141219548	,ST01172,"Sữa Tắm Pháp Le Petit Marseillais Cho Nam Chiết Xuất Thiên Nhiên 4in1 Nhiều Mùi Hương Dưỡng Ẩm, Thơm Lâu - Phù Hợp Mọi Loại Da (250ml)","Hương Gỗ Tuyết Tùng & Dương Xỉ, Standard",1,1,269000,269000,0,64000,205000,0,47600,0,47600,,0,205000,205000,01/07/2026 02:12:00	,"	",01/07/2026 06:48:44	,"	","	",01/07/2026 06:50:51	,User,Need to change payment method,Fulfillment by seller,Kho HCMC,861992436998,Standard shipping,J&T Express,,n***endai25092008,n***** t*** đ**,(+84)925****41,Việt Nam,Lâm Đồng,Đơn Dương,*****,*****************************,,Cash on delivery,0.5,Bath & Shower,1201864659947521756	,,Unchecked,,Videos,man.trung.737
584791636349322630	,Shipped,Completed,,Normal,1731317148230255836	,BONG TAM HQ,[Quà tặng không bán] Bông Tắm Tạo Bọt Mềm Mịn,Mặc định,1,0,0,0,0,0,0,0,35100,0,35100,,0,195000,,01/07/2026 02:02:31	,01/07/2026 02:02:35	,01/07/2026 06:48:44	,01/07/2026 10:06:53	,02/07/2026 10:11:00	,"	",,,Fulfillment by seller,Kho HN,861999306988,Standard shipping,J&T Express,,d***nkid2,Đ* T***** G****,(+84)374****36,Việt Nam,Quảng Ninh,Phường Đông Triều,*****************,*****************,,MoMo E-Wallet,0.5,"Loofahs, Sponges, & Poufs",1201864224889341318	,,Unchecked,,Videos,man.trung.737
584791636349322630	,Shipped,Delivered,,Normal,1732251749141219548	,ST01172,"Sữa Tắm Pháp Le Petit Marseillais Cho Nam Chiết Xuất Thiên Nhiên 4in1 Nhiều Mùi Hương Dưỡng Ẩm, Thơm Lâu - Phù Hợp Mọi Loại Da (250ml)","Hương Gỗ Tuyết Tùng & Dương Xỉ, Standard",1,0,269000,269000,10000,64000,195000,0,35100,0,35100,,0,195000,,01/07/2026 02:02:31	,01/07/2026 02:02:35	,01/07/2026 06:48:44	,01/07/2026 10:06:53	,02/07/2026 10:11:00	,"	",,,Fulfillment by seller,Kho HN,861999306988,Standard shipping,J&T Express,,d***nkid2,Đ* T***** G****,(+84)374****36,Việt Nam,Quảng Ninh,Phường Đông Triều,*****************,*****************,,MoMo E-Wallet,0.5,Bath & Shower,1201864224889341318	,,Unchecked,,Videos,man.trung.737
584791171983508826	,Shipped,Completed,,Normal,1731317148230255836	,BONG TAM HQ,[Quà tặng không bán] Bông Tắm Tạo Bọt Mềm Mịn,Mặc định,1,0,0,0,0,0,0,5100,35100,0,30000,,0,210100,,01/07/2026 00:34:16	,02/07/2026 13:28:44	,01/07/2026 06:48:44	,01/07/2026 09:19:02	,02/07/2026 13:28:44	,"	",,,Fulfillment by seller,Kho HCMC,861988556978,Standard shipping,J&T Express,,t***hhan467,t**** k** h**,(+84)070*****96,Việt Nam,Kiên Giang,Gò Quao,*******,*****************************************************,,Cash on delivery,0.5,"Loofahs, Sponges, & Poufs",1201861173625980250	,,Unchecked,,Product cards,
584791171983508826	,Shipped,Delivered,,Normal,1732251749141285084	,ST04371,"Sữa Tắm Pháp Le Petit Marseillais Cho Nam Chiết Xuất Thiên Nhiên 4in1 Nhiều Mùi Hương Dưỡng Ẩm, Thơm Lâu - Phù Hợp Mọi Loại Da (250ml)","Hương Gừng & Gỗ Bách, Standard",1,0,269000,269000,0,64000,205000,5100,35100,0,30000,,0,210100,,01/07/2026 00:34:16	,02/07/2026 13:28:44	,01/07/2026 06:48:44	,01/07/2026 09:19:02	,02/07/2026 13:28:44	,"	",,,Fulfillment by seller,Kho HCMC,861988556978,Standard shipping,J&T Express,,t***hhan467,t**** k** h**,(+84)070*****96,Việt Nam,Kiên Giang,Gò Quao,*******,*****************************************************,,Cash on delivery,0.5,Bath & Shower,1201861173625980250	,,Unchecked,,Product cards,
584790884126197706	,Shipped,Delivered,,Normal,1732250801268689116	,ST01902,"Sữa Tắm/Gel Tắm Pháp Le Petit Marseillais Chiết Xuất Thiên Nhiên 650ml - Sữa Tắm Lưu Hương Lành Tính - Dịu Nhẹ, An Toàn Cho Da","Thông & Bạch Đàn Biển, Standard",1,0,499000,499000,0,104000,395000,0,8600,0,8600,,0,395000,,01/07/2026 00:01:46	,01/07/2026 00:01:52	,01/07/2026 06:48:44	,01/07/2026 09:19:02	,02/07/2026 09:57:13	,"	",,,Fulfillment by seller,Kho HCMC,861964016988,Standard shipping,J&T Express,,t***h_nguyen_01,T****,(+84)931****61,Việt Nam,Hồ Chí Minh,Quận 3,********,***************************,,Apple Pay,1,Bath & Shower,1201859725937838026	,,Unchecked,,Videos,ha_thubay
584790884126197706	,Shipped,Completed,,Normal,1731317148230255836	,BONG TAM HQ,[Quà tặng không bán] Bông Tắm Tạo Bọt Mềm Mịn,Mặc định,1,0,0,0,0,0,0,0,8600,0,8600,,0,395000,,01/07/2026 00:01:46	,01/07/2026 00:01:52	,01/07/2026 06:48:44	,01/07/2026 09:19:02	,02/07/2026 09:57:13	,"	",,,Fulfillment by seller,Kho HCMC,861964016988,Standard shipping,J&T Express,,t***h_nguyen_01,T****,(+84)931****61,Việt Nam,Hồ Chí Minh,Quận 3,********,***************************,,Apple Pay,0.5,"Loofahs, Sponges, & Poufs",1201859725937838026	,,Unchecked,,Videos,ha_thubay
584790707187124173	,Canceled,Canceled,Cancel,Normal,1731317148230255836	,BONG TAM HQ,[Quà tặng không bán] Bông Tắm Tạo Bọt Mềm Mịn,Mặc định,1,1,0,0,0,0,0,0,29700,0,29700,,0,205000,0,30/06/2026 23:45:03	,"	","	","	","	",30/06/2026 23:46:55	,User,Seller requesting order cancellation,Fulfillment by seller,Kho HN,,Standard shipping,,,t***linh551,T***,(+84)037*****93,Việt Nam,Lào Cai,Lào Cai,*******,**************************,***,Cash on delivery,0.5,"Loofahs, Sponges, & Poufs",1201859089949951949	,,Unchecked,,Videos,duongmanhkien19
584790707187124173	,Canceled,Canceled,Cancel,Normal,1732251749141022940	,ST01431,"Sữa Tắm Pháp Le Petit Marseillais Cho Nam Chiết Xuất Thiên Nhiên 4in1 Nhiều Mùi Hương Dưỡng Ẩm, Thơm Lâu - Phù Hợp Mọi Loại Da (250ml)","Hương Cam & Tinh Dầu Argan, Standard",1,1,269000,269000,0,64000,205000,0,29700,0,29700,,0,205000,205000,30/06/2026 23:45:03	,"	","	","	","	",30/06/2026 23:46:55	,User,Seller requesting order cancellation,Fulfillment by seller,Kho HN,,Standard shipping,,,t***linh551,T***,(+84)037*****93,Việt Nam,Lào Cai,Lào Cai,*******,**************************,***,Cash on delivery,0.5,Bath & Shower,1201859089949951949	,,Unchecked,,Videos,duongmanhkien19
584790648613143569	,Shipped,Completed,,Normal,1731317148230255836	,BONG TAM HQ,[Quà tặng không bán] Bông Tắm Tạo Bọt Mềm Mịn,Mặc định,1,0,0,0,0,0,0,0,20900,0,20900,,0,205000,,30/06/2026 23:40:57	,30/06/2026 23:41:00	,01/07/2026 06:48:44	,01/07/2026 10:06:53	,02/07/2026 10:41:16	,"	",,,Fulfillment by seller,Kho HN,861928556978,Standard shipping,J&T Express,,n***a77,H* h*,(+84)982****98,Việt Nam,Hà Nội,Xã Vĩnh Thanh,*************,**************************,********************************************,Zalopay,0.5,"Loofahs, Sponges, & Poufs",1201859279707669521	,,Unchecked,,Product cards,
584790648613143569	,Shipped,Delivered,,Normal,1732250914984986844	,ST99622,"Sữa Tắm/Gel Tắm Pháp Le Petit Marseillais Thiên Nhiên 250ml - Sữa Tắm Lưu Hương Lành Tính - Dịu Nhẹ, An Toàn Cho Da","Xoài & Chanh Dây, Standard",1,0,269000,269000,0,64000,205000,0,20900,0,20900,,0,205000,,30/06/2026 23:40:57	,30/06/2026 23:41:00	,01/07/2026 06:48:44	,01/07/2026 10:06:53	,02/07/2026 10:41:16	,"	",,,Fulfillment by seller,Kho HN,861928556978,Standard shipping,J&T Express,,n***a77,H* h*,(+84)982****98,Việt Nam,Hà Nội,Xã Vĩnh Thanh,*************,**************************,********************************************,Zalopay,0.5,Bath & Shower,1201859279707669521	,,Unchecked,,Product cards,
584790481807115905	,Shipped,Delivered,,Normal,1732252943759018204	,DG74042,"Dầu Gội Thiên Nhiên Le Petit Marseillais Nhiều Mùi Hương 250ml Dưỡng Ẩm, Thơm Lâu - Phù Hợp Mọi Loại Da",Trị Gàu 2 In 1 Tinh Dầu Bạc Hà,1,0,329000,329000,53400,62000,213600,0,14000,0,14000,,0,213600,,30/06/2026 23:21:00	,02/07/2026 17:07:15	,01/07/2026 06:48:44	,01/07/2026 10:06:54	,02/07/2026 17:07:15	,"	",,,Fulfillment by seller,Kho HN,861968556978,Standard shipping,J&T Express,,q***g_euro86,Đ* Q****,(+84)098*****96,Việt Nam,Hà Nội,Thanh Xuân,**********,********************,,Cash on delivery,0.5,Shampoo & Conditioner,1201858252664505985	,,Unchecked,,Videos,tuyetcookies
584790349562087133	,Shipped,Completed,,Normal,1731317148230255836	,BONG TAM HQ,[Quà tặng không bán] Bông Tắm Tạo Bọt Mềm Mịn,Mặc định,1,0,0,0,0,0,0,0,15800,0,15800,,0,165000,,30/06/2026 23:16:40	,02/07/2026 17:19:08	,01/07/2026 06:48:44	,01/07/2026 10:06:54	,02/07/2026 17:19:08	,"	",,,Fulfillment by seller,Kho HN,861912446998,Standard shipping,J&T Express,,u***5562878315726,u****************,(+84)983****14,Việt Nam,Hà Nội,Cầu Giấy,*********,**************************************************,,Cash on delivery,0.5,"Loofahs, Sponges, & Poufs",1201857284900554461	,,Unchecked,,Videos,
584790349562087133	,Shipped,Delivered,,Normal,1732251749141219548	,ST01172,"Sữa Tắm Pháp Le Petit Marseillais Cho Nam Chiết Xuất Thiên Nhiên 4in1 Nhiều Mùi Hương Dưỡng Ẩm, Thơm Lâu - Phù Hợp Mọi Loại Da (250ml)","Hương Gỗ Tuyết Tùng & Dương Xỉ, Standard",1,0,269000,269000,40000,64000,165000,0,15800,0,15800,,0,165000,,30/06/2026 23:16:40	,02/07/2026 17:19:08	,01/07/2026 06:48:44	,01/07/2026 10:06:54	,02/07/2026 17:19:08	,"	",,,Fulfillment by seller,Kho HN,861912446998,Standard shipping,J&T Express,,u***5562878315726,u****************,(+84)983****14,Việt Nam,Hà Nội,Cầu Giấy,*********,**************************************************,,Cash on delivery,0.5,Bath & Shower,1201857284900554461	,,Unchecked,,Videos,
584790246796527233	,Shipped,Completed,,Normal,1731317148230255836	,BONG TAM HQ,[Quà tặng không bán] Bông Tắm Tạo Bọt Mềm Mịn,Mặc định,1,0,0,0,0,0,0,0,15800,0,15800,,0,194750,,30/06/2026 23:05:23	,02/07/2026 17:07:15	,01/07/2026 06:48:44	,01/07/2026 10:06:54	,02/07/2026 17:07:15	,"	",,,Fulfillment by seller,Kho HN,861974586988,Standard shipping,J&T Express,,q***g_euro86,Đ* Q****,(+84)098*****96,Việt Nam,Hà Nội,Thanh Xuân,**********,********************,,Cash on delivery,0.5,"Loofahs, Sponges, & Poufs",1201856598081373825	,,Unchecked,,Videos,haiidaynek
584790246796527233	,Shipped,Delivered,,Normal,1732251749141219548	,ST01172,"Sữa Tắm Pháp Le Petit Marseillais Cho Nam Chiết Xuất Thiên Nhiên 4in1 Nhiều Mùi Hương Dưỡng Ẩm, Thơm Lâu - Phù Hợp Mọi Loại Da (250ml)","Hương Gỗ Tuyết Tùng & Dương Xỉ, Standard",1,0,269000,269000,10250,64000,194750,0,15800,0,15800,,0,194750,,30/06/2026 23:05:23	,02/07/2026 17:07:15	,01/07/2026 06:48:44	,01/07/2026 10:06:54	,02/07/2026 17:07:15	,"	",,,Fulfillment by seller,Kho HN,861974586988,Standard shipping,J&T Express,,q***g_euro86,Đ* Q****,(+84)098*****96,Việt Nam,Hà Nội,Thanh Xuân,**********,********************,,Cash on delivery,0.5,Bath & Shower,1201856598081373825	,,Unchecked,,Videos,haiidaynek
584790205108225079	,Shipped,Completed,,Normal,1731317148230255836	,BONG TAM HQ,[Quà tặng không bán] Bông Tắm Tạo Bọt Mềm Mịn,Mặc định,1,0,0,0,0,0,0,0,20900,0,20900,,0,205000,,30/06/2026 23:02:45	,02/07/2026 12:06:59	,01/07/2026 06:48:44	,01/07/2026 09:19:02	,02/07/2026 12:06:59	,"	",,,Fulfillment by seller,Kho HCMC,861950216998,Standard shipping,J&T Express,,h***huynh_0601,H*** H****,(+84)038*****98,Việt Nam,Bình Dương,Bến Cát,********,*********************************************************,**************************,Cash on delivery,0.5,"Loofahs, Sponges, & Poufs",1201857112920982583	,,Unchecked,,Videos,xanh.duong97
584790205108225079	,Shipped,Delivered,,Normal,1732251749141219548	,ST01172,"Sữa Tắm Pháp Le Petit Marseillais Cho Nam Chiết Xuất Thiên Nhiên 4in1 Nhiều Mùi Hương Dưỡng Ẩm, Thơm Lâu - Phù Hợp Mọi Loại Da (250ml)","Hương Gỗ Tuyết Tùng & Dương Xỉ, Standard",1,0,269000,269000,0,64000,205000,0,20900,0,20900,,0,205000,,30/06/2026 23:02:45	,02/07/2026 12:06:59	,01/07/2026 06:48:44	,01/07/2026 09:19:02	,02/07/2026 12:06:59	,"	",,,Fulfillment by seller,Kho HCMC,861950216998,Standard shipping,J&T Express,,h***huynh_0601,H*** H****,(+84)038*****98,Việt Nam,Bình Dương,Bến Cát,********,*********************************************************,**************************,Cash on delivery,0.5,Bath & Shower,1201857112920982583	,,Unchecked,,Videos,xanh.duong97
584790102658287569	,Shipped,Completed,,Normal,1731317148230255836	,BONG TAM HQ,[Quà tặng không bán] Bông Tắm Tạo Bọt Mềm Mịn,Mặc định,1,0,0,0,0,0,0,0,35100,0,35100,,0,205000,,30/06/2026 22:52:07	,02/07/2026 12:44:53	,01/07/2026 06:48:44	,01/07/2026 09:19:02	,02/07/2026 12:44:53	,"	",,,Fulfillment by seller,Kho HCMC,861994916988,Standard shipping,J&T Express,,n***2903,N***,(+84)096*****80,Việt Nam,Đồng Tháp,Lấp Vò,******,***************,******************************,Cash on delivery,0.5,"Loofahs, Sponges, & Poufs",1201855987942852561	,,Unchecked,,Videos,duongmanhkien19
584790102658287569	,Shipped,Delivered,,Normal,1732251749141219548	,ST01172,"Sữa Tắm Pháp Le Petit Marseillais Cho Nam Chiết Xuất Thiên Nhiên 4in1 Nhiều Mùi Hương Dưỡng Ẩm, Thơm Lâu - Phù Hợp Mọi Loại Da (250ml)","Hương Gỗ Tuyết Tùng & Dương Xỉ, Standard",1,0,269000,269000,0,64000,205000,0,35100,0,35100,,0,205000,,30/06/2026 22:52:07	,02/07/2026 12:44:53	,01/07/2026 06:48:44	,01/07/2026 09:19:02	,02/07/2026 12:44:53	,"	",,,Fulfillment by seller,Kho HCMC,861994916988,Standard shipping,J&T Express,,n***2903,N***,(+84)096*****80,Việt Nam,Đồng Tháp,Lấp Vò,******,***************,******************************,Cash on delivery,0.5,Bath & Shower,1201855987942852561	,,Unchecked,,Videos,duongmanhkien19
584790007334405301	,Shipped,Completed,,Normal,1731317148230255836	,BONG TAM HQ,[Quà tặng không bán] Bông Tắm Tạo Bọt Mềm Mịn,Mặc định,1,0,0,0,0,0,0,0,20900,0,20900,,0,205000,,30/06/2026 22:48:50	,02/07/2026 18:29:11	,01/07/2026 06:48:44	,01/07/2026 09:19:02	,02/07/2026 18:29:11	,"	",,,Fulfillment by seller,Kho HCMC,861943626988,Standard shipping,J&T Express,,u***956185720,T**** L****,(+84)971****68,Việt Nam,Hồ Chí Minh,Phường Dĩ An,************,**********************************************************************************,****************************************************************,Cash on delivery,0.5,"Loofahs, Sponges, & Poufs",1201855851497096373	,,Unchecked,,Videos,duongmanhkien19
584790007334405301	,Shipped,Delivered,,Normal,1732251749141219548	,ST01172,"Sữa Tắm Pháp Le Petit Marseillais Cho Nam Chiết Xuất Thiên Nhiên 4in1 Nhiều Mùi Hương Dưỡng Ẩm, Thơm Lâu - Phù Hợp Mọi Loại Da (250ml)","Hương Gỗ Tuyết Tùng & Dương Xỉ, Standard",1,0,269000,269000,0,64000,205000,0,20900,0,20900,,0,205000,,30/06/2026 22:48:50	,02/07/2026 18:29:11	,01/07/2026 06:48:44	,01/07/2026 09:19:02	,02/07/2026 18:29:11	,"	",,,Fulfillment by seller,Kho HCMC,861943626988,Standard shipping,J&T Express,,u***956185720,T**** L****,(+84)971****68,Việt Nam,Hồ Chí Minh,Phường Dĩ An,************,**********************************************************************************,****************************************************************,Cash on delivery,0.5,Bath & Shower,1201855851497096373	,,Unchecked,,Videos,duongmanhkien19
584790029524895070	,Shipped,Completed,,Normal,1731317148230255836	,BONG TAM HQ,[Quà tặng không bán] Bông Tắm Tạo Bọt Mềm Mịn,Mặc định,1,0,0,0,0,0,0,0,34000,0,34000,,0,395000,,30/06/2026 22:41:48	,02/07/2026 14:02:53	,01/07/2026 06:48:44	,01/07/2026 09:19:02	,02/07/2026 14:02:53	,"	",,,Fulfillment by seller,Kho HCMC,861908936978,Standard shipping,J&T Express,,y***yengne,M**,(+84)093*****73,Việt Nam,Đồng Nai,Biên Hòa,*******,*******************************,,Cash on delivery,0.5,"Loofahs, Sponges, & Poufs",1201855244822152542	,,Unchecked,,Videos,thaocanview
584790029524895070	,Shipped,Delivered,,Normal,1732250801269147868	,ST06999,"Sữa Tắm/Gel Tắm Pháp Le Petit Marseillais Chiết Xuất Thiên Nhiên 650ml - Sữa Tắm Lưu Hương Lành Tính - Dịu Nhẹ, An Toàn Cho Da","Dừa, Standard",1,0,499000,499000,0,104000,395000,0,34000,0,34000,,0,395000,,30/06/2026 22:41:48	,02/07/2026 14:02:53	,01/07/2026 06:48:44	,01/07/2026 09:19:02	,02/07/2026 14:02:53	,"	",,,Fulfillment by seller,Kho HCMC,861908936978,Standard shipping,J&T Express,,y***yengne,M**,(+84)093*****73,Việt Nam,Đồng Nai,Biên Hòa,*******,*******************************,,Cash on delivery,1,Bath & Shower,1201855244822152542	,,Unchecked,,Videos,thaocanview
584789886208018024	,Shipped,Completed,,Normal,1731317148230255836	,BONG TAM HQ,[Quà tặng không bán] Bông Tắm Tạo Bọt Mềm Mịn,Mặc định,1,0,0,0,0,0,0,0,35100,0,35100,,0,205000,,30/06/2026 22:40:12	,02/07/2026 16:02:59	,01/07/2026 06:48:44	,01/07/2026 10:06:53	,02/07/2026 16:02:59	,"	",,,Fulfillment by seller,Kho HN,861995506988,Standard shipping,J&T Express,,2***ln,2*****,(+84)097*****66,Việt Nam,Phú Thọ,Thanh Ba,********,***********************************************,,Cash on delivery,0.5,"Loofahs, Sponges, & Poufs",1201855052582979176	,,Unchecked,,Videos,duongmanhkien19
584789886208018024	,Shipped,Delivered,,Normal,1732251749141219548	,ST01172,"Sữa Tắm Pháp Le Petit Marseillais Cho Nam Chiết Xuất Thiên Nhiên 4in1 Nhiều Mùi Hương Dưỡng Ẩm, Thơm Lâu - Phù Hợp Mọi Loại Da (250ml)","Hương Gỗ Tuyết Tùng & Dương Xỉ, Standard",1,0,269000,269000,0,64000,205000,0,35100,0,35100,,0,205000,,30/06/2026 22:40:12	,02/07/2026 16:02:59	,01/07/2026 06:48:44	,01/07/2026 10:06:53	,02/07/2026 16:02:59	,"	",,,Fulfillment by seller,Kho HN,861995506988,Standard shipping,J&T Express,,2***ln,2*****,(+84)097*****66,Việt Nam,Phú Thọ,Thanh Ba,********,***********************************************,,Cash on delivery,0.5,Bath & Shower,1201855052582979176	,,Unchecked,,Videos,duongmanhkien19
584789926881232222	,Shipped,Completed,,Normal,1731317148230255836	,BONG TAM HQ,[Quà tặng không bán] Bông Tắm Tạo Bọt Mềm Mịn,Mặc định,1,0,0,0,0,0,0,0,29700,0,29700,,0,205000,,30/06/2026 22:38:42	,02/07/2026 14:02:54	,01/07/2026 06:48:44	,01/07/2026 09:19:02	,02/07/2026 14:02:54	,"	",,,Fulfillment by seller,Kho HCMC,861914926988,Standard shipping,J&T Express,,y***yengne,M**,(+84)093*****73,Việt Nam,Đồng Nai,Biên Hòa,*******,*******************************,,Cash on delivery,0.5,"Loofahs, Sponges, & Poufs",1201855506210129246	,,Unchecked,,Videos,xanh.duong97
584789926881232222	,Shipped,Delivered,,Normal,1732251749141285084	,ST04371,"Sữa Tắm Pháp Le Petit Marseillais Cho Nam Chiết Xuất Thiên Nhiên 4in1 Nhiều Mùi Hương Dưỡng Ẩm, Thơm Lâu - Phù Hợp Mọi Loại Da (250ml)","Hương Gừng & Gỗ Bách, Standard",1,0,269000,269000,0,64000,205000,0,29700,0,29700,,0,205000,,30/06/2026 22:38:42	,02/07/2026 14:02:54	,01/07/2026 06:48:44	,01/07/2026 09:19:02	,02/07/2026 14:02:54	,"	",,,Fulfillment by seller,Kho HCMC,861914926988,Standard shipping,J&T Express,,y***yengne,M**,(+84)093*****73,Việt Nam,Đồng Nai,Biên Hòa,*******,*******************************,,Cash on delivery,0.5,Bath & Shower,1201855506210129246	,,Unchecked,,Videos,xanh.duong97
584789925742282011	,Shipped,Completed,,Normal,1731317148230255836	,BONG TAM HQ,[Quà tặng không bán] Bông Tắm Tạo Bọt Mềm Mịn,Mặc định,1,0,0,0,0,0,0,0,35100,0,35100,,0,205000,,30/06/2026 22:37:04	,02/07/2026 17:49:04	,01/07/2026 06:48:44	,01/07/2026 09:19:02	,02/07/2026 17:49:04	,"	",,,Fulfillment by seller,Kho HCMC,861964696978,Standard shipping,J&T Express,,d***rongbds.la,L** đ** t****,(+84)918****38,Việt Nam,Long An,Đức Hòa,**********,************,,Cash on delivery,0.5,"Loofahs, Sponges, & Poufs",1201855498826384667	,,Unchecked,,Videos,duongmanhkien19
584789925742282011	,Shipped,Delivered,,Normal,1732251749141154012	,ST01356,"Sữa Tắm Pháp Le Petit Marseillais Cho Nam Chiết Xuất Thiên Nhiên 4in1 Nhiều Mùi Hương Dưỡng Ẩm, Thơm Lâu - Phù Hợp Mọi Loại Da (250ml)","Hương Thông & Bạch Đàn Biển, Standard",1,0,269000,269000,0,64000,205000,0,35100,0,35100,,0,205000,,30/06/2026 22:37:04	,02/07/2026 17:49:04	,01/07/2026 06:48:44	,01/07/2026 09:19:02	,02/07/2026 17:49:04	,"	",,,Fulfillment by seller,Kho HCMC,861964696978,Standard shipping,J&T Express,,d***rongbds.la,L** đ** t****,(+84)918****38,Việt Nam,Long An,Đức Hòa,**********,************,,Cash on delivery,0.5,Bath & Shower,1201855498826384667	,,Unchecked,,Videos,duongmanhkien19
584789723330283096	,Shipped,Completed,,Normal,1731317148230255836	,BONG TAM HQ,[Quà tặng không bán] Bông Tắm Tạo Bọt Mềm Mịn,Mặc định,1,0,0,0,0,0,0,0,29700,0,29700,,0,205000,,30/06/2026 22:30:29	,02/07/2026 10:20:34	,01/07/2026 06:48:44	,01/07/2026 10:06:53	,02/07/2026 10:20:34	,"	",,,Fulfillment by seller,Kho HN,861958686988,Standard shipping,J&T Express,,h***gviet85vn,A** v***,(+84)091*****85,Việt Nam,Hải Phòng,Phường Hồng Bàng,****************,*********************,,Cash on delivery,0.5,"Loofahs, Sponges, & Poufs",1201854968637654616	,,Unchecked,,Videos,duongmanhkien19
584789723330283096	,Shipped,Delivered,,Normal,1732251749141219548	,ST01172,"Sữa Tắm Pháp Le Petit Marseillais Cho Nam Chiết Xuất Thiên Nhiên 4in1 Nhiều Mùi Hương Dưỡng Ẩm, Thơm Lâu - Phù Hợp Mọi Loại Da (250ml)","Hương Gỗ Tuyết Tùng & Dương Xỉ, Standard",1,0,269000,269000,0,64000,205000,0,29700,0,29700,,0,205000,,30/06/2026 22:30:29	,02/07/2026 10:20:34	,01/07/2026 06:48:44	,01/07/2026 10:06:53	,02/07/2026 10:20:34	,"	",,,Fulfillment by seller,Kho HN,861958686988,Standard shipping,J&T Express,,h***gviet85vn,A** v***,(+84)091*****85,Việt Nam,Hải Phòng,Phường Hồng Bàng,****************,*********************,,Cash on delivery,0.5,Bath & Shower,1201854968637654616	,,Unchecked,,Videos,duongmanhkien19
584789704152745516	,Shipped,Completed,,Normal,1731317148230255836	,BONG TAM HQ,[Quà tặng không bán] Bông Tắm Tạo Bọt Mềm Mịn,Mặc định,1,0,0,0,0,0,0,0,34000,0,34000,,0,335750,,30/06/2026 22:29:17	,02/07/2026 19:10:16	,01/07/2026 06:48:44	,01/07/2026 09:19:02	,02/07/2026 19:10:16	,"	",,,Fulfillment by seller,Kho HCMC,861935346988,Standard shipping,J&T Express,,h***o172,𝙉*** 𝙏***,(+84)911****17,Việt Nam,Cà Mau,Cà Mau,*********,*********,,Cash on delivery,0.5,"Loofahs, Sponges, & Poufs",1201854738317805100	,,Unchecked,,Videos,ha_thubay
584789704152745516	,Shipped,Delivered,,Normal,1732250801269344476	,ST00991,"Sữa Tắm/Gel Tắm Pháp Le Petit Marseillais Chiết Xuất Thiên Nhiên 650ml - Sữa Tắm Lưu Hương Lành Tính - Dịu Nhẹ, An Toàn Cho Da","Sữa Thực Vật, Standard",1,0,499000,499000,59250,104000,335750,0,34000,0,34000,,0,335750,,30/06/2026 22:29:17	,02/07/2026 19:10:16	,01/07/2026 06:48:44	,01/07/2026 09:19:02	,02/07/2026 19:10:16	,"	",,,Fulfillment by seller,Kho HCMC,861935346988,Standard shipping,J&T Express,,h***o172,𝙉*** 𝙏***,(+84)911****17,Việt Nam,Cà Mau,Cà Mau,*********,*********,,Cash on delivery,1,Bath & Shower,1201854738317805100	,,Unchecked,,Videos,ha_thubay
584789696215680026	,Shipped,Completed,,Normal,1731317148230255836	,BONG TAM HQ,[Quà tặng không bán] Bông Tắm Tạo Bọt Mềm Mịn,Mặc định,1,0,0,0,0,0,0,0,20900,0,20900,,0,205000,,30/06/2026 22:25:38	,02/07/2026 13:08:33	,01/07/2026 06:48:44	,01/07/2026 10:06:54	,02/07/2026 13:08:33	,"	",,,Fulfillment by seller,Kho HN,861988926978,Standard shipping,J&T Express,,t***vantrai,D**,(+84)032*****85,Việt Nam,Thành phố Hà Nội,Thường Tín,********,***********************************,,Cash on delivery,0.5,"Loofahs, Sponges, & Poufs",1201854523485422618	,,Unchecked,,Videos,kinkechillchill
584789696215680026	,Shipped,Delivered,,Normal,1732250914984724700	,ST19308,"Sữa Tắm/Gel Tắm Pháp Le Petit Marseillais Thiên Nhiên 250ml - Sữa Tắm Lưu Hương Lành Tính - Dịu Nhẹ, An Toàn Cho Da","Hương Lựu, Standard",1,0,269000,269000,0,64000,205000,0,20900,0,20900,,0,205000,,30/06/2026 22:25:38	,02/07/2026 13:08:33	,01/07/2026 06:48:44	,01/07/2026 10:06:54	,02/07/2026 13:08:33	,"	",,,Fulfillment by seller,Kho HN,861988926978,Standard shipping,J&T Express,,t***vantrai,D**,(+84)032*****85,Việt Nam,Thành phố Hà Nội,Thường Tín,********,***********************************,,Cash on delivery,0.5,Bath & Shower,1201854523485422618	,,Unchecked,,Videos,kinkechillchill
584789677443483341	,Shipped,Completed,,Normal,1731317148230255836	,BONG TAM HQ,[Quà tặng không bán] Bông Tắm Tạo Bọt Mềm Mịn,Mặc định,1,0,0,0,0,0,0,0,29700,0,29700,,0,205000,,30/06/2026 22:24:04	,02/07/2026 11:49:55	,01/07/2026 06:48:44	,01/07/2026 10:06:54	,02/07/2026 11:49:55	,"	",,,Fulfillment by seller,Kho HN,861903626988,Standard shipping,J&T Express,,v***g081977,T*** v****,(+84)982****22,Việt Nam,Hải Phòng,Phường Lê Chân,**************,********************************************,,Cash on delivery,0.5,"Loofahs, Sponges, & Poufs",1201854590412883661	,,Unchecked,,Videos,duongmanhkien19
584789677443483341	,Shipped,Delivered,,Normal,1732251749141022940	,ST01431,"Sữa Tắm Pháp Le Petit Marseillais Cho Nam Chiết Xuất Thiên Nhiên 4in1 Nhiều Mùi Hương Dưỡng Ẩm, Thơm Lâu - Phù Hợp Mọi Loại Da (250ml)","Hương Cam & Tinh Dầu Argan, Standard",1,0,269000,269000,0,64000,205000,0,29700,0,29700,,0,205000,,30/06/2026 22:24:04	,02/07/2026 11:49:55	,01/07/2026 06:48:44	,01/07/2026 10:06:54	,02/07/2026 11:49:55	,"	",,,Fulfillment by seller,Kho HN,861903626988,Standard shipping,J&T Express,,v***g081977,T*** v****,(+84)982****22,Việt Nam,Hải Phòng,Phường Lê Chân,**************,********************************************,,Cash on delivery,0.5,Bath & Shower,1201854590412883661	,,Unchecked,,Videos,duongmanhkien19
584789585692623979	,Shipped,Delivered,,Normal,1732251749141219548	,ST01172,"Sữa Tắm Pháp Le Petit Marseillais Cho Nam Chiết Xuất Thiên Nhiên 4in1 Nhiều Mùi Hương Dưỡng Ẩm, Thơm Lâu - Phù Hợp Mọi Loại Da (250ml)","Hương Gỗ Tuyết Tùng & Dương Xỉ, Standard",1,0,269000,269000,0,64000,205000,35100,35100,0,0,,0,240100,,30/06/2026 22:20:10	,02/07/2026 12:54:43	,01/07/2026 06:48:44	,01/07/2026 09:19:02	,02/07/2026 12:54:43	,"	",,,Fulfillment by seller,Kho HCMC,861984556978,Standard shipping,J&T Express,,n***45497,G** P***,(+84)913****81,Việt Nam,Long An,Thủ Thừa,********,*************************************************************,*****************************************************************************,Cash on delivery,0.5,Bath & Shower,1201853621871936619	,,Unchecked,,Videos,duongmanhkien19
584789585692623979	,Shipped,Completed,,Normal,1731317148230255836	,BONG TAM HQ,[Quà tặng không bán] Bông Tắm Tạo Bọt Mềm Mịn,Mặc định,1,0,0,0,0,0,0,35100,35100,0,0,,0,240100,,30/06/2026 22:20:10	,02/07/2026 12:54:43	,01/07/2026 06:48:44	,01/07/2026 09:19:02	,02/07/2026 12:54:43	,"	",,,Fulfillment by seller,Kho HCMC,861984556978,Standard shipping,J&T Express,,n***45497,G** P***,(+84)913****81,Việt Nam,Long An,Thủ Thừa,********,*************************************************************,*****************************************************************************,Cash on delivery,0.5,"Loofahs, Sponges, & Poufs",1201853621871936619	,,Unchecked,,Videos,duongmanhkien19
584789599710381368	,Shipped,Completed,,Normal,1731317148230255836	,BONG TAM HQ,[Quà tặng không bán] Bông Tắm Tạo Bọt Mềm Mịn,Mặc định,1,0,0,0,0,0,0,0,15800,0,15800,20,0,204980,,30/06/2026 22:19:09	,30/06/2026 22:19:13	,01/07/2026 06:48:44	,01/07/2026 09:19:02	,02/07/2026 10:54:52	,"	",,,Fulfillment by seller,Kho HCMC,861974916988,Standard shipping,J&T Express,,d***isngo81,H***,(+84)987****79,Việt Nam,Hồ Chí Minh,Phường Vĩnh Hội,***************,***************************************************,,PayLater,0.5,"Loofahs, Sponges, & Poufs",1201854026847782200	,,Unchecked,,Product cards,
584789599710381368	,Shipped,Delivered,,Normal,1732251749141219548	,ST01172,"Sữa Tắm Pháp Le Petit Marseillais Cho Nam Chiết Xuất Thiên Nhiên 4in1 Nhiều Mùi Hương Dưỡng Ẩm, Thơm Lâu - Phù Hợp Mọi Loại Da (250ml)","Hương Gỗ Tuyết Tùng & Dương Xỉ, Standard",1,0,269000,269000,0,64000,205000,0,15800,0,15800,20,0,204980,,30/06/2026 22:19:09	,30/06/2026 22:19:13	,01/07/2026 06:48:44	,01/07/2026 09:19:02	,02/07/2026 10:54:52	,"	",,,Fulfillment by seller,Kho HCMC,861974916988,Standard shipping,J&T Express,,d***isngo81,H***,(+84)987****79,Việt Nam,Hồ Chí Minh,Phường Vĩnh Hội,***************,***************************************************,,PayLater,0.5,Bath & Shower,1201854026847782200	,,Unchecked,,Product cards,
584789364571604786	,Shipped,Completed,,Normal,1731317148230255836	,BONG TAM HQ,[Quà tặng không bán] Bông Tắm Tạo Bọt Mềm Mịn,Mặc định,1,0,0,0,0,0,0,0,29700,0,29700,,0,205000,,30/06/2026 22:08:24	,02/07/2026 07:38:24	,01/07/2026 06:48:45	,01/07/2026 09:19:01	,02/07/2026 07:38:24	,"	",,,Fulfillment by seller,Kho HCMC,861963626988,Standard shipping,J&T Express,,n***entamst1,a** T**,(+84)967****83,Việt Nam,Sóc Trăng,Sóc Trăng,********,*********************************************************,******************,Cash on delivery,0.5,"Loofahs, Sponges, & Poufs",1201852937177696050	,,Unchecked,,Videos,duongmanhkien19
584789364571604786	,Shipped,Delivered,,Normal,1732251749141219548	,ST01172,"Sữa Tắm Pháp Le Petit Marseillais Cho Nam Chiết Xuất Thiên Nhiên 4in1 Nhiều Mùi Hương Dưỡng Ẩm, Thơm Lâu - Phù Hợp Mọi Loại Da (250ml)","Hương Gỗ Tuyết Tùng & Dương Xỉ, Standard",1,0,269000,269000,0,64000,205000,0,29700,0,29700,,0,205000,,30/06/2026 22:08:24	,02/07/2026 07:38:24	,01/07/2026 06:48:45	,01/07/2026 09:19:01	,02/07/2026 07:38:24	,"	",,,Fulfillment by seller,Kho HCMC,861963626988,Standard shipping,J&T Express,,n***entamst1,a** T**,(+84)967****83,Việt Nam,Sóc Trăng,Sóc Trăng,********,*********************************************************,******************,Cash on delivery,0.5,Bath & Shower,1201852937177696050	,,Unchecked,,Videos,duongmanhkien19
584789094893914036	,Shipped,Completed,,Normal,1731317148230255836	,BONG TAM HQ,[Quà tặng không bán] Bông Tắm Tạo Bọt Mềm Mịn,Mặc định,1,0,0,0,0,0,0,0,29700,0,29700,,0,185000,,30/06/2026 21:48:41	,02/07/2026 21:06:53	,30/06/2026 21:52:54	,01/07/2026 10:06:54	,02/07/2026 21:06:53	,"	",,,Fulfillment by seller,Kho HN,861985736458,Standard shipping,J&T Express,,m***tsui88,K****,(+84)933****06,Việt Nam,Quảng Ninh,Hạ Long,********,********************************,,Cash on delivery,0.5,"Loofahs, Sponges, & Poufs",1201851660847122356	,,Unchecked,,Videos,chongsalyyyyy
584789094893914036	,Shipped,Delivered,,Normal,1732251749141154012	,ST01356,"Sữa Tắm Pháp Le Petit Marseillais Cho Nam Chiết Xuất Thiên Nhiên 4in1 Nhiều Mùi Hương Dưỡng Ẩm, Thơm Lâu - Phù Hợp Mọi Loại Da (250ml)","Hương Thông & Bạch Đàn Biển, Standard",1,0,269000,269000,20000,64000,185000,0,29700,0,29700,,0,185000,,30/06/2026 21:48:41	,02/07/2026 21:06:53	,30/06/2026 21:52:54	,01/07/2026 10:06:54	,02/07/2026 21:06:53	,"	",,,Fulfillment by seller,Kho HN,861985736458,Standard shipping,J&T Express,,m***tsui88,K****,(+84)933****06,Việt Nam,Quảng Ninh,Hạ Long,********,********************************,,Cash on delivery,0.5,Bath & Shower,1201851660847122356	,,Unchecked,,Videos,chongsalyyyyy
584788976377431865	,Shipped,Completed,,Normal,1731317148230255836	,BONG TAM HQ,[Quà tặng không bán] Bông Tắm Tạo Bọt Mềm Mịn,Mặc định,1,0,0,0,0,0,0,0,35100,0,35100,,0,189000,,30/06/2026 21:46:50	,03/07/2026 19:26:00	,30/06/2026 21:52:54	,01/07/2026 09:19:01	,03/07/2026 19:26:00	,"	",,,Fulfillment by seller,Kho HCMC,861913196478,Standard shipping,J&T Express,,n***0110,T**** P**,(+84)559****32,Việt Nam,An Giang,Đặc khu Phú Quốc,****************,********************,,Cash on delivery,0.5,"Loofahs, Sponges, & Poufs",1201851208522827577	,,Unchecked,,Product cards,
584788976377431865	,Shipped,Delivered,,Normal,1732251749141219548	,ST01172,"Sữa Tắm Pháp Le Petit Marseillais Cho Nam Chiết Xuất Thiên Nhiên 4in1 Nhiều Mùi Hương Dưỡng Ẩm, Thơm Lâu - Phù Hợp Mọi Loại Da (250ml)","Hương Gỗ Tuyết Tùng & Dương Xỉ, Standard",1,0,269000,269000,0,80000,189000,0,35100,0,35100,,0,189000,,30/06/2026 21:46:50	,03/07/2026 19:26:00	,30/06/2026 21:52:54	,01/07/2026 09:19:01	,03/07/2026 19:26:00	,"	",,,Fulfillment by seller,Kho HCMC,861913196478,Standard shipping,J&T Express,,n***0110,T**** P**,(+84)559****32,Việt Nam,An Giang,Đặc khu Phú Quốc,****************,********************,,Cash on delivery,0.5,Bath & Shower,1201851208522827577	,,Unchecked,,Product cards,
584788937189394052	,Shipped,Completed,,Normal,1731317148230255836	,BONG TAM HQ,[Quà tặng không bán] Bông Tắm Tạo Bọt Mềm Mịn,Mặc định,1,0,0,0,0,0,0,0,20900,0,20900,,0,205000,,30/06/2026 21:45:12	,04/07/2026 15:27:26	,30/06/2026 21:52:54	,01/07/2026 10:06:54	,04/07/2026 15:27:26	,"	",,,Fulfillment by seller,Kho HN,861970826478,Standard shipping,J&T Express,,a***ogn00,H** P****,(+84)392****11,Việt Nam,Hà Nội,Xã Yên Xuân,***********,***************,**************,Cash on delivery,0.5,"Loofahs, Sponges, & Poufs",1201851292819228292	,,Unchecked,,Videos,vanmeoriviu
584788937189394052	,Shipped,Delivered,,Normal,1732251749141219548	,ST01172,"Sữa Tắm Pháp Le Petit Marseillais Cho Nam Chiết Xuất Thiên Nhiên 4in1 Nhiều Mùi Hương Dưỡng Ẩm, Thơm Lâu - Phù Hợp Mọi Loại Da (250ml)","Hương Gỗ Tuyết Tùng & Dương Xỉ, Standard",1,0,269000,269000,0,64000,205000,0,20900,0,20900,,0,205000,,30/06/2026 21:45:12	,04/07/2026 15:27:26	,30/06/2026 21:52:54	,01/07/2026 10:06:54	,04/07/2026 15:27:26	,"	",,,Fulfillment by seller,Kho HN,861970826478,Standard shipping,J&T Express,,a***ogn00,H** P****,(+84)392****11,Việt Nam,Hà Nội,Xã Yên Xuân,***********,***************,**************,Cash on delivery,0.5,Bath & Shower,1201851292819228292	,,Unchecked,,Videos,vanmeoriviu
584788930513307322	,Shipped,Completed,,Normal,1731317148230255836	,BONG TAM HQ,[Quà tặng không bán] Bông Tắm Tạo Bọt Mềm Mịn,Mặc định,1,0,0,0,0,0,0,0,34000,0,34000,,0,330960,,30/06/2026 21:43:54	,02/07/2026 12:32:30	,30/06/2026 21:52:54	,01/07/2026 09:19:02	,02/07/2026 12:32:30	,"	",,,Fulfillment by seller,Kho HCMC,861913576478,Standard shipping,J&T Express,,t***htranyennhi,n**,(+84)033*****04,Việt Nam,Đồng Tháp,Sa Đéc,**************,***********************************************************************************************,,Cash on delivery,0.5,"Loofahs, Sponges, & Poufs",1201851385936971450	,,Unchecked,,LIVE,gonpinkk
584788930513307322	,Shipped,Delivered,,Normal,1735773021597041884	,ST01868,Sữa Tắm Le Petit Marseillais Cam Hữu Cơ & Bưởi Hữu Cơ 92% Tự Nhiên 650ml,Mặc định,1,0,499000,499000,63040,105000,330960,0,34000,0,34000,,0,330960,,30/06/2026 21:43:54	,02/07/2026 12:32:30	,30/06/2026 21:52:54	,01/07/2026 09:19:02	,02/07/2026 12:32:30	,"	",,,Fulfillment by seller,Kho HCMC,861913576478,Standard shipping,J&T Express,,t***htranyennhi,n**,(+84)033*****04,Việt Nam,Đồng Tháp,Sa Đéc,**************,***********************************************************************************************,,Cash on delivery,0.75,Bath & Shower,1201851385936971450	,,Unchecked,,LIVE,gonpinkk
584789026101299080	,Shipped,Delivered,,Normal,1732251749141219548	,ST01172,"Sữa Tắm Pháp Le Petit Marseillais Cho Nam Chiết Xuất Thiên Nhiên 4in1 Nhiều Mùi Hương Dưỡng Ẩm, Thơm Lâu - Phù Hợp Mọi Loại Da (250ml)","Hương Gỗ Tuyết Tùng & Dương Xỉ, Standard",1,0,269000,269000,0,64000,205000,0,20900,0,20900,,0,205000,,30/06/2026 21:43:13	,02/07/2026 12:54:37	,30/06/2026 21:52:54	,01/07/2026 10:06:54	,02/07/2026 12:54:37	,"	",,,Fulfillment by seller,Kho HN,861933196478,Standard shipping,J&T Express,,p***quan84,p*********,(+84)979****19,Việt Nam,Hà Nội,Chương Mỹ,********,*******************************************,*************************,Cash on delivery,0.5,Bath & Shower,1201851051695114120	,,Unchecked,,Videos,duongmanhkien19
584789026101299080	,Shipped,Completed,,Normal,1731317148230255836	,BONG TAM HQ,[Quà tặng không bán] Bông Tắm Tạo Bọt Mềm Mịn,Mặc định,1,0,0,0,0,0,0,0,20900,0,20900,,0,205000,,30/06/2026 21:43:13	,02/07/2026 12:54:37	,30/06/2026 21:52:54	,01/07/2026 10:06:54	,02/07/2026 12:54:37	,"	",,,Fulfillment by seller,Kho HN,861933196478,Standard shipping,J&T Express,,p***quan84,p*********,(+84)979****19,Việt Nam,Hà Nội,Chương Mỹ,********,*******************************************,*************************,Cash on delivery,0.5,"Loofahs, Sponges, & Poufs",1201851051695114120	,,Unchecked,,Videos,duongmanhkien19
584788687976040026	,Shipped,Completed,,Normal,1731317148230255836	,BONG TAM HQ,[Quà tặng không bán] Bông Tắm Tạo Bọt Mềm Mịn,Mặc định,1,0,0,0,0,0,0,0,17100,0,17100,,0,335750,,30/06/2026 21:28:14	,02/07/2026 12:53:35	,30/06/2026 21:52:54	,01/07/2026 09:19:02	,02/07/2026 12:53:35	,"	",,,Fulfillment by seller,Kho HCMC,861999526468,Standard shipping,J&T Express,,l***unglinh3456,N** t** l**,(+84)937****56,Việt Nam,Bà Rịa - Vũng Tàu,Vũng Tàu,********,************************************,,Cash on delivery,0.5,"Loofahs, Sponges, & Poufs",1201850125495862874	,,Unchecked,,Videos,emkimtaphoa
584788687976040026	,Shipped,Delivered,,Normal,1732250801269082332	,ST00557,"Sữa Tắm/Gel Tắm Pháp Le Petit Marseillais Chiết Xuất Thiên Nhiên 650ml - Sữa Tắm Lưu Hương Lành Tính - Dịu Nhẹ, An Toàn Cho Da","Vani, Standard",1,0,499000,499000,59250,104000,335750,0,17100,0,17100,,0,335750,,30/06/2026 21:28:14	,02/07/2026 12:53:35	,30/06/2026 21:52:54	,01/07/2026 09:19:02	,02/07/2026 12:53:35	,"	",,,Fulfillment by seller,Kho HCMC,861999526468,Standard shipping,J&T Express,,l***unglinh3456,N** t** l**,(+84)937****56,Việt Nam,Bà Rịa - Vũng Tàu,Vũng Tàu,********,************************************,,Cash on delivery,1,Bath & Shower,1201850125495862874	,,Unchecked,,Videos,emkimtaphoa
584788485599167600	,Shipped,Completed,,Normal,1731317148230255836	,BONG TAM HQ,[Quà tặng không bán] Bông Tắm Tạo Bọt Mềm Mịn,Mặc định,1,0,0,0,0,0,0,0,15800,0,15800,,0,205000,,30/06/2026 21:15:09	,02/07/2026 12:27:11	,30/06/2026 21:52:54	,01/07/2026 10:06:53	,02/07/2026 12:27:11	,"	",,,Fulfillment by seller,Kho HN,861985296458,Standard shipping,J&T Express,,u***4393574041777,C*** N**** P***,(+84)364****98,Việt Nam,Hà Nội,Phường Thanh Xuân,*****************,*****************************************************,,Cash on delivery,0.5,"Loofahs, Sponges, & Poufs",1201849493674558576	,,Unchecked,,Videos,duongmanhkien19
584788485599167600	,Shipped,Delivered,,Normal,1732251749141219548	,ST01172,"Sữa Tắm Pháp Le Petit Marseillais Cho Nam Chiết Xuất Thiên Nhiên 4in1 Nhiều Mùi Hương Dưỡng Ẩm, Thơm Lâu - Phù Hợp Mọi Loại Da (250ml)","Hương Gỗ Tuyết Tùng & Dương Xỉ, Standard",1,0,269000,269000,0,64000,205000,0,15800,0,15800,,0,205000,,30/06/2026 21:15:09	,02/07/2026 12:27:11	,30/06/2026 21:52:54	,01/07/2026 10:06:53	,02/07/2026 12:27:11	,"	",,,Fulfillment by seller,Kho HN,861985296458,Standard shipping,J&T Express,,u***4393574041777,C*** N**** P***,(+84)364****98,Việt Nam,Hà Nội,Phường Thanh Xuân,*****************,*****************************************************,,Cash on delivery,0.5,Bath & Shower,1201849493674558576	,,Unchecked,,Videos,duongmanhkien19
584788366465992611	,Shipped,Completed,,Normal,1731317148230255836	,BONG TAM HQ,[Quà tặng không bán] Bông Tắm Tạo Bọt Mềm Mịn,Mặc định,1,0,0,0,0,0,0,0,17100,0,17100,,0,395000,,30/06/2026 21:07:05	,02/07/2026 20:05:26	,30/06/2026 21:52:54	,01/07/2026 10:06:54	,02/07/2026 20:05:26	,"	",,,Fulfillment by seller,Kho HN,861979526468,Standard shipping,J&T Express,,p***hsue,N***** P***** A**,(+84)968****58,Việt Nam,Hà Nội,Thanh Xuân,*********,***********************************************,*******,Cash on delivery,0.5,"Loofahs, Sponges, & Poufs",1201848468538099619	,,Unchecked,,Videos,thaocanview
584788366465992611	,Shipped,Delivered,,Normal,1732250801268885724	,ST68816,"Sữa Tắm/Gel Tắm Pháp Le Petit Marseillais Chiết Xuất Thiên Nhiên 650ml - Sữa Tắm Lưu Hương Lành Tính - Dịu Nhẹ, An Toàn Cho Da","Hoa Tiare, Standard",1,0,499000,499000,0,104000,395000,0,17100,0,17100,,0,395000,,30/06/2026 21:07:05	,02/07/2026 20:05:26	,30/06/2026 21:52:54	,01/07/2026 10:06:54	,02/07/2026 20:05:26	,"	",,,Fulfillment by seller,Kho HN,861979526468,Standard shipping,J&T Express,,p***hsue,N***** P***** A**,(+84)968****58,Việt Nam,Hà Nội,Thanh Xuân,*********,***********************************************,*******,Cash on delivery,1,Bath & Shower,1201848468538099619	,,Unchecked,,Videos,thaocanview
584787334455854605	,Shipped,Completed,,Normal,1731317148230255836	,BONG TAM HQ,[Quà tặng không bán] Bông Tắm Tạo Bọt Mềm Mịn,Mặc định,1,0,0,0,0,0,0,0,12600,0,12600,,0,205000,,30/06/2026 20:15:21	,02/07/2026 11:26:48	,30/06/2026 20:20:50	,01/07/2026 09:19:02	,02/07/2026 11:26:48	,"	",,,Fulfillment by seller,Kho HCMC,861963216318,Standard shipping,J&T Express,,t***htunl569,L* T**** T***,(+84)083*****68,Việt Nam,Hồ Chí Minh,Bình Thạnh,*********,************************************,,Cash on delivery,0.5,"Loofahs, Sponges, & Poufs",1201844112559277581	,,Unchecked,,Videos,duongmanhkien19
584787334455854605	,Shipped,Delivered,,Normal,1732251749141219548	,ST01172,"Sữa Tắm Pháp Le Petit Marseillais Cho Nam Chiết Xuất Thiên Nhiên 4in1 Nhiều Mùi Hương Dưỡng Ẩm, Thơm Lâu - Phù Hợp Mọi Loại Da (250ml)","Hương Gỗ Tuyết Tùng & Dương Xỉ, Standard",1,0,269000,269000,0,64000,205000,0,12600,0,12600,,0,205000,,30/06/2026 20:15:21	,02/07/2026 11:26:48	,30/06/2026 20:20:50	,01/07/2026 09:19:02	,02/07/2026 11:26:48	,"	",,,Fulfillment by seller,Kho HCMC,861963216318,Standard shipping,J&T Express,,t***htunl569,L* T**** T***,(+84)083*****68,Việt Nam,Hồ Chí Minh,Bình Thạnh,*********,************************************,,Cash on delivery,0.5,Bath & Shower,1201844112559277581	,,Unchecked,,Videos,duongmanhkien19
584787436143740499	,Shipped,Delivered,,Normal,1732251749141022940	,ST01431,"Sữa Tắm Pháp Le Petit Marseillais Cho Nam Chiết Xuất Thiên Nhiên 4in1 Nhiều Mùi Hương Dưỡng Ẩm, Thơm Lâu - Phù Hợp Mọi Loại Da (250ml)","Hương Cam & Tinh Dầu Argan, Standard",1,0,269000,269000,0,64000,205000,0,29700,0,29700,,0,205000,,30/06/2026 20:15:18	,30/06/2026 20:15:23	,30/06/2026 20:20:50	,01/07/2026 10:06:53	,02/07/2026 09:53:51	,"	",,,Fulfillment by seller,Kho HN,861988206308,Standard shipping,J&T Express,,i***le00,H** L*,(+84)357****79,Việt Nam,Phú Thọ,Phường Việt Trì,***************,************************************************,,Zalopay,0.5,Bath & Shower,1201843829759641171	,,Unchecked,,Product cards,
584787436143740499	,Shipped,Completed,,Normal,1731317148230255836	,BONG TAM HQ,[Quà tặng không bán] Bông Tắm Tạo Bọt Mềm Mịn,Mặc định,1,0,0,0,0,0,0,0,29700,0,29700,,0,205000,,30/06/2026 20:15:18	,30/06/2026 20:15:23	,30/06/2026 20:20:50	,01/07/2026 10:06:53	,02/07/2026 09:53:51	,"	",,,Fulfillment by seller,Kho HN,861988206308,Standard shipping,J&T Express,,i***le00,H** L*,(+84)357****79,Việt Nam,Phú Thọ,Phường Việt Trì,***************,************************************************,,Zalopay,0.5,"Loofahs, Sponges, & Poufs",1201843829759641171	,,Unchecked,,Product cards,
584786534501287399	,Shipped,Completed,,Normal,1734496577198523612	,1 BÁNH-XP,Xà Phòng Le Petit Marseillais Chính Hãng Bánh Xà Phòng Tắm Thiên Nhiên (Ngẫu nhiên)  1 Bánh,Mặc định,1,0,0,0,0,0,0,0,34000,0,34000,,0,352600,,30/06/2026 19:21:30	,02/07/2026 16:37:06	,30/06/2026 19:58:24	,01/07/2026 09:19:02	,02/07/2026 16:37:06	,"	",,,Fulfillment by seller,Kho HCMC,861907156278,Standard shipping,J&T Express,,v***3566778,V**** t**** H***,(+84)919****39,Việt Nam,An Giang,Phường Rạch Giá,***************,**************,,Cash on delivery,0.1,Bath & Shower,1201839499487249895	,,Unchecked,,Videos,man.trung.737
584786534501287399	,Shipped,Delivered,,Normal,1732251749141219548	,ST01172,"Sữa Tắm Pháp Le Petit Marseillais Cho Nam Chiết Xuất Thiên Nhiên 4in1 Nhiều Mùi Hương Dưỡng Ẩm, Thơm Lâu - Phù Hợp Mọi Loại Da (250ml)","Hương Gỗ Tuyết Tùng & Dương Xỉ, Standard",2,0,269000,538000,57400,128000,352600,0,34000,0,34000,,0,352600,,30/06/2026 19:21:30	,02/07/2026 16:37:06	,30/06/2026 19:58:24	,01/07/2026 09:19:02	,02/07/2026 16:37:06	,"	",,,Fulfillment by seller,Kho HCMC,861907156278,Standard shipping,J&T Express,,v***3566778,V**** t**** H***,(+84)919****39,Việt Nam,An Giang,Phường Rạch Giá,***************,**************,,Cash on delivery,1,Bath & Shower,1201839499487249895	,,Unchecked,,Videos,man.trung.737
584786458719388860	,Shipped,Completed,,Normal,1731317148230255836	,BONG TAM HQ,[Quà tặng không bán] Bông Tắm Tạo Bọt Mềm Mịn,Mặc định,1,0,0,0,0,0,0,0,15800,0,15800,,0,205000,,30/06/2026 19:18:19	,02/07/2026 20:57:08	,30/06/2026 19:58:24	,01/07/2026 10:06:54	,02/07/2026 20:57:08	,"	",,,Fulfillment by seller,Kho HN,861939526288,Standard shipping,J&T Express,,m***.nhat31,n*** m***,(+84)098*****68,Việt Nam,Hà Nội,Phường Hà Đông,**************,******************************,*****************************************,Cash on delivery,0.5,"Loofahs, Sponges, & Poufs",1201839172873454780	,,Unchecked,,Videos,man.trung.737
584786458719388860	,Shipped,Delivered,,Normal,1732251749141219548	,ST01172,"Sữa Tắm Pháp Le Petit Marseillais Cho Nam Chiết Xuất Thiên Nhiên 4in1 Nhiều Mùi Hương Dưỡng Ẩm, Thơm Lâu - Phù Hợp Mọi Loại Da (250ml)","Hương Gỗ Tuyết Tùng & Dương Xỉ, Standard",1,0,269000,269000,0,64000,205000,0,15800,0,15800,,0,205000,,30/06/2026 19:18:19	,02/07/2026 20:57:08	,30/06/2026 19:58:24	,01/07/2026 10:06:54	,02/07/2026 20:57:08	,"	",,,Fulfillment by seller,Kho HN,861939526288,Standard shipping,J&T Express,,m***.nhat31,n*** m***,(+84)098*****68,Việt Nam,Hà Nội,Phường Hà Đông,**************,******************************,*****************************************,Cash on delivery,0.5,Bath & Shower,1201839172873454780	,,Unchecked,,Videos,man.trung.737
584785781875967800	,Shipped,Completed,,Normal,1731317148230255836	,BONG TAM HQ,[Quà tặng không bán] Bông Tắm Tạo Bọt Mềm Mịn,Mặc định,1,0,0,0,0,0,0,0,17100,0,17100,,0,395000,,30/06/2026 18:36:21	,02/07/2026 13:29:55	,30/06/2026 19:08:07	,01/07/2026 10:06:54	,02/07/2026 13:29:55	,"	",,,Fulfillment by seller,Kho HN,861967806198,Standard shipping,J&T Express,,e***kimngan,V***,(+84)983****78,Việt Nam,Hà Nội,Phường Yên Hòa,**************,***********************************************************,,Cash on delivery,0.5,"Loofahs, Sponges, & Poufs",1201834968849811256	,,Unchecked,,Product cards,
584785781875967800	,Shipped,Delivered,,Normal,1732250801269016796	,ST01288,"Sữa Tắm/Gel Tắm Pháp Le Petit Marseillais Chiết Xuất Thiên Nhiên 650ml - Sữa Tắm Lưu Hương Lành Tính - Dịu Nhẹ, An Toàn Cho Da","Đào Trắng & Quả Xuân Đào, Standard",1,0,499000,499000,0,104000,395000,0,17100,0,17100,,0,395000,,30/06/2026 18:36:21	,02/07/2026 13:29:55	,30/06/2026 19:08:07	,01/07/2026 10:06:54	,02/07/2026 13:29:55	,"	",,,Fulfillment by seller,Kho HN,861967806198,Standard shipping,J&T Express,,e***kimngan,V***,(+84)983****78,Việt Nam,Hà Nội,Phường Yên Hòa,**************,***********************************************************,,Cash on delivery,1,Bath & Shower,1201834968849811256	,,Unchecked,,Product cards,
584784745599436223	,Shipped,Completed,,Normal,1731317148230255836	,BONG TAM HQ,[Quà tặng không bán] Bông Tắm Tạo Bọt Mềm Mịn,Mặc định,1,0,0,0,0,0,0,0,34000,0,34000,,0,394000,,30/06/2026 17:28:16	,30/06/2026 17:28:21	,30/06/2026 19:08:13	,01/07/2026 09:19:02	,02/07/2026 11:19:45	,"	",,,Fulfillment by seller,Kho HCMC,861981926208,Standard shipping,J&T Express,,e***y_cigars,n***** q**** v***,(+84)888****88,Việt Nam,An Giang,Phường Rạch Giá,***************,******************************************,,Credit/debit card,0.5,"Loofahs, Sponges, & Poufs",1201828328102069695	,,Unchecked,,Videos,anhlorenhehehe
584784745599436223	,Shipped,Delivered,,Normal,1732250801268689116	,ST01902,"Sữa Tắm/Gel Tắm Pháp Le Petit Marseillais Chiết Xuất Thiên Nhiên 650ml - Sữa Tắm Lưu Hương Lành Tính - Dịu Nhẹ, An Toàn Cho Da","Thông & Bạch Đàn Biển, Standard",1,0,499000,499000,0,105000,394000,0,34000,0,34000,,0,394000,,30/06/2026 17:28:16	,30/06/2026 17:28:21	,30/06/2026 19:08:13	,01/07/2026 09:19:02	,02/07/2026 11:19:45	,"	",,,Fulfillment by seller,Kho HCMC,861981926208,Standard shipping,J&T Express,,e***y_cigars,n***** q**** v***,(+84)888****88,Việt Nam,An Giang,Phường Rạch Giá,***************,******************************************,,Credit/debit card,1,Bath & Shower,1201828328102069695	,,Unchecked,,Videos,anhlorenhehehe
584782350673872838	,Shipped,Completed,,Normal,1734496577198523612	,1 BÁNH-XP,Xà Phòng Le Petit Marseillais Chính Hãng Bánh Xà Phòng Tắm Thiên Nhiên (Ngẫu nhiên)  1 Bánh,Mặc định,1,0,0,0,0,0,0,0,15800,0,15800,,0,321300,,30/06/2026 14:39:14	,01/07/2026 19:57:22	,30/06/2026 14:45:59	,30/06/2026 15:02:57	,01/07/2026 19:57:22	,"	",,,Fulfillment by seller,Kho HCMC,861924635308,Standard shipping,J&T Express,,k***thietkeday,Q***,(+84)901****52,Việt Nam,Hồ Chí Minh,Tân Phú,*********,*********************,,Cash on delivery,0.1,Bath & Shower,1201808673813333958	,,Unchecked,,LIVE,lepetitmarseillaisvn
584782350673872838	,Shipped,Delivered,,Normal,1735912571878606044	,ST01356 + ST01172,Combo 2 Sữa Tắm Nam Le Petit Marseillais 4in1 Cho Tóc Mặt Râu Toàn Thân 250ml,"Thông Biển & Bạch Đàn, Gỗ Tuyết Tùng Và Dương Xỉ",1,0,538000,538000,56700,160000,321300,0,15800,0,15800,,0,321300,,30/06/2026 14:39:14	,01/07/2026 19:57:22	,30/06/2026 14:45:59	,30/06/2026 15:02:57	,01/07/2026 19:57:22	,"	",,,Fulfillment by seller,Kho HCMC,861924635308,Standard shipping,J&T Express,,k***thietkeday,Q***,(+84)901****52,Việt Nam,Hồ Chí Minh,Tân Phú,*********,*********************,,Cash on delivery,0.6,Bath & Body Care,1201808673813333958	,,Unchecked,,LIVE,lepetitmarseillaisvn
584782307747333329	,Shipped,Completed,,Normal,1731317148230255836	,BONG TAM HQ,[Quà tặng không bán] Bông Tắm Tạo Bọt Mềm Mịn,Mặc định,1,0,0,0,0,0,0,0,20900,0,20900,,0,184500,,30/06/2026 14:34:06	,01/07/2026 14:50:50	,30/06/2026 14:36:20	,30/06/2026 15:59:49	,01/07/2026 14:50:50	,"	",,,Fulfillment by seller,Kho HN,861904255248,Standard shipping,J&T Express,,t***tin115,P*** M*** T***,(+84)338****33,Việt Nam,Hà Nội,Xã Thạch Thất,*************,************************************,,Cash on delivery,0.5,"Loofahs, Sponges, & Poufs",1201808406528361681	,,Unchecked,,LIVE,lepetitmarseillaisvn
584782307747333329	,Shipped,Delivered,,Normal,1732251749141219548	,ST01172,"Sữa Tắm Pháp Le Petit Marseillais Cho Nam Chiết Xuất Thiên Nhiên 4in1 Nhiều Mùi Hương Dưỡng Ẩm, Thơm Lâu - Phù Hợp Mọi Loại Da (250ml)","Hương Gỗ Tuyết Tùng & Dương Xỉ, Standard",1,0,269000,269000,20500,64000,184500,0,20900,0,20900,,0,184500,,30/06/2026 14:34:06	,01/07/2026 14:50:50	,30/06/2026 14:36:20	,30/06/2026 15:59:49	,01/07/2026 14:50:50	,"	",,,Fulfillment by seller,Kho HN,861904255248,Standard shipping,J&T Express,,t***tin115,P*** M*** T***,(+84)338****33,Việt Nam,Hà Nội,Xã Thạch Thất,*************,************************************,,Cash on delivery,0.5,Bath & Shower,1201808406528361681	,,Unchecked,,LIVE,lepetitmarseillaisvn
584782059203626365	,Shipped,Completed,,Normal,1731317148230255836	,BONG TAM HQ,[Quà tặng không bán] Bông Tắm Tạo Bọt Mềm Mịn,Mặc định,1,0,0,0,0,0,0,0,0,0,0,,0,205000,,30/06/2026 14:16:57	,30/06/2026 14:17:08	,30/06/2026 14:31:20	,30/06/2026 15:04:36	,01/07/2026 10:25:32	,"	",,,Fulfillment by seller,Kho HCMC,861948845208,Standard shipping,J&T Express,,.***thinh06,T***** D**** G** T****,(+84)096*****72,Việt Nam,Đồng Nai,Xã Đại Phước,************,**************,,MoMo E-Wallet,0.5,"Loofahs, Sponges, & Poufs",1201806002299635069	,,Unchecked,,Product cards,
584782059203626365	,Shipped,Delivered,,Normal,1732251749141219548	,ST01172,"Sữa Tắm Pháp Le Petit Marseillais Cho Nam Chiết Xuất Thiên Nhiên 4in1 Nhiều Mùi Hương Dưỡng Ẩm, Thơm Lâu - Phù Hợp Mọi Loại Da (250ml)","Hương Gỗ Tuyết Tùng & Dương Xỉ, Standard",1,0,269000,269000,0,64000,205000,0,0,0,0,,0,205000,,30/06/2026 14:16:57	,30/06/2026 14:17:08	,30/06/2026 14:31:20	,30/06/2026 15:04:36	,01/07/2026 10:25:32	,"	",,,Fulfillment by seller,Kho HCMC,861948845208,Standard shipping,J&T Express,,.***thinh06,T***** D**** G** T****,(+84)096*****72,Việt Nam,Đồng Nai,Xã Đại Phước,************,**************,,MoMo E-Wallet,0.5,Bath & Shower,1201806002299635069	,,Unchecked,,Product cards,
584782041629296034	,Shipped,Completed,,Normal,1731317148230255836	,BONG TAM HQ,[Quà tặng không bán] Bông Tắm Tạo Bọt Mềm Mịn,Mặc định,1,0,0,0,0,0,0,0,15800,0,15800,,0,184500,,30/06/2026 14:12:00	,01/07/2026 12:21:44	,30/06/2026 14:31:20	,30/06/2026 15:04:36	,01/07/2026 12:21:44	,"	",,,Fulfillment by seller,Kho HCMC,861944245208,Standard shipping,J&T Express,,l***icungchill,L** G* C*** C****,(+84)906****25,Vietnam,Ho Chi Minh,Thu Duc Ward,************,*********************************,,Cash on delivery,0.5,"Loofahs, Sponges, & Poufs",1201804267611325858	,,Unchecked,,LIVE,lepetitmarseillaisvn
584782041629296034	,Shipped,Delivered,,Normal,1732250914984790236	,ST54463,"Sữa Tắm/Gel Tắm Pháp Le Petit Marseillais Thiên Nhiên 250ml - Sữa Tắm Lưu Hương Lành Tính - Dịu Nhẹ, An Toàn Cho Da","Muối Biển, Standard",1,0,269000,269000,20500,64000,184500,0,15800,0,15800,,0,184500,,30/06/2026 14:12:00	,01/07/2026 12:21:44	,30/06/2026 14:31:20	,30/06/2026 15:04:36	,01/07/2026 12:21:44	,"	",,,Fulfillment by seller,Kho HCMC,861944245208,Standard shipping,J&T Express,,l***icungchill,L** G* C*** C****,(+84)906****25,Vietnam,Ho Chi Minh,Thu Duc Ward,************,*********************************,,Cash on delivery,0.5,Bath & Shower,1201804267611325858	,,Unchecked,,LIVE,lepetitmarseillaisvn
584781973563738054	,Canceled,Canceled,Cancel,Normal,1731317148230255836	,BONG TAM HQ,[Quà tặng không bán] Bông Tắm Tạo Bọt Mềm Mịn,Mặc định,1,1,0,0,0,0,0,0,15800,0,15800,,0,174250,0,30/06/2026 14:10:46	,"	",30/06/2026 14:31:20	,"	","	",30/06/2026 14:40:00	,User,No longer needed,Fulfillment by seller,Kho HCMC,861991065188,Standard shipping,J&T Express,,k***thietkeday,Q***,(+84)901****52,Việt Nam,Hồ Chí Minh,Tân Phú,*********,*********************,,Cash on delivery,0.5,"Loofahs, Sponges, & Poufs",1201803815083149254	,,Unchecked,,LIVE,lepetitmarseillaisvn
584781973563738054	,Canceled,Canceled,Cancel,Normal,1732251749141219548	,ST01172,"Sữa Tắm Pháp Le Petit Marseillais Cho Nam Chiết Xuất Thiên Nhiên 4in1 Nhiều Mùi Hương Dưỡng Ẩm, Thơm Lâu - Phù Hợp Mọi Loại Da (250ml)","Hương Gỗ Tuyết Tùng & Dương Xỉ, Standard",1,1,269000,269000,30750,64000,174250,0,15800,0,15800,,0,174250,174250,30/06/2026 14:10:46	,"	",30/06/2026 14:31:20	,"	","	",30/06/2026 14:40:00	,User,No longer needed,Fulfillment by seller,Kho HCMC,861991065188,Standard shipping,J&T Express,,k***thietkeday,Q***,(+84)901****52,Việt Nam,Hồ Chí Minh,Tân Phú,*********,*********************,,Cash on delivery,0.5,Bath & Shower,1201803815083149254	,,Unchecked,,LIVE,lepetitmarseillaisvn
584781931530388625	,Shipped,Delivered,,Normal,1732251749141154012	,ST01356,"Sữa Tắm Pháp Le Petit Marseillais Cho Nam Chiết Xuất Thiên Nhiên 4in1 Nhiều Mùi Hương Dưỡng Ẩm, Thơm Lâu - Phù Hợp Mọi Loại Da (250ml)","Hương Thông & Bạch Đàn Biển, Standard",1,0,269000,269000,0,64000,205000,0,39400,0,39400,,0,410000,,30/06/2026 14:09:42	,30/06/2026 14:09:46	,30/06/2026 14:31:20	,30/06/2026 15:59:49	,01/07/2026 11:10:32	,"	",,,Fulfillment by seller,Kho HN,861948475208,Standard shipping,J&T Express,,t***.nguyn5334,T**** Đ* N*****,(+84)937****38,Việt Nam,Hải Phòng,Xã Đường An,***********,********************************************************************,,MoMo E-Wallet,0.5,Bath & Shower,1201804639146706065	,,Unchecked,,Videos,duongmanhkien19
584781931530388625	,Shipped,Delivered,,Normal,1732251749141219548	,ST01172,"Sữa Tắm Pháp Le Petit Marseillais Cho Nam Chiết Xuất Thiên Nhiên 4in1 Nhiều Mùi Hương Dưỡng Ẩm, Thơm Lâu - Phù Hợp Mọi Loại Da (250ml)","Hương Gỗ Tuyết Tùng & Dương Xỉ, Standard",1,0,269000,269000,0,64000,205000,0,39400,0,39400,,0,410000,,30/06/2026 14:09:42	,30/06/2026 14:09:46	,30/06/2026 14:31:20	,30/06/2026 15:59:49	,01/07/2026 11:10:32	,"	",,,Fulfillment by seller,Kho HN,861948475208,Standard shipping,J&T Express,,t***.nguyn5334,T**** Đ* N*****,(+84)937****38,Việt Nam,Hải Phòng,Xã Đường An,***********,********************************************************************,,MoMo E-Wallet,0.5,Bath & Shower,1201804639146706065	,,Unchecked,,Videos,duongmanhkien19
584781931530388625	,Shipped,Completed,,Normal,1734496577198523612	,1 BÁNH-XP,Xà Phòng Le Petit Marseillais Chính Hãng Bánh Xà Phòng Tắm Thiên Nhiên (Ngẫu nhiên)  1 Bánh,Mặc định,1,0,0,0,0,0,0,0,39400,0,39400,,0,410000,,30/06/2026 14:09:42	,30/06/2026 14:09:46	,30/06/2026 14:31:20	,30/06/2026 15:59:49	,01/07/2026 11:10:32	,"	",,,Fulfillment by seller,Kho HN,861948475208,Standard shipping,J&T Express,,t***.nguyn5334,T**** Đ* N*****,(+84)937****38,Việt Nam,Hải Phòng,Xã Đường An,***********,********************************************************************,,MoMo E-Wallet,0.1,Bath & Shower,1201804639146706065	,,Unchecked,,Videos,duongmanhkien19
584781889196295845	,Shipped,Completed,,Normal,1734496577198523612	,1 BÁNH-XP,Xà Phòng Le Petit Marseillais Chính Hãng Bánh Xà Phòng Tắm Thiên Nhiên (Ngẫu nhiên)  1 Bánh,Mặc định,1,0,0,0,0,0,0,0,17100,0,17100,,0,348500,,30/06/2026 14:08:09	,01/07/2026 15:03:16	,30/06/2026 14:31:20	,30/06/2026 15:04:36	,01/07/2026 15:03:16	,"	",,,Fulfillment by seller,Kho HCMC,861963735208,Standard shipping,J&T Express,,l***euloan0,K*** L***,(+84)098*****26,Việt Nam,Thành phố Hồ Chí Minh,Bình Thạnh,*********,*******************,,Cash on delivery,0.1,Bath & Shower,1201803951052326565	,,Unchecked,,LIVE,lepetitmarseillaisvn
584781889196295845	,Shipped,Delivered,,Normal,1732251749141154012	,ST01356,"Sữa Tắm Pháp Le Petit Marseillais Cho Nam Chiết Xuất Thiên Nhiên 4in1 Nhiều Mùi Hương Dưỡng Ẩm, Thơm Lâu - Phù Hợp Mọi Loại Da (250ml)","Hương Thông & Bạch Đàn Biển, Standard",2,0,269000,538000,61500,128000,348500,0,17100,0,17100,,0,348500,,30/06/2026 14:08:09	,01/07/2026 15:03:16	,30/06/2026 14:31:20	,30/06/2026 15:04:36	,01/07/2026 15:03:16	,"	",,,Fulfillment by seller,Kho HCMC,861963735208,Standard shipping,J&T Express,,l***euloan0,K*** L***,(+84)098*****26,Việt Nam,Thành phố Hồ Chí Minh,Bình Thạnh,*********,*******************,,Cash on delivery,1,Bath & Shower,1201803951052326565	,,Unchecked,,LIVE,lepetitmarseillaisvn
584781719926572755	,Shipped,Delivered,,Normal,1734496577198523612	,1 BÁNH-XP,Xà Phòng Le Petit Marseillais Chính Hãng Bánh Xà Phòng Tắm Thiên Nhiên (Ngẫu nhiên)  1 Bánh,Mặc định,1,0,75000,75000,0,0,75000,0,26200,0,26200,,0,75000,,30/06/2026 13:53:45	,01/07/2026 17:14:36	,30/06/2026 14:31:20	,30/06/2026 15:59:49	,01/07/2026 17:14:36	,"	",,,Fulfillment by seller,Kho HN,861903155208,Standard shipping,J&T Express,,c***h.pham567,P*** V** C****,(+84)946****87,Việt Nam,Nam Định,Nam Định,*****,*******************************************************************************************,***************************************************************************************,Cash on delivery,0.1,Bath & Shower,1201801852740798163	,,Unchecked,,Videos,onggiatichcuc79
584781224226424295	,Shipped,Completed,,Normal,1731317148230255836	,BONG TAM HQ,[Quà tặng không bán] Bông Tắm Tạo Bọt Mềm Mịn,Mặc định,1,0,0,0,0,0,0,0,15800,0,15800,,0,200000,,30/06/2026 13:23:42	,01/07/2026 18:32:41	,30/06/2026 14:31:20	,30/06/2026 15:59:48	,01/07/2026 18:32:41	,"	",,,Fulfillment by seller,Kho HN,861910135188,Standard shipping,J&T Express,,b***gobapngo1,m********,(+84)039*****58,Việt Nam,Thành phố Hà Nội,Hai Bà Trưng,********,********************,,Cash on delivery,0.5,"Loofahs, Sponges, & Poufs",1201798549823129063	,,Unchecked,,Product cards,
584781224226424295	,Shipped,Delivered,,Normal,1735792317060973788	,ST00892,Sữa Tắm Dạng Kem Le Petit Marseillais Hạnh Nhân 250ml - 92% Thiên Nhiên Siêu Dịu Nhẹ,Mặc định,1,0,269000,269000,0,69000,200000,0,15800,0,15800,,0,200000,,30/06/2026 13:23:42	,01/07/2026 18:32:41	,30/06/2026 14:31:20	,30/06/2026 15:59:48	,01/07/2026 18:32:41	,"	",,,Fulfillment by seller,Kho HN,861910135188,Standard shipping,J&T Express,,b***gobapngo1,m********,(+84)039*****58,Việt Nam,Thành phố Hà Nội,Hai Bà Trưng,********,********************,,Cash on delivery,0.4,Bath & Shower,1201798549823129063	,,Unchecked,,Product cards,
584781139194251193	,Canceled,Canceled,Cancel,Normal,1732251749141219548	,ST01172,"Sữa Tắm Pháp Le Petit Marseillais Cho Nam Chiết Xuất Thiên Nhiên 4in1 Nhiều Mùi Hương Dưỡng Ẩm, Thơm Lâu - Phù Hợp Mọi Loại Da (250ml)","Hương Gỗ Tuyết Tùng & Dương Xỉ, Standard",1,1,269000,269000,10000,64000,195000,0,41400,0,41400,,0,195000,195000,30/06/2026 13:16:35	,"	","	","	","	",30/06/2026 13:17:38	,User,No longer needed,Fulfillment by seller,Kho HCMC,,Standard shipping,,,b***ng12,P** Đ***,(+84)097*****52,Việt Nam,Gia Lai,Pleiku,********,********************,,Cash on delivery,0.5,Bath & Shower,1201797070913963961	,,Unchecked,,Videos,duongmanhkien19
584781139194251193	,Canceled,Canceled,Cancel,Normal,1731317148230255836	,BONG TAM HQ,[Quà tặng không bán] Bông Tắm Tạo Bọt Mềm Mịn,Mặc định,1,1,0,0,0,0,0,0,41400,0,41400,,0,195000,0,30/06/2026 13:16:35	,"	","	","	","	",30/06/2026 13:17:38	,User,No longer needed,Fulfillment by seller,Kho HCMC,,Standard shipping,,,b***ng12,P** Đ***,(+84)097*****52,Việt Nam,Gia Lai,Pleiku,********,********************,,Cash on delivery,0.5,"Loofahs, Sponges, & Poufs",1201797070913963961	,,Unchecked,,Videos,duongmanhkien19
584780428319753502	,Shipped,Delivered,,Normal,1732250801268689116	,ST01902,"Sữa Tắm/Gel Tắm Pháp Le Petit Marseillais Chiết Xuất Thiên Nhiên 650ml - Sữa Tắm Lưu Hương Lành Tính - Dịu Nhẹ, An Toàn Cho Da","Thông & Bạch Đàn Biển, Standard",1,0,499000,499000,71100,104000,323900,0,17100,0,17100,,0,323900,,30/06/2026 12:30:29	,30/06/2026 12:30:35	,30/06/2026 14:31:20	,30/06/2026 15:04:36	,01/07/2026 09:14:30	,"	",,,Fulfillment by seller,Kho HCMC,861999135178,Standard shipping,J&T Express,,n***41086,N**,(+84)909****20,Việt Nam,Hồ Chí Minh,Phường Tân Hưng,***************,**************************,,Credit/debit card,1,Bath & Shower,1201791213954368798	,,Unchecked,,Product cards,
584780428319753502	,Shipped,Completed,,Normal,1731317148230255836	,BONG TAM HQ,[Quà tặng không bán] Bông Tắm Tạo Bọt Mềm Mịn,Mặc định,1,0,0,0,0,0,0,0,17100,0,17100,,0,323900,,30/06/2026 12:30:29	,30/06/2026 12:30:35	,30/06/2026 14:31:20	,30/06/2026 15:04:36	,01/07/2026 09:14:30	,"	",,,Fulfillment by seller,Kho HCMC,861999135178,Standard shipping,J&T Express,,n***41086,N**,(+84)909****20,Việt Nam,Hồ Chí Minh,Phường Tân Hưng,***************,**************************,,Credit/debit card,0.5,"Loofahs, Sponges, & Poufs",1201791213954368798	,,Unchecked,,Product cards,
584780352853083422	,Shipped,Completed,,Normal,1731317148230255836	,BONG TAM HQ,[Quà tặng không bán] Bông Tắm Tạo Bọt Mềm Mịn,Mặc định,1,0,0,0,0,0,0,0,15800,0,15800,,0,174250,,30/06/2026 12:27:31	,30/06/2026 12:27:36	,30/06/2026 14:31:20	,30/06/2026 15:02:57	,01/07/2026 09:14:31	,"	",,,Fulfillment by seller,Kho HCMC,861923155208,Standard shipping,J&T Express,,n***41086,N**,(+84)909****20,Việt Nam,Hồ Chí Minh,Phường Tân Hưng,***************,**************************,,Credit/debit card,0.5,"Loofahs, Sponges, & Poufs",1201790171368097054	,,Unchecked,,Product cards,
584780352853083422	,Shipped,Delivered,,Normal,1732251749141219548	,ST01172,"Sữa Tắm Pháp Le Petit Marseillais Cho Nam Chiết Xuất Thiên Nhiên 4in1 Nhiều Mùi Hương Dưỡng Ẩm, Thơm Lâu - Phù Hợp Mọi Loại Da (250ml)","Hương Gỗ Tuyết Tùng & Dương Xỉ, Standard",1,0,269000,269000,30750,64000,174250,0,15800,0,15800,,0,174250,,30/06/2026 12:27:31	,30/06/2026 12:27:36	,30/06/2026 14:31:20	,30/06/2026 15:02:57	,01/07/2026 09:14:31	,"	",,,Fulfillment by seller,Kho HCMC,861923155208,Standard shipping,J&T Express,,n***41086,N**,(+84)909****20,Việt Nam,Hồ Chí Minh,Phường Tân Hưng,***************,**************************,,Credit/debit card,0.5,Bath & Shower,1201790171368097054	,,Unchecked,,Product cards,
584779047256687813	,Shipped,Completed,,Normal,1731317148230255836	,BONG TAM HQ,[Quà tặng không bán] Bông Tắm Tạo Bọt Mềm Mịn,Mặc định,1,0,0,0,0,0,0,0,29700,0,29700,,0,205000,,30/06/2026 11:02:06	,01/07/2026 17:24:06	,30/06/2026 11:16:45	,30/06/2026 15:59:49	,01/07/2026 17:24:06	,"	",,,Fulfillment by seller,Kho HN,861904574028,Standard shipping,J&T Express,,u***5491246685966,D*** T** H***,(+84)916****99,Việt Nam,Phú Thọ,Việt Trì,*******,************************************,,Cash on delivery,0.5,"Loofahs, Sponges, & Poufs",1201779763193808069	,,Unchecked,,Videos,ahau.phuongthao
584779047256687813	,Shipped,Delivered,,Normal,1732250914984986844	,ST99622,"Sữa Tắm/Gel Tắm Pháp Le Petit Marseillais Thiên Nhiên 250ml - Sữa Tắm Lưu Hương Lành Tính - Dịu Nhẹ, An Toàn Cho Da","Xoài & Chanh Dây, Standard",1,0,269000,269000,0,64000,205000,0,29700,0,29700,,0,205000,,30/06/2026 11:02:06	,01/07/2026 17:24:06	,30/06/2026 11:16:45	,30/06/2026 15:59:49	,01/07/2026 17:24:06	,"	",,,Fulfillment by seller,Kho HN,861904574028,Standard shipping,J&T Express,,u***5491246685966,D*** T** H***,(+84)916****99,Việt Nam,Phú Thọ,Việt Trì,*******,************************************,,Cash on delivery,0.5,Bath & Shower,1201779763193808069	,,Unchecked,,Videos,ahau.phuongthao
584777373852927902	,Shipped,Delivered,,,1732250914984986844	,ST99622,"Sữa Tắm/Gel Tắm Pháp Le Petit Marseillais Thiên Nhiên 250ml - Sữa Tắm Lưu Hương Lành Tính - Dịu Nhẹ, An Toàn Cho Da","Xoài & Chanh Dây, Standard",1,0,0,0,0,0,0,0,0,0,0,,0,0,,30/06/2026 09:09:19	,30/06/2026 09:09:18	,30/06/2026 11:16:45	,30/06/2026 15:02:58	,01/07/2026 09:48:33	,"	",,,Fulfillment by seller,Kho HCMC,861941514038,Standard shipping,J&T Express,,o***chualanh,U*** N*****,(+84)916****95,Việt Nam,Hồ Chí Minh,Phường Bến Thành,****************,****************,,,0.5,Bath & Shower,1201766584144267166	,,Unchecked,,Product cards,
584776092279801018	,Shipped,Completed,,Normal,1734496577198523612	,1 BÁNH-XP,Xà Phòng Le Petit Marseillais Chính Hãng Bánh Xà Phòng Tắm Thiên Nhiên (Ngẫu nhiên)  1 Bánh,Mặc định,1,0,0,0,0,0,0,0,15800,0,15800,,0,378000,,30/06/2026 07:19:37	,30/06/2026 07:19:41	,30/06/2026 08:03:02	,30/06/2026 10:33:03	,01/07/2026 12:36:09	,"	",,,Fulfillment by seller,Kho HN,861910112388,Standard shipping,J&T Express,,m***o.man912,M**** M**,(+84)988****10,Việt Nam,Hà Nội,Phường Thanh Xuân,*****************,********************************,*********************,Apple Pay,0.1,Bath & Shower,1201751096275993786	,,Unchecked,,Product cards,
584776092279801018	,Shipped,Delivered,,Normal,1735912571878933724	,ST04371 + ST01172,Combo 2 Sữa Tắm Nam Le Petit Marseillais 4in1 Cho Tóc Mặt Râu Toàn Thân 250ml,"Gừng Và Gỗ Bách Tươi , Gỗ Tuyết Tùng Và Dương Xỉ",1,0,538000,538000,0,160000,378000,0,15800,0,15800,,0,378000,,30/06/2026 07:19:37	,30/06/2026 07:19:41	,30/06/2026 08:03:02	,30/06/2026 10:33:03	,01/07/2026 12:36:09	,"	",,,Fulfillment by seller,Kho HN,861910112388,Standard shipping,J&T Express,,m***o.man912,M**** M**,(+84)988****10,Việt Nam,Hà Nội,Phường Thanh Xuân,*****************,********************************,*********************,Apple Pay,0.6,Bath & Body Care,1201751096275993786	,,Unchecked,,Product cards,
584775999986566271	,Shipped,Delivered,,Normal,1735769515978753244	,DG37467,"Dầu Gội Thiên Nhiên Le Petit Marseillais Nhiều Mùi Hương 250ml Dưỡng Ẩm, Thơm Lâu - Phù Hợp Mọi Loại Da",Thải Độc Với Chiết Xuất Trà Xanh Hữu Cơ,1,0,329000,329000,0,62000,267000,0,14000,0,14000,,0,267000,,30/06/2026 07:07:48	,02/07/2026 19:04:21	,30/06/2026 08:03:02	,30/06/2026 09:53:41	,02/07/2026 19:04:21	,"	",,,Fulfillment by seller,Kho HCMC,861949032378,Standard shipping,J&T Express,,u***37721206836060,h*** d****,(+84)911****66,Việt Nam,Hồ Chí Minh,Phường Tân Sơn Hòa,******************,***********************,,Cash on delivery,0.5,Shampoo & Conditioner,1201749754284573823	,,Unchecked,,Videos,ngocdailyvlog
584774756538681133	,Canceled,Canceled,Cancel,Normal,1731317148230255836	,BONG TAM HQ,[Quà tặng không bán] Bông Tắm Tạo Bọt Mềm Mịn,Mặc định,1,1,0,0,0,0,0,0,35100,0,35100,,0,205000,0,30/06/2026 03:36:18	,"	","	","	","	",30/06/2026 03:36:36	,User,No longer needed,Fulfillment by seller,Kho HN,,Standard shipping,,,g***i185,K** V** T****,(+84)097*****23,Việt Nam,Hải Dương,Gia Lộc,*********,*********,**************************,Cash on delivery,0.5,"Loofahs, Sponges, & Poufs",1201741588012893997	,,Unchecked,,Videos,duongmanhkien19
584774756538681133	,Canceled,Canceled,Cancel,Normal,1732251749141219548	,ST01172,"Sữa Tắm Pháp Le Petit Marseillais Cho Nam Chiết Xuất Thiên Nhiên 4in1 Nhiều Mùi Hương Dưỡng Ẩm, Thơm Lâu - Phù Hợp Mọi Loại Da (250ml)","Hương Gỗ Tuyết Tùng & Dương Xỉ, Standard",1,1,269000,269000,0,64000,205000,0,35100,0,35100,,0,205000,205000,30/06/2026 03:36:18	,"	","	","	","	",30/06/2026 03:36:36	,User,No longer needed,Fulfillment by seller,Kho HN,,Standard shipping,,,g***i185,K** V** T****,(+84)097*****23,Việt Nam,Hải Dương,Gia Lộc,*********,*********,**************************,Cash on delivery,0.5,Bath & Shower,1201741588012893997	,,Unchecked,,Videos,duongmanhkien19
584774693219959870	,Shipped,Delivered,,Normal,1735769515978753244	,DG37467,"Dầu Gội Thiên Nhiên Le Petit Marseillais Nhiều Mùi Hương 250ml Dưỡng Ẩm, Thơm Lâu - Phù Hợp Mọi Loại Da",Thải Độc Với Chiết Xuất Trà Xanh Hữu Cơ,1,0,329000,329000,0,62000,267000,0,14000,0,14000,,0,267000,,30/06/2026 03:19:50	,01/07/2026 13:50:53	,30/06/2026 05:32:20	,30/06/2026 09:53:41	,01/07/2026 13:50:53	,"	",,,Fulfillment by seller,Kho HCMC,861976701608,Standard shipping,J&T Express,,x***xv3,l* u***,(+84)879****59,Việt Nam,Hồ Chí Minh,Phường Tân Sơn Nhất,*******************,*******************************,*****************,Cash on delivery,0.5,Shampoo & Conditioner,1201741168757408830	,,Unchecked,,Videos,tuyetcookies
584774627981624743	,Shipped,Completed,,Normal,1731317148230255836	,BONG TAM HQ,[Quà tặng không bán] Bông Tắm Tạo Bọt Mềm Mịn,Mặc định,1,0,0,0,0,0,0,0,4800,0,4800,,0,205000,,30/06/2026 02:51:06	,02/07/2026 18:54:02	,30/06/2026 05:32:20	,30/06/2026 09:53:41	,02/07/2026 18:54:02	,"	",,,Fulfillment by seller,Kho HCMC,861958011608,Standard shipping,J&T Express,,u***42611481,T*** t** t*** t***,(+84)093*****09,Việt Nam,Gia Lai,Phường An Khê,*************,**************,*****************************************,Cash on delivery,0.5,"Loofahs, Sponges, & Poufs",1201740634567574951	,,Unchecked,,Videos,mandepcungyen
584774627981624743	,Shipped,Delivered,,Normal,1732250914984986844	,ST99622,"Sữa Tắm/Gel Tắm Pháp Le Petit Marseillais Thiên Nhiên 250ml - Sữa Tắm Lưu Hương Lành Tính - Dịu Nhẹ, An Toàn Cho Da","Xoài & Chanh Dây, Standard",1,0,269000,269000,0,64000,205000,0,4800,0,4800,,0,205000,,30/06/2026 02:51:06	,02/07/2026 18:54:02	,30/06/2026 05:32:20	,30/06/2026 09:53:41	,02/07/2026 18:54:02	,"	",,,Fulfillment by seller,Kho HCMC,861958011608,Standard shipping,J&T Express,,u***42611481,T*** t** t*** t***,(+84)093*****09,Việt Nam,Gia Lai,Phường An Khê,*************,**************,*****************************************,Cash on delivery,0.5,Bath & Shower,1201740634567574951	,,Unchecked,,Videos,mandepcungyen
584774612378027104	,Canceled,Canceled,Cancel,Normal,1732251749141219548	,ST01172,"Sữa Tắm Pháp Le Petit Marseillais Cho Nam Chiết Xuất Thiên Nhiên 4in1 Nhiều Mùi Hương Dưỡng Ẩm, Thơm Lâu - Phù Hợp Mọi Loại Da (250ml)","Hương Gỗ Tuyết Tùng & Dương Xỉ, Standard",1,1,269000,269000,0,64000,205000,0,15800,0,15800,,0,205000,205000,30/06/2026 02:48:43	,"	",30/06/2026 05:32:20	,30/06/2026 10:33:03	,"	",03/07/2026 08:39:31	,System,Package delivery failed,Fulfillment by seller,Kho HN,861940111618,Standard shipping,J&T Express,,t***hihi0989088,T**,(+84)094*****08,Việt Nam,Hà Nội,Tây Hồ,**********,******************************,,Cash on delivery,0.5,Bath & Shower,1201740669515367520	,,Unchecked,,Videos,man.trung.737
584774612378027104	,Canceled,Canceled,Cancel,Normal,1731317148230255836	,BONG TAM HQ,[Quà tặng không bán] Bông Tắm Tạo Bọt Mềm Mịn,Mặc định,1,1,0,0,0,0,0,0,15800,0,15800,,0,205000,0,30/06/2026 02:48:43	,"	",30/06/2026 05:32:20	,30/06/2026 10:33:03	,"	",03/07/2026 08:39:31	,System,Package delivery failed,Fulfillment by seller,Kho HN,861940111618,Standard shipping,J&T Express,,t***hihi0989088,T**,(+84)094*****08,Việt Nam,Hà Nội,Tây Hồ,**********,******************************,,Cash on delivery,0.5,"Loofahs, Sponges, & Poufs",1201740669515367520	,,Unchecked,,Videos,man.trung.737
584774473126282812	,Shipped,Delivered,,Normal,1732252943759018204	,DG74042,"Dầu Gội Thiên Nhiên Le Petit Marseillais Nhiều Mùi Hương 250ml Dưỡng Ẩm, Thơm Lâu - Phù Hợp Mọi Loại Da",Trị Gàu 2 In 1 Tinh Dầu Bạc Hà,1,0,329000,329000,61500,62000,205500,0,19700,0,19700,,0,205500,,30/06/2026 02:13:06	,01/07/2026 18:32:50	,30/06/2026 05:32:20	,30/06/2026 10:33:03	,01/07/2026 18:32:50	,"	",,,Fulfillment by seller,Kho HN,861976161608,Standard shipping,J&T Express,,d***_nguyendinh,N***** Đ*** Đ***,(+84)983****15,Việt Nam,Hà Nội,Gia Lâm,********,*****************************************************************,,Cash on delivery,0.5,Shampoo & Conditioner,1201739744154650172	,,Unchecked,,Product cards,
584774114707670671	,Canceled,Canceled,Cancel,Normal,1732251749141154012	,ST01356,"Sữa Tắm Pháp Le Petit Marseillais Cho Nam Chiết Xuất Thiên Nhiên 4in1 Nhiều Mùi Hương Dưỡng Ẩm, Thơm Lâu - Phù Hợp Mọi Loại Da (250ml)","Hương Thông & Bạch Đàn Biển, Standard",1,1,269000,269000,28700,64000,176300,0,35500,0,35500,,0,176300,176300,30/06/2026 00:56:53	,"	","	","	","	",30/06/2026 01:04:13	,User,Better price available,Fulfillment by seller,Kho HCMC,,Standard shipping,,,p***04963d,P*** C** V*,(+84)093*****69,Việt Nam,Quảng Nam,Hội An,*********,********************************************************,,Cash on delivery,0.5,Bath & Shower,1201737986568390287	,,Unchecked,,Product cards,
584774114707670671	,Canceled,Canceled,Cancel,Normal,1731317148230255836	,BONG TAM HQ,[Quà tặng không bán] Bông Tắm Tạo Bọt Mềm Mịn,Mặc định,1,1,0,0,0,0,0,0,35500,0,35500,,0,176300,0,30/06/2026 00:56:53	,"	","	","	","	",30/06/2026 01:04:13	,User,Better price available,Fulfillment by seller,Kho HCMC,,Standard shipping,,,p***04963d,P*** C** V*,(+84)093*****69,Việt Nam,Quảng Nam,Hội An,*********,********************************************************,,Cash on delivery,0.5,"Loofahs, Sponges, & Poufs",1201737986568390287	,,Unchecked,,Product cards,
584773480440103957	,Shipped,Delivered,,Normal,1732252943759083740	,DG60650,"Dầu Gội Thiên Nhiên Le Petit Marseillais Nhiều Mùi Hương 250ml Dưỡng Ẩm, Thơm Lâu - Phù Hợp Mọi Loại Da",Phục Hồi Chuyên Sâu Dầu Jojoba,1,0,329000,329000,0,62000,267000,0,14000,0,14000,,0,267000,,29/06/2026 23:35:03	,29/06/2026 23:35:40	,30/06/2026 05:32:20	,30/06/2026 09:53:41	,01/07/2026 10:30:12	,"	",,,Fulfillment by seller,Kho HCMC,861940851618,Standard shipping,J&T Express,,n***d.t96,Đ** t****,(+84)090*****43,Việt Nam,Thành phố Hồ Chí Minh,Thủ Đức,***************,***********,,MoMo E-Wallet,0.5,Shampoo & Conditioner,1201734555454833685	,,Unchecked,,Product cards,
584773090362164774	,Shipped,Delivered,,Normal,1732250914985052380	,ST48441,"Sữa Tắm/Gel Tắm Pháp Le Petit Marseillais Thiên Nhiên 250ml - Sữa Tắm Lưu Hương Lành Tính - Dịu Nhẹ, An Toàn Cho Da","Quả Mâm Xôi & Hoa Mẫu Đơn, Standard",1,0,269000,269000,0,69000,200000,0,17100,0,17100,,0,400000,,29/06/2026 23:02:38	,01/07/2026 11:27:17	,30/06/2026 05:32:20	,30/06/2026 10:33:03	,01/07/2026 11:27:17	,"	",,,Fulfillment by seller,Kho HN,861910061618,Standard shipping,J&T Express,,m***pau,L* Q**** M***,(+84)096*****66,Việt Nam,Hà Nội,Phường Vĩnh Tuy,***************,***************************************************************************************,,Cash on delivery,0.5,Bath & Shower,1201732918288025126	,,Unchecked,,Videos,ahau.phuongthao
584773090362164774	,Shipped,Completed,,Normal,1734496577198523612	,1 BÁNH-XP,Xà Phòng Le Petit Marseillais Chính Hãng Bánh Xà Phòng Tắm Thiên Nhiên (Ngẫu nhiên)  1 Bánh,Mặc định,1,0,0,0,0,0,0,0,17100,0,17100,,0,400000,,29/06/2026 23:02:38	,01/07/2026 11:27:17	,30/06/2026 05:32:20	,30/06/2026 10:33:03	,01/07/2026 11:27:17	,"	",,,Fulfillment by seller,Kho HN,861910061618,Standard shipping,J&T Express,,m***pau,L* Q**** M***,(+84)096*****66,Việt Nam,Hà Nội,Phường Vĩnh Tuy,***************,***************************************************************************************,,Cash on delivery,0.1,Bath & Shower,1201732918288025126	,,Unchecked,,Videos,ahau.phuongthao
584773090362164774	,Shipped,Delivered,,Normal,1732250914984986844	,ST99622,"Sữa Tắm/Gel Tắm Pháp Le Petit Marseillais Thiên Nhiên 250ml - Sữa Tắm Lưu Hương Lành Tính - Dịu Nhẹ, An Toàn Cho Da","Xoài & Chanh Dây, Standard",1,0,269000,269000,0,69000,200000,0,17100,0,17100,,0,400000,,29/06/2026 23:02:38	,01/07/2026 11:27:17	,30/06/2026 05:32:20	,30/06/2026 10:33:03	,01/07/2026 11:27:17	,"	",,,Fulfillment by seller,Kho HN,861910061618,Standard shipping,J&T Express,,m***pau,L* Q**** M***,(+84)096*****66,Việt Nam,Hà Nội,Phường Vĩnh Tuy,***************,***************************************************************************************,,Cash on delivery,0.5,Bath & Shower,1201732918288025126	,,Unchecked,,Videos,ahau.phuongthao
584772782068172396	,Shipped,Completed,,Normal,1731317148230255836	,BONG TAM HQ,[Quà tặng không bán] Bông Tắm Tạo Bọt Mềm Mịn,Mặc định,1,0,0,0,0,0,0,0,35100,0,35100,,0,205000,,29/06/2026 22:37:38	,01/07/2026 15:44:40	,30/06/2026 05:32:19	,30/06/2026 09:53:41	,01/07/2026 15:44:40	,"	",,,Fulfillment by seller,Kho HCMC,861984991608,Standard shipping,J&T Express,,e***y._2,n** n*****,(+84)902****72,Việt Nam,Long An,Cần Giuộc,******,******************************************,,Cash on delivery,0.5,"Loofahs, Sponges, & Poufs",1201730964202358380	,,Unchecked,,Product cards,
584772782068172396	,Shipped,Delivered,,Normal,1732250914985380060	,ST01240,"Sữa Tắm/Gel Tắm Pháp Le Petit Marseillais Thiên Nhiên 250ml - Sữa Tắm Lưu Hương Lành Tính - Dịu Nhẹ, An Toàn Cho Da","Đào Trắng & Quả Xuân Đào, Standard",1,0,269000,269000,0,64000,205000,0,35100,0,35100,,0,205000,,29/06/2026 22:37:38	,01/07/2026 15:44:40	,30/06/2026 05:32:19	,30/06/2026 09:53:41	,01/07/2026 15:44:40	,"	",,,Fulfillment by seller,Kho HCMC,861984991608,Standard shipping,J&T Express,,e***y._2,n** n*****,(+84)902****72,Việt Nam,Long An,Cần Giuộc,******,******************************************,,Cash on delivery,0.5,Bath & Shower,1201730964202358380	,,Unchecked,,Product cards,
584772780933743971	,Shipped,Completed,,Normal,1731317148230255836	,BONG TAM HQ,[Quà tặng không bán] Bông Tắm Tạo Bọt Mềm Mịn,Mặc định,1,0,0,0,0,0,0,0,15800,0,15800,,0,164949,,29/06/2026 22:37:19	,29/06/2026 22:37:24	,30/06/2026 05:32:20	,30/06/2026 10:33:03	,01/07/2026 10:04:31	,"	",,,Fulfillment by seller,Kho HN,861996701608,Standard shipping,J&T Express,,h***i1004,H*** N***** D***,(+84)083*****88,Vietnam,Ha Noi,Ha Dong,********,******************************************,,Apple Pay,0.5,"Loofahs, Sponges, & Poufs",1201730862181483875	,,Unchecked,,Videos,
584772780933743971	,Shipped,Delivered,,Normal,1732251749141219548	,ST01172,"Sữa Tắm Pháp Le Petit Marseillais Cho Nam Chiết Xuất Thiên Nhiên 4in1 Nhiều Mùi Hương Dưỡng Ẩm, Thơm Lâu - Phù Hợp Mọi Loại Da (250ml)","Hương Gỗ Tuyết Tùng & Dương Xỉ, Standard",1,0,269000,269000,40051,64000,164949,0,15800,0,15800,,0,164949,,29/06/2026 22:37:19	,29/06/2026 22:37:24	,30/06/2026 05:32:20	,30/06/2026 10:33:03	,01/07/2026 10:04:31	,"	",,,Fulfillment by seller,Kho HN,861996701608,Standard shipping,J&T Express,,h***i1004,H*** N***** D***,(+84)083*****88,Vietnam,Ha Noi,Ha Dong,********,******************************************,,Apple Pay,0.5,Bath & Shower,1201730862181483875	,,Unchecked,,Videos,
584770915288384846	,Shipped,Delivered,,Normal,1732250914985052380	,ST48441,"Sữa Tắm/Gel Tắm Pháp Le Petit Marseillais Thiên Nhiên 250ml - Sữa Tắm Lưu Hương Lành Tính - Dịu Nhẹ, An Toàn Cho Da","Quả Mâm Xôi & Hoa Mẫu Đơn, Standard",1,0,269000,269000,0,64000,205000,0,16700,0,16700,,0,205000,,29/06/2026 20:49:52	,29/06/2026 20:49:59	,30/06/2026 05:32:20	,30/06/2026 10:33:03	,01/07/2026 11:09:45	,"	",,,Fulfillment by seller,Kho HN,861945321618,Standard shipping,J&T Express,,t***gmanhbien,T**** M*** B***,(+84)098*****89,Việt Nam,Hà Nội,Xã Vân Đình,***********,*****************************************,**************************************,Credit/debit card,0.5,Bath & Shower,1201722625593869646	,,Unchecked,,Videos,ahau.phuongthao
584770915288384846	,Shipped,Completed,,Normal,1731317148230255836	,BONG TAM HQ,[Quà tặng không bán] Bông Tắm Tạo Bọt Mềm Mịn,Mặc định,1,0,0,0,0,0,0,0,16700,0,16700,,0,205000,,29/06/2026 20:49:52	,29/06/2026 20:49:59	,30/06/2026 05:32:20	,30/06/2026 10:33:03	,01/07/2026 11:09:45	,"	",,,Fulfillment by seller,Kho HN,861945321618,Standard shipping,J&T Express,,t***gmanhbien,T**** M*** B***,(+84)098*****89,Việt Nam,Hà Nội,Xã Vân Đình,***********,*****************************************,**************************************,Credit/debit card,0.5,"Loofahs, Sponges, & Poufs",1201722625593869646	,,Unchecked,,Videos,ahau.phuongthao
584769079231940575	,Shipped,Delivered,,Normal,1732251749141154012	,ST01356,"Sữa Tắm Pháp Le Petit Marseillais Cho Nam Chiết Xuất Thiên Nhiên 4in1 Nhiều Mùi Hương Dưỡng Ẩm, Thơm Lâu - Phù Hợp Mọi Loại Da (250ml)","Hương Thông & Bạch Đàn Biển, Standard",1,0,269000,269000,36900,64000,168100,0,48600,0,48600,,0,336200,,29/06/2026 18:56:49	,01/07/2026 16:04:57	,29/06/2026 20:01:23	,30/06/2026 10:33:03	,01/07/2026 16:04:57	,"	",,,Fulfillment by seller,Kho HN,861976361028,Standard shipping,J&T Express,,k***.nguyn7587,G** K****,(+84)090*****99,Việt Nam,Thanh Hóa,Phường Hạc Thành,****************,****************,***********,Cash on delivery,0.5,Bath & Shower,1201712616855537631	,,Unchecked,,Product cards,
584769079231940575	,Shipped,Delivered,,Normal,1732251749141219548	,ST01172,"Sữa Tắm Pháp Le Petit Marseillais Cho Nam Chiết Xuất Thiên Nhiên 4in1 Nhiều Mùi Hương Dưỡng Ẩm, Thơm Lâu - Phù Hợp Mọi Loại Da (250ml)","Hương Gỗ Tuyết Tùng & Dương Xỉ, Standard",1,0,269000,269000,36900,64000,168100,0,48600,0,48600,,0,336200,,29/06/2026 18:56:49	,01/07/2026 16:04:57	,29/06/2026 20:01:23	,30/06/2026 10:33:03	,01/07/2026 16:04:57	,"	",,,Fulfillment by seller,Kho HN,861976361028,Standard shipping,J&T Express,,k***.nguyn7587,G** K****,(+84)090*****99,Việt Nam,Thanh Hóa,Phường Hạc Thành,****************,****************,***********,Cash on delivery,0.5,Bath & Shower,1201712616855537631	,,Unchecked,,Product cards,
584769079231940575	,Shipped,Completed,,Normal,1734496577198523612	,1 BÁNH-XP,Xà Phòng Le Petit Marseillais Chính Hãng Bánh Xà Phòng Tắm Thiên Nhiên (Ngẫu nhiên)  1 Bánh,Mặc định,1,0,0,0,0,0,0,0,48600,0,48600,,0,336200,,29/06/2026 18:56:49	,01/07/2026 16:04:57	,29/06/2026 20:01:23	,30/06/2026 10:33:03	,01/07/2026 16:04:57	,"	",,,Fulfillment by seller,Kho HN,861976361028,Standard shipping,J&T Express,,k***.nguyn7587,G** K****,(+84)090*****99,Việt Nam,Thanh Hóa,Phường Hạc Thành,****************,****************,***********,Cash on delivery,0.1,Bath & Shower,1201712616855537631	,,Unchecked,,Product cards,
584767835747157305	,Shipped,Completed,,Normal,1731317148230255836	,BONG TAM HQ,[Quà tặng không bán] Bông Tắm Tạo Bọt Mềm Mịn,Mặc định,1,0,0,0,0,0,0,0,29700,0,29700,,0,205000,,29/06/2026 17:37:50	,01/07/2026 19:44:25	,29/06/2026 20:01:30	,30/06/2026 10:33:03	,01/07/2026 19:44:25	,"	",,,Fulfillment by seller,Kho HN,861990521028,Standard shipping,J&T Express,,n***chien56,N*** C****,(+84)978****65,Việt Nam,Phú Thọ,Phường Vĩnh Phúc,****************,**********************************************************************************,,Cash on delivery,0.5,"Loofahs, Sponges, & Poufs",1201704470096086329	,,Unchecked,,Videos,ahau.phuongthao
584767835747157305	,Shipped,Delivered,,Normal,1732250914985380060	,ST01240,"Sữa Tắm/Gel Tắm Pháp Le Petit Marseillais Thiên Nhiên 250ml - Sữa Tắm Lưu Hương Lành Tính - Dịu Nhẹ, An Toàn Cho Da","Đào Trắng & Quả Xuân Đào, Standard",1,0,269000,269000,0,64000,205000,0,29700,0,29700,,0,205000,,29/06/2026 17:37:50	,01/07/2026 19:44:25	,29/06/2026 20:01:30	,30/06/2026 10:33:03	,01/07/2026 19:44:25	,"	",,,Fulfillment by seller,Kho HN,861990521028,Standard shipping,J&T Express,,n***chien56,N*** C****,(+84)978****65,Việt Nam,Phú Thọ,Phường Vĩnh Phúc,****************,**********************************************************************************,,Cash on delivery,0.5,Bath & Shower,1201704470096086329	,,Unchecked,,Videos,ahau.phuongthao
584766481753933593	,Shipped,Delivered,,Normal,1732250914984724700	,ST19308,"Sữa Tắm/Gel Tắm Pháp Le Petit Marseillais Thiên Nhiên 250ml - Sữa Tắm Lưu Hương Lành Tính - Dịu Nhẹ, An Toàn Cho Da","Hương Lựu, Standard",1,0,269000,269000,0,80000,189000,0,29700,0,29700,,0,189000,,29/06/2026 15:54:40	,01/07/2026 10:16:05	,29/06/2026 16:00:07	,29/06/2026 18:10:35	,01/07/2026 10:16:05	,"	",,,Fulfillment by seller,Kho HCMC,861991310388,Standard shipping,J&T Express,,p***lkjihgfe_cba,T* H**** N*** D***,(+84)037*****68,Việt Nam,Long An,Tân An,********,*************************************,,Cash on delivery,0.5,Bath & Shower,1201692594931599129	,,Unchecked,,Product cards,
584766481753933593	,Shipped,Completed,,Normal,1731317148230255836	,BONG TAM HQ,[Quà tặng không bán] Bông Tắm Tạo Bọt Mềm Mịn,Mặc định,1,0,0,0,0,0,0,0,29700,0,29700,,0,189000,,29/06/2026 15:54:40	,01/07/2026 10:16:05	,29/06/2026 16:00:07	,29/06/2026 18:10:35	,01/07/2026 10:16:05	,"	",,,Fulfillment by seller,Kho HCMC,861991310388,Standard shipping,J&T Express,,p***lkjihgfe_cba,T* H**** N*** D***,(+84)037*****68,Việt Nam,Long An,Tân An,********,*************************************,,Cash on delivery,0.5,"Loofahs, Sponges, & Poufs",1201692594931599129	,,Unchecked,,Product cards,
584766486964045261	,Shipped,Completed,,Normal,1731317148230255836	,BONG TAM HQ,[Quà tặng không bán] Bông Tắm Tạo Bọt Mềm Mịn,Mặc định,1,0,0,0,0,0,0,0,29700,0,29700,,0,205000,,29/06/2026 15:48:25	,01/07/2026 20:21:20	,29/06/2026 16:00:07	,29/06/2026 16:31:32	,01/07/2026 20:21:20	,"	",,,Fulfillment by seller,Kho HN,861970410388,Standard shipping,J&T Express,,p***abauc19,N***** đ*** s**,(+84)905****30,Việt Nam,Hải Dương,Hải Dương,***********,*******************************,************************,Cash on delivery,0.5,"Loofahs, Sponges, & Poufs",1201692270057653709	,,Unchecked,,Videos,duongmanhkien19
584766486964045261	,Shipped,Delivered,,Normal,1732251749141154012	,ST01356,"Sữa Tắm Pháp Le Petit Marseillais Cho Nam Chiết Xuất Thiên Nhiên 4in1 Nhiều Mùi Hương Dưỡng Ẩm, Thơm Lâu - Phù Hợp Mọi Loại Da (250ml)","Hương Thông & Bạch Đàn Biển, Standard",1,0,269000,269000,0,64000,205000,0,29700,0,29700,,0,205000,,29/06/2026 15:48:25	,01/07/2026 20:21:20	,29/06/2026 16:00:07	,29/06/2026 16:31:32	,01/07/2026 20:21:20	,"	",,,Fulfillment by seller,Kho HN,861970410388,Standard shipping,J&T Express,,p***abauc19,N***** đ*** s**,(+84)905****30,Việt Nam,Hải Dương,Hải Dương,***********,*******************************,************************,Cash on delivery,0.5,Bath & Shower,1201692270057653709	,,Unchecked,,Videos,duongmanhkien19
584761763828106869	,Shipped,Delivered,,Normal,1735734212754703580	,ST68816,"[KOL huynhdangthong x LPM] Sữa Tắm/Gel Tắm Pháp Le Petit Marseillais Chiết Xuất Thiên Nhiên 650ml - Sữa Tắm Lưu Hương Lành Tính - Dịu Nhẹ, An Toàn Cho Da","Hoa Tiare, Standard",1,0,519000,519000,85580,130000,303420,0,18200,0,18200,,0,463320,,29/06/2026 10:36:30	,30/06/2026 16:45:48	,29/06/2026 10:54:15	,29/06/2026 16:31:32	,30/06/2026 16:45:48	,"	",,,Fulfillment by seller,Kho HN,861911288447,Standard shipping,J&T Express,,t***po_po,T*** N*** M**,(+84)090*****22,Việt Nam,Ha Noi City,Đống Đa,********,************************************,,Cash on delivery,1,Bath & Shower,1201650611458049653	,,Unchecked,,Product cards,
584761763828106869	,Shipped,Completed,,Normal,1735791937064830172	,ST65434,Sữa Tắm Dạng Kem Le Petit Marseillais Bông Và Hoa Anh Túc 250ml  92% Thiên Nhiên Siêu Dịu Nhẹ,Mặc định,1,0,0,0,0,0,0,0,18200,0,18200,,0,463320,,29/06/2026 10:36:30	,30/06/2026 16:45:48	,29/06/2026 10:54:15	,29/06/2026 16:31:32	,30/06/2026 16:45:48	,"	",,,Fulfillment by seller,Kho HN,861911288447,Standard shipping,J&T Express,,t***po_po,T*** N*** M**,(+84)090*****22,Việt Nam,Ha Noi City,Đống Đa,********,************************************,,Cash on delivery,0.4,Bath & Shower,1201650611458049653	,,Unchecked,,Product cards,
584761763828106869	,Shipped,Completed,,Normal,1731317148230255836	,BONG TAM HQ,[Quà tặng không bán] Bông Tắm Tạo Bọt Mềm Mịn,Mặc định,1,0,0,0,0,0,0,0,18200,0,18200,,0,463320,,29/06/2026 10:36:30	,30/06/2026 16:45:48	,29/06/2026 10:54:15	,29/06/2026 16:31:32	,30/06/2026 16:45:48	,"	",,,Fulfillment by seller,Kho HN,861911288447,Standard shipping,J&T Express,,t***po_po,T*** N*** M**,(+84)090*****22,Việt Nam,Ha Noi City,Đống Đa,********,************************************,,Cash on delivery,0.5,"Loofahs, Sponges, & Poufs",1201650611458049653	,,Unchecked,,Product cards,
584761763828106869	,Shipped,Delivered,,Normal,1732251749141022940	,ST01431,"Sữa Tắm Pháp Le Petit Marseillais Cho Nam Chiết Xuất Thiên Nhiên 4in1 Nhiều Mùi Hương Dưỡng Ẩm, Thơm Lâu - Phù Hợp Mọi Loại Da (250ml)","Hương Cam & Tinh Dầu Argan, Standard",1,0,272000,272000,45100,67000,159900,0,18200,0,18200,,0,463320,,29/06/2026 10:36:30	,30/06/2026 16:45:48	,29/06/2026 10:54:15	,29/06/2026 16:31:32	,30/06/2026 16:45:48	,"	",,,Fulfillment by seller,Kho HN,861911288447,Standard shipping,J&T Express,,t***po_po,T*** N*** M**,(+84)090*****22,Việt Nam,Ha Noi City,Đống Đa,********,************************************,,Cash on delivery,0.5,Bath & Shower,1201650611458049653	,,Unchecked,,Product cards,
584761147200145202	,Shipped,Completed,,Normal,1731317148230255836	,BONG TAM HQ,[Quà tặng không bán] Bông Tắm Tạo Bọt Mềm Mịn,Mặc định,1,0,0,0,0,0,0,0,29700,0,29700,,0,205000,,29/06/2026 09:54:20	,30/06/2026 21:01:26	,29/06/2026 10:27:50	,29/06/2026 11:14:04	,30/06/2026 21:01:26	,"	",,,Fulfillment by seller,Kho HN,861959518297,Standard shipping,J&T Express,,k***h_9999_,N***** q*** k****,(+84)929****44,Việt Nam,Phú Thọ,Phường Vĩnh Phúc,****************,*****************,***********************************************,Cash on delivery,0.5,"Loofahs, Sponges, & Poufs",1201643057092331314	,,Unchecked,,Videos,duongmanhkien19
584761147200145202	,Shipped,Delivered,,Normal,1732251749141154012	,ST01356,"Sữa Tắm Pháp Le Petit Marseillais Cho Nam Chiết Xuất Thiên Nhiên 4in1 Nhiều Mùi Hương Dưỡng Ẩm, Thơm Lâu - Phù Hợp Mọi Loại Da (250ml)","Hương Thông & Bạch Đàn Biển, Standard",1,0,272000,272000,0,67000,205000,0,29700,0,29700,,0,205000,,29/06/2026 09:54:20	,30/06/2026 21:01:26	,29/06/2026 10:27:50	,29/06/2026 11:14:04	,30/06/2026 21:01:26	,"	",,,Fulfillment by seller,Kho HN,861959518297,Standard shipping,J&T Express,,k***h_9999_,N***** q*** k****,(+84)929****44,Việt Nam,Phú Thọ,Phường Vĩnh Phúc,****************,*****************,***********************************************,Cash on delivery,0.5,Bath & Shower,1201643057092331314	,,Unchecked,,Videos,duongmanhkien19
584760683692590416	,Shipped,Delivered,,Normal,1732252922366494940	,DG31372,"Dầu Gội Le Petit Marseillais Nhiều Mùi Hương 300ml Dưỡng Ẩm, Thơm Lâu - Phù Hợp Mọi Loại Da",Táo & Oliu,1,0,545000,545000,0,125000,420000,0,20900,0,20900,,0,420000,,29/06/2026 09:21:56	,30/06/2026 19:39:53	,29/06/2026 09:42:04	,29/06/2026 15:42:16	,30/06/2026 19:39:53	,"	",,,Fulfillment by seller,Kho HCMC,861998347927,Standard shipping,J&T Express,,d***euu2005,T****,(+84)967****76,Việt Nam,Hồ Chí Minh,Xã Bà Điểm,**********,***************,,Cash on delivery,0.6,Shampoo & Conditioner,1201639488867894608	,,Unchecked,,Videos,haiidaynek
584760692238288208	,Shipped,Completed,,Normal,1731317148230255836	,BONG TAM HQ,[Quà tặng không bán] Bông Tắm Tạo Bọt Mềm Mịn,Mặc định,1,0,0,0,0,0,0,0,22100,0,22100,,0,395000,,29/06/2026 09:20:40	,30/06/2026 19:39:55	,29/06/2026 09:42:04	,29/06/2026 15:42:16	,30/06/2026 19:39:55	,"	",,,Fulfillment by seller,Kho HCMC,861965257887,Standard shipping,J&T Express,,d***euu2005,T****,(+84)967****76,Việt Nam,Hồ Chí Minh,Xã Bà Điểm,**********,***************,,Cash on delivery,0.5,"Loofahs, Sponges, & Poufs",1201639405024413008	,,Unchecked,,Videos,taphoacoquyenls
584760692238288208	,Shipped,Delivered,,Normal,1732250801269016796	,ST01288,"Sữa Tắm/Gel Tắm Pháp Le Petit Marseillais Chiết Xuất Thiên Nhiên 650ml - Sữa Tắm Lưu Hương Lành Tính - Dịu Nhẹ, An Toàn Cho Da","Đào Trắng & Quả Xuân Đào, Standard",1,0,519000,519000,0,124000,395000,0,22100,0,22100,,0,395000,,29/06/2026 09:20:40	,30/06/2026 19:39:55	,29/06/2026 09:42:04	,29/06/2026 15:42:16	,30/06/2026 19:39:55	,"	",,,Fulfillment by seller,Kho HCMC,861965257887,Standard shipping,J&T Express,,d***euu2005,T****,(+84)967****76,Việt Nam,Hồ Chí Minh,Xã Bà Điểm,**********,***************,,Cash on delivery,1,Bath & Shower,1201639405024413008	,,Unchecked,,Videos,taphoacoquyenls
584760356701504687	,Canceled,Canceled,Cancel,Normal,1731317148230255836	,BONG TAM HQ,[Quà tặng không bán] Bông Tắm Tạo Bọt Mềm Mịn,Mặc định,1,1,0,0,0,0,0,0,15800,0,15800,,0,169626,0,29/06/2026 08:48:49	,29/06/2026 08:48:55	,29/06/2026 09:10:28	,"	","	",29/06/2026 09:12:43	,User,No longer needed,Fulfillment by seller,Kho HCMC,861944587527,Standard shipping,J&T Express,,k***cungcang,C***,(+84)093*****70,Việt Nam,Hồ Chí Minh,Phường Phú Định,***************,**********************,*****************,Credit/debit card,0.5,"Loofahs, Sponges, & Poufs",1201634525899097263	,,Unchecked,,Product cards,
584760356701504687	,Canceled,Canceled,Cancel,Normal,1732251749141219548	,ST01172,"Sữa Tắm Pháp Le Petit Marseillais Cho Nam Chiết Xuất Thiên Nhiên 4in1 Nhiều Mùi Hương Dưỡng Ẩm, Thơm Lâu - Phù Hợp Mọi Loại Da (250ml)","Hương Gỗ Tuyết Tùng & Dương Xỉ, Standard",1,1,272000,272000,35374,67000,169626,0,15800,0,15800,,0,169626,169626,29/06/2026 08:48:49	,29/06/2026 08:48:55	,29/06/2026 09:10:28	,"	","	",29/06/2026 09:12:43	,User,No longer needed,Fulfillment by seller,Kho HCMC,861944587527,Standard shipping,J&T Express,,k***cungcang,C***,(+84)093*****70,Việt Nam,Hồ Chí Minh,Phường Phú Định,***************,**********************,*****************,Credit/debit card,0.5,Bath & Shower,1201634525899097263	,,Unchecked,,Product cards,
584760246860679038	,Shipped,Completed,,Normal,1731317148230255836	,BONG TAM HQ,[Quà tặng không bán] Bông Tắm Tạo Bọt Mềm Mịn,Mặc định,1,0,0,0,0,0,0,0,20900,0,20900,,0,205000,,29/06/2026 08:46:37	,30/06/2026 16:16:08	,29/06/2026 09:10:28	,29/06/2026 15:42:17	,30/06/2026 16:16:08	,"	",,,Fulfillment by seller,Kho HCMC,861914667587,Standard shipping,J&T Express,,d***ong451,N** t**** d***,(+84)903****98,Việt Nam,Bình Dương,Dĩ An,*******,************************************************************,,Cash on delivery,0.5,"Loofahs, Sponges, & Poufs",1201634478647904126	,,Unchecked,,Videos,man.trung.737
584760246860679038	,Shipped,Delivered,,Normal,1732251749141219548	,ST01172,"Sữa Tắm Pháp Le Petit Marseillais Cho Nam Chiết Xuất Thiên Nhiên 4in1 Nhiều Mùi Hương Dưỡng Ẩm, Thơm Lâu - Phù Hợp Mọi Loại Da (250ml)","Hương Gỗ Tuyết Tùng & Dương Xỉ, Standard",1,0,272000,272000,0,67000,205000,0,20900,0,20900,,0,205000,,29/06/2026 08:46:37	,30/06/2026 16:16:08	,29/06/2026 09:10:28	,29/06/2026 15:42:17	,30/06/2026 16:16:08	,"	",,,Fulfillment by seller,Kho HCMC,861914667587,Standard shipping,J&T Express,,d***ong451,N** t**** d***,(+84)903****98,Việt Nam,Bình Dương,Dĩ An,*******,************************************************************,,Cash on delivery,0.5,Bath & Shower,1201634478647904126	,,Unchecked,,Videos,man.trung.737
584759869321414522	,Shipped,Delivered,,Normal,1732251749141219548	,ST01172,"Sữa Tắm Pháp Le Petit Marseillais Cho Nam Chiết Xuất Thiên Nhiên 4in1 Nhiều Mùi Hương Dưỡng Ẩm, Thơm Lâu - Phù Hợp Mọi Loại Da (250ml)","Hương Gỗ Tuyết Tùng & Dương Xỉ, Standard",1,0,272000,272000,0,67000,205000,0,47600,0,47600,,0,205000,,29/06/2026 08:15:30	,01/07/2026 11:30:44	,29/06/2026 09:10:28	,29/06/2026 11:14:04	,01/07/2026 11:30:44	,"	",,,Fulfillment by seller,Kho HN,861979407587,Standard shipping,J&T Express,,m***.khang3566,M*** K****,(+84)096*****92,Việt Nam,Thanh Hóa,Phường Đông Sơn,***************,*********************************************************,,Cash on delivery,0.5,Bath & Shower,1201626918035294074	,,Unchecked,,Videos,duongmanhkien19
584759869321414522	,Shipped,Completed,,Normal,1731317148230255836	,BONG TAM HQ,[Quà tặng không bán] Bông Tắm Tạo Bọt Mềm Mịn,Mặc định,1,0,0,0,0,0,0,0,47600,0,47600,,0,205000,,29/06/2026 08:15:30	,01/07/2026 11:30:44	,29/06/2026 09:10:28	,29/06/2026 11:14:04	,01/07/2026 11:30:44	,"	",,,Fulfillment by seller,Kho HN,861979407587,Standard shipping,J&T Express,,m***.khang3566,M*** K****,(+84)096*****92,Việt Nam,Thanh Hóa,Phường Đông Sơn,***************,*********************************************************,,Cash on delivery,0.5,"Loofahs, Sponges, & Poufs",1201626918035294074	,,Unchecked,,Videos,duongmanhkien19
584759306944939667	,Shipped,Delivered,,Normal,1734496577198523612	,1 BÁNH-XP,Xà Phòng Le Petit Marseillais Chính Hãng Bánh Xà Phòng Tắm Thiên Nhiên (Ngẫu nhiên)  1 Bánh,Mặc định,2,0,75000,150000,0,0,150000,0,26200,0,26200,,0,150000,,29/06/2026 07:18:19	,30/06/2026 12:54:21	,29/06/2026 07:46:00	,29/06/2026 11:14:04	,30/06/2026 12:54:21	,"	",,,Fulfillment by seller,Kho HN,861990156147,Standard shipping,J&T Express,,k***ngvu436,v* k*****,(+84)091*****96,Việt Nam,Hải Phòng,Phường Chí Linh,***************,**************************************************,,Cash on delivery,0.2,Bath & Shower,1201619381090223763	,,Unchecked,,Videos,onggiatichcuc79
584759296055936334	,Canceled,Canceled,Cancel,Normal,1731317148230255836	,BONG TAM HQ,[Quà tặng không bán] Bông Tắm Tạo Bọt Mềm Mịn,Mặc định,1,1,0,0,0,0,0,0,35100,0,35100,,0,180400,0,29/06/2026 07:14:07	,"	","	","	","	",29/06/2026 07:17:07	,User,Need to change payment method,Fulfillment by seller,Kho HN,,Standard shipping,,,n***23351,N**,(+84)787****35,Việt Nam,Lào Cai,Xã Mậu A,********,************************************,***********************************************,Cash on delivery,0.5,"Loofahs, Sponges, & Poufs",1201618702056588622	,,Unchecked,,Product cards,
584759296055936334	,Canceled,Canceled,Cancel,Normal,1732251749141022940	,ST01431,"Sữa Tắm Pháp Le Petit Marseillais Cho Nam Chiết Xuất Thiên Nhiên 4in1 Nhiều Mùi Hương Dưỡng Ẩm, Thơm Lâu - Phù Hợp Mọi Loại Da (250ml)","Hương Cam & Tinh Dầu Argan, Standard",1,1,272000,272000,24600,67000,180400,0,35100,0,35100,,0,180400,180400,29/06/2026 07:14:07	,"	","	","	","	",29/06/2026 07:17:07	,User,Need to change payment method,Fulfillment by seller,Kho HN,,Standard shipping,,,n***23351,N**,(+84)787****35,Việt Nam,Lào Cai,Xã Mậu A,********,************************************,***********************************************,Cash on delivery,0.5,Bath & Shower,1201618702056588622	,,Unchecked,,Product cards,
584759235623224975	,Canceled,Canceled,Cancel,Normal,1731317148230255836	,BONG TAM HQ,[Quà tặng không bán] Bông Tắm Tạo Bọt Mềm Mịn,Mặc định,1,1,0,0,0,0,0,0,29700,0,29700,,0,158760,0,29/06/2026 07:12:38	,"	","	","	","	",29/06/2026 07:45:13	,User,Better price available,Fulfillment by seller,Kho HN,,Standard shipping,,,y***n1314,l** t** b***,(+84)398****31,Việt Nam,Lạng Sơn,Phường Đông Kinh,****************,**********************************************,,Cash on delivery,0.5,"Loofahs, Sponges, & Poufs",1201618530142946959	,,Unchecked,,Product cards,
584759235623224975	,Canceled,Canceled,Cancel,Normal,1732250914985052380	,ST48441,"Sữa Tắm/Gel Tắm Pháp Le Petit Marseillais Thiên Nhiên 250ml - Sữa Tắm Lưu Hương Lành Tính - Dịu Nhẹ, An Toàn Cho Da","Quả Mâm Xôi & Hoa Mẫu Đơn, Standard",1,1,272000,272000,30240,83000,158760,0,29700,0,29700,,0,158760,158760,29/06/2026 07:12:38	,"	","	","	","	",29/06/2026 07:45:13	,User,Better price available,Fulfillment by seller,Kho HN,,Standard shipping,,,y***n1314,l** t** b***,(+84)398****31,Việt Nam,Lạng Sơn,Phường Đông Kinh,****************,**********************************************,,Cash on delivery,0.5,Bath & Shower,1201618530142946959	,,Unchecked,,Product cards,
584759185509090959	,Canceled,Canceled,Cancel,Normal,1731317148230255836	,BONG TAM HQ,[Quà tặng không bán] Bông Tắm Tạo Bọt Mềm Mịn,Mặc định,1,1,0,0,0,0,0,0,35100,0,35100,,0,158760,0,29/06/2026 07:08:04	,"	",29/06/2026 07:09:20	,"	","	",29/06/2026 07:09:46	,User,Need to change shipping address,Fulfillment by seller,Kho HN,861962945697,Standard shipping,J&T Express,,y***n1314,l** t** b***,(+84)363****90,Việt Nam,Lạng Sơn,Xã Ba Sơn,*********,************,***************************,Cash on delivery,0.5,"Loofahs, Sponges, & Poufs",1201618015191664271	,,Unchecked,,Videos,ahau.phuongthao
584759185509090959	,Canceled,Canceled,Cancel,Normal,1732250914985052380	,ST48441,"Sữa Tắm/Gel Tắm Pháp Le Petit Marseillais Thiên Nhiên 250ml - Sữa Tắm Lưu Hương Lành Tính - Dịu Nhẹ, An Toàn Cho Da","Quả Mâm Xôi & Hoa Mẫu Đơn, Standard",1,1,272000,272000,30240,83000,158760,0,35100,0,35100,,0,158760,158760,29/06/2026 07:08:04	,"	",29/06/2026 07:09:20	,"	","	",29/06/2026 07:09:46	,User,Need to change shipping address,Fulfillment by seller,Kho HN,861962945697,Standard shipping,J&T Express,,y***n1314,l** t** b***,(+84)363****90,Việt Nam,Lạng Sơn,Xã Ba Sơn,*********,************,***************************,Cash on delivery,0.5,Bath & Shower,1201618015191664271	,,Unchecked,,Videos,ahau.phuongthao
584758671852144567	,Shipped,Completed,,Normal,1731317148230255836	,BONG TAM HQ,[Quà tặng không bán] Bông Tắm Tạo Bọt Mềm Mịn,Mặc định,1,0,0,0,0,0,0,0,47600,0,47600,,0,189000,,29/06/2026 06:03:23	,30/06/2026 18:47:48	,29/06/2026 07:09:20	,29/06/2026 09:01:02	,30/06/2026 18:47:48	,"	",,,Fulfillment by seller,Kho HCMC,861984055697,Standard shipping,J&T Express,,d***010ne,B** L***,(+84)091*****48,Việt Nam,Lâm Đồng,Xã Đắk Wil,**********,****************,,Cash on delivery,0.5,"Loofahs, Sponges, & Poufs",1201613417013872567	,,Unchecked,,Videos,vtva5888
584758671852144567	,Shipped,Delivered,,Normal,1732250914985380060	,ST01240,"Sữa Tắm/Gel Tắm Pháp Le Petit Marseillais Thiên Nhiên 250ml - Sữa Tắm Lưu Hương Lành Tính - Dịu Nhẹ, An Toàn Cho Da","Đào Trắng & Quả Xuân Đào, Standard",1,0,272000,272000,0,83000,189000,0,47600,0,47600,,0,189000,,29/06/2026 06:03:23	,30/06/2026 18:47:48	,29/06/2026 07:09:20	,29/06/2026 09:01:02	,30/06/2026 18:47:48	,"	",,,Fulfillment by seller,Kho HCMC,861984055697,Standard shipping,J&T Express,,d***010ne,B** L***,(+84)091*****48,Việt Nam,Lâm Đồng,Xã Đắk Wil,**********,****************,,Cash on delivery,0.5,Bath & Shower,1201613417013872567	,,Unchecked,,Videos,vtva5888
584758401142130549	,Shipped,Completed,,Normal,1731317148230255836	,BONG TAM HQ,[Quà tặng không bán] Bông Tắm Tạo Bọt Mềm Mịn,Mặc định,1,0,0,0,0,0,0,0,29700,0,29700,,0,205000,,29/06/2026 05:15:21	,01/07/2026 16:38:01	,29/06/2026 07:09:20	,29/06/2026 11:14:04	,01/07/2026 16:38:01	,"	",,,Fulfillment by seller,Kho HN,861959915707,Standard shipping,J&T Express,,n***enducminh909,N***** Đ** M***,(+84)091*****99,Việt Nam,Quảng Ninh,Móng Cái,********,**********************************,,Cash on delivery,0.5,"Loofahs, Sponges, & Poufs",1201611498652993397	,,Unchecked,,Videos,duongmanhkien19
584758401142130549	,Shipped,Delivered,,Normal,1732251749141219548	,ST01172,"Sữa Tắm Pháp Le Petit Marseillais Cho Nam Chiết Xuất Thiên Nhiên 4in1 Nhiều Mùi Hương Dưỡng Ẩm, Thơm Lâu - Phù Hợp Mọi Loại Da (250ml)","Hương Gỗ Tuyết Tùng & Dương Xỉ, Standard",1,0,272000,272000,0,67000,205000,0,29700,0,29700,,0,205000,,29/06/2026 05:15:21	,01/07/2026 16:38:01	,29/06/2026 07:09:20	,29/06/2026 11:14:04	,01/07/2026 16:38:01	,"	",,,Fulfillment by seller,Kho HN,861959915707,Standard shipping,J&T Express,,n***enducminh909,N***** Đ** M***,(+84)091*****99,Việt Nam,Quảng Ninh,Móng Cái,********,**********************************,,Cash on delivery,0.5,Bath & Shower,1201611498652993397	,,Unchecked,,Videos,duongmanhkien19
584757318743394287	,Shipped,Completed,,Normal,1731317148230255836	,BONG TAM HQ,[Quà tặng không bán] Bông Tắm Tạo Bọt Mềm Mịn,Mặc định,1,0,0,0,0,0,0,0,35100,0,35100,,0,160650,,29/06/2026 00:49:09	,30/06/2026 18:58:06	,29/06/2026 07:09:20	,29/06/2026 11:14:04	,30/06/2026 18:58:06	,"	",,,Fulfillment by seller,Kho HN,861988155687,Standard shipping,J&T Express,,c***ain_ngao,D**** H** N***,(+84)097*****80,Việt Nam,Hà Nam,Lý Nhân,********,***********,,Cash on delivery,0.5,"Loofahs, Sponges, & Poufs",1201605211664582639	,,Unchecked,,Videos,duongmanhkien19
584757318743394287	,Shipped,Delivered,,Normal,1732251749141219548	,ST01172,"Sữa Tắm Pháp Le Petit Marseillais Cho Nam Chiết Xuất Thiên Nhiên 4in1 Nhiều Mùi Hương Dưỡng Ẩm, Thơm Lâu - Phù Hợp Mọi Loại Da (250ml)","Hương Gỗ Tuyết Tùng & Dương Xỉ, Standard",1,0,272000,272000,28350,83000,160650,0,35100,0,35100,,0,160650,,29/06/2026 00:49:09	,30/06/2026 18:58:06	,29/06/2026 07:09:20	,29/06/2026 11:14:04	,30/06/2026 18:58:06	,"	",,,Fulfillment by seller,Kho HN,861988155687,Standard shipping,J&T Express,,c***ain_ngao,D**** H** N***,(+84)097*****80,Việt Nam,Hà Nam,Lý Nhân,********,***********,,Cash on delivery,0.5,Bath & Shower,1201605211664582639	,,Unchecked,,Videos,duongmanhkien19
584757293792396476	,Shipped,Completed,,Normal,1731317148230255836	,BONG TAM HQ,[Quà tặng không bán] Bông Tắm Tạo Bọt Mềm Mịn,Mặc định,1,0,0,0,0,0,0,0,47600,0,47600,,0,194750,,29/06/2026 00:40:12	,30/06/2026 16:06:34	,29/06/2026 07:09:20	,29/06/2026 09:01:02	,30/06/2026 16:06:34	,"	",,,Fulfillment by seller,Kho HCMC,861990345717,Standard shipping,J&T Express,,t***sonvotran,t*** s**,(+84)081*****92,Việt Nam,Lâm Đồng,Xã Hiệp Thạnh,*************,*******,,Cash on delivery,0.5,"Loofahs, Sponges, & Poufs",1201604969818326204	,,Unchecked,,Videos,huankosai
584757293792396476	,Shipped,Delivered,,Normal,1732251749141219548	,ST01172,"Sữa Tắm Pháp Le Petit Marseillais Cho Nam Chiết Xuất Thiên Nhiên 4in1 Nhiều Mùi Hương Dưỡng Ẩm, Thơm Lâu - Phù Hợp Mọi Loại Da (250ml)","Hương Gỗ Tuyết Tùng & Dương Xỉ, Standard",1,0,272000,272000,10250,67000,194750,0,47600,0,47600,,0,194750,,29/06/2026 00:40:12	,30/06/2026 16:06:34	,29/06/2026 07:09:20	,29/06/2026 09:01:02	,30/06/2026 16:06:34	,"	",,,Fulfillment by seller,Kho HCMC,861990345717,Standard shipping,J&T Express,,t***sonvotran,t*** s**,(+84)081*****92,Việt Nam,Lâm Đồng,Xã Hiệp Thạnh,*************,*******,,Cash on delivery,0.5,Bath & Shower,1201604969818326204	,,Unchecked,,Videos,huankosai
584756683415061837	,Shipped,Delivered,,Normal,1732251749141219548	,ST01172,"Sữa Tắm Pháp Le Petit Marseillais Cho Nam Chiết Xuất Thiên Nhiên 4in1 Nhiều Mùi Hương Dưỡng Ẩm, Thơm Lâu - Phù Hợp Mọi Loại Da (250ml)","Hương Gỗ Tuyết Tùng & Dương Xỉ, Standard",1,0,272000,272000,0,67000,205000,0,35100,0,35100,,0,205000,,28/06/2026 23:33:34	,01/07/2026 09:29:32	,29/06/2026 07:09:20	,29/06/2026 11:14:04	,01/07/2026 09:29:32	,"	",,,Fulfillment by seller,Kho HN,861998555707,Standard shipping,J&T Express,,c***uong0611,D**** V***,(+84)869****79,Việt Nam,Sơn La,Xã Mai Sơn,**********,*************************,,Cash on delivery,0.5,Bath & Shower,1201601386843112781	,,Unchecked,,Product cards,
584756683415061837	,Shipped,Completed,,Normal,1731317148230255836	,BONG TAM HQ,[Quà tặng không bán] Bông Tắm Tạo Bọt Mềm Mịn,Mặc định,1,0,0,0,0,0,0,0,35100,0,35100,,0,205000,,28/06/2026 23:33:34	,01/07/2026 09:29:32	,29/06/2026 07:09:20	,29/06/2026 11:14:04	,01/07/2026 09:29:32	,"	",,,Fulfillment by seller,Kho HN,861998555707,Standard shipping,J&T Express,,c***uong0611,D**** V***,(+84)869****79,Việt Nam,Sơn La,Xã Mai Sơn,**********,*************************,,Cash on delivery,0.5,"Loofahs, Sponges, & Poufs",1201601386843112781	,,Unchecked,,Product cards,
584756545423574126	,Shipped,Delivered,,Normal,1732251749141154012	,ST01356,"Sữa Tắm Pháp Le Petit Marseillais Cho Nam Chiết Xuất Thiên Nhiên 4in1 Nhiều Mùi Hương Dưỡng Ẩm, Thơm Lâu - Phù Hợp Mọi Loại Da (250ml)","Hương Thông & Bạch Đàn Biển, Standard",1,0,272000,272000,38950,67000,166050,41400,41400,0,0,,0,207450,,28/06/2026 23:22:21	,28/06/2026 23:22:25	,29/06/2026 07:09:20	,29/06/2026 09:01:02	,01/07/2026 11:01:19	,"	",,,Fulfillment by seller,Kho HCMC,861902955697,Standard shipping,J&T Express,,u***7830284011079,T*** H** T****,(+84)035*****44,Việt Nam,Gia Lai,Pleiku,**********,********************************,,MoMo E-Wallet,0.5,Bath & Shower,1201601676582421614	,,Unchecked,,Product cards,
584756545423574126	,Shipped,Completed,,Normal,1731317148230255836	,BONG TAM HQ,[Quà tặng không bán] Bông Tắm Tạo Bọt Mềm Mịn,Mặc định,1,0,0,0,0,0,0,41400,41400,0,0,,0,207450,,28/06/2026 23:22:21	,28/06/2026 23:22:25	,29/06/2026 07:09:20	,29/06/2026 09:01:02	,01/07/2026 11:01:19	,"	",,,Fulfillment by seller,Kho HCMC,861902955697,Standard shipping,J&T Express,,u***7830284011079,T*** H** T****,(+84)035*****44,Việt Nam,Gia Lai,Pleiku,**********,********************************,,MoMo E-Wallet,0.5,"Loofahs, Sponges, & Poufs",1201601676582421614	,,Unchecked,,Product cards,
584756089296946509	,Canceled,Canceled,Cancel,Normal,1731317148230255836	,BONG TAM HQ,[Quà tặng không bán] Bông Tắm Tạo Bọt Mềm Mịn,Mặc định,1,1,0,0,0,0,0,0,35100,0,35100,,0,189000,0,28/06/2026 22:44:36	,"	","	","	","	",28/06/2026 23:24:36	,User,Need to change payment method,Fulfillment by seller,Kho HN,,Standard shipping,,,c***uong0611,D**** V***,(+84)869****79,Việt Nam,Sơn La,Xã Mai Sơn,**********,*************************,,Cash on delivery,0.5,"Loofahs, Sponges, & Poufs",1201599540747273549	,,Unchecked,,Videos,duachoidohang90
584756089296946509	,Canceled,Canceled,Cancel,Normal,1732250914985380060	,ST01240,"Sữa Tắm/Gel Tắm Pháp Le Petit Marseillais Thiên Nhiên 250ml - Sữa Tắm Lưu Hương Lành Tính - Dịu Nhẹ, An Toàn Cho Da","Đào Trắng & Quả Xuân Đào, Standard",1,1,272000,272000,0,83000,189000,0,35100,0,35100,,0,189000,189000,28/06/2026 22:44:36	,"	","	","	","	",28/06/2026 23:24:36	,User,Need to change payment method,Fulfillment by seller,Kho HN,,Standard shipping,,,c***uong0611,D**** V***,(+84)869****79,Việt Nam,Sơn La,Xã Mai Sơn,**********,*************************,,Cash on delivery,0.5,Bath & Shower,1201599540747273549	,,Unchecked,,Videos,duachoidohang90
584754774368093663	,Shipped,Completed,,Normal,1731317148230255836	,BONG TAM HQ,[Quà tặng không bán] Bông Tắm Tạo Bọt Mềm Mịn,Mặc định,1,0,0,0,0,0,0,0,17100,0,17100,40,0,399960,,28/06/2026 21:24:35	,28/06/2026 21:24:40	,29/06/2026 07:09:20	,29/06/2026 09:01:02	,30/06/2026 09:27:18	,"	",,,Fulfillment by seller,Kho HCMC,861918565707,Standard shipping,J&T Express,,m***uny0,Đ*** n***** đ*** d**,(+84)912****95,Việt Nam,Hồ Chí Minh,Quận 12,**************,*********************,******************************************************,PayLater,0.5,"Loofahs, Sponges, & Poufs",1201594039514007007	,,Unchecked,,LIVE,lepetitmarseillaisvn
584754774368093663	,Shipped,Delivered,,Normal,1732250801268820188	,ST01868,"Sữa Tắm/Gel Tắm Pháp Le Petit Marseillais Chiết Xuất Thiên Nhiên 650ml - Sữa Tắm Lưu Hương Lành Tính - Dịu Nhẹ, An Toàn Cho Da","Hương Chanh & Bưởi Hồng, Standard",1,0,519000,519000,0,119000,400000,0,17100,0,17100,40,0,399960,,28/06/2026 21:24:35	,28/06/2026 21:24:40	,29/06/2026 07:09:20	,29/06/2026 09:01:02	,30/06/2026 09:27:18	,"	",,,Fulfillment by seller,Kho HCMC,861918565707,Standard shipping,J&T Express,,m***uny0,Đ*** n***** đ*** d**,(+84)912****95,Việt Nam,Hồ Chí Minh,Quận 12,**************,*********************,******************************************************,PayLater,1,Bath & Shower,1201594039514007007	,,Unchecked,,LIVE,lepetitmarseillaisvn
584754743988357040	,Shipped,Completed,,Normal,1731317148230255836	,BONG TAM HQ,[Quà tặng không bán] Bông Tắm Tạo Bọt Mềm Mịn,Mặc định,1,0,0,0,0,0,0,0,20900,0,20900,,0,189000,,28/06/2026 21:19:45	,28/06/2026 21:21:01	,29/06/2026 07:09:20	,29/06/2026 11:14:04	,30/06/2026 09:41:39	,"	",,,Fulfillment by seller,Kho HN,861932115717,Standard shipping,J&T Express,,l***ganhtuyet,Á** T****,(+84)978****16,Việt Nam,Hà Nội,Mê Linh,**********,****************************************,,MoMo E-Wallet,0.5,"Loofahs, Sponges, & Poufs",1201593536879626160	,,Unchecked,,Product cards,
584754743988357040	,Shipped,Delivered,,Normal,1732250914985183452	,ST00526,"Sữa Tắm/Gel Tắm Pháp Le Petit Marseillais Thiên Nhiên 250ml - Sữa Tắm Lưu Hương Lành Tính - Dịu Nhẹ, An Toàn Cho Da","Vani, Standard",1,0,272000,272000,0,83000,189000,0,20900,0,20900,,0,189000,,28/06/2026 21:19:45	,28/06/2026 21:21:01	,29/06/2026 07:09:20	,29/06/2026 11:14:04	,30/06/2026 09:41:39	,"	",,,Fulfillment by seller,Kho HN,861932115717,Standard shipping,J&T Express,,l***ganhtuyet,Á** T****,(+84)978****16,Việt Nam,Hà Nội,Mê Linh,**********,****************************************,,MoMo E-Wallet,0.5,Bath & Shower,1201593536879626160	,,Unchecked,,Product cards,
584754525013968237	,Shipped,Delivered,,Normal,1732252943759018204	,DG74042,"Dầu Gội Thiên Nhiên Le Petit Marseillais Nhiều Mùi Hương 250ml Dưỡng Ẩm, Thơm Lâu - Phù Hợp Mọi Loại Da",Trị Gàu 2 In 1 Tinh Dầu Bạc Hà,1,0,350000,350000,0,80000,270000,0,20900,0,20900,,0,540000,,28/06/2026 21:07:30	,28/06/2026 21:07:41	,29/06/2026 07:09:20	,29/06/2026 09:01:02	,30/06/2026 11:26:03	,"	",,,Fulfillment by seller,Kho HCMC,861995415717,Standard shipping,J&T Express,,d***7914,L* t** t*** d****,(+84)937****48,Việt Nam,Hồ Chí Minh,Hóc Môn,*******,********************************,,VNPAY,0.5,Shampoo & Conditioner,1201592633503679853	,,Unchecked,,Videos,tuyetcookies
584754525013968237	,Shipped,Delivered,,Normal,1735769515978818780	,DG74035,"Dầu Gội Thiên Nhiên Le Petit Marseillais Nhiều Mùi Hương 250ml Dưỡng Ẩm, Thơm Lâu - Phù Hợp Mọi Loại Da",Tinh Dầu Chanh Vàng Hữu Cơ,1,0,350000,350000,0,80000,270000,0,20900,0,20900,,0,540000,,28/06/2026 21:07:30	,28/06/2026 21:07:41	,29/06/2026 07:09:20	,29/06/2026 09:01:02	,30/06/2026 11:26:03	,"	",,,Fulfillment by seller,Kho HCMC,861995415717,Standard shipping,J&T Express,,d***7914,L* t** t*** d****,(+84)937****48,Việt Nam,Hồ Chí Minh,Hóc Môn,*******,********************************,,VNPAY,0.5,Shampoo & Conditioner,1201592633503679853	,,Unchecked,,Videos,tuyetcookies
584754479552169608	,Shipped,Delivered,,Normal,1732250801268689116	,ST01902,"Sữa Tắm/Gel Tắm Pháp Le Petit Marseillais Chiết Xuất Thiên Nhiên 650ml - Sữa Tắm Lưu Hương Lành Tính - Dịu Nhẹ, An Toàn Cho Da","Thông & Bạch Đàn Biển, Standard",1,0,519000,519000,0,124000,395000,0,39400,0,39400,,0,395000,,28/06/2026 21:03:30	,30/06/2026 19:37:30	,29/06/2026 07:09:20	,29/06/2026 09:01:02	,30/06/2026 19:37:30	,"	",,,Fulfillment by seller,Kho HCMC,861979915707,Standard shipping,J&T Express,,m***minht44,M***,(+84)091*****30,Việt Nam,Tây Ninh,Phường Thanh Điền,*****************,***************************,,Cash on delivery,1,Bath & Shower,1201592818224760456	,,Unchecked,,Videos,thaocanview
584754479552169608	,Shipped,Completed,,Normal,1731317148230255836	,BONG TAM HQ,[Quà tặng không bán] Bông Tắm Tạo Bọt Mềm Mịn,Mặc định,1,0,0,0,0,0,0,0,39400,0,39400,,0,395000,,28/06/2026 21:03:30	,30/06/2026 19:37:30	,29/06/2026 07:09:20	,29/06/2026 09:01:02	,30/06/2026 19:37:30	,"	",,,Fulfillment by seller,Kho HCMC,861979915707,Standard shipping,J&T Express,,m***minht44,M***,(+84)091*****30,Việt Nam,Tây Ninh,Phường Thanh Điền,*****************,***************************,,Cash on delivery,0.5,"Loofahs, Sponges, & Poufs",1201592818224760456	,,Unchecked,,Videos,thaocanview
584754078990763829	,Shipped,Completed,,Normal,1731317148230255836	,BONG TAM HQ,[Quà tặng không bán] Bông Tắm Tạo Bọt Mềm Mịn,Mặc định,1,0,0,0,0,0,0,0,20900,0,20900,,0,176300,,28/06/2026 20:42:58	,30/06/2026 20:59:22	,29/06/2026 07:09:20	,29/06/2026 11:14:04	,30/06/2026 20:59:22	,"	",,,Fulfillment by seller,Kho HN,861990595717,Standard shipping,J&T Express,,p***viethieu2,P*** V*** H***,(+84)979****84,Việt Nam,Hà Nội,Đông Anh,**********,*************************************************************************,*****,Cash on delivery,0.5,"Loofahs, Sponges, & Poufs",1201591036908963637	,,Unchecked,,LIVE,lepetitmarseillaisvn
584754078990763829	,Shipped,Delivered,,Normal,1732251749141219548	,ST01172,"Sữa Tắm Pháp Le Petit Marseillais Cho Nam Chiết Xuất Thiên Nhiên 4in1 Nhiều Mùi Hương Dưỡng Ẩm, Thơm Lâu - Phù Hợp Mọi Loại Da (250ml)","Hương Gỗ Tuyết Tùng & Dương Xỉ, Standard",1,0,272000,272000,28700,67000,176300,0,20900,0,20900,,0,176300,,28/06/2026 20:42:58	,30/06/2026 20:59:22	,29/06/2026 07:09:20	,29/06/2026 11:14:04	,30/06/2026 20:59:22	,"	",,,Fulfillment by seller,Kho HN,861990595717,Standard shipping,J&T Express,,p***viethieu2,P*** V*** H***,(+84)979****84,Việt Nam,Hà Nội,Đông Anh,**********,*************************************************************************,*****,Cash on delivery,0.5,Bath & Shower,1201591036908963637	,,Unchecked,,LIVE,lepetitmarseillaisvn
584753731602580855	,Canceled,Canceled,Cancel,Normal,1731317148230255836	,BONG TAM HQ,[Quà tặng không bán] Bông Tắm Tạo Bọt Mềm Mịn,Mặc định,1,1,0,0,0,0,0,0,20900,0,20900,,0,174250,0,28/06/2026 20:23:18	,"	","	","	","	",28/06/2026 20:30:36	,User,Need to change payment method,Fulfillment by seller,Kho HN,,Standard shipping,,,b***.118.2011,t***,(+84)097*****78,Việt Nam,Hà Nội,Hoài Đức,********,******************************************,,Cash on delivery,0.5,"Loofahs, Sponges, & Poufs",1201589358154646903	,,Unchecked,,LIVE,lepetitmarseillaisvn
584753731602580855	,Canceled,Canceled,Cancel,Normal,1732251749141219548	,ST01172,"Sữa Tắm Pháp Le Petit Marseillais Cho Nam Chiết Xuất Thiên Nhiên 4in1 Nhiều Mùi Hương Dưỡng Ẩm, Thơm Lâu - Phù Hợp Mọi Loại Da (250ml)","Hương Gỗ Tuyết Tùng & Dương Xỉ, Standard",1,1,272000,272000,30750,67000,174250,0,20900,0,20900,,0,174250,174250,28/06/2026 20:23:18	,"	","	","	","	",28/06/2026 20:30:36	,User,Need to change payment method,Fulfillment by seller,Kho HN,,Standard shipping,,,b***.118.2011,t***,(+84)097*****78,Việt Nam,Hà Nội,Hoài Đức,********,******************************************,,Cash on delivery,0.5,Bath & Shower,1201589358154646903	,,Unchecked,,LIVE,lepetitmarseillaisvn
584753495167567077	,Shipped,Delivered,,Normal,1732250801268951260	,ST68823,"Sữa Tắm/Gel Tắm Pháp Le Petit Marseillais Chiết Xuất Thiên Nhiên 650ml - Sữa Tắm Lưu Hương Lành Tính - Dịu Nhẹ, An Toàn Cho Da","Hương Xoài & Chanh Dây, Standard",1,0,519000,519000,40000,119000,360000,0,22100,0,22100,,0,360000,,28/06/2026 20:11:46	,30/06/2026 13:43:06	,29/06/2026 07:09:20	,29/06/2026 09:01:02	,30/06/2026 13:43:06	,"	",,,Fulfillment by seller,Kho HCMC,861908165687,Standard shipping,J&T Express,,c***uaby.com,P***** N**,(+84)034*****57,Việt Nam,Hồ Chí Minh,Xã Củ Chi,*********,*********************,*****************,Cash on delivery,1,Bath & Shower,1201588639205983461	,,Unchecked,,LIVE,lepetitmarseillaisvn
584753495167567077	,Shipped,Completed,,Normal,1731317148230255836	,BONG TAM HQ,[Quà tặng không bán] Bông Tắm Tạo Bọt Mềm Mịn,Mặc định,1,0,0,0,0,0,0,0,22100,0,22100,,0,360000,,28/06/2026 20:11:46	,30/06/2026 13:43:06	,29/06/2026 07:09:20	,29/06/2026 09:01:02	,30/06/2026 13:43:06	,"	",,,Fulfillment by seller,Kho HCMC,861908165687,Standard shipping,J&T Express,,c***uaby.com,P***** N**,(+84)034*****57,Việt Nam,Hồ Chí Minh,Xã Củ Chi,*********,*********************,*****************,Cash on delivery,0.5,"Loofahs, Sponges, & Poufs",1201588639205983461	,,Unchecked,,LIVE,lepetitmarseillaisvn
584753533090498148	,Shipped,Delivered,,Normal,1735912571878278364	,ST01431 + ST01172,Combo 2 Sữa Tắm Nam Le Petit Marseillais 4in1 Cho Tóc Mặt Râu Toàn Thân 250ml,"Gỗ Cam & Dầu Argan , Gỗ Tuyết Tùng Và Dương Xỉ",1,0,550000,550000,68040,172000,309960,0,29700,0,29700,,0,309960,,28/06/2026 20:10:57	,30/06/2026 19:54:20	,29/06/2026 07:09:20	,29/06/2026 11:14:04	,30/06/2026 19:54:20	,"	",,,Fulfillment by seller,Kho HN,861991315717,Standard shipping,J&T Express,,d***o2024,Đ*** v** T****,(+84)913****27,Việt Nam,Yên Bái,Yên Bái,*******,*************************************************************,**************,Cash on delivery,0.6,Bath & Body Care,1201588515375449700	,,Unchecked,,LIVE,lepetitmarseillaisvn
584753533090498148	,Shipped,Completed,,Normal,1734496577198523612	,1 BÁNH-XP,Xà Phòng Le Petit Marseillais Chính Hãng Bánh Xà Phòng Tắm Thiên Nhiên (Ngẫu nhiên)  1 Bánh,Mặc định,1,0,0,0,0,0,0,0,29700,0,29700,,0,309960,,28/06/2026 20:10:57	,30/06/2026 19:54:20	,29/06/2026 07:09:20	,29/06/2026 11:14:04	,30/06/2026 19:54:20	,"	",,,Fulfillment by seller,Kho HN,861991315717,Standard shipping,J&T Express,,d***o2024,Đ*** v** T****,(+84)913****27,Việt Nam,Yên Bái,Yên Bái,*******,*************************************************************,**************,Cash on delivery,0.1,Bath & Shower,1201588515375449700	,,Unchecked,,LIVE,lepetitmarseillaisvn
584753476943251408	,Shipped,Delivered,,Normal,1732251749141219548	,ST01172,"Sữa Tắm Pháp Le Petit Marseillais Cho Nam Chiết Xuất Thiên Nhiên 4in1 Nhiều Mùi Hương Dưỡng Ẩm, Thơm Lâu - Phù Hợp Mọi Loại Da (250ml)","Hương Gỗ Tuyết Tùng & Dương Xỉ, Standard",1,0,272000,272000,36900,67000,168100,0,15800,0,15800,,0,168100,,28/06/2026 20:10:35	,30/06/2026 18:29:26	,29/06/2026 07:09:20	,29/06/2026 11:14:04	,30/06/2026 18:29:26	,"	",,,Fulfillment by seller,Kho HN,861988825687,Standard shipping,J&T Express,,t***dng,T*** m*** D***,(+84)084*****86,Việt Nam,Hà Nội,Hà Đông,******,***********************************************************,,Cash on delivery,0.5,Bath & Shower,1201588627140413392	,,Unchecked,,Product cards,
584753476943251408	,Shipped,Completed,,Normal,1731317148230255836	,BONG TAM HQ,[Quà tặng không bán] Bông Tắm Tạo Bọt Mềm Mịn,Mặc định,1,0,0,0,0,0,0,0,15800,0,15800,,0,168100,,28/06/2026 20:10:35	,30/06/2026 18:29:26	,29/06/2026 07:09:20	,29/06/2026 11:14:04	,30/06/2026 18:29:26	,"	",,,Fulfillment by seller,Kho HN,861988825687,Standard shipping,J&T Express,,t***dng,T*** m*** D***,(+84)084*****86,Việt Nam,Hà Nội,Hà Đông,******,***********************************************************,,Cash on delivery,0.5,"Loofahs, Sponges, & Poufs",1201588627140413392	,,Unchecked,,Product cards,
584753461873510349	,Shipped,Completed,,Normal,1731317148230255836	,BONG TAM HQ,[Quà tặng không bán] Bông Tắm Tạo Bọt Mềm Mịn,Mặc định,1,0,0,0,0,0,0,0,18200,0,18200,,0,639900,,28/06/2026 20:04:50	,28/06/2026 20:04:51	,29/06/2026 07:09:20	,29/06/2026 11:14:04	,30/06/2026 15:14:56	,"	",,,Fulfillment by seller,Kho HN,861990665717,Standard shipping,J&T Express,,3***5953617,Đ** M*** D****,(+84)097*****66,Việt Nam,Hà Nội,Phường Xuân Đỉnh,****************,***************************,,TikTok Shop Balance,0.5,"Loofahs, Sponges, & Poufs",1201587992790796237	,,Unchecked,,LIVE,lepetitmarseillaisvn
584753461873510349	,Shipped,Delivered,,Normal,1732250801268820188	,ST01868,"Sữa Tắm/Gel Tắm Pháp Le Petit Marseillais Chiết Xuất Thiên Nhiên 650ml - Sữa Tắm Lưu Hương Lành Tính - Dịu Nhẹ, An Toàn Cho Da","Hương Chanh & Bưởi Hồng, Standard",1,0,519000,519000,75050,124000,319950,0,18200,0,18200,,0,639900,,28/06/2026 20:04:50	,28/06/2026 20:04:51	,29/06/2026 07:09:20	,29/06/2026 11:14:04	,30/06/2026 15:14:56	,"	",,,Fulfillment by seller,Kho HN,861990665717,Standard shipping,J&T Express,,3***5953617,Đ** M*** D****,(+84)097*****66,Việt Nam,Hà Nội,Phường Xuân Đỉnh,****************,***************************,,TikTok Shop Balance,1,Bath & Shower,1201587992790796237	,,Unchecked,,LIVE,lepetitmarseillaisvn
584753461873510349	,Shipped,Delivered,,Normal,1732250801268885724	,ST68816,"Sữa Tắm/Gel Tắm Pháp Le Petit Marseillais Chiết Xuất Thiên Nhiên 650ml - Sữa Tắm Lưu Hương Lành Tính - Dịu Nhẹ, An Toàn Cho Da","Hoa Tiare, Standard",1,0,519000,519000,75050,124000,319950,0,18200,0,18200,,0,639900,,28/06/2026 20:04:50	,28/06/2026 20:04:51	,29/06/2026 07:09:20	,29/06/2026 11:14:04	,30/06/2026 15:14:56	,"	",,,Fulfillment by seller,Kho HN,861990665717,Standard shipping,J&T Express,,3***5953617,Đ** M*** D****,(+84)097*****66,Việt Nam,Hà Nội,Phường Xuân Đỉnh,****************,***************************,,TikTok Shop Balance,1,Bath & Shower,1201587992790796237	,,Unchecked,,LIVE,lepetitmarseillaisvn
584752876134696039	,Shipped,Completed,,Normal,1734496577198523612	,1 BÁNH-XP,Xà Phòng Le Petit Marseillais Chính Hãng Bánh Xà Phòng Tắm Thiên Nhiên (Ngẫu nhiên)  1 Bánh,Mặc định,1,0,0,0,0,0,0,0,24600,0,24600,,0,378000,,28/06/2026 19:34:27	,01/07/2026 13:39:18	,29/06/2026 07:09:20	,29/06/2026 11:14:04	,01/07/2026 13:39:18	,"	",,,Fulfillment by seller,Kho HN,861933205717,Standard shipping,J&T Express,,q***.ko.ma.nhin,V* H**,(+84)334****98,Việt Nam,Cao Bằng,Hoà An,*********,*************************,,Cash on delivery,0.1,Bath & Shower,1201585070932722791	,,Unchecked,,Product cards,
584752876134696039	,Shipped,Delivered,,Normal,1735912571878606044	,ST01356 + ST01172,Combo 2 Sữa Tắm Nam Le Petit Marseillais 4in1 Cho Tóc Mặt Râu Toàn Thân 250ml,"Thông Biển & Bạch Đàn, Gỗ Tuyết Tùng Và Dương Xỉ",1,0,550000,550000,0,172000,378000,0,24600,0,24600,,0,378000,,28/06/2026 19:34:27	,01/07/2026 13:39:18	,29/06/2026 07:09:20	,29/06/2026 11:14:04	,01/07/2026 13:39:18	,"	",,,Fulfillment by seller,Kho HN,861933205717,Standard shipping,J&T Express,,q***.ko.ma.nhin,V* H**,(+84)334****98,Việt Nam,Cao Bằng,Hoà An,*********,*************************,,Cash on delivery,0.6,Bath & Body Care,1201585070932722791	,,Unchecked,,Product cards,
584752885564802151	,Canceled,Canceled,Cancel,Normal,1731317148230255836	,BONG TAM HQ,[Quà tặng không bán] Bông Tắm Tạo Bọt Mềm Mịn,Mặc định,1,1,0,0,0,0,0,0,24600,0,24600,,0,180400,0,28/06/2026 19:32:51	,"	","	","	","	",28/06/2026 19:35:23	,User,No longer needed,Fulfillment by seller,Kho HN,,Standard shipping,,,q***.ko.ma.nhin,V* H**,(+84)334****98,Việt Nam,Cao Bằng,Hoà An,*********,*************************,,Cash on delivery,0.5,"Loofahs, Sponges, & Poufs",1201585155080094823	,,Unchecked,,Product cards,
584752885564802151	,Canceled,Canceled,Cancel,Normal,1732251749141219548	,ST01172,"Sữa Tắm Pháp Le Petit Marseillais Cho Nam Chiết Xuất Thiên Nhiên 4in1 Nhiều Mùi Hương Dưỡng Ẩm, Thơm Lâu - Phù Hợp Mọi Loại Da (250ml)","Hương Gỗ Tuyết Tùng & Dương Xỉ, Standard",1,1,272000,272000,24600,67000,180400,0,24600,0,24600,,0,180400,180400,28/06/2026 19:32:51	,"	","	","	","	",28/06/2026 19:35:23	,User,No longer needed,Fulfillment by seller,Kho HN,,Standard shipping,,,q***.ko.ma.nhin,V* H**,(+84)334****98,Việt Nam,Cao Bằng,Hoà An,*********,*************************,,Cash on delivery,0.5,Bath & Shower,1201585155080094823	,,Unchecked,,Product cards,
584752605595993176	,Shipped,Completed,,Normal,1731317148230255836	,BONG TAM HQ,[Quà tặng không bán] Bông Tắm Tạo Bọt Mềm Mịn,Mặc định,1,0,0,0,0,0,0,0,35100,0,35100,,0,205000,,28/06/2026 19:18:07	,30/06/2026 11:19:26	,29/06/2026 07:09:20	,29/06/2026 11:14:04	,30/06/2026 11:19:26	,"	",,,Fulfillment by seller,Kho HN,861908485687,Standard shipping,J&T Express,,s***dopa62,T*** V** S***,(+84)038*****59,Việt Nam,Vĩnh Phúc,Yên Lạc,********,******************************************************************,,Cash on delivery,0.5,"Loofahs, Sponges, & Poufs",1201583978517070936	,,Unchecked,,Product cards,
584752605595993176	,Shipped,Delivered,,Normal,1732251749141219548	,ST01172,"Sữa Tắm Pháp Le Petit Marseillais Cho Nam Chiết Xuất Thiên Nhiên 4in1 Nhiều Mùi Hương Dưỡng Ẩm, Thơm Lâu - Phù Hợp Mọi Loại Da (250ml)","Hương Gỗ Tuyết Tùng & Dương Xỉ, Standard",1,0,272000,272000,0,67000,205000,0,35100,0,35100,,0,205000,,28/06/2026 19:18:07	,30/06/2026 11:19:26	,29/06/2026 07:09:20	,29/06/2026 11:14:04	,30/06/2026 11:19:26	,"	",,,Fulfillment by seller,Kho HN,861908485687,Standard shipping,J&T Express,,s***dopa62,T*** V** S***,(+84)038*****59,Việt Nam,Vĩnh Phúc,Yên Lạc,********,******************************************************************,,Cash on delivery,0.5,Bath & Shower,1201583978517070936	,,Unchecked,,Product cards,
584752538426705758	,Shipped,Completed,,Normal,1731317148230255836	,BONG TAM HQ,[Quà tặng không bán] Bông Tắm Tạo Bọt Mềm Mịn,Mặc định,1,0,0,0,0,0,0,0,35100,0,35100,,0,205000,,28/06/2026 19:10:29	,28/06/2026 19:10:34	,29/06/2026 07:09:20	,29/06/2026 09:01:02	,30/06/2026 11:37:34	,"	",,,Fulfillment by seller,Kho HCMC,861964055697,Standard shipping,J&T Express,,t***angthien2712,Đ**,(+84)845****19,Việt Nam,Đồng Tháp,Xã Bình Trưng,*************,*******,,Zalopay,0.5,"Loofahs, Sponges, & Poufs",1201583796667516766	,,Unchecked,,Videos,xanh.duong97
584752538426705758	,Shipped,Delivered,,Normal,1732251749141154012	,ST01356,"Sữa Tắm Pháp Le Petit Marseillais Cho Nam Chiết Xuất Thiên Nhiên 4in1 Nhiều Mùi Hương Dưỡng Ẩm, Thơm Lâu - Phù Hợp Mọi Loại Da (250ml)","Hương Thông & Bạch Đàn Biển, Standard",1,0,272000,272000,0,67000,205000,0,35100,0,35100,,0,205000,,28/06/2026 19:10:29	,28/06/2026 19:10:34	,29/06/2026 07:09:20	,29/06/2026 09:01:02	,30/06/2026 11:37:34	,"	",,,Fulfillment by seller,Kho HCMC,861964055697,Standard shipping,J&T Express,,t***angthien2712,Đ**,(+84)845****19,Việt Nam,Đồng Tháp,Xã Bình Trưng,*************,*******,,Zalopay,0.5,Bath & Shower,1201583796667516766	,,Unchecked,,Videos,xanh.duong97
584752240637609094	,Shipped,Completed,,Normal,1731317148230255836	,BONG TAM HQ,[Quà tặng không bán] Bông Tắm Tạo Bọt Mềm Mịn,Mặc định,1,0,0,0,0,0,0,0,15800,0,15800,,0,194750,,28/06/2026 18:52:44	,30/06/2026 18:57:14	,28/06/2026 19:04:42	,29/06/2026 09:01:02	,30/06/2026 18:57:14	,"	",,,Fulfillment by seller,Kho HCMC,861968744477,Standard shipping,J&T Express,,v***l370,V*****,(+84)387****97,Việt Nam,Hồ Chí Minh,Phường Hòa Hưng,***************,***********************************************,,Cash on delivery,0.5,"Loofahs, Sponges, & Poufs",1201582181860869254	,,Unchecked,,Videos,huankosai
584752240637609094	,Shipped,Delivered,,Normal,1732251749141219548	,ST01172,"Sữa Tắm Pháp Le Petit Marseillais Cho Nam Chiết Xuất Thiên Nhiên 4in1 Nhiều Mùi Hương Dưỡng Ẩm, Thơm Lâu - Phù Hợp Mọi Loại Da (250ml)","Hương Gỗ Tuyết Tùng & Dương Xỉ, Standard",1,0,272000,272000,10250,67000,194750,0,15800,0,15800,,0,194750,,28/06/2026 18:52:44	,30/06/2026 18:57:14	,28/06/2026 19:04:42	,29/06/2026 09:01:02	,30/06/2026 18:57:14	,"	",,,Fulfillment by seller,Kho HCMC,861968744477,Standard shipping,J&T Express,,v***l370,V*****,(+84)387****97,Việt Nam,Hồ Chí Minh,Phường Hòa Hưng,***************,***********************************************,,Cash on delivery,0.5,Bath & Shower,1201582181860869254	,,Unchecked,,Videos,huankosai
584751513470665956	,Shipped,Delivered,,Normal,1735803426087208156	,DG74042,Dầu Gội Trị Gàu Bạc Hà Le Petit Marseillais Kiềm Dầu Sạch Sâu 250ml,Mặc định,1,0,350000,350000,0,80000,270000,0,14000,0,14000,,0,270000,,28/06/2026 18:06:13	,28/06/2026 18:06:18	,28/06/2026 18:13:37	,29/06/2026 11:14:04	,30/06/2026 10:08:50	,"	",,,Fulfillment by seller,Kho HN,861929534417,Standard shipping,J&T Express,,1***48594ads,P*** v** p***,(+84)795****68,Việt Nam,Hà Nội,Phường Hoàng Mai,****************,*************************,,Zalopay,0.3,Shampoo & Conditioner,1201578403023127780	,,Unchecked,,Product cards,
584751342590134042	,Shipped,Completed,,Normal,1731317148230255836	,BONG TAM HQ,[Quà tặng không bán] Bông Tắm Tạo Bọt Mềm Mịn,Mặc định,1,0,0,0,0,0,0,0,17100,0,17100,,0,335750,,28/06/2026 17:50:59	,30/06/2026 12:07:55	,28/06/2026 18:13:37	,29/06/2026 11:14:04	,30/06/2026 12:07:55	,"	",,,Fulfillment by seller,Kho HN,861934974457,Standard shipping,J&T Express,,h***vu_1989,V* Q**** H***,(+84)917****86,Việt Nam,Hà Nội,Phường Từ Liêm,**************,****************,,Cash on delivery,0.5,"Loofahs, Sponges, & Poufs",1201577451338762010	,,Unchecked,,Videos,ha_thubay
584751342590134042	,Shipped,Delivered,,Normal,1732250801268689116	,ST01902,"Sữa Tắm/Gel Tắm Pháp Le Petit Marseillais Chiết Xuất Thiên Nhiên 650ml - Sữa Tắm Lưu Hương Lành Tính - Dịu Nhẹ, An Toàn Cho Da","Thông & Bạch Đàn Biển, Standard",1,0,519000,519000,59250,124000,335750,0,17100,0,17100,,0,335750,,28/06/2026 17:50:59	,30/06/2026 12:07:55	,28/06/2026 18:13:37	,29/06/2026 11:14:04	,30/06/2026 12:07:55	,"	",,,Fulfillment by seller,Kho HN,861934974457,Standard shipping,J&T Express,,h***vu_1989,V* Q**** H***,(+84)917****86,Việt Nam,Hà Nội,Phường Từ Liêm,**************,****************,,Cash on delivery,1,Bath & Shower,1201577451338762010	,,Unchecked,,Videos,ha_thubay
584750919497385923	,Shipped,Delivered,,Normal,1734496577198523612	,1 BÁNH-XP,Xà Phòng Le Petit Marseillais Chính Hãng Bánh Xà Phòng Tắm Thiên Nhiên (Ngẫu nhiên)  1 Bánh,Mặc định,1,0,75000,75000,0,0,75000,0,40000,0,40000,,0,75000,,28/06/2026 17:24:50	,02/07/2026 11:20:44	,28/06/2026 18:13:37	,29/06/2026 09:01:03	,02/07/2026 11:20:44	,"	",,,Fulfillment by seller,Kho HCMC,861925144417,Standard shipping,J&T Express,,t***h.nguyen2231,n***** t****,(+84)090*****36,Việt Nam,Bình Thuận,Tánh Linh,******,**************************************,,Cash on delivery,0.1,Bath & Shower,1201575504755132355	,,Unchecked,,Videos,mythi_fr
584750275090154722	,Shipped,Completed,,Normal,1731317148230255836	,BONG TAM HQ,[Quà tặng không bán] Bông Tắm Tạo Bọt Mềm Mịn,Mặc định,1,0,0,0,0,0,0,20900,20900,0,0,,0,191900,,28/06/2026 16:39:01	,01/07/2026 19:19:45	,28/06/2026 18:13:37	,29/06/2026 11:14:04	,01/07/2026 19:19:45	,"	",,,Fulfillment by seller,Kho HN,861909154417,Standard shipping,J&T Express,,t***g.lyl,T**** L**,(+84)923****98,Vietnam,Ha Noi,Soc Son Commune,***************,***********,******************************************************,Cash on delivery,0.5,"Loofahs, Sponges, & Poufs",1201571844615996642	,,Unchecked,,Videos,ahau.phuongthao
584750275090154722	,Shipped,Delivered,,Normal,1732250914985052380	,ST48441,"Sữa Tắm/Gel Tắm Pháp Le Petit Marseillais Thiên Nhiên 250ml - Sữa Tắm Lưu Hương Lành Tính - Dịu Nhẹ, An Toàn Cho Da","Quả Mâm Xôi & Hoa Mẫu Đơn, Standard",1,0,272000,272000,18000,83000,171000,20900,20900,0,0,,0,191900,,28/06/2026 16:39:01	,01/07/2026 19:19:45	,28/06/2026 18:13:37	,29/06/2026 11:14:04	,01/07/2026 19:19:45	,"	",,,Fulfillment by seller,Kho HN,861909154417,Standard shipping,J&T Express,,t***g.lyl,T**** L**,(+84)923****98,Vietnam,Ha Noi,Soc Son Commune,***************,***********,******************************************************,Cash on delivery,0.5,Bath & Shower,1201571844615996642	,,Unchecked,,Videos,ahau.phuongthao
584749476523377828	,Shipped,Delivered,,Normal,1732250801269016796	,ST01288,"Sữa Tắm/Gel Tắm Pháp Le Petit Marseillais Chiết Xuất Thiên Nhiên 650ml - Sữa Tắm Lưu Hương Lành Tính - Dịu Nhẹ, An Toàn Cho Da","Đào Trắng & Quả Xuân Đào, Standard",1,0,519000,519000,71100,124000,323900,0,22100,0,22100,,0,323900,,28/06/2026 15:39:52	,30/06/2026 11:12:48	,28/06/2026 18:13:37	,29/06/2026 09:01:02	,30/06/2026 11:12:48	,"	",,,Fulfillment by seller,Kho HCMC,861976424457,Standard shipping,J&T Express,,_***imngan__,K** N***,(+84)902****99,Việt Nam,Hồ Chí Minh,Củ Chi,****************,********************************************,,Cash on delivery,1,Bath & Shower,1201566340829840548	,,Unchecked,,Product cards,
584749476523377828	,Shipped,Completed,,Normal,1731317148230255836	,BONG TAM HQ,[Quà tặng không bán] Bông Tắm Tạo Bọt Mềm Mịn,Mặc định,1,0,0,0,0,0,0,0,22100,0,22100,,0,323900,,28/06/2026 15:39:52	,30/06/2026 11:12:48	,28/06/2026 18:13:37	,29/06/2026 09:01:02	,30/06/2026 11:12:48	,"	",,,Fulfillment by seller,Kho HCMC,861976424457,Standard shipping,J&T Express,,_***imngan__,K** N***,(+84)902****99,Việt Nam,Hồ Chí Minh,Củ Chi,****************,********************************************,,Cash on delivery,0.5,"Loofahs, Sponges, & Poufs",1201566340829840548	,,Unchecked,,Product cards,
584749017186600368	,Canceled,Canceled,Cancel,Normal,1732250914985314524	,ST54494,"Sữa Tắm/Gel Tắm Pháp Le Petit Marseillais Thiên Nhiên 250ml - Sữa Tắm Lưu Hương Lành Tính - Dịu Nhẹ, An Toàn Cho Da","Dừa, Standard",1,1,272000,272000,30240,83000,158760,0,41400,0,41400,,0,158760,158760,28/06/2026 15:02:31	,"	",28/06/2026 15:05:25	,"	","	",28/06/2026 15:11:38	,User,No longer needed,Fulfillment by seller,Kho HCMC,861949363917,Standard shipping,J&T Express,,t***hcutiii._.s1,t**** l***,(+84)349****36,Việt Nam,Khánh Hòa,Phường Cam Ranh,***************,********,************************************,Cash on delivery,0.5,Bath & Shower,1201562416766617008	,,Unchecked,,Videos,tittsu00
584749017186600368	,Canceled,Canceled,Cancel,Normal,1731317148230255836	,BONG TAM HQ,[Quà tặng không bán] Bông Tắm Tạo Bọt Mềm Mịn,Mặc định,1,1,0,0,0,0,0,0,41400,0,41400,,0,158760,0,28/06/2026 15:02:31	,"	",28/06/2026 15:05:25	,"	","	",28/06/2026 15:11:38	,User,No longer needed,Fulfillment by seller,Kho HCMC,861949363917,Standard shipping,J&T Express,,t***hcutiii._.s1,t**** l***,(+84)349****36,Việt Nam,Khánh Hòa,Phường Cam Ranh,***************,********,************************************,Cash on delivery,0.5,"Loofahs, Sponges, & Poufs",1201562416766617008	,,Unchecked,,Videos,tittsu00
584747813748048974	,Shipped,Delivered,,Normal,1732252943759083740	,DG60650,"Dầu Gội Thiên Nhiên Le Petit Marseillais Nhiều Mùi Hương 250ml Dưỡng Ẩm, Thơm Lâu - Phù Hợp Mọi Loại Da",Phục Hồi Chuyên Sâu Dầu Jojoba,1,0,350000,350000,0,80000,270000,0,30200,0,30200,,0,270000,,28/06/2026 13:49:35	,01/07/2026 14:09:09	,28/06/2026 15:05:40	,29/06/2026 11:14:04	,01/07/2026 14:09:09	,"	",,,Fulfillment by seller,Kho HN,861976703957,Standard shipping,J&T Express,,b***lien04,B** T** B*** L***,(+84)906****06,Việt Nam,Đà Nẵng,Liên Chiểu,*************,*************************,****,Cash on delivery,0.5,Shampoo & Conditioner,1201554458464715854	,,Unchecked,,Videos,tuyetcookies
584747464217822957	,Shipped,Completed,,Normal,1731317148230255836	,BONG TAM HQ,[Quà tặng không bán] Bông Tắm Tạo Bọt Mềm Mịn,Mặc định,1,0,0,0,0,0,0,0,39400,0,39400,,0,328000,,28/06/2026 13:22:59	,30/06/2026 18:51:52	,28/06/2026 15:05:40	,29/06/2026 11:14:04	,30/06/2026 18:51:52	,"	",,,Fulfillment by seller,Kho HN,861982453927,Standard shipping,J&T Express,,u***6328265995917,A H**,(+84)968****56,Việt Nam,Bắc Ninh,Phường Nếnh,***********,***************,,Cash on delivery,0.5,"Loofahs, Sponges, & Poufs",1201551579316586221	,,Unchecked,,Product cards,
584747464217822957	,Shipped,Delivered,,Normal,1732250801268689116	,ST01902,"Sữa Tắm/Gel Tắm Pháp Le Petit Marseillais Chiết Xuất Thiên Nhiên 650ml - Sữa Tắm Lưu Hương Lành Tính - Dịu Nhẹ, An Toàn Cho Da","Thông & Bạch Đàn Biển, Standard",1,0,519000,519000,72000,119000,328000,0,39400,0,39400,,0,328000,,28/06/2026 13:22:59	,30/06/2026 18:51:52	,28/06/2026 15:05:40	,29/06/2026 11:14:04	,30/06/2026 18:51:52	,"	",,,Fulfillment by seller,Kho HN,861982453927,Standard shipping,J&T Express,,u***6328265995917,A H**,(+84)968****56,Việt Nam,Bắc Ninh,Phường Nếnh,***********,***************,,Cash on delivery,1,Bath & Shower,1201551579316586221	,,Unchecked,,Product cards,
584747354999916269	,Canceled,Canceled,Cancel,Normal,1731317148230255836	,BONG TAM HQ,[Quà tặng không bán] Bông Tắm Tạo Bọt Mềm Mịn,Mặc định,1,1,0,0,0,0,0,0,39400,0,39400,,0,340000,0,28/06/2026 13:16:25	,"	","	","	","	",28/06/2026 13:23:47	,User,No longer needed,Fulfillment by seller,Kho HN,,Standard shipping,,,u***6328265995917,A H**,(+84)968****56,Việt Nam,Bắc Ninh,Phường Nếnh,***********,***************,,Cash on delivery,0.5,"Loofahs, Sponges, & Poufs",1201550833014507245	,,Unchecked,,Videos,ha_thubay
584747354999916269	,Canceled,Canceled,Cancel,Normal,1732250801268689116	,ST01902,"Sữa Tắm/Gel Tắm Pháp Le Petit Marseillais Chiết Xuất Thiên Nhiên 650ml - Sữa Tắm Lưu Hương Lành Tính - Dịu Nhẹ, An Toàn Cho Da","Thông & Bạch Đàn Biển, Standard",1,1,519000,519000,60000,119000,340000,0,39400,0,39400,,0,340000,340000,28/06/2026 13:16:25	,"	","	","	","	",28/06/2026 13:23:47	,User,No longer needed,Fulfillment by seller,Kho HN,,Standard shipping,,,u***6328265995917,A H**,(+84)968****56,Việt Nam,Bắc Ninh,Phường Nếnh,***********,***************,,Cash on delivery,1,Bath & Shower,1201550833014507245	,,Unchecked,,Videos,ha_thubay
584746792944961469	,Shipped,Completed,,Normal,1731317148230255836	,BONG TAM HQ,[Quà tặng không bán] Bông Tắm Tạo Bọt Mềm Mịn,Mặc định,1,0,0,0,0,0,0,0,17100,0,17100,,0,395000,,28/06/2026 12:42:12	,30/06/2026 19:49:09	,28/06/2026 12:43:17	,29/06/2026 11:14:04	,30/06/2026 19:49:09	,"	",,,Fulfillment by seller,Kho HN,861902363187,Standard shipping,J&T Express,,n***guyen_x,N***** x*** n**,(+84)336****44,Việt Nam,Hà Nội,Bắc Từ Liêm,*********,****************************,**********************************,Cash on delivery,0.5,"Loofahs, Sponges, & Poufs",1201547168476006333	,,Unchecked,,Videos,thaocanview
584746792944961469	,Shipped,Delivered,,Normal,1732250801268689116	,ST01902,"Sữa Tắm/Gel Tắm Pháp Le Petit Marseillais Chiết Xuất Thiên Nhiên 650ml - Sữa Tắm Lưu Hương Lành Tính - Dịu Nhẹ, An Toàn Cho Da","Thông & Bạch Đàn Biển, Standard",1,0,519000,519000,0,124000,395000,0,17100,0,17100,,0,395000,,28/06/2026 12:42:12	,30/06/2026 19:49:09	,28/06/2026 12:43:17	,29/06/2026 11:14:04	,30/06/2026 19:49:09	,"	",,,Fulfillment by seller,Kho HN,861902363187,Standard shipping,J&T Express,,n***guyen_x,N***** x*** n**,(+84)336****44,Việt Nam,Hà Nội,Bắc Từ Liêm,*********,****************************,**********************************,Cash on delivery,1,Bath & Shower,1201547168476006333	,,Unchecked,,Videos,thaocanview
584746606230734352	,Shipped,Delivered,,Normal,1732252943759018204	,DG74042,"Dầu Gội Thiên Nhiên Le Petit Marseillais Nhiều Mùi Hương 250ml Dưỡng Ẩm, Thơm Lâu - Phù Hợp Mọi Loại Da",Trị Gàu 2 In 1 Tinh Dầu Bạc Hà,1,0,350000,350000,0,80000,270000,0,7000,0,7000,,0,270000,,28/06/2026 12:32:01	,30/06/2026 19:54:24	,28/06/2026 12:43:17	,29/06/2026 09:01:02	,30/06/2026 19:54:24	,"	",,,Fulfillment by seller,Kho HCMC,861976443197,Standard shipping,J&T Express,,n***89,m** m**,(+84)948****68,Việt Nam,Hồ Chí Minh,Quận 3,********,*****************,,Cash on delivery,0.5,Shampoo & Conditioner,1201547036166751760	,,Unchecked,,Videos,tuyetcookies
584746173579560305	,Shipped,Completed,,Normal,1731317148230255836	,BONG TAM HQ,[Quà tặng không bán] Bông Tắm Tạo Bọt Mềm Mịn,Mặc định,1,0,0,0,0,0,0,0,35100,0,35100,,0,189000,,28/06/2026 12:05:02	,30/06/2026 18:35:26	,28/06/2026 12:43:17	,29/06/2026 11:14:04	,30/06/2026 18:35:26	,"	",,,Fulfillment by seller,Kho HN,861906953177,Standard shipping,J&T Express,,u***_6789.com,P***,(+84)088*****62,Việt Nam,Nam Định,Nam Trực,*******,*******,,Cash on delivery,0.5,"Loofahs, Sponges, & Poufs",1201544277990737265	,,Unchecked,,Videos,hzangle
584746173579560305	,Shipped,Delivered,,Normal,1732250914985380060	,ST01240,"Sữa Tắm/Gel Tắm Pháp Le Petit Marseillais Thiên Nhiên 250ml - Sữa Tắm Lưu Hương Lành Tính - Dịu Nhẹ, An Toàn Cho Da","Đào Trắng & Quả Xuân Đào, Standard",1,0,272000,272000,0,83000,189000,0,35100,0,35100,,0,189000,,28/06/2026 12:05:02	,30/06/2026 18:35:26	,28/06/2026 12:43:17	,29/06/2026 11:14:04	,30/06/2026 18:35:26	,"	",,,Fulfillment by seller,Kho HN,861906953177,Standard shipping,J&T Express,,u***_6789.com,P***,(+84)088*****62,Việt Nam,Nam Định,Nam Trực,*******,*******,,Cash on delivery,0.5,Bath & Shower,1201544277990737265	,,Unchecked,,Videos,hzangle
584745728268469902	,Shipped,Completed,,Normal,1731317148230255836	,BONG TAM HQ,[Quà tặng không bán] Bông Tắm Tạo Bọt Mềm Mịn,Mặc định,1,0,0,0,0,0,0,0,41400,0,41400,,0,210000,,28/06/2026 11:37:11	,30/06/2026 16:17:32	,28/06/2026 12:43:17	,29/06/2026 09:01:03	,30/06/2026 16:17:32	,"	",,,Fulfillment by seller,Kho HCMC,861929703177,Standard shipping,J&T Express,,m***ngreo,T*** N** H***,(+84)935****83,Việt Nam,Khánh Hòa,Phường Nha Trang,****************,*************,****************,Cash on delivery,0.5,"Loofahs, Sponges, & Poufs",1201540768036980366	,,Unchecked,,Product cards,
584745728268469902	,Shipped,Delivered,,Normal,1733398673842472156	,ST01356,Sữa Tắm Nam Thơm Lâu 4 in 1 Thiên Nhiên Le Petit Marseillais Chiết Xuất Thông Biển & Bạch Đàn 250ml 1356,Mặc định,1,0,272000,272000,0,62000,210000,0,41400,0,41400,,0,210000,,28/06/2026 11:37:11	,30/06/2026 16:17:32	,28/06/2026 12:43:17	,29/06/2026 09:01:03	,30/06/2026 16:17:32	,"	",,,Fulfillment by seller,Kho HCMC,861929703177,Standard shipping,J&T Express,,m***ngreo,T*** N** H***,(+84)935****83,Việt Nam,Khánh Hòa,Phường Nha Trang,****************,*************,****************,Cash on delivery,0.4,Bath & Body Care,1201540768036980366	,,Unchecked,,Product cards,
584745332162725537	,Shipped,Completed,,Normal,1731317148230255836	,BONG TAM HQ,[Quà tặng không bán] Bông Tắm Tạo Bọt Mềm Mịn,Mặc định,1,0,0,0,0,0,0,0,29700,0,29700,,0,180400,,28/06/2026 11:07:01	,28/06/2026 11:07:02	,28/06/2026 12:43:17	,29/06/2026 11:14:04	,30/06/2026 15:31:21	,"	",,,Fulfillment by seller,Kho HN,861971613197,Standard shipping,J&T Express,,n***nnger_1609,T** N***,(+84)793****98,Việt Nam,Hải Phòng,Hải An,********,********,****************************,TikTok Shop Balance,0.5,"Loofahs, Sponges, & Poufs",1201538205873309345	,,Unchecked,,Product cards,
584745332162725537	,Shipped,Delivered,,Normal,1731893266195843292	,ST01240,"Gel Tắm Pháp Le Petit Marseillais Đào Trắng & Quả Xuân Đào Hữu Cơ Dưỡng Ẩm, Thơm Lâu - Phù Hợp Mọi Loại Da(250ml)","Đào Trắng & Quả Xuân Đào, Standard",1,0,272000,272000,24600,67000,180400,0,29700,0,29700,,0,180400,,28/06/2026 11:07:01	,28/06/2026 11:07:02	,28/06/2026 12:43:17	,29/06/2026 11:14:04	,30/06/2026 15:31:21	,"	",,,Fulfillment by seller,Kho HN,861971613197,Standard shipping,J&T Express,,n***nnger_1609,T** N***,(+84)793****98,Việt Nam,Hải Phòng,Hải An,********,********,****************************,TikTok Shop Balance,0.5,Bath & Shower,1201538205873309345	,,Unchecked,,Product cards,
584745154078410324	,Shipped,Delivered,,Normal,1732250801268951260	,ST68823,"Sữa Tắm/Gel Tắm Pháp Le Petit Marseillais Chiết Xuất Thiên Nhiên 650ml - Sữa Tắm Lưu Hương Lành Tính - Dịu Nhẹ, An Toàn Cho Da","Hương Xoài & Chanh Dây, Standard",1,0,519000,519000,0,124000,395000,0,39400,0,39400,,0,395000,,28/06/2026 10:55:53	,30/06/2026 20:05:12	,28/06/2026 12:43:17	,29/06/2026 11:14:04	,30/06/2026 20:05:12	,"	",,,Fulfillment by seller,Kho HN,861963353187,Standard shipping,J&T Express,,d***k119206,D** P***,(+84)037*****06,Việt Nam,Phú Thọ,Phù Ninh,**********,********************,,Cash on delivery,1,Bath & Shower,1201537640378041940	,,Unchecked,,Product cards,
584745154078410324	,Shipped,Completed,,Normal,1731317148230255836	,BONG TAM HQ,[Quà tặng không bán] Bông Tắm Tạo Bọt Mềm Mịn,Mặc định,1,0,0,0,0,0,0,0,39400,0,39400,,0,395000,,28/06/2026 10:55:53	,30/06/2026 20:05:12	,28/06/2026 12:43:17	,29/06/2026 11:14:04	,30/06/2026 20:05:12	,"	",,,Fulfillment by seller,Kho HN,861963353187,Standard shipping,J&T Express,,d***k119206,D** P***,(+84)037*****06,Việt Nam,Phú Thọ,Phù Ninh,**********,********************,,Cash on delivery,0.5,"Loofahs, Sponges, & Poufs",1201537640378041940	,,Unchecked,,Product cards,
584744453185635958	,Shipped,Completed,,Normal,1731317148230255836	,BONG TAM HQ,[Quà tặng không bán] Bông Tắm Tạo Bọt Mềm Mịn,Mặc định,1,0,0,0,0,0,0,0,35100,0,35100,,0,174250,,28/06/2026 10:08:39	,30/06/2026 10:30:03	,28/06/2026 12:43:17	,29/06/2026 09:01:02	,30/06/2026 10:30:03	,"	",,,Fulfillment by seller,Kho HCMC,861996443197,Standard shipping,J&T Express,,u***ezq2uj4bqf,N***** C** P***,(+84)079*****02,Việt Nam,Trà Vinh,Châu Thành,*********,********,,Cash on delivery,0.5,"Loofahs, Sponges, & Poufs",1201532799771182710	,,Unchecked,,Product cards,
584744453185635958	,Shipped,Delivered,,Normal,1732251749141219548	,ST01172,"Sữa Tắm Pháp Le Petit Marseillais Cho Nam Chiết Xuất Thiên Nhiên 4in1 Nhiều Mùi Hương Dưỡng Ẩm, Thơm Lâu - Phù Hợp Mọi Loại Da (250ml)","Hương Gỗ Tuyết Tùng & Dương Xỉ, Standard",1,0,272000,272000,30750,67000,174250,0,35100,0,35100,,0,174250,,28/06/2026 10:08:39	,30/06/2026 10:30:03	,28/06/2026 12:43:17	,29/06/2026 09:01:02	,30/06/2026 10:30:03	,"	",,,Fulfillment by seller,Kho HCMC,861996443197,Standard shipping,J&T Express,,u***ezq2uj4bqf,N***** C** P***,(+84)079*****02,Việt Nam,Trà Vinh,Châu Thành,*********,********,,Cash on delivery,0.5,Bath & Shower,1201532799771182710	,,Unchecked,,Product cards,
584744372631799424	,Shipped,Completed,,Normal,1731317148230255836	,BONG TAM HQ,[Quà tặng không bán] Bông Tắm Tạo Bọt Mềm Mịn,Mặc định,1,0,0,0,0,0,0,0,41400,0,41400,,0,210000,,28/06/2026 10:02:37	,01/07/2026 18:19:52	,28/06/2026 12:43:17	,29/06/2026 11:14:04	,01/07/2026 18:19:52	,"	",,,Fulfillment by seller,Kho HN,861911553197,Standard shipping,J&T Express,,l***ngoc7905,l*******,(+84)967****95,Vietnam,Thanh Hoa,Thanh Hoa,*******,****************,,Cash on delivery,0.5,"Loofahs, Sponges, & Poufs",1201531962403948160	,,Unchecked,,Product cards,
584744372631799424	,Shipped,Delivered,,Normal,1731893265444210908	,ST48441,"Sữa Tắm Pháp Le Petit Marseillais Quả Mâm Xôi & Hoa Mẫu Đơn Hữu Cơ Dưỡng Ẩm, Thơm Lâu - Phù Hợp Mọi Loại Da (250ml)","Quả Mâm Xôi & Hoa Mẫu Đơn, Standard",1,0,272000,272000,0,62000,210000,0,41400,0,41400,,0,210000,,28/06/2026 10:02:37	,01/07/2026 18:19:52	,28/06/2026 12:43:17	,29/06/2026 11:14:04	,01/07/2026 18:19:52	,"	",,,Fulfillment by seller,Kho HN,861911553197,Standard shipping,J&T Express,,l***ngoc7905,l*******,(+84)967****95,Vietnam,Thanh Hoa,Thanh Hoa,*******,****************,,Cash on delivery,0.5,Bath & Shower,1201531962403948160	,,Unchecked,,Product cards,
584743861217297707	,Shipped,Completed,,Normal,1731317148230255836	,BONG TAM HQ,[Quà tặng không bán] Bông Tắm Tạo Bọt Mềm Mịn,Mặc định,1,0,0,0,0,0,0,0,29700,0,29700,,0,210000,,28/06/2026 09:31:29	,28/06/2026 09:31:32	,28/06/2026 09:41:33	,29/06/2026 09:01:02	,30/06/2026 12:33:24	,"	",,,Fulfillment by seller,Kho HCMC,861950942577,Standard shipping,J&T Express,,0***kian_0,A** T*,(+84)091*****80,Việt Nam,Đồng Nai,Phường Bình Phước,*****************,****************************,,MoMo E-Wallet,0.5,"Loofahs, Sponges, & Poufs",1201528137181922603	,,Unchecked,,Product cards,
584743861217297707	,Shipped,Delivered,,Normal,1733398673842472156	,ST01356,Sữa Tắm Nam Thơm Lâu 4 in 1 Thiên Nhiên Le Petit Marseillais Chiết Xuất Thông Biển & Bạch Đàn 250ml 1356,Mặc định,1,0,272000,272000,0,62000,210000,0,29700,0,29700,,0,210000,,28/06/2026 09:31:29	,28/06/2026 09:31:32	,28/06/2026 09:41:33	,29/06/2026 09:01:02	,30/06/2026 12:33:24	,"	",,,Fulfillment by seller,Kho HCMC,861950942577,Standard shipping,J&T Express,,0***kian_0,A** T*,(+84)091*****80,Việt Nam,Đồng Nai,Phường Bình Phước,*****************,****************************,,MoMo E-Wallet,0.4,Bath & Body Care,1201528137181922603	,,Unchecked,,Product cards,
584743375051851370	,Shipped,Completed,,Normal,1731317148230255836	,BONG TAM HQ,[Quà tặng không bán] Bông Tắm Tạo Bọt Mềm Mịn,Mặc định,1,0,0,0,0,0,0,0,29700,0,29700,,0,205000,,28/06/2026 08:52:46	,30/06/2026 11:15:21	,28/06/2026 09:41:33	,29/06/2026 11:14:04	,30/06/2026 11:15:21	,"	",,,Fulfillment by seller,Kho HN,861937402577,Standard shipping,J&T Express,,n***entri_27,N***** M*** T***,(+84)913****66,Vietnam,Hai Phong,Gia Vien Ward,*************,*****************,,Cash on delivery,0.5,"Loofahs, Sponges, & Poufs",1201524605535028842	,,Unchecked,,Videos,huankosai
584743375051851370	,Shipped,Delivered,,Normal,1732251749141219548	,ST01172,"Sữa Tắm Pháp Le Petit Marseillais Cho Nam Chiết Xuất Thiên Nhiên 4in1 Nhiều Mùi Hương Dưỡng Ẩm, Thơm Lâu - Phù Hợp Mọi Loại Da (250ml)","Hương Gỗ Tuyết Tùng & Dương Xỉ, Standard",1,0,272000,272000,0,67000,205000,0,29700,0,29700,,0,205000,,28/06/2026 08:52:46	,30/06/2026 11:15:21	,28/06/2026 09:41:33	,29/06/2026 11:14:04	,30/06/2026 11:15:21	,"	",,,Fulfillment by seller,Kho HN,861937402577,Standard shipping,J&T Express,,n***entri_27,N***** M*** T***,(+84)913****66,Vietnam,Hai Phong,Gia Vien Ward,*************,*****************,,Cash on delivery,0.5,Bath & Shower,1201524605535028842	,,Unchecked,,Videos,huankosai
584742941321430682	,Shipped,Completed,,Normal,1731317148230255836	,BONG TAM HQ,[Quà tặng không bán] Bông Tắm Tạo Bọt Mềm Mịn,Mặc định,1,0,0,0,0,0,0,0,34000,0,34000,,0,323900,,28/06/2026 08:13:36	,30/06/2026 16:04:12	,28/06/2026 09:41:33	,29/06/2026 11:14:04	,30/06/2026 16:04:12	,"	",,,Fulfillment by seller,Kho HN,861917402577,Standard shipping,J&T Express,,_***ynhanh14,V* T*** D***,(+84)083*****99,Việt Nam,Tuyên Quang,Phường Minh Xuân,****************,*********************,,Cash on delivery,0.5,"Loofahs, Sponges, & Poufs",1201521659702183578	,,Unchecked,,Product cards,
584742941321430682	,Shipped,Delivered,,Normal,1732250801268689116	,ST01902,"Sữa Tắm/Gel Tắm Pháp Le Petit Marseillais Chiết Xuất Thiên Nhiên 650ml - Sữa Tắm Lưu Hương Lành Tính - Dịu Nhẹ, An Toàn Cho Da","Thông & Bạch Đàn Biển, Standard",1,0,519000,519000,71100,124000,323900,0,34000,0,34000,,0,323900,,28/06/2026 08:13:36	,30/06/2026 16:04:12	,28/06/2026 09:41:33	,29/06/2026 11:14:04	,30/06/2026 16:04:12	,"	",,,Fulfillment by seller,Kho HN,861917402577,Standard shipping,J&T Express,,_***ynhanh14,V* T*** D***,(+84)083*****99,Việt Nam,Tuyên Quang,Phường Minh Xuân,****************,*********************,,Cash on delivery,1,Bath & Shower,1201521659702183578	,,Unchecked,,Product cards,
584740147742803118	,Shipped,Completed,,Normal,1731317148230255836	,BONG TAM HQ,[Quà tặng không bán] Bông Tắm Tạo Bọt Mềm Mịn,Mặc định,1,0,0,0,0,0,0,0,15800,0,15800,,0,189000,,28/06/2026 00:01:00	,30/06/2026 17:11:50	,28/06/2026 09:41:33	,29/06/2026 09:01:02	,30/06/2026 17:11:50	,"	",,,Fulfillment by seller,Kho HCMC,861901722547,Standard shipping,J&T Express,,s***.0323,T*******,(+84)085*****34,Việt Nam,Hồ Chí Minh,Quận 3,**********,**************,,Cash on delivery,0.5,"Loofahs, Sponges, & Poufs",1201504508864922798	,,Unchecked,,Product cards,
584740147742803118	,Shipped,Delivered,,Normal,1732250914984986844	,ST99622,"Sữa Tắm/Gel Tắm Pháp Le Petit Marseillais Thiên Nhiên 250ml - Sữa Tắm Lưu Hương Lành Tính - Dịu Nhẹ, An Toàn Cho Da","Xoài & Chanh Dây, Standard",1,0,272000,272000,0,83000,189000,0,15800,0,15800,,0,189000,,28/06/2026 00:01:00	,30/06/2026 17:11:50	,28/06/2026 09:41:33	,29/06/2026 09:01:02	,30/06/2026 17:11:50	,"	",,,Fulfillment by seller,Kho HCMC,861901722547,Standard shipping,J&T Express,,s***.0323,T*******,(+84)085*****34,Việt Nam,Hồ Chí Minh,Quận 3,**********,**************,,Cash on delivery,0.5,Bath & Shower,1201504508864922798	,,Unchecked,,Product cards,
584740072263157421	,Shipped,Completed,,Normal,1731317148230255836	,BONG TAM HQ,[Quà tặng không bán] Bông Tắm Tạo Bọt Mềm Mịn,Mặc định,1,0,0,0,0,0,0,0,23600,0,23600,,0,639900,,27/06/2026 23:54:05	,30/06/2026 14:34:14	,28/06/2026 09:41:33	,29/06/2026 11:14:04	,30/06/2026 14:34:14	,"	",,,Fulfillment by seller,Kho HN,861952552577,Standard shipping,J&T Express,,n***_dan_nguyen,T*** t** h****,(+84)967****93,Việt Nam,Hà Nội,Gia Lâm,******,********************************************,,Cash on delivery,0.5,"Loofahs, Sponges, & Poufs",1201504051566511789	,,Unchecked,,Product cards,
584740072263157421	,Shipped,Delivered,,Normal,1732250801268689116	,ST01902,"Sữa Tắm/Gel Tắm Pháp Le Petit Marseillais Chiết Xuất Thiên Nhiên 650ml - Sữa Tắm Lưu Hương Lành Tính - Dịu Nhẹ, An Toàn Cho Da","Thông & Bạch Đàn Biển, Standard",2,0,519000,1038000,150100,248000,639900,0,23600,0,23600,,0,639900,,27/06/2026 23:54:05	,30/06/2026 14:34:14	,28/06/2026 09:41:33	,29/06/2026 11:14:04	,30/06/2026 14:34:14	,"	",,,Fulfillment by seller,Kho HN,861952552577,Standard shipping,J&T Express,,n***_dan_nguyen,T*** t** h****,(+84)967****93,Việt Nam,Hà Nội,Gia Lâm,******,********************************************,,Cash on delivery,2,Bath & Shower,1201504051566511789	,,Unchecked,,Product cards,
584740029963798408	,Shipped,Completed,,Normal,1731317148230255836	,BONG TAM HQ,[Quà tặng không bán] Bông Tắm Tạo Bọt Mềm Mịn,Mặc định,1,0,0,0,0,0,0,23112,23112,0,0,,0,212112,,27/06/2026 23:49:56	,30/06/2026 10:52:33	,28/06/2026 09:41:33	,29/06/2026 11:14:04	,30/06/2026 10:52:33	,"	",,,Fulfillment by seller,Kho HN,861951362577,Standard shipping,J&T Express,,g***_bacninh,T***,(+84)356****84,Việt Nam,Bắc Ninh,Phường Võ Cường,***************,************************,,Cash on delivery,0.5,"Loofahs, Sponges, & Poufs",1201503915893163912	,,Unchecked,,Product cards,
584740029963798408	,Shipped,Delivered,,Normal,1732250914985380060	,ST01240,"Sữa Tắm/Gel Tắm Pháp Le Petit Marseillais Thiên Nhiên 250ml - Sữa Tắm Lưu Hương Lành Tính - Dịu Nhẹ, An Toàn Cho Da","Đào Trắng & Quả Xuân Đào, Standard",1,0,272000,272000,0,83000,189000,23112,23112,0,0,,0,212112,,27/06/2026 23:49:56	,30/06/2026 10:52:33	,28/06/2026 09:41:33	,29/06/2026 11:14:04	,30/06/2026 10:52:33	,"	",,,Fulfillment by seller,Kho HN,861951362577,Standard shipping,J&T Express,,g***_bacninh,T***,(+84)356****84,Việt Nam,Bắc Ninh,Phường Võ Cường,***************,************************,,Cash on delivery,0.5,Bath & Shower,1201503915893163912	,,Unchecked,,Product cards,
584739593413232471	,Shipped,Delivered,,Normal,1732251749141022940	,ST01431,"Sữa Tắm Pháp Le Petit Marseillais Cho Nam Chiết Xuất Thiên Nhiên 4in1 Nhiều Mùi Hương Dưỡng Ẩm, Thơm Lâu - Phù Hợp Mọi Loại Da (250ml)","Hương Cam & Tinh Dầu Argan, Standard",1,0,272000,272000,38950,67000,166050,0,15800,0,15800,9963,0,156087,,27/06/2026 23:07:50	,27/06/2026 23:08:45	,28/06/2026 09:41:33	,29/06/2026 09:01:02	,30/06/2026 10:08:21	,"	",,,Fulfillment by seller,Kho HCMC,861916532577,Standard shipping,J&T Express,,a***q.tr,A* T****,(+84)931****85,Việt Nam,Hồ Chí Minh,Tân Bình,********,************,,PayLater,0.5,Bath & Shower,1201502363552286551	,,Unchecked,,Product cards,
584739593413232471	,Shipped,Completed,,Normal,1731317148230255836	,BONG TAM HQ,[Quà tặng không bán] Bông Tắm Tạo Bọt Mềm Mịn,Mặc định,1,0,0,0,0,0,0,0,15800,0,15800,9963,0,156087,,27/06/2026 23:07:50	,27/06/2026 23:08:45	,28/06/2026 09:41:33	,29/06/2026 09:01:02	,30/06/2026 10:08:21	,"	",,,Fulfillment by seller,Kho HCMC,861916532577,Standard shipping,J&T Express,,a***q.tr,A* T****,(+84)931****85,Việt Nam,Hồ Chí Minh,Tân Bình,********,************,,PayLater,0.5,"Loofahs, Sponges, & Poufs",1201502363552286551	,,Unchecked,,Product cards,
584739535697183763	,Shipped,Completed,,Normal,1731317148230255836	,BONG TAM HQ,[Quà tặng không bán] Bông Tắm Tạo Bọt Mềm Mịn,Mặc định,1,0,0,0,0,0,0,0,35500,0,35500,,0,205000,,27/06/2026 23:05:29	,27/06/2026 23:05:35	,28/06/2026 09:41:33	,29/06/2026 09:01:02	,01/07/2026 09:50:45	,"	",,,Fulfillment by seller,Kho HCMC,861930942577,Standard shipping,J&T Express,,s***103010,P*** m*** t**,(+84)090*****79,Việt Nam,Đà Nẵng,Ngũ Hành Sơn,*******,*****************************************,,Zalopay,0.5,"Loofahs, Sponges, & Poufs",1201502007273292819	,,Unchecked,,Videos,emberiviu1
584739535697183763	,Shipped,Delivered,,Normal,1732251749141219548	,ST01172,"Sữa Tắm Pháp Le Petit Marseillais Cho Nam Chiết Xuất Thiên Nhiên 4in1 Nhiều Mùi Hương Dưỡng Ẩm, Thơm Lâu - Phù Hợp Mọi Loại Da (250ml)","Hương Gỗ Tuyết Tùng & Dương Xỉ, Standard",1,0,272000,272000,0,67000,205000,0,35500,0,35500,,0,205000,,27/06/2026 23:05:29	,27/06/2026 23:05:35	,28/06/2026 09:41:33	,29/06/2026 09:01:02	,01/07/2026 09:50:45	,"	",,,Fulfillment by seller,Kho HCMC,861930942577,Standard shipping,J&T Express,,s***103010,P*** m*** t**,(+84)090*****79,Việt Nam,Đà Nẵng,Ngũ Hành Sơn,*******,*****************************************,,Zalopay,0.5,Bath & Shower,1201502007273292819	,,Unchecked,,Videos,emberiviu1
584739017713615983	,Shipped,Completed,,Normal,1731317148230255836	,BONG TAM HQ,[Quà tặng không bán] Bông Tắm Tạo Bọt Mềm Mịn,Mặc định,1,0,0,0,0,0,0,0,15800,0,15800,,0,189000,,27/06/2026 22:25:41	,27/06/2026 22:25:45	,28/06/2026 09:41:33	,29/06/2026 11:14:04	,30/06/2026 08:49:48	,"	",,,Fulfillment by seller,Kho HN,861960482547,Standard shipping,J&T Express,,d***.nghiep,T***** Đ*** N*****,(+84)865****89,Việt Nam,Hà Nội,Phường Việt Hưng,****************,**************************************,,MoMo E-Wallet,0.5,"Loofahs, Sponges, & Poufs",1201500438361637999	,,Unchecked,,Videos,thulinhthebaiii
584739017713615983	,Shipped,Delivered,,Normal,1732250914985052380	,ST48441,"Sữa Tắm/Gel Tắm Pháp Le Petit Marseillais Thiên Nhiên 250ml - Sữa Tắm Lưu Hương Lành Tính - Dịu Nhẹ, An Toàn Cho Da","Quả Mâm Xôi & Hoa Mẫu Đơn, Standard",1,0,272000,272000,0,83000,189000,0,15800,0,15800,,0,189000,,27/06/2026 22:25:41	,27/06/2026 22:25:45	,28/06/2026 09:41:33	,29/06/2026 11:14:04	,30/06/2026 08:49:48	,"	",,,Fulfillment by seller,Kho HN,861960482547,Standard shipping,J&T Express,,d***.nghiep,T***** Đ*** N*****,(+84)865****89,Việt Nam,Hà Nội,Phường Việt Hưng,****************,**************************************,,MoMo E-Wallet,0.5,Bath & Shower,1201500438361637999	,,Unchecked,,Videos,thulinhthebaiii
584738545496392723	,Canceled,Canceled,Cancel,Normal,1731317148230255836	,BONG TAM HQ,[Quà tặng không bán] Bông Tắm Tạo Bọt Mềm Mịn,Mặc định,1,1,0,0,0,0,0,0,42600,0,42600,,0,385000,0,27/06/2026 21:58:33	,27/06/2026 21:58:38	,"	","	","	",27/06/2026 23:06:06	,User,No longer needed,Fulfillment by seller,Kho HCMC,,Standard shipping,,,s***103010,P*** m*** t**,(+84)090*****79,Việt Nam,Đà Nẵng,Ngũ Hành Sơn,*******,*****************************************,,Zalopay,0.5,"Loofahs, Sponges, & Poufs",1201498529514030099	,,Unchecked,,Videos,mevyan
584738545496392723	,Canceled,Canceled,Cancel,Normal,1732250801268689116	,ST01902,"Sữa Tắm/Gel Tắm Pháp Le Petit Marseillais Chiết Xuất Thiên Nhiên 650ml - Sữa Tắm Lưu Hương Lành Tính - Dịu Nhẹ, An Toàn Cho Da","Thông & Bạch Đàn Biển, Standard",1,1,519000,519000,10000,124000,385000,0,42600,0,42600,,0,385000,385000,27/06/2026 21:58:33	,27/06/2026 21:58:38	,"	","	","	",27/06/2026 23:06:06	,User,No longer needed,Fulfillment by seller,Kho HCMC,,Standard shipping,,,s***103010,P*** m*** t**,(+84)090*****79,Việt Nam,Đà Nẵng,Ngũ Hành Sơn,*******,*****************************************,,Zalopay,1,Bath & Shower,1201498529514030099	,,Unchecked,,Videos,mevyan
584737903684716072	,Shipped,Delivered,,Normal,1735912571878606044	,ST01356 + ST01172,Combo 2 Sữa Tắm Nam Le Petit Marseillais 4in1 Cho Tóc Mặt Râu Toàn Thân 250ml,"Thông Biển & Bạch Đàn, Gỗ Tuyết Tùng Và Dương Xỉ",1,0,550000,550000,56700,172000,321300,0,15800,0,15800,,0,321300,,27/06/2026 21:17:32	,30/06/2026 20:21:31	,28/06/2026 09:41:33	,29/06/2026 16:50:29	,30/06/2026 20:21:31	,"	",,,Fulfillment by seller,Kho HN,861942262547,Standard shipping,J&T Express,,a***ung.musix.box,T**** Đ*** K*** N*****,(+84)916****53,Việt Nam,Hà Nội,Phường Hồng Hà,**************,******,**********************************,Cash on delivery,0.6,Bath & Body Care,1201495717242439208	,,Unchecked,,Product cards,
584737256772502899	,Canceled,Canceled,Cancel,Normal,1731895040715688156	,DT02684,"Sữa Dưỡng Thể Le Petit Marseillais Với Chiết Xuất Bơ Hạt Mỡ, Hạnh Nhân Ngọt & Dầu Argan 300ml Dạng Hũ",Mặc định,1,1,753000,753000,133400,173000,446600,0,50000,0,50000,,0,750750,446600,27/06/2026 20:38:21	,"	","	","	","	",27/06/2026 20:40:21	,User,No longer needed,Fulfillment by seller,Kho HN,,Standard shipping,,,d***hao2,D*******,(+84)363****97,Việt Nam,Hà Nam,Lý Nhân,*********,**************,*************************,Cash on delivery,0.6,Moisturizers & Mists,1201492887936075123	,,Unchecked,,LIVE,lepetitmarseillaisvn
584737256772502899	,Canceled,Canceled,Cancel,Normal,1732250801268820188	,ST01868,"Sữa Tắm/Gel Tắm Pháp Le Petit Marseillais Chiết Xuất Thiên Nhiên 650ml - Sữa Tắm Lưu Hương Lành Tính - Dịu Nhẹ, An Toàn Cho Da","Hương Chanh & Bưởi Hồng, Standard",1,1,519000,519000,90850,124000,304150,0,50000,0,50000,,0,750750,304150,27/06/2026 20:38:21	,"	","	","	","	",27/06/2026 20:40:21	,User,No longer needed,Fulfillment by seller,Kho HN,,Standard shipping,,,d***hao2,D*******,(+84)363****97,Việt Nam,Hà Nam,Lý Nhân,*********,**************,*************************,Cash on delivery,1,Bath & Shower,1201492887936075123	,,Unchecked,,LIVE,lepetitmarseillaisvn
584737256772502899	,Canceled,Canceled,Cancel,Normal,1731317148230255836	,BONG TAM HQ,[Quà tặng không bán] Bông Tắm Tạo Bọt Mềm Mịn,Mặc định,1,1,0,0,0,0,0,0,50000,0,50000,,0,750750,0,27/06/2026 20:38:21	,"	","	","	","	",27/06/2026 20:40:21	,User,No longer needed,Fulfillment by seller,Kho HN,,Standard shipping,,,d***hao2,D*******,(+84)363****97,Việt Nam,Hà Nam,Lý Nhân,*********,**************,*************************,Cash on delivery,0.5,"Loofahs, Sponges, & Poufs",1201492887936075123	,,Unchecked,,LIVE,lepetitmarseillaisvn
584737011047564936	,Shipped,Delivered,,Normal,1735912571877950684	,ST01172 x 2,Combo 2 Sữa Tắm Nam Le Petit Marseillais 4in1 Cho Tóc Mặt Râu Toàn Thân 250ml,"Gỗ Tuyết Tùng Và Dương Xỉ, Gỗ Tuyết Tùng Và Dương Xỉ",1,0,550000,550000,64260,172000,313740,0,35100,0,35100,,0,313740,,27/06/2026 20:19:18	,30/06/2026 15:59:05	,27/06/2026 20:20:55	,29/06/2026 09:01:02	,30/06/2026 15:59:05	,"	",,,Fulfillment by seller,Kho HCMC,861976990977,Standard shipping,J&T Express,,q***nguyen1305,N***** M*** Q***,(+84)909****88,Việt Nam,Tỉnh Đồng Tháp,Lai Vung,*********,***************************************,,Cash on delivery,0.6,Bath & Body Care,1201491948138038920	,,Unchecked,,LIVE,lepetitmarseillaisvn
584736503881893430	,Shipped,Completed,,Normal,1731317148230255836	,BONG TAM HQ,[Quà tặng không bán] Bông Tắm Tạo Bọt Mềm Mịn,Mặc định,1,0,0,0,0,0,0,0,20900,0,20900,,0,210000,,27/06/2026 19:52:37	,30/06/2026 19:40:34	,27/06/2026 20:20:50	,29/06/2026 11:14:04	,30/06/2026 19:40:34	,"	",,,Fulfillment by seller,Kho HN,861952030987,Standard shipping,J&T Express,,4***84a,T*** H**** A*,(+84)969****99,Vietnam,Ha Noi,Dong Anh,********,*******************************,***********************,Cash on delivery,0.5,"Loofahs, Sponges, & Poufs",1201489781981873718	,,Unchecked,,Videos,suri.nhi15
584736503881893430	,Shipped,Delivered,,Normal,1732251749141154012	,ST01356,"Sữa Tắm Pháp Le Petit Marseillais Cho Nam Chiết Xuất Thiên Nhiên 4in1 Nhiều Mùi Hương Dưỡng Ẩm, Thơm Lâu - Phù Hợp Mọi Loại Da (250ml)","Hương Thông & Bạch Đàn Biển, Standard",1,0,272000,272000,0,62000,210000,0,20900,0,20900,,0,210000,,27/06/2026 19:52:37	,30/06/2026 19:40:34	,27/06/2026 20:20:50	,29/06/2026 11:14:04	,30/06/2026 19:40:34	,"	",,,Fulfillment by seller,Kho HN,861952030987,Standard shipping,J&T Express,,4***84a,T*** H**** A*,(+84)969****99,Vietnam,Ha Noi,Dong Anh,********,*******************************,***********************,Cash on delivery,0.5,Bath & Shower,1201489781981873718	,,Unchecked,,Videos,suri.nhi15
584736271010203108	,Shipped,Completed,,Normal,1731317148230255836	,BONG TAM HQ,[Quà tặng không bán] Bông Tắm Tạo Bọt Mềm Mịn,Mặc định,1,0,0,0,0,0,0,0,39400,0,39400,,0,395000,,27/06/2026 19:33:33	,27/06/2026 19:33:36	,27/06/2026 20:20:44	,29/06/2026 11:14:04	,30/06/2026 09:41:17	,"	",,,Fulfillment by seller,Kho HN,861991310987,Standard shipping,J&T Express,,t***g.anh.bui70,B** t***,(+84)039*****03,Việt Nam,Ninh Bình,Xã Giao Ninh,************,***************************************,,MoMo E-Wallet,0.5,"Loofahs, Sponges, & Poufs",1201488341248673252	,,Unchecked,,Videos,anhlorenhehehe
584736271010203108	,Shipped,Delivered,,Normal,1732250801268951260	,ST68823,"Sữa Tắm/Gel Tắm Pháp Le Petit Marseillais Chiết Xuất Thiên Nhiên 650ml - Sữa Tắm Lưu Hương Lành Tính - Dịu Nhẹ, An Toàn Cho Da","Hương Xoài & Chanh Dây, Standard",1,0,519000,519000,0,124000,395000,0,39400,0,39400,,0,395000,,27/06/2026 19:33:33	,27/06/2026 19:33:36	,27/06/2026 20:20:44	,29/06/2026 11:14:04	,30/06/2026 09:41:17	,"	",,,Fulfillment by seller,Kho HN,861991310987,Standard shipping,J&T Express,,t***g.anh.bui70,B** t***,(+84)039*****03,Việt Nam,Ninh Bình,Xã Giao Ninh,************,***************************************,,MoMo E-Wallet,1,Bath & Shower,1201488341248673252	,,Unchecked,,Videos,anhlorenhehehe
584735941518591523	,Shipped,Completed,,Normal,1731317148230255836	,BONG TAM HQ,[Quà tặng không bán] Bông Tắm Tạo Bọt Mềm Mịn,Mặc định,1,0,0,0,0,0,0,0,15800,0,15800,,0,180400,,27/06/2026 19:12:33	,30/06/2026 17:48:07	,27/06/2026 19:17:58	,29/06/2026 11:14:04	,30/06/2026 17:48:07	,"	",,,Fulfillment by seller,Kho HN,861919100907,Standard shipping,J&T Express,,d***guyen_05_05_1999,đ**,(+84)985****42,Việt Nam,Hà Nội,Nam Từ Liêm,******,*************************************************,,Cash on delivery,0.5,"Loofahs, Sponges, & Poufs",1201487284526024227	,,Unchecked,,Videos,duongmanhkien19
584735941518591523	,Shipped,Delivered,,Normal,1732251749141219548	,ST01172,"Sữa Tắm Pháp Le Petit Marseillais Cho Nam Chiết Xuất Thiên Nhiên 4in1 Nhiều Mùi Hương Dưỡng Ẩm, Thơm Lâu - Phù Hợp Mọi Loại Da (250ml)","Hương Gỗ Tuyết Tùng & Dương Xỉ, Standard",1,0,272000,272000,24600,67000,180400,0,15800,0,15800,,0,180400,,27/06/2026 19:12:33	,30/06/2026 17:48:07	,27/06/2026 19:17:58	,29/06/2026 11:14:04	,30/06/2026 17:48:07	,"	",,,Fulfillment by seller,Kho HN,861919100907,Standard shipping,J&T Express,,d***guyen_05_05_1999,đ**,(+84)985****42,Việt Nam,Hà Nội,Nam Từ Liêm,******,*************************************************,,Cash on delivery,0.5,Bath & Shower,1201487284526024227	,,Unchecked,,Videos,duongmanhkien19
584735020236441249	,Canceled,Canceled,Cancel,Normal,1731317148230255836	,BONG TAM HQ,[Quà tặng không bán] Bông Tắm Tạo Bọt Mềm Mịn,Mặc định,1,1,0,0,0,0,0,0,29700,0,29700,,0,201000,0,27/06/2026 18:08:24	,27/06/2026 18:08:29	,27/06/2026 19:17:58	,"	","	",28/06/2026 11:06:26	,User,No longer needed,Fulfillment by seller,Kho HN,861923990877,Standard shipping,J&T Express,,n***nnger_1609,T** N***,(+84)793****98,Việt Nam,Hải Phòng,Hải An,********,********,****************************,Zalopay,0.5,"Loofahs, Sponges, & Poufs",1201481393918412449	,,Unchecked,,Videos,
584735020236441249	,Canceled,Canceled,Cancel,Normal,1731893266195843292	,ST01240,"Gel Tắm Pháp Le Petit Marseillais Đào Trắng & Quả Xuân Đào Hữu Cơ Dưỡng Ẩm, Thơm Lâu - Phù Hợp Mọi Loại Da(250ml)","Đào Trắng & Quả Xuân Đào, Standard",1,1,272000,272000,4000,67000,201000,0,29700,0,29700,,0,201000,201000,27/06/2026 18:08:24	,27/06/2026 18:08:29	,27/06/2026 19:17:58	,"	","	",28/06/2026 11:06:26	,User,No longer needed,Fulfillment by seller,Kho HN,861923990877,Standard shipping,J&T Express,,n***nnger_1609,T** N***,(+84)793****98,Việt Nam,Hải Phòng,Hải An,********,********,****************************,Zalopay,0.5,Bath & Shower,1201481393918412449	,,Unchecked,,Videos,
584734670431356123	,Shipped,Completed,,Normal,1731317148230255836	,BONG TAM HQ,[Quà tặng không bán] Bông Tắm Tạo Bọt Mềm Mịn,Mặc định,1,0,0,0,0,0,0,0,47600,0,47600,,0,205000,,27/06/2026 17:49:28	,30/06/2026 15:15:59	,27/06/2026 19:17:58	,29/06/2026 09:01:02	,30/06/2026 15:15:59	,"	",,,Fulfillment by seller,Kho HCMC,861999330907,Standard shipping,J&T Express,,p***cvanp,p****,(+84)969****79,Việt Nam,Đắk Lắk,Cư M'gar,*********,********,,Cash on delivery,0.5,"Loofahs, Sponges, & Poufs",1201480502155183323	,,Unchecked,,Product cards,
584734670431356123	,Shipped,Delivered,,Normal,1732251749141022940	,ST01431,"Sữa Tắm Pháp Le Petit Marseillais Cho Nam Chiết Xuất Thiên Nhiên 4in1 Nhiều Mùi Hương Dưỡng Ẩm, Thơm Lâu - Phù Hợp Mọi Loại Da (250ml)","Hương Cam & Tinh Dầu Argan, Standard",1,0,272000,272000,0,67000,205000,0,47600,0,47600,,0,205000,,27/06/2026 17:49:28	,30/06/2026 15:15:59	,27/06/2026 19:17:58	,29/06/2026 09:01:02	,30/06/2026 15:15:59	,"	",,,Fulfillment by seller,Kho HCMC,861999330907,Standard shipping,J&T Express,,p***cvanp,p****,(+84)969****79,Việt Nam,Đắk Lắk,Cư M'gar,*********,********,,Cash on delivery,0.5,Bath & Shower,1201480502155183323	,,Unchecked,,Product cards,
584734210746582675	,Shipped,Delivered,,Normal,1732252943759018204	,DG74042,"Dầu Gội Thiên Nhiên Le Petit Marseillais Nhiều Mùi Hương 250ml Dưỡng Ẩm, Thơm Lâu - Phù Hợp Mọi Loại Da",Trị Gàu 2 In 1 Tinh Dầu Bạc Hà,1,0,350000,350000,27000,80000,243000,26200,26200,0,0,,0,269200,,27/06/2026 17:14:06	,30/06/2026 21:30:53	,27/06/2026 17:37:30	,29/06/2026 11:14:04	,30/06/2026 21:30:53	,"	",,,Fulfillment by seller,Kho HN,861949530717,Standard shipping,J&T Express,,t***ngvinh,T*** Q**** V***,(+84)917****89,Việt Nam,Tỉnh Thái Nguyên,Thái Nguyên,**********,**********,***************,Cash on delivery,0.5,Shampoo & Conditioner,1201475895235741331	,,Unchecked,,Product cards,
584731827901531633	,Shipped,Completed,,Normal,1731317148230255836	,BONG TAM HQ,[Quà tặng không bán] Bông Tắm Tạo Bọt Mềm Mịn,Mặc định,1,0,0,0,0,0,0,0,15800,0,15800,,0,189000,,27/06/2026 14:19:20	,28/06/2026 16:59:14	,27/06/2026 14:28:43	,27/06/2026 16:23:40	,28/06/2026 16:59:14	,"	",,,Fulfillment by seller,Kho HN,861966129856,Standard shipping,J&T Express,,b***yboo86,B*********,(+84)865****58,Việt Nam,Hà Nội,Phường Kim Liên,***************,*******************,********,Cash on delivery,0.5,"Loofahs, Sponges, & Poufs",1201457163913299441	,,Unchecked,,Product cards,
584731827901531633	,Shipped,Delivered,,Normal,1732250914985183452	,ST00526,"Sữa Tắm/Gel Tắm Pháp Le Petit Marseillais Thiên Nhiên 250ml - Sữa Tắm Lưu Hương Lành Tính - Dịu Nhẹ, An Toàn Cho Da","Vani, Standard",1,0,272000,272000,0,83000,189000,0,15800,0,15800,,0,189000,,27/06/2026 14:19:20	,28/06/2026 16:59:14	,27/06/2026 14:28:43	,27/06/2026 16:23:40	,28/06/2026 16:59:14	,"	",,,Fulfillment by seller,Kho HN,861966129856,Standard shipping,J&T Express,,b***yboo86,B*********,(+84)865****58,Việt Nam,Hà Nội,Phường Kim Liên,***************,*******************,********,Cash on delivery,0.5,Bath & Shower,1201457163913299441	,,Unchecked,,Product cards,
584731865348081364	,Shipped,Delivered,,Normal,1732250914985380060	,ST01240,"Sữa Tắm/Gel Tắm Pháp Le Petit Marseillais Thiên Nhiên 250ml - Sữa Tắm Lưu Hương Lành Tính - Dịu Nhẹ, An Toàn Cho Da","Đào Trắng & Quả Xuân Đào, Standard",1,0,272000,272000,0,83000,189000,0,15800,0,15800,,0,189000,,27/06/2026 14:19:04	,27/06/2026 14:19:09	,27/06/2026 14:28:51	,27/06/2026 16:23:40	,28/06/2026 10:05:00	,"	",,,Fulfillment by seller,Kho HN,861922309866,Standard shipping,J&T Express,,m***icxm,N***** P***,(+84)971****71,Việt Nam,Hà Nội,Phường Phú Diễn,***************,****************************************************,,MoMo E-Wallet,0.5,Bath & Shower,1201456468390545108	,,Unchecked,,Videos,chuclinh_vlogbeuty
584731865348081364	,Shipped,Completed,,Normal,1731317148230255836	,BONG TAM HQ,[Quà tặng không bán] Bông Tắm Tạo Bọt Mềm Mịn,Mặc định,1,0,0,0,0,0,0,0,15800,0,15800,,0,189000,,27/06/2026 14:19:04	,27/06/2026 14:19:09	,27/06/2026 14:28:51	,27/06/2026 16:23:40	,28/06/2026 10:05:00	,"	",,,Fulfillment by seller,Kho HN,861922309866,Standard shipping,J&T Express,,m***icxm,N***** P***,(+84)971****71,Việt Nam,Hà Nội,Phường Phú Diễn,***************,****************************************************,,MoMo E-Wallet,0.5,"Loofahs, Sponges, & Poufs",1201456468390545108	,,Unchecked,,Videos,chuclinh_vlogbeuty
584731838521443976	,Shipped,Delivered,,Normal,1732252943759018204	,DG74042,"Dầu Gội Thiên Nhiên Le Petit Marseillais Nhiều Mùi Hương 250ml Dưỡng Ẩm, Thơm Lâu - Phù Hợp Mọi Loại Da",Trị Gàu 2 In 1 Tinh Dầu Bạc Hà,1,0,350000,350000,0,80000,270000,0,30300,0,30300,,0,270000,,27/06/2026 14:18:26	,28/06/2026 12:03:27	,27/06/2026 14:28:58	,27/06/2026 16:37:23	,28/06/2026 12:03:27	,"	",,,Fulfillment by seller,Kho HCMC,861998939896,Standard shipping,J&T Express,,q***nguyen1305,N***** M*** Q***,(+84)909****88,Việt Nam,Tỉnh Đồng Tháp,Lai Vung,*********,***************************************,,Cash on delivery,0.5,Shampoo & Conditioner,1201455949748930184	,,Unchecked,,Videos,tuyetcookies
584731592347911170	,Shipped,Completed,,Normal,1731317148230255836	,BONG TAM HQ,[Quà tặng không bán] Bông Tắm Tạo Bọt Mềm Mịn,Mặc định,1,0,0,0,0,0,0,0,35500,0,35500,10455,0,163795,,27/06/2026 13:59:17	,27/06/2026 13:59:21	,27/06/2026 14:03:05	,27/06/2026 16:23:40	,29/06/2026 13:08:52	,"	",,,Fulfillment by seller,Kho HN,861971309656,Standard shipping,J&T Express,,d***3106,V** H****,(+84)079*****94,Việt Nam,Đà Nẵng,Liên Chiểu,************,***************,,PayLater,0.5,"Loofahs, Sponges, & Poufs",1201453917265626114	,,Unchecked,,Product cards,
584731592347911170	,Shipped,Delivered,,Normal,1732251749141219548	,ST01172,"Sữa Tắm Pháp Le Petit Marseillais Cho Nam Chiết Xuất Thiên Nhiên 4in1 Nhiều Mùi Hương Dưỡng Ẩm, Thơm Lâu - Phù Hợp Mọi Loại Da (250ml)","Hương Gỗ Tuyết Tùng & Dương Xỉ, Standard",1,0,272000,272000,30750,67000,174250,0,35500,0,35500,10455,0,163795,,27/06/2026 13:59:17	,27/06/2026 13:59:21	,27/06/2026 14:03:05	,27/06/2026 16:23:40	,29/06/2026 13:08:52	,"	",,,Fulfillment by seller,Kho HN,861971309656,Standard shipping,J&T Express,,d***3106,V** H****,(+84)079*****94,Việt Nam,Đà Nẵng,Liên Chiểu,************,***************,,PayLater,0.5,Bath & Shower,1201453917265626114	,,Unchecked,,Product cards,
584730339818177794	,Shipped,Completed,,Normal,1731317148230255836	,BONG TAM HQ,[Quà tặng không bán] Bông Tắm Tạo Bọt Mềm Mịn,Mặc định,1,0,0,0,0,0,0,0,20900,0,20900,,0,189000,,27/06/2026 12:30:10	,28/06/2026 17:28:38	,27/06/2026 13:06:38	,27/06/2026 16:23:40	,28/06/2026 17:28:38	,"	",,,Fulfillment by seller,Kho HN,861927269176,Standard shipping,J&T Express,,t***huy17,T***,(+84)349****26,Việt Nam,Hà Nội,Thanh Trì,*********,********************,,Cash on delivery,0.5,"Loofahs, Sponges, & Poufs",1201443461728797954	,,Unchecked,,Product cards,
584730339818177794	,Shipped,Delivered,,Normal,1732250914985380060	,ST01240,"Sữa Tắm/Gel Tắm Pháp Le Petit Marseillais Thiên Nhiên 250ml - Sữa Tắm Lưu Hương Lành Tính - Dịu Nhẹ, An Toàn Cho Da","Đào Trắng & Quả Xuân Đào, Standard",1,0,272000,272000,0,83000,189000,0,20900,0,20900,,0,189000,,27/06/2026 12:30:10	,28/06/2026 17:28:38	,27/06/2026 13:06:38	,27/06/2026 16:23:40	,28/06/2026 17:28:38	,"	",,,Fulfillment by seller,Kho HN,861927269176,Standard shipping,J&T Express,,t***huy17,T***,(+84)349****26,Việt Nam,Hà Nội,Thanh Trì,*********,********************,,Cash on delivery,0.5,Bath & Shower,1201443461728797954	,,Unchecked,,Product cards,
584729432926290961	,Shipped,Delivered,,Normal,1732250914985183452	,ST00526,"Sữa Tắm/Gel Tắm Pháp Le Petit Marseillais Thiên Nhiên 250ml - Sữa Tắm Lưu Hương Lành Tính - Dịu Nhẹ, An Toàn Cho Da","Vani, Standard",1,0,272000,272000,28350,83000,160650,0,35500,0,35500,,0,160650,,27/06/2026 11:36:23	,29/06/2026 17:00:37	,27/06/2026 11:53:40	,27/06/2026 16:23:40	,29/06/2026 17:00:37	,"	",,,Fulfillment by seller,Kho HN,861924228896,Standard shipping,J&T Express,,t***i568,T*** Q****,(+84)377****67,Việt Nam,Đà Nẵng,Phường Thanh Khê,****************,****************,,Cash on delivery,0.5,Bath & Shower,1201436715958436881	,,Unchecked,,Product cards,
584729432926290961	,Shipped,Completed,,Normal,1731317148230255836	,BONG TAM HQ,[Quà tặng không bán] Bông Tắm Tạo Bọt Mềm Mịn,Mặc định,1,0,0,0,0,0,0,0,35500,0,35500,,0,160650,,27/06/2026 11:36:23	,29/06/2026 17:00:37	,27/06/2026 11:53:40	,27/06/2026 16:23:40	,29/06/2026 17:00:37	,"	",,,Fulfillment by seller,Kho HN,861924228896,Standard shipping,J&T Express,,t***i568,T*** Q****,(+84)377****67,Việt Nam,Đà Nẵng,Phường Thanh Khê,****************,****************,,Cash on delivery,0.5,"Loofahs, Sponges, & Poufs",1201436715958436881	,,Unchecked,,Product cards,
584728585503802781	,Shipped,Completed,,Normal,1731317148230255836	,BONG TAM HQ,[Quà tặng không bán] Bông Tắm Tạo Bọt Mềm Mịn,Mặc định,1,0,0,0,0,0,0,0,15800,0,15800,,0,198000,,27/06/2026 10:36:46	,27/06/2026 10:36:50	,27/06/2026 10:38:22	,27/06/2026 16:37:24	,28/06/2026 12:00:33	,"	",,,Fulfillment by seller,Kho HCMC,861956288656,Standard shipping,J&T Express,,b***ham.064,b**********,(+84)394****78,Việt Nam,Hồ Chí Minh,Phường Thủ Dầu Một,******************,**********,,MoMo E-Wallet,0.5,"Loofahs, Sponges, & Poufs",1201430161172694429	,,Unchecked,,Product cards,
584728585503802781	,Shipped,Delivered,,Normal,1732251749141219548	,ST01172,"Sữa Tắm Pháp Le Petit Marseillais Cho Nam Chiết Xuất Thiên Nhiên 4in1 Nhiều Mùi Hương Dưỡng Ẩm, Thơm Lâu - Phù Hợp Mọi Loại Da (250ml)","Hương Gỗ Tuyết Tùng & Dương Xỉ, Standard",1,0,272000,272000,7000,67000,198000,0,15800,0,15800,,0,198000,,27/06/2026 10:36:46	,27/06/2026 10:36:50	,27/06/2026 10:38:22	,27/06/2026 16:37:24	,28/06/2026 12:00:33	,"	",,,Fulfillment by seller,Kho HCMC,861956288656,Standard shipping,J&T Express,,b***ham.064,b**********,(+84)394****78,Việt Nam,Hồ Chí Minh,Phường Thủ Dầu Một,******************,**********,,MoMo E-Wallet,0.5,Bath & Shower,1201430161172694429	,,Unchecked,,Product cards,
584728434261591928	,Shipped,Delivered,,Normal,1732250914984855772	,ST92871,"Sữa Tắm/Gel Tắm Pháp Le Petit Marseillais Thiên Nhiên 250ml - Sữa Tắm Lưu Hương Lành Tính - Dịu Nhẹ, An Toàn Cho Da","Bạc Hà, Standard",1,0,272000,272000,30240,83000,158760,0,17100,0,17100,,0,317520,,27/06/2026 10:31:17	,28/06/2026 20:16:21	,27/06/2026 10:38:22	,27/06/2026 11:11:46	,28/06/2026 20:16:21	,"	",,,Fulfillment by seller,Kho HN,861995088656,Standard shipping,J&T Express,,n***hanh1703,N***** D***,(+84)036*****68,Việt Nam,Hà Nội,Hoàng Mai,*********,********************,,Cash on delivery,0.5,Bath & Shower,1201429289635514232	,,Unchecked,,Videos,ahau.phuongthao
584728434261591928	,Shipped,Delivered,,Normal,1732250914985380060	,ST01240,"Sữa Tắm/Gel Tắm Pháp Le Petit Marseillais Thiên Nhiên 250ml - Sữa Tắm Lưu Hương Lành Tính - Dịu Nhẹ, An Toàn Cho Da","Đào Trắng & Quả Xuân Đào, Standard",1,0,272000,272000,30240,83000,158760,0,17100,0,17100,,0,317520,,27/06/2026 10:31:17	,28/06/2026 20:16:21	,27/06/2026 10:38:22	,27/06/2026 11:11:46	,28/06/2026 20:16:21	,"	",,,Fulfillment by seller,Kho HN,861995088656,Standard shipping,J&T Express,,n***hanh1703,N***** D***,(+84)036*****68,Việt Nam,Hà Nội,Hoàng Mai,*********,********************,,Cash on delivery,0.5,Bath & Shower,1201429289635514232	,,Unchecked,,Videos,ahau.phuongthao
584728434261591928	,Shipped,Completed,,Normal,1734496577198523612	,1 BÁNH-XP,Xà Phòng Le Petit Marseillais Chính Hãng Bánh Xà Phòng Tắm Thiên Nhiên (Ngẫu nhiên)  1 Bánh,Mặc định,1,0,0,0,0,0,0,0,17100,0,17100,,0,317520,,27/06/2026 10:31:17	,28/06/2026 20:16:21	,27/06/2026 10:38:22	,27/06/2026 11:11:46	,28/06/2026 20:16:21	,"	",,,Fulfillment by seller,Kho HN,861995088656,Standard shipping,J&T Express,,n***hanh1703,N***** D***,(+84)036*****68,Việt Nam,Hà Nội,Hoàng Mai,*********,********************,,Cash on delivery,0.1,Bath & Shower,1201429289635514232	,,Unchecked,,Videos,ahau.phuongthao
584727312778561317	,Shipped,Completed,,Normal,1731317148230255836	,BONG TAM HQ,[Quà tặng không bán] Bông Tắm Tạo Bọt Mềm Mịn,Mặc định,1,0,0,0,0,0,0,0,35100,0,35100,,0,170100,,27/06/2026 09:14:00	,27/06/2026 09:14:02	,27/06/2026 09:28:02	,27/06/2026 11:09:55	,30/06/2026 14:31:23	,"	",,,Fulfillment by seller,Kho HN,861975608246,Standard shipping,J&T Express,,d***j3p1q0x7,n***** t**** k***,(+84)983****49,Việt Nam,Lạng Sơn,Xã Hữu Lũng,***********,***********************************************,,TikTok Pay Balance,0.5,"Loofahs, Sponges, & Poufs",1201420204481546021	,,Unchecked,,Product cards,
584727312778561317	,Shipped,Delivered,,Normal,1732250914985380060	,ST01240,"Sữa Tắm/Gel Tắm Pháp Le Petit Marseillais Thiên Nhiên 250ml - Sữa Tắm Lưu Hương Lành Tính - Dịu Nhẹ, An Toàn Cho Da","Đào Trắng & Quả Xuân Đào, Standard",1,0,272000,272000,18900,83000,170100,0,35100,0,35100,,0,170100,,27/06/2026 09:14:00	,27/06/2026 09:14:02	,27/06/2026 09:28:02	,27/06/2026 11:09:55	,30/06/2026 14:31:23	,"	",,,Fulfillment by seller,Kho HN,861975608246,Standard shipping,J&T Express,,d***j3p1q0x7,n***** t**** k***,(+84)983****49,Việt Nam,Lạng Sơn,Xã Hữu Lũng,***********,***********************************************,,TikTok Pay Balance,0.5,Bath & Shower,1201420204481546021	,,Unchecked,,Product cards,
584726588367144555	,Shipped,Delivered,,Normal,1734496577198523612	,1 BÁNH-XP,Xà Phòng Le Petit Marseillais Chính Hãng Bánh Xà Phòng Tắm Thiên Nhiên (Ngẫu nhiên)  1 Bánh,Mặc định,1,0,75000,75000,0,0,75000,0,30300,0,30300,,0,75000,,27/06/2026 08:09:29	,28/06/2026 12:29:34	,27/06/2026 08:56:06	,27/06/2026 11:09:55	,28/06/2026 12:29:34	,"	",,,Fulfillment by seller,Kho HN,861969417886,Standard shipping,J&T Express,,.***574,Đ* đ*** l****,(+84)979****38,Việt Nam,Hải Phòng,Xã Thái Tân,***********,*************************************,,Cash on delivery,0.1,Bath & Shower,1201411493630740075	,,Unchecked,,Videos,onggiatichcuc79
584724407634724275	,Shipped,Completed,,Normal,1731317148230255836	,BONG TAM HQ,[Quà tặng không bán] Bông Tắm Tạo Bọt Mềm Mịn,Mặc định,1,0,0,0,0,0,0,0,35500,0,35500,,0,171750,,27/06/2026 01:55:04	,29/06/2026 10:04:18	,27/06/2026 07:54:11	,27/06/2026 11:09:55	,29/06/2026 10:04:18	,"	",,,Fulfillment by seller,Kho HN,861980477166,Standard shipping,J&T Express,,p***wpeww,H**** K** B***,(+84)329****62,Việt Nam,Đà Nẵng,Phường Cẩm Lệ,*************,*************************,,Cash on delivery,0.5,"Loofahs, Sponges, & Poufs",1201394761888859571	,,Unchecked,,Product cards,
584724407634724275	,Shipped,Delivered,,Normal,1732251749141285084	,ST04371,"Sữa Tắm Pháp Le Petit Marseillais Cho Nam Chiết Xuất Thiên Nhiên 4in1 Nhiều Mùi Hương Dưỡng Ẩm, Thơm Lâu - Phù Hợp Mọi Loại Da (250ml)","Hương Gừng & Gỗ Bách, Standard",1,0,272000,272000,33250,67000,171750,0,35500,0,35500,,0,171750,,27/06/2026 01:55:04	,29/06/2026 10:04:18	,27/06/2026 07:54:11	,27/06/2026 11:09:55	,29/06/2026 10:04:18	,"	",,,Fulfillment by seller,Kho HN,861980477166,Standard shipping,J&T Express,,p***wpeww,H**** K** B***,(+84)329****62,Việt Nam,Đà Nẵng,Phường Cẩm Lệ,*************,*************************,,Cash on delivery,0.5,Bath & Shower,1201394761888859571	,,Unchecked,,Product cards,
584721824886260817	,Canceled,Canceled,Cancel,Normal,1732250801269016796	,ST01288,"Sữa Tắm/Gel Tắm Pháp Le Petit Marseillais Chiết Xuất Thiên Nhiên 650ml - Sữa Tắm Lưu Hương Lành Tính - Dịu Nhẹ, An Toàn Cho Da","Đào Trắng & Quả Xuân Đào, Standard",1,1,519000,519000,59350,124000,335650,0,17100,0,17100,,0,335650,335650,26/06/2026 21:39:34	,"	","	","	","	",26/06/2026 22:00:16	,User,No longer needed,Fulfillment by seller,Kho HCMC,,Standard shipping,,,h***bbf88,P***** U***,(+84)967****04,Việt Nam,Hồ Chí Minh,Bình Thạnh,*********,*******************************,,Cash on delivery,1,Bath & Shower,1201382820998906961	,,Unchecked,,Videos,tikkaisweird
584721824886260817	,Canceled,Canceled,Cancel,Normal,1735803348866008284	,DX74752,Dầu Xả Cấp Ẩm Le Petit Marseillais Nước Dừa Hữu Cơ 200ml,Mặc định,1,1,0,0,0,0,0,0,17100,0,17100,,0,335650,0,26/06/2026 21:39:34	,"	","	","	","	",26/06/2026 22:00:16	,User,No longer needed,Fulfillment by seller,Kho HCMC,,Standard shipping,,,h***bbf88,P***** U***,(+84)967****04,Việt Nam,Hồ Chí Minh,Bình Thạnh,*********,*******************************,,Cash on delivery,0.25,Shampoo & Conditioner,1201382820998906961	,,Unchecked,,Videos,tikkaisweird
584721569381451208	,Shipped,Delivered,,Normal,1735803334624117980	,DG37467,Dầu Gội Pháp Le Petit Marseillais Ngăn ngừa gàu Trà Xanh Hữu Cơ 250ml,Mặc định,1,0,350000,350000,7000,80000,263000,0,14000,0,14000,,0,263000,,26/06/2026 21:23:52	,28/06/2026 14:50:20	,27/06/2026 07:54:11	,27/06/2026 11:09:55	,28/06/2026 14:50:20	,"	",,,Fulfillment by seller,Kho HN,861901627166,Standard shipping,J&T Express,,d***mperperson,T***,(+84)963****11,Việt Nam,Hà Nội,Long Biên,********,************************************,,Cash on delivery,0.3,Shampoo & Conditioner,1201381821801006536	,,Unchecked,,Product cards,
584721430452012837	,Canceled,Canceled,Cancel,Normal,1731317148230255836	,BONG TAM HQ,[Quà tặng không bán] Bông Tắm Tạo Bọt Mềm Mịn,Mặc định,1,1,0,0,0,0,0,0,35100,0,35100,,0,182450,0,26/06/2026 21:14:32	,26/06/2026 21:15:03	,27/06/2026 07:54:11	,"	","	",27/06/2026 09:13:09	,User,No longer needed,Fulfillment by seller,Kho HN,861954207206,Standard shipping,J&T Express,,d***j3p1q0x7,n***** t**** k***,(+84)983****49,Việt Nam,Lạng Sơn,Xã Hữu Lũng,***********,***********************************************,,VNPAY,0.5,"Loofahs, Sponges, & Poufs",1201381653116389157	,,Unchecked,,Product cards,
584721430452012837	,Canceled,Canceled,Cancel,Normal,1732251749141022940	,ST01431,"Sữa Tắm Pháp Le Petit Marseillais Cho Nam Chiết Xuất Thiên Nhiên 4in1 Nhiều Mùi Hương Dưỡng Ẩm, Thơm Lâu - Phù Hợp Mọi Loại Da (250ml)","Hương Cam & Tinh Dầu Argan, Standard",1,1,272000,272000,22550,67000,182450,0,35100,0,35100,,0,182450,182450,26/06/2026 21:14:32	,26/06/2026 21:15:03	,27/06/2026 07:54:11	,"	","	",27/06/2026 09:13:09	,User,No longer needed,Fulfillment by seller,Kho HN,861954207206,Standard shipping,J&T Express,,d***j3p1q0x7,n***** t**** k***,(+84)983****49,Việt Nam,Lạng Sơn,Xã Hữu Lũng,***********,***********************************************,,VNPAY,0.5,Bath & Shower,1201381653116389157	,,Unchecked,,Product cards,
584720487795688634	,Shipped,Completed,,Normal,1735803348866008284	,DX74752,Dầu Xả Cấp Ẩm Le Petit Marseillais Nước Dừa Hữu Cơ 200ml,Mặc định,1,0,0,0,0,0,0,0,17100,0,17100,,0,395000,,26/06/2026 20:14:31	,28/06/2026 10:43:45	,26/06/2026 20:53:50	,27/06/2026 11:29:18	,28/06/2026 10:43:45	,"	",,,Fulfillment by seller,Kho HCMC,861987426096,Standard shipping,J&T Express,,t***gthuy420,p***** H**,(+84)097*****42,Việt Nam,Hồ Chí Minh,Phường An Hội Tây,*****************,*************************************************,,Cash on delivery,0.25,Shampoo & Conditioner,1201376176237479098	,,Unchecked,,LIVE,lepetitmarseillaisvn
584720487795688634	,Shipped,Delivered,,Normal,1732250801268951260	,ST68823,"Sữa Tắm/Gel Tắm Pháp Le Petit Marseillais Chiết Xuất Thiên Nhiên 650ml - Sữa Tắm Lưu Hương Lành Tính - Dịu Nhẹ, An Toàn Cho Da","Hương Xoài & Chanh Dây, Standard",1,0,519000,519000,0,124000,395000,0,17100,0,17100,,0,395000,,26/06/2026 20:14:31	,28/06/2026 10:43:45	,26/06/2026 20:53:50	,27/06/2026 11:29:18	,28/06/2026 10:43:45	,"	",,,Fulfillment by seller,Kho HCMC,861987426096,Standard shipping,J&T Express,,t***gthuy420,p***** H**,(+84)097*****42,Việt Nam,Hồ Chí Minh,Phường An Hội Tây,*****************,*************************************************,,Cash on delivery,1,Bath & Shower,1201376176237479098	,,Unchecked,,LIVE,lepetitmarseillaisvn
584720437059421673	,Shipped,Delivered,,Normal,1732250801268689116	,ST01902,"Sữa Tắm/Gel Tắm Pháp Le Petit Marseillais Chiết Xuất Thiên Nhiên 650ml - Sữa Tắm Lưu Hương Lành Tính - Dịu Nhẹ, An Toàn Cho Da","Thông & Bạch Đàn Biển, Standard",1,0,519000,519000,59250,124000,335750,0,17100,0,17100,,0,335750,,26/06/2026 20:07:19	,28/06/2026 17:02:55	,26/06/2026 20:53:50	,27/06/2026 11:29:18	,28/06/2026 17:02:55	,"	",,,Fulfillment by seller,Kho HCMC,861936706126,Standard shipping,J&T Express,,m***9888,余****,(+84)339****34,越南,胡志明市,Phuong Binh Duong,**********,*********************************************************************************************************************,********************************************************************************************************************,Cash on delivery,1,Bath & Shower,1201376217986991593	,,Unchecked,,LIVE,lepetitmarseillaisvn
584720437059421673	,Shipped,Completed,,Normal,1735803348866008284	,DX74752,Dầu Xả Cấp Ẩm Le Petit Marseillais Nước Dừa Hữu Cơ 200ml,Mặc định,1,0,0,0,0,0,0,0,17100,0,17100,,0,335750,,26/06/2026 20:07:19	,28/06/2026 17:02:55	,26/06/2026 20:53:50	,27/06/2026 11:29:18	,28/06/2026 17:02:55	,"	",,,Fulfillment by seller,Kho HCMC,861936706126,Standard shipping,J&T Express,,m***9888,余****,(+84)339****34,越南,胡志明市,Phuong Binh Duong,**********,*********************************************************************************************************************,********************************************************************************************************************,Cash on delivery,0.25,Shampoo & Conditioner,1201376217986991593	,,Unchecked,,LIVE,lepetitmarseillaisvn
584720093196223542	,Shipped,Delivered,,Normal,1732250801269082332	,ST00557,"Sữa Tắm/Gel Tắm Pháp Le Petit Marseillais Chiết Xuất Thiên Nhiên 650ml - Sữa Tắm Lưu Hương Lành Tính - Dịu Nhẹ, An Toàn Cho Da","Vani, Standard",1,0,519000,519000,71100,124000,323900,0,17100,0,17100,,0,323900,,26/06/2026 19:51:48	,26/06/2026 19:51:54	,26/06/2026 20:53:50	,27/06/2026 11:09:55	,28/06/2026 10:31:16	,"	",,,Fulfillment by seller,Kho HN,861912866126,Standard shipping,J&T Express,,l***uyenvu,V* L** D****,(+84)035*****10,Việt Nam,Hà Nội,Bắc Từ Liêm,*********,*****************************************************,*******,Apple Pay,1,Bath & Shower,1201374679934141494	,,Unchecked,,LIVE,lepetitmarseillaisvn
584720093196223542	,Shipped,Completed,,Normal,1735803348866008284	,DX74752,Dầu Xả Cấp Ẩm Le Petit Marseillais Nước Dừa Hữu Cơ 200ml,Mặc định,1,0,0,0,0,0,0,0,17100,0,17100,,0,323900,,26/06/2026 19:51:48	,26/06/2026 19:51:54	,26/06/2026 20:53:50	,27/06/2026 11:09:55	,28/06/2026 10:31:16	,"	",,,Fulfillment by seller,Kho HN,861912866126,Standard shipping,J&T Express,,l***uyenvu,V* L** D****,(+84)035*****10,Việt Nam,Hà Nội,Bắc Từ Liêm,*********,*****************************************************,*******,Apple Pay,0.25,Shampoo & Conditioner,1201374679934141494	,,Unchecked,,LIVE,lepetitmarseillaisvn
584720044351391283	,Canceled,Canceled,Cancel,Normal,1732251905364035804	,ST53362,Sữa tắm Thiên Nhiên Pháp Le Petit Marseillais Nhiều Mùi Hương Dịu Nhẹ Cho Da Nhạy Cảm 400ml - Phù Hợp Mọi Loại Da,"Dầu Hạnh Nhân, Standard",3,3,441000,1323000,227700,333000,762300,0,62200,0,62200,,0,762300,762300,26/06/2026 19:49:53	,"	","	","	","	",26/06/2026 19:52:41	,User,No longer needed,Fulfillment by seller,Kho HN,,Standard shipping,,,d***hojk,T*** T** T** T***,(+84)090*****09,Việt Nam,Hồ Chí Minh,Phường Gia Định,***************,*******************************************,,Cash on delivery,2.7,Bath & Shower,1201374931097847347	,,Unchecked,,LIVE,lepetitmarseillaisvn
584719739871594035	,Canceled,Canceled,Cancel,Normal,1732251905364035804	,ST53362,Sữa tắm Thiên Nhiên Pháp Le Petit Marseillais Nhiều Mùi Hương Dịu Nhẹ Cho Da Nhạy Cảm 400ml - Phù Hợp Mọi Loại Da,"Dầu Hạnh Nhân, Standard",2,2,441000,882000,151800,222000,508200,0,49000,0,49000,,0,508200,508200,26/06/2026 19:30:12	,"	","	","	","	",26/06/2026 19:49:27	,System,This order has been cancelled because other orders within the same checkout were cancelled.,Fulfillment by seller,Kho HN,,Standard shipping,,,d***hojk,T*** T** T** T***,(+84)090*****09,Việt Nam,Hồ Chí Minh,Phường Gia Định,***************,*******************************************,,Cash on delivery,1.8,Bath & Shower,1201372457403385395	,,Unchecked,,LIVE,lepetitmarseillaisvn
584719739871462963	,Canceled,Canceled,Cancel,Normal,1732251905363708124	,ST55031,Sữa tắm Thiên Nhiên Pháp Le Petit Marseillais Nhiều Mùi Hương Dịu Nhẹ Cho Da Nhạy Cảm 400ml - Phù Hợp Mọi Loại Da,"Lô Hội, Standard",1,1,441000,441000,75900,111000,254100,0,15800,0,15800,,0,254100,254100,26/06/2026 19:30:12	,"	","	","	","	",26/06/2026 19:49:26	,User,Better price available,Fulfillment by seller,Kho HCMC,,Standard shipping,,,d***hojk,T*** T** T** T***,(+84)090*****09,Việt Nam,Hồ Chí Minh,Phường Gia Định,***************,*******************************************,,Cash on delivery,0.9,Bath & Shower,1201372457508439603	,,Unchecked,,Product cards,
584717068690490979	,Shipped,Delivered,,Normal,1732250801269016796	,ST01288,"Sữa Tắm/Gel Tắm Pháp Le Petit Marseillais Chiết Xuất Thiên Nhiên 650ml - Sữa Tắm Lưu Hương Lành Tính - Dịu Nhẹ, An Toàn Cho Da","Đào Trắng & Quả Xuân Đào, Standard",1,0,519000,519000,68000,119000,332000,0,17100,0,17100,,0,332000,,26/06/2026 16:21:09	,26/06/2026 16:21:15	,26/06/2026 17:02:56	,27/06/2026 11:09:55	,28/06/2026 15:20:17	,"	",,,Fulfillment by seller,Kho HN,861933365726,Standard shipping,J&T Express,,e***nguyen.9x,E** N*****,(+84)966****69,Việt Nam,Hà Nội,Đống Đa,***********,****************************************************************,,Credit/debit card,1,Bath & Shower,1201356072536409699	,,Unchecked,,Product cards,
584717068690490979	,Shipped,Completed,,Normal,1735803348866008284	,DX74752,Dầu Xả Cấp Ẩm Le Petit Marseillais Nước Dừa Hữu Cơ 200ml,Mặc định,1,0,0,0,0,0,0,0,17100,0,17100,,0,332000,,26/06/2026 16:21:09	,26/06/2026 16:21:15	,26/06/2026 17:02:56	,27/06/2026 11:09:55	,28/06/2026 15:20:17	,"	",,,Fulfillment by seller,Kho HN,861933365726,Standard shipping,J&T Express,,e***nguyen.9x,E** N*****,(+84)966****69,Việt Nam,Hà Nội,Đống Đa,***********,****************************************************************,,Credit/debit card,0.25,Shampoo & Conditioner,1201356072536409699	,,Unchecked,,Product cards,
584716406367094148	,Completed,Completed,,Normal,1732250914985183452	,ST00526,"Sữa Tắm/Gel Tắm Pháp Le Petit Marseillais Thiên Nhiên 250ml - Sữa Tắm Lưu Hương Lành Tính - Dịu Nhẹ, An Toàn Cho Da","Vani, Standard",1,0,272000,272000,28550,83000,160450,0,21100,0,21100,,0,160450,,26/06/2026 15:25:02	,27/06/2026 15:02:49	,26/06/2026 15:49:39	,26/06/2026 16:20:09	,27/06/2026 15:02:49	,"	",,,Fulfillment by seller,Kho HN,861940315426,Standard shipping,J&T Express,,h***0397,H* P*****,(+84)832****27,Việt Nam,Thái Bình,Đông Hưng,********,*************,***********,Cash on delivery,0.5,Bath & Shower,1201348911968650628	,,Unchecked,,Videos,ahau.phuongthao
584716406367094148	,Completed,Completed,,Normal,1731317148230255836	,BONG TAM HQ,[Quà tặng không bán] Bông Tắm Tạo Bọt Mềm Mịn,Mặc định,1,0,0,0,0,0,0,0,21100,0,21100,,0,160450,,26/06/2026 15:25:02	,27/06/2026 15:02:49	,26/06/2026 15:49:39	,26/06/2026 16:20:09	,27/06/2026 15:02:49	,"	",,,Fulfillment by seller,Kho HN,861940315426,Standard shipping,J&T Express,,h***0397,H* P*****,(+84)832****27,Việt Nam,Thái Bình,Đông Hưng,********,*************,***********,Cash on delivery,0.5,"Loofahs, Sponges, & Poufs",1201348911968650628	,,Unchecked,,Videos,ahau.phuongthao
584716272437724489	,Completed,Completed,,Normal,1731317148230255836	,BONG TAM HQ,[Quà tặng không bán] Bông Tắm Tạo Bọt Mềm Mịn,Mặc định,1,0,0,0,0,0,0,0,15800,0,15800,,0,205000,,26/06/2026 15:22:17	,27/06/2026 11:40:01	,26/06/2026 15:24:14	,26/06/2026 16:08:24	,27/06/2026 11:40:01	,"	",,,Fulfillment by seller,Kho HCMC,861957765296,Standard shipping,J&T Express,,t***minh.83,t*** M*** 9*,(+84)987****38,Việt Nam,Hồ Chí Minh,Phường Tân Hòa,**************,********************************,,Cash on delivery,0.5,"Loofahs, Sponges, & Poufs",1201348556503483721	,,Unchecked,,Videos,xanh.duong97
584716272437724489	,Completed,Completed,,Normal,1732251749141219548	,ST01172,"Sữa Tắm Pháp Le Petit Marseillais Cho Nam Chiết Xuất Thiên Nhiên 4in1 Nhiều Mùi Hương Dưỡng Ẩm, Thơm Lâu - Phù Hợp Mọi Loại Da (250ml)","Hương Gỗ Tuyết Tùng & Dương Xỉ, Standard",1,0,272000,272000,0,67000,205000,0,15800,0,15800,,0,205000,,26/06/2026 15:22:17	,27/06/2026 11:40:01	,26/06/2026 15:24:14	,26/06/2026 16:08:24	,27/06/2026 11:40:01	,"	",,,Fulfillment by seller,Kho HCMC,861957765296,Standard shipping,J&T Express,,t***minh.83,t*** M*** 9*,(+84)987****38,Việt Nam,Hồ Chí Minh,Phường Tân Hòa,**************,********************************,,Cash on delivery,0.5,Bath & Shower,1201348556503483721	,,Unchecked,,Videos,xanh.duong97
584716282590561564	,Completed,Completed,,Normal,1731317148230255836	,BONG TAM HQ,[Quà tặng không bán] Bông Tắm Tạo Bọt Mềm Mịn,Mặc định,1,0,0,0,0,0,0,0,15800,0,15800,,0,210000,,26/06/2026 15:21:49	,27/06/2026 10:48:53	,26/06/2026 15:22:07	,26/06/2026 16:08:24	,27/06/2026 10:48:53	,"	",,,Fulfillment by seller,Kho HCMC,861967785286,Standard shipping,J&T Express,,n***ame97232,u*****************,(+84)988****13,Việt Nam,Hồ Chí Minh,Phường Tân Hưng,***************,***************************,,Cash on delivery,0.5,"Loofahs, Sponges, & Poufs",1201348363027580188	,,Unchecked,,Videos,duongmanhkien19
584716282590561564	,Completed,Completed,,Normal,1732251749141219548	,ST01172,"Sữa Tắm Pháp Le Petit Marseillais Cho Nam Chiết Xuất Thiên Nhiên 4in1 Nhiều Mùi Hương Dưỡng Ẩm, Thơm Lâu - Phù Hợp Mọi Loại Da (250ml)","Hương Gỗ Tuyết Tùng & Dương Xỉ, Standard",1,0,272000,272000,0,62000,210000,0,15800,0,15800,,0,210000,,26/06/2026 15:21:49	,27/06/2026 10:48:53	,26/06/2026 15:22:07	,26/06/2026 16:08:24	,27/06/2026 10:48:53	,"	",,,Fulfillment by seller,Kho HCMC,861967785286,Standard shipping,J&T Express,,n***ame97232,u*****************,(+84)988****13,Việt Nam,Hồ Chí Minh,Phường Tân Hưng,***************,***************************,,Cash on delivery,0.5,Bath & Shower,1201348363027580188	,,Unchecked,,Videos,duongmanhkien19
584715859185206326	,Completed,Completed,,Normal,1734496577198523612	,1 BÁNH-XP,Xà Phòng Le Petit Marseillais Chính Hãng Bánh Xà Phòng Tắm Thiên Nhiên (Ngẫu nhiên)  1 Bánh,Mặc định,1,0,75000,75000,0,0,75000,0,26200,0,26200,,0,75000,,26/06/2026 14:47:51	,26/06/2026 14:47:52	,26/06/2026 14:48:48	,26/06/2026 16:20:09	,27/06/2026 09:25:29	,"	",,,Fulfillment by seller,Kho HN,861986635116,Standard shipping,J&T Express,,n***bich0077,n**,(+84)091*****86,Việt Nam,Tỉnh Nam Định,Nam Định,********,******************,,TikTok Shop Balance,0.1,Bath & Shower,1201344766381753398	,,Unchecked,,Videos,mythi_fr
584715178076243252	,Shipped,Completed,,Normal,1731317148230255836	,BONG TAM HQ,[Quà tặng không bán] Bông Tắm Tạo Bọt Mềm Mịn,Mặc định,1,0,0,0,0,0,0,0,15800,0,15800,,0,210000,,26/06/2026 14:02:19	,28/06/2026 18:54:14	,26/06/2026 14:12:04	,26/06/2026 15:14:19	,28/06/2026 18:54:14	,"	",,,Fulfillment by seller,Kho HCMC,861922424866,Standard shipping,J&T Express,,h***070,H** N*****,(+84)937****93,Việt Nam,Bà Rịa - Vũng Tàu,Vũng Tàu,********,************************,,Cash on delivery,0.5,"Loofahs, Sponges, & Poufs",1201338199244440884	,,Unchecked,,Videos,lepthelittlekid
584715178076243252	,Shipped,Delivered,,Normal,1732251749141154012	,ST01356,"Sữa Tắm Pháp Le Petit Marseillais Cho Nam Chiết Xuất Thiên Nhiên 4in1 Nhiều Mùi Hương Dưỡng Ẩm, Thơm Lâu - Phù Hợp Mọi Loại Da (250ml)","Hương Thông & Bạch Đàn Biển, Standard",1,0,272000,272000,0,62000,210000,0,15800,0,15800,,0,210000,,26/06/2026 14:02:19	,28/06/2026 18:54:14	,26/06/2026 14:12:04	,26/06/2026 15:14:19	,28/06/2026 18:54:14	,"	",,,Fulfillment by seller,Kho HCMC,861922424866,Standard shipping,J&T Express,,h***070,H** N*****,(+84)937****93,Việt Nam,Bà Rịa - Vũng Tàu,Vũng Tàu,********,************************,,Cash on delivery,0.5,Bath & Shower,1201338199244440884	,,Unchecked,,Videos,lepthelittlekid
584715171201516790	,Shipped,Completed,,Normal,1731317148230255836	,BONG TAM HQ,[Quà tặng không bán] Bông Tắm Tạo Bọt Mềm Mịn,Mặc định,1,0,0,0,0,0,0,0,35100,0,35100,,0,210000,,26/06/2026 13:58:35	,28/06/2026 18:21:52	,26/06/2026 14:12:04	,26/06/2026 16:20:09	,28/06/2026 18:21:52	,"	",,,Fulfillment by seller,Kho HN,861961884866,Standard shipping,J&T Express,,t***c51,T* N**,(+84)083*****99,Việt Nam,Sơn La,Phù Yên,*******,*********,,Cash on delivery,0.5,"Loofahs, Sponges, & Poufs",1201338964807156982	,,Unchecked,,Videos,duongmanhkien19
584715171201516790	,Shipped,Delivered,,Normal,1732251749141022940	,ST01431,"Sữa Tắm Pháp Le Petit Marseillais Cho Nam Chiết Xuất Thiên Nhiên 4in1 Nhiều Mùi Hương Dưỡng Ẩm, Thơm Lâu - Phù Hợp Mọi Loại Da (250ml)","Hương Cam & Tinh Dầu Argan, Standard",1,0,272000,272000,0,62000,210000,0,35100,0,35100,,0,210000,,26/06/2026 13:58:35	,28/06/2026 18:21:52	,26/06/2026 14:12:04	,26/06/2026 16:20:09	,28/06/2026 18:21:52	,"	",,,Fulfillment by seller,Kho HN,861961884866,Standard shipping,J&T Express,,t***c51,T* N**,(+84)083*****99,Việt Nam,Sơn La,Phù Yên,*******,*********,,Cash on delivery,0.5,Bath & Shower,1201338964807156982	,,Unchecked,,Videos,duongmanhkien19
584714596261070139	,Completed,Completed,,Normal,1731317148230255836	,BONG TAM HQ,[Quà tặng không bán] Bông Tắm Tạo Bọt Mềm Mịn,Mặc định,1,0,0,0,0,0,0,0,20900,0,20900,,0,210000,,26/06/2026 13:15:40	,27/06/2026 21:25:41	,26/06/2026 13:27:40	,26/06/2026 16:20:09	,27/06/2026 21:25:41	,"	",,,Fulfillment by seller,Kho HN,861995954436,Standard shipping,J&T Express,,u***8149749874077,H**********,(+84)356****88,Việt Nam,Hà Nội,Đông Anh,********,*****,*****************************,Cash on delivery,0.5,"Loofahs, Sponges, & Poufs",1201333079674488123	,,Unchecked,,Videos,
584714596261070139	,Completed,Completed,,Normal,1732251749141219548	,ST01172,"Sữa Tắm Pháp Le Petit Marseillais Cho Nam Chiết Xuất Thiên Nhiên 4in1 Nhiều Mùi Hương Dưỡng Ẩm, Thơm Lâu - Phù Hợp Mọi Loại Da (250ml)","Hương Gỗ Tuyết Tùng & Dương Xỉ, Standard",1,0,272000,272000,0,62000,210000,0,20900,0,20900,,0,210000,,26/06/2026 13:15:40	,27/06/2026 21:25:41	,26/06/2026 13:27:40	,26/06/2026 16:20:09	,27/06/2026 21:25:41	,"	",,,Fulfillment by seller,Kho HN,861995954436,Standard shipping,J&T Express,,u***8149749874077,H**********,(+84)356****88,Việt Nam,Hà Nội,Đông Anh,********,*****,*****************************,Cash on delivery,0.5,Bath & Shower,1201333079674488123	,,Unchecked,,Videos,
584714532435559516	,Completed,Completed,,Normal,1732251749141219548	,ST01172,"Sữa Tắm Pháp Le Petit Marseillais Cho Nam Chiết Xuất Thiên Nhiên 4in1 Nhiều Mùi Hương Dưỡng Ẩm, Thơm Lâu - Phù Hợp Mọi Loại Da (250ml)","Hương Gỗ Tuyết Tùng & Dương Xỉ, Standard",2,0,272000,544000,0,134000,410000,0,22100,0,22100,,0,410000,,26/06/2026 13:10:28	,27/06/2026 19:22:29	,26/06/2026 13:27:40	,26/06/2026 16:20:09	,27/06/2026 19:22:29	,"	",,,Fulfillment by seller,Kho HN,861928284456,Standard shipping,J&T Express,,k***hbom.89,K****,(+84)965****66,Việt Nam,Hà Nội,Sơn Tây,**********,*************************************************,****,Cash on delivery,1,Bath & Shower,1201333027242148956	,,Unchecked,,Videos,duongmanhkien19
584714532435559516	,Completed,Completed,,Normal,1733398526731846876	,ST04371,Sữa Tắm Nam 4 in 1 Thiên Nhiên Le Petit Marseillais Chiết Xuất Gừng & Gỗ Bách Hương 250ml 4371,Mặc định,1,0,0,0,0,0,0,0,22100,0,22100,,0,410000,,26/06/2026 13:10:28	,27/06/2026 19:22:29	,26/06/2026 13:27:40	,26/06/2026 16:20:09	,27/06/2026 19:22:29	,"	",,,Fulfillment by seller,Kho HN,861928284456,Standard shipping,J&T Express,,k***hbom.89,K****,(+84)965****66,Việt Nam,Hà Nội,Sơn Tây,**********,*************************************************,****,Cash on delivery,0.4,Bath & Body Care,1201333027242148956	,,Unchecked,,Videos,duongmanhkien19
584714370638382143	,Completed,Completed,,Normal,1731317148230255836	,BONG TAM HQ,[Quà tặng không bán] Bông Tắm Tạo Bọt Mềm Mịn,Mặc định,1,0,0,0,0,0,0,0,15800,0,15800,,0,160650,,26/06/2026 13:02:28	,27/06/2026 19:51:54	,26/06/2026 13:27:40	,26/06/2026 16:20:09	,27/06/2026 19:51:54	,"	",,,Fulfillment by seller,Kho HN,861959154426,Standard shipping,J&T Express,,v***hue048,V*********,(+84)973****08,Việt Nam,Hà Nội,Thanh Xuân,***********,*****************************,,Cash on delivery,0.5,"Loofahs, Sponges, & Poufs",1201330631640187967	,,Unchecked,,Videos,ahau.phuongthao
584714370638382143	,Completed,Completed,,Normal,1732250914985052380	,ST48441,"Sữa Tắm/Gel Tắm Pháp Le Petit Marseillais Thiên Nhiên 250ml - Sữa Tắm Lưu Hương Lành Tính - Dịu Nhẹ, An Toàn Cho Da","Quả Mâm Xôi & Hoa Mẫu Đơn, Standard",1,0,272000,272000,28350,83000,160650,0,15800,0,15800,,0,160650,,26/06/2026 13:02:28	,27/06/2026 19:51:54	,26/06/2026 13:27:40	,26/06/2026 16:20:09	,27/06/2026 19:51:54	,"	",,,Fulfillment by seller,Kho HN,861959154426,Standard shipping,J&T Express,,v***hue048,V*********,(+84)973****08,Việt Nam,Hà Nội,Thanh Xuân,***********,*****************************,,Cash on delivery,0.5,Bath & Shower,1201330631640187967	,,Unchecked,,Videos,ahau.phuongthao
584714169734431909	,Completed,Completed,,Normal,1731317148230255836	,BONG TAM HQ,[Quà tặng không bán] Bông Tắm Tạo Bọt Mềm Mịn,Mặc định,1,0,0,0,0,0,0,0,29700,0,29700,,0,194750,,26/06/2026 12:48:01	,26/06/2026 12:48:05	,26/06/2026 13:27:40	,26/06/2026 15:14:19	,27/06/2026 18:27:41	,"	",,,Fulfillment by seller,Kho HCMC,861921504466,Standard shipping,J&T Express,,h***phanthanh04,H*** p***,(+84)094*****32,Việt Nam,An Giang,Phường Châu Đốc,***************,****************,,Zalopay,0.5,"Loofahs, Sponges, & Poufs",1201329337342657701	,,Unchecked,,Videos,gentlegrooming0
584714169734431909	,Completed,Completed,,Normal,1732251749141154012	,ST01356,"Sữa Tắm Pháp Le Petit Marseillais Cho Nam Chiết Xuất Thiên Nhiên 4in1 Nhiều Mùi Hương Dưỡng Ẩm, Thơm Lâu - Phù Hợp Mọi Loại Da (250ml)","Hương Thông & Bạch Đàn Biển, Standard",1,0,272000,272000,10250,67000,194750,0,29700,0,29700,,0,194750,,26/06/2026 12:48:01	,26/06/2026 12:48:05	,26/06/2026 13:27:40	,26/06/2026 15:14:19	,27/06/2026 18:27:41	,"	",,,Fulfillment by seller,Kho HCMC,861921504466,Standard shipping,J&T Express,,h***phanthanh04,H*** p***,(+84)094*****32,Việt Nam,An Giang,Phường Châu Đốc,***************,****************,,Zalopay,0.5,Bath & Shower,1201329337342657701	,,Unchecked,,Videos,gentlegrooming0
584714019311224699	,Shipped,Delivered,,Normal,1732251749141219548	,ST01172,"Sữa Tắm Pháp Le Petit Marseillais Cho Nam Chiết Xuất Thiên Nhiên 4in1 Nhiều Mùi Hương Dưỡng Ẩm, Thơm Lâu - Phù Hợp Mọi Loại Da (250ml)","Hương Gỗ Tuyết Tùng & Dương Xỉ, Standard",1,0,272000,272000,0,67000,205000,0,35100,0,35100,,0,205000,,26/06/2026 12:36:45	,29/06/2026 15:38:27	,26/06/2026 13:27:40	,26/06/2026 16:20:09	,29/06/2026 15:38:27	,"	",,,Fulfillment by seller,Kho HN,861955954436,Standard shipping,J&T Express,,k***h842003,L***,(+84)828****88,Việt Nam,Lào Cai,Xã A Mú Sung,************,**************************************,****************************,Cash on delivery,0.5,Bath & Shower,1201327973049337723	,,Unchecked,,Videos,duongmanhkien19
584714019311224699	,Shipped,Completed,,Normal,1731317148230255836	,BONG TAM HQ,[Quà tặng không bán] Bông Tắm Tạo Bọt Mềm Mịn,Mặc định,1,0,0,0,0,0,0,0,35100,0,35100,,0,205000,,26/06/2026 12:36:45	,29/06/2026 15:38:27	,26/06/2026 13:27:40	,26/06/2026 16:20:09	,29/06/2026 15:38:27	,"	",,,Fulfillment by seller,Kho HN,861955954436,Standard shipping,J&T Express,,k***h842003,L***,(+84)828****88,Việt Nam,Lào Cai,Xã A Mú Sung,************,**************************************,****************************,Cash on delivery,0.5,"Loofahs, Sponges, & Poufs",1201327973049337723	,,Unchecked,,Videos,duongmanhkien19
584713866927965776	,Completed,Completed,,Normal,1731317148230255836	,BONG TAM HQ,[Quà tặng không bán] Bông Tắm Tạo Bọt Mềm Mịn,Mặc định,1,0,0,0,0,0,0,0,20900,0,20900,,0,205000,,26/06/2026 12:29:15	,27/06/2026 12:10:11	,26/06/2026 13:27:40	,26/06/2026 16:20:09	,27/06/2026 12:10:11	,"	",,,Fulfillment by seller,Kho HN,861930844436,Standard shipping,J&T Express,,s***van04,V** A**,(+84)967****96,Việt Nam,Hà Nội,Chương Mỹ,********,********************,,Cash on delivery,0.5,"Loofahs, Sponges, & Poufs",1201326699498735184	,,Unchecked,,Product cards,
584713866927965776	,Completed,Completed,,Normal,1732251749141219548	,ST01172,"Sữa Tắm Pháp Le Petit Marseillais Cho Nam Chiết Xuất Thiên Nhiên 4in1 Nhiều Mùi Hương Dưỡng Ẩm, Thơm Lâu - Phù Hợp Mọi Loại Da (250ml)","Hương Gỗ Tuyết Tùng & Dương Xỉ, Standard",1,0,272000,272000,0,67000,205000,0,20900,0,20900,,0,205000,,26/06/2026 12:29:15	,27/06/2026 12:10:11	,26/06/2026 13:27:40	,26/06/2026 16:20:09	,27/06/2026 12:10:11	,"	",,,Fulfillment by seller,Kho HN,861930844436,Standard shipping,J&T Express,,s***van04,V** A**,(+84)967****96,Việt Nam,Hà Nội,Chương Mỹ,********,********************,,Cash on delivery,0.5,Bath & Shower,1201326699498735184	,,Unchecked,,Product cards,
584713636480386842	,Canceled,Canceled,Cancel,Normal,1731317148230255836	,BONG TAM HQ,[Quà tặng không bán] Bông Tắm Tạo Bọt Mềm Mịn,Mặc định,1,1,0,0,0,0,0,0,47600,0,47600,,0,174250,0,26/06/2026 12:14:21	,"	",26/06/2026 13:27:40	,26/06/2026 16:20:09	,"	",01/07/2026 08:20:29	,System,Package delivery failed,Fulfillment by seller,Kho HN,861991664436,Standard shipping,J&T Express,,h***vu_1989,V* Q**** H***,(+84)917****99,Việt Nam,Huế,Xã Bình Điền,************,******************,,Cash on delivery,0.5,"Loofahs, Sponges, & Poufs",1201324891275101978	,,Unchecked,,Videos,duongmanhkien19
584713636480386842	,Canceled,Canceled,Cancel,Normal,1732251749141219548	,ST01172,"Sữa Tắm Pháp Le Petit Marseillais Cho Nam Chiết Xuất Thiên Nhiên 4in1 Nhiều Mùi Hương Dưỡng Ẩm, Thơm Lâu - Phù Hợp Mọi Loại Da (250ml)","Hương Gỗ Tuyết Tùng & Dương Xỉ, Standard",1,1,272000,272000,30750,67000,174250,0,47600,0,47600,,0,174250,174250,26/06/2026 12:14:21	,"	",26/06/2026 13:27:40	,26/06/2026 16:20:09	,"	",01/07/2026 08:20:29	,System,Package delivery failed,Fulfillment by seller,Kho HN,861991664436,Standard shipping,J&T Express,,h***vu_1989,V* Q**** H***,(+84)917****99,Việt Nam,Huế,Xã Bình Điền,************,******************,,Cash on delivery,0.5,Bath & Shower,1201324891275101978	,,Unchecked,,Videos,duongmanhkien19
584713518297417103	,Completed,Completed,,Normal,1734496577198523612	,1 BÁNH-XP,Xà Phòng Le Petit Marseillais Chính Hãng Bánh Xà Phòng Tắm Thiên Nhiên (Ngẫu nhiên)  1 Bánh,Mặc định,1,0,0,0,0,0,0,0,15800,0,15800,,0,283500,,26/06/2026 12:03:45	,27/06/2026 17:30:32	,26/06/2026 13:27:40	,26/06/2026 16:20:09	,27/06/2026 17:30:32	,"	",,,Fulfillment by seller,Kho HN,861975954436,Standard shipping,J&T Express,,c***ocute,A***,(+84)941****01,Việt Nam,Hà Nội,Nam Từ Liêm,********,***************************************************,*******,Cash on delivery,0.1,Bath & Shower,1201323691927373199	,,Unchecked,,Videos,ahau.phuongthao
584713518297417103	,Completed,Completed,,Normal,1736013429862991068	,ST48441+ST99622,Combo 2 Sữa Tắm Nữ Pháp Le Petit Marseillais 250ml - Thiên Nhiên Dịu Nhẹ,"Quả Mâm Xôi Hữu Cơ & Hoa Mẫu Đơn, Xoài Hữu Cơ & Chanh Dây",1,0,570000,570000,94500,192000,283500,0,15800,0,15800,,0,283500,,26/06/2026 12:03:45	,27/06/2026 17:30:32	,26/06/2026 13:27:40	,26/06/2026 16:20:09	,27/06/2026 17:30:32	,"	",,,Fulfillment by seller,Kho HN,861975954436,Standard shipping,J&T Express,,c***ocute,A***,(+84)941****01,Việt Nam,Hà Nội,Nam Từ Liêm,********,***************************************************,*******,Cash on delivery,0.6,Bath & Shower,1201323691927373199	,,Unchecked,,Videos,ahau.phuongthao
584713382517311474	,Completed,Completed,,Normal,1733398526731846876	,ST04371,Sữa Tắm Nam 4 in 1 Thiên Nhiên Le Petit Marseillais Chiết Xuất Gừng & Gỗ Bách Hương 250ml 4371,Mặc định,1,0,0,0,0,0,0,0,35100,0,35100,,0,298620,,26/06/2026 11:54:57	,26/06/2026 11:55:08	,26/06/2026 12:00:10	,26/06/2026 15:14:19	,27/06/2026 12:11:02	,"	",,,Fulfillment by seller,Kho HCMC,861907864046,Standard shipping,J&T Express,,h***anh.sang,H* T**** S**** L*****,(+84)375****78,Việt Nam,Tây Ninh,Xã Cần Giuộc,************,************************************************************,******,Credit/debit card,0.4,Bath & Body Care,1201323396135487474	,,Unchecked,,Product cards,
584713382517311474	,Completed,Completed,,Normal,1735912571878606044	,ST01356 + ST01172,Combo 2 Sữa Tắm Nam Le Petit Marseillais 4in1 Cho Tóc Mặt Râu Toàn Thân 250ml,"Thông Biển & Bạch Đàn, Gỗ Tuyết Tùng Và Dương Xỉ",1,0,550000,550000,79380,172000,298620,0,35100,0,35100,,0,298620,,26/06/2026 11:54:57	,26/06/2026 11:55:08	,26/06/2026 12:00:10	,26/06/2026 15:14:19	,27/06/2026 12:11:02	,"	",,,Fulfillment by seller,Kho HCMC,861907864046,Standard shipping,J&T Express,,h***anh.sang,H* T**** S**** L*****,(+84)375****78,Việt Nam,Tây Ninh,Xã Cần Giuộc,************,************************************************************,******,Credit/debit card,0.6,Bath & Body Care,1201323396135487474	,,Unchecked,,Product cards,
584713228556600371	,Canceled,Canceled,Cancel,Normal,1731317148230255836	,BONG TAM HQ,[Quà tặng không bán] Bông Tắm Tạo Bọt Mềm Mịn,Mặc định,1,1,0,0,0,0,0,26557,26557,0,0,,0,166557,0,26/06/2026 11:48:12	,"	","	","	","	",26/06/2026 11:52:02	,User,No longer needed,Fulfillment by seller,Kho HN,,Standard shipping,,,h***ng.8,h*******,(+84)922****89,Việt Nam,Hà Tĩnh,Xã Tiên Điền,************,***********,*********,Cash on delivery,0.5,"Loofahs, Sponges, & Poufs",1201321941029323827	,,Unchecked,,Videos,
584713228556600371	,Canceled,Canceled,Cancel,Normal,1732251749141219548	,ST01172,"Sữa Tắm Pháp Le Petit Marseillais Cho Nam Chiết Xuất Thiên Nhiên 4in1 Nhiều Mùi Hương Dưỡng Ẩm, Thơm Lâu - Phù Hợp Mọi Loại Da (250ml)","Hương Gỗ Tuyết Tùng & Dương Xỉ, Standard",1,1,272000,272000,65000,67000,140000,26557,26557,0,0,,0,166557,140000,26/06/2026 11:48:12	,"	","	","	","	",26/06/2026 11:52:02	,User,No longer needed,Fulfillment by seller,Kho HN,,Standard shipping,,,h***ng.8,h*******,(+84)922****89,Việt Nam,Hà Tĩnh,Xã Tiên Điền,************,***********,*********,Cash on delivery,0.5,Bath & Shower,1201321941029323827	,,Unchecked,,Videos,
584712909237486679	,Canceled,Canceled,Cancel,Normal,1732251749141154012	,ST01356,"Sữa Tắm Pháp Le Petit Marseillais Cho Nam Chiết Xuất Thiên Nhiên 4in1 Nhiều Mùi Hương Dưỡng Ẩm, Thơm Lâu - Phù Hợp Mọi Loại Da (250ml)","Hương Thông & Bạch Đàn Biển, Standard",1,1,272000,272000,0,67000,205000,0,15800,0,15800,,0,205000,205000,26/06/2026 11:25:17	,"	",26/06/2026 11:33:47	,26/06/2026 15:14:19	,"	",02/07/2026 09:35:53	,System,Package delivery failed,Fulfillment by seller,Kho HCMC,861997743926,Standard shipping,J&T Express,,b***bo147,B* B***,(+84)794****17,Việt Nam,Hồ Chí Minh,Phường Tân Bình,***************,**************,,Cash on delivery,0.5,Bath & Shower,1201320314770523223	,,Unchecked,,Videos,lepthelittlekid
584712909237486679	,Canceled,Canceled,Cancel,Normal,1731317148230255836	,BONG TAM HQ,[Quà tặng không bán] Bông Tắm Tạo Bọt Mềm Mịn,Mặc định,1,1,0,0,0,0,0,0,15800,0,15800,,0,205000,0,26/06/2026 11:25:17	,"	",26/06/2026 11:33:47	,26/06/2026 15:14:19	,"	",02/07/2026 09:35:53	,System,Package delivery failed,Fulfillment by seller,Kho HCMC,861997743926,Standard shipping,J&T Express,,b***bo147,B* B***,(+84)794****17,Việt Nam,Hồ Chí Minh,Phường Tân Bình,***************,**************,,Cash on delivery,0.5,"Loofahs, Sponges, & Poufs",1201320314770523223	,,Unchecked,,Videos,lepthelittlekid
584712728732730516	,Completed,Completed,,Normal,1735803348866008284	,DX74752,Dầu Xả Cấp Ẩm Le Petit Marseillais Nước Dừa Hữu Cơ 200ml,Mặc định,1,0,324000,324000,0,165000,159000,0,14000,0,14000,,0,159000,,26/06/2026 11:13:16	,27/06/2026 09:51:00	,26/06/2026 11:33:47	,26/06/2026 15:14:20	,27/06/2026 09:51:00	,"	",,,Fulfillment by seller,Kho HCMC,861977743926,Standard shipping,J&T Express,,t***trangchobe.nhim.kids,N** n*****,(+84)090*****11,Việt Nam,Hồ Chí Minh,Quận 12,***********,******************,****************,Cash on delivery,0.25,Shampoo & Conditioner,1201318633116304532	,,Unchecked,,Product cards,
584712673277346964	,Completed,Completed,,Normal,1733205957881660636	,DG90435,Dầu Gội Trẻ Em 2in1 94% Thiên Nhiên Le Petit Marseillais Giúp Gỡ Rối Tóc Nhiều Mùi Hương 300ml,Quả đào & mơ 0435,1,0,428000,428000,0,98000,330000,0,14000,0,14000,,0,330000,,26/06/2026 11:12:53	,27/06/2026 09:51:00	,26/06/2026 11:33:47	,26/06/2026 15:14:19	,27/06/2026 09:51:00	,"	",,,Fulfillment by seller,Kho HCMC,861978933926,Standard shipping,J&T Express,,t***trangchobe.nhim.kids,N** n*****,(+84)090*****11,Việt Nam,Hồ Chí Minh,Quận 12,***********,******************,****************,Cash on delivery,0.4,Hair Care & Body Wash,1201318435011265684	,,Unchecked,,Product cards,
584712465029236088	,Completed,Completed,,Normal,1732250801268689116	,ST01902,"Sữa Tắm/Gel Tắm Pháp Le Petit Marseillais Chiết Xuất Thiên Nhiên 650ml - Sữa Tắm Lưu Hương Lành Tính - Dịu Nhẹ, An Toàn Cho Da","Thông & Bạch Đàn Biển, Standard",1,0,519000,519000,59250,124000,335750,0,39400,0,39400,,0,335750,,26/06/2026 10:58:15	,27/06/2026 21:29:27	,26/06/2026 11:33:47	,26/06/2026 15:14:19	,27/06/2026 21:29:27	,"	",,,Fulfillment by seller,Kho HCMC,861957743926,Standard shipping,J&T Express,,_***nhhunq,X***,(+84)369****33,Việt Nam,Tây Ninh,Xã Tân Tập,**********,***********************,****************,Cash on delivery,1,Bath & Shower,1201316249412404600	,,Unchecked,,Videos,thaocanview
584712465029236088	,Completed,Completed,,Normal,1735803348866008284	,DX74752,Dầu Xả Cấp Ẩm Le Petit Marseillais Nước Dừa Hữu Cơ 200ml,Mặc định,1,0,0,0,0,0,0,0,39400,0,39400,,0,335750,,26/06/2026 10:58:15	,27/06/2026 21:29:27	,26/06/2026 11:33:47	,26/06/2026 15:14:19	,27/06/2026 21:29:27	,"	",,,Fulfillment by seller,Kho HCMC,861957743926,Standard shipping,J&T Express,,_***nhhunq,X***,(+84)369****33,Việt Nam,Tây Ninh,Xã Tân Tập,**********,***********************,****************,Cash on delivery,0.25,Shampoo & Conditioner,1201316249412404600	,,Unchecked,,Videos,thaocanview
584711134934762989	,Completed,Completed,,Normal,1735803348866008284	,DX74752,Dầu Xả Cấp Ẩm Le Petit Marseillais Nước Dừa Hữu Cơ 200ml,Mặc định,1,0,0,0,0,0,0,0,34000,0,34000,,0,395000,,26/06/2026 09:24:53	,27/06/2026 17:58:39	,26/06/2026 09:42:03	,26/06/2026 10:43:57	,27/06/2026 17:58:39	,"	",,,Fulfillment by seller,Kho HN,861981643426,Standard shipping,J&T Express,,m***mleumleu,M***,(+84)093*****45,Việt Nam,Thành phố Hải Phòng,Lê Chân,********,*******************,,Cash on delivery,0.25,Shampoo & Conditioner,1201304272403072493	,,Unchecked,,Videos,mevyan
584711134934762989	,Completed,Completed,,Normal,1732250801268754652	,ST01295,"Sữa Tắm/Gel Tắm Pháp Le Petit Marseillais Chiết Xuất Thiên Nhiên 650ml - Sữa Tắm Lưu Hương Lành Tính - Dịu Nhẹ, An Toàn Cho Da","Lá Oliu & Hoa Bồ Đề, Standard",1,0,519000,519000,0,124000,395000,0,34000,0,34000,,0,395000,,26/06/2026 09:24:53	,27/06/2026 17:58:39	,26/06/2026 09:42:03	,26/06/2026 10:43:57	,27/06/2026 17:58:39	,"	",,,Fulfillment by seller,Kho HN,861981643426,Standard shipping,J&T Express,,m***mleumleu,M***,(+84)093*****45,Việt Nam,Thành phố Hải Phòng,Lê Chân,********,*******************,,Cash on delivery,1,Bath & Shower,1201304272403072493	,,Unchecked,,Videos,mevyan
584710972970075317	,Completed,Completed,,Normal,1733398526731846876	,ST04371,Sữa Tắm Nam 4 in 1 Thiên Nhiên Le Petit Marseillais Chiết Xuất Gừng & Gỗ Bách Hương 250ml 4371,Mặc định,1,0,0,0,0,0,0,0,15800,0,15800,,0,359100,,26/06/2026 09:09:24	,27/06/2026 21:56:55	,26/06/2026 09:42:03	,26/06/2026 10:43:57	,27/06/2026 21:56:55	,"	",,,Fulfillment by seller,Kho HN,861928263416,Standard shipping,J&T Express,,t***.mta,N***** T***,(+84)364****74,Việt Nam,Hà Nội,Phường Phú Diễn,***************,***********************************************,***********************************,Cash on delivery,0.4,Bath & Body Care,1201303665546200245	,,Unchecked,,Product cards,
584710972970075317	,Completed,Completed,,Normal,1735912571878606044	,ST01356 + ST01172,Combo 2 Sữa Tắm Nam Le Petit Marseillais 4in1 Cho Tóc Mặt Râu Toàn Thân 250ml,"Thông Biển & Bạch Đàn, Gỗ Tuyết Tùng Và Dương Xỉ",1,0,550000,550000,18900,172000,359100,0,15800,0,15800,,0,359100,,26/06/2026 09:09:24	,27/06/2026 21:56:55	,26/06/2026 09:42:03	,26/06/2026 10:43:57	,27/06/2026 21:56:55	,"	",,,Fulfillment by seller,Kho HN,861928263416,Standard shipping,J&T Express,,t***.mta,N***** T***,(+84)364****74,Việt Nam,Hà Nội,Phường Phú Diễn,***************,***********************************************,***********************************,Cash on delivery,0.6,Bath & Body Care,1201303665546200245	,,Unchecked,,Product cards,
584710844998125008	,Completed,Completed,,Normal,1733205957881660636	,DG90435,Dầu Gội Trẻ Em 2in1 94% Thiên Nhiên Le Petit Marseillais Giúp Gỡ Rối Tóc Nhiều Mùi Hương 300ml,Quả đào & mơ 0435,1,0,428000,428000,62700,98000,267300,0,36000,0,36000,,0,267300,,26/06/2026 09:02:51	,26/06/2026 09:03:07	,26/06/2026 09:09:58	,26/06/2026 15:14:20	,27/06/2026 10:17:24	,"	",,,Fulfillment by seller,Kho HCMC,861922833166,Standard shipping,J&T Express,,d***ynhi,D**** Ý N**,(+84)985****75,Việt Nam,Lâm Đồng,Xã Gia Hiệp,***********,*************,*************,Zalopay + TikTok Shop Balance,0.4,Hair Care & Body Wash,1201301795132769744	,,Unchecked,,Product cards,
584710834521343221	,Completed,Completed,,Normal,1731317148230255836	,BONG TAM HQ,[Quà tặng không bán] Bông Tắm Tạo Bọt Mềm Mịn,Mặc định,1,0,0,0,0,0,0,0,35100,0,35100,,0,205000,,26/06/2026 09:02:26	,27/06/2026 10:12:08	,26/06/2026 09:09:52	,26/06/2026 10:43:57	,27/06/2026 10:12:08	,"	",,,Fulfillment by seller,Kho HN,861991833126,Standard shipping,J&T Express,,l***hday0,N***** H***,(+84)093*****40,Việt Nam,Quảng Ninh,Quảng Yên,**********,************************************************,,Cash on delivery,0.5,"Loofahs, Sponges, & Poufs",1201302198876865781	,,Unchecked,,Videos,duongmanhkien19
584710834521343221	,Completed,Completed,,Normal,1732251749141219548	,ST01172,"Sữa Tắm Pháp Le Petit Marseillais Cho Nam Chiết Xuất Thiên Nhiên 4in1 Nhiều Mùi Hương Dưỡng Ẩm, Thơm Lâu - Phù Hợp Mọi Loại Da (250ml)","Hương Gỗ Tuyết Tùng & Dương Xỉ, Standard",1,0,272000,272000,0,67000,205000,0,35100,0,35100,,0,205000,,26/06/2026 09:02:26	,27/06/2026 10:12:08	,26/06/2026 09:09:52	,26/06/2026 10:43:57	,27/06/2026 10:12:08	,"	",,,Fulfillment by seller,Kho HN,861991833126,Standard shipping,J&T Express,,l***hday0,N***** H***,(+84)093*****40,Việt Nam,Quảng Ninh,Quảng Yên,**********,************************************************,,Cash on delivery,0.5,Bath & Shower,1201302198876865781	,,Unchecked,,Videos,duongmanhkien19
584710747971487708	,Completed,Completed,,Normal,1732250914985117916	,ST65434,"Sữa Tắm/Gel Tắm Pháp Le Petit Marseillais Thiên Nhiên 250ml - Sữa Tắm Lưu Hương Lành Tính - Dịu Nhẹ, An Toàn Cho Da","Hương Bông & Hoa Anh Túc, Standard",1,0,272000,272000,0,83000,189000,0,35100,0,35100,,0,189000,,26/06/2026 08:54:25	,27/06/2026 13:20:14	,26/06/2026 08:59:17	,26/06/2026 09:19:44	,27/06/2026 13:20:14	,"	",,,Fulfillment by seller,Kho HCMC,861917292986,Standard shipping,J&T Express,,t***hang_68kg,l***,(+84)945****12,Việt Nam,An Giang,Xã Thạnh Lộc,************,***************************************,,Cash on delivery,0.5,Bath & Shower,1201300353164019676	,,Unchecked,,Videos,chuclinh_vlogbeuty
584710747971487708	,Completed,Completed,,Normal,1731317148230255836	,BONG TAM HQ,[Quà tặng không bán] Bông Tắm Tạo Bọt Mềm Mịn,Mặc định,1,0,0,0,0,0,0,0,35100,0,35100,,0,189000,,26/06/2026 08:54:25	,27/06/2026 13:20:14	,26/06/2026 08:59:17	,26/06/2026 09:19:44	,27/06/2026 13:20:14	,"	",,,Fulfillment by seller,Kho HCMC,861917292986,Standard shipping,J&T Express,,t***hang_68kg,l***,(+84)945****12,Việt Nam,An Giang,Xã Thạnh Lộc,************,***************************************,,Cash on delivery,0.5,"Loofahs, Sponges, & Poufs",1201300353164019676	,,Unchecked,,Videos,chuclinh_vlogbeuty
584710333624911137	,Shipped,Completed,,Normal,1731317148230255836	,BONG TAM HQ,[Quà tặng không bán] Bông Tắm Tạo Bọt Mềm Mịn,Mặc định,1,0,0,0,0,0,0,0,35100,0,35100,,0,189000,,26/06/2026 08:22:14	,28/06/2026 19:48:00	,26/06/2026 08:35:19	,26/06/2026 15:14:19	,28/06/2026 19:48:00	,"	",,,Fulfillment by seller,Kho HCMC,861984342796,Standard shipping,J&T Express,,v***anh367,V** a**,(+84)096*****67,Việt Nam,Đồng Nai,Xã Phước Sơn,************,************************************,,Cash on delivery,0.5,"Loofahs, Sponges, & Poufs",1201295796040795425	,,Unchecked,,Videos,ahau.phuongthao
584710333624911137	,Shipped,Delivered,,Normal,1732250914985052380	,ST48441,"Sữa Tắm/Gel Tắm Pháp Le Petit Marseillais Thiên Nhiên 250ml - Sữa Tắm Lưu Hương Lành Tính - Dịu Nhẹ, An Toàn Cho Da","Quả Mâm Xôi & Hoa Mẫu Đơn, Standard",1,0,272000,272000,0,83000,189000,0,35100,0,35100,,0,189000,,26/06/2026 08:22:14	,28/06/2026 19:48:00	,26/06/2026 08:35:19	,26/06/2026 15:14:19	,28/06/2026 19:48:00	,"	",,,Fulfillment by seller,Kho HCMC,861984342796,Standard shipping,J&T Express,,v***anh367,V** a**,(+84)096*****67,Việt Nam,Đồng Nai,Xã Phước Sơn,************,************************************,,Cash on delivery,0.5,Bath & Shower,1201295796040795425	,,Unchecked,,Videos,ahau.phuongthao
584710044846294678	,Completed,Completed,,Normal,1731317148230255836	,BONG TAM HQ,[Quà tặng không bán] Bông Tắm Tạo Bọt Mềm Mịn,Mặc định,1,0,0,0,0,0,0,0,15800,0,15800,,0,189000,,26/06/2026 07:54:43	,27/06/2026 17:37:43	,26/06/2026 08:02:13	,26/06/2026 15:14:19	,27/06/2026 17:37:43	,"	",,,Fulfillment by seller,Kho HCMC,861944382336,Standard shipping,J&T Express,,c***an1234,M*** T***,(+84)094*****88,Việt Nam,Hồ Chí Minh,Phú Nhuận,******,***********,**************************************************,Cash on delivery,0.5,"Loofahs, Sponges, & Poufs",1201292214970648214	,,Unchecked,,Product cards,
584710044846294678	,Completed,Completed,,Normal,1732250914985248988	,ST00892,"Sữa Tắm/Gel Tắm Pháp Le Petit Marseillais Thiên Nhiên 250ml - Sữa Tắm Lưu Hương Lành Tính - Dịu Nhẹ, An Toàn Cho Da","Hạnnh Nhân, Standard",1,0,272000,272000,0,83000,189000,0,15800,0,15800,,0,189000,,26/06/2026 07:54:43	,27/06/2026 17:37:43	,26/06/2026 08:02:13	,26/06/2026 15:14:19	,27/06/2026 17:37:43	,"	",,,Fulfillment by seller,Kho HCMC,861944382336,Standard shipping,J&T Express,,c***an1234,M*** T***,(+84)094*****88,Việt Nam,Hồ Chí Minh,Phú Nhuận,******,***********,**************************************************,Cash on delivery,0.5,Bath & Shower,1201292214970648214	,,Unchecked,,Product cards,
584709861465491440	,Shipped,Completed,,Normal,1731317148230255836	,BONG TAM HQ,[Quà tặng không bán] Bông Tắm Tạo Bọt Mềm Mịn,Mặc định,1,0,0,0,0,0,0,0,15800,0,15800,,0,189000,,26/06/2026 07:32:19	,28/06/2026 12:52:49	,26/06/2026 08:02:13	,26/06/2026 15:14:19	,28/06/2026 12:52:49	,"	",,,Fulfillment by seller,Kho HCMC,861951072296,Standard shipping,J&T Express,,l***yen1010,Q**** N*****,(+84)911****39,Việt Nam,Hồ Chí Minh,Gò Vấp,*********,*************************,*************************,Cash on delivery,0.5,"Loofahs, Sponges, & Poufs",1201290762801612784	,,Unchecked,,Videos,ahau.phuongthao
584709861465491440	,Shipped,Delivered,,Normal,1732250914985052380	,ST48441,"Sữa Tắm/Gel Tắm Pháp Le Petit Marseillais Thiên Nhiên 250ml - Sữa Tắm Lưu Hương Lành Tính - Dịu Nhẹ, An Toàn Cho Da","Quả Mâm Xôi & Hoa Mẫu Đơn, Standard",1,0,272000,272000,0,83000,189000,0,15800,0,15800,,0,189000,,26/06/2026 07:32:19	,28/06/2026 12:52:49	,26/06/2026 08:02:13	,26/06/2026 15:14:19	,28/06/2026 12:52:49	,"	",,,Fulfillment by seller,Kho HCMC,861951072296,Standard shipping,J&T Express,,l***yen1010,Q**** N*****,(+84)911****39,Việt Nam,Hồ Chí Minh,Gò Vấp,*********,*************************,*************************,Cash on delivery,0.5,Bath & Shower,1201290762801612784	,,Unchecked,,Videos,ahau.phuongthao
584709584675833707	,Completed,Completed,,Normal,1731317148230255836	,BONG TAM HQ,[Quà tặng không bán] Bông Tắm Tạo Bọt Mềm Mịn,Mặc định,1,0,0,0,0,0,0,0,12600,0,12600,,0,189000,,26/06/2026 07:05:35	,27/06/2026 11:56:29	,26/06/2026 08:02:13	,26/06/2026 09:19:44	,27/06/2026 11:56:29	,"	",,,Fulfillment by seller,Kho HCMC,861945332336,Standard shipping,J&T Express,,c***entaucuoitimem,H**** k**,(+84)090*****22,Việt Nam,Hồ Chí Minh,Phường Phú Lợi,**************,********,,Cash on delivery,0.5,"Loofahs, Sponges, & Poufs",1201288320002459499	,,Unchecked,,Videos,ahau.phuongthao
584709584675833707	,Completed,Completed,,Normal,1732250914985052380	,ST48441,"Sữa Tắm/Gel Tắm Pháp Le Petit Marseillais Thiên Nhiên 250ml - Sữa Tắm Lưu Hương Lành Tính - Dịu Nhẹ, An Toàn Cho Da","Quả Mâm Xôi & Hoa Mẫu Đơn, Standard",1,0,272000,272000,0,83000,189000,0,12600,0,12600,,0,189000,,26/06/2026 07:05:35	,27/06/2026 11:56:29	,26/06/2026 08:02:13	,26/06/2026 09:19:44	,27/06/2026 11:56:29	,"	",,,Fulfillment by seller,Kho HCMC,861945332336,Standard shipping,J&T Express,,c***entaucuoitimem,H**** k**,(+84)090*****22,Việt Nam,Hồ Chí Minh,Phường Phú Lợi,**************,********,,Cash on delivery,0.5,Bath & Shower,1201288320002459499	,,Unchecked,,Videos,ahau.phuongthao
584709382218745210	,Completed,Completed,,Normal,1731317148230255836	,BONG TAM HQ,[Quà tặng không bán] Bông Tắm Tạo Bọt Mềm Mịn,Mặc định,1,0,0,0,0,0,0,0,15800,0,15800,,0,189000,,26/06/2026 06:45:13	,27/06/2026 09:47:55	,26/06/2026 08:02:13	,26/06/2026 15:14:19	,27/06/2026 09:47:55	,"	",,,Fulfillment by seller,Kho HCMC,861912002296,Standard shipping,J&T Express,,j***ieoan5,J*****,(+84)989****18,Việt Nam,Hồ Chí Minh,Quận 11,*********,***********************************,,Cash on delivery,0.5,"Loofahs, Sponges, & Poufs",1201286705793369466	,,Unchecked,,Videos,ahau.phuongthao
584709382218745210	,Completed,Completed,,Normal,1732250914985052380	,ST48441,"Sữa Tắm/Gel Tắm Pháp Le Petit Marseillais Thiên Nhiên 250ml - Sữa Tắm Lưu Hương Lành Tính - Dịu Nhẹ, An Toàn Cho Da","Quả Mâm Xôi & Hoa Mẫu Đơn, Standard",1,0,272000,272000,0,83000,189000,0,15800,0,15800,,0,189000,,26/06/2026 06:45:13	,27/06/2026 09:47:55	,26/06/2026 08:02:13	,26/06/2026 15:14:19	,27/06/2026 09:47:55	,"	",,,Fulfillment by seller,Kho HCMC,861912002296,Standard shipping,J&T Express,,j***ieoan5,J*****,(+84)989****18,Việt Nam,Hồ Chí Minh,Quận 11,*********,***********************************,,Cash on delivery,0.5,Bath & Shower,1201286705793369466	,,Unchecked,,Videos,ahau.phuongthao
584707865707119745	,Shipped,Completed,,Normal,1731317148230255836	,BONG TAM HQ,[Quà tặng không bán] Bông Tắm Tạo Bọt Mềm Mịn,Mặc định,1,0,0,0,0,0,0,0,47600,0,47600,,0,160650,,26/06/2026 01:14:56	,28/06/2026 15:08:56	,26/06/2026 06:28:15	,26/06/2026 15:14:19	,28/06/2026 15:08:56	,"	",,,Fulfillment by seller,Kho HCMC,861995691696,Standard shipping,J&T Express,,o***an43,O*******,(+84)378****18,Vietnam,Gia Lai,Krong Pa,********,***********************************************,***************************,Cash on delivery,0.5,"Loofahs, Sponges, & Poufs",1201276971328767105	,,Unchecked,,Product cards,
584707865707119745	,Shipped,Delivered,,Normal,1732250914985380060	,ST01240,"Sữa Tắm/Gel Tắm Pháp Le Petit Marseillais Thiên Nhiên 250ml - Sữa Tắm Lưu Hương Lành Tính - Dịu Nhẹ, An Toàn Cho Da","Đào Trắng & Quả Xuân Đào, Standard",1,0,272000,272000,28350,83000,160650,0,47600,0,47600,,0,160650,,26/06/2026 01:14:56	,28/06/2026 15:08:56	,26/06/2026 06:28:15	,26/06/2026 15:14:19	,28/06/2026 15:08:56	,"	",,,Fulfillment by seller,Kho HCMC,861995691696,Standard shipping,J&T Express,,o***an43,O*******,(+84)378****18,Vietnam,Gia Lai,Krong Pa,********,***********************************************,***************************,Cash on delivery,0.5,Bath & Shower,1201276971328767105	,,Unchecked,,Product cards,
584707382364833606	,Completed,Completed,,Normal,1731317148230255836	,BONG TAM HQ,[Quà tặng không bán] Bông Tắm Tạo Bọt Mềm Mịn,Mặc định,1,0,0,0,0,0,0,0,15800,0,15800,,0,205000,,26/06/2026 00:03:07	,27/06/2026 09:39:11	,26/06/2026 06:28:15	,26/06/2026 15:14:19	,27/06/2026 09:39:11	,"	",,,Fulfillment by seller,Kho HCMC,861920511736,Standard shipping,J&T Express,,j***y0901,M* T***,(+84)377****89,Việt Nam,Hồ Chí Minh,Phường An Nhơn,**************,**************,,Cash on delivery,0.5,"Loofahs, Sponges, & Poufs",1201274096591013702	,,Unchecked,,Videos,man.trung.737
584707382364833606	,Completed,Completed,,Normal,1732251749141022940	,ST01431,"Sữa Tắm Pháp Le Petit Marseillais Cho Nam Chiết Xuất Thiên Nhiên 4in1 Nhiều Mùi Hương Dưỡng Ẩm, Thơm Lâu - Phù Hợp Mọi Loại Da (250ml)","Hương Cam & Tinh Dầu Argan, Standard",1,0,272000,272000,0,67000,205000,0,15800,0,15800,,0,205000,,26/06/2026 00:03:07	,27/06/2026 09:39:11	,26/06/2026 06:28:15	,26/06/2026 15:14:19	,27/06/2026 09:39:11	,"	",,,Fulfillment by seller,Kho HCMC,861920511736,Standard shipping,J&T Express,,j***y0901,M* T***,(+84)377****89,Việt Nam,Hồ Chí Minh,Phường An Nhơn,**************,**************,,Cash on delivery,0.5,Bath & Shower,1201274096591013702	,,Unchecked,,Videos,man.trung.737
584707344807790453	,Shipped,Delivered,,Normal,1735792088033101020	,ST00526,Sữa Tắm Dạng Kem Le Petit Marseillais Chiết Xuất Vani Hữu Cơ ư 250ml - 92% Thiên Nhiên Siêu Dịu Nhẹ,Mặc định,1,0,272000,272000,0,73000,199000,0,40000,0,40000,,0,199000,,25/06/2026 23:56:30	,25/06/2026 23:57:04	,26/06/2026 06:28:15	,26/06/2026 10:43:57	,29/06/2026 13:24:55	,"	",,,Fulfillment by seller,Kho HN,861964591726,Standard shipping,J&T Express,,t***hthang286,T**** ,(+84)086*****77,Việt Nam,Tỉnh Tiền Giang,Huyện Cai Lậy,**********,*************************,,MoMo E-Wallet,0.4,Bath & Shower,1201273914649315189	,,Unchecked,,Product cards,
584707223936665209	,Completed,Completed,,Normal,1735734212754506972	,ST01902,"[KOL huynhdangthong x LPM] Sữa Tắm/Gel Tắm Pháp Le Petit Marseillais Chiết Xuất Thiên Nhiên 650ml - Sữa Tắm Lưu Hương Lành Tính - Dịu Nhẹ, An Toàn Cho Da","Thông & Bạch Đàn Biển, Standard",1,0,519000,519000,54460,130000,334540,0,17100,0,17100,,0,334540,,25/06/2026 23:45:12	,27/06/2026 10:02:15	,26/06/2026 06:28:15	,26/06/2026 15:14:19	,27/06/2026 10:02:15	,"	",,,Fulfillment by seller,Kho HCMC,861947241726,Standard shipping,J&T Express,,d***lq56rgqf,M***,(+84)039*****97,Việt Nam,Thành phố Hồ Chí Minh,Quận 6,********,****************,,Cash on delivery,1,Bath & Shower,1201273633433486969	,,Unchecked,,Product cards,
584707223936665209	,Completed,Completed,,Normal,1735791937064830172	,ST65434,Sữa Tắm Dạng Kem Le Petit Marseillais Bông Và Hoa Anh Túc 250ml  92% Thiên Nhiên Siêu Dịu Nhẹ,Mặc định,1,0,0,0,0,0,0,0,17100,0,17100,,0,334540,,25/06/2026 23:45:12	,27/06/2026 10:02:15	,26/06/2026 06:28:15	,26/06/2026 15:14:19	,27/06/2026 10:02:15	,"	",,,Fulfillment by seller,Kho HCMC,861947241726,Standard shipping,J&T Express,,d***lq56rgqf,M***,(+84)039*****97,Việt Nam,Thành phố Hồ Chí Minh,Quận 6,********,****************,,Cash on delivery,0.4,Bath & Shower,1201273633433486969	,,Unchecked,,Product cards,
584706889785967980	,Shipped,Delivered,,Normal,1735803421743809756	,DG37429,Dầu Gội Cấp Ẩm Le Petit Marseillais Nước Dừa Hữu Cơ 250ml,Mặc định,1,0,350000,350000,20720,91000,238280,0,14000,0,14000,,0,238280,,25/06/2026 23:11:52	,25/06/2026 23:11:57	,26/06/2026 06:28:15	,26/06/2026 15:14:19	,30/06/2026 10:13:51	,"	",,,Fulfillment by seller,Kho HCMC,861902171726,Standard shipping,J&T Express,,t***p188,T***,(+84)909****01,Việt Nam,Hồ Chí Minh,Quận 1,********,******************,*************,Credit/debit card,0.3,Shampoo & Conditioner,1201272205199770988	,,Unchecked,,Product cards,
584706884697425011	,Shipped,Completed,,Normal,1733398526731846876	,ST04371,Sữa Tắm Nam 4 in 1 Thiên Nhiên Le Petit Marseillais Chiết Xuất Gừng & Gỗ Bách Hương 250ml 4371,Mặc định,1,0,0,0,0,0,0,0,15800,0,15800,,0,309960,,25/06/2026 23:08:22	,29/06/2026 10:29:09	,26/06/2026 06:28:15	,26/06/2026 10:43:57	,29/06/2026 10:29:09	,"	",,,Fulfillment by seller,Kho HN,861999501686,Standard shipping,J&T Express,,.***my93,N****,(+84)948****34,Việt Nam,Hà Nội,Phường Yên Hòa,**************,********************,,Cash on delivery,0.4,Bath & Body Care,1201271599708996723	,,Unchecked,,LIVE,lepetitmarseillaisvn
584706884697425011	,Shipped,Delivered,,Normal,1735912571878606044	,ST01356 + ST01172,Combo 2 Sữa Tắm Nam Le Petit Marseillais 4in1 Cho Tóc Mặt Râu Toàn Thân 250ml,"Thông Biển & Bạch Đàn, Gỗ Tuyết Tùng Và Dương Xỉ",1,0,550000,550000,68040,172000,309960,0,15800,0,15800,,0,309960,,25/06/2026 23:08:22	,29/06/2026 10:29:09	,26/06/2026 06:28:15	,26/06/2026 10:43:57	,29/06/2026 10:29:09	,"	",,,Fulfillment by seller,Kho HN,861999501686,Standard shipping,J&T Express,,.***my93,N****,(+84)948****34,Việt Nam,Hà Nội,Phường Yên Hòa,**************,********************,,Cash on delivery,0.6,Bath & Body Care,1201271599708996723	,,Unchecked,,LIVE,lepetitmarseillaisvn
584706805359478068	,Shipped,Delivered,,Normal,1736013429862991068	,ST48441+ST99622,Combo 2 Sữa Tắm Nữ Pháp Le Petit Marseillais 250ml - Thiên Nhiên Dịu Nhẹ,"Quả Mâm Xôi Hữu Cơ & Hoa Mẫu Đơn, Xoài Hữu Cơ & Chanh Dây",1,0,570000,570000,45808,180632,343560,0,15800,0,15800,,0,343560,,25/06/2026 23:05:54	,28/06/2026 18:54:14	,26/06/2026 06:28:15	,26/06/2026 15:14:19	,28/06/2026 18:54:14	,"	",,,Fulfillment by seller,Kho HCMC,861921251736,Standard shipping,J&T Express,,h***070,H** N*****,(+84)937****93,Việt Nam,Bà Rịa - Vũng Tàu,Vũng Tàu,********,************************,,Cash on delivery,0.6,Bath & Shower,1201271523499083060	,,Unchecked,,Videos,ahau.phuongthao
584706805359478068	,Shipped,Completed,,Normal,1734496577198523612	,1 BÁNH-XP,Xà Phòng Le Petit Marseillais Chính Hãng Bánh Xà Phòng Tắm Thiên Nhiên (Ngẫu nhiên)  1 Bánh,Mặc định,1,0,0,0,0,0,0,0,15800,0,15800,,0,343560,,25/06/2026 23:05:54	,28/06/2026 18:54:14	,26/06/2026 06:28:15	,26/06/2026 15:14:19	,28/06/2026 18:54:14	,"	",,,Fulfillment by seller,Kho HCMC,861921251736,Standard shipping,J&T Express,,h***070,H** N*****,(+84)937****93,Việt Nam,Bà Rịa - Vũng Tàu,Vũng Tàu,********,************************,,Cash on delivery,0.1,Bath & Shower,1201271523499083060	,,Unchecked,,Videos,ahau.phuongthao
584706795299570901	,Shipped,Completed,,Normal,1731317148230255836	,BONG TAM HQ,[Quà tặng không bán] Bông Tắm Tạo Bọt Mềm Mịn,Mặc định,1,0,0,0,0,0,0,0,41400,0,41400,,0,205000,,25/06/2026 23:05:38	,29/06/2026 16:59:26	,26/06/2026 06:28:15	,26/06/2026 15:14:19	,29/06/2026 16:59:26	,"	",,,Fulfillment by seller,Kho HCMC,861932431696,Standard shipping,J&T Express,,v***708118,N***** T*** V*,(+84)942****94,Việt Nam,Khánh Hòa,Nha Trang,*******,*************,,Cash on delivery,0.5,"Loofahs, Sponges, & Poufs",1201271715531687125	,,Unchecked,,Videos,duongmanhkien19
584706795299570901	,Shipped,Delivered,,Normal,1732251749141219548	,ST01172,"Sữa Tắm Pháp Le Petit Marseillais Cho Nam Chiết Xuất Thiên Nhiên 4in1 Nhiều Mùi Hương Dưỡng Ẩm, Thơm Lâu - Phù Hợp Mọi Loại Da (250ml)","Hương Gỗ Tuyết Tùng & Dương Xỉ, Standard",1,0,272000,272000,0,67000,205000,0,41400,0,41400,,0,205000,,25/06/2026 23:05:38	,29/06/2026 16:59:26	,26/06/2026 06:28:15	,26/06/2026 15:14:19	,29/06/2026 16:59:26	,"	",,,Fulfillment by seller,Kho HCMC,861932431696,Standard shipping,J&T Express,,v***708118,N***** T*** V*,(+84)942****94,Việt Nam,Khánh Hòa,Nha Trang,*******,*************,,Cash on delivery,0.5,Bath & Shower,1201271715531687125	,,Unchecked,,Videos,duongmanhkien19
584706802008950215	,Completed,Completed,,Normal,1735802708556088540	,ST55017,Sữa Tắm Le Petit Marseillais Chiết Xuất Hoa thanh Cúc Cho Da Nhạy Cảm 98% Thiên Nhiên 400ml,Mặc định,1,0,441000,441000,47600,101000,292400,0,37800,0,37800,,0,463540,,25/06/2026 23:04:27	,27/06/2026 19:50:08	,26/06/2026 06:28:15	,26/06/2026 15:14:19	,27/06/2026 19:50:08	,"	",,,Fulfillment by seller,Kho HCMC,861963461726,Standard shipping,J&T Express,,q***nh3869,N**,(+84)899****96,Việt Nam,Đồng Nai,Biên Hòa,********,*************************************,,Cash on delivery,0.5,Bath & Shower,1201271570332026311	,,Unchecked,,Product cards,
584706802008950215	,Completed,Completed,,Normal,1731317148230255836	,BONG TAM HQ,[Quà tặng không bán] Bông Tắm Tạo Bọt Mềm Mịn,Mặc định,2,0,0,0,0,0,0,0,37800,0,37800,,0,463540,,25/06/2026 23:04:27	,27/06/2026 19:50:08	,26/06/2026 06:28:15	,26/06/2026 15:14:19	,27/06/2026 19:50:08	,"	",,,Fulfillment by seller,Kho HCMC,861963461726,Standard shipping,J&T Express,,q***nh3869,N**,(+84)899****96,Việt Nam,Đồng Nai,Biên Hòa,********,*************************************,,Cash on delivery,1,"Loofahs, Sponges, & Poufs",1201271570332026311	,,Unchecked,,Product cards,
584706802008950215	,Completed,Completed,,Normal,1733398673842472156	,ST01356,Sữa Tắm Nam Thơm Lâu 4 in 1 Thiên Nhiên Le Petit Marseillais Chiết Xuất Thông Biển & Bạch Đàn 250ml 1356,Mặc định,1,0,272000,272000,27860,73000,171140,0,37800,0,37800,,0,463540,,25/06/2026 23:04:27	,27/06/2026 19:50:08	,26/06/2026 06:28:15	,26/06/2026 15:14:19	,27/06/2026 19:50:08	,"	",,,Fulfillment by seller,Kho HCMC,861963461726,Standard shipping,J&T Express,,q***nh3869,N**,(+84)899****96,Việt Nam,Đồng Nai,Biên Hòa,********,*************************************,,Cash on delivery,0.4,Bath & Body Care,1201271570332026311	,,Unchecked,,Product cards,
584706599307740769	,Completed,Completed,,Normal,1731317148230255836	,BONG TAM HQ,[Quà tặng không bán] Bông Tắm Tạo Bọt Mềm Mịn,Mặc định,1,0,0,0,0,0,0,0,29700,0,29700,,0,178350,,25/06/2026 22:46:52	,27/06/2026 17:20:28	,26/06/2026 06:28:15	,26/06/2026 10:43:57	,27/06/2026 17:20:28	,"	",,,Fulfillment by seller,Kho HN,861943461726,Standard shipping,J&T Express,,n***honghd860,N******* H** D****,(+84)582****22,Việt Nam,Hải Dương,Hải Dương,**********,*****************************,,Cash on delivery,0.5,"Loofahs, Sponges, & Poufs",1201270405771462241	,,Unchecked,,Product cards,
584706599307740769	,Completed,Completed,,Normal,1732251749141219548	,ST01172,"Sữa Tắm Pháp Le Petit Marseillais Cho Nam Chiết Xuất Thiên Nhiên 4in1 Nhiều Mùi Hương Dưỡng Ẩm, Thơm Lâu - Phù Hợp Mọi Loại Da (250ml)","Hương Gỗ Tuyết Tùng & Dương Xỉ, Standard",1,0,272000,272000,26650,67000,178350,0,29700,0,29700,,0,178350,,25/06/2026 22:46:52	,27/06/2026 17:20:28	,26/06/2026 06:28:15	,26/06/2026 10:43:57	,27/06/2026 17:20:28	,"	",,,Fulfillment by seller,Kho HN,861943461726,Standard shipping,J&T Express,,n***honghd860,N******* H** D****,(+84)582****22,Việt Nam,Hải Dương,Hải Dương,**********,*****************************,,Cash on delivery,0.5,Bath & Shower,1201270405771462241	,,Unchecked,,Product cards,
584706624895944059	,Completed,Completed,,Normal,1734496577198523612	,1 BÁNH-XP,Xà Phòng Le Petit Marseillais Chính Hãng Bánh Xà Phòng Tắm Thiên Nhiên (Ngẫu nhiên)  1 Bánh,Mặc định,1,0,75000,75000,0,0,75000,0,14000,0,14000,,0,75000,,25/06/2026 22:46:37	,25/06/2026 22:46:39	,26/06/2026 06:28:15	,26/06/2026 10:43:56	,27/06/2026 14:23:38	,"	",,,Fulfillment by seller,Kho HN,861980501736,Standard shipping,J&T Express,,u***5a71pqzob1,N***** T***,(+84)097*****34,Việt Nam,Hà Nội,Long Biên,*********,**************************************************************,,TikTok Pay Balance,0.1,Bath & Shower,1201270789047944571	,,Unchecked,,Videos,onggiatichcuc79
584706638831059980	,Completed,Completed,,Normal,1734496577198523612	,1 BÁNH-XP,Xà Phòng Le Petit Marseillais Chính Hãng Bánh Xà Phòng Tắm Thiên Nhiên (Ngẫu nhiên)  1 Bánh,Mặc định,1,0,0,0,0,0,0,0,29700,0,29700,,0,313740,,25/06/2026 22:44:10	,27/06/2026 12:34:08	,26/06/2026 06:28:15	,26/06/2026 10:43:57	,27/06/2026 12:34:08	,"	",,,Fulfillment by seller,Kho HN,861946211726,Standard shipping,J&T Express,,h***tronrestaurant,L***,(+84)911****89,Việt Nam,Ninh Bình,Ninh Bình,********,**************************************,,Cash on delivery,0.1,Bath & Shower,1201270609348559884	,,Unchecked,,Product cards,
584706638831059980	,Completed,Completed,,Normal,1736013429862991068	,ST48441+ST99622,Combo 2 Sữa Tắm Nữ Pháp Le Petit Marseillais 250ml - Thiên Nhiên Dịu Nhẹ,"Quả Mâm Xôi Hữu Cơ & Hoa Mẫu Đơn, Xoài Hữu Cơ & Chanh Dây",1,0,570000,570000,64260,192000,313740,0,29700,0,29700,,0,313740,,25/06/2026 22:44:10	,27/06/2026 12:34:08	,26/06/2026 06:28:15	,26/06/2026 10:43:57	,27/06/2026 12:34:08	,"	",,,Fulfillment by seller,Kho HN,861946211726,Standard shipping,J&T Express,,h***tronrestaurant,L***,(+84)911****89,Việt Nam,Ninh Bình,Ninh Bình,********,**************************************,,Cash on delivery,0.6,Bath & Shower,1201270609348559884	,,Unchecked,,Product cards,
584706447708686089	,Completed,Completed,,Normal,1732250801268689116	,ST01902,"Sữa Tắm/Gel Tắm Pháp Le Petit Marseillais Chiết Xuất Thiên Nhiên 650ml - Sữa Tắm Lưu Hương Lành Tính - Dịu Nhẹ, An Toàn Cho Da","Thông & Bạch Đàn Biển, Standard",1,0,519000,519000,60830,150070,308100,0,10900,0,10900,,0,616200,,25/06/2026 22:32:10	,27/06/2026 10:11:14	,26/06/2026 06:28:15	,26/06/2026 15:14:19	,27/06/2026 10:11:14	,"	",,,Fulfillment by seller,Kho HCMC,861900511736,Standard shipping,J&T Express,,h***yohi,P***** L*,(+84)945****93,Việt Nam,Hồ Chí Minh,Quận 2,**********,***********************************************************,************,Cash on delivery,1,Bath & Shower,1201269545303181065	,,Unchecked,,LIVE,lepetitmarseillaisvn
584706447708686089	,Completed,Completed,,Normal,1732250801268754652	,ST01295,"Sữa Tắm/Gel Tắm Pháp Le Petit Marseillais Chiết Xuất Thiên Nhiên 650ml - Sữa Tắm Lưu Hương Lành Tính - Dịu Nhẹ, An Toàn Cho Da","Lá Oliu & Hoa Bồ Đề, Standard",1,0,519000,519000,60830,150070,308100,0,10900,0,10900,,0,616200,,25/06/2026 22:32:10	,27/06/2026 10:11:14	,26/06/2026 06:28:15	,26/06/2026 15:14:19	,27/06/2026 10:11:14	,"	",,,Fulfillment by seller,Kho HCMC,861900511736,Standard shipping,J&T Express,,h***yohi,P***** L*,(+84)945****93,Việt Nam,Hồ Chí Minh,Quận 2,**********,***********************************************************,************,Cash on delivery,1,Bath & Shower,1201269545303181065	,,Unchecked,,LIVE,lepetitmarseillaisvn
584706447708686089	,Completed,Completed,,Normal,1735803348866008284	,DX74752,Dầu Xả Cấp Ẩm Le Petit Marseillais Nước Dừa Hữu Cơ 200ml,Mặc định,1,0,0,0,0,0,0,0,10900,0,10900,,0,616200,,25/06/2026 22:32:10	,27/06/2026 10:11:14	,26/06/2026 06:28:15	,26/06/2026 15:14:19	,27/06/2026 10:11:14	,"	",,,Fulfillment by seller,Kho HCMC,861900511736,Standard shipping,J&T Express,,h***yohi,P***** L*,(+84)945****93,Việt Nam,Hồ Chí Minh,Quận 2,**********,***********************************************************,************,Cash on delivery,0.25,Shampoo & Conditioner,1201269545303181065	,,Unchecked,,LIVE,lepetitmarseillaisvn
584706288579937821	,Shipped,Delivered,,Normal,1732251749141219548	,ST01172,"Sữa Tắm Pháp Le Petit Marseillais Cho Nam Chiết Xuất Thiên Nhiên 4in1 Nhiều Mùi Hương Dưỡng Ẩm, Thơm Lâu - Phù Hợp Mọi Loại Da (250ml)","Hương Gỗ Tuyết Tùng & Dương Xỉ, Standard",1,0,272000,272000,36900,67000,168100,0,20900,0,20900,,0,168100,,25/06/2026 22:25:23	,28/06/2026 19:39:49	,26/06/2026 06:28:15	,26/06/2026 10:43:58	,28/06/2026 19:39:49	,"	",,,Fulfillment by seller,Kho HN,861990291696,Standard shipping,J&T Express,,b***oiz,N***** Q**** T***,(+84)389****07,Việt Nam,Hà Nội,Đông Anh,*********,*****************,,Cash on delivery,0.5,Bath & Shower,1201269399436822045	,,Unchecked,,LIVE,lepetitmarseillaisvn
584706288579937821	,Shipped,Completed,,Normal,1731317148230255836	,BONG TAM HQ,[Quà tặng không bán] Bông Tắm Tạo Bọt Mềm Mịn,Mặc định,1,0,0,0,0,0,0,0,20900,0,20900,,0,168100,,25/06/2026 22:25:23	,28/06/2026 19:39:49	,26/06/2026 06:28:15	,26/06/2026 10:43:58	,28/06/2026 19:39:49	,"	",,,Fulfillment by seller,Kho HN,861990291696,Standard shipping,J&T Express,,b***oiz,N***** Q**** T***,(+84)389****07,Việt Nam,Hà Nội,Đông Anh,*********,*****************,,Cash on delivery,0.5,"Loofahs, Sponges, & Poufs",1201269399436822045	,,Unchecked,,LIVE,lepetitmarseillaisvn
584706180358112631	,Completed,Completed,,Normal,1733398526731846876	,ST04371,Sữa Tắm Nam 4 in 1 Thiên Nhiên Le Petit Marseillais Chiết Xuất Gừng & Gỗ Bách Hương 250ml 4371,Mặc định,1,0,0,0,0,0,0,0,15800,0,15800,,0,317520,,25/06/2026 22:15:04	,27/06/2026 21:26:55	,26/06/2026 06:28:15	,26/06/2026 15:14:19	,27/06/2026 21:26:55	,"	",,,Fulfillment by seller,Kho HCMC,861907651726,Standard shipping,J&T Express,,b***nng95,N***** v** p***** ,(+84)090*****13,Việt Nam,Thành phố Hồ Chí Minh,Quận 7,*******,**********,,Cash on delivery,0.4,Bath & Body Care,1201268469856961911	,,Unchecked,,LIVE,lepetitmarseillaisvn
584706180358112631	,Completed,Completed,,Normal,1735912571878278364	,ST01431 + ST01172,Combo 2 Sữa Tắm Nam Le Petit Marseillais 4in1 Cho Tóc Mặt Râu Toàn Thân 250ml,"Gỗ Cam & Dầu Argan , Gỗ Tuyết Tùng Và Dương Xỉ",1,0,550000,550000,42336,190144,317520,0,15800,0,15800,,0,317520,,25/06/2026 22:15:04	,27/06/2026 21:26:55	,26/06/2026 06:28:15	,26/06/2026 15:14:19	,27/06/2026 21:26:55	,"	",,,Fulfillment by seller,Kho HCMC,861907651726,Standard shipping,J&T Express,,b***nng95,N***** v** p***** ,(+84)090*****13,Việt Nam,Thành phố Hồ Chí Minh,Quận 7,*******,**********,,Cash on delivery,0.6,Bath & Body Care,1201268469856961911	,,Unchecked,,LIVE,lepetitmarseillaisvn
584706130295358762	,Completed,Completed,,Normal,1733398526731846876	,ST04371,Sữa Tắm Nam 4 in 1 Thiên Nhiên Le Petit Marseillais Chiết Xuất Gừng & Gỗ Bách Hương 250ml 4371,Mặc định,1,0,0,0,0,0,0,0,15800,0,15800,,0,313740,,25/06/2026 22:13:38	,27/06/2026 19:15:42	,26/06/2026 06:28:15	,26/06/2026 15:14:19	,27/06/2026 19:15:42	,"	",,,Fulfillment by seller,Kho HCMC,861960501736,Standard shipping,J&T Express,,t***nguyentrieudang,N***,(+84)090*****89,Vietnam,Ho Chi Minh City,Tan Phu,*********,**********,,Cash on delivery,0.4,Bath & Body Care,1201268736934184234	,,Unchecked,,LIVE,lepetitmarseillaisvn
584706130295358762	,Completed,Completed,,Normal,1735912571878278364	,ST01431 + ST01172,Combo 2 Sữa Tắm Nam Le Petit Marseillais 4in1 Cho Tóc Mặt Râu Toàn Thân 250ml,"Gỗ Cam & Dầu Argan , Gỗ Tuyết Tùng Và Dương Xỉ",1,0,550000,550000,64260,172000,313740,0,15800,0,15800,,0,313740,,25/06/2026 22:13:38	,27/06/2026 19:15:42	,26/06/2026 06:28:15	,26/06/2026 15:14:19	,27/06/2026 19:15:42	,"	",,,Fulfillment by seller,Kho HCMC,861960501736,Standard shipping,J&T Express,,t***nguyentrieudang,N***,(+84)090*****89,Vietnam,Ho Chi Minh City,Tan Phu,*********,**********,,Cash on delivery,0.6,Bath & Body Care,1201268736934184234	,,Unchecked,,LIVE,lepetitmarseillaisvn
584706064353166426	,Completed,Completed,,Normal,1732250801268951260	,ST68823,"Sữa Tắm/Gel Tắm Pháp Le Petit Marseillais Chiết Xuất Thiên Nhiên 650ml - Sữa Tắm Lưu Hương Lành Tính - Dịu Nhẹ, An Toàn Cho Da","Hương Xoài & Chanh Dây, Standard",1,0,519000,519000,65000,124000,330000,0,48600,0,48600,,0,330000,,25/06/2026 22:08:23	,27/06/2026 15:41:48	,26/06/2026 06:28:15	,26/06/2026 15:14:19	,27/06/2026 15:41:48	,"	",,,Fulfillment by seller,Kho HCMC,861983131726,Standard shipping,J&T Express,,n***nhi.tran22,Y** N**,(+84)968****13,Việt Nam,Lâm Đồng,Phường Phú Thủy,***************,*****************************,,Cash on delivery,1,Bath & Shower,1201268042308486234	,,Unchecked,,LIVE,lepetitmarseillaisvn
584706064353166426	,Completed,Completed,,Normal,1735803348866008284	,DX74752,Dầu Xả Cấp Ẩm Le Petit Marseillais Nước Dừa Hữu Cơ 200ml,Mặc định,1,0,0,0,0,0,0,0,48600,0,48600,,0,330000,,25/06/2026 22:08:23	,27/06/2026 15:41:48	,26/06/2026 06:28:15	,26/06/2026 15:14:19	,27/06/2026 15:41:48	,"	",,,Fulfillment by seller,Kho HCMC,861983131726,Standard shipping,J&T Express,,n***nhi.tran22,Y** N**,(+84)968****13,Việt Nam,Lâm Đồng,Phường Phú Thủy,***************,*****************************,,Cash on delivery,0.25,Shampoo & Conditioner,1201268042308486234	,,Unchecked,,LIVE,lepetitmarseillaisvn
584705963381392830	,Completed,Completed,,Normal,1733398526731846876	,ST04371,Sữa Tắm Nam 4 in 1 Thiên Nhiên Le Petit Marseillais Chiết Xuất Gừng & Gỗ Bách Hương 250ml 4371,Mặc định,1,0,0,0,0,0,0,0,29700,0,29700,,0,302400,,25/06/2026 22:02:37	,27/06/2026 19:08:26	,26/06/2026 06:28:15	,26/06/2026 15:14:19	,27/06/2026 19:08:26	,"	",,,Fulfillment by seller,Kho HCMC,861901251736,Standard shipping,J&T Express,,r***p93,T****,(+84)349****14,Việt Nam,Cần Thơ,Phường Bình Thủy,****************,******************,*********,Cash on delivery,0.4,Bath & Body Care,1201268157452420542	,,Unchecked,,LIVE,lepetitmarseillaisvn
584705963381392830	,Completed,Completed,,Normal,1735912571878081756	,ST01172 + ST01356,Combo 2 Sữa Tắm Nam Le Petit Marseillais 4in1 Cho Tóc Mặt Râu Toàn Thân 250ml,"Gỗ Tuyết Tùng Và Dương Xỉ, Thông Biển & Bạch Đàn",1,0,550000,550000,75600,172000,302400,0,29700,0,29700,,0,302400,,25/06/2026 22:02:37	,27/06/2026 19:08:26	,26/06/2026 06:28:15	,26/06/2026 15:14:19	,27/06/2026 19:08:26	,"	",,,Fulfillment by seller,Kho HCMC,861901251736,Standard shipping,J&T Express,,r***p93,T****,(+84)349****14,Việt Nam,Cần Thơ,Phường Bình Thủy,****************,******************,*********,Cash on delivery,0.6,Bath & Body Care,1201268157452420542	,,Unchecked,,LIVE,lepetitmarseillaisvn
584705940943963755	,Canceled,Canceled,Cancel,Normal,1734496577198523612	,1 BÁNH-XP,Xà Phòng Le Petit Marseillais Chính Hãng Bánh Xà Phòng Tắm Thiên Nhiên (Ngẫu nhiên)  1 Bánh,Mặc định,1,1,0,0,0,0,0,0,15800,0,15800,,0,313740,0,25/06/2026 21:59:02	,"	","	","	","	",25/06/2026 22:03:56	,User,Better price available,Fulfillment by seller,Kho HCMC,,Standard shipping,,,d***220594,l***,(+84)332****06,Vietnam,Ho Chi Minh,Thanh My Tay Ward,*****************,****************************,*****************************,Cash on delivery,0.1,Bath & Shower,1201267562088072811	,,Unchecked,,LIVE,lepetitmarseillaisvn
584705940943963755	,Canceled,Canceled,Cancel,Normal,1736012747227956444	,ST54463+ST65434,Combo 2 Sữa Tắm Nữ Pháp Le Petit Marseillais 250ml - Thiên Nhiên Dịu Nhẹ,"Muối Biển, Bông Và Hoa Anh Túc",1,1,570000,570000,64260,192000,313740,0,15800,0,15800,,0,313740,313740,25/06/2026 21:59:02	,"	","	","	","	",25/06/2026 22:03:56	,User,Better price available,Fulfillment by seller,Kho HCMC,,Standard shipping,,,d***220594,l***,(+84)332****06,Vietnam,Ho Chi Minh,Thanh My Tay Ward,*****************,****************************,*****************************,Cash on delivery,0.6,Bath & Shower,1201267562088072811	,,Unchecked,,LIVE,lepetitmarseillaisvn
584705786238436652	,Shipped,Completed,,Normal,1731317148230255836	,BONG TAM HQ,[Quà tặng không bán] Bông Tắm Tạo Bọt Mềm Mịn,Mặc định,1,0,0,0,0,0,0,0,16700,0,16700,,0,176300,,25/06/2026 21:53:19	,28/06/2026 20:55:04	,26/06/2026 06:28:15	,26/06/2026 10:43:57	,28/06/2026 20:55:04	,"	",,,Fulfillment by seller,Kho HN,861931861696,Standard shipping,J&T Express,,h***an0410,H* H***,(+84)964****95,Việt Nam,Hà Nội,Xã Chương Dương,***************,*****************,*********************************,Cash on delivery,0.5,"Loofahs, Sponges, & Poufs",1201267202881717548	,,Unchecked,,Videos,duongmanhkien19
584705786238436652	,Shipped,Delivered,,Normal,1732251749141219548	,ST01172,"Sữa Tắm Pháp Le Petit Marseillais Cho Nam Chiết Xuất Thiên Nhiên 4in1 Nhiều Mùi Hương Dưỡng Ẩm, Thơm Lâu - Phù Hợp Mọi Loại Da (250ml)","Hương Gỗ Tuyết Tùng & Dương Xỉ, Standard",1,0,272000,272000,28700,67000,176300,0,16700,0,16700,,0,176300,,25/06/2026 21:53:19	,28/06/2026 20:55:04	,26/06/2026 06:28:15	,26/06/2026 10:43:57	,28/06/2026 20:55:04	,"	",,,Fulfillment by seller,Kho HN,861931861696,Standard shipping,J&T Express,,h***an0410,H* H***,(+84)964****95,Việt Nam,Hà Nội,Xã Chương Dương,***************,*****************,*********************************,Cash on delivery,0.5,Bath & Shower,1201267202881717548	,,Unchecked,,Videos,duongmanhkien19
584705774965917373	,Completed,Completed,,Normal,1735912571877950684	,ST01172 x 2,Combo 2 Sữa Tắm Nam Le Petit Marseillais 4in1 Cho Tóc Mặt Râu Toàn Thân 250ml,"Gỗ Tuyết Tùng Và Dương Xỉ, Gỗ Tuyết Tùng Và Dương Xỉ",1,0,550000,550000,75600,172000,302400,0,15800,0,15800,,0,302400,,25/06/2026 21:48:06	,25/06/2026 21:48:12	,26/06/2026 06:28:15	,26/06/2026 15:14:19	,27/06/2026 11:09:20	,"	",,,Fulfillment by seller,Kho HCMC,861951251696,Standard shipping,J&T Express,,p***pam,P***,(+84)933****20,Việt Nam,Tỉnh Bà Rịa - Vũng Tàu,Bà Rịa,************,********************************************************,,Zalopay,0.6,Bath & Body Care,1201266515017631421	,,Unchecked,,LIVE,lepetitmarseillaisvn
584705774965917373	,Completed,Completed,,Normal,1733398526731846876	,ST04371,Sữa Tắm Nam 4 in 1 Thiên Nhiên Le Petit Marseillais Chiết Xuất Gừng & Gỗ Bách Hương 250ml 4371,Mặc định,1,0,0,0,0,0,0,0,15800,0,15800,,0,302400,,25/06/2026 21:48:06	,25/06/2026 21:48:12	,26/06/2026 06:28:15	,26/06/2026 15:14:19	,27/06/2026 11:09:20	,"	",,,Fulfillment by seller,Kho HCMC,861951251696,Standard shipping,J&T Express,,p***pam,P***,(+84)933****20,Việt Nam,Tỉnh Bà Rịa - Vũng Tàu,Bà Rịa,************,********************************************************,,Zalopay,0.4,Bath & Body Care,1201266515017631421	,,Unchecked,,LIVE,lepetitmarseillaisvn
584705582662256447	,Completed,Completed,,Normal,1736012747225072860	,ST92871+ST92871,Combo 2 Sữa Tắm Nữ Pháp Le Petit Marseillais 250ml - Thiên Nhiên Dịu Nhẹ,"Lá Bạc Hà , Lá Bạc Hà ",1,0,570000,570000,68040,192000,309960,0,20900,0,20900,,0,309960,,25/06/2026 21:39:05	,27/06/2026 12:15:17	,26/06/2026 06:29:13	,26/06/2026 10:43:57	,27/06/2026 12:15:17	,"	",,,Fulfillment by seller,Kho HN,861938731696,Standard shipping,J&T Express,,b***langtim304,L* T** H****,(+84)915****26,Việt Nam,Hà Nội,Xã Đại Thanh,************,**************,****************************************************************************,Cash on delivery,0.6,Bath & Shower,1201266643008522047	,,Unchecked,,LIVE,lepetitmarseillaisvn
584705582662256447	,Completed,Completed,,Normal,1734496577198523612	,1 BÁNH-XP,Xà Phòng Le Petit Marseillais Chính Hãng Bánh Xà Phòng Tắm Thiên Nhiên (Ngẫu nhiên)  1 Bánh,Mặc định,1,0,0,0,0,0,0,0,20900,0,20900,,0,309960,,25/06/2026 21:39:05	,27/06/2026 12:15:17	,26/06/2026 06:29:13	,26/06/2026 10:43:57	,27/06/2026 12:15:17	,"	",,,Fulfillment by seller,Kho HN,861938731696,Standard shipping,J&T Express,,b***langtim304,L* T** H****,(+84)915****26,Việt Nam,Hà Nội,Xã Đại Thanh,************,**************,****************************************************************************,Cash on delivery,0.1,Bath & Shower,1201266643008522047	,,Unchecked,,LIVE,lepetitmarseillaisvn
584705485650297926	,Completed,Completed,,Normal,1731317148230255836	,BONG TAM HQ,[Quà tặng không bán] Bông Tắm Tạo Bọt Mềm Mịn,Mặc định,1,0,0,0,0,0,0,0,15800,0,15800,,0,189000,,25/06/2026 21:31:57	,27/06/2026 13:25:24	,26/06/2026 06:29:13	,26/06/2026 15:14:19	,27/06/2026 13:25:24	,"	",,,Fulfillment by seller,Kho HCMC,861978711696,Standard shipping,J&T Express,,x***.link890,x*** l***,(+84)388****06,Việt Nam,Hồ Chí Minh,Phường Cầu Ông Lãnh,*******************,*****************,,Cash on delivery,0.5,"Loofahs, Sponges, & Poufs",1201265749671314502	,,Unchecked,,Product cards,
584705485650297926	,Completed,Completed,,Normal,1732251749141285084	,ST04371,"Sữa Tắm Pháp Le Petit Marseillais Cho Nam Chiết Xuất Thiên Nhiên 4in1 Nhiều Mùi Hương Dưỡng Ẩm, Thơm Lâu - Phù Hợp Mọi Loại Da (250ml)","Hương Gừng & Gỗ Bách, Standard",1,0,272000,272000,0,83000,189000,0,15800,0,15800,,0,189000,,25/06/2026 21:31:57	,27/06/2026 13:25:24	,26/06/2026 06:29:13	,26/06/2026 15:14:19	,27/06/2026 13:25:24	,"	",,,Fulfillment by seller,Kho HCMC,861978711696,Standard shipping,J&T Express,,x***.link890,x*** l***,(+84)388****06,Việt Nam,Hồ Chí Minh,Phường Cầu Ông Lãnh,*******************,*****************,,Cash on delivery,0.5,Bath & Shower,1201265749671314502	,,Unchecked,,Product cards,
584705550273185143	,Shipped,Completed,,Normal,1731317148230255836	,BONG TAM HQ,[Quà tặng không bán] Bông Tắm Tạo Bọt Mềm Mịn,Mặc định,1,0,0,0,0,0,0,0,34000,0,34000,,0,273900,,25/06/2026 21:30:11	,29/06/2026 11:03:20	,26/06/2026 06:29:13	,26/06/2026 10:43:57	,29/06/2026 11:03:20	,"	",,,Fulfillment by seller,Kho HN,861941581736,Standard shipping,J&T Express,,p***ngdung128,D***,(+84)948****95,Việt Nam,Cao Bằng,Phường Thục Phán,****************,*****************,******************,Cash on delivery,0.5,"Loofahs, Sponges, & Poufs",1201265731819570551	,,Unchecked,,LIVE,lepetitmarseillaisvn
584705550273185143	,Shipped,Delivered,,Normal,1732251905363708124	,ST55031,Sữa tắm Thiên Nhiên Pháp Le Petit Marseillais Nhiều Mùi Hương Dịu Nhẹ Cho Da Nhạy Cảm 400ml - Phù Hợp Mọi Loại Da,"Lô Hội, Standard",1,0,441000,441000,56100,111000,273900,0,34000,0,34000,,0,273900,,25/06/2026 21:30:11	,29/06/2026 11:03:20	,26/06/2026 06:29:13	,26/06/2026 10:43:57	,29/06/2026 11:03:20	,"	",,,Fulfillment by seller,Kho HN,861941581736,Standard shipping,J&T Express,,p***ngdung128,D***,(+84)948****95,Việt Nam,Cao Bằng,Phường Thục Phán,****************,*****************,******************,Cash on delivery,0.9,Bath & Shower,1201265731819570551	,,Unchecked,,LIVE,lepetitmarseillaisvn
584705226008462773	,Completed,Completed,,Normal,1732250801268885724	,ST68816,"Sữa Tắm/Gel Tắm Pháp Le Petit Marseillais Chiết Xuất Thiên Nhiên 650ml - Sữa Tắm Lưu Hương Lành Tính - Dịu Nhẹ, An Toàn Cho Da","Hoa Tiare, Standard",1,0,519000,519000,50400,140600,328000,0,39400,0,39400,,0,328000,,25/06/2026 21:08:33	,27/06/2026 18:09:59	,26/06/2026 06:29:13	,26/06/2026 15:14:19	,27/06/2026 18:09:59	,"	",,,Fulfillment by seller,Kho HCMC,861998701696,Standard shipping,J&T Express,,n***b5,Y**,(+84)094*****54,Việt Nam,An Giang,Chợ Mới,*****,**********************************************,,Cash on delivery,1,Bath & Shower,1201264655390770613	,,Unchecked,,Product cards,
584705226008462773	,Completed,Completed,,Normal,1735803348866008284	,DX74752,Dầu Xả Cấp Ẩm Le Petit Marseillais Nước Dừa Hữu Cơ 200ml,Mặc định,1,0,0,0,0,0,0,0,39400,0,39400,,0,328000,,25/06/2026 21:08:33	,27/06/2026 18:09:59	,26/06/2026 06:29:13	,26/06/2026 15:14:19	,27/06/2026 18:09:59	,"	",,,Fulfillment by seller,Kho HCMC,861998701696,Standard shipping,J&T Express,,n***b5,Y**,(+84)094*****54,Việt Nam,An Giang,Chợ Mới,*****,**********************************************,,Cash on delivery,0.25,Shampoo & Conditioner,1201264655390770613	,,Unchecked,,Product cards,
584704894470555035	,Completed,Completed,,Normal,1731317148230255836	,BONG TAM HQ,[Quà tặng không bán] Bông Tắm Tạo Bọt Mềm Mịn,Mặc định,1,0,0,0,0,0,0,0,20900,0,20900,,0,282200,,25/06/2026 20:53:43	,25/06/2026 20:53:48	,26/06/2026 06:29:13	,26/06/2026 15:14:20	,27/06/2026 13:33:53	,"	",,,Fulfillment by seller,Kho HCMC,861966331726,Standard shipping,J&T Express,,h***61991,H**** x***,(+84)919****82,Việt Nam,Hồ Chí Minh,Phường An Phú,*************,****************,************************************,Credit/debit card,0.5,"Loofahs, Sponges, & Poufs",1201263477531313563	,,Unchecked,,Product cards,
584704894470555035	,Completed,Completed,,Normal,1735802713549341916	,ST55055,Sữa Tắm Le Petit Marseillais Chiết Xuất Hoa Hanh Nhân Cho Da Nhạy Cảm 98% Thiên Nhiên 400ml,Mặc định,1,0,441000,441000,57800,101000,282200,0,20900,0,20900,,0,282200,,25/06/2026 20:53:43	,25/06/2026 20:53:48	,26/06/2026 06:29:13	,26/06/2026 15:14:20	,27/06/2026 13:33:53	,"	",,,Fulfillment by seller,Kho HCMC,861966331726,Standard shipping,J&T Express,,h***61991,H**** x***,(+84)919****82,Việt Nam,Hồ Chí Minh,Phường An Phú,*************,****************,************************************,Credit/debit card,0.5,Bath & Shower,1201263477531313563	,,Unchecked,,Product cards,
584704398206665758	,Completed,Completed,,Normal,1731317148230255836	,BONG TAM HQ,[Quà tặng không bán] Bông Tắm Tạo Bọt Mềm Mịn,Mặc định,1,0,0,0,0,0,0,0,15800,0,15800,,0,173880,,25/06/2026 20:22:58	,27/06/2026 09:42:33	,26/06/2026 06:29:13	,26/06/2026 10:43:57	,27/06/2026 09:42:33	,"	",,,Fulfillment by seller,Kho HN,861962691736,Standard shipping,J&T Express,,h***.vannguyen,H*** V**,(+84)947****98,Việt Nam,Hà Nội,Bắc Từ Liêm,*********,**************************,********************************************,Cash on delivery,0.5,"Loofahs, Sponges, & Poufs",1201261291393025054	,,Unchecked,,Videos,ahau.phuongthao
584704398206665758	,Completed,Completed,,Normal,1732250914985052380	,ST48441,"Sữa Tắm/Gel Tắm Pháp Le Petit Marseillais Thiên Nhiên 250ml - Sữa Tắm Lưu Hương Lành Tính - Dịu Nhẹ, An Toàn Cho Da","Quả Mâm Xôi & Hoa Mẫu Đơn, Standard",1,0,272000,272000,9072,89048,173880,0,15800,0,15800,,0,173880,,25/06/2026 20:22:58	,27/06/2026 09:42:33	,26/06/2026 06:29:13	,26/06/2026 10:43:57	,27/06/2026 09:42:33	,"	",,,Fulfillment by seller,Kho HN,861962691736,Standard shipping,J&T Express,,h***.vannguyen,H*** V**,(+84)947****98,Việt Nam,Hà Nội,Bắc Từ Liêm,*********,**************************,********************************************,Cash on delivery,0.5,Bath & Shower,1201261291393025054	,,Unchecked,,Videos,ahau.phuongthao
584704453799872014	,Completed,Completed,,Normal,1735774389484160220	,ST00557,Sữa Tắm Le Petit Marseillais Sữa Vani Hữu Cơ 92% Tự Nhiên 650ml,Mặc định,1,0,519000,519000,65000,129000,325000,0,20900,0,20900,,0,325000,,25/06/2026 20:21:31	,27/06/2026 13:20:26	,26/06/2026 06:29:13	,26/06/2026 15:14:19	,27/06/2026 13:20:26	,"	",,,Fulfillment by seller,Kho HCMC,861921591736,Standard shipping,J&T Express,,u***375508042090180,đ*** b***,(+84)978****53,Việt Nam,Hồ Chí Minh,Phường Vĩnh Tân,***************,******************,,Cash on delivery,0.75,Bath & Shower,1201260536039704078	,,Unchecked,,Product cards,
584704453799872014	,Completed,Completed,,Normal,1735803348866008284	,DX74752,Dầu Xả Cấp Ẩm Le Petit Marseillais Nước Dừa Hữu Cơ 200ml,Mặc định,1,0,0,0,0,0,0,0,20900,0,20900,,0,325000,,25/06/2026 20:21:31	,27/06/2026 13:20:26	,26/06/2026 06:29:13	,26/06/2026 15:14:19	,27/06/2026 13:20:26	,"	",,,Fulfillment by seller,Kho HCMC,861921591736,Standard shipping,J&T Express,,u***375508042090180,đ*** b***,(+84)978****53,Việt Nam,Hồ Chí Minh,Phường Vĩnh Tân,***************,******************,,Cash on delivery,0.25,Shampoo & Conditioner,1201260536039704078	,,Unchecked,,Product cards,
584704177502323715	,Shipped,Delivered,,Normal,1732250801268885724	,ST68816,"Sữa Tắm/Gel Tắm Pháp Le Petit Marseillais Chiết Xuất Thiên Nhiên 650ml - Sữa Tắm Lưu Hương Lành Tính - Dịu Nhẹ, An Toàn Cho Da","Hoa Tiare, Standard",1,0,519000,519000,49770,145330,323900,0,48600,0,48600,,0,323900,,25/06/2026 20:15:40	,28/06/2026 10:25:08	,26/06/2026 06:29:13	,26/06/2026 10:43:57	,28/06/2026 10:25:08	,"	",,,Fulfillment by seller,Kho HN,861912581696,Standard shipping,J&T Express,,n***enthingocquy99,N***** T** N*** Q**,(+84)973****88,Việt Nam,Thừa Thiên Huế,Huế,********,**********************,,Cash on delivery,1,Bath & Shower,1201260070277841923	,,Unchecked,,Product cards,
584704177502323715	,Shipped,Completed,,Normal,1735803348866008284	,DX74752,Dầu Xả Cấp Ẩm Le Petit Marseillais Nước Dừa Hữu Cơ 200ml,Mặc định,1,0,0,0,0,0,0,0,48600,0,48600,,0,323900,,25/06/2026 20:15:40	,28/06/2026 10:25:08	,26/06/2026 06:29:13	,26/06/2026 10:43:57	,28/06/2026 10:25:08	,"	",,,Fulfillment by seller,Kho HN,861912581696,Standard shipping,J&T Express,,n***enthingocquy99,N***** T** N*** Q**,(+84)973****88,Việt Nam,Thừa Thiên Huế,Huế,********,**********************,,Cash on delivery,0.25,Shampoo & Conditioner,1201260070277841923	,,Unchecked,,Product cards,
584703477789394255	,Completed,Completed,,Normal,1732251749141219548	,ST01172,"Sữa Tắm Pháp Le Petit Marseillais Cho Nam Chiết Xuất Thiên Nhiên 4in1 Nhiều Mùi Hương Dưỡng Ẩm, Thơm Lâu - Phù Hợp Mọi Loại Da (250ml)","Hương Gỗ Tuyết Tùng & Dương Xỉ, Standard",1,0,272000,272000,0,67000,205000,0,7900,0,7900,,0,205000,,25/06/2026 19:31:59	,27/06/2026 18:46:18	,25/06/2026 19:43:08	,26/06/2026 10:43:57	,27/06/2026 18:46:18	,"	",,,Fulfillment by seller,Kho HN,861999201046,Standard shipping,J&T Express,,h***g9695,L***,(+84)348****33,Việt Nam,Hà Nội,Đống Đa,**********,***********************,******,Cash on delivery,0.5,Bath & Shower,1201256338979652943	,,Unchecked,,Videos,vanmeoriviu
584703477789394255	,Completed,Completed,,Normal,1731317148230255836	,BONG TAM HQ,[Quà tặng không bán] Bông Tắm Tạo Bọt Mềm Mịn,Mặc định,1,0,0,0,0,0,0,0,7900,0,7900,,0,205000,,25/06/2026 19:31:59	,27/06/2026 18:46:18	,25/06/2026 19:43:08	,26/06/2026 10:43:57	,27/06/2026 18:46:18	,"	",,,Fulfillment by seller,Kho HN,861999201046,Standard shipping,J&T Express,,h***g9695,L***,(+84)348****33,Việt Nam,Hà Nội,Đống Đa,**********,***********************,******,Cash on delivery,0.5,"Loofahs, Sponges, & Poufs",1201256338979652943	,,Unchecked,,Videos,vanmeoriviu
584702447442298301	,Completed,Completed,,Normal,1733398526731846876	,ST04371,Sữa Tắm Nam 4 in 1 Thiên Nhiên Le Petit Marseillais Chiết Xuất Gừng & Gỗ Bách Hương 250ml 4371,Mặc định,1,0,0,0,0,0,0,17100,17100,0,0,,0,332100,,25/06/2026 18:19:33	,25/06/2026 18:19:39	,25/06/2026 19:43:08	,26/06/2026 09:19:44	,27/06/2026 09:30:40	,"	",,,Fulfillment by seller,Kho HCMC,861938291046,Standard shipping,J&T Express,,t***anhnguyen0609,T*** A**,(+84)091*****42,Vietnam,Ho Chi Minh,Cau Kieu Ward,*************,**********************,*****,Credit/debit card,0.4,Bath & Body Care,1201251006467179965	,,Unchecked,,Product cards,
584702447442298301	,Completed,Completed,,Normal,1732251749141219548	,ST01172,"Sữa Tắm Pháp Le Petit Marseillais Cho Nam Chiết Xuất Thiên Nhiên 4in1 Nhiều Mùi Hương Dưỡng Ẩm, Thơm Lâu - Phù Hợp Mọi Loại Da (250ml)","Hương Gỗ Tuyết Tùng & Dương Xỉ, Standard",2,0,272000,544000,95000,134000,315000,17100,17100,0,0,,0,332100,,25/06/2026 18:19:33	,25/06/2026 18:19:39	,25/06/2026 19:43:08	,26/06/2026 09:19:44	,27/06/2026 09:30:40	,"	",,,Fulfillment by seller,Kho HCMC,861938291046,Standard shipping,J&T Express,,t***anhnguyen0609,T*** A**,(+84)091*****42,Vietnam,Ho Chi Minh,Cau Kieu Ward,*************,**********************,*****,Credit/debit card,1,Bath & Shower,1201251006467179965	,,Unchecked,,Product cards,
584702023610238832	,Completed,Completed,,Normal,1735792088033101020	,ST00526,Sữa Tắm Dạng Kem Le Petit Marseillais Chiết Xuất Vani Hữu Cơ ư 250ml - 92% Thiên Nhiên Siêu Dịu Nhẹ,Mặc định,1,0,272000,272000,0,73000,199000,0,29700,0,29700,,0,199000,,25/06/2026 17:49:05	,27/06/2026 11:03:57	,25/06/2026 19:43:08	,26/06/2026 09:19:44	,27/06/2026 11:03:57	,"	",,,Fulfillment by seller,Kho HCMC,861967291086,Standard shipping,J&T Express,,_***istmas_0111,t** t**** c***,(+84)939****52,Việt Nam,Trà Vinh,Trà Vinh,********,**********************************************************************************************************************,**************,Cash on delivery,0.4,Bath & Shower,1201247431730235248	,,Unchecked,,Product cards,
584702023610238832	,Completed,Completed,,Normal,1731317148230255836	,BONG TAM HQ,[Quà tặng không bán] Bông Tắm Tạo Bọt Mềm Mịn,Mặc định,1,0,0,0,0,0,0,0,29700,0,29700,,0,199000,,25/06/2026 17:49:05	,27/06/2026 11:03:57	,25/06/2026 19:43:08	,26/06/2026 09:19:44	,27/06/2026 11:03:57	,"	",,,Fulfillment by seller,Kho HCMC,861967291086,Standard shipping,J&T Express,,_***istmas_0111,t** t**** c***,(+84)939****52,Việt Nam,Trà Vinh,Trà Vinh,********,**********************************************************************************************************************,**************,Cash on delivery,0.5,"Loofahs, Sponges, & Poufs",1201247431730235248	,,Unchecked,,Product cards,
584701652321601134	,Completed,Completed,,Normal,1735803421743809756	,DG37429,Dầu Gội Cấp Ẩm Le Petit Marseillais Nước Dừa Hữu Cơ 250ml,Mặc định,1,0,350000,350000,64750,91000,194250,0,12600,0,12600,,0,194250,,25/06/2026 17:19:36	,27/06/2026 14:39:33	,25/06/2026 19:43:08	,26/06/2026 09:19:44	,27/06/2026 14:39:33	,"	",,,Fulfillment by seller,Kho HCMC,861906551086,Standard shipping,J&T Express,,k***.only,k********,(+84)368****02,Vietnam,Ho Chi Minh,District 4,*******,*****************************************,,Cash on delivery,0.3,Shampoo & Conditioner,1201244805929928302	,,Unchecked,,Product cards,
584701619301156148	,Completed,Completed,,Normal,1731317148230255836	,BONG TAM HQ,[Quà tặng không bán] Bông Tắm Tạo Bọt Mềm Mịn,Mặc định,1,0,0,0,0,0,0,0,15800,0,15800,,0,178350,,25/06/2026 17:18:54	,27/06/2026 16:24:29	,25/06/2026 19:43:08	,26/06/2026 10:43:57	,27/06/2026 16:24:29	,"	",,,Fulfillment by seller,Kho HN,861991591056,Standard shipping,J&T Express,,k***xoi,n***** h**** k***,(+84)879****14,Việt Nam,Thanh pho Ha Noi,Dong Da,********,********************,,Cash on delivery,0.5,"Loofahs, Sponges, & Poufs",1201244795734361396	,,Unchecked,,Videos,emberiviu1
584701619301156148	,Completed,Completed,,Normal,1732251749141154012	,ST01356,"Sữa Tắm Pháp Le Petit Marseillais Cho Nam Chiết Xuất Thiên Nhiên 4in1 Nhiều Mùi Hương Dưỡng Ẩm, Thơm Lâu - Phù Hợp Mọi Loại Da (250ml)","Hương Thông & Bạch Đàn Biển, Standard",1,0,272000,272000,26650,67000,178350,0,15800,0,15800,,0,178350,,25/06/2026 17:18:54	,27/06/2026 16:24:29	,25/06/2026 19:43:08	,26/06/2026 10:43:57	,27/06/2026 16:24:29	,"	",,,Fulfillment by seller,Kho HN,861991591056,Standard shipping,J&T Express,,k***xoi,n***** h**** k***,(+84)879****14,Việt Nam,Thanh pho Ha Noi,Dong Da,********,********************,,Cash on delivery,0.5,Bath & Shower,1201244795734361396	,,Unchecked,,Videos,emberiviu1
584701606471501422	,Canceled,Canceled,Cancel,Normal,1735803348866008284	,DX74752,Dầu Xả Cấp Ẩm Le Petit Marseillais Nước Dừa Hữu Cơ 200ml,Mặc định,1,1,324000,324000,6678,169452,147870,0,12600,0,12600,,0,147870,147870,25/06/2026 17:17:20	,"	","	","	","	",25/06/2026 17:17:40	,User,No longer needed,Fulfillment by seller,Kho HCMC,,Standard shipping,,,k***.only,k********,(+84)368****02,Vietnam,Ho Chi Minh,District 4,*******,*****************************************,,Cash on delivery,0.25,Shampoo & Conditioner,1201244615696287342	,,Unchecked,,Product cards,
584701511562790510	,Completed,Completed,,Normal,1735803348866008284	,DX74752,Dầu Xả Cấp Ẩm Le Petit Marseillais Nước Dừa Hữu Cơ 200ml,Mặc định,1,0,324000,324000,6678,169452,147870,0,12600,0,12600,,0,147870,,25/06/2026 17:13:05	,27/06/2026 14:39:33	,25/06/2026 19:43:08	,26/06/2026 09:19:44	,27/06/2026 14:39:33	,"	",,,Fulfillment by seller,Kho HCMC,861923521086,Standard shipping,J&T Express,,k***.only,k********,(+84)368****02,Vietnam,Ho Chi Minh,District 4,*******,*****************************************,,Cash on delivery,0.25,Shampoo & Conditioner,1201244289462732398	,,Unchecked,,Product cards,
584701119726323108	,Completed,Completed,,Normal,1731317148230255836	,BONG TAM HQ,[Quà tặng không bán] Bông Tắm Tạo Bọt Mềm Mịn,Mặc định,1,0,0,0,0,0,0,0,29700,0,29700,,0,174000,,25/06/2026 16:38:59	,27/06/2026 09:47:43	,25/06/2026 16:46:02	,26/06/2026 09:19:44	,27/06/2026 09:47:43	,"	",,,Fulfillment by seller,Kho HCMC,861937160686,Standard shipping,J&T Express,,_***pa_chupps,H********,(+84)938****13,Việt Nam,Đồng Nai,Biên Hòa,*******,***************************************************************************************************,,Cash on delivery,0.5,"Loofahs, Sponges, & Poufs",1201240932733322660	,,Unchecked,,LIVE,ron_tran_
584701119726323108	,Completed,Completed,,Normal,1732250914984986844	,ST99622,"Sữa Tắm/Gel Tắm Pháp Le Petit Marseillais Thiên Nhiên 250ml - Sữa Tắm Lưu Hương Lành Tính - Dịu Nhẹ, An Toàn Cho Da","Xoài & Chanh Dây, Standard",1,0,272000,272000,15000,83000,174000,0,29700,0,29700,,0,174000,,25/06/2026 16:38:59	,27/06/2026 09:47:43	,25/06/2026 16:46:02	,26/06/2026 09:19:44	,27/06/2026 09:47:43	,"	",,,Fulfillment by seller,Kho HCMC,861937160686,Standard shipping,J&T Express,,_***pa_chupps,H********,(+84)938****13,Việt Nam,Đồng Nai,Biên Hòa,*******,***************************************************************************************************,,Cash on delivery,0.5,Bath & Shower,1201240932733322660	,,Unchecked,,LIVE,ron_tran_
584701037673219492	,Canceled,Canceled,Cancel,Normal,1732250914984724700	,ST19308,"Sữa Tắm/Gel Tắm Pháp Le Petit Marseillais Thiên Nhiên 250ml - Sữa Tắm Lưu Hương Lành Tính - Dịu Nhẹ, An Toàn Cho Da","Hương Lựu, Standard",1,1,272000,272000,24600,67000,180400,0,29700,0,29700,,0,180400,180400,25/06/2026 16:36:44	,"	",25/06/2026 16:38:39	,"	","	",25/06/2026 16:39:43	,User,Better price available,Fulfillment by seller,Kho HCMC,861965560686,Standard shipping,J&T Express,,_***pa_chupps,H********,(+84)938****13,Việt Nam,Đồng Nai,Biên Hòa,*******,***************************************************************************************************,,Cash on delivery,0.5,Bath & Shower,1201240677486134692	,,Unchecked,,LIVE,ron_tran_
584701037673219492	,Canceled,Canceled,Cancel,Normal,1731317148230255836	,BONG TAM HQ,[Quà tặng không bán] Bông Tắm Tạo Bọt Mềm Mịn,Mặc định,1,1,0,0,0,0,0,0,29700,0,29700,,0,180400,0,25/06/2026 16:36:44	,"	",25/06/2026 16:38:39	,"	","	",25/06/2026 16:39:43	,User,Better price available,Fulfillment by seller,Kho HCMC,861965560686,Standard shipping,J&T Express,,_***pa_chupps,H********,(+84)938****13,Việt Nam,Đồng Nai,Biên Hòa,*******,***************************************************************************************************,,Cash on delivery,0.5,"Loofahs, Sponges, & Poufs",1201240677486134692	,,Unchecked,,LIVE,ron_tran_
584700749030065419	,Completed,Completed,,Normal,1733398526731846876	,ST04371,Sữa Tắm Nam 4 in 1 Thiên Nhiên Le Petit Marseillais Chiết Xuất Gừng & Gỗ Bách Hương 250ml 4371,Mặc định,1,0,0,0,0,0,0,0,15800,0,15800,,0,378000,,25/06/2026 16:10:33	,25/06/2026 16:10:37	,25/06/2026 16:26:11	,25/06/2026 17:38:45	,26/06/2026 09:49:02	,"	",,,Fulfillment by seller,Kho HCMC,861938400606,Standard shipping,J&T Express,,t***anhhoang855,T*** A**,(+84)903****88,Vietnam,Ho Chi Minh,Tan Son Nhi Ward,****************,*********************************************,,MoMo E-Wallet,0.4,Bath & Body Care,1201237338874348811	,,Unchecked,,LIVE,lepetitmarseillaisvn
584700749030065419	,Completed,Completed,,Normal,1735912571878606044	,ST01356 + ST01172,Combo 2 Sữa Tắm Nam Le Petit Marseillais 4in1 Cho Tóc Mặt Râu Toàn Thân 250ml,"Thông Biển & Bạch Đàn, Gỗ Tuyết Tùng Và Dương Xỉ",1,0,550000,550000,0,172000,378000,0,15800,0,15800,,0,378000,,25/06/2026 16:10:33	,25/06/2026 16:10:37	,25/06/2026 16:26:11	,25/06/2026 17:38:45	,26/06/2026 09:49:02	,"	",,,Fulfillment by seller,Kho HCMC,861938400606,Standard shipping,J&T Express,,t***anhhoang855,T*** A**,(+84)903****88,Vietnam,Ho Chi Minh,Tan Son Nhi Ward,****************,*********************************************,,MoMo E-Wallet,0.6,Bath & Body Care,1201237338874348811	,,Unchecked,,LIVE,lepetitmarseillaisvn
584700528745547010	,Completed,Completed,,Normal,1735912571878737116	,ST01356 x 2,Combo 2 Sữa Tắm Nam Le Petit Marseillais 4in1 Cho Tóc Mặt Râu Toàn Thân 250ml,"Thông Biển & Bạch Đàn, Thông Biển & Bạch Đàn",1,0,550000,550000,75600,172000,302400,0,15800,0,15800,,0,302400,,25/06/2026 15:58:10	,25/06/2026 15:58:15	,25/06/2026 15:58:49	,25/06/2026 17:38:45	,26/06/2026 08:58:02	,"	",,,Fulfillment by seller,Kho HCMC,861945780496,Standard shipping,J&T Express,,t***0224,T*******,(+84)969****75,Vietnam,Ho Chi Minh,Binh Thanh Ward,***************,******************************,,Credit/debit card,0.6,Bath & Body Care,1201236585661302018	,,Unchecked,,LIVE,lepetitmarseillaisvn
584700528745547010	,Completed,Completed,,Normal,1733398526731846876	,ST04371,Sữa Tắm Nam 4 in 1 Thiên Nhiên Le Petit Marseillais Chiết Xuất Gừng & Gỗ Bách Hương 250ml 4371,Mặc định,1,0,0,0,0,0,0,0,15800,0,15800,,0,302400,,25/06/2026 15:58:10	,25/06/2026 15:58:15	,25/06/2026 15:58:49	,25/06/2026 17:38:45	,26/06/2026 08:58:02	,"	",,,Fulfillment by seller,Kho HCMC,861945780496,Standard shipping,J&T Express,,t***0224,T*******,(+84)969****75,Vietnam,Ho Chi Minh,Binh Thanh Ward,***************,******************************,,Credit/debit card,0.4,Bath & Body Care,1201236585661302018	,,Unchecked,,LIVE,lepetitmarseillaisvn
584700538766787842	,Canceled,Canceled,Cancel,Normal,1732251749141154012	,ST01356,"Sữa Tắm Pháp Le Petit Marseillais Cho Nam Chiết Xuất Thiên Nhiên 4in1 Nhiều Mùi Hương Dưỡng Ẩm, Thơm Lâu - Phù Hợp Mọi Loại Da (250ml)","Hương Thông & Bạch Đàn Biển, Standard",1,1,272000,272000,24600,67000,180400,0,15800,0,15800,,0,180400,180400,25/06/2026 15:55:13	,25/06/2026 15:55:19	,25/06/2026 15:58:40	,"	","	",25/06/2026 15:58:57	,User,Better price available,Fulfillment by seller,Kho HCMC,861954030456,Standard shipping,J&T Express,,t***0224,T*******,(+84)969****75,Vietnam,Ho Chi Minh,Binh Thanh Ward,***************,******************************,,Credit/debit card,0.5,Bath & Shower,1201236701599073538	,,Unchecked,,LIVE,ron_tran_
584700538766787842	,Canceled,Canceled,Cancel,Normal,1731317148230255836	,BONG TAM HQ,[Quà tặng không bán] Bông Tắm Tạo Bọt Mềm Mịn,Mặc định,1,1,0,0,0,0,0,0,15800,0,15800,,0,180400,0,25/06/2026 15:55:13	,25/06/2026 15:55:19	,25/06/2026 15:58:40	,"	","	",25/06/2026 15:58:57	,User,Better price available,Fulfillment by seller,Kho HCMC,861954030456,Standard shipping,J&T Express,,t***0224,T*******,(+84)969****75,Vietnam,Ho Chi Minh,Binh Thanh Ward,***************,******************************,,Credit/debit card,0.5,"Loofahs, Sponges, & Poufs",1201236701599073538	,,Unchecked,,LIVE,ron_tran_
584700290150139311	,Completed,Completed,,Normal,1732250914984790236	,ST54463,"Sữa Tắm/Gel Tắm Pháp Le Petit Marseillais Thiên Nhiên 250ml - Sữa Tắm Lưu Hương Lành Tính - Dịu Nhẹ, An Toàn Cho Da","Muối Biển, Standard",1,0,272000,272000,25830,78070,168100,0,17100,0,17100,,0,323080,,25/06/2026 15:35:53	,26/06/2026 11:54:02	,25/06/2026 15:36:35	,25/06/2026 17:38:46	,26/06/2026 11:54:02	,"	",,,Fulfillment by seller,Kho HCMC,861957490346,Standard shipping,J&T Express,,d***ie.huynh,C* X***,(+84)907****48,Việt Nam,Hồ Chí Minh,Phường Long Bình,****************,*******************,******************************************,Cash on delivery,0.5,Bath & Shower,1201234655870944687	,,Unchecked,,LIVE,ron_tran_
584700290150139311	,Completed,Completed,,Normal,1732250914985248988	,ST00892,"Sữa Tắm/Gel Tắm Pháp Le Petit Marseillais Thiên Nhiên 250ml - Sữa Tắm Lưu Hương Lành Tính - Dịu Nhẹ, An Toàn Cho Da","Hạnnh Nhân, Standard",1,0,272000,272000,23814,93206,154980,0,17100,0,17100,,0,323080,,25/06/2026 15:35:53	,26/06/2026 11:54:02	,25/06/2026 15:36:35	,25/06/2026 17:38:46	,26/06/2026 11:54:02	,"	",,,Fulfillment by seller,Kho HCMC,861957490346,Standard shipping,J&T Express,,d***ie.huynh,C* X***,(+84)907****48,Việt Nam,Hồ Chí Minh,Phường Long Bình,****************,*******************,******************************************,Cash on delivery,0.5,Bath & Shower,1201234655870944687	,,Unchecked,,LIVE,ron_tran_
584700290150139311	,Completed,Completed,,Normal,1734496577198523612	,1 BÁNH-XP,Xà Phòng Le Petit Marseillais Chính Hãng Bánh Xà Phòng Tắm Thiên Nhiên (Ngẫu nhiên)  1 Bánh,Mặc định,1,0,0,0,0,0,0,0,17100,0,17100,,0,323080,,25/06/2026 15:35:53	,26/06/2026 11:54:02	,25/06/2026 15:36:35	,25/06/2026 17:38:46	,26/06/2026 11:54:02	,"	",,,Fulfillment by seller,Kho HCMC,861957490346,Standard shipping,J&T Express,,d***ie.huynh,C* X***,(+84)907****48,Việt Nam,Hồ Chí Minh,Phường Long Bình,****************,*******************,******************************************,Cash on delivery,0.1,Bath & Shower,1201234655870944687	,,Unchecked,,LIVE,ron_tran_
584700251273725535	,Completed,Completed,,Normal,1733398526731846876	,ST04371,Sữa Tắm Nam 4 in 1 Thiên Nhiên Le Petit Marseillais Chiết Xuất Gừng & Gỗ Bách Hương 250ml 4371,Mặc định,1,0,0,0,0,0,0,0,15800,0,15800,,0,302400,,25/06/2026 15:35:09	,26/06/2026 12:42:33	,25/06/2026 15:36:35	,25/06/2026 17:38:46	,26/06/2026 12:42:33	,"	",,,Fulfillment by seller,Kho HCMC,861987590376,Standard shipping,J&T Express,,d***hantuan1,D** P*** T***,(+84)396****69,Việt Nam,Hồ Chí Minh,Thủ Đức,******,**************************************************************************************************,********,Cash on delivery,0.4,Bath & Body Care,1201234458984941151	,,Unchecked,,LIVE,lepetitmarseillaisvn
584700251273725535	,Completed,Completed,,Normal,1735912571878606044	,ST01356 + ST01172,Combo 2 Sữa Tắm Nam Le Petit Marseillais 4in1 Cho Tóc Mặt Râu Toàn Thân 250ml,"Thông Biển & Bạch Đàn, Gỗ Tuyết Tùng Và Dương Xỉ",1,0,550000,550000,75600,172000,302400,0,15800,0,15800,,0,302400,,25/06/2026 15:35:09	,26/06/2026 12:42:33	,25/06/2026 15:36:35	,25/06/2026 17:38:46	,26/06/2026 12:42:33	,"	",,,Fulfillment by seller,Kho HCMC,861987590376,Standard shipping,J&T Express,,d***hantuan1,D** P*** T***,(+84)396****69,Việt Nam,Hồ Chí Minh,Thủ Đức,******,**************************************************************************************************,********,Cash on delivery,0.6,Bath & Body Care,1201234458984941151	,,Unchecked,,LIVE,lepetitmarseillaisvn
584700220802958358	,Completed,Completed,,Normal,1732250801269344476	,ST00991,"Sữa Tắm/Gel Tắm Pháp Le Petit Marseillais Chiết Xuất Thiên Nhiên 650ml - Sữa Tắm Lưu Hương Lành Tính - Dịu Nhẹ, An Toàn Cho Da","Sữa Thực Vật, Standard",1,0,519000,519000,0,124000,395000,0,18200,0,18200,,0,790000,,25/06/2026 15:31:18	,26/06/2026 10:17:13	,25/06/2026 15:36:35	,25/06/2026 17:54:55	,26/06/2026 10:17:13	,"	",,,Fulfillment by seller,Kho HCMC,861927600376,Standard shipping,J&T Express,,n***323,N***** N*** V**,(+84)785****77,Việt Nam,Hồ Chí Minh,Phường Tam Thắng,****************,****************************************,************************************************************,Cash on delivery,1,Bath & Shower,1201232960038470678	,,Unchecked,,LIVE,ron_tran_
584700220802958358	,Completed,Completed,,Normal,1735803348866008284	,DX74752,Dầu Xả Cấp Ẩm Le Petit Marseillais Nước Dừa Hữu Cơ 200ml,Mặc định,1,0,0,0,0,0,0,0,18200,0,18200,,0,790000,,25/06/2026 15:31:18	,26/06/2026 10:17:13	,25/06/2026 15:36:35	,25/06/2026 17:54:55	,26/06/2026 10:17:13	,"	",,,Fulfillment by seller,Kho HCMC,861927600376,Standard shipping,J&T Express,,n***323,N***** N*** V**,(+84)785****77,Việt Nam,Hồ Chí Minh,Phường Tam Thắng,****************,****************************************,************************************************************,Cash on delivery,0.25,Shampoo & Conditioner,1201232960038470678	,,Unchecked,,LIVE,ron_tran_
584700220802958358	,Completed,Completed,,Normal,1732250801268689116	,ST01902,"Sữa Tắm/Gel Tắm Pháp Le Petit Marseillais Chiết Xuất Thiên Nhiên 650ml - Sữa Tắm Lưu Hương Lành Tính - Dịu Nhẹ, An Toàn Cho Da","Thông & Bạch Đàn Biển, Standard",1,0,519000,519000,0,124000,395000,0,18200,0,18200,,0,790000,,25/06/2026 15:31:18	,26/06/2026 10:17:13	,25/06/2026 15:36:35	,25/06/2026 17:54:55	,26/06/2026 10:17:13	,"	",,,Fulfillment by seller,Kho HCMC,861927600376,Standard shipping,J&T Express,,n***323,N***** N*** V**,(+84)785****77,Việt Nam,Hồ Chí Minh,Phường Tam Thắng,****************,****************************************,************************************************************,Cash on delivery,1,Bath & Shower,1201232960038470678	,,Unchecked,,LIVE,ron_tran_
584700136711489296	,Completed,Completed,,Normal,1732250914984855772	,ST92871,"Sữa Tắm/Gel Tắm Pháp Le Petit Marseillais Thiên Nhiên 250ml - Sữa Tắm Lưu Hương Lành Tính - Dịu Nhẹ, An Toàn Cho Da","Bạc Hà, Standard",1,0,272000,272000,9072,89048,173880,15800,15800,0,0,,0,189680,,25/06/2026 15:26:01	,27/06/2026 14:25:35	,25/06/2026 15:36:35	,25/06/2026 16:24:51	,27/06/2026 14:25:35	,"	",,,Fulfillment by seller,Kho HN,861993860346,Standard shipping,J&T Express,,_***n2395,T***,(+84)034*****30,Việt Nam,Thành phố Hà Nội,Hoàng Mai,*************,****************************,,Cash on delivery,0.5,Bath & Shower,1201233079179052816	,,Unchecked,,Product cards,
584700136711489296	,Completed,Completed,,Normal,1731317148230255836	,BONG TAM HQ,[Quà tặng không bán] Bông Tắm Tạo Bọt Mềm Mịn,Mặc định,1,0,0,0,0,0,0,15800,15800,0,0,,0,189680,,25/06/2026 15:26:01	,27/06/2026 14:25:35	,25/06/2026 15:36:35	,25/06/2026 16:24:51	,27/06/2026 14:25:35	,"	",,,Fulfillment by seller,Kho HN,861993860346,Standard shipping,J&T Express,,_***n2395,T***,(+84)034*****30,Việt Nam,Thành phố Hà Nội,Hoàng Mai,*************,****************************,,Cash on delivery,0.5,"Loofahs, Sponges, & Poufs",1201233079179052816	,,Unchecked,,Product cards,
584700009339847942	,Shipped,Delivered,,Normal,1732250801268689116	,ST01902,"Sữa Tắm/Gel Tắm Pháp Le Petit Marseillais Chiết Xuất Thiên Nhiên 650ml - Sữa Tắm Lưu Hương Lành Tính - Dịu Nhẹ, An Toàn Cho Da","Thông & Bạch Đàn Biển, Standard",1,0,519000,519000,49770,145330,323900,48600,48600,0,0,,0,372500,,25/06/2026 15:15:53	,25/06/2026 15:15:58	,25/06/2026 15:17:38	,25/06/2026 17:38:46	,29/06/2026 07:57:49	,"	",,,Fulfillment by seller,Kho HCMC,861926590276,Standard shipping,J&T Express,,t***674,N** Q****,(+84)962****00,Việt Nam,Lâm Đồng,Phường Cam Ly - Đà Lạt,**********************,*******************,,Apple Pay,1,Bath & Shower,1201232749498631430	,,Unchecked,,Videos,ha_thubay
584700009339847942	,Shipped,Completed,,Normal,1735803348866008284	,DX74752,Dầu Xả Cấp Ẩm Le Petit Marseillais Nước Dừa Hữu Cơ 200ml,Mặc định,1,0,0,0,0,0,0,48600,48600,0,0,,0,372500,,25/06/2026 15:15:53	,25/06/2026 15:15:58	,25/06/2026 15:17:38	,25/06/2026 17:38:46	,29/06/2026 07:57:49	,"	",,,Fulfillment by seller,Kho HCMC,861926590276,Standard shipping,J&T Express,,t***674,N** Q****,(+84)962****00,Việt Nam,Lâm Đồng,Phường Cam Ly - Đà Lạt,**********************,*******************,,Apple Pay,0.25,Shampoo & Conditioner,1201232749498631430	,,Unchecked,,Videos,ha_thubay
584699383469475610	,Completed,Completed,,Normal,1732250801268951260	,ST68823,"Sữa Tắm/Gel Tắm Pháp Le Petit Marseillais Chiết Xuất Thiên Nhiên 650ml - Sữa Tắm Lưu Hương Lành Tính - Dịu Nhẹ, An Toàn Cho Da","Hương Xoài & Chanh Dây, Standard",1,0,519000,519000,44240,142960,331800,0,55400,0,55400,,0,331800,,25/06/2026 14:31:17	,26/06/2026 15:18:59	,25/06/2026 14:48:37	,25/06/2026 16:24:51	,26/06/2026 15:18:59	,"	",,,Fulfillment by seller,Kho HN,861941500106,Standard shipping,J&T Express,,c***n.lm.video.ve,N** t**** T*** L***,(+84)037*****22,Việt Nam,Nghệ An,Xã Nghĩa Đàn,************,***********************************************,,Cash on delivery,1,Bath & Shower,1201226838697019162	,,Unchecked,,Product cards,
584699383469475610	,Completed,Completed,,Normal,1735803348866008284	,DX74752,Dầu Xả Cấp Ẩm Le Petit Marseillais Nước Dừa Hữu Cơ 200ml,Mặc định,1,0,0,0,0,0,0,0,55400,0,55400,,0,331800,,25/06/2026 14:31:17	,26/06/2026 15:18:59	,25/06/2026 14:48:37	,25/06/2026 16:24:51	,26/06/2026 15:18:59	,"	",,,Fulfillment by seller,Kho HN,861941500106,Standard shipping,J&T Express,,c***n.lm.video.ve,N** t**** T*** L***,(+84)037*****22,Việt Nam,Nghệ An,Xã Nghĩa Đàn,************,***********************************************,,Cash on delivery,0.25,Shampoo & Conditioner,1201226838697019162	,,Unchecked,,Product cards,
584698911242487586	,Completed,Completed,,Normal,1731317148230255836	,BONG TAM HQ,[Quà tặng không bán] Bông Tắm Tạo Bọt Mềm Mịn,Mặc định,1,0,0,0,0,0,0,0,20800,0,20800,,0,184800,,25/06/2026 13:55:46	,26/06/2026 21:39:31	,25/06/2026 14:01:52	,25/06/2026 16:24:51	,26/06/2026 21:39:31	,"	",,,Fulfillment by seller,Kho HN,861966559665,Standard shipping,J&T Express,,d***ranguyen,T**** Đ**,(+84)090*****39,Vietnam,Tinh Hai Duong,Hai Duong,*******,**********************,,Cash on delivery,0.5,"Loofahs, Sponges, & Poufs",1201221800373094178	,,Unchecked,,Product cards,
584698911242487586	,Completed,Completed,,Normal,1731893265444210908	,ST48441,"Sữa Tắm Pháp Le Petit Marseillais Quả Mâm Xôi & Hoa Mẫu Đơn Hữu Cơ Dưỡng Ẩm, Thơm Lâu - Phù Hợp Mọi Loại Da (250ml)","Quả Mâm Xôi & Hoa Mẫu Đơn, Standard",1,0,272000,272000,25200,62000,184800,0,20800,0,20800,,0,184800,,25/06/2026 13:55:46	,26/06/2026 21:39:31	,25/06/2026 14:01:52	,25/06/2026 16:24:51	,26/06/2026 21:39:31	,"	",,,Fulfillment by seller,Kho HN,861966559665,Standard shipping,J&T Express,,d***ranguyen,T**** Đ**,(+84)090*****39,Vietnam,Tinh Hai Duong,Hai Duong,*******,**********************,,Cash on delivery,0.5,Bath & Shower,1201221800373094178	,,Unchecked,,Product cards,
584698802894701955	,Completed,Completed,,Normal,1732251749141219548	,ST01172,"Sữa Tắm Pháp Le Petit Marseillais Cho Nam Chiết Xuất Thiên Nhiên 4in1 Nhiều Mùi Hương Dưỡng Ẩm, Thơm Lâu - Phù Hợp Mọi Loại Da (250ml)","Hương Gỗ Tuyết Tùng & Dương Xỉ, Standard",1,0,272000,272000,0,67000,205000,0,47600,0,47600,,0,205000,,25/06/2026 13:47:41	,26/06/2026 20:40:48	,25/06/2026 13:50:28	,25/06/2026 16:24:51	,26/06/2026 20:40:48	,"	",,,Fulfillment by seller,Kho HN,861915089545,Standard shipping,J&T Express,,h***np,H*** B*,(+84)976****88,Việt Nam,Nghệ An,Đô Lương,********,****************,***********************,Cash on delivery,0.5,Bath & Shower,1201220657365878147	,,Unchecked,,Videos,lailalunaaday
584698802894701955	,Completed,Completed,,Normal,1731317148230255836	,BONG TAM HQ,[Quà tặng không bán] Bông Tắm Tạo Bọt Mềm Mịn,Mặc định,1,0,0,0,0,0,0,0,47600,0,47600,,0,205000,,25/06/2026 13:47:41	,26/06/2026 20:40:48	,25/06/2026 13:50:28	,25/06/2026 16:24:51	,26/06/2026 20:40:48	,"	",,,Fulfillment by seller,Kho HN,861915089545,Standard shipping,J&T Express,,h***np,H*** B*,(+84)976****88,Việt Nam,Nghệ An,Đô Lương,********,****************,***********************,Cash on delivery,0.5,"Loofahs, Sponges, & Poufs",1201220657365878147	,,Unchecked,,Videos,lailalunaaday
584698748810921690	,Completed,Completed,,Normal,1735791937064830172	,ST65434,Sữa Tắm Dạng Kem Le Petit Marseillais Bông Và Hoa Anh Túc 250ml  92% Thiên Nhiên Siêu Dịu Nhẹ,Mặc định,1,0,0,0,0,0,0,0,48600,0,48600,,0,291750,,25/06/2026 13:47:40	,27/06/2026 20:26:42	,25/06/2026 13:50:28	,25/06/2026 17:38:45	,27/06/2026 20:26:42	,"	",,,Fulfillment by seller,Kho HCMC,861935089545,Standard shipping,J&T Express,,d***eu4323,V* K*** L** C**,(+84)076*****69,Việt Nam,Quảng Ngãi,Phường Cẩm Thành,****************,********************,,Cash on delivery,0.4,Bath & Shower,1201221246740956890	,,Unchecked,,LIVE,huynhdangthong
584698748810921690	,Completed,Completed,,Normal,1735734212754703580	,ST68816,"[KOL huynhdangthong x LPM] Sữa Tắm/Gel Tắm Pháp Le Petit Marseillais Chiết Xuất Thiên Nhiên 650ml - Sữa Tắm Lưu Hương Lành Tính - Dịu Nhẹ, An Toàn Cho Da","Hoa Tiare, Standard",1,0,519000,519000,48625,178625,291750,0,48600,0,48600,,0,291750,,25/06/2026 13:47:40	,27/06/2026 20:26:42	,25/06/2026 13:50:28	,25/06/2026 17:38:45	,27/06/2026 20:26:42	,"	",,,Fulfillment by seller,Kho HCMC,861935089545,Standard shipping,J&T Express,,d***eu4323,V* K*** L** C**,(+84)076*****69,Việt Nam,Quảng Ngãi,Phường Cẩm Thành,****************,********************,,Cash on delivery,1,Bath & Shower,1201221246740956890	,,Unchecked,,LIVE,huynhdangthong
584698445526303811	,Completed,Completed,,Normal,1735791937064830172	,ST65434,Sữa Tắm Dạng Kem Le Petit Marseillais Bông Và Hoa Anh Túc 250ml  92% Thiên Nhiên Siêu Dịu Nhẹ,Mặc định,1,0,0,0,0,0,0,0,39400,0,39400,,0,291750,,25/06/2026 13:23:07	,25/06/2026 13:23:09	,25/06/2026 13:25:18	,25/06/2026 17:38:46	,26/06/2026 12:56:17	,"	",,,Fulfillment by seller,Kho HCMC,861995409315,Standard shipping,J&T Express,,m***toanluu1412,T*** N***,(+84)343****78,Việt Nam,Long An,Thủ Thừa,*********,***************************************,,TikTok Shop Balance,0.4,Bath & Shower,1201217962097935427	,,Unchecked,,LIVE,huynhdangthong
584698445526303811	,Completed,Completed,,Normal,1735734212754703580	,ST68816,"[KOL huynhdangthong x LPM] Sữa Tắm/Gel Tắm Pháp Le Petit Marseillais Chiết Xuất Thiên Nhiên 650ml - Sữa Tắm Lưu Hương Lành Tính - Dịu Nhẹ, An Toàn Cho Da","Hoa Tiare, Standard",1,0,519000,519000,48625,178625,291750,0,39400,0,39400,,0,291750,,25/06/2026 13:23:07	,25/06/2026 13:23:09	,25/06/2026 13:25:18	,25/06/2026 17:38:46	,26/06/2026 12:56:17	,"	",,,Fulfillment by seller,Kho HCMC,861995409315,Standard shipping,J&T Express,,m***toanluu1412,T*** N***,(+84)343****78,Việt Nam,Long An,Thủ Thừa,*********,***************************************,,TikTok Shop Balance,1,Bath & Shower,1201217962097935427	,,Unchecked,,LIVE,huynhdangthong
584698553178162398	,Completed,Completed,,Normal,1731317148230255836	,BONG TAM HQ,[Quà tặng không bán] Bông Tắm Tạo Bọt Mềm Mịn,Mặc định,1,0,0,0,0,0,0,0,35100,0,35100,,0,205000,,25/06/2026 13:21:57	,26/06/2026 14:38:02	,25/06/2026 13:25:19	,25/06/2026 16:24:52	,26/06/2026 14:38:02	,"	",,,Fulfillment by seller,Kho HN,861990959325,Standard shipping,J&T Express,,a***nliepe969,V* H** T****,(+84)962****96,Việt Nam,Hải Phòng,Xã An Phú,*********,*************************************,**********************,Cash on delivery,0.5,"Loofahs, Sponges, & Poufs",1201218674597856478	,,Unchecked,,Videos,duongmanhkien19
584698553178162398	,Completed,Completed,,Normal,1732251749141219548	,ST01172,"Sữa Tắm Pháp Le Petit Marseillais Cho Nam Chiết Xuất Thiên Nhiên 4in1 Nhiều Mùi Hương Dưỡng Ẩm, Thơm Lâu - Phù Hợp Mọi Loại Da (250ml)","Hương Gỗ Tuyết Tùng & Dương Xỉ, Standard",1,0,272000,272000,0,67000,205000,0,35100,0,35100,,0,205000,,25/06/2026 13:21:57	,26/06/2026 14:38:02	,25/06/2026 13:25:19	,25/06/2026 16:24:52	,26/06/2026 14:38:02	,"	",,,Fulfillment by seller,Kho HN,861990959325,Standard shipping,J&T Express,,a***nliepe969,V* H** T****,(+84)962****96,Việt Nam,Hải Phòng,Xã An Phú,*********,*************************************,**********************,Cash on delivery,0.5,Bath & Shower,1201218674597856478	,,Unchecked,,Videos,duongmanhkien19
584698429786916763	,Completed,Completed,,Normal,1731317148230255836	,BONG TAM HQ,[Quà tặng không bán] Bông Tắm Tạo Bọt Mềm Mịn,Mặc định,1,0,0,0,0,0,0,0,29700,0,29700,,0,180400,,25/06/2026 13:21:35	,26/06/2026 14:13:21	,25/06/2026 13:25:18	,25/06/2026 16:24:51	,26/06/2026 14:13:21	,"	",,,Fulfillment by seller,Kho HN,861935829315,Standard shipping,J&T Express,,w***onkong,N***** v** c***,(+84)036*****11,Việt Nam,Bắc Ninh,Bắc Ninh,********,*************************************************************************,***********************************************************************,Cash on delivery,0.5,"Loofahs, Sponges, & Poufs",1201217935636072347	,,Unchecked,,Product cards,
584698429786916763	,Completed,Completed,,Normal,1732251749141219548	,ST01172,"Sữa Tắm Pháp Le Petit Marseillais Cho Nam Chiết Xuất Thiên Nhiên 4in1 Nhiều Mùi Hương Dưỡng Ẩm, Thơm Lâu - Phù Hợp Mọi Loại Da (250ml)","Hương Gỗ Tuyết Tùng & Dương Xỉ, Standard",1,0,272000,272000,24600,67000,180400,0,29700,0,29700,,0,180400,,25/06/2026 13:21:35	,26/06/2026 14:13:21	,25/06/2026 13:25:18	,25/06/2026 16:24:51	,26/06/2026 14:13:21	,"	",,,Fulfillment by seller,Kho HN,861935829315,Standard shipping,J&T Express,,w***onkong,N***** v** c***,(+84)036*****11,Việt Nam,Bắc Ninh,Bắc Ninh,********,*************************************************************************,***********************************************************************,Cash on delivery,0.5,Bath & Shower,1201217935636072347	,,Unchecked,,Product cards,
584698349364675976	,Completed,Completed,,Normal,1732251749141219548	,ST01172,"Sữa Tắm Pháp Le Petit Marseillais Cho Nam Chiết Xuất Thiên Nhiên 4in1 Nhiều Mùi Hương Dưỡng Ẩm, Thơm Lâu - Phù Hợp Mọi Loại Da (250ml)","Hương Gỗ Tuyết Tùng & Dương Xỉ, Standard",1,0,272000,272000,28700,67000,176300,0,41400,0,41400,,0,176300,,25/06/2026 13:08:46	,26/06/2026 19:20:27	,25/06/2026 13:21:19	,25/06/2026 17:54:55	,26/06/2026 19:20:27	,"	",,,Fulfillment by seller,Kho HCMC,861997079285,Standard shipping,J&T Express,,d***g0123450,L** N*** D****,(+84)395****44,Việt Nam,Lâm Đồng,Phường Cam Ly - Đà Lạt,**********************,**********************,,Cash on delivery,0.5,Bath & Shower,1201216555321034120	,,Unchecked,,Videos,man.trung.737
584698349364675976	,Completed,Completed,,Normal,1731317148230255836	,BONG TAM HQ,[Quà tặng không bán] Bông Tắm Tạo Bọt Mềm Mịn,Mặc định,1,0,0,0,0,0,0,0,41400,0,41400,,0,176300,,25/06/2026 13:08:46	,26/06/2026 19:20:27	,25/06/2026 13:21:19	,25/06/2026 17:54:55	,26/06/2026 19:20:27	,"	",,,Fulfillment by seller,Kho HCMC,861997079285,Standard shipping,J&T Express,,d***g0123450,L** N*** D****,(+84)395****44,Việt Nam,Lâm Đồng,Phường Cam Ly - Đà Lạt,**********************,**********************,,Cash on delivery,0.5,"Loofahs, Sponges, & Poufs",1201216555321034120	,,Unchecked,,Videos,man.trung.737
584697462628845467	,Canceled,Canceled,Cancel,Normal,1731317148230255836	,BONG TAM HQ,[Quà tặng không bán] Bông Tắm Tạo Bọt Mềm Mịn,Mặc định,1,1,0,0,0,0,0,0,35100,0,35100,,0,180400,0,25/06/2026 12:16:18	,"	","	","	","	",25/06/2026 13:20:55	,User,No longer needed,Fulfillment by seller,Kho HN,,Standard shipping,,,w***onkong,N***** v** c***,(+84)364****11,Việt Nam,Quảng Ninh,Đặc khu Vân Đồn,***************,**************************************************************************,,Cash on delivery,0.5,"Loofahs, Sponges, & Poufs",1201209293834323867	,,Unchecked,,Product cards,
584697462628845467	,Canceled,Canceled,Cancel,Normal,1732251749141219548	,ST01172,"Sữa Tắm Pháp Le Petit Marseillais Cho Nam Chiết Xuất Thiên Nhiên 4in1 Nhiều Mùi Hương Dưỡng Ẩm, Thơm Lâu - Phù Hợp Mọi Loại Da (250ml)","Hương Gỗ Tuyết Tùng & Dương Xỉ, Standard",1,1,272000,272000,24600,67000,180400,0,35100,0,35100,,0,180400,180400,25/06/2026 12:16:18	,"	","	","	","	",25/06/2026 13:20:55	,User,No longer needed,Fulfillment by seller,Kho HN,,Standard shipping,,,w***onkong,N***** v** c***,(+84)364****11,Việt Nam,Quảng Ninh,Đặc khu Vân Đồn,***************,**************************************************************************,,Cash on delivery,0.5,Bath & Shower,1201209293834323867	,,Unchecked,,Product cards,
584697317604427348	,Completed,Completed,,Normal,1732250914985052380	,ST48441,"Sữa Tắm/Gel Tắm Pháp Le Petit Marseillais Thiên Nhiên 250ml - Sữa Tắm Lưu Hương Lành Tính - Dịu Nhẹ, An Toàn Cho Da","Quả Mâm Xôi & Hoa Mẫu Đơn, Standard",1,0,272000,272000,9072,89048,173880,0,15800,0,15800,,0,173880,,25/06/2026 12:05:26	,26/06/2026 19:07:26	,25/06/2026 12:07:05	,25/06/2026 17:54:55	,26/06/2026 19:07:26	,"	",,,Fulfillment by seller,Kho HCMC,861921498955,Standard shipping,J&T Express,,j***gyuanvn,C** T***,(+84)098*****86,Việt Nam,Hồ Chí Minh,Phường Tân Sơn Nhất,*******************,***********************************************,,Cash on delivery,0.5,Bath & Shower,1201208410270172756	,,Unchecked,,Videos,ahau.phuongthao
584697317604427348	,Completed,Completed,,Normal,1731317148230255836	,BONG TAM HQ,[Quà tặng không bán] Bông Tắm Tạo Bọt Mềm Mịn,Mặc định,1,0,0,0,0,0,0,0,15800,0,15800,,0,173880,,25/06/2026 12:05:26	,26/06/2026 19:07:26	,25/06/2026 12:07:05	,25/06/2026 17:54:55	,26/06/2026 19:07:26	,"	",,,Fulfillment by seller,Kho HCMC,861921498955,Standard shipping,J&T Express,,j***gyuanvn,C** T***,(+84)098*****86,Việt Nam,Hồ Chí Minh,Phường Tân Sơn Nhất,*******************,***********************************************,,Cash on delivery,0.5,"Loofahs, Sponges, & Poufs",1201208410270172756	,,Unchecked,,Videos,ahau.phuongthao
584697134358365465	,Completed,Completed,,Normal,1735734212754703580	,ST68816,"[KOL huynhdangthong x LPM] Sữa Tắm/Gel Tắm Pháp Le Petit Marseillais Chiết Xuất Thiên Nhiên 650ml - Sữa Tắm Lưu Hương Lành Tính - Dịu Nhẹ, An Toàn Cho Da","Hoa Tiare, Standard",2,0,519000,1038000,0,260000,778000,0,18200,0,18200,,0,778000,,25/06/2026 11:56:52	,26/06/2026 15:43:06	,25/06/2026 12:07:05	,25/06/2026 17:54:55	,26/06/2026 15:43:06	,"	",,,Fulfillment by seller,Kho HCMC,861943978945,Standard shipping,J&T Express,,t***gdai89,T**** D**,(+84)933****89,Việt Nam,Hồ Chí Minh,Phường Long Bình,****************,******************************,***********************************************************************************************************************,Cash on delivery,2,Bath & Shower,1201207904711443737	,,Unchecked,,LIVE,huynhdangthong
584697134358365465	,Completed,Completed,,Normal,1735791937064830172	,ST65434,Sữa Tắm Dạng Kem Le Petit Marseillais Bông Và Hoa Anh Túc 250ml  92% Thiên Nhiên Siêu Dịu Nhẹ,Mặc định,1,0,0,0,0,0,0,0,18200,0,18200,,0,778000,,25/06/2026 11:56:52	,26/06/2026 15:43:06	,25/06/2026 12:07:05	,25/06/2026 17:54:55	,26/06/2026 15:43:06	,"	",,,Fulfillment by seller,Kho HCMC,861943978945,Standard shipping,J&T Express,,t***gdai89,T**** D**,(+84)933****89,Việt Nam,Hồ Chí Minh,Phường Long Bình,****************,******************************,***********************************************************************************************************************,Cash on delivery,0.4,Bath & Shower,1201207904711443737	,,Unchecked,,LIVE,huynhdangthong
584697024331482127	,Completed,Completed,,Normal,1735734212755096796	,ST39109,"[KOL huynhdangthong x LPM] Sữa Tắm/Gel Tắm Pháp Le Petit Marseillais Chiết Xuất Thiên Nhiên 650ml - Sữa Tắm Lưu Hương Lành Tính - Dịu Nhẹ, An Toàn Cho Da","Hoa Cam, Standard",1,0,519000,519000,77800,130000,311200,0,34000,0,34000,,0,311200,,25/06/2026 11:50:38	,26/06/2026 16:54:38	,25/06/2026 11:51:17	,25/06/2026 17:38:45	,26/06/2026 16:54:38	,"	",,,Fulfillment by seller,Kho HCMC,861990038885,Standard shipping,J&T Express,,m***hoi,N**,(+84)085*****09,Việt Nam,Tỉnh Kiên Giang,Rạch Giá,**********,**************************************************************************************************,*******************,Cash on delivery,1,Bath & Shower,1201206459535688719	,,Unchecked,,LIVE,huynhdangthong
584697024331482127	,Completed,Completed,,Normal,1735791937064830172	,ST65434,Sữa Tắm Dạng Kem Le Petit Marseillais Bông Và Hoa Anh Túc 250ml  92% Thiên Nhiên Siêu Dịu Nhẹ,Mặc định,1,0,0,0,0,0,0,0,34000,0,34000,,0,311200,,25/06/2026 11:50:38	,26/06/2026 16:54:38	,25/06/2026 11:51:17	,25/06/2026 17:38:45	,26/06/2026 16:54:38	,"	",,,Fulfillment by seller,Kho HCMC,861990038885,Standard shipping,J&T Express,,m***hoi,N**,(+84)085*****09,Việt Nam,Tỉnh Kiên Giang,Rạch Giá,**********,**************************************************************************************************,*******************,Cash on delivery,0.4,Bath & Shower,1201206459535688719	,,Unchecked,,LIVE,huynhdangthong
584697023343462007	,Completed,Completed,,Normal,1735791937064830172	,ST65434,Sữa Tắm Dạng Kem Le Petit Marseillais Bông Và Hoa Anh Túc 250ml  92% Thiên Nhiên Siêu Dịu Nhẹ,Mặc định,1,0,0,0,0,0,0,0,34000,0,34000,,0,311200,,25/06/2026 11:49:57	,26/06/2026 18:32:42	,25/06/2026 11:50:59	,25/06/2026 17:38:46	,26/06/2026 18:32:42	,"	",,,Fulfillment by seller,Kho HCMC,861957498875,Standard shipping,J&T Express,,b***..3108,T*** y**,(+84)338****38,Việt Nam,Bến Tre,Bến Tre,********,***********************************,************,Cash on delivery,0.4,Bath & Shower,1201206139564820087	,,Unchecked,,LIVE,huynhdangthong
584697023343462007	,Completed,Completed,,Normal,1735734212754703580	,ST68816,"[KOL huynhdangthong x LPM] Sữa Tắm/Gel Tắm Pháp Le Petit Marseillais Chiết Xuất Thiên Nhiên 650ml - Sữa Tắm Lưu Hương Lành Tính - Dịu Nhẹ, An Toàn Cho Da","Hoa Tiare, Standard",1,0,519000,519000,77800,130000,311200,0,34000,0,34000,,0,311200,,25/06/2026 11:49:57	,26/06/2026 18:32:42	,25/06/2026 11:50:59	,25/06/2026 17:38:46	,26/06/2026 18:32:42	,"	",,,Fulfillment by seller,Kho HCMC,861957498875,Standard shipping,J&T Express,,b***..3108,T*** y**,(+84)338****38,Việt Nam,Bến Tre,Bến Tre,********,***********************************,************,Cash on delivery,1,Bath & Shower,1201206139564820087	,,Unchecked,,LIVE,huynhdangthong
584697035858741087	,Completed,Completed,,Normal,1735791937064830172	,ST65434,Sữa Tắm Dạng Kem Le Petit Marseillais Bông Và Hoa Anh Túc 250ml  92% Thiên Nhiên Siêu Dịu Nhẹ,Mặc định,1,0,0,0,0,0,0,0,17100,0,17100,,0,311200,,25/06/2026 11:49:44	,26/06/2026 11:42:18	,25/06/2026 11:50:59	,25/06/2026 17:38:45	,26/06/2026 11:42:18	,"	",,,Fulfillment by seller,Kho HCMC,861925988885,Standard shipping,J&T Express,,i***hylmless,Y* Y*,(+84)377****43,Việt Nam,Hồ Chí Minh,Phường An Lạc,*************,*************************************************,*****,Cash on delivery,0.4,Bath & Shower,1201206287830845279	,,Unchecked,,LIVE,huynhdangthong
584697035858741087	,Completed,Completed,,Normal,1735734212755096796	,ST39109,"[KOL huynhdangthong x LPM] Sữa Tắm/Gel Tắm Pháp Le Petit Marseillais Chiết Xuất Thiên Nhiên 650ml - Sữa Tắm Lưu Hương Lành Tính - Dịu Nhẹ, An Toàn Cho Da","Hoa Cam, Standard",1,0,519000,519000,77800,130000,311200,0,17100,0,17100,,0,311200,,25/06/2026 11:49:44	,26/06/2026 11:42:18	,25/06/2026 11:50:59	,25/06/2026 17:38:45	,26/06/2026 11:42:18	,"	",,,Fulfillment by seller,Kho HCMC,861925988885,Standard shipping,J&T Express,,i***hylmless,Y* Y*,(+84)377****43,Việt Nam,Hồ Chí Minh,Phường An Lạc,*************,*************************************************,*****,Cash on delivery,1,Bath & Shower,1201206287830845279	,,Unchecked,,LIVE,huynhdangthong
584697020190262287	,Canceled,Canceled,Cancel,Normal,1735734212754834652	,ST01288,"[KOL huynhdangthong x LPM] Sữa Tắm/Gel Tắm Pháp Le Petit Marseillais Chiết Xuất Thiên Nhiên 650ml - Sữa Tắm Lưu Hương Lành Tính - Dịu Nhẹ, An Toàn Cho Da","Đào Trắng & Quả Xuân Đào, Standard",1,1,519000,519000,77800,130000,311200,0,34000,0,34000,,0,311200,311200,25/06/2026 11:49:13	,"	","	","	","	",25/06/2026 11:50:01	,User,Need to change payment method,Fulfillment by seller,Kho HCMC,,Standard shipping,,,m***hoi,N**,(+84)085*****09,Việt Nam,Tỉnh Kiên Giang,Rạch Giá,**********,**************************************************************************************************,*******************,Cash on delivery,1,Bath & Shower,1201206439114802191	,,Unchecked,,LIVE,huynhdangthong
584697020190262287	,Canceled,Canceled,Cancel,Normal,1735791937064830172	,ST65434,Sữa Tắm Dạng Kem Le Petit Marseillais Bông Và Hoa Anh Túc 250ml  92% Thiên Nhiên Siêu Dịu Nhẹ,Mặc định,1,1,0,0,0,0,0,0,34000,0,34000,,0,311200,0,25/06/2026 11:49:13	,"	","	","	","	",25/06/2026 11:50:01	,User,Need to change payment method,Fulfillment by seller,Kho HCMC,,Standard shipping,,,m***hoi,N**,(+84)085*****09,Việt Nam,Tỉnh Kiên Giang,Rạch Giá,**********,**************************************************************************************************,*******************,Cash on delivery,0.4,Bath & Shower,1201206439114802191	,,Unchecked,,LIVE,huynhdangthong
584697019307361535	,Completed,Completed,,Normal,1735734212754703580	,ST68816,"[KOL huynhdangthong x LPM] Sữa Tắm/Gel Tắm Pháp Le Petit Marseillais Chiết Xuất Thiên Nhiên 650ml - Sữa Tắm Lưu Hương Lành Tính - Dịu Nhẹ, An Toàn Cho Da","Hoa Tiare, Standard",1,0,519000,519000,65000,130000,324000,0,17100,0,17100,,0,324000,,25/06/2026 11:48:47	,26/06/2026 12:32:14	,25/06/2026 11:50:59	,25/06/2026 17:38:45	,26/06/2026 12:32:14	,"	",,,Fulfillment by seller,Kho HCMC,861966728885,Standard shipping,J&T Express,,m***thuh,M*** T**,(+84)364****08,Việt Nam,Hồ Chí Minh,Phường Tam Thắng,****************,*************************,*************,Cash on delivery,1,Bath & Shower,1201206272472548607	,,Unchecked,,LIVE,huynhdangthong
584697019307361535	,Completed,Completed,,Normal,1735791937064830172	,ST65434,Sữa Tắm Dạng Kem Le Petit Marseillais Bông Và Hoa Anh Túc 250ml  92% Thiên Nhiên Siêu Dịu Nhẹ,Mặc định,1,0,0,0,0,0,0,0,17100,0,17100,,0,324000,,25/06/2026 11:48:47	,26/06/2026 12:32:14	,25/06/2026 11:50:59	,25/06/2026 17:38:45	,26/06/2026 12:32:14	,"	",,,Fulfillment by seller,Kho HCMC,861966728885,Standard shipping,J&T Express,,m***thuh,M*** T**,(+84)364****08,Việt Nam,Hồ Chí Minh,Phường Tam Thắng,****************,*************************,*************,Cash on delivery,0.4,Bath & Shower,1201206272472548607	,,Unchecked,,LIVE,huynhdangthong
584697105508107868	,Completed,Completed,,Normal,1735734212754703580	,ST68816,"[KOL huynhdangthong x LPM] Sữa Tắm/Gel Tắm Pháp Le Petit Marseillais Chiết Xuất Thiên Nhiên 650ml - Sữa Tắm Lưu Hương Lành Tính - Dịu Nhẹ, An Toàn Cho Da","Hoa Tiare, Standard",1,0,519000,519000,77800,130000,311200,0,17100,0,17100,,0,311200,,25/06/2026 11:48:14	,26/06/2026 12:37:25	,25/06/2026 11:50:59	,25/06/2026 17:38:46	,26/06/2026 12:37:25	,"	",,,Fulfillment by seller,Kho HCMC,861982128895,Standard shipping,J&T Express,,b***912,B** V*,(+84)090*****07,Việt Nam,Thành phố Hồ Chí Minh,Quận 8,********,******************,,Cash on delivery,1,Bath & Shower,1201206265382930012	,,Unchecked,,LIVE,huynhdangthong
584697105508107868	,Completed,Completed,,Normal,1735791937064830172	,ST65434,Sữa Tắm Dạng Kem Le Petit Marseillais Bông Và Hoa Anh Túc 250ml  92% Thiên Nhiên Siêu Dịu Nhẹ,Mặc định,1,0,0,0,0,0,0,0,17100,0,17100,,0,311200,,25/06/2026 11:48:14	,26/06/2026 12:37:25	,25/06/2026 11:50:59	,25/06/2026 17:38:46	,26/06/2026 12:37:25	,"	",,,Fulfillment by seller,Kho HCMC,861982128895,Standard shipping,J&T Express,,b***912,B** V*,(+84)090*****07,Việt Nam,Thành phố Hồ Chí Minh,Quận 8,********,******************,,Cash on delivery,0.4,Bath & Shower,1201206265382930012	,,Unchecked,,LIVE,huynhdangthong
584697017819235963	,Completed,Completed,,Normal,1735734212754703580	,ST68816,"[KOL huynhdangthong x LPM] Sữa Tắm/Gel Tắm Pháp Le Petit Marseillais Chiết Xuất Thiên Nhiên 650ml - Sữa Tắm Lưu Hương Lành Tính - Dịu Nhẹ, An Toàn Cho Da","Hoa Tiare, Standard",1,0,519000,519000,77800,130000,311200,0,22100,0,22100,,0,311200,,25/06/2026 11:47:18	,26/06/2026 13:04:42	,25/06/2026 11:50:59	,25/06/2026 17:38:46	,26/06/2026 13:04:42	,"	",,,Fulfillment by seller,Kho HCMC,861957978875,Standard shipping,J&T Express,,n***ynh.212,T*** H****,(+84)037*****69,Việt Nam,Bình Dương,Dầu Tiếng,********,****************,,Cash on delivery,1,Bath & Shower,1201205572211410555	,,Unchecked,,LIVE,huynhdangthong
584697017819235963	,Completed,Completed,,Normal,1735791937064830172	,ST65434,Sữa Tắm Dạng Kem Le Petit Marseillais Bông Và Hoa Anh Túc 250ml  92% Thiên Nhiên Siêu Dịu Nhẹ,Mặc định,1,0,0,0,0,0,0,0,22100,0,22100,,0,311200,,25/06/2026 11:47:18	,26/06/2026 13:04:42	,25/06/2026 11:50:59	,25/06/2026 17:38:46	,26/06/2026 13:04:42	,"	",,,Fulfillment by seller,Kho HCMC,861957978875,Standard shipping,J&T Express,,n***ynh.212,T*** H****,(+84)037*****69,Việt Nam,Bình Dương,Dầu Tiếng,********,****************,,Cash on delivery,0.4,Bath & Shower,1201205572211410555	,,Unchecked,,LIVE,huynhdangthong
584696973364987610	,Canceled,Canceled,Cancel,Normal,1735734212754703580	,ST68816,"[KOL huynhdangthong x LPM] Sữa Tắm/Gel Tắm Pháp Le Petit Marseillais Chiết Xuất Thiên Nhiên 650ml - Sữa Tắm Lưu Hương Lành Tính - Dịu Nhẹ, An Toàn Cho Da","Hoa Tiare, Standard",1,1,519000,519000,77800,130000,311200,0,48600,0,48600,,0,311200,311200,25/06/2026 11:45:25	,"	",25/06/2026 11:50:59	,"	","	",25/06/2026 14:57:14	,User,Better price available,Fulfillment by seller,Kho HCMC,861912358885,Standard shipping,J&T Express,,d***eu4323,V* K*** L** C**,(+84)076*****69,Việt Nam,Quảng Ngãi,Phường Cẩm Thành,****************,********************,,Cash on delivery,1,Bath & Shower,1201206223150614234	,,Unchecked,,LIVE,huynhdangthong
584696973364987610	,Canceled,Canceled,Cancel,Normal,1735791937064830172	,ST65434,Sữa Tắm Dạng Kem Le Petit Marseillais Bông Và Hoa Anh Túc 250ml  92% Thiên Nhiên Siêu Dịu Nhẹ,Mặc định,1,1,0,0,0,0,0,0,48600,0,48600,,0,311200,0,25/06/2026 11:45:25	,"	",25/06/2026 11:50:59	,"	","	",25/06/2026 14:57:14	,User,Better price available,Fulfillment by seller,Kho HCMC,861912358885,Standard shipping,J&T Express,,d***eu4323,V* K*** L** C**,(+84)076*****69,Việt Nam,Quảng Ngãi,Phường Cẩm Thành,****************,********************,,Cash on delivery,0.4,Bath & Shower,1201206223150614234	,,Unchecked,,LIVE,huynhdangthong
584696911460206327	,Completed,Completed,,Normal,1735734212754703580	,ST68816,"[KOL huynhdangthong x LPM] Sữa Tắm/Gel Tắm Pháp Le Petit Marseillais Chiết Xuất Thiên Nhiên 650ml - Sữa Tắm Lưu Hương Lành Tính - Dịu Nhẹ, An Toàn Cho Da","Hoa Tiare, Standard",1,0,519000,519000,65000,130000,324000,0,17100,0,17100,,0,324000,,25/06/2026 11:41:29	,26/06/2026 13:14:26	,25/06/2026 11:50:59	,25/06/2026 17:38:46	,26/06/2026 13:14:26	,"	",,,Fulfillment by seller,Kho HCMC,861979488875,Standard shipping,J&T Express,,n***an.ya95,N***** l***,(+84)093*****55,Việt Nam,Thành phố Hồ Chí Minh,Phú Nhuận,*********,***************,,Cash on delivery,1,Bath & Shower,1201205258506176247	,,Unchecked,,LIVE,huynhdangthong
584696911460206327	,Completed,Completed,,Normal,1735791937064830172	,ST65434,Sữa Tắm Dạng Kem Le Petit Marseillais Bông Và Hoa Anh Túc 250ml  92% Thiên Nhiên Siêu Dịu Nhẹ,Mặc định,1,0,0,0,0,0,0,0,17100,0,17100,,0,324000,,25/06/2026 11:41:29	,26/06/2026 13:14:26	,25/06/2026 11:50:59	,25/06/2026 17:38:46	,26/06/2026 13:14:26	,"	",,,Fulfillment by seller,Kho HCMC,861979488875,Standard shipping,J&T Express,,n***an.ya95,N***** l***,(+84)093*****55,Việt Nam,Thành phố Hồ Chí Minh,Phú Nhuận,*********,***************,,Cash on delivery,0.4,Bath & Shower,1201205258506176247	,,Unchecked,,LIVE,huynhdangthong
584696947517982395	,Completed,Completed,,Normal,1735791937064830172	,ST65434,Sữa Tắm Dạng Kem Le Petit Marseillais Bông Và Hoa Anh Túc 250ml  92% Thiên Nhiên Siêu Dịu Nhẹ,Mặc định,1,0,0,0,0,0,0,0,17100,0,17100,,0,311200,,25/06/2026 11:41:29	,26/06/2026 15:30:01	,25/06/2026 11:50:59	,25/06/2026 17:38:46	,26/06/2026 15:30:01	,"	",,,Fulfillment by seller,Kho HCMC,861923978895,Standard shipping,J&T Express,,s***ynguyen1106,N*** v*,(+84)076*****90,Việt Nam,Hồ Chí Minh,Quận 6,*********,*********************************************************************,**************,Cash on delivery,0.4,Bath & Shower,1201204751338079931	,,Unchecked,,LIVE,huynhdangthong
584696947517982395	,Completed,Completed,,Normal,1735734212754703580	,ST68816,"[KOL huynhdangthong x LPM] Sữa Tắm/Gel Tắm Pháp Le Petit Marseillais Chiết Xuất Thiên Nhiên 650ml - Sữa Tắm Lưu Hương Lành Tính - Dịu Nhẹ, An Toàn Cho Da","Hoa Tiare, Standard",1,0,519000,519000,77800,130000,311200,0,17100,0,17100,,0,311200,,25/06/2026 11:41:29	,26/06/2026 15:30:01	,25/06/2026 11:50:59	,25/06/2026 17:38:46	,26/06/2026 15:30:01	,"	",,,Fulfillment by seller,Kho HCMC,861923978895,Standard shipping,J&T Express,,s***ynguyen1106,N*** v*,(+84)076*****90,Việt Nam,Hồ Chí Minh,Quận 6,*********,*********************************************************************,**************,Cash on delivery,1,Bath & Shower,1201204751338079931	,,Unchecked,,LIVE,huynhdangthong
584696644350871152	,Completed,Completed,,Normal,1731317148230255836	,BONG TAM HQ,[Quà tặng không bán] Bông Tắm Tạo Bọt Mềm Mịn,Mặc định,1,0,0,0,0,0,0,0,47600,0,47600,,0,205000,,25/06/2026 11:24:15	,27/06/2026 19:17:42	,25/06/2026 11:37:49	,26/06/2026 10:43:56	,27/06/2026 19:17:42	,"	",,,Fulfillment by seller,Kho HN,861953578835,Standard shipping,J&T Express,,l***ngphuc6789,l* h*** p***,(+84)383****86,Việt Nam,Thanh Hóa,Quảng Xương,*********,*********,,Cash on delivery,0.5,"Loofahs, Sponges, & Poufs",1201203547904378480	,,Unchecked,,Videos,duongmanhkien19
584696644350871152	,Completed,Completed,,Normal,1732251749141219548	,ST01172,"Sữa Tắm Pháp Le Petit Marseillais Cho Nam Chiết Xuất Thiên Nhiên 4in1 Nhiều Mùi Hương Dưỡng Ẩm, Thơm Lâu - Phù Hợp Mọi Loại Da (250ml)","Hương Gỗ Tuyết Tùng & Dương Xỉ, Standard",1,0,272000,272000,0,67000,205000,0,47600,0,47600,,0,205000,,25/06/2026 11:24:15	,27/06/2026 19:17:42	,25/06/2026 11:37:49	,26/06/2026 10:43:56	,27/06/2026 19:17:42	,"	",,,Fulfillment by seller,Kho HN,861953578835,Standard shipping,J&T Express,,l***ngphuc6789,l* h*** p***,(+84)383****86,Việt Nam,Thanh Hóa,Quảng Xương,*********,*********,,Cash on delivery,0.5,Bath & Shower,1201203547904378480	,,Unchecked,,Videos,duongmanhkien19
584696332750784368	,Completed,Completed,,Normal,1732250801269016796	,ST01288,"Sữa Tắm/Gel Tắm Pháp Le Petit Marseillais Chiết Xuất Thiên Nhiên 650ml - Sữa Tắm Lưu Hương Lành Tính - Dịu Nhẹ, An Toàn Cho Da","Đào Trắng & Quả Xuân Đào, Standard",1,0,519000,519000,60036,119000,339964,0,17100,0,17100,,0,339964,,25/06/2026 10:54:24	,25/06/2026 10:54:26	,25/06/2026 10:56:49	,25/06/2026 17:38:45	,26/06/2026 11:17:56	,"	",,,Fulfillment by seller,Kho HCMC,861969878655,Standard shipping,J&T Express,,m***oruno13,V* T**** T***,(+84)853****32,Vietnam,Ho Chi Minh,Binh Tan,*************,********************,,TikTok Shop Balance,1,Bath & Shower,1201200214268086128	,,Unchecked,,Product cards,
584696332750784368	,Completed,Completed,,Normal,1735803348866008284	,DX74752,Dầu Xả Cấp Ẩm Le Petit Marseillais Nước Dừa Hữu Cơ 200ml,Mặc định,1,0,0,0,0,0,0,0,17100,0,17100,,0,339964,,25/06/2026 10:54:24	,25/06/2026 10:54:26	,25/06/2026 10:56:49	,25/06/2026 17:38:45	,26/06/2026 11:17:56	,"	",,,Fulfillment by seller,Kho HCMC,861969878655,Standard shipping,J&T Express,,m***oruno13,V* T**** T***,(+84)853****32,Vietnam,Ho Chi Minh,Binh Tan,*************,********************,,TikTok Shop Balance,0.25,Shampoo & Conditioner,1201200214268086128	,,Unchecked,,Product cards,
584694878091445669	,Completed,Completed,,Normal,1731317148230255836	,BONG TAM HQ,[Quà tặng không bán] Bông Tắm Tạo Bọt Mềm Mịn,Mặc định,1,0,0,0,0,0,0,0,35100,0,35100,,0,175770,,25/06/2026 09:14:47	,26/06/2026 22:21:45	,25/06/2026 09:20:21	,25/06/2026 10:42:47	,26/06/2026 22:21:45	,"	",,,Fulfillment by seller,Kho HN,861989408075,Standard shipping,J&T Express,,v***hng663,N***** t** h*** d****,(+84)098*****85,Việt Nam,Bắc Ninh,Từ Sơn,********,*******************************,,Cash on delivery,0.5,"Loofahs, Sponges, & Poufs",1201187452219393445	,,Unchecked,,Videos,ahau.phuongthao
584694878091445669	,Completed,Completed,,Normal,1732250914985052380	,ST48441,"Sữa Tắm/Gel Tắm Pháp Le Petit Marseillais Thiên Nhiên 250ml - Sữa Tắm Lưu Hương Lành Tính - Dịu Nhẹ, An Toàn Cho Da","Quả Mâm Xôi & Hoa Mẫu Đơn, Standard",1,0,272000,272000,7938,88292,175770,0,35100,0,35100,,0,175770,,25/06/2026 09:14:47	,26/06/2026 22:21:45	,25/06/2026 09:20:21	,25/06/2026 10:42:47	,26/06/2026 22:21:45	,"	",,,Fulfillment by seller,Kho HN,861989408075,Standard shipping,J&T Express,,v***hng663,N***** t** h*** d****,(+84)098*****85,Việt Nam,Bắc Ninh,Từ Sơn,********,*******************************,,Cash on delivery,0.5,Bath & Shower,1201187452219393445	,,Unchecked,,Videos,ahau.phuongthao
584694771318359181	,Completed,Completed,,Normal,1731317148230255836	,BONG TAM HQ,[Quà tặng không bán] Bông Tắm Tạo Bọt Mềm Mịn,Mặc định,1,0,0,0,0,0,0,0,47600,0,47600,,0,125000,,25/06/2026 09:09:46	,26/06/2026 09:58:10	,25/06/2026 09:20:21	,25/06/2026 10:42:47	,26/06/2026 09:58:10	,"	",,,Fulfillment by seller,Kho HN,861962828085,Standard shipping,J&T Express,,d***hvxffxx,n**,(+84)395****06,Việt Nam,Thanh Hóa,Phường Đông Tiến,****************,****************,,Cash on delivery,0.5,"Loofahs, Sponges, & Poufs",1201186569152726157	,,Unchecked,,Product cards,
584694771318359181	,Completed,Completed,,Normal,1732251749141154012	,ST01356,"Sữa Tắm Pháp Le Petit Marseillais Cho Nam Chiết Xuất Thiên Nhiên 4in1 Nhiều Mùi Hương Dưỡng Ẩm, Thơm Lâu - Phù Hợp Mọi Loại Da (250ml)","Hương Thông & Bạch Đàn Biển, Standard",1,0,272000,272000,80000,67000,125000,0,47600,0,47600,,0,125000,,25/06/2026 09:09:46	,26/06/2026 09:58:10	,25/06/2026 09:20:21	,25/06/2026 10:42:47	,26/06/2026 09:58:10	,"	",,,Fulfillment by seller,Kho HN,861962828085,Standard shipping,J&T Express,,d***hvxffxx,n**,(+84)395****06,Việt Nam,Thanh Hóa,Phường Đông Tiến,****************,****************,,Cash on delivery,0.5,Bath & Shower,1201186569152726157	,,Unchecked,,Product cards,
584694576977052745	,Completed,Completed,,Normal,1731317148230255836	,BONG TAM HQ,[Quà tặng không bán] Bông Tắm Tạo Bọt Mềm Mịn,Mặc định,1,0,0,0,0,0,0,20900,20900,0,0,,0,230900,,25/06/2026 08:51:46	,26/06/2026 17:20:51	,25/06/2026 08:54:51	,25/06/2026 10:42:47	,26/06/2026 17:20:51	,"	",,,Fulfillment by seller,Kho HN,861989587815,Standard shipping,J&T Express,,f***xpham09,A đ***,(+84)093*****58,Việt Nam,Thành Phố Hà Nội,Hoài Đức,********,**************************************************************************************,,Cash on delivery,0.5,"Loofahs, Sponges, & Poufs",1201184093825369161	,,Unchecked,,Videos,vheu170cm
584694576977052745	,Completed,Completed,,Normal,1732251749141219548	,ST01172,"Sữa Tắm Pháp Le Petit Marseillais Cho Nam Chiết Xuất Thiên Nhiên 4in1 Nhiều Mùi Hương Dưỡng Ẩm, Thơm Lâu - Phù Hợp Mọi Loại Da (250ml)","Hương Gỗ Tuyết Tùng & Dương Xỉ, Standard",1,0,272000,272000,0,62000,210000,20900,20900,0,0,,0,230900,,25/06/2026 08:51:46	,26/06/2026 17:20:51	,25/06/2026 08:54:51	,25/06/2026 10:42:47	,26/06/2026 17:20:51	,"	",,,Fulfillment by seller,Kho HN,861989587815,Standard shipping,J&T Express,,f***xpham09,A đ***,(+84)093*****58,Việt Nam,Thành Phố Hà Nội,Hoài Đức,********,**************************************************************************************,,Cash on delivery,0.5,Bath & Shower,1201184093825369161	,,Unchecked,,Videos,vheu170cm
584694187384800985	,Completed,Completed,,Normal,1732250914984855772	,ST92871,"Sữa Tắm/Gel Tắm Pháp Le Petit Marseillais Thiên Nhiên 250ml - Sữa Tắm Lưu Hương Lành Tính - Dịu Nhẹ, An Toàn Cho Da","Bạc Hà, Standard",1,0,272000,272000,18900,83000,170100,0,30200,0,30200,,0,170100,,25/06/2026 08:18:24	,27/06/2026 10:28:16	,25/06/2026 08:44:46	,25/06/2026 10:42:47	,27/06/2026 10:28:16	,"	",,,Fulfillment by seller,Kho HN,861994397705,Standard shipping,J&T Express,,m***la9093,D***,(+84)336****56,Việt Nam,Đà Nẵng,Ngũ Hành Sơn,*****,*********************,,Cash on delivery,0.5,Bath & Shower,1201180052649445081	,,Unchecked,,Videos,ahau.phuongthao
584693932193973849	,Canceled,Canceled,Cancel,Normal,1732251749141154012	,ST01356,"Sữa Tắm Pháp Le Petit Marseillais Cho Nam Chiết Xuất Thiên Nhiên 4in1 Nhiều Mùi Hương Dưỡng Ẩm, Thơm Lâu - Phù Hợp Mọi Loại Da (250ml)","Hương Thông & Bạch Đàn Biển, Standard",1,1,272000,272000,33100,67000,171900,0,40000,0,40000,,0,171900,171900,25/06/2026 07:57:28	,"	","	","	","	",25/06/2026 07:57:50	,User,No longer needed,Fulfillment by seller,Kho HN,,Standard shipping,,,n***vqdmt,a**,(+84)395****06,Việt Nam,Thanh Hóa,Phường Đông Tiến,****************,****************,,Cash on delivery,0.5,Bath & Shower,1201177299435161177	,,Unchecked,,Videos,lepthelittlekid
584693570886730833	,Completed,Completed,,Normal,1732250914985052380	,ST48441,"Sữa Tắm/Gel Tắm Pháp Le Petit Marseillais Thiên Nhiên 250ml - Sữa Tắm Lưu Hương Lành Tính - Dịu Nhẹ, An Toàn Cho Da","Quả Mâm Xôi & Hoa Mẫu Đơn, Standard",1,0,272000,272000,0,83000,189000,0,14000,0,14000,,0,189000,,25/06/2026 07:21:39	,26/06/2026 11:16:32	,25/06/2026 08:08:07	,25/06/2026 10:42:47	,26/06/2026 11:16:32	,"	",,,Fulfillment by seller,Kho HN,861922677235,Standard shipping,J&T Express,,e***yday5066,E*******,(+84)093*****85,Việt Nam,Hà Nội,Bắc Từ Liêm,*********,**********************************************,******,Cash on delivery,0.5,Bath & Shower,1201173899717018705	,,Unchecked,,Videos,ahau.phuongthao
584693484586370602	,Completed,Completed,,Normal,1732250914985052380	,ST48441,"Sữa Tắm/Gel Tắm Pháp Le Petit Marseillais Thiên Nhiên 250ml - Sữa Tắm Lưu Hương Lành Tính - Dịu Nhẹ, An Toàn Cho Da","Quả Mâm Xôi & Hoa Mẫu Đơn, Standard",1,0,272000,272000,7938,88292,175770,0,34800,0,34800,,0,175770,,25/06/2026 07:16:10	,27/06/2026 11:18:09	,25/06/2026 08:08:07	,25/06/2026 10:42:47	,27/06/2026 11:18:09	,"	",,,Fulfillment by seller,Kho HN,861972867225,Standard shipping,J&T Express,,d***minh1985,S** e****,(+84)905****12,Việt Nam,Đà Nẵng,Hòa Vang,*******,****************,,Cash on delivery,0.5,Bath & Shower,1201173084577891882	,,Unchecked,,Videos,ahau.phuongthao
584692566740861969	,Completed,Completed,,Normal,1731317148230255836	,BONG TAM HQ,[Quà tặng không bán] Bông Tắm Tạo Bọt Mềm Mịn,Mặc định,1,0,0,0,0,0,0,1400,41400,0,40000,,0,177170,,25/06/2026 05:03:08	,26/06/2026 15:26:36	,25/06/2026 06:47:56	,25/06/2026 09:49:34	,26/06/2026 15:26:36	,"	",,,Fulfillment by seller,Kho HCMC,861921006505,Standard shipping,J&T Express,,m***07_08,Đ* T** S*,(+84)090*****71,Việt Nam,Tinh Khanh Hoa,Nha Trang,**********,********************************,,Cash on delivery,0.5,"Loofahs, Sponges, & Poufs",1201166918427640849	,,Unchecked,,Videos,nhac8x.huongly
584692566740861969	,Completed,Completed,,Normal,1732250914985380060	,ST01240,"Sữa Tắm/Gel Tắm Pháp Le Petit Marseillais Thiên Nhiên 250ml - Sữa Tắm Lưu Hương Lành Tính - Dịu Nhẹ, An Toàn Cho Da","Đào Trắng & Quả Xuân Đào, Standard",1,0,272000,272000,7938,88292,175770,1400,41400,0,40000,,0,177170,,25/06/2026 05:03:08	,26/06/2026 15:26:36	,25/06/2026 06:47:56	,25/06/2026 09:49:34	,26/06/2026 15:26:36	,"	",,,Fulfillment by seller,Kho HCMC,861921006505,Standard shipping,J&T Express,,m***07_08,Đ* T** S*,(+84)090*****71,Việt Nam,Tinh Khanh Hoa,Nha Trang,**********,********************************,,Cash on delivery,0.5,Bath & Shower,1201166918427640849	,,Unchecked,,Videos,nhac8x.huongly
584691556763862757	,Completed,Completed,,Normal,1731317148230255836	,BONG TAM HQ,[Quà tặng không bán] Bông Tắm Tạo Bọt Mềm Mịn,Mặc định,1,0,0,0,0,0,0,0,15800,0,15800,,0,205000,,25/06/2026 00:49:06	,27/06/2026 20:35:52	,25/06/2026 06:47:56	,25/06/2026 09:49:34	,27/06/2026 20:35:52	,"	",,,Fulfillment by seller,Kho HCMC,861909576495,Standard shipping,J&T Express,,d***gnguyen07.12,N***** Đ*** D****,(+84)707****98,Việt Nam,Hồ Chí Minh,Phường Hiệp Bình,****************,***********************************************,*****************,Cash on delivery,0.5,"Loofahs, Sponges, & Poufs",1201160134193415909	,,Unchecked,,Videos,man.trung.737
584691556763862757	,Completed,Completed,,Normal,1732251749141219548	,ST01172,"Sữa Tắm Pháp Le Petit Marseillais Cho Nam Chiết Xuất Thiên Nhiên 4in1 Nhiều Mùi Hương Dưỡng Ẩm, Thơm Lâu - Phù Hợp Mọi Loại Da (250ml)","Hương Gỗ Tuyết Tùng & Dương Xỉ, Standard",1,0,272000,272000,0,67000,205000,0,15800,0,15800,,0,205000,,25/06/2026 00:49:06	,27/06/2026 20:35:52	,25/06/2026 06:47:56	,25/06/2026 09:49:34	,27/06/2026 20:35:52	,"	",,,Fulfillment by seller,Kho HCMC,861909576495,Standard shipping,J&T Express,,d***gnguyen07.12,N***** Đ*** D****,(+84)707****98,Việt Nam,Hồ Chí Minh,Phường Hiệp Bình,****************,***********************************************,*****************,Cash on delivery,0.5,Bath & Shower,1201160134193415909	,,Unchecked,,Videos,man.trung.737
