ID đơn hàng,ID sản phẩm,Tên sản phẩm,Sku,Id Sku,Sku người bán,Giá,Payment Amount,Đơn vị tiền tệ,Số lượng,Phương thức thanh toán,Trạng thái đơn hàng,Tên người dùng nhà sáng tạo,Loại nội dung,Id nội dung,commission model,Tỷ lệ khấu trừ Thuế TNCN,Thuế TNCN ước tính,Thuế TNCN thực tế ,Tỷ lệ hoa hồng tiêu chuẩn,Cơ sở hoa hồng ước tính,Thanh toán hoa hồng tiêu chuẩn ước tính,Cơ sở hoa hồng thực tế,Thanh toán hoa hồng thực tế,Tỷ lệ hoa hồng Quảng cáo cửa hàng,Thanh toán hoa hồng Quảng cáo cửa hàng ước tính,Thanh toán hoa hồng Quảng cáo cửa hàng thực tế,Thưởng đồng chi trả cho nhà sáng tạo ước tính,Thưởng đồng chi trả cho nhà sáng tạo thực tế,Trả hàng & hoàn tiền,Hoàn tiền,Thời gian đã tạo,Thời gian thanh toán,Thời gian sẵn sàng vận chuyển,Order Delivery Time,Thời gian hoàn thành đơn hàng,Thời gian hoa hồng đã thanh toán,Platform,agreement_type
584580917921416798,1732251815880067292,"Sữa Tắm Pháp Le Petit Marseillais Cho Nam Chiết Xuất Thiên Nhiên 4in1 Nhiều Mùi Hương Dưỡng Ẩm, Thơm Lâu - Phù Hợp Mọi Loại Da (250ml)","Hương Thông & Bạch Đàn Biển, Standard",1732251749141154012,ST01356,182450,292700,VND,1,Không áp dụng thanh toán khi giao hàng,Đã hủy,lepthelittlekid,Video,7594749644052204818,fixed commission,,,,5,182450,9123,,,,,,,,0,0,18/06/2026 01:45:16,18/06/2026 01:45:19,18/06/2026 01:45:19,,,,TTS,Open/Target Collaboration
584582953213658244,1732251815880067292,"Sữa Tắm Pháp Le Petit Marseillais Cho Nam Chiết Xuất Thiên Nhiên 4in1 Nhiều Mùi Hương Dưỡng Ẩm, Thơm Lâu - Phù Hợp Mọi Loại Da (250ml)","Hương Gỗ Tuyết Tùng & Dương Xỉ, Standard",1732251749141219548,ST01172,182450,286850,VND,1,Thanh toán khi giao hàng,Đã hoàn thành,vlogminhhai,Video,7569170467660041493,fixed commission,,,,15,182450,27368,182450,27368,,,,,,0,0,18/06/2026 08:00:38,20/06/2026 21:39:32,18/06/2026 08:00:39,20/06/2026 21:39:32,06/07/2026 05:27:01,23/06/2026 07:28:58,TTS,Open/Target Collaboration
584583724234278849,1734496604995683548,Xà Phòng Le Petit Marseillais Chính Hãng Bánh Xà Phòng Tắm Thiên Nhiên (Ngẫu nhiên)  1 Bánh,Mặc định,1734496577198523612,1 BÁNH-XP,75000,76140,VND,1,Thanh toán khi giao hàng,Đã hoàn thành,onggiatichcuc79,Video,7649582978691058952,fixed commission,,,,6,75000,4500,75000,4500,,,,,,0,0,18/06/2026 09:03:13,19/06/2026 20:48:31,18/06/2026 09:03:15,19/06/2026 20:48:31,05/07/2026 05:28:50,22/06/2026 08:42:21,TTS,Open/Target Collaboration
584587933604677228,1732251815880067292,"Sữa Tắm Pháp Le Petit Marseillais Cho Nam Chiết Xuất Thiên Nhiên 4in1 Nhiều Mùi Hương Dưỡng Ẩm, Thơm Lâu - Phù Hợp Mọi Loại Da (250ml)","Hương Gỗ Tuyết Tùng & Dương Xỉ, Standard",1732251749141219548,ST01172,205000,295800,VND,1,Thanh toán khi giao hàng,Đã hoàn thành,duongmanhkien19,Video,7578474458705382676,fixed commission,,,,8,205000,16400,205000,16400,,,,,,0,0,18/06/2026 14:16:46,19/06/2026 21:10:44,18/06/2026 14:16:49,19/06/2026 21:10:44,05/07/2026 01:01:32,22/06/2026 07:09:29,TTS,Open/Target Collaboration
584589121005847906,1732252961260865756,"Dầu Gội Thiên Nhiên Le Petit Marseillais Nhiều Mùi Hương 250ml Dưỡng Ẩm, Thơm Lâu - Phù Hợp Mọi Loại Da",Trị Gàu 2 In 1 Tinh Dầu Bạc Hà,1732252943759018204,DG74042,170000,376200,VND,1,Không áp dụng thanh toán khi giao hàng,Đã hoàn thành,atvncreator,Chương trình Lưu lượng truy cập bên ngoài,,fixed commission,,,,8,170000,13600,170000,13600,,,,,,0,0,18/06/2026 15:51:04,18/06/2026 15:51:09,18/06/2026 15:51:10,20/06/2026 10:22:06,06/07/2026 02:40:59,,TTS,Open/Target Collaboration
584589195497539378,1734496604995683548,Xà Phòng Le Petit Marseillais Chính Hãng Bánh Xà Phòng Tắm Thiên Nhiên (Ngẫu nhiên)  1 Bánh,Mặc định,1734496577198523612,1 BÁNH-XP,75000,89000,VND,1,Thanh toán khi giao hàng,Đã hoàn thành,mythi_fr,Video,7634970118833081620,fixed commission,,,,6,75000,4500,75000,4500,,,,,,0,0,18/06/2026 15:53:46,20/06/2026 18:04:55,18/06/2026 15:53:47,20/06/2026 18:04:55,06/07/2026 04:36:25,23/06/2026 10:23:32,TTS,Open/Target Collaboration
584589243489027497,1732250760944257244,"Sữa Tắm/Gel Tắm Pháp Le Petit Marseillais Chiết Xuất Thiên Nhiên 650ml - Sữa Tắm Lưu Hương Lành Tính - Dịu Nhẹ, An Toàn Cho Da","Thông & Bạch Đàn Biển, Standard",1732250801268689116,ST01902,395000,545267,VND,1,Thanh toán khi giao hàng,Đã hoàn thành,ha_thubay,Video,7634490998910930197,fixed commission,,,,8,395000,31600,395000,31600,,,,,,0,0,18/06/2026 15:58:07,20/06/2026 19:01:10,18/06/2026 15:58:08,20/06/2026 19:01:10,06/07/2026 03:04:25,23/06/2026 09:04:44,TTS,Open/Target Collaboration
584589744428910045,1732250760944257244,"Sữa Tắm/Gel Tắm Pháp Le Petit Marseillais Chiết Xuất Thiên Nhiên 650ml - Sữa Tắm Lưu Hương Lành Tính - Dịu Nhẹ, An Toàn Cho Da","Thông & Bạch Đàn Biển, Standard",1732250801268689116,ST01902,335750,545267,VND,1,Thanh toán khi giao hàng,Đã hoàn thành,ha_thubay,Video,7599664598626618642,fixed commission,,,,,335750,,335750,,3,10073,,,,0,0,18/06/2026 16:39:19,20/06/2026 11:09:55,18/06/2026 16:39:21,20/06/2026 11:09:55,06/07/2026 03:53:20,23/06/2026 09:44:48,TTS,Open/Target Collaboration
584590069810759257,1734496604995683548,Xà Phòng Le Petit Marseillais Chính Hãng Bánh Xà Phòng Tắm Thiên Nhiên (Ngẫu nhiên)  1 Bánh,Mặc định,1734496577198523612,1 BÁNH-XP,75000,110200,VND,1,Thanh toán khi giao hàng,Đã hoàn thành,mythi_fr,Video,7634970118833081620,fixed commission,,,,6,75000,4500,75000,4500,,,,,,0,0,18/06/2026 17:06:37,20/06/2026 16:04:53,18/06/2026 17:06:39,20/06/2026 16:04:53,06/07/2026 03:53:56,23/06/2026 09:15:41,TTS,Open/Target Collaboration
584592085430863244,1734496604995683548,Xà Phòng Le Petit Marseillais Chính Hãng Bánh Xà Phòng Tắm Thiên Nhiên (Ngẫu nhiên)  1 Bánh,Mặc định,1734496577198523612,1 BÁNH-XP,75000,105300,VND,1,Thanh toán khi giao hàng,Đã hoàn thành,tranquang0879,Video,7651089322849881362,fixed commission,,,,6,75000,4500,75000,4500,,,,,,0,0,18/06/2026 19:29:58,20/06/2026 10:35:15,18/06/2026 19:29:59,20/06/2026 10:35:15,06/07/2026 01:03:06,23/06/2026 08:09:53,TTS,Open/Target Collaboration
584592253577102714,1734496604995683548,Xà Phòng Le Petit Marseillais Chính Hãng Bánh Xà Phòng Tắm Thiên Nhiên (Ngẫu nhiên)  1 Bánh,Mặc định,1734496577198523612,1 BÁNH-XP,0,2257,VND,1,Thanh toán khi giao hàng,Đã hoàn thành,lepetitmarseillaisvn,Phát trực tiếp,7652705648937650962,fixed commission,,,,,0,,0,,,,,,,0,0,18/06/2026 19:39:22,20/06/2026 12:22:45,18/06/2026 19:39:24,20/06/2026 12:22:45,06/07/2026 02:48:12,,TTS,Open/Target Collaboration
584592253577102714,1735910664928920796,Combo 2 Sữa Tắm Nam Le Petit Marseillais 4in1 Cho Tóc Mặt Râu Toàn Thân 250ml,"Gỗ Cam & Dầu Argan , Gỗ Tuyết Tùng Và Dương Xỉ",1735912571878278364,ST01431 + ST01172,359100,563543,VND,1,Thanh toán khi giao hàng,Đã hoàn thành,lepetitmarseillaisvn,Phát trực tiếp,7652705648937650962,fixed commission,,,,,359100,,359100,,,,,,,0,0,18/06/2026 19:39:22,20/06/2026 12:22:45,18/06/2026 19:39:24,20/06/2026 12:22:45,06/07/2026 02:48:12,,TTS,Open/Target Collaboration
584592295902021180,1732251815880067292,"Sữa Tắm Pháp Le Petit Marseillais Cho Nam Chiết Xuất Thiên Nhiên 4in1 Nhiều Mùi Hương Dưỡng Ẩm, Thơm Lâu - Phù Hợp Mọi Loại Da (250ml)","Hương Gỗ Tuyết Tùng & Dương Xỉ, Standard",1732251749141219548,ST01172,205000,285134,VND,1,Không áp dụng thanh toán khi giao hàng,Đã hoàn thành,lepetitmarseillaisvn,Phát trực tiếp,7652705648937650962,fixed commission,,,,,205000,,205000,,,,,,,0,0,18/06/2026 19:46:09,18/06/2026 19:46:15,18/06/2026 19:46:15,20/06/2026 08:52:06,06/07/2026 03:31:07,,TTS,Open/Target Collaboration
584592295902021180,1735734384783819996,"[KOL huynhdangthong x LPM] Dầu Gội Thiên Nhiên Le Petit Marseillais Nhiều Mùi Hương Dừa 250ml Dưỡng Ẩm, Thơm Lâu - Phù Hợp Mọi Loại Da",Cấp Ẩm Chuyên Sâu Từ Nước Dừa,1735734387039896796,DG37429,149000,363133,VND,1,Không áp dụng thanh toán khi giao hàng,Đã hoàn thành,lepetitmarseillaisvn,Phát trực tiếp,7652705648937650962,fixed commission,,,,,149000,,149000,,,,,,,0,0,18/06/2026 19:46:09,18/06/2026 19:46:15,18/06/2026 19:46:15,20/06/2026 08:52:06,06/07/2026 03:31:07,,TTS,Open/Target Collaboration
584592295902021180,1731317167366243548,[Quà tặng không bán] Bông Tắm Tạo Bọt Mềm Mịn,Mặc định,1731317148230255836,BONG TAM HQ,0,13133,VND,1,Không áp dụng thanh toán khi giao hàng,Đã hoàn thành,lepetitmarseillaisvn,Phát trực tiếp,7652705648937650962,fixed commission,,,,,0,,0,,,,,,,0,0,18/06/2026 19:46:09,18/06/2026 19:46:15,18/06/2026 19:46:15,20/06/2026 08:52:06,06/07/2026 03:31:07,,TTS,Open/Target Collaboration
584592754616796212,1732250928810920156,"Sữa Tắm/Gel Tắm Pháp Le Petit Marseillais Thiên Nhiên 250ml - Sữa Tắm Lưu Hương Lành Tính - Dịu Nhẹ, An Toàn Cho Da","Vani, Standard",1732250914985183452,ST00526,205000,279900,VND,1,Thanh toán khi giao hàng,Đã hủy,hn_2108,Video,7525412657910861063,fixed commission,0,0,0,8,205000,16400,,,,,,,,0,0,18/06/2026 20:12:46,,18/06/2026 20:12:47,,,,TTS,Open/Target Collaboration
584593562883425844,1734496604995683548,Xà Phòng Le Petit Marseillais Chính Hãng Bánh Xà Phòng Tắm Thiên Nhiên (Ngẫu nhiên)  1 Bánh,Mặc định,1734496577198523612,1 BÁNH-XP,0,4243,VND,1,Thanh toán khi giao hàng,Đã hoàn thành,lepetitmarseillaisvn,Phát trực tiếp,7652705648937650962,fixed commission,,,,,0,,0,,,,,,,0,0,18/06/2026 21:03:06,20/06/2026 16:01:16,18/06/2026 21:03:07,20/06/2026 16:01:16,06/07/2026 00:43:13,,TTS,Open/Target Collaboration
584593562883425844,1735910664928920796,Combo 2 Sữa Tắm Nam Le Petit Marseillais 4in1 Cho Tóc Mặt Râu Toàn Thân 250ml,"Gỗ Cam & Dầu Argan , Gỗ Tuyết Tùng Và Dương Xỉ",1735912571878278364,ST01431 + ST01172,343140,575457,VND,1,Thanh toán khi giao hàng,Đã hoàn thành,lepetitmarseillaisvn,Phát trực tiếp,7652705648937650962,fixed commission,,,,,343140,,343140,,,,,,,0,0,18/06/2026 21:03:06,20/06/2026 16:01:16,18/06/2026 21:03:07,20/06/2026 16:01:16,06/07/2026 00:43:13,,TTS,Open/Target Collaboration
584593845937144986,1732250928810920156,"Sữa Tắm/Gel Tắm Pháp Le Petit Marseillais Thiên Nhiên 250ml - Sữa Tắm Lưu Hương Lành Tính - Dịu Nhẹ, An Toàn Cho Da","Đào Trắng & Quả Xuân Đào, Standard",1732250914985380060,ST01240,194750,282450,VND,1,Thanh toán khi giao hàng,Đã hoàn thành,singledadmom.loves,Video,7651914409543060754,fixed commission,,,,8,194750,15580,194750,15580,,,,,,0,0,18/06/2026 21:20:29,20/06/2026 19:36:49,18/06/2026 21:20:30,20/06/2026 19:36:49,06/07/2026 00:50:27,23/06/2026 10:13:16,TTS,Open/Target Collaboration
584594174482679155,1731895040715622620,"Sữa Dưỡng Thể Le Petit Marseillais Với Chiết Xuất Bơ Hạt Mỡ, Hạnh Nhân Ngọt & Dầu Argan 300ml Dạng Hũ",Mặc định,1731895040715688156,DT02684,446600,765693,VND,1,Thanh toán khi giao hàng,Đã hủy,lepetitmarseillaisvn,Phát trực tiếp,7652705648937650962,fixed commission,,,,,446600,,,,,,,,,0,0,18/06/2026 21:39:42,,18/06/2026 21:39:43,,,,TTS,Open/Target Collaboration
584594174482679155,1732250760944257244,"Sữa Tắm/Gel Tắm Pháp Le Petit Marseillais Chiết Xuất Thiên Nhiên 650ml - Sữa Tắm Lưu Hương Lành Tính - Dịu Nhẹ, An Toàn Cho Da","Đào Trắng & Quả Xuân Đào, Standard",1732250801269016796,ST01288,304150,540156,VND,1,Thanh toán khi giao hàng,Đã hủy,lepetitmarseillaisvn,Phát trực tiếp,7652705648937650962,fixed commission,,,,,304150,,,,,,,,,0,0,18/06/2026 21:39:42,,18/06/2026 21:39:43,,,,TTS,Open/Target Collaboration
584594174482679155,1732252946339236060,Kem Dưỡng Da Tay Le Petit Marseillais Với Chiết Xuất Bơ Hạt Mỡ Hạnh Nhân Ngọt Và Dầu Argan 75ml,"Bơ Hạt Mỡ, Hạnh Nhân & Dầu Argan, Standard",1732252945388439772,KT18485,192500,327173,VND,1,Thanh toán khi giao hàng,Đã hủy,lepetitmarseillaisvn,Phát trực tiếp,7652705648937650962,fixed commission,,,,,192500,,,,,,,,,0,0,18/06/2026 21:39:42,,18/06/2026 21:39:43,,,,TTS,Open/Target Collaboration
584596026526959133,1734496604995683548,Xà Phòng Le Petit Marseillais Chính Hãng Bánh Xà Phòng Tắm Thiên Nhiên (Ngẫu nhiên)  1 Bánh,Mặc định,1734496577198523612,1 BÁNH-XP,0,2009,VND,1,Thanh toán khi giao hàng,Đã hoàn thành,ha_thubay,Video,7633274382705642773,fixed commission,,,,,0,,0,,,,,,,0,0,19/06/2026 00:13:59,20/06/2026 16:58:08,19/06/2026 00:14:01,20/06/2026 16:58:08,06/07/2026 00:29:44,23/06/2026 08:26:20,TTS,Open/Target Collaboration
584596344147183295,1732251815880067292,"Sữa Tắm Pháp Le Petit Marseillais Cho Nam Chiết Xuất Thiên Nhiên 4in1 Nhiều Mùi Hương Dưỡng Ẩm, Thơm Lâu - Phù Hợp Mọi Loại Da (250ml)","Hương Gỗ Tuyết Tùng & Dương Xỉ, Standard",1732251749141219548,ST01172,205000,279900,VND,1,Thanh toán khi giao hàng,Đã hủy,duongmanhkien19,Video,7578474458705382676,fixed commission,0,0,0,8,205000,16400,,,,,,,,0,0,19/06/2026 01:06:46,,19/06/2026 01:06:48,,,,TTS,Open/Target Collaboration
584597014670509677,1732250760944257244,"Sữa Tắm/Gel Tắm Pháp Le Petit Marseillais Chiết Xuất Thiên Nhiên 650ml - Sữa Tắm Lưu Hương Lành Tính - Dịu Nhẹ, An Toàn Cho Da","Thông & Bạch Đàn Biển, Standard",1732250801268689116,ST01902,323900,541667,VND,1,Không áp dụng thanh toán khi giao hàng,Đã hoàn thành,ha_thubay,Video,7599664598626618642,fixed commission,,,,8,323900,25912,323900,25912,,,,,,0,0,19/06/2026 04:10:05,19/06/2026 04:10:09,19/06/2026 04:10:10,20/06/2026 14:27:31,06/07/2026 04:31:47,23/06/2026 09:46:16,TTS,Open/Target Collaboration
584598865399546917,1732251815880067292,"Sữa Tắm Pháp Le Petit Marseillais Cho Nam Chiết Xuất Thiên Nhiên 4in1 Nhiều Mùi Hương Dưỡng Ẩm, Thơm Lâu - Phù Hợp Mọi Loại Da (250ml)","Hương Gỗ Tuyết Tùng & Dương Xỉ, Standard",1732251749141219548,ST01172,200000,292700,VND,1,Thanh toán khi giao hàng,Đã hoàn thành,man.trung.737,Video,7595064670482877717,fixed commission,,,,8,200000,16000,200000,16000,,,,,,0,0,19/06/2026 08:26:04,21/06/2026 20:55:24,19/06/2026 08:26:05,21/06/2026 20:55:24,07/07/2026 04:01:11,24/06/2026 08:40:20,TTS,Open/Target Collaboration
584599055647278783,1734496604995683548,Xà Phòng Le Petit Marseillais Chính Hãng Bánh Xà Phòng Tắm Thiên Nhiên (Ngẫu nhiên)  1 Bánh,Mặc định,1734496577198523612,1 BÁNH-XP,0,2257,VND,1,Thanh toán khi giao hàng,Đã hoàn thành,tuinetamne,Chương trình Lưu lượng truy cập bên ngoài,,fixed commission,,,,,0,,0,,,,,,,0,0,19/06/2026 08:41:59,20/06/2026 10:26:58,19/06/2026 08:42:00,20/06/2026 10:26:58,06/07/2026 00:20:37,23/06/2026 12:21:06,TTS,Open/Target Collaboration
584599055647278783,1735910664928920796,Combo 2 Sữa Tắm Nam Le Petit Marseillais 4in1 Cho Tóc Mặt Râu Toàn Thân 250ml,"Thông Biển & Bạch Đàn, Gỗ Tuyết Tùng Và Dương Xỉ",1735912571878606044,ST01356 + ST01172,319200,563543,VND,1,Thanh toán khi giao hàng,Đã hoàn thành,tuinetamne,Chương trình Lưu lượng truy cập bên ngoài,,fixed commission,,,,4,319200,12768,319200,12768,,,,,,0,0,19/06/2026 08:41:59,20/06/2026 10:26:58,19/06/2026 08:42:00,20/06/2026 10:26:58,06/07/2026 00:20:37,23/06/2026 12:21:06,TTS,Open/Target Collaboration
584607296256312437,1732250760944257244,"Sữa Tắm/Gel Tắm Pháp Le Petit Marseillais Chiết Xuất Thiên Nhiên 650ml - Sữa Tắm Lưu Hương Lành Tính - Dịu Nhẹ, An Toàn Cho Da","Thông & Bạch Đàn Biển, Standard",1732250801268689116,ST01902,316000,533733,VND,1,Thanh toán khi giao hàng,Đã hoàn thành,office.ez,Trưng bày,,fixed commission,,,,8,316000,25280,0,,,,,,,1,0,19/06/2026 19:08:08,21/06/2026 08:59:53,19/06/2026 19:08:09,21/06/2026 08:59:53,24/06/2026 08:14:25,,TTS,Open/Target Collaboration
584608154861012688,1736140649009153244,"[KOL] Sữa Tắm Nam Le Petit Marseillais 4in1 250ml - Thơm Lâu, Dưỡng Ẩm","Hương Gỗ Tuyết Tùng & Dương Xỉ, Standard",1736140703119410396,ST01172,244800,312000,VND,1,Không áp dụng thanh toán khi giao hàng,Đã hoàn thành,lepetitmarseillaisvn,Phát trực tiếp,7653076630436399880,fixed commission,,,,,244800,,244800,,,,,,,0,0,19/06/2026 20:03:49,19/06/2026 20:03:54,19/06/2026 20:03:56,21/06/2026 16:26:24,07/07/2026 00:11:56,,TTS,Open/Target Collaboration
584609172403487749,1732251815880067292,"Sữa Tắm Pháp Le Petit Marseillais Cho Nam Chiết Xuất Thiên Nhiên 4in1 Nhiều Mùi Hương Dưỡng Ẩm, Thơm Lâu - Phù Hợp Mọi Loại Da (250ml)","Hương Gỗ Tuyết Tùng & Dương Xỉ, Standard",1732251749141219548,ST01172,189000,286850,VND,1,Thanh toán khi giao hàng,Đã hoàn thành,man.trung.737,Video,7595064670482877717,fixed commission,,,,8,189000,15120,189000,15120,,,,,,0,0,19/06/2026 21:09:40,22/06/2026 21:01:41,19/06/2026 21:09:43,22/06/2026 21:01:41,08/07/2026 01:02:30,25/06/2026 09:35:00,TTS,Open/Target Collaboration
584609496773068161,1732250928810920156,"Sữa Tắm/Gel Tắm Pháp Le Petit Marseillais Thiên Nhiên 250ml - Sữa Tắm Lưu Hương Lành Tính - Dịu Nhẹ, An Toàn Cho Da","Đào Trắng & Quả Xuân Đào, Standard",1732250914985380060,ST01240,189000,279900,VND,1,Thanh toán khi giao hàng,Đã hoàn thành,chufoxnef,Video,7496835061581450497,fixed commission,,,,8,189000,15120,189000,15120,,,,,,0,0,19/06/2026 21:28:07,21/06/2026 21:33:45,19/06/2026 21:28:09,21/06/2026 21:33:45,07/07/2026 00:59:57,24/06/2026 09:19:05,TTS,Open/Target Collaboration
584609642447209592,1734496604995683548,Xà Phòng Le Petit Marseillais Chính Hãng Bánh Xà Phòng Tắm Thiên Nhiên (Ngẫu nhiên)  1 Bánh,Mặc định,1734496577198523612,1 BÁNH-XP,0,4243,VND,1,Thanh toán khi giao hàng,Đã hủy,lepetitmarseillaisvn,Phát trực tiếp,7653076630436399880,fixed commission,,,,,0,,,,,,,,,0,0,19/06/2026 21:38:03,,19/06/2026 21:38:06,,,,TTS,Open/Target Collaboration
584609642447209592,1735910664928920796,Combo 2 Sữa Tắm Nam Le Petit Marseillais 4in1 Cho Tóc Mặt Râu Toàn Thân 250ml,"Gỗ Tuyết Tùng Và Dương Xỉ, Gỗ Tuyết Tùng Và Dương Xỉ",1735912571877950684,ST01172 x 2,302400,575457,VND,1,Thanh toán khi giao hàng,Đã hủy,lepetitmarseillaisvn,Phát trực tiếp,7653076630436399880,fixed commission,,,,,302400,,,,,,,,,0,0,19/06/2026 21:38:03,,19/06/2026 21:38:06,,,,TTS,Open/Target Collaboration
584609819137312767,1732251815880067292,"Sữa Tắm Pháp Le Petit Marseillais Cho Nam Chiết Xuất Thiên Nhiên 4in1 Nhiều Mùi Hương Dưỡng Ẩm, Thơm Lâu - Phù Hợp Mọi Loại Da (250ml)","Hương Cam & Tinh Dầu Argan, Standard",1732251749141022940,ST01431,205000,287800,VND,1,Thanh toán khi giao hàng,Đã hoàn thành,duongmanhkien19,Video,7589190858113649928,fixed commission,,,,8,205000,16400,205000,16400,,,,,,0,0,19/06/2026 21:50:28,21/06/2026 10:31:12,19/06/2026 21:50:29,21/06/2026 10:31:12,07/07/2026 00:25:29,24/06/2026 11:57:58,TTS,Open/Target Collaboration
584609844895908928,1732250760944257244,"Sữa Tắm/Gel Tắm Pháp Le Petit Marseillais Chiết Xuất Thiên Nhiên 650ml - Sữa Tắm Lưu Hương Lành Tính - Dịu Nhẹ, An Toàn Cho Da","Thông & Bạch Đàn Biển, Standard",1732250801268689116,ST01902,315000,3360305,VND,10,Thanh toán khi giao hàng,Đã hủy,lepetitmarseillaisvn,Phát trực tiếp,7653076630436399880,fixed commission,,,,,3150000,,,,,,,,,0,0,19/06/2026 21:51:04,,19/06/2026 21:51:06,,,,TTS,Open/Target Collaboration
584609996293834634,1734496604995683548,Xà Phòng Le Petit Marseillais Chính Hãng Bánh Xà Phòng Tắm Thiên Nhiên (Ngẫu nhiên)  1 Bánh,Mặc định,1734496577198523612,1 BÁNH-XP,0,2257,VND,1,Không áp dụng thanh toán khi giao hàng,Đã hoàn thành,lepetitmarseillaisvn,Phát trực tiếp,7653076630436399880,fixed commission,,,,,0,,0,,,,,,,0,0,19/06/2026 22:00:53,19/06/2026 22:00:58,19/06/2026 22:01:00,21/06/2026 08:44:03,07/07/2026 05:52:00,,TTS,Open/Target Collaboration
584609996293834634,1735910664928920796,Combo 2 Sữa Tắm Nam Le Petit Marseillais 4in1 Cho Tóc Mặt Râu Toàn Thân 250ml,"Gỗ Tuyết Tùng Và Dương Xỉ, Thông Biển & Bạch Đàn",1735912571878081756,ST01172 + ST01356,309960,563543,VND,1,Không áp dụng thanh toán khi giao hàng,Đã hoàn thành,lepetitmarseillaisvn,Phát trực tiếp,7653076630436399880,fixed commission,,,,,309960,,309960,,,,,,,0,0,19/06/2026 22:00:53,19/06/2026 22:00:58,19/06/2026 22:01:00,21/06/2026 08:44:03,07/07/2026 05:52:00,,TTS,Open/Target Collaboration
584610033037838281,1731317167366243548,[Quà tặng không bán] Bông Tắm Tạo Bọt Mềm Mịn,Mặc định,1731317148230255836,BONG TAM HQ,0,5700,VND,1,Thanh toán khi giao hàng,Đã hoàn thành,lepetitmarseillaisvn,Phát trực tiếp,7653076630436399880,fixed commission,,,,,0,,0,,,,,,,0,0,19/06/2026 22:05:51,21/06/2026 20:42:26,19/06/2026 22:05:52,21/06/2026 20:42:26,07/07/2026 02:15:47,,TTS,Open/Target Collaboration
584610033037838281,1732250760944257244,"Sữa Tắm/Gel Tắm Pháp Le Petit Marseillais Chiết Xuất Thiên Nhiên 650ml - Sữa Tắm Lưu Hương Lành Tính - Dịu Nhẹ, An Toàn Cho Da","Thông & Bạch Đàn Biển, Standard",1732250801268689116,ST01902,323300,530400,VND,1,Thanh toán khi giao hàng,Đã hoàn thành,lepetitmarseillaisvn,Phát trực tiếp,7653076630436399880,fixed commission,,,,,323300,,323300,,,,,,,0,0,19/06/2026 22:05:51,21/06/2026 20:42:26,19/06/2026 22:05:52,21/06/2026 20:42:26,07/07/2026 02:15:47,,TTS,Open/Target Collaboration
584610232555701441,1734496604995683548,Xà Phòng Le Petit Marseillais Chính Hãng Bánh Xà Phòng Tắm Thiên Nhiên (Ngẫu nhiên)  1 Bánh,Mặc định,1734496577198523612,1 BÁNH-XP,0,2257,VND,1,Không áp dụng thanh toán khi giao hàng,Đã hoàn thành,lepetitmarseillaisvn,Phát trực tiếp,7653076630436399880,fixed commission,,,,,0,,0,,,,,,,0,0,19/06/2026 22:17:43,19/06/2026 22:17:47,19/06/2026 22:17:49,21/06/2026 10:31:22,07/07/2026 04:44:37,,TTS,Open/Target Collaboration
584610232555701441,1735910664928920796,Combo 2 Sữa Tắm Nam Le Petit Marseillais 4in1 Cho Tóc Mặt Râu Toàn Thân 250ml,"Gỗ Cam & Dầu Argan , Thông Biển & Bạch Đàn",1735912571878409436,ST01431 + ST01356,283500,563543,VND,1,Không áp dụng thanh toán khi giao hàng,Đã hoàn thành,lepetitmarseillaisvn,Phát trực tiếp,7653076630436399880,fixed commission,,,,,283500,,283500,,,,,,,0,0,19/06/2026 22:17:43,19/06/2026 22:17:47,19/06/2026 22:17:49,21/06/2026 10:31:22,07/07/2026 04:44:37,,TTS,Open/Target Collaboration
584610566675793215,1732250760944257244,"Sữa Tắm/Gel Tắm Pháp Le Petit Marseillais Chiết Xuất Thiên Nhiên 650ml - Sữa Tắm Lưu Hương Lành Tính - Dịu Nhẹ, An Toàn Cho Da","Thông & Bạch Đàn Biển, Standard",1732250801268689116,ST01902,395000,545267,VND,1,Thanh toán khi giao hàng,Đã hoàn thành,ha_thubay,Video,7599664598626618642,fixed commission,,,,,395000,,395000,,3,11850,,,,0,0,19/06/2026 22:43:05,21/06/2026 08:55:41,19/06/2026 22:43:07,21/06/2026 08:55:41,07/07/2026 02:49:27,24/06/2026 11:22:40,TTS,Open/Target Collaboration
584610770963891637,1731895040715622620,"Sữa Dưỡng Thể Le Petit Marseillais Với Chiết Xuất Bơ Hạt Mỡ, Hạnh Nhân Ngọt & Dầu Argan 300ml Dạng Hũ",Mặc định,1731895040715688156,DT02684,535000,795800,VND,1,Thanh toán khi giao hàng,Đã hoàn thành,lepetitmarseillaisvn,Phát trực tiếp,7653076630436399880,fixed commission,,,,,535000,,535000,,,,,,,0,0,19/06/2026 23:01:01,22/06/2026 20:15:09,19/06/2026 23:01:03,22/06/2026 20:15:09,08/07/2026 05:13:27,,TTS,Open/Target Collaboration
584610824019215966,1732251815880067292,"Sữa Tắm Pháp Le Petit Marseillais Cho Nam Chiết Xuất Thiên Nhiên 4in1 Nhiều Mùi Hương Dưỡng Ẩm, Thơm Lâu - Phù Hợp Mọi Loại Da (250ml)","Hương Thông & Bạch Đàn Biển, Standard",1732251749141154012,ST01356,205000,292700,VND,1,Thanh toán khi giao hàng,Đã hoàn thành,lepthelittlekid,Video,7594749644052204818,fixed commission,,,,5,205000,10250,205000,10250,,,,,,0,0,19/06/2026 23:03:01,21/06/2026 22:25:03,19/06/2026 23:03:04,21/06/2026 22:25:03,07/07/2026 04:34:46,24/06/2026 10:02:53,TTS,Open/Target Collaboration
584611784705148317,1732250760944257244,"Sữa Tắm/Gel Tắm Pháp Le Petit Marseillais Chiết Xuất Thiên Nhiên 650ml - Sữa Tắm Lưu Hương Lành Tính - Dịu Nhẹ, An Toàn Cho Da","Hương Xoài & Chanh Dây, Standard",1732250801268951260,ST68823,343650,540750,VND,1,Thanh toán khi giao hàng,Đã hoàn thành,mevyan,Video,7650426009980013845,fixed commission,,,,8,343650,27492,343650,27492,,,,,,0,0,20/06/2026 00:56:04,22/06/2026 21:27:36,20/06/2026 00:56:06,22/06/2026 21:27:36,08/07/2026 00:23:28,25/06/2026 09:01:12,TTS,Open/Target Collaboration
584611784705148317,1732252961260865756,"Dầu Gội Thiên Nhiên Le Petit Marseillais Nhiều Mùi Hương 250ml Dưỡng Ẩm, Thơm Lâu - Phù Hợp Mọi Loại Da",Trị Gàu 2 In 1 Tinh Dầu Bạc Hà,1732252943759018204,DG74042,234900,360875,VND,1,Thanh toán khi giao hàng,Đã hoàn thành,mevyan,Video,7650426009980013845,fixed commission,,,,,234900,,234900,,3,7047,,,,0,0,20/06/2026 00:56:04,22/06/2026 21:27:36,20/06/2026 00:56:06,22/06/2026 21:27:36,08/07/2026 00:23:28,25/06/2026 09:01:12,TTS,Open/Target Collaboration
584614171956446310,1732250760944257244,"Sữa Tắm/Gel Tắm Pháp Le Petit Marseillais Chiết Xuất Thiên Nhiên 650ml - Sữa Tắm Lưu Hương Lành Tính - Dịu Nhẹ, An Toàn Cho Da","Đào Trắng & Quả Xuân Đào, Standard",1732250801269016796,ST01288,316000,854040,VND,2,Thanh toán khi giao hàng,Đã hoàn thành,lepetitmarseillaisvn,Phát trực tiếp,7653076630436399880,fixed commission,,,,,632000,,632000,,,,,,,0,0,20/06/2026 08:15:28,21/06/2026 13:10:44,20/06/2026 08:15:30,21/06/2026 13:10:44,07/07/2026 02:54:23,,TTS,Open/Target Collaboration
584614171956446310,1731317167366243548,[Quà tặng không bán] Bông Tắm Tạo Bọt Mềm Mịn,Mặc định,1731317148230255836,BONG TAM HQ,0,9520,VND,1,Thanh toán khi giao hàng,Đã hoàn thành,lepetitmarseillaisvn,Phát trực tiếp,7653076630436399880,fixed commission,,,,,0,,0,,,,,,,0,0,20/06/2026 08:15:28,21/06/2026 13:10:44,20/06/2026 08:15:30,21/06/2026 13:10:44,07/07/2026 02:54:23,,TTS,Open/Target Collaboration
584614321000383627,1732251815880067292,"Sữa Tắm Pháp Le Petit Marseillais Cho Nam Chiết Xuất Thiên Nhiên 4in1 Nhiều Mùi Hương Dưỡng Ẩm, Thơm Lâu - Phù Hợp Mọi Loại Da (250ml)","Hương Thông & Bạch Đàn Biển, Standard",1732251749141154012,ST01356,189000,272000,VND,1,Thanh toán khi giao hàng,Đã hủy,lepthelittlekid,Video,7594749644052204818,fixed commission,0,0,0,5,189000,9450,,,,,,,,0,0,20/06/2026 08:31:14,,20/06/2026 08:31:15,,,,TTS,Open/Target Collaboration
584614419428836436,1732250928810920156,"Sữa Tắm/Gel Tắm Pháp Le Petit Marseillais Thiên Nhiên 250ml - Sữa Tắm Lưu Hương Lành Tính - Dịu Nhẹ, An Toàn Cho Da","Hương Lựu, Standard",1732250914984724700,ST19308,194750,278200,VND,1,Thanh toán khi giao hàng,Đã hoàn thành,singledadmom.loves,Video,7651914409543060754,fixed commission,,,,8,194750,15580,194750,15580,,,,,,0,0,20/06/2026 08:35:02,21/06/2026 16:51:04,20/06/2026 08:35:03,21/06/2026 16:51:04,07/07/2026 05:22:51,24/06/2026 07:47:19,TTS,Open/Target Collaboration
584614687649662440,1735803452711142620,Dầu Xả Cấp Ẩm Le Petit Marseillais Nước Dừa Hữu Cơ 200ml,Mặc định,1735803348866008284,DX74752,132116,350200,VND,1,Không áp dụng thanh toán khi giao hàng,Đã hoàn thành,iflyad07,Chương trình Lưu lượng truy cập bên ngoài,,fixed commission,,,,4,132116,5285,132116,5285,,,,,,0,0,20/06/2026 08:58:26,20/06/2026 08:58:30,20/06/2026 08:58:30,21/06/2026 10:28:37,07/07/2026 05:55:42,24/06/2026 07:29:32,TTS,Open/Target Collaboration
584615754326508720,1734496604995683548,Xà Phòng Le Petit Marseillais Chính Hãng Bánh Xà Phòng Tắm Thiên Nhiên (Ngẫu nhiên)  1 Bánh,Mặc định,1734496577198523612,1 BÁNH-XP,75000,110200,VND,1,Thanh toán khi giao hàng,Đã hoàn thành,onggiatichcuc79,Video,7652811682032405767,fixed commission,,,,6,75000,4500,75000,4500,,,,,,0,0,20/06/2026 10:19:06,22/06/2026 18:53:41,20/06/2026 10:19:07,22/06/2026 18:53:41,08/07/2026 05:23:26,25/06/2026 07:20:12,TTS,Open/Target Collaboration
584616148001522827,1732251815880067292,"Sữa Tắm Pháp Le Petit Marseillais Cho Nam Chiết Xuất Thiên Nhiên 4in1 Nhiều Mùi Hương Dưỡng Ẩm, Thơm Lâu - Phù Hợp Mọi Loại Da (250ml)","Hương Thông & Bạch Đàn Biển, Standard",1732251749141154012,ST01356,189000,272000,VND,1,Không áp dụng thanh toán khi giao hàng,Đã hoàn thành,lepthelittlekid,Video,7594749644052204818,fixed commission,,,,5,189000,9450,189000,9450,,,,,,0,0,20/06/2026 10:47:57,20/06/2026 10:47:59,20/06/2026 10:47:59,21/06/2026 14:26:26,07/07/2026 03:46:12,24/06/2026 11:20:43,TTS,Open/Target Collaboration
584616662437824393,1732250928810920156,"Sữa Tắm/Gel Tắm Pháp Le Petit Marseillais Thiên Nhiên 250ml - Sữa Tắm Lưu Hương Lành Tính - Dịu Nhẹ, An Toàn Cho Da","Hương Lựu, Standard",1732250914984724700,ST19308,174250,276333,VND,1,Thanh toán khi giao hàng,Đã hoàn thành,minchipfamily2024,Video,7653137436050033940,fixed commission,,,,8,174250,13940,174250,13940,,,,,,0,0,20/06/2026 11:26:08,22/06/2026 21:15:32,20/06/2026 11:26:09,22/06/2026 21:15:32,08/07/2026 04:40:00,25/06/2026 08:52:23,TTS,Open/Target Collaboration
584616662437824393,1732250928810920156,"Sữa Tắm/Gel Tắm Pháp Le Petit Marseillais Thiên Nhiên 250ml - Sữa Tắm Lưu Hương Lành Tính - Dịu Nhẹ, An Toàn Cho Da","Bạc Hà, Standard",1732250914984855772,ST92871,174250,450583,VND,2,Thanh toán khi giao hàng,Đã hoàn thành,minchipfamily2024,Video,7653137436050033940,fixed commission,,,,8,348500,27880,348500,27880,,,,,,0,0,20/06/2026 11:26:08,22/06/2026 21:15:32,20/06/2026 11:26:09,22/06/2026 21:15:32,08/07/2026 04:40:00,25/06/2026 08:52:23,TTS,Open/Target Collaboration
584616662437824393,1732250928810920156,"Sữa Tắm/Gel Tắm Pháp Le Petit Marseillais Thiên Nhiên 250ml - Sữa Tắm Lưu Hương Lành Tính - Dịu Nhẹ, An Toàn Cho Da","Hương Bông & Hoa Anh Túc, Standard",1732250914985117916,ST65434,174250,276333,VND,1,Thanh toán khi giao hàng,Đã hoàn thành,minchipfamily2024,Video,7653137436050033940,fixed commission,,,,8,174250,13940,174250,13940,,,,,,0,0,20/06/2026 11:26:08,22/06/2026 21:15:32,20/06/2026 11:26:09,22/06/2026 21:15:32,08/07/2026 04:40:00,25/06/2026 08:52:23,TTS,Open/Target Collaboration
584617647592539160,1734496604995683548,Xà Phòng Le Petit Marseillais Chính Hãng Bánh Xà Phòng Tắm Thiên Nhiên (Ngẫu nhiên)  1 Bánh,Mặc định,1734496577198523612,1 BÁNH-XP,75000,89000,VND,1,Thanh toán khi giao hàng,Đã hoàn thành,onggiatichcuc79,Video,7653087637540048135,fixed commission,,,,6,75000,4500,75000,4500,,,,,,0,0,20/06/2026 12:32:43,21/06/2026 13:28:43,20/06/2026 12:32:45,21/06/2026 13:28:43,07/07/2026 05:13:15,24/06/2026 07:49:29,TTS,Open/Target Collaboration
584617789547709993,1732251815880067292,"Sữa Tắm Pháp Le Petit Marseillais Cho Nam Chiết Xuất Thiên Nhiên 4in1 Nhiều Mùi Hương Dưỡng Ẩm, Thơm Lâu - Phù Hợp Mọi Loại Da (250ml)","Hương Thông & Bạch Đàn Biển, Standard",1732251749141154012,ST01356,174250,280300,VND,1,Thanh toán khi giao hàng,Đã hoàn thành,duongmanhkien19,Video,7589190858113649928,fixed commission,,,,8,174250,13940,174250,13940,,,,,,0,0,20/06/2026 12:40:36,22/06/2026 18:06:49,20/06/2026 12:40:37,22/06/2026 18:06:49,08/07/2026 04:06:58,25/06/2026 08:37:31,TTS,Open/Target Collaboration
584618041619874920,1734496604995683548,Xà Phòng Le Petit Marseillais Chính Hãng Bánh Xà Phòng Tắm Thiên Nhiên (Ngẫu nhiên)  1 Bánh,Mặc định,1734496577198523612,1 BÁNH-XP,75000,105300,VND,1,Thanh toán khi giao hàng,Đã hoàn thành,onggiatichcuc79,Video,7653087637540048135,fixed commission,,,,6,75000,4500,75000,4500,,,,,,0,0,20/06/2026 12:56:53,21/06/2026 22:32:20,20/06/2026 12:56:54,21/06/2026 22:32:20,07/07/2026 00:38:23,24/06/2026 07:24:56,TTS,Open/Target Collaboration
584618312017544461,1732250928810920156,"Sữa Tắm/Gel Tắm Pháp Le Petit Marseillais Thiên Nhiên 250ml - Sữa Tắm Lưu Hương Lành Tính - Dịu Nhẹ, An Toàn Cho Da","Quả Mâm Xôi & Hoa Mẫu Đơn, Standard",1732250914985052380,ST48441,190000,286850,VND,1,Thanh toán khi giao hàng,Đã hoàn thành,kinkechillchill,Video,7572051007237115154,fixed commission,,,,8,190000,15200,190000,15200,,,,,,0,0,20/06/2026 13:17:11,21/06/2026 18:53:04,20/06/2026 13:17:13,21/06/2026 18:53:04,07/07/2026 00:24:47,24/06/2026 08:27:38,TTS,Open/Target Collaboration
584619367028851877,1732250928810920156,"Sữa Tắm/Gel Tắm Pháp Le Petit Marseillais Thiên Nhiên 250ml - Sữa Tắm Lưu Hương Lành Tính - Dịu Nhẹ, An Toàn Cho Da","Hương Bông & Hoa Anh Túc, Standard",1732250914985117916,ST65434,194750,289909,VND,1,Thanh toán khi giao hàng,Đã hoàn thành,singledadmom.loves,Video,7651914409543060754,fixed commission,,,,8,194750,15580,194750,15580,,,,,,0,0,20/06/2026 14:33:39,21/06/2026 11:40:14,20/06/2026 14:33:41,21/06/2026 11:40:14,07/07/2026 04:01:44,24/06/2026 08:34:18,TTS,Open/Target Collaboration
584619367028851877,1732250928810920156,"Sữa Tắm/Gel Tắm Pháp Le Petit Marseillais Thiên Nhiên 250ml - Sữa Tắm Lưu Hương Lành Tính - Dịu Nhẹ, An Toàn Cho Da","Vani, Standard",1732250914985183452,ST00526,194750,289909,VND,1,Thanh toán khi giao hàng,Đã hoàn thành,singledadmom.loves,Video,7651914409543060754,fixed commission,,,,8,194750,15580,194750,15580,,,,,,0,0,20/06/2026 14:33:39,21/06/2026 11:40:14,20/06/2026 14:33:41,21/06/2026 11:40:14,07/07/2026 04:01:44,24/06/2026 08:34:18,TTS,Open/Target Collaboration
584619802096272948,1734496604995683548,Xà Phòng Le Petit Marseillais Chính Hãng Bánh Xà Phòng Tắm Thiên Nhiên (Ngẫu nhiên)  1 Bánh,Mặc định,1734496577198523612,1 BÁNH-XP,75000,89000,VND,1,Không áp dụng thanh toán khi giao hàng,Đã hoàn thành,mythi_fr,Video,7634970118833081620,fixed commission,,,,6,75000,4500,75000,4500,,,,,,0,0,20/06/2026 15:08:54,20/06/2026 15:09:00,20/06/2026 15:09:01,21/06/2026 11:19:12,07/07/2026 05:56:55,24/06/2026 07:10:41,TTS,Open/Target Collaboration
584621624706893661,1732250760944257244,"Sữa Tắm/Gel Tắm Pháp Le Petit Marseillais Chiết Xuất Thiên Nhiên 650ml - Sữa Tắm Lưu Hương Lành Tính - Dịu Nhẹ, An Toàn Cho Da","Thông & Bạch Đàn Biển, Standard",1732250801268689116,ST01902,395000,530400,VND,1,Thanh toán khi giao hàng,Đang xử lý,ha_thubay,Video,7599664598626618642,fixed commission,,,,,395000,,,,3,11850,,,,0,0,20/06/2026 17:30:20,23/06/2026 21:05:25,20/06/2026 17:30:21,23/06/2026 21:05:25,,26/06/2026 10:11:08,TTS,Open/Target Collaboration
584621686402746213,1732250928810920156,"Sữa Tắm/Gel Tắm Pháp Le Petit Marseillais Thiên Nhiên 250ml - Sữa Tắm Lưu Hương Lành Tính - Dịu Nhẹ, An Toàn Cho Da","Quả Mâm Xôi & Hoa Mẫu Đơn, Standard",1732250914985052380,ST48441,205000,279900,VND,1,Thanh toán khi giao hàng,Đang xử lý,nchihai02_,Chương trình Lưu lượng truy cập bên ngoài,,fixed commission,,,,8,205000,16400,,,,,,,,0,0,20/06/2026 17:30:39,23/06/2026 20:59:08,20/06/2026 17:30:40,23/06/2026 20:59:08,,26/06/2026 09:20:32,TTS,Open/Target Collaboration
584623505043391824,1735734318844052700,"[KOL huynhdangthong x LPM] Sữa Tắm/Gel Tắm Pháp Le Petit Marseillais Chiết Xuất Thiên Nhiên 650ml - Sữa Tắm Lưu Hương Lành Tính - Dịu Nhẹ, An Toàn Cho Da","Hương Xoài & Chanh Dây, Standard",1735734212754769116,ST68823,291750,531214,VND,1,Thanh toán khi giao hàng,Đang xử lý,huynhdangthong,Phát trực tiếp,7653454990203194128,fixed commission,,,,7,291750,20423,,,,,,,,0,0,20/06/2026 19:41:49,23/06/2026 09:07:02,20/06/2026 19:41:50,23/06/2026 09:07:02,,26/06/2026 07:44:42,TTS,Open/Target Collaboration
584623507154634104,1735734318844052700,"[KOL huynhdangthong x LPM] Sữa Tắm/Gel Tắm Pháp Le Petit Marseillais Chiết Xuất Thiên Nhiên 650ml - Sữa Tắm Lưu Hương Lành Tính - Dịu Nhẹ, An Toàn Cho Da","Dừa, Standard",1735734212754965724,ST06999,291750,547143,VND,1,Thanh toán khi giao hàng,Đã hủy,huynhdangthong,Phát trực tiếp,7653454990203194128,fixed commission,0,0,0,7,291750,20423,,,,,,,,0,0,20/06/2026 19:42:17,,20/06/2026 19:42:18,,,,TTS,Open/Target Collaboration
584623507612140758,1735734318844052700,"[KOL huynhdangthong x LPM] Sữa Tắm/Gel Tắm Pháp Le Petit Marseillais Chiết Xuất Thiên Nhiên 650ml - Sữa Tắm Lưu Hương Lành Tính - Dịu Nhẹ, An Toàn Cho Da","Đào Trắng & Quả Xuân Đào, Standard",1735734212754834652,ST01288,291750,543286,VND,1,Thanh toán khi giao hàng,Đã hủy,huynhdangthong,Phát trực tiếp,7653454990203194128,fixed commission,0,0,0,7,291750,20423,,,,,,,,0,0,20/06/2026 19:42:22,,20/06/2026 19:42:23,,,,TTS,Open/Target Collaboration
584623583801083047,1735734318844052700,"[KOL huynhdangthong x LPM] Sữa Tắm/Gel Tắm Pháp Le Petit Marseillais Chiết Xuất Thiên Nhiên 650ml - Sữa Tắm Lưu Hương Lành Tính - Dịu Nhẹ, An Toàn Cho Da","Thông & Bạch Đàn Biển, Standard",1735734212754506972,ST01902,291750,558571,VND,1,Thanh toán khi giao hàng,Đã hủy,huynhdangthong,Phát trực tiếp,7653454990203194128,fixed commission,0,0,0,7,291750,20423,,,,,,,,0,0,20/06/2026 19:42:44,,20/06/2026 19:42:46,,,,TTS,Open/Target Collaboration
584623506656166960,1735734318844052700,"[KOL huynhdangthong x LPM] Sữa Tắm/Gel Tắm Pháp Le Petit Marseillais Chiết Xuất Thiên Nhiên 650ml - Sữa Tắm Lưu Hương Lành Tính - Dịu Nhẹ, An Toàn Cho Da","Quả Mơ & Hạt Phỉ, Standard",1735734212755293404,ST00809,291750,558571,VND,1,Thanh toán khi giao hàng,Đã hủy,huynhdangthong,Phát trực tiếp,7653454990203194128,fixed commission,0,0,0,7,291750,20423,,,,,,,,0,0,20/06/2026 19:42:52,,20/06/2026 19:42:53,,,,TTS,Open/Target Collaboration
584623493987075572,1735734318844052700,"[KOL huynhdangthong x LPM] Sữa Tắm/Gel Tắm Pháp Le Petit Marseillais Chiết Xuất Thiên Nhiên 650ml - Sữa Tắm Lưu Hương Lành Tính - Dịu Nhẹ, An Toàn Cho Da","Hoa Tiare, Standard",1735734212754703580,ST68816,291750,553714,VND,1,Thanh toán khi giao hàng,Đang xử lý,huynhdangthong,Phát trực tiếp,7653454990203194128,fixed commission,,,,7,291750,20423,,,,,,,,0,0,20/06/2026 19:42:55,23/06/2026 17:32:20,20/06/2026 19:42:56,23/06/2026 17:32:20,,26/06/2026 07:12:31,TTS,Open/Target Collaboration
584623481541920702,1735734318844052700,"[KOL huynhdangthong x LPM] Sữa Tắm/Gel Tắm Pháp Le Petit Marseillais Chiết Xuất Thiên Nhiên 650ml - Sữa Tắm Lưu Hương Lành Tính - Dịu Nhẹ, An Toàn Cho Da","Dừa, Standard",1735734212754965724,ST06999,291750,549429,VND,1,Thanh toán khi giao hàng,Đã hủy,huynhdangthong,Phát trực tiếp,7653454990203194128,fixed commission,0,0,0,7,291750,20423,,,,,,,,0,0,20/06/2026 19:43:18,,20/06/2026 19:43:21,,,,TTS,Open/Target Collaboration
584623629343885241,1735734318844052700,"[KOL huynhdangthong x LPM] Sữa Tắm/Gel Tắm Pháp Le Petit Marseillais Chiết Xuất Thiên Nhiên 650ml - Sữa Tắm Lưu Hương Lành Tính - Dịu Nhẹ, An Toàn Cho Da","Hoa Tiare, Standard",1735734212754703580,ST68816,291750,531214,VND,1,Thanh toán khi giao hàng,Đang xử lý,huynhdangthong,Phát trực tiếp,7653454990203194128,fixed commission,,,,7,291750,20423,,,,,,,,0,0,20/06/2026 19:44:13,23/06/2026 18:27:24,20/06/2026 19:44:14,23/06/2026 18:27:24,,26/06/2026 09:00:05,TTS,Open/Target Collaboration
584623629307708583,1735734318844052700,"[KOL huynhdangthong x LPM] Sữa Tắm/Gel Tắm Pháp Le Petit Marseillais Chiết Xuất Thiên Nhiên 650ml - Sữa Tắm Lưu Hương Lành Tính - Dịu Nhẹ, An Toàn Cho Da","Hoa Tiare, Standard",1735734212754703580,ST68816,291750,558571,VND,1,Thanh toán khi giao hàng,Đã hủy,huynhdangthong,Phát trực tiếp,7653454990203194128,fixed commission,0,0,0,7,291750,20423,,,,,,,,0,0,20/06/2026 19:44:18,,20/06/2026 19:44:20,,,,TTS,Open/Target Collaboration
584623512106206547,1735734318844052700,"[KOL huynhdangthong x LPM] Sữa Tắm/Gel Tắm Pháp Le Petit Marseillais Chiết Xuất Thiên Nhiên 650ml - Sữa Tắm Lưu Hương Lành Tính - Dịu Nhẹ, An Toàn Cho Da","Hoa Tiare, Standard",1735734212754703580,ST68816,291750,558571,VND,1,Thanh toán khi giao hàng,Đang xử lý,huynhdangthong,Phát trực tiếp,7653454990203194128,fixed commission,,,,7,291750,20423,,,,,,,,0,0,20/06/2026 19:44:43,23/06/2026 15:54:35,20/06/2026 19:44:47,23/06/2026 15:54:35,,26/06/2026 13:21:20,TTS,Open/Target Collaboration
584623512106206547,1735791362076869852,Sữa Tắm Dạng Kem Le Petit Marseillais Bông Và Hoa Anh Túc 250ml  92% Thiên Nhiên Siêu Dịu Nhẹ,Mặc định,1735791937064830172,ST65434,0,15829,VND,1,Thanh toán khi giao hàng,Đang xử lý,iflyad07,Chương trình Lưu lượng truy cập bên ngoài,,fixed commission,,,,,0,,,,,,,,,0,0,20/06/2026 19:44:43,23/06/2026 15:54:35,20/06/2026 19:44:47,23/06/2026 15:54:35,,26/06/2026 13:21:20,TTS,Open/Target Collaboration
584623630917010855,1735734318844052700,"[KOL huynhdangthong x LPM] Sữa Tắm/Gel Tắm Pháp Le Petit Marseillais Chiết Xuất Thiên Nhiên 650ml - Sữa Tắm Lưu Hương Lành Tính - Dịu Nhẹ, An Toàn Cho Da","Hoa Tiare, Standard",1735734212754703580,ST68816,291750,543286,VND,1,Thanh toán khi giao hàng,Đã hủy,huynhdangthong,Phát trực tiếp,7653454990203194128,fixed commission,0,0,0,7,291750,20423,,,,,,,,0,0,20/06/2026 19:44:44,,20/06/2026 19:44:45,,,,TTS,Open/Target Collaboration
584623629597312953,1732251815880067292,"Sữa Tắm Pháp Le Petit Marseillais Cho Nam Chiết Xuất Thiên Nhiên 4in1 Nhiều Mùi Hương Dưỡng Ẩm, Thơm Lâu - Phù Hợp Mọi Loại Da (250ml)","Hương Gỗ Tuyết Tùng & Dương Xỉ, Standard",1732251749141219548,ST01172,180400,279900,VND,1,Thanh toán khi giao hàng,Đang xử lý,huynhdangthong,Phát trực tiếp,7653454990203194128,fixed commission,,,,7,180400,12628,,,,,,,,0,0,20/06/2026 19:44:46,23/06/2026 18:27:25,20/06/2026 19:44:47,23/06/2026 18:27:25,,26/06/2026 08:52:24,TTS,Open/Target Collaboration
584623483146306657,1735734318844052700,"[KOL huynhdangthong x LPM] Sữa Tắm/Gel Tắm Pháp Le Petit Marseillais Chiết Xuất Thiên Nhiên 650ml - Sữa Tắm Lưu Hương Lành Tính - Dịu Nhẹ, An Toàn Cho Da","Hoa Tiare, Standard",1735734212754703580,ST68816,291750,547143,VND,1,Thanh toán khi giao hàng,Đang xử lý,huynhdangthong,Phát trực tiếp,7653454990203194128,fixed commission,,,,7,291750,20423,,,,,,,,0,0,20/06/2026 19:44:49,23/06/2026 11:56:28,20/06/2026 19:44:50,23/06/2026 11:56:28,,26/06/2026 08:55:46,TTS,Open/Target Collaboration
584623483146306657,1735791362076869852,Sữa Tắm Dạng Kem Le Petit Marseillais Bông Và Hoa Anh Túc 250ml  92% Thiên Nhiên Siêu Dịu Nhẹ,Mặc định,1735791937064830172,ST65434,0,11257,VND,1,Thanh toán khi giao hàng,Đang xử lý,reviewsanpham.com,Chương trình Lưu lượng truy cập bên ngoài,,fixed commission,,,,,0,,,,,,,,,0,0,20/06/2026 19:44:49,23/06/2026 11:56:28,20/06/2026 19:44:50,23/06/2026 11:56:28,,26/06/2026 08:55:46,TTS,Open/Target Collaboration
584623553224476493,1735734318844052700,"[KOL huynhdangthong x LPM] Sữa Tắm/Gel Tắm Pháp Le Petit Marseillais Chiết Xuất Thiên Nhiên 650ml - Sữa Tắm Lưu Hương Lành Tính - Dịu Nhẹ, An Toàn Cho Da","Hoa Tiare, Standard",1735734212754703580,ST68816,330650,534786,VND,1,Thanh toán khi giao hàng,Đang xử lý,huynhdangthong,Phát trực tiếp,7653454990203194128,fixed commission,,,,7,330650,23146,,,,,,,,0,0,20/06/2026 19:44:53,23/06/2026 12:53:04,20/06/2026 19:44:55,23/06/2026 12:53:04,,26/06/2026 10:25:02,TTS,Open/Target Collaboration
584623527947109781,1735734318844052700,"[KOL huynhdangthong x LPM] Sữa Tắm/Gel Tắm Pháp Le Petit Marseillais Chiết Xuất Thiên Nhiên 650ml - Sữa Tắm Lưu Hương Lành Tính - Dịu Nhẹ, An Toàn Cho Da","Hoa Tiare, Standard",1735734212754703580,ST68816,291750,547143,VND,1,Thanh toán khi giao hàng,Đang xử lý,huynhdangthong,Phát trực tiếp,7653454990203194128,fixed commission,,,,7,291750,20423,,,,,,,,0,0,20/06/2026 19:44:55,23/06/2026 09:22:17,20/06/2026 19:45:32,23/06/2026 09:22:17,,26/06/2026 09:54:46,TTS,Open/Target Collaboration
584623513277793828,1735734318844052700,"[KOL huynhdangthong x LPM] Sữa Tắm/Gel Tắm Pháp Le Petit Marseillais Chiết Xuất Thiên Nhiên 650ml - Sữa Tắm Lưu Hương Lành Tính - Dịu Nhẹ, An Toàn Cho Da","Hoa Tiare, Standard",1735734212754703580,ST68816,291750,553714,VND,1,Thanh toán khi giao hàng,Đang xử lý,huynhdangthong,Phát trực tiếp,7653454990203194128,fixed commission,,,,7,291750,20423,,,,,,,,0,0,20/06/2026 19:45:12,23/06/2026 18:25:17,20/06/2026 19:45:13,23/06/2026 18:25:17,,26/06/2026 08:09:45,TTS,Open/Target Collaboration
584623513277793828,1735791362076869852,Sữa Tắm Dạng Kem Le Petit Marseillais Bông Và Hoa Anh Túc 250ml  92% Thiên Nhiên Siêu Dịu Nhẹ,Mặc định,1735791937064830172,ST65434,0,13886,VND,1,Thanh toán khi giao hàng,Đang xử lý,meboiboigaogao,Chương trình Lưu lượng truy cập bên ngoài,,fixed commission,,,,,0,,,,,,,,,0,0,20/06/2026 19:45:12,23/06/2026 18:25:17,20/06/2026 19:45:13,23/06/2026 18:25:17,,26/06/2026 08:09:45,TTS,Open/Target Collaboration
584623585387316993,1735734318844052700,"[KOL huynhdangthong x LPM] Sữa Tắm/Gel Tắm Pháp Le Petit Marseillais Chiết Xuất Thiên Nhiên 650ml - Sữa Tắm Lưu Hương Lành Tính - Dịu Nhẹ, An Toàn Cho Da","Hoa Tiare, Standard",1735734212754703580,ST68816,291750,547143,VND,1,Thanh toán khi giao hàng,Đang xử lý,huynhdangthong,Phát trực tiếp,7653454990203194128,fixed commission,,,,7,291750,20423,,,,,,,,0,0,20/06/2026 19:45:18,23/06/2026 11:23:24,20/06/2026 19:45:19,23/06/2026 11:23:24,,26/06/2026 09:02:17,TTS,Open/Target Collaboration
584623585387316993,1735791362076869852,Sữa Tắm Dạng Kem Le Petit Marseillais Bông Và Hoa Anh Túc 250ml  92% Thiên Nhiên Siêu Dịu Nhẹ,Mặc định,1735791937064830172,ST65434,0,11257,VND,1,Thanh toán khi giao hàng,Đang xử lý,bichchaust0ve,Chương trình Lưu lượng truy cập bên ngoài,,fixed commission,,,,,0,,,,,,,,,0,0,20/06/2026 19:45:18,23/06/2026 11:23:24,20/06/2026 19:45:19,23/06/2026 11:23:24,,26/06/2026 09:02:17,TTS,Open/Target Collaboration
584623571990185369,1735734318844052700,"[KOL huynhdangthong x LPM] Sữa Tắm/Gel Tắm Pháp Le Petit Marseillais Chiết Xuất Thiên Nhiên 650ml - Sữa Tắm Lưu Hương Lành Tính - Dịu Nhẹ, An Toàn Cho Da","Hoa Tiare, Standard",1735734212754703580,ST68816,291750,547143,VND,1,Thanh toán khi giao hàng,Đã hủy,huynhdangthong,Phát trực tiếp,7653454990203194128,fixed commission,0,0,0,7,291750,20423,,,,,,,,0,0,20/06/2026 19:45:33,,20/06/2026 19:45:36,,,,TTS,Open/Target Collaboration
584623543866983539,1735734318844052700,"[KOL huynhdangthong x LPM] Sữa Tắm/Gel Tắm Pháp Le Petit Marseillais Chiết Xuất Thiên Nhiên 650ml - Sữa Tắm Lưu Hương Lành Tính - Dịu Nhẹ, An Toàn Cho Da","Hoa Tiare, Standard",1735734212754703580,ST68816,286750,531214,VND,1,Thanh toán khi giao hàng,Đã hủy,huynhdangthong,Phát trực tiếp,7653454990203194128,fixed commission,0,0,0,7,286750,20073,,,,,,,,0,0,20/06/2026 19:46:09,,20/06/2026 19:46:10,,,,TTS,Open/Target Collaboration
584623516777219591,1735734318844052700,"[KOL huynhdangthong x LPM] Sữa Tắm/Gel Tắm Pháp Le Petit Marseillais Chiết Xuất Thiên Nhiên 650ml - Sữa Tắm Lưu Hương Lành Tính - Dịu Nhẹ, An Toàn Cho Da","Hoa Tiare, Standard",1735734212754703580,ST68816,291750,531214,VND,1,Thanh toán khi giao hàng,Đã hủy,huynhdangthong,Phát trực tiếp,7653454990203194128,fixed commission,0,0,0,7,291750,20423,,,,,,,,0,0,20/06/2026 19:46:26,,20/06/2026 19:46:28,,,,TTS,Open/Target Collaboration
584623544570512723,1735734318844052700,"[KOL huynhdangthong x LPM] Sữa Tắm/Gel Tắm Pháp Le Petit Marseillais Chiết Xuất Thiên Nhiên 650ml - Sữa Tắm Lưu Hương Lành Tính - Dịu Nhẹ, An Toàn Cho Da","Hoa Tiare, Standard",1735734212754703580,ST68816,311200,558571,VND,1,Thanh toán khi giao hàng,Đã hủy,huynhdangthong,Phát trực tiếp,7653454990203194128,fixed commission,0,0,0,7,311200,21784,,,,,,,,0,0,20/06/2026 19:46:28,,20/06/2026 19:46:31,,,,TTS,Open/Target Collaboration
584623614789256945,1735734318844052700,"[KOL huynhdangthong x LPM] Sữa Tắm/Gel Tắm Pháp Le Petit Marseillais Chiết Xuất Thiên Nhiên 650ml - Sữa Tắm Lưu Hương Lành Tính - Dịu Nhẹ, An Toàn Cho Da","Đào Trắng & Quả Xuân Đào, Standard",1735734212754834652,ST01288,291750,531214,VND,1,Thanh toán khi giao hàng,Đã hủy,huynhdangthong,Phát trực tiếp,7653454990203194128,fixed commission,0,0,0,7,291750,20423,,,,,,,,0,0,20/06/2026 19:46:37,,20/06/2026 19:46:38,,,,TTS,Open/Target Collaboration
584623545779455782,1735734318844052700,"[KOL huynhdangthong x LPM] Sữa Tắm/Gel Tắm Pháp Le Petit Marseillais Chiết Xuất Thiên Nhiên 650ml - Sữa Tắm Lưu Hương Lành Tính - Dịu Nhẹ, An Toàn Cho Da","Hoa Tiare, Standard",1735734212754703580,ST68816,283250,531214,VND,1,Thanh toán khi giao hàng,Đang xử lý,huynhdangthong,Phát trực tiếp,7653454990203194128,fixed commission,,,,7,283250,19828,,,,,,,,0,0,20/06/2026 19:47:04,23/06/2026 18:41:33,20/06/2026 19:47:06,23/06/2026 18:41:33,,26/06/2026 10:16:19,TTS,Open/Target Collaboration
584623545779455782,1735791362076869852,Sữa Tắm Dạng Kem Le Petit Marseillais Bông Và Hoa Anh Túc 250ml  92% Thiên Nhiên Siêu Dịu Nhẹ,Mặc định,1735791937064830172,ST65434,0,4886,VND,1,Thanh toán khi giao hàng,Đang xử lý,tahienhrsnr2,Chương trình Lưu lượng truy cập bên ngoài,,fixed commission,,,,,0,,,,,,,,,0,0,20/06/2026 19:47:04,23/06/2026 18:41:33,20/06/2026 19:47:06,23/06/2026 18:41:33,,26/06/2026 10:16:19,TTS,Open/Target Collaboration
584623648427770925,1735734318844052700,"[KOL huynhdangthong x LPM] Sữa Tắm/Gel Tắm Pháp Le Petit Marseillais Chiết Xuất Thiên Nhiên 650ml - Sữa Tắm Lưu Hương Lành Tính - Dịu Nhẹ, An Toàn Cho Da","Thông & Bạch Đàn Biển, Standard",1735734212754506972,ST01902,291750,531214,VND,1,Thanh toán khi giao hàng,Đang xử lý,huynhdangthong,Phát trực tiếp,7653454990203194128,fixed commission,,,,7,291750,20423,,,,,,,,0,0,20/06/2026 19:47:36,23/06/2026 13:38:08,20/06/2026 19:47:37,23/06/2026 13:38:08,,26/06/2026 09:53:34,TTS,Open/Target Collaboration
584623648427770925,1735791362076869852,Sữa Tắm Dạng Kem Le Petit Marseillais Bông Và Hoa Anh Túc 250ml  92% Thiên Nhiên Siêu Dịu Nhẹ,Mặc định,1735791937064830172,ST65434,0,4886,VND,1,Thanh toán khi giao hàng,Đang xử lý,ecomobipassiovietnam,Chương trình Lưu lượng truy cập bên ngoài,,fixed commission,,,,,0,,,,,,,,,0,0,20/06/2026 19:47:36,23/06/2026 13:38:08,20/06/2026 19:47:37,23/06/2026 13:38:08,,26/06/2026 09:53:34,TTS,Open/Target Collaboration
584623548425667623,1735734318844052700,"[KOL huynhdangthong x LPM] Sữa Tắm/Gel Tắm Pháp Le Petit Marseillais Chiết Xuất Thiên Nhiên 650ml - Sữa Tắm Lưu Hương Lành Tính - Dịu Nhẹ, An Toàn Cho Da","Thông & Bạch Đàn Biển, Standard",1735734212754506972,ST01902,291750,531143,VND,1,Thanh toán khi giao hàng,Đã hủy,huynhdangthong,Phát trực tiếp,7653454990203194128,fixed commission,0,0,0,7,291750,20423,,,,,,,,0,0,20/06/2026 19:47:53,,20/06/2026 19:47:56,,,,TTS,Open/Target Collaboration
584623615581128419,1735734318844052700,"[KOL huynhdangthong x LPM] Sữa Tắm/Gel Tắm Pháp Le Petit Marseillais Chiết Xuất Thiên Nhiên 650ml - Sữa Tắm Lưu Hương Lành Tính - Dịu Nhẹ, An Toàn Cho Da","Đào Trắng & Quả Xuân Đào, Standard",1735734212754834652,ST01288,291750,543286,VND,1,Thanh toán khi giao hàng,Đang xử lý,huynhdangthong,Phát trực tiếp,7653454990203194128,fixed commission,,,,7,291750,20423,,,,,,,,0,0,20/06/2026 19:48:02,23/06/2026 17:54:58,20/06/2026 19:48:03,23/06/2026 17:54:58,,26/06/2026 13:28:11,TTS,Open/Target Collaboration
584623592435189022,1735734318844052700,"[KOL huynhdangthong x LPM] Sữa Tắm/Gel Tắm Pháp Le Petit Marseillais Chiết Xuất Thiên Nhiên 650ml - Sữa Tắm Lưu Hương Lành Tính - Dịu Nhẹ, An Toàn Cho Da","Hoa Tiare, Standard",1735734212754703580,ST68816,291750,531214,VND,1,Thanh toán khi giao hàng,Đang xử lý,huynhdangthong,Phát trực tiếp,7653454990203194128,fixed commission,,,,7,291750,20423,,,,,,,,0,0,20/06/2026 19:48:27,23/06/2026 16:33:17,20/06/2026 19:48:29,23/06/2026 16:33:17,,26/06/2026 11:02:12,TTS,Open/Target Collaboration
584623590490080417,1735734318844052700,"[KOL huynhdangthong x LPM] Sữa Tắm/Gel Tắm Pháp Le Petit Marseillais Chiết Xuất Thiên Nhiên 650ml - Sữa Tắm Lưu Hương Lành Tính - Dịu Nhẹ, An Toàn Cho Da","Hoa Tiare, Standard",1735734212754703580,ST68816,291750,531214,VND,1,Không áp dụng thanh toán khi giao hàng,Đang xử lý,huynhdangthong,Phát trực tiếp,7653454990203194128,fixed commission,,,,7,291750,20423,,,,,,,,0,0,20/06/2026 19:48:30,20/06/2026 19:48:35,20/06/2026 19:48:38,23/06/2026 08:27:17,,26/06/2026 08:31:30,TTS,Open/Target Collaboration
584623618769847882,1735734318844052700,"[KOL huynhdangthong x LPM] Sữa Tắm/Gel Tắm Pháp Le Petit Marseillais Chiết Xuất Thiên Nhiên 650ml - Sữa Tắm Lưu Hương Lành Tính - Dịu Nhẹ, An Toàn Cho Da","Hoa Tiare, Standard",1735734212754703580,ST68816,291750,519000,VND,1,Thanh toán khi giao hàng,Đang xử lý,huynhdangthong,Phát trực tiếp,7653454990203194128,fixed commission,,,,7,291750,20423,,,,,,,,0,0,20/06/2026 19:48:33,23/06/2026 20:15:10,20/06/2026 19:48:35,23/06/2026 20:15:10,,26/06/2026 11:43:07,TTS,Open/Target Collaboration
584623616646284748,1735734318844052700,"[KOL huynhdangthong x LPM] Sữa Tắm/Gel Tắm Pháp Le Petit Marseillais Chiết Xuất Thiên Nhiên 650ml - Sữa Tắm Lưu Hương Lành Tính - Dịu Nhẹ, An Toàn Cho Da","Hoa Tiare, Standard",1735734212754703580,ST68816,291750,550643,VND,1,Thanh toán khi giao hàng,Đã hủy,huynhdangthong,Phát trực tiếp,7653454990203194128,fixed commission,0,0,0,7,291750,20423,,,,,,,,0,0,20/06/2026 19:48:35,,20/06/2026 19:48:37,,,,TTS,Open/Target Collaboration
584623617577420123,1735734318844052700,"[KOL huynhdangthong x LPM] Sữa Tắm/Gel Tắm Pháp Le Petit Marseillais Chiết Xuất Thiên Nhiên 650ml - Sữa Tắm Lưu Hương Lành Tính - Dịu Nhẹ, An Toàn Cho Da","Hoa Tiare, Standard",1735734212754703580,ST68816,291750,547143,VND,1,Thanh toán khi giao hàng,Đã hoàn thành,huynhdangthong,Phát trực tiếp,7653454990203194128,fixed commission,,,,7,291750,20423,0,,,,,,,1,0,20/06/2026 19:48:38,23/06/2026 14:53:21,20/06/2026 19:48:39,23/06/2026 14:53:21,28/06/2026 16:24:09,,TTS,Open/Target Collaboration
584623577940592135,1735734318844052700,"[KOL huynhdangthong x LPM] Sữa Tắm/Gel Tắm Pháp Le Petit Marseillais Chiết Xuất Thiên Nhiên 650ml - Sữa Tắm Lưu Hương Lành Tính - Dịu Nhẹ, An Toàn Cho Da","Hoa Cam, Standard",1735734212755096796,ST39109,291750,531214,VND,1,Thanh toán khi giao hàng,Đang xử lý,huynhdangthong,Phát trực tiếp,7653454990203194128,fixed commission,,,,7,291750,20423,,,,,,,,0,0,20/06/2026 19:48:39,23/06/2026 10:28:57,20/06/2026 19:48:42,23/06/2026 10:28:57,,26/06/2026 13:03:07,TTS,Open/Target Collaboration
584623578139690759,1735734318844052700,"[KOL huynhdangthong x LPM] Sữa Tắm/Gel Tắm Pháp Le Petit Marseillais Chiết Xuất Thiên Nhiên 650ml - Sữa Tắm Lưu Hương Lành Tính - Dịu Nhẹ, An Toàn Cho Da","Hoa Tiare, Standard",1735734212754703580,ST68816,291750,547143,VND,1,Thanh toán khi giao hàng,Đang xử lý,huynhdangthong,Phát trực tiếp,7653454990203194128,fixed commission,,,,7,291750,20423,,,,,,,,0,0,20/06/2026 19:48:40,23/06/2026 11:04:07,20/06/2026 19:48:41,23/06/2026 11:04:07,,26/06/2026 12:13:07,TTS,Open/Target Collaboration
584623578139690759,1735791362076869852,Sữa Tắm Dạng Kem Le Petit Marseillais Bông Và Hoa Anh Túc 250ml  92% Thiên Nhiên Siêu Dịu Nhẹ,Mặc định,1735791937064830172,ST65434,0,11257,VND,1,Thanh toán khi giao hàng,Đang xử lý,ecomobipassiovietnam,Chương trình Lưu lượng truy cập bên ngoài,,fixed commission,,,,,0,,,,,,,,,0,0,20/06/2026 19:48:40,23/06/2026 11:04:07,20/06/2026 19:48:41,23/06/2026 11:04:07,,26/06/2026 12:13:07,TTS,Open/Target Collaboration
584623566511179062,1735734318844052700,"[KOL huynhdangthong x LPM] Sữa Tắm/Gel Tắm Pháp Le Petit Marseillais Chiết Xuất Thiên Nhiên 650ml - Sữa Tắm Lưu Hương Lành Tính - Dịu Nhẹ, An Toàn Cho Da","Đào Trắng & Quả Xuân Đào, Standard",1735734212754834652,ST01288,291750,543286,VND,1,Thanh toán khi giao hàng,Đang xử lý,huynhdangthong,Phát trực tiếp,7653454990203194128,fixed commission,,,,7,291750,20423,,,,,,,,0,0,20/06/2026 19:49:07,23/06/2026 15:09:09,20/06/2026 19:49:08,23/06/2026 15:09:09,,26/06/2026 10:37:27,TTS,Open/Target Collaboration
584623621246453743,1735734318844052700,"[KOL huynhdangthong x LPM] Sữa Tắm/Gel Tắm Pháp Le Petit Marseillais Chiết Xuất Thiên Nhiên 650ml - Sữa Tắm Lưu Hương Lành Tính - Dịu Nhẹ, An Toàn Cho Da","Thông & Bạch Đàn Biển, Standard",1735734212754506972,ST01902,291750,531214,VND,1,Thanh toán khi giao hàng,Đang xử lý,huynhdangthong,Phát trực tiếp,7653454990203194128,fixed commission,,,,7,291750,20423,,,,,,,,0,0,20/06/2026 19:49:36,23/06/2026 18:11:49,20/06/2026 19:49:37,23/06/2026 18:11:49,,26/06/2026 12:19:58,TTS,Open/Target Collaboration
584623607857186590,1735734318844052700,"[KOL huynhdangthong x LPM] Sữa Tắm/Gel Tắm Pháp Le Petit Marseillais Chiết Xuất Thiên Nhiên 650ml - Sữa Tắm Lưu Hương Lành Tính - Dịu Nhẹ, An Toàn Cho Da","Đào Trắng & Quả Xuân Đào, Standard",1735734212754834652,ST01288,291750,531214,VND,1,Thanh toán khi giao hàng,Đã hủy,huynhdangthong,Phát trực tiếp,7653454990203194128,fixed commission,0,0,0,7,291750,20423,,,,,,,,0,0,20/06/2026 19:50:24,,20/06/2026 19:50:27,,,,TTS,Open/Target Collaboration
584623597409371317,1735734318844052700,"[KOL huynhdangthong x LPM] Sữa Tắm/Gel Tắm Pháp Le Petit Marseillais Chiết Xuất Thiên Nhiên 650ml - Sữa Tắm Lưu Hương Lành Tính - Dịu Nhẹ, An Toàn Cho Da","Đào Trắng & Quả Xuân Đào, Standard",1735734212754834652,ST01288,291750,547143,VND,1,Thanh toán khi giao hàng,Đã hủy,huynhdangthong,Phát trực tiếp,7653454990203194128,fixed commission,0,0,0,7,291750,20423,,,,,,,,0,0,20/06/2026 19:50:27,,20/06/2026 19:50:29,,,,TTS,Open/Target Collaboration
584623667639715471,1735734318844052700,"[KOL huynhdangthong x LPM] Sữa Tắm/Gel Tắm Pháp Le Petit Marseillais Chiết Xuất Thiên Nhiên 650ml - Sữa Tắm Lưu Hương Lành Tính - Dịu Nhẹ, An Toàn Cho Da","Hoa Tiare, Standard",1735734212754703580,ST68816,291750,531214,VND,1,Thanh toán khi giao hàng,Đã hủy,huynhdangthong,Phát trực tiếp,7653454990203194128,fixed commission,0,0,0,7,291750,20423,,,,,,,,0,0,20/06/2026 19:50:34,,20/06/2026 19:50:36,,,,TTS,Open/Target Collaboration
584623731426165823,1735734318844052700,"[KOL huynhdangthong x LPM] Sữa Tắm/Gel Tắm Pháp Le Petit Marseillais Chiết Xuất Thiên Nhiên 650ml - Sữa Tắm Lưu Hương Lành Tính - Dịu Nhẹ, An Toàn Cho Da","Dừa, Standard",1735734212754965724,ST06999,291750,547143,VND,1,Thanh toán khi giao hàng,Đang xử lý,huynhdangthong,Phát trực tiếp,7653454990203194128,fixed commission,,,,7,291750,20423,,,,,,,,0,0,20/06/2026 19:50:36,23/06/2026 18:45:19,20/06/2026 19:50:37,23/06/2026 18:45:19,,26/06/2026 11:46:50,TTS,Open/Target Collaboration
584623567190197804,1735734318844052700,"[KOL huynhdangthong x LPM] Sữa Tắm/Gel Tắm Pháp Le Petit Marseillais Chiết Xuất Thiên Nhiên 650ml - Sữa Tắm Lưu Hương Lành Tính - Dịu Nhẹ, An Toàn Cho Da","Hoa Cam, Standard",1735734212755096796,ST39109,291750,558571,VND,1,Thanh toán khi giao hàng,Đang xử lý,huynhdangthong,Phát trực tiếp,7653454990203194128,fixed commission,,,,7,291750,20423,,,,,,,,0,0,20/06/2026 19:50:37,24/06/2026 11:44:01,20/06/2026 19:50:39,24/06/2026 11:44:01,,27/06/2026 07:02:38,TTS,Open/Target Collaboration
584623597828474212,1735734318844052700,"[KOL huynhdangthong x LPM] Sữa Tắm/Gel Tắm Pháp Le Petit Marseillais Chiết Xuất Thiên Nhiên 650ml - Sữa Tắm Lưu Hương Lành Tính - Dịu Nhẹ, An Toàn Cho Da","Hương Chanh & Bưởi Hồng, Standard",1735734212754638044,ST01868,291750,543286,VND,1,Không áp dụng thanh toán khi giao hàng,Đang xử lý,huynhdangthong,Phát trực tiếp,7653454990203194128,fixed commission,,,,7,291750,20423,,,,,,,,0,0,20/06/2026 19:50:41,20/06/2026 19:50:45,20/06/2026 19:50:45,23/06/2026 09:20:36,,26/06/2026 07:29:55,TTS,Open/Target Collaboration
584623597828474212,1735791362076869852,Sữa Tắm Dạng Kem Le Petit Marseillais Bông Và Hoa Anh Túc 250ml  92% Thiên Nhiên Siêu Dịu Nhẹ,Mặc định,1735791937064830172,ST65434,0,9714,VND,1,Không áp dụng thanh toán khi giao hàng,Đang xử lý,adpia.official,Chương trình Lưu lượng truy cập bên ngoài,,fixed commission,,,,,0,,,,,,,,,0,0,20/06/2026 19:50:41,20/06/2026 19:50:45,20/06/2026 19:50:45,23/06/2026 09:20:36,,26/06/2026 07:29:55,TTS,Open/Target Collaboration
584623714678572077,1735734318844052700,"[KOL huynhdangthong x LPM] Sữa Tắm/Gel Tắm Pháp Le Petit Marseillais Chiết Xuất Thiên Nhiên 650ml - Sữa Tắm Lưu Hương Lành Tính - Dịu Nhẹ, An Toàn Cho Da","Quả Mơ & Hạt Phỉ, Standard",1735734212755293404,ST00809,326760,531214,VND,1,Thanh toán khi giao hàng,Đang xử lý,huynhdangthong,Phát trực tiếp,7653454990203194128,fixed commission,,,,7,326760,22873,,,,,,,,0,0,20/06/2026 19:51:09,23/06/2026 13:38:08,20/06/2026 19:51:10,23/06/2026 13:38:08,,26/06/2026 09:02:27,TTS,Open/Target Collaboration
584623714678572077,1735791362076869852,Sữa Tắm Dạng Kem Le Petit Marseillais Bông Và Hoa Anh Túc 250ml  92% Thiên Nhiên Siêu Dịu Nhẹ,Mặc định,1735791937064830172,ST65434,0,4886,VND,1,Thanh toán khi giao hàng,Đang xử lý,ecomobipassiovietnam,Chương trình Lưu lượng truy cập bên ngoài,,fixed commission,,,,,0,,,,,,,,,0,0,20/06/2026 19:51:09,23/06/2026 13:38:08,20/06/2026 19:51:10,23/06/2026 13:38:08,,26/06/2026 09:02:27,TTS,Open/Target Collaboration
584623685689444342,1735734318844052700,"[KOL huynhdangthong x LPM] Sữa Tắm/Gel Tắm Pháp Le Petit Marseillais Chiết Xuất Thiên Nhiên 650ml - Sữa Tắm Lưu Hương Lành Tính - Dịu Nhẹ, An Toàn Cho Da","Sữa Thực Vật, Standard",1735734212755162332,ST00991,291750,543286,VND,1,Không áp dụng thanh toán khi giao hàng,Đã hủy,huynhdangthong,Phát trực tiếp,7653454990203194128,fixed commission,,,,7,291750,20423,,,,,,,,0,0,20/06/2026 19:52:12,20/06/2026 19:53:17,20/06/2026 19:53:18,,,,TTS,Open/Target Collaboration
584623685689444342,1735791362076869852,Sữa Tắm Dạng Kem Le Petit Marseillais Bông Và Hoa Anh Túc 250ml  92% Thiên Nhiên Siêu Dịu Nhẹ,Mặc định,1735791937064830172,ST65434,0,9714,VND,1,Không áp dụng thanh toán khi giao hàng,Đã hủy,capdoi1matna,Chương trình Lưu lượng truy cập bên ngoài,,fixed commission,,,,,0,,,,,,,,,0,0,20/06/2026 19:52:12,20/06/2026 19:53:17,20/06/2026 19:53:18,,,,TTS,Open/Target Collaboration
584623688928429284,1735734318844052700,"[KOL huynhdangthong x LPM] Sữa Tắm/Gel Tắm Pháp Le Petit Marseillais Chiết Xuất Thiên Nhiên 650ml - Sữa Tắm Lưu Hương Lành Tính - Dịu Nhẹ, An Toàn Cho Da","Hoa Tiare, Standard",1735734212754703580,ST68816,291750,543286,VND,1,Thanh toán khi giao hàng,Đã hủy,huynhdangthong,Phát trực tiếp,7653454990203194128,fixed commission,0,0,0,7,291750,20423,,,,,,,,0,0,20/06/2026 19:52:59,,20/06/2026 19:53:01,,,,TTS,Open/Target Collaboration
584623733034353858,1735734318844052700,"[KOL huynhdangthong x LPM] Sữa Tắm/Gel Tắm Pháp Le Petit Marseillais Chiết Xuất Thiên Nhiên 650ml - Sữa Tắm Lưu Hương Lành Tính - Dịu Nhẹ, An Toàn Cho Da","Hoa Tiare, Standard",1735734212754703580,ST68816,291750,534786,VND,1,Không áp dụng thanh toán khi giao hàng,Đã hủy,huynhdangthong,Phát trực tiếp,7653454990203194128,fixed commission,,,,7,291750,20423,,,,,,,,0,0,20/06/2026 19:53:10,20/06/2026 19:53:15,20/06/2026 19:53:16,,,,TTS,Open/Target Collaboration
584623688953332936,1735734318844052700,"[KOL huynhdangthong x LPM] Sữa Tắm/Gel Tắm Pháp Le Petit Marseillais Chiết Xuất Thiên Nhiên 650ml - Sữa Tắm Lưu Hương Lành Tính - Dịu Nhẹ, An Toàn Cho Da","Thông & Bạch Đàn Biển, Standard",1735734212754506972,ST01902,291750,547143,VND,1,Thanh toán khi giao hàng,Đã hủy,huynhdangthong,Phát trực tiếp,7653454990203194128,fixed commission,0,0,0,7,291750,20423,,,,,,,,0,0,20/06/2026 19:53:17,,20/06/2026 19:53:18,,,,TTS,Open/Target Collaboration
584623671698163027,1735734318844052700,"[KOL huynhdangthong x LPM] Sữa Tắm/Gel Tắm Pháp Le Petit Marseillais Chiết Xuất Thiên Nhiên 650ml - Sữa Tắm Lưu Hương Lành Tính - Dịu Nhẹ, An Toàn Cho Da","Hoa Tiare, Standard",1735734212754703580,ST68816,311200,558571,VND,1,Thanh toán khi giao hàng,Đã hủy,huynhdangthong,Phát trực tiếp,7653454990203194128,fixed commission,0,0,0,7,311200,21784,,,,,,,,0,0,20/06/2026 19:53:22,,20/06/2026 19:53:23,,,,TTS,Open/Target Collaboration
584623688277919196,1735734318844052700,"[KOL huynhdangthong x LPM] Sữa Tắm/Gel Tắm Pháp Le Petit Marseillais Chiết Xuất Thiên Nhiên 650ml - Sữa Tắm Lưu Hương Lành Tính - Dịu Nhẹ, An Toàn Cho Da","Thông & Bạch Đàn Biển, Standard",1735734212754506972,ST01902,291750,531214,VND,1,Thanh toán khi giao hàng,Đang xử lý,huynhdangthong,Phát trực tiếp,7653454990203194128,fixed commission,,,,7,291750,20423,,,,,,,,0,0,20/06/2026 19:53:42,23/06/2026 15:06:32,20/06/2026 19:53:43,23/06/2026 15:06:32,,26/06/2026 07:08:55,TTS,Open/Target Collaboration
584623703206037494,1735734318844052700,"[KOL huynhdangthong x LPM] Sữa Tắm/Gel Tắm Pháp Le Petit Marseillais Chiết Xuất Thiên Nhiên 650ml - Sữa Tắm Lưu Hương Lành Tính - Dịu Nhẹ, An Toàn Cho Da","Vani, Standard",1735734212754900188,ST00557,291750,543286,VND,1,Không áp dụng thanh toán khi giao hàng,Đã hủy,huynhdangthong,Phát trực tiếp,7653454990203194128,fixed commission,,,,7,291750,20423,,,,,,,,0,0,20/06/2026 19:53:43,20/06/2026 19:54:01,20/06/2026 19:54:01,,,,TTS,Open/Target Collaboration
584623641487050731,1735791362076869852,Sữa Tắm Dạng Kem Le Petit Marseillais Bông Và Hoa Anh Túc 250ml  92% Thiên Nhiên Siêu Dịu Nhẹ,Mặc định,1735791937064830172,ST65434,0,11257,VND,1,Thanh toán khi giao hàng,Đang xử lý,vnnexmapbdm,Chương trình Lưu lượng truy cập bên ngoài,,fixed commission,,,,,0,,,,,,,,,0,0,20/06/2026 19:53:57,23/06/2026 10:57:03,20/06/2026 19:53:58,23/06/2026 10:57:03,,26/06/2026 13:00:06,TTS,Open/Target Collaboration
584623641487050731,1735734318844052700,"[KOL huynhdangthong x LPM] Sữa Tắm/Gel Tắm Pháp Le Petit Marseillais Chiết Xuất Thiên Nhiên 650ml - Sữa Tắm Lưu Hương Lành Tính - Dịu Nhẹ, An Toàn Cho Da","Hoa Cam, Standard",1735734212755096796,ST39109,389000,547143,VND,1,Thanh toán khi giao hàng,Đang xử lý,huynhdangthong,Phát trực tiếp,7653454990203194128,fixed commission,,,,7,389000,27230,,,,,,,,0,0,20/06/2026 19:53:57,23/06/2026 10:57:03,20/06/2026 19:53:58,23/06/2026 10:57:03,,26/06/2026 13:00:06,TTS,Open/Target Collaboration
584623717455136606,1735734318844052700,"[KOL huynhdangthong x LPM] Sữa Tắm/Gel Tắm Pháp Le Petit Marseillais Chiết Xuất Thiên Nhiên 650ml - Sữa Tắm Lưu Hương Lành Tính - Dịu Nhẹ, An Toàn Cho Da","Hoa Tiare, Standard",1735734212754703580,ST68816,291750,550214,VND,1,Thanh toán khi giao hàng,Đã hủy,huynhdangthong,Phát trực tiếp,7653454990203194128,fixed commission,0,0,0,7,291750,20423,,,,,,,,0,0,20/06/2026 19:53:58,,20/06/2026 19:53:59,,,,TTS,Open/Target Collaboration
584623658469262450,1735734318844052700,"[KOL huynhdangthong x LPM] Sữa Tắm/Gel Tắm Pháp Le Petit Marseillais Chiết Xuất Thiên Nhiên 650ml - Sữa Tắm Lưu Hương Lành Tính - Dịu Nhẹ, An Toàn Cho Da","Hoa Tiare, Standard",1735734212754703580,ST68816,281750,547143,VND,1,Thanh toán khi giao hàng,Đang xử lý,huynhdangthong,Phát trực tiếp,7653454990203194128,fixed commission,,,,7,281750,19723,,,,,,,,0,0,20/06/2026 19:54:00,24/06/2026 17:14:50,20/06/2026 19:54:02,24/06/2026 17:14:50,,27/06/2026 11:41:22,TTS,Open/Target Collaboration
584623718498600144,1735791362076869852,Sữa Tắm Dạng Kem Le Petit Marseillais Bông Và Hoa Anh Túc 250ml  92% Thiên Nhiên Siêu Dịu Nhẹ,Mặc định,1735791937064830172,ST65434,0,4886,VND,1,Thanh toán khi giao hàng,Đang xử lý,kat221516,Chương trình Lưu lượng truy cập bên ngoài,,fixed commission,,,,,0,,,,,,,,,0,0,20/06/2026 19:54:10,23/06/2026 11:54:28,20/06/2026 19:54:12,23/06/2026 11:54:28,,26/06/2026 07:16:07,TTS,Open/Target Collaboration
584623718498600144,1735734318844052700,"[KOL huynhdangthong x LPM] Sữa Tắm/Gel Tắm Pháp Le Petit Marseillais Chiết Xuất Thiên Nhiên 650ml - Sữa Tắm Lưu Hương Lành Tính - Dịu Nhẹ, An Toàn Cho Da","Hoa Tiare, Standard",1735734212754703580,ST68816,291750,531214,VND,1,Thanh toán khi giao hàng,Đang xử lý,huynhdangthong,Phát trực tiếp,7653454990203194128,fixed commission,,,,7,291750,20423,,,,,,,,0,0,20/06/2026 19:54:10,23/06/2026 11:54:28,20/06/2026 19:54:12,23/06/2026 11:54:28,,26/06/2026 07:16:07,TTS,Open/Target Collaboration
584623659689347062,1735734318844052700,"[KOL huynhdangthong x LPM] Sữa Tắm/Gel Tắm Pháp Le Petit Marseillais Chiết Xuất Thiên Nhiên 650ml - Sữa Tắm Lưu Hương Lành Tính - Dịu Nhẹ, An Toàn Cho Da","Dừa, Standard",1735734212754965724,ST06999,291750,543286,VND,1,Không áp dụng thanh toán khi giao hàng,Đã hủy,huynhdangthong,Phát trực tiếp,7653454990203194128,fixed commission,,,,7,291750,20423,,,,,,,,0,0,20/06/2026 19:54:42,20/06/2026 19:54:50,20/06/2026 19:54:51,,,,TTS,Open/Target Collaboration
584623677456287264,1735734318844052700,"[KOL huynhdangthong x LPM] Sữa Tắm/Gel Tắm Pháp Le Petit Marseillais Chiết Xuất Thiên Nhiên 650ml - Sữa Tắm Lưu Hương Lành Tính - Dịu Nhẹ, An Toàn Cho Da","Hoa Tiare, Standard",1735734212754703580,ST68816,291750,558571,VND,1,Thanh toán khi giao hàng,Đã hủy,huynhdangthong,Phát trực tiếp,7653454990203194128,fixed commission,0,0,0,7,291750,20423,,,,,,,,0,0,20/06/2026 19:55:05,,20/06/2026 19:55:06,,,,TTS,Open/Target Collaboration
584623645852468640,1735734318844052700,"[KOL huynhdangthong x LPM] Sữa Tắm/Gel Tắm Pháp Le Petit Marseillais Chiết Xuất Thiên Nhiên 650ml - Sữa Tắm Lưu Hương Lành Tính - Dịu Nhẹ, An Toàn Cho Da","Hoa Tiare, Standard",1735734212754703580,ST68816,291750,549429,VND,1,Thanh toán khi giao hàng,Đang xử lý,huynhdangthong,Phát trực tiếp,7653454990203194128,fixed commission,,,,7,291750,20423,,,,,,,,0,0,20/06/2026 19:55:20,24/06/2026 12:48:13,20/06/2026 19:55:22,24/06/2026 12:48:13,,27/06/2026 07:47:33,TTS,Open/Target Collaboration
584623785506539405,1735734318844052700,"[KOL huynhdangthong x LPM] Sữa Tắm/Gel Tắm Pháp Le Petit Marseillais Chiết Xuất Thiên Nhiên 650ml - Sữa Tắm Lưu Hương Lành Tính - Dịu Nhẹ, An Toàn Cho Da","Hoa Tiare, Standard",1735734212754703580,ST68816,291750,531214,VND,1,Thanh toán khi giao hàng,Đang xử lý,huynhdangthong,Phát trực tiếp,7653454990203194128,fixed commission,,,,7,291750,20423,,,,,,,,0,0,20/06/2026 19:55:28,23/06/2026 14:05:17,20/06/2026 19:55:30,23/06/2026 14:05:17,,26/06/2026 09:35:11,TTS,Open/Target Collaboration
584623663513175891,1735734318844052700,"[KOL huynhdangthong x LPM] Sữa Tắm/Gel Tắm Pháp Le Petit Marseillais Chiết Xuất Thiên Nhiên 650ml - Sữa Tắm Lưu Hương Lành Tính - Dịu Nhẹ, An Toàn Cho Da","Lá Oliu & Hoa Bồ Đề, Standard",1735734212754572508,ST01295,291750,543286,VND,1,Thanh toán khi giao hàng,Đã hủy,huynhdangthong,Phát trực tiếp,7653454990203194128,fixed commission,0,0,0,7,291750,20423,,,,,,,,0,0,20/06/2026 19:55:41,,20/06/2026 19:55:42,,,,TTS,Open/Target Collaboration
584623722921952470,1735734318844052700,"[KOL huynhdangthong x LPM] Sữa Tắm/Gel Tắm Pháp Le Petit Marseillais Chiết Xuất Thiên Nhiên 650ml - Sữa Tắm Lưu Hương Lành Tính - Dịu Nhẹ, An Toàn Cho Da","Hoa Tiare, Standard",1735734212754703580,ST68816,291750,543286,VND,1,Thanh toán khi giao hàng,Đã hủy,huynhdangthong,Phát trực tiếp,7653454990203194128,fixed commission,0,0,0,7,291750,20423,,,,,,,,0,0,20/06/2026 19:56:02,,20/06/2026 19:56:04,,,,TTS,Open/Target Collaboration
584623681937901270,1735734318844052700,"[KOL huynhdangthong x LPM] Sữa Tắm/Gel Tắm Pháp Le Petit Marseillais Chiết Xuất Thiên Nhiên 650ml - Sữa Tắm Lưu Hương Lành Tính - Dịu Nhẹ, An Toàn Cho Da","Hoa Tiare, Standard",1735734212754703580,ST68816,291750,531214,VND,1,Thanh toán khi giao hàng,Đã hủy,huynhdangthong,Phát trực tiếp,7653454990203194128,fixed commission,0,0,0,7,291750,20423,,,,,,,,0,0,20/06/2026 19:56:47,,20/06/2026 19:56:49,,,,TTS,Open/Target Collaboration
584623697909679852,1735734318844052700,"[KOL huynhdangthong x LPM] Sữa Tắm/Gel Tắm Pháp Le Petit Marseillais Chiết Xuất Thiên Nhiên 650ml - Sữa Tắm Lưu Hương Lành Tính - Dịu Nhẹ, An Toàn Cho Da","Hoa Cam, Standard",1735734212755096796,ST39109,283750,531214,VND,1,Thanh toán khi giao hàng,Đã hủy,huynhdangthong,Phát trực tiếp,7653454990203194128,fixed commission,0,0,0,7,283750,19863,,,,,,,,0,0,20/06/2026 19:57:02,,20/06/2026 19:57:03,,,,TTS,Open/Target Collaboration
584623713085851475,1735734318844052700,"[KOL huynhdangthong x LPM] Sữa Tắm/Gel Tắm Pháp Le Petit Marseillais Chiết Xuất Thiên Nhiên 650ml - Sữa Tắm Lưu Hương Lành Tính - Dịu Nhẹ, An Toàn Cho Da","Hoa Tiare, Standard",1735734212754703580,ST68816,291750,543286,VND,1,Thanh toán khi giao hàng,Đang xử lý,huynhdangthong,Phát trực tiếp,7653454990203194128,fixed commission,,,,7,291750,20423,,,,,,,,0,0,20/06/2026 19:58:32,24/06/2026 21:36:45,20/06/2026 19:58:33,24/06/2026 21:36:45,,27/06/2026 13:20:09,TTS,Open/Target Collaboration
584623770677380206,1735734318844052700,"[KOL huynhdangthong x LPM] Sữa Tắm/Gel Tắm Pháp Le Petit Marseillais Chiết Xuất Thiên Nhiên 650ml - Sữa Tắm Lưu Hương Lành Tính - Dịu Nhẹ, An Toàn Cho Da","Thông & Bạch Đàn Biển, Standard",1735734212754506972,ST01902,291750,553714,VND,1,Thanh toán khi giao hàng,Đang xử lý,huynhdangthong,Phát trực tiếp,7653454990203194128,fixed commission,,,,7,291750,20423,,,,,,,,0,0,20/06/2026 19:58:46,23/06/2026 17:32:33,20/06/2026 19:58:47,23/06/2026 17:32:33,,26/06/2026 10:58:20,TTS,Open/Target Collaboration
584623836105049608,1735734318844052700,"[KOL huynhdangthong x LPM] Sữa Tắm/Gel Tắm Pháp Le Petit Marseillais Chiết Xuất Thiên Nhiên 650ml - Sữa Tắm Lưu Hương Lành Tính - Dịu Nhẹ, An Toàn Cho Da","Hoa Tiare, Standard",1735734212754703580,ST68816,291750,531214,VND,1,Thanh toán khi giao hàng,Đang xử lý,huynhdangthong,Phát trực tiếp,7653454990203194128,fixed commission,,,,7,291750,20423,,,,,,,,0,0,20/06/2026 19:59:07,23/06/2026 12:55:53,20/06/2026 19:59:09,23/06/2026 12:55:53,,26/06/2026 07:07:16,TTS,Open/Target Collaboration
584623836105049608,1735791362076869852,Sữa Tắm Dạng Kem Le Petit Marseillais Bông Và Hoa Anh Túc 250ml  92% Thiên Nhiên Siêu Dịu Nhẹ,Mặc định,1735791937064830172,ST65434,0,4886,VND,1,Thanh toán khi giao hàng,Đang xử lý,diemquynhri8bt2,Chương trình Lưu lượng truy cập bên ngoài,,fixed commission,,,,,0,,,,,,,,,0,0,20/06/2026 19:59:07,23/06/2026 12:55:53,20/06/2026 19:59:09,23/06/2026 12:55:53,,26/06/2026 07:07:16,TTS,Open/Target Collaboration
584623803926808157,1735734318844052700,"[KOL huynhdangthong x LPM] Sữa Tắm/Gel Tắm Pháp Le Petit Marseillais Chiết Xuất Thiên Nhiên 650ml - Sữa Tắm Lưu Hương Lành Tính - Dịu Nhẹ, An Toàn Cho Da","Vani, Standard",1735734212754900188,ST00557,291750,558571,VND,1,Thanh toán khi giao hàng,Đã hủy,huynhdangthong,Phát trực tiếp,7653454990203194128,fixed commission,0,0,0,7,291750,20423,,,,,,,,0,0,20/06/2026 19:59:09,,20/06/2026 19:59:10,,,,TTS,Open/Target Collaboration
584623756322899941,1735734318844052700,"[KOL huynhdangthong x LPM] Sữa Tắm/Gel Tắm Pháp Le Petit Marseillais Chiết Xuất Thiên Nhiên 650ml - Sữa Tắm Lưu Hương Lành Tính - Dịu Nhẹ, An Toàn Cho Da","Hoa Tiare, Standard",1735734212754703580,ST68816,291750,526357,VND,1,Thanh toán khi giao hàng,Đã hủy,huynhdangthong,Phát trực tiếp,7653454990203194128,fixed commission,0,0,0,7,291750,20423,,,,,,,,0,0,20/06/2026 19:59:26,,20/06/2026 19:59:27,,,,TTS,Open/Target Collaboration
584623771576140956,1735734318844052700,"[KOL huynhdangthong x LPM] Sữa Tắm/Gel Tắm Pháp Le Petit Marseillais Chiết Xuất Thiên Nhiên 650ml - Sữa Tắm Lưu Hương Lành Tính - Dịu Nhẹ, An Toàn Cho Da","Hoa Tiare, Standard",1735734212754703580,ST68816,291750,531214,VND,1,Thanh toán khi giao hàng,Đã hủy,huynhdangthong,Phát trực tiếp,7653454990203194128,fixed commission,0,0,0,7,291750,20423,,,,,,,,0,0,20/06/2026 19:59:35,,20/06/2026 19:59:37,,,,TTS,Open/Target Collaboration
584623805645686573,1735734318844052700,"[KOL huynhdangthong x LPM] Sữa Tắm/Gel Tắm Pháp Le Petit Marseillais Chiết Xuất Thiên Nhiên 650ml - Sữa Tắm Lưu Hương Lành Tính - Dịu Nhẹ, An Toàn Cho Da","Vani, Standard",1735734212754900188,ST00557,291750,547143,VND,1,Thanh toán khi giao hàng,Đang xử lý,huynhdangthong,Phát trực tiếp,7653454990203194128,fixed commission,,,,7,291750,20423,,,,,,,,0,0,20/06/2026 19:59:47,24/06/2026 11:44:03,20/06/2026 19:59:48,24/06/2026 11:44:03,,27/06/2026 09:07:07,TTS,Open/Target Collaboration
584623805645686573,1735791362076869852,Sữa Tắm Dạng Kem Le Petit Marseillais Bông Và Hoa Anh Túc 250ml  92% Thiên Nhiên Siêu Dịu Nhẹ,Mặc định,1735791937064830172,ST65434,0,11257,VND,1,Thanh toán khi giao hàng,Đang xử lý,iflyad07,Chương trình Lưu lượng truy cập bên ngoài,,fixed commission,,,,,0,,,,,,,,,0,0,20/06/2026 19:59:47,24/06/2026 11:44:03,20/06/2026 19:59:48,24/06/2026 11:44:03,,27/06/2026 09:07:07,TTS,Open/Target Collaboration
584623838286152806,1735734318844052700,"[KOL huynhdangthong x LPM] Sữa Tắm/Gel Tắm Pháp Le Petit Marseillais Chiết Xuất Thiên Nhiên 650ml - Sữa Tắm Lưu Hương Lành Tính - Dịu Nhẹ, An Toàn Cho Da","Hoa Tiare, Standard",1735734212754703580,ST68816,291750,531214,VND,1,Thanh toán khi giao hàng,Đang xử lý,huynhdangthong,Phát trực tiếp,7653454990203194128,fixed commission,,,,7,291750,20423,,,,,,,,0,0,20/06/2026 20:00:04,23/06/2026 15:13:43,20/06/2026 20:00:06,23/06/2026 15:13:43,,26/06/2026 10:50:30,TTS,Open/Target Collaboration
584623807421252839,1735734318844052700,"[KOL huynhdangthong x LPM] Sữa Tắm/Gel Tắm Pháp Le Petit Marseillais Chiết Xuất Thiên Nhiên 650ml - Sữa Tắm Lưu Hương Lành Tính - Dịu Nhẹ, An Toàn Cho Da","Hoa Tiare, Standard",1735734212754703580,ST68816,291650,531214,VND,1,Thanh toán khi giao hàng,Đã hủy,huynhdangthong,Phát trực tiếp,7653454990203194128,fixed commission,0,0,0,7,291650,20416,,,,,,,,0,0,20/06/2026 20:00:08,,20/06/2026 20:00:10,,,,TTS,Open/Target Collaboration
584623774703191711,1735734318844052700,"[KOL huynhdangthong x LPM] Sữa Tắm/Gel Tắm Pháp Le Petit Marseillais Chiết Xuất Thiên Nhiên 650ml - Sữa Tắm Lưu Hương Lành Tính - Dịu Nhẹ, An Toàn Cho Da","Hoa Tiare, Standard",1735734212754703580,ST68816,291750,531214,VND,1,Không áp dụng thanh toán khi giao hàng,Đang xử lý,huynhdangthong,Phát trực tiếp,7653454990203194128,fixed commission,,,,7,291750,20423,,,,,,,,0,0,20/06/2026 20:00:26,20/06/2026 20:00:28,20/06/2026 20:00:30,23/06/2026 10:34:05,,26/06/2026 13:05:25,TTS,Open/Target Collaboration
584623774703191711,1735791362076869852,Sữa Tắm Dạng Kem Le Petit Marseillais Bông Và Hoa Anh Túc 250ml  92% Thiên Nhiên Siêu Dịu Nhẹ,Mặc định,1735791937064830172,ST65434,0,4886,VND,1,Không áp dụng thanh toán khi giao hàng,Đang xử lý,iflyad07,Chương trình Lưu lượng truy cập bên ngoài,,fixed commission,,,,,0,,,,,,,,,0,0,20/06/2026 20:00:26,20/06/2026 20:00:28,20/06/2026 20:00:30,23/06/2026 10:34:05,,26/06/2026 13:05:25,TTS,Open/Target Collaboration
584623743432295965,1733302334060004572,Combo Dầu Gội Xả Thiên Nhiên Chăm Sóc Tóc Le Petit Marseillais Mềm Mượt 300ML,Mật Ong 4554 + Xả 4752,1733302435130082524,3574661574554 + 3574661574752,469900,650800,VND,1,Không áp dụng thanh toán khi giao hàng,Đã hủy,huynhdangthong,Phát trực tiếp,7653454990203194128,fixed commission,,,,8,469900,37592,,,,,,,,0,0,20/06/2026 20:00:26,20/06/2026 20:00:30,20/06/2026 20:00:31,,,,TTS,Open/Target Collaboration
584623792366651357,1735734318844052700,"[KOL huynhdangthong x LPM] Sữa Tắm/Gel Tắm Pháp Le Petit Marseillais Chiết Xuất Thiên Nhiên 650ml - Sữa Tắm Lưu Hương Lành Tính - Dịu Nhẹ, An Toàn Cho Da","Hoa Tiare, Standard",1735734212754703580,ST68816,291750,531214,VND,1,Không áp dụng thanh toán khi giao hàng,Đang xử lý,huynhdangthong,Phát trực tiếp,7653454990203194128,fixed commission,,,,7,291750,20423,,,,,,,,0,0,20/06/2026 20:00:53,20/06/2026 20:01:57,20/06/2026 20:01:58,23/06/2026 09:07:26,,26/06/2026 09:56:38,TTS,Open/Target Collaboration
584623793779541120,1735734318844052700,"[KOL huynhdangthong x LPM] Sữa Tắm/Gel Tắm Pháp Le Petit Marseillais Chiết Xuất Thiên Nhiên 650ml - Sữa Tắm Lưu Hương Lành Tính - Dịu Nhẹ, An Toàn Cho Da","Hoa Tiare, Standard",1735734212754703580,ST68816,291750,547143,VND,1,Thanh toán khi giao hàng,Đang xử lý,huynhdangthong,Phát trực tiếp,7653454990203194128,fixed commission,,,,7,291750,20423,,,,,,,,0,0,20/06/2026 20:01:24,23/06/2026 17:27:35,20/06/2026 20:01:25,23/06/2026 17:27:35,,26/06/2026 08:11:45,TTS,Open/Target Collaboration
584623823546058595,1735734318844052700,"[KOL huynhdangthong x LPM] Sữa Tắm/Gel Tắm Pháp Le Petit Marseillais Chiết Xuất Thiên Nhiên 650ml - Sữa Tắm Lưu Hương Lành Tính - Dịu Nhẹ, An Toàn Cho Da","Hoa Tiare, Standard",1735734212754703580,ST68816,291750,531214,VND,1,Thanh toán khi giao hàng,Đang xử lý,huynhdangthong,Phát trực tiếp,7653454990203194128,fixed commission,,,,7,291750,20423,,,,,,,,0,0,20/06/2026 20:01:29,23/06/2026 18:01:32,20/06/2026 20:01:32,23/06/2026 18:01:32,,26/06/2026 13:25:06,TTS,Open/Target Collaboration
584623745816233791,1735734318844052700,"[KOL huynhdangthong x LPM] Sữa Tắm/Gel Tắm Pháp Le Petit Marseillais Chiết Xuất Thiên Nhiên 650ml - Sữa Tắm Lưu Hương Lành Tính - Dịu Nhẹ, An Toàn Cho Da","Hoa Tiare, Standard",1735734212754703580,ST68816,291750,544500,VND,1,Thanh toán khi giao hàng,Đang xử lý,huynhdangthong,Phát trực tiếp,7653454990203194128,fixed commission,,,,7,291750,20423,,,,,,,,0,0,20/06/2026 20:01:33,23/06/2026 17:27:29,20/06/2026 20:01:34,23/06/2026 17:27:29,,26/06/2026 12:58:25,TTS,Open/Target Collaboration
584623745816233791,1735791362076869852,Sữa Tắm Dạng Kem Le Petit Marseillais Bông Và Hoa Anh Túc 250ml  92% Thiên Nhiên Siêu Dịu Nhẹ,Mặc định,1735791937064830172,ST65434,0,10200,VND,1,Thanh toán khi giao hàng,Đang xử lý,iflytek02,Chương trình Lưu lượng truy cập bên ngoài,,fixed commission,,,,,0,,,,,,,,,0,0,20/06/2026 20:01:33,23/06/2026 17:27:29,20/06/2026 20:01:34,23/06/2026 17:27:29,,26/06/2026 12:58:25,TTS,Open/Target Collaboration
584623809224214467,1735734318844052700,"[KOL huynhdangthong x LPM] Sữa Tắm/Gel Tắm Pháp Le Petit Marseillais Chiết Xuất Thiên Nhiên 650ml - Sữa Tắm Lưu Hương Lành Tính - Dịu Nhẹ, An Toàn Cho Da","Hoa Tiare, Standard",1735734212754703580,ST68816,283650,543286,VND,1,Thanh toán khi giao hàng,Đã hủy,huynhdangthong,Phát trực tiếp,7653454990203194128,fixed commission,0,0,0,7,283650,19856,,,,,,,,0,0,20/06/2026 20:01:34,,20/06/2026 20:01:35,,,,TTS,Open/Target Collaboration
584623810210137272,1735734318844052700,"[KOL huynhdangthong x LPM] Sữa Tắm/Gel Tắm Pháp Le Petit Marseillais Chiết Xuất Thiên Nhiên 650ml - Sữa Tắm Lưu Hương Lành Tính - Dịu Nhẹ, An Toàn Cho Da","Hoa Cam, Standard",1735734212755096796,ST39109,291750,547143,VND,1,Thanh toán khi giao hàng,Đã hủy,huynhdangthong,Phát trực tiếp,7653454990203194128,fixed commission,0,0,0,7,291750,20423,,,,,,,,0,0,20/06/2026 20:01:39,,20/06/2026 20:01:40,,,,TTS,Open/Target Collaboration
584623761838933161,1735734318844052700,"[KOL huynhdangthong x LPM] Sữa Tắm/Gel Tắm Pháp Le Petit Marseillais Chiết Xuất Thiên Nhiên 650ml - Sữa Tắm Lưu Hương Lành Tính - Dịu Nhẹ, An Toàn Cho Da","Hoa Tiare, Standard",1735734212754703580,ST68816,291750,531214,VND,1,Không áp dụng thanh toán khi giao hàng,Đã hủy,huynhdangthong,Phát trực tiếp,7653454990203194128,fixed commission,,,,7,291750,20423,,,,,,,,0,0,20/06/2026 20:01:42,20/06/2026 20:01:46,20/06/2026 20:01:46,,,,TTS,Open/Target Collaboration
584623761838933161,1735791362076869852,Sữa Tắm Dạng Kem Le Petit Marseillais Bông Và Hoa Anh Túc 250ml  92% Thiên Nhiên Siêu Dịu Nhẹ,Mặc định,1735791937064830172,ST65434,0,4886,VND,1,Không áp dụng thanh toán khi giao hàng,Đã hủy,involveasiavn01,Chương trình Lưu lượng truy cập bên ngoài,,fixed commission,,,,,0,,,,,,,,,0,0,20/06/2026 20:01:42,20/06/2026 20:01:46,20/06/2026 20:01:46,,,,TTS,Open/Target Collaboration
584623824658335040,1735734318844052700,"[KOL huynhdangthong x LPM] Sữa Tắm/Gel Tắm Pháp Le Petit Marseillais Chiết Xuất Thiên Nhiên 650ml - Sữa Tắm Lưu Hương Lành Tính - Dịu Nhẹ, An Toàn Cho Da","Hoa Tiare, Standard",1735734212754703580,ST68816,291750,534786,VND,1,Không áp dụng thanh toán khi giao hàng,Đã hủy,huynhdangthong,Phát trực tiếp,7653454990203194128,fixed commission,,,,7,291750,20423,,,,,,,,0,0,20/06/2026 20:02:07,20/06/2026 20:02:13,20/06/2026 20:02:14,,,,TTS,Open/Target Collaboration
584623779135718768,1735791362076869852,Sữa Tắm Dạng Kem Le Petit Marseillais Bông Và Hoa Anh Túc 250ml  92% Thiên Nhiên Siêu Dịu Nhẹ,Mặc định,1735791937064830172,ST65434,0,4886,VND,1,Thanh toán khi giao hàng,Đang xử lý,involveasiavn01,Chương trình Lưu lượng truy cập bên ngoài,,fixed commission,,,,,0,,,,,,,,,0,0,20/06/2026 20:02:08,23/06/2026 14:25:59,20/06/2026 20:02:11,23/06/2026 14:25:59,,26/06/2026 07:29:14,TTS,Open/Target Collaboration
584623779135718768,1735734318844052700,"[KOL huynhdangthong x LPM] Sữa Tắm/Gel Tắm Pháp Le Petit Marseillais Chiết Xuất Thiên Nhiên 650ml - Sữa Tắm Lưu Hương Lành Tính - Dịu Nhẹ, An Toàn Cho Da","Hoa Tiare, Standard",1735734212754703580,ST68816,291750,531214,VND,1,Thanh toán khi giao hàng,Đang xử lý,huynhdangthong,Phát trực tiếp,7653454990203194128,fixed commission,,,,7,291750,20423,,,,,,,,0,0,20/06/2026 20:02:08,23/06/2026 14:25:59,20/06/2026 20:02:11,23/06/2026 14:25:59,,26/06/2026 07:29:14,TTS,Open/Target Collaboration
584623795657344530,1735734318844052700,"[KOL huynhdangthong x LPM] Sữa Tắm/Gel Tắm Pháp Le Petit Marseillais Chiết Xuất Thiên Nhiên 650ml - Sữa Tắm Lưu Hương Lành Tính - Dịu Nhẹ, An Toàn Cho Da","Hoa Cam, Standard",1735734212755096796,ST39109,291750,553214,VND,1,Thanh toán khi giao hàng,Đang xử lý,huynhdangthong,Phát trực tiếp,7653454990203194128,fixed commission,,,,7,291750,20423,,,,,,,,0,0,20/06/2026 20:02:31,24/06/2026 13:55:05,20/06/2026 20:02:32,24/06/2026 13:55:05,,27/06/2026 11:39:06,TTS,Open/Target Collaboration
584623795657344530,1735791362076869852,Sữa Tắm Dạng Kem Le Petit Marseillais Bông Và Hoa Anh Túc 250ml  92% Thiên Nhiên Siêu Dịu Nhẹ,Mặc định,1735791937064830172,ST65434,0,13686,VND,1,Thanh toán khi giao hàng,Đang xử lý,cot0709,Chương trình Lưu lượng truy cập bên ngoài,,fixed commission,,,,,0,,,,,,,,,0,0,20/06/2026 20:02:31,24/06/2026 13:55:05,20/06/2026 20:02:32,24/06/2026 13:55:05,,27/06/2026 11:39:06,TTS,Open/Target Collaboration
584623857957963335,1735734318844052700,"[KOL huynhdangthong x LPM] Sữa Tắm/Gel Tắm Pháp Le Petit Marseillais Chiết Xuất Thiên Nhiên 650ml - Sữa Tắm Lưu Hương Lành Tính - Dịu Nhẹ, An Toàn Cho Da","Hoa Tiare, Standard",1735734212754703580,ST68816,289915,531214,VND,1,Thanh toán khi giao hàng,Đang xử lý,huynhdangthong,Phát trực tiếp,7653454990203194128,fixed commission,,,,7,289915,20294,,,,,,,,0,0,20/06/2026 20:04:33,23/06/2026 10:21:52,20/06/2026 20:04:35,23/06/2026 10:21:52,,26/06/2026 13:11:00,TTS,Open/Target Collaboration
584623860768474584,1735734318844052700,"[KOL huynhdangthong x LPM] Sữa Tắm/Gel Tắm Pháp Le Petit Marseillais Chiết Xuất Thiên Nhiên 650ml - Sữa Tắm Lưu Hương Lành Tính - Dịu Nhẹ, An Toàn Cho Da","Hoa Tiare, Standard",1735734212754703580,ST68816,389000,1315618,VND,3,Thanh toán khi giao hàng,Đang xử lý,huynhdangthong,Phát trực tiếp,7653454990203194128,fixed commission,,,,7,1167000,81690,,,,,,,,0,0,20/06/2026 20:05:18,23/06/2026 11:58:21,20/06/2026 20:05:20,23/06/2026 11:58:21,,26/06/2026 08:24:49,TTS,Open/Target Collaboration
584623861490615768,1735734318844052700,"[KOL huynhdangthong x LPM] Sữa Tắm/Gel Tắm Pháp Le Petit Marseillais Chiết Xuất Thiên Nhiên 650ml - Sữa Tắm Lưu Hương Lành Tính - Dịu Nhẹ, An Toàn Cho Da","Hương Chanh & Bưởi Hồng, Standard",1735734212754638044,ST01868,389000,1315618,VND,3,Thanh toán khi giao hàng,Đang xử lý,huynhdangthong,Phát trực tiếp,7653454990203194128,fixed commission,,,,7,1167000,81690,,,,,,,,0,0,20/06/2026 20:05:48,23/06/2026 11:58:21,20/06/2026 20:05:50,23/06/2026 11:58:21,,26/06/2026 07:47:46,TTS,Open/Target Collaboration
584623893668267652,1735734318844052700,"[KOL huynhdangthong x LPM] Sữa Tắm/Gel Tắm Pháp Le Petit Marseillais Chiết Xuất Thiên Nhiên 650ml - Sữa Tắm Lưu Hương Lành Tính - Dịu Nhẹ, An Toàn Cho Da","Hương Chanh & Bưởi Hồng, Standard",1735734212754638044,ST01868,291750,547143,VND,1,Thanh toán khi giao hàng,Đang xử lý,huynhdangthong,Phát trực tiếp,7653454990203194128,fixed commission,,,,7,291750,20423,,,,,,,,0,0,20/06/2026 20:05:56,23/06/2026 20:55:42,20/06/2026 20:05:57,23/06/2026 20:55:42,,26/06/2026 08:36:07,TTS,Open/Target Collaboration
584623893668267652,1735791362076869852,Sữa Tắm Dạng Kem Le Petit Marseillais Bông Và Hoa Anh Túc 250ml  92% Thiên Nhiên Siêu Dịu Nhẹ,Mặc định,1735791937064830172,ST65434,0,11257,VND,1,Thanh toán khi giao hàng,Đang xử lý,involveasiavn01,Chương trình Lưu lượng truy cập bên ngoài,,fixed commission,,,,,0,,,,,,,,,0,0,20/06/2026 20:05:56,23/06/2026 20:55:42,20/06/2026 20:05:57,23/06/2026 20:55:42,,26/06/2026 08:36:07,TTS,Open/Target Collaboration
584623894791619892,1735734318844052700,"[KOL huynhdangthong x LPM] Sữa Tắm/Gel Tắm Pháp Le Petit Marseillais Chiết Xuất Thiên Nhiên 650ml - Sữa Tắm Lưu Hương Lành Tính - Dịu Nhẹ, An Toàn Cho Da","Hoa Tiare, Standard",1735734212754703580,ST68816,291750,534786,VND,1,Thanh toán khi giao hàng,Đang xử lý,huynhdangthong,Phát trực tiếp,7653454990203194128,fixed commission,,,,7,291750,20423,,,,,,,,0,0,20/06/2026 20:07:11,23/06/2026 21:28:03,20/06/2026 20:07:12,23/06/2026 21:28:03,,26/06/2026 08:35:54,TTS,Open/Target Collaboration
584623928014505891,1735734318844052700,"[KOL huynhdangthong x LPM] Sữa Tắm/Gel Tắm Pháp Le Petit Marseillais Chiết Xuất Thiên Nhiên 650ml - Sữa Tắm Lưu Hương Lành Tính - Dịu Nhẹ, An Toàn Cho Da","Hoa Tiare, Standard",1735734212754703580,ST68816,291750,534786,VND,1,Không áp dụng thanh toán khi giao hàng,Đã hủy,huynhdangthong,Phát trực tiếp,7653454990203194128,fixed commission,,,,7,291750,20423,,,,,,,,0,0,20/06/2026 20:07:33,20/06/2026 20:07:38,20/06/2026 20:07:40,,,,TTS,Open/Target Collaboration
584623851714479406,1735734318844052700,"[KOL huynhdangthong x LPM] Sữa Tắm/Gel Tắm Pháp Le Petit Marseillais Chiết Xuất Thiên Nhiên 650ml - Sữa Tắm Lưu Hương Lành Tính - Dịu Nhẹ, An Toàn Cho Da","Hoa Tiare, Standard",1735734212754703580,ST68816,291750,550214,VND,1,Không áp dụng thanh toán khi giao hàng,Đã hủy,huynhdangthong,Phát trực tiếp,7653454990203194128,fixed commission,,,,7,291750,20423,,,,,,,,0,0,20/06/2026 20:07:38,20/06/2026 20:07:42,20/06/2026 20:07:42,,,,TTS,Open/Target Collaboration
584623900119762148,1735734318844052700,"[KOL huynhdangthong x LPM] Sữa Tắm/Gel Tắm Pháp Le Petit Marseillais Chiết Xuất Thiên Nhiên 650ml - Sữa Tắm Lưu Hương Lành Tính - Dịu Nhẹ, An Toàn Cho Da","Hoa Tiare, Standard",1735734212754703580,ST68816,291750,543286,VND,1,Thanh toán khi giao hàng,Đang xử lý,huynhdangthong,Phát trực tiếp,7653454990203194128,fixed commission,,,,7,291750,20423,,,,,,,,0,0,20/06/2026 20:08:27,23/06/2026 19:15:51,20/06/2026 20:08:28,23/06/2026 19:15:51,,26/06/2026 08:54:23,TTS,Open/Target Collaboration
584624010379822269,1735734318844052700,"[KOL huynhdangthong x LPM] Sữa Tắm/Gel Tắm Pháp Le Petit Marseillais Chiết Xuất Thiên Nhiên 650ml - Sữa Tắm Lưu Hương Lành Tính - Dịu Nhẹ, An Toàn Cho Da","Hoa Tiare, Standard",1735734212754703580,ST68816,291650,531214,VND,1,Không áp dụng thanh toán khi giao hàng,Đang xử lý,huynhdangthong,Phát trực tiếp,7653454990203194128,fixed commission,,,,7,291650,20416,,,,,,,,0,0,20/06/2026 20:08:32,20/06/2026 20:08:38,20/06/2026 20:08:38,23/06/2026 12:31:16,,26/06/2026 09:40:52,TTS,Open/Target Collaboration
584623917318636728,1735734318844052700,"[KOL huynhdangthong x LPM] Sữa Tắm/Gel Tắm Pháp Le Petit Marseillais Chiết Xuất Thiên Nhiên 650ml - Sữa Tắm Lưu Hương Lành Tính - Dịu Nhẹ, An Toàn Cho Da","Hoa Tiare, Standard",1735734212754703580,ST68816,291750,547143,VND,1,Thanh toán khi giao hàng,Đang xử lý,huynhdangthong,Phát trực tiếp,7653454990203194128,fixed commission,,,,7,291750,20423,,,,,,,,0,0,20/06/2026 20:08:34,23/06/2026 17:51:26,20/06/2026 20:08:35,23/06/2026 17:51:26,,26/06/2026 07:08:35,TTS,Open/Target Collaboration
584623930833274400,1735734318844052700,"[KOL huynhdangthong x LPM] Sữa Tắm/Gel Tắm Pháp Le Petit Marseillais Chiết Xuất Thiên Nhiên 650ml - Sữa Tắm Lưu Hương Lành Tính - Dịu Nhẹ, An Toàn Cho Da","Hoa Tiare, Standard",1735734212754703580,ST68816,291750,553714,VND,1,Thanh toán khi giao hàng,Đang xử lý,huynhdangthong,Phát trực tiếp,7653454990203194128,fixed commission,,,,7,291750,20423,,,,,,,,0,0,20/06/2026 20:08:36,24/06/2026 13:16:26,20/06/2026 20:08:38,24/06/2026 13:16:26,,27/06/2026 08:05:20,TTS,Open/Target Collaboration
584623869664789736,1735734318844052700,"[KOL huynhdangthong x LPM] Sữa Tắm/Gel Tắm Pháp Le Petit Marseillais Chiết Xuất Thiên Nhiên 650ml - Sữa Tắm Lưu Hương Lành Tính - Dịu Nhẹ, An Toàn Cho Da","Dừa, Standard",1735734212754965724,ST06999,291750,547143,VND,1,Thanh toán khi giao hàng,Đang xử lý,huynhdangthong,Phát trực tiếp,7653454990203194128,fixed commission,,,,7,291750,20423,,,,,,,,0,0,20/06/2026 20:08:37,23/06/2026 20:00:00,20/06/2026 20:08:39,23/06/2026 20:00:00,,26/06/2026 07:54:52,TTS,Open/Target Collaboration
584623930024494604,1735734318844052700,"[KOL huynhdangthong x LPM] Sữa Tắm/Gel Tắm Pháp Le Petit Marseillais Chiết Xuất Thiên Nhiên 650ml - Sữa Tắm Lưu Hương Lành Tính - Dịu Nhẹ, An Toàn Cho Da","Hoa Tiare, Standard",1735734212754703580,ST68816,291750,553714,VND,1,Thanh toán khi giao hàng,Đang xử lý,huynhdangthong,Phát trực tiếp,7653454990203194128,fixed commission,,,,7,291750,20423,,,,,,,,0,0,20/06/2026 20:08:40,23/06/2026 18:33:56,20/06/2026 20:08:41,23/06/2026 18:33:56,,26/06/2026 07:10:31,TTS,Open/Target Collaboration
584623883003397696,1735734318844052700,"[KOL huynhdangthong x LPM] Sữa Tắm/Gel Tắm Pháp Le Petit Marseillais Chiết Xuất Thiên Nhiên 650ml - Sữa Tắm Lưu Hương Lành Tính - Dịu Nhẹ, An Toàn Cho Da","Hoa Tiare, Standard",1735734212754703580,ST68816,291750,531214,VND,1,Thanh toán khi giao hàng,Đã hủy,huynhdangthong,Phát trực tiếp,7653454990203194128,fixed commission,0,0,0,7,291750,20423,,,,,,,,0,0,20/06/2026 20:08:41,,20/06/2026 20:08:44,,,,TTS,Open/Target Collaboration
584624026765133703,1735734318844052700,"[KOL huynhdangthong x LPM] Sữa Tắm/Gel Tắm Pháp Le Petit Marseillais Chiết Xuất Thiên Nhiên 650ml - Sữa Tắm Lưu Hương Lành Tính - Dịu Nhẹ, An Toàn Cho Da","Hoa Tiare, Standard",1735734212754703580,ST68816,291750,531214,VND,1,Thanh toán khi giao hàng,Đang xử lý,huynhdangthong,Phát trực tiếp,7653454990203194128,fixed commission,,,,7,291750,20423,,,,,,,,0,0,20/06/2026 20:08:42,23/06/2026 12:49:12,20/06/2026 20:08:44,23/06/2026 12:49:12,,26/06/2026 13:25:15,TTS,Open/Target Collaboration
584623852318132197,1735734318844052700,"[KOL huynhdangthong x LPM] Sữa Tắm/Gel Tắm Pháp Le Petit Marseillais Chiết Xuất Thiên Nhiên 650ml - Sữa Tắm Lưu Hương Lành Tính - Dịu Nhẹ, An Toàn Cho Da","Sữa Thực Vật, Standard",1735734212755162332,ST00991,291750,543286,VND,1,Thanh toán khi giao hàng,Đang xử lý,huynhdangthong,Phát trực tiếp,7653454990203194128,fixed commission,,,,7,291750,20423,,,,,,,,0,0,20/06/2026 20:08:42,23/06/2026 20:56:33,20/06/2026 20:08:45,23/06/2026 20:56:33,,26/06/2026 09:45:46,TTS,Open/Target Collaboration
584623852318132197,1735791362076869852,Sữa Tắm Dạng Kem Le Petit Marseillais Bông Và Hoa Anh Túc 250ml  92% Thiên Nhiên Siêu Dịu Nhẹ,Mặc định,1735791937064830172,ST65434,0,9714,VND,1,Thanh toán khi giao hàng,Đang xử lý,involveasiavn01,Chương trình Lưu lượng truy cập bên ngoài,,fixed commission,,,,,0,,,,,,,,,0,0,20/06/2026 20:08:42,23/06/2026 20:56:33,20/06/2026 20:08:45,23/06/2026 20:56:33,,26/06/2026 09:45:46,TTS,Open/Target Collaboration
584623929969510234,1735734318844052700,"[KOL huynhdangthong x LPM] Sữa Tắm/Gel Tắm Pháp Le Petit Marseillais Chiết Xuất Thiên Nhiên 650ml - Sữa Tắm Lưu Hương Lành Tính - Dịu Nhẹ, An Toàn Cho Da","Hoa Tiare, Standard",1735734212754703580,ST68816,286750,531214,VND,1,Thanh toán khi giao hàng,Đã hủy,huynhdangthong,Phát trực tiếp,7653454990203194128,fixed commission,0,0,0,7,286750,20073,,,,,,,,0,0,20/06/2026 20:08:45,,20/06/2026 20:09:31,,,,TTS,Open/Target Collaboration
584623884937627229,1735734318844052700,"[KOL huynhdangthong x LPM] Sữa Tắm/Gel Tắm Pháp Le Petit Marseillais Chiết Xuất Thiên Nhiên 650ml - Sữa Tắm Lưu Hương Lành Tính - Dịu Nhẹ, An Toàn Cho Da","Vani, Standard",1735734212754900188,ST00557,291750,558571,VND,1,Thanh toán khi giao hàng,Đã hủy,huynhdangthong,Phát trực tiếp,7653454990203194128,fixed commission,0,0,0,7,291750,20423,,,,,,,,0,0,20/06/2026 20:08:46,,20/06/2026 20:08:47,,,,TTS,Open/Target Collaboration
584623900682913600,1735734318844052700,"[KOL huynhdangthong x LPM] Sữa Tắm/Gel Tắm Pháp Le Petit Marseillais Chiết Xuất Thiên Nhiên 650ml - Sữa Tắm Lưu Hương Lành Tính - Dịu Nhẹ, An Toàn Cho Da","Đào Trắng & Quả Xuân Đào, Standard",1735734212754834652,ST01288,291750,547143,VND,1,Thanh toán khi giao hàng,Đang xử lý,huynhdangthong,Phát trực tiếp,7653454990203194128,fixed commission,,,,7,291750,20423,,,,,,,,0,0,20/06/2026 20:08:46,23/06/2026 09:42:55,20/06/2026 20:08:48,23/06/2026 09:42:55,,26/06/2026 08:01:52,TTS,Open/Target Collaboration
584623932279260199,1735734318844052700,"[KOL huynhdangthong x LPM] Sữa Tắm/Gel Tắm Pháp Le Petit Marseillais Chiết Xuất Thiên Nhiên 650ml - Sữa Tắm Lưu Hương Lành Tính - Dịu Nhẹ, An Toàn Cho Da","Thông & Bạch Đàn Biển, Standard",1735734212754506972,ST01902,326760,531143,VND,1,Thanh toán khi giao hàng,Đã hủy,huynhdangthong,Phát trực tiếp,7653454990203194128,fixed commission,0,0,0,,326760,,,,2,6535,,,,0,0,20/06/2026 20:08:55,,20/06/2026 20:08:56,,,,TTS,Open/Target Collaboration
584624027027867227,1735734318844052700,"[KOL huynhdangthong x LPM] Sữa Tắm/Gel Tắm Pháp Le Petit Marseillais Chiết Xuất Thiên Nhiên 650ml - Sữa Tắm Lưu Hương Lành Tính - Dịu Nhẹ, An Toàn Cho Da","Vani, Standard",1735734212754900188,ST00557,291750,531214,VND,1,Thanh toán khi giao hàng,Đang xử lý,huynhdangthong,Phát trực tiếp,7653454990203194128,fixed commission,,,,7,291750,20423,,,,,,,,0,0,20/06/2026 20:08:59,23/06/2026 12:52:06,20/06/2026 20:09:01,23/06/2026 12:52:06,,26/06/2026 12:53:27,TTS,Open/Target Collaboration
584623854360888949,1735734318844052700,"[KOL huynhdangthong x LPM] Sữa Tắm/Gel Tắm Pháp Le Petit Marseillais Chiết Xuất Thiên Nhiên 650ml - Sữa Tắm Lưu Hương Lành Tính - Dịu Nhẹ, An Toàn Cho Da","Hoa Tiare, Standard",1735734212754703580,ST68816,291750,547143,VND,1,Thanh toán khi giao hàng,Đang xử lý,huynhdangthong,Phát trực tiếp,7653454990203194128,fixed commission,,,,7,291750,20423,,,,,,,,0,0,20/06/2026 20:09:02,23/06/2026 20:17:40,20/06/2026 20:09:04,23/06/2026 20:17:40,,26/06/2026 09:14:03,TTS,Open/Target Collaboration
584624010805872405,1735734318844052700,"[KOL huynhdangthong x LPM] Sữa Tắm/Gel Tắm Pháp Le Petit Marseillais Chiết Xuất Thiên Nhiên 650ml - Sữa Tắm Lưu Hương Lành Tính - Dịu Nhẹ, An Toàn Cho Da","Hương Chanh & Bưởi Hồng, Standard",1735734212754638044,ST01868,291750,534786,VND,1,Không áp dụng thanh toán khi giao hàng,Đang xử lý,huynhdangthong,Phát trực tiếp,7653454990203194128,fixed commission,,,,7,291750,20423,,,,,,,,0,0,20/06/2026 20:09:05,20/06/2026 20:09:10,20/06/2026 20:09:11,23/06/2026 09:43:45,,26/06/2026 09:55:13,TTS,Open/Target Collaboration
584623918459946148,1735734318844052700,"[KOL huynhdangthong x LPM] Sữa Tắm/Gel Tắm Pháp Le Petit Marseillais Chiết Xuất Thiên Nhiên 650ml - Sữa Tắm Lưu Hương Lành Tính - Dịu Nhẹ, An Toàn Cho Da","Hoa Tiare, Standard",1735734212754703580,ST68816,291750,553714,VND,1,Thanh toán khi giao hàng,Đang xử lý,huynhdangthong,Phát trực tiếp,7653454990203194128,fixed commission,,,,7,291750,20423,,,,,,,,0,0,20/06/2026 20:09:07,23/06/2026 19:29:56,20/06/2026 20:09:09,23/06/2026 19:29:56,,26/06/2026 08:09:58,TTS,Open/Target Collaboration
584623901897360553,1735734318844052700,"[KOL huynhdangthong x LPM] Sữa Tắm/Gel Tắm Pháp Le Petit Marseillais Chiết Xuất Thiên Nhiên 650ml - Sữa Tắm Lưu Hương Lành Tính - Dịu Nhẹ, An Toàn Cho Da","Hương Chanh & Bưởi Hồng, Standard",1735734212754638044,ST01868,291750,531214,VND,1,Không áp dụng thanh toán khi giao hàng,Đang xử lý,huynhdangthong,Phát trực tiếp,7653454990203194128,fixed commission,,,,7,291750,20423,,,,,,,,0,0,20/06/2026 20:09:12,20/06/2026 20:09:48,20/06/2026 20:09:49,24/06/2026 09:08:03,,27/06/2026 08:55:31,TTS,Open/Target Collaboration
584623870401414357,1735734318844052700,"[KOL huynhdangthong x LPM] Sữa Tắm/Gel Tắm Pháp Le Petit Marseillais Chiết Xuất Thiên Nhiên 650ml - Sữa Tắm Lưu Hương Lành Tính - Dịu Nhẹ, An Toàn Cho Da","Hoa Tiare, Standard",1735734212754703580,ST68816,291750,531214,VND,1,Thanh toán khi giao hàng,Đang xử lý,huynhdangthong,Phát trực tiếp,7653454990203194128,fixed commission,,,,7,291750,20423,,,,,,,,0,0,20/06/2026 20:09:12,23/06/2026 19:17:13,20/06/2026 20:09:14,23/06/2026 19:17:13,,26/06/2026 09:31:36,TTS,Open/Target Collaboration
584623932404696286,1735734318844052700,"[KOL huynhdangthong x LPM] Sữa Tắm/Gel Tắm Pháp Le Petit Marseillais Chiết Xuất Thiên Nhiên 650ml - Sữa Tắm Lưu Hương Lành Tính - Dịu Nhẹ, An Toàn Cho Da","Thông & Bạch Đàn Biển, Standard",1735734212754506972,ST01902,389000,531214,VND,1,Thanh toán khi giao hàng,Đang xử lý,huynhdangthong,Phát trực tiếp,7653454990203194128,fixed commission,,,,7,389000,27230,,,,,,,,0,0,20/06/2026 20:09:17,23/06/2026 19:15:32,20/06/2026 20:09:18,23/06/2026 19:15:32,,26/06/2026 10:43:09,TTS,Open/Target Collaboration
584623919356544963,1735734318844052700,"[KOL huynhdangthong x LPM] Sữa Tắm/Gel Tắm Pháp Le Petit Marseillais Chiết Xuất Thiên Nhiên 650ml - Sữa Tắm Lưu Hương Lành Tính - Dịu Nhẹ, An Toàn Cho Da","Hoa Tiare, Standard",1735734212754703580,ST68816,283650,543286,VND,1,Thanh toán khi giao hàng,Đã hủy,huynhdangthong,Phát trực tiếp,7653454990203194128,fixed commission,0,0,0,7,283650,19856,,,,,,,,0,0,20/06/2026 20:09:19,,20/06/2026 20:09:20,,,,TTS,Open/Target Collaboration
584623900095383015,1735734318844052700,"[KOL huynhdangthong x LPM] Sữa Tắm/Gel Tắm Pháp Le Petit Marseillais Chiết Xuất Thiên Nhiên 650ml - Sữa Tắm Lưu Hương Lành Tính - Dịu Nhẹ, An Toàn Cho Da","Thông & Bạch Đàn Biển, Standard",1735734212754506972,ST01902,291750,558571,VND,1,Thanh toán khi giao hàng,Đã hủy,huynhdangthong,Phát trực tiếp,7653454990203194128,fixed commission,0,0,0,7,291750,20423,,,,,,,,0,0,20/06/2026 20:09:23,,20/06/2026 20:09:25,,,,TTS,Open/Target Collaboration
584623902652400828,1735734318844052700,"[KOL huynhdangthong x LPM] Sữa Tắm/Gel Tắm Pháp Le Petit Marseillais Chiết Xuất Thiên Nhiên 650ml - Sữa Tắm Lưu Hương Lành Tính - Dịu Nhẹ, An Toàn Cho Da","Hương Xoài & Chanh Dây, Standard",1735734212754769116,ST68823,291750,531214,VND,1,Thanh toán khi giao hàng,Đã hủy,huynhdangthong,Phát trực tiếp,7653454990203194128,fixed commission,0,0,0,7,291750,20423,,,,,,,,0,0,20/06/2026 20:09:29,,20/06/2026 20:09:30,,,,TTS,Open/Target Collaboration
584623871185224918,1735791362076869852,Sữa Tắm Dạng Kem Le Petit Marseillais Bông Và Hoa Anh Túc 250ml  92% Thiên Nhiên Siêu Dịu Nhẹ,Mặc định,1735791937064830172,ST65434,0,9714,VND,1,Thanh toán khi giao hàng,Đang xử lý,iflytek02,Chương trình Lưu lượng truy cập bên ngoài,,fixed commission,,,,,0,,,,,,,,,0,0,20/06/2026 20:09:29,23/06/2026 13:19:38,20/06/2026 20:09:33,23/06/2026 13:19:38,,26/06/2026 10:31:27,TTS,Open/Target Collaboration
584623871185224918,1735734318844052700,"[KOL huynhdangthong x LPM] Sữa Tắm/Gel Tắm Pháp Le Petit Marseillais Chiết Xuất Thiên Nhiên 650ml - Sữa Tắm Lưu Hương Lành Tính - Dịu Nhẹ, An Toàn Cho Da","Hoa Tiare, Standard",1735734212754703580,ST68816,291750,543286,VND,1,Thanh toán khi giao hàng,Đang xử lý,huynhdangthong,Phát trực tiếp,7653454990203194128,fixed commission,,,,7,291750,20423,,,,,,,,0,0,20/06/2026 20:09:29,23/06/2026 13:19:38,20/06/2026 20:09:33,23/06/2026 13:19:38,,26/06/2026 10:31:27,TTS,Open/Target Collaboration
584624028196701602,1735734318844052700,"[KOL huynhdangthong x LPM] Sữa Tắm/Gel Tắm Pháp Le Petit Marseillais Chiết Xuất Thiên Nhiên 650ml - Sữa Tắm Lưu Hương Lành Tính - Dịu Nhẹ, An Toàn Cho Da","Hoa Cam, Standard",1735734212755096796,ST39109,291750,531214,VND,1,Thanh toán khi giao hàng,Đang xử lý,huynhdangthong,Phát trực tiếp,7653454990203194128,fixed commission,,,,7,291750,20423,,,,,,,,0,0,20/06/2026 20:09:33,23/06/2026 14:17:29,20/06/2026 20:09:37,23/06/2026 14:17:29,,26/06/2026 11:23:27,TTS,Open/Target Collaboration
584623871173953520,1732251815880067292,"Sữa Tắm Pháp Le Petit Marseillais Cho Nam Chiết Xuất Thiên Nhiên 4in1 Nhiều Mùi Hương Dưỡng Ẩm, Thơm Lâu - Phù Hợp Mọi Loại Da (250ml)","Hương Thông & Bạch Đàn Biển, Standard",1732251749141154012,ST01356,153750,275792,VND,1,Không áp dụng thanh toán khi giao hàng,Đang xử lý,huynhdangthong,Phát trực tiếp,7653454990203194128,fixed commission,,,,7,153750,10763,,,,,,,,0,0,20/06/2026 20:09:42,20/06/2026 20:09:46,20/06/2026 20:09:47,23/06/2026 10:53:15,,26/06/2026 07:51:57,TTS,Open/Target Collaboration
584623871173953520,1735734318844052700,"[KOL huynhdangthong x LPM] Sữa Tắm/Gel Tắm Pháp Le Petit Marseillais Chiết Xuất Thiên Nhiên 650ml - Sữa Tắm Lưu Hương Lành Tính - Dịu Nhẹ, An Toàn Cho Da","Đào Trắng & Quả Xuân Đào, Standard",1735734212754834652,ST01288,291750,526583,VND,1,Không áp dụng thanh toán khi giao hàng,Đang xử lý,huynhdangthong,Phát trực tiếp,7653454990203194128,fixed commission,,,,7,291750,20423,,,,,,,,0,0,20/06/2026 20:09:42,20/06/2026 20:09:46,20/06/2026 20:09:47,23/06/2026 10:53:15,,26/06/2026 07:51:57,TTS,Open/Target Collaboration
584623870248126358,1735734318844052700,"[KOL huynhdangthong x LPM] Sữa Tắm/Gel Tắm Pháp Le Petit Marseillais Chiết Xuất Thiên Nhiên 650ml - Sữa Tắm Lưu Hương Lành Tính - Dịu Nhẹ, An Toàn Cho Da","Dừa, Standard",1735734212754965724,ST06999,291750,543286,VND,1,Thanh toán khi giao hàng,Đang xử lý,huynhdangthong,Phát trực tiếp,7653454990203194128,fixed commission,,,,7,291750,20423,,,,,,,,0,0,20/06/2026 20:09:43,23/06/2026 20:16:46,20/06/2026 20:09:45,23/06/2026 20:16:46,,26/06/2026 10:15:24,TTS,Open/Target Collaboration
584623869308536110,1735734318844052700,"[KOL huynhdangthong x LPM] Sữa Tắm/Gel Tắm Pháp Le Petit Marseillais Chiết Xuất Thiên Nhiên 650ml - Sữa Tắm Lưu Hương Lành Tính - Dịu Nhẹ, An Toàn Cho Da","Hoa Tiare, Standard",1735734212754703580,ST68816,291750,550214,VND,1,Không áp dụng thanh toán khi giao hàng,Đang xử lý,huynhdangthong,Phát trực tiếp,7653454990203194128,fixed commission,,,,7,291750,20423,,,,,,,,0,0,20/06/2026 20:09:44,20/06/2026 20:09:48,20/06/2026 20:09:51,23/06/2026 16:06:47,,26/06/2026 10:54:24,TTS,Open/Target Collaboration
584623919309293558,1735734318844052700,"[KOL huynhdangthong x LPM] Sữa Tắm/Gel Tắm Pháp Le Petit Marseillais Chiết Xuất Thiên Nhiên 650ml - Sữa Tắm Lưu Hương Lành Tính - Dịu Nhẹ, An Toàn Cho Da","Hoa Tiare, Standard",1735734212754703580,ST68816,291750,543286,VND,1,Không áp dụng thanh toán khi giao hàng,Đã hoàn thành,huynhdangthong,Phát trực tiếp,7653454990203194128,fixed commission,,,,7,291750,20423,0,,,,,,,1,0,20/06/2026 20:09:48,20/06/2026 20:10:16,20/06/2026 20:10:17,23/06/2026 15:23:59,29/06/2026 09:05:03,,TTS,Open/Target Collaboration
584623934486054600,1735734318844052700,"[KOL huynhdangthong x LPM] Sữa Tắm/Gel Tắm Pháp Le Petit Marseillais Chiết Xuất Thiên Nhiên 650ml - Sữa Tắm Lưu Hương Lành Tính - Dịu Nhẹ, An Toàn Cho Da","Hoa Tiare, Standard",1735734212754703580,ST68816,389000,547143,VND,1,Thanh toán khi giao hàng,Đã hủy,huynhdangthong,Phát trực tiếp,7653454990203194128,fixed commission,0,0,0,7,389000,27230,,,,,,,,0,0,20/06/2026 20:09:49,,20/06/2026 20:09:50,,,,TTS,Open/Target Collaboration
584623918773404903,1735734318844052700,"[KOL huynhdangthong x LPM] Sữa Tắm/Gel Tắm Pháp Le Petit Marseillais Chiết Xuất Thiên Nhiên 650ml - Sữa Tắm Lưu Hương Lành Tính - Dịu Nhẹ, An Toàn Cho Da","Hoa Tiare, Standard",1735734212754703580,ST68816,291650,531214,VND,1,Thanh toán khi giao hàng,Đang xử lý,huynhdangthong,Phát trực tiếp,7653454990203194128,fixed commission,,,,7,291650,20416,,,,,,,,0,0,20/06/2026 20:09:50,23/06/2026 10:47:16,20/06/2026 20:09:51,23/06/2026 10:47:16,,26/06/2026 13:17:44,TTS,Open/Target Collaboration
584623869963895847,1735734318844052700,"[KOL huynhdangthong x LPM] Sữa Tắm/Gel Tắm Pháp Le Petit Marseillais Chiết Xuất Thiên Nhiên 650ml - Sữa Tắm Lưu Hương Lành Tính - Dịu Nhẹ, An Toàn Cho Da","Thông & Bạch Đàn Biển, Standard",1735734212754506972,ST01902,291750,531143,VND,1,Thanh toán khi giao hàng,Đang xử lý,huynhdangthong,Phát trực tiếp,7653454990203194128,fixed commission,,,,,291750,,,,2,5835,,,,0,0,20/06/2026 20:09:51,23/06/2026 17:06:07,20/06/2026 20:09:52,23/06/2026 17:06:07,,26/06/2026 13:26:43,TTS,Open/Target Collaboration
584623856554772182,1735734318844052700,"[KOL huynhdangthong x LPM] Sữa Tắm/Gel Tắm Pháp Le Petit Marseillais Chiết Xuất Thiên Nhiên 650ml - Sữa Tắm Lưu Hương Lành Tính - Dịu Nhẹ, An Toàn Cho Da","Hoa Tiare, Standard",1735734212754703580,ST68816,291750,531214,VND,1,Thanh toán khi giao hàng,Đang xử lý,huynhdangthong,Phát trực tiếp,7653454990203194128,fixed commission,,,,7,291750,20423,,,,,,,,0,0,20/06/2026 20:09:53,23/06/2026 13:07:02,20/06/2026 20:09:55,23/06/2026 13:07:02,,26/06/2026 11:21:49,TTS,Open/Target Collaboration
584623871443305641,1735734318844052700,"[KOL huynhdangthong x LPM] Sữa Tắm/Gel Tắm Pháp Le Petit Marseillais Chiết Xuất Thiên Nhiên 650ml - Sữa Tắm Lưu Hương Lành Tính - Dịu Nhẹ, An Toàn Cho Da","Hoa Tiare, Standard",1735734212754703580,ST68816,291750,531214,VND,1,Không áp dụng thanh toán khi giao hàng,Đang xử lý,huynhdangthong,Phát trực tiếp,7653454990203194128,fixed commission,,,,7,291750,20423,,,,,,,,0,0,20/06/2026 20:10:00,20/06/2026 20:10:05,20/06/2026 20:10:06,23/06/2026 09:57:52,,26/06/2026 09:22:52,TTS,Open/Target Collaboration
584623871443305641,1735791362076869852,Sữa Tắm Dạng Kem Le Petit Marseillais Bông Và Hoa Anh Túc 250ml  92% Thiên Nhiên Siêu Dịu Nhẹ,Mặc định,1735791937064830172,ST65434,0,4886,VND,1,Không áp dụng thanh toán khi giao hàng,Đang xử lý,involveasiavn01,Chương trình Lưu lượng truy cập bên ngoài,,fixed commission,,,,,0,,,,,,,,,0,0,20/06/2026 20:10:00,20/06/2026 20:10:05,20/06/2026 20:10:06,23/06/2026 09:57:52,,26/06/2026 09:22:52,TTS,Open/Target Collaboration
584623888773580381,1735734318844052700,"[KOL huynhdangthong x LPM] Sữa Tắm/Gel Tắm Pháp Le Petit Marseillais Chiết Xuất Thiên Nhiên 650ml - Sữa Tắm Lưu Hương Lành Tính - Dịu Nhẹ, An Toàn Cho Da","Vani, Standard",1735734212754900188,ST00557,291750,558571,VND,1,Thanh toán khi giao hàng,Đang xử lý,huynhdangthong,Phát trực tiếp,7653454990203194128,fixed commission,,,,7,291750,20423,,,,,,,,0,0,20/06/2026 20:10:09,23/06/2026 12:07:22,20/06/2026 20:10:10,23/06/2026 12:07:22,,26/06/2026 09:33:36,TTS,Open/Target Collaboration
584624028344157451,1735734318844052700,"[KOL huynhdangthong x LPM] Sữa Tắm/Gel Tắm Pháp Le Petit Marseillais Chiết Xuất Thiên Nhiên 650ml - Sữa Tắm Lưu Hương Lành Tính - Dịu Nhẹ, An Toàn Cho Da","Hoa Tiare, Standard",1735734212754703580,ST68816,291750,547143,VND,1,Không áp dụng thanh toán khi giao hàng,Đang xử lý,huynhdangthong,Phát trực tiếp,7653454990203194128,fixed commission,,,,7,291750,20423,,,,,,,,0,0,20/06/2026 20:10:17,20/06/2026 20:10:22,20/06/2026 20:10:23,23/06/2026 14:50:46,,26/06/2026 13:08:49,TTS,Open/Target Collaboration
584623874096990115,1735734318844052700,"[KOL huynhdangthong x LPM] Sữa Tắm/Gel Tắm Pháp Le Petit Marseillais Chiết Xuất Thiên Nhiên 650ml - Sữa Tắm Lưu Hương Lành Tính - Dịu Nhẹ, An Toàn Cho Da","Sữa Thực Vật, Standard",1735734212755162332,ST00991,291750,534786,VND,1,Không áp dụng thanh toán khi giao hàng,Đang xử lý,huynhdangthong,Phát trực tiếp,7653454990203194128,fixed commission,,,,7,291750,20423,,,,,,,,0,0,20/06/2026 20:10:17,20/06/2026 20:10:19,20/06/2026 20:10:20,23/06/2026 11:44:14,,26/06/2026 11:36:13,TTS,Open/Target Collaboration
584623936197658177,1735734318844052700,"[KOL huynhdangthong x LPM] Sữa Tắm/Gel Tắm Pháp Le Petit Marseillais Chiết Xuất Thiên Nhiên 650ml - Sữa Tắm Lưu Hương Lành Tính - Dịu Nhẹ, An Toàn Cho Da","Hoa Tiare, Standard",1735734212754703580,ST68816,299530,531214,VND,1,Không áp dụng thanh toán khi giao hàng,Đang xử lý,huynhdangthong,Phát trực tiếp,7653454990203194128,fixed commission,,,,7,299530,20967,,,,,,,,0,0,20/06/2026 20:10:38,20/06/2026 20:10:43,20/06/2026 20:10:44,23/06/2026 18:35:42,,26/06/2026 09:05:05,TTS,Open/Target Collaboration
584623962004948469,1735734318844052700,"[KOL huynhdangthong x LPM] Sữa Tắm/Gel Tắm Pháp Le Petit Marseillais Chiết Xuất Thiên Nhiên 650ml - Sữa Tắm Lưu Hương Lành Tính - Dịu Nhẹ, An Toàn Cho Da","Thông & Bạch Đàn Biển, Standard",1735734212754506972,ST01902,291750,534786,VND,1,Thanh toán khi giao hàng,Đã hủy,huynhdangthong,Phát trực tiếp,7653454990203194128,fixed commission,0,0,0,,291750,,,,2,5835,,,,0,0,20/06/2026 20:11:11,,20/06/2026 20:11:12,,,,TTS,Open/Target Collaboration
584623980170545008,1735734318844052700,"[KOL huynhdangthong x LPM] Sữa Tắm/Gel Tắm Pháp Le Petit Marseillais Chiết Xuất Thiên Nhiên 650ml - Sữa Tắm Lưu Hương Lành Tính - Dịu Nhẹ, An Toàn Cho Da","Thông & Bạch Đàn Biển, Standard",1735734212754506972,ST01902,291750,531214,VND,1,Thanh toán khi giao hàng,Đang xử lý,huynhdangthong,Phát trực tiếp,7653454990203194128,fixed commission,,,,7,291750,20423,,,,,,,,0,0,20/06/2026 20:11:35,23/06/2026 11:11:18,20/06/2026 20:11:36,23/06/2026 11:11:18,,26/06/2026 08:03:40,TTS,Open/Target Collaboration
584623904860112359,1735734318844052700,"[KOL huynhdangthong x LPM] Sữa Tắm/Gel Tắm Pháp Le Petit Marseillais Chiết Xuất Thiên Nhiên 650ml - Sữa Tắm Lưu Hương Lành Tính - Dịu Nhẹ, An Toàn Cho Da","Thông & Bạch Đàn Biển, Standard",1735734212754506972,ST01902,291750,558571,VND,1,Thanh toán khi giao hàng,Đang xử lý,huynhdangthong,Phát trực tiếp,7653454990203194128,fixed commission,,,,7,291750,20423,,,,,,,,0,0,20/06/2026 20:11:54,24/06/2026 15:53:59,20/06/2026 20:11:56,24/06/2026 15:53:59,,27/06/2026 13:34:32,TTS,Open/Target Collaboration
584623952027944256,1735734318844052700,"[KOL huynhdangthong x LPM] Sữa Tắm/Gel Tắm Pháp Le Petit Marseillais Chiết Xuất Thiên Nhiên 650ml - Sữa Tắm Lưu Hương Lành Tính - Dịu Nhẹ, An Toàn Cho Da","Hoa Tiare, Standard",1735734212754703580,ST68816,291750,534786,VND,1,Không áp dụng thanh toán khi giao hàng,Đang xử lý,huynhdangthong,Phát trực tiếp,7653454990203194128,fixed commission,,,,7,291750,20423,,,,,,,,0,0,20/06/2026 20:12:26,20/06/2026 20:12:28,20/06/2026 20:12:29,23/06/2026 21:58:48,,26/06/2026 07:47:54,TTS,Open/Target Collaboration
584624013207504670,1735734318844052700,"[KOL huynhdangthong x LPM] Sữa Tắm/Gel Tắm Pháp Le Petit Marseillais Chiết Xuất Thiên Nhiên 650ml - Sữa Tắm Lưu Hương Lành Tính - Dịu Nhẹ, An Toàn Cho Da","Hoa Tiare, Standard",1735734212754703580,ST68816,291750,531214,VND,1,Thanh toán khi giao hàng,Đã hủy,huynhdangthong,Phát trực tiếp,7653454990203194128,fixed commission,0,0,0,7,291750,20423,,,,,,,,0,0,20/06/2026 20:12:32,,20/06/2026 20:12:34,,,,TTS,Open/Target Collaboration
584623982149600758,1735734318844052700,"[KOL huynhdangthong x LPM] Sữa Tắm/Gel Tắm Pháp Le Petit Marseillais Chiết Xuất Thiên Nhiên 650ml - Sữa Tắm Lưu Hương Lành Tính - Dịu Nhẹ, An Toàn Cho Da","Thông & Bạch Đàn Biển, Standard",1735734212754506972,ST01902,291750,534786,VND,1,Không áp dụng thanh toán khi giao hàng,Đang xử lý,huynhdangthong,Phát trực tiếp,7653454990203194128,fixed commission,,,,7,291750,20423,,,,,,,,0,0,20/06/2026 20:12:56,20/06/2026 20:13:02,20/06/2026 20:13:02,23/06/2026 17:16:55,,26/06/2026 11:45:52,TTS,Open/Target Collaboration
584623982149600758,1735791362076869852,Sữa Tắm Dạng Kem Le Petit Marseillais Bông Và Hoa Anh Túc 250ml  92% Thiên Nhiên Siêu Dịu Nhẹ,Mặc định,1735791937064830172,ST65434,0,6314,VND,1,Không áp dụng thanh toán khi giao hàng,Đang xử lý,le.dao321,Chương trình Lưu lượng truy cập bên ngoài,,fixed commission,,,,,0,,,,,,,,,0,0,20/06/2026 20:12:56,20/06/2026 20:13:02,20/06/2026 20:13:02,23/06/2026 17:16:55,,26/06/2026 11:45:52,TTS,Open/Target Collaboration
584623985244014111,1735734318844052700,"[KOL huynhdangthong x LPM] Sữa Tắm/Gel Tắm Pháp Le Petit Marseillais Chiết Xuất Thiên Nhiên 650ml - Sữa Tắm Lưu Hương Lành Tính - Dịu Nhẹ, An Toàn Cho Da","Hương Xoài & Chanh Dây, Standard",1735734212754769116,ST68823,291750,531214,VND,1,Thanh toán khi giao hàng,Đã hủy,huynhdangthong,Phát trực tiếp,7653454990203194128,fixed commission,0,0,0,7,291750,20423,,,,,,,,0,0,20/06/2026 20:12:59,,20/06/2026 20:13:00,,,,TTS,Open/Target Collaboration
584623954341954696,1735734318844052700,"[KOL huynhdangthong x LPM] Sữa Tắm/Gel Tắm Pháp Le Petit Marseillais Chiết Xuất Thiên Nhiên 650ml - Sữa Tắm Lưu Hương Lành Tính - Dịu Nhẹ, An Toàn Cho Da","Hoa Tiare, Standard",1735734212754703580,ST68816,283250,547143,VND,1,Thanh toán khi giao hàng,Đang xử lý,huynhdangthong,Phát trực tiếp,7653454990203194128,fixed commission,,,,7,283250,19828,,,,,,,,0,0,20/06/2026 20:13:09,23/06/2026 09:28:47,20/06/2026 20:13:10,23/06/2026 09:28:47,,26/06/2026 08:17:05,TTS,Open/Target Collaboration
584623954341954696,1735791362076869852,Sữa Tắm Dạng Kem Le Petit Marseillais Bông Và Hoa Anh Túc 250ml  92% Thiên Nhiên Siêu Dịu Nhẹ,Mặc định,1735791937064830172,ST65434,0,11257,VND,1,Thanh toán khi giao hàng,Đang xử lý,mittthui1205,Chương trình Lưu lượng truy cập bên ngoài,,fixed commission,,,,,0,,,,,,,,,0,0,20/06/2026 20:13:09,23/06/2026 09:28:47,20/06/2026 20:13:10,23/06/2026 09:28:47,,26/06/2026 08:17:05,TTS,Open/Target Collaboration
584623940647486995,1735734318844052700,"[KOL huynhdangthong x LPM] Sữa Tắm/Gel Tắm Pháp Le Petit Marseillais Chiết Xuất Thiên Nhiên 650ml - Sữa Tắm Lưu Hương Lành Tính - Dịu Nhẹ, An Toàn Cho Da","Thông & Bạch Đàn Biển, Standard",1735734212754506972,ST01902,291750,558571,VND,1,Thanh toán khi giao hàng,Đang xử lý,huynhdangthong,Phát trực tiếp,7653454990203194128,fixed commission,,,,7,291750,20423,,,,,,,,0,0,20/06/2026 20:13:17,23/06/2026 17:20:18,20/06/2026 20:13:18,23/06/2026 17:20:18,,26/06/2026 12:47:00,TTS,Open/Target Collaboration
584623968721471205,1735734318844052700,"[KOL huynhdangthong x LPM] Sữa Tắm/Gel Tắm Pháp Le Petit Marseillais Chiết Xuất Thiên Nhiên 650ml - Sữa Tắm Lưu Hương Lành Tính - Dịu Nhẹ, An Toàn Cho Da","Đào Trắng & Quả Xuân Đào, Standard",1735734212754834652,ST01288,291750,531214,VND,1,Không áp dụng thanh toán khi giao hàng,Đang xử lý,huynhdangthong,Phát trực tiếp,7653454990203194128,fixed commission,,,,7,291750,20423,,,,,,,,0,0,20/06/2026 20:13:50,20/06/2026 20:13:53,20/06/2026 20:13:54,23/06/2026 08:52:40,,26/06/2026 08:43:02,TTS,Open/Target Collaboration
584623957459043443,1735734318844052700,"[KOL huynhdangthong x LPM] Sữa Tắm/Gel Tắm Pháp Le Petit Marseillais Chiết Xuất Thiên Nhiên 650ml - Sữa Tắm Lưu Hương Lành Tính - Dịu Nhẹ, An Toàn Cho Da","Hoa Tiare, Standard",1735734212754703580,ST68816,286750,531214,VND,1,Thanh toán khi giao hàng,Đã hủy,huynhdangthong,Phát trực tiếp,7653454990203194128,fixed commission,0,0,0,7,286750,20073,,,,,,,,0,0,20/06/2026 20:14:23,,20/06/2026 20:14:24,,,,TTS,Open/Target Collaboration
584623989034026732,1735734318844052700,"[KOL huynhdangthong x LPM] Sữa Tắm/Gel Tắm Pháp Le Petit Marseillais Chiết Xuất Thiên Nhiên 650ml - Sữa Tắm Lưu Hương Lành Tính - Dịu Nhẹ, An Toàn Cho Da","Hoa Cam, Standard",1735734212755096796,ST39109,283750,531214,VND,1,Thanh toán khi giao hàng,Đã hủy,huynhdangthong,Phát trực tiếp,7653454990203194128,fixed commission,0,0,0,7,283750,19863,,,,,,,,0,0,20/06/2026 20:14:50,,20/06/2026 20:14:51,,,,TTS,Open/Target Collaboration
584624017362552284,1735734318844052700,"[KOL huynhdangthong x LPM] Sữa Tắm/Gel Tắm Pháp Le Petit Marseillais Chiết Xuất Thiên Nhiên 650ml - Sữa Tắm Lưu Hương Lành Tính - Dịu Nhẹ, An Toàn Cho Da","Hoa Tiare, Standard",1735734212754703580,ST68816,291750,531214,VND,1,Không áp dụng thanh toán khi giao hàng,Đang xử lý,huynhdangthong,Phát trực tiếp,7653454990203194128,fixed commission,,,,7,291750,20423,,,,,,,,0,0,20/06/2026 20:14:53,20/06/2026 20:14:58,20/06/2026 20:14:59,23/06/2026 11:17:02,,26/06/2026 07:13:55,TTS,Open/Target Collaboration
584624002576647333,1735734318844052700,"[KOL huynhdangthong x LPM] Sữa Tắm/Gel Tắm Pháp Le Petit Marseillais Chiết Xuất Thiên Nhiên 650ml - Sữa Tắm Lưu Hương Lành Tính - Dịu Nhẹ, An Toàn Cho Da","Hoa Tiare, Standard",1735734212754703580,ST68816,291750,531214,VND,1,Thanh toán khi giao hàng,Đang xử lý,huynhdangthong,Phát trực tiếp,7653454990203194128,fixed commission,,,,7,291750,20423,,,,,,,,0,0,20/06/2026 20:15:49,23/06/2026 09:49:18,20/06/2026 20:16:14,23/06/2026 09:49:18,,26/06/2026 08:47:08,TTS,Open/Target Collaboration
584624005450401389,1735734318844052700,"[KOL huynhdangthong x LPM] Sữa Tắm/Gel Tắm Pháp Le Petit Marseillais Chiết Xuất Thiên Nhiên 650ml - Sữa Tắm Lưu Hương Lành Tính - Dịu Nhẹ, An Toàn Cho Da","Thông & Bạch Đàn Biển, Standard",1735734212754506972,ST01902,291750,531214,VND,1,Thanh toán khi giao hàng,Đang xử lý,huynhdangthong,Phát trực tiếp,7653454990203194128,fixed commission,,,,7,291750,20423,,,,,,,,0,0,20/06/2026 20:16:42,23/06/2026 18:16:42,20/06/2026 20:16:43,23/06/2026 18:16:42,,26/06/2026 09:19:16,TTS,Open/Target Collaboration
584624022806497216,1735734318844052700,"[KOL huynhdangthong x LPM] Sữa Tắm/Gel Tắm Pháp Le Petit Marseillais Chiết Xuất Thiên Nhiên 650ml - Sữa Tắm Lưu Hương Lành Tính - Dịu Nhẹ, An Toàn Cho Da","Hoa Tiare, Standard",1735734212754703580,ST68816,291750,547143,VND,1,Thanh toán khi giao hàng,Đã hủy,huynhdangthong,Phát trực tiếp,7653454990203194128,fixed commission,0,0,0,7,291750,20423,,,,,,,,0,0,20/06/2026 20:16:43,,20/06/2026 20:16:48,,,,TTS,Open/Target Collaboration
584624050415765424,1735734318844052700,"[KOL huynhdangthong x LPM] Sữa Tắm/Gel Tắm Pháp Le Petit Marseillais Chiết Xuất Thiên Nhiên 650ml - Sữa Tắm Lưu Hương Lành Tính - Dịu Nhẹ, An Toàn Cho Da","Hoa Tiare, Standard",1735734212754703580,ST68816,291750,547143,VND,1,Thanh toán khi giao hàng,Đang xử lý,huynhdangthong,Phát trực tiếp,7653454990203194128,fixed commission,,,,7,291750,20423,,,,,,,,0,0,20/06/2026 20:17:04,23/06/2026 21:12:05,20/06/2026 20:17:06,23/06/2026 21:12:05,,26/06/2026 08:14:00,TTS,Open/Target Collaboration
584624148947240103,1735734318844052700,"[KOL huynhdangthong x LPM] Sữa Tắm/Gel Tắm Pháp Le Petit Marseillais Chiết Xuất Thiên Nhiên 650ml - Sữa Tắm Lưu Hương Lành Tính - Dịu Nhẹ, An Toàn Cho Da","Vani, Standard",1735734212754900188,ST00557,286530,547143,VND,1,Thanh toán khi giao hàng,Đã hủy,huynhdangthong,Phát trực tiếp,7653454990203194128,fixed commission,0,0,0,7,286530,20057,,,,,,,,0,0,20/06/2026 20:17:47,,20/06/2026 20:17:48,,,,TTS,Open/Target Collaboration
584624025640798198,1735734318844052700,"[KOL huynhdangthong x LPM] Sữa Tắm/Gel Tắm Pháp Le Petit Marseillais Chiết Xuất Thiên Nhiên 650ml - Sữa Tắm Lưu Hương Lành Tính - Dịu Nhẹ, An Toàn Cho Da","Dừa, Standard",1735734212754965724,ST06999,290650,531214,VND,1,Thanh toán khi giao hàng,Đã hủy,huynhdangthong,Phát trực tiếp,7653454990203194128,fixed commission,0,0,0,7,290650,20346,,,,,,,,0,0,20/06/2026 20:18:27,,20/06/2026 20:18:29,,,,TTS,Open/Target Collaboration
584624056678253815,1735734318844052700,"[KOL huynhdangthong x LPM] Sữa Tắm/Gel Tắm Pháp Le Petit Marseillais Chiết Xuất Thiên Nhiên 650ml - Sữa Tắm Lưu Hương Lành Tính - Dịu Nhẹ, An Toàn Cho Da","Hoa Cam, Standard",1735734212755096796,ST39109,291750,547143,VND,1,Thanh toán khi giao hàng,Đã hủy,huynhdangthong,Phát trực tiếp,7653454990203194128,fixed commission,0,0,0,7,291750,20423,,,,,,,,0,0,20/06/2026 20:19:42,,20/06/2026 20:19:43,,,,TTS,Open/Target Collaboration
584624087085712674,1735734318844052700,"[KOL huynhdangthong x LPM] Sữa Tắm/Gel Tắm Pháp Le Petit Marseillais Chiết Xuất Thiên Nhiên 650ml - Sữa Tắm Lưu Hương Lành Tính - Dịu Nhẹ, An Toàn Cho Da","Hoa Tiare, Standard",1735734212754703580,ST68816,389000,543286,VND,1,Thanh toán khi giao hàng,Đang xử lý,huynhdangthong,Phát trực tiếp,7653454990203194128,fixed commission,,,,7,389000,27230,,,,,,,,0,0,20/06/2026 20:20:31,23/06/2026 19:48:26,20/06/2026 20:20:32,23/06/2026 19:48:26,,26/06/2026 11:25:12,TTS,Open/Target Collaboration
584624102960432214,1735734318844052700,"[KOL huynhdangthong x LPM] Sữa Tắm/Gel Tắm Pháp Le Petit Marseillais Chiết Xuất Thiên Nhiên 650ml - Sữa Tắm Lưu Hương Lành Tính - Dịu Nhẹ, An Toàn Cho Da","Dừa, Standard",1735734212754965724,ST06999,283550,531214,VND,1,Thanh toán khi giao hàng,Đang xử lý,huynhdangthong,Phát trực tiếp,7653454990203194128,fixed commission,,,,7,283550,19849,,,,,,,,0,0,20/06/2026 20:20:45,23/06/2026 12:58:56,20/06/2026 20:20:46,23/06/2026 12:58:56,,26/06/2026 11:13:18,TTS,Open/Target Collaboration
584624086326936969,1731317167366243548,[Quà tặng không bán] Bông Tắm Tạo Bọt Mềm Mịn,Mặc định,1731317148230255836,BONG TAM HQ,0,5700,VND,1,Thanh toán khi giao hàng,Đang xử lý,lepetitmarseillaisvn,Phát trực tiếp,7653447169911884552,fixed commission,,,,,0,,,,,,,,,0,0,20/06/2026 20:21:26,23/06/2026 14:15:12,20/06/2026 20:21:28,23/06/2026 14:15:12,,,TTS,Open/Target Collaboration
584624086326936969,1732250760944257244,"Sữa Tắm/Gel Tắm Pháp Le Petit Marseillais Chiết Xuất Thiên Nhiên 650ml - Sữa Tắm Lưu Hương Lành Tính - Dịu Nhẹ, An Toàn Cho Da","Hoa Tiare, Standard",1732250801268885724,ST68816,324000,530400,VND,1,Thanh toán khi giao hàng,Đang xử lý,lepetitmarseillaisvn,Phát trực tiếp,7653447169911884552,fixed commission,,,,,324000,,,,,,,,,0,0,20/06/2026 20:21:26,23/06/2026 14:15:12,20/06/2026 20:21:28,23/06/2026 14:15:12,,,TTS,Open/Target Collaboration
584624231300761509,1735734318844052700,"[KOL huynhdangthong x LPM] Sữa Tắm/Gel Tắm Pháp Le Petit Marseillais Chiết Xuất Thiên Nhiên 650ml - Sữa Tắm Lưu Hương Lành Tính - Dịu Nhẹ, An Toàn Cho Da","Hương Xoài & Chanh Dây, Standard",1735734212754769116,ST68823,291750,531214,VND,1,Không áp dụng thanh toán khi giao hàng,Đã hủy,huynhdangthong,Phát trực tiếp,7653454990203194128,fixed commission,,,,7,291750,20423,,,,,,,,0,0,20/06/2026 20:26:17,20/06/2026 20:26:22,20/06/2026 20:26:22,,,,TTS,Open/Target Collaboration
584624148063553247,1735734318844052700,"[KOL huynhdangthong x LPM] Sữa Tắm/Gel Tắm Pháp Le Petit Marseillais Chiết Xuất Thiên Nhiên 650ml - Sữa Tắm Lưu Hương Lành Tính - Dịu Nhẹ, An Toàn Cho Da","Hoa Tiare, Standard",1735734212754703580,ST68816,291750,531214,VND,1,Không áp dụng thanh toán khi giao hàng,Đang xử lý,huynhdangthong,Phát trực tiếp,7653454990203194128,fixed commission,,,,7,291750,20423,,,,,,,,0,0,20/06/2026 20:26:41,20/06/2026 20:26:43,20/06/2026 20:26:43,23/06/2026 12:36:12,,26/06/2026 12:45:57,TTS,Open/Target Collaboration
584624148063553247,1735791362076869852,Sữa Tắm Dạng Kem Le Petit Marseillais Bông Và Hoa Anh Túc 250ml  92% Thiên Nhiên Siêu Dịu Nhẹ,Mặc định,1735791937064830172,ST65434,0,4886,VND,1,Không áp dụng thanh toán khi giao hàng,Đang xử lý,lepetitmarseillaisvn,Phát trực tiếp,7653447169911884552,fixed commission,,,,,0,,,,,,,,,0,0,20/06/2026 20:26:41,20/06/2026 20:26:43,20/06/2026 20:26:43,23/06/2026 12:36:12,,26/06/2026 12:45:57,TTS,Open/Target Collaboration
584624285673358503,1735791362076869852,Sữa Tắm Dạng Kem Le Petit Marseillais Bông Và Hoa Anh Túc 250ml  92% Thiên Nhiên Siêu Dịu Nhẹ,Mặc định,1735791937064830172,ST65434,0,11257,VND,1,Thanh toán khi giao hàng,Đang xử lý,atvncreator,Chương trình Lưu lượng truy cập bên ngoài,,fixed commission,,,,,0,,,,,,,,,0,0,20/06/2026 20:27:44,23/06/2026 12:05:47,20/06/2026 20:27:46,23/06/2026 12:05:47,,26/06/2026 12:20:51,TTS,Open/Target Collaboration
584624285673358503,1735734318844052700,"[KOL huynhdangthong x LPM] Sữa Tắm/Gel Tắm Pháp Le Petit Marseillais Chiết Xuất Thiên Nhiên 650ml - Sữa Tắm Lưu Hương Lành Tính - Dịu Nhẹ, An Toàn Cho Da","Hoa Tiare, Standard",1735734212754703580,ST68816,268530,547143,VND,1,Thanh toán khi giao hàng,Đang xử lý,huynhdangthong,Phát trực tiếp,7653454990203194128,fixed commission,,,,7,268530,18797,,,,,,,,0,0,20/06/2026 20:27:44,23/06/2026 12:05:47,20/06/2026 20:27:46,23/06/2026 12:05:47,,26/06/2026 12:20:51,TTS,Open/Target Collaboration
584624194430534745,1735734318844052700,"[KOL huynhdangthong x LPM] Sữa Tắm/Gel Tắm Pháp Le Petit Marseillais Chiết Xuất Thiên Nhiên 650ml - Sữa Tắm Lưu Hương Lành Tính - Dịu Nhẹ, An Toàn Cho Da","Thông & Bạch Đàn Biển, Standard",1735734212754506972,ST01902,291750,536333,VND,1,Không áp dụng thanh toán khi giao hàng,Đang xử lý,huynhdangthong,Phát trực tiếp,7653454990203194128,fixed commission,,,,7,291750,20423,,,,,,,,0,0,20/06/2026 20:28:04,20/06/2026 20:28:09,20/06/2026 20:28:10,23/06/2026 10:35:26,,26/06/2026 08:44:09,TTS,Open/Target Collaboration
584624194430534745,1735734318844052700,"[KOL huynhdangthong x LPM] Sữa Tắm/Gel Tắm Pháp Le Petit Marseillais Chiết Xuất Thiên Nhiên 650ml - Sữa Tắm Lưu Hương Lành Tính - Dịu Nhẹ, An Toàn Cho Da","Hoa Tiare, Standard",1735734212754703580,ST68816,291750,536334,VND,1,Không áp dụng thanh toán khi giao hàng,Đang xử lý,huynhdangthong,Phát trực tiếp,7653454990203194128,fixed commission,,,,7,291750,20423,,,,,,,,0,0,20/06/2026 20:28:04,20/06/2026 20:28:09,20/06/2026 20:28:10,23/06/2026 10:35:26,,26/06/2026 08:44:09,TTS,Open/Target Collaboration
584624286998299911,1735734318844052700,"[KOL huynhdangthong x LPM] Sữa Tắm/Gel Tắm Pháp Le Petit Marseillais Chiết Xuất Thiên Nhiên 650ml - Sữa Tắm Lưu Hương Lành Tính - Dịu Nhẹ, An Toàn Cho Da","Thông & Bạch Đàn Biển, Standard",1735734212754506972,ST01902,291750,532045,VND,1,Thanh toán khi giao hàng,Đã hủy,huynhdangthong,Phát trực tiếp,7653454990203194128,fixed commission,0,0,0,7,291750,20423,,,,,,,,0,0,20/06/2026 20:28:31,,20/06/2026 20:28:33,,,,TTS,Open/Target Collaboration
584624286998299911,1735734318844052700,"[KOL huynhdangthong x LPM] Sữa Tắm/Gel Tắm Pháp Le Petit Marseillais Chiết Xuất Thiên Nhiên 650ml - Sữa Tắm Lưu Hương Lành Tính - Dịu Nhẹ, An Toàn Cho Da","Hương Chanh & Bưởi Hồng, Standard",1735734212754638044,ST01868,291750,532046,VND,1,Thanh toán khi giao hàng,Đã hủy,huynhdangthong,Phát trực tiếp,7653454990203194128,fixed commission,0,0,0,7,291750,20423,,,,,,,,0,0,20/06/2026 20:28:31,,20/06/2026 20:28:33,,,,TTS,Open/Target Collaboration
584624286998299911,1735734318844052700,"[KOL huynhdangthong x LPM] Sữa Tắm/Gel Tắm Pháp Le Petit Marseillais Chiết Xuất Thiên Nhiên 650ml - Sữa Tắm Lưu Hương Lành Tính - Dịu Nhẹ, An Toàn Cho Da","Dừa, Standard",1735734212754965724,ST06999,291750,532045,VND,1,Thanh toán khi giao hàng,Đã hủy,huynhdangthong,Phát trực tiếp,7653454990203194128,fixed commission,0,0,0,7,291750,20423,,,,,,,,0,0,20/06/2026 20:28:31,,20/06/2026 20:28:33,,,,TTS,Open/Target Collaboration
584624286998299911,1735734318844052700,"[KOL huynhdangthong x LPM] Sữa Tắm/Gel Tắm Pháp Le Petit Marseillais Chiết Xuất Thiên Nhiên 650ml - Sữa Tắm Lưu Hương Lành Tính - Dịu Nhẹ, An Toàn Cho Da","Sữa Thực Vật, Standard",1735734212755162332,ST00991,291750,532046,VND,1,Thanh toán khi giao hàng,Đã hủy,huynhdangthong,Phát trực tiếp,7653454990203194128,fixed commission,0,0,0,7,291750,20423,,,,,,,,0,0,20/06/2026 20:28:31,,20/06/2026 20:28:33,,,,TTS,Open/Target Collaboration
584624180549092723,1732251815880067292,"Sữa Tắm Pháp Le Petit Marseillais Cho Nam Chiết Xuất Thiên Nhiên 4in1 Nhiều Mùi Hương Dưỡng Ẩm, Thơm Lâu - Phù Hợp Mọi Loại Da (250ml)","Hương Gỗ Tuyết Tùng & Dương Xỉ, Standard",1732251749141219548,ST01172,174250,282450,VND,1,Không áp dụng thanh toán khi giao hàng,Đang xử lý,huynhdangthong,Phát trực tiếp,7653454990203194128,fixed commission,,,,7,174250,12198,,,,,,,,0,0,20/06/2026 20:29:41,20/06/2026 20:29:47,20/06/2026 20:29:47,23/06/2026 14:57:16,,26/06/2026 12:56:16,TTS,Open/Target Collaboration
584624229262722817,1735734318844052700,"[KOL huynhdangthong x LPM] Sữa Tắm/Gel Tắm Pháp Le Petit Marseillais Chiết Xuất Thiên Nhiên 650ml - Sữa Tắm Lưu Hương Lành Tính - Dịu Nhẹ, An Toàn Cho Da","Hoa Tiare, Standard",1735734212754703580,ST68816,389000,543286,VND,1,Thanh toán khi giao hàng,Đã hủy,huynhdangthong,Phát trực tiếp,7653454990203194128,fixed commission,0,0,0,7,389000,27230,,,,,,,,0,0,20/06/2026 20:29:57,,20/06/2026 20:29:59,,,,TTS,Open/Target Collaboration
584624254699210661,1735734318844052700,"[KOL huynhdangthong x LPM] Sữa Tắm/Gel Tắm Pháp Le Petit Marseillais Chiết Xuất Thiên Nhiên 650ml - Sữa Tắm Lưu Hương Lành Tính - Dịu Nhẹ, An Toàn Cho Da","Hoa Cam, Standard",1735734212755096796,ST39109,291750,531214,VND,1,Không áp dụng thanh toán khi giao hàng,Đang xử lý,huynhdangthong,Phát trực tiếp,7653454990203194128,fixed commission,,,,7,291750,20423,,,,,,,,0,0,20/06/2026 20:30:24,20/06/2026 20:30:29,20/06/2026 20:30:31,23/06/2026 12:39:57,,26/06/2026 09:56:10,TTS,Open/Target Collaboration
584624307636241470,1735734318844052700,"[KOL huynhdangthong x LPM] Sữa Tắm/Gel Tắm Pháp Le Petit Marseillais Chiết Xuất Thiên Nhiên 650ml - Sữa Tắm Lưu Hương Lành Tính - Dịu Nhẹ, An Toàn Cho Da","Thông & Bạch Đàn Biển, Standard",1735734212754506972,ST01902,291750,549429,VND,1,Thanh toán khi giao hàng,Đang xử lý,huynhdangthong,Phát trực tiếp,7653454990203194128,fixed commission,,,,7,291750,20423,,,,,,,,0,0,20/06/2026 20:33:08,24/06/2026 18:18:32,20/06/2026 20:33:09,24/06/2026 18:18:32,,27/06/2026 11:01:10,TTS,Open/Target Collaboration
584624307636241470,1735791362076869852,Sữa Tắm Dạng Kem Le Petit Marseillais Bông Và Hoa Anh Túc 250ml  92% Thiên Nhiên Siêu Dịu Nhẹ,Mặc định,1735791937064830172,ST65434,0,12171,VND,1,Thanh toán khi giao hàng,Đang xử lý,min23020,Chương trình Lưu lượng truy cập bên ngoài,,fixed commission,,,,,0,,,,,,,,,0,0,20/06/2026 20:33:08,24/06/2026 18:18:32,20/06/2026 20:33:09,24/06/2026 18:18:32,,27/06/2026 11:01:10,TTS,Open/Target Collaboration
584624442120963835,1735734318844052700,"[KOL huynhdangthong x LPM] Sữa Tắm/Gel Tắm Pháp Le Petit Marseillais Chiết Xuất Thiên Nhiên 650ml - Sữa Tắm Lưu Hương Lành Tính - Dịu Nhẹ, An Toàn Cho Da","Hoa Tiare, Standard",1735734212754703580,ST68816,291750,534786,VND,1,Thanh toán khi giao hàng,Đang xử lý,huynhdangthong,Phát trực tiếp,7653454990203194128,fixed commission,,,,7,291750,20423,,,,,,,,0,0,20/06/2026 20:35:58,23/06/2026 11:21:42,20/06/2026 20:36:00,23/06/2026 11:21:42,,26/06/2026 12:07:00,TTS,Open/Target Collaboration
584624359585580590,1735734318844052700,"[KOL huynhdangthong x LPM] Sữa Tắm/Gel Tắm Pháp Le Petit Marseillais Chiết Xuất Thiên Nhiên 650ml - Sữa Tắm Lưu Hương Lành Tính - Dịu Nhẹ, An Toàn Cho Da","Hoa Tiare, Standard",1735734212754703580,ST68816,283150,553714,VND,1,Thanh toán khi giao hàng,Đã hủy,huynhdangthong,Phát trực tiếp,7653454990203194128,fixed commission,0,0,0,7,283150,19821,,,,,,,,0,0,20/06/2026 20:36:29,,20/06/2026 20:36:31,,,,TTS,Open/Target Collaboration
584624361184528323,1735734318844052700,"[KOL huynhdangthong x LPM] Sữa Tắm/Gel Tắm Pháp Le Petit Marseillais Chiết Xuất Thiên Nhiên 650ml - Sữa Tắm Lưu Hương Lành Tính - Dịu Nhẹ, An Toàn Cho Da","Hoa Tiare, Standard",1735734212754703580,ST68816,291750,531214,VND,1,Thanh toán khi giao hàng,Đang xử lý,huynhdangthong,Phát trực tiếp,7653454990203194128,fixed commission,,,,7,291750,20423,,,,,,,,0,0,20/06/2026 20:36:43,23/06/2026 10:39:27,20/06/2026 20:36:44,23/06/2026 10:39:27,,26/06/2026 13:03:02,TTS,Open/Target Collaboration
584624282649069403,1735734318844052700,"[KOL huynhdangthong x LPM] Sữa Tắm/Gel Tắm Pháp Le Petit Marseillais Chiết Xuất Thiên Nhiên 650ml - Sữa Tắm Lưu Hương Lành Tính - Dịu Nhẹ, An Toàn Cho Da","Hoa Tiare, Standard",1735734212754703580,ST68816,291750,558571,VND,1,Thanh toán khi giao hàng,Đã hủy,huynhdangthong,Phát trực tiếp,7653454990203194128,fixed commission,0,0,0,7,291750,20423,,,,,,,,0,0,20/06/2026 20:36:47,,20/06/2026 20:36:48,,,,TTS,Open/Target Collaboration
584624318556964082,1731895043839658204,"Sữa Dưỡng Thể Le Petit Marseillais Bơ Hạt Mỡ, Hạnh Nhân, Dầu Argan Dưỡng Ẩm, Thơm Lâu - Phù Hợp Mọi Loại Da (400ml)","Bơ Hạt Mỡ, Hạnh Nhân, Dầu Argan, Standard",1731895043839723740,DT83916,411600,671100,VND,1,Thanh toán khi giao hàng,Đã hủy,huynhdangthong,Phát trực tiếp,7653454990203194128,fixed commission,0,0,0,8,411600,32928,,,,,,,,0,0,20/06/2026 20:38:33,,20/06/2026 20:38:34,,,,TTS,Open/Target Collaboration
584624424213382352,1735734318844052700,"[KOL huynhdangthong x LPM] Sữa Tắm/Gel Tắm Pháp Le Petit Marseillais Chiết Xuất Thiên Nhiên 650ml - Sữa Tắm Lưu Hương Lành Tính - Dịu Nhẹ, An Toàn Cho Da","Hoa Tiare, Standard",1735734212754703580,ST68816,291750,531214,VND,1,Không áp dụng thanh toán khi giao hàng,Đang xử lý,huynhdangthong,Phát trực tiếp,7653454990203194128,fixed commission,,,,7,291750,20423,,,,,,,,0,0,20/06/2026 20:38:39,20/06/2026 20:38:42,20/06/2026 20:38:43,23/06/2026 11:45:24,,26/06/2026 07:31:20,TTS,Open/Target Collaboration
584624354386281976,1735734318844052700,"[KOL huynhdangthong x LPM] Sữa Tắm/Gel Tắm Pháp Le Petit Marseillais Chiết Xuất Thiên Nhiên 650ml - Sữa Tắm Lưu Hương Lành Tính - Dịu Nhẹ, An Toàn Cho Da","Hoa Tiare, Standard",1735734212754703580,ST68816,291750,531214,VND,1,Không áp dụng thanh toán khi giao hàng,Đang xử lý,huynhdangthong,Phát trực tiếp,7653454990203194128,fixed commission,,,,7,291750,20423,,,,,,,,0,0,20/06/2026 20:39:28,20/06/2026 21:04:36,20/06/2026 21:04:37,23/06/2026 13:48:47,,26/06/2026 07:08:22,TTS,Open/Target Collaboration
584624382070719719,1731895043839658204,"Sữa Dưỡng Thể Le Petit Marseillais Bơ Hạt Mỡ, Hạnh Nhân, Dầu Argan Dưỡng Ẩm, Thơm Lâu - Phù Hợp Mọi Loại Da (400ml)","Bơ Hạt Mỡ, Hạnh Nhân, Dầu Argan, Standard",1731895043839723740,DT83916,390000,651800,VND,1,Thanh toán khi giao hàng,Đã hủy,huynhdangthong,Phát trực tiếp,7653454990203194128,fixed commission,0,0,0,8,390000,31200,,,,,,,,0,0,20/06/2026 20:39:48,,20/06/2026 20:39:49,,,,TTS,Open/Target Collaboration
584624480791528835,1735791362076869852,Sữa Tắm Dạng Kem Le Petit Marseillais Bông Và Hoa Anh Túc 250ml  92% Thiên Nhiên Siêu Dịu Nhẹ,Mặc định,1735791937064830172,ST65434,0,6314,VND,1,Thanh toán khi giao hàng,Đang xử lý,ecomobipassiovietnam,Chương trình Lưu lượng truy cập bên ngoài,,fixed commission,,,,,0,,,,,,,,,0,0,20/06/2026 20:41:08,23/06/2026 11:14:07,20/06/2026 20:41:09,23/06/2026 11:14:07,,26/06/2026 13:27:59,TTS,Open/Target Collaboration
584624480791528835,1735734318844052700,"[KOL huynhdangthong x LPM] Sữa Tắm/Gel Tắm Pháp Le Petit Marseillais Chiết Xuất Thiên Nhiên 650ml - Sữa Tắm Lưu Hương Lành Tính - Dịu Nhẹ, An Toàn Cho Da","Thông & Bạch Đàn Biển, Standard",1735734212754506972,ST01902,291750,534786,VND,1,Thanh toán khi giao hàng,Đang xử lý,huynhdangthong,Phát trực tiếp,7653454990203194128,fixed commission,,,,7,291750,20423,,,,,,,,0,0,20/06/2026 20:41:08,23/06/2026 11:14:07,20/06/2026 20:41:09,23/06/2026 11:14:07,,26/06/2026 13:27:59,TTS,Open/Target Collaboration
584624479665358087,1735734318844052700,"[KOL huynhdangthong x LPM] Sữa Tắm/Gel Tắm Pháp Le Petit Marseillais Chiết Xuất Thiên Nhiên 650ml - Sữa Tắm Lưu Hương Lành Tính - Dịu Nhẹ, An Toàn Cho Da","Hoa Tiare, Standard",1735734212754703580,ST68816,311200,537909,VND,1,Thanh toán khi giao hàng,Đang xử lý,huynhdangthong,Phát trực tiếp,7653454990203194128,fixed commission,,,,7,311200,21784,,,,,,,,0,0,20/06/2026 20:41:21,23/06/2026 13:44:46,20/06/2026 20:41:22,23/06/2026 13:44:46,,26/06/2026 12:55:47,TTS,Open/Target Collaboration
584624479665358087,1731895043839658204,"Sữa Dưỡng Thể Le Petit Marseillais Bơ Hạt Mỡ, Hạnh Nhân, Dầu Argan Dưỡng Ẩm, Thơm Lâu - Phù Hợp Mọi Loại Da (400ml)","Bơ Hạt Mỡ, Hạnh Nhân, Dầu Argan, Standard",1731895043839723740,DT83916,392000,651127,VND,1,Thanh toán khi giao hàng,Đang xử lý,huynhdangthong,Phát trực tiếp,7653454990203194128,fixed commission,,,,8,392000,31360,,,,,,,,0,0,20/06/2026 20:41:21,23/06/2026 13:44:46,20/06/2026 20:41:22,23/06/2026 13:44:46,,26/06/2026 12:55:47,TTS,Open/Target Collaboration
584624514326824478,1735734318844052700,"[KOL huynhdangthong x LPM] Sữa Tắm/Gel Tắm Pháp Le Petit Marseillais Chiết Xuất Thiên Nhiên 650ml - Sữa Tắm Lưu Hương Lành Tính - Dịu Nhẹ, An Toàn Cho Da","Hoa Tiare, Standard",1735734212754703580,ST68816,291750,531214,VND,1,Thanh toán khi giao hàng,Đang xử lý,huynhdangthong,Phát trực tiếp,7653454990203194128,fixed commission,,,,7,291750,20423,,,,,,,,0,0,20/06/2026 20:45:10,23/06/2026 11:48:07,20/06/2026 20:45:11,23/06/2026 11:48:07,,26/06/2026 11:20:51,TTS,Open/Target Collaboration
584624468319307469,1735734318844052700,"[KOL huynhdangthong x LPM] Sữa Tắm/Gel Tắm Pháp Le Petit Marseillais Chiết Xuất Thiên Nhiên 650ml - Sữa Tắm Lưu Hương Lành Tính - Dịu Nhẹ, An Toàn Cho Da","Hoa Tiare, Standard",1735734212754703580,ST68816,291750,558571,VND,1,Thanh toán khi giao hàng,Đang xử lý,huynhdangthong,Phát trực tiếp,7653454990203194128,fixed commission,,,,7,291750,20423,,,,,,,,0,0,20/06/2026 20:45:28,24/06/2026 15:34:19,20/06/2026 20:45:29,24/06/2026 15:34:19,,27/06/2026 10:19:56,TTS,Open/Target Collaboration
584624516734420484,1732250760944257244,"Sữa Tắm/Gel Tắm Pháp Le Petit Marseillais Chiết Xuất Thiên Nhiên 650ml - Sữa Tắm Lưu Hương Lành Tính - Dịu Nhẹ, An Toàn Cho Da","Hương Xoài & Chanh Dây, Standard",1732250801268951260,ST68823,327850,545267,VND,1,Thanh toán khi giao hàng,Đang xử lý,lepetitmarseillaisvn,Phát trực tiếp,7653447169911884552,fixed commission,,,,,327850,,,,,,,,,0,0,20/06/2026 20:45:59,23/06/2026 19:53:11,20/06/2026 20:46:01,23/06/2026 19:53:11,,,TTS,Open/Target Collaboration
584624516734420484,1731317167366243548,[Quà tặng không bán] Bông Tắm Tạo Bọt Mềm Mịn,Mặc định,1731317148230255836,BONG TAM HQ,0,13133,VND,1,Thanh toán khi giao hàng,Đang xử lý,lepetitmarseillaisvn,Phát trực tiếp,7653447169911884552,fixed commission,,,,,0,,,,,,,,,0,0,20/06/2026 20:45:59,23/06/2026 19:53:11,20/06/2026 20:46:01,23/06/2026 19:53:11,,,TTS,Open/Target Collaboration
584624550092441101,1735734318844052700,"[KOL huynhdangthong x LPM] Sữa Tắm/Gel Tắm Pháp Le Petit Marseillais Chiết Xuất Thiên Nhiên 650ml - Sữa Tắm Lưu Hương Lành Tính - Dịu Nhẹ, An Toàn Cho Da","Hoa Tiare, Standard",1735734212754703580,ST68816,291750,549429,VND,1,Thanh toán khi giao hàng,Đang xử lý,huynhdangthong,Phát trực tiếp,7653454990203194128,fixed commission,,,,7,291750,20423,,,,,,,,0,0,20/06/2026 20:47:11,24/06/2026 11:27:10,20/06/2026 20:47:12,24/06/2026 11:27:10,,27/06/2026 09:54:04,TTS,Open/Target Collaboration
584624552231601537,1735734318844052700,"[KOL huynhdangthong x LPM] Sữa Tắm/Gel Tắm Pháp Le Petit Marseillais Chiết Xuất Thiên Nhiên 650ml - Sữa Tắm Lưu Hương Lành Tính - Dịu Nhẹ, An Toàn Cho Da","Vani, Standard",1735734212754900188,ST00557,291750,543286,VND,1,Thanh toán khi giao hàng,Đã hủy,huynhdangthong,Phát trực tiếp,7653454990203194128,fixed commission,0,0,0,7,291750,20423,,,,,,,,0,0,20/06/2026 20:47:38,,20/06/2026 20:47:40,,,,TTS,Open/Target Collaboration
584624585610659486,1735734318844052700,"[KOL huynhdangthong x LPM] Sữa Tắm/Gel Tắm Pháp Le Petit Marseillais Chiết Xuất Thiên Nhiên 650ml - Sữa Tắm Lưu Hương Lành Tính - Dịu Nhẹ, An Toàn Cho Da","Vani, Standard",1735734212754900188,ST00557,291750,558571,VND,1,Thanh toán khi giao hàng,Đang xử lý,huynhdangthong,Phát trực tiếp,7653454990203194128,fixed commission,,,,7,291750,20423,,,,,,,,0,0,20/06/2026 20:50:35,24/06/2026 20:32:42,20/06/2026 20:50:38,24/06/2026 20:32:42,,27/06/2026 11:11:05,TTS,Open/Target Collaboration
584624585610659486,1735791362076869852,Sữa Tắm Dạng Kem Le Petit Marseillais Bông Và Hoa Anh Túc 250ml  92% Thiên Nhiên Siêu Dịu Nhẹ,Mặc định,1735791937064830172,ST65434,0,15829,VND,1,Thanh toán khi giao hàng,Đang xử lý,thanhnguyet_hien,Chương trình Lưu lượng truy cập bên ngoài,,fixed commission,,,,,0,,,,,,,,,0,0,20/06/2026 20:50:35,24/06/2026 20:32:42,20/06/2026 20:50:38,24/06/2026 20:32:42,,27/06/2026 11:11:05,TTS,Open/Target Collaboration
584624620051203663,1735734318844052700,"[KOL huynhdangthong x LPM] Sữa Tắm/Gel Tắm Pháp Le Petit Marseillais Chiết Xuất Thiên Nhiên 650ml - Sữa Tắm Lưu Hương Lành Tính - Dịu Nhẹ, An Toàn Cho Da","Hoa Tiare, Standard",1735734212754703580,ST68816,291750,553714,VND,1,Thanh toán khi giao hàng,Đang xử lý,huynhdangthong,Phát trực tiếp,7653454990203194128,fixed commission,,,,7,291750,20423,,,,,,,,0,0,20/06/2026 20:52:50,24/06/2026 15:20:21,20/06/2026 20:52:53,24/06/2026 15:20:21,,27/06/2026 13:24:34,TTS,Open/Target Collaboration
584624802157856319,1732251815880067292,"Sữa Tắm Pháp Le Petit Marseillais Cho Nam Chiết Xuất Thiên Nhiên 4in1 Nhiều Mùi Hương Dưỡng Ẩm, Thơm Lâu - Phù Hợp Mọi Loại Da (250ml)","Hương Gỗ Tuyết Tùng & Dương Xỉ, Standard",1732251749141219548,ST01172,151200,289550,VND,1,Không áp dụng thanh toán khi giao hàng,Đang xử lý,vheu170cm,Video,7550953945372429575,fixed commission,,,,8,151200,12096,,,,,,,,0,0,20/06/2026 21:07:16,20/06/2026 21:07:19,20/06/2026 21:07:20,23/06/2026 16:29:34,,26/06/2026 12:50:48,TTS,Open/Target Collaboration
584624958102013497,1735734318844052700,"[KOL huynhdangthong x LPM] Sữa Tắm/Gel Tắm Pháp Le Petit Marseillais Chiết Xuất Thiên Nhiên 650ml - Sữa Tắm Lưu Hương Lành Tính - Dịu Nhẹ, An Toàn Cho Da","Đào Trắng & Quả Xuân Đào, Standard",1735734212754834652,ST01288,291750,531214,VND,1,Thanh toán khi giao hàng,Đang xử lý,huynhdangthong,Phát trực tiếp,7653454990203194128,fixed commission,,,,7,291750,20423,,,,,,,,0,0,20/06/2026 21:13:37,24/06/2026 19:47:26,20/06/2026 21:13:38,24/06/2026 19:47:26,,27/06/2026 09:07:57,TTS,Open/Target Collaboration
584624966346310732,1735734318844052700,"[KOL huynhdangthong x LPM] Sữa Tắm/Gel Tắm Pháp Le Petit Marseillais Chiết Xuất Thiên Nhiên 650ml - Sữa Tắm Lưu Hương Lành Tính - Dịu Nhẹ, An Toàn Cho Da","Hương Xoài & Chanh Dây, Standard",1735734212754769116,ST68823,291750,542000,VND,1,Thanh toán khi giao hàng,Đang xử lý,huynhdangthong,Phát trực tiếp,7653454990203194128,fixed commission,,,,7,291750,20423,,,,,,,,0,0,20/06/2026 21:16:17,24/06/2026 17:42:07,20/06/2026 21:16:19,24/06/2026 17:42:07,,27/06/2026 08:39:21,TTS,Open/Target Collaboration
584624966346310732,1735791362076869852,Sữa Tắm Dạng Kem Le Petit Marseillais Bông Và Hoa Anh Túc 250ml  92% Thiên Nhiên Siêu Dịu Nhẹ,Mặc định,1735791937064830172,ST65434,0,9200,VND,1,Thanh toán khi giao hàng,Đang xử lý,iflytek02,Chương trình Lưu lượng truy cập bên ngoài,,fixed commission,,,,,0,,,,,,,,,0,0,20/06/2026 21:16:17,24/06/2026 17:42:07,20/06/2026 21:16:19,24/06/2026 17:42:07,,27/06/2026 08:39:21,TTS,Open/Target Collaboration
584624966346310732,1735734318844052700,"[KOL huynhdangthong x LPM] Sữa Tắm/Gel Tắm Pháp Le Petit Marseillais Chiết Xuất Thiên Nhiên 650ml - Sữa Tắm Lưu Hương Lành Tính - Dịu Nhẹ, An Toàn Cho Da","Lá Oliu & Hoa Bồ Đề, Standard",1735734212754572508,ST01295,291750,542000,VND,1,Thanh toán khi giao hàng,Đang xử lý,huynhdangthong,Phát trực tiếp,7653454990203194128,fixed commission,,,,7,291750,20423,,,,,,,,0,0,20/06/2026 21:16:17,24/06/2026 17:42:07,20/06/2026 21:16:19,24/06/2026 17:42:07,,27/06/2026 08:39:21,TTS,Open/Target Collaboration
584625013221590947,1735734318844052700,"[KOL huynhdangthong x LPM] Sữa Tắm/Gel Tắm Pháp Le Petit Marseillais Chiết Xuất Thiên Nhiên 650ml - Sữa Tắm Lưu Hương Lành Tính - Dịu Nhẹ, An Toàn Cho Da","Vani, Standard",1735734212754900188,ST00557,291750,531214,VND,1,Thanh toán khi giao hàng,Đang xử lý,huynhdangthong,Phát trực tiếp,7653454990203194128,fixed commission,,,,7,291750,20423,,,,,,,,0,0,20/06/2026 21:17:29,23/06/2026 11:54:10,20/06/2026 21:17:31,23/06/2026 11:54:10,,26/06/2026 13:17:00,TTS,Open/Target Collaboration
584625147846034695,1735734318844052700,"[KOL huynhdangthong x LPM] Sữa Tắm/Gel Tắm Pháp Le Petit Marseillais Chiết Xuất Thiên Nhiên 650ml - Sữa Tắm Lưu Hương Lành Tính - Dịu Nhẹ, An Toàn Cho Da","Hương Chanh & Bưởi Hồng, Standard",1735734212754638044,ST01868,311200,543286,VND,1,Thanh toán khi giao hàng,Đang xử lý,huynhdangthong,Phát trực tiếp,7653454990203194128,fixed commission,,,,7,311200,21784,,,,,,,,0,0,20/06/2026 21:22:36,23/06/2026 13:46:18,20/06/2026 21:22:37,23/06/2026 13:46:18,,26/06/2026 13:04:34,TTS,Open/Target Collaboration
584625116383643403,1732251815880067292,"Sữa Tắm Pháp Le Petit Marseillais Cho Nam Chiết Xuất Thiên Nhiên 4in1 Nhiều Mùi Hương Dưỡng Ẩm, Thơm Lâu - Phù Hợp Mọi Loại Da (250ml)","Hương Gỗ Tuyết Tùng & Dương Xỉ, Standard",1732251749141219548,ST01172,180400,289550,VND,1,Thanh toán khi giao hàng,Đang xử lý,haiidaynek,Video,7539959281786195207,fixed commission,,,,8,180400,14432,,,,,,,,0,0,20/06/2026 21:25:45,23/06/2026 14:18:30,20/06/2026 21:25:46,23/06/2026 14:18:30,,26/06/2026 11:40:43,TTS,Open/Target Collaboration
584625215411225826,1735734318844052700,"[KOL huynhdangthong x LPM] Sữa Tắm/Gel Tắm Pháp Le Petit Marseillais Chiết Xuất Thiên Nhiên 650ml - Sữa Tắm Lưu Hương Lành Tính - Dịu Nhẹ, An Toàn Cho Da","Thông & Bạch Đàn Biển, Standard",1735734212754506972,ST01902,291750,531214,VND,1,Không áp dụng thanh toán khi giao hàng,Đang xử lý,huynhdangthong,Phát trực tiếp,7653454990203194128,fixed commission,,,,7,291750,20423,,,,,,,,0,0,20/06/2026 21:26:45,20/06/2026 21:26:48,20/06/2026 21:26:49,23/06/2026 09:51:55,,26/06/2026 10:34:10,TTS,Open/Target Collaboration
584625215411225826,1735791362076869852,Sữa Tắm Dạng Kem Le Petit Marseillais Bông Và Hoa Anh Túc 250ml  92% Thiên Nhiên Siêu Dịu Nhẹ,Mặc định,1735791937064830172,ST65434,0,4886,VND,1,Không áp dụng thanh toán khi giao hàng,Đang xử lý,lepetitmarseillaisvn,Phát trực tiếp,7653076630436399880,fixed commission,,,,,0,,,,,,,,,0,0,20/06/2026 21:26:45,20/06/2026 21:26:48,20/06/2026 21:26:49,23/06/2026 09:51:55,,26/06/2026 10:34:10,TTS,Open/Target Collaboration
584625141318846289,1735734318844052700,"[KOL huynhdangthong x LPM] Sữa Tắm/Gel Tắm Pháp Le Petit Marseillais Chiết Xuất Thiên Nhiên 650ml - Sữa Tắm Lưu Hương Lành Tính - Dịu Nhẹ, An Toàn Cho Da","Hương Chanh & Bưởi Hồng, Standard",1735734212754638044,ST01868,291750,531214,VND,1,Thanh toán khi giao hàng,Đang xử lý,huynhdangthong,Phát trực tiếp,7653454990203194128,fixed commission,,,,7,291750,20423,,,,,,,,0,0,20/06/2026 21:29:02,23/06/2026 11:53:04,20/06/2026 21:29:03,23/06/2026 11:53:04,,26/06/2026 08:42:31,TTS,Open/Target Collaboration
584625141318846289,1735791362076869852,Sữa Tắm Dạng Kem Le Petit Marseillais Bông Và Hoa Anh Túc 250ml  92% Thiên Nhiên Siêu Dịu Nhẹ,Mặc định,1735791937064830172,ST65434,0,4886,VND,1,Thanh toán khi giao hàng,Đang xử lý,linhnhi3x,Chương trình Lưu lượng truy cập bên ngoài,,fixed commission,,,,,0,,,,,,,,,0,0,20/06/2026 21:29:02,23/06/2026 11:53:04,20/06/2026 21:29:03,23/06/2026 11:53:04,,26/06/2026 08:42:31,TTS,Open/Target Collaboration
584625216371852546,1732250760944257244,"Sữa Tắm/Gel Tắm Pháp Le Petit Marseillais Chiết Xuất Thiên Nhiên 650ml - Sữa Tắm Lưu Hương Lành Tính - Dịu Nhẹ, An Toàn Cho Da","Thông & Bạch Đàn Biển, Standard",1732250801268689116,ST01902,380000,555933,VND,1,Không áp dụng thanh toán khi giao hàng,Đang xử lý,ha_thubay,Video,7599664598626618642,fixed commission,,,,,380000,,,,3,11400,,,,0,0,20/06/2026 21:31:21,20/06/2026 21:31:26,20/06/2026 21:31:27,23/06/2026 15:58:09,,26/06/2026 11:30:34,TTS,Open/Target Collaboration
584625288189806213,1735734318844052700,"[KOL huynhdangthong x LPM] Sữa Tắm/Gel Tắm Pháp Le Petit Marseillais Chiết Xuất Thiên Nhiên 650ml - Sữa Tắm Lưu Hương Lành Tính - Dịu Nhẹ, An Toàn Cho Da","Thông & Bạch Đàn Biển, Standard",1735734212754506972,ST01902,291750,526583,VND,1,Thanh toán khi giao hàng,Đang xử lý,huynhdangthong,Phát trực tiếp,7653454990203194128,fixed commission,,,,7,291750,20423,,,,,,,,0,0,20/06/2026 21:35:24,23/06/2026 10:05:13,20/06/2026 21:35:25,23/06/2026 10:05:13,,26/06/2026 09:20:43,TTS,Open/Target Collaboration
584625288189806213,1735734318844052700,"[KOL huynhdangthong x LPM] Sữa Tắm/Gel Tắm Pháp Le Petit Marseillais Chiết Xuất Thiên Nhiên 650ml - Sữa Tắm Lưu Hương Lành Tính - Dịu Nhẹ, An Toàn Cho Da","Hương Chanh & Bưởi Hồng, Standard",1735734212754638044,ST01868,291750,526584,VND,1,Thanh toán khi giao hàng,Đang xử lý,huynhdangthong,Phát trực tiếp,7653454990203194128,fixed commission,,,,7,291750,20423,,,,,,,,0,0,20/06/2026 21:35:24,23/06/2026 10:05:13,20/06/2026 21:35:25,23/06/2026 10:05:13,,26/06/2026 09:20:43,TTS,Open/Target Collaboration
584625288189806213,1735791362076869852,Sữa Tắm Dạng Kem Le Petit Marseillais Bông Và Hoa Anh Túc 250ml  92% Thiên Nhiên Siêu Dịu Nhẹ,Mặc định,1735791937064830172,ST65434,0,3033,VND,1,Thanh toán khi giao hàng,Đang xử lý,iflyad07,Chương trình Lưu lượng truy cập bên ngoài,,fixed commission,,,,,0,,,,,,,,,0,0,20/06/2026 21:35:24,23/06/2026 10:05:13,20/06/2026 21:35:25,23/06/2026 10:05:13,,26/06/2026 09:20:43,TTS,Open/Target Collaboration
584625313315129267,1735734318844052700,"[KOL huynhdangthong x LPM] Sữa Tắm/Gel Tắm Pháp Le Petit Marseillais Chiết Xuất Thiên Nhiên 650ml - Sữa Tắm Lưu Hương Lành Tính - Dịu Nhẹ, An Toàn Cho Da","Hương Xoài & Chanh Dây, Standard",1735734212754769116,ST68823,291750,543286,VND,1,Thanh toán khi giao hàng,Đang xử lý,huynhdangthong,Phát trực tiếp,7653454990203194128,fixed commission,,,,7,291750,20423,,,,,,,,0,0,20/06/2026 21:40:09,23/06/2026 20:19:56,20/06/2026 21:40:10,23/06/2026 20:19:56,,26/06/2026 13:01:29,TTS,Open/Target Collaboration
584625313315129267,1735791362076869852,Sữa Tắm Dạng Kem Le Petit Marseillais Bông Và Hoa Anh Túc 250ml  92% Thiên Nhiên Siêu Dịu Nhẹ,Mặc định,1735791937064830172,ST65434,0,9714,VND,1,Thanh toán khi giao hàng,Đang xử lý,lepetitmarseillaisvn,Phát trực tiếp,7653447169911884552,fixed commission,,,,,0,,,,,,,,,0,0,20/06/2026 21:40:09,23/06/2026 20:19:56,20/06/2026 21:40:10,23/06/2026 20:19:56,,26/06/2026 13:01:29,TTS,Open/Target Collaboration
584626301962323070,1732252961260865756,"Dầu Gội Thiên Nhiên Le Petit Marseillais Nhiều Mùi Hương 250ml Dưỡng Ẩm, Thơm Lâu - Phù Hợp Mọi Loại Da",Trị Gàu 2 In 1 Tinh Dầu Bạc Hà,1732252943759018204,DG74042,216000,589800,VND,2,Không áp dụng thanh toán khi giao hàng,Đang xử lý,mevyan,Video,7650426009980013845,fixed commission,,,,,432000,,,,3,12960,,,,0,0,20/06/2026 22:50:25,20/06/2026 22:50:29,20/06/2026 22:50:31,24/06/2026 10:39:32,,27/06/2026 10:17:11,TTS,Open/Target Collaboration
584627672912790923,1731895054321092828,"Sữa Dưỡng Thể Le Petit Marseillais Bơ Hạt Mỡ, Lô Hội & Sáp Ong Dưỡng Ẩm, Thơm Lâu - Phù Hợp Mọi Loại Da (250ml)","Bơ Hạt Mỡ, Lô Hội & Sáp Ong, Standard",1731895054321354972,DT65312,410000,562200,VND,1,Thanh toán khi giao hàng,Đang xử lý,lepetitmarseillaisvn,Video,7554280132391865618,fixed commission,,,,,410000,,,,,,,,,0,0,21/06/2026 01:17:50,24/06/2026 17:05:11,21/06/2026 01:17:52,24/06/2026 17:05:11,,,TTS,Open/Target Collaboration
584627958609184144,1735734318844052700,"[KOL huynhdangthong x LPM] Sữa Tắm/Gel Tắm Pháp Le Petit Marseillais Chiết Xuất Thiên Nhiên 650ml - Sữa Tắm Lưu Hương Lành Tính - Dịu Nhẹ, An Toàn Cho Da","Hương Chanh & Bưởi Hồng, Standard",1735734212754638044,ST01868,311000,531214,VND,1,Thanh toán khi giao hàng,Đang xử lý,huynhdangthong,Trưng bày,,fixed commission,,,,7,311000,21770,,,,,,,,0,0,21/06/2026 02:18:06,25/06/2026 14:52:25,21/06/2026 02:18:07,25/06/2026 14:52:25,,28/06/2026 08:52:12,TTS,Open/Target Collaboration
584627958609184144,1735791362076869852,Sữa Tắm Dạng Kem Le Petit Marseillais Bông Và Hoa Anh Túc 250ml  92% Thiên Nhiên Siêu Dịu Nhẹ,Mặc định,1735791937064830172,ST65434,0,4886,VND,1,Thanh toán khi giao hàng,Đang xử lý,adpia.official,Chương trình Lưu lượng truy cập bên ngoài,,fixed commission,,,,,0,,,,,,,,,0,0,21/06/2026 02:18:06,25/06/2026 14:52:25,21/06/2026 02:18:07,25/06/2026 14:52:25,,28/06/2026 08:52:12,TTS,Open/Target Collaboration
584628021553759568,1732251815880067292,"Sữa Tắm Pháp Le Petit Marseillais Cho Nam Chiết Xuất Thiên Nhiên 4in1 Nhiều Mùi Hương Dưỡng Ẩm, Thơm Lâu - Phù Hợp Mọi Loại Da (250ml)","Hương Gỗ Tuyết Tùng & Dương Xỉ, Standard",1732251749141219548,ST01172,180400,279900,VND,1,Không áp dụng thanh toán khi giao hàng,Đang xử lý,user98108343207953,Chương trình Lưu lượng truy cập bên ngoài,,fixed commission,,,,4,180400,7216,,,,,,,,0,0,21/06/2026 02:36:20,21/06/2026 02:36:23,21/06/2026 02:36:24,23/06/2026 10:01:47,,26/06/2026 07:05:44,TTS,Open/Target Collaboration
584628791191242047,1732250760944257244,"Sữa Tắm/Gel Tắm Pháp Le Petit Marseillais Chiết Xuất Thiên Nhiên 650ml - Sữa Tắm Lưu Hương Lành Tính - Dịu Nhẹ, An Toàn Cho Da","Hoa Tiare, Standard",1732250801268885724,ST68816,335750,541667,VND,1,Thanh toán khi giao hàng,Đang xử lý,thaocanview,Video,7639362324603686164,fixed commission,,,,8,335750,26860,,,,,,,,0,0,21/06/2026 05:59:18,23/06/2026 17:12:27,21/06/2026 05:59:19,23/06/2026 17:12:27,,26/06/2026 12:28:36,TTS,Open/Target Collaboration
584630527018698716,1732251815880067292,"Sữa Tắm Pháp Le Petit Marseillais Cho Nam Chiết Xuất Thiên Nhiên 4in1 Nhiều Mùi Hương Dưỡng Ẩm, Thơm Lâu - Phù Hợp Mọi Loại Da (250ml)","Hương Gỗ Tuyết Tùng & Dương Xỉ, Standard",1732251749141219548,ST01172,164000,279900,VND,1,Không áp dụng thanh toán khi giao hàng,Đang xử lý,ngan210308,Chương trình Lưu lượng truy cập bên ngoài,,fixed commission,,,,8,164000,13120,,,,,,,,0,0,21/06/2026 09:04:14,21/06/2026 09:04:19,21/06/2026 09:04:20,23/06/2026 11:32:57,,26/06/2026 08:22:45,TTS,Open/Target Collaboration
584631115792484310,1732251815880067292,"Sữa Tắm Pháp Le Petit Marseillais Cho Nam Chiết Xuất Thiên Nhiên 4in1 Nhiều Mùi Hương Dưỡng Ẩm, Thơm Lâu - Phù Hợp Mọi Loại Da (250ml)","Hương Thông & Bạch Đàn Biển, Standard",1732251749141154012,ST01356,205000,494909,VND,2,Thanh toán khi giao hàng,Đang xử lý,involveasiavn01,Chương trình Lưu lượng truy cập bên ngoài,,fixed commission,,,,4,410000,16400,,,,,,,,0,0,21/06/2026 09:49:53,23/06/2026 09:49:26,21/06/2026 09:49:54,23/06/2026 09:49:26,,26/06/2026 11:51:30,TTS,Open/Target Collaboration
584631115792484310,1734496604995683548,Xà Phòng Le Petit Marseillais Chính Hãng Bánh Xà Phòng Tắm Thiên Nhiên (Ngẫu nhiên)  1 Bánh,Mặc định,1734496577198523612,1 BÁNH-XP,0,3582,VND,1,Thanh toán khi giao hàng,Đang xử lý,involveasiavn01,Chương trình Lưu lượng truy cập bên ngoài,,fixed commission,,,,,0,,,,,,,,,0,0,21/06/2026 09:49:53,23/06/2026 09:49:26,21/06/2026 09:49:54,23/06/2026 09:49:26,,26/06/2026 11:51:30,TTS,Open/Target Collaboration
584631310439450021,1732250928810920156,"Sữa Tắm/Gel Tắm Pháp Le Petit Marseillais Thiên Nhiên 250ml - Sữa Tắm Lưu Hương Lành Tính - Dịu Nhẹ, An Toàn Cho Da","Vani, Standard",1732250914985183452,ST00526,210000,287455,VND,1,Không áp dụng thanh toán khi giao hàng,Đang xử lý,bebaoreview0912,Chương trình Lưu lượng truy cập bên ngoài,,fixed commission,,,,4,210000,8400,,,,,,,,0,0,21/06/2026 10:00:12,21/06/2026 10:00:17,21/06/2026 10:00:17,23/06/2026 10:43:37,,26/06/2026 08:55:28,TTS,Open/Target Collaboration
584631310439450021,1732250928810920156,"Sữa Tắm/Gel Tắm Pháp Le Petit Marseillais Thiên Nhiên 250ml - Sữa Tắm Lưu Hương Lành Tính - Dịu Nhẹ, An Toàn Cho Da","Dừa, Standard",1732250914985314524,ST54494,210000,287454,VND,1,Không áp dụng thanh toán khi giao hàng,Đang xử lý,bebaoreview0912,Chương trình Lưu lượng truy cập bên ngoài,,fixed commission,,,,4,210000,8400,,,,,,,,0,0,21/06/2026 10:00:12,21/06/2026 10:00:17,21/06/2026 10:00:17,23/06/2026 10:43:37,,26/06/2026 08:55:28,TTS,Open/Target Collaboration
584631310439450021,1734496604995683548,Xà Phòng Le Petit Marseillais Chính Hãng Bánh Xà Phòng Tắm Thiên Nhiên (Ngẫu nhiên)  1 Bánh,Mặc định,1734496577198523612,1 BÁNH-XP,0,3091,VND,1,Không áp dụng thanh toán khi giao hàng,Đang xử lý,bebaoreview0912,Chương trình Lưu lượng truy cập bên ngoài,,fixed commission,,,,,0,,,,,,,,,0,0,21/06/2026 10:00:12,21/06/2026 10:00:17,21/06/2026 10:00:17,23/06/2026 10:43:37,,26/06/2026 08:55:28,TTS,Open/Target Collaboration
584631526979765709,1731317167366243548,[Quà tặng không bán] Bông Tắm Tạo Bọt Mềm Mịn,Mặc định,1731317148230255836,BONG TAM HQ,0,13133,VND,1,Thanh toán khi giao hàng,Đang xử lý,lepetitmarseillaisvn,Phát trực tiếp,7653447169911884552,fixed commission,,,,,0,,,,,,,,,0,0,21/06/2026 10:12:57,23/06/2026 12:11:17,21/06/2026 10:12:59,23/06/2026 12:11:17,,,TTS,Open/Target Collaboration
584631526979765709,1732250760944257244,"Sữa Tắm/Gel Tắm Pháp Le Petit Marseillais Chiết Xuất Thiên Nhiên 650ml - Sữa Tắm Lưu Hương Lành Tính - Dịu Nhẹ, An Toàn Cho Da","Hoa Cam, Standard",1732250801269278940,ST39109,395000,545267,VND,1,Thanh toán khi giao hàng,Đang xử lý,lepetitmarseillaisvn,Phát trực tiếp,7653447169911884552,fixed commission,,,,,395000,,,,,,,,,0,0,21/06/2026 10:12:57,23/06/2026 12:11:17,21/06/2026 10:12:59,23/06/2026 12:11:17,,,TTS,Open/Target Collaboration
584632614502433945,1732251815880067292,"Sữa Tắm Pháp Le Petit Marseillais Cho Nam Chiết Xuất Thiên Nhiên 4in1 Nhiều Mùi Hương Dưỡng Ẩm, Thơm Lâu - Phù Hợp Mọi Loại Da (250ml)","Hương Gỗ Tuyết Tùng & Dương Xỉ, Standard",1732251749141219548,ST01172,205000,286850,VND,1,Thanh toán khi giao hàng,Đang xử lý,iflytek02,Chương trình Lưu lượng truy cập bên ngoài,,fixed commission,,,,4,205000,8200,,,,,,,,0,0,21/06/2026 11:24:35,23/06/2026 18:16:22,21/06/2026 11:24:37,23/06/2026 18:16:22,,26/06/2026 10:21:10,TTS,Open/Target Collaboration
584632693547173622,1732250760944257244,"Sữa Tắm/Gel Tắm Pháp Le Petit Marseillais Chiết Xuất Thiên Nhiên 650ml - Sữa Tắm Lưu Hương Lành Tính - Dịu Nhẹ, An Toàn Cho Da","Thông & Bạch Đàn Biển, Standard",1732250801268689116,ST01902,335750,551400,VND,1,Thanh toán khi giao hàng,Đang xử lý,emkimtaphoa,Video,7642619628870634772,fixed commission,,,,8,335750,26860,,,,,,,,0,0,21/06/2026 11:34:24,24/06/2026 10:18:12,21/06/2026 11:34:25,24/06/2026 10:18:12,,27/06/2026 10:50:21,TTS,Open/Target Collaboration
584634038516221146,1732251815880067292,"Sữa Tắm Pháp Le Petit Marseillais Cho Nam Chiết Xuất Thiên Nhiên 4in1 Nhiều Mùi Hương Dưỡng Ẩm, Thơm Lâu - Phù Hợp Mọi Loại Da (250ml)","Hương Gỗ Tuyết Tùng & Dương Xỉ, Standard",1732251749141219548,ST01172,180400,279900,VND,1,Thanh toán khi giao hàng,Đã hủy,man.trung.737,Video,7595064670482877717,fixed commission,0,0,0,8,180400,14432,,,,,,,,0,0,21/06/2026 13:03:28,,21/06/2026 13:03:31,,,,TTS,Open/Target Collaboration
584636126510285924,1732250760944257244,"Sữa Tắm/Gel Tắm Pháp Le Petit Marseillais Chiết Xuất Thiên Nhiên 650ml - Sữa Tắm Lưu Hương Lành Tính - Dịu Nhẹ, An Toàn Cho Da","Vani, Standard",1732250801269082332,ST00557,335750,540750,VND,1,Không áp dụng thanh toán khi giao hàng,Đang xử lý,ha_thubay,Video,7599664598626618642,fixed commission,,,,,335750,,,,3,10073,,,,0,0,21/06/2026 15:26:27,21/06/2026 15:26:35,21/06/2026 15:26:36,23/06/2026 11:12:38,,26/06/2026 08:28:11,TTS,Open/Target Collaboration
584636126510285924,1732252961260865756,"Dầu Gội Thiên Nhiên Le Petit Marseillais Nhiều Mùi Hương 250ml Dưỡng Ẩm, Thơm Lâu - Phù Hợp Mọi Loại Da",Trị Gàu 2 In 1 Tinh Dầu Bạc Hà,1732252943759018204,DG74042,229500,360875,VND,1,Không áp dụng thanh toán khi giao hàng,Đang xử lý,ha_thubay,Video,7599664598626618642,fixed commission,,,,8,229500,18360,,,,,,,,0,0,21/06/2026 15:26:27,21/06/2026 15:26:35,21/06/2026 15:26:36,23/06/2026 11:12:38,,26/06/2026 08:28:11,TTS,Open/Target Collaboration
584636713940845821,1734496604995683548,Xà Phòng Le Petit Marseillais Chính Hãng Bánh Xà Phòng Tắm Thiên Nhiên (Ngẫu nhiên)  1 Bánh,Mặc định,1734496577198523612,1 BÁNH-XP,75000,105300,VND,1,Thanh toán khi giao hàng,Đã hoàn thành,onggiatichcuc79,Video,7650717585427795218,fixed commission,,,,6,75000,4500,0,,,,,,,1,0,21/06/2026 16:09:40,23/06/2026 10:27:06,21/06/2026 16:09:41,23/06/2026 10:27:06,26/06/2026 14:22:05,,TTS,Open/Target Collaboration
584637724252538767,1731317167366243548,[Quà tặng không bán] Bông Tắm Tạo Bọt Mềm Mịn,Mặc định,1731317148230255836,BONG TAM HQ,0,14850,VND,1,Thanh toán khi giao hàng,Đang xử lý,lepetitmarseillaisvn,Video,7595115970193116434,fixed commission,,,,,0,,,,,,,,,0,0,21/06/2026 17:28:20,24/06/2026 20:50:14,21/06/2026 17:28:23,24/06/2026 20:50:14,,27/06/2026 13:32:09,TTS,Open/Target Collaboration
584641787000751634,1731317167366243548,[Quà tặng không bán] Bông Tắm Tạo Bọt Mềm Mịn,Mặc định,1731317148230255836,BONG TAM HQ,0,17550,VND,1,Thanh toán khi giao hàng,Đang xử lý,lepetitmarseillaisvn,Phát trực tiếp,7653819890356210440,fixed commission,,,,,0,,,,,,,,,0,0,21/06/2026 21:45:08,23/06/2026 22:00:39,21/06/2026 21:45:09,23/06/2026 22:00:39,,26/06/2026 11:07:38,TTS,Open/Target Collaboration
584642059039376484,1734496604995683548,Xà Phòng Le Petit Marseillais Chính Hãng Bánh Xà Phòng Tắm Thiên Nhiên (Ngẫu nhiên)  1 Bánh,Mặc định,1734496577198523612,1 BÁNH-XP,0,5014,VND,1,Không áp dụng thanh toán khi giao hàng,Đang xử lý,lepetitmarseillaisvn,Phát trực tiếp,7653842966753118994,fixed commission,,,,,0,,,,,,,,,0,0,21/06/2026 22:02:51,21/06/2026 22:02:59,21/06/2026 22:02:59,23/06/2026 13:40:50,,,TTS,Open/Target Collaboration
584642059039376484,1735910664928920796,Combo 2 Sữa Tắm Nam Le Petit Marseillais 4in1 Cho Tóc Mặt Râu Toàn Thân 250ml,"Gỗ Cam & Dầu Argan , Gỗ Tuyết Tùng Và Dương Xỉ",1735912571878278364,ST01431 + ST01172,302400,580086,VND,1,Không áp dụng thanh toán khi giao hàng,Đang xử lý,lepetitmarseillaisvn,Phát trực tiếp,7653842966753118994,fixed commission,,,,,302400,,,,,,,,,0,0,21/06/2026 22:02:51,21/06/2026 22:02:59,21/06/2026 22:02:59,23/06/2026 13:40:50,,,TTS,Open/Target Collaboration
584643467960944192,1731893265443752156,"Sữa Tắm Pháp Le Petit Marseillais Quả Mâm Xôi & Hoa Mẫu Đơn Hữu Cơ Dưỡng Ẩm, Thơm Lâu - Phù Hợp Mọi Loại Da (250ml)","Quả Mâm Xôi & Hoa Mẫu Đơn, Standard",1731893265444210908,ST48441,210000,279900,VND,1,Thanh toán khi giao hàng,Đang xử lý,trankimdung249,Video,7529161069151964424,fixed commission,,,,,210000,,,,3,6300,,,,0,0,22/06/2026 00:06:04,23/06/2026 10:55:54,22/06/2026 00:06:06,23/06/2026 10:55:54,,26/06/2026 08:38:05,TTS,Open/Target Collaboration
584648856888641350,1732250760944257244,"Sữa Tắm/Gel Tắm Pháp Le Petit Marseillais Chiết Xuất Thiên Nhiên 650ml - Sữa Tắm Lưu Hương Lành Tính - Dịu Nhẹ, An Toàn Cho Da","Thông & Bạch Đàn Biển, Standard",1732250801268689116,ST01902,335750,533733,VND,1,Không áp dụng thanh toán khi giao hàng,Đang xử lý,_pvv04,Video,7654049994298723605,fixed commission,,,,8,335750,26860,,,,,,,,0,0,22/06/2026 11:25:06,22/06/2026 11:25:09,22/06/2026 11:25:10,23/06/2026 12:56:47,,26/06/2026 09:54:35,TTS,Open/Target Collaboration
584649953354417225,1732251815880067292,"Sữa Tắm Pháp Le Petit Marseillais Cho Nam Chiết Xuất Thiên Nhiên 4in1 Nhiều Mùi Hương Dưỡng Ẩm, Thơm Lâu - Phù Hợp Mọi Loại Da (250ml)","Hương Gỗ Tuyết Tùng & Dương Xỉ, Standard",1732251749141219548,ST01172,170000,279900,VND,1,Thanh toán khi giao hàng,Đã hủy,involveasiavn01,Chương trình Lưu lượng truy cập bên ngoài,,fixed commission,0,0,0,4,170000,6800,,,,,,,,0,0,22/06/2026 12:42:06,,22/06/2026 12:42:07,,,,TTS,Open/Target Collaboration
584650177021052481,1732251815880067292,"Sữa Tắm Pháp Le Petit Marseillais Cho Nam Chiết Xuất Thiên Nhiên 4in1 Nhiều Mùi Hương Dưỡng Ẩm, Thơm Lâu - Phù Hợp Mọi Loại Da (250ml)","Hương Gỗ Tuyết Tùng & Dương Xỉ, Standard",1732251749141219548,ST01172,205000,289550,VND,1,Thanh toán khi giao hàng,Đang xử lý,lepthelittlekid,Video,7594749644052204818,fixed commission,,,,5,205000,10250,,,,,,,,0,0,22/06/2026 12:56:59,24/06/2026 19:15:47,22/06/2026 12:57:01,24/06/2026 19:15:47,,27/06/2026 10:31:58,TTS,Open/Target Collaboration
584650474793961271,1732250760944257244,"Sữa Tắm/Gel Tắm Pháp Le Petit Marseillais Chiết Xuất Thiên Nhiên 650ml - Sữa Tắm Lưu Hương Lành Tính - Dịu Nhẹ, An Toàn Cho Da","Hoa Tiare, Standard",1732250801268885724,ST68816,323900,530400,VND,1,Thanh toán khi giao hàng,Đã hủy,anhlorenhehehe,Video,7493531443268717842,fixed commission,0,0,0,,323900,,,,3,9717,,,,0,0,22/06/2026 13:17:17,,22/06/2026 13:17:18,,,,TTS,Open/Target Collaboration
584650638012089695,1733398589084042460,Sữa Tắm Nam Thơm Lâu 4 in 1 Thiên Nhiên Le Petit Marseillais Chiết Xuất Thông Biển & Bạch Đàn 250ml 1356,Mặc định,1733398673842472156,ST01356,210000,1115467,VND,5,Thanh toán khi giao hàng,Đang xử lý,lailanhatha,Chương trình Lưu lượng truy cập bên ngoài,,fixed commission,,,,4,1050000,42000,,,,,,,,0,0,22/06/2026 13:25:56,23/06/2026 13:04:39,22/06/2026 13:25:57,23/06/2026 13:04:39,,26/06/2026 13:03:28,TTS,Open/Target Collaboration
584650638012089695,1734496604995683548,Xà Phòng Le Petit Marseillais Chính Hãng Bánh Xà Phòng Tắm Thiên Nhiên (Ngẫu nhiên)  1 Bánh,Mặc định,1734496577198523612,1 BÁNH-XP,0,867,VND,1,Thanh toán khi giao hàng,Đang xử lý,lailanhatha,Chương trình Lưu lượng truy cập bên ngoài,,fixed commission,,,,,0,,,,,,,,,0,0,22/06/2026 13:25:56,23/06/2026 13:04:39,22/06/2026 13:25:57,23/06/2026 13:04:39,,26/06/2026 13:03:28,TTS,Open/Target Collaboration
584650818804155583,1732251815880067292,"Sữa Tắm Pháp Le Petit Marseillais Cho Nam Chiết Xuất Thiên Nhiên 4in1 Nhiều Mùi Hương Dưỡng Ẩm, Thơm Lâu - Phù Hợp Mọi Loại Da (250ml)","Hương Thông & Bạch Đàn Biển, Standard",1732251749141154012,ST01356,174250,295800,VND,1,Thanh toán khi giao hàng,Đã hủy,lepthelittlekid,Video,7594749644052204818,fixed commission,0,0,0,5,174250,8713,,,,,,,,0,0,22/06/2026 13:40:09,,22/06/2026 13:40:10,,,,TTS,Open/Target Collaboration
584650809177442103,1732250760944257244,"Sữa Tắm/Gel Tắm Pháp Le Petit Marseillais Chiết Xuất Thiên Nhiên 650ml - Sữa Tắm Lưu Hương Lành Tính - Dịu Nhẹ, An Toàn Cho Da","Hoa Tiare, Standard",1732250801268885724,ST68816,323900,530400,VND,1,Thanh toán khi giao hàng,Đã hủy,ha_thubay,Video,7633274382705642773,fixed commission,0,0,0,8,323900,25912,,,,,,,,0,0,22/06/2026 13:40:37,,22/06/2026 13:40:38,,,,TTS,Open/Target Collaboration
584651243678958800,1732250928810920156,"Sữa Tắm/Gel Tắm Pháp Le Petit Marseillais Thiên Nhiên 250ml - Sữa Tắm Lưu Hương Lành Tính - Dịu Nhẹ, An Toàn Cho Da","Vani, Standard",1732250914985183452,ST00526,210000,286850,VND,1,Thanh toán khi giao hàng,Đang xử lý,ahau.phuongthao,Video,7654094102811659528,fixed commission,,,,8,210000,16800,,,,,,,,0,0,22/06/2026 14:14:19,24/06/2026 22:31:27,22/06/2026 14:14:20,24/06/2026 22:31:27,,27/06/2026 08:17:34,TTS,Open/Target Collaboration
584651627054794422,1732250760944257244,"Sữa Tắm/Gel Tắm Pháp Le Petit Marseillais Chiết Xuất Thiên Nhiên 650ml - Sữa Tắm Lưu Hương Lành Tính - Dịu Nhẹ, An Toàn Cho Da","Lá Oliu & Hoa Bồ Đề, Standard",1732250801268754652,ST01295,323900,530400,VND,1,Thanh toán khi giao hàng,Đang xử lý,ha_thubay,Video,7599664598626618642,fixed commission,,,,,323900,,,,3,9717,,,,0,0,22/06/2026 14:38:26,23/06/2026 19:03:32,22/06/2026 14:38:27,23/06/2026 19:03:32,,26/06/2026 10:36:01,TTS,Open/Target Collaboration
584651712018482385,1732251815880067292,"Sữa Tắm Pháp Le Petit Marseillais Cho Nam Chiết Xuất Thiên Nhiên 4in1 Nhiều Mùi Hương Dưỡng Ẩm, Thơm Lâu - Phù Hợp Mọi Loại Da (250ml)","Hương Thông & Bạch Đàn Biển, Standard",1732251749141154012,ST01356,166320,289550,VND,1,Thanh toán khi giao hàng,Đang xử lý,bichchaust0ve,Chương trình Lưu lượng truy cập bên ngoài,,fixed commission,,,,4,166320,6653,,,,,,,,0,0,22/06/2026 14:46:22,23/06/2026 13:22:49,22/06/2026 14:46:25,23/06/2026 13:22:49,,26/06/2026 09:21:39,TTS,Open/Target Collaboration
584653235404506564,1732251815880067292,"Sữa Tắm Pháp Le Petit Marseillais Cho Nam Chiết Xuất Thiên Nhiên 4in1 Nhiều Mùi Hương Dưỡng Ẩm, Thơm Lâu - Phù Hợp Mọi Loại Da (250ml)","Hương Gỗ Tuyết Tùng & Dương Xỉ, Standard",1732251749141219548,ST01172,205000,295800,VND,1,Thanh toán khi giao hàng,Đang xử lý,man.trung.737,Video,7595064670482877717,fixed commission,,,,8,205000,16400,,,,,,,,0,0,22/06/2026 16:42:57,25/06/2026 10:38:31,22/06/2026 16:42:58,25/06/2026 10:38:31,,28/06/2026 07:48:03,TTS,Open/Target Collaboration
584653459473925137,1732250928810920156,"Sữa Tắm/Gel Tắm Pháp Le Petit Marseillais Thiên Nhiên 250ml - Sữa Tắm Lưu Hương Lành Tính - Dịu Nhẹ, An Toàn Cho Da","Xoài & Chanh Dây, Standard",1732250914984986844,ST99622,205000,286850,VND,1,Thanh toán khi giao hàng,Đang xử lý,ahau.phuongthao,Video,7654094102811659528,fixed commission,,,,8,205000,16400,,,,,,,,0,0,22/06/2026 17:02:50,24/06/2026 20:50:50,22/06/2026 17:02:52,24/06/2026 20:50:50,,27/06/2026 09:30:21,TTS,Open/Target Collaboration
584653482474374442,1732250928810920156,"Sữa Tắm/Gel Tắm Pháp Le Petit Marseillais Thiên Nhiên 250ml - Sữa Tắm Lưu Hương Lành Tính - Dịu Nhẹ, An Toàn Cho Da","Quả Mâm Xôi & Hoa Mẫu Đơn, Standard",1732250914985052380,ST48441,184500,289550,VND,1,Thanh toán khi giao hàng,Đang xử lý,ahau.phuongthao,Phát trực tiếp,7654123565943474945,fixed commission,,,,8,184500,14760,,,,,,,,0,0,22/06/2026 17:04:45,24/06/2026 12:54:35,22/06/2026 17:04:46,24/06/2026 12:54:35,,27/06/2026 11:21:49,TTS,Open/Target Collaboration
584654318547338417,1732250760944257244,"Sữa Tắm/Gel Tắm Pháp Le Petit Marseillais Chiết Xuất Thiên Nhiên 650ml - Sữa Tắm Lưu Hương Lành Tính - Dịu Nhẹ, An Toàn Cho Da","Hương Xoài & Chanh Dây, Standard",1732250801268951260,ST68823,395000,545267,VND,1,Thanh toán khi giao hàng,Đang xử lý,thaocanview,Video,7639362324603686164,fixed commission,,,,,395000,,,,3,11850,,,,0,0,22/06/2026 18:05:48,24/06/2026 15:00:50,22/06/2026 18:05:49,24/06/2026 15:00:50,,27/06/2026 10:13:57,TTS,Open/Target Collaboration
584654321016276694,1732251815880067292,"Sữa Tắm Pháp Le Petit Marseillais Cho Nam Chiết Xuất Thiên Nhiên 4in1 Nhiều Mùi Hương Dưỡng Ẩm, Thơm Lâu - Phù Hợp Mọi Loại Da (250ml)","Hương Gỗ Tuyết Tùng & Dương Xỉ, Standard",1732251749141219548,ST01172,180595,289550,VND,1,Không áp dụng thanh toán khi giao hàng,Đang xử lý,man.trung.737,Video,7595064670482877717,fixed commission,,,,8,180595,14448,,,,,,,,0,0,22/06/2026 18:06:20,22/06/2026 18:06:25,22/06/2026 18:06:26,24/06/2026 08:57:35,,27/06/2026 11:08:49,TTS,Open/Target Collaboration
584656000572229425,1732250928810920156,"Sữa Tắm/Gel Tắm Pháp Le Petit Marseillais Thiên Nhiên 250ml - Sữa Tắm Lưu Hương Lành Tính - Dịu Nhẹ, An Toàn Cho Da","Đào Trắng & Quả Xuân Đào, Standard",1732250914985380060,ST01240,205000,295800,VND,1,Không áp dụng thanh toán khi giao hàng,Đang xử lý,ahau.phuongthao,Video,7654094102811659528,fixed commission,,,,8,205000,16400,,,,,,,,0,0,22/06/2026 19:58:03,22/06/2026 19:58:04,22/06/2026 19:58:05,25/06/2026 09:53:32,,26/06/2026 09:23:03,TTS,Open/Target Collaboration
584656030735632177,1732250928810920156,"Sữa Tắm/Gel Tắm Pháp Le Petit Marseillais Thiên Nhiên 250ml - Sữa Tắm Lưu Hương Lành Tính - Dịu Nhẹ, An Toàn Cho Da","Đào Trắng & Quả Xuân Đào, Standard",1732250914985380060,ST01240,205000,295800,VND,1,Không áp dụng thanh toán khi giao hàng,Đang xử lý,ahau.phuongthao,Video,7654094102811659528,fixed commission,,,,8,205000,16400,,,,,,,,0,0,22/06/2026 19:58:43,22/06/2026 19:58:45,22/06/2026 19:58:47,24/06/2026 16:00:09,,25/06/2026 09:23:23,TTS,Open/Target Collaboration
584656663453140144,1732250928810920156,"Sữa Tắm/Gel Tắm Pháp Le Petit Marseillais Thiên Nhiên 250ml - Sữa Tắm Lưu Hương Lành Tính - Dịu Nhẹ, An Toàn Cho Da","Quả Mâm Xôi & Hoa Mẫu Đơn, Standard",1732250914985052380,ST48441,205000,289550,VND,1,Thanh toán khi giao hàng,Đang xử lý,ahau.phuongthao,Video,7654094102811659528,fixed commission,,,,8,205000,16400,,,,,,,,0,0,22/06/2026 20:33:53,24/06/2026 21:09:45,22/06/2026 20:33:55,24/06/2026 21:09:45,,25/06/2026 08:02:16,TTS,Open/Target Collaboration
584656781447103783,1732250928810920156,"Sữa Tắm/Gel Tắm Pháp Le Petit Marseillais Thiên Nhiên 250ml - Sữa Tắm Lưu Hương Lành Tính - Dịu Nhẹ, An Toàn Cho Da","Quả Mâm Xôi & Hoa Mẫu Đơn, Standard",1732250914985052380,ST48441,180000,279900,VND,1,Thanh toán khi giao hàng,Đang xử lý,ahau.phuongthao,Video,7654094102811659528,fixed commission,,,,8,180000,14400,,,,,,,,0,0,22/06/2026 20:45:32,24/06/2026 09:28:24,22/06/2026 20:45:34,24/06/2026 09:28:24,,25/06/2026 10:43:22,TTS,Open/Target Collaboration
584657089475413840,1732250928810920156,"Sữa Tắm/Gel Tắm Pháp Le Petit Marseillais Thiên Nhiên 250ml - Sữa Tắm Lưu Hương Lành Tính - Dịu Nhẹ, An Toàn Cho Da","Vani, Standard",1732250914985183452,ST00526,205000,286850,VND,1,Thanh toán khi giao hàng,Đang xử lý,ahau.phuongthao,Video,7654094102811659528,fixed commission,,,,8,205000,16400,,,,,,,,0,0,22/06/2026 21:01:27,24/06/2026 13:05:37,22/06/2026 21:01:30,24/06/2026 13:05:37,,25/06/2026 08:02:50,TTS,Open/Target Collaboration
584657257034254329,1732250760944257244,"Sữa Tắm/Gel Tắm Pháp Le Petit Marseillais Chiết Xuất Thiên Nhiên 650ml - Sữa Tắm Lưu Hương Lành Tính - Dịu Nhẹ, An Toàn Cho Da","Thông & Bạch Đàn Biển, Standard",1732250801268689116,ST01902,395000,530400,VND,1,Thanh toán khi giao hàng,Đang xử lý,ha_thubay,Video,7599664598626618642,fixed commission,,,,,395000,,,,3,11850,,,,0,0,22/06/2026 21:16:07,24/06/2026 12:57:28,22/06/2026 21:16:08,24/06/2026 12:57:28,,25/06/2026 08:59:28,TTS,Open/Target Collaboration
584657337874745189,1734496604995683548,Xà Phòng Le Petit Marseillais Chính Hãng Bánh Xà Phòng Tắm Thiên Nhiên (Ngẫu nhiên)  1 Bánh,Mặc định,1734496577198523612,1 BÁNH-XP,67500,157650,VND,2,Thanh toán khi giao hàng,Đang xử lý,mythi_fr,Video,7651702051721760020,fixed commission,,,,6,135000,8100,,,,,,,,0,0,22/06/2026 21:17:35,24/06/2026 21:06:24,22/06/2026 21:17:36,24/06/2026 21:06:24,,25/06/2026 08:43:09,TTS,Open/Target Collaboration
584657409033274887,1732250928810920156,"Sữa Tắm/Gel Tắm Pháp Le Petit Marseillais Thiên Nhiên 250ml - Sữa Tắm Lưu Hương Lành Tính - Dịu Nhẹ, An Toàn Cho Da","Quả Mâm Xôi & Hoa Mẫu Đơn, Standard",1732250914985052380,ST48441,170150,279900,VND,1,Thanh toán khi giao hàng,Đang xử lý,ahau.phuongthao,Video,7654094102811659528,fixed commission,,,,8,170150,13612,,,,,,,,0,0,22/06/2026 21:26:51,24/06/2026 10:46:06,22/06/2026 21:26:52,24/06/2026 10:46:06,,25/06/2026 10:47:41,TTS,Open/Target Collaboration
584657792296584249,1732250928810920156,"Sữa Tắm/Gel Tắm Pháp Le Petit Marseillais Thiên Nhiên 250ml - Sữa Tắm Lưu Hương Lành Tính - Dịu Nhẹ, An Toàn Cho Da","Đào Trắng & Quả Xuân Đào, Standard",1732250914985380060,ST01240,175000,281150,VND,1,Không áp dụng thanh toán khi giao hàng,Đã hủy,nhac8x.huongly,Video,7634518955163602197,fixed commission,,,,,175000,,,,3,5250,,,,0,0,22/06/2026 21:47:40,22/06/2026 21:47:54,22/06/2026 21:47:54,,,,TTS,Open/Target Collaboration
584657897771795513,1732250928810920156,"Sữa Tắm/Gel Tắm Pháp Le Petit Marseillais Thiên Nhiên 250ml - Sữa Tắm Lưu Hương Lành Tính - Dịu Nhẹ, An Toàn Cho Da","Đào Trắng & Quả Xuân Đào, Standard",1732250914985380060,ST01240,175000,281150,VND,1,Thanh toán khi giao hàng,Đang xử lý,ahau.phuongthao,Video,7654094102811659528,fixed commission,,,,8,175000,14000,,,,,,,,0,0,22/06/2026 21:50:58,24/06/2026 12:24:20,22/06/2026 21:51:00,24/06/2026 12:24:20,,25/06/2026 09:00:42,TTS,Open/Target Collaboration
584657953185891672,1733398801247536348,Sữa Tắm Nam 4 in 1  Thiên Nhiên Le Petit Marseillais Chiết Xuất Gỗ Tuyết Tùng & Dương Xỉ 250ml 1172,Mặc định,1733398851758556380,ST01172,201800,279022,VND,1,Thanh toán khi giao hàng,Đang xử lý,xomtuido2,Chương trình Lưu lượng truy cập bên ngoài,,fixed commission,,,,4,201800,8072,,,,,,,,0,0,22/06/2026 21:54:47,24/06/2026 11:28:21,22/06/2026 21:54:49,24/06/2026 11:28:21,,25/06/2026 08:04:26,TTS,Open/Target Collaboration
584657922775483728,1732251815880067292,"Sữa Tắm Pháp Le Petit Marseillais Cho Nam Chiết Xuất Thiên Nhiên 4in1 Nhiều Mùi Hương Dưỡng Ẩm, Thơm Lâu - Phù Hợp Mọi Loại Da (250ml)","Hương Thông & Bạch Đàn Biển, Standard",1732251749141154012,ST01356,205000,295800,VND,1,Thanh toán khi giao hàng,Đã hủy,lepthelittlekid,Video,7594749644052204818,fixed commission,0,0,0,5,205000,10250,,,,,,,,0,0,22/06/2026 21:56:24,,22/06/2026 21:56:26,,,,TTS,Open/Target Collaboration
584658067125602261,1732250928810920156,"Sữa Tắm/Gel Tắm Pháp Le Petit Marseillais Thiên Nhiên 250ml - Sữa Tắm Lưu Hương Lành Tính - Dịu Nhẹ, An Toàn Cho Da","Quả Mâm Xôi & Hoa Mẫu Đơn, Standard",1732250914985052380,ST48441,205000,279900,VND,1,Không áp dụng thanh toán khi giao hàng,Đang xử lý,ahau.phuongthao,Video,7654094102811659528,fixed commission,,,,8,205000,16400,,,,,,,,0,0,22/06/2026 22:02:59,22/06/2026 22:03:04,22/06/2026 22:03:05,24/06/2026 09:57:12,,25/06/2026 09:34:20,TTS,Open/Target Collaboration
584658292047644324,1732250928810920156,"Sữa Tắm/Gel Tắm Pháp Le Petit Marseillais Thiên Nhiên 250ml - Sữa Tắm Lưu Hương Lành Tính - Dịu Nhẹ, An Toàn Cho Da","Quả Mâm Xôi & Hoa Mẫu Đơn, Standard",1732250914985052380,ST48441,164000,279900,VND,1,Thanh toán khi giao hàng,Đang xử lý,ahau.phuongthao,Video,7654094102811659528,fixed commission,,,,8,164000,13120,,,,,,,,0,0,22/06/2026 22:18:36,24/06/2026 18:41:47,22/06/2026 22:18:38,24/06/2026 18:41:47,,25/06/2026 07:30:30,TTS,Open/Target Collaboration
584658338331526480,1731317167366243548,[Quà tặng không bán] Bông Tắm Tạo Bọt Mềm Mịn,Mặc định,1731317148230255836,BONG TAM HQ,0,23800,VND,1,Thanh toán khi giao hàng,Đã hủy,lepetitmarseillaisvn,Video,7579467706747849992,fixed commission,,,,,0,,,,,,,,,0,0,22/06/2026 22:20:31,,22/06/2026 22:20:32,,,,TTS,Open/Target Collaboration
584658338331526480,1732251815880067292,"Sữa Tắm Pháp Le Petit Marseillais Cho Nam Chiết Xuất Thiên Nhiên 4in1 Nhiều Mùi Hương Dưỡng Ẩm, Thơm Lâu - Phù Hợp Mọi Loại Da (250ml)","Hương Thông & Bạch Đàn Biển, Standard",1732251749141154012,ST01356,205000,295800,VND,1,Thanh toán khi giao hàng,Đã hủy,lepthelittlekid,Video,7594749644052204818,fixed commission,0,0,0,5,205000,10250,,,,,,,,0,0,22/06/2026 22:20:31,,22/06/2026 22:20:32,,,,TTS,Open/Target Collaboration
584659383366878953,1732250928810920156,"Sữa Tắm/Gel Tắm Pháp Le Petit Marseillais Thiên Nhiên 250ml - Sữa Tắm Lưu Hương Lành Tính - Dịu Nhẹ, An Toàn Cho Da","Bạc Hà, Standard",1732250914984855772,ST92871,162100,292700,VND,1,Thanh toán khi giao hàng,Đang xử lý,ahau.phuongthao,Phát trực tiếp,7654212598870674193,fixed commission,,,,8,162100,12968,,,,,,,,0,0,22/06/2026 23:49:17,25/06/2026 11:17:06,22/06/2026 23:49:18,25/06/2026 11:17:06,,26/06/2026 09:14:09,TTS,Open/Target Collaboration
584660585946580702,1732250928810920156,"Sữa Tắm/Gel Tắm Pháp Le Petit Marseillais Thiên Nhiên 250ml - Sữa Tắm Lưu Hương Lành Tính - Dịu Nhẹ, An Toàn Cho Da","Hương Lựu, Standard",1732250914984724700,ST19308,205000,279900,VND,1,Thanh toán khi giao hàng,Đang xử lý,ahau.phuongthao,Video,7654094102811659528,fixed commission,,,,8,205000,16400,,,,,,,,0,0,23/06/2026 04:04:25,24/06/2026 14:45:29,23/06/2026 04:04:27,24/06/2026 14:45:29,,25/06/2026 11:08:45,TTS,Open/Target Collaboration
584661478801442455,1732250928810920156,"Sữa Tắm/Gel Tắm Pháp Le Petit Marseillais Thiên Nhiên 250ml - Sữa Tắm Lưu Hương Lành Tính - Dịu Nhẹ, An Toàn Cho Da","Đào Trắng & Quả Xuân Đào, Standard",1732250914985380060,ST01240,205000,289750,VND,1,Thanh toán khi giao hàng,Đang xử lý,ahau.phuongthao,Video,7654094102811659528,fixed commission,,,,8,205000,16400,,,,,,,,0,0,23/06/2026 06:43:11,26/06/2026 17:47:15,23/06/2026 06:43:12,26/06/2026 17:47:15,,27/06/2026 12:03:23,TTS,Open/Target Collaboration
584661630339155213,1732250928810920156,"Sữa Tắm/Gel Tắm Pháp Le Petit Marseillais Thiên Nhiên 250ml - Sữa Tắm Lưu Hương Lành Tính - Dịu Nhẹ, An Toàn Cho Da","Quả Mâm Xôi & Hoa Mẫu Đơn, Standard",1732250914985052380,ST48441,123000,279900,VND,1,Không áp dụng thanh toán khi giao hàng,Đang xử lý,ahau.phuongthao,Video,7654094102811659528,fixed commission,,,,8,123000,9840,,,,,,,,0,0,23/06/2026 07:01:42,23/06/2026 07:01:47,23/06/2026 07:01:47,24/06/2026 09:55:01,,25/06/2026 08:38:10,TTS,Open/Target Collaboration
584661887014503924,1732250928810920156,"Sữa Tắm/Gel Tắm Pháp Le Petit Marseillais Thiên Nhiên 250ml - Sữa Tắm Lưu Hương Lành Tính - Dịu Nhẹ, An Toàn Cho Da","Quả Mâm Xôi & Hoa Mẫu Đơn, Standard",1732250914985052380,ST48441,180400,279900,VND,1,Thanh toán khi giao hàng,Đang xử lý,ahau.phuongthao,Video,7654094102811659528,fixed commission,,,,8,180400,14432,,,,,,,,0,0,23/06/2026 07:29:57,24/06/2026 11:51:47,23/06/2026 07:29:58,24/06/2026 11:51:47,,25/06/2026 07:42:39,TTS,Open/Target Collaboration
584661976410588919,1732251815880067292,"Sữa Tắm Pháp Le Petit Marseillais Cho Nam Chiết Xuất Thiên Nhiên 4in1 Nhiều Mùi Hương Dưỡng Ẩm, Thơm Lâu - Phù Hợp Mọi Loại Da (250ml)","Hương Gỗ Tuyết Tùng & Dương Xỉ, Standard",1732251749141219548,ST01172,205000,286850,VND,1,Thanh toán khi giao hàng,Đang xử lý,thuythangthan85,Video,7644788117660454152,fixed commission,,,,,205000,,,,3,6150,,,,0,0,23/06/2026 07:38:05,25/06/2026 17:35:21,23/06/2026 07:38:07,25/06/2026 17:35:21,,26/06/2026 11:53:54,TTS,Open/Target Collaboration
584662133196752345,1732250928810920156,"Sữa Tắm/Gel Tắm Pháp Le Petit Marseillais Thiên Nhiên 250ml - Sữa Tắm Lưu Hương Lành Tính - Dịu Nhẹ, An Toàn Cho Da","Quả Mâm Xôi & Hoa Mẫu Đơn, Standard",1732250914985052380,ST48441,190000,292700,VND,1,Thanh toán khi giao hàng,Đang xử lý,ahau.phuongthao,Video,7654094102811659528,fixed commission,,,,8,190000,15200,,,,,,,,0,0,23/06/2026 07:55:39,24/06/2026 14:29:45,23/06/2026 07:55:40,24/06/2026 14:29:45,,25/06/2026 08:37:06,TTS,Open/Target Collaboration
584662343933659128,1732250928810920156,"Sữa Tắm/Gel Tắm Pháp Le Petit Marseillais Thiên Nhiên 250ml - Sữa Tắm Lưu Hương Lành Tính - Dịu Nhẹ, An Toàn Cho Da","Vani, Standard",1732250914985183452,ST00526,205000,289550,VND,1,Thanh toán khi giao hàng,Đang xử lý,ahau.phuongthao,Video,7654094102811659528,fixed commission,,,,8,205000,16400,,,,,,,,0,0,23/06/2026 08:15:53,24/06/2026 21:38:59,23/06/2026 08:15:54,24/06/2026 21:38:59,,25/06/2026 07:56:47,TTS,Open/Target Collaboration
584662519685088924,1732250928810920156,"Sữa Tắm/Gel Tắm Pháp Le Petit Marseillais Thiên Nhiên 250ml - Sữa Tắm Lưu Hương Lành Tính - Dịu Nhẹ, An Toàn Cho Da","Quả Mâm Xôi & Hoa Mẫu Đơn, Standard",1732250914985052380,ST48441,184500,279900,VND,1,Thanh toán khi giao hàng,Đang xử lý,ahau.phuongthao,Video,7654094102811659528,fixed commission,,,,12,184500,22140,,,,,,,,0,0,23/06/2026 08:26:48,24/06/2026 18:39:16,23/06/2026 08:26:49,24/06/2026 18:39:16,,25/06/2026 08:22:15,TTS,Open/Target Collaboration
584662736039413472,1732250928810920156,"Sữa Tắm/Gel Tắm Pháp Le Petit Marseillais Thiên Nhiên 250ml - Sữa Tắm Lưu Hương Lành Tính - Dịu Nhẹ, An Toàn Cho Da","Quả Mâm Xôi & Hoa Mẫu Đơn, Standard",1732250914985052380,ST48441,204950,282045,VND,1,Thanh toán khi giao hàng,Đang xử lý,ahau.phuongthao,Video,7654094102811659528,fixed commission,,,,12,204950,24594,,,,,,,,0,0,23/06/2026 08:46:00,24/06/2026 17:56:41,23/06/2026 08:46:02,24/06/2026 17:56:41,,25/06/2026 08:13:01,TTS,Open/Target Collaboration
584662736039413472,1732250928810920156,"Sữa Tắm/Gel Tắm Pháp Le Petit Marseillais Thiên Nhiên 250ml - Sữa Tắm Lưu Hương Lành Tính - Dịu Nhẹ, An Toàn Cho Da","Đào Trắng & Quả Xuân Đào, Standard",1732250914985380060,ST01240,204950,282046,VND,1,Thanh toán khi giao hàng,Đang xử lý,ahau.phuongthao,Video,7654094102811659528,fixed commission,,,,12,204950,24594,,,,,,,,0,0,23/06/2026 08:46:00,24/06/2026 17:56:41,23/06/2026 08:46:02,24/06/2026 17:56:41,,25/06/2026 08:13:01,TTS,Open/Target Collaboration
584662736039413472,1734496604995683548,Xà Phòng Le Petit Marseillais Chính Hãng Bánh Xà Phòng Tắm Thiên Nhiên (Ngẫu nhiên)  1 Bánh,Mặc định,1734496577198523612,1 BÁNH-XP,0,2009,VND,1,Thanh toán khi giao hàng,Đang xử lý,louisreviewz,Chương trình Lưu lượng truy cập bên ngoài,,fixed commission,,,,,0,,,,,,,,,0,0,23/06/2026 08:46:00,24/06/2026 17:56:41,23/06/2026 08:46:02,24/06/2026 17:56:41,,25/06/2026 08:13:01,TTS,Open/Target Collaboration
584662926638090207,1732250928810920156,"Sữa Tắm/Gel Tắm Pháp Le Petit Marseillais Thiên Nhiên 250ml - Sữa Tắm Lưu Hương Lành Tính - Dịu Nhẹ, An Toàn Cho Da","Quả Mâm Xôi & Hoa Mẫu Đơn, Standard",1732250914985052380,ST48441,184500,289550,VND,1,Thanh toán khi giao hàng,Đang xử lý,ahau.phuongthao,Video,7654094102811659528,fixed commission,,,,12,184500,22140,,,,,,,,0,0,23/06/2026 09:03:37,24/06/2026 13:23:10,23/06/2026 09:03:38,24/06/2026 13:23:10,,25/06/2026 11:40:11,TTS,Open/Target Collaboration
584662939817444630,1732250928810920156,"Sữa Tắm/Gel Tắm Pháp Le Petit Marseillais Thiên Nhiên 250ml - Sữa Tắm Lưu Hương Lành Tính - Dịu Nhẹ, An Toàn Cho Da","Quả Mâm Xôi & Hoa Mẫu Đơn, Standard",1732250914985052380,ST48441,205000,276750,VND,1,Thanh toán khi giao hàng,Đang xử lý,ahau.phuongthao,Video,7654094102811659528,fixed commission,,,,12,205000,24600,,,,,,,,0,0,23/06/2026 09:04:41,24/06/2026 19:03:42,23/06/2026 09:04:44,24/06/2026 19:03:42,,25/06/2026 10:16:38,TTS,Open/Target Collaboration
584663083242980737,1732250928810920156,"Sữa Tắm/Gel Tắm Pháp Le Petit Marseillais Thiên Nhiên 250ml - Sữa Tắm Lưu Hương Lành Tính - Dịu Nhẹ, An Toàn Cho Da","Quả Mâm Xôi & Hoa Mẫu Đơn, Standard",1732250914985052380,ST48441,205000,278300,VND,1,Thanh toán khi giao hàng,Đang xử lý,ahau.phuongthao,Video,7654094102811659528,fixed commission,,,,12,205000,24600,,,,,,,,0,0,23/06/2026 09:18:47,24/06/2026 10:09:54,23/06/2026 09:18:48,24/06/2026 10:09:54,,25/06/2026 08:42:03,TTS,Open/Target Collaboration
584663181915423908,1732250928810920156,"Sữa Tắm/Gel Tắm Pháp Le Petit Marseillais Thiên Nhiên 250ml - Sữa Tắm Lưu Hương Lành Tính - Dịu Nhẹ, An Toàn Cho Da","Quả Mâm Xôi & Hoa Mẫu Đơn, Standard",1732250914985052380,ST48441,189000,279900,VND,1,Không áp dụng thanh toán khi giao hàng,Đang xử lý,ahau.phuongthao,Video,7654094102811659528,fixed commission,,,,12,189000,22680,,,,,,,,0,0,23/06/2026 09:21:49,23/06/2026 09:21:54,23/06/2026 09:21:56,24/06/2026 15:46:52,,25/06/2026 08:09:04,TTS,Open/Target Collaboration
584663287965189338,1732250760944257244,"Sữa Tắm/Gel Tắm Pháp Le Petit Marseillais Chiết Xuất Thiên Nhiên 650ml - Sữa Tắm Lưu Hương Lành Tính - Dịu Nhẹ, An Toàn Cho Da","Dừa, Standard",1732250801269147868,ST06999,395000,526280,VND,1,Thanh toán khi giao hàng,Đang xử lý,thaocanview,Video,7639362324603686164,fixed commission,,,,,395000,,,,3,11850,,,,0,0,23/06/2026 09:29:25,24/06/2026 18:26:07,23/06/2026 09:29:26,24/06/2026 18:26:07,,25/06/2026 10:33:53,TTS,Open/Target Collaboration
584663287965189338,1732250760944257244,"Sữa Tắm/Gel Tắm Pháp Le Petit Marseillais Chiết Xuất Thiên Nhiên 650ml - Sữa Tắm Lưu Hương Lành Tính - Dịu Nhẹ, An Toàn Cho Da","Thông & Bạch Đàn Biển, Standard",1732250801268689116,ST01902,395000,526280,VND,1,Thanh toán khi giao hàng,Đang xử lý,thaocanview,Video,7639362324603686164,fixed commission,,,,,395000,,,,3,11850,,,,0,0,23/06/2026 09:29:25,24/06/2026 18:26:07,23/06/2026 09:29:26,24/06/2026 18:26:07,,25/06/2026 10:33:53,TTS,Open/Target Collaboration
584663536983770797,1732250928810920156,"Sữa Tắm/Gel Tắm Pháp Le Petit Marseillais Thiên Nhiên 250ml - Sữa Tắm Lưu Hương Lành Tính - Dịu Nhẹ, An Toàn Cho Da","Quả Mâm Xôi & Hoa Mẫu Đơn, Standard",1732250914985052380,ST48441,205000,286850,VND,1,Thanh toán khi giao hàng,Đang xử lý,ahau.phuongthao,Video,7654094102811659528,fixed commission,,,,12,205000,24600,,,,,,,,0,0,23/06/2026 09:48:36,25/06/2026 10:20:54,23/06/2026 09:48:38,25/06/2026 10:20:54,,26/06/2026 09:59:49,TTS,Open/Target Collaboration
584663508359677692,1732250928810920156,"Sữa Tắm/Gel Tắm Pháp Le Petit Marseillais Thiên Nhiên 250ml - Sữa Tắm Lưu Hương Lành Tính - Dịu Nhẹ, An Toàn Cho Da","Quả Mâm Xôi & Hoa Mẫu Đơn, Standard",1732250914985052380,ST48441,205000,282450,VND,1,Thanh toán khi giao hàng,Đang xử lý,ahau.phuongthao,Video,7654094102811659528,fixed commission,,,,12,205000,24600,,,,,,,,0,0,23/06/2026 09:51:55,24/06/2026 20:30:05,23/06/2026 09:51:56,24/06/2026 20:30:05,,25/06/2026 07:51:19,TTS,Open/Target Collaboration
584663651258828375,1732250928810920156,"Sữa Tắm/Gel Tắm Pháp Le Petit Marseillais Thiên Nhiên 250ml - Sữa Tắm Lưu Hương Lành Tính - Dịu Nhẹ, An Toàn Cho Da","Quả Mâm Xôi & Hoa Mẫu Đơn, Standard",1732250914985052380,ST48441,184500,279900,VND,1,Thanh toán khi giao hàng,Đang xử lý,ahau.phuongthao,Video,7654094102811659528,fixed commission,,,,12,184500,22140,,,,,,,,0,0,23/06/2026 09:54:40,24/06/2026 18:11:06,23/06/2026 09:54:41,24/06/2026 18:11:06,,25/06/2026 12:10:44,TTS,Open/Target Collaboration
584663611994965248,1732250928810920156,"Sữa Tắm/Gel Tắm Pháp Le Petit Marseillais Thiên Nhiên 250ml - Sữa Tắm Lưu Hương Lành Tính - Dịu Nhẹ, An Toàn Cho Da","Quả Mâm Xôi & Hoa Mẫu Đơn, Standard",1732250914985052380,ST48441,205000,289750,VND,1,Thanh toán khi giao hàng,Đang xử lý,ahau.phuongthao,Video,7654094102811659528,fixed commission,,,,12,205000,24600,,,,,,,,0,0,23/06/2026 09:54:44,25/06/2026 18:45:36,23/06/2026 09:54:45,25/06/2026 18:45:36,,26/06/2026 08:30:15,TTS,Open/Target Collaboration
584663665863656991,1732250928810920156,"Sữa Tắm/Gel Tắm Pháp Le Petit Marseillais Thiên Nhiên 250ml - Sữa Tắm Lưu Hương Lành Tính - Dịu Nhẹ, An Toàn Cho Da","Quả Mâm Xôi & Hoa Mẫu Đơn, Standard",1732250914985052380,ST48441,205000,279900,VND,1,Thanh toán khi giao hàng,Đang xử lý,ahau.phuongthao,Video,7654094102811659528,fixed commission,,,,12,205000,24600,,,,,,,,0,0,23/06/2026 09:58:35,26/06/2026 10:24:11,23/06/2026 09:58:36,26/06/2026 10:24:11,,27/06/2026 13:42:39,TTS,Open/Target Collaboration
584663731312953338,1732250928810920156,"Sữa Tắm/Gel Tắm Pháp Le Petit Marseillais Thiên Nhiên 250ml - Sữa Tắm Lưu Hương Lành Tính - Dịu Nhẹ, An Toàn Cho Da","Quả Mâm Xôi & Hoa Mẫu Đơn, Standard",1732250914985052380,ST48441,174250,279400,VND,1,Thanh toán khi giao hàng,Đang xử lý,ahau.phuongthao,Video,7654094102811659528,fixed commission,,,,12,174250,20910,,,,,,,,0,0,23/06/2026 10:03:32,24/06/2026 18:40:12,23/06/2026 10:03:33,24/06/2026 18:40:12,,25/06/2026 10:33:59,TTS,Open/Target Collaboration
584663850102457431,1732250928810920156,"Sữa Tắm/Gel Tắm Pháp Le Petit Marseillais Thiên Nhiên 250ml - Sữa Tắm Lưu Hương Lành Tính - Dịu Nhẹ, An Toàn Cho Da","Quả Mâm Xôi & Hoa Mẫu Đơn, Standard",1732250914985052380,ST48441,205000,289550,VND,1,Thanh toán khi giao hàng,Đã hủy,ahau.phuongthao,Video,7654094102811659528,fixed commission,0,0,0,12,205000,24600,,,,,,,,0,0,23/06/2026 10:11:53,,23/06/2026 10:11:56,,,,TTS,Open/Target Collaboration
584663884312970704,1733205919089657052,Dầu Gội Trẻ Em 2in1 94% Thiên Nhiên Le Petit Marseillais Giúp Gỡ Rối Tóc Nhiều Mùi Hương 300ml,Quả đào & mơ 0435,1733205957881660636,DG90435,264000,464000,VND,1,Không áp dụng thanh toán khi giao hàng,Đã hoàn thành,lepetitmarseillaisvn,Video,7598046944103025941,fixed commission,,,,,264000,,0,,,,,,,1,0,23/06/2026 10:16:36,23/06/2026 10:16:41,23/06/2026 10:16:42,24/06/2026 11:13:41,29/06/2026 16:33:34,,TTS,Open/Target Collaboration
584664293556061728,1732250928810920156,"Sữa Tắm/Gel Tắm Pháp Le Petit Marseillais Thiên Nhiên 250ml - Sữa Tắm Lưu Hương Lành Tính - Dịu Nhẹ, An Toàn Cho Da","Quả Mâm Xôi & Hoa Mẫu Đơn, Standard",1732250914985052380,ST48441,205000,295800,VND,1,Thanh toán khi giao hàng,Đang xử lý,ahau.phuongthao,Video,7654094102811659528,fixed commission,,,,12,205000,24600,,,,,,,,0,0,23/06/2026 10:43:50,24/06/2026 15:57:20,23/06/2026 10:43:52,24/06/2026 15:57:20,,25/06/2026 07:30:21,TTS,Open/Target Collaboration
584665435535017912,1732250928810920156,"Sữa Tắm/Gel Tắm Pháp Le Petit Marseillais Thiên Nhiên 250ml - Sữa Tắm Lưu Hương Lành Tính - Dịu Nhẹ, An Toàn Cho Da","Đào Trắng & Quả Xuân Đào, Standard",1732250914985380060,ST01240,205000,286850,VND,1,Thanh toán khi giao hàng,Đang xử lý,ahau.phuongthao,Video,7654094102811659528,fixed commission,,,,12,205000,24600,,,,,,,,0,0,23/06/2026 12:06:01,24/06/2026 22:42:05,23/06/2026 12:06:02,24/06/2026 22:42:05,,25/06/2026 07:21:31,TTS,Open/Target Collaboration
584667072885917320,1732250760944257244,"Sữa Tắm/Gel Tắm Pháp Le Petit Marseillais Chiết Xuất Thiên Nhiên 650ml - Sữa Tắm Lưu Hương Lành Tính - Dịu Nhẹ, An Toàn Cho Da","Thông & Bạch Đàn Biển, Standard",1732250801268689116,ST01902,395000,545267,VND,1,Thanh toán khi giao hàng,Đang xử lý,thaocanview,Video,7637538562224721172,fixed commission,,,,8,395000,31600,,,,,,,,0,0,23/06/2026 14:02:01,24/06/2026 12:22:51,23/06/2026 14:02:03,24/06/2026 12:22:51,,25/06/2026 07:40:05,TTS,Open/Target Collaboration
584667366062524106,1735774087556334812,Sữa Tắm Le Petit Marseillais Đào Trắng Hữu Cơ Và Xuân Đào Hữu Cơ 92% Tự Nhiên 650ml,Mặc định,1735774228533773532,ST01288,400000,542640,VND,1,Không áp dụng thanh toán khi giao hàng,Đã hủy,iflytek02,Chương trình Lưu lượng truy cập bên ngoài,,fixed commission,,,,4,400000,16000,,,,,,,,0,0,23/06/2026 14:23:26,23/06/2026 14:23:37,23/06/2026 14:23:38,,,,TTS,Open/Target Collaboration
584667677340108007,1732250928810920156,"Sữa Tắm/Gel Tắm Pháp Le Petit Marseillais Thiên Nhiên 250ml - Sữa Tắm Lưu Hương Lành Tính - Dịu Nhẹ, An Toàn Cho Da","Vani, Standard",1732250914985183452,ST00526,205000,279900,VND,1,Thanh toán khi giao hàng,Đang xử lý,ahau.phuongthao,Video,7654094102811659528,fixed commission,,,,12,205000,24600,,,,,,,,0,0,23/06/2026 14:47:29,24/06/2026 21:02:49,23/06/2026 14:47:30,24/06/2026 21:02:49,,25/06/2026 11:44:43,TTS,Open/Target Collaboration
584669009939498561,1732250928810920156,"Sữa Tắm/Gel Tắm Pháp Le Petit Marseillais Thiên Nhiên 250ml - Sữa Tắm Lưu Hương Lành Tính - Dịu Nhẹ, An Toàn Cho Da","Quả Mâm Xôi & Hoa Mẫu Đơn, Standard",1732250914985052380,ST48441,205000,286000,VND,1,Thanh toán khi giao hàng,Đang xử lý,ahau.phuongthao,Video,7654094102811659528,fixed commission,,,,12,205000,24600,,,,,,,,0,0,23/06/2026 16:28:25,24/06/2026 19:29:03,23/06/2026 16:28:26,24/06/2026 19:29:03,,25/06/2026 08:29:34,TTS,Open/Target Collaboration
584669138026464782,1732252961260865756,"Dầu Gội Thiên Nhiên Le Petit Marseillais Nhiều Mùi Hương 250ml Dưỡng Ẩm, Thơm Lâu - Phù Hợp Mọi Loại Da",Hương lựu 7450,1733206092187469020,DG37450,202500,384800,VND,1,Thanh toán khi giao hàng,Đang xử lý,tuyetcookies,Video,7561391524253109512,fixed commission,,,,8,202500,16200,,,,,,,,0,0,23/06/2026 16:31:18,25/06/2026 18:04:21,23/06/2026 16:31:20,25/06/2026 18:04:21,,26/06/2026 11:06:44,TTS,Open/Target Collaboration
584670857218655761,1732251815880067292,"Sữa Tắm Pháp Le Petit Marseillais Cho Nam Chiết Xuất Thiên Nhiên 4in1 Nhiều Mùi Hương Dưỡng Ẩm, Thơm Lâu - Phù Hợp Mọi Loại Da (250ml)","Hương Gỗ Tuyết Tùng & Dương Xỉ, Standard",1732251749141219548,ST01172,205000,286850,VND,1,Thanh toán khi giao hàng,Đang xử lý,man.trung.737,Video,7595064670482877717,fixed commission,,,,8,205000,16400,,,,,,,,0,0,23/06/2026 18:46:12,25/06/2026 20:45:25,23/06/2026 18:46:13,25/06/2026 20:45:22,,26/06/2026 09:47:22,TTS,Open/Target Collaboration
584671258573965164,1732250928810920156,"Sữa Tắm/Gel Tắm Pháp Le Petit Marseillais Thiên Nhiên 250ml - Sữa Tắm Lưu Hương Lành Tính - Dịu Nhẹ, An Toàn Cho Da","Vani, Standard",1732250914985183452,ST00526,153750,279900,VND,1,Thanh toán khi giao hàng,Đang xử lý,ahau.phuongthao,Video,7654094102811659528,fixed commission,,,,12,153750,18450,,,,,,,,0,0,23/06/2026 19:08:33,26/06/2026 16:51:45,23/06/2026 19:08:34,26/06/2026 16:51:45,,27/06/2026 08:09:21,TTS,Open/Target Collaboration
584671476747306618,1732250928810920156,"Sữa Tắm/Gel Tắm Pháp Le Petit Marseillais Thiên Nhiên 250ml - Sữa Tắm Lưu Hương Lành Tính - Dịu Nhẹ, An Toàn Cho Da","Quả Mâm Xôi & Hoa Mẫu Đơn, Standard",1732250914985052380,ST48441,205000,279900,VND,1,Thanh toán khi giao hàng,Đang xử lý,ahau.phuongthao,Video,7654094102811659528,fixed commission,,,,12,205000,24600,,,,,,,,0,0,23/06/2026 19:28:34,25/06/2026 19:04:46,23/06/2026 19:28:38,25/06/2026 19:04:46,,26/06/2026 11:30:05,TTS,Open/Target Collaboration
584671725819365186,1732250760944257244,"Sữa Tắm/Gel Tắm Pháp Le Petit Marseillais Chiết Xuất Thiên Nhiên 650ml - Sữa Tắm Lưu Hương Lành Tính - Dịu Nhẹ, An Toàn Cho Da","Đào Trắng & Quả Xuân Đào, Standard",1732250801269016796,ST01288,323900,530400,VND,1,Không áp dụng thanh toán khi giao hàng,Đang xử lý,ahau.phuongthao,Video,7654094102811659528,fixed commission,,,,12,323900,38868,,,,,,,,0,0,23/06/2026 19:45:41,23/06/2026 19:45:46,23/06/2026 19:45:47,25/06/2026 12:50:31,,26/06/2026 10:39:46,TTS,Open/Target Collaboration
584672072960673187,1731317167366243548,[Quà tặng không bán] Bông Tắm Tạo Bọt Mềm Mịn,Mặc định,1731317148230255836,BONG TAM HQ,0,17550,VND,1,Thanh toán khi giao hàng,Đang xử lý,lepetitmarseillaisvn,Phát trực tiếp,7654569106275961607,fixed commission,,,,,0,,,,,,,,,0,0,23/06/2026 20:07:41,25/06/2026 10:29:34,23/06/2026 20:07:42,25/06/2026 10:29:34,,,TTS,Open/Target Collaboration
584672072960673187,1732251815880067292,"Sữa Tắm Pháp Le Petit Marseillais Cho Nam Chiết Xuất Thiên Nhiên 4in1 Nhiều Mùi Hương Dưỡng Ẩm, Thơm Lâu - Phù Hợp Mọi Loại Da (250ml)","Hương Gỗ Tuyết Tùng & Dương Xỉ, Standard",1732251749141219548,ST01172,182450,289550,VND,1,Thanh toán khi giao hàng,Đang xử lý,lepetitmarseillaisvn,Phát trực tiếp,7654569106275961607,fixed commission,,,,,182450,,,,,,,,,0,0,23/06/2026 20:07:41,25/06/2026 10:29:34,23/06/2026 20:07:42,25/06/2026 10:29:34,,,TTS,Open/Target Collaboration
584672126551295116,1732251815880067292,"Sữa Tắm Pháp Le Petit Marseillais Cho Nam Chiết Xuất Thiên Nhiên 4in1 Nhiều Mùi Hương Dưỡng Ẩm, Thơm Lâu - Phù Hợp Mọi Loại Da (250ml)","Hương Thông & Bạch Đàn Biển, Standard",1732251749141154012,ST01356,176300,286850,VND,1,Thanh toán khi giao hàng,Đang xử lý,lepetitmarseillaisvn,Phát trực tiếp,7654569106275961607,fixed commission,,,,,176300,,,,,,,,,0,0,23/06/2026 20:10:23,25/06/2026 10:18:40,23/06/2026 20:10:24,25/06/2026 10:18:40,,,TTS,Open/Target Collaboration
584672126551295116,1731317167366243548,[Quà tặng không bán] Bông Tắm Tạo Bọt Mềm Mịn,Mặc định,1731317148230255836,BONG TAM HQ,0,14850,VND,1,Thanh toán khi giao hàng,Đang xử lý,lepetitmarseillaisvn,Phát trực tiếp,7654569106275961607,fixed commission,,,,,0,,,,,,,,,0,0,23/06/2026 20:10:23,25/06/2026 10:18:40,23/06/2026 20:10:24,25/06/2026 10:18:40,,,TTS,Open/Target Collaboration
584672356056205287,1732250928810920156,"Sữa Tắm/Gel Tắm Pháp Le Petit Marseillais Thiên Nhiên 250ml - Sữa Tắm Lưu Hương Lành Tính - Dịu Nhẹ, An Toàn Cho Da","Quả Mâm Xôi & Hoa Mẫu Đơn, Standard",1732250914985052380,ST48441,210000,279773,VND,1,Không áp dụng thanh toán khi giao hàng,Đang xử lý,ahau.phuongthao,Video,7654094102811659528,fixed commission,,,,12,210000,25200,,,,,,,,0,0,23/06/2026 20:19:55,23/06/2026 20:20:00,23/06/2026 20:20:01,26/06/2026 08:06:32,,27/06/2026 12:24:25,TTS,Open/Target Collaboration
584672356056205287,1732250928810920156,"Sữa Tắm/Gel Tắm Pháp Le Petit Marseillais Thiên Nhiên 250ml - Sữa Tắm Lưu Hương Lành Tính - Dịu Nhẹ, An Toàn Cho Da","Vani, Standard",1732250914985183452,ST00526,210000,279772,VND,1,Không áp dụng thanh toán khi giao hàng,Đang xử lý,ahau.phuongthao,Video,7654094102811659528,fixed commission,,,,12,210000,25200,,,,,,,,0,0,23/06/2026 20:19:55,23/06/2026 20:20:00,23/06/2026 20:20:01,26/06/2026 08:06:32,,27/06/2026 12:24:25,TTS,Open/Target Collaboration
584672356056205287,1734496604995683548,Xà Phòng Le Petit Marseillais Chính Hãng Bánh Xà Phòng Tắm Thiên Nhiên (Ngẫu nhiên)  1 Bánh,Mặc định,1734496577198523612,1 BÁNH-XP,0,1555,VND,1,Không áp dụng thanh toán khi giao hàng,Đang xử lý,iflytek02,Chương trình Lưu lượng truy cập bên ngoài,,fixed commission,,,,,0,,,,,,,,,0,0,23/06/2026 20:19:55,23/06/2026 20:20:00,23/06/2026 20:20:01,26/06/2026 08:06:32,,27/06/2026 12:24:25,TTS,Open/Target Collaboration
584672418554676358,1734496604995683548,Xà Phòng Le Petit Marseillais Chính Hãng Bánh Xà Phòng Tắm Thiên Nhiên (Ngẫu nhiên)  1 Bánh,Mặc định,1734496577198523612,1 BÁNH-XP,0,4243,VND,1,Thanh toán khi giao hàng,Đang xử lý,lepetitmarseillaisvn,Phát trực tiếp,7654569106275961607,fixed commission,,,,,0,,,,,,,,,0,0,23/06/2026 20:25:28,25/06/2026 18:48:57,23/06/2026 20:25:30,25/06/2026 18:48:57,,,TTS,Open/Target Collaboration
584672418554676358,1735910664928920796,Combo 2 Sữa Tắm Nam Le Petit Marseillais 4in1 Cho Tóc Mặt Râu Toàn Thân 250ml,"Gỗ Tuyết Tùng Và Dương Xỉ, Gỗ Tuyết Tùng Và Dương Xỉ",1735912571877950684,ST01172 x 2,302400,575457,VND,1,Thanh toán khi giao hàng,Đang xử lý,lepetitmarseillaisvn,Phát trực tiếp,7654569106275961607,fixed commission,,,,,302400,,,,,,,,,0,0,23/06/2026 20:25:28,25/06/2026 18:48:57,23/06/2026 20:25:30,25/06/2026 18:48:57,,,TTS,Open/Target Collaboration
584672495170716737,1735910664928920796,Combo 2 Sữa Tắm Nam Le Petit Marseillais 4in1 Cho Tóc Mặt Râu Toàn Thân 250ml,"Gỗ Cam & Dầu Argan , Gỗ Tuyết Tùng Và Dương Xỉ",1735912571878278364,ST01431 + ST01172,364900,563543,VND,1,Thanh toán khi giao hàng,Đang xử lý,lepetitmarseillaisvn,Phát trực tiếp,7654569106275961607,fixed commission,,,,,364900,,,,,,,,,0,0,23/06/2026 20:31:53,25/06/2026 12:39:43,23/06/2026 20:31:54,25/06/2026 12:39:43,,,TTS,Open/Target Collaboration
584672495170716737,1734496604995683548,Xà Phòng Le Petit Marseillais Chính Hãng Bánh Xà Phòng Tắm Thiên Nhiên (Ngẫu nhiên)  1 Bánh,Mặc định,1734496577198523612,1 BÁNH-XP,0,2257,VND,1,Thanh toán khi giao hàng,Đang xử lý,lepetitmarseillaisvn,Phát trực tiếp,7654569106275961607,fixed commission,,,,,0,,,,,,,,,0,0,23/06/2026 20:31:53,25/06/2026 12:39:43,23/06/2026 20:31:54,25/06/2026 12:39:43,,,TTS,Open/Target Collaboration
584672615111427576,1732251932571175132,"Sữa Dưỡng Thể 24h Le Petit Marseillais Nhiều Mùi Hương 400ml Dưỡng Ẩm, Thơm Lâu - Phù Hợp Mọi Loại Da","Bơ Hạt Mỡ, Hạnh Nhân, Dầu Argan, Standard",1732251916621613276,DT83916,406700,671500,VND,1,Thanh toán khi giao hàng,Đang xử lý,lepetitmarseillaisvn,Phát trực tiếp,7654569106275961607,fixed commission,,,,,406700,,,,,,,,,0,0,23/06/2026 20:36:29,26/06/2026 19:25:09,23/06/2026 20:36:30,26/06/2026 19:25:09,,,TTS,Open/Target Collaboration
584672686663108161,1731317167366243548,[Quà tặng không bán] Bông Tắm Tạo Bọt Mềm Mịn,Mặc định,1731317148230255836,BONG TAM HQ,0,10200,VND,1,Thanh toán khi giao hàng,Đang xử lý,lepetitmarseillaisvn,Phát trực tiếp,7654569106275961607,fixed commission,,,,,0,,,,,,,,,0,0,23/06/2026 20:45:05,25/06/2026 10:27:02,23/06/2026 20:45:06,25/06/2026 10:27:02,,,TTS,Open/Target Collaboration
584672686663108161,1732250760944257244,"Sữa Tắm/Gel Tắm Pháp Le Petit Marseillais Chiết Xuất Thiên Nhiên 650ml - Sữa Tắm Lưu Hương Lành Tính - Dịu Nhẹ, An Toàn Cho Da","Thông & Bạch Đàn Biển, Standard",1732250801268689116,ST01902,327850,539400,VND,1,Thanh toán khi giao hàng,Đang xử lý,lepetitmarseillaisvn,Phát trực tiếp,7654569106275961607,fixed commission,,,,,327850,,,,,,,,,0,0,23/06/2026 20:45:05,25/06/2026 10:27:02,23/06/2026 20:45:06,25/06/2026 10:27:02,,,TTS,Open/Target Collaboration
584672747845879361,1734496604995683548,Xà Phòng Le Petit Marseillais Chính Hãng Bánh Xà Phòng Tắm Thiên Nhiên (Ngẫu nhiên)  1 Bánh,Mặc định,1734496577198523612,1 BÁNH-XP,0,3814,VND,1,Thanh toán khi giao hàng,Đang xử lý,lepetitmarseillaisvn,Phát trực tiếp,7654569106275961607,fixed commission,,,,,0,,,,,,,,,0,0,23/06/2026 20:45:25,25/06/2026 10:27:03,23/06/2026 20:45:26,25/06/2026 10:27:03,,,TTS,Open/Target Collaboration
584672747845879361,1735910664928920796,Combo 2 Sữa Tắm Nam Le Petit Marseillais 4in1 Cho Tóc Mặt Râu Toàn Thân 250ml,"Gỗ Tuyết Tùng Và Dương Xỉ, Gỗ Tuyết Tùng Và Dương Xỉ",1735912571877950684,ST01172 x 2,313740,572886,VND,1,Thanh toán khi giao hàng,Đang xử lý,lepetitmarseillaisvn,Phát trực tiếp,7654569106275961607,fixed commission,,,,,313740,,,,,,,,,0,0,23/06/2026 20:45:25,25/06/2026 10:27:03,23/06/2026 20:45:26,25/06/2026 10:27:03,,,TTS,Open/Target Collaboration
584672837223024429,1735910664928920796,Combo 2 Sữa Tắm Nam Le Petit Marseillais 4in1 Cho Tóc Mặt Râu Toàn Thân 250ml,"Gỗ Tuyết Tùng Và Dương Xỉ, Gỗ Tuyết Tùng Và Dương Xỉ",1735912571877950684,ST01172 x 2,313740,580086,VND,1,Thanh toán khi giao hàng,Đang xử lý,lepetitmarseillaisvn,Phát trực tiếp,7654569106275961607,fixed commission,,,,,313740,,,,,,,,,0,0,23/06/2026 20:46:48,25/06/2026 20:16:36,23/06/2026 20:46:49,25/06/2026 20:16:36,,,TTS,Open/Target Collaboration
584672837223024429,1734496604995683548,Xà Phòng Le Petit Marseillais Chính Hãng Bánh Xà Phòng Tắm Thiên Nhiên (Ngẫu nhiên)  1 Bánh,Mặc định,1734496577198523612,1 BÁNH-XP,0,5014,VND,1,Thanh toán khi giao hàng,Đang xử lý,lepetitmarseillaisvn,Phát trực tiếp,7654569106275961607,fixed commission,,,,,0,,,,,,,,,0,0,23/06/2026 20:46:48,25/06/2026 20:16:36,23/06/2026 20:46:49,25/06/2026 20:16:36,,,TTS,Open/Target Collaboration
584673819767965483,1732251815880067292,"Sữa Tắm Pháp Le Petit Marseillais Cho Nam Chiết Xuất Thiên Nhiên 4in1 Nhiều Mùi Hương Dưỡng Ẩm, Thơm Lâu - Phù Hợp Mọi Loại Da (250ml)","Hương Gỗ Tuyết Tùng & Dương Xỉ, Standard",1732251749141219548,ST01172,197000,295800,VND,1,Thanh toán khi giao hàng,Đang xử lý,man.trung.737,Video,7595064670482877717,fixed commission,,,,8,197000,15760,,,,,,,,0,0,23/06/2026 21:53:30,26/06/2026 09:22:29,23/06/2026 21:53:31,26/06/2026 09:22:29,,27/06/2026 13:42:33,TTS,Open/Target Collaboration
584674006569354581,1732250928810920156,"Sữa Tắm/Gel Tắm Pháp Le Petit Marseillais Thiên Nhiên 250ml - Sữa Tắm Lưu Hương Lành Tính - Dịu Nhẹ, An Toàn Cho Da","Quả Mâm Xôi & Hoa Mẫu Đơn, Standard",1732250914985052380,ST48441,184500,279900,VND,1,Thanh toán khi giao hàng,Đang xử lý,ahau.phuongthao,Video,7654094102811659528,fixed commission,,,,12,184500,22140,,,,,,,,0,0,23/06/2026 22:04:26,26/06/2026 08:55:02,23/06/2026 22:04:27,26/06/2026 08:55:02,,27/06/2026 08:50:15,TTS,Open/Target Collaboration
584674873634621293,1732250928810920156,"Sữa Tắm/Gel Tắm Pháp Le Petit Marseillais Thiên Nhiên 250ml - Sữa Tắm Lưu Hương Lành Tính - Dịu Nhẹ, An Toàn Cho Da","Quả Mâm Xôi & Hoa Mẫu Đơn, Standard",1732250914985052380,ST48441,205000,286850,VND,1,Không áp dụng thanh toán khi giao hàng,Đang xử lý,ahau.phuongthao,Video,7654094102811659528,fixed commission,,,,12,205000,24600,,,,,,,,0,0,23/06/2026 23:09:50,23/06/2026 23:09:51,23/06/2026 23:09:52,25/06/2026 15:21:33,,26/06/2026 10:00:42,TTS,Open/Target Collaboration
584676056760747388,1732250928810920156,"Sữa Tắm/Gel Tắm Pháp Le Petit Marseillais Thiên Nhiên 250ml - Sữa Tắm Lưu Hương Lành Tính - Dịu Nhẹ, An Toàn Cho Da","Quả Mâm Xôi & Hoa Mẫu Đơn, Standard",1732250914985052380,ST48441,189000,279900,VND,1,Thanh toán khi giao hàng,Đang xử lý,ahau.phuongthao,Video,7654094102811659528,fixed commission,,,,12,189000,22680,,,,,,,,0,0,24/06/2026 02:03:00,25/06/2026 18:12:53,24/06/2026 02:03:01,25/06/2026 18:12:53,,26/06/2026 08:14:20,TTS,Open/Target Collaboration
584676324456302274,1732251815880067292,"Sữa Tắm Pháp Le Petit Marseillais Cho Nam Chiết Xuất Thiên Nhiên 4in1 Nhiều Mùi Hương Dưỡng Ẩm, Thơm Lâu - Phù Hợp Mọi Loại Da (250ml)","Hương Gỗ Tuyết Tùng & Dương Xỉ, Standard",1732251749141219548,ST01172,176300,279900,VND,1,Thanh toán khi giao hàng,Đã hủy,man.trung.737,Video,7595064670482877717,fixed commission,0,0,0,8,176300,14104,,,,,,,,0,0,24/06/2026 03:27:00,,24/06/2026 03:27:01,,,,TTS,Open/Target Collaboration
584676938104407402,1732250928810920156,"Sữa Tắm/Gel Tắm Pháp Le Petit Marseillais Thiên Nhiên 250ml - Sữa Tắm Lưu Hương Lành Tính - Dịu Nhẹ, An Toàn Cho Da","Quả Mâm Xôi & Hoa Mẫu Đơn, Standard",1732250914985052380,ST48441,205000,279900,VND,1,Thanh toán khi giao hàng,Đang xử lý,ahau.phuongthao,Video,7654094102811659528,fixed commission,,,,12,205000,24600,,,,,,,,0,0,24/06/2026 05:52:12,25/06/2026 19:12:58,24/06/2026 05:52:14,25/06/2026 19:12:58,,26/06/2026 10:55:17,TTS,Open/Target Collaboration
584677118026024725,1732250928810920156,"Sữa Tắm/Gel Tắm Pháp Le Petit Marseillais Thiên Nhiên 250ml - Sữa Tắm Lưu Hương Lành Tính - Dịu Nhẹ, An Toàn Cho Da","Quả Mâm Xôi & Hoa Mẫu Đơn, Standard",1732250914985052380,ST48441,164000,279900,VND,1,Thanh toán khi giao hàng,Đang xử lý,ahau.phuongthao,Video,7654094102811659528,fixed commission,,,,12,164000,19680,,,,,,,,0,0,24/06/2026 06:20:33,25/06/2026 12:55:17,24/06/2026 06:20:35,25/06/2026 12:55:17,,26/06/2026 09:47:19,TTS,Open/Target Collaboration
584677496078698154,1732250928810920156,"Sữa Tắm/Gel Tắm Pháp Le Petit Marseillais Thiên Nhiên 250ml - Sữa Tắm Lưu Hương Lành Tính - Dịu Nhẹ, An Toàn Cho Da","Quả Mâm Xôi & Hoa Mẫu Đơn, Standard",1732250914985052380,ST48441,184500,286850,VND,1,Thanh toán khi giao hàng,Đang xử lý,ahau.phuongthao,Video,7654094102811659528,fixed commission,,,,12,184500,22140,,,,,,,,0,0,24/06/2026 07:01:20,25/06/2026 16:35:46,24/06/2026 07:01:21,25/06/2026 16:35:46,,26/06/2026 11:38:10,TTS,Open/Target Collaboration
584677631377900789,1732251815880067292,"Sữa Tắm Pháp Le Petit Marseillais Cho Nam Chiết Xuất Thiên Nhiên 4in1 Nhiều Mùi Hương Dưỡng Ẩm, Thơm Lâu - Phù Hợp Mọi Loại Da (250ml)","Hương Gỗ Tuyết Tùng & Dương Xỉ, Standard",1732251749141219548,ST01172,189000,279900,VND,1,Thanh toán khi giao hàng,Đang xử lý,man.trung.737,Video,7595064670482877717,fixed commission,,,,,189000,,,,3,5670,,,,0,0,24/06/2026 07:16:41,25/06/2026 21:03:39,24/06/2026 07:16:43,25/06/2026 21:03:39,,26/06/2026 08:40:38,TTS,Open/Target Collaboration
584677894898812188,1732250928810920156,"Sữa Tắm/Gel Tắm Pháp Le Petit Marseillais Thiên Nhiên 250ml - Sữa Tắm Lưu Hương Lành Tính - Dịu Nhẹ, An Toàn Cho Da","Hương Bông & Hoa Anh Túc, Standard",1732250914985117916,ST65434,210000,279900,VND,1,Thanh toán khi giao hàng,Đang xử lý,ahau.phuongthao,Video,7654094102811659528,fixed commission,,,,12,210000,25200,,,,,,,,0,0,24/06/2026 07:43:02,25/06/2026 09:46:01,24/06/2026 07:43:03,25/06/2026 09:46:01,,26/06/2026 08:24:07,TTS,Open/Target Collaboration
584678297681889105,1732251815880067292,"Sữa Tắm Pháp Le Petit Marseillais Cho Nam Chiết Xuất Thiên Nhiên 4in1 Nhiều Mùi Hương Dưỡng Ẩm, Thơm Lâu - Phù Hợp Mọi Loại Da (250ml)","Hương Gỗ Tuyết Tùng & Dương Xỉ, Standard",1732251749141219548,ST01172,164500,279900,VND,1,Thanh toán khi giao hàng,Đang xử lý,lailalunaaday,Video,7653692028374568199,fixed commission,,,,,164500,,,,3,4935,,,,0,0,24/06/2026 08:16:55,25/06/2026 15:00:36,24/06/2026 08:16:57,25/06/2026 15:00:36,,26/06/2026 09:01:36,TTS,Open/Target Collaboration
584679115664361417,1732251815880067292,"Sữa Tắm Pháp Le Petit Marseillais Cho Nam Chiết Xuất Thiên Nhiên 4in1 Nhiều Mùi Hương Dưỡng Ẩm, Thơm Lâu - Phù Hợp Mọi Loại Da (250ml)","Hương Gỗ Tuyết Tùng & Dương Xỉ, Standard",1732251749141219548,ST01172,205000,295800,VND,1,Thanh toán khi giao hàng,Đã hủy,man.trung.737,Video,7595064670482877717,fixed commission,0,0,0,,205000,,,,3,6150,,,,0,0,24/06/2026 09:29:54,,24/06/2026 09:29:55,,,,TTS,Open/Target Collaboration
584679232011863953,1732251815880067292,"Sữa Tắm Pháp Le Petit Marseillais Cho Nam Chiết Xuất Thiên Nhiên 4in1 Nhiều Mùi Hương Dưỡng Ẩm, Thơm Lâu - Phù Hợp Mọi Loại Da (250ml)","Hương Gỗ Tuyết Tùng & Dương Xỉ, Standard",1732251749141219548,ST01172,184500,279900,VND,1,Thanh toán khi giao hàng,Đã hủy,man.trung.737,Video,7595064670482877717,fixed commission,0,0,0,,184500,,,,3,5535,,,,0,0,24/06/2026 09:39:34,,24/06/2026 09:39:36,,,,TTS,Open/Target Collaboration
584679359757911798,1732250760944257244,"Sữa Tắm/Gel Tắm Pháp Le Petit Marseillais Chiết Xuất Thiên Nhiên 650ml - Sữa Tắm Lưu Hương Lành Tính - Dịu Nhẹ, An Toàn Cho Da","Thông & Bạch Đàn Biển, Standard",1732250801268689116,ST01902,335750,551400,VND,1,Không áp dụng thanh toán khi giao hàng,Đã hủy,phuongthi668,Video,7599458401982172436,fixed commission,,,,8,335750,26860,,,,,,,,0,0,24/06/2026 09:49:03,24/06/2026 09:49:08,24/06/2026 09:49:09,,,,TTS,Open/Target Collaboration
584679486052402547,1732251815880067292,"Sữa Tắm Pháp Le Petit Marseillais Cho Nam Chiết Xuất Thiên Nhiên 4in1 Nhiều Mùi Hương Dưỡng Ẩm, Thơm Lâu - Phù Hợp Mọi Loại Da (250ml)","Hương Gỗ Tuyết Tùng & Dương Xỉ, Standard",1732251749141219548,ST01172,205000,486273,VND,2,Thanh toán khi giao hàng,Đang xử lý,duongmanhkien19,Video,7578474458705382676,fixed commission,,,,,410000,,,,3,12300,,,,0,0,24/06/2026 09:55:50,25/06/2026 18:29:14,24/06/2026 09:55:52,25/06/2026 18:29:14,,26/06/2026 11:56:45,TTS,Open/Target Collaboration
584679737728927417,1732250760944257244,"Sữa Tắm/Gel Tắm Pháp Le Petit Marseillais Chiết Xuất Thiên Nhiên 650ml - Sữa Tắm Lưu Hương Lành Tính - Dịu Nhẹ, An Toàn Cho Da","Thông & Bạch Đàn Biển, Standard",1732250801268689116,ST01902,400000,545267,VND,1,Thanh toán khi giao hàng,Đang xử lý,duongmanhkien19,Video,7578474458705382676,fixed commission,,,,8,400000,32000,,,,,,,,0,0,24/06/2026 10:15:46,25/06/2026 21:34:20,24/06/2026 10:15:48,25/06/2026 21:34:20,,26/06/2026 09:53:16,TTS,Open/Target Collaboration
584680571243235120,1732252961260865756,"Dầu Gội Thiên Nhiên Le Petit Marseillais Nhiều Mùi Hương 250ml Dưỡng Ẩm, Thơm Lâu - Phù Hợp Mọi Loại Da",Trị Gàu 2 In 1 Tinh Dầu Bạc Hà,1732252943759018204,DG74042,270000,364000,VND,1,Thanh toán khi giao hàng,Đang xử lý,mythi_fr,Video,7648610266220989716,fixed commission,,,,8,270000,21600,,,,,,,,0,0,24/06/2026 11:09:30,25/06/2026 10:50:51,24/06/2026 11:09:32,25/06/2026 10:50:51,,26/06/2026 07:38:17,TTS,Open/Target Collaboration
584680660400899347,1732250928810920156,"Sữa Tắm/Gel Tắm Pháp Le Petit Marseillais Thiên Nhiên 250ml - Sữa Tắm Lưu Hương Lành Tính - Dịu Nhẹ, An Toàn Cho Da","Quả Mâm Xôi & Hoa Mẫu Đơn, Standard",1732250914985052380,ST48441,158760,279773,VND,1,Thanh toán khi giao hàng,Đang xử lý,ahau.phuongthao,Video,7654094102811659528,fixed commission,,,,12,158760,19051,,,,,,,,0,0,24/06/2026 11:20:08,25/06/2026 11:16:48,24/06/2026 11:20:11,25/06/2026 11:16:48,,26/06/2026 12:52:51,TTS,Open/Target Collaboration
584680660400899347,1732250928810920156,"Sữa Tắm/Gel Tắm Pháp Le Petit Marseillais Thiên Nhiên 250ml - Sữa Tắm Lưu Hương Lành Tính - Dịu Nhẹ, An Toàn Cho Da","Dừa, Standard",1732250914985314524,ST54494,158760,279772,VND,1,Thanh toán khi giao hàng,Đang xử lý,ahau.phuongthao,Video,7654094102811659528,fixed commission,,,,12,158760,19051,,,,,,,,0,0,24/06/2026 11:20:08,25/06/2026 11:16:48,24/06/2026 11:20:11,25/06/2026 11:16:48,,26/06/2026 12:52:51,TTS,Open/Target Collaboration
584680836809328610,1732251815880067292,"Sữa Tắm Pháp Le Petit Marseillais Cho Nam Chiết Xuất Thiên Nhiên 4in1 Nhiều Mùi Hương Dưỡng Ẩm, Thơm Lâu - Phù Hợp Mọi Loại Da (250ml)","Hương Gỗ Tuyết Tùng & Dương Xỉ, Standard",1732251749141219548,ST01172,205000,286850,VND,1,Không áp dụng thanh toán khi giao hàng,Đang xử lý,man.trung.737,Video,7595064670482877717,fixed commission,,,,,205000,,,,3,6150,,,,0,0,24/06/2026 11:33:16,24/06/2026 11:33:22,24/06/2026 11:33:22,25/06/2026 14:01:34,,26/06/2026 11:18:29,TTS,Open/Target Collaboration
584681212761507500,1732250928810920156,"Sữa Tắm/Gel Tắm Pháp Le Petit Marseillais Thiên Nhiên 250ml - Sữa Tắm Lưu Hương Lành Tính - Dịu Nhẹ, An Toàn Cho Da","Quả Mâm Xôi & Hoa Mẫu Đơn, Standard",1732250914985052380,ST48441,173880,286850,VND,1,Thanh toán khi giao hàng,Đang xử lý,ahau.phuongthao,Video,7654094102811659528,fixed commission,,,,12,173880,20866,,,,,,,,0,0,24/06/2026 11:57:40,25/06/2026 21:42:26,24/06/2026 11:57:41,25/06/2026 21:42:26,,26/06/2026 08:17:59,TTS,Open/Target Collaboration
584681204804912205,1732251815880067292,"Sữa Tắm Pháp Le Petit Marseillais Cho Nam Chiết Xuất Thiên Nhiên 4in1 Nhiều Mùi Hương Dưỡng Ẩm, Thơm Lâu - Phù Hợp Mọi Loại Da (250ml)","Hương Cam & Tinh Dầu Argan, Standard",1732251749141022940,ST01431,205000,286850,VND,1,Thanh toán khi giao hàng,Đã hủy,duongmanhkien19,Video,7578474458705382676,fixed commission,0,0,0,,205000,,,,3,6150,,,,0,0,24/06/2026 11:59:43,,24/06/2026 11:59:44,,,,TTS,Open/Target Collaboration
584681284795729029,1732250928810920156,"Sữa Tắm/Gel Tắm Pháp Le Petit Marseillais Thiên Nhiên 250ml - Sữa Tắm Lưu Hương Lành Tính - Dịu Nhẹ, An Toàn Cho Da","Quả Mâm Xôi & Hoa Mẫu Đơn, Standard",1732250914985052380,ST48441,175118,282450,VND,1,Không áp dụng thanh toán khi giao hàng,Đang xử lý,ahau.phuongthao,Video,7654094102811659528,fixed commission,,,,12,175118,21014,,,,,,,,0,0,24/06/2026 12:05:34,24/06/2026 12:05:36,24/06/2026 12:05:38,25/06/2026 11:43:06,,26/06/2026 09:34:20,TTS,Open/Target Collaboration
584681538815820943,1732250760944257244,"Sữa Tắm/Gel Tắm Pháp Le Petit Marseillais Chiết Xuất Thiên Nhiên 650ml - Sữa Tắm Lưu Hương Lành Tính - Dịu Nhẹ, An Toàn Cho Da","Đào Trắng & Quả Xuân Đào, Standard",1732250801269016796,ST01288,336000,530400,VND,1,Thanh toán khi giao hàng,Đang xử lý,lepthelittlekid,Video,7594749644052204818,fixed commission,,,,8,336000,26880,,,,,,,,0,0,24/06/2026 12:23:29,25/06/2026 19:47:29,24/06/2026 12:23:31,25/06/2026 19:47:29,,26/06/2026 13:19:00,TTS,Open/Target Collaboration
584682671806121932,1732251815880067292,"Sữa Tắm Pháp Le Petit Marseillais Cho Nam Chiết Xuất Thiên Nhiên 4in1 Nhiều Mùi Hương Dưỡng Ẩm, Thơm Lâu - Phù Hợp Mọi Loại Da (250ml)","Hương Gỗ Tuyết Tùng & Dương Xỉ, Standard",1732251749141219548,ST01172,205000,282450,VND,1,Không áp dụng thanh toán khi giao hàng,Đang xử lý,lepthelittlekid,Video,7594749644052204818,fixed commission,,,,5,205000,10250,,,,,,,,0,0,24/06/2026 13:42:54,24/06/2026 13:42:56,24/06/2026 13:42:56,25/06/2026 09:45:46,,26/06/2026 08:14:39,TTS,Open/Target Collaboration
584683248275391823,1731893265443752156,"Sữa Tắm Pháp Le Petit Marseillais Quả Mâm Xôi & Hoa Mẫu Đơn Hữu Cơ Dưỡng Ẩm, Thơm Lâu - Phù Hợp Mọi Loại Da (250ml)","Quả Mâm Xôi & Hoa Mẫu Đơn, Standard",1731893265444210908,ST48441,210000,286850,VND,1,Thanh toán khi giao hàng,Đã hủy,trankimdung249,Video,7529161069151964424,fixed commission,0,0,0,,210000,,,,3,6300,,,,0,0,24/06/2026 14:23:22,,24/06/2026 14:23:23,,,,TTS,Open/Target Collaboration
584683248275391823,1731317167366243548,[Quà tặng không bán] Bông Tắm Tạo Bọt Mềm Mịn,Mặc định,1731317148230255836,BONG TAM HQ,0,14850,VND,1,Thanh toán khi giao hàng,Đã hủy,lepetitmarseillaisvn,Phát trực tiếp,7654569106275961607,fixed commission,,,,,0,,,,,,,,,0,0,24/06/2026 14:23:22,,24/06/2026 14:23:23,,,,TTS,Open/Target Collaboration
584684152035903378,1733302334060004572,Combo Dầu Gội Xả Thiên Nhiên Chăm Sóc Tóc Le Petit Marseillais Mềm Mượt 300ML,Hạt Lanh 1841+ Xả 4752,1733302435130148060,3574661801841 + 3574661574752,507400,670100,VND,1,Không áp dụng thanh toán khi giao hàng,Đang xử lý,nhaconoc05,Chương trình Lưu lượng truy cập bên ngoài,,fixed commission,,,,4,507400,20296,,,,,,,,0,0,24/06/2026 15:30:28,24/06/2026 15:30:36,24/06/2026 15:30:36,26/06/2026 16:18:27,,27/06/2026 10:41:25,TTS,Open/Target Collaboration
584684355992978449,1732251815880067292,"Sữa Tắm Pháp Le Petit Marseillais Cho Nam Chiết Xuất Thiên Nhiên 4in1 Nhiều Mùi Hương Dưỡng Ẩm, Thơm Lâu - Phù Hợp Mọi Loại Da (250ml)","Hương Gỗ Tuyết Tùng & Dương Xỉ, Standard",1732251749141219548,ST01172,186550,298200,VND,1,Thanh toán khi giao hàng,Đang xử lý,ahau.phuongthao,Video,7654094102811659528,fixed commission,,,,12,186550,22386,,,,,,,,0,0,24/06/2026 15:47:34,26/06/2026 18:17:17,24/06/2026 15:47:36,26/06/2026 18:17:17,,27/06/2026 09:27:53,TTS,Open/Target Collaboration
584684973014156789,1732251815880067292,"Sữa Tắm Pháp Le Petit Marseillais Cho Nam Chiết Xuất Thiên Nhiên 4in1 Nhiều Mùi Hương Dưỡng Ẩm, Thơm Lâu - Phù Hợp Mọi Loại Da (250ml)","Hương Gỗ Tuyết Tùng & Dương Xỉ, Standard",1732251749141219548,ST01172,184500,272000,VND,1,Thanh toán khi giao hàng,Đang xử lý,duongmanhkien19,Video,7589190858113649928,fixed commission,,,,,184500,,,,3,5535,,,,0,0,24/06/2026 16:35:01,26/06/2026 18:50:00,24/06/2026 16:35:02,26/06/2026 18:50:00,,27/06/2026 08:44:34,TTS,Open/Target Collaboration
584685083723662736,1732250928810920156,"Sữa Tắm/Gel Tắm Pháp Le Petit Marseillais Thiên Nhiên 250ml - Sữa Tắm Lưu Hương Lành Tính - Dịu Nhẹ, An Toàn Cho Da","Xoài & Chanh Dây, Standard",1732250914984986844,ST99622,189000,275596,VND,1,Thanh toán khi giao hàng,Đang xử lý,ahau.phuongthao,Video,7654094102811659528,fixed commission,,,,12,189000,22680,,,,,,,,0,0,24/06/2026 16:42:19,26/06/2026 17:01:42,24/06/2026 16:42:20,26/06/2026 17:01:42,,27/06/2026 07:37:05,TTS,Open/Target Collaboration
584685083723662736,1732250928810920156,"Sữa Tắm/Gel Tắm Pháp Le Petit Marseillais Thiên Nhiên 250ml - Sữa Tắm Lưu Hương Lành Tính - Dịu Nhẹ, An Toàn Cho Da","Quả Mâm Xôi & Hoa Mẫu Đơn, Standard",1732250914985052380,ST48441,189000,464596,VND,2,Thanh toán khi giao hàng,Đang xử lý,ahau.phuongthao,Video,7654094102811659528,fixed commission,,,,12,378000,45360,,,,,,,,0,0,24/06/2026 16:42:19,26/06/2026 17:01:42,24/06/2026 16:42:20,26/06/2026 17:01:42,,27/06/2026 07:37:05,TTS,Open/Target Collaboration
584685083723662736,1732250928810920156,"Sữa Tắm/Gel Tắm Pháp Le Petit Marseillais Thiên Nhiên 250ml - Sữa Tắm Lưu Hương Lành Tính - Dịu Nhẹ, An Toàn Cho Da","Dừa, Standard",1732250914985314524,ST54494,189000,275596,VND,1,Thanh toán khi giao hàng,Đang xử lý,ahau.phuongthao,Video,7654094102811659528,fixed commission,,,,12,189000,22680,,,,,,,,0,0,24/06/2026 16:42:19,26/06/2026 17:01:42,24/06/2026 16:42:20,26/06/2026 17:01:42,,27/06/2026 07:37:05,TTS,Open/Target Collaboration
584685083723662736,1732250928810920156,"Sữa Tắm/Gel Tắm Pháp Le Petit Marseillais Thiên Nhiên 250ml - Sữa Tắm Lưu Hương Lành Tính - Dịu Nhẹ, An Toàn Cho Da","Đào Trắng & Quả Xuân Đào, Standard",1732250914985380060,ST01240,189000,275597,VND,1,Thanh toán khi giao hàng,Đang xử lý,ahau.phuongthao,Video,7654094102811659528,fixed commission,,,,12,189000,22680,,,,,,,,0,0,24/06/2026 16:42:19,26/06/2026 17:01:42,24/06/2026 16:42:20,26/06/2026 17:01:42,,27/06/2026 07:37:05,TTS,Open/Target Collaboration
584685305604113544,1732250928810920156,"Sữa Tắm/Gel Tắm Pháp Le Petit Marseillais Thiên Nhiên 250ml - Sữa Tắm Lưu Hương Lành Tính - Dịu Nhẹ, An Toàn Cho Da","Quả Mâm Xôi & Hoa Mẫu Đơn, Standard",1732250914985052380,ST48441,175770,302300,VND,1,Thanh toán khi giao hàng,Đang xử lý,ahau.phuongthao,Video,7654094102811659528,fixed commission,,,,12,175770,21092,,,,,,,,0,0,24/06/2026 16:58:15,26/06/2026 10:29:15,24/06/2026 16:58:16,26/06/2026 10:29:15,,27/06/2026 07:16:27,TTS,Open/Target Collaboration
584685551765849444,1732252961260865756,"Dầu Gội Thiên Nhiên Le Petit Marseillais Nhiều Mùi Hương 250ml Dưỡng Ẩm, Thơm Lâu - Phù Hợp Mọi Loại Da",Tinh Dầu Chanh Vàng Hữu Cơ,1735769515978818780,DG74035,270000,376200,VND,1,Thanh toán khi giao hàng,Đang xử lý,ngocdailyvlog,Video,7581114717813460242,fixed commission,,,,8,270000,21600,,,,,,,,0,0,24/06/2026 17:15:39,26/06/2026 22:03:08,24/06/2026 17:15:40,26/06/2026 22:03:08,,27/06/2026 08:34:13,TTS,Open/Target Collaboration
584685525641627618,1732251815880067292,"Sữa Tắm Pháp Le Petit Marseillais Cho Nam Chiết Xuất Thiên Nhiên 4in1 Nhiều Mùi Hương Dưỡng Ẩm, Thơm Lâu - Phù Hợp Mọi Loại Da (250ml)","Hương Gỗ Tuyết Tùng & Dương Xỉ, Standard",1732251749141219548,ST01172,174250,286850,VND,1,Không áp dụng thanh toán khi giao hàng,Đã hủy,lepthelittlekid,Video,7594749644052204818,fixed commission,,,,,174250,,,,5,8713,,,,0,0,24/06/2026 17:20:59,24/06/2026 17:21:05,24/06/2026 17:21:05,,,,TTS,Open/Target Collaboration
584685821336651169,1732250760944257244,"Sữa Tắm/Gel Tắm Pháp Le Petit Marseillais Chiết Xuất Thiên Nhiên 650ml - Sữa Tắm Lưu Hương Lành Tính - Dịu Nhẹ, An Toàn Cho Da","Hương Chanh & Bưởi Hồng, Standard",1732250801268820188,ST01868,331800,555933,VND,1,Thanh toán khi giao hàng,Đang xử lý,ha_thubay,Video,7633274382705642773,fixed commission,,,,8,331800,26544,,,,,,,,0,0,24/06/2026 17:42:03,26/06/2026 16:34:42,24/06/2026 17:42:04,26/06/2026 16:34:42,,27/06/2026 09:43:59,TTS,Open/Target Collaboration
584686074572211853,1732250760944257244,"Sữa Tắm/Gel Tắm Pháp Le Petit Marseillais Chiết Xuất Thiên Nhiên 650ml - Sữa Tắm Lưu Hương Lành Tính - Dịu Nhẹ, An Toàn Cho Da","Thông & Bạch Đàn Biển, Standard",1732250801268689116,ST01902,331800,551400,VND,1,Thanh toán khi giao hàng,Đang xử lý,thaocanview,Video,7650868246068858132,fixed commission,,,,,331800,,,,3,9954,,,,0,0,24/06/2026 18:02:40,26/06/2026 18:06:31,24/06/2026 18:02:42,26/06/2026 18:06:31,,27/06/2026 10:17:52,TTS,Open/Target Collaboration
584686511975597912,1732250760944257244,"Sữa Tắm/Gel Tắm Pháp Le Petit Marseillais Chiết Xuất Thiên Nhiên 650ml - Sữa Tắm Lưu Hương Lành Tính - Dịu Nhẹ, An Toàn Cho Da","Dừa, Standard",1732250801269147868,ST06999,395000,554100,VND,1,Thanh toán khi giao hàng,Đang xử lý,thaocanview,Video,7637538562224721172,fixed commission,,,,,395000,,,,3,11850,,,,0,0,24/06/2026 18:33:04,26/06/2026 20:18:38,24/06/2026 18:33:05,26/06/2026 20:18:38,,27/06/2026 07:43:24,TTS,Open/Target Collaboration
584686654765761769,1734496604995683548,Xà Phòng Le Petit Marseillais Chính Hãng Bánh Xà Phòng Tắm Thiên Nhiên (Ngẫu nhiên)  1 Bánh,Mặc định,1734496577198523612,1 BÁNH-XP,75000,101200,VND,1,Không áp dụng thanh toán khi giao hàng,Đã hủy,onggiatichcuc79,Video,7649582978691058952,fixed commission,,,,6,75000,4500,,,,,,,,0,0,24/06/2026 18:43:59,24/06/2026 18:44:03,24/06/2026 18:44:04,,,,TTS,Open/Target Collaboration
584686797701023628,1732250760944257244,"Sữa Tắm/Gel Tắm Pháp Le Petit Marseillais Chiết Xuất Thiên Nhiên 650ml - Sữa Tắm Lưu Hương Lành Tính - Dịu Nhẹ, An Toàn Cho Da","Thông & Bạch Đàn Biển, Standard",1732250801268689116,ST01902,395000,530400,VND,1,Thanh toán khi giao hàng,Đang xử lý,donghoai07,Video,7653857935277231368,fixed commission,,,,,395000,,,,3,11850,,,,0,0,24/06/2026 18:48:11,26/06/2026 19:37:38,24/06/2026 18:48:13,26/06/2026 19:37:38,,,TTS,Open/Target Collaboration
584686730126918684,1732250928810920156,"Sữa Tắm/Gel Tắm Pháp Le Petit Marseillais Thiên Nhiên 250ml - Sữa Tắm Lưu Hương Lành Tính - Dịu Nhẹ, An Toàn Cho Da","Xoài & Chanh Dây, Standard",1732250914984986844,ST99622,175770,291700,VND,1,Thanh toán khi giao hàng,Đang xử lý,zeldaquynhdoi,Video,7654289014404582664,fixed commission,,,,8,175770,14062,,,,,,,,0,0,24/06/2026 18:48:16,26/06/2026 20:17:36,24/06/2026 18:48:18,26/06/2026 20:17:36,,27/06/2026 07:15:09,TTS,Open/Target Collaboration
584686763959878889,1734496604995683548,Xà Phòng Le Petit Marseillais Chính Hãng Bánh Xà Phòng Tắm Thiên Nhiên (Ngẫu nhiên)  1 Bánh,Mặc định,1734496577198523612,1 BÁNH-XP,64500,101200,VND,1,Không áp dụng thanh toán khi giao hàng,Đang xử lý,onggiatichcuc79,Video,7649582978691058952,fixed commission,,,,6,64500,3870,,,,,,,,0,0,24/06/2026 18:53:08,24/06/2026 18:53:13,24/06/2026 18:53:13,26/06/2026 11:30:46,,27/06/2026 09:56:35,TTS,Open/Target Collaboration
584687187310838835,1732251815880067292,"Sữa Tắm Pháp Le Petit Marseillais Cho Nam Chiết Xuất Thiên Nhiên 4in1 Nhiều Mùi Hương Dưỡng Ẩm, Thơm Lâu - Phù Hợp Mọi Loại Da (250ml)","Hương Gỗ Tuyết Tùng & Dương Xỉ, Standard",1732251749141219548,ST01172,186550,289550,VND,1,Thanh toán khi giao hàng,Đã hủy,involveasiavn01,Chương trình Lưu lượng truy cập bên ngoài,,fixed commission,0,0,0,4,186550,7462,,,,,,,,0,0,24/06/2026 19:19:40,,24/06/2026 19:19:41,,,,TTS,Open/Target Collaboration
584687770439943869,1732252961260865756,"Dầu Gội Thiên Nhiên Le Petit Marseillais Nhiều Mùi Hương 250ml Dưỡng Ẩm, Thơm Lâu - Phù Hợp Mọi Loại Da",Tinh Dầu Chanh Vàng Hữu Cơ,1735769515978818780,DG74035,270000,371200,VND,1,Thanh toán khi giao hàng,Đang xử lý,ht_vx,Video,7644507107592801544,fixed commission,,,,,270000,,,,3,8100,,,,0,0,24/06/2026 19:56:32,26/06/2026 21:01:36,24/06/2026 19:56:36,26/06/2026 21:01:36,,27/06/2026 10:16:19,TTS,Open/Target Collaboration
584687708222817561,1732251815880067292,"Sữa Tắm Pháp Le Petit Marseillais Cho Nam Chiết Xuất Thiên Nhiên 4in1 Nhiều Mùi Hương Dưỡng Ẩm, Thơm Lâu - Phù Hợp Mọi Loại Da (250ml)","Hương Cam & Tinh Dầu Argan, Standard",1732251749141022940,ST01431,180400,302300,VND,1,Thanh toán khi giao hàng,Đang xử lý,dinhthai_daily,Video,7653880219245350151,fixed commission,,,,8,180400,14432,,,,,,,,0,0,24/06/2026 19:56:40,26/06/2026 13:10:26,24/06/2026 19:56:41,26/06/2026 13:10:26,,27/06/2026 10:13:35,TTS,Open/Target Collaboration
584688221572073240,1732250760944257244,"Sữa Tắm/Gel Tắm Pháp Le Petit Marseillais Chiết Xuất Thiên Nhiên 650ml - Sữa Tắm Lưu Hương Lành Tính - Dịu Nhẹ, An Toàn Cho Da","Thông & Bạch Đàn Biển, Standard",1732250801268689116,ST01902,316000,548700,VND,1,Thanh toán khi giao hàng,Đã hủy,lepetitmarseillaisvn,Phát trực tiếp,7654933381641964295,fixed commission,,,,,316000,,,,,,,,,0,0,24/06/2026 20:24:44,,24/06/2026 20:24:46,,,,TTS,Open/Target Collaboration
584688221571942168,1732251932571175132,"Sữa Dưỡng Thể 24h Le Petit Marseillais Nhiều Mùi Hương 400ml Dưỡng Ẩm, Thơm Lâu - Phù Hợp Mọi Loại Da","Bơ Hạt Mỡ, Hạnh Nhân, Dầu Argan, Standard",1732251916621613276,DT83916,392000,677400,VND,1,Thanh toán khi giao hàng,Đã hủy,lepetitmarseillaisvn,Phát trực tiếp,7654933381641964295,fixed commission,,,,,392000,,,,,,,,,0,0,24/06/2026 20:24:44,,24/06/2026 20:24:46,,,,TTS,Open/Target Collaboration
584688224217761323,1732250928810920156,"Sữa Tắm/Gel Tắm Pháp Le Petit Marseillais Thiên Nhiên 250ml - Sữa Tắm Lưu Hương Lành Tính - Dịu Nhẹ, An Toàn Cho Da","Quả Mâm Xôi & Hoa Mẫu Đơn, Standard",1732250914985052380,ST48441,173880,286000,VND,1,Thanh toán khi giao hàng,Đang xử lý,ahau.phuongthao,Video,7654094102811659528,fixed commission,,,,12,173880,20866,,,,,,,,0,0,24/06/2026 20:26:00,26/06/2026 16:33:05,24/06/2026 20:26:01,26/06/2026 16:33:05,,27/06/2026 13:04:43,TTS,Open/Target Collaboration
584688462364574771,1734496604995683548,Xà Phòng Le Petit Marseillais Chính Hãng Bánh Xà Phòng Tắm Thiên Nhiên (Ngẫu nhiên)  1 Bánh,Mặc định,1734496577198523612,1 BÁNH-XP,0,2257,VND,1,Không áp dụng thanh toán khi giao hàng,Đang xử lý,lepetitmarseillaisvn,Phát trực tiếp,7654933381641964295,fixed commission,,,,,0,,,,,,,,,0,0,24/06/2026 20:38:00,24/06/2026 20:38:02,24/06/2026 20:38:02,26/06/2026 10:52:12,,,TTS,Open/Target Collaboration
584688462364574771,1736012338574165212,Combo 2 Sữa Tắm Nữ Pháp Le Petit Marseillais 250ml - Thiên Nhiên Dịu Nhẹ,"Quả Mâm Xôi Hữu Cơ & Hoa Mẫu Đơn, Bông Và Hoa Anh Túc",1736012795077035228,ST48441+ST65434,318000,583543,VND,1,Không áp dụng thanh toán khi giao hàng,Đang xử lý,lepetitmarseillaisvn,Phát trực tiếp,7654933381641964295,fixed commission,,,,,318000,,,,,,,,,0,0,24/06/2026 20:38:00,24/06/2026 20:38:02,24/06/2026 20:38:02,26/06/2026 10:52:12,,,TTS,Open/Target Collaboration
584688698721076556,1734496604995683548,Xà Phòng Le Petit Marseillais Chính Hãng Bánh Xà Phòng Tắm Thiên Nhiên (Ngẫu nhiên)  1 Bánh,Mặc định,1734496577198523612,1 BÁNH-XP,0,5014,VND,1,Thanh toán khi giao hàng,Đang xử lý,lepetitmarseillaisvn,Phát trực tiếp,7654933381641964295,fixed commission,,,,,0,,,,,,,,,0,0,24/06/2026 20:57:15,26/06/2026 13:38:05,24/06/2026 20:57:17,26/06/2026 13:38:05,,,TTS,Open/Target Collaboration
584688698721076556,1735910664928920796,Combo 2 Sữa Tắm Nam Le Petit Marseillais 4in1 Cho Tóc Mặt Râu Toàn Thân 250ml,"Thông Biển & Bạch Đàn, Gỗ Tuyết Tùng Và Dương Xỉ",1735912571878606044,ST01356 + ST01172,317520,580086,VND,1,Thanh toán khi giao hàng,Đang xử lý,lepetitmarseillaisvn,Phát trực tiếp,7654933381641964295,fixed commission,,,,,317520,,,,,,,,,0,0,24/06/2026 20:57:15,26/06/2026 13:38:05,24/06/2026 20:57:17,26/06/2026 13:38:05,,,TTS,Open/Target Collaboration
584689099801986365,1732251815880067292,"Sữa Tắm Pháp Le Petit Marseillais Cho Nam Chiết Xuất Thiên Nhiên 4in1 Nhiều Mùi Hương Dưỡng Ẩm, Thơm Lâu - Phù Hợp Mọi Loại Da (250ml)","Hương Thông & Bạch Đàn Biển, Standard",1732251749141154012,ST01356,184466,302300,VND,1,Không áp dụng thanh toán khi giao hàng,Đang xử lý,huankosai,Video,7569974511534198023,fixed commission,,,,15,184466,27670,,,,,,,,0,0,24/06/2026 21:17:34,24/06/2026 21:18:06,24/06/2026 21:18:07,26/06/2026 15:46:53,,27/06/2026 09:19:37,TTS,Open/Target Collaboration
584689161242183550,1734496604995683548,Xà Phòng Le Petit Marseillais Chính Hãng Bánh Xà Phòng Tắm Thiên Nhiên (Ngẫu nhiên)  1 Bánh,Mặc định,1734496577198523612,1 BÁNH-XP,0,2257,VND,1,Thanh toán khi giao hàng,Đã hủy,lepetitmarseillaisvn,Phát trực tiếp,7654933381641964295,fixed commission,,,,,0,,,,,,,,,0,0,24/06/2026 21:23:06,,24/06/2026 21:23:10,,,,TTS,Open/Target Collaboration
584689161242183550,1735910664928920796,Combo 2 Sữa Tắm Nam Le Petit Marseillais 4in1 Cho Tóc Mặt Râu Toàn Thân 250ml,"Gỗ Tuyết Tùng Và Dương Xỉ, Gỗ Tuyết Tùng Và Dương Xỉ",1735912571877950684,ST01172 x 2,317520,563543,VND,1,Thanh toán khi giao hàng,Đã hủy,lepetitmarseillaisvn,Phát trực tiếp,7654933381641964295,fixed commission,,,,,317520,,,,,,,,,0,0,24/06/2026 21:23:06,,24/06/2026 21:23:10,,,,TTS,Open/Target Collaboration
584689475683452660,1734496604995683548,Xà Phòng Le Petit Marseillais Chính Hãng Bánh Xà Phòng Tắm Thiên Nhiên (Ngẫu nhiên)  1 Bánh,Mặc định,1734496577198523612,1 BÁNH-XP,0,4262,VND,1,Thanh toán khi giao hàng,Đang xử lý,lepetitmarseillaisvn,Phát trực tiếp,7654933381641964295,fixed commission,,,,,0,,,,,,,,,0,0,24/06/2026 21:41:24,27/06/2026 21:04:49,24/06/2026 21:41:26,27/06/2026 21:04:49,,,TTS,Open/Target Collaboration
584689475683452660,1735910664928920796,Combo 2 Sữa Tắm Nam Le Petit Marseillais 4in1 Cho Tóc Mặt Râu Toàn Thân 250ml,"Gỗ Cam & Dầu Argan , Gỗ Cam & Dầu Argan ",1735912571878343900,ST01431 x 2,317520,575569,VND,1,Thanh toán khi giao hàng,Đang xử lý,lepetitmarseillaisvn,Phát trực tiếp,7654933381641964295,fixed commission,,,,,317520,,,,,,,,,0,0,24/06/2026 21:41:24,27/06/2026 21:04:49,24/06/2026 21:41:26,27/06/2026 21:04:49,,,TTS,Open/Target Collaboration
584689475683452660,1735910664928920796,Combo 2 Sữa Tắm Nam Le Petit Marseillais 4in1 Cho Tóc Mặt Râu Toàn Thân 250ml,"Gỗ Cam & Dầu Argan , Thông Biển & Bạch Đàn",1735912571878409436,ST01431 + ST01356,317520,575569,VND,1,Thanh toán khi giao hàng,Đang xử lý,lepetitmarseillaisvn,Phát trực tiếp,7654933381641964295,fixed commission,,,,,317520,,,,,,,,,0,0,24/06/2026 21:41:24,27/06/2026 21:04:49,24/06/2026 21:41:26,27/06/2026 21:04:49,,,TTS,Open/Target Collaboration
584690321651435246,1734496604995683548,Xà Phòng Le Petit Marseillais Chính Hãng Bánh Xà Phòng Tắm Thiên Nhiên (Ngẫu nhiên)  1 Bánh,Mặc định,1734496577198523612,1 BÁNH-XP,0,4243,VND,1,Thanh toán khi giao hàng,Đang xử lý,lepetitmarseillaisvn,Phát trực tiếp,7654933381641964295,fixed commission,,,,,0,,,,,,,,,0,0,24/06/2026 22:42:40,26/06/2026 17:44:19,24/06/2026 22:42:41,26/06/2026 17:44:19,,,TTS,Open/Target Collaboration
584690321651435246,1735910664928920796,Combo 2 Sữa Tắm Nam Le Petit Marseillais 4in1 Cho Tóc Mặt Râu Toàn Thân 250ml,"Thông Biển & Bạch Đàn, Gỗ Tuyết Tùng Và Dương Xỉ",1735912571878606044,ST01356 + ST01172,302400,575457,VND,1,Thanh toán khi giao hàng,Đang xử lý,lepetitmarseillaisvn,Phát trực tiếp,7654933381641964295,fixed commission,,,,,302400,,,,,,,,,0,0,24/06/2026 22:42:40,26/06/2026 17:44:19,24/06/2026 22:42:41,26/06/2026 17:44:19,,,TTS,Open/Target Collaboration
584690679694067307,1732250928810920156,"Sữa Tắm/Gel Tắm Pháp Le Petit Marseillais Thiên Nhiên 250ml - Sữa Tắm Lưu Hương Lành Tính - Dịu Nhẹ, An Toàn Cho Da","Xoài & Chanh Dây, Standard",1732250914984986844,ST99622,139000,279900,VND,1,Thanh toán khi giao hàng,Đang xử lý,kinkechillchill,Video,7572051007237115154,fixed commission,,,,8,139000,11120,,,,,,,,0,0,24/06/2026 23:11:26,26/06/2026 11:44:48,24/06/2026 23:11:28,26/06/2026 11:44:48,,27/06/2026 13:47:05,TTS,Open/Target Collaboration
584691556763862757,1732251815880067292,"Sữa Tắm Pháp Le Petit Marseillais Cho Nam Chiết Xuất Thiên Nhiên 4in1 Nhiều Mùi Hương Dưỡng Ẩm, Thơm Lâu - Phù Hợp Mọi Loại Da (250ml)","Hương Gỗ Tuyết Tùng & Dương Xỉ, Standard",1732251749141219548,ST01172,205000,279900,VND,1,Thanh toán khi giao hàng,Đang xử lý,man.trung.737,Video,7595064670482877717,fixed commission,,,,,205000,,,,3,6150,,,,0,0,25/06/2026 00:49:06,27/06/2026 20:35:52,25/06/2026 00:49:08,27/06/2026 20:35:52,,28/06/2026 09:11:19,TTS,Open/Target Collaboration
584692566740861969,1732250928810920156,"Sữa Tắm/Gel Tắm Pháp Le Petit Marseillais Thiên Nhiên 250ml - Sữa Tắm Lưu Hương Lành Tính - Dịu Nhẹ, An Toàn Cho Da","Đào Trắng & Quả Xuân Đào, Standard",1732250914985380060,ST01240,175770,292700,VND,1,Thanh toán khi giao hàng,Đang xử lý,nhac8x.huongly,Video,7634518955163602197,fixed commission,,,,10,175770,17577,,,,,,,,0,0,25/06/2026 05:03:08,26/06/2026 15:26:36,25/06/2026 05:03:10,26/06/2026 15:26:36,,27/06/2026 09:21:08,TTS,Open/Target Collaboration
584693484586370602,1732250928810920156,"Sữa Tắm/Gel Tắm Pháp Le Petit Marseillais Thiên Nhiên 250ml - Sữa Tắm Lưu Hương Lành Tính - Dịu Nhẹ, An Toàn Cho Da","Quả Mâm Xôi & Hoa Mẫu Đơn, Standard",1732250914985052380,ST48441,175770,306800,VND,1,Thanh toán khi giao hàng,Đang xử lý,ahau.phuongthao,Video,7654094102811659528,fixed commission,,,,12,175770,21092,,,,,,,,0,0,25/06/2026 07:16:10,27/06/2026 11:18:09,25/06/2026 07:16:11,27/06/2026 11:18:09,,28/06/2026 10:32:25,TTS,Open/Target Collaboration
584693570886730833,1732250928810920156,"Sữa Tắm/Gel Tắm Pháp Le Petit Marseillais Thiên Nhiên 250ml - Sữa Tắm Lưu Hương Lành Tính - Dịu Nhẹ, An Toàn Cho Da","Quả Mâm Xôi & Hoa Mẫu Đơn, Standard",1732250914985052380,ST48441,189000,286000,VND,1,Thanh toán khi giao hàng,Đang xử lý,ahau.phuongthao,Video,7654094102811659528,fixed commission,,,,12,189000,22680,,,,,,,,0,0,25/06/2026 07:21:39,26/06/2026 11:16:32,25/06/2026 07:21:40,26/06/2026 11:16:32,,27/06/2026 08:44:49,TTS,Open/Target Collaboration
584693932193973849,1732251815880067292,"Sữa Tắm Pháp Le Petit Marseillais Cho Nam Chiết Xuất Thiên Nhiên 4in1 Nhiều Mùi Hương Dưỡng Ẩm, Thơm Lâu - Phù Hợp Mọi Loại Da (250ml)","Hương Thông & Bạch Đàn Biển, Standard",1732251749141154012,ST01356,171900,312000,VND,1,Thanh toán khi giao hàng,Đã hủy,lepthelittlekid,Video,7594749644052204818,fixed commission,0,0,0,5,171900,8595,,,,,,,,0,0,25/06/2026 07:57:28,,25/06/2026 07:57:30,,,,TTS,Open/Target Collaboration
584694187384800985,1732250928810920156,"Sữa Tắm/Gel Tắm Pháp Le Petit Marseillais Thiên Nhiên 250ml - Sữa Tắm Lưu Hương Lành Tính - Dịu Nhẹ, An Toàn Cho Da","Bạc Hà, Standard",1732250914984855772,ST92871,170100,302200,VND,1,Thanh toán khi giao hàng,Đang xử lý,ahau.phuongthao,Video,7654094102811659528,fixed commission,,,,12,170100,20412,,,,,,,,0,0,25/06/2026 08:18:24,27/06/2026 10:28:16,25/06/2026 08:18:26,27/06/2026 10:28:16,,28/06/2026 09:44:03,TTS,Open/Target Collaboration
584694576977052745,1732251815880067292,"Sữa Tắm Pháp Le Petit Marseillais Cho Nam Chiết Xuất Thiên Nhiên 4in1 Nhiều Mùi Hương Dưỡng Ẩm, Thơm Lâu - Phù Hợp Mọi Loại Da (250ml)","Hương Gỗ Tuyết Tùng & Dương Xỉ, Standard",1732251749141219548,ST01172,210000,282450,VND,1,Thanh toán khi giao hàng,Đang xử lý,vheu170cm,Video,7550953945372429575,fixed commission,,,,,210000,,,,3,6300,,,,0,0,25/06/2026 08:51:46,26/06/2026 17:20:51,25/06/2026 08:51:47,26/06/2026 17:20:51,,27/06/2026 10:04:31,TTS,Open/Target Collaboration
584694878091445669,1732250928810920156,"Sữa Tắm/Gel Tắm Pháp Le Petit Marseillais Thiên Nhiên 250ml - Sữa Tắm Lưu Hương Lành Tính - Dịu Nhẹ, An Toàn Cho Da","Quả Mâm Xôi & Hoa Mẫu Đơn, Standard",1732250914985052380,ST48441,175770,289550,VND,1,Thanh toán khi giao hàng,Đang xử lý,ahau.phuongthao,Video,7654094102811659528,fixed commission,,,,12,175770,21092,,,,,,,,0,0,25/06/2026 09:14:47,26/06/2026 22:21:45,25/06/2026 09:14:50,26/06/2026 22:21:45,,27/06/2026 09:49:31,TTS,Open/Target Collaboration
584696644350871152,1732251815880067292,"Sữa Tắm Pháp Le Petit Marseillais Cho Nam Chiết Xuất Thiên Nhiên 4in1 Nhiều Mùi Hương Dưỡng Ẩm, Thơm Lâu - Phù Hợp Mọi Loại Da (250ml)","Hương Gỗ Tuyết Tùng & Dương Xỉ, Standard",1732251749141219548,ST01172,205000,295800,VND,1,Thanh toán khi giao hàng,Đang xử lý,duongmanhkien19,Video,7578474458705382676,fixed commission,,,,,205000,,,,3,6150,,,,0,0,25/06/2026 11:24:15,27/06/2026 19:17:42,25/06/2026 11:24:17,27/06/2026 19:17:42,,28/06/2026 08:27:32,TTS,Open/Target Collaboration
584696947517982395,1735734318844052700,"[KOL huynhdangthong x LPM] Sữa Tắm/Gel Tắm Pháp Le Petit Marseillais Chiết Xuất Thiên Nhiên 650ml - Sữa Tắm Lưu Hương Lành Tính - Dịu Nhẹ, An Toàn Cho Da","Hoa Tiare, Standard",1735734212754703580,ST68816,311200,531214,VND,1,Thanh toán khi giao hàng,Đang xử lý,huynhdangthong,Phát trực tiếp,7655164093044738817,fixed commission,,,,7,311200,21784,,,,,,,,0,0,25/06/2026 11:41:29,26/06/2026 15:30:01,25/06/2026 11:41:30,26/06/2026 15:30:01,,27/06/2026 13:19:31,TTS,Open/Target Collaboration
584696911460206327,1735734318844052700,"[KOL huynhdangthong x LPM] Sữa Tắm/Gel Tắm Pháp Le Petit Marseillais Chiết Xuất Thiên Nhiên 650ml - Sữa Tắm Lưu Hương Lành Tính - Dịu Nhẹ, An Toàn Cho Da","Hoa Tiare, Standard",1735734212754703580,ST68816,324000,531214,VND,1,Thanh toán khi giao hàng,Đang xử lý,huynhdangthong,Phát trực tiếp,7655164093044738817,fixed commission,,,,7,324000,22680,,,,,,,,0,0,25/06/2026 11:41:29,26/06/2026 13:14:26,25/06/2026 11:41:31,26/06/2026 13:14:26,,27/06/2026 12:10:02,TTS,Open/Target Collaboration
584696973364987610,1735734318844052700,"[KOL huynhdangthong x LPM] Sữa Tắm/Gel Tắm Pháp Le Petit Marseillais Chiết Xuất Thiên Nhiên 650ml - Sữa Tắm Lưu Hương Lành Tính - Dịu Nhẹ, An Toàn Cho Da","Hoa Tiare, Standard",1735734212754703580,ST68816,311200,553714,VND,1,Thanh toán khi giao hàng,Đã hủy,huynhdangthong,Phát trực tiếp,7655164093044738817,fixed commission,0,0,0,7,311200,21784,,,,,,,,0,0,25/06/2026 11:45:25,,25/06/2026 11:45:26,,,,TTS,Open/Target Collaboration
584697017819235963,1735734318844052700,"[KOL huynhdangthong x LPM] Sữa Tắm/Gel Tắm Pháp Le Petit Marseillais Chiết Xuất Thiên Nhiên 650ml - Sữa Tắm Lưu Hương Lành Tính - Dịu Nhẹ, An Toàn Cho Da","Hoa Tiare, Standard",1735734212754703580,ST68816,311200,534786,VND,1,Thanh toán khi giao hàng,Đang xử lý,huynhdangthong,Phát trực tiếp,7655164093044738817,fixed commission,,,,7,311200,21784,,,,,,,,0,0,25/06/2026 11:47:18,26/06/2026 13:04:42,25/06/2026 11:47:19,26/06/2026 13:04:42,,27/06/2026 13:01:41,TTS,Open/Target Collaboration
584697105508107868,1735734318844052700,"[KOL huynhdangthong x LPM] Sữa Tắm/Gel Tắm Pháp Le Petit Marseillais Chiết Xuất Thiên Nhiên 650ml - Sữa Tắm Lưu Hương Lành Tính - Dịu Nhẹ, An Toàn Cho Da","Hoa Tiare, Standard",1735734212754703580,ST68816,311200,531214,VND,1,Thanh toán khi giao hàng,Đang xử lý,huynhdangthong,Phát trực tiếp,7655164093044738817,fixed commission,,,,7,311200,21784,,,,,,,,0,0,25/06/2026 11:48:14,26/06/2026 12:37:25,25/06/2026 11:48:15,26/06/2026 12:37:25,,27/06/2026 08:21:12,TTS,Open/Target Collaboration
584697019307361535,1735734318844052700,"[KOL huynhdangthong x LPM] Sữa Tắm/Gel Tắm Pháp Le Petit Marseillais Chiết Xuất Thiên Nhiên 650ml - Sữa Tắm Lưu Hương Lành Tính - Dịu Nhẹ, An Toàn Cho Da","Hoa Tiare, Standard",1735734212754703580,ST68816,324000,531214,VND,1,Thanh toán khi giao hàng,Đang xử lý,huynhdangthong,Phát trực tiếp,7655164093044738817,fixed commission,,,,7,324000,22680,,,,,,,,0,0,25/06/2026 11:48:47,26/06/2026 12:32:14,25/06/2026 11:48:49,26/06/2026 12:32:14,,27/06/2026 12:33:05,TTS,Open/Target Collaboration
584697019307361535,1735791362076869852,Sữa Tắm Dạng Kem Le Petit Marseillais Bông Và Hoa Anh Túc 250ml  92% Thiên Nhiên Siêu Dịu Nhẹ,Mặc định,1735791937064830172,ST65434,0,4886,VND,1,Thanh toán khi giao hàng,Đang xử lý,meboiboigaogao,Chương trình Lưu lượng truy cập bên ngoài,,fixed commission,,,,,0,,,,,,,,,0,0,25/06/2026 11:48:47,26/06/2026 12:32:14,25/06/2026 11:48:49,26/06/2026 12:32:14,,27/06/2026 12:33:05,TTS,Open/Target Collaboration
584697020190262287,1735734318844052700,"[KOL huynhdangthong x LPM] Sữa Tắm/Gel Tắm Pháp Le Petit Marseillais Chiết Xuất Thiên Nhiên 650ml - Sữa Tắm Lưu Hương Lành Tính - Dịu Nhẹ, An Toàn Cho Da","Đào Trắng & Quả Xuân Đào, Standard",1735734212754834652,ST01288,311200,543286,VND,1,Thanh toán khi giao hàng,Đã hủy,huynhdangthong,Phát trực tiếp,7655164093044738817,fixed commission,0,0,0,7,311200,21784,,,,,,,,0,0,25/06/2026 11:49:13,,25/06/2026 11:49:14,,,,TTS,Open/Target Collaboration
584697035858741087,1735791362076869852,Sữa Tắm Dạng Kem Le Petit Marseillais Bông Và Hoa Anh Túc 250ml  92% Thiên Nhiên Siêu Dịu Nhẹ,Mặc định,1735791937064830172,ST65434,0,4886,VND,1,Thanh toán khi giao hàng,Đang xử lý,tscobac102,Chương trình Lưu lượng truy cập bên ngoài,,fixed commission,,,,,0,,,,,,,,,0,0,25/06/2026 11:49:44,26/06/2026 11:42:18,25/06/2026 11:49:45,26/06/2026 11:42:18,,27/06/2026 13:42:52,TTS,Open/Target Collaboration
584697035858741087,1735734318844052700,"[KOL huynhdangthong x LPM] Sữa Tắm/Gel Tắm Pháp Le Petit Marseillais Chiết Xuất Thiên Nhiên 650ml - Sữa Tắm Lưu Hương Lành Tính - Dịu Nhẹ, An Toàn Cho Da","Hoa Cam, Standard",1735734212755096796,ST39109,311200,531214,VND,1,Thanh toán khi giao hàng,Đang xử lý,huynhdangthong,Phát trực tiếp,7655164093044738817,fixed commission,,,,7,311200,21784,,,,,,,,0,0,25/06/2026 11:49:44,26/06/2026 11:42:18,25/06/2026 11:49:45,26/06/2026 11:42:18,,27/06/2026 13:42:52,TTS,Open/Target Collaboration
584697023343462007,1735734318844052700,"[KOL huynhdangthong x LPM] Sữa Tắm/Gel Tắm Pháp Le Petit Marseillais Chiết Xuất Thiên Nhiên 650ml - Sữa Tắm Lưu Hương Lành Tính - Dịu Nhẹ, An Toàn Cho Da","Hoa Tiare, Standard",1735734212754703580,ST68816,311200,543286,VND,1,Thanh toán khi giao hàng,Đang xử lý,huynhdangthong,Phát trực tiếp,7655164093044738817,fixed commission,,,,7,311200,21784,,,,,,,,0,0,25/06/2026 11:49:57,26/06/2026 18:32:42,25/06/2026 11:49:59,26/06/2026 18:32:42,,27/06/2026 12:17:37,TTS,Open/Target Collaboration
584697023343462007,1735791362076869852,Sữa Tắm Dạng Kem Le Petit Marseillais Bông Và Hoa Anh Túc 250ml  92% Thiên Nhiên Siêu Dịu Nhẹ,Mặc định,1735791937064830172,ST65434,0,9714,VND,1,Thanh toán khi giao hàng,Đang xử lý,cliafi,Chương trình Lưu lượng truy cập bên ngoài,,fixed commission,,,,,0,,,,,,,,,0,0,25/06/2026 11:49:57,26/06/2026 18:32:42,25/06/2026 11:49:59,26/06/2026 18:32:42,,27/06/2026 12:17:37,TTS,Open/Target Collaboration
584697024331482127,1735734318844052700,"[KOL huynhdangthong x LPM] Sữa Tắm/Gel Tắm Pháp Le Petit Marseillais Chiết Xuất Thiên Nhiên 650ml - Sữa Tắm Lưu Hương Lành Tính - Dịu Nhẹ, An Toàn Cho Da","Hoa Cam, Standard",1735734212755096796,ST39109,311200,543286,VND,1,Thanh toán khi giao hàng,Đang xử lý,huynhdangthong,Phát trực tiếp,7655164093044738817,fixed commission,,,,7,311200,21784,,,,,,,,0,0,25/06/2026 11:50:38,26/06/2026 16:54:38,25/06/2026 11:50:39,26/06/2026 16:54:38,,27/06/2026 13:24:50,TTS,Open/Target Collaboration
584697134358365465,1735734318844052700,"[KOL huynhdangthong x LPM] Sữa Tắm/Gel Tắm Pháp Le Petit Marseillais Chiết Xuất Thiên Nhiên 650ml - Sữa Tắm Lưu Hương Lành Tính - Dịu Nhẹ, An Toàn Cho Da","Hoa Tiare, Standard",1735734212754703580,ST68816,389000,915583,VND,2,Thanh toán khi giao hàng,Đang xử lý,huynhdangthong,Phát trực tiếp,7655164093044738817,fixed commission,,,,7,778000,54460,,,,,,,,0,0,25/06/2026 11:56:52,26/06/2026 15:43:06,25/06/2026 11:56:56,26/06/2026 15:43:06,,27/06/2026 10:29:25,TTS,Open/Target Collaboration
584697317604427348,1732250928810920156,"Sữa Tắm/Gel Tắm Pháp Le Petit Marseillais Thiên Nhiên 250ml - Sữa Tắm Lưu Hương Lành Tính - Dịu Nhẹ, An Toàn Cho Da","Quả Mâm Xôi & Hoa Mẫu Đơn, Standard",1732250914985052380,ST48441,173880,279900,VND,1,Thanh toán khi giao hàng,Đang xử lý,ahau.phuongthao,Video,7654565393536748818,fixed commission,,,,,173880,,,,2,3478,,,,0,0,25/06/2026 12:05:26,26/06/2026 19:07:26,25/06/2026 12:05:28,26/06/2026 19:07:26,,27/06/2026 07:07:28,TTS,Open/Target Collaboration
584697462628845467,1732251815880067292,"Sữa Tắm Pháp Le Petit Marseillais Cho Nam Chiết Xuất Thiên Nhiên 4in1 Nhiều Mùi Hương Dưỡng Ẩm, Thơm Lâu - Phù Hợp Mọi Loại Da (250ml)","Hương Gỗ Tuyết Tùng & Dương Xỉ, Standard",1732251749141219548,ST01172,180400,289550,VND,1,Thanh toán khi giao hàng,Đã hủy,tanrhm19,Trưng bày,,fixed commission,0,0,0,8,180400,14432,,,,,,,,0,0,25/06/2026 12:16:18,,25/06/2026 12:16:19,,,,TTS,Open/Target Collaboration
584698349364675976,1732251815880067292,"Sữa Tắm Pháp Le Petit Marseillais Cho Nam Chiết Xuất Thiên Nhiên 4in1 Nhiều Mùi Hương Dưỡng Ẩm, Thơm Lâu - Phù Hợp Mọi Loại Da (250ml)","Hương Gỗ Tuyết Tùng & Dương Xỉ, Standard",1732251749141219548,ST01172,176300,292700,VND,1,Thanh toán khi giao hàng,Đang xử lý,man.trung.737,Video,7595064670482877717,fixed commission,,,,,176300,,,,3,5289,,,,0,0,25/06/2026 13:08:46,26/06/2026 19:20:27,25/06/2026 13:08:47,26/06/2026 19:20:27,,27/06/2026 07:19:18,TTS,Open/Target Collaboration
584698429786916763,1732251815880067292,"Sữa Tắm Pháp Le Petit Marseillais Cho Nam Chiết Xuất Thiên Nhiên 4in1 Nhiều Mùi Hương Dưỡng Ẩm, Thơm Lâu - Phù Hợp Mọi Loại Da (250ml)","Hương Gỗ Tuyết Tùng & Dương Xỉ, Standard",1732251749141219548,ST01172,180400,286850,VND,1,Thanh toán khi giao hàng,Đang xử lý,tanrhm19,Trưng bày,,fixed commission,,,,8,180400,14432,,,,,,,,0,0,25/06/2026 13:21:35,26/06/2026 14:13:21,25/06/2026 13:21:37,26/06/2026 14:13:21,,27/06/2026 12:19:45,TTS,Open/Target Collaboration
584698553178162398,1732251815880067292,"Sữa Tắm Pháp Le Petit Marseillais Cho Nam Chiết Xuất Thiên Nhiên 4in1 Nhiều Mùi Hương Dưỡng Ẩm, Thơm Lâu - Phù Hợp Mọi Loại Da (250ml)","Hương Gỗ Tuyết Tùng & Dương Xỉ, Standard",1732251749141219548,ST01172,205000,289550,VND,1,Thanh toán khi giao hàng,Đang xử lý,duongmanhkien19,Video,7578474458705382676,fixed commission,,,,,205000,,,,3,6150,,,,0,0,25/06/2026 13:21:57,26/06/2026 14:38:02,25/06/2026 13:21:59,26/06/2026 14:38:02,,27/06/2026 11:28:20,TTS,Open/Target Collaboration
584698445526303811,1735734318844052700,"[KOL huynhdangthong x LPM] Sữa Tắm/Gel Tắm Pháp Le Petit Marseillais Chiết Xuất Thiên Nhiên 650ml - Sữa Tắm Lưu Hương Lành Tính - Dịu Nhẹ, An Toàn Cho Da","Hoa Tiare, Standard",1735734212754703580,ST68816,291750,547143,VND,1,Không áp dụng thanh toán khi giao hàng,Đang xử lý,huynhdangthong,Phát trực tiếp,7655164093044738817,fixed commission,,,,7,291750,20423,,,,,,,,0,0,25/06/2026 13:23:07,25/06/2026 13:23:09,25/06/2026 13:23:09,26/06/2026 12:56:17,,27/06/2026 12:45:35,TTS,Open/Target Collaboration
584698748810921690,1735734318844052700,"[KOL huynhdangthong x LPM] Sữa Tắm/Gel Tắm Pháp Le Petit Marseillais Chiết Xuất Thiên Nhiên 650ml - Sữa Tắm Lưu Hương Lành Tính - Dịu Nhẹ, An Toàn Cho Da","Hoa Tiare, Standard",1735734212754703580,ST68816,291750,553714,VND,1,Thanh toán khi giao hàng,Đang xử lý,huynhdangthong,Phát trực tiếp,7655164093044738817,fixed commission,,,,7,291750,20423,,,,,,,,0,0,25/06/2026 13:47:40,27/06/2026 20:26:42,25/06/2026 13:47:41,27/06/2026 20:26:42,,28/06/2026 11:27:47,TTS,Open/Target Collaboration
584698748810921690,1735791362076869852,Sữa Tắm Dạng Kem Le Petit Marseillais Bông Và Hoa Anh Túc 250ml  92% Thiên Nhiên Siêu Dịu Nhẹ,Mặc định,1735791937064830172,ST65434,0,13886,VND,1,Thanh toán khi giao hàng,Đang xử lý,vokieulanchi,Chương trình Lưu lượng truy cập bên ngoài,,fixed commission,,,,,0,,,,,,,,,0,0,25/06/2026 13:47:40,27/06/2026 20:26:42,25/06/2026 13:47:41,27/06/2026 20:26:42,,28/06/2026 11:27:47,TTS,Open/Target Collaboration
584698802894701955,1732251815880067292,"Sữa Tắm Pháp Le Petit Marseillais Cho Nam Chiết Xuất Thiên Nhiên 4in1 Nhiều Mùi Hương Dưỡng Ẩm, Thơm Lâu - Phù Hợp Mọi Loại Da (250ml)","Hương Gỗ Tuyết Tùng & Dương Xỉ, Standard",1732251749141219548,ST01172,205000,295800,VND,1,Thanh toán khi giao hàng,Đang xử lý,lailalunaaday,Video,7653692028374568199,fixed commission,,,,,205000,,,,3,6150,,,,0,0,25/06/2026 13:47:41,26/06/2026 20:40:48,25/06/2026 13:47:43,26/06/2026 20:40:48,,27/06/2026 13:23:31,TTS,Open/Target Collaboration
584698911242487586,1731893265443752156,"Sữa Tắm Pháp Le Petit Marseillais Quả Mâm Xôi & Hoa Mẫu Đơn Hữu Cơ Dưỡng Ẩm, Thơm Lâu - Phù Hợp Mọi Loại Da (250ml)","Quả Mâm Xôi & Hoa Mẫu Đơn, Standard",1731893265444210908,ST48441,184800,282400,VND,1,Thanh toán khi giao hàng,Đang xử lý,ahau.phuongthao,Video,7654094102811659528,fixed commission,,,,12,184800,22176,,,,,,,,0,0,25/06/2026 13:55:46,26/06/2026 21:39:31,25/06/2026 13:55:47,26/06/2026 21:39:31,,27/06/2026 11:30:57,TTS,Open/Target Collaboration
584699383469475610,1732250760944257244,"Sữa Tắm/Gel Tắm Pháp Le Petit Marseillais Chiết Xuất Thiên Nhiên 650ml - Sữa Tắm Lưu Hương Lành Tính - Dịu Nhẹ, An Toàn Cho Da","Hương Xoài & Chanh Dây, Standard",1732250801268951260,ST68823,331800,563320,VND,1,Thanh toán khi giao hàng,Đang xử lý,ha_thubay,Video,7599664598626618642,fixed commission,,,,8,331800,26544,,,,,,,,0,0,25/06/2026 14:31:17,26/06/2026 15:18:59,25/06/2026 14:31:19,26/06/2026 15:18:59,,27/06/2026 11:19:15,TTS,Open/Target Collaboration
584700009339847942,1732250760944257244,"Sữa Tắm/Gel Tắm Pháp Le Petit Marseillais Chiết Xuất Thiên Nhiên 650ml - Sữa Tắm Lưu Hương Lành Tính - Dịu Nhẹ, An Toàn Cho Da","Thông & Bạch Đàn Biển, Standard",1732250801268689116,ST01902,323900,557880,VND,1,Không áp dụng thanh toán khi giao hàng,Đang xử lý,ha_thubay,Video,7599664598626618642,fixed commission,,,,,323900,,,,3,9717,,,,0,0,25/06/2026 15:15:53,25/06/2026 15:15:58,25/06/2026 15:16:00,29/06/2026 07:57:49,,30/06/2026 10:59:41,TTS,Open/Target Collaboration
584700009339847942,1735803452711142620,Dầu Xả Cấp Ẩm Le Petit Marseillais Nước Dừa Hữu Cơ 200ml,Mặc định,1735803348866008284,DX74752,0,9720,VND,1,Không áp dụng thanh toán khi giao hàng,Đang xử lý,lepetitmarseillaisvn,Phát trực tiếp,7552511773073574664,fixed commission,,,,,0,,,,,,,,,0,0,25/06/2026 15:15:53,25/06/2026 15:15:58,25/06/2026 15:16:00,29/06/2026 07:57:49,,30/06/2026 10:59:41,TTS,Open/Target Collaboration
584700220802958358,1732250760944257244,"Sữa Tắm/Gel Tắm Pháp Le Petit Marseillais Chiết Xuất Thiên Nhiên 650ml - Sữa Tắm Lưu Hương Lành Tính - Dịu Nhẹ, An Toàn Cho Da","Thông & Bạch Đàn Biển, Standard",1732250801268689116,ST01902,395000,527089,VND,1,Thanh toán khi giao hàng,Đang xử lý,ron_tran_,Phát trực tiếp,7655239569159932679,fixed commission,,,,8,395000,31600,,,,,,,,0,0,25/06/2026 15:31:18,26/06/2026 10:17:13,25/06/2026 15:31:19,26/06/2026 10:17:13,,,TTS,Open/Target Collaboration
584700220802958358,1732250760944257244,"Sữa Tắm/Gel Tắm Pháp Le Petit Marseillais Chiết Xuất Thiên Nhiên 650ml - Sữa Tắm Lưu Hương Lành Tính - Dịu Nhẹ, An Toàn Cho Da","Sữa Thực Vật, Standard",1732250801269344476,ST00991,395000,527089,VND,1,Thanh toán khi giao hàng,Đang xử lý,ron_tran_,Phát trực tiếp,7655239569159932679,fixed commission,,,,8,395000,31600,,,,,,,,0,0,25/06/2026 15:31:18,26/06/2026 10:17:13,25/06/2026 15:31:19,26/06/2026 10:17:13,,,TTS,Open/Target Collaboration
584700251273725535,1733398584855921884,Sữa Tắm Nam 4 in 1 Thiên Nhiên Le Petit Marseillais Chiết Xuất Gừng & Gỗ Bách Hương 250ml 4371,Mặc định,1733398526731846876,ST04371,0,6320,VND,1,Thanh toán khi giao hàng,Đang xử lý,lepetitmarseillaisvn,Phát trực tiếp,7655240534952315655,fixed commission,,,,,0,,,,,,,,,0,0,25/06/2026 15:35:09,26/06/2026 12:42:33,25/06/2026 15:35:10,26/06/2026 12:42:33,,,TTS,Open/Target Collaboration
584700251273725535,1735910664928920796,Combo 2 Sữa Tắm Nam Le Petit Marseillais 4in1 Cho Tóc Mặt Râu Toàn Thân 250ml,"Thông Biển & Bạch Đàn, Gỗ Tuyết Tùng Và Dương Xỉ",1735912571878606044,ST01356 + ST01172,302400,559480,VND,1,Thanh toán khi giao hàng,Đang xử lý,lepetitmarseillaisvn,Phát trực tiếp,7655240534952315655,fixed commission,,,,,302400,,,,,,,,,0,0,25/06/2026 15:35:09,26/06/2026 12:42:33,25/06/2026 15:35:10,26/06/2026 12:42:33,,,TTS,Open/Target Collaboration
584700290150139311,1732250928810920156,"Sữa Tắm/Gel Tắm Pháp Le Petit Marseillais Thiên Nhiên 250ml - Sữa Tắm Lưu Hương Lành Tính - Dịu Nhẹ, An Toàn Cho Da","Muối Biển, Standard",1732250914984790236,ST54463,168100,279773,VND,1,Thanh toán khi giao hàng,Đang xử lý,ron_tran_,Phát trực tiếp,7655239569159932679,fixed commission,,,,8,168100,13448,,,,,,,,0,0,25/06/2026 15:35:53,26/06/2026 11:54:02,25/06/2026 15:35:55,26/06/2026 11:54:02,,,TTS,Open/Target Collaboration
584700290150139311,1732250928810920156,"Sữa Tắm/Gel Tắm Pháp Le Petit Marseillais Thiên Nhiên 250ml - Sữa Tắm Lưu Hương Lành Tính - Dịu Nhẹ, An Toàn Cho Da","Hạnnh Nhân, Standard",1732250914985248988,ST00892,154980,279772,VND,1,Thanh toán khi giao hàng,Đang xử lý,ron_tran_,Phát trực tiếp,7655239569159932679,fixed commission,,,,8,154980,12398,,,,,,,,0,0,25/06/2026 15:35:53,26/06/2026 11:54:02,25/06/2026 15:35:55,26/06/2026 11:54:02,,,TTS,Open/Target Collaboration
584700290150139311,1734496604995683548,Xà Phòng Le Petit Marseillais Chính Hãng Bánh Xà Phòng Tắm Thiên Nhiên (Ngẫu nhiên)  1 Bánh,Mặc định,1734496577198523612,1 BÁNH-XP,0,1555,VND,1,Thanh toán khi giao hàng,Đang xử lý,nhamtop5,Chương trình Lưu lượng truy cập bên ngoài,,fixed commission,,,,,0,,,,,,,,,0,0,25/06/2026 15:35:53,26/06/2026 11:54:02,25/06/2026 15:35:55,26/06/2026 11:54:02,,,TTS,Open/Target Collaboration
584700538766787842,1732251815880067292,"Sữa Tắm Pháp Le Petit Marseillais Cho Nam Chiết Xuất Thiên Nhiên 4in1 Nhiều Mùi Hương Dưỡng Ẩm, Thơm Lâu - Phù Hợp Mọi Loại Da (250ml)","Hương Thông & Bạch Đàn Biển, Standard",1732251749141154012,ST01356,180400,279900,VND,1,Không áp dụng thanh toán khi giao hàng,Đã hủy,ron_tran_,Phát trực tiếp,7655239569159932679,fixed commission,,,,12,180400,21648,,,,,,,,0,0,25/06/2026 15:55:13,25/06/2026 15:55:19,25/06/2026 15:55:20,,,,TTS,Open/Target Collaboration
584700528745547010,1733398584855921884,Sữa Tắm Nam 4 in 1 Thiên Nhiên Le Petit Marseillais Chiết Xuất Gừng & Gỗ Bách Hương 250ml 4371,Mặc định,1733398526731846876,ST04371,0,6320,VND,1,Không áp dụng thanh toán khi giao hàng,Đang xử lý,lepetitmarseillaisvn,Phát trực tiếp,7655240534952315655,fixed commission,,,,,0,,,,,,,,,0,0,25/06/2026 15:58:10,25/06/2026 15:58:15,25/06/2026 15:58:16,26/06/2026 08:58:02,,,TTS,Open/Target Collaboration
584700528745547010,1735910664928920796,Combo 2 Sữa Tắm Nam Le Petit Marseillais 4in1 Cho Tóc Mặt Râu Toàn Thân 250ml,"Thông Biển & Bạch Đàn, Thông Biển & Bạch Đàn",1735912571878737116,ST01356 x 2,302400,559480,VND,1,Không áp dụng thanh toán khi giao hàng,Đang xử lý,lepetitmarseillaisvn,Phát trực tiếp,7655240534952315655,fixed commission,,,,,302400,,,,,,,,,0,0,25/06/2026 15:58:10,25/06/2026 15:58:15,25/06/2026 15:58:16,26/06/2026 08:58:02,,,TTS,Open/Target Collaboration
584700749030065419,1735910664928920796,Combo 2 Sữa Tắm Nam Le Petit Marseillais 4in1 Cho Tóc Mặt Râu Toàn Thân 250ml,"Thông Biển & Bạch Đàn, Gỗ Tuyết Tùng Và Dương Xỉ",1735912571878606044,ST01356 + ST01172,378000,559480,VND,1,Không áp dụng thanh toán khi giao hàng,Đang xử lý,lepetitmarseillaisvn,Phát trực tiếp,7655240534952315655,fixed commission,,,,,378000,,,,,,,,,0,0,25/06/2026 16:10:33,25/06/2026 16:10:37,25/06/2026 16:10:38,26/06/2026 09:49:02,,,TTS,Open/Target Collaboration
584700749030065419,1733398584855921884,Sữa Tắm Nam 4 in 1 Thiên Nhiên Le Petit Marseillais Chiết Xuất Gừng & Gỗ Bách Hương 250ml 4371,Mặc định,1733398526731846876,ST04371,0,6320,VND,1,Không áp dụng thanh toán khi giao hàng,Đang xử lý,lepetitmarseillaisvn,Phát trực tiếp,7655240534952315655,fixed commission,,,,,0,,,,,,,,,0,0,25/06/2026 16:10:33,25/06/2026 16:10:37,25/06/2026 16:10:38,26/06/2026 09:49:02,,,TTS,Open/Target Collaboration
584701037673219492,1732250928810920156,"Sữa Tắm/Gel Tắm Pháp Le Petit Marseillais Thiên Nhiên 250ml - Sữa Tắm Lưu Hương Lành Tính - Dịu Nhẹ, An Toàn Cho Da","Hương Lựu, Standard",1732250914984724700,ST19308,180400,286850,VND,1,Thanh toán khi giao hàng,Đã hủy,ron_tran_,Phát trực tiếp,7655239569159932679,fixed commission,0,0,0,8,180400,14432,,,,,,,,0,0,25/06/2026 16:36:44,,25/06/2026 16:36:46,,,,TTS,Open/Target Collaboration
584701119726323108,1732250928810920156,"Sữa Tắm/Gel Tắm Pháp Le Petit Marseillais Thiên Nhiên 250ml - Sữa Tắm Lưu Hương Lành Tính - Dịu Nhẹ, An Toàn Cho Da","Xoài & Chanh Dây, Standard",1732250914984986844,ST99622,174000,286850,VND,1,Thanh toán khi giao hàng,Đang xử lý,ron_tran_,Phát trực tiếp,7655239569159932679,fixed commission,,,,8,174000,13920,,,,,,,,0,0,25/06/2026 16:38:59,27/06/2026 09:47:43,25/06/2026 16:39:00,27/06/2026 09:47:43,,,TTS,Open/Target Collaboration
584701511562790510,1735803452711142620,Dầu Xả Cấp Ẩm Le Petit Marseillais Nước Dừa Hữu Cơ 200ml,Mặc định,1735803348866008284,DX74752,147870,336600,VND,1,Thanh toán khi giao hàng,Đang xử lý,thanhkhiemtxc337,Chương trình Lưu lượng truy cập bên ngoài,,fixed commission,,,,4,147870,5915,,,,,,,,0,0,25/06/2026 17:13:05,27/06/2026 14:39:33,25/06/2026 17:13:06,27/06/2026 14:39:33,,28/06/2026 10:10:39,TTS,Open/Target Collaboration
584701619301156148,1732251815880067292,"Sữa Tắm Pháp Le Petit Marseillais Cho Nam Chiết Xuất Thiên Nhiên 4in1 Nhiều Mùi Hương Dưỡng Ẩm, Thơm Lâu - Phù Hợp Mọi Loại Da (250ml)","Hương Thông & Bạch Đàn Biển, Standard",1732251749141154012,ST01356,178350,279900,VND,1,Thanh toán khi giao hàng,Đang xử lý,emberiviu1,Video,7654239528814775572,fixed commission,,,,,178350,,,,3,5351,,,,0,0,25/06/2026 17:18:54,27/06/2026 16:24:29,25/06/2026 17:18:56,27/06/2026 16:24:29,,28/06/2026 07:29:29,TTS,Open/Target Collaboration
584702023610238832,1735792111492236508,Sữa Tắm Dạng Kem Le Petit Marseillais Chiết Xuất Vani Hữu Cơ ư 250ml - 92% Thiên Nhiên Siêu Dịu Nhẹ,Mặc định,1735792088033101020,ST00526,199000,285200,VND,1,Thanh toán khi giao hàng,Đang xử lý,haiy_88,Chương trình Lưu lượng truy cập bên ngoài,,fixed commission,,,,4,199000,7960,,,,,,,,0,0,25/06/2026 17:49:05,27/06/2026 11:03:57,25/06/2026 17:49:07,27/06/2026 11:03:57,,28/06/2026 07:42:51,TTS,Open/Target Collaboration
584702447442298301,1732251815880067292,"Sữa Tắm Pháp Le Petit Marseillais Cho Nam Chiết Xuất Thiên Nhiên 4in1 Nhiều Mùi Hương Dưỡng Ẩm, Thơm Lâu - Phù Hợp Mọi Loại Da (250ml)","Hương Gỗ Tuyết Tùng & Dương Xỉ, Standard",1732251749141219548,ST01172,157500,441714,VND,2,Không áp dụng thanh toán khi giao hàng,Đang xử lý,atvncreator,Chương trình Lưu lượng truy cập bên ngoài,,fixed commission,,,,8,315000,25200,,,,,,,,0,0,25/06/2026 18:19:33,25/06/2026 18:19:39,25/06/2026 18:19:39,27/06/2026 09:30:40,,,TTS,Open/Target Collaboration
584702447442298301,1733398584855921884,Sữa Tắm Nam 4 in 1 Thiên Nhiên Le Petit Marseillais Chiết Xuất Gừng & Gỗ Bách Hương 250ml 4371,Mặc định,1733398526731846876,ST04371,0,4886,VND,1,Không áp dụng thanh toán khi giao hàng,Đang xử lý,atvncreator,Chương trình Lưu lượng truy cập bên ngoài,,fixed commission,,,,,0,,,,,,,,,0,0,25/06/2026 18:19:33,25/06/2026 18:19:39,25/06/2026 18:19:39,27/06/2026 09:30:40,,,TTS,Open/Target Collaboration
584704177502323715,1732250760944257244,"Sữa Tắm/Gel Tắm Pháp Le Petit Marseillais Chiết Xuất Thiên Nhiên 650ml - Sữa Tắm Lưu Hương Lành Tính - Dịu Nhẹ, An Toàn Cho Da","Hoa Tiare, Standard",1732250801268885724,ST68816,323900,557880,VND,1,Thanh toán khi giao hàng,Đang xử lý,ngi.thi.bnh74,Chương trình Lưu lượng truy cập bên ngoài,,fixed commission,,,,4,323900,12956,,,,,,,,0,0,25/06/2026 20:15:40,28/06/2026 10:25:08,25/06/2026 20:15:42,28/06/2026 10:25:08,,29/06/2026 12:54:29,TTS,Open/Target Collaboration
584704177502323715,1735803452711142620,Dầu Xả Cấp Ẩm Le Petit Marseillais Nước Dừa Hữu Cơ 200ml,Mặc định,1735803348866008284,DX74752,0,9720,VND,1,Thanh toán khi giao hàng,Đang xử lý,ngi.thi.bnh74,Chương trình Lưu lượng truy cập bên ngoài,,fixed commission,,,,,0,,,,,,,,,0,0,25/06/2026 20:15:40,28/06/2026 10:25:08,25/06/2026 20:15:42,28/06/2026 10:25:08,,29/06/2026 12:54:29,TTS,Open/Target Collaboration
584704453799872014,1735774261158642908,Sữa Tắm Le Petit Marseillais Sữa Vani Hữu Cơ 92% Tự Nhiên 650ml,Mặc định,1735774389484160220,ST00557,325000,534675,VND,1,Thanh toán khi giao hàng,Đang xử lý,ahau.phuongthao,Video,7654094102811659528,fixed commission,,,,12,325000,39000,,,,,,,,0,0,25/06/2026 20:21:31,27/06/2026 13:20:26,25/06/2026 20:21:33,27/06/2026 13:20:26,,28/06/2026 11:41:47,TTS,Open/Target Collaboration
584704453799872014,1735803452711142620,Dầu Xả Cấp Ẩm Le Petit Marseillais Nước Dừa Hữu Cơ 200ml,Mặc định,1735803348866008284,DX74752,0,5225,VND,1,Thanh toán khi giao hàng,Đang xử lý,iflytek02,Chương trình Lưu lượng truy cập bên ngoài,,fixed commission,,,,,0,,,,,,,,,0,0,25/06/2026 20:21:31,27/06/2026 13:20:26,25/06/2026 20:21:33,27/06/2026 13:20:26,,28/06/2026 11:41:47,TTS,Open/Target Collaboration
584704398206665758,1732250928810920156,"Sữa Tắm/Gel Tắm Pháp Le Petit Marseillais Thiên Nhiên 250ml - Sữa Tắm Lưu Hương Lành Tính - Dịu Nhẹ, An Toàn Cho Da","Quả Mâm Xôi & Hoa Mẫu Đơn, Standard",1732250914985052380,ST48441,173880,279900,VND,1,Thanh toán khi giao hàng,Đang xử lý,ahau.phuongthao,Video,7654094102811659528,fixed commission,,,,12,173880,20866,,,,,,,,0,0,25/06/2026 20:22:58,27/06/2026 09:42:33,25/06/2026 20:23:01,27/06/2026 09:42:33,,28/06/2026 12:00:13,TTS,Open/Target Collaboration
584705226008462773,1735803452711142620,Dầu Xả Cấp Ẩm Le Petit Marseillais Nước Dừa Hữu Cơ 200ml,Mặc định,1735803348866008284,DX74752,0,7880,VND,1,Thanh toán khi giao hàng,Đang xử lý,lepetitmarseillaisvn,Video,7652271202534198549,fixed commission,,,,,0,,,,,,,,,0,0,25/06/2026 21:08:33,27/06/2026 18:09:59,25/06/2026 21:08:34,27/06/2026 18:09:59,,,TTS,Open/Target Collaboration
584705226008462773,1732250760944257244,"Sữa Tắm/Gel Tắm Pháp Le Petit Marseillais Chiết Xuất Thiên Nhiên 650ml - Sữa Tắm Lưu Hương Lành Tính - Dịu Nhẹ, An Toàn Cho Da","Hoa Tiare, Standard",1732250801268885724,ST68816,328000,550520,VND,1,Thanh toán khi giao hàng,Đang xử lý,lepetitmarseillaisvn,Video,7652271202534198549,fixed commission,,,,,328000,,,,,,,,,0,0,25/06/2026 21:08:33,27/06/2026 18:09:59,25/06/2026 21:08:34,27/06/2026 18:09:59,,,TTS,Open/Target Collaboration
584705550273185143,1731317167366243548,[Quà tặng không bán] Bông Tắm Tạo Bọt Mềm Mịn,Mặc định,1731317148230255836,BONG TAM HQ,0,12143,VND,1,Thanh toán khi giao hàng,Đang xử lý,lepetitmarseillaisvn,Phát trực tiếp,7655335633665592071,fixed commission,,,,,0,,,,,,,,,0,0,25/06/2026 21:30:11,29/06/2026 11:03:20,25/06/2026 21:30:13,29/06/2026 11:03:20,,,TTS,Open/Target Collaboration
584705550273185143,1732251906497939676,Sữa tắm Thiên Nhiên Pháp Le Petit Marseillais Nhiều Mùi Hương Dịu Nhẹ Cho Da Nhạy Cảm 400ml - Phù Hợp Mọi Loại Da,"Lô Hội, Standard",1732251905363708124,ST55031,273900,462857,VND,1,Thanh toán khi giao hàng,Đang xử lý,lepetitmarseillaisvn,Phát trực tiếp,7655335633665592071,fixed commission,,,,,273900,,,,,,,,,0,0,25/06/2026 21:30:11,29/06/2026 11:03:20,25/06/2026 21:30:13,29/06/2026 11:03:20,,,TTS,Open/Target Collaboration
584705485650297926,1732251815880067292,"Sữa Tắm Pháp Le Petit Marseillais Cho Nam Chiết Xuất Thiên Nhiên 4in1 Nhiều Mùi Hương Dưỡng Ẩm, Thơm Lâu - Phù Hợp Mọi Loại Da (250ml)","Hương Gừng & Gỗ Bách, Standard",1732251749141285084,ST04371,189000,279900,VND,1,Thanh toán khi giao hàng,Đang xử lý,iflyad07,Chương trình Lưu lượng truy cập bên ngoài,,fixed commission,,,,4,189000,7560,,,,,,,,0,0,25/06/2026 21:31:57,27/06/2026 13:25:24,25/06/2026 21:31:58,27/06/2026 13:25:24,,28/06/2026 09:55:59,TTS,Open/Target Collaboration
584705582662256447,1734496604995683548,Xà Phòng Le Petit Marseillais Chính Hãng Bánh Xà Phòng Tắm Thiên Nhiên (Ngẫu nhiên)  1 Bánh,Mặc định,1734496577198523612,1 BÁNH-XP,0,2986,VND,1,Thanh toán khi giao hàng,Đang xử lý,lepetitmarseillaisvn,Phát trực tiếp,7655335633665592071,fixed commission,,,,,0,,,,,,,,,0,0,25/06/2026 21:39:05,27/06/2026 12:15:17,25/06/2026 21:39:08,27/06/2026 12:15:17,,,TTS,Open/Target Collaboration
584705582662256447,1736012338574165212,Combo 2 Sữa Tắm Nữ Pháp Le Petit Marseillais 250ml - Thiên Nhiên Dịu Nhẹ,"Lá Bạc Hà , Lá Bạc Hà ",1736012747225072860,ST92871+ST92871,309960,587914,VND,1,Thanh toán khi giao hàng,Đang xử lý,lepetitmarseillaisvn,Phát trực tiếp,7655335633665592071,fixed commission,,,,,309960,,,,,,,,,0,0,25/06/2026 21:39:05,27/06/2026 12:15:17,25/06/2026 21:39:08,27/06/2026 12:15:17,,,TTS,Open/Target Collaboration
584705774965917373,1733398584855921884,Sữa Tắm Nam 4 in 1 Thiên Nhiên Le Petit Marseillais Chiết Xuất Gừng & Gỗ Bách Hương 250ml 4371,Mặc định,1733398526731846876,ST04371,0,6320,VND,1,Không áp dụng thanh toán khi giao hàng,Đang xử lý,lepetitmarseillaisvn,Phát trực tiếp,7655335633665592071,fixed commission,,,,,0,,,,,,,,,0,0,25/06/2026 21:48:06,25/06/2026 21:48:12,25/06/2026 21:48:12,27/06/2026 11:09:20,,,TTS,Open/Target Collaboration
584705774965917373,1735910664928920796,Combo 2 Sữa Tắm Nam Le Petit Marseillais 4in1 Cho Tóc Mặt Râu Toàn Thân 250ml,"Gỗ Tuyết Tùng Và Dương Xỉ, Gỗ Tuyết Tùng Và Dương Xỉ",1735912571877950684,ST01172 x 2,302400,559480,VND,1,Không áp dụng thanh toán khi giao hàng,Đang xử lý,lepetitmarseillaisvn,Phát trực tiếp,7655335633665592071,fixed commission,,,,,302400,,,,,,,,,0,0,25/06/2026 21:48:06,25/06/2026 21:48:12,25/06/2026 21:48:12,27/06/2026 11:09:20,,,TTS,Open/Target Collaboration
584705786238436652,1732251815880067292,"Sữa Tắm Pháp Le Petit Marseillais Cho Nam Chiết Xuất Thiên Nhiên 4in1 Nhiều Mùi Hương Dưỡng Ẩm, Thơm Lâu - Phù Hợp Mọi Loại Da (250ml)","Hương Gỗ Tuyết Tùng & Dương Xỉ, Standard",1732251749141219548,ST01172,176300,280350,VND,1,Thanh toán khi giao hàng,Đang xử lý,duongmanhkien19,Video,7578474458705382676,fixed commission,,,,8,176300,14104,,,,,,,,0,0,25/06/2026 21:53:19,28/06/2026 20:55:04,25/06/2026 21:53:20,28/06/2026 20:55:04,,29/06/2026 08:36:31,TTS,Open/Target Collaboration
584705786238436652,1731317167366243548,[Quà tặng không bán] Bông Tắm Tạo Bọt Mềm Mịn,Mặc định,1731317148230255836,BONG TAM HQ,0,8350,VND,1,Thanh toán khi giao hàng,Đang xử lý,lepetitmarseillaisvn,Phát trực tiếp,7655335633665592071,fixed commission,,,,,0,,,,,,,,,0,0,25/06/2026 21:53:19,28/06/2026 20:55:04,25/06/2026 21:53:20,28/06/2026 20:55:04,,29/06/2026 08:36:31,TTS,Open/Target Collaboration
584705940943963755,1736012338574165212,Combo 2 Sữa Tắm Nữ Pháp Le Petit Marseillais 250ml - Thiên Nhiên Dịu Nhẹ,"Muối Biển, Bông Và Hoa Anh Túc",1736012747227956444,ST54463+ST65434,313740,583543,VND,1,Thanh toán khi giao hàng,Đã hủy,lepetitmarseillaisvn,Phát trực tiếp,7655335633665592071,fixed commission,,,,,313740,,,,,,,,,0,0,25/06/2026 21:59:02,,25/06/2026 21:59:03,,,,TTS,Open/Target Collaboration
584705940943963755,1734496604995683548,Xà Phòng Le Petit Marseillais Chính Hãng Bánh Xà Phòng Tắm Thiên Nhiên (Ngẫu nhiên)  1 Bánh,Mặc định,1734496577198523612,1 BÁNH-XP,0,2257,VND,1,Thanh toán khi giao hàng,Đã hủy,lepetitmarseillaisvn,Phát trực tiếp,7655335633665592071,fixed commission,,,,,0,,,,,,,,,0,0,25/06/2026 21:59:02,,25/06/2026 21:59:03,,,,TTS,Open/Target Collaboration
584705963381392830,1733398584855921884,Sữa Tắm Nam 4 in 1 Thiên Nhiên Le Petit Marseillais Chiết Xuất Gừng & Gỗ Bách Hương 250ml 4371,Mặc định,1733398526731846876,ST04371,0,11880,VND,1,Thanh toán khi giao hàng,Đang xử lý,lepetitmarseillaisvn,Phát trực tiếp,7655335633665592071,fixed commission,,,,,0,,,,,,,,,0,0,25/06/2026 22:02:37,27/06/2026 19:08:26,25/06/2026 22:02:39,27/06/2026 19:08:26,,,TTS,Open/Target Collaboration
584705963381392830,1735910664928920796,Combo 2 Sữa Tắm Nam Le Petit Marseillais 4in1 Cho Tóc Mặt Râu Toàn Thân 250ml,"Gỗ Tuyết Tùng Và Dương Xỉ, Thông Biển & Bạch Đàn",1735912571878081756,ST01172 + ST01356,302400,567820,VND,1,Thanh toán khi giao hàng,Đang xử lý,lepetitmarseillaisvn,Phát trực tiếp,7655335633665592071,fixed commission,,,,,302400,,,,,,,,,0,0,25/06/2026 22:02:37,27/06/2026 19:08:26,25/06/2026 22:02:39,27/06/2026 19:08:26,,,TTS,Open/Target Collaboration
584706064353166426,1735803452711142620,Dầu Xả Cấp Ẩm Le Petit Marseillais Nước Dừa Hữu Cơ 200ml,Mặc định,1735803348866008284,DX74752,0,9720,VND,1,Thanh toán khi giao hàng,Đang xử lý,lepetitmarseillaisvn,Phát trực tiếp,7655335633665592071,fixed commission,,,,,0,,,,,,,,,0,0,25/06/2026 22:08:23,27/06/2026 15:41:48,25/06/2026 22:08:25,27/06/2026 15:41:48,,,TTS,Open/Target Collaboration
584706064353166426,1732250760944257244,"Sữa Tắm/Gel Tắm Pháp Le Petit Marseillais Chiết Xuất Thiên Nhiên 650ml - Sữa Tắm Lưu Hương Lành Tính - Dịu Nhẹ, An Toàn Cho Da","Hương Xoài & Chanh Dây, Standard",1732250801268951260,ST68823,330000,557880,VND,1,Thanh toán khi giao hàng,Đang xử lý,lepetitmarseillaisvn,Phát trực tiếp,7655335633665592071,fixed commission,,,,,330000,,,,,,,,,0,0,25/06/2026 22:08:23,27/06/2026 15:41:48,25/06/2026 22:08:25,27/06/2026 15:41:48,,,TTS,Open/Target Collaboration
584706130295358762,1733398584855921884,Sữa Tắm Nam 4 in 1 Thiên Nhiên Le Petit Marseillais Chiết Xuất Gừng & Gỗ Bách Hương 250ml 4371,Mặc định,1733398526731846876,ST04371,0,6320,VND,1,Thanh toán khi giao hàng,Đang xử lý,lepetitmarseillaisvn,Phát trực tiếp,7655335633665592071,fixed commission,,,,,0,,,,,,,,,0,0,25/06/2026 22:13:38,27/06/2026 19:15:42,25/06/2026 22:13:39,27/06/2026 19:15:42,,,TTS,Open/Target Collaboration
584706130295358762,1735910664928920796,Combo 2 Sữa Tắm Nam Le Petit Marseillais 4in1 Cho Tóc Mặt Râu Toàn Thân 250ml,"Gỗ Cam & Dầu Argan , Gỗ Tuyết Tùng Và Dương Xỉ",1735912571878278364,ST01431 + ST01172,313740,559480,VND,1,Thanh toán khi giao hàng,Đang xử lý,lepetitmarseillaisvn,Phát trực tiếp,7655335633665592071,fixed commission,,,,,313740,,,,,,,,,0,0,25/06/2026 22:13:38,27/06/2026 19:15:42,25/06/2026 22:13:39,27/06/2026 19:15:42,,,TTS,Open/Target Collaboration
584706180358112631,1733398584855921884,Sữa Tắm Nam 4 in 1 Thiên Nhiên Le Petit Marseillais Chiết Xuất Gừng & Gỗ Bách Hương 250ml 4371,Mặc định,1733398526731846876,ST04371,0,6320,VND,1,Thanh toán khi giao hàng,Đang xử lý,lepetitmarseillaisvn,Phát trực tiếp,7655335633665592071,fixed commission,,,,,0,,,,,,,,,0,0,25/06/2026 22:15:04,27/06/2026 21:26:55,25/06/2026 22:15:05,27/06/2026 21:26:55,,,TTS,Open/Target Collaboration
584706180358112631,1735910664928920796,Combo 2 Sữa Tắm Nam Le Petit Marseillais 4in1 Cho Tóc Mặt Râu Toàn Thân 250ml,"Gỗ Cam & Dầu Argan , Gỗ Tuyết Tùng Và Dương Xỉ",1735912571878278364,ST01431 + ST01172,317520,559480,VND,1,Thanh toán khi giao hàng,Đang xử lý,lepetitmarseillaisvn,Phát trực tiếp,7655335633665592071,fixed commission,,,,,317520,,,,,,,,,0,0,25/06/2026 22:15:04,27/06/2026 21:26:55,25/06/2026 22:15:05,27/06/2026 21:26:55,,,TTS,Open/Target Collaboration
584706288579937821,1732251815880067292,"Sữa Tắm Pháp Le Petit Marseillais Cho Nam Chiết Xuất Thiên Nhiên 4in1 Nhiều Mùi Hương Dưỡng Ẩm, Thơm Lâu - Phù Hợp Mọi Loại Da (250ml)","Hương Gỗ Tuyết Tùng & Dương Xỉ, Standard",1732251749141219548,ST01172,168100,282450,VND,1,Thanh toán khi giao hàng,Đang xử lý,lepetitmarseillaisvn,Phát trực tiếp,7655335633665592071,fixed commission,,,,,168100,,,,,,,,,0,0,25/06/2026 22:25:23,28/06/2026 19:39:49,25/06/2026 22:25:26,28/06/2026 19:39:49,,,TTS,Open/Target Collaboration
584706288579937821,1731317167366243548,[Quà tặng không bán] Bông Tắm Tạo Bọt Mềm Mịn,Mặc định,1731317148230255836,BONG TAM HQ,0,10450,VND,1,Thanh toán khi giao hàng,Đang xử lý,lepetitmarseillaisvn,Phát trực tiếp,7655335633665592071,fixed commission,,,,,0,,,,,,,,,0,0,25/06/2026 22:25:23,28/06/2026 19:39:49,25/06/2026 22:25:26,28/06/2026 19:39:49,,,TTS,Open/Target Collaboration
584706447708686089,1732250760944257244,"Sữa Tắm/Gel Tắm Pháp Le Petit Marseillais Chiết Xuất Thiên Nhiên 650ml - Sữa Tắm Lưu Hương Lành Tính - Dịu Nhẹ, An Toàn Cho Da","Lá Oliu & Hoa Bồ Đề, Standard",1732250801268754652,ST01295,308100,523845,VND,1,Thanh toán khi giao hàng,Đang xử lý,lepetitmarseillaisvn,Phát trực tiếp,7655335633665592071,fixed commission,,,,,308100,,,,,,,,,0,0,25/06/2026 22:32:10,27/06/2026 10:11:14,25/06/2026 22:32:12,27/06/2026 10:11:14,,,TTS,Open/Target Collaboration
584706447708686089,1735803452711142620,Dầu Xả Cấp Ẩm Le Petit Marseillais Nước Dừa Hữu Cơ 200ml,Mặc định,1735803348866008284,DX74752,0,1211,VND,1,Thanh toán khi giao hàng,Đang xử lý,lepetitmarseillaisvn,Phát trực tiếp,7655335633665592071,fixed commission,,,,,0,,,,,,,,,0,0,25/06/2026 22:32:10,27/06/2026 10:11:14,25/06/2026 22:32:12,27/06/2026 10:11:14,,,TTS,Open/Target Collaboration
584706447708686089,1732250760944257244,"Sữa Tắm/Gel Tắm Pháp Le Petit Marseillais Chiết Xuất Thiên Nhiên 650ml - Sữa Tắm Lưu Hương Lành Tính - Dịu Nhẹ, An Toàn Cho Da","Thông & Bạch Đàn Biển, Standard",1732250801268689116,ST01902,308100,523844,VND,1,Thanh toán khi giao hàng,Đang xử lý,lepetitmarseillaisvn,Phát trực tiếp,7655335633665592071,fixed commission,,,,,308100,,,,,,,,,0,0,25/06/2026 22:32:10,27/06/2026 10:11:14,25/06/2026 22:32:12,27/06/2026 10:11:14,,,TTS,Open/Target Collaboration
584706624895944059,1734496604995683548,Xà Phòng Le Petit Marseillais Chính Hãng Bánh Xà Phòng Tắm Thiên Nhiên (Ngẫu nhiên)  1 Bánh,Mặc định,1734496577198523612,1 BÁNH-XP,75000,89000,VND,1,Không áp dụng thanh toán khi giao hàng,Đang xử lý,onggiatichcuc79,Video,7654819435764518162,fixed commission,,,,6,75000,4500,,,,,,,,0,0,25/06/2026 22:46:37,25/06/2026 22:46:39,25/06/2026 22:46:40,27/06/2026 14:23:38,,28/06/2026 12:49:32,TTS,Open/Target Collaboration
584706599307740769,1732251815880067292,"Sữa Tắm Pháp Le Petit Marseillais Cho Nam Chiết Xuất Thiên Nhiên 4in1 Nhiều Mùi Hương Dưỡng Ẩm, Thơm Lâu - Phù Hợp Mọi Loại Da (250ml)","Hương Gỗ Tuyết Tùng & Dương Xỉ, Standard",1732251749141219548,ST01172,178350,286850,VND,1,Thanh toán khi giao hàng,Đang xử lý,mundayne688,Video,7578844742998396168,fixed commission,,,,8,178350,14268,,,,,,,,0,0,25/06/2026 22:46:52,27/06/2026 17:20:28,25/06/2026 22:46:53,27/06/2026 17:20:28,,28/06/2026 08:50:42,TTS,Open/Target Collaboration
584706802008950215,1735802617258280156,Sữa Tắm Le Petit Marseillais Chiết Xuất Hoa thanh Cúc Cho Da Nhạy Cảm 98% Thiên Nhiên 400ml,Mặc định,1735802708556088540,ST55017,292400,450947,VND,1,Thanh toán khi giao hàng,Đang xử lý,lepetitmarseillaisvn,Phát trực tiếp,7655335633665592071,fixed commission,,,,,292400,,,,,,,,,0,0,25/06/2026 23:04:27,27/06/2026 19:50:08,25/06/2026 23:04:28,27/06/2026 19:50:08,,,TTS,Open/Target Collaboration
584706802008950215,1731317167366243548,[Quà tặng không bán] Bông Tắm Tạo Bọt Mềm Mịn,Mặc định,1731317148230255836,BONG TAM HQ,0,9947,VND,2,Thanh toán khi giao hàng,Đang xử lý,lepetitmarseillaisvn,Phát trực tiếp,7655335633665592071,fixed commission,,,,,0,,,,,,,,,0,0,25/06/2026 23:04:27,27/06/2026 19:50:08,25/06/2026 23:04:28,27/06/2026 19:50:08,,,TTS,Open/Target Collaboration
584706802008950215,1733398589084042460,Sữa Tắm Nam Thơm Lâu 4 in 1 Thiên Nhiên Le Petit Marseillais Chiết Xuất Thông Biển & Bạch Đàn 250ml 1356,Mặc định,1733398673842472156,ST01356,171140,279958,VND,1,Thanh toán khi giao hàng,Đang xử lý,lepetitmarseillaisvn,Phát trực tiếp,7655335633665592071,fixed commission,,,,,171140,,,,,,,,,0,0,25/06/2026 23:04:27,27/06/2026 19:50:08,25/06/2026 23:04:28,27/06/2026 19:50:08,,,TTS,Open/Target Collaboration
584706795299570901,1732251815880067292,"Sữa Tắm Pháp Le Petit Marseillais Cho Nam Chiết Xuất Thiên Nhiên 4in1 Nhiều Mùi Hương Dưỡng Ẩm, Thơm Lâu - Phù Hợp Mọi Loại Da (250ml)","Hương Gỗ Tuyết Tùng & Dương Xỉ, Standard",1732251749141219548,ST01172,205000,292700,VND,1,Thanh toán khi giao hàng,Đang xử lý,duongmanhkien19,Video,7578474458705382676,fixed commission,,,,,205000,,,,3,6150,,,,0,0,25/06/2026 23:05:38,29/06/2026 16:59:26,25/06/2026 23:05:39,29/06/2026 16:59:26,,30/06/2026 09:58:12,TTS,Open/Target Collaboration
584706805359478068,1736012338574165212,Combo 2 Sữa Tắm Nữ Pháp Le Petit Marseillais 250ml - Thiên Nhiên Dịu Nhẹ,"Quả Mâm Xôi Hữu Cơ & Hoa Mẫu Đơn, Xoài Hữu Cơ & Chanh Dây",1736013429862991068,ST48441+ST99622,343560,583543,VND,1,Thanh toán khi giao hàng,Đang xử lý,ahau.phuongthao,Video,7654565393536748818,fixed commission,,,,,343560,,,,2,6871,,,,0,0,25/06/2026 23:05:54,28/06/2026 18:54:14,25/06/2026 23:05:55,28/06/2026 18:54:14,,29/06/2026 07:39:26,TTS,Open/Target Collaboration
584706884697425011,1733398584855921884,Sữa Tắm Nam 4 in 1 Thiên Nhiên Le Petit Marseillais Chiết Xuất Gừng & Gỗ Bách Hương 250ml 4371,Mặc định,1733398526731846876,ST04371,0,6320,VND,1,Thanh toán khi giao hàng,Đang xử lý,lepetitmarseillaisvn,Phát trực tiếp,7655335633665592071,fixed commission,,,,,0,,,,,,,,,0,0,25/06/2026 23:08:22,29/06/2026 10:29:09,25/06/2026 23:08:23,29/06/2026 10:29:09,,,TTS,Open/Target Collaboration
584706884697425011,1735910664928920796,Combo 2 Sữa Tắm Nam Le Petit Marseillais 4in1 Cho Tóc Mặt Râu Toàn Thân 250ml,"Thông Biển & Bạch Đàn, Gỗ Tuyết Tùng Và Dương Xỉ",1735912571878606044,ST01356 + ST01172,309960,559480,VND,1,Thanh toán khi giao hàng,Đang xử lý,lepetitmarseillaisvn,Phát trực tiếp,7655335633665592071,fixed commission,,,,,309960,,,,,,,,,0,0,25/06/2026 23:08:22,29/06/2026 10:29:09,25/06/2026 23:08:23,29/06/2026 10:29:09,,,TTS,Open/Target Collaboration
584706889785967980,1735803310673790172,Dầu Gội Cấp Ẩm Le Petit Marseillais Nước Dừa Hữu Cơ 250ml,Mặc định,1735803421743809756,DG37429,238280,364000,VND,1,Không áp dụng thanh toán khi giao hàng,Đang xử lý,reviewdoao,Chương trình Lưu lượng truy cập bên ngoài,,fixed commission,,,,4,238280,9531,,,,,,,,0,0,25/06/2026 23:11:52,25/06/2026 23:11:57,25/06/2026 23:11:58,30/06/2026 10:13:51,,01/07/2026 08:14:08,TTS,Open/Target Collaboration
584707223936665209,1735791362076869852,Sữa Tắm Dạng Kem Le Petit Marseillais Bông Và Hoa Anh Túc 250ml  92% Thiên Nhiên Siêu Dịu Nhẹ,Mặc định,1735791937064830172,ST65434,0,4886,VND,1,Thanh toán khi giao hàng,Đang xử lý,lepetitmarseillaisvn,Phát trực tiếp,7655335633665592071,fixed commission,,,,,0,,,,,,,,,0,0,25/06/2026 23:45:12,27/06/2026 10:02:15,25/06/2026 23:45:13,27/06/2026 10:02:15,,,TTS,Open/Target Collaboration
584707223936665209,1735734318844052700,"[KOL huynhdangthong x LPM] Sữa Tắm/Gel Tắm Pháp Le Petit Marseillais Chiết Xuất Thiên Nhiên 650ml - Sữa Tắm Lưu Hương Lành Tính - Dịu Nhẹ, An Toàn Cho Da","Thông & Bạch Đàn Biển, Standard",1735734212754506972,ST01902,334540,531214,VND,1,Thanh toán khi giao hàng,Đang xử lý,lepetitmarseillaisvn,Phát trực tiếp,7655335633665592071,fixed commission,,,,,334540,,,,,,,,,0,0,25/06/2026 23:45:12,27/06/2026 10:02:15,25/06/2026 23:45:13,27/06/2026 10:02:15,,,TTS,Open/Target Collaboration
584707382364833606,1732251815880067292,"Sữa Tắm Pháp Le Petit Marseillais Cho Nam Chiết Xuất Thiên Nhiên 4in1 Nhiều Mùi Hương Dưỡng Ẩm, Thơm Lâu - Phù Hợp Mọi Loại Da (250ml)","Hương Cam & Tinh Dầu Argan, Standard",1732251749141022940,ST01431,205000,279900,VND,1,Thanh toán khi giao hàng,Đang xử lý,man.trung.737,Video,7595064670482877717,fixed commission,,,,,205000,,,,3,6150,,,,0,0,26/06/2026 00:03:07,27/06/2026 09:39:11,26/06/2026 00:03:08,27/06/2026 09:39:11,,28/06/2026 11:57:02,TTS,Open/Target Collaboration
584707865707119745,1732250928810920156,"Sữa Tắm/Gel Tắm Pháp Le Petit Marseillais Thiên Nhiên 250ml - Sữa Tắm Lưu Hương Lành Tính - Dịu Nhẹ, An Toàn Cho Da","Đào Trắng & Quả Xuân Đào, Standard",1732250914985380060,ST01240,160650,295800,VND,1,Thanh toán khi giao hàng,Đang xử lý,lona061195,Chương trình Lưu lượng truy cập bên ngoài,,fixed commission,,,,8,160650,12852,,,,,,,,0,0,26/06/2026 01:14:56,28/06/2026 15:08:56,26/06/2026 01:15:37,28/06/2026 15:08:56,,29/06/2026 08:34:24,TTS,Open/Target Collaboration
584709382218745210,1732250928810920156,"Sữa Tắm/Gel Tắm Pháp Le Petit Marseillais Thiên Nhiên 250ml - Sữa Tắm Lưu Hương Lành Tính - Dịu Nhẹ, An Toàn Cho Da","Quả Mâm Xôi & Hoa Mẫu Đơn, Standard",1732250914985052380,ST48441,189000,279900,VND,1,Thanh toán khi giao hàng,Đang xử lý,ahau.phuongthao,Video,7654094102811659528,fixed commission,,,,12,189000,22680,,,,,,,,0,0,26/06/2026 06:45:13,27/06/2026 09:47:55,26/06/2026 06:45:14,27/06/2026 09:47:55,,28/06/2026 11:41:13,TTS,Open/Target Collaboration
584709584675833707,1732250928810920156,"Sữa Tắm/Gel Tắm Pháp Le Petit Marseillais Thiên Nhiên 250ml - Sữa Tắm Lưu Hương Lành Tính - Dịu Nhẹ, An Toàn Cho Da","Quả Mâm Xôi & Hoa Mẫu Đơn, Standard",1732250914985052380,ST48441,189000,278300,VND,1,Thanh toán khi giao hàng,Đang xử lý,ahau.phuongthao,Video,7654094102811659528,fixed commission,,,,12,189000,22680,,,,,,,,0,0,26/06/2026 07:05:35,27/06/2026 11:56:29,26/06/2026 07:05:37,27/06/2026 11:56:29,,28/06/2026 12:22:49,TTS,Open/Target Collaboration
584709861465491440,1732250928810920156,"Sữa Tắm/Gel Tắm Pháp Le Petit Marseillais Thiên Nhiên 250ml - Sữa Tắm Lưu Hương Lành Tính - Dịu Nhẹ, An Toàn Cho Da","Quả Mâm Xôi & Hoa Mẫu Đơn, Standard",1732250914985052380,ST48441,189000,279900,VND,1,Thanh toán khi giao hàng,Đang xử lý,ahau.phuongthao,Video,7654094102811659528,fixed commission,,,,12,189000,22680,,,,,,,,0,0,26/06/2026 07:32:19,28/06/2026 12:52:49,26/06/2026 07:32:21,28/06/2026 12:52:49,,29/06/2026 08:17:05,TTS,Open/Target Collaboration
584710044846294678,1732250928810920156,"Sữa Tắm/Gel Tắm Pháp Le Petit Marseillais Thiên Nhiên 250ml - Sữa Tắm Lưu Hương Lành Tính - Dịu Nhẹ, An Toàn Cho Da","Hạnnh Nhân, Standard",1732250914985248988,ST00892,189000,279900,VND,1,Thanh toán khi giao hàng,Đang xử lý,ahau.phuongthao,Video,7654094102811659528,fixed commission,,,,12,189000,22680,,,,,,,,0,0,26/06/2026 07:54:43,27/06/2026 17:37:43,26/06/2026 07:54:44,27/06/2026 17:37:43,,28/06/2026 11:29:26,TTS,Open/Target Collaboration
584710333624911137,1732250928810920156,"Sữa Tắm/Gel Tắm Pháp Le Petit Marseillais Thiên Nhiên 250ml - Sữa Tắm Lưu Hương Lành Tính - Dịu Nhẹ, An Toàn Cho Da","Quả Mâm Xôi & Hoa Mẫu Đơn, Standard",1732250914985052380,ST48441,189000,289550,VND,1,Thanh toán khi giao hàng,Đang xử lý,ahau.phuongthao,Video,7654094102811659528,fixed commission,,,,12,189000,22680,,,,,,,,0,0,26/06/2026 08:22:14,28/06/2026 19:48:00,26/06/2026 08:22:16,28/06/2026 19:48:00,,29/06/2026 09:20:51,TTS,Open/Target Collaboration
584710834521343221,1732251815880067292,"Sữa Tắm Pháp Le Petit Marseillais Cho Nam Chiết Xuất Thiên Nhiên 4in1 Nhiều Mùi Hương Dưỡng Ẩm, Thơm Lâu - Phù Hợp Mọi Loại Da (250ml)","Hương Gỗ Tuyết Tùng & Dương Xỉ, Standard",1732251749141219548,ST01172,205000,289550,VND,1,Thanh toán khi giao hàng,Đang xử lý,duongmanhkien19,Video,7578474458705382676,fixed commission,,,,,205000,,,,3,6150,,,,0,0,26/06/2026 09:02:26,27/06/2026 10:12:08,26/06/2026 09:02:28,27/06/2026 10:12:08,,28/06/2026 09:09:36,TTS,Open/Target Collaboration
584710844998125008,1733205919089657052,Dầu Gội Trẻ Em 2in1 94% Thiên Nhiên Le Petit Marseillais Giúp Gỡ Rối Tóc Nhiều Mùi Hương 300ml,Quả đào & mơ 0435,1733205957881660636,DG90435,267300,464000,VND,1,Không áp dụng thanh toán khi giao hàng,Đang xử lý,lepetitmarseillaisvn,Video,7598046944103025941,fixed commission,,,,,267300,,,,,,,,,0,0,26/06/2026 09:02:51,26/06/2026 09:03:07,26/06/2026 09:03:08,27/06/2026 10:17:24,,,TTS,Open/Target Collaboration
584711134934762989,1732250760944257244,"Sữa Tắm/Gel Tắm Pháp Le Petit Marseillais Chiết Xuất Thiên Nhiên 650ml - Sữa Tắm Lưu Hương Lành Tính - Dịu Nhẹ, An Toàn Cho Da","Lá Oliu & Hoa Bồ Đề, Standard",1732250801268754652,ST01295,395000,546200,VND,1,Thanh toán khi giao hàng,Đang xử lý,mevyan,Video,7655198374534139156,fixed commission,,,,8,395000,31600,,,,,,,,0,0,26/06/2026 09:24:53,27/06/2026 17:58:39,26/06/2026 09:24:55,27/06/2026 17:58:39,,28/06/2026 09:05:24,TTS,Open/Target Collaboration
584711134934762989,1735803452711142620,Dầu Xả Cấp Ẩm Le Petit Marseillais Nước Dừa Hữu Cơ 200ml,Mặc định,1735803348866008284,DX74752,0,6800,VND,1,Thanh toán khi giao hàng,Đang xử lý,adpia.official,Chương trình Lưu lượng truy cập bên ngoài,,fixed commission,,,,,0,,,,,,,,,0,0,26/06/2026 09:24:53,27/06/2026 17:58:39,26/06/2026 09:24:55,27/06/2026 17:58:39,,28/06/2026 09:05:24,TTS,Open/Target Collaboration
584712465029236088,1732250760944257244,"Sữa Tắm/Gel Tắm Pháp Le Petit Marseillais Chiết Xuất Thiên Nhiên 650ml - Sữa Tắm Lưu Hương Lành Tính - Dịu Nhẹ, An Toàn Cho Da","Thông & Bạch Đàn Biển, Standard",1732250801268689116,ST01902,335750,550520,VND,1,Thanh toán khi giao hàng,Đang xử lý,thaocanview,Video,7637538562224721172,fixed commission,,,,8,335750,26860,,,,,,,,0,0,26/06/2026 10:58:15,27/06/2026 21:29:27,26/06/2026 10:58:16,27/06/2026 21:29:27,,28/06/2026 08:30:43,TTS,Open/Target Collaboration
584712465029236088,1735803452711142620,Dầu Xả Cấp Ẩm Le Petit Marseillais Nước Dừa Hữu Cơ 200ml,Mặc định,1735803348866008284,DX74752,0,7880,VND,1,Thanh toán khi giao hàng,Đang xử lý,maxgiadung,Chương trình Lưu lượng truy cập bên ngoài,,fixed commission,,,,,0,,,,,,,,,0,0,26/06/2026 10:58:15,27/06/2026 21:29:27,26/06/2026 10:58:16,27/06/2026 21:29:27,,28/06/2026 08:30:43,TTS,Open/Target Collaboration
584712909237486679,1732251815880067292,"Sữa Tắm Pháp Le Petit Marseillais Cho Nam Chiết Xuất Thiên Nhiên 4in1 Nhiều Mùi Hương Dưỡng Ẩm, Thơm Lâu - Phù Hợp Mọi Loại Da (250ml)","Hương Thông & Bạch Đàn Biển, Standard",1732251749141154012,ST01356,205000,279900,VND,1,Thanh toán khi giao hàng,Đã hủy,lepthelittlekid,Video,7594749644052204818,fixed commission,0,0,0,,205000,,,,5,10250,,,,0,0,26/06/2026 11:25:17,,26/06/2026 11:25:18,,,,TTS,Open/Target Collaboration
584713228556600371,1732251815880067292,"Sữa Tắm Pháp Le Petit Marseillais Cho Nam Chiết Xuất Thiên Nhiên 4in1 Nhiều Mùi Hương Dưỡng Ẩm, Thơm Lâu - Phù Hợp Mọi Loại Da (250ml)","Hương Gỗ Tuyết Tùng & Dương Xỉ, Standard",1732251749141219548,ST01172,140000,285279,VND,1,Thanh toán khi giao hàng,Đã hủy,duongmanhkien19,Video,7589190858113649928,fixed commission,0,0,0,,140000,,,,3,4200,,,,0,0,26/06/2026 11:48:12,,26/06/2026 11:48:13,,,,TTS,Open/Target Collaboration
584713518297417103,1736012338574165212,Combo 2 Sữa Tắm Nữ Pháp Le Petit Marseillais 250ml - Thiên Nhiên Dịu Nhẹ,"Quả Mâm Xôi Hữu Cơ & Hoa Mẫu Đơn, Xoài Hữu Cơ & Chanh Dây",1736013429862991068,ST48441+ST99622,283500,583543,VND,1,Thanh toán khi giao hàng,Đang xử lý,ahau.phuongthao,Video,7654565393536748818,fixed commission,,,,,283500,,,,2,5670,,,,0,0,26/06/2026 12:03:45,27/06/2026 17:30:32,26/06/2026 12:03:47,27/06/2026 17:30:32,,28/06/2026 12:49:21,TTS,Open/Target Collaboration
584713636480386842,1732251815880067292,"Sữa Tắm Pháp Le Petit Marseillais Cho Nam Chiết Xuất Thiên Nhiên 4in1 Nhiều Mùi Hương Dưỡng Ẩm, Thơm Lâu - Phù Hợp Mọi Loại Da (250ml)","Hương Gỗ Tuyết Tùng & Dương Xỉ, Standard",1732251749141219548,ST01172,174250,295800,VND,1,Thanh toán khi giao hàng,Đã hủy,duongmanhkien19,Video,7578474458705382676,fixed commission,0,0,0,8,174250,13940,,,,,,,,0,0,26/06/2026 12:14:21,,26/06/2026 12:14:22,,,,TTS,Open/Target Collaboration
584713866927965776,1732251815880067292,"Sữa Tắm Pháp Le Petit Marseillais Cho Nam Chiết Xuất Thiên Nhiên 4in1 Nhiều Mùi Hương Dưỡng Ẩm, Thơm Lâu - Phù Hợp Mọi Loại Da (250ml)","Hương Gỗ Tuyết Tùng & Dương Xỉ, Standard",1732251749141219548,ST01172,205000,282450,VND,1,Thanh toán khi giao hàng,Đang xử lý,tuancuong1901,Trưng bày,,fixed commission,,,,8,205000,16400,,,,,,,,0,0,26/06/2026 12:29:15,27/06/2026 12:10:11,26/06/2026 12:29:16,27/06/2026 12:10:11,,28/06/2026 07:04:08,TTS,Open/Target Collaboration
584714019311224699,1732251815880067292,"Sữa Tắm Pháp Le Petit Marseillais Cho Nam Chiết Xuất Thiên Nhiên 4in1 Nhiều Mùi Hương Dưỡng Ẩm, Thơm Lâu - Phù Hợp Mọi Loại Da (250ml)","Hương Gỗ Tuyết Tùng & Dương Xỉ, Standard",1732251749141219548,ST01172,205000,289550,VND,1,Thanh toán khi giao hàng,Đang xử lý,duongmanhkien19,Video,7578474458705382676,fixed commission,,,,,205000,,,,3,6150,,,,0,0,26/06/2026 12:36:45,29/06/2026 15:38:27,26/06/2026 12:36:46,29/06/2026 15:38:27,,30/06/2026 12:14:15,TTS,Open/Target Collaboration
584714169734431909,1732251815880067292,"Sữa Tắm Pháp Le Petit Marseillais Cho Nam Chiết Xuất Thiên Nhiên 4in1 Nhiều Mùi Hương Dưỡng Ẩm, Thơm Lâu - Phù Hợp Mọi Loại Da (250ml)","Hương Thông & Bạch Đàn Biển, Standard",1732251749141154012,ST01356,194750,286850,VND,1,Không áp dụng thanh toán khi giao hàng,Đang xử lý,gentlegrooming0,Video,7597291366036557076,fixed commission,,,,8,194750,15580,,,,,,,,0,0,26/06/2026 12:48:01,26/06/2026 12:48:05,26/06/2026 12:48:06,27/06/2026 18:27:41,,28/06/2026 10:08:53,TTS,Open/Target Collaboration
584714370638382143,1732250928810920156,"Sữa Tắm/Gel Tắm Pháp Le Petit Marseillais Thiên Nhiên 250ml - Sữa Tắm Lưu Hương Lành Tính - Dịu Nhẹ, An Toàn Cho Da","Quả Mâm Xôi & Hoa Mẫu Đơn, Standard",1732250914985052380,ST48441,160650,279900,VND,1,Thanh toán khi giao hàng,Đang xử lý,ahau.phuongthao,Video,7654565393536748818,fixed commission,,,,,160650,,,,2,3213,,,,0,0,26/06/2026 13:02:28,27/06/2026 19:51:54,26/06/2026 13:02:29,27/06/2026 19:51:54,,28/06/2026 12:36:34,TTS,Open/Target Collaboration
584714532435559516,1732251815880067292,"Sữa Tắm Pháp Le Petit Marseillais Cho Nam Chiết Xuất Thiên Nhiên 4in1 Nhiều Mùi Hương Dưỡng Ẩm, Thơm Lâu - Phù Hợp Mọi Loại Da (250ml)","Hương Gỗ Tuyết Tùng & Dương Xỉ, Standard",1732251749141219548,ST01172,205000,484893,VND,2,Thanh toán khi giao hàng,Đang xử lý,duongmanhkien19,Video,7578474458705382676,fixed commission,,,,,410000,,,,3,12300,,,,0,0,26/06/2026 13:10:28,27/06/2026 19:22:29,26/06/2026 13:10:29,27/06/2026 19:22:29,,28/06/2026 08:09:53,TTS,Open/Target Collaboration
584714596261070139,1732251815880067292,"Sữa Tắm Pháp Le Petit Marseillais Cho Nam Chiết Xuất Thiên Nhiên 4in1 Nhiều Mùi Hương Dưỡng Ẩm, Thơm Lâu - Phù Hợp Mọi Loại Da (250ml)","Hương Gỗ Tuyết Tùng & Dương Xỉ, Standard",1732251749141219548,ST01172,210000,282450,VND,1,Thanh toán khi giao hàng,Đang xử lý,duongmanhkien19,Video,7578474458705382676,fixed commission,,,,8,210000,16800,,,,,,,,0,0,26/06/2026 13:15:40,27/06/2026 21:25:41,26/06/2026 13:15:41,27/06/2026 21:25:41,,28/06/2026 11:56:10,TTS,Open/Target Collaboration
584715171201516790,1732251815880067292,"Sữa Tắm Pháp Le Petit Marseillais Cho Nam Chiết Xuất Thiên Nhiên 4in1 Nhiều Mùi Hương Dưỡng Ẩm, Thơm Lâu - Phù Hợp Mọi Loại Da (250ml)","Hương Cam & Tinh Dầu Argan, Standard",1732251749141022940,ST01431,210000,289550,VND,1,Thanh toán khi giao hàng,Đang xử lý,duongmanhkien19,Video,7578474458705382676,fixed commission,,,,,210000,,,,3,6300,,,,0,0,26/06/2026 13:58:35,28/06/2026 18:21:52,26/06/2026 13:58:37,28/06/2026 18:21:52,,29/06/2026 11:50:23,TTS,Open/Target Collaboration
584715178076243252,1732251815880067292,"Sữa Tắm Pháp Le Petit Marseillais Cho Nam Chiết Xuất Thiên Nhiên 4in1 Nhiều Mùi Hương Dưỡng Ẩm, Thơm Lâu - Phù Hợp Mọi Loại Da (250ml)","Hương Thông & Bạch Đàn Biển, Standard",1732251749141154012,ST01356,210000,279900,VND,1,Thanh toán khi giao hàng,Đang xử lý,lepthelittlekid,Video,7594749644052204818,fixed commission,,,,,210000,,,,5,10500,,,,0,0,26/06/2026 14:02:19,28/06/2026 18:54:14,26/06/2026 14:02:20,28/06/2026 18:54:14,,29/06/2026 07:36:16,TTS,Open/Target Collaboration
584715859185206326,1734496604995683548,Xà Phòng Le Petit Marseillais Chính Hãng Bánh Xà Phòng Tắm Thiên Nhiên (Ngẫu nhiên)  1 Bánh,Mặc định,1734496577198523612,1 BÁNH-XP,75000,101200,VND,1,Không áp dụng thanh toán khi giao hàng,Đang xử lý,mythi_fr,Video,7651702051721760020,fixed commission,,,,6,75000,4500,,,,,,,,0,0,26/06/2026 14:47:51,26/06/2026 14:47:52,26/06/2026 14:47:53,27/06/2026 09:25:29,,28/06/2026 11:36:37,TTS,Open/Target Collaboration
584716282590561564,1732251815880067292,"Sữa Tắm Pháp Le Petit Marseillais Cho Nam Chiết Xuất Thiên Nhiên 4in1 Nhiều Mùi Hương Dưỡng Ẩm, Thơm Lâu - Phù Hợp Mọi Loại Da (250ml)","Hương Gỗ Tuyết Tùng & Dương Xỉ, Standard",1732251749141219548,ST01172,210000,279900,VND,1,Thanh toán khi giao hàng,Đang xử lý,duongmanhkien19,Video,7578474458705382676,fixed commission,,,,,210000,,,,3,6300,,,,0,0,26/06/2026 15:21:49,27/06/2026 10:48:53,26/06/2026 15:21:50,27/06/2026 10:48:53,,28/06/2026 08:10:14,TTS,Open/Target Collaboration
584716406367094148,1732250928810920156,"Sữa Tắm/Gel Tắm Pháp Le Petit Marseillais Thiên Nhiên 250ml - Sữa Tắm Lưu Hương Lành Tính - Dịu Nhẹ, An Toàn Cho Da","Vani, Standard",1732250914985183452,ST00526,160450,282550,VND,1,Thanh toán khi giao hàng,Đang xử lý,ahau.phuongthao,Video,7654094102811659528,fixed commission,,,,12,160450,19254,,,,,,,,0,0,26/06/2026 15:25:02,27/06/2026 15:02:49,26/06/2026 15:25:04,27/06/2026 15:02:49,,28/06/2026 07:31:53,TTS,Open/Target Collaboration
584717068690490979,1735803452711142620,Dầu Xả Cấp Ẩm Le Petit Marseillais Nước Dừa Hữu Cơ 200ml,Mặc định,1735803348866008284,DX74752,0,3420,VND,1,Không áp dụng thanh toán khi giao hàng,Đang xử lý,lepetitmarseillaisvn,Phát trực tiếp,7654933381641964295,fixed commission,,,,,0,,,,,,,,,0,0,26/06/2026 16:21:09,26/06/2026 16:21:15,26/06/2026 16:21:16,28/06/2026 15:20:17,,29/06/2026 12:28:29,TTS,Open/Target Collaboration
584717068690490979,1732250760944257244,"Sữa Tắm/Gel Tắm Pháp Le Petit Marseillais Chiết Xuất Thiên Nhiên 650ml - Sữa Tắm Lưu Hương Lành Tính - Dịu Nhẹ, An Toàn Cho Da","Đào Trắng & Quả Xuân Đào, Standard",1732250801269016796,ST01288,332000,532680,VND,1,Không áp dụng thanh toán khi giao hàng,Đang xử lý,emi.nguyen.9x,Trưng bày,,fixed commission,,,,8,332000,26560,,,,,,,,0,0,26/06/2026 16:21:09,26/06/2026 16:21:15,26/06/2026 16:21:16,28/06/2026 15:20:17,,29/06/2026 12:28:29,TTS,Open/Target Collaboration
584719739871462963,1732251906497939676,Sữa tắm Thiên Nhiên Pháp Le Petit Marseillais Nhiều Mùi Hương Dịu Nhẹ Cho Da Nhạy Cảm 400ml - Phù Hợp Mọi Loại Da,"Lô Hội, Standard",1732251905363708124,ST55031,254100,456800,VND,1,Thanh toán khi giao hàng,Đã hủy,lepetitmarseillaisvn,Phát trực tiếp,7655672974709574408,fixed commission,,,,,254100,,,,,,,,,0,0,26/06/2026 19:30:12,,26/06/2026 19:30:15,,,,TTS,Open/Target Collaboration
584719739871594035,1732251906497939676,Sữa tắm Thiên Nhiên Pháp Le Petit Marseillais Nhiều Mùi Hương Dịu Nhẹ Cho Da Nhạy Cảm 400ml - Phù Hợp Mọi Loại Da,"Dầu Hạnh Nhân, Standard",1732251905364035804,ST53362,254100,719600,VND,2,Thanh toán khi giao hàng,Đã hủy,lepetitmarseillaisvn,Phát trực tiếp,7655672974709574408,fixed commission,,,,,508200,,,,,,,,,0,0,26/06/2026 19:30:12,,26/06/2026 19:30:15,,,,TTS,Open/Target Collaboration
584720044351391283,1732251906497939676,Sữa tắm Thiên Nhiên Pháp Le Petit Marseillais Nhiều Mùi Hương Dịu Nhẹ Cho Da Nhạy Cảm 400ml - Phù Hợp Mọi Loại Da,"Dầu Hạnh Nhân, Standard",1732251905364035804,ST53362,254100,969933,VND,3,Thanh toán khi giao hàng,Đã hủy,lepetitmarseillaisvn,Phát trực tiếp,7655672974709574408,fixed commission,,,,,762300,,,,,,,,,0,0,26/06/2026 19:49:53,,26/06/2026 19:49:55,,,,TTS,Open/Target Collaboration
584720093196223542,1732250760944257244,"Sữa Tắm/Gel Tắm Pháp Le Petit Marseillais Chiết Xuất Thiên Nhiên 650ml - Sữa Tắm Lưu Hương Lành Tính - Dịu Nhẹ, An Toàn Cho Da","Vani, Standard",1732250801269082332,ST00557,323900,532680,VND,1,Không áp dụng thanh toán khi giao hàng,Đang xử lý,lepetitmarseillaisvn,Phát trực tiếp,7655672974709574408,fixed commission,,,,,323900,,,,,,,,,0,0,26/06/2026 19:51:48,26/06/2026 19:51:54,26/06/2026 19:51:55,28/06/2026 10:31:16,,,TTS,Open/Target Collaboration
584720093196223542,1735803452711142620,Dầu Xả Cấp Ẩm Le Petit Marseillais Nước Dừa Hữu Cơ 200ml,Mặc định,1735803348866008284,DX74752,0,3420,VND,1,Không áp dụng thanh toán khi giao hàng,Đang xử lý,lepetitmarseillaisvn,Phát trực tiếp,7655672974709574408,fixed commission,,,,,0,,,,,,,,,0,0,26/06/2026 19:51:48,26/06/2026 19:51:54,26/06/2026 19:51:55,28/06/2026 10:31:16,,,TTS,Open/Target Collaboration
584720437059421673,1732250760944257244,"Sữa Tắm/Gel Tắm Pháp Le Petit Marseillais Chiết Xuất Thiên Nhiên 650ml - Sữa Tắm Lưu Hương Lành Tính - Dịu Nhẹ, An Toàn Cho Da","Thông & Bạch Đàn Biển, Standard",1732250801268689116,ST01902,335750,532680,VND,1,Thanh toán khi giao hàng,Đang xử lý,lepetitmarseillaisvn,Phát trực tiếp,7655672974709574408,fixed commission,,,,,335750,,,,,,,,,0,0,26/06/2026 20:07:19,28/06/2026 17:02:55,26/06/2026 20:07:20,28/06/2026 17:02:55,,,TTS,Open/Target Collaboration
584720487795688634,1735803452711142620,Dầu Xả Cấp Ẩm Le Petit Marseillais Nước Dừa Hữu Cơ 200ml,Mặc định,1735803348866008284,DX74752,0,3420,VND,1,Thanh toán khi giao hàng,Đang xử lý,lepetitmarseillaisvn,Phát trực tiếp,7655672974709574408,fixed commission,,,,,0,,,,,,,,,0,0,26/06/2026 20:14:31,28/06/2026 10:43:45,26/06/2026 20:14:32,28/06/2026 10:43:45,,,TTS,Open/Target Collaboration
584720487795688634,1732250760944257244,"Sữa Tắm/Gel Tắm Pháp Le Petit Marseillais Chiết Xuất Thiên Nhiên 650ml - Sữa Tắm Lưu Hương Lành Tính - Dịu Nhẹ, An Toàn Cho Da","Hương Xoài & Chanh Dây, Standard",1732250801268951260,ST68823,395000,532680,VND,1,Thanh toán khi giao hàng,Đang xử lý,lepetitmarseillaisvn,Phát trực tiếp,7655672974709574408,fixed commission,,,,,395000,,,,,,,,,0,0,26/06/2026 20:14:31,28/06/2026 10:43:45,26/06/2026 20:14:32,28/06/2026 10:43:45,,,TTS,Open/Target Collaboration
584721430452012837,1732251815880067292,"Sữa Tắm Pháp Le Petit Marseillais Cho Nam Chiết Xuất Thiên Nhiên 4in1 Nhiều Mùi Hương Dưỡng Ẩm, Thơm Lâu - Phù Hợp Mọi Loại Da (250ml)","Hương Cam & Tinh Dầu Argan, Standard",1732251749141022940,ST01431,182450,289550,VND,1,Không áp dụng thanh toán khi giao hàng,Đã hủy,oigioioi650,Chương trình Lưu lượng truy cập bên ngoài,,fixed commission,,,,4,182450,7298,,,,,,,,0,0,26/06/2026 21:14:32,26/06/2026 21:15:03,26/06/2026 21:15:04,,,,TTS,Open/Target Collaboration
584721569381451208,1735803057604560092,Dầu Gội Pháp Le Petit Marseillais Ngăn ngừa gàu Trà Xanh Hữu Cơ 250ml,Mặc định,1735803334624117980,DG37467,263000,364000,VND,1,Thanh toán khi giao hàng,Đang xử lý,ngkh_206,Chương trình Lưu lượng truy cập bên ngoài,,fixed commission,,,,4,263000,10520,,,,,,,,0,0,26/06/2026 21:23:52,28/06/2026 14:50:20,26/06/2026 21:23:53,28/06/2026 14:50:20,,29/06/2026 07:49:36,TTS,Open/Target Collaboration
584721824886260817,1732250760944257244,"Sữa Tắm/Gel Tắm Pháp Le Petit Marseillais Chiết Xuất Thiên Nhiên 650ml - Sữa Tắm Lưu Hương Lành Tính - Dịu Nhẹ, An Toàn Cho Da","Đào Trắng & Quả Xuân Đào, Standard",1732250801269016796,ST01288,335650,532680,VND,1,Thanh toán khi giao hàng,Đã hủy,tikkaisweird,Video,7594359817779612949,fixed commission,0,0,0,8,335650,26852,,,,,,,,0,0,26/06/2026 21:39:34,,26/06/2026 21:39:35,,,,TTS,Open/Target Collaboration
584726588367144555,1734496604995683548,Xà Phòng Le Petit Marseillais Chính Hãng Bánh Xà Phòng Tắm Thiên Nhiên (Ngẫu nhiên)  1 Bánh,Mặc định,1734496577198523612,1 BÁNH-XP,75000,105300,VND,1,Thanh toán khi giao hàng,Đang xử lý,onggiatichcuc79,Video,7649582978691058952,fixed commission,,,,6,75000,4500,,,,,,,,0,0,27/06/2026 08:09:29,28/06/2026 12:29:34,27/06/2026 08:09:30,28/06/2026 12:29:34,,29/06/2026 13:07:56,TTS,Open/Target Collaboration
584727312778561317,1732250928810920156,"Sữa Tắm/Gel Tắm Pháp Le Petit Marseillais Thiên Nhiên 250ml - Sữa Tắm Lưu Hương Lành Tính - Dịu Nhẹ, An Toàn Cho Da","Đào Trắng & Quả Xuân Đào, Standard",1732250914985380060,ST01240,170100,289550,VND,1,Không áp dụng thanh toán khi giao hàng,Đang xử lý,kinkechillchill,Video,7572051007237115154,fixed commission,,,,8,170100,13608,,,,,,,,0,0,27/06/2026 09:14:00,27/06/2026 09:14:02,27/06/2026 09:14:04,30/06/2026 14:31:23,,01/07/2026 08:53:59,TTS,Open/Target Collaboration
584728434261591928,1732250928810920156,"Sữa Tắm/Gel Tắm Pháp Le Petit Marseillais Thiên Nhiên 250ml - Sữa Tắm Lưu Hương Lành Tính - Dịu Nhẹ, An Toàn Cho Da","Bạc Hà, Standard",1732250914984855772,ST92871,158760,279773,VND,1,Thanh toán khi giao hàng,Đang xử lý,ahau.phuongthao,Video,7654094102811659528,fixed commission,,,,12,158760,19051,,,,,,,,0,0,27/06/2026 10:31:17,28/06/2026 20:16:21,27/06/2026 10:31:18,28/06/2026 20:16:21,,29/06/2026 07:35:29,TTS,Open/Target Collaboration
584728434261591928,1732250928810920156,"Sữa Tắm/Gel Tắm Pháp Le Petit Marseillais Thiên Nhiên 250ml - Sữa Tắm Lưu Hương Lành Tính - Dịu Nhẹ, An Toàn Cho Da","Đào Trắng & Quả Xuân Đào, Standard",1732250914985380060,ST01240,158760,279772,VND,1,Thanh toán khi giao hàng,Đang xử lý,ahau.phuongthao,Video,7654094102811659528,fixed commission,,,,12,158760,19051,,,,,,,,0,0,27/06/2026 10:31:17,28/06/2026 20:16:21,27/06/2026 10:31:18,28/06/2026 20:16:21,,29/06/2026 07:35:29,TTS,Open/Target Collaboration
584728434261591928,1734496604995683548,Xà Phòng Le Petit Marseillais Chính Hãng Bánh Xà Phòng Tắm Thiên Nhiên (Ngẫu nhiên)  1 Bánh,Mặc định,1734496577198523612,1 BÁNH-XP,0,1555,VND,1,Thanh toán khi giao hàng,Đang xử lý,thaocanview,Video,7637538562224721172,fixed commission,,,,,0,,,,,,,,,0,0,27/06/2026 10:31:17,28/06/2026 20:16:21,27/06/2026 10:31:18,28/06/2026 20:16:21,,29/06/2026 07:35:29,TTS,Open/Target Collaboration
584729432926290961,1732250928810920156,"Sữa Tắm/Gel Tắm Pháp Le Petit Marseillais Thiên Nhiên 250ml - Sữa Tắm Lưu Hương Lành Tính - Dịu Nhẹ, An Toàn Cho Da","Vani, Standard",1732250914985183452,ST00526,160650,289750,VND,1,Thanh toán khi giao hàng,Đang xử lý,tuimuabanmua,Video,7536185873952476423,fixed commission,,,,8,160650,12852,,,,,,,,0,0,27/06/2026 11:36:23,29/06/2026 17:00:37,27/06/2026 11:36:25,29/06/2026 17:00:37,,30/06/2026 09:50:56,TTS,Open/Target Collaboration
584731838521443976,1732252961260865756,"Dầu Gội Thiên Nhiên Le Petit Marseillais Nhiều Mùi Hương 250ml Dưỡng Ẩm, Thơm Lâu - Phù Hợp Mọi Loại Da",Trị Gàu 2 In 1 Tinh Dầu Bạc Hà,1732252943759018204,DG74042,270000,380300,VND,1,Thanh toán khi giao hàng,Đang xử lý,tuyetcookies,Video,7561391524253109512,fixed commission,,,,8,270000,21600,,,,,,,,0,0,27/06/2026 14:18:26,28/06/2026 12:03:27,27/06/2026 14:18:27,28/06/2026 12:03:27,,29/06/2026 07:55:41,TTS,Open/Target Collaboration
584731827901531633,1732250928810920156,"Sữa Tắm/Gel Tắm Pháp Le Petit Marseillais Thiên Nhiên 250ml - Sữa Tắm Lưu Hương Lành Tính - Dịu Nhẹ, An Toàn Cho Da","Vani, Standard",1732250914985183452,ST00526,189000,279900,VND,1,Thanh toán khi giao hàng,Đang xử lý,dinhlene,Chương trình Lưu lượng truy cập bên ngoài,,fixed commission,,,,4,189000,7560,,,,,,,,0,0,27/06/2026 14:19:20,28/06/2026 16:59:14,27/06/2026 14:19:21,28/06/2026 16:59:14,,29/06/2026 09:01:01,TTS,Open/Target Collaboration
584734670431356123,1732251815880067292,"Sữa Tắm Pháp Le Petit Marseillais Cho Nam Chiết Xuất Thiên Nhiên 4in1 Nhiều Mùi Hương Dưỡng Ẩm, Thơm Lâu - Phù Hợp Mọi Loại Da (250ml)","Hương Cam & Tinh Dầu Argan, Standard",1732251749141022940,ST01431,205000,295800,VND,1,Thanh toán khi giao hàng,Đang xử lý,lepthelittlekid,Video,7594749644052204818,fixed commission,,,,5,205000,10250,,,,,,,,0,0,27/06/2026 17:49:28,30/06/2026 15:15:59,27/06/2026 17:49:30,30/06/2026 15:15:59,,01/07/2026 12:44:25,TTS,Open/Target Collaboration
584735020236441249,1731893266195122396,"Gel Tắm Pháp Le Petit Marseillais Đào Trắng & Quả Xuân Đào Hữu Cơ Dưỡng Ẩm, Thơm Lâu - Phù Hợp Mọi Loại Da(250ml)","Đào Trắng & Quả Xuân Đào, Standard",1731893266195843292,ST01240,201000,286850,VND,1,Không áp dụng thanh toán khi giao hàng,Đã hủy,involveasiavn01,Chương trình Lưu lượng truy cập bên ngoài,,fixed commission,,,,4,201000,8040,,,,,,,,0,0,27/06/2026 18:08:24,27/06/2026 18:08:29,27/06/2026 18:08:29,,,,TTS,Open/Target Collaboration
584735941518591523,1732251815880067292,"Sữa Tắm Pháp Le Petit Marseillais Cho Nam Chiết Xuất Thiên Nhiên 4in1 Nhiều Mùi Hương Dưỡng Ẩm, Thơm Lâu - Phù Hợp Mọi Loại Da (250ml)","Hương Gỗ Tuyết Tùng & Dương Xỉ, Standard",1732251749141219548,ST01172,180400,279900,VND,1,Thanh toán khi giao hàng,Đang xử lý,duongmanhkien19,Video,7578474458705382676,fixed commission,,,,8,180400,14432,,,,,,,,0,0,27/06/2026 19:12:33,30/06/2026 17:48:07,27/06/2026 19:12:34,30/06/2026 17:48:07,,01/07/2026 12:20:57,TTS,Open/Target Collaboration
584736271010203108,1732250760944257244,"Sữa Tắm/Gel Tắm Pháp Le Petit Marseillais Chiết Xuất Thiên Nhiên 650ml - Sữa Tắm Lưu Hương Lành Tính - Dịu Nhẹ, An Toàn Cho Da","Hương Xoài & Chanh Dây, Standard",1732250801268951260,ST68823,395000,545267,VND,1,Không áp dụng thanh toán khi giao hàng,Đang xử lý,anhlorenhehehe,Video,7493531443268717842,fixed commission,,,,8,395000,31600,,,,,,,,0,0,27/06/2026 19:33:33,27/06/2026 19:33:36,27/06/2026 19:33:37,30/06/2026 09:41:17,,01/07/2026 07:03:15,TTS,Open/Target Collaboration
584737011047564936,1735910664928920796,Combo 2 Sữa Tắm Nam Le Petit Marseillais 4in1 Cho Tóc Mặt Râu Toàn Thân 250ml,"Gỗ Tuyết Tùng Và Dương Xỉ, Gỗ Tuyết Tùng Và Dương Xỉ",1735912571877950684,ST01172 x 2,313740,585100,VND,1,Thanh toán khi giao hàng,Đang xử lý,lepetitmarseillaisvn,Phát trực tiếp,7656044579443002119,fixed commission,,,,,313740,,,,,,,,,0,0,27/06/2026 20:19:18,30/06/2026 15:59:05,27/06/2026 20:19:19,30/06/2026 15:59:05,,,TTS,Open/Target Collaboration
584737256772502899,1732250760944257244,"Sữa Tắm/Gel Tắm Pháp Le Petit Marseillais Chiết Xuất Thiên Nhiên 650ml - Sữa Tắm Lưu Hương Lành Tính - Dịu Nhẹ, An Toàn Cho Da","Hương Chanh & Bưởi Hồng, Standard",1732250801268820188,ST01868,304150,542809,VND,1,Thanh toán khi giao hàng,Đã hủy,lepetitmarseillaisvn,Phát trực tiếp,7656044579443002119,fixed commission,,,,,304150,,,,,,,,,0,0,27/06/2026 20:38:21,,27/06/2026 20:38:23,,,,TTS,Open/Target Collaboration
584737256772502899,1731317167366243548,[Quà tặng không bán] Bông Tắm Tạo Bọt Mềm Mịn,Mặc định,1731317148230255836,BONG TAM HQ,0,11905,VND,1,Thanh toán khi giao hàng,Đã hủy,lepetitmarseillaisvn,Phát trực tiếp,7653842966753118994,fixed commission,,,,,0,,,,,,,,,0,0,27/06/2026 20:38:21,,27/06/2026 20:38:23,,,,TTS,Open/Target Collaboration
584737256772502899,1731895040715622620,"Sữa Dưỡng Thể Le Petit Marseillais Với Chiết Xuất Bơ Hạt Mỡ, Hạnh Nhân Ngọt & Dầu Argan 300ml Dạng Hũ",Mặc định,1731895040715688156,DT02684,446600,767286,VND,1,Thanh toán khi giao hàng,Đã hủy,lepetitmarseillaisvn,Phát trực tiếp,7656044579443002119,fixed commission,,,,,446600,,,,,,,,,0,0,27/06/2026 20:38:21,,27/06/2026 20:38:23,,,,TTS,Open/Target Collaboration
584738545496392723,1732250760944257244,"Sữa Tắm/Gel Tắm Pháp Le Petit Marseillais Chiết Xuất Thiên Nhiên 650ml - Sữa Tắm Lưu Hương Lành Tính - Dịu Nhẹ, An Toàn Cho Da","Thông & Bạch Đàn Biển, Standard",1732250801268689116,ST01902,385000,547400,VND,1,Không áp dụng thanh toán khi giao hàng,Đã hủy,mevyan,Video,7655720208107244820,fixed commission,,,,8,385000,30800,,,,,,,,0,0,27/06/2026 21:58:33,27/06/2026 21:58:38,27/06/2026 21:58:39,,,,TTS,Open/Target Collaboration
584739535697183763,1732251815880067292,"Sữa Tắm Pháp Le Petit Marseillais Cho Nam Chiết Xuất Thiên Nhiên 4in1 Nhiều Mùi Hương Dưỡng Ẩm, Thơm Lâu - Phù Hợp Mọi Loại Da (250ml)","Hương Gỗ Tuyết Tùng & Dương Xỉ, Standard",1732251749141219548,ST01172,205000,289750,VND,1,Không áp dụng thanh toán khi giao hàng,Đang xử lý,emberiviu1,Video,7654239528814775572,fixed commission,,,,,205000,,,,3,6150,,,,0,0,27/06/2026 23:05:29,27/06/2026 23:05:35,27/06/2026 23:05:36,01/07/2026 09:50:45,,02/07/2026 11:44:32,TTS,Open/Target Collaboration
584739593413232471,1732251815880067292,"Sữa Tắm Pháp Le Petit Marseillais Cho Nam Chiết Xuất Thiên Nhiên 4in1 Nhiều Mùi Hương Dưỡng Ẩm, Thơm Lâu - Phù Hợp Mọi Loại Da (250ml)","Hương Cam & Tinh Dầu Argan, Standard",1732251749141022940,ST01431,166050,279900,VND,1,Không áp dụng thanh toán khi giao hàng,Đang xử lý,man.trung.737,Video,7595064670482877717,fixed commission,,,,8,166050,13284,,,,,,,,0,0,27/06/2026 23:07:50,27/06/2026 23:08:45,27/06/2026 23:08:46,30/06/2026 10:08:21,,01/07/2026 12:44:33,TTS,Open/Target Collaboration
584742941321430682,1732250760944257244,"Sữa Tắm/Gel Tắm Pháp Le Petit Marseillais Chiết Xuất Thiên Nhiên 650ml - Sữa Tắm Lưu Hương Lành Tính - Dịu Nhẹ, An Toàn Cho Da","Thông & Bạch Đàn Biển, Standard",1732250801268689116,ST01902,323900,541667,VND,1,Thanh toán khi giao hàng,Đang xử lý,mevyan,Video,7652726555206061333,fixed commission,,,,8,323900,25912,,,,,,,,0,0,28/06/2026 08:13:36,30/06/2026 16:04:12,28/06/2026 08:13:37,30/06/2026 16:04:12,,01/07/2026 11:12:05,TTS,Open/Target Collaboration
584743375051851370,1732251815880067292,"Sữa Tắm Pháp Le Petit Marseillais Cho Nam Chiết Xuất Thiên Nhiên 4in1 Nhiều Mùi Hương Dưỡng Ẩm, Thơm Lâu - Phù Hợp Mọi Loại Da (250ml)","Hương Gỗ Tuyết Tùng & Dương Xỉ, Standard",1732251749141219548,ST01172,205000,286850,VND,1,Thanh toán khi giao hàng,Đang xử lý,huankosai,Video,7569974511534198023,fixed commission,,,,8,205000,16400,,,,,,,,0,0,28/06/2026 08:52:46,30/06/2026 11:15:21,28/06/2026 08:52:48,30/06/2026 11:15:21,,01/07/2026 11:39:50,TTS,Open/Target Collaboration
584744453185635958,1732251815880067292,"Sữa Tắm Pháp Le Petit Marseillais Cho Nam Chiết Xuất Thiên Nhiên 4in1 Nhiều Mùi Hương Dưỡng Ẩm, Thơm Lâu - Phù Hợp Mọi Loại Da (250ml)","Hương Gỗ Tuyết Tùng & Dương Xỉ, Standard",1732251749141219548,ST01172,174250,289550,VND,1,Thanh toán khi giao hàng,Đang xử lý,ahau.phuongthao,Video,7654094102811659528,fixed commission,,,,12,174250,20910,,,,,,,,0,0,28/06/2026 10:08:39,30/06/2026 10:30:03,28/06/2026 10:08:41,30/06/2026 10:30:03,,01/07/2026 10:47:06,TTS,Open/Target Collaboration
584745154078410324,1732250760944257244,"Sữa Tắm/Gel Tắm Pháp Le Petit Marseillais Chiết Xuất Thiên Nhiên 650ml - Sữa Tắm Lưu Hương Lành Tính - Dịu Nhẹ, An Toàn Cho Da","Hương Xoài & Chanh Dây, Standard",1732250801268951260,ST68823,395000,545267,VND,1,Thanh toán khi giao hàng,Đang xử lý,haiidaynek,Video,7539959281786195207,fixed commission,,,,8,395000,31600,,,,,,,,0,0,28/06/2026 10:55:53,30/06/2026 20:05:12,28/06/2026 10:55:54,30/06/2026 20:05:12,,01/07/2026 08:19:40,TTS,Open/Target Collaboration
584745332162725537,1731893266195122396,"Gel Tắm Pháp Le Petit Marseillais Đào Trắng & Quả Xuân Đào Hữu Cơ Dưỡng Ẩm, Thơm Lâu - Phù Hợp Mọi Loại Da(250ml)","Đào Trắng & Quả Xuân Đào, Standard",1731893266195843292,ST01240,180400,286850,VND,1,Không áp dụng thanh toán khi giao hàng,Đang xử lý,involveasiavn01,Chương trình Lưu lượng truy cập bên ngoài,,fixed commission,,,,4,180400,7216,,,,,,,,0,0,28/06/2026 11:07:01,28/06/2026 11:07:02,28/06/2026 11:07:03,30/06/2026 15:31:21,,01/07/2026 08:55:40,TTS,Open/Target Collaboration
584745728268469902,1733398589084042460,Sữa Tắm Nam Thơm Lâu 4 in 1 Thiên Nhiên Le Petit Marseillais Chiết Xuất Thông Biển & Bạch Đàn 250ml 1356,Mặc định,1733398673842472156,ST01356,210000,290400,VND,1,Thanh toán khi giao hàng,Đang xử lý,ngocdiepcute2102,Chương trình Lưu lượng truy cập bên ngoài,,fixed commission,,,,4,210000,8400,,,,,,,,0,0,28/06/2026 11:37:11,30/06/2026 16:17:32,28/06/2026 11:37:14,30/06/2026 16:17:32,,01/07/2026 10:19:50,TTS,Open/Target Collaboration
584746606230734352,1732252961260865756,"Dầu Gội Thiên Nhiên Le Petit Marseillais Nhiều Mùi Hương 250ml Dưỡng Ẩm, Thơm Lâu - Phù Hợp Mọi Loại Da",Trị Gàu 2 In 1 Tinh Dầu Bạc Hà,1732252943759018204,DG74042,270000,357000,VND,1,Thanh toán khi giao hàng,Đang xử lý,tuyetcookies,Video,7561391524253109512,fixed commission,,,,,270000,,,,3,8100,,,,0,0,28/06/2026 12:32:01,30/06/2026 19:54:24,28/06/2026 12:32:03,30/06/2026 19:54:24,,01/07/2026 07:35:28,TTS,Open/Target Collaboration
584746792944961469,1732250760944257244,"Sữa Tắm/Gel Tắm Pháp Le Petit Marseillais Chiết Xuất Thiên Nhiên 650ml - Sữa Tắm Lưu Hương Lành Tính - Dịu Nhẹ, An Toàn Cho Da","Thông & Bạch Đàn Biển, Standard",1732250801268689116,ST01902,395000,530400,VND,1,Thanh toán khi giao hàng,Đang xử lý,thaocanview,Video,7639362324603686164,fixed commission,,,,8,395000,31600,,,,,,,,0,0,28/06/2026 12:42:12,30/06/2026 19:49:09,28/06/2026 12:42:14,30/06/2026 19:49:09,,01/07/2026 09:43:06,TTS,Open/Target Collaboration
584747354999916269,1731317167366243548,[Quà tặng không bán] Bông Tắm Tạo Bọt Mềm Mịn,Mặc định,1731317148230255836,BONG TAM HQ,0,13133,VND,1,Thanh toán khi giao hàng,Đã hủy,lepetitmarseillaisvn,Phát trực tiếp,7656044579443002119,fixed commission,,,,,0,,,,,,,,,0,0,28/06/2026 13:16:25,,28/06/2026 13:16:27,,,,TTS,Open/Target Collaboration
584747354999916269,1732250760944257244,"Sữa Tắm/Gel Tắm Pháp Le Petit Marseillais Chiết Xuất Thiên Nhiên 650ml - Sữa Tắm Lưu Hương Lành Tính - Dịu Nhẹ, An Toàn Cho Da","Thông & Bạch Đàn Biển, Standard",1732250801268689116,ST01902,340000,545267,VND,1,Thanh toán khi giao hàng,Đã hủy,lepetitmarseillaisvn,Phát trực tiếp,7656044579443002119,fixed commission,,,,,340000,,,,,,,,,0,0,28/06/2026 13:16:25,,28/06/2026 13:16:27,,,,TTS,Open/Target Collaboration
584747464217822957,1731317167366243548,[Quà tặng không bán] Bông Tắm Tạo Bọt Mềm Mịn,Mặc định,1731317148230255836,BONG TAM HQ,0,13133,VND,1,Thanh toán khi giao hàng,Đang xử lý,lepetitmarseillaisvn,Phát trực tiếp,7656044579443002119,fixed commission,,,,,0,,,,,,,,,0,0,28/06/2026 13:22:59,30/06/2026 18:51:52,28/06/2026 13:23:00,30/06/2026 18:51:52,,,TTS,Open/Target Collaboration
584747464217822957,1732250760944257244,"Sữa Tắm/Gel Tắm Pháp Le Petit Marseillais Chiết Xuất Thiên Nhiên 650ml - Sữa Tắm Lưu Hương Lành Tính - Dịu Nhẹ, An Toàn Cho Da","Thông & Bạch Đàn Biển, Standard",1732250801268689116,ST01902,328000,545267,VND,1,Thanh toán khi giao hàng,Đang xử lý,lepetitmarseillaisvn,Phát trực tiếp,7656044579443002119,fixed commission,,,,,328000,,,,,,,,,0,0,28/06/2026 13:22:59,30/06/2026 18:51:52,28/06/2026 13:23:00,30/06/2026 18:51:52,,,TTS,Open/Target Collaboration
584747813748048974,1732252961260865756,"Dầu Gội Thiên Nhiên Le Petit Marseillais Nhiều Mùi Hương 250ml Dưỡng Ẩm, Thơm Lâu - Phù Hợp Mọi Loại Da",Phục Hồi Chuyên Sâu Dầu Jojoba,1732252943759083740,DG60650,270000,380200,VND,1,Thanh toán khi giao hàng,Đang xử lý,tuyetcookies,Video,7561391524253109512,fixed commission,,,,,270000,,,,3,8100,,,,0,0,28/06/2026 13:49:35,01/07/2026 14:09:09,28/06/2026 13:49:36,01/07/2026 14:09:09,,02/07/2026 09:50:17,TTS,Open/Target Collaboration
584750275090154722,1732250928810920156,"Sữa Tắm/Gel Tắm Pháp Le Petit Marseillais Thiên Nhiên 250ml - Sữa Tắm Lưu Hương Lành Tính - Dịu Nhẹ, An Toàn Cho Da","Quả Mâm Xôi & Hoa Mẫu Đơn, Standard",1732250914985052380,ST48441,171000,282450,VND,1,Thanh toán khi giao hàng,Đang xử lý,ahau.phuongthao,Video,7654094102811659528,fixed commission,,,,12,171000,20520,,,,,,,,0,0,28/06/2026 16:39:01,01/07/2026 19:19:45,28/06/2026 16:39:03,01/07/2026 19:19:45,,02/07/2026 10:26:44,TTS,Open/Target Collaboration
584750919497385923,1734496604995683548,Xà Phòng Le Petit Marseillais Chính Hãng Bánh Xà Phòng Tắm Thiên Nhiên (Ngẫu nhiên)  1 Bánh,Mặc định,1734496577198523612,1 BÁNH-XP,75000,115000,VND,1,Thanh toán khi giao hàng,Đang xử lý,mythi_fr,Video,7633023072626429204,fixed commission,,,,6,75000,4500,,,,,,,,0,0,28/06/2026 17:24:50,02/07/2026 11:20:44,28/06/2026 17:24:51,02/07/2026 11:20:44,,03/07/2026 11:47:57,TTS,Open/Target Collaboration
584751342590134042,1732250760944257244,"Sữa Tắm/Gel Tắm Pháp Le Petit Marseillais Chiết Xuất Thiên Nhiên 650ml - Sữa Tắm Lưu Hương Lành Tính - Dịu Nhẹ, An Toàn Cho Da","Thông & Bạch Đàn Biển, Standard",1732250801268689116,ST01902,335750,530400,VND,1,Thanh toán khi giao hàng,Đang xử lý,ha_thubay,Video,7599664598626618642,fixed commission,,,,,335750,,,,3,10073,,,,0,0,28/06/2026 17:50:59,30/06/2026 12:07:55,28/06/2026 17:51:01,30/06/2026 12:07:55,,01/07/2026 10:30:41,TTS,Open/Target Collaboration
584752240637609094,1731317167366243548,[Quà tặng không bán] Bông Tắm Tạo Bọt Mềm Mịn,Mặc định,1731317148230255836,BONG TAM HQ,0,7900,VND,1,Thanh toán khi giao hàng,Đang xử lý,lepetitmarseillaisvn,Phát trực tiếp,7648127601848011528,fixed commission,,,,,0,,,,,,,,,0,0,28/06/2026 18:52:44,30/06/2026 18:57:14,28/06/2026 18:52:45,30/06/2026 18:57:14,,01/07/2026 11:05:18,TTS,Open/Target Collaboration
584752240637609094,1732251815880067292,"Sữa Tắm Pháp Le Petit Marseillais Cho Nam Chiết Xuất Thiên Nhiên 4in1 Nhiều Mùi Hương Dưỡng Ẩm, Thơm Lâu - Phù Hợp Mọi Loại Da (250ml)","Hương Gỗ Tuyết Tùng & Dương Xỉ, Standard",1732251749141219548,ST01172,194750,279900,VND,1,Thanh toán khi giao hàng,Đang xử lý,huankosai,Video,7569974511534198023,fixed commission,,,,8,194750,15580,,,,,,,,0,0,28/06/2026 18:52:44,30/06/2026 18:57:14,28/06/2026 18:52:45,30/06/2026 18:57:14,,01/07/2026 11:05:18,TTS,Open/Target Collaboration
584752605595993176,1732251815880067292,"Sữa Tắm Pháp Le Petit Marseillais Cho Nam Chiết Xuất Thiên Nhiên 4in1 Nhiều Mùi Hương Dưỡng Ẩm, Thơm Lâu - Phù Hợp Mọi Loại Da (250ml)","Hương Gỗ Tuyết Tùng & Dương Xỉ, Standard",1732251749141219548,ST01172,205000,289550,VND,1,Thanh toán khi giao hàng,Đang xử lý,congai.gossip,Chương trình Lưu lượng truy cập bên ngoài,,fixed commission,,,,4,205000,8200,,,,,,,,0,0,28/06/2026 19:18:07,30/06/2026 11:19:26,28/06/2026 19:18:08,30/06/2026 11:19:26,,01/07/2026 08:12:01,TTS,Open/Target Collaboration
584753461873510349,1731317167366243548,[Quà tặng không bán] Bông Tắm Tạo Bọt Mềm Mịn,Mặc định,1731317148230255836,BONG TAM HQ,0,3640,VND,1,Không áp dụng thanh toán khi giao hàng,Đang xử lý,lepetitmarseillaisvn,Phát trực tiếp,7656416732160674578,fixed commission,,,,,0,,,,,,,,,0,0,28/06/2026 20:04:50,28/06/2026 20:04:51,28/06/2026 20:04:53,30/06/2026 15:14:56,,,TTS,Open/Target Collaboration
584753461873510349,1732250760944257244,"Sữa Tắm/Gel Tắm Pháp Le Petit Marseillais Chiết Xuất Thiên Nhiên 650ml - Sữa Tắm Lưu Hương Lành Tính - Dịu Nhẹ, An Toàn Cho Da","Hương Chanh & Bưởi Hồng, Standard",1732250801268820188,ST01868,319950,526280,VND,1,Không áp dụng thanh toán khi giao hàng,Đang xử lý,lepetitmarseillaisvn,Phát trực tiếp,7656416732160674578,fixed commission,,,,,319950,,,,,,,,,0,0,28/06/2026 20:04:50,28/06/2026 20:04:51,28/06/2026 20:04:53,30/06/2026 15:14:56,,,TTS,Open/Target Collaboration
584753461873510349,1732250760944257244,"Sữa Tắm/Gel Tắm Pháp Le Petit Marseillais Chiết Xuất Thiên Nhiên 650ml - Sữa Tắm Lưu Hương Lành Tính - Dịu Nhẹ, An Toàn Cho Da","Hoa Tiare, Standard",1732250801268885724,ST68816,319950,526280,VND,1,Không áp dụng thanh toán khi giao hàng,Đang xử lý,lepetitmarseillaisvn,Phát trực tiếp,7656416732160674578,fixed commission,,,,,319950,,,,,,,,,0,0,28/06/2026 20:04:50,28/06/2026 20:04:51,28/06/2026 20:04:53,30/06/2026 15:14:56,,,TTS,Open/Target Collaboration
584753533090498148,1735910664928920796,Combo 2 Sữa Tắm Nam Le Petit Marseillais 4in1 Cho Tóc Mặt Râu Toàn Thân 250ml,"Gỗ Cam & Dầu Argan , Gỗ Tuyết Tùng Và Dương Xỉ",1735912571878278364,ST01431 + ST01172,309960,575457,VND,1,Thanh toán khi giao hàng,Đang xử lý,lepetitmarseillaisvn,Phát trực tiếp,7656416732160674578,fixed commission,,,,,309960,,,,,,,,,0,0,28/06/2026 20:10:57,30/06/2026 19:54:20,28/06/2026 20:10:59,30/06/2026 19:54:20,,,TTS,Open/Target Collaboration
584753533090498148,1734496604995683548,Xà Phòng Le Petit Marseillais Chính Hãng Bánh Xà Phòng Tắm Thiên Nhiên (Ngẫu nhiên)  1 Bánh,Mặc định,1734496577198523612,1 BÁNH-XP,0,4243,VND,1,Thanh toán khi giao hàng,Đang xử lý,lepetitmarseillaisvn,Phát trực tiếp,7656416732160674578,fixed commission,,,,,0,,,,,,,,,0,0,28/06/2026 20:10:57,30/06/2026 19:54:20,28/06/2026 20:10:59,30/06/2026 19:54:20,,,TTS,Open/Target Collaboration
584753495167567077,1731317167366243548,[Quà tặng không bán] Bông Tắm Tạo Bọt Mềm Mịn,Mặc định,1731317148230255836,BONG TAM HQ,0,7367,VND,1,Thanh toán khi giao hàng,Đang xử lý,lepetitmarseillaisvn,Phát trực tiếp,7656416732160674578,fixed commission,,,,,0,,,,,,,,,0,0,28/06/2026 20:11:46,30/06/2026 13:43:06,28/06/2026 20:11:47,30/06/2026 13:43:06,,,TTS,Open/Target Collaboration
584753495167567077,1732250760944257244,"Sữa Tắm/Gel Tắm Pháp Le Petit Marseillais Chiết Xuất Thiên Nhiên 650ml - Sữa Tắm Lưu Hương Lành Tính - Dịu Nhẹ, An Toàn Cho Da","Hương Xoài & Chanh Dây, Standard",1732250801268951260,ST68823,360000,533733,VND,1,Thanh toán khi giao hàng,Đang xử lý,lepetitmarseillaisvn,Phát trực tiếp,7656416732160674578,fixed commission,,,,,360000,,,,,,,,,0,0,28/06/2026 20:11:46,30/06/2026 13:43:06,28/06/2026 20:11:47,30/06/2026 13:43:06,,,TTS,Open/Target Collaboration
584753731602580855,1732251815880067292,"Sữa Tắm Pháp Le Petit Marseillais Cho Nam Chiết Xuất Thiên Nhiên 4in1 Nhiều Mùi Hương Dưỡng Ẩm, Thơm Lâu - Phù Hợp Mọi Loại Da (250ml)","Hương Gỗ Tuyết Tùng & Dương Xỉ, Standard",1732251749141219548,ST01172,174250,282450,VND,1,Thanh toán khi giao hàng,Đã hủy,lepetitmarseillaisvn,Phát trực tiếp,7656416732160674578,fixed commission,,,,,174250,,,,,,,,,0,0,28/06/2026 20:23:18,,28/06/2026 20:23:19,,,,TTS,Open/Target Collaboration
584753731602580855,1731317167366243548,[Quà tặng không bán] Bông Tắm Tạo Bọt Mềm Mịn,Mặc định,1731317148230255836,BONG TAM HQ,0,10450,VND,1,Thanh toán khi giao hàng,Đã hủy,lepetitmarseillaisvn,Phát trực tiếp,7656416732160674578,fixed commission,,,,,0,,,,,,,,,0,0,28/06/2026 20:23:18,,28/06/2026 20:23:19,,,,TTS,Open/Target Collaboration
584754078990763829,1731317167366243548,[Quà tặng không bán] Bông Tắm Tạo Bọt Mềm Mịn,Mặc định,1731317148230255836,BONG TAM HQ,0,10450,VND,1,Thanh toán khi giao hàng,Đang xử lý,lepetitmarseillaisvn,Phát trực tiếp,7656416732160674578,fixed commission,,,,,0,,,,,,,,,0,0,28/06/2026 20:42:58,30/06/2026 20:59:22,28/06/2026 20:43:02,30/06/2026 20:59:22,,,TTS,Open/Target Collaboration
584754078990763829,1732251815880067292,"Sữa Tắm Pháp Le Petit Marseillais Cho Nam Chiết Xuất Thiên Nhiên 4in1 Nhiều Mùi Hương Dưỡng Ẩm, Thơm Lâu - Phù Hợp Mọi Loại Da (250ml)","Hương Gỗ Tuyết Tùng & Dương Xỉ, Standard",1732251749141219548,ST01172,176300,282450,VND,1,Thanh toán khi giao hàng,Đang xử lý,lepetitmarseillaisvn,Phát trực tiếp,7656416732160674578,fixed commission,,,,,176300,,,,,,,,,0,0,28/06/2026 20:42:58,30/06/2026 20:59:22,28/06/2026 20:43:02,30/06/2026 20:59:22,,,TTS,Open/Target Collaboration
584754479552169608,1732250760944257244,"Sữa Tắm/Gel Tắm Pháp Le Petit Marseillais Chiết Xuất Thiên Nhiên 650ml - Sữa Tắm Lưu Hương Lành Tính - Dịu Nhẹ, An Toàn Cho Da","Thông & Bạch Đàn Biển, Standard",1732250801268689116,ST01902,395000,545267,VND,1,Thanh toán khi giao hàng,Đang xử lý,thaocanview,Video,7637538562224721172,fixed commission,,,,,395000,,,,3,11850,,,,0,0,28/06/2026 21:03:30,30/06/2026 19:37:30,28/06/2026 21:03:32,30/06/2026 19:37:30,,01/07/2026 07:09:13,TTS,Open/Target Collaboration
584754525013968237,1732252961260865756,"Dầu Gội Thiên Nhiên Le Petit Marseillais Nhiều Mùi Hương 250ml Dưỡng Ẩm, Thơm Lâu - Phù Hợp Mọi Loại Da",Tinh Dầu Chanh Vàng Hữu Cơ,1735769515978818780,DG74035,270000,360450,VND,1,Không áp dụng thanh toán khi giao hàng,Đang xử lý,tuyetcookies,Video,7561391524253109512,fixed commission,,,,,270000,,,,3,8100,,,,0,0,28/06/2026 21:07:30,28/06/2026 21:07:41,28/06/2026 21:07:42,30/06/2026 11:26:03,,01/07/2026 09:21:00,TTS,Open/Target Collaboration
584754525013968237,1732252961260865756,"Dầu Gội Thiên Nhiên Le Petit Marseillais Nhiều Mùi Hương 250ml Dưỡng Ẩm, Thơm Lâu - Phù Hợp Mọi Loại Da",Trị Gàu 2 In 1 Tinh Dầu Bạc Hà,1732252943759018204,DG74042,270000,360450,VND,1,Không áp dụng thanh toán khi giao hàng,Đang xử lý,tuyetcookies,Video,7561391524253109512,fixed commission,,,,,270000,,,,3,8100,,,,0,0,28/06/2026 21:07:30,28/06/2026 21:07:41,28/06/2026 21:07:42,30/06/2026 11:26:03,,01/07/2026 09:21:00,TTS,Open/Target Collaboration
584754743988357040,1732250928810920156,"Sữa Tắm/Gel Tắm Pháp Le Petit Marseillais Thiên Nhiên 250ml - Sữa Tắm Lưu Hương Lành Tính - Dịu Nhẹ, An Toàn Cho Da","Vani, Standard",1732250914985183452,ST00526,189000,282450,VND,1,Không áp dụng thanh toán khi giao hàng,Đang xử lý,iflytek02,Chương trình Lưu lượng truy cập bên ngoài,,fixed commission,,,,4,189000,7560,,,,,,,,0,0,28/06/2026 21:19:45,28/06/2026 21:21:01,28/06/2026 21:21:01,30/06/2026 09:41:39,,01/07/2026 07:14:07,TTS,Open/Target Collaboration
584754774368093663,1731317167366243548,[Quà tặng không bán] Bông Tắm Tạo Bọt Mềm Mịn,Mặc định,1731317148230255836,BONG TAM HQ,0,5700,VND,1,Không áp dụng thanh toán khi giao hàng,Đang xử lý,lepetitmarseillaisvn,Phát trực tiếp,7656416732160674578,fixed commission,,,,,0,,,,,,,,,0,0,28/06/2026 21:24:35,28/06/2026 21:24:40,28/06/2026 21:24:42,30/06/2026 09:27:18,,,TTS,Open/Target Collaboration
584754774368093663,1732250760944257244,"Sữa Tắm/Gel Tắm Pháp Le Petit Marseillais Chiết Xuất Thiên Nhiên 650ml - Sữa Tắm Lưu Hương Lành Tính - Dịu Nhẹ, An Toàn Cho Da","Hương Chanh & Bưởi Hồng, Standard",1732250801268820188,ST01868,400000,530400,VND,1,Không áp dụng thanh toán khi giao hàng,Đang xử lý,lepetitmarseillaisvn,Phát trực tiếp,7656416732160674578,fixed commission,,,,,400000,,,,,,,,,0,0,28/06/2026 21:24:35,28/06/2026 21:24:40,28/06/2026 21:24:42,30/06/2026 09:27:18,,,TTS,Open/Target Collaboration
584757293792396476,1732251815880067292,"Sữa Tắm Pháp Le Petit Marseillais Cho Nam Chiết Xuất Thiên Nhiên 4in1 Nhiều Mùi Hương Dưỡng Ẩm, Thơm Lâu - Phù Hợp Mọi Loại Da (250ml)","Hương Gỗ Tuyết Tùng & Dương Xỉ, Standard",1732251749141219548,ST01172,194750,295800,VND,1,Thanh toán khi giao hàng,Đang xử lý,huankosai,Video,7569974511534198023,fixed commission,,,,8,194750,15580,,,,,,,,0,0,29/06/2026 00:40:12,30/06/2026 16:06:34,29/06/2026 00:40:13,30/06/2026 16:06:34,,01/07/2026 08:16:42,TTS,Open/Target Collaboration
584757318743394287,1732251815880067292,"Sữa Tắm Pháp Le Petit Marseillais Cho Nam Chiết Xuất Thiên Nhiên 4in1 Nhiều Mùi Hương Dưỡng Ẩm, Thơm Lâu - Phù Hợp Mọi Loại Da (250ml)","Hương Gỗ Tuyết Tùng & Dương Xỉ, Standard",1732251749141219548,ST01172,160650,289550,VND,1,Thanh toán khi giao hàng,Đang xử lý,duongmanhkien19,Video,7578474458705382676,fixed commission,,,,,160650,,,,3,4820,,,,0,0,29/06/2026 00:49:09,30/06/2026 18:58:06,29/06/2026 00:49:10,30/06/2026 18:58:06,,01/07/2026 12:31:29,TTS,Open/Target Collaboration
584757318743394287,1731317167366243548,[Quà tặng không bán] Bông Tắm Tạo Bọt Mềm Mịn,Mặc định,1731317148230255836,BONG TAM HQ,0,17550,VND,1,Thanh toán khi giao hàng,Đang xử lý,lepetitmarseillaisvn,Phát trực tiếp,7656416732160674578,fixed commission,,,,,0,,,,,,,,,0,0,29/06/2026 00:49:09,30/06/2026 18:58:06,29/06/2026 00:49:10,30/06/2026 18:58:06,,01/07/2026 12:31:29,TTS,Open/Target Collaboration
584758401142130549,1732251815880067292,"Sữa Tắm Pháp Le Petit Marseillais Cho Nam Chiết Xuất Thiên Nhiên 4in1 Nhiều Mùi Hương Dưỡng Ẩm, Thơm Lâu - Phù Hợp Mọi Loại Da (250ml)","Hương Gỗ Tuyết Tùng & Dương Xỉ, Standard",1732251749141219548,ST01172,205000,286850,VND,1,Thanh toán khi giao hàng,Đang xử lý,duongmanhkien19,Video,7578474458705382676,fixed commission,,,,,205000,,,,3,6150,,,,0,0,29/06/2026 05:15:21,01/07/2026 16:38:01,29/06/2026 05:15:23,01/07/2026 16:38:01,,02/07/2026 08:29:36,TTS,Open/Target Collaboration
584759185509090959,1732250928810920156,"Sữa Tắm/Gel Tắm Pháp Le Petit Marseillais Thiên Nhiên 250ml - Sữa Tắm Lưu Hương Lành Tính - Dịu Nhẹ, An Toàn Cho Da","Quả Mâm Xôi & Hoa Mẫu Đơn, Standard",1732250914985052380,ST48441,158760,289550,VND,1,Thanh toán khi giao hàng,Đã hủy,ahau.phuongthao,Video,7654094102811659528,fixed commission,0,0,0,12,158760,19051,,,,,,,,0,0,29/06/2026 07:08:04,,29/06/2026 07:08:05,,,,TTS,Open/Target Collaboration
584759235623224975,1732250928810920156,"Sữa Tắm/Gel Tắm Pháp Le Petit Marseillais Thiên Nhiên 250ml - Sữa Tắm Lưu Hương Lành Tính - Dịu Nhẹ, An Toàn Cho Da","Quả Mâm Xôi & Hoa Mẫu Đơn, Standard",1732250914985052380,ST48441,158760,286850,VND,1,Thanh toán khi giao hàng,Đã hủy,ahau.phuongthao,Video,7654094102811659528,fixed commission,0,0,0,12,158760,19051,,,,,,,,0,0,29/06/2026 07:12:38,,29/06/2026 07:12:40,,,,TTS,Open/Target Collaboration
584759306944939667,1734496604995683548,Xà Phòng Le Petit Marseillais Chính Hãng Bánh Xà Phòng Tắm Thiên Nhiên (Ngẫu nhiên)  1 Bánh,Mặc định,1734496577198523612,1 BÁNH-XP,75000,163100,VND,2,Thanh toán khi giao hàng,Đang xử lý,onggiatichcuc79,Video,7650717585427795218,fixed commission,,,,6,150000,9000,,,,,,,,0,0,29/06/2026 07:18:19,30/06/2026 12:54:21,29/06/2026 07:18:20,30/06/2026 12:54:21,,01/07/2026 11:37:10,TTS,Open/Target Collaboration
584759869321414522,1732251815880067292,"Sữa Tắm Pháp Le Petit Marseillais Cho Nam Chiết Xuất Thiên Nhiên 4in1 Nhiều Mùi Hương Dưỡng Ẩm, Thơm Lâu - Phù Hợp Mọi Loại Da (250ml)","Hương Gỗ Tuyết Tùng & Dương Xỉ, Standard",1732251749141219548,ST01172,205000,295800,VND,1,Thanh toán khi giao hàng,Đang xử lý,duongmanhkien19,Video,7578474458705382676,fixed commission,,,,,205000,,,,3,6150,,,,0,0,29/06/2026 08:15:30,01/07/2026 11:30:44,29/06/2026 08:15:32,01/07/2026 11:30:44,,02/07/2026 10:20:06,TTS,Open/Target Collaboration
584760246860679038,1732251815880067292,"Sữa Tắm Pháp Le Petit Marseillais Cho Nam Chiết Xuất Thiên Nhiên 4in1 Nhiều Mùi Hương Dưỡng Ẩm, Thơm Lâu - Phù Hợp Mọi Loại Da (250ml)","Hương Gỗ Tuyết Tùng & Dương Xỉ, Standard",1732251749141219548,ST01172,205000,282450,VND,1,Thanh toán khi giao hàng,Đang xử lý,man.trung.737,Video,7595064670482877717,fixed commission,,,,,205000,,,,3,6150,,,,0,0,29/06/2026 08:46:37,30/06/2026 16:16:08,29/06/2026 08:46:39,30/06/2026 16:16:08,,01/07/2026 10:38:56,TTS,Open/Target Collaboration
584760356701504687,1732251815880067292,"Sữa Tắm Pháp Le Petit Marseillais Cho Nam Chiết Xuất Thiên Nhiên 4in1 Nhiều Mùi Hương Dưỡng Ẩm, Thơm Lâu - Phù Hợp Mọi Loại Da (250ml)","Hương Gỗ Tuyết Tùng & Dương Xỉ, Standard",1732251749141219548,ST01172,169626,279900,VND,1,Không áp dụng thanh toán khi giao hàng,Đã hủy,khoecungcang,Chương trình Lưu lượng truy cập bên ngoài,,fixed commission,,,,8,169626,13570,,,,,,,,0,0,29/06/2026 08:48:49,29/06/2026 08:48:55,29/06/2026 08:48:55,,,,TTS,Open/Target Collaboration
584760692238288208,1732250760944257244,"Sữa Tắm/Gel Tắm Pháp Le Petit Marseillais Chiết Xuất Thiên Nhiên 650ml - Sữa Tắm Lưu Hương Lành Tính - Dịu Nhẹ, An Toàn Cho Da","Đào Trắng & Quả Xuân Đào, Standard",1732250801269016796,ST01288,395000,533733,VND,1,Thanh toán khi giao hàng,Đang xử lý,taphoacoquyenls,Video,7655900551871270151,fixed commission,,,,8,395000,31600,,,,,,,,0,0,29/06/2026 09:20:40,30/06/2026 19:39:55,29/06/2026 09:20:41,30/06/2026 19:39:55,,01/07/2026 08:08:49,TTS,Open/Target Collaboration
584760683692590416,1732252957247965404,"Dầu Gội Le Petit Marseillais Nhiều Mùi Hương 300ml Dưỡng Ẩm, Thơm Lâu - Phù Hợp Mọi Loại Da",Táo & Oliu,1732252922366494940,DG31372,420000,565900,VND,1,Thanh toán khi giao hàng,Đang xử lý,haiidaynek,Video,7548126556418264327,fixed commission,,,,8,420000,33600,,,,,,,,0,0,29/06/2026 09:21:56,30/06/2026 19:39:53,29/06/2026 09:21:57,30/06/2026 19:39:53,,01/07/2026 08:02:17,TTS,Open/Target Collaboration
584761147200145202,1732251815880067292,"Sữa Tắm Pháp Le Petit Marseillais Cho Nam Chiết Xuất Thiên Nhiên 4in1 Nhiều Mùi Hương Dưỡng Ẩm, Thơm Lâu - Phù Hợp Mọi Loại Da (250ml)","Hương Thông & Bạch Đàn Biển, Standard",1732251749141154012,ST01356,205000,286850,VND,1,Thanh toán khi giao hàng,Đang xử lý,duongmanhkien19,Video,7578474458705382676,fixed commission,,,,,205000,,,,3,6150,,,,0,0,29/06/2026 09:54:20,30/06/2026 21:01:26,29/06/2026 09:54:22,30/06/2026 21:01:26,,01/07/2026 10:06:07,TTS,Open/Target Collaboration
584766486964045261,1732251815880067292,"Sữa Tắm Pháp Le Petit Marseillais Cho Nam Chiết Xuất Thiên Nhiên 4in1 Nhiều Mùi Hương Dưỡng Ẩm, Thơm Lâu - Phù Hợp Mọi Loại Da (250ml)","Hương Thông & Bạch Đàn Biển, Standard",1732251749141154012,ST01356,205000,283850,VND,1,Thanh toán khi giao hàng,Đang xử lý,duongmanhkien19,Video,7589190858113649928,fixed commission,,,,,205000,,,,3,6150,,,,0,0,29/06/2026 15:48:25,01/07/2026 20:21:20,29/06/2026 15:48:27,01/07/2026 20:21:20,,02/07/2026 09:05:31,TTS,Open/Target Collaboration
584767835747157305,1732250928810920156,"Sữa Tắm/Gel Tắm Pháp Le Petit Marseillais Thiên Nhiên 250ml - Sữa Tắm Lưu Hương Lành Tính - Dịu Nhẹ, An Toàn Cho Da","Đào Trắng & Quả Xuân Đào, Standard",1732250914985380060,ST01240,205000,283850,VND,1,Thanh toán khi giao hàng,Đang xử lý,ahau.phuongthao,Video,7654565393536748818,fixed commission,,,,,205000,,,,2,4100,,,,0,0,29/06/2026 17:37:50,01/07/2026 19:44:25,29/06/2026 17:37:52,01/07/2026 19:44:25,,02/07/2026 08:44:32,TTS,Open/Target Collaboration
584770915288384846,1732250928810920156,"Sữa Tắm/Gel Tắm Pháp Le Petit Marseillais Thiên Nhiên 250ml - Sữa Tắm Lưu Hương Lành Tính - Dịu Nhẹ, An Toàn Cho Da","Quả Mâm Xôi & Hoa Mẫu Đơn, Standard",1732250914985052380,ST48441,205000,277350,VND,1,Không áp dụng thanh toán khi giao hàng,Đang xử lý,ahau.phuongthao,Video,7654565393536748818,fixed commission,,,,,205000,,,,2,4100,,,,0,0,29/06/2026 20:49:52,29/06/2026 20:49:59,29/06/2026 20:49:59,01/07/2026 11:09:45,,02/07/2026 11:29:37,TTS,Open/Target Collaboration
584772782068172396,1732250928810920156,"Sữa Tắm/Gel Tắm Pháp Le Petit Marseillais Thiên Nhiên 250ml - Sữa Tắm Lưu Hương Lành Tính - Dịu Nhẹ, An Toàn Cho Da","Đào Trắng & Quả Xuân Đào, Standard",1732250914985380060,ST01240,205000,286550,VND,1,Thanh toán khi giao hàng,Đang xử lý,ahau.phuongthao,Video,7654094102811659528,fixed commission,,,,12,205000,24600,,,,,,,,0,0,29/06/2026 22:37:38,01/07/2026 15:44:40,29/06/2026 22:37:39,01/07/2026 15:44:40,,,TTS,Open/Target Collaboration
584773090362164774,1732250928810920156,"Sữa Tắm/Gel Tắm Pháp Le Petit Marseillais Thiên Nhiên 250ml - Sữa Tắm Lưu Hương Lành Tính - Dịu Nhẹ, An Toàn Cho Da","Quả Mâm Xôi & Hoa Mẫu Đơn, Standard",1732250914985052380,ST48441,200000,276772,VND,1,Thanh toán khi giao hàng,Đang xử lý,ahau.phuongthao,Video,7654565393536748818,fixed commission,,,,,200000,,,,2,4000,,,,0,0,29/06/2026 23:02:38,01/07/2026 11:27:17,29/06/2026 23:02:39,01/07/2026 11:27:17,,02/07/2026 10:37:11,TTS,Open/Target Collaboration
584773090362164774,1732250928810920156,"Sữa Tắm/Gel Tắm Pháp Le Petit Marseillais Thiên Nhiên 250ml - Sữa Tắm Lưu Hương Lành Tính - Dịu Nhẹ, An Toàn Cho Da","Xoài & Chanh Dây, Standard",1732250914984986844,ST99622,200000,276773,VND,1,Thanh toán khi giao hàng,Đang xử lý,ahau.phuongthao,Video,7654565393536748818,fixed commission,,,,,200000,,,,2,4000,,,,0,0,29/06/2026 23:02:38,01/07/2026 11:27:17,29/06/2026 23:02:39,01/07/2026 11:27:17,,02/07/2026 10:37:11,TTS,Open/Target Collaboration
584773480440103957,1732252961260865756,"Dầu Gội Thiên Nhiên Le Petit Marseillais Nhiều Mùi Hương 250ml Dưỡng Ẩm, Thơm Lâu - Phù Hợp Mọi Loại Da",Phục Hồi Chuyên Sâu Dầu Jojoba,1732252943759083740,DG60650,267000,343000,VND,1,Không áp dụng thanh toán khi giao hàng,Đang xử lý,beone.live,Chương trình Lưu lượng truy cập bên ngoài,,fixed commission,,,,4,267000,10680,,,,,,,,0,0,29/06/2026 23:35:03,29/06/2026 23:35:40,29/06/2026 23:35:41,01/07/2026 10:30:12,,02/07/2026 09:19:21,TTS,Open/Target Collaboration
584774612378027104,1732251815880067292,"Sữa Tắm Pháp Le Petit Marseillais Cho Nam Chiết Xuất Thiên Nhiên 4in1 Nhiều Mùi Hương Dưỡng Ẩm, Thơm Lâu - Phù Hợp Mọi Loại Da (250ml)","Hương Gỗ Tuyết Tùng & Dương Xỉ, Standard",1732251749141219548,ST01172,205000,276900,VND,1,Thanh toán khi giao hàng,Đã hủy,man.trung.737,Video,7595064670482877717,fixed commission,0,0,0,,205000,,,,3,6150,,,,0,0,30/06/2026 02:48:43,,30/06/2026 02:48:44,,,,TTS,Open/Target Collaboration
584774627981624743,1732250928810920156,"Sữa Tắm/Gel Tắm Pháp Le Petit Marseillais Thiên Nhiên 250ml - Sữa Tắm Lưu Hương Lành Tính - Dịu Nhẹ, An Toàn Cho Da","Xoài & Chanh Dây, Standard",1732250914984986844,ST99622,205000,271400,VND,1,Thanh toán khi giao hàng,Đang xử lý,mandepcungyen,Video,7656840324077161748,fixed commission,,,,10,205000,20500,,,,,,,,0,0,30/06/2026 02:51:06,02/07/2026 18:54:02,30/06/2026 02:51:07,02/07/2026 18:54:02,,03/07/2026 11:59:07,TTS,Open/Target Collaboration
584774627981624743,1731317167366243548,[Quà tặng không bán] Bông Tắm Tạo Bọt Mềm Mịn,Mặc định,1731317148230255836,BONG TAM HQ,0,2400,VND,1,Thanh toán khi giao hàng,Đang xử lý,lepetitmarseillaisvn,Phát trực tiếp,7655335633665592071,fixed commission,,,,,0,,,,,,,,,0,0,30/06/2026 02:51:06,02/07/2026 18:54:02,30/06/2026 02:51:07,02/07/2026 18:54:02,,03/07/2026 11:59:07,TTS,Open/Target Collaboration
584774693219959870,1732252961260865756,"Dầu Gội Thiên Nhiên Le Petit Marseillais Nhiều Mùi Hương 250ml Dưỡng Ẩm, Thơm Lâu - Phù Hợp Mọi Loại Da",Thải Độc Với Chiết Xuất Trà Xanh Hữu Cơ,1735769515978753244,DG37467,267000,343000,VND,1,Thanh toán khi giao hàng,Đang xử lý,tuyetcookies,Video,7561391524253109512,fixed commission,,,,,267000,,,,3,8010,,,,0,0,30/06/2026 03:19:50,01/07/2026 13:50:53,30/06/2026 03:19:51,01/07/2026 13:50:53,,02/07/2026 11:22:16,TTS,Open/Target Collaboration
584774756538681133,1732251815880067292,"Sữa Tắm Pháp Le Petit Marseillais Cho Nam Chiết Xuất Thiên Nhiên 4in1 Nhiều Mùi Hương Dưỡng Ẩm, Thơm Lâu - Phù Hợp Mọi Loại Da (250ml)","Hương Gỗ Tuyết Tùng & Dương Xỉ, Standard",1732251749141219548,ST01172,205000,286550,VND,1,Thanh toán khi giao hàng,Đã hủy,duongmanhkien19,Video,7578474458705382676,fixed commission,0,0,0,,205000,,,,3,6150,,,,0,0,30/06/2026 03:36:18,,30/06/2026 03:36:20,,,,TTS,Open/Target Collaboration
584775999986566271,1732252961260865756,"Dầu Gội Thiên Nhiên Le Petit Marseillais Nhiều Mùi Hương 250ml Dưỡng Ẩm, Thơm Lâu - Phù Hợp Mọi Loại Da",Thải Độc Với Chiết Xuất Trà Xanh Hữu Cơ,1735769515978753244,DG37467,267000,343000,VND,1,Thanh toán khi giao hàng,Đang xử lý,ngocdailyvlog,Video,7580781933962071314,fixed commission,,,,8,267000,21360,,,,,,,,0,0,30/06/2026 07:07:48,02/07/2026 19:04:21,30/06/2026 07:08:19,02/07/2026 19:04:21,,03/07/2026 13:06:39,TTS,Open/Target Collaboration
584779047256687813,1732250928810920156,"Sữa Tắm/Gel Tắm Pháp Le Petit Marseillais Thiên Nhiên 250ml - Sữa Tắm Lưu Hương Lành Tính - Dịu Nhẹ, An Toàn Cho Da","Xoài & Chanh Dây, Standard",1732250914984986844,ST99622,205000,283850,VND,1,Thanh toán khi giao hàng,Đang xử lý,ahau.phuongthao,Video,7654565393536748818,fixed commission,,,,,205000,,,,2,4100,,,,0,0,30/06/2026 11:02:06,01/07/2026 17:24:06,30/06/2026 11:02:07,01/07/2026 17:24:06,,02/07/2026 09:21:31,TTS,Open/Target Collaboration
584780352853083422,1732251815880067292,"Sữa Tắm Pháp Le Petit Marseillais Cho Nam Chiết Xuất Thiên Nhiên 4in1 Nhiều Mùi Hương Dưỡng Ẩm, Thơm Lâu - Phù Hợp Mọi Loại Da (250ml)","Hương Gỗ Tuyết Tùng & Dương Xỉ, Standard",1732251749141219548,ST01172,174250,276900,VND,1,Không áp dụng thanh toán khi giao hàng,Đang xử lý,tuyetcookies,Video,7561391524253109512,fixed commission,,,,8,174250,13940,,,,,,,,0,0,30/06/2026 12:27:31,30/06/2026 12:27:36,30/06/2026 12:27:37,01/07/2026 09:14:31,,02/07/2026 10:45:53,TTS,Open/Target Collaboration
584780428319753502,1732250760944257244,"Sữa Tắm/Gel Tắm Pháp Le Petit Marseillais Chiết Xuất Thiên Nhiên 650ml - Sữa Tắm Lưu Hương Lành Tính - Dịu Nhẹ, An Toàn Cho Da","Thông & Bạch Đàn Biển, Standard",1732250801268689116,ST01902,323900,510400,VND,1,Không áp dụng thanh toán khi giao hàng,Đang xử lý,tuyetcookies,Video,7561391524253109512,fixed commission,,,,8,323900,25912,,,,,,,,0,0,30/06/2026 12:30:29,30/06/2026 12:30:35,30/06/2026 12:30:39,01/07/2026 09:14:30,,02/07/2026 11:10:55,TTS,Open/Target Collaboration
584781139194251193,1732251815880067292,"Sữa Tắm Pháp Le Petit Marseillais Cho Nam Chiết Xuất Thiên Nhiên 4in1 Nhiều Mùi Hương Dưỡng Ẩm, Thơm Lâu - Phù Hợp Mọi Loại Da (250ml)","Hương Gỗ Tuyết Tùng & Dương Xỉ, Standard",1732251749141219548,ST01172,195000,289700,VND,1,Thanh toán khi giao hàng,Đã hủy,duongmanhkien19,Video,7578474458705382676,fixed commission,0,0,0,,195000,,,,3,5850,,,,0,0,30/06/2026 13:16:35,,30/06/2026 13:16:36,,,,TTS,Open/Target Collaboration
584781224226424295,1735792288903169244,Sữa Tắm Dạng Kem Le Petit Marseillais Hạnh Nhân 250ml - 92% Thiên Nhiên Siêu Dịu Nhẹ,Mặc định,1735792317060973788,ST00892,200000,276022,VND,1,Thanh toán khi giao hàng,Đang xử lý,ngc.huyn.n8,Chương trình Lưu lượng truy cập bên ngoài,,fixed commission,,,,4,200000,8000,,,,,,,,0,0,30/06/2026 13:23:42,01/07/2026 18:32:41,30/06/2026 13:23:44,01/07/2026 18:32:41,,02/07/2026 12:13:43,TTS,Open/Target Collaboration
584781719926572755,1734496604995683548,Xà Phòng Le Petit Marseillais Chính Hãng Bánh Xà Phòng Tắm Thiên Nhiên (Ngẫu nhiên)  1 Bánh,Mặc định,1734496577198523612,1 BÁNH-XP,75000,101200,VND,1,Thanh toán khi giao hàng,Đang xử lý,onggiatichcuc79,Video,7652811158407138567,fixed commission,,,,6,75000,4500,,,,,,,,0,0,30/06/2026 13:53:45,01/07/2026 17:14:36,30/06/2026 13:53:47,01/07/2026 17:14:36,,02/07/2026 12:05:07,TTS,Open/Target Collaboration
584781889196295845,1732251815880067292,"Sữa Tắm Pháp Le Petit Marseillais Cho Nam Chiết Xuất Thiên Nhiên 4in1 Nhiều Mùi Hương Dưỡng Ẩm, Thơm Lâu - Phù Hợp Mọi Loại Da (250ml)","Hương Thông & Bạch Đàn Biển, Standard",1732251749141154012,ST01356,174250,451023,VND,2,Thanh toán khi giao hàng,Đang xử lý,lepetitmarseillaisvn,Phát trực tiếp,7657078744301161237,fixed commission,,,,,348500,,,,,,,,,0,0,30/06/2026 14:08:09,01/07/2026 15:03:16,30/06/2026 14:08:11,01/07/2026 15:03:16,,,TTS,Open/Target Collaboration
584781931530388625,1732251815880067292,"Sữa Tắm Pháp Le Petit Marseillais Cho Nam Chiết Xuất Thiên Nhiên 4in1 Nhiều Mùi Hương Dưỡng Ẩm, Thơm Lâu - Phù Hợp Mọi Loại Da (250ml)","Hương Thông & Bạch Đàn Biển, Standard",1732251749141154012,ST01356,205000,286909,VND,1,Không áp dụng thanh toán khi giao hàng,Đang xử lý,duongmanhkien19,Video,7589190858113649928,fixed commission,,,,,205000,,,,3,6150,,,,0,0,30/06/2026 14:09:42,30/06/2026 14:09:46,30/06/2026 14:09:48,01/07/2026 11:10:32,,02/07/2026 08:52:49,TTS,Open/Target Collaboration
584781931530388625,1732251815880067292,"Sữa Tắm Pháp Le Petit Marseillais Cho Nam Chiết Xuất Thiên Nhiên 4in1 Nhiều Mùi Hương Dưỡng Ẩm, Thơm Lâu - Phù Hợp Mọi Loại Da (250ml)","Hương Gỗ Tuyết Tùng & Dương Xỉ, Standard",1732251749141219548,ST01172,205000,286909,VND,1,Không áp dụng thanh toán khi giao hàng,Đang xử lý,duongmanhkien19,Video,7589190858113649928,fixed commission,,,,,205000,,,,3,6150,,,,0,0,30/06/2026 14:09:42,30/06/2026 14:09:46,30/06/2026 14:09:48,01/07/2026 11:10:32,,02/07/2026 08:52:49,TTS,Open/Target Collaboration
584781973563738054,1731317167366243548,[Quà tặng không bán] Bông Tắm Tạo Bọt Mềm Mịn,Mặc định,1731317148230255836,BONG TAM HQ,0,7900,VND,1,Thanh toán khi giao hàng,Đã hủy,lepetitmarseillaisvn,Phát trực tiếp,7657078744301161237,fixed commission,,,,,0,,,,,,,,,0,0,30/06/2026 14:10:46,,30/06/2026 14:10:48,,,,TTS,Open/Target Collaboration
584781973563738054,1732251815880067292,"Sữa Tắm Pháp Le Petit Marseillais Cho Nam Chiết Xuất Thiên Nhiên 4in1 Nhiều Mùi Hương Dưỡng Ẩm, Thơm Lâu - Phù Hợp Mọi Loại Da (250ml)","Hương Gỗ Tuyết Tùng & Dương Xỉ, Standard",1732251749141219548,ST01172,174250,276900,VND,1,Thanh toán khi giao hàng,Đã hủy,lepetitmarseillaisvn,Phát trực tiếp,7657078744301161237,fixed commission,,,,,174250,,,,,,,,,0,0,30/06/2026 14:10:46,,30/06/2026 14:10:48,,,,TTS,Open/Target Collaboration
584782041629296034,1731317167366243548,[Quà tặng không bán] Bông Tắm Tạo Bọt Mềm Mịn,Mặc định,1731317148230255836,BONG TAM HQ,0,7900,VND,1,Thanh toán khi giao hàng,Đang xử lý,lepetitmarseillaisvn,Phát trực tiếp,7657078744301161237,fixed commission,,,,,0,,,,,,,,,0,0,30/06/2026 14:12:00,01/07/2026 12:21:44,30/06/2026 14:12:02,01/07/2026 12:21:44,,,TTS,Open/Target Collaboration
584782041629296034,1732250928810920156,"Sữa Tắm/Gel Tắm Pháp Le Petit Marseillais Thiên Nhiên 250ml - Sữa Tắm Lưu Hương Lành Tính - Dịu Nhẹ, An Toàn Cho Da","Muối Biển, Standard",1732250914984790236,ST54463,184500,276900,VND,1,Thanh toán khi giao hàng,Đang xử lý,lepetitmarseillaisvn,Phát trực tiếp,7657078744301161237,fixed commission,,,,,184500,,,,,,,,,0,0,30/06/2026 14:12:00,01/07/2026 12:21:44,30/06/2026 14:12:02,01/07/2026 12:21:44,,,TTS,Open/Target Collaboration
584782059203626365,1732251815880067292,"Sữa Tắm Pháp Le Petit Marseillais Cho Nam Chiết Xuất Thiên Nhiên 4in1 Nhiều Mùi Hương Dưỡng Ẩm, Thơm Lâu - Phù Hợp Mọi Loại Da (250ml)","Hương Gỗ Tuyết Tùng & Dương Xỉ, Standard",1732251749141219548,ST01172,205000,269000,VND,1,Không áp dụng thanh toán khi giao hàng,Đang xử lý,tanrhm19,Trưng bày,,fixed commission,,,,8,205000,16400,,,,,,,,0,0,30/06/2026 14:16:57,30/06/2026 14:17:08,30/06/2026 14:17:09,01/07/2026 10:25:32,,02/07/2026 09:14:46,TTS,Open/Target Collaboration
584782307747333329,1731317167366243548,[Quà tặng không bán] Bông Tắm Tạo Bọt Mềm Mịn,Mặc định,1731317148230255836,BONG TAM HQ,0,10450,VND,1,Thanh toán khi giao hàng,Đang xử lý,lepetitmarseillaisvn,Phát trực tiếp,7657078744301161237,fixed commission,,,,,0,,,,,,,,,0,0,30/06/2026 14:34:06,01/07/2026 14:50:50,30/06/2026 14:34:07,01/07/2026 14:50:50,,,TTS,Open/Target Collaboration
584782307747333329,1732251815880067292,"Sữa Tắm Pháp Le Petit Marseillais Cho Nam Chiết Xuất Thiên Nhiên 4in1 Nhiều Mùi Hương Dưỡng Ẩm, Thơm Lâu - Phù Hợp Mọi Loại Da (250ml)","Hương Gỗ Tuyết Tùng & Dương Xỉ, Standard",1732251749141219548,ST01172,184500,279450,VND,1,Thanh toán khi giao hàng,Đang xử lý,lepetitmarseillaisvn,Phát trực tiếp,7657078744301161237,fixed commission,,,,,184500,,,,,,,,,0,0,30/06/2026 14:34:06,01/07/2026 14:50:50,30/06/2026 14:34:07,01/07/2026 14:50:50,,,TTS,Open/Target Collaboration
584782350673872838,1735910664928920796,Combo 2 Sữa Tắm Nam Le Petit Marseillais 4in1 Cho Tóc Mặt Râu Toàn Thân 250ml,"Thông Biển & Bạch Đàn, Gỗ Tuyết Tùng Và Dương Xỉ",1735912571878606044,ST01356 + ST01172,321300,551543,VND,1,Thanh toán khi giao hàng,Đang xử lý,lepetitmarseillaisvn,Phát trực tiếp,7657078744301161237,fixed commission,,,,,321300,,,,,,,,,0,0,30/06/2026 14:39:14,01/07/2026 19:57:22,30/06/2026 14:39:15,01/07/2026 19:57:22,,,TTS,Open/Target Collaboration
584782350673872838,1734496604995683548,Xà Phòng Le Petit Marseillais Chính Hãng Bánh Xà Phòng Tắm Thiên Nhiên (Ngẫu nhiên)  1 Bánh,Mặc định,1734496577198523612,1 BÁNH-XP,0,2257,VND,1,Thanh toán khi giao hàng,Đang xử lý,lepetitmarseillaisvn,Phát trực tiếp,7657078744301161237,fixed commission,,,,,0,,,,,,,,,0,0,30/06/2026 14:39:14,01/07/2026 19:57:22,30/06/2026 14:39:15,01/07/2026 19:57:22,,,TTS,Open/Target Collaboration
584784745599436223,1732250760944257244,"Sữa Tắm/Gel Tắm Pháp Le Petit Marseillais Chiết Xuất Thiên Nhiên 650ml - Sữa Tắm Lưu Hương Lành Tính - Dịu Nhẹ, An Toàn Cho Da","Thông & Bạch Đàn Biển, Standard",1732250801268689116,ST01902,394000,521667,VND,1,Không áp dụng thanh toán khi giao hàng,Đang xử lý,anhlorenhehehe,Video,7493531443268717842,fixed commission,,,,8,394000,31520,,,,,,,,0,0,30/06/2026 17:28:16,30/06/2026 17:28:21,30/06/2026 17:28:23,02/07/2026 11:19:45,,03/07/2026 12:07:02,TTS,Open/Target Collaboration
584786458719388860,1732251815880067292,"Sữa Tắm Pháp Le Petit Marseillais Cho Nam Chiết Xuất Thiên Nhiên 4in1 Nhiều Mùi Hương Dưỡng Ẩm, Thơm Lâu - Phù Hợp Mọi Loại Da (250ml)","Hương Gỗ Tuyết Tùng & Dương Xỉ, Standard",1732251749141219548,ST01172,205000,276900,VND,1,Thanh toán khi giao hàng,Đang xử lý,man.trung.737,Video,7595064670482877717,fixed commission,,,,,205000,,,,3,6150,,,,0,0,30/06/2026 19:18:19,02/07/2026 20:57:08,30/06/2026 19:18:21,02/07/2026 20:57:08,,03/07/2026 07:00:48,TTS,Open/Target Collaboration
584786534501287399,1732251815880067292,"Sữa Tắm Pháp Le Petit Marseillais Cho Nam Chiết Xuất Thiên Nhiên 4in1 Nhiều Mùi Hương Dưỡng Ẩm, Thơm Lâu - Phù Hợp Mọi Loại Da (250ml)","Hương Gỗ Tuyết Tùng & Dương Xỉ, Standard",1732251749141219548,ST01172,176300,460755,VND,2,Thanh toán khi giao hàng,Đang xử lý,man.trung.737,Video,7595064670482877717,fixed commission,,,,,352600,,,,3,10578,,,,0,0,30/06/2026 19:21:30,02/07/2026 16:37:06,30/06/2026 19:21:31,02/07/2026 16:37:06,,03/07/2026 11:52:28,TTS,Open/Target Collaboration
584787436143740499,1732251815880067292,"Sữa Tắm Pháp Le Petit Marseillais Cho Nam Chiết Xuất Thiên Nhiên 4in1 Nhiều Mùi Hương Dưỡng Ẩm, Thơm Lâu - Phù Hợp Mọi Loại Da (250ml)","Hương Cam & Tinh Dầu Argan, Standard",1732251749141022940,ST01431,205000,283850,VND,1,Không áp dụng thanh toán khi giao hàng,Đang xử lý,duongmanhkien19,Video,7589190858113649928,fixed commission,,,,8,205000,16400,,,,,,,,0,0,30/06/2026 20:15:18,30/06/2026 20:15:23,30/06/2026 20:15:24,02/07/2026 09:53:51,,03/07/2026 12:05:01,TTS,Open/Target Collaboration
584787334455854605,1732251815880067292,"Sữa Tắm Pháp Le Petit Marseillais Cho Nam Chiết Xuất Thiên Nhiên 4in1 Nhiều Mùi Hương Dưỡng Ẩm, Thơm Lâu - Phù Hợp Mọi Loại Da (250ml)","Hương Gỗ Tuyết Tùng & Dương Xỉ, Standard",1732251749141219548,ST01172,205000,275300,VND,1,Thanh toán khi giao hàng,Đang xử lý,duongmanhkien19,Video,7578474458705382676,fixed commission,,,,,205000,,,,3,6150,,,,0,0,30/06/2026 20:15:21,02/07/2026 11:26:48,30/06/2026 20:15:23,02/07/2026 11:26:48,,03/07/2026 09:22:27,TTS,Open/Target Collaboration
584788366465992611,1732250760944257244,"Sữa Tắm/Gel Tắm Pháp Le Petit Marseillais Chiết Xuất Thiên Nhiên 650ml - Sữa Tắm Lưu Hương Lành Tính - Dịu Nhẹ, An Toàn Cho Da","Hoa Tiare, Standard",1732250801268885724,ST68816,395000,510400,VND,1,Thanh toán khi giao hàng,Đang xử lý,thaocanview,Video,7637538562224721172,fixed commission,,,,,395000,,,,3,11850,,,,0,0,30/06/2026 21:07:05,02/07/2026 20:05:26,30/06/2026 21:07:06,02/07/2026 20:05:26,,03/07/2026 11:57:37,TTS,Open/Target Collaboration
584788485599167600,1732251815880067292,"Sữa Tắm Pháp Le Petit Marseillais Cho Nam Chiết Xuất Thiên Nhiên 4in1 Nhiều Mùi Hương Dưỡng Ẩm, Thơm Lâu - Phù Hợp Mọi Loại Da (250ml)","Hương Gỗ Tuyết Tùng & Dương Xỉ, Standard",1732251749141219548,ST01172,205000,276900,VND,1,Thanh toán khi giao hàng,Đang xử lý,duongmanhkien19,Video,7578474458705382676,fixed commission,,,,,205000,,,,3,6150,,,,0,0,30/06/2026 21:15:09,02/07/2026 12:27:11,30/06/2026 21:15:10,02/07/2026 12:27:11,,03/07/2026 07:28:19,TTS,Open/Target Collaboration
584788687976040026,1731317167366243548,[Quà tặng không bán] Bông Tắm Tạo Bọt Mềm Mịn,Mặc định,1731317148230255836,BONG TAM HQ,0,5700,VND,1,Thanh toán khi giao hàng,Đang xử lý,lepetitmarseillaisvn,Phát trực tiếp,7657078744301161237,fixed commission,,,,,0,,,,,,,,,0,0,30/06/2026 21:28:14,02/07/2026 12:53:35,30/06/2026 21:28:15,02/07/2026 12:53:35,,03/07/2026 10:46:34,TTS,Open/Target Collaboration
584788687976040026,1732250760944257244,"Sữa Tắm/Gel Tắm Pháp Le Petit Marseillais Chiết Xuất Thiên Nhiên 650ml - Sữa Tắm Lưu Hương Lành Tính - Dịu Nhẹ, An Toàn Cho Da","Vani, Standard",1732250801269082332,ST00557,335750,510400,VND,1,Thanh toán khi giao hàng,Đang xử lý,emkimtaphoa,Video,7642619628870634772,fixed commission,,,,8,335750,26860,,,,,,,,0,0,30/06/2026 21:28:14,02/07/2026 12:53:35,30/06/2026 21:28:15,02/07/2026 12:53:35,,03/07/2026 10:46:34,TTS,Open/Target Collaboration
584789026101299080,1732251815880067292,"Sữa Tắm Pháp Le Petit Marseillais Cho Nam Chiết Xuất Thiên Nhiên 4in1 Nhiều Mùi Hương Dưỡng Ẩm, Thơm Lâu - Phù Hợp Mọi Loại Da (250ml)","Hương Gỗ Tuyết Tùng & Dương Xỉ, Standard",1732251749141219548,ST01172,205000,279450,VND,1,Thanh toán khi giao hàng,Đang xử lý,duongmanhkien19,Video,7578474458705382676,fixed commission,,,,,205000,,,,3,6150,,,,0,0,30/06/2026 21:43:13,02/07/2026 12:54:37,30/06/2026 21:43:16,02/07/2026 12:54:37,,03/07/2026 07:11:47,TTS,Open/Target Collaboration
584788930513307322,1735772848419341532,Sữa Tắm Le Petit Marseillais Cam Hữu Cơ & Bưởi Hữu Cơ 92% Tự Nhiên 650ml,Mặc định,1735773021597041884,ST01868,330960,519400,VND,1,Thanh toán khi giao hàng,Đang xử lý,gonpinkk,Phát trực tiếp,7657142494173367061,fixed commission,,,,8,330960,26477,,,,,,,,0,0,30/06/2026 21:43:54,02/07/2026 12:32:30,30/06/2026 21:43:55,02/07/2026 12:32:30,,03/07/2026 11:25:08,TTS,Open/Target Collaboration
584789094893914036,1732251815880067292,"Sữa Tắm Pháp Le Petit Marseillais Cho Nam Chiết Xuất Thiên Nhiên 4in1 Nhiều Mùi Hương Dưỡng Ẩm, Thơm Lâu - Phù Hợp Mọi Loại Da (250ml)","Hương Thông & Bạch Đàn Biển, Standard",1732251749141154012,ST01356,185000,283850,VND,1,Thanh toán khi giao hàng,Đang xử lý,chongsalyyyyy,Video,7590981447582780680,fixed commission,,,,8,185000,14800,,,,,,,,0,0,30/06/2026 21:48:41,02/07/2026 21:06:53,30/06/2026 21:48:42,02/07/2026 21:06:53,,03/07/2026 07:09:37,TTS,Open/Target Collaboration
584789364571604786,1732251815880067292,"Sữa Tắm Pháp Le Petit Marseillais Cho Nam Chiết Xuất Thiên Nhiên 4in1 Nhiều Mùi Hương Dưỡng Ẩm, Thơm Lâu - Phù Hợp Mọi Loại Da (250ml)","Hương Gỗ Tuyết Tùng & Dương Xỉ, Standard",1732251749141219548,ST01172,205000,283850,VND,1,Thanh toán khi giao hàng,Đang xử lý,duongmanhkien19,Video,7578474458705382676,fixed commission,,,,,205000,,,,3,6150,,,,0,0,30/06/2026 22:08:24,02/07/2026 07:38:24,30/06/2026 22:08:25,02/07/2026 07:38:24,,03/07/2026 10:38:28,TTS,Open/Target Collaboration
584789599710381368,1732251815880067292,"Sữa Tắm Pháp Le Petit Marseillais Cho Nam Chiết Xuất Thiên Nhiên 4in1 Nhiều Mùi Hương Dưỡng Ẩm, Thơm Lâu - Phù Hợp Mọi Loại Da (250ml)","Hương Gỗ Tuyết Tùng & Dương Xỉ, Standard",1732251749141219548,ST01172,205000,276900,VND,1,Không áp dụng thanh toán khi giao hàng,Đang xử lý,xinh.thao1,Chương trình Lưu lượng truy cập bên ngoài,,fixed commission,,,,4,205000,8200,,,,,,,,0,0,30/06/2026 22:19:09,30/06/2026 22:19:13,30/06/2026 22:19:16,02/07/2026 10:54:52,,03/07/2026 07:49:20,TTS,Open/Target Collaboration
584789585692623979,1732251815880067292,"Sữa Tắm Pháp Le Petit Marseillais Cho Nam Chiết Xuất Thiên Nhiên 4in1 Nhiều Mùi Hương Dưỡng Ẩm, Thơm Lâu - Phù Hợp Mọi Loại Da (250ml)","Hương Gỗ Tuyết Tùng & Dương Xỉ, Standard",1732251749141219548,ST01172,205000,286550,VND,1,Thanh toán khi giao hàng,Đang xử lý,duongmanhkien19,Video,7578474458705382676,fixed commission,,,,,205000,,,,3,6150,,,,1,0,30/06/2026 22:20:10,02/07/2026 12:54:43,30/06/2026 22:20:12,02/07/2026 12:54:43,,03/07/2026 12:15:15,TTS,Open/Target Collaboration
584789677443483341,1732251815880067292,"Sữa Tắm Pháp Le Petit Marseillais Cho Nam Chiết Xuất Thiên Nhiên 4in1 Nhiều Mùi Hương Dưỡng Ẩm, Thơm Lâu - Phù Hợp Mọi Loại Da (250ml)","Hương Cam & Tinh Dầu Argan, Standard",1732251749141022940,ST01431,205000,283850,VND,1,Thanh toán khi giao hàng,Đang xử lý,duongmanhkien19,Video,7578474458705382676,fixed commission,,,,,205000,,,,3,6150,,,,0,0,30/06/2026 22:24:04,02/07/2026 11:49:55,30/06/2026 22:24:06,02/07/2026 11:49:55,,03/07/2026 09:23:20,TTS,Open/Target Collaboration
584789696215680026,1732250928810920156,"Sữa Tắm/Gel Tắm Pháp Le Petit Marseillais Thiên Nhiên 250ml - Sữa Tắm Lưu Hương Lành Tính - Dịu Nhẹ, An Toàn Cho Da","Hương Lựu, Standard",1732250914984724700,ST19308,205000,279450,VND,1,Thanh toán khi giao hàng,Đang xử lý,kinkechillchill,Video,7572051007237115154,fixed commission,,,,8,205000,16400,,,,,,,,0,0,30/06/2026 22:25:38,02/07/2026 13:08:33,30/06/2026 22:25:40,02/07/2026 13:08:33,,03/07/2026 10:27:50,TTS,Open/Target Collaboration
584789704152745516,1732250760944257244,"Sữa Tắm/Gel Tắm Pháp Le Petit Marseillais Chiết Xuất Thiên Nhiên 650ml - Sữa Tắm Lưu Hương Lành Tính - Dịu Nhẹ, An Toàn Cho Da","Sữa Thực Vật, Standard",1732250801269344476,ST00991,335750,521667,VND,1,Thanh toán khi giao hàng,Đang xử lý,ha_thubay,Video,7599664598626618642,fixed commission,,,,,335750,,,,3,10073,,,,0,0,30/06/2026 22:29:17,02/07/2026 19:10:16,30/06/2026 22:29:18,02/07/2026 19:10:16,,03/07/2026 07:15:42,TTS,Open/Target Collaboration
584789723330283096,1732251815880067292,"Sữa Tắm Pháp Le Petit Marseillais Cho Nam Chiết Xuất Thiên Nhiên 4in1 Nhiều Mùi Hương Dưỡng Ẩm, Thơm Lâu - Phù Hợp Mọi Loại Da (250ml)","Hương Gỗ Tuyết Tùng & Dương Xỉ, Standard",1732251749141219548,ST01172,205000,283850,VND,1,Thanh toán khi giao hàng,Đang xử lý,duongmanhkien19,Video,7578474458705382676,fixed commission,,,,,205000,,,,3,6150,,,,0,0,30/06/2026 22:30:29,02/07/2026 10:20:34,30/06/2026 22:30:30,02/07/2026 10:20:34,,03/07/2026 07:28:26,TTS,Open/Target Collaboration
584789925742282011,1732251815880067292,"Sữa Tắm Pháp Le Petit Marseillais Cho Nam Chiết Xuất Thiên Nhiên 4in1 Nhiều Mùi Hương Dưỡng Ẩm, Thơm Lâu - Phù Hợp Mọi Loại Da (250ml)","Hương Thông & Bạch Đàn Biển, Standard",1732251749141154012,ST01356,205000,286550,VND,1,Thanh toán khi giao hàng,Đang xử lý,duongmanhkien19,Video,7578474458705382676,fixed commission,,,,,205000,,,,3,6150,,,,0,0,30/06/2026 22:37:04,02/07/2026 17:49:04,30/06/2026 22:37:05,02/07/2026 17:49:04,,03/07/2026 12:13:05,TTS,Open/Target Collaboration
584789886208018024,1732251815880067292,"Sữa Tắm Pháp Le Petit Marseillais Cho Nam Chiết Xuất Thiên Nhiên 4in1 Nhiều Mùi Hương Dưỡng Ẩm, Thơm Lâu - Phù Hợp Mọi Loại Da (250ml)","Hương Gỗ Tuyết Tùng & Dương Xỉ, Standard",1732251749141219548,ST01172,205000,286550,VND,1,Thanh toán khi giao hàng,Đang xử lý,duongmanhkien19,Video,7578474458705382676,fixed commission,,,,,205000,,,,3,6150,,,,0,0,30/06/2026 22:40:12,02/07/2026 16:02:59,30/06/2026 22:40:13,02/07/2026 16:02:59,,03/07/2026 08:15:06,TTS,Open/Target Collaboration
584790029524895070,1732250760944257244,"Sữa Tắm/Gel Tắm Pháp Le Petit Marseillais Chiết Xuất Thiên Nhiên 650ml - Sữa Tắm Lưu Hương Lành Tính - Dịu Nhẹ, An Toàn Cho Da","Dừa, Standard",1732250801269147868,ST06999,395000,521667,VND,1,Thanh toán khi giao hàng,Đang xử lý,thaocanview,Video,7639362324603686164,fixed commission,,,,8,395000,31600,,,,,,,,0,0,30/06/2026 22:41:48,02/07/2026 14:02:53,30/06/2026 22:41:53,02/07/2026 14:02:53,,03/07/2026 10:54:31,TTS,Open/Target Collaboration
584790007334405301,1732251815880067292,"Sữa Tắm Pháp Le Petit Marseillais Cho Nam Chiết Xuất Thiên Nhiên 4in1 Nhiều Mùi Hương Dưỡng Ẩm, Thơm Lâu - Phù Hợp Mọi Loại Da (250ml)","Hương Gỗ Tuyết Tùng & Dương Xỉ, Standard",1732251749141219548,ST01172,205000,279450,VND,1,Thanh toán khi giao hàng,Đang xử lý,duongmanhkien19,Video,7578474458705382676,fixed commission,,,,,205000,,,,3,6150,,,,0,0,30/06/2026 22:48:50,02/07/2026 18:29:11,30/06/2026 22:48:51,02/07/2026 18:29:11,,03/07/2026 09:15:13,TTS,Open/Target Collaboration
584790102658287569,1732251815880067292,"Sữa Tắm Pháp Le Petit Marseillais Cho Nam Chiết Xuất Thiên Nhiên 4in1 Nhiều Mùi Hương Dưỡng Ẩm, Thơm Lâu - Phù Hợp Mọi Loại Da (250ml)","Hương Gỗ Tuyết Tùng & Dương Xỉ, Standard",1732251749141219548,ST01172,205000,286550,VND,1,Thanh toán khi giao hàng,Đang xử lý,duongmanhkien19,Video,7578474458705382676,fixed commission,,,,,205000,,,,3,6150,,,,0,0,30/06/2026 22:52:07,02/07/2026 12:44:53,30/06/2026 22:52:10,02/07/2026 12:44:53,,03/07/2026 09:20:21,TTS,Open/Target Collaboration
584790246796527233,1732251815880067292,"Sữa Tắm Pháp Le Petit Marseillais Cho Nam Chiết Xuất Thiên Nhiên 4in1 Nhiều Mùi Hương Dưỡng Ẩm, Thơm Lâu - Phù Hợp Mọi Loại Da (250ml)","Hương Gỗ Tuyết Tùng & Dương Xỉ, Standard",1732251749141219548,ST01172,194750,276900,VND,1,Thanh toán khi giao hàng,Đang xử lý,haiidaynek,Video,7539959281786195207,fixed commission,,,,8,194750,15580,,,,,,,,0,0,30/06/2026 23:05:23,02/07/2026 17:07:15,30/06/2026 23:05:24,02/07/2026 17:07:15,,03/07/2026 08:41:39,TTS,Open/Target Collaboration
584790349562087133,1732251815880067292,"Sữa Tắm Pháp Le Petit Marseillais Cho Nam Chiết Xuất Thiên Nhiên 4in1 Nhiều Mùi Hương Dưỡng Ẩm, Thơm Lâu - Phù Hợp Mọi Loại Da (250ml)","Hương Gỗ Tuyết Tùng & Dương Xỉ, Standard",1732251749141219548,ST01172,165000,276900,VND,1,Thanh toán khi giao hàng,Đang xử lý,duongmanhkien19,Video,7578474458705382676,fixed commission,,,,,165000,,,,3,4950,,,,0,0,30/06/2026 23:16:40,02/07/2026 17:19:08,30/06/2026 23:16:41,02/07/2026 17:19:08,,03/07/2026 10:01:08,TTS,Open/Target Collaboration
584790481807115905,1732252961260865756,"Dầu Gội Thiên Nhiên Le Petit Marseillais Nhiều Mùi Hương 250ml Dưỡng Ẩm, Thơm Lâu - Phù Hợp Mọi Loại Da",Trị Gàu 2 In 1 Tinh Dầu Bạc Hà,1732252943759018204,DG74042,213600,343000,VND,1,Thanh toán khi giao hàng,Đang xử lý,tuyetcookies,Video,7561391524253109512,fixed commission,,,,8,213600,17088,,,,,,,,0,0,30/06/2026 23:21:00,02/07/2026 17:07:15,30/06/2026 23:21:01,02/07/2026 17:07:15,,03/07/2026 09:17:50,TTS,Open/Target Collaboration
584790648613143569,1732250928810920156,"Sữa Tắm/Gel Tắm Pháp Le Petit Marseillais Thiên Nhiên 250ml - Sữa Tắm Lưu Hương Lành Tính - Dịu Nhẹ, An Toàn Cho Da","Xoài & Chanh Dây, Standard",1732250914984986844,ST99622,205000,279450,VND,1,Không áp dụng thanh toán khi giao hàng,Đang xử lý,nhunghaiphongreview,Video,7655967946900032776,fixed commission,,,,,205000,,,,3,6150,,,,0,0,30/06/2026 23:40:57,30/06/2026 23:41:00,30/06/2026 23:41:01,02/07/2026 10:41:16,,03/07/2026 09:12:50,TTS,Open/Target Collaboration
584790707187124173,1732251815880067292,"Sữa Tắm Pháp Le Petit Marseillais Cho Nam Chiết Xuất Thiên Nhiên 4in1 Nhiều Mùi Hương Dưỡng Ẩm, Thơm Lâu - Phù Hợp Mọi Loại Da (250ml)","Hương Cam & Tinh Dầu Argan, Standard",1732251749141022940,ST01431,205000,283850,VND,1,Thanh toán khi giao hàng,Đã hủy,duongmanhkien19,Video,7578474458705382676,fixed commission,0,0,0,,205000,,,,3,6150,,,,0,0,30/06/2026 23:45:03,,30/06/2026 23:45:04,,,,TTS,Open/Target Collaboration
584790884126197706,1732250760944257244,"Sữa Tắm/Gel Tắm Pháp Le Petit Marseillais Chiết Xuất Thiên Nhiên 650ml - Sữa Tắm Lưu Hương Lành Tính - Dịu Nhẹ, An Toàn Cho Da","Thông & Bạch Đàn Biển, Standard",1732250801268689116,ST01902,395000,504733,VND,1,Không áp dụng thanh toán khi giao hàng,Đang xử lý,ha_thubay,Video,7599664598626618642,fixed commission,,,,,395000,,,,3,11850,,,,0,0,01/07/2026 00:01:46,01/07/2026 00:01:52,01/07/2026 00:01:52,02/07/2026 09:57:13,,03/07/2026 11:15:44,TTS,Open/Target Collaboration
584791171983508826,1732251815880067292,"Sữa Tắm Pháp Le Petit Marseillais Cho Nam Chiết Xuất Thiên Nhiên 4in1 Nhiều Mùi Hương Dưỡng Ẩm, Thơm Lâu - Phù Hợp Mọi Loại Da (250ml)","Hương Gừng & Gỗ Bách, Standard",1732251749141285084,ST04371,205000,286550,VND,1,Thanh toán khi giao hàng,Đang xử lý,lepthelittlekid,Video,7594749644052204818,fixed commission,,,,5,205000,10250,,,,,,,,0,0,01/07/2026 00:34:16,02/07/2026 13:28:44,01/07/2026 00:34:17,02/07/2026 13:28:44,,03/07/2026 10:55:35,TTS,Open/Target Collaboration
584791636349322630,1732251815880067292,"Sữa Tắm Pháp Le Petit Marseillais Cho Nam Chiết Xuất Thiên Nhiên 4in1 Nhiều Mùi Hương Dưỡng Ẩm, Thơm Lâu - Phù Hợp Mọi Loại Da (250ml)","Hương Gỗ Tuyết Tùng & Dương Xỉ, Standard",1732251749141219548,ST01172,195000,286550,VND,1,Không áp dụng thanh toán khi giao hàng,Đang xử lý,man.trung.737,Video,7595064670482877717,fixed commission,,,,,195000,,,,3,5850,,,,0,0,01/07/2026 02:02:31,01/07/2026 02:02:35,01/07/2026 02:02:36,02/07/2026 10:11:00,,03/07/2026 11:10:40,TTS,Open/Target Collaboration
584791683544418012,1732251815880067292,"Sữa Tắm Pháp Le Petit Marseillais Cho Nam Chiết Xuất Thiên Nhiên 4in1 Nhiều Mùi Hương Dưỡng Ẩm, Thơm Lâu - Phù Hợp Mọi Loại Da (250ml)","Hương Gỗ Tuyết Tùng & Dương Xỉ, Standard",1732251749141219548,ST01172,205000,292800,VND,1,Thanh toán khi giao hàng,Đã hủy,man.trung.737,Video,7595064670482877717,fixed commission,0,0,0,,205000,,,,3,6150,,,,0,0,01/07/2026 02:12:00,,01/07/2026 02:12:01,,,,TTS,Open/Target Collaboration
584791945445803412,1732251815880067292,"Sữa Tắm Pháp Le Petit Marseillais Cho Nam Chiết Xuất Thiên Nhiên 4in1 Nhiều Mùi Hương Dưỡng Ẩm, Thơm Lâu - Phù Hợp Mọi Loại Da (250ml)","Hương Cam & Tinh Dầu Argan, Standard",1732251749141022940,ST01431,205000,276900,VND,1,Thanh toán khi giao hàng,Đang xử lý,iflyad07,Chương trình Lưu lượng truy cập bên ngoài,,fixed commission,,,,4,205000,8200,,,,,,,,0,0,01/07/2026 03:22:25,02/07/2026 10:43:38,01/07/2026 03:22:27,02/07/2026 10:43:38,,03/07/2026 08:29:58,TTS,Open/Target Collaboration
584791982391657617,1734496604995683548,Xà Phòng Le Petit Marseillais Chính Hãng Bánh Xà Phòng Tắm Thiên Nhiên (Ngẫu nhiên)  1 Bánh,Mặc định,1734496577198523612,1 BÁNH-XP,70000,165000,VND,2,Thanh toán khi giao hàng,Đang xử lý,onggiatichcuc79,Video,7654819435764518162,fixed commission,,,,6,140000,8400,,,,,,,,0,0,01/07/2026 03:34:26,03/07/2026 18:29:12,01/07/2026 03:34:27,03/07/2026 18:29:12,,04/07/2026 08:59:46,TTS,Open/Target Collaboration
584792502009168920,1735910664928920796,Combo 2 Sữa Tắm Nam Le Petit Marseillais 4in1 Cho Tóc Mặt Râu Toàn Thân 250ml,"Gỗ Tuyết Tùng Và Dương Xỉ, Gỗ Tuyết Tùng Và Dương Xỉ",1735912571877950684,ST01172 x 2,378000,551543,VND,1,Thanh toán khi giao hàng,Đang xử lý,trinh_dongtamland,Trưng bày,,fixed commission,,,,8,378000,30240,,,,,,,,0,0,01/07/2026 05:40:29,02/07/2026 10:38:52,01/07/2026 05:40:32,02/07/2026 10:38:52,,03/07/2026 07:18:22,TTS,Open/Target Collaboration
584792613859984656,1732251815880067292,"Sữa Tắm Pháp Le Petit Marseillais Cho Nam Chiết Xuất Thiên Nhiên 4in1 Nhiều Mùi Hương Dưỡng Ẩm, Thơm Lâu - Phù Hợp Mọi Loại Da (250ml)","Hương Thông & Bạch Đàn Biển, Standard",1732251749141154012,ST01356,205000,276900,VND,1,Thanh toán khi giao hàng,Đang xử lý,man.trung.737,Video,7595064670482877717,fixed commission,,,,,205000,,,,3,6150,,,,0,0,01/07/2026 05:57:16,02/07/2026 10:37:19,01/07/2026 05:57:17,02/07/2026 10:37:19,,03/07/2026 08:10:15,TTS,Open/Target Collaboration
584795240337868041,1731887500045617372,"Sữa Tắm Hữu Cơ Le Petit Marseillais Hương Quả Đào Dưỡng Ẩm, Thơm Lâu 98% Hữu cơ  - Phù Hợp Mọi Loại Da (250ml)","Hương Quả Đào, Standard",1731887500045813980,ST01496,255000,346900,VND,1,Thanh toán khi giao hàng,Đang xử lý,huynhdangthong,Phát trực tiếp,7653454990203194128,fixed commission,,,,8,255000,20400,,,,,,,,0,0,01/07/2026 09:49:48,03/07/2026 18:47:21,01/07/2026 09:49:49,03/07/2026 18:47:21,,04/07/2026 10:28:56,TTS,Open/Target Collaboration
584795377699817386,1732251815880067292,"Sữa Tắm Pháp Le Petit Marseillais Cho Nam Chiết Xuất Thiên Nhiên 4in1 Nhiều Mùi Hương Dưỡng Ẩm, Thơm Lâu - Phù Hợp Mọi Loại Da (250ml)","Hương Cam & Tinh Dầu Argan, Standard",1732251749141022940,ST01431,205000,283850,VND,1,Thanh toán khi giao hàng,Đang xử lý,baclieutrend,Chương trình Lưu lượng truy cập bên ngoài,,fixed commission,,,,4,205000,8200,,,,,,,,0,0,01/07/2026 10:01:51,02/07/2026 12:00:44,01/07/2026 10:01:52,02/07/2026 12:00:44,,03/07/2026 11:01:21,TTS,Open/Target Collaboration
584802776440407072,1732250928810920156,"Sữa Tắm/Gel Tắm Pháp Le Petit Marseillais Thiên Nhiên 250ml - Sữa Tắm Lưu Hương Lành Tính - Dịu Nhẹ, An Toàn Cho Da","Xoài & Chanh Dây, Standard",1732250914984986844,ST99622,205000,279450,VND,1,Thanh toán khi giao hàng,Đang xử lý,chiemthanhlich,Trưng bày,,fixed commission,,,,8,205000,16400,,,,,,,,0,0,01/07/2026 18:34:20,03/07/2026 16:41:03,01/07/2026 18:34:22,03/07/2026 16:41:03,,04/07/2026 07:21:23,TTS,Open/Target Collaboration
584804091035616506,1734496604995683548,Xà Phòng Le Petit Marseillais Chính Hãng Bánh Xà Phòng Tắm Thiên Nhiên (Ngẫu nhiên)  1 Bánh,Mặc định,1734496577198523612,1 BÁNH-XP,75000,105300,VND,1,Thanh toán khi giao hàng,Đang xử lý,onggiatichcuc79,Video,7652811158407138567,fixed commission,,,,6,75000,4500,,,,,,,,0,0,01/07/2026 19:57:01,03/07/2026 09:13:36,01/07/2026 19:57:02,03/07/2026 09:13:36,,04/07/2026 10:36:45,TTS,Open/Target Collaboration
584804921075336579,1732250928810920156,"Sữa Tắm/Gel Tắm Pháp Le Petit Marseillais Thiên Nhiên 250ml - Sữa Tắm Lưu Hương Lành Tính - Dịu Nhẹ, An Toàn Cho Da","Quả Mâm Xôi & Hoa Mẫu Đơn, Standard",1732250914985052380,ST48441,194750,292800,VND,1,Không áp dụng thanh toán khi giao hàng,Đang xử lý,ahau.phuongthao,Video,7654094102811659528,fixed commission,,,,12,194750,23370,,,,,,,,0,0,01/07/2026 20:43:36,01/07/2026 23:47:45,01/07/2026 23:47:46,04/07/2026 15:23:38,,05/07/2026 13:22:16,TTS,Open/Target Collaboration
584805117676193428,1732252957247965404,"Dầu Gội Le Petit Marseillais Nhiều Mùi Hương 300ml Dưỡng Ẩm, Thơm Lâu - Phù Hợp Mọi Loại Da",Mật Ong & Hạt Mỡ,1732252922366560476,DG74554,328000,514800,VND,1,Không áp dụng thanh toán khi giao hàng,Đang xử lý,lepetitmarseillaisvn,Phát trực tiếp,7657536549034298130,fixed commission,,,,,328000,,,,,,,,,0,0,01/07/2026 20:54:56,01/07/2026 20:55:03,01/07/2026 20:55:04,03/07/2026 12:57:30,,,TTS,Open/Target Collaboration
584805344360825966,1731317167366243548,[Quà tặng không bán] Bông Tắm Tạo Bọt Mềm Mịn,Mặc định,1731317148230255836,BONG TAM HQ,0,5700,VND,1,Thanh toán khi giao hàng,Đang xử lý,lepetitmarseillaisvn,Phát trực tiếp,7657536549034298130,fixed commission,,,,,0,,,,,,,,,0,0,01/07/2026 21:02:43,03/07/2026 20:38:39,01/07/2026 21:02:45,03/07/2026 20:38:39,,,TTS,Open/Target Collaboration
584805344360825966,1732250760944257244,"Sữa Tắm/Gel Tắm Pháp Le Petit Marseillais Chiết Xuất Thiên Nhiên 650ml - Sữa Tắm Lưu Hương Lành Tính - Dịu Nhẹ, An Toàn Cho Da","Thông & Bạch Đàn Biển, Standard",1732250801268689116,ST01902,395000,510400,VND,1,Thanh toán khi giao hàng,Đang xử lý,lepetitmarseillaisvn,Phát trực tiếp,7657536549034298130,fixed commission,,,,,395000,,,,,,,,,0,0,01/07/2026 21:02:43,03/07/2026 20:38:39,01/07/2026 21:02:45,03/07/2026 20:38:39,,,TTS,Open/Target Collaboration
584805473769850741,1732251815880067292,"Sữa Tắm Pháp Le Petit Marseillais Cho Nam Chiết Xuất Thiên Nhiên 4in1 Nhiều Mùi Hương Dưỡng Ẩm, Thơm Lâu - Phù Hợp Mọi Loại Da (250ml)","Hương Gỗ Tuyết Tùng & Dương Xỉ, Standard",1732251749141219548,ST01172,172200,274700,VND,1,Thanh toán khi giao hàng,Đã hủy,duongmanhkien19,Video,7578474458705382676,fixed commission,0,0,0,8,172200,13776,,,,,,,,0,0,01/07/2026 21:16:17,,01/07/2026 21:16:19,,,,TTS,Open/Target Collaboration
584805473769850741,1732252961260865756,"Dầu Gội Thiên Nhiên Le Petit Marseillais Nhiều Mùi Hương 250ml Dưỡng Ẩm, Thơm Lâu - Phù Hợp Mọi Loại Da",Trị Gàu 2 In 1 Tinh Dầu Bạc Hà,1732252943759018204,DG74042,224280,334700,VND,1,Thanh toán khi giao hàng,Đã hủy,tuyetcookies,Video,7561391524253109512,fixed commission,0,0,0,8,224280,17942,,,,,,,,0,0,01/07/2026 21:16:17,,01/07/2026 21:16:19,,,,TTS,Open/Target Collaboration
584805586871748111,1732251815880067292,"Sữa Tắm Pháp Le Petit Marseillais Cho Nam Chiết Xuất Thiên Nhiên 4in1 Nhiều Mùi Hương Dưỡng Ẩm, Thơm Lâu - Phù Hợp Mọi Loại Da (250ml)","Hương Gỗ Tuyết Tùng & Dương Xỉ, Standard",1732251749141219548,ST01172,205000,283850,VND,1,Thanh toán khi giao hàng,Đã hủy,duongmanhkien19,Video,7578474458705382676,fixed commission,0,0,0,,205000,,,,3,6150,,,,0,0,01/07/2026 21:17:33,,01/07/2026 21:17:35,,,,TTS,Open/Target Collaboration
584805735969097624,1731317167366243548,[Quà tặng không bán] Bông Tắm Tạo Bọt Mềm Mịn,Mặc định,1731317148230255836,BONG TAM HQ,0,9520,VND,1,Thanh toán khi giao hàng,Đang xử lý,lepetitmarseillaisvn,Phát trực tiếp,7657536549034298130,fixed commission,,,,,0,,,,,,,,,0,0,01/07/2026 21:31:45,04/07/2026 12:09:20,01/07/2026 21:31:46,04/07/2026 12:09:20,,,TTS,Open/Target Collaboration
584805735969097624,1732250760944257244,"Sữa Tắm/Gel Tắm Pháp Le Petit Marseillais Chiết Xuất Thiên Nhiên 650ml - Sữa Tắm Lưu Hương Lành Tính - Dịu Nhẹ, An Toàn Cho Da","Thông & Bạch Đàn Biển, Standard",1732250801268689116,ST01902,395000,913040,VND,2,Thanh toán khi giao hàng,Đang xử lý,lepetitmarseillaisvn,Phát trực tiếp,7657536549034298130,fixed commission,,,,,790000,,,,,,,,,0,0,01/07/2026 21:31:45,04/07/2026 12:09:20,01/07/2026 21:31:46,04/07/2026 12:09:20,,,TTS,Open/Target Collaboration
584805976978785800,1734496604995683548,Xà Phòng Le Petit Marseillais Chính Hãng Bánh Xà Phòng Tắm Thiên Nhiên (Ngẫu nhiên)  1 Bánh,Mặc định,1734496577198523612,1 BÁNH-XP,75000,89000,VND,1,Không áp dụng thanh toán khi giao hàng,Đang xử lý,mythi_fr,Video,7633023072626429204,fixed commission,,,,6,75000,4500,,,,,,,,0,0,01/07/2026 21:44:42,01/07/2026 21:44:45,01/07/2026 21:44:46,03/07/2026 12:34:55,,04/07/2026 07:48:55,TTS,Open/Target Collaboration
584807251122489094,1732251912551172316,"Gel tắm Hữu Cơ Pháp Le Petit Marseillais Nhiều Mùi Hương 250ml, Thơm Lâu - Phù Hợp Mọi Loại Da (250ml)","Hương Hoa Hồng Dại, Standard",1732251905721338076,ST68867,255000,356550,VND,1,Không áp dụng thanh toán khi giao hàng,Đã hủy,anh_tuyet._06,Trưng bày,,fixed commission,,,,8,255000,20400,,,,,,,,0,0,01/07/2026 22:59:25,01/07/2026 22:59:54,01/07/2026 22:59:55,,,,TTS,Open/Target Collaboration
584808157881665408,1732251815880067292,"Sữa Tắm Pháp Le Petit Marseillais Cho Nam Chiết Xuất Thiên Nhiên 4in1 Nhiều Mùi Hương Dưỡng Ẩm, Thơm Lâu - Phù Hợp Mọi Loại Da (250ml)","Hương Gừng & Gỗ Bách, Standard",1732251749141285084,ST04371,205000,279450,VND,1,Thanh toán khi giao hàng,Đang xử lý,man.trung.737,Video,7595064670482877717,fixed commission,,,,,205000,,,,3,6150,,,,0,0,02/07/2026 00:27:19,03/07/2026 15:55:13,02/07/2026 00:27:20,03/07/2026 15:55:13,,04/07/2026 08:43:45,TTS,Open/Target Collaboration
584811122031887375,1732252957247965404,"Dầu Gội Le Petit Marseillais Nhiều Mùi Hương 300ml Dưỡng Ẩm, Thơm Lâu - Phù Hợp Mọi Loại Da",Cây Tầm Ma & Chanh,1732252922366626012,DG74646,410000,534100,VND,1,Không áp dụng thanh toán khi giao hàng,Đang xử lý,involveasiavn01,Chương trình Lưu lượng truy cập bên ngoài,,fixed commission,,,,4,410000,16400,,,,,,,,0,0,02/07/2026 08:12:25,02/07/2026 08:12:31,02/07/2026 08:12:31,03/07/2026 14:43:51,,04/07/2026 13:12:26,TTS,Open/Target Collaboration
584813310308418603,1732251815880067292,"Sữa Tắm Pháp Le Petit Marseillais Cho Nam Chiết Xuất Thiên Nhiên 4in1 Nhiều Mùi Hương Dưỡng Ẩm, Thơm Lâu - Phù Hợp Mọi Loại Da (250ml)","Hương Gỗ Tuyết Tùng & Dương Xỉ, Standard",1732251749141219548,ST01172,205000,279450,VND,1,Thanh toán khi giao hàng,Đang xử lý,lepetitmarseillaisvn,Phát trực tiếp,7657770864272476949,fixed commission,,,,,205000,,,,,,,,,0,0,02/07/2026 10:48:02,03/07/2026 17:45:02,02/07/2026 10:48:05,03/07/2026 17:45:02,,,TTS,Open/Target Collaboration
584813310308418603,1731317167366243548,[Quà tặng không bán] Bông Tắm Tạo Bọt Mềm Mịn,Mặc định,1731317148230255836,BONG TAM HQ,0,10450,VND,1,Thanh toán khi giao hàng,Đang xử lý,lepetitmarseillaisvn,Phát trực tiếp,7657770864272476949,fixed commission,,,,,0,,,,,,,,,0,0,02/07/2026 10:48:02,03/07/2026 17:45:02,02/07/2026 10:48:05,03/07/2026 17:45:02,,,TTS,Open/Target Collaboration
584813454885095359,1734496604995683548,Xà Phòng Le Petit Marseillais Chính Hãng Bánh Xà Phòng Tắm Thiên Nhiên (Ngẫu nhiên)  1 Bánh,Mặc định,1734496577198523612,1 BÁNH-XP,0,4243,VND,1,Không áp dụng thanh toán khi giao hàng,Đang xử lý,lepetitmarseillaisvn,Phát trực tiếp,7657770864272476949,fixed commission,,,,,0,,,,,,,,,0,0,02/07/2026 10:55:31,02/07/2026 10:55:37,02/07/2026 10:55:39,03/07/2026 08:34:28,,,TTS,Open/Target Collaboration
584813454885095359,1735910664928920796,Combo 2 Sữa Tắm Nam Le Petit Marseillais 4in1 Cho Tóc Mặt Râu Toàn Thân 250ml,"Thông Biển & Bạch Đàn, Gỗ Tuyết Tùng Và Dương Xỉ",1735912571878606044,ST01356 + ST01172,316920,563457,VND,1,Không áp dụng thanh toán khi giao hàng,Đang xử lý,lepetitmarseillaisvn,Phát trực tiếp,7657770864272476949,fixed commission,,,,,316920,,,,,,,,,0,0,02/07/2026 10:55:31,02/07/2026 10:55:37,02/07/2026 10:55:39,03/07/2026 08:34:28,,,TTS,Open/Target Collaboration
584815120715777568,1732251815880067292,"Sữa Tắm Pháp Le Petit Marseillais Cho Nam Chiết Xuất Thiên Nhiên 4in1 Nhiều Mùi Hương Dưỡng Ẩm, Thơm Lâu - Phù Hợp Mọi Loại Da (250ml)","Hương Gỗ Tuyết Tùng & Dương Xỉ, Standard",1732251749141219548,ST01172,205000,283850,VND,1,Thanh toán khi giao hàng,Đang xử lý,iflytek02,Chương trình Lưu lượng truy cập bên ngoài,,fixed commission,,,,4,205000,8200,,,,,,,,0,0,02/07/2026 12:38:28,04/07/2026 11:24:19,02/07/2026 12:38:29,04/07/2026 11:24:19,,05/07/2026 08:05:04,TTS,Open/Target Collaboration
584815397115823185,1732251815880067292,"Sữa Tắm Pháp Le Petit Marseillais Cho Nam Chiết Xuất Thiên Nhiên 4in1 Nhiều Mùi Hương Dưỡng Ẩm, Thơm Lâu - Phù Hợp Mọi Loại Da (250ml)","Hương Thông & Bạch Đàn Biển, Standard",1732251749141154012,ST01356,205000,283850,VND,1,Thanh toán khi giao hàng,Đang xử lý,man.trung.737,Video,7595064670482877717,fixed commission,,,,8,205000,16400,,,,,,,,0,0,02/07/2026 13:00:55,03/07/2026 12:40:58,02/07/2026 13:00:56,03/07/2026 12:40:58,,04/07/2026 09:05:23,TTS,Open/Target Collaboration
584816087021749287,1732251815880067292,"Sữa Tắm Pháp Le Petit Marseillais Cho Nam Chiết Xuất Thiên Nhiên 4in1 Nhiều Mùi Hương Dưỡng Ẩm, Thơm Lâu - Phù Hợp Mọi Loại Da (250ml)","Hương Gỗ Tuyết Tùng & Dương Xỉ, Standard",1732251749141219548,ST01172,205000,292800,VND,1,Thanh toán khi giao hàng,Đã hủy,man.trung.737,Video,7595064670482877717,fixed commission,0,0,0,,205000,,,,3,6150,,,,0,0,02/07/2026 13:43:38,,02/07/2026 13:43:40,,,,TTS,Open/Target Collaboration
584816502253586150,1732250928810920156,"Sữa Tắm/Gel Tắm Pháp Le Petit Marseillais Thiên Nhiên 250ml - Sữa Tắm Lưu Hương Lành Tính - Dịu Nhẹ, An Toàn Cho Da","Quả Mâm Xôi & Hoa Mẫu Đơn, Standard",1732250914985052380,ST48441,205000,283850,VND,1,Thanh toán khi giao hàng,Đã hoàn thành,ahau.phuongthao,Video,7654565393536748818,fixed commission,,,,12,205000,24600,0,,,,,,,1,0,02/07/2026 14:15:25,03/07/2026 11:35:31,02/07/2026 14:15:26,03/07/2026 11:35:31,07/07/2026 15:36:35,,TTS,Open/Target Collaboration
584816862424827493,1731317167366243548,[Quà tặng không bán] Bông Tắm Tạo Bọt Mềm Mịn,Mặc định,1731317148230255836,BONG TAM HQ,0,13133,VND,1,Thanh toán khi giao hàng,Đang xử lý,lepetitmarseillaisvn,Video,7581385844905364754,fixed commission,,,,,0,,,,,,,,,0,0,02/07/2026 14:39:01,04/07/2026 15:57:51,02/07/2026 14:39:02,04/07/2026 15:57:51,,,TTS,Open/Target Collaboration
584816862424827493,1732250760944257244,"Sữa Tắm/Gel Tắm Pháp Le Petit Marseillais Chiết Xuất Thiên Nhiên 650ml - Sữa Tắm Lưu Hương Lành Tính - Dịu Nhẹ, An Toàn Cho Da","Hoa Tiare, Standard",1732250801268885724,ST68816,394900,525267,VND,1,Thanh toán khi giao hàng,Đang xử lý,lepetitmarseillaisvn,Video,7581385844905364754,fixed commission,,,,,394900,,,,,,,,,0,0,02/07/2026 14:39:01,04/07/2026 15:57:51,02/07/2026 14:39:02,04/07/2026 15:57:51,,,TTS,Open/Target Collaboration
584816975746467698,1736012338574165212,Combo 2 Sữa Tắm Nữ Pháp Le Petit Marseillais 250ml - Thiên Nhiên Dịu Nhẹ,"Đào Trắng Hữu Cơ Và Quả Xuân Đào, Hoa Cam",1736012747225400540,ST01240+ST00823,378000,563457,VND,1,Thanh toán khi giao hàng,Đang xử lý,ahau.phuongthao,Trưng bày,,fixed commission,,,,12,378000,45360,,,,,,,,0,0,02/07/2026 14:45:03,05/07/2026 06:21:24,02/07/2026 14:45:04,05/07/2026 06:21:24,,05/07/2026 11:46:06,TTS,Open/Target Collaboration
584817300802798704,1732250928810920156,"Sữa Tắm/Gel Tắm Pháp Le Petit Marseillais Thiên Nhiên 250ml - Sữa Tắm Lưu Hương Lành Tính - Dịu Nhẹ, An Toàn Cho Da","Quả Mâm Xôi & Hoa Mẫu Đơn, Standard",1732250914985052380,ST48441,205000,276900,VND,1,Thanh toán khi giao hàng,Đang xử lý,ahau.phuongthao,Video,7654094102811659528,fixed commission,,,,12,205000,24600,,,,,,,,0,0,02/07/2026 15:09:19,03/07/2026 11:53:25,02/07/2026 15:09:21,03/07/2026 11:53:25,,04/07/2026 08:12:42,TTS,Open/Target Collaboration
584817846340125716,1731893265443752156,"Sữa Tắm Pháp Le Petit Marseillais Quả Mâm Xôi & Hoa Mẫu Đơn Hữu Cơ Dưỡng Ẩm, Thơm Lâu - Phù Hợp Mọi Loại Da (250ml)","Quả Mâm Xôi & Hoa Mẫu Đơn, Standard",1731893265444210908,ST48441,200000,279450,VND,1,Không áp dụng thanh toán khi giao hàng,Đang xử lý,giangnghiemdinh,Chương trình Lưu lượng truy cập bên ngoài,,fixed commission,,,,4,200000,8000,,,,,,,,1,0,02/07/2026 15:48:04,02/07/2026 15:48:06,02/07/2026 15:48:06,03/07/2026 10:02:57,,04/07/2026 13:22:15,TTS,Open/Target Collaboration
584817840558802449,1732250928810920156,"Sữa Tắm/Gel Tắm Pháp Le Petit Marseillais Thiên Nhiên 250ml - Sữa Tắm Lưu Hương Lành Tính - Dịu Nhẹ, An Toàn Cho Da","Đào Trắng & Quả Xuân Đào, Standard",1732250914985380060,ST01240,205000,276900,VND,1,Thanh toán khi giao hàng,Đang xử lý,tlinhhh_17,Chương trình Lưu lượng truy cập bên ngoài,,fixed commission,,,,4,205000,8200,,,,,,,,0,0,02/07/2026 15:50:16,03/07/2026 10:10:36,02/07/2026 15:50:17,03/07/2026 10:10:36,,04/07/2026 09:40:08,TTS,Open/Target Collaboration
584818240724960748,1736012338574165212,Combo 2 Sữa Tắm Nữ Pháp Le Petit Marseillais 250ml - Thiên Nhiên Dịu Nhẹ,"Dừa, Xoài Hữu Cơ & Chanh Dây",1736013429863056604,ST54494+ST99622,302400,573486,VND,1,Thanh toán khi giao hàng,Đang xử lý,lepetitmarseillaisvn,Phát trực tiếp,7657853048068311828,fixed commission,,,,,302400,,,,,,,,,0,0,02/07/2026 16:15:56,04/07/2026 19:05:38,02/07/2026 16:15:57,04/07/2026 19:05:38,,,TTS,Open/Target Collaboration
584818949908563349,1732251815880067292,"Sữa Tắm Pháp Le Petit Marseillais Cho Nam Chiết Xuất Thiên Nhiên 4in1 Nhiều Mùi Hương Dưỡng Ẩm, Thơm Lâu - Phù Hợp Mọi Loại Da (250ml)","Hương Gỗ Tuyết Tùng & Dương Xỉ, Standard",1732251749141219548,ST01172,195000,283850,VND,1,Không áp dụng thanh toán khi giao hàng,Đang xử lý,man.trung.737,Video,7595064670482877717,fixed commission,,,,,195000,,,,3,5850,,,,0,0,02/07/2026 17:10:17,02/07/2026 17:10:45,02/07/2026 17:10:46,04/07/2026 17:50:30,,05/07/2026 09:55:45,TTS,Open/Target Collaboration
584819199826560965,1732251815880067292,"Sữa Tắm Pháp Le Petit Marseillais Cho Nam Chiết Xuất Thiên Nhiên 4in1 Nhiều Mùi Hương Dưỡng Ẩm, Thơm Lâu - Phù Hợp Mọi Loại Da (250ml)","Hương Gỗ Tuyết Tùng & Dương Xỉ, Standard",1732251749141219548,ST01172,174250,283850,VND,1,Thanh toán khi giao hàng,Đã hủy,man.trung.737,Video,7595064670482877717,fixed commission,0,0,0,,174250,,,,3,5228,,,,0,0,02/07/2026 17:30:49,,02/07/2026 17:30:51,,,,TTS,Open/Target Collaboration
584819865241159025,1732251815880067292,"Sữa Tắm Pháp Le Petit Marseillais Cho Nam Chiết Xuất Thiên Nhiên 4in1 Nhiều Mùi Hương Dưỡng Ẩm, Thơm Lâu - Phù Hợp Mọi Loại Da (250ml)","Hương Gỗ Tuyết Tùng & Dương Xỉ, Standard",1732251749141219548,ST01172,174250,283850,VND,1,Thanh toán khi giao hàng,Đang xử lý,man.trung.737,Video,7595064670482877717,fixed commission,,,,,174250,,,,3,5228,,,,0,0,02/07/2026 18:10:09,04/07/2026 20:29:37,02/07/2026 18:10:10,04/07/2026 20:29:37,,05/07/2026 09:59:39,TTS,Open/Target Collaboration
584820992984975228,1736012338574165212,Combo 2 Sữa Tắm Nữ Pháp Le Petit Marseillais 250ml - Thiên Nhiên Dịu Nhẹ,"Quả Mâm Xôi Hữu Cơ & Hoa Mẫu Đơn, Bông Và Hoa Anh Túc",1736012795077035228,ST48441+ST65434,302400,551543,VND,1,Thanh toán khi giao hàng,Đang xử lý,ron_tran_,Phát trực tiếp,7657900294156471058,fixed commission,,,,12,302400,36288,,,,,,,,0,0,02/07/2026 19:23:30,04/07/2026 12:35:57,02/07/2026 19:23:34,04/07/2026 12:35:57,,,TTS,Open/Target Collaboration
584820995351021118,1736012338574165212,Combo 2 Sữa Tắm Nữ Pháp Le Petit Marseillais 250ml - Thiên Nhiên Dịu Nhẹ,"Bông Và Hoa Anh Túc, Vani",1736012795078673628,ST65434+ST00526,321300,573500,VND,1,Không áp dụng thanh toán khi giao hàng,Đang xử lý,ron_tran_,Phát trực tiếp,7657900294156471058,fixed commission,,,,12,321300,38556,,,,,,,,0,0,02/07/2026 19:24:51,02/07/2026 19:24:53,02/07/2026 19:24:54,06/07/2026 09:22:04,,,TTS,Open/Target Collaboration
584821083387167864,1736140699123549404,[KOL] Sữa Tắm Pháp Le Petit Marseillais Thiên Nhiên 250ml,"Dừa, Standard",1736140698773587164,ST54494,189000,276900,VND,1,Không áp dụng thanh toán khi giao hàng,Đang xử lý,ron_tran_,Phát trực tiếp,7657900294156471058,fixed commission,,,,12,189000,22680,,,,,,,,0,0,02/07/2026 19:28:54,02/07/2026 19:29:00,02/07/2026 19:29:02,04/07/2026 12:46:56,,,TTS,Open/Target Collaboration
584821175940121615,1736012338574165212,Combo 2 Sữa Tắm Nữ Pháp Le Petit Marseillais 250ml - Thiên Nhiên Dịu Nhẹ,"Hoa Cam, Quả Mâm Xôi Hữu Cơ & Hoa Mẫu Đơn",1736012795076117724,ST00823+ST48441,302400,545892,VND,1,Không áp dụng thanh toán khi giao hàng,Đang xử lý,ron_tran_,Phát trực tiếp,7657900294156471058,fixed commission,,,,12,302400,36288,,,,,,,,0,0,02/07/2026 19:30:39,02/07/2026 19:30:44,02/07/2026 19:30:45,04/07/2026 11:59:34,,05/07/2026 12:23:12,TTS,Open/Target Collaboration
584821175940121615,1736012338574165212,Combo 2 Sữa Tắm Nữ Pháp Le Petit Marseillais 250ml - Thiên Nhiên Dịu Nhẹ,"Bông Và Hoa Anh Túc, Lá Bạc Hà ",1736012795078870236,ST65434+ST92871,302400,545893,VND,1,Không áp dụng thanh toán khi giao hàng,Đang xử lý,ron_tran_,Phát trực tiếp,7657900294156471058,fixed commission,,,,12,302400,36288,,,,,,,,0,0,02/07/2026 19:30:39,02/07/2026 19:30:44,02/07/2026 19:30:45,04/07/2026 11:59:34,,05/07/2026 12:23:12,TTS,Open/Target Collaboration
584821184012452970,1736012338574165212,Combo 2 Sữa Tắm Nữ Pháp Le Petit Marseillais 250ml - Thiên Nhiên Dịu Nhẹ,"Quả Mâm Xôi Hữu Cơ & Hoa Mẫu Đơn, Lá Bạc Hà ",1736012795077297372,ST48441+ST92871,317520,551543,VND,1,Không áp dụng thanh toán khi giao hàng,Đang xử lý,ron_tran_,Phát trực tiếp,7657900294156471058,fixed commission,,,,12,317520,38102,,,,,,,,0,0,02/07/2026 19:34:57,02/07/2026 19:36:29,02/07/2026 19:36:30,04/07/2026 10:42:47,,,TTS,Open/Target Collaboration
584821444620944561,1732250928810920156,"Sữa Tắm/Gel Tắm Pháp Le Petit Marseillais Thiên Nhiên 250ml - Sữa Tắm Lưu Hương Lành Tính - Dịu Nhẹ, An Toàn Cho Da","Đào Trắng & Quả Xuân Đào, Standard",1732250914985380060,ST01240,205000,286550,VND,1,Thanh toán khi giao hàng,Đang xử lý,ron_tran_,Phát trực tiếp,7657900294156471058,fixed commission,,,,8,205000,16400,,,,,,,,0,0,02/07/2026 19:50:21,04/07/2026 19:27:17,02/07/2026 19:50:22,04/07/2026 19:27:17,,,TTS,Open/Target Collaboration
584821479084885167,1736012338574165212,Combo 2 Sữa Tắm Nữ Pháp Le Petit Marseillais 250ml - Thiên Nhiên Dịu Nhẹ,"Quả Mâm Xôi Hữu Cơ & Hoa Mẫu Đơn, Bông Và Hoa Anh Túc",1736012795077035228,ST48441+ST65434,321300,578800,VND,1,Thanh toán khi giao hàng,Đang xử lý,ron_tran_,Phát trực tiếp,7657900294156471058,fixed commission,,,,12,321300,38556,,,,,,,,0,0,02/07/2026 19:51:15,05/07/2026 11:46:18,02/07/2026 19:51:16,05/07/2026 11:46:18,,,TTS,Open/Target Collaboration
584821411004843060,1732250928810920156,"Sữa Tắm/Gel Tắm Pháp Le Petit Marseillais Thiên Nhiên 250ml - Sữa Tắm Lưu Hương Lành Tính - Dịu Nhẹ, An Toàn Cho Da","Vani, Standard",1732250914985183452,ST00526,205000,283850,VND,1,Thanh toán khi giao hàng,Đang xử lý,mandepcungyen,Video,7656840324077161748,fixed commission,,,,10,205000,20500,,,,,,,,0,0,02/07/2026 19:52:02,04/07/2026 18:22:52,02/07/2026 19:52:06,04/07/2026 18:22:52,,05/07/2026 07:27:26,TTS,Open/Target Collaboration
584821621672215828,1734496604995683548,Xà Phòng Le Petit Marseillais Chính Hãng Bánh Xà Phòng Tắm Thiên Nhiên (Ngẫu nhiên)  1 Bánh,Mặc định,1734496577198523612,1 BÁNH-XP,0,2257,VND,1,Thanh toán khi giao hàng,Đang xử lý,iflyad07,Chương trình Lưu lượng truy cập bên ngoài,,fixed commission,,,,,0,,,,,,,,,0,0,02/07/2026 20:02:56,04/07/2026 13:46:42,02/07/2026 20:02:58,04/07/2026 13:46:42,,,TTS,Open/Target Collaboration
584821621672215828,1736012338574165212,Combo 2 Sữa Tắm Nữ Pháp Le Petit Marseillais 250ml - Thiên Nhiên Dịu Nhẹ,"Muối Biển, Muối Biển",1736012747228480732,ST54463+ST54463,313740,551543,VND,1,Thanh toán khi giao hàng,Đang xử lý,ron_tran_,Phát trực tiếp,7657900294156471058,fixed commission,,,,12,313740,37649,,,,,,,,0,0,02/07/2026 20:02:56,04/07/2026 13:46:42,02/07/2026 20:02:58,04/07/2026 13:46:42,,,TTS,Open/Target Collaboration
584821779972785493,1732251815880067292,"Sữa Tắm Pháp Le Petit Marseillais Cho Nam Chiết Xuất Thiên Nhiên 4in1 Nhiều Mùi Hương Dưỡng Ẩm, Thơm Lâu - Phù Hợp Mọi Loại Da (250ml)","Hương Gỗ Tuyết Tùng & Dương Xỉ, Standard",1732251749141219548,ST01172,205000,286550,VND,1,Thanh toán khi giao hàng,Đang xử lý,ron_tran_,Phát trực tiếp,7657900294156471058,fixed commission,,,,12,205000,24600,,,,,,,,0,0,02/07/2026 20:04:10,04/07/2026 20:37:09,02/07/2026 20:04:11,04/07/2026 20:37:09,,05/07/2026 09:19:07,TTS,Open/Target Collaboration
584821790708303124,1736012338574165212,Combo 2 Sữa Tắm Nữ Pháp Le Petit Marseillais 250ml - Thiên Nhiên Dịu Nhẹ,"Muối Biển, Lá Bạc Hà ",1736012747228218588,ST54463+ST92871,378000,551543,VND,1,Thanh toán khi giao hàng,Đã hủy,ron_tran_,Phát trực tiếp,7657900294156471058,fixed commission,0,0,0,12,378000,45360,,,,,,,,0,0,02/07/2026 20:12:31,,02/07/2026 20:12:32,,,,TTS,Open/Target Collaboration
584822153340290254,1734496604995683548,Xà Phòng Le Petit Marseillais Chính Hãng Bánh Xà Phòng Tắm Thiên Nhiên (Ngẫu nhiên)  1 Bánh,Mặc định,1734496577198523612,1 BÁNH-XP,0,2257,VND,1,Không áp dụng thanh toán khi giao hàng,Đang xử lý,iflytek02,Chương trình Lưu lượng truy cập bên ngoài,,fixed commission,,,,,0,,,,,,,,,0,0,02/07/2026 20:33:30,02/07/2026 20:33:36,02/07/2026 20:33:38,04/07/2026 10:15:51,,,TTS,Open/Target Collaboration
584822153340290254,1736012338574165212,Combo 2 Sữa Tắm Nữ Pháp Le Petit Marseillais 250ml - Thiên Nhiên Dịu Nhẹ,"Quả Mâm Xôi Hữu Cơ & Hoa Mẫu Đơn, Hạnh Nhân ",1736012795077166300,ST48441+ST00892,317520,551543,VND,1,Không áp dụng thanh toán khi giao hàng,Đang xử lý,ron_tran_,Phát trực tiếp,7657900294156471058,fixed commission,,,,12,317520,38102,,,,,,,,0,0,02/07/2026 20:33:30,02/07/2026 20:33:36,02/07/2026 20:33:38,04/07/2026 10:15:51,,,TTS,Open/Target Collaboration
584822250596697434,1736012338574165212,Combo 2 Sữa Tắm Nữ Pháp Le Petit Marseillais 250ml - Thiên Nhiên Dịu Nhẹ,"Lựu, Lá Bạc Hà ",1736012795081229532,ST19308+ST92871,321300,563457,VND,1,Thanh toán khi giao hàng,Đã hủy,ron_tran_,Phát trực tiếp,7657900294156471058,fixed commission,0,0,0,12,321300,38556,,,,,,,,0,0,02/07/2026 20:34:43,,02/07/2026 20:34:44,,,,TTS,Open/Target Collaboration
584822252121130330,1736012338574165212,Combo 2 Sữa Tắm Nữ Pháp Le Petit Marseillais 250ml - Thiên Nhiên Dịu Nhẹ,"Lựu, Lá Bạc Hà ",1736012795081229532,ST19308+ST92871,302400,563457,VND,1,Thanh toán khi giao hàng,Đang xử lý,ron_tran_,Phát trực tiếp,7657900294156471058,fixed commission,,,,12,302400,36288,,,,,,,,0,0,02/07/2026 20:35:22,04/07/2026 20:26:30,02/07/2026 20:35:23,04/07/2026 20:26:30,,,TTS,Open/Target Collaboration
584822251533010266,1736140649009153244,"[KOL] Sữa Tắm Nam Le Petit Marseillais 4in1 250ml - Thơm Lâu, Dưỡng Ẩm","Hương Gỗ Tuyết Tùng & Dương Xỉ, Standard",1736140703119410396,ST01172,269000,292800,VND,1,Thanh toán khi giao hàng,Đang xử lý,lepetitmarseillaisvn,Phát trực tiếp,7657906997091601170,fixed commission,,,,,269000,,,,,,,,,0,0,02/07/2026 20:35:31,04/07/2026 15:12:45,02/07/2026 20:35:32,04/07/2026 15:12:45,,,TTS,Open/Target Collaboration
584822505798600410,1732251815880067292,"Sữa Tắm Pháp Le Petit Marseillais Cho Nam Chiết Xuất Thiên Nhiên 4in1 Nhiều Mùi Hương Dưỡng Ẩm, Thơm Lâu - Phù Hợp Mọi Loại Da (250ml)","Hương Gỗ Tuyết Tùng & Dương Xỉ, Standard",1732251749141219548,ST01172,205000,276900,VND,1,Không áp dụng thanh toán khi giao hàng,Đang xử lý,ron_tran_,Phát trực tiếp,7657900294156471058,fixed commission,,,,12,205000,24600,,,,,,,,0,0,02/07/2026 20:48:26,02/07/2026 20:48:40,02/07/2026 20:48:41,04/07/2026 12:04:24,,05/07/2026 10:44:36,TTS,Open/Target Collaboration
584823328541607273,1732252961260865756,"Dầu Gội Thiên Nhiên Le Petit Marseillais Nhiều Mùi Hương 250ml Dưỡng Ẩm, Thơm Lâu - Phù Hợp Mọi Loại Da",Trị Gàu 2 In 1 Tinh Dầu Bạc Hà,1732252943759018204,DG74042,267000,355200,VND,1,Thanh toán khi giao hàng,Đang xử lý,tuyetcookies,Video,7561391524253109512,fixed commission,,,,8,267000,21360,,,,,,,,0,0,02/07/2026 21:40:23,04/07/2026 13:57:24,02/07/2026 21:40:25,04/07/2026 13:57:24,,05/07/2026 08:58:11,TTS,Open/Target Collaboration
584824283878819021,1735792111492236508,Sữa Tắm Dạng Kem Le Petit Marseillais Chiết Xuất Vani Hữu Cơ ư 250ml - 92% Thiên Nhiên Siêu Dịu Nhẹ,Mặc định,1735792088033101020,ST00526,169100,276022,VND,1,Không áp dụng thanh toán khi giao hàng,Đang xử lý,iflytek02,Chương trình Lưu lượng truy cập bên ngoài,,fixed commission,,,,4,169100,6764,,,,,,,,0,0,02/07/2026 22:37:28,02/07/2026 22:37:32,02/07/2026 22:37:32,05/07/2026 14:55:55,,06/07/2026 08:39:25,TTS,Open/Target Collaboration
584824402671601234,1732251815880067292,"Sữa Tắm Pháp Le Petit Marseillais Cho Nam Chiết Xuất Thiên Nhiên 4in1 Nhiều Mùi Hương Dưỡng Ẩm, Thơm Lâu - Phù Hợp Mọi Loại Da (250ml)","Hương Thông & Bạch Đàn Biển, Standard",1732251749141154012,ST01356,194750,286550,VND,1,Thanh toán khi giao hàng,Đang xử lý,ecomobipassiovietnam,Chương trình Lưu lượng truy cập bên ngoài,,fixed commission,,,,4,194750,7790,,,,,,,,0,0,02/07/2026 22:48:29,04/07/2026 18:14:52,02/07/2026 22:48:30,04/07/2026 18:14:52,,05/07/2026 10:39:16,TTS,Open/Target Collaboration
584824529761240698,1732251815880067292,"Sữa Tắm Pháp Le Petit Marseillais Cho Nam Chiết Xuất Thiên Nhiên 4in1 Nhiều Mùi Hương Dưỡng Ẩm, Thơm Lâu - Phù Hợp Mọi Loại Da (250ml)","Hương Gỗ Tuyết Tùng & Dương Xỉ, Standard",1732251749141219548,ST01172,205000,279450,VND,1,Thanh toán khi giao hàng,Đã hủy,huankosai,Video,7569974511534198023,fixed commission,0,0,0,8,205000,16400,,,,,,,,0,0,02/07/2026 22:58:51,,02/07/2026 22:58:52,,,,TTS,Open/Target Collaboration
584826882018411566,1732252961260865756,"Dầu Gội Thiên Nhiên Le Petit Marseillais Nhiều Mùi Hương 250ml Dưỡng Ẩm, Thơm Lâu - Phù Hợp Mọi Loại Da",Thải Độc Với Chiết Xuất Trà Xanh Hữu Cơ,1735769515978753244,DG37467,252858,335107,VND,1,Thanh toán khi giao hàng,Đang xử lý,meo.review56,Video,7654983010281852168,fixed commission,,,,,252858,,,,3,7586,,,,0,0,03/07/2026 05:34:14,04/07/2026 12:53:13,03/07/2026 05:34:16,04/07/2026 12:53:13,,05/07/2026 11:02:43,TTS,Open/Target Collaboration
584826895659337611,1736012338574165212,Combo 2 Sữa Tắm Nữ Pháp Le Petit Marseillais 250ml - Thiên Nhiên Dịu Nhẹ,"Quả Mâm Xôi Hữu Cơ & Hoa Mẫu Đơn, Bông Và Hoa Anh Túc",1736012795077035228,ST48441+ST65434,378000,551543,VND,1,Không áp dụng thanh toán khi giao hàng,Đang xử lý,ahau.phuongthao,Video,7657908411115392274,fixed commission,,,,12,378000,45360,,,,,,,,0,0,03/07/2026 05:35:49,03/07/2026 05:35:55,03/07/2026 05:35:55,04/07/2026 10:22:20,,05/07/2026 12:07:33,TTS,Open/Target Collaboration
584827154802116228,1732250760944257244,"Sữa Tắm/Gel Tắm Pháp Le Petit Marseillais Chiết Xuất Thiên Nhiên 650ml - Sữa Tắm Lưu Hương Lành Tính - Dịu Nhẹ, An Toàn Cho Da","Thông & Bạch Đàn Biển, Standard",1732250801268689116,ST01902,395000,513733,VND,1,Thanh toán khi giao hàng,Đang xử lý,mevyan,Video,7655720208107244820,fixed commission,,,,,395000,,,,3,11850,,,,0,0,03/07/2026 06:11:57,04/07/2026 14:30:38,03/07/2026 06:11:58,04/07/2026 14:30:38,,05/07/2026 08:21:31,TTS,Open/Target Collaboration
584828486671763227,1732251815880067292,"Sữa Tắm Pháp Le Petit Marseillais Cho Nam Chiết Xuất Thiên Nhiên 4in1 Nhiều Mùi Hương Dưỡng Ẩm, Thơm Lâu - Phù Hợp Mọi Loại Da (250ml)","Hương Gỗ Tuyết Tùng & Dương Xỉ, Standard",1732251749141219548,ST01172,205000,276900,VND,1,Không áp dụng thanh toán khi giao hàng,Đang xử lý,duongmanhkien19,Video,7578474458705382676,fixed commission,,,,,205000,,,,3,6150,,,,0,0,03/07/2026 08:16:35,03/07/2026 08:16:36,03/07/2026 08:16:36,04/07/2026 09:28:44,,05/07/2026 12:32:10,TTS,Open/Target Collaboration
584828499201590676,1732251815880067292,"Sữa Tắm Pháp Le Petit Marseillais Cho Nam Chiết Xuất Thiên Nhiên 4in1 Nhiều Mùi Hương Dưỡng Ẩm, Thơm Lâu - Phù Hợp Mọi Loại Da (250ml)","Hương Gỗ Tuyết Tùng & Dương Xỉ, Standard",1732251749141219548,ST01172,205000,276900,VND,1,Không áp dụng thanh toán khi giao hàng,Đang xử lý,duongmanhkien19,Video,7578474458705382676,fixed commission,,,,,205000,,,,3,6150,,,,0,0,03/07/2026 08:21:19,03/07/2026 08:21:25,03/07/2026 08:21:25,04/07/2026 09:08:37,,05/07/2026 08:01:36,TTS,Open/Target Collaboration
584828538344932403,1732251815880067292,"Sữa Tắm Pháp Le Petit Marseillais Cho Nam Chiết Xuất Thiên Nhiên 4in1 Nhiều Mùi Hương Dưỡng Ẩm, Thơm Lâu - Phù Hợp Mọi Loại Da (250ml)","Hương Thông & Bạch Đàn Biển, Standard",1732251749141154012,ST01356,190000,283850,VND,1,Không áp dụng thanh toán khi giao hàng,Đang xử lý,man.trung.737,Video,7595064670482877717,fixed commission,,,,,190000,,,,3,5700,,,,0,0,03/07/2026 08:25:49,03/07/2026 08:25:54,03/07/2026 08:25:54,04/07/2026 09:31:53,,05/07/2026 12:29:46,TTS,Open/Target Collaboration
584828938306553566,1732251815880067292,"Sữa Tắm Pháp Le Petit Marseillais Cho Nam Chiết Xuất Thiên Nhiên 4in1 Nhiều Mùi Hương Dưỡng Ẩm, Thơm Lâu - Phù Hợp Mọi Loại Da (250ml)","Hương Gỗ Tuyết Tùng & Dương Xỉ, Standard",1732251749141219548,ST01172,205000,286550,VND,1,Thanh toán khi giao hàng,Đang xử lý,duongmanhkien19,Video,7578474458705382676,fixed commission,,,,,205000,,,,3,6150,,,,0,0,03/07/2026 08:51:22,04/07/2026 21:25:58,03/07/2026 08:51:22,04/07/2026 21:25:58,,05/07/2026 11:22:46,TTS,Open/Target Collaboration
584829154888550286,1734496604995683548,Xà Phòng Le Petit Marseillais Chính Hãng Bánh Xà Phòng Tắm Thiên Nhiên (Ngẫu nhiên)  1 Bánh,Mặc định,1734496577198523612,1 BÁNH-XP,75000,89000,VND,1,Thanh toán khi giao hàng,Đang xử lý,onggiatichcuc79,Video,7652811158407138567,fixed commission,,,,6,75000,4500,,,,,,,,0,0,03/07/2026 09:15:44,04/07/2026 15:29:34,03/07/2026 09:15:45,04/07/2026 15:29:34,,05/07/2026 11:54:14,TTS,Open/Target Collaboration
584830515623068878,1731317167366243548,[Quà tặng không bán] Bông Tắm Tạo Bọt Mềm Mịn,Mặc định,1731317148230255836,BONG TAM HQ,0,7900,VND,1,Thanh toán khi giao hàng,Đã hủy,lepetitmarseillaisvn,Phát trực tiếp,7658138889292630805,fixed commission,,,,,0,,,,,,,,,0,0,03/07/2026 10:42:36,,03/07/2026 10:42:38,,,,TTS,Open/Target Collaboration
584830515623068878,1732250928810920156,"Sữa Tắm/Gel Tắm Pháp Le Petit Marseillais Thiên Nhiên 250ml - Sữa Tắm Lưu Hương Lành Tính - Dịu Nhẹ, An Toàn Cho Da","Quả Mâm Xôi & Hoa Mẫu Đơn, Standard",1732250914985052380,ST48441,189000,276900,VND,1,Thanh toán khi giao hàng,Đã hủy,lepetitmarseillaisvn,Phát trực tiếp,7658138889292630805,fixed commission,,,,,189000,,,,,,,,,0,0,03/07/2026 10:42:36,,03/07/2026 10:42:38,,,,TTS,Open/Target Collaboration
584830554077234896,1734496604995683548,Xà Phòng Le Petit Marseillais Chính Hãng Bánh Xà Phòng Tắm Thiên Nhiên (Ngẫu nhiên)  1 Bánh,Mặc định,1734496577198523612,1 BÁNH-XP,75000,76400,VND,1,Thanh toán khi giao hàng,Đang xử lý,onggiatichcuc79,Video,7649582978691058952,fixed commission,,,,6,75000,4500,,,,,,,,0,0,03/07/2026 10:48:10,04/07/2026 12:18:20,03/07/2026 10:48:11,04/07/2026 12:18:20,,05/07/2026 07:55:48,TTS,Open/Target Collaboration
584830927358493749,1732250928810920156,"Sữa Tắm/Gel Tắm Pháp Le Petit Marseillais Thiên Nhiên 250ml - Sữa Tắm Lưu Hương Lành Tính - Dịu Nhẹ, An Toàn Cho Da","Quả Mâm Xôi & Hoa Mẫu Đơn, Standard",1732250914985052380,ST48441,166320,279450,VND,1,Không áp dụng thanh toán khi giao hàng,Đang xử lý,windyanh1,Trưng bày,,fixed commission,,,,8,166320,13306,,,,,,,,0,0,03/07/2026 11:12:04,03/07/2026 11:13:17,03/07/2026 11:13:19,06/07/2026 18:14:54,,07/07/2026 09:46:41,TTS,Open/Target Collaboration
584831706023298951,1732250928810920156,"Sữa Tắm/Gel Tắm Pháp Le Petit Marseillais Thiên Nhiên 250ml - Sữa Tắm Lưu Hương Lành Tính - Dịu Nhẹ, An Toàn Cho Da","Đào Trắng & Quả Xuân Đào, Standard",1732250914985380060,ST01240,176300,276900,VND,1,Thanh toán khi giao hàng,Đang xử lý,lepetitmarseillaisvn,Phát trực tiếp,7658138889292630805,fixed commission,,,,,176300,,,,,,,,,0,0,03/07/2026 12:05:15,04/07/2026 16:39:35,03/07/2026 12:05:16,04/07/2026 16:39:35,,,TTS,Open/Target Collaboration
584831706023298951,1731317167366243548,[Quà tặng không bán] Bông Tắm Tạo Bọt Mềm Mịn,Mặc định,1731317148230255836,BONG TAM HQ,0,7900,VND,1,Thanh toán khi giao hàng,Đang xử lý,lepetitmarseillaisvn,Phát trực tiếp,7658138889292630805,fixed commission,,,,,0,,,,,,,,,0,0,03/07/2026 12:05:15,04/07/2026 16:39:35,03/07/2026 12:05:16,04/07/2026 16:39:35,,,TTS,Open/Target Collaboration
584833570415281965,1732251815880067292,"Sữa Tắm Pháp Le Petit Marseillais Cho Nam Chiết Xuất Thiên Nhiên 4in1 Nhiều Mùi Hương Dưỡng Ẩm, Thơm Lâu - Phù Hợp Mọi Loại Da (250ml)","Hương Gỗ Tuyết Tùng & Dương Xỉ, Standard",1732251749141219548,ST01172,205000,286550,VND,1,Thanh toán khi giao hàng,Đang xử lý,involveasiavn01,Chương trình Lưu lượng truy cập bên ngoài,,fixed commission,,,,4,205000,8200,,,,,,,,0,0,03/07/2026 14:01:03,04/07/2026 18:39:17,03/07/2026 14:01:04,04/07/2026 18:39:17,,05/07/2026 10:17:43,TTS,Open/Target Collaboration
584833806480475153,1732250760944257244,"Sữa Tắm/Gel Tắm Pháp Le Petit Marseillais Chiết Xuất Thiên Nhiên 650ml - Sữa Tắm Lưu Hương Lành Tính - Dịu Nhẹ, An Toàn Cho Da","Thông & Bạch Đàn Biển, Standard",1732250801268689116,ST01902,395000,505560,VND,1,Không áp dụng thanh toán khi giao hàng,Đang xử lý,lepetitmarseillaisvn,Phát trực tiếp,7658188231381732117,fixed commission,,,,,395000,,,,,,,,,0,0,03/07/2026 14:22:51,03/07/2026 14:22:58,03/07/2026 14:22:58,04/07/2026 17:56:38,,,TTS,Open/Target Collaboration
584833806480475153,1732251815880067292,"Sữa Tắm Pháp Le Petit Marseillais Cho Nam Chiết Xuất Thiên Nhiên 4in1 Nhiều Mùi Hương Dưỡng Ẩm, Thơm Lâu - Phù Hợp Mọi Loại Da (250ml)","Hương Gỗ Tuyết Tùng & Dương Xỉ, Standard",1732251749141219548,ST01172,205000,272280,VND,1,Không áp dụng thanh toán khi giao hàng,Đang xử lý,lepetitmarseillaisvn,Phát trực tiếp,7658188231381732117,fixed commission,,,,,205000,,,,,,,,,0,0,03/07/2026 14:22:51,03/07/2026 14:22:58,03/07/2026 14:22:58,04/07/2026 17:56:38,,,TTS,Open/Target Collaboration
584834744641423145,1732251815880067292,"Sữa Tắm Pháp Le Petit Marseillais Cho Nam Chiết Xuất Thiên Nhiên 4in1 Nhiều Mùi Hương Dưỡng Ẩm, Thơm Lâu - Phù Hợp Mọi Loại Da (250ml)","Hương Gỗ Tuyết Tùng & Dương Xỉ, Standard",1732251749141219548,ST01172,190000,289700,VND,1,Không áp dụng thanh toán khi giao hàng,Đang xử lý,mundayne688,Video,7578844742998396168,fixed commission,,,,8,190000,15200,,,,,,,,0,0,03/07/2026 15:21:24,03/07/2026 15:21:28,03/07/2026 15:21:29,05/07/2026 15:15:21,,06/07/2026 09:18:44,TTS,Open/Target Collaboration
584838971388626174,1732250760944257244,"Sữa Tắm/Gel Tắm Pháp Le Petit Marseillais Chiết Xuất Thiên Nhiên 650ml - Sữa Tắm Lưu Hương Lành Tính - Dịu Nhẹ, An Toàn Cho Da","Hoa Tiare, Standard",1732250801268885724,ST68816,323900,517909,VND,1,Không áp dụng thanh toán khi giao hàng,Đang xử lý,lepetitmarseillaisvn,Phát trực tiếp,7657536549034298130,fixed commission,,,,,323900,,,,,,,,,0,0,03/07/2026 20:22:31,03/07/2026 20:22:36,03/07/2026 20:22:36,06/07/2026 10:07:47,,,TTS,Open/Target Collaboration
584838971388626174,1734496604995683548,Xà Phòng Le Petit Marseillais Chính Hãng Bánh Xà Phòng Tắm Thiên Nhiên (Ngẫu nhiên)  1 Bánh,Mặc định,1734496577198523612,1 BÁNH-XP,0,1891,VND,1,Không áp dụng thanh toán khi giao hàng,Đang xử lý,lepetitmarseillaisvn,Phát trực tiếp,7657536549034298130,fixed commission,,,,,0,,,,,,,,,0,0,03/07/2026 20:22:31,03/07/2026 20:22:36,03/07/2026 20:22:36,06/07/2026 10:07:47,,,TTS,Open/Target Collaboration
584838971388626174,1735910664928920796,Combo 2 Sữa Tắm Nam Le Petit Marseillais 4in1 Cho Tóc Mặt Râu Toàn Thân 250ml,"Thông Biển & Bạch Đàn, Gỗ Tuyết Tùng Và Dương Xỉ",1735912571878606044,ST01356 + ST01172,302400,549345,VND,1,Không áp dụng thanh toán khi giao hàng,Đang xử lý,lepetitmarseillaisvn,Phát trực tiếp,7657536549034298130,fixed commission,,,,,302400,,,,,,,,,0,0,03/07/2026 20:22:31,03/07/2026 20:22:36,03/07/2026 20:22:36,06/07/2026 10:07:47,,,TTS,Open/Target Collaboration
584838971388626174,1731317167366243548,[Quà tặng không bán] Bông Tắm Tạo Bọt Mềm Mịn,Mặc định,1731317148230255836,BONG TAM HQ,0,9455,VND,1,Không áp dụng thanh toán khi giao hàng,Đang xử lý,lepetitmarseillaisvn,Phát trực tiếp,7657536549034298130,fixed commission,,,,,0,,,,,,,,,0,0,03/07/2026 20:22:31,03/07/2026 20:22:36,03/07/2026 20:22:36,06/07/2026 10:07:47,,,TTS,Open/Target Collaboration
584839265116522139,1731317167366243548,[Quà tặng không bán] Bông Tắm Tạo Bọt Mềm Mịn,Mặc định,1731317148230255836,BONG TAM HQ,0,10450,VND,1,Thanh toán khi giao hàng,Đang xử lý,lepetitmarseillaisvn,Phát trực tiếp,7658279455219567367,fixed commission,,,,,0,,,,,,,,,0,0,03/07/2026 20:39:27,05/07/2026 13:53:07,03/07/2026 20:39:29,05/07/2026 13:53:07,,,TTS,Open/Target Collaboration
584839265116522139,1732251912551172316,"Gel tắm Hữu Cơ Pháp Le Petit Marseillais Nhiều Mùi Hương 250ml, Thơm Lâu - Phù Hợp Mọi Loại Da (250ml)","Cỏ Roi Ngựa & Chanh, Standard",1732251905721272540,ST01601,255000,349450,VND,1,Thanh toán khi giao hàng,Đang xử lý,lepetitmarseillaisvn,Phát trực tiếp,7658279455219567367,fixed commission,,,,,255000,,,,,,,,,0,0,03/07/2026 20:39:27,05/07/2026 13:53:07,03/07/2026 20:39:29,05/07/2026 13:53:07,,,TTS,Open/Target Collaboration
584839653886690532,1734496604995683548,Xà Phòng Le Petit Marseillais Chính Hãng Bánh Xà Phòng Tắm Thiên Nhiên (Ngẫu nhiên)  1 Bánh,Mặc định,1734496577198523612,1 BÁNH-XP,0,2257,VND,1,Thanh toán khi giao hàng,Đang xử lý,lepetitmarseillaisvn,Phát trực tiếp,7658279455219567367,fixed commission,,,,,0,,,,,,,,,0,0,03/07/2026 21:01:32,07/07/2026 18:58:17,03/07/2026 21:01:34,07/07/2026 18:58:17,,,TTS,Open/Target Collaboration
584839653886690532,1735910664928920796,Combo 2 Sữa Tắm Nam Le Petit Marseillais 4in1 Cho Tóc Mặt Râu Toàn Thân 250ml,"Gỗ Tuyết Tùng Và Dương Xỉ, Gỗ Tuyết Tùng Và Dương Xỉ",1735912571877950684,ST01172 x 2,378000,551543,VND,1,Thanh toán khi giao hàng,Đang xử lý,lepetitmarseillaisvn,Phát trực tiếp,7658279455219567367,fixed commission,,,,,378000,,,,,,,,,0,0,03/07/2026 21:01:32,07/07/2026 18:58:17,03/07/2026 21:01:34,07/07/2026 18:58:17,,,TTS,Open/Target Collaboration
584839936716932872,1731317167366243548,[Quà tặng không bán] Bông Tắm Tạo Bọt Mềm Mịn,Mặc định,1731317148230255836,BONG TAM HQ,0,11333,VND,1,Thanh toán khi giao hàng,Đang xử lý,lepetitmarseillaisvn,Phát trực tiếp,7658279455219567367,fixed commission,,,,,0,,,,,,,,,0,0,03/07/2026 21:18:08,05/07/2026 17:07:15,03/07/2026 21:18:09,05/07/2026 17:07:15,,,TTS,Open/Target Collaboration
584839936716932872,1732250760944257244,"Sữa Tắm/Gel Tắm Pháp Le Petit Marseillais Chiết Xuất Thiên Nhiên 650ml - Sữa Tắm Lưu Hương Lành Tính - Dịu Nhẹ, An Toàn Cho Da","Đào Trắng & Quả Xuân Đào, Standard",1732250801269016796,ST01288,331800,521667,VND,1,Thanh toán khi giao hàng,Đang xử lý,lepetitmarseillaisvn,Phát trực tiếp,7658279455219567367,fixed commission,,,,,331800,,,,,,,,,0,0,03/07/2026 21:18:08,05/07/2026 17:07:15,03/07/2026 21:18:09,05/07/2026 17:07:15,,,TTS,Open/Target Collaboration
584840070220318059,1732250928810920156,"Sữa Tắm/Gel Tắm Pháp Le Petit Marseillais Thiên Nhiên 250ml - Sữa Tắm Lưu Hương Lành Tính - Dịu Nhẹ, An Toàn Cho Da","Bạc Hà, Standard",1732250914984855772,ST92871,205000,289700,VND,1,Thanh toán khi giao hàng,Đang xử lý,iflytek02,Chương trình Lưu lượng truy cập bên ngoài,,fixed commission,,,,4,205000,8200,,,,,,,,0,0,03/07/2026 21:28:39,05/07/2026 16:18:46,03/07/2026 21:28:40,05/07/2026 16:18:46,,06/07/2026 12:47:43,TTS,Open/Target Collaboration
584842400210913061,1732251815880067292,"Sữa Tắm Pháp Le Petit Marseillais Cho Nam Chiết Xuất Thiên Nhiên 4in1 Nhiều Mùi Hương Dưỡng Ẩm, Thơm Lâu - Phù Hợp Mọi Loại Da (250ml)","Hương Gỗ Tuyết Tùng & Dương Xỉ, Standard",1732251749141219548,ST01172,195000,283850,VND,1,Thanh toán khi giao hàng,Đang xử lý,duongmanhkien19,Video,7578474458705382676,fixed commission,,,,,195000,,,,3,5850,,,,0,0,04/07/2026 00:19:28,05/07/2026 12:07:29,04/07/2026 00:19:29,05/07/2026 12:07:29,,06/07/2026 09:03:02,TTS,Open/Target Collaboration
584843455814207045,1732250760944257244,"Sữa Tắm/Gel Tắm Pháp Le Petit Marseillais Chiết Xuất Thiên Nhiên 650ml - Sữa Tắm Lưu Hương Lành Tính - Dịu Nhẹ, An Toàn Cho Da","Thông & Bạch Đàn Biển, Standard",1732250801268689116,ST01902,335750,518040,VND,1,Không áp dụng thanh toán khi giao hàng,Đang xử lý,thaocanview,Video,7639362324603686164,fixed commission,,,,8,335750,26860,,,,,,,,0,0,04/07/2026 04:05:50,04/07/2026 04:05:53,04/07/2026 04:05:53,05/07/2026 11:59:39,,06/07/2026 09:22:38,TTS,Open/Target Collaboration
584843455814207045,1732250760944257244,"Sữa Tắm/Gel Tắm Pháp Le Petit Marseillais Chiết Xuất Thiên Nhiên 650ml - Sữa Tắm Lưu Hương Lành Tính - Dịu Nhẹ, An Toàn Cho Da","Hoa Cam, Standard",1732250801269278940,ST39109,335750,518040,VND,1,Không áp dụng thanh toán khi giao hàng,Đang xử lý,thaocanview,Video,7639362324603686164,fixed commission,,,,8,335750,26860,,,,,,,,0,0,04/07/2026 04:05:50,04/07/2026 04:05:53,04/07/2026 04:05:53,05/07/2026 11:59:39,,06/07/2026 09:22:38,TTS,Open/Target Collaboration
584844207387477669,1736012338574165212,Combo 2 Sữa Tắm Nữ Pháp Le Petit Marseillais 250ml - Thiên Nhiên Dịu Nhẹ,"Bông Và Hoa Anh Túc, Hoa Cam",1736012795078411484,ST65434+ST00823,378000,578800,VND,1,Thanh toán khi giao hàng,Đang xử lý,ahau.phuongthao,Video,7657908411115392274,fixed commission,0,0,0,,378000,,,,2,7560,,,,0,0,04/07/2026 06:28:59,,04/07/2026 06:29:00,,,,TTS,Open/Target Collaboration
584844592587179664,1732251815880067292,"Sữa Tắm Pháp Le Petit Marseillais Cho Nam Chiết Xuất Thiên Nhiên 4in1 Nhiều Mùi Hương Dưỡng Ẩm, Thơm Lâu - Phù Hợp Mọi Loại Da (250ml)","Hương Gỗ Tuyết Tùng & Dương Xỉ, Standard",1732251749141219548,ST01172,184500,279450,VND,1,Thanh toán khi giao hàng,Đang xử lý,vheu170cm,Video,7550953945372429575,fixed commission,,,,,184500,,,,3,5535,,,,0,0,04/07/2026 07:12:39,05/07/2026 19:10:57,04/07/2026 07:12:40,05/07/2026 19:10:57,,06/07/2026 07:38:40,TTS,Open/Target Collaboration
584846166239708378,1732250760944257244,"Sữa Tắm/Gel Tắm Pháp Le Petit Marseillais Chiết Xuất Thiên Nhiên 650ml - Sữa Tắm Lưu Hương Lành Tính - Dịu Nhẹ, An Toàn Cho Da","Thông & Bạch Đàn Biển, Standard",1732250801268689116,ST01902,347600,521667,VND,1,Thanh toán khi giao hàng,Đã hủy,baeli_cosmetic,Video,7658354024370015496,fixed commission,0,0,0,8,347600,27808,,,,,,,,0,0,04/07/2026 09:24:36,,04/07/2026 09:24:37,,,,TTS,Open/Target Collaboration
584846481897260793,1732251815880067292,"Sữa Tắm Pháp Le Petit Marseillais Cho Nam Chiết Xuất Thiên Nhiên 4in1 Nhiều Mùi Hương Dưỡng Ẩm, Thơm Lâu - Phù Hợp Mọi Loại Da (250ml)","Hương Gỗ Tuyết Tùng & Dương Xỉ, Standard",1732251749141219548,ST01172,205000,283850,VND,1,Thanh toán khi giao hàng,Đang xử lý,minh.ha0102,Video,7569577795613953298,fixed commission,,,,8,205000,16400,,,,,,,,0,0,04/07/2026 09:42:12,05/07/2026 11:11:30,04/07/2026 09:42:16,05/07/2026 11:11:30,,06/07/2026 09:59:22,TTS,Open/Target Collaboration
584846716319335642,1732251815880067292,"Sữa Tắm Pháp Le Petit Marseillais Cho Nam Chiết Xuất Thiên Nhiên 4in1 Nhiều Mùi Hương Dưỡng Ẩm, Thơm Lâu - Phù Hợp Mọi Loại Da (250ml)","Hương Gỗ Tuyết Tùng & Dương Xỉ, Standard",1732251749141219548,ST01172,174250,283850,VND,1,Thanh toán khi giao hàng,Đang xử lý,iflytek02,Chương trình Lưu lượng truy cập bên ngoài,,fixed commission,,,,4,174250,6970,,,,,,,,0,0,04/07/2026 09:58:13,05/07/2026 15:40:49,04/07/2026 09:58:14,05/07/2026 15:40:49,,06/07/2026 10:33:29,TTS,Open/Target Collaboration
584847500502074624,1732252961260865756,"Dầu Gội Thiên Nhiên Le Petit Marseillais Nhiều Mùi Hương 250ml Dưỡng Ẩm, Thơm Lâu - Phù Hợp Mọi Loại Da",Trị Gàu 2 In 1 Tinh Dầu Bạc Hà,1732252943759018204,DG74042,234960,348700,VND,1,Thanh toán khi giao hàng,Đang xử lý,ngocdailyvlog,Video,7580449561433361671,fixed commission,,,,8,234960,18797,,,,,,,,0,0,04/07/2026 10:44:48,05/07/2026 17:07:07,04/07/2026 10:44:50,05/07/2026 17:07:07,,06/07/2026 08:31:05,TTS,Open/Target Collaboration
584847731044353453,1732250760944257244,"Sữa Tắm/Gel Tắm Pháp Le Petit Marseillais Chiết Xuất Thiên Nhiên 650ml - Sữa Tắm Lưu Hương Lành Tính - Dịu Nhẹ, An Toàn Cho Da","Thông & Bạch Đàn Biển, Standard",1732250801268689116,ST01902,347600,513733,VND,1,Thanh toán khi giao hàng,Đang xử lý,ha_thubay,Video,7599664598626618642,fixed commission,,,,8,347600,27808,,,,,,,,0,0,04/07/2026 11:02:01,05/07/2026 10:01:37,04/07/2026 11:02:03,05/07/2026 10:01:37,,06/07/2026 10:13:12,TTS,Open/Target Collaboration
584847925219133376,1734496604995683548,Xà Phòng Le Petit Marseillais Chính Hãng Bánh Xà Phòng Tắm Thiên Nhiên (Ngẫu nhiên)  1 Bánh,Mặc định,1734496577198523612,1 BÁNH-XP,75000,307575,VND,4,Thanh toán khi giao hàng,Đang xử lý,onggiatichcuc79,Video,7652811158407138567,fixed commission,,,,6,300000,18000,,,,,,,,0,0,04/07/2026 11:17:57,06/07/2026 18:43:53,04/07/2026 11:17:58,06/07/2026 18:43:53,,07/07/2026 08:16:02,TTS,Open/Target Collaboration
584848769167361784,1732250760944257244,"Sữa Tắm/Gel Tắm Pháp Le Petit Marseillais Chiết Xuất Thiên Nhiên 650ml - Sữa Tắm Lưu Hương Lành Tính - Dịu Nhẹ, An Toàn Cho Da","Thông & Bạch Đàn Biển, Standard",1732250801268689116,ST01902,339700,857740,VND,2,Thanh toán khi giao hàng,Đang xử lý,daubeo6688,Video,7637196501571194133,fixed commission,0,0,0,8,679400,54352,,,,,,,,0,0,04/07/2026 12:10:39,,04/07/2026 12:10:40,,,,TTS,Open/Target Collaboration
584849021324396345,1732251815880067292,"Sữa Tắm Pháp Le Petit Marseillais Cho Nam Chiết Xuất Thiên Nhiên 4in1 Nhiều Mùi Hương Dưỡng Ẩm, Thơm Lâu - Phù Hợp Mọi Loại Da (250ml)","Hương Cam & Tinh Dầu Argan, Standard",1732251749141022940,ST01431,205000,279450,VND,1,Thanh toán khi giao hàng,Đang xử lý,duongmanhkien19,Video,7578474458705382676,fixed commission,,,,,205000,,,,3,6150,,,,0,0,04/07/2026 12:26:12,05/07/2026 10:14:28,04/07/2026 12:26:15,05/07/2026 10:14:28,,06/07/2026 09:36:19,TTS,Open/Target Collaboration
584849654717187741,1732251815880067292,"Sữa Tắm Pháp Le Petit Marseillais Cho Nam Chiết Xuất Thiên Nhiên 4in1 Nhiều Mùi Hương Dưỡng Ẩm, Thơm Lâu - Phù Hợp Mọi Loại Da (250ml)","Hương Gỗ Tuyết Tùng & Dương Xỉ, Standard",1732251749141219548,ST01172,205000,276900,VND,1,Thanh toán khi giao hàng,Đang xử lý,duongmanhkien19,Video,7578474458705382676,fixed commission,,,,,205000,,,,3,6150,,,,0,0,04/07/2026 13:01:53,05/07/2026 23:19:03,04/07/2026 13:01:56,05/07/2026 23:19:03,,06/07/2026 09:27:12,TTS,Open/Target Collaboration
584849980472526193,1732251815880067292,"Sữa Tắm Pháp Le Petit Marseillais Cho Nam Chiết Xuất Thiên Nhiên 4in1 Nhiều Mùi Hương Dưỡng Ẩm, Thơm Lâu - Phù Hợp Mọi Loại Da (250ml)","Hương Gỗ Tuyết Tùng & Dương Xỉ, Standard",1732251749141219548,ST01172,205000,283850,VND,1,Thanh toán khi giao hàng,Đang xử lý,duongmanhkien19,Video,7578474458705382676,fixed commission,,,,8,205000,16400,,,,,,,,0,0,04/07/2026 13:24:38,05/07/2026 19:42:56,04/07/2026 13:24:39,05/07/2026 19:42:56,,06/07/2026 10:00:15,TTS,Open/Target Collaboration
584851002272089301,1732251815880067292,"Sữa Tắm Pháp Le Petit Marseillais Cho Nam Chiết Xuất Thiên Nhiên 4in1 Nhiều Mùi Hương Dưỡng Ẩm, Thơm Lâu - Phù Hợp Mọi Loại Da (250ml)","Hương Cam & Tinh Dầu Argan, Standard",1732251749141022940,ST01431,205000,292800,VND,1,Thanh toán khi giao hàng,Đang xử lý,man.trung.737,Video,7595064670482877717,fixed commission,,,,,205000,,,,3,6150,,,,0,0,04/07/2026 14:31:22,06/07/2026 16:26:13,04/07/2026 14:31:24,06/07/2026 16:26:13,,07/07/2026 09:10:07,TTS,Open/Target Collaboration
584852046435222636,1732250928810920156,"Sữa Tắm/Gel Tắm Pháp Le Petit Marseillais Thiên Nhiên 250ml - Sữa Tắm Lưu Hương Lành Tính - Dịu Nhẹ, An Toàn Cho Da","Quả Mâm Xôi & Hoa Mẫu Đơn, Standard",1732250914985052380,ST48441,170150,276900,VND,1,Thanh toán khi giao hàng,Đang xử lý,_huaquynhnhu,Chương trình Lưu lượng truy cập bên ngoài,,fixed commission,,,,4,170150,6806,,,,,,,,0,0,04/07/2026 15:44:38,07/07/2026 09:46:19,04/07/2026 15:44:40,07/07/2026 09:46:19,,,TTS,Open/Target Collaboration
584852095645156909,1732251815880067292,"Sữa Tắm Pháp Le Petit Marseillais Cho Nam Chiết Xuất Thiên Nhiên 4in1 Nhiều Mùi Hương Dưỡng Ẩm, Thơm Lâu - Phù Hợp Mọi Loại Da (250ml)","Hương Cam & Tinh Dầu Argan, Standard",1732251749141022940,ST01431,176300,276900,VND,1,Thanh toán khi giao hàng,Đang xử lý,thichthomthor,Video,7592287621615815943,fixed commission,,,,8,176300,14104,,,,,,,,0,0,04/07/2026 15:50:04,07/07/2026 13:46:54,04/07/2026 15:50:06,07/07/2026 13:46:54,,,TTS,Open/Target Collaboration
584852710835193520,1732251815880067292,"Sữa Tắm Pháp Le Petit Marseillais Cho Nam Chiết Xuất Thiên Nhiên 4in1 Nhiều Mùi Hương Dưỡng Ẩm, Thơm Lâu - Phù Hợp Mọi Loại Da (250ml)","Hương Gỗ Tuyết Tùng & Dương Xỉ, Standard",1732251749141219548,ST01172,205000,283850,VND,1,Thanh toán khi giao hàng,Đang xử lý,duongmanhkien19,Video,7578474458705382676,fixed commission,,,,,205000,,,,3,6150,,,,0,0,04/07/2026 16:29:44,07/07/2026 15:41:05,04/07/2026 16:29:45,07/07/2026 15:41:05,,08/07/2026 07:25:48,TTS,Open/Target Collaboration
584853006390494841,1732250760944257244,"Sữa Tắm/Gel Tắm Pháp Le Petit Marseillais Chiết Xuất Thiên Nhiên 650ml - Sữa Tắm Lưu Hương Lành Tính - Dịu Nhẹ, An Toàn Cho Da","Vani, Standard",1732250801269082332,ST00557,335000,525267,VND,1,Thanh toán khi giao hàng,Đang xử lý,lepetitmarseillaisvn,Phát trực tiếp,7658606381141953287,fixed commission,,,,,335000,,,,,,,,,0,0,04/07/2026 16:52:59,07/07/2026 15:44:43,04/07/2026 16:53:00,07/07/2026 15:44:43,,,TTS,Open/Target Collaboration
584853006390494841,1731317167366243548,[Quà tặng không bán] Bông Tắm Tạo Bọt Mềm Mịn,Mặc định,1731317148230255836,BONG TAM HQ,0,13133,VND,1,Thanh toán khi giao hàng,Đang xử lý,lepetitmarseillaisvn,Phát trực tiếp,7658606381141953287,fixed commission,,,,,0,,,,,,,,,0,0,04/07/2026 16:52:59,07/07/2026 15:44:43,04/07/2026 16:53:00,07/07/2026 15:44:43,,,TTS,Open/Target Collaboration
584853103406385013,1731317167366243548,[Quà tặng không bán] Bông Tắm Tạo Bọt Mềm Mịn,Mặc định,1731317148230255836,BONG TAM HQ,0,7900,VND,1,Thanh toán khi giao hàng,Đang xử lý,lepetitmarseillaisvn,Phát trực tiếp,7658606381141953287,fixed commission,,,,,0,,,,,,,,,0,0,04/07/2026 17:00:22,07/07/2026 20:05:22,04/07/2026 17:00:24,07/07/2026 20:05:22,,,TTS,Open/Target Collaboration
584853103406385013,1732251815880067292,"Sữa Tắm Pháp Le Petit Marseillais Cho Nam Chiết Xuất Thiên Nhiên 4in1 Nhiều Mùi Hương Dưỡng Ẩm, Thơm Lâu - Phù Hợp Mọi Loại Da (250ml)","Hương Thông & Bạch Đàn Biển, Standard",1732251749141154012,ST01356,176300,276900,VND,1,Thanh toán khi giao hàng,Đang xử lý,lepetitmarseillaisvn,Phát trực tiếp,7658606381141953287,fixed commission,,,,,176300,,,,,,,,,0,0,04/07/2026 17:00:22,07/07/2026 20:05:22,04/07/2026 17:00:24,07/07/2026 20:05:22,,,TTS,Open/Target Collaboration
584853129297037239,1732251815880067292,"Sữa Tắm Pháp Le Petit Marseillais Cho Nam Chiết Xuất Thiên Nhiên 4in1 Nhiều Mùi Hương Dưỡng Ẩm, Thơm Lâu - Phù Hợp Mọi Loại Da (250ml)","Hương Cam & Tinh Dầu Argan, Standard",1732251749141022940,ST01431,182450,283850,VND,1,Thanh toán khi giao hàng,Đã hủy,man.trung.737,Video,7595064670482877717,fixed commission,0,0,0,8,182450,14596,,,,,,,,0,0,04/07/2026 17:01:19,,04/07/2026 17:01:21,,,,TTS,Open/Target Collaboration
584853159853393591,1732250928810920156,"Sữa Tắm/Gel Tắm Pháp Le Petit Marseillais Thiên Nhiên 250ml - Sữa Tắm Lưu Hương Lành Tính - Dịu Nhẹ, An Toàn Cho Da","Đào Trắng & Quả Xuân Đào, Standard",1732250914985380060,ST01240,176300,276900,VND,1,Không áp dụng thanh toán khi giao hàng,Đang xử lý,lepetitmarseillaisvn,Phát trực tiếp,7658606381141953287,fixed commission,,,,,176300,,,,,,,,,0,0,04/07/2026 17:04:26,04/07/2026 17:04:29,04/07/2026 17:04:30,07/07/2026 09:56:33,,,TTS,Open/Target Collaboration
584853485222856181,1736012338574165212,Combo 2 Sữa Tắm Nữ Pháp Le Petit Marseillais 250ml - Thiên Nhiên Dịu Nhẹ,"Quả Mâm Xôi Hữu Cơ & Hoa Mẫu Đơn, Xoài Hữu Cơ & Chanh Dây",1736013429862991068,ST48441+ST99622,317141,555040,VND,1,Thanh toán khi giao hàng,Đang xử lý,lepetitmarseillaisvn,Phát trực tiếp,7658606381141953287,fixed commission,,,,,317141,,,,,,,,,0,0,04/07/2026 17:30:47,,04/07/2026 17:30:48,,,,TTS,Open/Target Collaboration
584853485222856181,1732251906497939676,Sữa tắm Thiên Nhiên Pháp Le Petit Marseillais Nhiều Mùi Hương Dịu Nhẹ Cho Da Nhạy Cảm 400ml - Phù Hợp Mọi Loại Da,"Dầu Hạnh Nhân, Standard",1732251905364035804,ST53362,276869,464560,VND,1,Thanh toán khi giao hàng,Đang xử lý,lepetitmarseillaisvn,Phát trực tiếp,7658606381141953287,fixed commission,,,,,276869,,,,,,,,,0,0,04/07/2026 17:30:47,,04/07/2026 17:30:48,,,,TTS,Open/Target Collaboration
584853808526362201,1732251815880067292,"Sữa Tắm Pháp Le Petit Marseillais Cho Nam Chiết Xuất Thiên Nhiên 4in1 Nhiều Mùi Hương Dưỡng Ẩm, Thơm Lâu - Phù Hợp Mọi Loại Da (250ml)","Hương Gỗ Tuyết Tùng & Dương Xỉ, Standard",1732251749141219548,ST01172,184500,292800,VND,1,Không áp dụng thanh toán khi giao hàng,Đang xử lý,paohongchinhdep,Chương trình Lưu lượng truy cập bên ngoài,,fixed commission,,,,4,184500,7380,,,,,,,,0,0,04/07/2026 17:49:53,04/07/2026 17:50:09,04/07/2026 17:50:09,07/07/2026 13:58:00,,,TTS,Open/Target Collaboration
584853831979665191,1732250760944257244,"Sữa Tắm/Gel Tắm Pháp Le Petit Marseillais Chiết Xuất Thiên Nhiên 650ml - Sữa Tắm Lưu Hương Lành Tính - Dịu Nhẹ, An Toàn Cho Da","Dừa, Standard",1732250801269147868,ST06999,335000,510400,VND,1,Thanh toán khi giao hàng,Đang xử lý,lepetitmarseillaisvn,Phát trực tiếp,7658606381141953287,fixed commission,,,,,335000,,,,,,,,,0,0,04/07/2026 17:55:52,07/07/2026 11:16:21,04/07/2026 17:55:53,07/07/2026 11:16:21,,,TTS,Open/Target Collaboration
584853831979665191,1731317167366243548,[Quà tặng không bán] Bông Tắm Tạo Bọt Mềm Mịn,Mặc định,1731317148230255836,BONG TAM HQ,0,5700,VND,1,Thanh toán khi giao hàng,Đang xử lý,lepetitmarseillaisvn,Phát trực tiếp,7658606381141953287,fixed commission,,,,,0,,,,,,,,,0,0,04/07/2026 17:55:52,07/07/2026 11:16:21,04/07/2026 17:55:53,07/07/2026 11:16:21,,,TTS,Open/Target Collaboration
584854447356151610,1732250760944257244,"Sữa Tắm/Gel Tắm Pháp Le Petit Marseillais Chiết Xuất Thiên Nhiên 650ml - Sữa Tắm Lưu Hương Lành Tính - Dịu Nhẹ, An Toàn Cho Da","Thông & Bạch Đàn Biển, Standard",1732250801268689116,ST01902,395000,531400,VND,1,Thanh toán khi giao hàng,Đang xử lý,ha_thubay,Video,7599664598626618642,fixed commission,,,,,395000,,,,3,11850,,,,0,0,04/07/2026 18:33:48,07/07/2026 14:18:44,04/07/2026 18:33:49,07/07/2026 14:18:44,,,TTS,Open/Target Collaboration
584856019552863247,1732250928810920156,"Sữa Tắm/Gel Tắm Pháp Le Petit Marseillais Thiên Nhiên 250ml - Sữa Tắm Lưu Hương Lành Tính - Dịu Nhẹ, An Toàn Cho Da","Quả Mâm Xôi & Hoa Mẫu Đơn, Standard",1732250914985052380,ST48441,195000,283850,VND,1,Thanh toán khi giao hàng,Đang xử lý,ahau.phuongthao,Video,7654094102811659528,fixed commission,,,,12,195000,23400,,,,,,,,0,0,04/07/2026 20:14:33,07/07/2026 16:12:15,04/07/2026 20:14:36,07/07/2026 16:12:15,,,TTS,Open/Target Collaboration
584856972904925071,1734496604995683548,Xà Phòng Le Petit Marseillais Chính Hãng Bánh Xà Phòng Tắm Thiên Nhiên (Ngẫu nhiên)  1 Bánh,Mặc định,1734496577198523612,1 BÁNH-XP,75000,101200,VND,1,Thanh toán khi giao hàng,Đang xử lý,onggiatichcuc79,Video,7654048626318085384,fixed commission,,,,6,75000,4500,,,,,,,,0,0,04/07/2026 21:00:41,07/07/2026 11:12:04,04/07/2026 21:00:43,07/07/2026 11:12:04,,,TTS,Open/Target Collaboration
584857320828012081,1732250760944257244,"Sữa Tắm/Gel Tắm Pháp Le Petit Marseillais Chiết Xuất Thiên Nhiên 650ml - Sữa Tắm Lưu Hương Lành Tính - Dịu Nhẹ, An Toàn Cho Da","Hương Chanh & Bưởi Hồng, Standard",1732250801268820188,ST01868,335750,510400,VND,1,Thanh toán khi giao hàng,Đang xử lý,ha_thubay,Video,7599664598626618642,fixed commission,,,,,335750,,,,3,10073,,,,0,0,04/07/2026 21:28:23,07/07/2026 15:23:55,04/07/2026 21:28:24,07/07/2026 15:23:55,,,TTS,Open/Target Collaboration
584858600605255364,1736012338574165212,Combo 2 Sữa Tắm Nữ Pháp Le Petit Marseillais 250ml - Thiên Nhiên Dịu Nhẹ,"Quả Mâm Xôi Hữu Cơ & Hoa Mẫu Đơn, Hoa Cam",1736012795076838620,ST48441+ST00823,347760,563457,VND,1,Thanh toán khi giao hàng,Đang xử lý,ahau.phuongthao,Video,7657908411115392274,fixed commission,,,,,347760,,,,2,6955,,,,0,0,04/07/2026 22:46:02,07/07/2026 20:06:08,04/07/2026 22:46:04,07/07/2026 20:06:08,,08/07/2026 07:29:09,TTS,Open/Target Collaboration
584859059056903616,1732250760944257244,"Sữa Tắm/Gel Tắm Pháp Le Petit Marseillais Chiết Xuất Thiên Nhiên 650ml - Sữa Tắm Lưu Hương Lành Tính - Dịu Nhẹ, An Toàn Cho Da","Thông & Bạch Đàn Biển, Standard",1732250801268689116,ST01902,335750,535933,VND,1,Thanh toán khi giao hàng,Đang xử lý,ha_thubay,Video,7633274382705642773,fixed commission,,,,,335750,,,,3,10073,,,,0,0,04/07/2026 23:25:50,07/07/2026 17:50:06,04/07/2026 23:25:52,07/07/2026 17:50:06,,08/07/2026 08:30:53,TTS,Open/Target Collaboration
584860731292681228,1735910664928920796,Combo 2 Sữa Tắm Nam Le Petit Marseillais 4in1 Cho Tóc Mặt Râu Toàn Thân 250ml,"Gỗ Tuyết Tùng Và Dương Xỉ, Gỗ Tuyết Tùng Và Dương Xỉ",1735912571877950684,ST01172 x 2,302400,563457,VND,1,Thanh toán khi giao hàng,Đang xử lý,pokechuyen001,Chương trình Lưu lượng truy cập bên ngoài,,fixed commission,,,,4,302400,12096,,,,,,,,0,0,05/07/2026 04:04:16,07/07/2026 12:57:47,05/07/2026 04:04:18,07/07/2026 12:57:47,,,TTS,Open/Target Collaboration
584860731292681228,1734496604995683548,Xà Phòng Le Petit Marseillais Chính Hãng Bánh Xà Phòng Tắm Thiên Nhiên (Ngẫu nhiên)  1 Bánh,Mặc định,1734496577198523612,1 BÁNH-XP,0,4243,VND,1,Thanh toán khi giao hàng,Đang xử lý,pokechuyen001,Chương trình Lưu lượng truy cập bên ngoài,,fixed commission,,,,,0,,,,,,,,,0,0,05/07/2026 04:04:16,07/07/2026 12:57:47,05/07/2026 04:04:18,07/07/2026 12:57:47,,,TTS,Open/Target Collaboration
584862921444591212,1734496604995683548,Xà Phòng Le Petit Marseillais Chính Hãng Bánh Xà Phòng Tắm Thiên Nhiên (Ngẫu nhiên)  1 Bánh,Mặc định,1734496577198523612,1 BÁNH-XP,0,2386,VND,1,Thanh toán khi giao hàng,Đang xử lý,lepetitmarseillaisvn,Phát trực tiếp,7658606381141953287,fixed commission,,,,,0,,,,,,,,,0,0,05/07/2026 08:53:31,07/07/2026 18:50:27,05/07/2026 08:53:32,07/07/2026 18:50:27,,,TTS,Open/Target Collaboration
584862921444591212,1736012338574165212,Combo 2 Sữa Tắm Nữ Pháp Le Petit Marseillais 250ml - Thiên Nhiên Dịu Nhẹ,"Quả Mâm Xôi Hữu Cơ & Hoa Mẫu Đơn, Bông Và Hoa Anh Túc",1736012795077035228,ST48441+ST65434,302400,552314,VND,1,Thanh toán khi giao hàng,Đang xử lý,lepetitmarseillaisvn,Phát trực tiếp,7658606381141953287,fixed commission,,,,,302400,,,,,,,,,0,0,05/07/2026 08:53:31,07/07/2026 18:50:27,05/07/2026 08:53:32,07/07/2026 18:50:27,,,TTS,Open/Target Collaboration
584863445349401822,1732251815880067292,"Sữa Tắm Pháp Le Petit Marseillais Cho Nam Chiết Xuất Thiên Nhiên 4in1 Nhiều Mùi Hương Dưỡng Ẩm, Thơm Lâu - Phù Hợp Mọi Loại Da (250ml)","Hương Gỗ Tuyết Tùng & Dương Xỉ, Standard",1732251749141219548,ST01172,184500,283000,VND,1,Thanh toán khi giao hàng,Đang xử lý,duongmanhkien19,Video,7589190858113649928,fixed commission,,,,8,184500,14760,,,,,,,,0,0,05/07/2026 09:32:53,07/07/2026 13:19:08,05/07/2026 09:32:55,07/07/2026 13:19:08,,,TTS,Open/Target Collaboration
584864063639619579,1732250928810920156,"Sữa Tắm/Gel Tắm Pháp Le Petit Marseillais Thiên Nhiên 250ml - Sữa Tắm Lưu Hương Lành Tính - Dịu Nhẹ, An Toàn Cho Da","Đào Trắng & Quả Xuân Đào, Standard",1732250914985380060,ST01240,205000,283000,VND,1,Thanh toán khi giao hàng,Đang xử lý,lienhuong2003,Video,7648186062816185621,fixed commission,,,,8,205000,16400,,,,,,,,0,0,05/07/2026 10:12:07,07/07/2026 19:17:22,05/07/2026 10:12:08,07/07/2026 19:17:22,,,TTS,Open/Target Collaboration
584864599670031590,1735910664928920796,Combo 2 Sữa Tắm Nam Le Petit Marseillais 4in1 Cho Tóc Mặt Râu Toàn Thân 250ml,"Thông Biển & Bạch Đàn, Gỗ Tuyết Tùng Và Dương Xỉ",1735912571878606044,ST01356 + ST01172,410000,555914,VND,1,Thanh toán khi giao hàng,Đang xử lý,ahau.phuongthao,Trưng bày,,fixed commission,,,,12,410000,49200,,,,,,,,0,0,05/07/2026 10:47:56,07/07/2026 20:34:15,05/07/2026 10:47:57,07/07/2026 20:34:15,,,TTS,Open/Target Collaboration
584865281398441264,1732251815880067292,"Sữa Tắm Pháp Le Petit Marseillais Cho Nam Chiết Xuất Thiên Nhiên 4in1 Nhiều Mùi Hương Dưỡng Ẩm, Thơm Lâu - Phù Hợp Mọi Loại Da (250ml)","Hương Gỗ Tuyết Tùng & Dương Xỉ, Standard",1732251749141219548,ST01172,205000,283000,VND,1,Thanh toán khi giao hàng,Đang xử lý,man.trung.737,Video,7595064670482877717,fixed commission,,,,8,205000,16400,,,,,,,,0,0,05/07/2026 11:31:09,07/07/2026 08:35:11,05/07/2026 11:31:10,07/07/2026 08:35:11,,08/07/2026 08:10:25,TTS,Open/Target Collaboration
584865292456461953,1732250928810920156,"Sữa Tắm/Gel Tắm Pháp Le Petit Marseillais Thiên Nhiên 250ml - Sữa Tắm Lưu Hương Lành Tính - Dịu Nhẹ, An Toàn Cho Da","Hạnnh Nhân, Standard",1732250914985248988,ST00892,184500,277350,VND,1,Thanh toán khi giao hàng,Đang xử lý,cm.nhung.daily,Video,7658681447494028565,fixed commission,,,,8,184500,14760,,,,,,,,0,0,05/07/2026 11:35:45,07/07/2026 17:35:56,05/07/2026 11:35:47,07/07/2026 17:35:56,,,TTS,Open/Target Collaboration
584866316351734972,1732250928810920156,"Sữa Tắm/Gel Tắm Pháp Le Petit Marseillais Thiên Nhiên 250ml - Sữa Tắm Lưu Hương Lành Tính - Dịu Nhẹ, An Toàn Cho Da","Quả Mâm Xôi & Hoa Mẫu Đơn, Standard",1732250914985052380,ST48441,184500,299300,VND,1,Thanh toán khi giao hàng,Đang xử lý,ahau.phuongthao,Video,7654094102811659528,fixed commission,0,0,0,12,184500,22140,,,,,,,,0,0,05/07/2026 12:37:59,,05/07/2026 12:38:00,,,,TTS,Open/Target Collaboration
584867117744423950,1732251815880067292,"Sữa Tắm Pháp Le Petit Marseillais Cho Nam Chiết Xuất Thiên Nhiên 4in1 Nhiều Mùi Hương Dưỡng Ẩm, Thơm Lâu - Phù Hợp Mọi Loại Da (250ml)","Hương Gỗ Tuyết Tùng & Dương Xỉ, Standard",1732251749141219548,ST01172,205000,299300,VND,1,Thanh toán khi giao hàng,Đang xử lý,man.trung.737,Video,7595064670482877717,fixed commission,,,,,205000,,,,3,6150,,,,0,0,05/07/2026 13:27:21,07/07/2026 20:22:26,05/07/2026 13:27:22,07/07/2026 20:22:26,,,TTS,Open/Target Collaboration
584868506539427520,1734496604995683548,Xà Phòng Le Petit Marseillais Chính Hãng Bánh Xà Phòng Tắm Thiên Nhiên (Ngẫu nhiên)  1 Bánh,Mặc định,1734496577198523612,1 BÁNH-XP,75000,94700,VND,1,Thanh toán khi giao hàng,Đang xử lý,onggiatichcuc79,Video,7652811158407138567,fixed commission,,,,6,75000,4500,,,,,,,,0,0,05/07/2026 14:59:11,07/07/2026 12:27:52,05/07/2026 14:59:12,07/07/2026 12:27:52,,08/07/2026 07:26:08,TTS,Open/Target Collaboration
584868495637907078,1732250928810920156,"Sữa Tắm/Gel Tắm Pháp Le Petit Marseillais Thiên Nhiên 250ml - Sữa Tắm Lưu Hương Lành Tính - Dịu Nhẹ, An Toàn Cho Da","Dừa, Standard",1732250914985314524,ST54494,174250,292800,VND,1,Thanh toán khi giao hàng,Đang xử lý,merophiriviu,Chương trình Lưu lượng truy cập bên ngoài,,fixed commission,,,,8,174250,13940,,,,,,,,0,0,05/07/2026 15:01:48,07/07/2026 16:48:34,05/07/2026 15:01:49,07/07/2026 16:48:34,,,TTS,Open/Target Collaboration
584869074827052152,1736012338574165212,Combo 2 Sữa Tắm Nữ Pháp Le Petit Marseillais 250ml - Thiên Nhiên Dịu Nhẹ,"Quả Mâm Xôi Hữu Cơ & Hoa Mẫu Đơn, Hoa Cam",1736012795076838620,ST48441+ST00823,378000,551543,VND,1,Thanh toán khi giao hàng,Đang xử lý,ahau.phuongthao,Video,7657908411115392274,fixed commission,,,,12,378000,45360,,,,,,,,0,0,05/07/2026 15:40:02,07/07/2026 12:43:14,05/07/2026 15:40:05,07/07/2026 12:43:14,,08/07/2026 08:05:24,TTS,Open/Target Collaboration
584869074827052152,1734496604995683548,Xà Phòng Le Petit Marseillais Chính Hãng Bánh Xà Phòng Tắm Thiên Nhiên (Ngẫu nhiên)  1 Bánh,Mặc định,1734496577198523612,1 BÁNH-XP,0,2257,VND,1,Thanh toán khi giao hàng,Đang xử lý,involveasiavn01,Chương trình Lưu lượng truy cập bên ngoài,,fixed commission,,,,,0,,,,,,,,,0,0,05/07/2026 15:40:02,07/07/2026 12:43:14,05/07/2026 15:40:05,07/07/2026 12:43:14,,08/07/2026 08:05:24,TTS,Open/Target Collaboration
584869519620081411,1732250928810920156,"Sữa Tắm/Gel Tắm Pháp Le Petit Marseillais Thiên Nhiên 250ml - Sữa Tắm Lưu Hương Lành Tính - Dịu Nhẹ, An Toàn Cho Da","Quả Mâm Xôi & Hoa Mẫu Đơn, Standard",1732250914985052380,ST48441,174250,290950,VND,1,Thanh toán khi giao hàng,Đang xử lý,ahau.phuongthao,Trưng bày,,fixed commission,,,,12,174250,20910,,,,,,,,0,0,05/07/2026 16:10:29,07/07/2026 18:56:34,05/07/2026 16:10:31,07/07/2026 18:56:34,,,TTS,Open/Target Collaboration
584870466701067859,1732250928810920156,"Sữa Tắm/Gel Tắm Pháp Le Petit Marseillais Thiên Nhiên 250ml - Sữa Tắm Lưu Hương Lành Tính - Dịu Nhẹ, An Toàn Cho Da","Quả Mâm Xôi & Hoa Mẫu Đơn, Standard",1732250914985052380,ST48441,184500,276900,VND,1,Thanh toán khi giao hàng,Đang xử lý,cm.nhung.daily,Video,7658681447494028565,fixed commission,,,,8,184500,14760,,,,,,,,0,0,05/07/2026 17:19:35,07/07/2026 18:14:22,05/07/2026 17:19:37,07/07/2026 18:14:22,,,TTS,Open/Target Collaboration
584873382666536696,1732251815880067292,"Sữa Tắm Pháp Le Petit Marseillais Cho Nam Chiết Xuất Thiên Nhiên 4in1 Nhiều Mùi Hương Dưỡng Ẩm, Thơm Lâu - Phù Hợp Mọi Loại Da (250ml)","Hương Gỗ Tuyết Tùng & Dương Xỉ, Standard",1732251749141219548,ST01172,180400,295200,VND,1,Thanh toán khi giao hàng,Đang xử lý,lepetitmarseillaisvn,Phát trực tiếp,7659021901277383432,fixed commission,,,,,180400,,,,,,,,,0,0,05/07/2026 20:21:41,07/07/2026 20:38:46,05/07/2026 20:21:42,07/07/2026 20:38:46,,,TTS,Open/Target Collaboration
584873797723194780,1732251815880067292,"Sữa Tắm Pháp Le Petit Marseillais Cho Nam Chiết Xuất Thiên Nhiên 4in1 Nhiều Mùi Hương Dưỡng Ẩm, Thơm Lâu - Phù Hợp Mọi Loại Da (250ml)","Hương Thông & Bạch Đàn Biển, Standard",1732251749141154012,ST01356,176300,299300,VND,1,Thanh toán khi giao hàng,Đang xử lý,lepthelittlekid,Video,7594749644052204818,fixed commission,,,,5,176300,8815,,,,,,,,0,0,05/07/2026 20:45:36,07/07/2026 14:42:38,05/07/2026 20:45:38,07/07/2026 14:42:38,,08/07/2026 08:11:43,TTS,Open/Target Collaboration
584874372464936728,1732250760944257244,"Sữa Tắm/Gel Tắm Pháp Le Petit Marseillais Chiết Xuất Thiên Nhiên 650ml - Sữa Tắm Lưu Hương Lành Tính - Dịu Nhẹ, An Toàn Cho Da","Thông & Bạch Đàn Biển, Standard",1732250801268689116,ST01902,323900,522625,VND,1,Thanh toán khi giao hàng,Đã hủy,lepetitmarseillaisvn,Phát trực tiếp,7658649978860636935,fixed commission,,,,,323900,,,,,,,,,0,0,05/07/2026 21:15:29,,05/07/2026 21:15:31,,,,TTS,Open/Target Collaboration
584874372464936728,1732252957247965404,"Dầu Gội Le Petit Marseillais Nhiều Mùi Hương 300ml Dưỡng Ẩm, Thơm Lâu - Phù Hợp Mọi Loại Da",Táo & Oliu,1732252922366494940,DG31372,336200,513175,VND,1,Thanh toán khi giao hàng,Đã hủy,lepetitmarseillaisvn,Phát trực tiếp,7659021901277383432,fixed commission,,,,,336200,,,,,,,,,0,0,05/07/2026 21:15:29,,05/07/2026 21:15:31,,,,TTS,Open/Target Collaboration
584874640559146272,1732251815880067292,"Sữa Tắm Pháp Le Petit Marseillais Cho Nam Chiết Xuất Thiên Nhiên 4in1 Nhiều Mùi Hương Dưỡng Ẩm, Thơm Lâu - Phù Hợp Mọi Loại Da (250ml)","Hương Gỗ Tuyết Tùng & Dương Xỉ, Standard",1732251749141219548,ST01172,195000,309000,VND,1,Thanh toán khi giao hàng,Đang xử lý,duongmanhkien19,Video,7589190858113649928,fixed commission,,,,,195000,,,,3,5850,,,,0,0,05/07/2026 21:27:56,07/07/2026 16:31:24,05/07/2026 21:27:57,07/07/2026 16:31:24,,08/07/2026 07:06:53,TTS,Open/Target Collaboration
584875655976682915,1732250760944257244,"Sữa Tắm/Gel Tắm Pháp Le Petit Marseillais Chiết Xuất Thiên Nhiên 650ml - Sữa Tắm Lưu Hương Lành Tính - Dịu Nhẹ, An Toàn Cho Da","Thông & Bạch Đàn Biển, Standard",1732250801268689116,ST01902,395000,534500,VND,1,Thanh toán khi giao hàng,Đang xử lý,phuongthi668,Video,7599458401982172436,fixed commission,0,0,0,8,395000,31600,,,,,,,,0,0,05/07/2026 22:29:32,,05/07/2026 22:29:33,,,,TTS,Open/Target Collaboration
584875852104304060,1732250760944257244,"Sữa Tắm/Gel Tắm Pháp Le Petit Marseillais Chiết Xuất Thiên Nhiên 650ml - Sữa Tắm Lưu Hương Lành Tính - Dịu Nhẹ, An Toàn Cho Da","Thông & Bạch Đàn Biển, Standard",1732250801268689116,ST01902,342500,1545350,VND,4,Thanh toán khi giao hàng,Đang xử lý,ha_thubay,Video,7633274382705642773,fixed commission,0,0,0,,1370000,,,,3,41100,,,,0,0,05/07/2026 22:45:11,,05/07/2026 22:45:13,,,,TTS,Open/Target Collaboration
584876793836111740,1732251815880067292,"Sữa Tắm Pháp Le Petit Marseillais Cho Nam Chiết Xuất Thiên Nhiên 4in1 Nhiều Mùi Hương Dưỡng Ẩm, Thơm Lâu - Phù Hợp Mọi Loại Da (250ml)","Hương Gỗ Tuyết Tùng & Dương Xỉ, Standard",1732251749141219548,ST01172,205000,286550,VND,1,Thanh toán khi giao hàng,Đang xử lý,duongmanhkien19,Video,7578474458705382676,fixed commission,,,,,205000,,,,3,6150,,,,0,0,05/07/2026 23:54:07,07/07/2026 10:24:02,05/07/2026 23:54:09,07/07/2026 10:24:02,,,TTS,Open/Target Collaboration
584877234774836872,1732251815880067292,"Sữa Tắm Pháp Le Petit Marseillais Cho Nam Chiết Xuất Thiên Nhiên 4in1 Nhiều Mùi Hương Dưỡng Ẩm, Thơm Lâu - Phù Hợp Mọi Loại Da (250ml)","Hương Gừng & Gỗ Bách, Standard",1732251749141285084,ST04371,174250,279450,VND,1,Không áp dụng thanh toán khi giao hàng,Đang xử lý,man.trung.737,Video,7595064670482877717,fixed commission,,,,,174250,,,,3,5228,,,,0,0,06/07/2026 00:54:47,06/07/2026 00:54:51,06/07/2026 00:54:52,07/07/2026 12:19:18,,,TTS,Open/Target Collaboration
584880234149611015,1733398801247536348,Sữa Tắm Nam 4 in 1  Thiên Nhiên Le Petit Marseillais Chiết Xuất Gỗ Tuyết Tùng & Dương Xỉ 250ml 1172,Mặc định,1733398851758556380,ST01172,150000,290156,VND,1,Thanh toán khi giao hàng,Đang xử lý,thanh_truc426,Video,7642692623060241682,fixed commission,0,0,0,8,150000,12000,,,,,,,,0,0,06/07/2026 08:55:22,,06/07/2026 08:55:24,,,,TTS,Open/Target Collaboration
584882208987514482,1731317167366243548,[Quà tặng không bán] Bông Tắm Tạo Bọt Mềm Mịn,Mặc định,1731317148230255836,BONG TAM HQ,0,17550,VND,1,Thanh toán khi giao hàng,Đang xử lý,lepetitmarseillaisvn,Phát trực tiếp,7659259489400490772,fixed commission,,,,,0,,,,,,,,,0,0,06/07/2026 11:17:42,07/07/2026 16:52:50,06/07/2026 11:17:43,07/07/2026 16:52:50,,,TTS,Open/Target Collaboration
584882208987514482,1732250928810920156,"Sữa Tắm/Gel Tắm Pháp Le Petit Marseillais Thiên Nhiên 250ml - Sữa Tắm Lưu Hương Lành Tính - Dịu Nhẹ, An Toàn Cho Da","Muối Biển, Standard",1732250914984790236,ST54463,180400,286550,VND,1,Thanh toán khi giao hàng,Đang xử lý,lepetitmarseillaisvn,Phát trực tiếp,7659259489400490772,fixed commission,,,,,180400,,,,,,,,,0,0,06/07/2026 11:17:42,07/07/2026 16:52:50,06/07/2026 11:17:43,07/07/2026 16:52:50,,,TTS,Open/Target Collaboration
584882477005243528,1732250760944257244,"Sữa Tắm/Gel Tắm Pháp Le Petit Marseillais Chiết Xuất Thiên Nhiên 650ml - Sữa Tắm Lưu Hương Lành Tính - Dịu Nhẹ, An Toàn Cho Da","Thông & Bạch Đàn Biển, Standard",1732250801268689116,ST01902,306270,534500,VND,1,Không áp dụng thanh toán khi giao hàng,Đang xử lý,lepetitmarseillaisvn,Phát trực tiếp,7659259489400490772,fixed commission,,,,,306270,,,,,,,,,0,0,06/07/2026 11:31:04,06/07/2026 11:31:10,06/07/2026 11:31:14,,,,TTS,Open/Target Collaboration
584882799686879054,1731317167366243548,[Quà tặng không bán] Bông Tắm Tạo Bọt Mềm Mịn,Mặc định,1731317148230255836,BONG TAM HQ,0,7367,VND,1,Thanh toán khi giao hàng,Đang xử lý,lepetitmarseillaisvn,Phát trực tiếp,7659259489400490772,fixed commission,,,,,0,,,,,,,,,0,0,06/07/2026 11:48:46,07/07/2026 10:07:10,06/07/2026 11:48:47,07/07/2026 10:07:10,,,TTS,Open/Target Collaboration
584882799686879054,1732250760944257244,"Sữa Tắm/Gel Tắm Pháp Le Petit Marseillais Chiết Xuất Thiên Nhiên 650ml - Sữa Tắm Lưu Hương Lành Tính - Dịu Nhẹ, An Toàn Cho Da","Đào Trắng & Quả Xuân Đào, Standard",1732250801269016796,ST01288,297000,513733,VND,1,Thanh toán khi giao hàng,Đang xử lý,lepetitmarseillaisvn,Phát trực tiếp,7659259489400490772,fixed commission,,,,,297000,,,,,,,,,0,0,06/07/2026 11:48:46,07/07/2026 10:07:10,06/07/2026 11:48:47,07/07/2026 10:07:10,,,TTS,Open/Target Collaboration
584883244964218413,1732251815880067292,"Sữa Tắm Pháp Le Petit Marseillais Cho Nam Chiết Xuất Thiên Nhiên 4in1 Nhiều Mùi Hương Dưỡng Ẩm, Thơm Lâu - Phù Hợp Mọi Loại Da (250ml)","Hương Gỗ Tuyết Tùng & Dương Xỉ, Standard",1732251749141219548,ST01172,177660,289700,VND,1,Thanh toán khi giao hàng,Đang xử lý,huynhdangthong,Phát trực tiếp,7659245416520682241,fixed commission,0,0,0,7,177660,12436,,,,,,,,0,0,06/07/2026 12:21:35,,06/07/2026 12:21:37,,,,TTS,Open/Target Collaboration
584883981118965632,1732250928810920156,"Sữa Tắm/Gel Tắm Pháp Le Petit Marseillais Thiên Nhiên 250ml - Sữa Tắm Lưu Hương Lành Tính - Dịu Nhẹ, An Toàn Cho Da","Đào Trắng & Quả Xuân Đào, Standard",1732250914985380060,ST01240,170100,276900,VND,1,Thanh toán khi giao hàng,Đang xử lý,tutureview11,Video,7632198229374815508,fixed commission,,,,10,170100,17010,,,,,,,,0,0,06/07/2026 13:09:39,07/07/2026 20:39:51,06/07/2026 13:09:41,07/07/2026 20:39:51,,08/07/2026 07:19:03,TTS,Open/Target Collaboration
584884003065922982,1732251815880067292,"Sữa Tắm Pháp Le Petit Marseillais Cho Nam Chiết Xuất Thiên Nhiên 4in1 Nhiều Mùi Hương Dưỡng Ẩm, Thơm Lâu - Phù Hợp Mọi Loại Da (250ml)","Hương Gỗ Tuyết Tùng & Dương Xỉ, Standard",1732251749141219548,ST01172,189000,283850,VND,1,Thanh toán khi giao hàng,Đang xử lý,huankosai,Video,7569974511534198023,fixed commission,,,,8,189000,15120,,,,,,,,0,0,06/07/2026 13:11:24,07/07/2026 20:38:07,06/07/2026 13:11:25,07/07/2026 20:38:07,,,TTS,Open/Target Collaboration
584884083270518217,1732250760944257244,"Sữa Tắm/Gel Tắm Pháp Le Petit Marseillais Chiết Xuất Thiên Nhiên 650ml - Sữa Tắm Lưu Hương Lành Tính - Dịu Nhẹ, An Toàn Cho Da","Hương Xoài & Chanh Dây, Standard",1732250801268951260,ST68823,346720,513733,VND,1,Thanh toán khi giao hàng,Đang xử lý,anhlorenhehehe,Video,7493531443268717842,fixed commission,,,,,346720,,,,3,10402,,,,0,0,06/07/2026 13:16:19,07/07/2026 12:52:47,06/07/2026 13:16:21,07/07/2026 12:52:47,,,TTS,Open/Target Collaboration
584884247313483268,1736012338574165212,Combo 2 Sữa Tắm Nữ Pháp Le Petit Marseillais 250ml - Thiên Nhiên Dịu Nhẹ,"Dừa, Xoài Hữu Cơ & Chanh Dây",1736013429863056604,ST54494+ST99622,332640,563457,VND,1,Thanh toán khi giao hàng,Đang xử lý,ahau.phuongthao,Video,7654924065928498439,fixed commission,,,,,332640,,,,2,6653,,,,0,0,06/07/2026 13:28:16,07/07/2026 19:02:01,06/07/2026 13:28:17,07/07/2026 19:02:01,,08/07/2026 07:38:48,TTS,Open/Target Collaboration
584885854022173815,1732250928810920156,"Sữa Tắm/Gel Tắm Pháp Le Petit Marseillais Thiên Nhiên 250ml - Sữa Tắm Lưu Hương Lành Tính - Dịu Nhẹ, An Toàn Cho Da","Đào Trắng & Quả Xuân Đào, Standard",1732250914985380060,ST01240,189000,283850,VND,1,Thanh toán khi giao hàng,Đang xử lý,kinkechillchill,Video,7572051007237115154,fixed commission,,,,8,189000,15120,,,,,,,,0,0,06/07/2026 15:22:00,07/07/2026 13:49:14,06/07/2026 15:22:01,07/07/2026 13:49:14,,,TTS,Open/Target Collaboration
584886185649603695,1734496604995683548,Xà Phòng Le Petit Marseillais Chính Hãng Bánh Xà Phòng Tắm Thiên Nhiên (Ngẫu nhiên)  1 Bánh,Mặc định,1734496577198523612,1 BÁNH-XP,75000,105300,VND,1,Thanh toán khi giao hàng,Đang xử lý,onggiatichcuc79,Video,7649582978691058952,fixed commission,0,0,0,6,75000,4500,,,,,,,,0,0,06/07/2026 15:39:18,,06/07/2026 15:39:19,,,,TTS,Open/Target Collaboration
584886637352158780,1731317167366243548,[Quà tặng không bán] Bông Tắm Tạo Bọt Mềm Mịn,Mặc định,1731317148230255836,BONG TAM HQ,0,11333,VND,1,Thanh toán khi giao hàng,Đang xử lý,lepetitmarseillaisvn,Phát trực tiếp,7659332301488769812,fixed commission,,,,,0,,,,,,,,,0,0,06/07/2026 16:10:18,,06/07/2026 16:10:20,,,,TTS,Open/Target Collaboration
584886637352158780,1732250760944257244,"Sữa Tắm/Gel Tắm Pháp Le Petit Marseillais Chiết Xuất Thiên Nhiên 650ml - Sữa Tắm Lưu Hương Lành Tính - Dịu Nhẹ, An Toàn Cho Da","Đào Trắng & Quả Xuân Đào, Standard",1732250801269016796,ST01288,319000,521667,VND,1,Thanh toán khi giao hàng,Đang xử lý,lepetitmarseillaisvn,Phát trực tiếp,7659332301488769812,fixed commission,,,,,319000,,,,,,,,,0,0,06/07/2026 16:10:18,,06/07/2026 16:10:20,,,,TTS,Open/Target Collaboration
584886587789181999,1732250928810920156,"Sữa Tắm/Gel Tắm Pháp Le Petit Marseillais Thiên Nhiên 250ml - Sữa Tắm Lưu Hương Lành Tính - Dịu Nhẹ, An Toàn Cho Da","Đào Trắng & Quả Xuân Đào, Standard",1732250914985380060,ST01240,139000,286550,VND,1,Thanh toán khi giao hàng,Đang xử lý,tutureview11,Video,7632198229374815508,fixed commission,0,0,0,10,139000,13900,,,,,,,,0,0,06/07/2026 16:16:10,,06/07/2026 16:16:12,,,,TTS,Open/Target Collaboration
584886653790488390,1731317167366243548,[Quà tặng không bán] Bông Tắm Tạo Bọt Mềm Mịn,Mặc định,1731317148230255836,BONG TAM HQ,0,10450,VND,1,Thanh toán khi giao hàng,Đang xử lý,lepetitmarseillaisvn,Phát trực tiếp,7659332301488769812,fixed commission,,,,,0,,,,,,,,,0,0,06/07/2026 16:20:03,,06/07/2026 16:20:05,,,,TTS,Open/Target Collaboration
584886653790488390,1732250928810920156,"Sữa Tắm/Gel Tắm Pháp Le Petit Marseillais Thiên Nhiên 250ml - Sữa Tắm Lưu Hương Lành Tính - Dịu Nhẹ, An Toàn Cho Da","Hương Bông & Hoa Anh Túc, Standard",1732250914985117916,ST65434,189000,279450,VND,1,Thanh toán khi giao hàng,Đang xử lý,lepetitmarseillaisvn,Phát trực tiếp,7659332301488769812,fixed commission,,,,,189000,,,,,,,,,0,0,06/07/2026 16:20:03,,06/07/2026 16:20:05,,,,TTS,Open/Target Collaboration
584886976624100789,1732251815880067292,"Sữa Tắm Pháp Le Petit Marseillais Cho Nam Chiết Xuất Thiên Nhiên 4in1 Nhiều Mùi Hương Dưỡng Ẩm, Thơm Lâu - Phù Hợp Mọi Loại Da (250ml)","Hương Gỗ Tuyết Tùng & Dương Xỉ, Standard",1732251749141219548,ST01172,159000,276900,VND,1,Thanh toán khi giao hàng,Đang xử lý,emberiviu1,Video,7658686768002256148,fixed commission,0,0,0,,159000,,,,3,4770,,,,0,0,06/07/2026 16:42:29,,06/07/2026 16:42:30,,,,TTS,Open/Target Collaboration
584889213724689609,1732251815880067292,"Sữa Tắm Pháp Le Petit Marseillais Cho Nam Chiết Xuất Thiên Nhiên 4in1 Nhiều Mùi Hương Dưỡng Ẩm, Thơm Lâu - Phù Hợp Mọi Loại Da (250ml)","Hương Gỗ Tuyết Tùng & Dương Xỉ, Standard",1732251749141219548,ST01172,189000,283850,VND,1,Không áp dụng thanh toán khi giao hàng,Đang xử lý,man.trung.737,Video,7595064670482877717,fixed commission,,,,,189000,,,,3,5670,,,,0,0,06/07/2026 19:12:03,06/07/2026 19:12:07,06/07/2026 19:12:08,,,,TTS,Open/Target Collaboration
584890250767730019,1732251815880067292,"Sữa Tắm Pháp Le Petit Marseillais Cho Nam Chiết Xuất Thiên Nhiên 4in1 Nhiều Mùi Hương Dưỡng Ẩm, Thơm Lâu - Phù Hợp Mọi Loại Da (250ml)","Hương Gừng & Gỗ Bách, Standard",1732251749141285084,ST04371,189000,276900,VND,1,Thanh toán khi giao hàng,Đang xử lý,duongmanhkien19,Video,7589190858113649928,fixed commission,0,0,0,8,189000,15120,,,,,,,,0,0,06/07/2026 20:10:57,,06/07/2026 20:10:59,,,,TTS,Open/Target Collaboration
584890499501163660,1732251815880067292,"Sữa Tắm Pháp Le Petit Marseillais Cho Nam Chiết Xuất Thiên Nhiên 4in1 Nhiều Mùi Hương Dưỡng Ẩm, Thơm Lâu - Phù Hợp Mọi Loại Da (250ml)","Hương Gỗ Tuyết Tùng & Dương Xỉ, Standard",1732251749141219548,ST01172,189000,276900,VND,1,Thanh toán khi giao hàng,Đang xử lý,duongmanhkien19,Video,7578474458705382676,fixed commission,0,0,0,,189000,,,,3,5670,,,,0,0,06/07/2026 20:24:14,,06/07/2026 20:24:16,,,,TTS,Open/Target Collaboration
584891801057003073,1732251815880067292,"Sữa Tắm Pháp Le Petit Marseillais Cho Nam Chiết Xuất Thiên Nhiên 4in1 Nhiều Mùi Hương Dưỡng Ẩm, Thơm Lâu - Phù Hợp Mọi Loại Da (250ml)","Hương Gỗ Tuyết Tùng & Dương Xỉ, Standard",1732251749141219548,ST01172,189000,289700,VND,1,Thanh toán khi giao hàng,Đang xử lý,duongmanhkien19,Video,7578474458705382676,fixed commission,0,0,0,,189000,,,,3,5670,,,,0,0,06/07/2026 21:26:09,,06/07/2026 21:26:10,,,,TTS,Open/Target Collaboration
584892975794456428,1732251815880067292,"Sữa Tắm Pháp Le Petit Marseillais Cho Nam Chiết Xuất Thiên Nhiên 4in1 Nhiều Mùi Hương Dưỡng Ẩm, Thơm Lâu - Phù Hợp Mọi Loại Da (250ml)","Hương Gỗ Tuyết Tùng & Dương Xỉ, Standard",1732251749141219548,ST01172,156870,276900,VND,1,Không áp dụng thanh toán khi giao hàng,Đang xử lý,man.trung.737,Video,7595064670482877717,fixed commission,,,,8,156870,12550,,,,,,,,0,0,06/07/2026 22:44:02,06/07/2026 22:44:05,06/07/2026 22:44:06,,,,TTS,Open/Target Collaboration
584893440544048199,1734496604995683548,Xà Phòng Le Petit Marseillais Chính Hãng Bánh Xà Phòng Tắm Thiên Nhiên (Ngẫu nhiên)  1 Bánh,Mặc định,1734496577198523612,1 BÁNH-XP,75000,105300,VND,1,Thanh toán khi giao hàng,Đang xử lý,onggiatichcuc79,Video,7652811158407138567,fixed commission,0,0,0,6,75000,4500,,,,,,,,0,0,06/07/2026 23:12:39,,06/07/2026 23:12:40,,,,TTS,Open/Target Collaboration
584893695310595981,1734496604995683548,Xà Phòng Le Petit Marseillais Chính Hãng Bánh Xà Phòng Tắm Thiên Nhiên (Ngẫu nhiên)  1 Bánh,Mặc định,1734496577198523612,1 BÁNH-XP,0,2986,VND,1,Thanh toán khi giao hàng,Đang xử lý,lepetitmarseillaisvn,Phát trực tiếp,7659445379701000968,fixed commission,,,,,0,,,,,,,,,0,0,06/07/2026 23:33:54,,06/07/2026 23:33:56,,,,TTS,Open/Target Collaboration
584893695310595981,1736012338574165212,Combo 2 Sữa Tắm Nữ Pháp Le Petit Marseillais 250ml - Thiên Nhiên Dịu Nhẹ,"Đào Trắng Hữu Cơ Và Quả Xuân Đào, Xoài Hữu Cơ & Chanh Dây",1736013429863449820,ST01240+ST99622,296000,555914,VND,1,Thanh toán khi giao hàng,Đang xử lý,lepetitmarseillaisvn,Phát trực tiếp,7659445379701000968,fixed commission,,,,,296000,,,,,,,,,0,0,06/07/2026 23:33:54,,06/07/2026 23:33:56,,,,TTS,Open/Target Collaboration
584893860090906163,1732250760944257244,"Sữa Tắm/Gel Tắm Pháp Le Petit Marseillais Chiết Xuất Thiên Nhiên 650ml - Sữa Tắm Lưu Hương Lành Tính - Dịu Nhẹ, An Toàn Cho Da","Hạnh Nhân, Standard",1732250801269213404,ST53594,319140,507800,VND,1,Thanh toán khi giao hàng,Đang xử lý,lepetitmarseillaisvn,Phát trực tiếp,7659445379701000968,fixed commission,,,,,319140,,,,,,,,,0,0,06/07/2026 23:47:47,,06/07/2026 23:47:48,,,,TTS,Open/Target Collaboration
584893860090906163,1732252961260865756,"Dầu Gội Thiên Nhiên Le Petit Marseillais Nhiều Mùi Hương 250ml Dưỡng Ẩm, Thơm Lâu - Phù Hợp Mọi Loại Da",Trị Gàu 2 In 1 Tinh Dầu Bạc Hà,1732252943759018204,DG74042,216270,333400,VND,1,Thanh toán khi giao hàng,Đang xử lý,lepetitmarseillaisvn,Phát trực tiếp,7659445379701000968,fixed commission,,,,,216270,,,,,,,,,0,0,06/07/2026 23:47:47,,06/07/2026 23:47:48,,,,TTS,Open/Target Collaboration
584893860090906163,1731317167366243548,[Quà tặng không bán] Bông Tắm Tạo Bọt Mềm Mịn,Mặc định,1731317148230255836,BONG TAM HQ,0,4400,VND,1,Thanh toán khi giao hàng,Đang xử lý,lepetitmarseillaisvn,Phát trực tiếp,7659445379701000968,fixed commission,,,,,0,,,,,,,,,0,0,06/07/2026 23:47:47,,06/07/2026 23:47:48,,,,TTS,Open/Target Collaboration
584894037856519872,1735803452711142620,Dầu Xả Cấp Ẩm Le Petit Marseillais Nước Dừa Hữu Cơ 200ml,Mặc định,1735803348866008284,DX74752,0,6800,VND,1,Thanh toán khi giao hàng,Đang xử lý,lepetitmarseillaisvn,Phát trực tiếp,7659445379701000968,fixed commission,,,,,0,,,,,,,,,0,0,07/07/2026 00:00:35,,07/07/2026 00:00:38,,,,TTS,Open/Target Collaboration
584894037856519872,1732250760944257244,"Sữa Tắm/Gel Tắm Pháp Le Petit Marseillais Chiết Xuất Thiên Nhiên 650ml - Sữa Tắm Lưu Hương Lành Tính - Dịu Nhẹ, An Toàn Cho Da","Đào Trắng & Quả Xuân Đào, Standard",1732250801269016796,ST01288,299880,526200,VND,1,Thanh toán khi giao hàng,Đang xử lý,lepetitmarseillaisvn,Phát trực tiếp,7659445379701000968,fixed commission,,,,,299880,,,,,,,,,0,0,07/07/2026 00:00:35,,07/07/2026 00:00:38,,,,TTS,Open/Target Collaboration
584894232731223580,1732250760944257244,"Sữa Tắm/Gel Tắm Pháp Le Petit Marseillais Chiết Xuất Thiên Nhiên 650ml - Sữa Tắm Lưu Hương Lành Tính - Dịu Nhẹ, An Toàn Cho Da","Thông & Bạch Đàn Biển, Standard",1732250801268689116,ST01902,299880,534500,VND,1,Thanh toán khi giao hàng,Đang xử lý,lepetitmarseillaisvn,Phát trực tiếp,7659445379701000968,fixed commission,,,,,299880,,,,,,,,,0,0,07/07/2026 00:16:58,,07/07/2026 00:17:00,,,,TTS,Open/Target Collaboration
584894722819131387,1732250928810920156,"Sữa Tắm/Gel Tắm Pháp Le Petit Marseillais Thiên Nhiên 250ml - Sữa Tắm Lưu Hương Lành Tính - Dịu Nhẹ, An Toàn Cho Da","Hạnnh Nhân, Standard",1732250914985248988,ST00892,165186,276900,VND,1,Thanh toán khi giao hàng,Đang xử lý,meo.review56,Video,7642357913146707208,fixed commission,0,0,0,8,165186,13215,,,,,,,,0,0,07/07/2026 00:57:20,,07/07/2026 00:57:21,,,,TTS,Open/Target Collaboration
584894722819131387,1731317167366243548,[Quà tặng không bán] Bông Tắm Tạo Bọt Mềm Mịn,Mặc định,1731317148230255836,BONG TAM HQ,0,7900,VND,1,Thanh toán khi giao hàng,Đang xử lý,lepetitmarseillaisvn,Phát trực tiếp,7659445379701000968,fixed commission,,,,,0,,,,,,,,,0,0,07/07/2026 00:57:20,,07/07/2026 00:57:21,,,,TTS,Open/Target Collaboration
584894695663634010,1732251815880067292,"Sữa Tắm Pháp Le Petit Marseillais Cho Nam Chiết Xuất Thiên Nhiên 4in1 Nhiều Mùi Hương Dưỡng Ẩm, Thơm Lâu - Phù Hợp Mọi Loại Da (250ml)","Hương Gỗ Tuyết Tùng & Dương Xỉ, Standard",1732251749141219548,ST01172,189000,286550,VND,1,Thanh toán khi giao hàng,Đang xử lý,lepthelittlekid,Video,7594749644052204818,fixed commission,0,0,0,5,189000,9450,,,,,,,,0,0,07/07/2026 00:59:17,,07/07/2026 00:59:18,,,,TTS,Open/Target Collaboration
584894731122804183,1732250760944257244,"Sữa Tắm/Gel Tắm Pháp Le Petit Marseillais Chiết Xuất Thiên Nhiên 650ml - Sữa Tắm Lưu Hương Lành Tính - Dịu Nhẹ, An Toàn Cho Da","Dừa, Standard",1732250801269147868,ST06999,296310,512680,VND,1,Thanh toán khi giao hàng,Đang xử lý,ha_thubay,Video,7633274382705642773,fixed commission,0,0,0,,296310,,,,3,8889,,,,0,0,07/07/2026 00:59:59,,07/07/2026 01:00:00,,,,TTS,Open/Target Collaboration
584894829477069848,1732250760944257244,"Sữa Tắm/Gel Tắm Pháp Le Petit Marseillais Chiết Xuất Thiên Nhiên 650ml - Sữa Tắm Lưu Hương Lành Tính - Dịu Nhẹ, An Toàn Cho Da","Sữa Thực Vật, Standard",1732250801269344476,ST00991,270976,512680,VND,1,Thanh toán khi giao hàng,Đang xử lý,lepetitmarseillaisvn,Phát trực tiếp,7659445379701000968,fixed commission,,,,,270976,,,,,,,,,0,0,07/07/2026 01:13:55,,07/07/2026 01:13:56,,,,TTS,Open/Target Collaboration
584894829477069848,1735803452711142620,Dầu Xả Cấp Ẩm Le Petit Marseillais Nước Dừa Hữu Cơ 200ml,Mặc định,1735803348866008284,DX74752,0,3420,VND,1,Thanh toán khi giao hàng,Đang xử lý,lepetitmarseillaisvn,Phát trực tiếp,7659445379701000968,fixed commission,,,,,0,,,,,,,,,0,0,07/07/2026 01:13:55,,07/07/2026 01:13:56,,,,TTS,Open/Target Collaboration
584895009031882277,1732251815880067292,"Sữa Tắm Pháp Le Petit Marseillais Cho Nam Chiết Xuất Thiên Nhiên 4in1 Nhiều Mùi Hương Dưỡng Ẩm, Thơm Lâu - Phù Hợp Mọi Loại Da (250ml)","Hương Gỗ Tuyết Tùng & Dương Xỉ, Standard",1732251749141219548,ST01172,173844,279450,VND,1,Thanh toán khi giao hàng,Đang xử lý,gentlegrooming0,Video,7597291366036557076,fixed commission,0,0,0,8,173844,13908,,,,,,,,0,0,07/07/2026 01:42:16,,07/07/2026 01:42:17,,,,TTS,Open/Target Collaboration
584895129999082928,1732251815880067292,"Sữa Tắm Pháp Le Petit Marseillais Cho Nam Chiết Xuất Thiên Nhiên 4in1 Nhiều Mùi Hương Dưỡng Ẩm, Thơm Lâu - Phù Hợp Mọi Loại Da (250ml)","Hương Gỗ Tuyết Tùng & Dương Xỉ, Standard",1732251749141219548,ST01172,189000,276900,VND,1,Thanh toán khi giao hàng,Đang xử lý,thanhtai.197,Video,7641377755946306836,fixed commission,0,0,0,8,189000,15120,,,,,,,,0,0,07/07/2026 01:59:30,,07/07/2026 01:59:31,,,,TTS,Open/Target Collaboration
584895297946748448,1732250760944257244,"Sữa Tắm/Gel Tắm Pháp Le Petit Marseillais Chiết Xuất Thiên Nhiên 650ml - Sữa Tắm Lưu Hương Lành Tính - Dịu Nhẹ, An Toàn Cho Da","Thông & Bạch Đàn Biển, Standard",1732250801268689116,ST01902,296310,512680,VND,1,Thanh toán khi giao hàng,Đang xử lý,lepetitmarseillaisvn,Phát trực tiếp,7658188231381732117,fixed commission,,,,,296310,,,,,,,,,0,0,07/07/2026 02:33:38,,07/07/2026 02:33:39,,,,TTS,Open/Target Collaboration
584895297946748448,1735803452711142620,Dầu Xả Cấp Ẩm Le Petit Marseillais Nước Dừa Hữu Cơ 200ml,Mặc định,1735803348866008284,DX74752,0,3420,VND,1,Thanh toán khi giao hàng,Đang xử lý,lepetitmarseillaisvn,Phát trực tiếp,7658188231381732117,fixed commission,,,,,0,,,,,,,,,0,0,07/07/2026 02:33:38,,07/07/2026 02:33:39,,,,TTS,Open/Target Collaboration
584895474740922076,1732251815880067292,"Sữa Tắm Pháp Le Petit Marseillais Cho Nam Chiết Xuất Thiên Nhiên 4in1 Nhiều Mùi Hương Dưỡng Ẩm, Thơm Lâu - Phù Hợp Mọi Loại Da (250ml)","Hương Gỗ Tuyết Tùng & Dương Xỉ, Standard",1732251749141219548,ST01172,189000,279450,VND,1,Thanh toán khi giao hàng,Đang xử lý,duongmanhkien19,Video,7578474458705382676,fixed commission,0,0,0,,189000,,,,3,5670,,,,0,0,07/07/2026 03:24:58,,07/07/2026 03:24:59,,,,TTS,Open/Target Collaboration
584895693196527555,1732252961260865756,"Dầu Gội Thiên Nhiên Le Petit Marseillais Nhiều Mùi Hương 250ml Dưỡng Ẩm, Thơm Lâu - Phù Hợp Mọi Loại Da",Trị Gàu 2 In 1 Tinh Dầu Bạc Hà,1732252943759018204,DG74042,190400,359300,VND,1,Thanh toán khi giao hàng,Đang xử lý,mevyan,Video,7650405376294194453,fixed commission,0,0,0,8,190400,15232,,,,,,,,0,0,07/07/2026 04:17:42,,07/07/2026 04:17:44,,,,TTS,Open/Target Collaboration
584896049144628780,1732251815880067292,"Sữa Tắm Pháp Le Petit Marseillais Cho Nam Chiết Xuất Thiên Nhiên 4in1 Nhiều Mùi Hương Dưỡng Ẩm, Thơm Lâu - Phù Hợp Mọi Loại Da (250ml)","Hương Gỗ Tuyết Tùng & Dương Xỉ, Standard",1732251749141219548,ST01172,185000,466214,VND,2,Thanh toán khi giao hàng,Đang xử lý,duongmanhkien19,Video,7578474458705382676,fixed commission,0,0,0,,370000,,,,3,11100,,,,0,0,07/07/2026 05:29:29,,07/07/2026 05:29:30,,,,TTS,Open/Target Collaboration
584896208791176531,1732251932571175132,"Sữa Dưỡng Thể 24h Le Petit Marseillais Nhiều Mùi Hương 400ml Dưỡng Ẩm, Thơm Lâu - Phù Hợp Mọi Loại Da","Bơ Hạt Mỡ, Hạnh Nhân, Dầu Argan, Standard",1732251916621613276,DT83916,332000,494800,VND,1,Thanh toán khi giao hàng,Đang xử lý,lepetitmarseillaisvn,Phát trực tiếp,7659021901277383432,fixed commission,,,,,332000,,,,,,,,,0,0,07/07/2026 05:49:41,,07/07/2026 05:49:43,,,,TTS,Open/Target Collaboration
584896241034757298,1732251815880067292,"Sữa Tắm Pháp Le Petit Marseillais Cho Nam Chiết Xuất Thiên Nhiên 4in1 Nhiều Mùi Hương Dưỡng Ẩm, Thơm Lâu - Phù Hợp Mọi Loại Da (250ml)","Hương Gỗ Tuyết Tùng & Dương Xỉ, Standard",1732251749141219548,ST01172,189000,276900,VND,1,Thanh toán khi giao hàng,Đang xử lý,duongmanhkien19,Video,7578474458705382676,fixed commission,0,0,0,,189000,,,,3,5670,,,,0,0,07/07/2026 05:56:37,,07/07/2026 05:56:39,,,,TTS,Open/Target Collaboration
584896270489060530,1732251815880067292,"Sữa Tắm Pháp Le Petit Marseillais Cho Nam Chiết Xuất Thiên Nhiên 4in1 Nhiều Mùi Hương Dưỡng Ẩm, Thơm Lâu - Phù Hợp Mọi Loại Da (250ml)","Hương Thông & Bạch Đàn Biển, Standard",1732251749141154012,ST01356,189000,276900,VND,1,Thanh toán khi giao hàng,Đang xử lý,duongmanhkien19,Video,7578474458705382676,fixed commission,0,0,0,,189000,,,,3,5670,,,,0,0,07/07/2026 05:57:03,,07/07/2026 05:57:04,,,,TTS,Open/Target Collaboration
584896306579932950,1732251815880067292,"Sữa Tắm Pháp Le Petit Marseillais Cho Nam Chiết Xuất Thiên Nhiên 4in1 Nhiều Mùi Hương Dưỡng Ẩm, Thơm Lâu - Phù Hợp Mọi Loại Da (250ml)","Hương Thông & Bạch Đàn Biển, Standard",1732251749141154012,ST01356,189000,271350,VND,1,Thanh toán khi giao hàng,Đang xử lý,man.trung.737,Video,7595064670482877717,fixed commission,0,0,0,,189000,,,,3,5670,,,,0,0,07/07/2026 06:02:10,,07/07/2026 06:02:11,,,,TTS,Open/Target Collaboration
584897046222964377,1735803427867296988,Dầu Gội Phục Hồi Chuyên Sâu Le Petit Marseillais Dầu Jojoba Hữu Cơ 250ml,Mặc định,1735803319872816348,DG60650,174317,337957,VND,1,Thanh toán khi giao hàng,Đang xử lý,iflytek02,Chương trình Lưu lượng truy cập bên ngoài,,fixed commission,0,0,0,4,174317,6973,,,,,,,,0,0,07/07/2026 07:15:26,,07/07/2026 07:15:28,,,,TTS,Open/Target Collaboration
584897046222964377,1733205919089657052,Dầu Gội Trẻ Em 2in1 94% Thiên Nhiên Le Petit Marseillais Giúp Gỡ Rối Tóc Nhiều Mùi Hương 300ml,Quả đào & mơ 0435,1733205957881660636,DG90435,207277,380943,VND,1,Thanh toán khi giao hàng,Đang xử lý,iflytek02,Chương trình Lưu lượng truy cập bên ngoài,,fixed commission,0,0,0,4,207277,8291,,,,,,,,0,0,07/07/2026 07:15:26,,07/07/2026 07:15:28,,,,TTS,Open/Target Collaboration
584897902238795042,1732251815880067292,"Sữa Tắm Pháp Le Petit Marseillais Cho Nam Chiết Xuất Thiên Nhiên 4in1 Nhiều Mùi Hương Dưỡng Ẩm, Thơm Lâu - Phù Hợp Mọi Loại Da (250ml)","Hương Gỗ Tuyết Tùng & Dương Xỉ, Standard",1732251749141219548,ST01172,189000,276900,VND,1,Không áp dụng thanh toán khi giao hàng,Đang xử lý,ngocminhpmh,Chương trình Lưu lượng truy cập bên ngoài,,fixed commission,,,,8,189000,15120,,,,,,,,0,0,07/07/2026 08:23:25,07/07/2026 08:23:28,07/07/2026 08:23:30,,,,TTS,Open/Target Collaboration
584898209487160951,1732250928810920156,"Sữa Tắm/Gel Tắm Pháp Le Petit Marseillais Thiên Nhiên 250ml - Sữa Tắm Lưu Hương Lành Tính - Dịu Nhẹ, An Toàn Cho Da","Đào Trắng & Quả Xuân Đào, Standard",1732250914985380060,ST01240,189000,276900,VND,1,Thanh toán khi giao hàng,Đang xử lý,kinkechillchill,Video,7572051007237115154,fixed commission,0,0,0,8,189000,15120,,,,,,,,0,0,07/07/2026 08:47:46,,07/07/2026 08:47:48,,,,TTS,Open/Target Collaboration
584898518896837756,1736012338574165212,Combo 2 Sữa Tắm Nữ Pháp Le Petit Marseillais 250ml - Thiên Nhiên Dịu Nhẹ,"Bông Và Hoa Anh Túc, Quả Mâm Xôi Hữu Cơ & Hoa Mẫu Đơn",1736012795078477020,ST65434+ST48441,370000,551543,VND,1,Thanh toán khi giao hàng,Đang xử lý,ahau.phuongthao,Trưng bày,,fixed commission,0,0,0,12,370000,44400,,,,,,,,0,0,07/07/2026 09:07:51,,07/07/2026 09:07:53,,,,TTS,Open/Target Collaboration
584899093969274062,1732250928810920156,"Sữa Tắm/Gel Tắm Pháp Le Petit Marseillais Thiên Nhiên 250ml - Sữa Tắm Lưu Hương Lành Tính - Dịu Nhẹ, An Toàn Cho Da","Hương Lựu, Standard",1732250914984724700,ST19308,179550,286550,VND,1,Thanh toán khi giao hàng,Đang xử lý,lepetitmarseillaisvn,Phát trực tiếp,7657770864272476949,fixed commission,,,,,179550,,,,,,,,,0,0,07/07/2026 09:36:53,,07/07/2026 09:36:56,,,,TTS,Open/Target Collaboration
584899093969274062,1731317167366243548,[Quà tặng không bán] Bông Tắm Tạo Bọt Mềm Mịn,Mặc định,1731317148230255836,BONG TAM HQ,0,17550,VND,1,Thanh toán khi giao hàng,Đang xử lý,lepetitmarseillaisvn,Phát trực tiếp,7657770864272476949,fixed commission,,,,,0,,,,,,,,,0,0,07/07/2026 09:36:53,,07/07/2026 09:36:56,,,,TTS,Open/Target Collaboration
584900657890822017,1732250760944257244,"Sữa Tắm/Gel Tắm Pháp Le Petit Marseillais Chiết Xuất Thiên Nhiên 650ml - Sữa Tắm Lưu Hương Lành Tính - Dịu Nhẹ, An Toàn Cho Da","Hạnh Nhân, Standard",1732250801269213404,ST53594,271002,504835,VND,1,Thanh toán khi giao hàng,Đang xử lý,iflyad07,Chương trình Lưu lượng truy cập bên ngoài,,fixed commission,0,0,0,4,271002,10840,,,,,,,,0,0,07/07/2026 11:19:05,,07/07/2026 11:19:07,,,,TTS,Open/Target Collaboration
584900657890822017,1732250760944257244,"Sữa Tắm/Gel Tắm Pháp Le Petit Marseillais Chiết Xuất Thiên Nhiên 650ml - Sữa Tắm Lưu Hương Lành Tính - Dịu Nhẹ, An Toàn Cho Da","Sữa Thực Vật, Standard",1732250801269344476,ST00991,271001,504835,VND,1,Thanh toán khi giao hàng,Đang xử lý,iflyad07,Chương trình Lưu lượng truy cập bên ngoài,,fixed commission,0,0,0,4,271001,10840,,,,,,,,0,0,07/07/2026 11:19:05,,07/07/2026 11:19:07,,,,TTS,Open/Target Collaboration
584900657890822017,1735910664928920796,Combo 2 Sữa Tắm Nam Le Petit Marseillais 4in1 Cho Tóc Mặt Râu Toàn Thân 250ml,"Gừng Và Gỗ Bách Tươi , Gỗ Tuyết Tùng Và Dương Xỉ",1735912571878933724,ST04371 + ST01172,286942,541501,VND,1,Thanh toán khi giao hàng,Đang xử lý,iflyad07,Chương trình Lưu lượng truy cập bên ngoài,,fixed commission,0,0,0,4,286942,11478,,,,,,,,0,0,07/07/2026 11:19:05,,07/07/2026 11:19:07,,,,TTS,Open/Target Collaboration
584900657890822017,1732250760944257244,"Sữa Tắm/Gel Tắm Pháp Le Petit Marseillais Chiết Xuất Thiên Nhiên 650ml - Sữa Tắm Lưu Hương Lành Tính - Dịu Nhẹ, An Toàn Cho Da","Lá Oliu & Hoa Bồ Đề, Standard",1732250801268754652,ST01295,295293,504835,VND,1,Thanh toán khi giao hàng,Đang xử lý,iflyad07,Chương trình Lưu lượng truy cập bên ngoài,,fixed commission,0,0,0,4,295293,11812,,,,,,,,0,0,07/07/2026 11:19:05,,07/07/2026 11:19:07,,,,TTS,Open/Target Collaboration
584900657890822017,1732250760944257244,"Sữa Tắm/Gel Tắm Pháp Le Petit Marseillais Chiết Xuất Thiên Nhiên 650ml - Sữa Tắm Lưu Hương Lành Tính - Dịu Nhẹ, An Toàn Cho Da","Vani, Standard",1732250801269082332,ST00557,271002,504835,VND,1,Thanh toán khi giao hàng,Đang xử lý,iflyad07,Chương trình Lưu lượng truy cập bên ngoài,,fixed commission,0,0,0,4,271002,10840,,,,,,,,0,0,07/07/2026 11:19:05,,07/07/2026 11:19:07,,,,TTS,Open/Target Collaboration
584901388575606514,1732250760944257244,"Sữa Tắm/Gel Tắm Pháp Le Petit Marseillais Chiết Xuất Thiên Nhiên 650ml - Sữa Tắm Lưu Hương Lành Tính - Dịu Nhẹ, An Toàn Cho Da","Hoa Tiare, Standard",1732250801268885724,ST68816,310018,512680,VND,1,Không áp dụng thanh toán khi giao hàng,Đang xử lý,lepetitmarseillaisvn,Phát trực tiếp,7659642217439480597,fixed commission,,,,,310018,,,,,,,,,0,0,07/07/2026 11:54:15,07/07/2026 11:55:12,07/07/2026 11:55:13,,,,TTS,Open/Target Collaboration
584901388575606514,1735803452711142620,Dầu Xả Cấp Ẩm Le Petit Marseillais Nước Dừa Hữu Cơ 200ml,Mặc định,1735803348866008284,DX74752,0,3420,VND,1,Không áp dụng thanh toán khi giao hàng,Đang xử lý,lepetitmarseillaisvn,Phát trực tiếp,7659642217439480597,fixed commission,,,,,0,,,,,,,,,0,0,07/07/2026 11:54:15,07/07/2026 11:55:12,07/07/2026 11:55:13,,,,TTS,Open/Target Collaboration
584901388575803122,1736012338574165212,Combo 2 Sữa Tắm Nữ Pháp Le Petit Marseillais 250ml - Thiên Nhiên Dịu Nhẹ,"Xoài Hữu Cơ & Chanh Dây, Quả Mâm Xôi Hữu Cơ & Hoa Mẫu Đơn",1736013429863646428,ST99622+ST48441,301252,573500,VND,1,Không áp dụng thanh toán khi giao hàng,Đang xử lý,lepetitmarseillaisvn,Phát trực tiếp,7659642217439480597,fixed commission,,,,,301252,,,,,,,,,0,0,07/07/2026 11:54:15,07/07/2026 11:55:12,07/07/2026 11:55:14,,,,TTS,Open/Target Collaboration
584901624922998676,1732250760944257244,"Sữa Tắm/Gel Tắm Pháp Le Petit Marseillais Chiết Xuất Thiên Nhiên 650ml - Sữa Tắm Lưu Hương Lành Tính - Dịu Nhẹ, An Toàn Cho Da","Dừa, Standard",1732250801269147868,ST06999,336650,532120,VND,1,Không áp dụng thanh toán khi giao hàng,Đang xử lý,thaocanview,Video,7639362324603686164,fixed commission,,,,8,336650,26932,,,,,,,,0,0,07/07/2026 12:15:13,07/07/2026 12:15:28,07/07/2026 12:15:29,,,,TTS,Open/Target Collaboration
584901624922998676,1735803452711142620,Dầu Xả Cấp Ẩm Le Petit Marseillais Nước Dừa Hữu Cơ 200ml,Mặc định,1735803348866008284,DX74752,0,8280,VND,1,Không áp dụng thanh toán khi giao hàng,Đang xử lý,iflytek02,Chương trình Lưu lượng truy cập bên ngoài,,fixed commission,,,,,0,,,,,,,,,0,0,07/07/2026 12:15:13,07/07/2026 12:15:28,07/07/2026 12:15:29,,,,TTS,Open/Target Collaboration
584901675790403509,1732250760944257244,"Sữa Tắm/Gel Tắm Pháp Le Petit Marseillais Chiết Xuất Thiên Nhiên 650ml - Sữa Tắm Lưu Hương Lành Tính - Dịu Nhẹ, An Toàn Cho Da","Hạnh Nhân, Standard",1732250801269213404,ST53594,296310,516680,VND,1,Thanh toán khi giao hàng,Đang xử lý,lepetitmarseillaisvn,Phát trực tiếp,7659645194677046036,fixed commission,,,,,296310,,,,,,,,,0,0,07/07/2026 12:17:09,,07/07/2026 12:17:10,,,,TTS,Open/Target Collaboration
584901675790403509,1735803452711142620,Dầu Xả Cấp Ẩm Le Petit Marseillais Nước Dừa Hữu Cơ 200ml,Mặc định,1735803348866008284,DX74752,0,4420,VND,1,Thanh toán khi giao hàng,Đang xử lý,lepetitmarseillaisvn,Phát trực tiếp,7659645194677046036,fixed commission,,,,,0,,,,,,,,,0,0,07/07/2026 12:17:09,,07/07/2026 12:17:10,,,,TTS,Open/Target Collaboration
584902007033333002,1736012338574165212,Combo 2 Sữa Tắm Nữ Pháp Le Petit Marseillais 250ml - Thiên Nhiên Dịu Nhẹ,"Xoài Hữu Cơ & Chanh Dây, Lựu",1736013429863974108,ST99622+ST19308,302400,579400,VND,1,Không áp dụng thanh toán khi giao hàng,Đang xử lý,lepetitmarseillaisvn,Phát trực tiếp,7658649978860636935,fixed commission,,,,,302400,,,,,,,,,0,0,07/07/2026 12:30:55,07/07/2026 12:30:59,07/07/2026 12:31:02,,,,TTS,Open/Target Collaboration
584902099008259513,1734484089688655068,Sữa Tắm Pháp Le Petit Marseillais 650ml chiết xuất Dừa,Mặc định,1735234740272727260,ST06999,257000,533080,VND,1,Thanh toán khi giao hàng,Đang xử lý,lepthelittlekid,Trưng bày,,fixed commission,0,0,0,15,257000,38550,,,,,,,,0,0,07/07/2026 12:41:54,,07/07/2026 12:41:56,,,,TTS,Open/Target Collaboration
584902099008259513,1735803452711142620,Dầu Xả Cấp Ẩm Le Petit Marseillais Nước Dừa Hữu Cơ 200ml,Mặc định,1735803348866008284,DX74752,0,8520,VND,1,Thanh toán khi giao hàng,Đang xử lý,lepetitmarseillaisvn,Video,7581385844905364754,fixed commission,,,,,0,,,,,,,,,0,0,07/07/2026 12:41:54,,07/07/2026 12:41:56,,,,TTS,Open/Target Collaboration
584902284931597758,1734496604995683548,Xà Phòng Le Petit Marseillais Chính Hãng Bánh Xà Phòng Tắm Thiên Nhiên (Ngẫu nhiên)  1 Bánh,Mặc định,1734496577198523612,1 BÁNH-XP,0,2257,VND,1,Không áp dụng thanh toán khi giao hàng,Đang xử lý,lepetitmarseillaisvn,Phát trực tiếp,7659645194677046036,fixed commission,,,,,0,,,,,,,,,0,0,07/07/2026 12:44:25,07/07/2026 12:44:57,07/07/2026 12:44:57,,,,TTS,Open/Target Collaboration
584902284931597758,1736012338574165212,Combo 2 Sữa Tắm Nữ Pháp Le Petit Marseillais 250ml - Thiên Nhiên Dịu Nhẹ,"Đào Trắng Hữu Cơ Và Quả Xuân Đào, Dừa",1736012747225531612,ST01240+ST54494,302400,551543,VND,1,Không áp dụng thanh toán khi giao hàng,Đang xử lý,lepetitmarseillaisvn,Phát trực tiếp,7659645194677046036,fixed commission,,,,,302400,,,,,,,,,0,0,07/07/2026 12:44:25,07/07/2026 12:44:57,07/07/2026 12:44:57,,,,TTS,Open/Target Collaboration
584902183080002667,1732252961260865756,"Dầu Gội Thiên Nhiên Le Petit Marseillais Nhiều Mùi Hương 250ml Dưỡng Ẩm, Thơm Lâu - Phù Hợp Mọi Loại Da",Phục Hồi Chuyên Sâu Dầu Jojoba,1732252943759083740,DG60650,238000,343000,VND,1,Thanh toán khi giao hàng,Đang xử lý,ngocdailyvlog,Video,7580781933962071314,fixed commission,0,0,0,,238000,,,,3,7140,,,,0,0,07/07/2026 12:45:52,,07/07/2026 12:45:53,,,,TTS,Open/Target Collaboration
584902211102213963,1732250760944257244,"Sữa Tắm/Gel Tắm Pháp Le Petit Marseillais Chiết Xuất Thiên Nhiên 650ml - Sữa Tắm Lưu Hương Lành Tính - Dịu Nhẹ, An Toàn Cho Da","Hoa Tiare, Standard",1732250801268885724,ST68816,324000,543320,VND,1,Thanh toán khi giao hàng,Đã hủy,lepetitmarseillaisvn,Phát trực tiếp,7659645194677046036,fixed commission,,,,,324000,,,,,,,,,0,0,07/07/2026 12:48:32,,07/07/2026 12:48:33,,,,TTS,Open/Target Collaboration
584902429993633373,1733398589084042460,Sữa Tắm Nam Thơm Lâu 4 in 1 Thiên Nhiên Le Petit Marseillais Chiết Xuất Thông Biển & Bạch Đàn 250ml 1356,Mặc định,1733398673842472156,ST01356,145000,284600,VND,1,Không áp dụng thanh toán khi giao hàng,Đang xử lý,thanhtai.197,Video,7659320242094542100,fixed commission,,,,8,145000,11600,,,,,,,,0,0,07/07/2026 12:56:57,07/07/2026 12:57:02,07/07/2026 12:57:04,,,,TTS,Open/Target Collaboration
584902673376904492,1732251815880067292,"Sữa Tắm Pháp Le Petit Marseillais Cho Nam Chiết Xuất Thiên Nhiên 4in1 Nhiều Mùi Hương Dưỡng Ẩm, Thơm Lâu - Phù Hợp Mọi Loại Da (250ml)","Hương Gỗ Tuyết Tùng & Dương Xỉ, Standard",1732251749141219548,ST01172,189000,276900,VND,1,Thanh toán khi giao hàng,Đã hủy,man.trung.737,Video,7595064670482877717,fixed commission,0,0,0,,189000,,,,3,5670,,,,0,0,07/07/2026 13:09:32,,07/07/2026 13:09:33,,,,TTS,Open/Target Collaboration
584903575356081238,1732252961260865756,"Dầu Gội Thiên Nhiên Le Petit Marseillais Nhiều Mùi Hương 250ml Dưỡng Ẩm, Thơm Lâu - Phù Hợp Mọi Loại Da",Thải Độc Với Chiết Xuất Trà Xanh Hữu Cơ,1735769515978753244,DG37467,208000,343000,VND,1,Thanh toán khi giao hàng,Đang xử lý,ngocdailyvlog,Video,7580781933962071314,fixed commission,0,0,0,,208000,,,,3,6240,,,,0,0,07/07/2026 14:09:03,,07/07/2026 14:09:04,,,,TTS,Open/Target Collaboration
584903680302286066,1732251815880067292,"Sữa Tắm Pháp Le Petit Marseillais Cho Nam Chiết Xuất Thiên Nhiên 4in1 Nhiều Mùi Hương Dưỡng Ẩm, Thơm Lâu - Phù Hợp Mọi Loại Da (250ml)","Hương Gỗ Tuyết Tùng & Dương Xỉ, Standard",1732251749141219548,ST01172,160650,276900,VND,1,Không áp dụng thanh toán khi giao hàng,Đang xử lý,gentlegrooming0,Video,7597291366036557076,fixed commission,,,,8,160650,12852,,,,,,,,0,0,07/07/2026 14:13:09,07/07/2026 14:13:15,07/07/2026 14:13:15,,,,TTS,Open/Target Collaboration
584904221625517321,1736012338574165212,Combo 2 Sữa Tắm Nữ Pháp Le Petit Marseillais 250ml - Thiên Nhiên Dịu Nhẹ,"Lá Bạc Hà , Vani",1736012747224876252,ST92871+ST00526,302400,573500,VND,1,Thanh toán khi giao hàng,Đã hủy,ron_tran_,Phát trực tiếp,7657900294156471058,fixed commission,0,0,0,8,302400,24192,,,,,,,,0,0,07/07/2026 14:51:48,,07/07/2026 14:51:50,,,,TTS,Open/Target Collaboration
584904380310193541,1732252961260865756,"Dầu Gội Thiên Nhiên Le Petit Marseillais Nhiều Mùi Hương 250ml Dưỡng Ẩm, Thơm Lâu - Phù Hợp Mọi Loại Da",Phục Hồi Chuyên Sâu Dầu Jojoba,1732252943759083740,DG60650,214200,359300,VND,1,Thanh toán khi giao hàng,Đang xử lý,ngocdailyvlog,Video,7580781933962071314,fixed commission,0,0,0,,214200,,,,3,6426,,,,0,0,07/07/2026 14:58:21,,07/07/2026 14:58:22,,,,TTS,Open/Target Collaboration
584904429151094050,1732251815880067292,"Sữa Tắm Pháp Le Petit Marseillais Cho Nam Chiết Xuất Thiên Nhiên 4in1 Nhiều Mùi Hương Dưỡng Ẩm, Thơm Lâu - Phù Hợp Mọi Loại Da (250ml)","Hương Gỗ Tuyết Tùng & Dương Xỉ, Standard",1732251749141219548,ST01172,189000,279450,VND,1,Thanh toán khi giao hàng,Đang xử lý,man.trung.737,Video,7595064670482877717,fixed commission,0,0,0,,189000,,,,3,5670,,,,0,0,07/07/2026 15:03:00,,07/07/2026 15:03:01,,,,TTS,Open/Target Collaboration
584904914226480146,1732250928810920156,"Sữa Tắm/Gel Tắm Pháp Le Petit Marseillais Thiên Nhiên 250ml - Sữa Tắm Lưu Hương Lành Tính - Dịu Nhẹ, An Toàn Cho Da","Quả Mâm Xôi & Hoa Mẫu Đơn, Standard",1732250914985052380,ST48441,189000,286550,VND,1,Thanh toán khi giao hàng,Đã hủy,ahau.phuongthao,Video,7654094102811659528,fixed commission,0,0,0,12,189000,22680,,,,,,,,0,0,07/07/2026 15:37:08,,07/07/2026 15:37:09,,,,TTS,Open/Target Collaboration
584905201063527753,1732250760944257244,"Sữa Tắm/Gel Tắm Pháp Le Petit Marseillais Chiết Xuất Thiên Nhiên 650ml - Sữa Tắm Lưu Hương Lành Tính - Dịu Nhẹ, An Toàn Cho Da","Hoa Tiare, Standard",1732250801268885724,ST68816,357880,512680,VND,1,Thanh toán khi giao hàng,Đang xử lý,lepetitmarseillaisvn,Phát trực tiếp,7659702740562250517,fixed commission,,,,,357880,,,,,,,,,0,0,07/07/2026 15:49:54,,07/07/2026 15:49:55,,,,TTS,Open/Target Collaboration
584905227968022416,1732250760944257244,"Sữa Tắm/Gel Tắm Pháp Le Petit Marseillais Chiết Xuất Thiên Nhiên 650ml - Sữa Tắm Lưu Hương Lành Tính - Dịu Nhẹ, An Toàn Cho Da","Thông & Bạch Đàn Biển, Standard",1732250801268689116,ST01902,283905,808655,VND,2,Thanh toán khi giao hàng,Đang xử lý,lepetitmarseillaisvn,Phát trực tiếp,7659702740562250517,fixed commission,,,,,567810,,,,,,,,,0,0,07/07/2026 15:57:30,,07/07/2026 15:57:33,,,,TTS,Open/Target Collaboration
584905558091728774,1732250760944257244,"Sữa Tắm/Gel Tắm Pháp Le Petit Marseillais Chiết Xuất Thiên Nhiên 650ml - Sữa Tắm Lưu Hương Lành Tính - Dịu Nhẹ, An Toàn Cho Da","Vani, Standard",1732250801269082332,ST00557,292740,507089,VND,1,Không áp dụng thanh toán khi giao hàng,Đang xử lý,lepetitmarseillaisvn,Phát trực tiếp,7659702740562250517,fixed commission,,,,,292740,,,,,,,,,0,0,07/07/2026 16:14:46,07/07/2026 16:14:51,07/07/2026 16:14:52,,,,TTS,Open/Target Collaboration
584905558091728774,1735803452711142620,Dầu Xả Cấp Ẩm Le Petit Marseillais Nước Dừa Hữu Cơ 200ml,Mặc định,1735803348866008284,DX74752,0,2022,VND,1,Không áp dụng thanh toán khi giao hàng,Đang xử lý,lepetitmarseillaisvn,Phát trực tiếp,7659702740562250517,fixed commission,,,,,0,,,,,,,,,0,0,07/07/2026 16:14:46,07/07/2026 16:14:51,07/07/2026 16:14:52,,,,TTS,Open/Target Collaboration
584905558091728774,1732250760944257244,"Sữa Tắm/Gel Tắm Pháp Le Petit Marseillais Chiết Xuất Thiên Nhiên 650ml - Sữa Tắm Lưu Hương Lành Tính - Dịu Nhẹ, An Toàn Cho Da","Thông & Bạch Đàn Biển, Standard",1732250801268689116,ST01902,318980,507089,VND,1,Không áp dụng thanh toán khi giao hàng,Đang xử lý,lepetitmarseillaisvn,Phát trực tiếp,7659702740562250517,fixed commission,,,,,318980,,,,,,,,,0,0,07/07/2026 16:14:46,07/07/2026 16:14:51,07/07/2026 16:14:52,,,,TTS,Open/Target Collaboration
584905641261499942,1732250760944257244,"Sữa Tắm/Gel Tắm Pháp Le Petit Marseillais Chiết Xuất Thiên Nhiên 650ml - Sữa Tắm Lưu Hương Lành Tính - Dịu Nhẹ, An Toàn Cho Da","Thông & Bạch Đàn Biển, Standard",1732250801268689116,ST01902,330650,534500,VND,1,Không áp dụng thanh toán khi giao hàng,Đang xử lý,lepetitmarseillaisvn,Phát trực tiếp,7659702740562250517,fixed commission,,,,,330650,,,,,,,,,0,0,07/07/2026 16:21:53,07/07/2026 16:21:59,07/07/2026 16:21:59,,,,TTS,Open/Target Collaboration
584905742947026095,1734496604995683548,Xà Phòng Le Petit Marseillais Chính Hãng Bánh Xà Phòng Tắm Thiên Nhiên (Ngẫu nhiên)  1 Bánh,Mặc định,1734496577198523612,1 BÁNH-XP,0,5914,VND,1,Thanh toán khi giao hàng,Đang xử lý,lepetitmarseillaisvn,Phát trực tiếp,7659702740562250517,fixed commission,,,,,0,,,,,,,,,0,0,07/07/2026 16:30:30,,07/07/2026 16:30:32,,,,TTS,Open/Target Collaboration
584905742947026095,1736012338574165212,Combo 2 Sữa Tắm Nữ Pháp Le Petit Marseillais 250ml - Thiên Nhiên Dịu Nhẹ,"Hoa Cam, Quả Mâm Xôi Hữu Cơ & Hoa Mẫu Đơn",1736012795076117724,ST00823+ST48441,318000,573486,VND,1,Thanh toán khi giao hàng,Đang xử lý,lepetitmarseillaisvn,Phát trực tiếp,7659702740562250517,fixed commission,,,,,318000,,,,,,,,,0,0,07/07/2026 16:30:30,,07/07/2026 16:30:32,,,,TTS,Open/Target Collaboration
584905745164436760,1735805503734973660,Hộp 2 Cục Xà Phòng Le Petit Marseillais Bơ Hạt Mỡ 2x100g,Mặc định,1735805418668000476,XP81108,170000,193000,VND,1,Không áp dụng thanh toán khi giao hàng,Đã hủy,lepetitmarseillaisvn,Phát trực tiếp,7659702740562250517,fixed commission,,,,,170000,,,,,,,,,0,0,07/07/2026 16:31:28,07/07/2026 16:31:39,07/07/2026 16:31:40,,,,TTS,Open/Target Collaboration
584906014978050038,1732251815880067292,"Sữa Tắm Pháp Le Petit Marseillais Cho Nam Chiết Xuất Thiên Nhiên 4in1 Nhiều Mùi Hương Dưỡng Ẩm, Thơm Lâu - Phù Hợp Mọi Loại Da (250ml)","Hương Gỗ Tuyết Tùng & Dương Xỉ, Standard",1732251749141219548,ST01172,189000,279450,VND,1,Thanh toán khi giao hàng,Đang xử lý,man.trung.737,Video,7595064670482877717,fixed commission,0,0,0,,189000,,,,3,5670,,,,0,0,07/07/2026 16:48:11,,07/07/2026 16:48:12,,,,TTS,Open/Target Collaboration
584906022271157324,1732250760944257244,"Sữa Tắm/Gel Tắm Pháp Le Petit Marseillais Chiết Xuất Thiên Nhiên 650ml - Sữa Tắm Lưu Hương Lành Tính - Dịu Nhẹ, An Toàn Cho Da","Thông & Bạch Đàn Biển, Standard",1732250801268689116,ST01902,357000,512680,VND,1,Thanh toán khi giao hàng,Đang xử lý,lepetitmarseillaisvn,Phát trực tiếp,7659702740562250517,fixed commission,,,,,357000,,,,,,,,,0,0,07/07/2026 16:50:59,,07/07/2026 16:51:01,,,,TTS,Open/Target Collaboration
584906182131877636,1732250760944257244,"Sữa Tắm/Gel Tắm Pháp Le Petit Marseillais Chiết Xuất Thiên Nhiên 650ml - Sữa Tắm Lưu Hương Lành Tính - Dịu Nhẹ, An Toàn Cho Da","Đào Trắng & Quả Xuân Đào, Standard",1732250801269016796,ST01288,299880,526200,VND,1,Thanh toán khi giao hàng,Đang xử lý,lepetitmarseillaisvn,Phát trực tiếp,7659702740562250517,fixed commission,,,,,299880,,,,,,,,,0,0,07/07/2026 16:51:44,,07/07/2026 16:51:45,,,,TTS,Open/Target Collaboration
584906182131877636,1735803452711142620,Dầu Xả Cấp Ẩm Le Petit Marseillais Nước Dừa Hữu Cơ 200ml,Mặc định,1735803348866008284,DX74752,0,6800,VND,1,Thanh toán khi giao hàng,Đang xử lý,lepetitmarseillaisvn,Phát trực tiếp,7659702740562250517,fixed commission,,,,,0,,,,,,,,,0,0,07/07/2026 16:51:44,,07/07/2026 16:51:45,,,,TTS,Open/Target Collaboration
584906171840759137,1732250760944257244,"Sữa Tắm/Gel Tắm Pháp Le Petit Marseillais Chiết Xuất Thiên Nhiên 650ml - Sữa Tắm Lưu Hương Lành Tính - Dịu Nhẹ, An Toàn Cho Da","Thông & Bạch Đàn Biển, Standard",1732250801268689116,ST01902,329000,537880,VND,1,Không áp dụng thanh toán khi giao hàng,Đang xử lý,lepetitmarseillaisvn,Phát trực tiếp,7659702740562250517,fixed commission,,,,,329000,,,,,,,,,0,0,07/07/2026 16:58:05,07/07/2026 16:58:11,07/07/2026 16:58:12,,,,TTS,Open/Target Collaboration
584906171840759137,1735803452711142620,Dầu Xả Cấp Ẩm Le Petit Marseillais Nước Dừa Hữu Cơ 200ml,Mặc định,1735803348866008284,DX74752,0,9720,VND,1,Không áp dụng thanh toán khi giao hàng,Đang xử lý,lepetitmarseillaisvn,Phát trực tiếp,7659702740562250517,fixed commission,,,,,0,,,,,,,,,0,0,07/07/2026 16:58:05,07/07/2026 16:58:11,07/07/2026 16:58:12,,,,TTS,Open/Target Collaboration
584906160282109400,1735910664928920796,Combo 2 Sữa Tắm Nam Le Petit Marseillais 4in1 Cho Tóc Mặt Râu Toàn Thân 250ml,"Gừng Và Gỗ Bách Tươi , Gỗ Tuyết Tùng Và Dương Xỉ",1735912571878933724,ST04371 + ST01172,380000,547480,VND,1,Không áp dụng thanh toán khi giao hàng,Đang xử lý,lepetitmarseillaisvn,Phát trực tiếp,7659702740562250517,fixed commission,,,,,380000,,,,,,,,,0,0,07/07/2026 16:59:38,07/07/2026 16:59:43,07/07/2026 16:59:44,,,,TTS,Open/Target Collaboration
584906160282109400,1733398584855921884,Sữa Tắm Nam 4 in 1 Thiên Nhiên Le Petit Marseillais Chiết Xuất Gừng & Gỗ Bách Hương 250ml 4371,Mặc định,1733398526731846876,ST04371,0,6320,VND,1,Không áp dụng thanh toán khi giao hàng,Đang xử lý,lepetitmarseillaisvn,Phát trực tiếp,7659702740562250517,fixed commission,,,,,0,,,,,,,,,0,0,07/07/2026 16:59:38,07/07/2026 16:59:43,07/07/2026 16:59:44,,,,TTS,Open/Target Collaboration
584908174214137288,1734496604995683548,Xà Phòng Le Petit Marseillais Chính Hãng Bánh Xà Phòng Tắm Thiên Nhiên (Ngẫu nhiên)  1 Bánh,Mặc định,1734496577198523612,1 BÁNH-XP,75000,101200,VND,1,Thanh toán khi giao hàng,Đang xử lý,mythi_fr,Video,7634970118833081620,fixed commission,0,0,0,6,75000,4500,,,,,,,,0,0,07/07/2026 19:01:03,,07/07/2026 19:01:05,,,,TTS,Open/Target Collaboration
584910351643019212,1732250760944257244,"Sữa Tắm/Gel Tắm Pháp Le Petit Marseillais Chiết Xuất Thiên Nhiên 650ml - Sữa Tắm Lưu Hương Lành Tính - Dịu Nhẹ, An Toàn Cho Da","Quả Mơ & Hạt Phỉ, Standard",1732250801269475548,ST00809,299880,516680,VND,1,Thanh toán khi giao hàng,Đang xử lý,lepetitmarseillaisvn,Phát trực tiếp,7659778705250978578,fixed commission,,,,,299880,,,,,,,,,0,0,07/07/2026 20:53:21,,07/07/2026 20:53:23,,,,TTS,Open/Target Collaboration
584910699030545872,1732250760944257244,"Sữa Tắm/Gel Tắm Pháp Le Petit Marseillais Chiết Xuất Thiên Nhiên 650ml - Sữa Tắm Lưu Hương Lành Tính - Dịu Nhẹ, An Toàn Cho Da","Đào Trắng & Quả Xuân Đào, Standard",1732250801269016796,ST01288,297000,525766,VND,1,Không áp dụng thanh toán khi giao hàng,Đang xử lý,thomcungngoc,Video,7658996791089597714,fixed commission,,,,8,297000,23760,,,,,,,,0,0,07/07/2026 21:10:22,07/07/2026 21:10:28,07/07/2026 21:10:29,,,,TTS,Open/Target Collaboration
584910652957493235,1733398584855921884,Sữa Tắm Nam 4 in 1 Thiên Nhiên Le Petit Marseillais Chiết Xuất Gừng & Gỗ Bách Hương 250ml 4371,Mặc định,1733398526731846876,ST04371,0,6320,VND,1,Không áp dụng thanh toán khi giao hàng,Đang xử lý,lepetitmarseillaisvn,Phát trực tiếp,7659778705250978578,fixed commission,,,,,0,,,,,,,,,0,0,07/07/2026 21:12:11,07/07/2026 21:12:19,07/07/2026 21:12:22,,,,TTS,Open/Target Collaboration
584910652957493235,1735910664928920796,Combo 2 Sữa Tắm Nam Le Petit Marseillais 4in1 Cho Tóc Mặt Râu Toàn Thân 250ml,"Thông Biển & Bạch Đàn, Gỗ Tuyết Tùng Và Dương Xỉ",1735912571878606044,ST01356 + ST01172,302400,547480,VND,1,Không áp dụng thanh toán khi giao hàng,Đang xử lý,lepetitmarseillaisvn,Phát trực tiếp,7659778705250978578,fixed commission,,,,,302400,,,,,,,,,0,0,07/07/2026 21:12:11,07/07/2026 21:12:19,07/07/2026 21:12:22,,,,TTS,Open/Target Collaboration
584911770914292994,1732250760944257244,"Sữa Tắm/Gel Tắm Pháp Le Petit Marseillais Chiết Xuất Thiên Nhiên 650ml - Sữa Tắm Lưu Hương Lành Tính - Dịu Nhẹ, An Toàn Cho Da","Hương Chanh & Bưởi Hồng, Standard",1732250801268820188,ST01868,357880,530520,VND,1,Thanh toán khi giao hàng,Đang xử lý,kinkechillchill,Video,7572051007237115154,fixed commission,0,0,0,8,357880,28630,,,,,,,,0,0,07/07/2026 22:02:09,,07/07/2026 22:02:11,,,,TTS,Open/Target Collaboration
584911840111462167,1732251815880067292,"Sữa Tắm Pháp Le Petit Marseillais Cho Nam Chiết Xuất Thiên Nhiên 4in1 Nhiều Mùi Hương Dưỡng Ẩm, Thơm Lâu - Phù Hợp Mọi Loại Da (250ml)","Hương Cam & Tinh Dầu Argan, Standard",1732251749141022940,ST01431,187868,276900,VND,1,Thanh toán khi giao hàng,Đang xử lý,man.trung.737,Video,7595064670482877717,fixed commission,0,0,0,8,187868,15029,,,,,,,,0,0,07/07/2026 22:11:29,,07/07/2026 22:11:30,,,,TTS,Open/Target Collaboration
584912055881466945,1732251815880067292,"Sữa Tắm Pháp Le Petit Marseillais Cho Nam Chiết Xuất Thiên Nhiên 4in1 Nhiều Mùi Hương Dưỡng Ẩm, Thơm Lâu - Phù Hợp Mọi Loại Da (250ml)","Hương Gỗ Tuyết Tùng & Dương Xỉ, Standard",1732251749141219548,ST01172,154000,447286,VND,2,Thanh toán khi giao hàng,Đang xử lý,duongmanhkien19,Video,7578474458705382676,fixed commission,0,0,0,8,308000,24640,,,,,,,,0,0,07/07/2026 22:18:23,,07/07/2026 22:18:24,,,,TTS,Open/Target Collaboration
584912381475849508,1732251815880067292,"Sữa Tắm Pháp Le Petit Marseillais Cho Nam Chiết Xuất Thiên Nhiên 4in1 Nhiều Mùi Hương Dưỡng Ẩm, Thơm Lâu - Phù Hợp Mọi Loại Da (250ml)","Hương Gỗ Tuyết Tùng & Dương Xỉ, Standard",1732251749141219548,ST01172,189000,299300,VND,1,Thanh toán khi giao hàng,Đang xử lý,man.trung.737,Video,7595064670482877717,fixed commission,0,0,0,8,189000,15120,,,,,,,,0,0,07/07/2026 22:31:11,,07/07/2026 22:31:13,,,,TTS,Open/Target Collaboration
584912552552989777,1732250760944257244,"Sữa Tắm/Gel Tắm Pháp Le Petit Marseillais Chiết Xuất Thiên Nhiên 650ml - Sữa Tắm Lưu Hương Lành Tính - Dịu Nhẹ, An Toàn Cho Da","Lá Oliu & Hoa Bồ Đề, Standard",1732250801268754652,ST01295,318980,530520,VND,1,Thanh toán khi giao hàng,Đã hủy,sophia.beauty99,Trưng bày,,fixed commission,0,0,0,8,318980,25518,,,,,,,,0,0,07/07/2026 22:50:06,,07/07/2026 22:50:07,,,,TTS,Open/Target Collaboration
