ID đơn hàng,ID sản phẩm,Tên sản phẩm,Sku,Id Sku,Sku người bán,Giá,Payment Amount,Đơn vị tiền tệ,Số lượng,Phương thức thanh toán,Trạng thái đơn hàng,Tên người dùng nhà sáng tạo,Loại nội dung,Id nội dung,commission model,Tỷ lệ khấu trừ Thuế TNCN,Thuế TNCN ước tính,Thuế TNCN thực tế ,Tỷ lệ hoa hồng tiêu chuẩn,Cơ sở hoa hồng ước tính,Thanh toán hoa hồng tiêu chuẩn ước tính,Cơ sở hoa hồng thực tế,Thanh toán hoa hồng thực tế,Tỷ lệ hoa hồng Quảng cáo cửa hàng,Thanh toán hoa hồng Quảng cáo cửa hàng ước tính,Thanh toán hoa hồng Quảng cáo cửa hàng thực tế,Thưởng đồng chi trả cho nhà sáng tạo ước tính,Thưởng đồng chi trả cho nhà sáng tạo thực tế,Trả hàng & hoàn tiền,Hoàn tiền,Thời gian đã tạo,Thời gian thanh toán,Thời gian sẵn sàng vận chuyển,Order Delivery Time,Thời gian hoàn thành đơn hàng,Thời gian hoa hồng đã thanh toán,Platform,agreement_type
584295461254497877,1732251815880067292,"Sữa Tắm Pháp Le Petit Marseillais Cho Nam Chiết Xuất Thiên Nhiên 4in1 Nhiều Mùi Hương Dưỡng Ẩm, Thơm Lâu - Phù Hợp Mọi Loại Da (250ml)","Hương Gỗ Tuyết Tùng & Dương Xỉ, Standard",1732251749141219548,ST01172,272000,279900,VND,1,Thanh toán khi giao hàng,Đã hoàn thành,lepthelittlekid,Video,7594749644052204818,fixed commission,,,,5,272000,12240,272000,12240,,,,,,0,0,01/06/2026 00:46:28,02/06/2026 13:03:28,01/06/2026 00:46:29,02/06/2026 13:03:28,18/06/2026 04:44:01,05/06/2026 09:26:42,TTS,Open/Target Collaboration
584295461254497877,1732251815880067292,"Sữa Tắm Pháp Le Petit Marseillais Cho Nam Chiết Xuất Thiên Nhiên 4in1 Nhiều Mùi Hương Dưỡng Ẩm, Thơm Lâu - Phù Hợp Mọi Loại Da (250ml)","Hương Gừng & Gỗ Bách, Standard",1732251749141285084,ST04371,197000,279900,VND,1,Thanh toán khi giao hàng,Đã hoàn thành,lepthelittlekid,Video,7594749644052204818,fixed commission,,,,5,197000,8865,197000,8865,,,,,,0,0,01/06/2026 00:46:28,02/06/2026 13:03:28,01/06/2026 00:46:29,02/06/2026 13:03:28,18/06/2026 04:44:01,05/06/2026 09:26:42,TTS,Open/Target Collaboration
584295504094856400,1732251815880067292,"Sữa Tắm Pháp Le Petit Marseillais Cho Nam Chiết Xuất Thiên Nhiên 4in1 Nhiều Mùi Hương Dưỡng Ẩm, Thơm Lâu - Phù Hợp Mọi Loại Da (250ml)","Hương Gỗ Tuyết Tùng & Dương Xỉ, Standard",1732251749141219548,ST01172,231200,288500,VND,1,Thanh toán khi giao hàng,Đã hủy,huongnhatohsea,Video,7570282303302241543,fixed commission,0,0,0,8,231200,16646,,,,,,,,0,0,01/06/2026 00:46:28,,01/06/2026 00:46:30,,,,TTS,Open/Target Collaboration
584296789359625523,1732251815880067292,"Sữa Tắm Pháp Le Petit Marseillais Cho Nam Chiết Xuất Thiên Nhiên 4in1 Nhiều Mùi Hương Dưỡng Ẩm, Thơm Lâu - Phù Hợp Mọi Loại Da (250ml)","Hương Thông & Bạch Đàn Biển, Standard",1732251749141154012,ST01356,272000,291700,VND,1,Thanh toán khi giao hàng,Đã hoàn thành,duongmanhkien19,Video,7578474458705382676,fixed commission,,,,8,272000,19584,272000,19584,,,,,,0,0,01/06/2026 05:40:39,02/06/2026 21:16:34,01/06/2026 05:40:42,02/06/2026 21:16:34,18/06/2026 00:05:33,05/06/2026 12:57:41,TTS,Open/Target Collaboration
584298090844358130,1732251815880067292,"Sữa Tắm Pháp Le Petit Marseillais Cho Nam Chiết Xuất Thiên Nhiên 4in1 Nhiều Mùi Hương Dưỡng Ẩm, Thơm Lâu - Phù Hợp Mọi Loại Da (250ml)","Hương Thông & Bạch Đàn Biển, Standard",1732251749141154012,ST01356,244800,302300,VND,1,Thanh toán khi giao hàng,Đã hoàn thành,lepthelittlekid,Video,7594749644052204818,fixed commission,,,,5,244800,11016,244800,11016,,,,,,0,0,01/06/2026 08:06:34,03/06/2026 12:38:53,01/06/2026 08:06:35,03/06/2026 12:38:53,19/06/2026 02:26:04,06/06/2026 12:24:57,TTS,Open/Target Collaboration
584298579742983804,1732251815880067292,"Sữa Tắm Pháp Le Petit Marseillais Cho Nam Chiết Xuất Thiên Nhiên 4in1 Nhiều Mùi Hương Dưỡng Ẩm, Thơm Lâu - Phù Hợp Mọi Loại Da (250ml)","Hương Cam & Tinh Dầu Argan, Standard",1732251749141022940,ST01431,272000,291700,VND,1,Không áp dụng thanh toán khi giao hàng,Đã hủy,tanrhm19,Trưng bày,,fixed commission,,,,8,272000,19584,,,,,,,,0,0,01/06/2026 08:45:27,01/06/2026 08:45:31,01/06/2026 08:45:31,,,,TTS,Open/Target Collaboration
584298653137733030,1732251815880067292,"Sữa Tắm Pháp Le Petit Marseillais Cho Nam Chiết Xuất Thiên Nhiên 4in1 Nhiều Mùi Hương Dưỡng Ẩm, Thơm Lâu - Phù Hợp Mọi Loại Da (250ml)","Hương Cam & Tinh Dầu Argan, Standard",1732251749141022940,ST01431,237000,312000,VND,1,Thanh toán khi giao hàng,Đã hoàn thành,tanrhm19,Trưng bày,,fixed commission,,,,8,237000,17064,237000,17064,,,,,,0,0,01/06/2026 08:49:47,02/06/2026 16:56:05,01/06/2026 08:49:48,02/06/2026 16:56:05,18/06/2026 04:39:54,05/06/2026 10:32:28,TTS,Open/Target Collaboration
584299912636761708,1732251815880067292,"Sữa Tắm Pháp Le Petit Marseillais Cho Nam Chiết Xuất Thiên Nhiên 4in1 Nhiều Mùi Hương Dưỡng Ẩm, Thơm Lâu - Phù Hợp Mọi Loại Da (250ml)","Hương Cam & Tinh Dầu Argan, Standard",1732251749141022940,ST01431,218800,312000,VND,1,Thanh toán khi giao hàng,Đã hoàn thành,tanrhm19,Trưng bày,,fixed commission,,,,8,218800,15754,218800,15754,,,,,,0,0,01/06/2026 10:20:11,04/06/2026 10:34:02,01/06/2026 10:20:12,04/06/2026 10:34:02,20/06/2026 05:05:31,07/06/2026 08:07:31,TTS,Open/Target Collaboration
584300148011336919,1734496604995683548,Xà Phòng Le Petit Marseillais Chính Hãng Bánh Xà Phòng Tắm Thiên Nhiên (Ngẫu nhiên)  1 Bánh,Mặc định,1734496577198523612,1 BÁNH-XP,75000,163100,VND,2,Thanh toán khi giao hàng,Đã hoàn thành,mythi_fr,Video,7642194576282782997,fixed commission,,,,6,150000,8100,150000,8100,,,,,,0,0,01/06/2026 10:34:04,02/06/2026 20:17:42,01/06/2026 10:34:05,02/06/2026 20:17:42,18/06/2026 03:12:24,05/06/2026 11:58:53,TTS,Open/Target Collaboration
584301034207479221,1732250760944257244,"Sữa Tắm/Gel Tắm Pháp Le Petit Marseillais Chiết Xuất Thiên Nhiên 650ml - Sữa Tắm Lưu Hương Lành Tính - Dịu Nhẹ, An Toàn Cho Da","Đào Trắng & Quả Xuân Đào, Standard",1732250801269016796,ST01288,430770,522800,VND,1,Thanh toán khi giao hàng,Đã hoàn thành,ha_thubay,Video,7599664598626618642,fixed commission,,,,,430770,,430770,,3,11631,,,,0,0,01/06/2026 11:28:17,02/06/2026 17:51:55,01/06/2026 11:28:18,02/06/2026 17:51:55,18/06/2026 03:35:46,05/06/2026 09:50:36,TTS,Open/Target Collaboration
584301097333982821,1732250760944257244,"Sữa Tắm/Gel Tắm Pháp Le Petit Marseillais Chiết Xuất Thiên Nhiên 650ml - Sữa Tắm Lưu Hương Lành Tính - Dịu Nhẹ, An Toàn Cho Da","Hạnh Nhân, Standard",1732250801269213404,ST53594,395000,539900,VND,1,Thanh toán khi giao hàng,Đã hoàn thành,ha_thubay,Video,7599664598626618642,fixed commission,,,,,395000,,395000,,3,10665,,,,0,0,01/06/2026 11:30:51,02/06/2026 23:22:32,01/06/2026 11:30:53,02/06/2026 23:22:32,18/06/2026 00:06:45,05/06/2026 09:21:44,TTS,Open/Target Collaboration
584301610503341365,1732250928810920156,"Sữa Tắm/Gel Tắm Pháp Le Petit Marseillais Thiên Nhiên 250ml - Sữa Tắm Lưu Hương Lành Tính - Dịu Nhẹ, An Toàn Cho Da","Muối Biển, Standard",1732250914984790236,ST54463,197010,286000,VND,1,Thanh toán khi giao hàng,Đã hủy,ananhappy22,Video,7581414242050510088,fixed commission,0,0,0,8,197010,14185,,,,,,,,0,0,01/06/2026 12:07:07,,01/06/2026 12:07:08,,,,TTS,Open/Target Collaboration
584301819073234580,1732250760944257244,"Sữa Tắm/Gel Tắm Pháp Le Petit Marseillais Chiết Xuất Thiên Nhiên 650ml - Sữa Tắm Lưu Hương Lành Tính - Dịu Nhẹ, An Toàn Cho Da","Hương Chanh & Bưởi Hồng, Standard",1732250801268820188,ST01868,451530,554500,VND,1,Thanh toán khi giao hàng,Đã hoàn thành,ha_thubay,Video,7599664598626618642,fixed commission,,,,,451530,,451530,,3,12191,,,,0,0,01/06/2026 12:19:22,03/06/2026 13:24:14,01/06/2026 12:19:23,03/06/2026 13:24:14,19/06/2026 03:04:02,06/06/2026 07:37:46,TTS,Open/Target Collaboration
584302318270776832,1732250760944257244,"Sữa Tắm/Gel Tắm Pháp Le Petit Marseillais Chiết Xuất Thiên Nhiên 650ml - Sữa Tắm Lưu Hương Lành Tính - Dịu Nhẹ, An Toàn Cho Da","Thông & Bạch Đàn Biển, Standard",1732250801268689116,ST01902,451530,554100,VND,1,Thanh toán khi giao hàng,Đã hoàn thành,luc_suy_luc_khong_,Video,7643094754124958997,fixed commission,,,,,451530,,451530,,3,12191,,,,0,0,01/06/2026 12:48:43,02/06/2026 20:44:35,01/06/2026 12:48:44,02/06/2026 20:44:35,18/06/2026 04:27:33,05/06/2026 08:35:36,TTS,Open/Target Collaboration
584302436142319579,1732251815880067292,"Sữa Tắm Pháp Le Petit Marseillais Cho Nam Chiết Xuất Thiên Nhiên 4in1 Nhiều Mùi Hương Dưỡng Ẩm, Thơm Lâu - Phù Hợp Mọi Loại Da (250ml)","Hương Cam & Tinh Dầu Argan, Standard",1732251749141022940,ST01431,247520,312000,VND,1,Thanh toán khi giao hàng,Đã hoàn thành,tanrhm19,Trưng bày,,fixed commission,,,,8,247520,17822,247520,17822,,,,,,0,0,01/06/2026 12:49:36,03/06/2026 17:23:38,01/06/2026 12:49:39,03/06/2026 17:23:38,19/06/2026 03:31:01,06/06/2026 13:11:41,TTS,Open/Target Collaboration
584303918113850745,1732251815880067292,"Sữa Tắm Pháp Le Petit Marseillais Cho Nam Chiết Xuất Thiên Nhiên 4in1 Nhiều Mùi Hương Dưỡng Ẩm, Thơm Lâu - Phù Hợp Mọi Loại Da (250ml)","Hương Cam & Tinh Dầu Argan, Standard",1732251749141022940,ST01431,250240,303000,VND,1,Thanh toán khi giao hàng,Đã hoàn thành,tanrhm19,Trưng bày,,fixed commission,,,,8,250240,18017,250240,18017,,,,,,0,0,01/06/2026 14:27:47,04/06/2026 18:35:47,01/06/2026 14:27:49,04/06/2026 18:35:47,20/06/2026 01:37:09,07/06/2026 08:43:33,TTS,Open/Target Collaboration
584304292464592823,1732251815880067292,"Sữa Tắm Pháp Le Petit Marseillais Cho Nam Chiết Xuất Thiên Nhiên 4in1 Nhiều Mùi Hương Dưỡng Ẩm, Thơm Lâu - Phù Hợp Mọi Loại Da (250ml)","Hương Cam & Tinh Dầu Argan, Standard",1732251749141022940,ST01431,272000,312000,VND,1,Thanh toán khi giao hàng,Đã hoàn thành,tanrhm19,Trưng bày,,fixed commission,,,,8,272000,19584,272000,19584,,,,,,0,0,01/06/2026 14:57:09,04/06/2026 14:01:09,01/06/2026 14:57:10,04/06/2026 14:01:09,20/06/2026 05:57:18,07/06/2026 14:00:33,TTS,Open/Target Collaboration
584305623202694541,1732251815880067292,"Sữa Tắm Pháp Le Petit Marseillais Cho Nam Chiết Xuất Thiên Nhiên 4in1 Nhiều Mùi Hương Dưỡng Ẩm, Thơm Lâu - Phù Hợp Mọi Loại Da (250ml)","Hương Gỗ Tuyết Tùng & Dương Xỉ, Standard",1732251749141219548,ST01172,247520,302300,VND,1,Thanh toán khi giao hàng,Đã hủy,tanrhm19,Trưng bày,,fixed commission,0,0,0,8,247520,17822,,,,,,,,0,0,01/06/2026 16:28:52,,01/06/2026 16:28:53,,,,TTS,Open/Target Collaboration
584305847742793544,1732251815880067292,"Sữa Tắm Pháp Le Petit Marseillais Cho Nam Chiết Xuất Thiên Nhiên 4in1 Nhiều Mùi Hương Dưỡng Ẩm, Thơm Lâu - Phù Hợp Mọi Loại Da (250ml)","Hương Thông & Bạch Đàn Biển, Standard",1732251749141154012,ST01356,247520,301200,VND,1,Thanh toán khi giao hàng,Đã hủy,duongmanhkien19,Video,7578474458705382676,fixed commission,0,0,0,,247520,,,,3,6683,,,,0,0,01/06/2026 16:40:33,,01/06/2026 16:40:34,,,,TTS,Open/Target Collaboration
584305783237412680,1732251815880067292,"Sữa Tắm Pháp Le Petit Marseillais Cho Nam Chiết Xuất Thiên Nhiên 4in1 Nhiều Mùi Hương Dưỡng Ẩm, Thơm Lâu - Phù Hợp Mọi Loại Da (250ml)","Hương Gỗ Tuyết Tùng & Dương Xỉ, Standard",1732251749141219548,ST01172,272000,301200,VND,1,Thanh toán khi giao hàng,Đã hoàn thành,duongmanhkien19,Video,7578474458705382676,fixed commission,,,,,272000,,272000,,3,7344,,,,0,0,01/06/2026 16:41:33,04/06/2026 18:57:15,01/06/2026 16:41:34,04/06/2026 18:57:15,20/06/2026 05:04:38,07/06/2026 07:48:45,TTS,Open/Target Collaboration
584306971864368820,1732251815880067292,"Sữa Tắm Pháp Le Petit Marseillais Cho Nam Chiết Xuất Thiên Nhiên 4in1 Nhiều Mùi Hương Dưỡng Ẩm, Thơm Lâu - Phù Hợp Mọi Loại Da (250ml)","Hương Gỗ Tuyết Tùng & Dương Xỉ, Standard",1732251749141219548,ST01172,250240,286000,VND,1,Thanh toán khi giao hàng,Đã hủy,tanrhm19,Trưng bày,,fixed commission,0,0,0,8,250240,18017,,,,,,,,0,0,01/06/2026 17:58:01,,01/06/2026 17:58:02,,,,TTS,Open/Target Collaboration
584307093212792408,1732251815880067292,"Sữa Tắm Pháp Le Petit Marseillais Cho Nam Chiết Xuất Thiên Nhiên 4in1 Nhiều Mùi Hương Dưỡng Ẩm, Thơm Lâu - Phù Hợp Mọi Loại Da (250ml)","Hương Cam & Tinh Dầu Argan, Standard",1732251749141022940,ST01431,192000,286000,VND,1,Thanh toán khi giao hàng,Đã hoàn thành,tanrhm19,Trưng bày,,fixed commission,,,,8,192000,13824,192000,13824,,,,,,0,0,01/06/2026 18:06:16,03/06/2026 09:15:46,01/06/2026 18:06:17,03/06/2026 09:15:46,19/06/2026 04:57:44,06/06/2026 07:24:39,TTS,Open/Target Collaboration
584308091203651275,1732251815880067292,"Sữa Tắm Pháp Le Petit Marseillais Cho Nam Chiết Xuất Thiên Nhiên 4in1 Nhiều Mùi Hương Dưỡng Ẩm, Thơm Lâu - Phù Hợp Mọi Loại Da (250ml)","Hương Gỗ Tuyết Tùng & Dương Xỉ, Standard",1732251749141219548,ST01172,192000,286000,VND,1,Không áp dụng thanh toán khi giao hàng,Đã hoàn thành,duykhangrio,Trưng bày,,fixed commission,,,,8,192000,13824,192000,13824,,,,,,0,0,01/06/2026 19:11:16,01/06/2026 19:11:21,01/06/2026 19:11:22,03/06/2026 09:07:43,19/06/2026 02:50:01,06/06/2026 12:56:07,TTS,Open/Target Collaboration
584309133491799475,1732251815880067292,"Sữa Tắm Pháp Le Petit Marseillais Cho Nam Chiết Xuất Thiên Nhiên 4in1 Nhiều Mùi Hương Dưỡng Ẩm, Thơm Lâu - Phù Hợp Mọi Loại Da (250ml)","Hương Cam & Tinh Dầu Argan, Standard",1732251749141022940,ST01431,247520,286000,VND,1,Không áp dụng thanh toán khi giao hàng,Đã hoàn thành,tanrhm19,Trưng bày,,fixed commission,,,,8,247520,17822,247520,17822,,,,,,0,0,01/06/2026 20:10:42,01/06/2026 20:10:46,01/06/2026 20:10:47,03/06/2026 10:32:11,19/06/2026 04:10:19,06/06/2026 13:36:06,TTS,Open/Target Collaboration
584310387278644693,1732251815880067292,"Sữa Tắm Pháp Le Petit Marseillais Cho Nam Chiết Xuất Thiên Nhiên 4in1 Nhiều Mùi Hương Dưỡng Ẩm, Thơm Lâu - Phù Hợp Mọi Loại Da (250ml)","Hương Cam & Tinh Dầu Argan, Standard",1732251749141022940,ST01431,247520,291700,VND,1,Thanh toán khi giao hàng,Đã hoàn thành,tanrhm19,Trưng bày,,fixed commission,,,,8,247520,17822,247520,17822,,,,,,0,0,01/06/2026 21:21:56,03/06/2026 11:20:44,01/06/2026 21:21:57,03/06/2026 11:20:44,19/06/2026 05:32:09,06/06/2026 09:42:03,TTS,Open/Target Collaboration
584311145318745917,1732251815880067292,"Sữa Tắm Pháp Le Petit Marseillais Cho Nam Chiết Xuất Thiên Nhiên 4in1 Nhiều Mùi Hương Dưỡng Ẩm, Thơm Lâu - Phù Hợp Mọi Loại Da (250ml)","Hương Cam & Tinh Dầu Argan, Standard",1732251749141022940,ST01431,250240,291700,VND,1,Thanh toán khi giao hàng,Đã hoàn thành,tanrhm19,Trưng bày,,fixed commission,,,,8,250240,18017,250240,18017,,,,,,0,0,01/06/2026 22:06:39,03/06/2026 18:24:57,01/06/2026 22:06:41,03/06/2026 18:24:57,19/06/2026 05:49:06,06/06/2026 10:07:40,TTS,Open/Target Collaboration
584311323319764797,1732251815880067292,"Sữa Tắm Pháp Le Petit Marseillais Cho Nam Chiết Xuất Thiên Nhiên 4in1 Nhiều Mùi Hương Dưỡng Ẩm, Thơm Lâu - Phù Hợp Mọi Loại Da (250ml)","Hương Cam & Tinh Dầu Argan, Standard",1732251749141022940,ST01431,237000,302300,VND,1,Thanh toán khi giao hàng,Đã hoàn thành,tanrhm19,Trưng bày,,fixed commission,,,,8,237000,17064,237000,17064,,,,,,0,0,01/06/2026 22:16:21,04/06/2026 10:48:20,01/06/2026 22:16:22,04/06/2026 10:48:20,20/06/2026 02:01:25,07/06/2026 08:50:15,TTS,Open/Target Collaboration
584311591645119499,1732251815880067292,"Sữa Tắm Pháp Le Petit Marseillais Cho Nam Chiết Xuất Thiên Nhiên 4in1 Nhiều Mùi Hương Dưỡng Ẩm, Thơm Lâu - Phù Hợp Mọi Loại Da (250ml)","Hương Cam & Tinh Dầu Argan, Standard",1732251749141022940,ST01431,272000,312000,VND,1,Thanh toán khi giao hàng,Đã hoàn thành,tanrhm19,Trưng bày,,fixed commission,,,,8,272000,19584,0,,,,,,,1,0,01/06/2026 22:30:30,03/06/2026 19:32:06,01/06/2026 22:30:33,03/06/2026 19:32:06,10/06/2026 08:45:23,,TTS,Open/Target Collaboration
584312409044060024,1732251815880067292,"Sữa Tắm Pháp Le Petit Marseillais Cho Nam Chiết Xuất Thiên Nhiên 4in1 Nhiều Mùi Hương Dưỡng Ẩm, Thơm Lâu - Phù Hợp Mọi Loại Da (250ml)","Hương Cam & Tinh Dầu Argan, Standard",1732251749141022940,ST01431,250240,291700,VND,1,Thanh toán khi giao hàng,Đã hủy,tanrhm19,Trưng bày,,fixed commission,0,0,0,8,250240,18017,,,,,,,,0,0,01/06/2026 23:32:48,,01/06/2026 23:32:49,,,,TTS,Open/Target Collaboration
584312433066084216,1732251815880067292,"Sữa Tắm Pháp Le Petit Marseillais Cho Nam Chiết Xuất Thiên Nhiên 4in1 Nhiều Mùi Hương Dưỡng Ẩm, Thơm Lâu - Phù Hợp Mọi Loại Da (250ml)","Hương Cam & Tinh Dầu Argan, Standard",1732251749141022940,ST01431,250240,291700,VND,1,Thanh toán khi giao hàng,Đã hủy,tanrhm19,Trưng bày,,fixed commission,0,0,0,8,250240,18017,,,,,,,,0,0,01/06/2026 23:36:24,,01/06/2026 23:36:25,,,,TTS,Open/Target Collaboration
584312492098422643,1732251815880067292,"Sữa Tắm Pháp Le Petit Marseillais Cho Nam Chiết Xuất Thiên Nhiên 4in1 Nhiều Mùi Hương Dưỡng Ẩm, Thơm Lâu - Phù Hợp Mọi Loại Da (250ml)","Hương Gỗ Tuyết Tùng & Dương Xỉ, Standard",1732251749141219548,ST01172,250240,296300,VND,1,Thanh toán khi giao hàng,Đã hoàn thành,duongmanhkien19,Video,7578474458705382676,fixed commission,,,,8,250240,18017,250240,18017,,,,,,0,0,01/06/2026 23:39:28,03/06/2026 19:19:24,01/06/2026 23:39:29,03/06/2026 19:19:24,19/06/2026 00:48:49,06/06/2026 12:23:27,TTS,Open/Target Collaboration
584312876372953036,1734496604995683548,Xà Phòng Le Petit Marseillais Chính Hãng Bánh Xà Phòng Tắm Thiên Nhiên (Ngẫu nhiên)  1 Bánh,Mặc định,1734496577198523612,1 BÁNH-XP,75000,105300,VND,1,Thanh toán khi giao hàng,Đã hoàn thành,mythi_fr,Video,7634970118833081620,fixed commission,,,,6,75000,4050,75000,4050,,,,,,0,0,02/06/2026 00:18:59,03/06/2026 15:53:49,02/06/2026 00:19:00,03/06/2026 15:53:49,19/06/2026 00:16:41,06/06/2026 07:50:30,TTS,Open/Target Collaboration
584313720241620152,1732251815880067292,"Sữa Tắm Pháp Le Petit Marseillais Cho Nam Chiết Xuất Thiên Nhiên 4in1 Nhiều Mùi Hương Dưỡng Ẩm, Thơm Lâu - Phù Hợp Mọi Loại Da (250ml)","Hương Gỗ Tuyết Tùng & Dương Xỉ, Standard",1732251749141219548,ST01172,272000,298200,VND,1,Thanh toán khi giao hàng,Đã hoàn thành,tanrhm19,Trưng bày,,fixed commission,,,,8,272000,19584,272000,19584,,,,,,0,0,02/06/2026 03:03:39,03/06/2026 15:58:28,02/06/2026 03:03:40,03/06/2026 15:58:28,19/06/2026 01:16:23,06/06/2026 08:00:01,TTS,Open/Target Collaboration
584313956228564815,1732250760944257244,"Sữa Tắm/Gel Tắm Pháp Le Petit Marseillais Chiết Xuất Thiên Nhiên 650ml - Sữa Tắm Lưu Hương Lành Tính - Dịu Nhẹ, An Toàn Cho Da","Thông & Bạch Đàn Biển, Standard",1732250801268689116,ST01902,430770,534800,VND,1,Thanh toán khi giao hàng,Đã hoàn thành,ha_thubay,Video,7599664598626618642,fixed commission,,,,,430770,,430770,,3,11631,,,,0,0,02/06/2026 04:11:39,03/06/2026 11:30:22,02/06/2026 04:11:40,03/06/2026 11:30:22,19/06/2026 05:53:56,06/06/2026 12:18:18,TTS,Open/Target Collaboration
584314802252777383,1732250760944257244,"Sữa Tắm/Gel Tắm Pháp Le Petit Marseillais Chiết Xuất Thiên Nhiên 650ml - Sữa Tắm Lưu Hương Lành Tính - Dịu Nhẹ, An Toàn Cho Da","Hương Chanh & Bưởi Hồng, Standard",1732250801268820188,ST01868,519000,554100,VND,1,Thanh toán khi giao hàng,Đã hoàn thành,ha_thubay,Video,7599664598626618642,fixed commission,,,,,519000,,519000,,3,14013,,,,0,0,02/06/2026 06:43:38,03/06/2026 20:02:16,02/06/2026 06:43:40,03/06/2026 20:02:16,19/06/2026 00:14:10,06/06/2026 13:09:40,TTS,Open/Target Collaboration
584315286124594439,1732251815880067292,"Sữa Tắm Pháp Le Petit Marseillais Cho Nam Chiết Xuất Thiên Nhiên 4in1 Nhiều Mùi Hương Dưỡng Ẩm, Thơm Lâu - Phù Hợp Mọi Loại Da (250ml)","Hương Gỗ Tuyết Tùng & Dương Xỉ, Standard",1732251749141219548,ST01172,192000,286000,VND,1,Không áp dụng thanh toán khi giao hàng,Đã hoàn thành,man.trung.737,Video,7595064670482877717,fixed commission,,,,8,192000,13824,192000,13824,,,,,,0,0,02/06/2026 07:32:49,02/06/2026 07:32:53,02/06/2026 07:32:53,03/06/2026 11:01:36,19/06/2026 01:25:20,06/06/2026 13:50:07,TTS,Open/Target Collaboration
584316256453035739,1732250760944257244,"Sữa Tắm/Gel Tắm Pháp Le Petit Marseillais Chiết Xuất Thiên Nhiên 650ml - Sữa Tắm Lưu Hương Lành Tính - Dịu Nhẹ, An Toàn Cho Da","Lá Oliu & Hoa Bồ Đề, Standard",1732250801268754652,ST01295,456720,536800,VND,1,Thanh toán khi giao hàng,Đã hoàn thành,ha_thubay,Video,7599664598626618642,fixed commission,,,,,456720,,456720,,3,12332,,,,0,0,02/06/2026 08:56:28,04/06/2026 17:31:59,02/06/2026 08:56:29,04/06/2026 17:31:59,20/06/2026 00:34:13,07/06/2026 12:22:19,TTS,Open/Target Collaboration
584316313077909061,1732251815880067292,"Sữa Tắm Pháp Le Petit Marseillais Cho Nam Chiết Xuất Thiên Nhiên 4in1 Nhiều Mùi Hương Dưỡng Ẩm, Thơm Lâu - Phù Hợp Mọi Loại Da (250ml)","Hương Gừng & Gỗ Bách, Standard",1732251749141285084,ST04371,225760,279900,VND,1,Thanh toán khi giao hàng,Đã hoàn thành,tanrhm19,Trưng bày,,fixed commission,,,,8,225760,16255,225760,16255,,,,,,0,0,02/06/2026 09:03:25,08/06/2026 16:12:32,02/06/2026 09:03:26,08/06/2026 16:12:32,24/06/2026 03:14:06,11/06/2026 10:19:52,TTS,Open/Target Collaboration
584316313077909061,1732251815880067292,"Sữa Tắm Pháp Le Petit Marseillais Cho Nam Chiết Xuất Thiên Nhiên 4in1 Nhiều Mùi Hương Dưỡng Ẩm, Thơm Lâu - Phù Hợp Mọi Loại Da (250ml)","Hương Gỗ Tuyết Tùng & Dương Xỉ, Standard",1732251749141219548,ST01172,225760,279900,VND,1,Thanh toán khi giao hàng,Đã hoàn thành,tanrhm19,Trưng bày,,fixed commission,,,,8,225760,16255,225760,16255,,,,,,0,0,02/06/2026 09:03:25,08/06/2026 16:12:32,02/06/2026 09:03:26,08/06/2026 16:12:32,24/06/2026 03:14:06,11/06/2026 10:19:52,TTS,Open/Target Collaboration
584316328486340194,1732251815880067292,"Sữa Tắm Pháp Le Petit Marseillais Cho Nam Chiết Xuất Thiên Nhiên 4in1 Nhiều Mùi Hương Dưỡng Ẩm, Thơm Lâu - Phù Hợp Mọi Loại Da (250ml)","Hương Cam & Tinh Dầu Argan, Standard",1732251749141022940,ST01431,272000,291700,VND,1,Thanh toán khi giao hàng,Đã hoàn thành,tanrhm19,Trưng bày,,fixed commission,,,,8,272000,19584,272000,19584,,,,,,0,0,02/06/2026 09:05:16,03/06/2026 21:12:50,02/06/2026 09:05:17,03/06/2026 21:12:50,19/06/2026 05:51:19,06/06/2026 11:16:56,TTS,Open/Target Collaboration
584316690963006863,1732251815880067292,"Sữa Tắm Pháp Le Petit Marseillais Cho Nam Chiết Xuất Thiên Nhiên 4in1 Nhiều Mùi Hương Dưỡng Ẩm, Thơm Lâu - Phù Hợp Mọi Loại Da (250ml)","Hương Cam & Tinh Dầu Argan, Standard",1732251749141022940,ST01431,237000,286000,VND,1,Thanh toán khi giao hàng,Đã hoàn thành,tanrhm19,Trưng bày,,fixed commission,,,,8,237000,17064,237000,17064,,,,,,0,0,02/06/2026 09:24:46,03/06/2026 10:06:52,02/06/2026 09:24:48,03/06/2026 10:06:52,19/06/2026 04:28:27,06/06/2026 12:26:02,TTS,Open/Target Collaboration
584317796873045255,1732251815880067292,"Sữa Tắm Pháp Le Petit Marseillais Cho Nam Chiết Xuất Thiên Nhiên 4in1 Nhiều Mùi Hương Dưỡng Ẩm, Thơm Lâu - Phù Hợp Mọi Loại Da (250ml)","Hương Cam & Tinh Dầu Argan, Standard",1732251749141022940,ST01431,244800,286000,VND,1,Thanh toán khi giao hàng,Đã hủy,tanrhm19,Trưng bày,,fixed commission,0,0,0,8,244800,17626,,,,,,,,0,0,02/06/2026 10:42:00,,02/06/2026 10:42:02,,,,TTS,Open/Target Collaboration
584318205619439352,1732251815880067292,"Sữa Tắm Pháp Le Petit Marseillais Cho Nam Chiết Xuất Thiên Nhiên 4in1 Nhiều Mùi Hương Dưỡng Ẩm, Thơm Lâu - Phù Hợp Mọi Loại Da (250ml)","Hương Gỗ Tuyết Tùng & Dương Xỉ, Standard",1732251749141219548,ST01172,250240,307200,VND,1,Thanh toán khi giao hàng,Đã hoàn thành,lin.hvu03,Chương trình Lưu lượng truy cập bên ngoài,,fixed commission,,,,4,250240,9009,250240,9009,,,,,,0,0,02/06/2026 11:17:38,04/06/2026 17:41:24,02/06/2026 11:17:40,04/06/2026 17:41:24,20/06/2026 04:04:22,07/06/2026 07:15:27,TTS,Open/Target Collaboration
584318915181642759,1732250760944257244,"Sữa Tắm/Gel Tắm Pháp Le Petit Marseillais Chiết Xuất Thiên Nhiên 650ml - Sữa Tắm Lưu Hương Lành Tính - Dịu Nhẹ, An Toàn Cho Da","Đào Trắng & Quả Xuân Đào, Standard",1732250801269016796,ST01288,425580,539900,VND,1,Thanh toán khi giao hàng,Đã hoàn thành,banvuot66,Chương trình Lưu lượng truy cập bên ngoài,,fixed commission,,,,4,425580,15321,425580,15321,,,,,,0,0,02/06/2026 12:01:53,03/06/2026 13:38:38,02/06/2026 12:01:55,03/06/2026 13:38:38,19/06/2026 04:06:43,06/06/2026 13:00:07,TTS,Open/Target Collaboration
584319204192847212,1732250760944257244,"Sữa Tắm/Gel Tắm Pháp Le Petit Marseillais Chiết Xuất Thiên Nhiên 650ml - Sữa Tắm Lưu Hương Lành Tính - Dịu Nhẹ, An Toàn Cho Da","Hoa Cam, Standard",1732250801269278940,ST39109,519000,540750,VND,1,Thanh toán khi giao hàng,Đã hủy,involveasiavn01,Chương trình Lưu lượng truy cập bên ngoài,,fixed commission,0,0,0,4,519000,18684,,,,,,,,0,0,02/06/2026 12:19:39,,02/06/2026 12:19:41,,,,TTS,Open/Target Collaboration
584319204192847212,1732250760944257244,"Sữa Tắm/Gel Tắm Pháp Le Petit Marseillais Chiết Xuất Thiên Nhiên 650ml - Sữa Tắm Lưu Hương Lành Tính - Dịu Nhẹ, An Toàn Cho Da","Vani, Standard",1732250801269082332,ST00557,519000,540750,VND,1,Thanh toán khi giao hàng,Đã hủy,involveasiavn01,Chương trình Lưu lượng truy cập bên ngoài,,fixed commission,0,0,0,4,519000,18684,,,,,,,,0,0,02/06/2026 12:19:39,,02/06/2026 12:19:41,,,,TTS,Open/Target Collaboration
584319682429814557,1734496604995683548,Xà Phòng Le Petit Marseillais Chính Hãng Bánh Xà Phòng Tắm Thiên Nhiên (Ngẫu nhiên)  1 Bánh,Mặc định,1734496577198523612,1 BÁNH-XP,75000,89000,VND,1,Thanh toán khi giao hàng,Đã hoàn thành,mythi_fr,Video,7634970118833081620,fixed commission,,,,,75000,,75000,,3,2025,,,,0,0,02/06/2026 12:53:23,03/06/2026 18:46:23,02/06/2026 12:53:24,03/06/2026 18:46:23,19/06/2026 01:25:22,06/06/2026 09:17:12,TTS,Open/Target Collaboration
584319819205477909,1734496604995683548,Xà Phòng Le Petit Marseillais Chính Hãng Bánh Xà Phòng Tắm Thiên Nhiên (Ngẫu nhiên)  1 Bánh,Mặc định,1734496577198523612,1 BÁNH-XP,75000,89000,VND,1,Thanh toán khi giao hàng,Đã hoàn thành,mythi_fr,Video,7634970118833081620,fixed commission,,,,,75000,,75000,,3,2025,,,,0,0,02/06/2026 13:02:48,03/06/2026 09:28:48,02/06/2026 13:02:49,03/06/2026 09:28:48,19/06/2026 05:27:52,06/06/2026 09:29:41,TTS,Open/Target Collaboration
584319900125661118,1734496604995683548,Xà Phòng Le Petit Marseillais Chính Hãng Bánh Xà Phòng Tắm Thiên Nhiên (Ngẫu nhiên)  1 Bánh,Mặc định,1734496577198523612,1 BÁNH-XP,75000,105300,VND,1,Thanh toán khi giao hàng,Đã hủy,mythi_fr,Video,7634970118833081620,fixed commission,0,0,0,,75000,,,,3,2025,,,,0,0,02/06/2026 13:05:08,,02/06/2026 13:05:09,,,,TTS,Open/Target Collaboration
584320125324199169,1732251815880067292,"Sữa Tắm Pháp Le Petit Marseillais Cho Nam Chiết Xuất Thiên Nhiên 4in1 Nhiều Mùi Hương Dưỡng Ẩm, Thơm Lâu - Phù Hợp Mọi Loại Da (250ml)","Hương Gỗ Tuyết Tùng & Dương Xỉ, Standard",1732251749141219548,ST01172,250240,302300,VND,1,Thanh toán khi giao hàng,Đã hoàn thành,duongmanhkien19,Video,7578474458705382676,fixed commission,,,,,250240,,250240,,3,6756,,,,0,0,02/06/2026 13:24:20,03/06/2026 13:40:35,02/06/2026 13:24:21,03/06/2026 13:40:35,19/06/2026 00:31:41,06/06/2026 09:29:51,TTS,Open/Target Collaboration
584320626771395650,1732251815880067292,"Sữa Tắm Pháp Le Petit Marseillais Cho Nam Chiết Xuất Thiên Nhiên 4in1 Nhiều Mùi Hương Dưỡng Ẩm, Thơm Lâu - Phù Hợp Mọi Loại Da (250ml)","Hương Gỗ Tuyết Tùng & Dương Xỉ, Standard",1732251749141219548,ST01172,250240,302300,VND,1,Thanh toán khi giao hàng,Đã hoàn thành,duongmanhkien19,Video,7578474458705382676,fixed commission,,,,,250240,,0,,3,6756,,,,1,0,02/06/2026 13:55:28,03/06/2026 21:01:59,02/06/2026 13:55:29,03/06/2026 21:01:59,07/06/2026 08:52:46,,TTS,Open/Target Collaboration
584321093328733257,1732251815880067292,"Sữa Tắm Pháp Le Petit Marseillais Cho Nam Chiết Xuất Thiên Nhiên 4in1 Nhiều Mùi Hương Dưỡng Ẩm, Thơm Lâu - Phù Hợp Mọi Loại Da (250ml)","Hương Gỗ Tuyết Tùng & Dương Xỉ, Standard",1732251749141219548,ST01172,201000,286000,VND,1,Thanh toán khi giao hàng,Đã hoàn thành,duongmanhkien19,Video,7578474458705382676,fixed commission,,,,,201000,,201000,,3,5427,,,,0,0,02/06/2026 14:26:38,08/06/2026 12:26:40,02/06/2026 14:26:39,08/06/2026 12:26:40,24/06/2026 01:33:11,11/06/2026 09:55:33,TTS,Open/Target Collaboration
584321256140538923,1734496604995683548,Xà Phòng Le Petit Marseillais Chính Hãng Bánh Xà Phòng Tắm Thiên Nhiên (Ngẫu nhiên)  1 Bánh,Mặc định,1734496577198523612,1 BÁNH-XP,75000,98200,VND,1,Không áp dụng thanh toán khi giao hàng,Đã hoàn thành,mythi_fr,Video,7634970118833081620,fixed commission,,,,,75000,,75000,,3,2025,,,,0,0,02/06/2026 14:42:08,02/06/2026 14:43:38,02/06/2026 14:43:39,03/06/2026 15:58:34,19/06/2026 03:41:17,06/06/2026 12:51:45,TTS,Open/Target Collaboration
584321736660321679,1734496604995683548,Xà Phòng Le Petit Marseillais Chính Hãng Bánh Xà Phòng Tắm Thiên Nhiên (Ngẫu nhiên)  1 Bánh,Mặc định,1734496577198523612,1 BÁNH-XP,75000,163100,VND,2,Thanh toán khi giao hàng,Đã hoàn thành,mythi_fr,Video,7634970118833081620,fixed commission,,,,,150000,,150000,,3,4050,,,,0,0,02/06/2026 15:14:23,03/06/2026 15:24:59,02/06/2026 15:14:24,03/06/2026 15:24:59,19/06/2026 04:24:36,06/06/2026 12:46:53,TTS,Open/Target Collaboration
584321977849185345,1732251815880067292,"Sữa Tắm Pháp Le Petit Marseillais Cho Nam Chiết Xuất Thiên Nhiên 4in1 Nhiều Mùi Hương Dưỡng Ẩm, Thơm Lâu - Phù Hợp Mọi Loại Da (250ml)","Hương Gỗ Tuyết Tùng & Dương Xỉ, Standard",1732251749141219548,ST01172,250240,302300,VND,1,Thanh toán khi giao hàng,Đã hoàn thành,duongmanhkien19,Video,7578474458705382676,fixed commission,,,,,250240,,250240,,3,6756,,,,0,0,02/06/2026 15:20:58,04/06/2026 16:59:04,02/06/2026 15:20:59,04/06/2026 16:59:04,20/06/2026 03:20:27,07/06/2026 09:06:53,TTS,Open/Target Collaboration
584321912708826480,1732251815880067292,"Sữa Tắm Pháp Le Petit Marseillais Cho Nam Chiết Xuất Thiên Nhiên 4in1 Nhiều Mùi Hương Dưỡng Ẩm, Thơm Lâu - Phù Hợp Mọi Loại Da (250ml)","Hương Cam & Tinh Dầu Argan, Standard",1732251749141022940,ST01431,250240,286000,VND,1,Thanh toán khi giao hàng,Đã hoàn thành,tanrhm19,Trưng bày,,fixed commission,,,,8,250240,18017,250240,18017,,,,,,0,0,02/06/2026 15:24:27,04/06/2026 09:51:12,02/06/2026 15:24:28,04/06/2026 09:51:12,20/06/2026 04:01:39,07/06/2026 08:06:54,TTS,Open/Target Collaboration
584322040101569945,1732251815880067292,"Sữa Tắm Pháp Le Petit Marseillais Cho Nam Chiết Xuất Thiên Nhiên 4in1 Nhiều Mùi Hương Dưỡng Ẩm, Thơm Lâu - Phù Hợp Mọi Loại Da (250ml)","Hương Gỗ Tuyết Tùng & Dương Xỉ, Standard",1732251749141219548,ST01172,250240,302300,VND,1,Thanh toán khi giao hàng,Đã hoàn thành,meo.review56,Video,7630487308734647559,fixed commission,,,,8,250240,18017,250240,18017,,,,,,0,0,02/06/2026 15:34:26,03/06/2026 18:16:52,02/06/2026 15:34:27,03/06/2026 18:16:52,19/06/2026 05:53:00,06/06/2026 09:42:33,TTS,Open/Target Collaboration
584322404735027157,1732250760944257244,"Sữa Tắm/Gel Tắm Pháp Le Petit Marseillais Chiết Xuất Thiên Nhiên 650ml - Sữa Tắm Lưu Hương Lành Tính - Dịu Nhẹ, An Toàn Cho Da","Hương Xoài & Chanh Dây, Standard",1732250801268951260,ST68823,477480,539700,VND,1,Không áp dụng thanh toán khi giao hàng,Đã hoàn thành,ha_thubay,Video,7599664598626618642,fixed commission,,,,,477480,,477480,,3,12892,,,,0,0,02/06/2026 15:58:15,02/06/2026 16:02:42,02/06/2026 16:02:43,04/06/2026 18:05:54,20/06/2026 03:27:35,07/06/2026 09:31:40,TTS,Open/Target Collaboration
584323517260465462,1732251815880067292,"Sữa Tắm Pháp Le Petit Marseillais Cho Nam Chiết Xuất Thiên Nhiên 4in1 Nhiều Mùi Hương Dưỡng Ẩm, Thơm Lâu - Phù Hợp Mọi Loại Da (250ml)","Hương Cam & Tinh Dầu Argan, Standard",1732251749141022940,ST01431,272000,286000,VND,1,Không áp dụng thanh toán khi giao hàng,Đã hủy,tanrhm19,Trưng bày,,fixed commission,,,,8,272000,19584,,,,,,,,0,0,02/06/2026 17:14:33,02/06/2026 17:15:02,02/06/2026 17:15:02,,,,TTS,Open/Target Collaboration
584323435554113473,1734496604995683548,Xà Phòng Le Petit Marseillais Chính Hãng Bánh Xà Phòng Tắm Thiên Nhiên (Ngẫu nhiên)  1 Bánh,Mặc định,1734496577198523612,1 BÁNH-XP,60000,89000,VND,1,Thanh toán khi giao hàng,Đã hoàn thành,mythi_fr,Video,7634970118833081620,fixed commission,,,,,60000,,60000,,3,1620,,,,0,0,02/06/2026 17:16:18,04/06/2026 15:03:11,02/06/2026 17:16:19,04/06/2026 15:03:11,20/06/2026 04:20:02,07/06/2026 09:28:27,TTS,Open/Target Collaboration
584323777105659472,1734496604995683548,Xà Phòng Le Petit Marseillais Chính Hãng Bánh Xà Phòng Tắm Thiên Nhiên (Ngẫu nhiên)  1 Bánh,Mặc định,1734496577198523612,1 BÁNH-XP,75000,151000,VND,2,Thanh toán khi giao hàng,Đã hoàn thành,mythi_fr,Video,7633023072626429204,fixed commission,,,,6,150000,8100,150000,8100,,,,,,0,0,02/06/2026 17:38:55,04/06/2026 11:58:52,02/06/2026 17:38:56,04/06/2026 11:58:52,20/06/2026 05:23:54,07/06/2026 08:20:14,TTS,Open/Target Collaboration
584324363448518551,1732250760944257244,"Sữa Tắm/Gel Tắm Pháp Le Petit Marseillais Chiết Xuất Thiên Nhiên 650ml - Sữa Tắm Lưu Hương Lành Tính - Dịu Nhẹ, An Toàn Cho Da","Thông & Bạch Đàn Biển, Standard",1732250801268689116,ST01902,368000,534800,VND,1,Thanh toán khi giao hàng,Đã hoàn thành,ha_thubay,Video,7599664598626618642,fixed commission,,,,,368000,,368000,,3,9936,,,,0,0,02/06/2026 18:20:32,04/06/2026 12:44:23,02/06/2026 18:20:34,04/06/2026 12:44:23,20/06/2026 05:22:52,07/06/2026 13:25:22,TTS,Open/Target Collaboration
584324697999640046,1732250760944257244,"Sữa Tắm/Gel Tắm Pháp Le Petit Marseillais Chiết Xuất Thiên Nhiên 650ml - Sữa Tắm Lưu Hương Lành Tính - Dịu Nhẹ, An Toàn Cho Da","Thông & Bạch Đàn Biển, Standard",1732250801268689116,ST01902,320000,566600,VND,1,Thanh toán khi giao hàng,Đã hoàn thành,lepetitmarseillaisvn,Video,7579528892277542151,fixed commission,,,,,320000,,320000,,,,,,,0,0,02/06/2026 18:40:31,04/06/2026 18:12:03,02/06/2026 18:40:32,04/06/2026 18:12:03,20/06/2026 02:46:01,,TTS,Open/Target Collaboration
584325005060769006,1732250760944257244,"Sữa Tắm/Gel Tắm Pháp Le Petit Marseillais Chiết Xuất Thiên Nhiên 650ml - Sữa Tắm Lưu Hương Lành Tính - Dịu Nhẹ, An Toàn Cho Da","Hoa Tiare, Standard",1732250801268885724,ST68816,360960,534800,VND,1,Thanh toán khi giao hàng,Đã hoàn thành,ha_thubay,Video,7599664598626618642,fixed commission,,,,,360960,,360960,,3,9746,,,,0,0,02/06/2026 19:03:54,04/06/2026 13:02:39,02/06/2026 19:03:56,04/06/2026 13:02:39,20/06/2026 01:26:39,07/06/2026 10:48:15,TTS,Open/Target Collaboration
584325353037596087,1734496604995683548,Xà Phòng Le Petit Marseillais Chính Hãng Bánh Xà Phòng Tắm Thiên Nhiên (Ngẫu nhiên)  1 Bánh,Mặc định,1734496577198523612,1 BÁNH-XP,75000,157000,VND,2,Thanh toán khi giao hàng,Đã hoàn thành,mythi_fr,Video,7634970118833081620,fixed commission,,,,,150000,,150000,,3,4050,,,,0,0,02/06/2026 19:22:42,04/06/2026 09:59:22,02/06/2026 19:22:43,04/06/2026 09:59:22,20/06/2026 01:08:28,07/06/2026 13:08:48,TTS,Open/Target Collaboration
584326406661768383,1732251815880067292,"Sữa Tắm Pháp Le Petit Marseillais Cho Nam Chiết Xuất Thiên Nhiên 4in1 Nhiều Mùi Hương Dưỡng Ẩm, Thơm Lâu - Phù Hợp Mọi Loại Da (250ml)","Hương Cam & Tinh Dầu Argan, Standard",1732251749141022940,ST01431,250240,302300,VND,1,Thanh toán khi giao hàng,Đã hoàn thành,lepthelittlekid,Video,7594749644052204818,fixed commission,,,,5,250240,11261,250240,11261,,,,,,0,0,02/06/2026 20:24:26,04/06/2026 16:45:12,02/06/2026 20:24:27,04/06/2026 16:45:12,20/06/2026 00:24:02,07/06/2026 12:14:12,TTS,Open/Target Collaboration
584326609231316755,1734496604995683548,Xà Phòng Le Petit Marseillais Chính Hãng Bánh Xà Phòng Tắm Thiên Nhiên (Ngẫu nhiên)  1 Bánh,Mặc định,1734496577198523612,1 BÁNH-XP,75000,157000,VND,2,Thanh toán khi giao hàng,Đã hoàn thành,mythi_fr,Video,7634970118833081620,fixed commission,,,,,150000,,150000,,3,4050,,,,0,0,02/06/2026 20:32:57,04/06/2026 10:01:42,02/06/2026 20:32:59,04/06/2026 10:01:42,20/06/2026 03:48:55,07/06/2026 13:21:17,TTS,Open/Target Collaboration
584327577480955468,1732251932571175132,"Sữa Dưỡng Thể 24h Le Petit Marseillais Nhiều Mùi Hương 400ml Dưỡng Ẩm, Thơm Lâu - Phù Hợp Mọi Loại Da","Bơ Hạt Mỡ, Lô Hội, Sáp Ong, Standard",1732251916621678812,DT84159,527880,651800,VND,1,Thanh toán khi giao hàng,Đã hoàn thành,lepetitmarseillaisvn,Phát trực tiếp,7646789939111152392,fixed commission,,,,,527880,,527880,,,,,,,0,0,02/06/2026 21:27:13,04/06/2026 22:30:44,02/06/2026 21:27:15,04/06/2026 22:30:44,20/06/2026 03:31:46,,TTS,Open/Target Collaboration
584327713897481459,1732251815880067292,"Sữa Tắm Pháp Le Petit Marseillais Cho Nam Chiết Xuất Thiên Nhiên 4in1 Nhiều Mùi Hương Dưỡng Ẩm, Thơm Lâu - Phù Hợp Mọi Loại Da (250ml)","Hương Cam & Tinh Dầu Argan, Standard",1732251749141022940,ST01431,236640,306800,VND,1,Thanh toán khi giao hàng,Đã hủy,duongmanhkien19,Video,7589190858113649928,fixed commission,0,0,0,8,236640,17038,,,,,,,,0,0,02/06/2026 21:39:30,,02/06/2026 21:39:31,,,,TTS,Open/Target Collaboration
584327949739721977,1732251815880067292,"Sữa Tắm Pháp Le Petit Marseillais Cho Nam Chiết Xuất Thiên Nhiên 4in1 Nhiều Mùi Hương Dưỡng Ẩm, Thơm Lâu - Phù Hợp Mọi Loại Da (250ml)","Hương Gỗ Tuyết Tùng & Dương Xỉ, Standard",1732251749141219548,ST01172,272000,286000,VND,1,Thanh toán khi giao hàng,Đã hoàn thành,mynee310,Chương trình Lưu lượng truy cập bên ngoài,,fixed commission,,,,4,272000,9792,272000,9792,,,,,,0,0,02/06/2026 21:50:17,08/06/2026 17:58:09,02/06/2026 21:50:18,08/06/2026 17:58:09,24/06/2026 05:42:52,11/06/2026 10:16:47,TTS,Open/Target Collaboration
584327970157986989,1732250928810920156,"Sữa Tắm/Gel Tắm Pháp Le Petit Marseillais Thiên Nhiên 250ml - Sữa Tắm Lưu Hương Lành Tính - Dịu Nhẹ, An Toàn Cho Da","Quả Mâm Xôi & Hoa Mẫu Đơn, Standard",1732250914985052380,ST48441,184800,307200,VND,1,Thanh toán khi giao hàng,Đã hủy,lepetitmarseillaisvn,Phát trực tiếp,7646789939111152392,fixed commission,,,,,184800,,,,,,,,,0,0,02/06/2026 21:51:19,,02/06/2026 21:51:21,,,,TTS,Open/Target Collaboration
584327970157855917,1732250928810920156,"Sữa Tắm/Gel Tắm Pháp Le Petit Marseillais Thiên Nhiên 250ml - Sữa Tắm Lưu Hương Lành Tính - Dịu Nhẹ, An Toàn Cho Da","Bạc Hà, Standard",1732250914984855772,ST92871,184800,307200,VND,1,Thanh toán khi giao hàng,Đã hủy,lepetitmarseillaisvn,Phát trực tiếp,7646789939111152392,fixed commission,,,,,184800,,,,,,,,,0,0,02/06/2026 21:51:19,,02/06/2026 21:51:21,,,,TTS,Open/Target Collaboration
584328027008370116,1734496604995683548,Xà Phòng Le Petit Marseillais Chính Hãng Bánh Xà Phòng Tắm Thiên Nhiên (Ngẫu nhiên)  1 Bánh,Mặc định,1734496577198523612,1 BÁNH-XP,75000,104200,VND,1,Không áp dụng thanh toán khi giao hàng,Đã hoàn thành,mythi_fr,Video,7634970118833081620,fixed commission,,,,6,75000,4050,75000,4050,,,,,,0,0,02/06/2026 21:53:08,02/06/2026 21:53:09,02/06/2026 21:53:10,05/06/2026 18:31:45,21/06/2026 05:05:18,08/06/2026 07:59:36,TTS,Open/Target Collaboration
584328187243234787,1732251932571175132,"Sữa Dưỡng Thể 24h Le Petit Marseillais Nhiều Mùi Hương 400ml Dưỡng Ẩm, Thơm Lâu - Phù Hợp Mọi Loại Da","Bơ Hạt Mỡ, Hạnh Nhân, Dầu Argan, Standard",1732251916621613276,DT83916,540600,677400,VND,1,Thanh toán khi giao hàng,Đã hoàn thành,lepetitmarseillaisvn,Phát trực tiếp,7646789939111152392,fixed commission,,,,,540600,,540600,,,,,,,0,0,02/06/2026 22:06:34,06/06/2026 20:39:11,02/06/2026 22:06:37,06/06/2026 20:39:11,22/06/2026 05:46:15,,TTS,Open/Target Collaboration
584328332861278156,1732250760944257244,"Sữa Tắm/Gel Tắm Pháp Le Petit Marseillais Chiết Xuất Thiên Nhiên 650ml - Sữa Tắm Lưu Hương Lành Tính - Dịu Nhẹ, An Toàn Cho Da","Lá Oliu & Hoa Bồ Đề, Standard",1732250801268754652,ST01295,332000,539900,VND,1,Thanh toán khi giao hàng,Đã hoàn thành,lepetitmarseillaisvn,Phát trực tiếp,7646789939111152392,fixed commission,,,,,332000,,332000,,,,,,,0,0,02/06/2026 22:14:04,04/06/2026 11:27:50,02/06/2026 22:14:06,04/06/2026 11:27:50,20/06/2026 00:42:04,,TTS,Open/Target Collaboration
584328301792626449,1732250760944257244,"Sữa Tắm/Gel Tắm Pháp Le Petit Marseillais Chiết Xuất Thiên Nhiên 650ml - Sữa Tắm Lưu Hương Lành Tính - Dịu Nhẹ, An Toàn Cho Da","Thông & Bạch Đàn Biển, Standard",1732250801268689116,ST01902,344000,554100,VND,1,Thanh toán khi giao hàng,Đã hoàn thành,ha_thubay,Video,7599664598626618642,fixed commission,,,,,344000,,344000,,3,9288,,,,0,0,02/06/2026 22:14:48,04/06/2026 20:46:39,02/06/2026 22:14:49,04/06/2026 20:46:39,20/06/2026 00:34:52,07/06/2026 09:07:16,TTS,Open/Target Collaboration
584328591074953037,1732250760944257244,"Sữa Tắm/Gel Tắm Pháp Le Petit Marseillais Chiết Xuất Thiên Nhiên 650ml - Sữa Tắm Lưu Hương Lành Tính - Dịu Nhẹ, An Toàn Cho Da","Thông & Bạch Đàn Biển, Standard",1732250801268689116,ST01902,368000,542800,VND,1,Thanh toán khi giao hàng,Đã hủy,ha_thubay,Video,7599664598626618642,fixed commission,0,0,0,,368000,,,,3,9936,,,,0,0,02/06/2026 22:26:07,,02/06/2026 22:26:09,,,,TTS,Open/Target Collaboration
584328484706027320,1734496604995683548,Xà Phòng Le Petit Marseillais Chính Hãng Bánh Xà Phòng Tắm Thiên Nhiên (Ngẫu nhiên)  1 Bánh,Mặc định,1734496577198523612,1 BÁNH-XP,75000,152500,VND,2,Thanh toán khi giao hàng,Đã hoàn thành,mythi_fr,Video,7634970118833081620,fixed commission,,,,,150000,,150000,,3,4050,,,,0,0,02/06/2026 22:27:47,04/06/2026 18:36:50,02/06/2026 22:27:48,04/06/2026 18:36:50,20/06/2026 01:42:08,07/06/2026 07:50:35,TTS,Open/Target Collaboration
584329305978209821,1734496604995683548,Xà Phòng Le Petit Marseillais Chính Hãng Bánh Xà Phòng Tắm Thiên Nhiên (Ngẫu nhiên)  1 Bánh,Mặc định,1734496577198523612,1 BÁNH-XP,75000,102300,VND,1,Thanh toán khi giao hàng,Đã hoàn thành,mythi_fr,Video,7634970118833081620,fixed commission,,,,,75000,,75000,,3,2025,,,,0,0,02/06/2026 23:25:35,05/06/2026 20:14:06,02/06/2026 23:25:36,05/06/2026 20:14:06,21/06/2026 03:03:39,08/06/2026 09:09:50,TTS,Open/Target Collaboration
584329297120298806,1732250760944257244,"Sữa Tắm/Gel Tắm Pháp Le Petit Marseillais Chiết Xuất Thiên Nhiên 650ml - Sữa Tắm Lưu Hương Lành Tính - Dịu Nhẹ, An Toàn Cho Da","Thông & Bạch Đàn Biển, Standard",1732250801268689116,ST01902,400000,534800,VND,1,Thanh toán khi giao hàng,Đã hoàn thành,ha_thubay,Video,7599664598626618642,fixed commission,,,,,400000,,400000,,3,10800,,,,0,0,02/06/2026 23:28:22,04/06/2026 21:35:29,02/06/2026 23:28:25,04/06/2026 21:35:29,20/06/2026 05:20:03,07/06/2026 10:25:09,TTS,Open/Target Collaboration
584329552622356236,1732250760944257244,"Sữa Tắm/Gel Tắm Pháp Le Petit Marseillais Chiết Xuất Thiên Nhiên 650ml - Sữa Tắm Lưu Hương Lành Tính - Dịu Nhẹ, An Toàn Cho Da","Thông & Bạch Đàn Biển, Standard",1732250801268689116,ST01902,385000,548700,VND,1,Thanh toán khi giao hàng,Đã hoàn thành,ha_thubay,Video,7599664598626618642,fixed commission,,,,,385000,,385000,,3,10395,,,,0,0,02/06/2026 23:51:12,04/06/2026 19:56:28,02/06/2026 23:51:13,04/06/2026 19:56:28,20/06/2026 00:39:27,07/06/2026 08:22:59,TTS,Open/Target Collaboration
584329697033356404,1732250760944257244,"Sữa Tắm/Gel Tắm Pháp Le Petit Marseillais Chiết Xuất Thiên Nhiên 650ml - Sữa Tắm Lưu Hương Lành Tính - Dịu Nhẹ, An Toàn Cho Da","Hương Xoài & Chanh Dây, Standard",1732250801268951260,ST68823,400000,539900,VND,1,Thanh toán khi giao hàng,Đã hủy,mevyan,Video,7627163337347960085,fixed commission,0,0,0,8,400000,28800,,,,,,,,0,0,03/06/2026 00:01:05,,03/06/2026 00:01:06,,,,TTS,Open/Target Collaboration
584329674220864693,1732250760944257244,"Sữa Tắm/Gel Tắm Pháp Le Petit Marseillais Chiết Xuất Thiên Nhiên 650ml - Sữa Tắm Lưu Hương Lành Tính - Dịu Nhẹ, An Toàn Cho Da","Thông & Bạch Đàn Biển, Standard",1732250801268689116,ST01902,400000,545100,VND,1,Thanh toán khi giao hàng,Đã hoàn thành,ha_thubay,Video,7599664598626618642,fixed commission,,,,,400000,,400000,,3,10800,,,,0,0,03/06/2026 00:03:50,04/06/2026 14:02:54,03/06/2026 00:03:51,04/06/2026 14:02:54,20/06/2026 04:26:17,07/06/2026 10:06:47,TTS,Open/Target Collaboration
584329756371420696,1732250928810920156,"Sữa Tắm/Gel Tắm Pháp Le Petit Marseillais Thiên Nhiên 250ml - Sữa Tắm Lưu Hương Lành Tính - Dịu Nhẹ, An Toàn Cho Da","Vani, Standard",1732250914985183452,ST00526,199500,298200,VND,1,Không áp dụng thanh toán khi giao hàng,Đã hoàn thành,jh202k1,Chương trình Lưu lượng truy cập bên ngoài,,fixed commission,,,,4,199500,7182,199500,7182,,,,,,0,0,03/06/2026 00:14:01,03/06/2026 00:14:05,03/06/2026 00:14:05,04/06/2026 11:22:09,20/06/2026 03:22:40,07/06/2026 08:23:22,TTS,Open/Target Collaboration
584329793982268757,1734496604995683548,Xà Phòng Le Petit Marseillais Chính Hãng Bánh Xà Phòng Tắm Thiên Nhiên (Ngẫu nhiên)  1 Bánh,Mặc định,1734496577198523612,1 BÁNH-XP,75000,75000,VND,1,Thanh toán khi giao hàng,Đã hoàn thành,mythi_fr,Video,7634970118833081620,fixed commission,,,,,75000,,75000,,3,2025,,,,0,0,03/06/2026 00:14:27,04/06/2026 20:12:09,03/06/2026 00:14:27,04/06/2026 20:12:09,20/06/2026 03:34:37,07/06/2026 10:04:39,TTS,Open/Target Collaboration
584329898407527792,1734496604995683548,Xà Phòng Le Petit Marseillais Chính Hãng Bánh Xà Phòng Tắm Thiên Nhiên (Ngẫu nhiên)  1 Bánh,Mặc định,1734496577198523612,1 BÁNH-XP,75000,99200,VND,1,Thanh toán khi giao hàng,Đã hoàn thành,mythi_fr,Video,7634970118833081620,fixed commission,,,,,75000,,75000,,3,2025,,,,0,0,03/06/2026 00:26:49,05/06/2026 10:23:48,03/06/2026 00:26:50,05/06/2026 10:23:48,21/06/2026 02:30:25,08/06/2026 07:30:34,TTS,Open/Target Collaboration
584329938992989983,1734496604995683548,Xà Phòng Le Petit Marseillais Chính Hãng Bánh Xà Phòng Tắm Thiên Nhiên (Ngẫu nhiên)  1 Bánh,Mặc định,1734496577198523612,1 BÁNH-XP,75000,89000,VND,1,Thanh toán khi giao hàng,Đã hoàn thành,mythi_fr,Video,7633023072626429204,fixed commission,,,,6,75000,4050,75000,4050,,,,,,0,0,03/06/2026 00:35:18,04/06/2026 11:48:12,03/06/2026 00:35:19,04/06/2026 11:48:12,20/06/2026 04:18:30,07/06/2026 12:37:36,TTS,Open/Target Collaboration
584330053679548328,1732250760944257244,"Sữa Tắm/Gel Tắm Pháp Le Petit Marseillais Chiết Xuất Thiên Nhiên 650ml - Sữa Tắm Lưu Hương Lành Tính - Dịu Nhẹ, An Toàn Cho Da","Thông & Bạch Đàn Biển, Standard",1732250801268689116,ST01902,400000,534800,VND,1,Thanh toán khi giao hàng,Đã hoàn thành,ha_thubay,Video,7646376093317991700,fixed commission,,,,,400000,,400000,,3,10800,,,,0,0,03/06/2026 00:48:58,04/06/2026 20:31:38,03/06/2026 00:48:59,04/06/2026 20:31:38,20/06/2026 01:59:02,07/06/2026 08:16:33,TTS,Open/Target Collaboration
584330388646627310,1734496604995683548,Xà Phòng Le Petit Marseillais Chính Hãng Bánh Xà Phòng Tắm Thiên Nhiên (Ngẫu nhiên)  1 Bánh,Mặc định,1734496577198523612,1 BÁNH-XP,75000,89000,VND,1,Không áp dụng thanh toán khi giao hàng,Đã hoàn thành,mythi_fr,Video,7635178246694391061,fixed commission,,,,,75000,,75000,,3,2025,,,,0,0,03/06/2026 01:52:25,03/06/2026 01:53:07,03/06/2026 01:53:07,04/06/2026 17:55:28,20/06/2026 00:57:23,07/06/2026 11:00:03,TTS,Open/Target Collaboration
584330640464905347,1734496604995683548,Xà Phòng Le Petit Marseillais Chính Hãng Bánh Xà Phòng Tắm Thiên Nhiên (Ngẫu nhiên)  1 Bánh,Mặc định,1734496577198523612,1 BÁNH-XP,45000,135150,VND,2,Không áp dụng thanh toán khi giao hàng,Đã hoàn thành,mythi_fr,Video,7634970118833081620,fixed commission,,,,,90000,,90000,,3,2430,,,,0,0,03/06/2026 02:52:51,03/06/2026 02:52:56,03/06/2026 02:52:56,04/06/2026 09:24:41,20/06/2026 00:52:13,07/06/2026 13:13:35,TTS,Open/Target Collaboration
584331193465341116,1734496604995683548,Xà Phòng Le Petit Marseillais Chính Hãng Bánh Xà Phòng Tắm Thiên Nhiên (Ngẫu nhiên)  1 Bánh,Mặc định,1734496577198523612,1 BÁNH-XP,75000,89000,VND,1,Thanh toán khi giao hàng,Đã hoàn thành,mythi_fr,Video,7634970118833081620,fixed commission,,,,,75000,,75000,,3,2025,,,,0,0,03/06/2026 05:24:02,04/06/2026 13:47:26,03/06/2026 05:24:03,04/06/2026 13:47:26,20/06/2026 00:41:24,07/06/2026 07:54:17,TTS,Open/Target Collaboration
584331307565811076,1734496604995683548,Xà Phòng Le Petit Marseillais Chính Hãng Bánh Xà Phòng Tắm Thiên Nhiên (Ngẫu nhiên)  1 Bánh,Mặc định,1734496577198523612,1 BÁNH-XP,75000,94700,VND,1,Thanh toán khi giao hàng,Đã hoàn thành,mythi_fr,Video,7634970118833081620,fixed commission,,,,,75000,,75000,,3,2025,,,,0,0,03/06/2026 05:39:34,04/06/2026 21:50:55,03/06/2026 05:39:35,04/06/2026 21:50:55,20/06/2026 04:15:20,07/06/2026 08:07:44,TTS,Open/Target Collaboration
584331471287453587,1734496604995683548,Xà Phòng Le Petit Marseillais Chính Hãng Bánh Xà Phòng Tắm Thiên Nhiên (Ngẫu nhiên)  1 Bánh,Mặc định,1734496577198523612,1 BÁNH-XP,75000,105300,VND,1,Thanh toán khi giao hàng,Đã hoàn thành,mythi_fr,Video,7634970118833081620,fixed commission,,,,,75000,,75000,,3,2025,,,,0,0,03/06/2026 06:04:38,04/06/2026 17:54:33,03/06/2026 06:04:40,04/06/2026 17:54:33,20/06/2026 00:57:44,07/06/2026 13:36:59,TT_LITE,Open/Target Collaboration
584331660970722762,1734496604995683548,Xà Phòng Le Petit Marseillais Chính Hãng Bánh Xà Phòng Tắm Thiên Nhiên (Ngẫu nhiên)  1 Bánh,Mặc định,1734496577198523612,1 BÁNH-XP,75000,115000,VND,1,Thanh toán khi giao hàng,Đã hoàn thành,mythi_fr,Video,7634970118833081620,fixed commission,,,,,75000,,75000,,3,2025,,,,0,0,03/06/2026 06:26:51,04/06/2026 15:41:14,03/06/2026 06:26:52,04/06/2026 15:41:14,20/06/2026 05:52:58,07/06/2026 11:01:43,TTS,Open/Target Collaboration
584332126351558129,1734496604995683548,Xà Phòng Le Petit Marseillais Chính Hãng Bánh Xà Phòng Tắm Thiên Nhiên (Ngẫu nhiên)  1 Bánh,Mặc định,1734496577198523612,1 BÁNH-XP,75000,89000,VND,1,Không áp dụng thanh toán khi giao hàng,Đã hoàn thành,mythi_fr,Video,7634970118833081620,fixed commission,,,,,75000,,75000,,3,2025,,,,0,0,03/06/2026 07:18:47,03/06/2026 07:18:53,03/06/2026 07:18:54,04/06/2026 11:19:00,20/06/2026 04:47:46,07/06/2026 09:36:25,TTS,Open/Target Collaboration
584332255763072910,1734496604995683548,Xà Phòng Le Petit Marseillais Chính Hãng Bánh Xà Phòng Tắm Thiên Nhiên (Ngẫu nhiên)  1 Bánh,Mặc định,1734496577198523612,1 BÁNH-XP,75000,105300,VND,1,Thanh toán khi giao hàng,Đã hoàn thành,mythi_fr,Video,7634970118833081620,fixed commission,,,,,75000,,75000,,3,2025,,,,0,0,03/06/2026 07:32:39,04/06/2026 14:46:58,03/06/2026 07:32:40,04/06/2026 14:46:58,20/06/2026 03:54:18,07/06/2026 11:04:32,TTS,Open/Target Collaboration
584332628083508540,1732251815880067292,"Sữa Tắm Pháp Le Petit Marseillais Cho Nam Chiết Xuất Thiên Nhiên 4in1 Nhiều Mùi Hương Dưỡng Ẩm, Thơm Lâu - Phù Hợp Mọi Loại Da (250ml)","Khoáng Chất & Gỗ Hoàng Đàn, Standard",1732251749140957404,ST01318,272000,302300,VND,1,Thanh toán khi giao hàng,Đã hoàn thành,lepthelittlekid,Video,7594749644052204818,fixed commission,,,,,272000,,272000,,5,12240,,,,0,0,03/06/2026 08:05:12,04/06/2026 21:41:16,03/06/2026 08:05:14,04/06/2026 21:41:16,20/06/2026 05:39:17,07/06/2026 08:09:57,TTS,Open/Target Collaboration
584333019593672550,1734496604995683548,Xà Phòng Le Petit Marseillais Chính Hãng Bánh Xà Phòng Tắm Thiên Nhiên (Ngẫu nhiên)  1 Bánh,Mặc định,1734496577198523612,1 BÁNH-XP,75000,80000,VND,1,Thanh toán khi giao hàng,Đã hoàn thành,mythi_fr,Video,7634970118833081620,fixed commission,,,,,75000,,75000,,3,2025,,,,0,0,03/06/2026 08:33:48,04/06/2026 20:51:46,03/06/2026 08:33:49,04/06/2026 20:51:46,20/06/2026 03:31:34,07/06/2026 12:00:30,TTS,Open/Target Collaboration
584333584712828585,1734496604995683548,Xà Phòng Le Petit Marseillais Chính Hãng Bánh Xà Phòng Tắm Thiên Nhiên (Ngẫu nhiên)  1 Bánh,Mặc định,1734496577198523612,1 BÁNH-XP,75000,89000,VND,1,Thanh toán khi giao hàng,Đã hoàn thành,mythi_fr,Video,7634970118833081620,fixed commission,,,,,75000,,75000,,3,2025,,,,0,0,03/06/2026 09:17:39,04/06/2026 20:19:53,03/06/2026 09:17:40,04/06/2026 20:19:53,20/06/2026 04:20:27,07/06/2026 09:23:47,TTS,Open/Target Collaboration
584334366130406665,1732251815880067292,"Sữa Tắm Pháp Le Petit Marseillais Cho Nam Chiết Xuất Thiên Nhiên 4in1 Nhiều Mùi Hương Dưỡng Ẩm, Thơm Lâu - Phù Hợp Mọi Loại Da (250ml)","Hương Cam & Tinh Dầu Argan, Standard",1732251749141022940,ST01431,180000,302200,VND,1,Thanh toán khi giao hàng,Đã hoàn thành,lepetitmarseillaisvn,Video,7631126828236770568,fixed commission,,,,,180000,,180000,,,,,,,0,0,03/06/2026 10:11:10,05/06/2026 11:34:54,03/06/2026 10:11:12,05/06/2026 11:34:54,21/06/2026 03:21:02,,TTS,Open/Target Collaboration
584334357433714032,1732251815880067292,"Sữa Tắm Pháp Le Petit Marseillais Cho Nam Chiết Xuất Thiên Nhiên 4in1 Nhiều Mùi Hương Dưỡng Ẩm, Thơm Lâu - Phù Hợp Mọi Loại Da (250ml)","Hương Cam & Tinh Dầu Argan, Standard",1732251749141022940,ST01431,180000,286000,VND,1,Thanh toán khi giao hàng,Đã hủy,meo.review56,Video,7604308507520699666,fixed commission,0,0,0,,180000,,,,3,4860,,,,0,0,03/06/2026 10:14:12,,03/06/2026 10:14:13,,,,TTS,Open/Target Collaboration
584334441210283761,1732251815880067292,"Sữa Tắm Pháp Le Petit Marseillais Cho Nam Chiết Xuất Thiên Nhiên 4in1 Nhiều Mùi Hương Dưỡng Ẩm, Thơm Lâu - Phù Hợp Mọi Loại Da (250ml)","Hương Gỗ Tuyết Tùng & Dương Xỉ, Standard",1732251749141219548,ST01172,188000,286000,VND,1,Thanh toán khi giao hàng,Đã hoàn thành,huynhdangthong,Phát trực tiếp,7647001328643885840,fixed commission,,,,7,188000,11844,188000,11844,,,,,,0,0,03/06/2026 10:16:43,04/06/2026 21:05:46,03/06/2026 10:16:45,04/06/2026 21:05:46,20/06/2026 01:36:13,07/06/2026 09:53:42,TTS,Open/Target Collaboration
584334493372286294,1732251815880067292,"Sữa Tắm Pháp Le Petit Marseillais Cho Nam Chiết Xuất Thiên Nhiên 4in1 Nhiều Mùi Hương Dưỡng Ẩm, Thơm Lâu - Phù Hợp Mọi Loại Da (250ml)","Khoáng Chất & Gỗ Hoàng Đàn, Standard",1732251749140957404,ST01318,272000,302300,VND,1,Thanh toán khi giao hàng,Đã hoàn thành,duongmanhkien19,Video,7578474458705382676,fixed commission,,,,8,272000,19584,272000,19584,,,,,,0,0,03/06/2026 10:21:21,05/06/2026 09:35:56,03/06/2026 10:21:22,05/06/2026 09:35:56,21/06/2026 02:09:20,08/06/2026 11:02:52,TTS,Open/Target Collaboration
584334556156561233,1732250928810920156,"Sữa Tắm/Gel Tắm Pháp Le Petit Marseillais Thiên Nhiên 250ml - Sữa Tắm Lưu Hương Lành Tính - Dịu Nhẹ, An Toàn Cho Da","Quả Mâm Xôi & Hoa Mẫu Đơn, Standard",1732250914985052380,ST48441,210000,302200,VND,1,Thanh toán khi giao hàng,Đã hoàn thành,iflytek02,Chương trình Lưu lượng truy cập bên ngoài,,fixed commission,,,,4,210000,7560,210000,7560,,,,,,0,0,03/06/2026 10:22:39,05/06/2026 21:40:10,03/06/2026 10:22:41,05/06/2026 21:40:10,21/06/2026 05:32:40,08/06/2026 09:57:16,TTS,Open/Target Collaboration
584334574092649913,1735734318844052700,"[KOL huynhdangthong x LPM] Sữa Tắm/Gel Tắm Pháp Le Petit Marseillais Chiết Xuất Thiên Nhiên 650ml - Sữa Tắm Lưu Hương Lành Tính - Dịu Nhẹ, An Toàn Cho Da","Thông & Bạch Đàn Biển, Standard",1735734212754506972,ST01902,292500,532680,VND,1,Không áp dụng thanh toán khi giao hàng,Đã hoàn thành,huynhdangthong,Phát trực tiếp,7647001328643885840,fixed commission,,,,7,292500,18427,292500,18427,,,,,,0,0,03/06/2026 10:25:21,03/06/2026 10:25:26,03/06/2026 10:25:27,04/06/2026 09:01:33,20/06/2026 05:49:32,07/06/2026 08:42:27,TTS,Open/Target Collaboration
584334698143712489,1732250760944257244,"Sữa Tắm/Gel Tắm Pháp Le Petit Marseillais Chiết Xuất Thiên Nhiên 650ml - Sữa Tắm Lưu Hương Lành Tính - Dịu Nhẹ, An Toàn Cho Da","Thông & Bạch Đàn Biển, Standard",1732250801268689116,ST01902,340000,560400,VND,1,Thanh toán khi giao hàng,Đã hủy,huynhdangthong,Phát trực tiếp,7647001328643885840,fixed commission,0,0,0,7,340000,21420,,,,,,,,0,0,03/06/2026 10:28:50,,03/06/2026 10:28:51,,,,TTS,Open/Target Collaboration
584334721693615139,1734496604995683548,Xà Phòng Le Petit Marseillais Chính Hãng Bánh Xà Phòng Tắm Thiên Nhiên (Ngẫu nhiên)  1 Bánh,Mặc định,1734496577198523612,1 BÁNH-XP,63750,461743,VND,7,Thanh toán khi giao hàng,Đã hủy,mythi_fr,Video,7634970118833081620,fixed commission,0,0,0,,446250,,,,3,12054,,,,0,0,03/06/2026 10:35:31,,03/06/2026 10:35:34,,,,TTS,Open/Target Collaboration
584334713389876960,1732250928810920156,"Sữa Tắm/Gel Tắm Pháp Le Petit Marseillais Thiên Nhiên 250ml - Sữa Tắm Lưu Hương Lành Tính - Dịu Nhẹ, An Toàn Cho Da","Quả Mâm Xôi & Hoa Mẫu Đơn, Standard",1732250914985052380,ST48441,180000,312000,VND,1,Thanh toán khi giao hàng,Đã hoàn thành,ellynhatle,Video,7532458946204912914,fixed commission,,,,8,180000,12960,180000,12960,,,,,,0,0,03/06/2026 10:38:39,06/06/2026 09:24:28,03/06/2026 10:38:41,06/06/2026 09:24:28,22/06/2026 02:40:58,09/06/2026 09:49:29,TTS,Open/Target Collaboration
584334915458467829,1732251849294186716,Sữa Dưỡng Thể Le Petit Marseillais Dưỡng Ẩm Nuôi Dưỡng Da Nhiều Mùi Hương 250ml - Phù Hợp Mọi Loại Da (250ml),"Bơ Cacao, Bơ Hạt Mỡ, Standard",1732251828553156828,DT04660,344400,572000,VND,1,Không áp dụng thanh toán khi giao hàng,Đã hoàn thành,huynhdangthong,Phát trực tiếp,7647001328643885840,fixed commission,,,,8,344400,24797,344400,24797,,,,,,0,0,03/06/2026 10:46:43,03/06/2026 10:46:47,03/06/2026 10:46:48,04/06/2026 14:22:51,20/06/2026 02:13:20,07/06/2026 09:17:57,TTS,Open/Target Collaboration
584334997260764965,1735734318844052700,"[KOL huynhdangthong x LPM] Sữa Tắm/Gel Tắm Pháp Le Petit Marseillais Chiết Xuất Thiên Nhiên 650ml - Sữa Tắm Lưu Hương Lành Tính - Dịu Nhẹ, An Toàn Cho Da","Vani, Standard",1735734212754900188,ST00557,292500,532680,VND,1,Thanh toán khi giao hàng,Đã hoàn thành,huynhdangthong,Phát trực tiếp,7647001328643885840,fixed commission,,,,7,292500,18427,292500,18427,,,,,,0,0,03/06/2026 10:51:52,04/06/2026 12:54:02,03/06/2026 10:51:54,04/06/2026 12:54:02,20/06/2026 01:23:41,07/06/2026 08:44:22,TTS,Open/Target Collaboration
584334997260764965,1735803452711142620,Dầu Xả Cấp Ẩm Le Petit Marseillais Nước Dừa Hữu Cơ 200ml,Mặc định,1735803348866008284,DX74752,0,3420,VND,1,Thanh toán khi giao hàng,Đã hoàn thành,ecomobipassiovietnam,Chương trình Lưu lượng truy cập bên ngoài,,fixed commission,,,,,0,,0,,,,,,,0,0,03/06/2026 10:51:52,04/06/2026 12:54:02,03/06/2026 10:51:54,04/06/2026 12:54:02,20/06/2026 01:23:41,07/06/2026 08:44:22,TTS,Open/Target Collaboration
584334999691559961,1735734318844052700,"[KOL huynhdangthong x LPM] Sữa Tắm/Gel Tắm Pháp Le Petit Marseillais Chiết Xuất Thiên Nhiên 650ml - Sữa Tắm Lưu Hương Lành Tính - Dịu Nhẹ, An Toàn Cho Da","Hoa Tiare, Standard",1735734212754703580,ST68816,292500,550520,VND,1,Thanh toán khi giao hàng,Đã hoàn thành,huynhdangthong,Phát trực tiếp,7647001328643885840,fixed commission,,,,7,292500,18427,292500,18427,,,,,,0,0,03/06/2026 10:52:57,04/06/2026 18:18:46,03/06/2026 10:52:58,04/06/2026 18:18:46,20/06/2026 01:13:23,07/06/2026 09:29:35,TTS,Open/Target Collaboration
584334999691559961,1735803452711142620,Dầu Xả Cấp Ẩm Le Petit Marseillais Nước Dừa Hữu Cơ 200ml,Mặc định,1735803348866008284,DX74752,0,7880,VND,1,Thanh toán khi giao hàng,Đã hoàn thành,lamlun0192,Chương trình Lưu lượng truy cập bên ngoài,,fixed commission,,,,,0,,0,,,,,,,0,0,03/06/2026 10:52:57,04/06/2026 18:18:46,03/06/2026 10:52:58,04/06/2026 18:18:46,20/06/2026 01:13:23,07/06/2026 09:29:35,TTS,Open/Target Collaboration
584334959375713306,1735734318844052700,"[KOL huynhdangthong x LPM] Sữa Tắm/Gel Tắm Pháp Le Petit Marseillais Chiết Xuất Thiên Nhiên 650ml - Sữa Tắm Lưu Hương Lành Tính - Dịu Nhẹ, An Toàn Cho Da","Vani, Standard",1735734212754900188,ST00557,292500,523080,VND,1,Thanh toán khi giao hàng,Đã hoàn thành,huynhdangthong,Phát trực tiếp,7647001328643885840,fixed commission,,,,7,292500,18427,292500,18427,,,,,,0,0,03/06/2026 10:53:06,04/06/2026 09:18:58,03/06/2026 10:53:07,04/06/2026 09:18:58,20/06/2026 00:07:07,07/06/2026 11:58:45,TTS,Open/Target Collaboration
584334959375713306,1735803452711142620,Dầu Xả Cấp Ẩm Le Petit Marseillais Nước Dừa Hữu Cơ 200ml,Mặc định,1735803348866008284,DX74752,0,1020,VND,1,Thanh toán khi giao hàng,Đã hoàn thành,iflyad07,Chương trình Lưu lượng truy cập bên ngoài,,fixed commission,,,,,0,,0,,,,,,,0,0,03/06/2026 10:53:06,04/06/2026 09:18:58,03/06/2026 10:53:07,04/06/2026 09:18:58,20/06/2026 00:07:07,07/06/2026 11:58:45,TTS,Open/Target Collaboration
584334987004184324,1735734318844052700,"[KOL huynhdangthong x LPM] Sữa Tắm/Gel Tắm Pháp Le Petit Marseillais Chiết Xuất Thiên Nhiên 650ml - Sữa Tắm Lưu Hương Lành Tính - Dịu Nhẹ, An Toàn Cho Da","Hương Xoài & Chanh Dây, Standard",1735734212754769116,ST68823,292500,532680,VND,1,Thanh toán khi giao hàng,Đã hoàn thành,huynhdangthong,Phát trực tiếp,7647001328643885840,fixed commission,,,,7,292500,18427,292500,18427,,,,,,0,0,03/06/2026 10:53:47,04/06/2026 12:12:45,03/06/2026 10:53:49,04/06/2026 12:12:45,20/06/2026 01:18:45,07/06/2026 07:50:54,TTS,Open/Target Collaboration
584335114383230185,1735734318844052700,"[KOL huynhdangthong x LPM] Sữa Tắm/Gel Tắm Pháp Le Petit Marseillais Chiết Xuất Thiên Nhiên 650ml - Sữa Tắm Lưu Hương Lành Tính - Dịu Nhẹ, An Toàn Cho Da","Thông & Bạch Đàn Biển, Standard",1735734212754506972,ST01902,292500,557880,VND,1,Thanh toán khi giao hàng,Đã hoàn thành,huynhdangthong,Phát trực tiếp,7647001328643885840,fixed commission,,,,7,292500,18427,292500,18427,,,,,,0,0,03/06/2026 10:55:31,05/06/2026 18:36:29,03/06/2026 10:55:32,05/06/2026 18:36:29,21/06/2026 02:39:19,08/06/2026 10:07:33,TTS,Open/Target Collaboration
584335114383230185,1735803452711142620,Dầu Xả Cấp Ẩm Le Petit Marseillais Nước Dừa Hữu Cơ 200ml,Mặc định,1735803348866008284,DX74752,0,9720,VND,1,Thanh toán khi giao hàng,Đã hoàn thành,nunhanmedoctruyen,Chương trình Lưu lượng truy cập bên ngoài,,fixed commission,,,,,0,,0,,,,,,,0,0,03/06/2026 10:55:31,05/06/2026 18:36:29,03/06/2026 10:55:32,05/06/2026 18:36:29,21/06/2026 02:39:19,08/06/2026 10:07:33,TTS,Open/Target Collaboration
584335068108391865,1735734318844052700,"[KOL huynhdangthong x LPM] Sữa Tắm/Gel Tắm Pháp Le Petit Marseillais Chiết Xuất Thiên Nhiên 650ml - Sữa Tắm Lưu Hương Lành Tính - Dịu Nhẹ, An Toàn Cho Da","Hoa Tiare, Standard",1735734212754703580,ST68816,292500,555480,VND,1,Không áp dụng thanh toán khi giao hàng,Đã hoàn thành,huynhdangthong,Phát trực tiếp,7647001328643885840,fixed commission,,,,7,292500,18427,292500,18427,,,,,,1,0,03/06/2026 10:57:19,03/06/2026 21:26:01,03/06/2026 21:26:01,05/06/2026 10:42:42,23/06/2026 10:16:51,08/06/2026 09:08:02,TTS,Open/Target Collaboration
584335039590204471,1735734318844052700,"[KOL huynhdangthong x LPM] Sữa Tắm/Gel Tắm Pháp Le Petit Marseillais Chiết Xuất Thiên Nhiên 650ml - Sữa Tắm Lưu Hương Lành Tính - Dịu Nhẹ, An Toàn Cho Da","Hương Chanh & Bưởi Hồng, Standard",1735734212754638044,ST01868,292500,550520,VND,1,Thanh toán khi giao hàng,Đã hoàn thành,huynhdangthong,Phát trực tiếp,7647001328643885840,fixed commission,,,,7,292500,18427,292500,18427,,,,,,0,0,03/06/2026 10:57:42,04/06/2026 09:51:27,03/06/2026 10:57:43,04/06/2026 09:51:27,20/06/2026 01:58:50,07/06/2026 12:19:17,TTS,Open/Target Collaboration
584335039590204471,1735803452711142620,Dầu Xả Cấp Ẩm Le Petit Marseillais Nước Dừa Hữu Cơ 200ml,Mặc định,1735803348866008284,DX74752,0,7880,VND,1,Thanh toán khi giao hàng,Đã hoàn thành,gocnho1110,Chương trình Lưu lượng truy cập bên ngoài,,fixed commission,,,,,0,,0,,,,,,,0,0,03/06/2026 10:57:42,04/06/2026 09:51:27,03/06/2026 10:57:43,04/06/2026 09:51:27,20/06/2026 01:58:50,07/06/2026 12:19:17,TTS,Open/Target Collaboration
584335071165974236,1735734318844052700,"[KOL huynhdangthong x LPM] Sữa Tắm/Gel Tắm Pháp Le Petit Marseillais Chiết Xuất Thiên Nhiên 650ml - Sữa Tắm Lưu Hương Lành Tính - Dịu Nhẹ, An Toàn Cho Da","Hương Chanh & Bưởi Hồng, Standard",1735734212754638044,ST01868,292500,563320,VND,1,Thanh toán khi giao hàng,Đã hoàn thành,huynhdangthong,Phát trực tiếp,7647001328643885840,fixed commission,,,,7,292500,18427,292500,18427,,,,,,0,0,03/06/2026 10:59:24,05/06/2026 16:14:21,03/06/2026 10:59:25,05/06/2026 16:14:21,21/06/2026 03:17:52,08/06/2026 07:11:16,TTS,Open/Target Collaboration
584335177451210464,1733301625932317916,Combo Dầu Gội Xả Thiên Nhiên Chăm Sóc Tóc Le Petit Marseillais Mềm Mượt 250ML,Dừa 7429+ Xả 7452,1733302289467344092,3574661537429 + 3574661574752,299250,520100,VND,1,Thanh toán khi giao hàng,Đã hoàn thành,huynhdangthong,Phát trực tiếp,7647001328643885840,fixed commission,,,,7,299250,18853,299250,18853,,,,,,0,0,03/06/2026 11:07:19,04/06/2026 11:04:39,03/06/2026 11:07:20,04/06/2026 11:04:39,20/06/2026 02:30:04,07/06/2026 08:54:46,TTS,Open/Target Collaboration
584335276652332218,1733398589084042460,Sữa Tắm Nam Thơm Lâu 4 in 1 Thiên Nhiên Le Petit Marseillais Chiết Xuất Thông Biển & Bạch Đàn 250ml 1356,Mặc định,1733398673842472156,ST01356,189000,299300,VND,1,Thanh toán khi giao hàng,Đã hoàn thành,involveasiavn01,Chương trình Lưu lượng truy cập bên ngoài,,fixed commission,,,,4,189000,6804,189000,6804,,,,,,0,0,03/06/2026 11:11:11,05/06/2026 16:38:07,03/06/2026 11:11:12,05/06/2026 16:38:07,21/06/2026 05:51:33,08/06/2026 12:02:50,TTS,Open/Target Collaboration
584335372799543110,1734496604995683548,Xà Phòng Le Petit Marseillais Chính Hãng Bánh Xà Phòng Tắm Thiên Nhiên (Ngẫu nhiên)  1 Bánh,Mặc định,1734496577198523612,1 BÁNH-XP,75000,83000,VND,1,Thanh toán khi giao hàng,Đã hoàn thành,mythi_fr,Video,7634970118833081620,fixed commission,,,,,75000,,75000,,3,2025,,,,0,0,03/06/2026 11:15:14,04/06/2026 10:24:46,03/06/2026 11:15:16,04/06/2026 10:24:46,20/06/2026 05:16:22,07/06/2026 11:08:13,TTS,Open/Target Collaboration
584335858711954447,1732251815880067292,"Sữa Tắm Pháp Le Petit Marseillais Cho Nam Chiết Xuất Thiên Nhiên 4in1 Nhiều Mùi Hương Dưỡng Ẩm, Thơm Lâu - Phù Hợp Mọi Loại Da (250ml)","Hương Thông & Bạch Đàn Biển, Standard",1732251749141154012,ST01356,168000,289550,VND,1,Thanh toán khi giao hàng,Đã hoàn thành,lepthelittlekid,Video,7594749644052204818,fixed commission,,,,,168000,,168000,,5,7560,,,,0,0,03/06/2026 11:46:11,04/06/2026 10:27:34,03/06/2026 11:46:12,04/06/2026 10:27:34,20/06/2026 02:33:18,07/06/2026 12:39:35,TTS,Open/Target Collaboration
584335858711954447,1732251815880067292,"Sữa Tắm Pháp Le Petit Marseillais Cho Nam Chiết Xuất Thiên Nhiên 4in1 Nhiều Mùi Hương Dưỡng Ẩm, Thơm Lâu - Phù Hợp Mọi Loại Da (250ml)","Hương Gỗ Tuyết Tùng & Dương Xỉ, Standard",1732251749141219548,ST01172,168000,289550,VND,1,Thanh toán khi giao hàng,Đã hoàn thành,lepthelittlekid,Video,7594749644052204818,fixed commission,,,,,168000,,168000,,5,7560,,,,0,0,03/06/2026 11:46:11,04/06/2026 10:27:34,03/06/2026 11:46:12,04/06/2026 10:27:34,20/06/2026 02:33:18,07/06/2026 12:39:35,TTS,Open/Target Collaboration
584335943726695869,1732251815880067292,"Sữa Tắm Pháp Le Petit Marseillais Cho Nam Chiết Xuất Thiên Nhiên 4in1 Nhiều Mùi Hương Dưỡng Ẩm, Thơm Lâu - Phù Hợp Mọi Loại Da (250ml)","Khoáng Chất & Gỗ Hoàng Đàn, Standard",1732251749140957404,ST01318,200000,298200,VND,1,Thanh toán khi giao hàng,Đã hủy,gentlegrooming0,Video,7627779125369048338,fixed commission,0,0,0,,200000,,,,3,5400,,,,0,0,03/06/2026 11:54:42,,03/06/2026 11:54:45,,,,TTS,Open/Target Collaboration
584336020488684989,1732251815880067292,"Sữa Tắm Pháp Le Petit Marseillais Cho Nam Chiết Xuất Thiên Nhiên 4in1 Nhiều Mùi Hương Dưỡng Ẩm, Thơm Lâu - Phù Hợp Mọi Loại Da (250ml)","Hương Gỗ Tuyết Tùng & Dương Xỉ, Standard",1732251749141219548,ST01172,200000,298200,VND,1,Thanh toán khi giao hàng,Đã hủy,gentlegrooming0,Video,7627779125369048338,fixed commission,0,0,0,,200000,,,,3,5400,,,,0,0,03/06/2026 11:54:57,,03/06/2026 11:54:59,,,,TTS,Open/Target Collaboration
584336380605728395,1734496604995683548,Xà Phòng Le Petit Marseillais Chính Hãng Bánh Xà Phòng Tắm Thiên Nhiên (Ngẫu nhiên)  1 Bánh,Mặc định,1734496577198523612,1 BÁNH-XP,75000,89000,VND,1,Thanh toán khi giao hàng,Đã hoàn thành,mythi_fr,Video,7634970118833081620,fixed commission,,,,,75000,,75000,,3,2025,,,,0,0,03/06/2026 12:19:33,04/06/2026 16:25:11,03/06/2026 12:19:34,04/06/2026 16:25:11,20/06/2026 01:47:14,07/06/2026 13:52:56,TTS,Open/Target Collaboration
584336959373346108,1732250760944257244,"Sữa Tắm/Gel Tắm Pháp Le Petit Marseillais Chiết Xuất Thiên Nhiên 650ml - Sữa Tắm Lưu Hương Lành Tính - Dịu Nhẹ, An Toàn Cho Da","Thông & Bạch Đàn Biển, Standard",1732250801268689116,ST01902,400000,534800,VND,1,Thanh toán khi giao hàng,Đã hoàn thành,ha_thubay,Video,7599664598626618642,fixed commission,,,,,400000,,400000,,3,10800,,,,0,0,03/06/2026 12:51:20,04/06/2026 18:35:02,03/06/2026 12:51:21,04/06/2026 18:35:02,20/06/2026 05:25:43,07/06/2026 08:58:55,TTS,Open/Target Collaboration
584337273183634749,1732251815880067292,"Sữa Tắm Pháp Le Petit Marseillais Cho Nam Chiết Xuất Thiên Nhiên 4in1 Nhiều Mùi Hương Dưỡng Ẩm, Thơm Lâu - Phù Hợp Mọi Loại Da (250ml)","Hương Cam & Tinh Dầu Argan, Standard",1732251749141022940,ST01431,168000,302200,VND,1,Không áp dụng thanh toán khi giao hàng,Đã hoàn thành,tanrhm19,Trưng bày,,fixed commission,,,,8,168000,12096,168000,12096,,,,,,0,0,03/06/2026 13:12:32,03/06/2026 13:12:58,03/06/2026 13:12:59,05/06/2026 15:00:08,21/06/2026 04:47:54,08/06/2026 09:16:49,TTS,Open/Target Collaboration
584337761820967977,1734496604995683548,Xà Phòng Le Petit Marseillais Chính Hãng Bánh Xà Phòng Tắm Thiên Nhiên (Ngẫu nhiên)  1 Bánh,Mặc định,1734496577198523612,1 BÁNH-XP,75000,89000,VND,1,Không áp dụng thanh toán khi giao hàng,Đã hoàn thành,mythi_fr,Video,7634970118833081620,fixed commission,,,,,75000,,75000,,3,2025,,,,0,0,03/06/2026 13:40:24,03/06/2026 13:40:28,03/06/2026 13:40:29,04/06/2026 10:20:47,20/06/2026 01:31:29,07/06/2026 09:58:46,TTS,Open/Target Collaboration
584338062374634971,1732251815880067292,"Sữa Tắm Pháp Le Petit Marseillais Cho Nam Chiết Xuất Thiên Nhiên 4in1 Nhiều Mùi Hương Dưỡng Ẩm, Thơm Lâu - Phù Hợp Mọi Loại Da (250ml)","Hương Cam & Tinh Dầu Argan, Standard",1732251749141022940,ST01431,200000,298200,VND,1,Không áp dụng thanh toán khi giao hàng,Đã hoàn thành,duongmanhkien19,Video,7578474458705382676,fixed commission,,,,8,200000,14400,200000,14400,,,,,,0,0,03/06/2026 13:59:45,03/06/2026 13:59:50,03/06/2026 13:59:50,04/06/2026 12:11:03,20/06/2026 04:43:06,07/06/2026 13:12:37,TTS,Open/Target Collaboration
584338529527301385,1734496604995683548,Xà Phòng Le Petit Marseillais Chính Hãng Bánh Xà Phòng Tắm Thiên Nhiên (Ngẫu nhiên)  1 Bánh,Mặc định,1734496577198523612,1 BÁNH-XP,75000,94700,VND,1,Thanh toán khi giao hàng,Đã hoàn thành,mythi_fr,Video,7634970118833081620,fixed commission,,,,,75000,,75000,,3,2025,,,,0,0,03/06/2026 14:29:09,04/06/2026 11:22:16,03/06/2026 14:29:10,04/06/2026 11:22:16,20/06/2026 03:48:14,07/06/2026 10:06:21,TT_LITE,Open/Target Collaboration
584339949370705823,1734496604995683548,Xà Phòng Le Petit Marseillais Chính Hãng Bánh Xà Phòng Tắm Thiên Nhiên (Ngẫu nhiên)  1 Bánh,Mặc định,1734496577198523612,1 BÁNH-XP,75000,101200,VND,1,Thanh toán khi giao hàng,Đã hoàn thành,mythi_fr,Video,7634970118833081620,fixed commission,,,,,75000,,75000,,3,2025,,,,0,0,03/06/2026 16:06:46,05/06/2026 21:52:28,03/06/2026 16:06:46,05/06/2026 21:52:28,21/06/2026 02:14:09,08/06/2026 13:16:13,TTS,Open/Target Collaboration
584340379632895583,1734496604995683548,Xà Phòng Le Petit Marseillais Chính Hãng Bánh Xà Phòng Tắm Thiên Nhiên (Ngẫu nhiên)  1 Bánh,Mặc định,1734496577198523612,1 BÁNH-XP,75000,94700,VND,1,Thanh toán khi giao hàng,Đã hoàn thành,mythi_fr,Video,7634970118833081620,fixed commission,,,,,75000,,75000,,3,2025,,,,0,0,03/06/2026 16:33:42,05/06/2026 10:36:16,03/06/2026 16:33:44,05/06/2026 10:36:16,21/06/2026 05:18:17,08/06/2026 14:08:42,TTS,Open/Target Collaboration
584340972194072109,1732251815880067292,"Sữa Tắm Pháp Le Petit Marseillais Cho Nam Chiết Xuất Thiên Nhiên 4in1 Nhiều Mùi Hương Dưỡng Ẩm, Thơm Lâu - Phù Hợp Mọi Loại Da (250ml)","Hương Gỗ Tuyết Tùng & Dương Xỉ, Standard",1732251749141219548,ST01172,200000,286000,VND,1,Thanh toán khi giao hàng,Đã hoàn thành,duongmanhkien19,Video,7589190858113649928,fixed commission,,,,,200000,,200000,,3,5400,,,,0,0,03/06/2026 17:13:33,05/06/2026 21:49:42,03/06/2026 17:13:35,05/06/2026 21:49:42,21/06/2026 03:49:15,08/06/2026 10:03:48,TTS,Open/Target Collaboration
584341035187275095,1732251815880067292,"Sữa Tắm Pháp Le Petit Marseillais Cho Nam Chiết Xuất Thiên Nhiên 4in1 Nhiều Mùi Hương Dưỡng Ẩm, Thơm Lâu - Phù Hợp Mọi Loại Da (250ml)","Hương Gỗ Tuyết Tùng & Dương Xỉ, Standard",1732251749141219548,ST01172,200000,286000,VND,1,Thanh toán khi giao hàng,Đã hoàn thành,bacsidai98,Video,7646033878628486418,fixed commission,,,,8,200000,14400,200000,14400,,,,,,0,0,03/06/2026 17:20:11,05/06/2026 16:54:58,03/06/2026 17:20:13,05/06/2026 16:54:58,21/06/2026 03:27:09,08/06/2026 12:30:12,TTS,Open/Target Collaboration
584341099210048703,1732251815880067292,"Sữa Tắm Pháp Le Petit Marseillais Cho Nam Chiết Xuất Thiên Nhiên 4in1 Nhiều Mùi Hương Dưỡng Ẩm, Thơm Lâu - Phù Hợp Mọi Loại Da (250ml)","Hương Gỗ Tuyết Tùng & Dương Xỉ, Standard",1732251749141219548,ST01172,200000,279700,VND,1,Thanh toán khi giao hàng,Đã hoàn thành,tanrhm19,Trưng bày,,fixed commission,,,,8,200000,14400,200000,14400,,,,,,0,0,03/06/2026 17:24:17,05/06/2026 10:51:45,03/06/2026 17:24:18,05/06/2026 10:51:45,21/06/2026 02:11:57,08/06/2026 14:16:56,TTS,Open/Target Collaboration
584341653597750573,1734496604995683548,Xà Phòng Le Petit Marseillais Chính Hãng Bánh Xà Phòng Tắm Thiên Nhiên (Ngẫu nhiên)  1 Bánh,Mặc định,1734496577198523612,1 BÁNH-XP,75000,115000,VND,1,Thanh toán khi giao hàng,Đã hoàn thành,mythi_fr,Video,7642195168589810965,fixed commission,,,,6,75000,4050,75000,4050,,,,,,0,0,03/06/2026 18:00:44,05/06/2026 18:05:20,03/06/2026 18:00:45,05/06/2026 18:05:20,21/06/2026 05:39:19,08/06/2026 09:47:30,TT_LITE,Open/Target Collaboration
584341717869692752,1732251815880067292,"Sữa Tắm Pháp Le Petit Marseillais Cho Nam Chiết Xuất Thiên Nhiên 4in1 Nhiều Mùi Hương Dưỡng Ẩm, Thơm Lâu - Phù Hợp Mọi Loại Da (250ml)","Hương Gỗ Tuyết Tùng & Dương Xỉ, Standard",1732251749141219548,ST01172,200000,286000,VND,1,Thanh toán khi giao hàng,Đã hoàn thành,gentlegrooming0,Video,7599624560824175893,fixed commission,,,,,200000,,200000,,3,5400,,,,0,0,03/06/2026 18:04:57,05/06/2026 15:07:16,03/06/2026 18:04:59,05/06/2026 15:07:16,21/06/2026 01:22:36,08/06/2026 08:30:43,TTS,Open/Target Collaboration
584341754667763030,1734496604995683548,Xà Phòng Le Petit Marseillais Chính Hãng Bánh Xà Phòng Tắm Thiên Nhiên (Ngẫu nhiên)  1 Bánh,Mặc định,1734496577198523612,1 BÁNH-XP,75000,89000,VND,1,Thanh toán khi giao hàng,Đã hoàn thành,mythi_fr,Video,7634970118833081620,fixed commission,,,,,75000,,75000,,3,2025,,,,0,0,03/06/2026 18:08:45,05/06/2026 13:41:23,03/06/2026 18:08:46,05/06/2026 13:41:23,21/06/2026 05:37:12,08/06/2026 10:54:25,TTS,Open/Target Collaboration
584342632941127246,1732251815880067292,"Sữa Tắm Pháp Le Petit Marseillais Cho Nam Chiết Xuất Thiên Nhiên 4in1 Nhiều Mùi Hương Dưỡng Ẩm, Thơm Lâu - Phù Hợp Mọi Loại Da (250ml)","Hương Cam & Tinh Dầu Argan, Standard",1732251749141022940,ST01431,168000,276200,VND,1,Thanh toán khi giao hàng,Đã hoàn thành,tanrhm19,Trưng bày,,fixed commission,,,,8,168000,12096,168000,12096,,,,,,0,0,03/06/2026 19:01:41,05/06/2026 14:59:19,03/06/2026 19:01:42,05/06/2026 14:59:19,21/06/2026 01:25:28,08/06/2026 11:20:47,TTS,Open/Target Collaboration
584343508556416497,1732251815880067292,"Sữa Tắm Pháp Le Petit Marseillais Cho Nam Chiết Xuất Thiên Nhiên 4in1 Nhiều Mùi Hương Dưỡng Ẩm, Thơm Lâu - Phù Hợp Mọi Loại Da (250ml)","Hương Gỗ Tuyết Tùng & Dương Xỉ, Standard",1732251749141219548,ST01172,166000,276450,VND,1,Thanh toán khi giao hàng,Đã hoàn thành,lepetitmarseillaisvn,Phát trực tiếp,7647138615708912391,fixed commission,,,,,166000,,166000,,,,,,,0,0,03/06/2026 19:50:53,05/06/2026 21:41:11,03/06/2026 19:50:55,05/06/2026 21:41:11,21/06/2026 05:08:46,,TTS,Open/Target Collaboration
584343508556416497,1732251815880067292,"Sữa Tắm Pháp Le Petit Marseillais Cho Nam Chiết Xuất Thiên Nhiên 4in1 Nhiều Mùi Hương Dưỡng Ẩm, Thơm Lâu - Phù Hợp Mọi Loại Da (250ml)","Hương Thông & Bạch Đàn Biển, Standard",1732251749141154012,ST01356,166000,276450,VND,1,Thanh toán khi giao hàng,Đã hoàn thành,lepetitmarseillaisvn,Phát trực tiếp,7647138615708912391,fixed commission,,,,,166000,,166000,,,,,,,0,0,03/06/2026 19:50:53,05/06/2026 21:41:11,03/06/2026 19:50:55,05/06/2026 21:41:11,21/06/2026 05:08:46,,TTS,Open/Target Collaboration
584343699510559860,1732250760944257244,"Sữa Tắm/Gel Tắm Pháp Le Petit Marseillais Chiết Xuất Thiên Nhiên 650ml - Sữa Tắm Lưu Hương Lành Tính - Dịu Nhẹ, An Toàn Cho Da","Hương Xoài & Chanh Dây, Standard",1732250801268951260,ST68823,328000,539900,VND,1,Thanh toán khi giao hàng,Đã hoàn thành,lepetitmarseillaisvn,Phát trực tiếp,7647138615708912391,fixed commission,,,,,328000,,328000,,,,,,,0,0,03/06/2026 19:57:15,05/06/2026 19:01:20,03/06/2026 19:57:16,05/06/2026 19:01:20,21/06/2026 02:20:23,,TTS,Open/Target Collaboration
584343704242914490,1732250760944257244,"Sữa Tắm/Gel Tắm Pháp Le Petit Marseillais Chiết Xuất Thiên Nhiên 650ml - Sữa Tắm Lưu Hương Lành Tính - Dịu Nhẹ, An Toàn Cho Da","Hoa Tiare, Standard",1732250801268885724,ST68816,332000,554100,VND,1,Thanh toán khi giao hàng,Đã hoàn thành,lepetitmarseillaisvn,Phát trực tiếp,7647138615708912391,fixed commission,,,,,332000,,332000,,,,,,,0,0,03/06/2026 19:59:36,05/06/2026 10:14:07,03/06/2026 19:59:37,05/06/2026 10:14:07,21/06/2026 05:09:14,,TTS,Open/Target Collaboration
584344001831798248,1732250760944257244,"Sữa Tắm/Gel Tắm Pháp Le Petit Marseillais Chiết Xuất Thiên Nhiên 650ml - Sữa Tắm Lưu Hương Lành Tính - Dịu Nhẹ, An Toàn Cho Da","Đào Trắng & Quả Xuân Đào, Standard",1732250801269016796,ST01288,300000,534800,VND,1,Không áp dụng thanh toán khi giao hàng,Đã hoàn thành,lepetitmarseillaisvn,Phát trực tiếp,7647138615708912391,fixed commission,,,,,300000,,300000,,,,,,,0,0,03/06/2026 20:18:47,03/06/2026 20:18:52,03/06/2026 20:18:55,05/06/2026 11:04:10,21/06/2026 02:45:49,,TTS,Open/Target Collaboration
584344108662556069,1732250760944257244,"Sữa Tắm/Gel Tắm Pháp Le Petit Marseillais Chiết Xuất Thiên Nhiên 650ml - Sữa Tắm Lưu Hương Lành Tính - Dịu Nhẹ, An Toàn Cho Da","Thông & Bạch Đàn Biển, Standard",1732250801268689116,ST01902,332000,548700,VND,1,Thanh toán khi giao hàng,Đã hoàn thành,lepetitmarseillaisvn,Phát trực tiếp,7647138615708912391,fixed commission,,,,,332000,,332000,,,,,,,0,0,03/06/2026 20:21:22,05/06/2026 09:43:56,03/06/2026 20:21:24,05/06/2026 09:43:56,21/06/2026 03:38:30,,TTS,Open/Target Collaboration
584344220504458938,1731317167366243548,[Quà tặng không bán] Bông Tắm Tạo Bọt Mềm Mịn,Mặc định,1731317148230255836,BONG TAM HQ,0,23065,VND,1,Thanh toán khi giao hàng,Đã hủy,lepetitmarseillaisvn,Phát trực tiếp,7647138615708912391,fixed commission,,,,,0,,,,,,,,,0,0,03/06/2026 20:30:55,,03/06/2026 20:30:58,,,,TTS,Open/Target Collaboration
584344220504458938,1735804671212422364,Kem Dưỡng Da Tay Le Petit Marseillais Bơ Hạt Mỡ Hạnh Nhân Argan 75ml,Mặc định,1735804678779143388,KT18485,215000,329535,VND,1,Thanh toán khi giao hàng,Đã hủy,lepetitmarseillaisvn,Phát trực tiếp,7647138615708912391,fixed commission,,,,,215000,,,,,,,,,0,0,03/06/2026 20:30:55,,03/06/2026 20:30:58,,,,TTS,Open/Target Collaboration
584344300331501112,1732251815880067292,"Sữa Tắm Pháp Le Petit Marseillais Cho Nam Chiết Xuất Thiên Nhiên 4in1 Nhiều Mùi Hương Dưỡng Ẩm, Thơm Lâu - Phù Hợp Mọi Loại Da (250ml)","Hương Gỗ Tuyết Tùng & Dương Xỉ, Standard",1732251749141219548,ST01172,120000,302300,VND,1,Thanh toán khi giao hàng,Đã hoàn thành,lepetitmarseillaisvn,Phát trực tiếp,7647138615708912391,fixed commission,,,,,120000,,120000,,,,,,,0,0,03/06/2026 20:32:56,06/06/2026 19:36:27,03/06/2026 20:32:58,06/06/2026 19:36:27,22/06/2026 02:03:20,,TTS,Open/Target Collaboration
584344549207934341,1732251815880067292,"Sữa Tắm Pháp Le Petit Marseillais Cho Nam Chiết Xuất Thiên Nhiên 4in1 Nhiều Mùi Hương Dưỡng Ẩm, Thơm Lâu - Phù Hợp Mọi Loại Da (250ml)","Hương Gỗ Tuyết Tùng & Dương Xỉ, Standard",1732251749141219548,ST01172,200000,302300,VND,1,Thanh toán khi giao hàng,Đã hoàn thành,duongmanhkien19,Video,7589190858113649928,fixed commission,,,,8,200000,14400,200000,14400,,,,,,0,0,03/06/2026 20:44:12,05/06/2026 12:02:20,03/06/2026 20:44:13,05/06/2026 12:02:20,21/06/2026 03:18:11,08/06/2026 08:56:25,TTS,Open/Target Collaboration
584344560058926521,1732250928810920156,"Sữa Tắm/Gel Tắm Pháp Le Petit Marseillais Thiên Nhiên 250ml - Sữa Tắm Lưu Hương Lành Tính - Dịu Nhẹ, An Toàn Cho Da","Đào Trắng & Quả Xuân Đào, Standard",1732250914985380060,ST01240,147200,291700,VND,1,Thanh toán khi giao hàng,Đã hoàn thành,lepetitmarseillaisvn,Phát trực tiếp,7647138615708912391,fixed commission,,,,,147200,,147200,,,,,,,0,0,03/06/2026 20:48:02,05/06/2026 17:37:20,03/06/2026 20:48:03,05/06/2026 17:37:20,21/06/2026 01:55:09,,TTS,Open/Target Collaboration
584344984110597729,1732251906497939676,Sữa tắm Thiên Nhiên Pháp Le Petit Marseillais Nhiều Mùi Hương Dịu Nhẹ Cho Da Nhạy Cảm 400ml - Phù Hợp Mọi Loại Da,"Hoa Bông, Standard",1732251905363970268,ST53386,297000,453800,VND,1,Thanh toán khi giao hàng,Đã hoàn thành,lepetitmarseillaisvn,Phát trực tiếp,7647138615708912391,fixed commission,,,,,297000,,297000,,,,,,,0,0,03/06/2026 21:07:37,05/06/2026 10:26:05,03/06/2026 21:07:38,05/06/2026 10:26:05,21/06/2026 01:14:40,,TTS,Open/Target Collaboration
584345398755624297,1732251815880067292,"Sữa Tắm Pháp Le Petit Marseillais Cho Nam Chiết Xuất Thiên Nhiên 4in1 Nhiều Mùi Hương Dưỡng Ẩm, Thơm Lâu - Phù Hợp Mọi Loại Da (250ml)","Hương Thông & Bạch Đàn Biển, Standard",1732251749141154012,ST01356,180000,291700,VND,1,Thanh toán khi giao hàng,Đã hoàn thành,lepetitmarseillaisvn,Phát trực tiếp,7647138615708912391,fixed commission,,,,,180000,,180000,,,,,,,0,0,03/06/2026 21:30:16,05/06/2026 09:50:58,03/06/2026 21:30:18,05/06/2026 09:50:58,21/06/2026 01:48:19,,TTS,Open/Target Collaboration
584345468861646238,1734496604995683548,Xà Phòng Le Petit Marseillais Chính Hãng Bánh Xà Phòng Tắm Thiên Nhiên (Ngẫu nhiên)  1 Bánh,Mặc định,1734496577198523612,1 BÁNH-XP,75000,75000,VND,1,Không áp dụng thanh toán khi giao hàng,Đã hoàn thành,mythi_fr,Video,7634970118833081620,fixed commission,,,,,75000,,75000,,3,2025,,,,0,0,03/06/2026 21:33:26,03/06/2026 21:33:27,03/06/2026 21:33:29,05/06/2026 09:30:02,21/06/2026 02:35:26,08/06/2026 11:23:45,TTS,Open/Target Collaboration
584345370171573414,1732250760944257244,"Sữa Tắm/Gel Tắm Pháp Le Petit Marseillais Chiết Xuất Thiên Nhiên 650ml - Sữa Tắm Lưu Hương Lành Tính - Dịu Nhẹ, An Toàn Cho Da","Thông & Bạch Đàn Biển, Standard",1732250801268689116,ST01902,332000,554100,VND,1,Thanh toán khi giao hàng,Đã hoàn thành,ha_thubay,Video,7599664598626618642,fixed commission,,,,8,332000,23904,332000,23904,,,,,,0,0,03/06/2026 21:33:45,05/06/2026 15:40:58,03/06/2026 21:33:48,05/06/2026 15:40:58,21/06/2026 02:27:26,08/06/2026 11:41:59,TTS,Open/Target Collaboration
584345484877530562,1732251815880067292,"Sữa Tắm Pháp Le Petit Marseillais Cho Nam Chiết Xuất Thiên Nhiên 4in1 Nhiều Mùi Hương Dưỡng Ẩm, Thơm Lâu - Phù Hợp Mọi Loại Da (250ml)","Hương Cam & Tinh Dầu Argan, Standard",1732251749141022940,ST01431,200000,312000,VND,1,Thanh toán khi giao hàng,Đã hoàn thành,tanrhm19,Trưng bày,,fixed commission,,,,8,200000,14400,200000,14400,,,,,,0,0,03/06/2026 21:38:56,06/06/2026 12:14:28,03/06/2026 21:38:59,06/06/2026 12:14:28,22/06/2026 05:43:00,09/06/2026 15:35:58,TTS,Open/Target Collaboration
584345738168207123,1732250928810920156,"Sữa Tắm/Gel Tắm Pháp Le Petit Marseillais Thiên Nhiên 250ml - Sữa Tắm Lưu Hương Lành Tính - Dịu Nhẹ, An Toàn Cho Da","Hạnnh Nhân, Standard",1732250914985248988,ST00892,174000,286000,VND,1,Thanh toán khi giao hàng,Đã hoàn thành,lepetitmarseillaisvn,Phát trực tiếp,7647138615708912391,fixed commission,,,,,174000,,174000,,,,,,,0,0,03/06/2026 21:47:00,05/06/2026 12:44:08,03/06/2026 21:47:02,05/06/2026 12:44:08,21/06/2026 05:17:51,,TTS,Open/Target Collaboration
584345740379522236,1732252957247965404,"Dầu Gội Le Petit Marseillais Nhiều Mùi Hương 300ml Dưỡng Ẩm, Thơm Lâu - Phù Hợp Mọi Loại Da",Cây Tầm Ma & Chanh,1732252922366626012,DG74646,348600,592600,VND,1,Thanh toán khi giao hàng,Đã hủy,lepetitmarseillaisvn,Video,7631128699194199314,fixed commission,,,,,348600,,,,,,,,,0,0,03/06/2026 21:48:04,,03/06/2026 21:48:05,,,,TTS,Open/Target Collaboration
584345744089580732,1732252957247965404,"Dầu Gội Le Petit Marseillais Nhiều Mùi Hương 300ml Dưỡng Ẩm, Thơm Lâu - Phù Hợp Mọi Loại Da",Táo & Oliu,1732252922366494940,DG31372,420000,592600,VND,1,Thanh toán khi giao hàng,Đã hủy,lepetitmarseillaisvn,Video,7631128699194199314,fixed commission,,,,,420000,,,,,,,,,0,0,03/06/2026 21:49:06,,03/06/2026 21:49:09,,,,TTS,Open/Target Collaboration
584345819348961245,1732250760944257244,"Sữa Tắm/Gel Tắm Pháp Le Petit Marseillais Chiết Xuất Thiên Nhiên 650ml - Sữa Tắm Lưu Hương Lành Tính - Dịu Nhẹ, An Toàn Cho Da","Đào Trắng & Quả Xuân Đào, Standard",1732250801269016796,ST01288,328000,548700,VND,1,Không áp dụng thanh toán khi giao hàng,Đã hoàn thành,lepetitmarseillaisvn,Phát trực tiếp,7647138615708912391,fixed commission,,,,,328000,,328000,,,,,,,0,0,03/06/2026 21:54:30,03/06/2026 21:54:35,03/06/2026 21:54:36,05/06/2026 16:18:07,21/06/2026 02:50:57,,TTS,Open/Target Collaboration
584345894704744116,1734496604995683548,Xà Phòng Le Petit Marseillais Chính Hãng Bánh Xà Phòng Tắm Thiên Nhiên (Ngẫu nhiên)  1 Bánh,Mặc định,1734496577198523612,1 BÁNH-XP,75000,164000,VND,2,Thanh toán khi giao hàng,Đã hoàn thành,mythi_fr,Video,7634970118833081620,fixed commission,,,,,150000,,150000,,3,4050,,,,0,0,03/06/2026 22:02:35,05/06/2026 14:11:29,03/06/2026 22:02:36,05/06/2026 14:11:29,21/06/2026 03:27:28,08/06/2026 07:44:35,TTS,Open/Target Collaboration
584346131909215863,1732250928810920156,"Sữa Tắm/Gel Tắm Pháp Le Petit Marseillais Thiên Nhiên 250ml - Sữa Tắm Lưu Hương Lành Tính - Dịu Nhẹ, An Toàn Cho Da","Vani, Standard",1732250914985183452,ST00526,168000,288700,VND,1,Thanh toán khi giao hàng,Đã hoàn thành,lepetitmarseillaisvn,Phát trực tiếp,7647138615708912391,fixed commission,,,,,168000,,168000,,,,,,,0,0,03/06/2026 22:14:47,05/06/2026 11:36:33,03/06/2026 22:14:49,05/06/2026 11:36:33,21/06/2026 01:57:00,,TTS,Open/Target Collaboration
584346176250676594,1732250760944257244,"Sữa Tắm/Gel Tắm Pháp Le Petit Marseillais Chiết Xuất Thiên Nhiên 650ml - Sữa Tắm Lưu Hương Lành Tính - Dịu Nhẹ, An Toàn Cho Da","Dừa, Standard",1732250801269147868,ST06999,335000,539900,VND,1,Thanh toán khi giao hàng,Đã hoàn thành,ha_thubay,Video,7599664598626618642,fixed commission,,,,,335000,,335000,,3,9045,,,,0,0,03/06/2026 22:16:54,06/06/2026 20:38:17,03/06/2026 22:16:55,06/06/2026 20:38:17,22/06/2026 03:29:40,09/06/2026 13:21:43,TTS,Open/Target Collaboration
584346494562698334,1732250760944257244,"Sữa Tắm/Gel Tắm Pháp Le Petit Marseillais Chiết Xuất Thiên Nhiên 650ml - Sữa Tắm Lưu Hương Lành Tính - Dịu Nhẹ, An Toàn Cho Da","Thông & Bạch Đàn Biển, Standard",1732250801268689116,ST01902,332000,554400,VND,1,Thanh toán khi giao hàng,Đã hoàn thành,lepetitmarseillaisvn,Phát trực tiếp,7647138615708912391,fixed commission,,,,,332000,,332000,,,,,,,0,0,03/06/2026 22:26:32,06/06/2026 14:11:39,03/06/2026 22:26:34,06/06/2026 14:11:39,22/06/2026 04:38:17,,TTS,Open/Target Collaboration
584346706613077204,1732250760944257244,"Sữa Tắm/Gel Tắm Pháp Le Petit Marseillais Chiết Xuất Thiên Nhiên 650ml - Sữa Tắm Lưu Hương Lành Tính - Dịu Nhẹ, An Toàn Cho Da","Thông & Bạch Đàn Biển, Standard",1732250801268689116,ST01902,320000,857900,VND,2,Thanh toán khi giao hàng,Đã hoàn thành,lepetitmarseillaisvn,Phát trực tiếp,7647138615708912391,fixed commission,,,,,640000,,640000,,,,,,,0,0,03/06/2026 22:47:03,05/06/2026 09:54:01,03/06/2026 22:47:05,05/06/2026 09:54:01,21/06/2026 04:33:48,,TTS,Open/Target Collaboration
584346732728059703,1732250760944257244,"Sữa Tắm/Gel Tắm Pháp Le Petit Marseillais Chiết Xuất Thiên Nhiên 650ml - Sữa Tắm Lưu Hương Lành Tính - Dịu Nhẹ, An Toàn Cho Da","Thông & Bạch Đàn Biển, Standard",1732250801268689116,ST01902,368000,560400,VND,1,Thanh toán khi giao hàng,Đã hoàn thành,ha_thubay,Video,7599664598626618642,fixed commission,,,,,368000,,368000,,3,9936,,,,0,0,03/06/2026 22:52:38,08/06/2026 14:45:01,03/06/2026 22:52:40,08/06/2026 14:45:01,24/06/2026 03:25:25,11/06/2026 15:55:27,TTS,Open/Target Collaboration
584346894785545987,1732250760944257244,"Sữa Tắm/Gel Tắm Pháp Le Petit Marseillais Chiết Xuất Thiên Nhiên 650ml - Sữa Tắm Lưu Hương Lành Tính - Dịu Nhẹ, An Toàn Cho Da","Hoa Tiare, Standard",1732250801268885724,ST68816,332000,548700,VND,1,Thanh toán khi giao hàng,Đã hoàn thành,lepetitmarseillaisvn,Phát trực tiếp,7647138615708912391,fixed commission,,,,,332000,,332000,,,,,,,0,0,03/06/2026 22:57:18,05/06/2026 18:03:27,03/06/2026 22:57:20,05/06/2026 18:03:27,21/06/2026 00:54:25,,TTS,Open/Target Collaboration
584346968707990899,1732252957247965404,"Dầu Gội Le Petit Marseillais Nhiều Mùi Hương 300ml Dưỡng Ẩm, Thơm Lâu - Phù Hợp Mọi Loại Da",Táo & Oliu,1732252922366494940,DG31372,336000,580100,VND,1,Thanh toán khi giao hàng,Đã hủy,lepetitmarseillaisvn,Phát trực tiếp,7647138615708912391,fixed commission,,,,,336000,,,,,,,,,0,0,03/06/2026 23:06:58,,03/06/2026 23:06:59,,,,TTS,Open/Target Collaboration
584346968707859827,1732251932571175132,"Sữa Dưỡng Thể 24h Le Petit Marseillais Nhiều Mùi Hương 400ml Dưỡng Ẩm, Thơm Lâu - Phù Hợp Mọi Loại Da","Bơ Hạt Mỡ, Hạnh Nhân, Dầu Argan, Standard",1732251916621613276,DT83916,508800,683600,VND,1,Thanh toán khi giao hàng,Đã hủy,lepetitmarseillaisvn,Phát trực tiếp,7647138615708912391,fixed commission,,,,,508800,,,,,,,,,0,0,03/06/2026 23:06:58,,03/06/2026 23:06:59,,,,TTS,Open/Target Collaboration
584346956744918549,1732250760944257244,"Sữa Tắm/Gel Tắm Pháp Le Petit Marseillais Chiết Xuất Thiên Nhiên 650ml - Sữa Tắm Lưu Hương Lành Tính - Dịu Nhẹ, An Toàn Cho Da","Thông & Bạch Đàn Biển, Standard",1732250801268689116,ST01902,320000,530400,VND,1,Không áp dụng thanh toán khi giao hàng,Đã hoàn thành,lepetitmarseillaisvn,Phát trực tiếp,7647138615708912391,fixed commission,,,,,320000,,320000,,,,,,,0,0,03/06/2026 23:08:24,03/06/2026 23:08:26,03/06/2026 23:08:26,05/06/2026 10:25:10,21/06/2026 03:46:49,,TTS,Open/Target Collaboration
584346956744918549,1732250760944257244,"Sữa Tắm/Gel Tắm Pháp Le Petit Marseillais Chiết Xuất Thiên Nhiên 650ml - Sữa Tắm Lưu Hương Lành Tính - Dịu Nhẹ, An Toàn Cho Da","Đào Trắng & Quả Xuân Đào, Standard",1732250801269016796,ST01288,320000,530400,VND,1,Không áp dụng thanh toán khi giao hàng,Đã hoàn thành,lepetitmarseillaisvn,Phát trực tiếp,7647138615708912391,fixed commission,,,,,320000,,320000,,,,,,,0,0,03/06/2026 23:08:24,03/06/2026 23:08:26,03/06/2026 23:08:26,05/06/2026 10:25:10,21/06/2026 03:46:49,,TTS,Open/Target Collaboration
584347869950543291,1732250760944257244,"Sữa Tắm/Gel Tắm Pháp Le Petit Marseillais Chiết Xuất Thiên Nhiên 650ml - Sữa Tắm Lưu Hương Lành Tính - Dịu Nhẹ, An Toàn Cho Da","Thông & Bạch Đàn Biển, Standard",1732250801268689116,ST01902,340000,566600,VND,1,Thanh toán khi giao hàng,Đã hoàn thành,ha_thubay,Video,7599664598626618642,fixed commission,,,,,340000,,340000,,3,9180,,,,0,0,04/06/2026 00:28:08,06/06/2026 11:47:25,04/06/2026 00:28:09,06/06/2026 11:47:25,22/06/2026 01:00:45,09/06/2026 17:23:10,TTS,Open/Target Collaboration
584347852209423839,1732251815880067292,"Sữa Tắm Pháp Le Petit Marseillais Cho Nam Chiết Xuất Thiên Nhiên 4in1 Nhiều Mùi Hương Dưỡng Ẩm, Thơm Lâu - Phù Hợp Mọi Loại Da (250ml)","Hương Thông & Bạch Đàn Biển, Standard",1732251749141154012,ST01356,200000,286000,VND,1,Thanh toán khi giao hàng,Đã hoàn thành,gentlegrooming0,Video,7597291366036557076,fixed commission,,,,8,200000,14400,200000,14400,,,,,,0,0,04/06/2026 00:29:28,05/06/2026 17:02:45,04/06/2026 00:29:31,05/06/2026 17:02:45,21/06/2026 00:24:23,08/06/2026 12:32:13,TTS,Open/Target Collaboration
584348151849715389,1732251815880067292,"Sữa Tắm Pháp Le Petit Marseillais Cho Nam Chiết Xuất Thiên Nhiên 4in1 Nhiều Mùi Hương Dưỡng Ẩm, Thơm Lâu - Phù Hợp Mọi Loại Da (250ml)","Hương Gỗ Tuyết Tùng & Dương Xỉ, Standard",1732251749141219548,ST01172,200000,295200,VND,1,Thanh toán khi giao hàng,Đã hủy,duongmanhkien19,Video,7578474458705382676,fixed commission,0,0,0,8,200000,14400,,,,,,,,0,0,04/06/2026 01:07:07,,04/06/2026 01:07:08,,,,TTS,Open/Target Collaboration
584348218219267773,1732251815880067292,"Sữa Tắm Pháp Le Petit Marseillais Cho Nam Chiết Xuất Thiên Nhiên 4in1 Nhiều Mùi Hương Dưỡng Ẩm, Thơm Lâu - Phù Hợp Mọi Loại Da (250ml)","Hương Gỗ Tuyết Tùng & Dương Xỉ, Standard",1732251749141219548,ST01172,187000,295200,VND,1,Thanh toán khi giao hàng,Đã hoàn thành,lepthelittlekid,Video,7594749644052204818,fixed commission,,,,5,187000,8415,187000,8415,,,,,,0,0,04/06/2026 01:19:43,05/06/2026 21:20:49,04/06/2026 01:19:44,05/06/2026 21:20:49,21/06/2026 04:01:08,08/06/2026 09:05:16,TTS,Open/Target Collaboration
584348717418251969,1732251815880067292,"Sữa Tắm Pháp Le Petit Marseillais Cho Nam Chiết Xuất Thiên Nhiên 4in1 Nhiều Mùi Hương Dưỡng Ẩm, Thơm Lâu - Phù Hợp Mọi Loại Da (250ml)","Hương Gỗ Tuyết Tùng & Dương Xỉ, Standard",1732251749141219548,ST01172,200000,307200,VND,1,Thanh toán khi giao hàng,Đã hoàn thành,duongmanhkien19,Video,7589190858113649928,fixed commission,,,,,200000,,200000,,3,5400,,,,0,0,04/06/2026 03:16:43,06/06/2026 18:16:35,04/06/2026 03:16:44,06/06/2026 18:16:35,22/06/2026 04:02:30,09/06/2026 11:31:12,TTS,Open/Target Collaboration
584348835915662882,1734496604995683548,Xà Phòng Le Petit Marseillais Chính Hãng Bánh Xà Phòng Tắm Thiên Nhiên (Ngẫu nhiên)  1 Bánh,Mặc định,1734496577198523612,1 BÁNH-XP,75000,89000,VND,1,Thanh toán khi giao hàng,Đã hoàn thành,mythi_fr,Video,7634970118833081620,fixed commission,,,,,75000,,75000,,3,2025,,,,0,0,04/06/2026 03:53:14,05/06/2026 12:45:06,04/06/2026 03:53:16,05/06/2026 12:45:06,21/06/2026 01:59:00,08/06/2026 12:18:20,TTS,Open/Target Collaboration
584349105671669184,1732250760944257244,"Sữa Tắm/Gel Tắm Pháp Le Petit Marseillais Chiết Xuất Thiên Nhiên 650ml - Sữa Tắm Lưu Hương Lành Tính - Dịu Nhẹ, An Toàn Cho Da","Thông & Bạch Đàn Biển, Standard",1732250801268689116,ST01902,368000,534800,VND,1,Thanh toán khi giao hàng,Đã hoàn thành,ha_thubay,Video,7633274382705642773,fixed commission,,,,,368000,,368000,,3,9936,,,,0,0,04/06/2026 05:04:05,05/06/2026 19:41:31,04/06/2026 05:04:07,05/06/2026 19:41:31,21/06/2026 05:53:05,08/06/2026 07:57:58,TTS,Open/Target Collaboration
584349479653443509,1734496604995683548,Xà Phòng Le Petit Marseillais Chính Hãng Bánh Xà Phòng Tắm Thiên Nhiên (Ngẫu nhiên)  1 Bánh,Mặc định,1734496577198523612,1 BÁNH-XP,75000,101200,VND,1,Thanh toán khi giao hàng,Đã hoàn thành,mythi_fr,Video,7634970118833081620,fixed commission,,,,,75000,,75000,,3,2025,,,,0,0,04/06/2026 06:04:10,05/06/2026 15:54:41,04/06/2026 06:04:11,05/06/2026 15:54:41,21/06/2026 02:02:28,08/06/2026 09:49:05,TTS,Open/Target Collaboration
584350048703448999,1734496604995683548,Xà Phòng Le Petit Marseillais Chính Hãng Bánh Xà Phòng Tắm Thiên Nhiên (Ngẫu nhiên)  1 Bánh,Mặc định,1734496577198523612,1 BÁNH-XP,75000,160650,VND,2,Thanh toán khi giao hàng,Đã hoàn thành,mythi_fr,Video,7634970118833081620,fixed commission,,,,,150000,,150000,,3,4050,,,,0,0,04/06/2026 07:09:02,05/06/2026 13:33:41,04/06/2026 07:09:04,05/06/2026 13:33:41,21/06/2026 00:05:05,08/06/2026 12:48:54,TTS,Open/Target Collaboration
584350276374987901,1732250760944257244,"Sữa Tắm/Gel Tắm Pháp Le Petit Marseillais Chiết Xuất Thiên Nhiên 650ml - Sữa Tắm Lưu Hương Lành Tính - Dịu Nhẹ, An Toàn Cho Da","Thông & Bạch Đàn Biển, Standard",1732250801268689116,ST01902,336000,534800,VND,1,Không áp dụng thanh toán khi giao hàng,Đã hoàn thành,huynhtrinh20k3,Video,7628853352956185874,fixed commission,,,,,336000,,336000,,3,9072,,,,0,0,04/06/2026 07:25:51,04/06/2026 07:25:56,04/06/2026 07:25:56,05/06/2026 11:41:43,21/06/2026 01:41:31,08/06/2026 08:33:37,TTS,Open/Target Collaboration
584352668767848127,1731317167366243548,[Quà tặng không bán] Bông Tắm Tạo Bọt Mềm Mịn,Mặc định,1731317148230255836,BONG TAM HQ,0,5700,VND,1,Thanh toán khi giao hàng,Đã hoàn thành,lepetitmarseillaisvn,Phát trực tiếp,7647138615708912391,fixed commission,,,,,0,,0,,,,,,,0,0,04/06/2026 10:29:11,05/06/2026 16:21:59,04/06/2026 10:29:12,05/06/2026 16:21:59,21/06/2026 04:57:16,,TTS,Open/Target Collaboration
584352668767848127,1732251815880067292,"Sữa Tắm Pháp Le Petit Marseillais Cho Nam Chiết Xuất Thiên Nhiên 4in1 Nhiều Mùi Hương Dưỡng Ẩm, Thơm Lâu - Phù Hợp Mọi Loại Da (250ml)","Hương Cam & Tinh Dầu Argan, Standard",1732251749141022940,ST01431,168000,277700,VND,1,Thanh toán khi giao hàng,Đã hoàn thành,lepetitmarseillaisvn,Phát trực tiếp,7647138615708912391,fixed commission,,,,,168000,,168000,,,,,,,0,0,04/06/2026 10:29:11,05/06/2026 16:21:59,04/06/2026 10:29:12,05/06/2026 16:21:59,21/06/2026 04:57:16,,TTS,Open/Target Collaboration
584352668767848127,1732251815880067292,"Sữa Tắm Pháp Le Petit Marseillais Cho Nam Chiết Xuất Thiên Nhiên 4in1 Nhiều Mùi Hương Dưỡng Ẩm, Thơm Lâu - Phù Hợp Mọi Loại Da (250ml)","Hương Gỗ Tuyết Tùng & Dương Xỉ, Standard",1732251749141219548,ST01172,168000,277700,VND,1,Thanh toán khi giao hàng,Đã hoàn thành,lepetitmarseillaisvn,Phát trực tiếp,7647138615708912391,fixed commission,,,,,168000,,168000,,,,,,,0,0,04/06/2026 10:29:11,05/06/2026 16:21:59,04/06/2026 10:29:12,05/06/2026 16:21:59,21/06/2026 04:57:16,,TTS,Open/Target Collaboration
584352750597866937,1734496604995683548,Xà Phòng Le Petit Marseillais Chính Hãng Bánh Xà Phòng Tắm Thiên Nhiên (Ngẫu nhiên)  1 Bánh,Mặc định,1734496577198523612,1 BÁNH-XP,75000,165150,VND,2,Thanh toán khi giao hàng,Đã hoàn thành,mythi_fr,Video,7634970118833081620,fixed commission,,,,,150000,,150000,,3,4050,,,,0,0,04/06/2026 10:35:13,05/06/2026 16:06:38,04/06/2026 10:35:15,05/06/2026 16:06:38,21/06/2026 00:48:41,08/06/2026 09:49:48,TTS,Open/Target Collaboration
584353068328191411,1732251815880067292,"Sữa Tắm Pháp Le Petit Marseillais Cho Nam Chiết Xuất Thiên Nhiên 4in1 Nhiều Mùi Hương Dưỡng Ẩm, Thơm Lâu - Phù Hợp Mọi Loại Da (250ml)","Hương Thông & Bạch Đàn Biển, Standard",1732251749141154012,ST01356,174250,286850,VND,1,Thanh toán khi giao hàng,Đã hoàn thành,huynhdangthong,Phát trực tiếp,7643659579956022033,fixed commission,,,,7,174250,10978,174250,10978,,,,,,0,0,04/06/2026 10:52:17,05/06/2026 19:58:42,04/06/2026 10:52:20,05/06/2026 19:58:42,21/06/2026 02:29:01,08/06/2026 12:59:17,TTS,Open/Target Collaboration
584353091210347617,1732250760944257244,"Sữa Tắm/Gel Tắm Pháp Le Petit Marseillais Chiết Xuất Thiên Nhiên 650ml - Sữa Tắm Lưu Hương Lành Tính - Dịu Nhẹ, An Toàn Cho Da","Thông & Bạch Đàn Biển, Standard",1732250801268689116,ST01902,347600,551400,VND,1,Không áp dụng thanh toán khi giao hàng,Đã hoàn thành,ha_thubay,Video,7633274382705642773,fixed commission,,,,,347600,,347600,,3,9385,,,,0,0,04/06/2026 10:57:52,04/06/2026 10:57:58,04/06/2026 10:57:58,06/06/2026 11:46:45,22/06/2026 02:28:40,09/06/2026 10:07:17,TTS,Open/Target Collaboration
584353231838414456,1732250760944257244,"Sữa Tắm/Gel Tắm Pháp Le Petit Marseillais Chiết Xuất Thiên Nhiên 650ml - Sữa Tắm Lưu Hương Lành Tính - Dịu Nhẹ, An Toàn Cho Da","Hoa Tiare, Standard",1732250801268885724,ST68816,323900,555933,VND,1,Thanh toán khi giao hàng,Đã hoàn thành,kinkechillchill,Video,7572051007237115154,fixed commission,,,,8,323900,23321,323900,23321,,,,,,0,0,04/06/2026 11:08:24,06/06/2026 21:50:07,04/06/2026 11:08:25,06/06/2026 21:50:07,22/06/2026 04:20:43,09/06/2026 09:28:05,TTS,Open/Target Collaboration
584354055318177095,1733398801247536348,Sữa Tắm Nam 4 in 1  Thiên Nhiên Le Petit Marseillais Chiết Xuất Gỗ Tuyết Tùng & Dương Xỉ 250ml 1172,Mặc định,1733398851758556380,ST01172,180600,287600,VND,1,Không áp dụng thanh toán khi giao hàng,Đã hoàn thành,ha_thubay,Video,7633274382705642773,fixed commission,,,,8,180600,13003,180600,13003,,,,,,0,0,04/06/2026 12:00:28,04/06/2026 12:00:30,04/06/2026 12:00:30,05/06/2026 15:27:39,21/06/2026 02:05:54,08/06/2026 13:30:02,TTS,Open/Target Collaboration
584354308390946293,1734496604995683548,Xà Phòng Le Petit Marseillais Chính Hãng Bánh Xà Phòng Tắm Thiên Nhiên (Ngẫu nhiên)  1 Bánh,Mặc định,1734496577198523612,1 BÁNH-XP,75000,91700,VND,1,Thanh toán khi giao hàng,Đã hoàn thành,mythi_fr,Video,7634970118833081620,fixed commission,,,,,75000,,75000,,3,2025,,,,0,0,04/06/2026 12:13:24,05/06/2026 11:38:22,04/06/2026 12:13:25,05/06/2026 11:38:22,21/06/2026 02:01:10,08/06/2026 09:16:25,TTS,Open/Target Collaboration
584354372668196853,1734496604995683548,Xà Phòng Le Petit Marseillais Chính Hãng Bánh Xà Phòng Tắm Thiên Nhiên (Ngẫu nhiên)  1 Bánh,Mặc định,1734496577198523612,1 BÁNH-XP,75000,101200,VND,1,Thanh toán khi giao hàng,Đã hoàn thành,mythi_fr,Video,7634970118833081620,fixed commission,,,,,75000,,75000,,3,2025,,,,0,0,04/06/2026 12:20:34,05/06/2026 11:10:17,04/06/2026 12:20:36,05/06/2026 11:10:17,21/06/2026 02:41:53,08/06/2026 09:09:07,TTS,Open/Target Collaboration
584355280313288546,1733301625932317916,Combo Dầu Gội Xả Thiên Nhiên Chăm Sóc Tóc Le Petit Marseillais Mềm Mượt 250ML,Dừa 7429+ Xả 7452,1733302289467344092,3574661537429 + 3574661574752,399000,502700,VND,1,Thanh toán khi giao hàng,Đã hủy,huynhdangthong,Trưng bày,,fixed commission,0,0,0,7,399000,25137,,,,,,,,0,0,04/06/2026 13:12:58,,04/06/2026 13:13:00,,,,TTS,Open/Target Collaboration
584355406001833552,1734496604995683548,Xà Phòng Le Petit Marseillais Chính Hãng Bánh Xà Phòng Tắm Thiên Nhiên (Ngẫu nhiên)  1 Bánh,Mặc định,1734496577198523612,1 BÁNH-XP,75000,77000,VND,1,Thanh toán khi giao hàng,Đã hủy,mythi_fr,Video,7633023072626429204,fixed commission,0,0,0,,75000,,,,3,2025,,,,0,0,04/06/2026 13:24:47,,04/06/2026 13:24:48,,,,TTS,Open/Target Collaboration
584356664533157055,1732251815880067292,"Sữa Tắm Pháp Le Petit Marseillais Cho Nam Chiết Xuất Thiên Nhiên 4in1 Nhiều Mùi Hương Dưỡng Ẩm, Thơm Lâu - Phù Hợp Mọi Loại Da (250ml)","Hương Gỗ Tuyết Tùng & Dương Xỉ, Standard",1732251749141219548,ST01172,174250,289550,VND,1,Thanh toán khi giao hàng,Đã hoàn thành,huongnhatohsea,Video,7570282303302241543,fixed commission,,,,8,174250,12546,174250,12546,,,,,,0,0,04/06/2026 14:44:42,05/06/2026 18:12:50,04/06/2026 14:44:43,05/06/2026 18:12:50,21/06/2026 00:01:03,08/06/2026 12:54:23,TTS,Open/Target Collaboration
584357992468219034,1732250760944257244,"Sữa Tắm/Gel Tắm Pháp Le Petit Marseillais Chiết Xuất Thiên Nhiên 650ml - Sữa Tắm Lưu Hương Lành Tính - Dịu Nhẹ, An Toàn Cho Da","Thông & Bạch Đàn Biển, Standard",1732250801268689116,ST01902,363400,545267,VND,1,Thanh toán khi giao hàng,Đã hoàn thành,ha_thubay,Video,7599664598626618642,fixed commission,,,,,363400,,363400,,3,9812,,,,0,0,04/06/2026 16:19:15,06/06/2026 13:53:08,04/06/2026 16:19:16,06/06/2026 13:53:08,22/06/2026 03:15:54,09/06/2026 14:47:21,TTS,Open/Target Collaboration
584358065099212763,1732251815880067292,"Sữa Tắm Pháp Le Petit Marseillais Cho Nam Chiết Xuất Thiên Nhiên 4in1 Nhiều Mùi Hương Dưỡng Ẩm, Thơm Lâu - Phù Hợp Mọi Loại Da (250ml)","Hương Gỗ Tuyết Tùng & Dương Xỉ, Standard",1732251749141219548,ST01172,174250,289550,VND,1,Thanh toán khi giao hàng,Đã hủy,iflytek02,Chương trình Lưu lượng truy cập bên ngoài,,fixed commission,0,0,0,4,174250,6273,,,,,,,,0,0,04/06/2026 16:21:37,,04/06/2026 16:21:38,,,,TTS,Open/Target Collaboration
584360728696948525,1731317167366243548,[Quà tặng không bán] Bông Tắm Tạo Bọt Mềm Mịn,Mặc định,1731317148230255836,BONG TAM HQ,0,12133,VND,1,Thanh toán khi giao hàng,Đã hoàn thành,lepetitmarseillaisvn,Phát trực tiếp,7647510496375884562,fixed commission,,,,,0,,0,,,,,,,0,0,04/06/2026 19:21:01,07/06/2026 18:17:22,04/06/2026 19:21:03,07/06/2026 18:17:22,23/06/2026 05:59:08,,TTS,Open/Target Collaboration
584360728696948525,1732250760944257244,"Sữa Tắm/Gel Tắm Pháp Le Petit Marseillais Chiết Xuất Thiên Nhiên 650ml - Sữa Tắm Lưu Hương Lành Tính - Dịu Nhẹ, An Toàn Cho Da","Vani, Standard",1732250801269082332,ST00557,335750,543267,VND,1,Thanh toán khi giao hàng,Đã hoàn thành,lepetitmarseillaisvn,Phát trực tiếp,7647510496375884562,fixed commission,,,,,335750,,335750,,,,,,,0,0,04/06/2026 19:21:01,07/06/2026 18:17:22,04/06/2026 19:21:03,07/06/2026 18:17:22,23/06/2026 05:59:08,,TTS,Open/Target Collaboration
584361069206013135,1731317167366243548,[Quà tặng không bán] Bông Tắm Tạo Bọt Mềm Mịn,Mặc định,1731317148230255836,BONG TAM HQ,0,5700,VND,1,Không áp dụng thanh toán khi giao hàng,Đã hoàn thành,lepetitmarseillaisvn,Phát trực tiếp,7647510496375884562,fixed commission,,,,,0,,0,,,,,,,0,0,04/06/2026 19:39:50,04/06/2026 19:39:55,04/06/2026 19:39:56,08/06/2026 14:22:28,24/06/2026 03:55:19,,TTS,Open/Target Collaboration
584361069206013135,1732250760944257244,"Sữa Tắm/Gel Tắm Pháp Le Petit Marseillais Chiết Xuất Thiên Nhiên 650ml - Sữa Tắm Lưu Hương Lành Tính - Dịu Nhẹ, An Toàn Cho Da","Thông & Bạch Đàn Biển, Standard",1732250801268689116,ST01902,335750,530400,VND,1,Không áp dụng thanh toán khi giao hàng,Đã hoàn thành,lepetitmarseillaisvn,Phát trực tiếp,7647510496375884562,fixed commission,,,,,335750,,335750,,,,,,,0,0,04/06/2026 19:39:50,04/06/2026 19:39:55,04/06/2026 19:39:56,08/06/2026 14:22:28,24/06/2026 03:55:19,,TTS,Open/Target Collaboration
584361997239551384,1732250760944257244,"Sữa Tắm/Gel Tắm Pháp Le Petit Marseillais Chiết Xuất Thiên Nhiên 650ml - Sữa Tắm Lưu Hương Lành Tính - Dịu Nhẹ, An Toàn Cho Da","Hương Chanh & Bưởi Hồng, Standard",1732250801268820188,ST01868,335750,534467,VND,1,Thanh toán khi giao hàng,Đã hoàn thành,lepetitmarseillaisvn,Phát trực tiếp,7647510496375884562,fixed commission,,,,,335750,,335750,,,,,,,0,0,04/06/2026 20:26:40,06/06/2026 18:46:35,04/06/2026 20:26:43,06/06/2026 18:46:35,22/06/2026 04:27:44,,TTS,Open/Target Collaboration
584361997239551384,1731317167366243548,[Quà tặng không bán] Bông Tắm Tạo Bọt Mềm Mịn,Mặc định,1731317148230255836,BONG TAM HQ,0,7733,VND,1,Thanh toán khi giao hàng,Đã hoàn thành,lepetitmarseillaisvn,Phát trực tiếp,7647510496375884562,fixed commission,,,,,0,,0,,,,,,,0,0,04/06/2026 20:26:40,06/06/2026 18:46:35,04/06/2026 20:26:43,06/06/2026 18:46:35,22/06/2026 04:27:44,,TTS,Open/Target Collaboration
584362053449123494,1731317167366243548,[Quà tặng không bán] Bông Tắm Tạo Bọt Mềm Mịn,Mặc định,1731317148230255836,BONG TAM HQ,0,16200,VND,1,Không áp dụng thanh toán khi giao hàng,Đã hoàn thành,lepetitmarseillaisvn,Phát trực tiếp,7647510496375884562,fixed commission,,,,,0,,0,,,,,,,0,0,04/06/2026 20:30:52,04/06/2026 20:30:57,04/06/2026 20:30:58,07/06/2026 09:18:00,23/06/2026 02:39:56,,TTS,Open/Target Collaboration
584362053449123494,1732250760944257244,"Sữa Tắm/Gel Tắm Pháp Le Petit Marseillais Chiết Xuất Thiên Nhiên 650ml - Sữa Tắm Lưu Hương Lành Tính - Dịu Nhẹ, An Toàn Cho Da","Vani, Standard",1732250801269082332,ST00557,310900,551400,VND,1,Không áp dụng thanh toán khi giao hàng,Đã hoàn thành,lepetitmarseillaisvn,Phát trực tiếp,7647510496375884562,fixed commission,,,,,310900,,310900,,,,,,,0,0,04/06/2026 20:30:52,04/06/2026 20:30:57,04/06/2026 20:30:58,07/06/2026 09:18:00,23/06/2026 02:39:56,,TTS,Open/Target Collaboration
584362520016487944,1732251932571175132,"Sữa Dưỡng Thể 24h Le Petit Marseillais Nhiều Mùi Hương 400ml Dưỡng Ẩm, Thơm Lâu - Phù Hợp Mọi Loại Da","Bơ Hạt Mỡ, Lô Hội, Sáp Ong, Standard",1732251916621678812,DT84159,365200,651800,VND,1,Thanh toán khi giao hàng,Đã hủy,lepetitmarseillaisvn,Phát trực tiếp,7647510496375884562,fixed commission,,,,,365200,,,,,,,,,0,0,04/06/2026 20:57:38,,04/06/2026 20:57:40,,,,TTS,Open/Target Collaboration
584362575175058860,1732250760944257244,"Sữa Tắm/Gel Tắm Pháp Le Petit Marseillais Chiết Xuất Thiên Nhiên 650ml - Sữa Tắm Lưu Hương Lành Tính - Dịu Nhẹ, An Toàn Cho Da","Thông & Bạch Đàn Biển, Standard",1732250801268689116,ST01902,329621,530400,VND,1,Thanh toán khi giao hàng,Đã hoàn thành,haiidaynek,Video,7550367424923585810,fixed commission,,,,,329621,,329621,,3,8900,,,,0,0,04/06/2026 21:00:55,06/06/2026 08:16:41,04/06/2026 21:00:58,06/06/2026 08:16:41,22/06/2026 05:38:33,09/06/2026 09:11:16,TTS,Open/Target Collaboration
584362990651541326,1732250760944257244,"Sữa Tắm/Gel Tắm Pháp Le Petit Marseillais Chiết Xuất Thiên Nhiên 650ml - Sữa Tắm Lưu Hương Lành Tính - Dịu Nhẹ, An Toàn Cho Da","Thông & Bạch Đàn Biển, Standard",1732250801268689116,ST01902,339700,545267,VND,1,Thanh toán khi giao hàng,Đã hoàn thành,samsamdenroi1376,Video,7567165581057740050,fixed commission,,,,8,339700,24458,339700,24458,,,,,,0,0,04/06/2026 21:23:03,07/06/2026 16:10:31,04/06/2026 21:23:05,07/06/2026 16:10:31,23/06/2026 03:21:42,10/06/2026 15:43:57,TTS,Open/Target Collaboration
584363305974531741,1732251815880067292,"Sữa Tắm Pháp Le Petit Marseillais Cho Nam Chiết Xuất Thiên Nhiên 4in1 Nhiều Mùi Hương Dưỡng Ẩm, Thơm Lâu - Phù Hợp Mọi Loại Da (250ml)","Hương Thông & Bạch Đàn Biển, Standard",1732251749141154012,ST01356,205000,292700,VND,1,Không áp dụng thanh toán khi giao hàng,Đã hoàn thành,lepthelittlekid,Video,7594749644052204818,fixed commission,,,,5,205000,9225,205000,9225,,,,,,0,0,04/06/2026 21:36:32,04/06/2026 21:36:38,04/06/2026 21:36:39,06/06/2026 09:40:53,22/06/2026 02:33:01,09/06/2026 10:19:27,TTS,Open/Target Collaboration
584363902779425803,1731317167366243548,[Quà tặng không bán] Bông Tắm Tạo Bọt Mềm Mịn,Mặc định,1731317148230255836,BONG TAM HQ,0,23800,VND,1,Không áp dụng thanh toán khi giao hàng,Đã hoàn thành,lepetitmarseillaisvn,Phát trực tiếp,7647510496375884562,fixed commission,,,,,0,,0,,,,,,,0,0,04/06/2026 22:15:32,04/06/2026 22:15:33,04/06/2026 22:15:34,06/06/2026 10:38:01,22/06/2026 04:21:28,,TTS,Open/Target Collaboration
584363902779425803,1732251815880067292,"Sữa Tắm Pháp Le Petit Marseillais Cho Nam Chiết Xuất Thiên Nhiên 4in1 Nhiều Mùi Hương Dưỡng Ẩm, Thơm Lâu - Phù Hợp Mọi Loại Da (250ml)","Hương Cam & Tinh Dầu Argan, Standard",1732251749141022940,ST01431,184500,295800,VND,1,Không áp dụng thanh toán khi giao hàng,Đã hoàn thành,lepetitmarseillaisvn,Phát trực tiếp,7647510496375884562,fixed commission,,,,,184500,,184500,,,,,,,0,0,04/06/2026 22:15:32,04/06/2026 22:15:33,04/06/2026 22:15:34,06/06/2026 10:38:01,22/06/2026 04:21:28,,TTS,Open/Target Collaboration
584364213439137091,1732250760944257244,"Sữa Tắm/Gel Tắm Pháp Le Petit Marseillais Chiết Xuất Thiên Nhiên 650ml - Sữa Tắm Lưu Hương Lành Tính - Dịu Nhẹ, An Toàn Cho Da","Đào Trắng & Quả Xuân Đào, Standard",1732250801269016796,ST01288,335750,537667,VND,1,Thanh toán khi giao hàng,Đã hoàn thành,lepetitmarseillaisvn,Phát trực tiếp,7645298019780315911,fixed commission,,,,,335750,,335750,,,,,,,0,0,04/06/2026 22:30:42,06/06/2026 13:47:31,04/06/2026 22:30:44,06/06/2026 13:47:31,22/06/2026 05:18:32,,TTS,Open/Target Collaboration
584364213439137091,1731317167366243548,[Quà tặng không bán] Bông Tắm Tạo Bọt Mềm Mịn,Mặc định,1731317148230255836,BONG TAM HQ,0,9333,VND,1,Thanh toán khi giao hàng,Đã hoàn thành,lepetitmarseillaisvn,Phát trực tiếp,7647510496375884562,fixed commission,,,,,0,,0,,,,,,,0,0,04/06/2026 22:30:42,06/06/2026 13:47:31,04/06/2026 22:30:44,06/06/2026 13:47:31,22/06/2026 05:18:32,,TTS,Open/Target Collaboration
584364273127425577,1732251815880067292,"Sữa Tắm Pháp Le Petit Marseillais Cho Nam Chiết Xuất Thiên Nhiên 4in1 Nhiều Mùi Hương Dưỡng Ẩm, Thơm Lâu - Phù Hợp Mọi Loại Da (250ml)","Hương Cam & Tinh Dầu Argan, Standard",1732251749141022940,ST01431,180400,282450,VND,1,Thanh toán khi giao hàng,Đã hoàn thành,tanrhm19,Trưng bày,,fixed commission,,,,8,180400,12989,180400,12989,,,,,,0,0,04/06/2026 22:35:05,06/06/2026 21:49:02,04/06/2026 22:35:06,06/06/2026 21:49:02,22/06/2026 03:55:00,09/06/2026 10:11:24,TTS,Open/Target Collaboration
584364461360907698,1732251815880067292,"Sữa Tắm Pháp Le Petit Marseillais Cho Nam Chiết Xuất Thiên Nhiên 4in1 Nhiều Mùi Hương Dưỡng Ẩm, Thơm Lâu - Phù Hợp Mọi Loại Da (250ml)","Hương Gỗ Tuyết Tùng & Dương Xỉ, Standard",1732251749141219548,ST01172,180400,289550,VND,1,Thanh toán khi giao hàng,Đã hoàn thành,duongmanhkien19,Video,7589190858113649928,fixed commission,,,,8,180400,12989,180400,12989,,,,,,0,0,04/06/2026 22:45:27,07/06/2026 12:16:29,04/06/2026 22:45:28,07/06/2026 12:16:29,23/06/2026 00:27:13,10/06/2026 12:42:28,TTS,Open/Target Collaboration
584364523984356400,1732251815880067292,"Sữa Tắm Pháp Le Petit Marseillais Cho Nam Chiết Xuất Thiên Nhiên 4in1 Nhiều Mùi Hương Dưỡng Ẩm, Thơm Lâu - Phù Hợp Mọi Loại Da (250ml)","Hương Gỗ Tuyết Tùng & Dương Xỉ, Standard",1732251749141219548,ST01172,205000,289550,VND,1,Thanh toán khi giao hàng,Đã hoàn thành,duongmanhkien19,Video,7589190858113649928,fixed commission,,,,8,205000,14760,205000,14760,,,,,,0,0,04/06/2026 22:51:06,07/06/2026 15:47:33,04/06/2026 22:51:07,07/06/2026 15:47:33,23/06/2026 02:25:23,10/06/2026 08:35:37,TTS,Open/Target Collaboration
584364559241938341,1732251815880067292,"Sữa Tắm Pháp Le Petit Marseillais Cho Nam Chiết Xuất Thiên Nhiên 4in1 Nhiều Mùi Hương Dưỡng Ẩm, Thơm Lâu - Phù Hợp Mọi Loại Da (250ml)","Hương Gỗ Tuyết Tùng & Dương Xỉ, Standard",1732251749141219548,ST01172,205000,279900,VND,1,Thanh toán khi giao hàng,Đã hoàn thành,duongmanhkien19,Video,7589190858113649928,fixed commission,,,,,205000,,205000,,3,5535,,,,0,0,04/06/2026 22:52:24,06/06/2026 16:45:25,04/06/2026 22:52:27,06/06/2026 16:45:25,22/06/2026 05:29:30,09/06/2026 11:08:35,TTS,Open/Target Collaboration
584365339275986027,1732251815880067292,"Sữa Tắm Pháp Le Petit Marseillais Cho Nam Chiết Xuất Thiên Nhiên 4in1 Nhiều Mùi Hương Dưỡng Ẩm, Thơm Lâu - Phù Hợp Mọi Loại Da (250ml)","Hương Gỗ Tuyết Tùng & Dương Xỉ, Standard",1732251749141219548,ST01172,174250,282450,VND,1,Thanh toán khi giao hàng,Đã hoàn thành,ha_thubay,Video,7599664598626618642,fixed commission,,,,8,174250,12546,174250,12546,,,,,,0,0,05/06/2026 00:04:41,06/06/2026 18:51:33,05/06/2026 00:04:42,06/06/2026 18:51:33,22/06/2026 01:30:00,09/06/2026 18:18:33,TTS,Open/Target Collaboration
584365503347263391,1732251815880067292,"Sữa Tắm Pháp Le Petit Marseillais Cho Nam Chiết Xuất Thiên Nhiên 4in1 Nhiều Mùi Hương Dưỡng Ẩm, Thơm Lâu - Phù Hợp Mọi Loại Da (250ml)","Hương Gỗ Tuyết Tùng & Dương Xỉ, Standard",1732251749141219548,ST01172,205000,282450,VND,1,Thanh toán khi giao hàng,Đã hoàn thành,duongmanhkien19,Video,7589190858113649928,fixed commission,,,,,205000,,205000,,3,5535,,,,0,0,05/06/2026 00:17:28,06/06/2026 09:44:11,05/06/2026 00:17:30,06/06/2026 09:44:11,22/06/2026 02:13:50,09/06/2026 16:13:17,TTS,Open/Target Collaboration
584365579513464431,1732251815880067292,"Sữa Tắm Pháp Le Petit Marseillais Cho Nam Chiết Xuất Thiên Nhiên 4in1 Nhiều Mùi Hương Dưỡng Ẩm, Thơm Lâu - Phù Hợp Mọi Loại Da (250ml)","Hương Gỗ Tuyết Tùng & Dương Xỉ, Standard",1732251749141219548,ST01172,205000,279900,VND,1,Thanh toán khi giao hàng,Đã hoàn thành,duongmanhkien19,Video,7589190858113649928,fixed commission,,,,,205000,,205000,,3,5535,,,,0,0,05/06/2026 00:25:21,06/06/2026 12:30:10,05/06/2026 00:25:22,06/06/2026 12:30:10,22/06/2026 00:38:22,09/06/2026 15:44:45,TTS,Open/Target Collaboration
584366190601209132,1735790479039169756,Sữa Tắm Dạng Kem Le Petit Marseillais Dừa Hữu Cơ 250ml - 92% Thiên Nhiên,Mặc định,1735791336106329308,ST54494,193200,355700,VND,1,Thanh toán khi giao hàng,Đã hủy,iflyad07,Chương trình Lưu lượng truy cập bên ngoài,,fixed commission,0,0,0,4,193200,6955,,,,,,,,0,0,05/06/2026 02:07:00,,05/06/2026 02:07:01,,,,TTS,Open/Target Collaboration
584366190601209132,1735803310673790172,Dầu Gội Cấp Ẩm Le Petit Marseillais Nước Dừa Hữu Cơ 250ml,Mặc định,1735803421743809756,DG37429,248400,354275,VND,1,Thanh toán khi giao hàng,Đã hủy,iflyad07,Chương trình Lưu lượng truy cập bên ngoài,,fixed commission,0,0,0,4,248400,8942,,,,,,,,0,0,05/06/2026 02:07:00,,05/06/2026 02:07:01,,,,TTS,Open/Target Collaboration
584366262015920013,1732252961260865756,"Dầu Gội Thiên Nhiên Le Petit Marseillais Nhiều Mùi Hương 250ml Dưỡng Ẩm, Thơm Lâu - Phù Hợp Mọi Loại Da",Trị Gàu 2 In 1 Tinh Dầu Bạc Hà,1732252943759018204,DG74042,270000,384800,VND,1,Thanh toán khi giao hàng,Đã hoàn thành,meo.review56,Video,7645684171192470792,fixed commission,,,,8,270000,19440,270000,19440,,,,,,0,0,05/06/2026 02:22:04,07/06/2026 12:07:55,05/06/2026 02:22:05,07/06/2026 12:07:55,23/06/2026 05:01:20,10/06/2026 10:13:21,TTS,Open/Target Collaboration
584366895586182864,1732250760944257244,"Sữa Tắm/Gel Tắm Pháp Le Petit Marseillais Chiết Xuất Thiên Nhiên 650ml - Sữa Tắm Lưu Hương Lành Tính - Dịu Nhẹ, An Toàn Cho Da","Thông & Bạch Đàn Biển, Standard",1732250801268689116,ST01902,335000,533733,VND,1,Thanh toán khi giao hàng,Đã hoàn thành,ha_thubay,Video,7599664598626618642,fixed commission,,,,,335000,,335000,,3,9045,,,,0,0,05/06/2026 05:05:53,06/06/2026 21:32:34,05/06/2026 05:05:54,06/06/2026 21:32:34,22/06/2026 03:15:57,09/06/2026 08:55:20,TTS,Open/Target Collaboration
584367164877604854,1732250760944257244,"Sữa Tắm/Gel Tắm Pháp Le Petit Marseillais Chiết Xuất Thiên Nhiên 650ml - Sữa Tắm Lưu Hương Lành Tính - Dịu Nhẹ, An Toàn Cho Da","Thông & Bạch Đàn Biển, Standard",1732250801268689116,ST01902,363400,541267,VND,1,Thanh toán khi giao hàng,Đã hoàn thành,ha_thubay,Video,7599664598626618642,fixed commission,,,,,363400,,363400,,3,9812,,,,0,0,05/06/2026 05:51:20,06/06/2026 21:12:28,05/06/2026 05:51:21,06/06/2026 21:12:28,22/06/2026 01:30:00,09/06/2026 12:45:53,TTS,Open/Target Collaboration
584367286216000842,1734496604995683548,Xà Phòng Le Petit Marseillais Chính Hãng Bánh Xà Phòng Tắm Thiên Nhiên (Ngẫu nhiên)  1 Bánh,Mặc định,1734496577198523612,1 BÁNH-XP,75000,94700,VND,1,Thanh toán khi giao hàng,Đã hoàn thành,mythi_fr,Video,7634970118833081620,fixed commission,,,,,75000,,75000,,3,2025,,,,0,0,05/06/2026 06:05:34,06/06/2026 10:10:15,05/06/2026 06:05:35,06/06/2026 10:10:15,22/06/2026 01:26:02,09/06/2026 15:58:25,TTS,Open/Target Collaboration
584368150599862041,1732251815880067292,"Sữa Tắm Pháp Le Petit Marseillais Cho Nam Chiết Xuất Thiên Nhiên 4in1 Nhiều Mùi Hương Dưỡng Ẩm, Thơm Lâu - Phù Hợp Mọi Loại Da (250ml)","Hương Gỗ Tuyết Tùng & Dương Xỉ, Standard",1732251749141219548,ST01172,184500,289550,VND,1,Thanh toán khi giao hàng,Đã hoàn thành,duongmanhkien19,Video,7578474458705382676,fixed commission,,,,,184500,,184500,,3,4981,,,,0,0,05/06/2026 07:35:36,06/06/2026 12:43:52,05/06/2026 07:35:38,06/06/2026 12:43:52,22/06/2026 02:53:14,09/06/2026 13:03:12,TTS,Open/Target Collaboration
584368272800908651,1734496604995683548,Xà Phòng Le Petit Marseillais Chính Hãng Bánh Xà Phòng Tắm Thiên Nhiên (Ngẫu nhiên)  1 Bánh,Mặc định,1734496577198523612,1 BÁNH-XP,75000,105200,VND,1,Thanh toán khi giao hàng,Đã hủy,mythi_fr,Video,7634970118833081620,fixed commission,0,0,0,,75000,,,,3,2025,,,,0,0,05/06/2026 07:47:13,,05/06/2026 07:47:14,,,,TTS,Open/Target Collaboration
584368408568956083,1735805666596914396,Hộp 4 Cục Xà Phòng Le Petit Marseillais Hoa Kim Ngân 4x100g,Mặc định,1735805670037816540,XP80699,320000,429000,VND,1,Không áp dụng thanh toán khi giao hàng,Đã hoàn thành,adpia.official,Chương trình Lưu lượng truy cập bên ngoài,,fixed commission,,,,4,320000,11520,320000,11520,,,,,,0,0,05/06/2026 07:58:35,05/06/2026 07:58:38,05/06/2026 07:58:38,06/06/2026 11:27:24,22/06/2026 02:41:40,09/06/2026 17:07:17,TTS,Open/Target Collaboration
584368841283765432,1734496604995683548,Xà Phòng Le Petit Marseillais Chính Hãng Bánh Xà Phòng Tắm Thiên Nhiên (Ngẫu nhiên)  1 Bánh,Mặc định,1734496577198523612,1 BÁNH-XP,75000,89000,VND,1,Thanh toán khi giao hàng,Đã hoàn thành,mythi_fr,Video,7634970118833081620,fixed commission,,,,,75000,,75000,,3,2025,,,,0,0,05/06/2026 08:33:06,06/06/2026 11:38:07,05/06/2026 08:33:07,06/06/2026 11:38:07,22/06/2026 00:22:58,09/06/2026 08:38:55,TTS,Open/Target Collaboration
584369573684085903,1732251815880067292,"Sữa Tắm Pháp Le Petit Marseillais Cho Nam Chiết Xuất Thiên Nhiên 4in1 Nhiều Mùi Hương Dưỡng Ẩm, Thơm Lâu - Phù Hợp Mọi Loại Da (250ml)","Hương Gỗ Tuyết Tùng & Dương Xỉ, Standard",1732251749141219548,ST01172,184500,289550,VND,1,Thanh toán khi giao hàng,Đã hoàn thành,duongmanhkien19,Video,7578474458705382676,fixed commission,,,,,184500,,184500,,3,4981,,,,0,0,05/06/2026 09:22:24,08/06/2026 21:03:09,05/06/2026 09:22:27,08/06/2026 21:03:09,24/06/2026 00:38:15,11/06/2026 15:42:09,TTS,Open/Target Collaboration
584369499919516945,1734496604995683548,Xà Phòng Le Petit Marseillais Chính Hãng Bánh Xà Phòng Tắm Thiên Nhiên (Ngẫu nhiên)  1 Bánh,Mặc định,1734496577198523612,1 BÁNH-XP,75000,94700,VND,1,Thanh toán khi giao hàng,Đã hoàn thành,mythi_fr,Video,7633023072626429204,fixed commission,,,,,75000,,75000,,3,2025,,,,0,0,05/06/2026 09:25:59,06/06/2026 11:28:55,05/06/2026 09:26:00,06/06/2026 11:28:55,22/06/2026 02:21:25,09/06/2026 10:37:20,TTS,Open/Target Collaboration
584369571807397380,1732251815880067292,"Sữa Tắm Pháp Le Petit Marseillais Cho Nam Chiết Xuất Thiên Nhiên 4in1 Nhiều Mùi Hương Dưỡng Ẩm, Thơm Lâu - Phù Hợp Mọi Loại Da (250ml)","Hương Gỗ Tuyết Tùng & Dương Xỉ, Standard",1732251749141219548,ST01172,210000,282450,VND,1,Thanh toán khi giao hàng,Đã hoàn thành,duongmanhkien19,Video,7578474458705382676,fixed commission,,,,,210000,,210000,,3,5670,,,,0,0,05/06/2026 09:30:40,06/06/2026 21:22:48,05/06/2026 09:30:41,06/06/2026 21:22:48,22/06/2026 00:34:34,09/06/2026 07:03:34,TTS,Open/Target Collaboration
584369611109729551,1732251815880067292,"Sữa Tắm Pháp Le Petit Marseillais Cho Nam Chiết Xuất Thiên Nhiên 4in1 Nhiều Mùi Hương Dưỡng Ẩm, Thơm Lâu - Phù Hợp Mọi Loại Da (250ml)","Hương Gỗ Tuyết Tùng & Dương Xỉ, Standard",1732251749141219548,ST01172,184500,286850,VND,1,Thanh toán khi giao hàng,Đã hoàn thành,duongmanhkien19,Video,7578474458705382676,fixed commission,,,,,184500,,184500,,3,4981,,,,0,0,05/06/2026 09:30:49,06/06/2026 18:38:12,05/06/2026 09:30:51,06/06/2026 18:38:12,22/06/2026 01:30:48,09/06/2026 16:24:48,TTS,Open/Target Collaboration
584370515465372836,1732252957247965404,"Dầu Gội Le Petit Marseillais Nhiều Mùi Hương 300ml Dưỡng Ẩm, Thơm Lâu - Phù Hợp Mọi Loại Da",Mật Ong & Hạt Mỡ,1732252922366560476,DG74554,361200,553550,VND,1,Không áp dụng thanh toán khi giao hàng,Đã hoàn thành,haiidaynek,Video,7548126556418264327,fixed commission,,,,,361200,,361200,,3,9752,,,,0,0,05/06/2026 10:31:09,05/06/2026 10:32:37,05/06/2026 10:32:38,06/06/2026 09:47:54,22/06/2026 04:40:17,09/06/2026 08:33:13,TTS,Open/Target Collaboration
584370515465372836,1732252957247965404,"Dầu Gội Le Petit Marseillais Nhiều Mùi Hương 300ml Dưỡng Ẩm, Thơm Lâu - Phù Hợp Mọi Loại Da",Hạt Lanh & Hoa Hạnh Nhân,1732252922366691548,DG01841,361200,553550,VND,1,Không áp dụng thanh toán khi giao hàng,Đã hoàn thành,haiidaynek,Video,7548126556418264327,fixed commission,,,,,361200,,361200,,3,9752,,,,0,0,05/06/2026 10:31:09,05/06/2026 10:32:37,05/06/2026 10:32:38,06/06/2026 09:47:54,22/06/2026 04:40:17,09/06/2026 08:33:13,TTS,Open/Target Collaboration
584371021471974961,1732250760944257244,"Sữa Tắm/Gel Tắm Pháp Le Petit Marseillais Chiết Xuất Thiên Nhiên 650ml - Sữa Tắm Lưu Hương Lành Tính - Dịu Nhẹ, An Toàn Cho Da","Thông & Bạch Đàn Biển, Standard",1732250801268689116,ST01902,335750,532133,VND,1,Không áp dụng thanh toán khi giao hàng,Đã hoàn thành,duyvo224,Chương trình Lưu lượng truy cập bên ngoài,,fixed commission,,,,8,335750,24174,335750,24174,,,,,,0,0,05/06/2026 11:02:33,05/06/2026 11:03:12,05/06/2026 11:03:13,06/06/2026 15:37:19,22/06/2026 02:03:54,09/06/2026 09:32:09,TTS,Open/Target Collaboration
584371119183857574,1732250760944257244,"Sữa Tắm/Gel Tắm Pháp Le Petit Marseillais Chiết Xuất Thiên Nhiên 650ml - Sữa Tắm Lưu Hương Lành Tính - Dịu Nhẹ, An Toàn Cho Da","Thông & Bạch Đàn Biển, Standard",1732250801268689116,ST01902,339700,1214057,VND,3,Thanh toán khi giao hàng,Đã hoàn thành,ha_thubay,Video,7599664598626618642,fixed commission,,,,,1019100,,1019100,,3,27516,,,,0,0,05/06/2026 11:09:50,06/06/2026 11:00:27,05/06/2026 11:09:51,06/06/2026 11:00:27,22/06/2026 02:55:23,09/06/2026 15:39:24,TTS,Open/Target Collaboration
584371174545524646,1732252957247965404,"Dầu Gội Le Petit Marseillais Nhiều Mùi Hương 300ml Dưỡng Ẩm, Thơm Lâu - Phù Hợp Mọi Loại Da",Mật Ong & Hạt Mỡ,1732252922366560476,DG74554,361200,925900,VND,2,Thanh toán khi giao hàng,Đã hoàn thành,kenhcuasam,Video,7558673586068802824,fixed commission,,,,8,722400,52012,722400,52012,,,,,,0,0,05/06/2026 11:13:38,06/06/2026 11:00:27,05/06/2026 11:13:39,06/06/2026 11:00:27,22/06/2026 00:12:24,09/06/2026 14:55:07,TTS,Open/Target Collaboration
584371195022771879,1734496604995683548,Xà Phòng Le Petit Marseillais Chính Hãng Bánh Xà Phòng Tắm Thiên Nhiên (Ngẫu nhiên)  1 Bánh,Mặc định,1734496577198523612,1 BÁNH-XP,67500,214667,VND,3,Không áp dụng thanh toán khi giao hàng,Đã hoàn thành,mythi_fr,Video,7634970118833081620,fixed commission,,,,,202500,,202500,,3,5469,,,,0,0,05/06/2026 11:15:39,05/06/2026 11:15:45,05/06/2026 11:15:45,06/06/2026 10:52:58,22/06/2026 02:58:02,09/06/2026 16:15:36,TTS,Open/Target Collaboration
584371380061439219,1732251815880067292,"Sữa Tắm Pháp Le Petit Marseillais Cho Nam Chiết Xuất Thiên Nhiên 4in1 Nhiều Mùi Hương Dưỡng Ẩm, Thơm Lâu - Phù Hợp Mọi Loại Da (250ml)","Hương Gỗ Tuyết Tùng & Dương Xỉ, Standard",1732251749141219548,ST01172,174250,292450,VND,1,Thanh toán khi giao hàng,Đã hoàn thành,iflyad07,Chương trình Lưu lượng truy cập bên ngoài,,fixed commission,,,,4,174250,6273,174250,6273,,,,,,0,0,05/06/2026 11:27:37,07/06/2026 14:31:29,05/06/2026 11:27:38,07/06/2026 14:31:29,23/06/2026 00:32:16,10/06/2026 17:28:46,TTS,Open/Target Collaboration
584371583475025242,1732250760944257244,"Sữa Tắm/Gel Tắm Pháp Le Petit Marseillais Chiết Xuất Thiên Nhiên 650ml - Sữa Tắm Lưu Hương Lành Tính - Dịu Nhẹ, An Toàn Cho Da","Thông & Bạch Đàn Biển, Standard",1732250801268689116,ST01902,352000,530400,VND,1,Thanh toán khi giao hàng,Đã hoàn thành,samsamdenroi1376,Video,7567165581057740050,fixed commission,,,,8,352000,25344,352000,25344,,,,,,0,0,05/06/2026 11:37:25,06/06/2026 12:00:39,05/06/2026 11:37:26,06/06/2026 12:00:39,22/06/2026 04:10:30,09/06/2026 14:58:51,TTS,Open/Target Collaboration
584371736596481465,1732250760944257244,"Sữa Tắm/Gel Tắm Pháp Le Petit Marseillais Chiết Xuất Thiên Nhiên 650ml - Sữa Tắm Lưu Hương Lành Tính - Dịu Nhẹ, An Toàn Cho Da","Thông & Bạch Đàn Biển, Standard",1732250801268689116,ST01902,335750,530400,VND,1,Thanh toán khi giao hàng,Đã hoàn thành,ha_thubay,Video,7599664598626618642,fixed commission,,,,,335750,,335750,,3,9066,,,,0,0,05/06/2026 11:48:02,06/06/2026 17:14:50,05/06/2026 11:48:03,06/06/2026 17:14:50,22/06/2026 00:14:15,09/06/2026 12:19:28,TTS,Open/Target Collaboration
584371828077528195,1732250760944257244,"Sữa Tắm/Gel Tắm Pháp Le Petit Marseillais Chiết Xuất Thiên Nhiên 650ml - Sữa Tắm Lưu Hương Lành Tính - Dịu Nhẹ, An Toàn Cho Da","Thông & Bạch Đàn Biển, Standard",1732250801268689116,ST01902,347600,526400,VND,1,Thanh toán khi giao hàng,Đã hoàn thành,ha_thubay,Video,7599664598626618642,fixed commission,,,,,347600,,347600,,3,9385,,,,0,0,05/06/2026 11:57:55,06/06/2026 17:55:55,05/06/2026 11:57:56,06/06/2026 17:55:55,22/06/2026 04:58:10,09/06/2026 18:07:47,TTS,Open/Target Collaboration
584372127351932099,1732250760944257244,"Sữa Tắm/Gel Tắm Pháp Le Petit Marseillais Chiết Xuất Thiên Nhiên 650ml - Sữa Tắm Lưu Hương Lành Tính - Dịu Nhẹ, An Toàn Cho Da","Thông & Bạch Đàn Biển, Standard",1732250801268689116,ST01902,347600,545267,VND,1,Thanh toán khi giao hàng,Đã hoàn thành,ha_thubay,Video,7599664598626618642,fixed commission,,,,,347600,,347600,,3,9385,,,,0,0,05/06/2026 12:15:11,06/06/2026 18:49:31,05/06/2026 12:15:12,06/06/2026 18:49:31,22/06/2026 05:03:15,09/06/2026 17:59:52,TTS,Open/Target Collaboration
584372278596502667,1734496604995683548,Xà Phòng Le Petit Marseillais Chính Hãng Bánh Xà Phòng Tắm Thiên Nhiên (Ngẫu nhiên)  1 Bánh,Mặc định,1734496577198523612,1 BÁNH-XP,75000,105300,VND,1,Thanh toán khi giao hàng,Đã hoàn thành,mythi_fr,Video,7634970118833081620,fixed commission,,,,,75000,,75000,,3,2025,,,,0,0,05/06/2026 12:24:34,06/06/2026 14:21:08,05/06/2026 12:24:35,06/06/2026 14:21:08,22/06/2026 05:45:02,09/06/2026 16:06:08,TTS,Open/Target Collaboration
584372432608527661,1734496604995683548,Xà Phòng Le Petit Marseillais Chính Hãng Bánh Xà Phòng Tắm Thiên Nhiên (Ngẫu nhiên)  1 Bánh,Mặc định,1734496577198523612,1 BÁNH-XP,75000,89000,VND,1,Thanh toán khi giao hàng,Đã hoàn thành,mythi_fr,Video,7635178246694391061,fixed commission,,,,,75000,,75000,,3,2025,,,,0,0,05/06/2026 12:28:11,06/06/2026 12:20:01,05/06/2026 12:28:13,06/06/2026 12:20:01,22/06/2026 02:59:44,09/06/2026 12:19:42,TTS,Open/Target Collaboration
584372478661461118,1734496604995683548,Xà Phòng Le Petit Marseillais Chính Hãng Bánh Xà Phòng Tắm Thiên Nhiên (Ngẫu nhiên)  1 Bánh,Mặc định,1734496577198523612,1 BÁNH-XP,75000,167600,VND,2,Thanh toán khi giao hàng,Đã hoàn thành,mythi_fr,Video,7634970118833081620,fixed commission,,,,,150000,,150000,,3,4050,,,,0,0,05/06/2026 12:34:40,08/06/2026 14:46:14,05/06/2026 12:34:41,08/06/2026 14:46:14,24/06/2026 00:09:52,11/06/2026 13:24:57,TTS,Open/Target Collaboration
584372651700946204,1734496604995683548,Xà Phòng Le Petit Marseillais Chính Hãng Bánh Xà Phòng Tắm Thiên Nhiên (Ngẫu nhiên)  1 Bánh,Mặc định,1734496577198523612,1 BÁNH-XP,75000,109800,VND,1,Thanh toán khi giao hàng,Đã hủy,mythi_fr,Video,7634970118833081620,fixed commission,0,0,0,,75000,,,,3,2025,,,,0,0,05/06/2026 12:46:18,,05/06/2026 12:46:19,,,,TTS,Open/Target Collaboration
584372711236797928,1732250760944257244,"Sữa Tắm/Gel Tắm Pháp Le Petit Marseillais Chiết Xuất Thiên Nhiên 650ml - Sữa Tắm Lưu Hương Lành Tính - Dịu Nhẹ, An Toàn Cho Da","Thông & Bạch Đàn Biển, Standard",1732250801268689116,ST01902,347600,541667,VND,1,Thanh toán khi giao hàng,Đã hoàn thành,ha_thubay,Video,7599664598626618642,fixed commission,,,,,347600,,347600,,3,9385,,,,0,0,05/06/2026 12:46:41,07/06/2026 14:58:53,05/06/2026 12:46:42,07/06/2026 14:58:53,23/06/2026 00:38:09,10/06/2026 08:26:29,TTS,Open/Target Collaboration
584372891426850780,1732250760944257244,"Sữa Tắm/Gel Tắm Pháp Le Petit Marseillais Chiết Xuất Thiên Nhiên 650ml - Sữa Tắm Lưu Hương Lành Tính - Dịu Nhẹ, An Toàn Cho Da","Hoa Tiare, Standard",1732250801268885724,ST68816,347600,530400,VND,1,Thanh toán khi giao hàng,Đã hủy,ha_thubay,Video,7633274382705642773,fixed commission,0,0,0,,347600,,,,3,9385,,,,0,0,05/06/2026 12:57:09,,05/06/2026 12:57:10,,,,TTS,Open/Target Collaboration
584372903810336732,1732250760944257244,"Sữa Tắm/Gel Tắm Pháp Le Petit Marseillais Chiết Xuất Thiên Nhiên 650ml - Sữa Tắm Lưu Hương Lành Tính - Dịu Nhẹ, An Toàn Cho Da","Hoa Tiare, Standard",1732250801268885724,ST68816,323900,530400,VND,1,Thanh toán khi giao hàng,Đã hủy,sophia.beauty99,Video,7600638127312538900,fixed commission,0,0,0,8,323900,23321,,,,,,,,0,0,05/06/2026 13:02:11,,05/06/2026 13:02:12,,,,TTS,Open/Target Collaboration
584373375614551717,1734496604995683548,Xà Phòng Le Petit Marseillais Chính Hãng Bánh Xà Phòng Tắm Thiên Nhiên (Ngẫu nhiên)  1 Bánh,Mặc định,1734496577198523612,1 BÁNH-XP,75000,105200,VND,1,Thanh toán khi giao hàng,Đã hoàn thành,mythi_fr,Video,7634970118833081620,fixed commission,,,,,75000,,75000,,3,2025,,,,0,0,05/06/2026 13:29:34,07/06/2026 18:54:01,05/06/2026 13:29:35,07/06/2026 18:54:01,23/06/2026 02:40:36,10/06/2026 12:21:05,TTS,Open/Target Collaboration
584373668509090950,1732250760944257244,"Sữa Tắm/Gel Tắm Pháp Le Petit Marseillais Chiết Xuất Thiên Nhiên 650ml - Sữa Tắm Lưu Hương Lành Tính - Dịu Nhẹ, An Toàn Cho Da","Thông & Bạch Đàn Biển, Standard",1732250801268689116,ST01902,347600,545267,VND,1,Không áp dụng thanh toán khi giao hàng,Đã hoàn thành,ha_thubay,Video,7599664598626618642,fixed commission,,,,,347600,,347600,,3,9385,,,,0,0,05/06/2026 13:46:47,05/06/2026 13:46:51,05/06/2026 13:46:52,07/06/2026 16:46:30,23/06/2026 02:42:41,10/06/2026 13:01:44,TTS,Open/Target Collaboration
584374277051025372,1732250760944257244,"Sữa Tắm/Gel Tắm Pháp Le Petit Marseillais Chiết Xuất Thiên Nhiên 650ml - Sữa Tắm Lưu Hương Lành Tính - Dịu Nhẹ, An Toàn Cho Da","Hoa Tiare, Standard",1732250801268885724,ST68816,323900,530400,VND,1,Thanh toán khi giao hàng,Đã hoàn thành,atvncreator,Chương trình Lưu lượng truy cập bên ngoài,,fixed commission,,,,8,323900,23321,323900,23321,,,,,,0,0,05/06/2026 14:31:46,06/06/2026 11:52:27,05/06/2026 14:31:49,06/06/2026 11:52:27,22/06/2026 00:07:45,,TTS,Open/Target Collaboration
584374372649436775,1732252957247965404,"Dầu Gội Le Petit Marseillais Nhiều Mùi Hương 300ml Dưỡng Ẩm, Thơm Lâu - Phù Hợp Mọi Loại Da",Táo & Oliu,1732252922366494940,DG31372,357000,565900,VND,1,Thanh toán khi giao hàng,Đã hoàn thành,ml.shop36,Video,7564595403824319751,fixed commission,,,,8,357000,25704,357000,25704,,,,,,0,0,05/06/2026 14:38:21,06/06/2026 15:34:05,05/06/2026 14:38:22,06/06/2026 15:34:05,22/06/2026 03:26:16,09/06/2026 18:33:29,TTS,Open/Target Collaboration
584374498240267835,1732251815880067292,"Sữa Tắm Pháp Le Petit Marseillais Cho Nam Chiết Xuất Thiên Nhiên 4in1 Nhiều Mùi Hương Dưỡng Ẩm, Thơm Lâu - Phù Hợp Mọi Loại Da (250ml)","Hương Gỗ Tuyết Tùng & Dương Xỉ, Standard",1732251749141219548,ST01172,164981,285350,VND,1,Không áp dụng thanh toán khi giao hàng,Đã hoàn thành,chongsalyyyyy,Video,7590981447582780680,fixed commission,,,,8,164981,11878,164981,11878,,,,,,0,0,05/06/2026 14:47:41,05/06/2026 14:47:44,05/06/2026 14:47:46,06/06/2026 13:57:40,22/06/2026 05:37:02,09/06/2026 16:57:09,TTS,Open/Target Collaboration
584375111122847342,1732250760944257244,"Sữa Tắm/Gel Tắm Pháp Le Petit Marseillais Chiết Xuất Thiên Nhiên 650ml - Sữa Tắm Lưu Hương Lành Tính - Dịu Nhẹ, An Toàn Cho Da","Thông & Bạch Đàn Biển, Standard",1732250801268689116,ST01902,395000,526333,VND,1,Thanh toán khi giao hàng,Đã hoàn thành,ha_thubay,Video,7599664598626618642,fixed commission,,,,,395000,,395000,,3,10665,,,,0,0,05/06/2026 15:24:37,07/06/2026 18:35:22,05/06/2026 15:24:40,07/06/2026 18:35:22,23/06/2026 00:53:23,10/06/2026 13:50:01,TTS,Open/Target Collaboration
584375536533668929,1732250760944257244,"Sữa Tắm/Gel Tắm Pháp Le Petit Marseillais Chiết Xuất Thiên Nhiên 650ml - Sữa Tắm Lưu Hương Lành Tính - Dịu Nhẹ, An Toàn Cho Da","Dừa, Standard",1732250801269147868,ST06999,363400,530400,VND,1,Thanh toán khi giao hàng,Đã hủy,thaocanview,Video,7637538562224721172,fixed commission,0,0,0,,363400,,,,3,9812,,,,0,0,05/06/2026 15:58:48,,05/06/2026 15:58:49,,,,TTS,Open/Target Collaboration
584375780668114400,1734496604995683548,Xà Phòng Le Petit Marseillais Chính Hãng Bánh Xà Phòng Tắm Thiên Nhiên (Ngẫu nhiên)  1 Bánh,Mặc định,1734496577198523612,1 BÁNH-XP,75000,109800,VND,1,Thanh toán khi giao hàng,Đã hoàn thành,mythi_fr,Video,7634970118833081620,fixed commission,,,,,75000,,75000,,3,2025,,,,0,0,05/06/2026 16:18:29,09/06/2026 12:20:30,05/06/2026 16:18:30,09/06/2026 12:20:30,25/06/2026 05:57:04,12/06/2026 07:12:30,TTS,Open/Target Collaboration
584377731888678625,1734496604995683548,Xà Phòng Le Petit Marseillais Chính Hãng Bánh Xà Phòng Tắm Thiên Nhiên (Ngẫu nhiên)  1 Bánh,Mặc định,1734496577198523612,1 BÁNH-XP,63750,158750,VND,2,Thanh toán khi giao hàng,Đã hủy,mythi_fr,Video,7647015261622635796,fixed commission,0,0,0,6,127500,6886,,,,,,,,0,0,05/06/2026 18:35:26,,05/06/2026 18:35:28,,,,TTS,Open/Target Collaboration
584379317598062048,1732251906497939676,Sữa tắm Thiên Nhiên Pháp Le Petit Marseillais Nhiều Mùi Hương Dịu Nhẹ Cho Da Nhạy Cảm 400ml - Phù Hợp Mọi Loại Da,"Dầu Hạnh Nhân, Standard",1732251905364035804,ST53362,280500,481900,VND,1,Thanh toán khi giao hàng,Đã hoàn thành,ha_thubay,Video,7585063001691114760,fixed commission,,,,,280500,,280500,,3,7573,,,,0,0,05/06/2026 20:03:35,09/06/2026 17:12:35,05/06/2026 20:03:37,09/06/2026 17:12:35,25/06/2026 03:04:28,12/06/2026 14:29:23,TTS,Open/Target Collaboration
584379311397832369,1731317167366243548,[Quà tặng không bán] Bông Tắm Tạo Bọt Mềm Mịn,Mặc định,1731317148230255836,BONG TAM HQ,0,5700,VND,1,Thanh toán khi giao hàng,Đã hoàn thành,lepetitmarseillaisvn,Phát trực tiếp,7647138615708912391,fixed commission,,,,,0,,0,,,,,,,0,0,05/06/2026 20:08:46,07/06/2026 08:47:39,05/06/2026 20:08:48,07/06/2026 08:47:39,23/06/2026 03:17:35,,TTS,Open/Target Collaboration
584379311397832369,1732250760944257244,"Sữa Tắm/Gel Tắm Pháp Le Petit Marseillais Chiết Xuất Thiên Nhiên 650ml - Sữa Tắm Lưu Hương Lành Tính - Dịu Nhẹ, An Toàn Cho Da","Đào Trắng & Quả Xuân Đào, Standard",1732250801269016796,ST01288,253093,530400,VND,1,Thanh toán khi giao hàng,Đã hoàn thành,lepetitmarseillaisvn,Phát trực tiếp,7647138615708912391,fixed commission,,,,,253093,,253093,,,,,,,0,0,05/06/2026 20:08:46,07/06/2026 08:47:39,05/06/2026 20:08:48,07/06/2026 08:47:39,23/06/2026 03:17:35,,TTS,Open/Target Collaboration
584379783325124267,1732251815880067292,"Sữa Tắm Pháp Le Petit Marseillais Cho Nam Chiết Xuất Thiên Nhiên 4in1 Nhiều Mùi Hương Dưỡng Ẩm, Thơm Lâu - Phù Hợp Mọi Loại Da (250ml)","Hương Thông & Bạch Đàn Biển, Standard",1732251749141154012,ST01356,205000,286850,VND,1,Không áp dụng thanh toán khi giao hàng,Đã hoàn thành,nh._.quin,Chương trình Lưu lượng truy cập bên ngoài,,fixed commission,,,,8,205000,14760,205000,14760,,,,,,0,0,05/06/2026 20:27:54,05/06/2026 20:27:58,05/06/2026 20:27:58,07/06/2026 09:21:14,23/06/2026 04:04:59,10/06/2026 17:31:04,TTS,Open/Target Collaboration
584380071381534243,1732252961260865756,"Dầu Gội Thiên Nhiên Le Petit Marseillais Nhiều Mùi Hương 250ml Dưỡng Ẩm, Thơm Lâu - Phù Hợp Mọi Loại Da",Tinh Dầu Chanh Vàng Hữu Cơ,1735769515978818780,DG74035,218592,364000,VND,1,Không áp dụng thanh toán khi giao hàng,Đã hoàn thành,lepetitmarseillaisvn,Phát trực tiếp,7647900520199228168,fixed commission,,,,,218592,,218592,,,,,,,0,0,05/06/2026 20:43:19,05/06/2026 21:11:28,05/06/2026 21:11:29,07/06/2026 19:04:51,23/06/2026 01:26:16,,TTS,Open/Target Collaboration
584380737733821485,1732252957247965404,"Dầu Gội Le Petit Marseillais Nhiều Mùi Hương 300ml Dưỡng Ẩm, Thơm Lâu - Phù Hợp Mọi Loại Da",Táo & Oliu,1732252922366494940,DG31372,357000,574700,VND,1,Thanh toán khi giao hàng,Đã hoàn thành,haiidaynek,Video,7548126556418264327,fixed commission,,,,,357000,,357000,,3,9639,,,,0,0,05/06/2026 21:22:13,07/06/2026 20:28:55,05/06/2026 21:22:16,07/06/2026 20:28:55,23/06/2026 05:13:54,10/06/2026 11:47:59,TTS,Open/Target Collaboration
584381341349348890,1732250928810920156,"Sữa Tắm/Gel Tắm Pháp Le Petit Marseillais Thiên Nhiên 250ml - Sữa Tắm Lưu Hương Lành Tính - Dịu Nhẹ, An Toàn Cho Da","Đào Trắng & Quả Xuân Đào, Standard",1732250914985380060,ST01240,180400,308000,VND,1,Thanh toán khi giao hàng,Đã hoàn thành,tuye2066,Chương trình Lưu lượng truy cập bên ngoài,,fixed commission,,,,4,180400,6494,180400,6494,,,,,,0,0,05/06/2026 21:50:58,08/06/2026 14:58:58,05/06/2026 21:51:00,08/06/2026 14:58:58,24/06/2026 05:38:22,11/06/2026 13:49:12,TTS,Open/Target Collaboration
584382043245217210,1734496604995683548,Xà Phòng Le Petit Marseillais Chính Hãng Bánh Xà Phòng Tắm Thiên Nhiên (Ngẫu nhiên)  1 Bánh,Mặc định,1734496577198523612,1 BÁNH-XP,75000,165100,VND,2,Thanh toán khi giao hàng,Đã hoàn thành,mythi_fr,Video,7634970118833081620,fixed commission,,,,,150000,,150000,,3,4050,,,,0,0,05/06/2026 22:28:14,08/06/2026 21:09:35,05/06/2026 22:28:15,08/06/2026 21:09:35,24/06/2026 01:55:21,11/06/2026 13:35:39,TTS,Open/Target Collaboration
584382099634816499,1731317167366243548,[Quà tặng không bán] Bông Tắm Tạo Bọt Mềm Mịn,Mặc định,1731317148230255836,BONG TAM HQ,0,7900,VND,1,Thanh toán khi giao hàng,Đã hoàn thành,lepetitmarseillaisvn,Phát trực tiếp,7647880295307332360,fixed commission,,,,,0,,0,,,,,,,0,0,05/06/2026 22:35:22,07/06/2026 19:52:22,05/06/2026 22:35:23,07/06/2026 19:52:22,23/06/2026 05:23:18,10/06/2026 17:14:18,TTS,Open/Target Collaboration
584382183704659849,1733398801247536348,Sữa Tắm Nam 4 in 1  Thiên Nhiên Le Petit Marseillais Chiết Xuất Gỗ Tuyết Tùng & Dương Xỉ 250ml 1172,Mặc định,1733398851758556380,ST01172,176400,293156,VND,1,Thanh toán khi giao hàng,Đã hủy,kolvanphuc,Chương trình Lưu lượng truy cập bên ngoài,,fixed commission,0,0,0,4,176400,6350,,,,,,,,0,0,05/06/2026 22:41:19,,05/06/2026 22:41:22,,,,TTS,Open/Target Collaboration
584382445346587667,1732251815880067292,"Sữa Tắm Pháp Le Petit Marseillais Cho Nam Chiết Xuất Thiên Nhiên 4in1 Nhiều Mùi Hương Dưỡng Ẩm, Thơm Lâu - Phù Hợp Mọi Loại Da (250ml)","Hương Gỗ Tuyết Tùng & Dương Xỉ, Standard",1732251749141219548,ST01172,184500,279900,VND,1,Thanh toán khi giao hàng,Đã hoàn thành,lepthelittlekid,Video,7594749644052204818,fixed commission,,,,,184500,,184500,,5,8303,,,,0,0,05/06/2026 22:55:38,07/06/2026 09:56:50,05/06/2026 22:55:40,07/06/2026 09:56:50,23/06/2026 04:30:54,10/06/2026 17:32:38,TTS,Open/Target Collaboration
584382454140340195,1732251815880067292,"Sữa Tắm Pháp Le Petit Marseillais Cho Nam Chiết Xuất Thiên Nhiên 4in1 Nhiều Mùi Hương Dưỡng Ẩm, Thơm Lâu - Phù Hợp Mọi Loại Da (250ml)","Hương Gỗ Tuyết Tùng & Dương Xỉ, Standard",1732251749141219548,ST01172,200000,279900,VND,1,Thanh toán khi giao hàng,Đã hoàn thành,duongmanhkien19,Video,7578474458705382676,fixed commission,,,,,200000,,200000,,3,5400,,,,0,0,05/06/2026 22:59:26,07/06/2026 22:39:10,05/06/2026 22:59:27,07/06/2026 22:39:10,23/06/2026 00:48:30,10/06/2026 17:41:31,TTS,Open/Target Collaboration
584382694508889661,1732250760944257244,"Sữa Tắm/Gel Tắm Pháp Le Petit Marseillais Chiết Xuất Thiên Nhiên 650ml - Sữa Tắm Lưu Hương Lành Tính - Dịu Nhẹ, An Toàn Cho Da","Thông & Bạch Đàn Biển, Standard",1732250801268689116,ST01902,395000,530400,VND,1,Thanh toán khi giao hàng,Đã hoàn thành,ha_thubay,Video,7599664598626618642,fixed commission,,,,,395000,,395000,,3,10665,,,,0,0,05/06/2026 23:11:27,07/06/2026 12:50:36,05/06/2026 23:11:28,07/06/2026 12:50:36,23/06/2026 05:56:50,10/06/2026 09:58:05,TTS,Open/Target Collaboration
584383633048373022,1732250760944257244,"Sữa Tắm/Gel Tắm Pháp Le Petit Marseillais Chiết Xuất Thiên Nhiên 650ml - Sữa Tắm Lưu Hương Lành Tính - Dịu Nhẹ, An Toàn Cho Da","Lá Oliu & Hoa Bồ Đề, Standard",1732250801268754652,ST01295,363400,532680,VND,1,Thanh toán khi giao hàng,Đã hoàn thành,ha_thubay,Video,7599664598626618642,fixed commission,,,,,363400,,363400,,3,9812,,,,0,0,06/06/2026 00:17:08,07/06/2026 20:06:44,06/06/2026 00:17:09,07/06/2026 20:06:44,23/06/2026 03:06:19,10/06/2026 13:44:38,TTS,Open/Target Collaboration
584384104787183496,1732250760944257244,"Sữa Tắm/Gel Tắm Pháp Le Petit Marseillais Chiết Xuất Thiên Nhiên 650ml - Sữa Tắm Lưu Hương Lành Tính - Dịu Nhẹ, An Toàn Cho Da","Thông & Bạch Đàn Biển, Standard",1732250801268689116,ST01902,363400,542414,VND,1,Thanh toán khi giao hàng,Đã hoàn thành,iflytek02,Chương trình Lưu lượng truy cập bên ngoài,,fixed commission,,,,4,363400,13082,363400,13082,,,,,,0,0,06/06/2026 00:55:01,07/06/2026 13:17:57,06/06/2026 00:55:03,07/06/2026 13:17:57,23/06/2026 01:05:18,10/06/2026 09:45:01,TTS,Open/Target Collaboration
584384104787183496,1735803452711142620,Dầu Xả Cấp Ẩm Le Petit Marseillais Nước Dừa Hữu Cơ 200ml,Mặc định,1735803348866008284,DX74752,0,5854,VND,1,Thanh toán khi giao hàng,Đã hoàn thành,iflytek02,Chương trình Lưu lượng truy cập bên ngoài,,fixed commission,,,,,0,,0,,,,,,,0,0,06/06/2026 00:55:01,07/06/2026 13:17:57,06/06/2026 00:55:03,07/06/2026 13:17:57,23/06/2026 01:05:18,10/06/2026 09:45:01,TTS,Open/Target Collaboration
584384361572697834,1732251815880067292,"Sữa Tắm Pháp Le Petit Marseillais Cho Nam Chiết Xuất Thiên Nhiên 4in1 Nhiều Mùi Hương Dưỡng Ẩm, Thơm Lâu - Phù Hợp Mọi Loại Da (250ml)","Hương Cam & Tinh Dầu Argan, Standard",1732251749141022940,ST01431,205000,312000,VND,1,Thanh toán khi giao hàng,Đã hoàn thành,iflyad07,Chương trình Lưu lượng truy cập bên ngoài,,fixed commission,,,,4,205000,7380,205000,7380,,,,,,0,0,06/06/2026 01:24:58,09/06/2026 10:26:56,06/06/2026 01:25:00,09/06/2026 10:26:56,25/06/2026 00:32:14,12/06/2026 10:14:25,TTS,Open/Target Collaboration
584384572743058467,1732250760944257244,"Sữa Tắm/Gel Tắm Pháp Le Petit Marseillais Chiết Xuất Thiên Nhiên 650ml - Sữa Tắm Lưu Hương Lành Tính - Dịu Nhẹ, An Toàn Cho Da","Thông & Bạch Đàn Biển, Standard",1732250801268689116,ST01902,368000,550520,VND,1,Thanh toán khi giao hàng,Đã hoàn thành,ha_thubay,Video,7599664598626618642,fixed commission,,,,8,368000,26496,368000,26496,,,,,,0,0,06/06/2026 01:51:23,07/06/2026 09:16:54,06/06/2026 01:51:24,07/06/2026 09:16:54,23/06/2026 00:54:15,10/06/2026 17:12:11,TTS,Open/Target Collaboration
584384883109496740,1732250760944257244,"Sữa Tắm/Gel Tắm Pháp Le Petit Marseillais Chiết Xuất Thiên Nhiên 650ml - Sữa Tắm Lưu Hương Lành Tính - Dịu Nhẹ, An Toàn Cho Da","Đào Trắng & Quả Xuân Đào, Standard",1732250801269016796,ST01288,343650,532680,VND,1,Thanh toán khi giao hàng,Đã hoàn thành,ha_thubay,Video,7599664598626618642,fixed commission,,,,8,343650,24743,343650,24743,,,,,,0,0,06/06/2026 02:55:05,08/06/2026 21:11:35,06/06/2026 02:55:06,08/06/2026 21:11:35,24/06/2026 04:34:55,11/06/2026 07:11:29,TTS,Open/Target Collaboration
584384904667038833,1732250760944257244,"Sữa Tắm/Gel Tắm Pháp Le Petit Marseillais Chiết Xuất Thiên Nhiên 650ml - Sữa Tắm Lưu Hương Lành Tính - Dịu Nhẹ, An Toàn Cho Da","Thông & Bạch Đàn Biển, Standard",1732250801268689116,ST01902,395000,546200,VND,1,Thanh toán khi giao hàng,Đã hoàn thành,ha_thubay,Video,7599664598626618642,fixed commission,,,,,395000,,395000,,3,10665,,,,0,0,06/06/2026 03:02:59,08/06/2026 16:31:18,06/06/2026 03:03:00,08/06/2026 16:31:18,24/06/2026 00:45:32,11/06/2026 11:20:33,TTS,Open/Target Collaboration
584385194352936665,1734496604995683548,Xà Phòng Le Petit Marseillais Chính Hãng Bánh Xà Phòng Tắm Thiên Nhiên (Ngẫu nhiên)  1 Bánh,Mặc định,1734496577198523612,1 BÁNH-XP,75000,101200,VND,1,Thanh toán khi giao hàng,Đã hoàn thành,mythi_fr,Video,7634970118833081620,fixed commission,,,,,75000,,75000,,3,2025,,,,0,0,06/06/2026 04:12:55,07/06/2026 12:49:18,06/06/2026 04:12:56,07/06/2026 12:49:18,23/06/2026 05:12:29,10/06/2026 09:48:22,TTS,Open/Target Collaboration
584385226969744788,1732251815880067292,"Sữa Tắm Pháp Le Petit Marseillais Cho Nam Chiết Xuất Thiên Nhiên 4in1 Nhiều Mùi Hương Dưỡng Ẩm, Thơm Lâu - Phù Hợp Mọi Loại Da (250ml)","Hương Thông & Bạch Đàn Biển, Standard",1732251749141154012,ST01356,174250,289550,VND,1,Không áp dụng thanh toán khi giao hàng,Đã hoàn thành,lepthelittlekid,Video,7594749644052204818,fixed commission,,,,,174250,,174250,,5,7842,,,,0,0,06/06/2026 04:27:36,06/06/2026 04:27:40,06/06/2026 04:27:40,07/06/2026 17:43:09,23/06/2026 04:22:49,10/06/2026 07:35:08,TTS,Open/Target Collaboration
584386082012300517,1732250928810920156,"Sữa Tắm/Gel Tắm Pháp Le Petit Marseillais Thiên Nhiên 250ml - Sữa Tắm Lưu Hương Lành Tính - Dịu Nhẹ, An Toàn Cho Da","Đào Trắng & Quả Xuân Đào, Standard",1732250914985380060,ST01240,192000,286000,VND,1,Không áp dụng thanh toán khi giao hàng,Đã hủy,lepetitmarseillaisvn,Video,7548757248839929096,fixed commission,,,,,192000,,,,,,,,,0,0,06/06/2026 06:27:34,06/06/2026 06:27:38,06/06/2026 06:27:39,,,,TTS,Open/Target Collaboration
584386133650540196,1732251815880067292,"Sữa Tắm Pháp Le Petit Marseillais Cho Nam Chiết Xuất Thiên Nhiên 4in1 Nhiều Mùi Hương Dưỡng Ẩm, Thơm Lâu - Phù Hợp Mọi Loại Da (250ml)","Hương Gỗ Tuyết Tùng & Dương Xỉ, Standard",1732251749141219548,ST01172,205000,289550,VND,1,Thanh toán khi giao hàng,Đã hoàn thành,duongmanhkien19,Video,7578474458705382676,fixed commission,,,,8,205000,14760,205000,14760,,,,,,0,0,06/06/2026 06:35:57,07/06/2026 12:43:25,06/06/2026 06:35:58,07/06/2026 12:43:25,23/06/2026 02:00:44,10/06/2026 08:39:30,TTS,Open/Target Collaboration
584386204744385765,1732250928810920156,"Sữa Tắm/Gel Tắm Pháp Le Petit Marseillais Thiên Nhiên 250ml - Sữa Tắm Lưu Hương Lành Tính - Dịu Nhẹ, An Toàn Cho Da","Đào Trắng & Quả Xuân Đào, Standard",1732250914985380060,ST01240,188600,286000,VND,1,Không áp dụng thanh toán khi giao hàng,Đã hoàn thành,iflyad07,Chương trình Lưu lượng truy cập bên ngoài,,fixed commission,,,,4,188600,6790,188600,6790,,,,,,0,0,06/06/2026 06:40:35,06/06/2026 06:40:39,06/06/2026 06:40:39,07/06/2026 08:59:56,23/06/2026 04:34:55,10/06/2026 11:20:10,TTS,Open/Target Collaboration
584386510242678079,1732250760944257244,"Sữa Tắm/Gel Tắm Pháp Le Petit Marseillais Chiết Xuất Thiên Nhiên 650ml - Sữa Tắm Lưu Hương Lành Tính - Dịu Nhẹ, An Toàn Cho Da","Thông & Bạch Đàn Biển, Standard",1732250801268689116,ST01902,323900,550680,VND,1,Thanh toán khi giao hàng,Đã hoàn thành,mevyan,Video,7647918865225092373,fixed commission,,,,,323900,,323900,,3,8745,,,,0,0,06/06/2026 07:08:23,07/06/2026 15:19:55,06/06/2026 07:08:24,07/06/2026 15:19:55,23/06/2026 00:35:03,10/06/2026 15:46:38,TTS,Open/Target Collaboration
584386510242678079,1735803452711142620,Dầu Xả Cấp Ẩm Le Petit Marseillais Nước Dừa Hữu Cơ 200ml,Mặc định,1735803348866008284,DX74752,0,7920,VND,1,Thanh toán khi giao hàng,Đã hoàn thành,adpia.official,Chương trình Lưu lượng truy cập bên ngoài,,fixed commission,,,,,0,,0,,,,,,,0,0,06/06/2026 07:08:23,07/06/2026 15:19:55,06/06/2026 07:08:24,07/06/2026 15:19:55,23/06/2026 00:35:03,10/06/2026 15:46:38,TTS,Open/Target Collaboration
584386786059191349,1732250760944257244,"Sữa Tắm/Gel Tắm Pháp Le Petit Marseillais Chiết Xuất Thiên Nhiên 650ml - Sữa Tắm Lưu Hương Lành Tính - Dịu Nhẹ, An Toàn Cho Da","Đào Trắng & Quả Xuân Đào, Standard",1732250801269016796,ST01288,323900,532680,VND,1,Thanh toán khi giao hàng,Đã hoàn thành,ha_thubay,Video,7599664598626618642,fixed commission,,,,8,323900,23321,323900,23321,,,,,,0,0,06/06/2026 07:30:59,07/06/2026 13:38:47,06/06/2026 07:31:00,07/06/2026 13:38:47,23/06/2026 05:50:16,10/06/2026 11:43:48,TTS,Open/Target Collaboration
584386786059191349,1735803452711142620,Dầu Xả Cấp Ẩm Le Petit Marseillais Nước Dừa Hữu Cơ 200ml,Mặc định,1735803348866008284,DX74752,0,3420,VND,1,Thanh toán khi giao hàng,Đã hoàn thành,lepetitmarseillaisvn,Phát trực tiếp,7647138615708912391,fixed commission,,,,,0,,0,,,,,,,0,0,06/06/2026 07:30:59,07/06/2026 13:38:47,06/06/2026 07:31:00,07/06/2026 13:38:47,23/06/2026 05:50:16,10/06/2026 11:43:48,TTS,Open/Target Collaboration
584388828300412384,1734496604995683548,Xà Phòng Le Petit Marseillais Chính Hãng Bánh Xà Phòng Tắm Thiên Nhiên (Ngẫu nhiên)  1 Bánh,Mặc định,1734496577198523612,1 BÁNH-XP,75000,167400,VND,2,Thanh toán khi giao hàng,Đã hoàn thành,mythi_fr,Video,7635178246694391061,fixed commission,,,,,150000,,150000,,3,4050,,,,0,0,06/06/2026 09:48:57,08/06/2026 15:45:03,06/06/2026 09:48:59,08/06/2026 15:45:03,24/06/2026 02:36:36,11/06/2026 08:07:21,TTS,Open/Target Collaboration
584389021380872121,1732250760944257244,"Sữa Tắm/Gel Tắm Pháp Le Petit Marseillais Chiết Xuất Thiên Nhiên 650ml - Sữa Tắm Lưu Hương Lành Tính - Dịu Nhẹ, An Toàn Cho Da","Hương Xoài & Chanh Dây, Standard",1732250801268951260,ST68823,347600,532680,VND,1,Thanh toán khi giao hàng,Đã hoàn thành,ha_thubay,Video,7599664598626618642,fixed commission,,,,,347600,,347600,,3,9385,,,,0,0,06/06/2026 09:58:55,08/06/2026 22:37:59,06/06/2026 09:58:56,08/06/2026 22:37:59,24/06/2026 04:22:48,11/06/2026 09:38:20,TTS,Open/Target Collaboration
584389282583644088,1732250760944257244,"Sữa Tắm/Gel Tắm Pháp Le Petit Marseillais Chiết Xuất Thiên Nhiên 650ml - Sữa Tắm Lưu Hương Lành Tính - Dịu Nhẹ, An Toàn Cho Da","Thông & Bạch Đàn Biển, Standard",1732250801268689116,ST01902,327850,527089,VND,1,Không áp dụng thanh toán khi giao hàng,Đã hoàn thành,ha_thubay,Video,7599664598626618642,fixed commission,,,,,327850,,327850,,3,8852,,,,0,0,06/06/2026 10:16:06,06/06/2026 10:16:12,06/06/2026 10:16:15,07/06/2026 15:58:58,23/06/2026 00:17:18,10/06/2026 08:50:14,TTS,Open/Target Collaboration
584389282583644088,1732250760944257244,"Sữa Tắm/Gel Tắm Pháp Le Petit Marseillais Chiết Xuất Thiên Nhiên 650ml - Sữa Tắm Lưu Hương Lành Tính - Dịu Nhẹ, An Toàn Cho Da","Hương Chanh & Bưởi Hồng, Standard",1732250801268820188,ST01868,327850,527089,VND,1,Không áp dụng thanh toán khi giao hàng,Đã hoàn thành,ha_thubay,Video,7599664598626618642,fixed commission,,,,,327850,,327850,,3,8852,,,,0,0,06/06/2026 10:16:06,06/06/2026 10:16:12,06/06/2026 10:16:15,07/06/2026 15:58:58,23/06/2026 00:17:18,10/06/2026 08:50:14,TTS,Open/Target Collaboration
584390068189759070,1732250760944257244,"Sữa Tắm/Gel Tắm Pháp Le Petit Marseillais Chiết Xuất Thiên Nhiên 650ml - Sữa Tắm Lưu Hương Lành Tính - Dịu Nhẹ, An Toàn Cho Da","Thông & Bạch Đàn Biển, Standard",1732250801268689116,ST01902,335000,532680,VND,1,Thanh toán khi giao hàng,Đã hoàn thành,ha_thubay,Video,7599664598626618642,fixed commission,,,,,335000,,335000,,3,9045,,,,0,0,06/06/2026 10:58:27,07/06/2026 12:47:12,06/06/2026 10:58:28,07/06/2026 12:47:12,23/06/2026 00:35:30,10/06/2026 14:03:43,TTS,Open/Target Collaboration
584390068189759070,1735803452711142620,Dầu Xả Cấp Ẩm Le Petit Marseillais Nước Dừa Hữu Cơ 200ml,Mặc định,1735803348866008284,DX74752,0,3420,VND,1,Thanh toán khi giao hàng,Đã hoàn thành,tran.viet2803,Chương trình Lưu lượng truy cập bên ngoài,,fixed commission,,,,,0,,0,,,,,,,0,0,06/06/2026 10:58:27,07/06/2026 12:47:12,06/06/2026 10:58:28,07/06/2026 12:47:12,23/06/2026 00:35:30,10/06/2026 14:03:43,TTS,Open/Target Collaboration
584389994975561315,1732250760944257244,"Sữa Tắm/Gel Tắm Pháp Le Petit Marseillais Chiết Xuất Thiên Nhiên 650ml - Sữa Tắm Lưu Hương Lành Tính - Dịu Nhẹ, An Toàn Cho Da","Thông & Bạch Đàn Biển, Standard",1732250801268689116,ST01902,347600,539995,VND,1,Không áp dụng thanh toán khi giao hàng,Đã hoàn thành,ha_thubay,Video,7599664598626618642,fixed commission,,,,,347600,,347600,,3,9385,,,,0,0,06/06/2026 10:59:09,06/06/2026 10:59:15,06/06/2026 10:59:16,08/06/2026 10:45:51,24/06/2026 00:16:10,11/06/2026 15:15:18,TTS,Open/Target Collaboration
584390379703928630,1732251815880067292,"Sữa Tắm Pháp Le Petit Marseillais Cho Nam Chiết Xuất Thiên Nhiên 4in1 Nhiều Mùi Hương Dưỡng Ẩm, Thơm Lâu - Phù Hợp Mọi Loại Da (250ml)","Hương Cam & Tinh Dầu Argan, Standard",1732251749141022940,ST01431,184500,307200,VND,1,Không áp dụng thanh toán khi giao hàng,Đã hoàn thành,mien_giadung,Video,7648113024062065928,fixed commission,,,,8,184500,13284,184500,13284,,,,,,0,0,06/06/2026 11:20:35,06/06/2026 11:25:32,06/06/2026 11:25:33,08/06/2026 12:18:25,24/06/2026 01:11:12,11/06/2026 12:12:39,TTS,Open/Target Collaboration
584390685087729058,1732250760944257244,"Sữa Tắm/Gel Tắm Pháp Le Petit Marseillais Chiết Xuất Thiên Nhiên 650ml - Sữa Tắm Lưu Hương Lành Tính - Dịu Nhẹ, An Toàn Cho Da","Hoa Tiare, Standard",1732250801268885724,ST68816,330000,532680,VND,1,Thanh toán khi giao hàng,Đã hoàn thành,lepetitmarseillaisvn,Phát trực tiếp,7648127601848011528,fixed commission,,,,,330000,,330000,,,,,,,0,0,06/06/2026 11:28:07,07/06/2026 18:11:41,06/06/2026 11:28:09,07/06/2026 18:11:41,23/06/2026 01:22:15,,TTS,Open/Target Collaboration
584390685087729058,1735803452711142620,Dầu Xả Cấp Ẩm Le Petit Marseillais Nước Dừa Hữu Cơ 200ml,Mặc định,1735803348866008284,DX74752,0,3420,VND,1,Thanh toán khi giao hàng,Đã hoàn thành,lepetitmarseillaisvn,Phát trực tiếp,7648127601848011528,fixed commission,,,,,0,,0,,,,,,,0,0,06/06/2026 11:28:07,07/06/2026 18:11:41,06/06/2026 11:28:09,07/06/2026 18:11:41,23/06/2026 01:22:15,,TTS,Open/Target Collaboration
584390785435075912,1732251815880067292,"Sữa Tắm Pháp Le Petit Marseillais Cho Nam Chiết Xuất Thiên Nhiên 4in1 Nhiều Mùi Hương Dưỡng Ẩm, Thơm Lâu - Phù Hợp Mọi Loại Da (250ml)","Hương Thông & Bạch Đàn Biển, Standard",1732251749141154012,ST01356,170150,279366,VND,1,Không áp dụng thanh toán khi giao hàng,Đã hoàn thành,lepetitmarseillaisvn,Phát trực tiếp,7648127601848011528,fixed commission,,,,,170150,,170150,,,,,,,0,0,06/06/2026 11:40:50,06/06/2026 11:40:53,06/06/2026 11:40:54,07/06/2026 11:29:46,23/06/2026 05:22:20,,TTS,Open/Target Collaboration
584390785435075912,1732251815880067292,"Sữa Tắm Pháp Le Petit Marseillais Cho Nam Chiết Xuất Thiên Nhiên 4in1 Nhiều Mùi Hương Dưỡng Ẩm, Thơm Lâu - Phù Hợp Mọi Loại Da (250ml)","Hương Gỗ Tuyết Tùng & Dương Xỉ, Standard",1732251749141219548,ST01172,170150,279367,VND,1,Không áp dụng thanh toán khi giao hàng,Đã hoàn thành,lepetitmarseillaisvn,Phát trực tiếp,7648127601848011528,fixed commission,,,,,170150,,170150,,,,,,,0,0,06/06/2026 11:40:50,06/06/2026 11:40:53,06/06/2026 11:40:54,07/06/2026 11:29:46,23/06/2026 05:22:20,,TTS,Open/Target Collaboration
584390785435075912,1731317167366243548,[Quà tặng không bán] Bông Tắm Tạo Bọt Mềm Mịn,Mặc định,1731317148230255836,BONG TAM HQ,0,7367,VND,1,Không áp dụng thanh toán khi giao hàng,Đã hoàn thành,lepetitmarseillaisvn,Phát trực tiếp,7648127601848011528,fixed commission,,,,,0,,0,,,,,,,0,0,06/06/2026 11:40:50,06/06/2026 11:40:53,06/06/2026 11:40:54,07/06/2026 11:29:46,23/06/2026 05:22:20,,TTS,Open/Target Collaboration
584390907346781814,1732250760944257244,"Sữa Tắm/Gel Tắm Pháp Le Petit Marseillais Chiết Xuất Thiên Nhiên 650ml - Sữa Tắm Lưu Hương Lành Tính - Dịu Nhẹ, An Toàn Cho Da","Đào Trắng & Quả Xuân Đào, Standard",1732250801269016796,ST01288,330000,534920,VND,1,Không áp dụng thanh toán khi giao hàng,Đã hoàn thành,lepetitmarseillaisvn,Phát trực tiếp,7648127601848011528,fixed commission,,,,,330000,,330000,,,,,,,0,0,06/06/2026 11:46:15,06/06/2026 11:46:19,06/06/2026 11:46:19,07/06/2026 11:30:16,23/06/2026 00:21:34,,TTS,Open/Target Collaboration
584390907346781814,1735803452711142620,Dầu Xả Cấp Ẩm Le Petit Marseillais Nước Dừa Hữu Cơ 200ml,Mặc định,1735803348866008284,DX74752,0,3980,VND,1,Không áp dụng thanh toán khi giao hàng,Đã hoàn thành,lepetitmarseillaisvn,Phát trực tiếp,7648127601848011528,fixed commission,,,,,0,,0,,,,,,,0,0,06/06/2026 11:46:15,06/06/2026 11:46:19,06/06/2026 11:46:19,07/06/2026 11:30:16,23/06/2026 00:21:34,,TTS,Open/Target Collaboration
584390995152766929,1732251815880067292,"Sữa Tắm Pháp Le Petit Marseillais Cho Nam Chiết Xuất Thiên Nhiên 4in1 Nhiều Mùi Hương Dưỡng Ẩm, Thơm Lâu - Phù Hợp Mọi Loại Da (250ml)","Hương Thông & Bạch Đàn Biển, Standard",1732251749141154012,ST01356,205000,289550,VND,1,Không áp dụng thanh toán khi giao hàng,Đã hoàn thành,man.trung.737,Video,7595064670482877717,fixed commission,,,,8,205000,14760,205000,14760,,,,,,0,0,06/06/2026 11:51:11,06/06/2026 11:51:16,06/06/2026 11:51:16,07/06/2026 15:19:23,23/06/2026 01:30:03,10/06/2026 11:35:40,TTS,Open/Target Collaboration
584391516516484653,1732250760944257244,"Sữa Tắm/Gel Tắm Pháp Le Petit Marseillais Chiết Xuất Thiên Nhiên 650ml - Sữa Tắm Lưu Hương Lành Tính - Dịu Nhẹ, An Toàn Cho Da","Hoa Tiare, Standard",1732250801268885724,ST68816,347600,563320,VND,1,Thanh toán khi giao hàng,Đã hoàn thành,lepetitmarseillaisvn,Phát trực tiếp,7648127601848011528,fixed commission,,,,,347600,,347600,,,,,,,0,0,06/06/2026 12:14:23,08/06/2026 16:53:48,06/06/2026 12:14:26,08/06/2026 16:53:48,24/06/2026 05:01:27,,TTS,Open/Target Collaboration
584391516516484653,1735803452711142620,Dầu Xả Cấp Ẩm Le Petit Marseillais Nước Dừa Hữu Cơ 200ml,Mặc định,1735803348866008284,DX74752,0,11080,VND,1,Thanh toán khi giao hàng,Đã hoàn thành,lepetitmarseillaisvn,Phát trực tiếp,7648127601848011528,fixed commission,,,,,0,,0,,,,,,,0,0,06/06/2026 12:14:23,08/06/2026 16:53:48,06/06/2026 12:14:26,08/06/2026 16:53:48,24/06/2026 05:01:27,,TTS,Open/Target Collaboration
584391543421306413,1732252957247965404,"Dầu Gội Le Petit Marseillais Nhiều Mùi Hương 300ml Dưỡng Ẩm, Thơm Lâu - Phù Hợp Mọi Loại Da",Hạt Lanh & Hoa Hạnh Nhân,1732252922366691548,DG01841,369600,592600,VND,1,Thanh toán khi giao hàng,Đã hoàn thành,lepetitmarseillaisvn,Phát trực tiếp,7648127601848011528,fixed commission,,,,,369600,,369600,,,,,,,0,0,06/06/2026 12:16:42,08/06/2026 16:53:48,06/06/2026 12:16:43,08/06/2026 16:53:48,24/06/2026 03:17:00,,TTS,Open/Target Collaboration
584391588327687862,1732251815880067292,"Sữa Tắm Pháp Le Petit Marseillais Cho Nam Chiết Xuất Thiên Nhiên 4in1 Nhiều Mùi Hương Dưỡng Ẩm, Thơm Lâu - Phù Hợp Mọi Loại Da (250ml)","Hương Gừng & Gỗ Bách, Standard",1732251749141285084,ST04371,180000,279900,VND,1,Thanh toán khi giao hàng,Đã hoàn thành,meo.review56,Video,7630487308734647559,fixed commission,,,,,180000,,180000,,3,4860,,,,0,0,06/06/2026 12:19:08,07/06/2026 10:04:07,06/06/2026 12:19:10,07/06/2026 10:04:07,23/06/2026 04:09:43,10/06/2026 13:46:38,TTS,Open/Target Collaboration
584392131451716894,1732252961260865756,"Dầu Gội Thiên Nhiên Le Petit Marseillais Nhiều Mùi Hương 250ml Dưỡng Ẩm, Thơm Lâu - Phù Hợp Mọi Loại Da",Hương lựu 7450,1733206092187469020,DG37450,243000,390000,VND,1,Không áp dụng thanh toán khi giao hàng,Đã hoàn thành,ht_vx,Video,7644507107592801544,fixed commission,,,,8,243000,17496,243000,17496,,,,,,0,0,06/06/2026 12:55:07,06/06/2026 12:55:10,06/06/2026 12:55:13,09/06/2026 10:35:24,25/06/2026 01:01:02,12/06/2026 11:00:41,TTS,Open/Target Collaboration
584392700520924625,1732251815880067292,"Sữa Tắm Pháp Le Petit Marseillais Cho Nam Chiết Xuất Thiên Nhiên 4in1 Nhiều Mùi Hương Dưỡng Ẩm, Thơm Lâu - Phù Hợp Mọi Loại Da (250ml)","Hương Gỗ Tuyết Tùng & Dương Xỉ, Standard",1732251749141219548,ST01172,200000,286850,VND,1,Thanh toán khi giao hàng,Đã hoàn thành,tanrhm19,Trưng bày,,fixed commission,,,,8,200000,14400,200000,14400,,,,,,0,0,06/06/2026 13:23:38,07/06/2026 11:15:56,06/06/2026 13:23:40,07/06/2026 11:15:56,23/06/2026 03:37:07,10/06/2026 09:54:56,TTS,Open/Target Collaboration
584393052584576982,1732250760944257244,"Sữa Tắm/Gel Tắm Pháp Le Petit Marseillais Chiết Xuất Thiên Nhiên 650ml - Sữa Tắm Lưu Hương Lành Tính - Dịu Nhẹ, An Toàn Cho Da","Thông & Bạch Đàn Biển, Standard",1732250801268689116,ST01902,322000,532680,VND,1,Thanh toán khi giao hàng,Đã hoàn thành,ha_thubay,Video,7599664598626618642,fixed commission,,,,8,322000,23184,322000,23184,,,,,,0,0,06/06/2026 13:42:17,08/06/2026 20:22:50,06/06/2026 13:42:18,08/06/2026 20:22:50,24/06/2026 04:36:28,11/06/2026 12:31:17,TTS,Open/Target Collaboration
584393375935596309,1733398801247536348,Sữa Tắm Nam 4 in 1  Thiên Nhiên Le Petit Marseillais Chiết Xuất Gỗ Tuyết Tùng & Dương Xỉ 250ml 1172,Mặc định,1733398851758556380,ST01172,165500,288933,VND,1,Thanh toán khi giao hàng,Đã hoàn thành,nguyenanhtiep05,Video,7624692240002190612,fixed commission,,,,8,165500,11916,165500,11916,,,,,,0,0,06/06/2026 14:03:01,08/06/2026 14:58:12,06/06/2026 14:03:02,08/06/2026 14:58:12,24/06/2026 05:29:50,11/06/2026 11:10:08,TTS,Open/Target Collaboration
584395064998659854,1732250760944257244,"Sữa Tắm/Gel Tắm Pháp Le Petit Marseillais Chiết Xuất Thiên Nhiên 650ml - Sữa Tắm Lưu Hương Lành Tính - Dịu Nhẹ, An Toàn Cho Da","Thông & Bạch Đàn Biển, Standard",1732250801268689116,ST01902,335750,557320,VND,1,Thanh toán khi giao hàng,Đã hoàn thành,ha_thubay,Video,7599664598626618642,fixed commission,,,,,335750,,335750,,3,9066,,,,0,0,06/06/2026 15:41:19,10/06/2026 10:44:51,06/06/2026 15:41:22,10/06/2026 10:44:51,26/06/2026 00:29:46,13/06/2026 11:05:50,TTS,Open/Target Collaboration
584395037072721212,1731317167366243548,[Quà tặng không bán] Bông Tắm Tạo Bọt Mềm Mịn,Mặc định,1731317148230255836,BONG TAM HQ,0,17550,VND,1,Thanh toán khi giao hàng,Đã hoàn thành,lepetitmarseillaisvn,Phát trực tiếp,7648127601848011528,fixed commission,,,,,0,,0,,,,,,,0,0,06/06/2026 15:44:41,07/06/2026 13:38:19,06/06/2026 15:44:42,07/06/2026 13:38:19,23/06/2026 00:33:26,10/06/2026 08:24:01,TTS,Open/Target Collaboration
584395037072721212,1732251815880067292,"Sữa Tắm Pháp Le Petit Marseillais Cho Nam Chiết Xuất Thiên Nhiên 4in1 Nhiều Mùi Hương Dưỡng Ẩm, Thơm Lâu - Phù Hợp Mọi Loại Da (250ml)","Hương Thông & Bạch Đàn Biển, Standard",1732251749141154012,ST01356,210000,289550,VND,1,Thanh toán khi giao hàng,Đã hoàn thành,lepthelittlekid,Video,7594749644052204818,fixed commission,,,,,210000,,210000,,5,9450,,,,0,0,06/06/2026 15:44:41,07/06/2026 13:38:19,06/06/2026 15:44:42,07/06/2026 13:38:19,23/06/2026 00:33:26,10/06/2026 08:24:01,TTS,Open/Target Collaboration
584395638695233211,1732251815880067292,"Sữa Tắm Pháp Le Petit Marseillais Cho Nam Chiết Xuất Thiên Nhiên 4in1 Nhiều Mùi Hương Dưỡng Ẩm, Thơm Lâu - Phù Hợp Mọi Loại Da (250ml)","Hương Gỗ Tuyết Tùng & Dương Xỉ, Standard",1732251749141219548,ST01172,172200,286850,VND,1,Thanh toán khi giao hàng,Đã hoàn thành,iflyad07,Chương trình Lưu lượng truy cập bên ngoài,,fixed commission,,,,4,172200,6199,172200,6199,,,,,,0,0,06/06/2026 16:23:14,09/06/2026 14:01:17,06/06/2026 16:23:16,09/06/2026 14:01:17,25/06/2026 04:27:09,12/06/2026 13:19:57,TTS,Open/Target Collaboration
584395927149184469,1732250760944257244,"Sữa Tắm/Gel Tắm Pháp Le Petit Marseillais Chiết Xuất Thiên Nhiên 650ml - Sữa Tắm Lưu Hương Lành Tính - Dịu Nhẹ, An Toàn Cho Da","Thông & Bạch Đàn Biển, Standard",1732250801268689116,ST01902,308100,532680,VND,1,Không áp dụng thanh toán khi giao hàng,Đã hoàn thành,ha_thubay,Video,7633274382705642773,fixed commission,,,,8,308100,22183,308100,22183,,,,,,0,0,06/06/2026 16:40:31,06/06/2026 16:40:37,06/06/2026 16:40:37,09/06/2026 12:35:29,25/06/2026 02:34:27,12/06/2026 08:38:41,TTS,Open/Target Collaboration
584397462724183689,1732251815880067292,"Sữa Tắm Pháp Le Petit Marseillais Cho Nam Chiết Xuất Thiên Nhiên 4in1 Nhiều Mùi Hương Dưỡng Ẩm, Thơm Lâu - Phù Hợp Mọi Loại Da (250ml)","Hương Cam & Tinh Dầu Argan, Standard",1732251749141022940,ST01431,210000,312000,VND,1,Thanh toán khi giao hàng,Đã hoàn thành,tanrhm19,Trưng bày,,fixed commission,,,,8,210000,15120,210000,15120,,,,,,0,0,06/06/2026 18:21:19,11/06/2026 11:33:21,06/06/2026 18:21:21,11/06/2026 11:33:21,27/06/2026 01:02:41,14/06/2026 10:38:36,TTS,Open/Target Collaboration
584398530905606087,1732250760944257244,"Sữa Tắm/Gel Tắm Pháp Le Petit Marseillais Chiết Xuất Thiên Nhiên 650ml - Sữa Tắm Lưu Hương Lành Tính - Dịu Nhẹ, An Toàn Cho Da","Thông & Bạch Đàn Biển, Standard",1732250801268689116,ST01902,330000,563320,VND,1,Không áp dụng thanh toán khi giao hàng,Đã hoàn thành,ha_thubay,Video,7599664598626618642,fixed commission,,,,,330000,,330000,,3,8910,,,,0,0,06/06/2026 19:22:13,06/06/2026 19:22:17,06/06/2026 19:22:18,09/06/2026 15:06:23,25/06/2026 05:08:16,12/06/2026 11:56:47,TTS,Open/Target Collaboration
584399488082609249,1732250760944257244,"Sữa Tắm/Gel Tắm Pháp Le Petit Marseillais Chiết Xuất Thiên Nhiên 650ml - Sữa Tắm Lưu Hương Lành Tính - Dịu Nhẹ, An Toàn Cho Da","Sữa Thực Vật, Standard",1732250801269344476,ST00991,332000,546200,VND,1,Thanh toán khi giao hàng,Đã hoàn thành,lepetitmarseillaisvn,Phát trực tiếp,7648267226911197959,fixed commission,,,,,332000,,332000,,,,,,,0,0,06/06/2026 20:09:06,10/06/2026 16:43:40,06/06/2026 20:09:07,10/06/2026 16:43:40,26/06/2026 02:23:46,,TTS,Open/Target Collaboration
584399488082609249,1735803452711142620,Dầu Xả Cấp Ẩm Le Petit Marseillais Nước Dừa Hữu Cơ 200ml,Mặc định,1735803348866008284,DX74752,0,6800,VND,1,Thanh toán khi giao hàng,Đã hoàn thành,lepetitmarseillaisvn,Phát trực tiếp,7648267226911197959,fixed commission,,,,,0,,0,,,,,,,0,0,06/06/2026 20:09:06,10/06/2026 16:43:40,06/06/2026 20:09:07,10/06/2026 16:43:40,26/06/2026 02:23:46,,TTS,Open/Target Collaboration
584399760842852020,1732250760944257244,"Sữa Tắm/Gel Tắm Pháp Le Petit Marseillais Chiết Xuất Thiên Nhiên 650ml - Sữa Tắm Lưu Hương Lành Tính - Dịu Nhẹ, An Toàn Cho Da","Thông & Bạch Đàn Biển, Standard",1732250801268689116,ST01902,347600,532680,VND,1,Thanh toán khi giao hàng,Đã hoàn thành,haiidaynek,Video,7550367424923585810,fixed commission,,,,,347600,,347600,,3,9385,,,,0,0,06/06/2026 20:24:06,09/06/2026 18:26:48,06/06/2026 20:24:08,09/06/2026 18:26:48,25/06/2026 03:58:41,12/06/2026 15:25:27,TTS,Open/Target Collaboration
584399760842852020,1735803452711142620,Dầu Xả Cấp Ẩm Le Petit Marseillais Nước Dừa Hữu Cơ 200ml,Mặc định,1735803348866008284,DX74752,0,3420,VND,1,Thanh toán khi giao hàng,Đã hoàn thành,iflytek02,Chương trình Lưu lượng truy cập bên ngoài,,fixed commission,,,,,0,,0,,,,,,,0,0,06/06/2026 20:24:06,09/06/2026 18:26:48,06/06/2026 20:24:08,09/06/2026 18:26:48,25/06/2026 03:58:41,12/06/2026 15:25:27,TTS,Open/Target Collaboration
584399697136026788,1732252961260865756,"Dầu Gội Thiên Nhiên Le Petit Marseillais Nhiều Mùi Hương 250ml Dưỡng Ẩm, Thơm Lâu - Phù Hợp Mọi Loại Da",Hương lựu 7450,1733206092187469020,DG37450,243000,384800,VND,1,Thanh toán khi giao hàng,Đã hoàn thành,lepetitmarseillaisvn,Phát trực tiếp,7648267226911197959,fixed commission,,,,,243000,,243000,,,,,,,0,0,06/06/2026 20:24:23,11/06/2026 20:00:43,06/06/2026 20:24:25,11/06/2026 20:00:43,27/06/2026 00:14:54,,TTS,Open/Target Collaboration
584400759117285338,1732251815880067292,"Sữa Tắm Pháp Le Petit Marseillais Cho Nam Chiết Xuất Thiên Nhiên 4in1 Nhiều Mùi Hương Dưỡng Ẩm, Thơm Lâu - Phù Hợp Mọi Loại Da (250ml)","Hương Gừng & Gỗ Bách, Standard",1732251749141285084,ST04371,184500,279900,VND,1,Thanh toán khi giao hàng,Đã hủy,lepetitmarseillaisvn,Phát trực tiếp,7648267226911197959,fixed commission,,,,,184500,,,,,,,,,0,0,06/06/2026 21:06:18,,06/06/2026 21:06:19,,,,TTS,Open/Target Collaboration
584400759117285338,1731317167366243548,[Quà tặng không bán] Bông Tắm Tạo Bọt Mềm Mịn,Mặc định,1731317148230255836,BONG TAM HQ,0,7900,VND,1,Thanh toán khi giao hàng,Đã hủy,lepetitmarseillaisvn,Phát trực tiếp,7648267226911197959,fixed commission,,,,,0,,,,,,,,,0,0,06/06/2026 21:06:18,,06/06/2026 21:06:19,,,,TTS,Open/Target Collaboration
584400817804444830,1732251815880067292,"Sữa Tắm Pháp Le Petit Marseillais Cho Nam Chiết Xuất Thiên Nhiên 4in1 Nhiều Mùi Hương Dưỡng Ẩm, Thơm Lâu - Phù Hợp Mọi Loại Da (250ml)","Hương Gỗ Tuyết Tùng & Dương Xỉ, Standard",1732251749141219548,ST01172,158700,273700,VND,1,Không áp dụng thanh toán khi giao hàng,Đã hoàn thành,lepetitmarseillaisvn,Phát trực tiếp,7648267226911197959,fixed commission,,,,,158700,,158700,,,,,,,0,0,06/06/2026 21:11:57,06/06/2026 21:12:02,06/06/2026 21:12:03,09/06/2026 11:17:56,25/06/2026 00:46:40,,TTS,Open/Target Collaboration
584400817804444830,1731317167366243548,[Quà tặng không bán] Bông Tắm Tạo Bọt Mềm Mịn,Mặc định,1731317148230255836,BONG TAM HQ,0,1700,VND,1,Không áp dụng thanh toán khi giao hàng,Đã hoàn thành,lepetitmarseillaisvn,Phát trực tiếp,7648267226911197959,fixed commission,,,,,0,,0,,,,,,,0,0,06/06/2026 21:11:57,06/06/2026 21:12:02,06/06/2026 21:12:03,09/06/2026 11:17:56,25/06/2026 00:46:40,,TTS,Open/Target Collaboration
584400817804444830,1732251815880067292,"Sữa Tắm Pháp Le Petit Marseillais Cho Nam Chiết Xuất Thiên Nhiên 4in1 Nhiều Mùi Hương Dưỡng Ẩm, Thơm Lâu - Phù Hợp Mọi Loại Da (250ml)","Hương Thông & Bạch Đàn Biển, Standard",1732251749141154012,ST01356,158700,273700,VND,1,Không áp dụng thanh toán khi giao hàng,Đã hoàn thành,lepetitmarseillaisvn,Phát trực tiếp,7648267226911197959,fixed commission,,,,,158700,,158700,,,,,,,0,0,06/06/2026 21:11:57,06/06/2026 21:12:02,06/06/2026 21:12:03,09/06/2026 11:17:56,25/06/2026 00:46:40,,TTS,Open/Target Collaboration
584400795839988986,1732251815880067292,"Sữa Tắm Pháp Le Petit Marseillais Cho Nam Chiết Xuất Thiên Nhiên 4in1 Nhiều Mùi Hương Dưỡng Ẩm, Thơm Lâu - Phù Hợp Mọi Loại Da (250ml)","Hương Thông & Bạch Đàn Biển, Standard",1732251749141154012,ST01356,168100,458566,VND,2,Thanh toán khi giao hàng,Đã hoàn thành,lepetitmarseillaisvn,Phát trực tiếp,7648267226911197959,fixed commission,,,,,336200,,336200,,,,,,,0,0,06/06/2026 21:13:32,10/06/2026 18:30:21,06/06/2026 21:13:33,10/06/2026 18:30:21,26/06/2026 02:55:06,,TTS,Open/Target Collaboration
584400934497519578,1732251815880067292,"Sữa Tắm Pháp Le Petit Marseillais Cho Nam Chiết Xuất Thiên Nhiên 4in1 Nhiều Mùi Hương Dưỡng Ẩm, Thơm Lâu - Phù Hợp Mọi Loại Da (250ml)","Hương Gừng & Gỗ Bách, Standard",1732251749141285084,ST04371,165000,279900,VND,1,Thanh toán khi giao hàng,Đã hoàn thành,lepetitmarseillaisvn,Phát trực tiếp,7648267226911197959,fixed commission,,,,,165000,,165000,,,,,,,0,0,06/06/2026 21:15:34,09/06/2026 14:17:12,06/06/2026 21:15:35,09/06/2026 14:17:12,25/06/2026 03:21:12,,TTS,Open/Target Collaboration
584400934497519578,1731317167366243548,[Quà tặng không bán] Bông Tắm Tạo Bọt Mềm Mịn,Mặc định,1731317148230255836,BONG TAM HQ,0,7900,VND,1,Thanh toán khi giao hàng,Đã hoàn thành,lepetitmarseillaisvn,Phát trực tiếp,7648267226911197959,fixed commission,,,,,0,,0,,,,,,,0,0,06/06/2026 21:15:34,09/06/2026 14:17:12,06/06/2026 21:15:35,09/06/2026 14:17:12,25/06/2026 03:21:12,,TTS,Open/Target Collaboration
584400993005765790,1732250760944257244,"Sữa Tắm/Gel Tắm Pháp Le Petit Marseillais Chiết Xuất Thiên Nhiên 650ml - Sữa Tắm Lưu Hương Lành Tính - Dịu Nhẹ, An Toàn Cho Da","Lá Oliu & Hoa Bồ Đề, Standard",1732250801268754652,ST01295,311600,523080,VND,1,Không áp dụng thanh toán khi giao hàng,Đã hoàn thành,lepetitmarseillaisvn,Phát trực tiếp,7648267226911197959,fixed commission,,,,,311600,,311600,,,,,,,0,0,06/06/2026 21:20:52,06/06/2026 21:22:14,06/06/2026 21:22:16,09/06/2026 11:17:56,25/06/2026 02:56:18,,TTS,Open/Target Collaboration
584400993005765790,1735803452711142620,Dầu Xả Cấp Ẩm Le Petit Marseillais Nước Dừa Hữu Cơ 200ml,Mặc định,1735803348866008284,DX74752,0,1020,VND,1,Không áp dụng thanh toán khi giao hàng,Đã hoàn thành,lepetitmarseillaisvn,Phát trực tiếp,7648267226911197959,fixed commission,,,,,0,,0,,,,,,,0,0,06/06/2026 21:20:52,06/06/2026 21:22:14,06/06/2026 21:22:16,09/06/2026 11:17:56,25/06/2026 02:56:18,,TTS,Open/Target Collaboration
584401168418899570,1735803452711142620,Dầu Xả Cấp Ẩm Le Petit Marseillais Nước Dừa Hữu Cơ 200ml,Mặc định,1735803348866008284,DX74752,0,2667,VND,1,Thanh toán khi giao hàng,Đã hoàn thành,lepetitmarseillaisvn,Phát trực tiếp,7648267226911197959,fixed commission,,,,,0,,0,,,,,,,0,0,06/06/2026 21:31:14,09/06/2026 20:24:50,06/06/2026 21:31:17,09/06/2026 20:24:50,25/06/2026 00:06:54,,TTS,Open/Target Collaboration
584401168418899570,1732250760944257244,"Sữa Tắm/Gel Tắm Pháp Le Petit Marseillais Chiết Xuất Thiên Nhiên 650ml - Sữa Tắm Lưu Hương Lành Tính - Dịu Nhẹ, An Toàn Cho Da","Lá Oliu & Hoa Bồ Đề, Standard",1732250801268754652,ST01295,319950,529667,VND,1,Thanh toán khi giao hàng,Đã hoàn thành,lepetitmarseillaisvn,Phát trực tiếp,7648267226911197959,fixed commission,,,,,319950,,319950,,,,,,,0,0,06/06/2026 21:31:14,09/06/2026 20:24:50,06/06/2026 21:31:17,09/06/2026 20:24:50,25/06/2026 00:06:54,,TTS,Open/Target Collaboration
584401168418899570,1733205919089657052,Dầu Gội Trẻ Em 2in1 94% Thiên Nhiên Le Petit Marseillais Giúp Gỡ Rối Tóc Nhiều Mùi Hương 300ml,Mâm xôi & Bông 0442,1733205957881726172,DG90442,267300,432266,VND,1,Thanh toán khi giao hàng,Đã hoàn thành,lepetitmarseillaisvn,Phát trực tiếp,7648267226911197959,fixed commission,,,,,267300,,267300,,,,,,,0,0,06/06/2026 21:31:14,09/06/2026 20:24:50,06/06/2026 21:31:17,09/06/2026 20:24:50,25/06/2026 00:06:54,,TTS,Open/Target Collaboration
584401229051167922,1732250760944257244,"Sữa Tắm/Gel Tắm Pháp Le Petit Marseillais Chiết Xuất Thiên Nhiên 650ml - Sữa Tắm Lưu Hương Lành Tính - Dịu Nhẹ, An Toàn Cho Da","Thông & Bạch Đàn Biển, Standard",1732250801268689116,ST01902,348000,527878,VND,1,Thanh toán khi giao hàng,Đã hoàn thành,ha_thubay,Video,7599664598626618642,fixed commission,,,,,348000,,348000,,3,9396,,,,0,0,06/06/2026 21:34:58,09/06/2026 19:52:02,06/06/2026 21:34:59,09/06/2026 19:52:02,25/06/2026 01:13:33,12/06/2026 15:23:20,TTS,Open/Target Collaboration
584401445921391844,1735774261158642908,Sữa Tắm Le Petit Marseillais Sữa Vani Hữu Cơ 92% Tự Nhiên 650ml,Mặc định,1735774389484160220,ST00557,335000,534675,VND,1,Thanh toán khi giao hàng,Đã hủy,bichchaust0ve,Chương trình Lưu lượng truy cập bên ngoài,,fixed commission,0,0,0,4,335000,12060,,,,,,,,0,0,06/06/2026 21:46:56,,06/06/2026 21:46:59,,,,TTS,Open/Target Collaboration
584401426841372090,1732252957247965404,"Dầu Gội Le Petit Marseillais Nhiều Mùi Hương 300ml Dưỡng Ẩm, Thơm Lâu - Phù Hợp Mọi Loại Da",Táo & Oliu,1732252922366494940,DG31372,361200,550867,VND,1,Không áp dụng thanh toán khi giao hàng,Đã hoàn thành,haiidaynek,Video,7548126556418264327,fixed commission,,,,,361200,,361200,,3,9752,,,,0,0,06/06/2026 21:47:50,06/06/2026 21:47:56,06/06/2026 21:47:58,10/06/2026 09:26:30,26/06/2026 01:27:47,13/06/2026 11:16:44,TTS,Open/Target Collaboration
584401426841372090,1732252957247965404,"Dầu Gội Le Petit Marseillais Nhiều Mùi Hương 300ml Dưỡng Ẩm, Thơm Lâu - Phù Hợp Mọi Loại Da",Mật Ong & Hạt Mỡ,1732252922366560476,DG74554,361200,550866,VND,1,Không áp dụng thanh toán khi giao hàng,Đã hoàn thành,haiidaynek,Video,7548126556418264327,fixed commission,,,,,361200,,361200,,3,9752,,,,0,0,06/06/2026 21:47:50,06/06/2026 21:47:56,06/06/2026 21:47:58,10/06/2026 09:26:30,26/06/2026 01:27:47,13/06/2026 11:16:44,TTS,Open/Target Collaboration
584401426841372090,1732252957247965404,"Dầu Gội Le Petit Marseillais Nhiều Mùi Hương 300ml Dưỡng Ẩm, Thơm Lâu - Phù Hợp Mọi Loại Da",Hạt Lanh & Hoa Hạnh Nhân,1732252922366691548,DG01841,361200,550867,VND,1,Không áp dụng thanh toán khi giao hàng,Đã hoàn thành,haiidaynek,Video,7548126556418264327,fixed commission,,,,,361200,,361200,,3,9752,,,,0,0,06/06/2026 21:47:50,06/06/2026 21:47:56,06/06/2026 21:47:58,10/06/2026 09:26:30,26/06/2026 01:27:47,13/06/2026 11:16:44,TTS,Open/Target Collaboration
584401428471186660,1735803452711142620,Dầu Xả Cấp Ẩm Le Petit Marseillais Nước Dừa Hữu Cơ 200ml,Mặc định,1735803348866008284,DX74752,0,4420,VND,1,Thanh toán khi giao hàng,Đã hoàn thành,lepetitmarseillaisvn,Phát trực tiếp,7648267226911197959,fixed commission,,,,,0,,0,,,,,,,0,0,06/06/2026 21:48:44,09/06/2026 12:32:16,06/06/2026 21:48:46,09/06/2026 12:32:16,25/06/2026 02:36:08,,TTS,Open/Target Collaboration
584401428471186660,1732250760944257244,"Sữa Tắm/Gel Tắm Pháp Le Petit Marseillais Chiết Xuất Thiên Nhiên 650ml - Sữa Tắm Lưu Hương Lành Tính - Dịu Nhẹ, An Toàn Cho Da","Hoa Tiare, Standard",1732250801268885724,ST68816,323900,536680,VND,1,Thanh toán khi giao hàng,Đã hoàn thành,lepetitmarseillaisvn,Phát trực tiếp,7648267226911197959,fixed commission,,,,,323900,,323900,,,,,,,0,0,06/06/2026 21:48:44,09/06/2026 12:32:16,06/06/2026 21:48:46,09/06/2026 12:32:16,25/06/2026 02:36:08,,TTS,Open/Target Collaboration
584401577903621281,1732250928810920156,"Sữa Tắm/Gel Tắm Pháp Le Petit Marseillais Thiên Nhiên 250ml - Sữa Tắm Lưu Hương Lành Tính - Dịu Nhẹ, An Toàn Cho Da","Bạc Hà, Standard",1732250914984855772,ST92871,210000,286000,VND,1,Thanh toán khi giao hàng,Đã hoàn thành,meo.review56,Video,7642357913146707208,fixed commission,,,,8,210000,15120,210000,15120,,,,,,0,0,06/06/2026 21:54:12,09/06/2026 14:58:19,06/06/2026 21:54:14,09/06/2026 14:58:19,25/06/2026 01:57:54,12/06/2026 15:31:53,TTS,Open/Target Collaboration
584401716555646629,1732250760944257244,"Sữa Tắm/Gel Tắm Pháp Le Petit Marseillais Chiết Xuất Thiên Nhiên 650ml - Sữa Tắm Lưu Hương Lành Tính - Dịu Nhẹ, An Toàn Cho Da","Thông & Bạch Đàn Biển, Standard",1732250801268689116,ST01902,335000,532680,VND,1,Thanh toán khi giao hàng,Đã hoàn thành,lepetitmarseillaisvn,Phát trực tiếp,7648267226911197959,fixed commission,,,,,335000,,335000,,,,,,,0,0,06/06/2026 21:59:39,09/06/2026 17:58:46,06/06/2026 21:59:40,09/06/2026 17:58:46,25/06/2026 01:35:06,,TTS,Open/Target Collaboration
584401716555646629,1735803452711142620,Dầu Xả Cấp Ẩm Le Petit Marseillais Nước Dừa Hữu Cơ 200ml,Mặc định,1735803348866008284,DX74752,0,3420,VND,1,Thanh toán khi giao hàng,Đã hoàn thành,lepetitmarseillaisvn,Phát trực tiếp,7648267226911197959,fixed commission,,,,,0,,0,,,,,,,0,0,06/06/2026 21:59:39,09/06/2026 17:58:46,06/06/2026 21:59:40,09/06/2026 17:58:46,25/06/2026 01:35:06,,TTS,Open/Target Collaboration
584401697150764614,1732250760944257244,"Sữa Tắm/Gel Tắm Pháp Le Petit Marseillais Chiết Xuất Thiên Nhiên 650ml - Sữa Tắm Lưu Hương Lành Tính - Dịu Nhẹ, An Toàn Cho Da","Đào Trắng & Quả Xuân Đào, Standard",1732250801269016796,ST01288,335000,550520,VND,1,Thanh toán khi giao hàng,Đã hủy,lepetitmarseillaisvn,Phát trực tiếp,7648267226911197959,fixed commission,,,,,335000,,,,,,,,,0,0,06/06/2026 22:01:00,,06/06/2026 22:01:01,,,,TTS,Open/Target Collaboration
584401740401509928,1732251815880067292,"Sữa Tắm Pháp Le Petit Marseillais Cho Nam Chiết Xuất Thiên Nhiên 4in1 Nhiều Mùi Hương Dưỡng Ẩm, Thơm Lâu - Phù Hợp Mọi Loại Da (250ml)","Hương Gỗ Tuyết Tùng & Dương Xỉ, Standard",1732251749141219548,ST01172,184500,289550,VND,1,Thanh toán khi giao hàng,Đã hoàn thành,lepetitmarseillaisvn,Phát trực tiếp,7648267226911197959,fixed commission,,,,,184500,,184500,,,,,,,0,0,06/06/2026 22:01:23,10/06/2026 20:11:39,06/06/2026 22:01:25,10/06/2026 20:11:39,26/06/2026 02:50:09,,TTS,Open/Target Collaboration
584401740401509928,1731317167366243548,[Quà tặng không bán] Bông Tắm Tạo Bọt Mềm Mịn,Mặc định,1731317148230255836,BONG TAM HQ,0,17550,VND,1,Thanh toán khi giao hàng,Đã hoàn thành,lepetitmarseillaisvn,Phát trực tiếp,7648267226911197959,fixed commission,,,,,0,,0,,,,,,,0,0,06/06/2026 22:01:23,10/06/2026 20:11:39,06/06/2026 22:01:25,10/06/2026 20:11:39,26/06/2026 02:50:09,,TTS,Open/Target Collaboration
584401801393636480,1732250760944257244,"Sữa Tắm/Gel Tắm Pháp Le Petit Marseillais Chiết Xuất Thiên Nhiên 650ml - Sữa Tắm Lưu Hương Lành Tính - Dịu Nhẹ, An Toàn Cho Da","Thông & Bạch Đàn Biển, Standard",1732250801268689116,ST01902,316000,533540,VND,1,Thanh toán khi giao hàng,Đã hủy,lepetitmarseillaisvn,Phát trực tiếp,7648267226911197959,fixed commission,,,,,316000,,,,,,,,,0,0,06/06/2026 22:05:24,,06/06/2026 22:05:26,,,,TTS,Open/Target Collaboration
584401801393636480,1732251815880067292,"Sữa Tắm Pháp Le Petit Marseillais Cho Nam Chiết Xuất Thiên Nhiên 4in1 Nhiều Mùi Hương Dưỡng Ẩm, Thơm Lâu - Phù Hợp Mọi Loại Da (250ml)","Hương Gừng & Gỗ Bách, Standard",1732251749141285084,ST04371,164000,279270,VND,1,Thanh toán khi giao hàng,Đã hủy,lepetitmarseillaisvn,Phát trực tiếp,7648267226911197959,fixed commission,,,,,164000,,,,,,,,,0,0,06/06/2026 22:05:24,,06/06/2026 22:05:26,,,,TTS,Open/Target Collaboration
584401801393636480,1732251906497939676,Sữa tắm Thiên Nhiên Pháp Le Petit Marseillais Nhiều Mùi Hương Dịu Nhẹ Cho Da Nhạy Cảm 400ml - Phù Hợp Mọi Loại Da,"Lô Hội, Standard",1732251905363708124,ST55031,264000,454085,VND,1,Thanh toán khi giao hàng,Đã hủy,lepetitmarseillaisvn,Phát trực tiếp,7648267226911197959,fixed commission,,,,,264000,,,,,,,,,0,0,06/06/2026 22:05:24,,06/06/2026 22:05:26,,,,TTS,Open/Target Collaboration
584401801393505408,1732251932571175132,"Sữa Dưỡng Thể 24h Le Petit Marseillais Nhiều Mùi Hương 400ml Dưỡng Ẩm, Thơm Lâu - Phù Hợp Mọi Loại Da","Bơ Hạt Mỡ, Hạnh Nhân, Dầu Argan, Standard",1732251916621613276,DT83916,392000,674600,VND,1,Thanh toán khi giao hàng,Đã hủy,lepetitmarseillaisvn,Phát trực tiếp,7648267226911197959,fixed commission,,,,,392000,,,,,,,,,0,0,06/06/2026 22:05:24,,06/06/2026 22:05:26,,,,TTS,Open/Target Collaboration
584401808678356550,1732250760944257244,"Sữa Tắm/Gel Tắm Pháp Le Petit Marseillais Chiết Xuất Thiên Nhiên 650ml - Sữa Tắm Lưu Hương Lành Tính - Dịu Nhẹ, An Toàn Cho Da","Dừa, Standard",1732250801269147868,ST06999,335000,550520,VND,1,Thanh toán khi giao hàng,Đã hủy,lepetitmarseillaisvn,Phát trực tiếp,7648267226911197959,fixed commission,,,,,335000,,,,,,,,,0,0,06/06/2026 22:07:50,,06/06/2026 22:07:52,,,,TTS,Open/Target Collaboration
584401808678356550,1735803452711142620,Dầu Xả Cấp Ẩm Le Petit Marseillais Nước Dừa Hữu Cơ 200ml,Mặc định,1735803348866008284,DX74752,0,7880,VND,1,Thanh toán khi giao hàng,Đã hủy,lepetitmarseillaisvn,Phát trực tiếp,7648267226911197959,fixed commission,,,,,0,,,,,,,,,0,0,06/06/2026 22:07:50,,06/06/2026 22:07:52,,,,TTS,Open/Target Collaboration
584401881352668466,1732250760944257244,"Sữa Tắm/Gel Tắm Pháp Le Petit Marseillais Chiết Xuất Thiên Nhiên 650ml - Sữa Tắm Lưu Hương Lành Tính - Dịu Nhẹ, An Toàn Cho Da","Thông & Bạch Đàn Biển, Standard",1732250801268689116,ST01902,363400,546200,VND,1,Thanh toán khi giao hàng,Đã hoàn thành,tiemnhasu94,Video,7562869619376082194,fixed commission,,,,8,363400,26165,363400,26165,,,,,,0,0,06/06/2026 22:08:49,09/06/2026 15:01:32,06/06/2026 22:08:50,09/06/2026 15:01:32,25/06/2026 04:18:46,12/06/2026 11:20:27,TTS,Open/Target Collaboration
584401881352668466,1735803452711142620,Dầu Xả Cấp Ẩm Le Petit Marseillais Nước Dừa Hữu Cơ 200ml,Mặc định,1735803348866008284,DX74752,0,6800,VND,1,Thanh toán khi giao hàng,Đã hoàn thành,adpia.official,Chương trình Lưu lượng truy cập bên ngoài,,fixed commission,,,,,0,,0,,,,,,,0,0,06/06/2026 22:08:49,09/06/2026 15:01:32,06/06/2026 22:08:50,09/06/2026 15:01:32,25/06/2026 04:18:46,12/06/2026 11:20:27,TTS,Open/Target Collaboration
584401854861248070,1735803452711142620,Dầu Xả Cấp Ẩm Le Petit Marseillais Nước Dừa Hữu Cơ 200ml,Mặc định,1735803348866008284,DX74752,0,7880,VND,1,Thanh toán khi giao hàng,Đã hủy,lepetitmarseillaisvn,Phát trực tiếp,7648267226911197959,fixed commission,,,,,0,,,,,,,,,0,0,06/06/2026 22:09:19,,06/06/2026 22:09:21,,,,TTS,Open/Target Collaboration
584401854861248070,1732250760944257244,"Sữa Tắm/Gel Tắm Pháp Le Petit Marseillais Chiết Xuất Thiên Nhiên 650ml - Sữa Tắm Lưu Hương Lành Tính - Dịu Nhẹ, An Toàn Cho Da","Thông & Bạch Đàn Biển, Standard",1732250801268689116,ST01902,335000,550520,VND,1,Thanh toán khi giao hàng,Đã hủy,lepetitmarseillaisvn,Phát trực tiếp,7648267226911197959,fixed commission,,,,,335000,,,,,,,,,0,0,06/06/2026 22:09:19,,06/06/2026 22:09:21,,,,TTS,Open/Target Collaboration
584402306041087203,1732252961260865756,"Dầu Gội Thiên Nhiên Le Petit Marseillais Nhiều Mùi Hương 250ml Dưỡng Ẩm, Thơm Lâu - Phù Hợp Mọi Loại Da",Trị Gàu 2 In 1 Tinh Dầu Bạc Hà,1732252943759018204,DG74042,255000,380300,VND,1,Thanh toán khi giao hàng,Đã hoàn thành,writingsfromshi,Chương trình Lưu lượng truy cập bên ngoài,,fixed commission,,,,4,255000,9180,255000,9180,,,,,,0,0,06/06/2026 22:26:12,10/06/2026 12:04:21,06/06/2026 22:26:13,10/06/2026 12:04:21,26/06/2026 04:46:25,13/06/2026 11:57:28,TTS,Open/Target Collaboration
584402215905494531,1731317167366243548,[Quà tặng không bán] Bông Tắm Tạo Bọt Mềm Mịn,Mặc định,1731317148230255836,BONG TAM HQ,0,8578,VND,1,Thanh toán khi giao hàng,Đã hoàn thành,lepetitmarseillaisvn,Phát trực tiếp,7648267226911197959,fixed commission,,,,,0,,0,,,,,,,0,0,06/06/2026 22:26:41,10/06/2026 19:35:54,06/06/2026 22:26:44,10/06/2026 19:35:54,26/06/2026 02:36:45,,TTS,Open/Target Collaboration
584402215905494531,1732250760944257244,"Sữa Tắm/Gel Tắm Pháp Le Petit Marseillais Chiết Xuất Thiên Nhiên 650ml - Sữa Tắm Lưu Hương Lành Tính - Dịu Nhẹ, An Toàn Cho Da","Thông & Bạch Đàn Biển, Standard",1732250801268689116,ST01902,339042,536155,VND,1,Thanh toán khi giao hàng,Đã hoàn thành,lepetitmarseillaisvn,Phát trực tiếp,7648267226911197959,fixed commission,,,,,339042,,339042,,,,,,,0,0,06/06/2026 22:26:41,10/06/2026 19:35:54,06/06/2026 22:26:44,10/06/2026 19:35:54,26/06/2026 02:36:45,,TTS,Open/Target Collaboration
584402215905494531,1732251815880067292,"Sữa Tắm Pháp Le Petit Marseillais Cho Nam Chiết Xuất Thiên Nhiên 4in1 Nhiều Mùi Hương Dưỡng Ẩm, Thơm Lâu - Phù Hợp Mọi Loại Da (250ml)","Hương Gỗ Tuyết Tùng & Dương Xỉ, Standard",1732251749141219548,ST01172,175958,280578,VND,1,Thanh toán khi giao hàng,Đã hoàn thành,lepetitmarseillaisvn,Phát trực tiếp,7648267226911197959,fixed commission,,,,,175958,,175958,,,,,,,0,0,06/06/2026 22:26:41,10/06/2026 19:35:54,06/06/2026 22:26:44,10/06/2026 19:35:54,26/06/2026 02:36:45,,TTS,Open/Target Collaboration
584402215905494531,1735803452711142620,Dầu Xả Cấp Ẩm Le Petit Marseillais Nước Dừa Hữu Cơ 200ml,Mặc định,1735803348866008284,DX74752,0,4289,VND,1,Thanh toán khi giao hàng,Đã hoàn thành,lepetitmarseillaisvn,Phát trực tiếp,7648267226911197959,fixed commission,,,,,0,,0,,,,,,,0,0,06/06/2026 22:26:41,10/06/2026 19:35:54,06/06/2026 22:26:44,10/06/2026 19:35:54,26/06/2026 02:36:45,,TTS,Open/Target Collaboration
584402241855129235,1735803452711142620,Dầu Xả Cấp Ẩm Le Petit Marseillais Nước Dừa Hữu Cơ 200ml,Mặc định,1735803348866008284,DX74752,0,9720,VND,1,Thanh toán khi giao hàng,Đã hoàn thành,ecomobipassiovietnam,Chương trình Lưu lượng truy cập bên ngoài,,fixed commission,,,,,0,,0,,,,,,,0,0,06/06/2026 22:31:03,10/06/2026 10:59:25,06/06/2026 22:31:05,10/06/2026 10:59:25,26/06/2026 00:46:02,13/06/2026 12:55:26,TTS,Open/Target Collaboration
584402241855129235,1732250760944257244,"Sữa Tắm/Gel Tắm Pháp Le Petit Marseillais Chiết Xuất Thiên Nhiên 650ml - Sữa Tắm Lưu Hương Lành Tính - Dịu Nhẹ, An Toàn Cho Da","Hương Xoài & Chanh Dây, Standard",1732250801268951260,ST68823,323900,557880,VND,1,Thanh toán khi giao hàng,Đã hoàn thành,haiidaynek,Video,7550367424923585810,fixed commission,,,,,323900,,323900,,3,8745,,,,0,0,06/06/2026 22:31:03,10/06/2026 10:59:25,06/06/2026 22:31:05,10/06/2026 10:59:25,26/06/2026 00:46:02,13/06/2026 12:55:26,TTS,Open/Target Collaboration
584402960270656946,1732250760944257244,"Sữa Tắm/Gel Tắm Pháp Le Petit Marseillais Chiết Xuất Thiên Nhiên 650ml - Sữa Tắm Lưu Hương Lành Tính - Dịu Nhẹ, An Toàn Cho Da","Vani, Standard",1732250801269082332,ST00557,343650,563320,VND,1,Thanh toán khi giao hàng,Đã hoàn thành,ha_thubay,Video,7599664598626618642,fixed commission,,,,,343650,,343650,,3,9279,,,,0,0,06/06/2026 23:11:22,11/06/2026 18:50:39,06/06/2026 23:11:23,11/06/2026 18:50:39,27/06/2026 04:56:02,14/06/2026 11:56:57,TTS,Open/Target Collaboration
584402960270656946,1735803452711142620,Dầu Xả Cấp Ẩm Le Petit Marseillais Nước Dừa Hữu Cơ 200ml,Mặc định,1735803348866008284,DX74752,0,11080,VND,1,Thanh toán khi giao hàng,Đã hoàn thành,cobeantruc.review,Chương trình Lưu lượng truy cập bên ngoài,,fixed commission,,,,,0,,0,,,,,,,0,0,06/06/2026 23:11:22,11/06/2026 18:50:39,06/06/2026 23:11:23,11/06/2026 18:50:39,27/06/2026 04:56:02,14/06/2026 11:56:57,TTS,Open/Target Collaboration
584403025662215650,1731317167366243548,[Quà tặng không bán] Bông Tắm Tạo Bọt Mềm Mịn,Mặc định,1731317148230255836,BONG TAM HQ,0,17550,VND,1,Thanh toán khi giao hàng,Đã hoàn thành,lepetitmarseillaisvn,Phát trực tiếp,7647510496375884562,fixed commission,,,,,0,,0,,,,,,,0,0,06/06/2026 23:16:29,11/06/2026 20:30:24,06/06/2026 23:16:32,11/06/2026 20:30:24,27/06/2026 03:50:13,,TTS,Open/Target Collaboration
584403025662215650,1732251815880067292,"Sữa Tắm Pháp Le Petit Marseillais Cho Nam Chiết Xuất Thiên Nhiên 4in1 Nhiều Mùi Hương Dưỡng Ẩm, Thơm Lâu - Phù Hợp Mọi Loại Da (250ml)","Hương Gỗ Tuyết Tùng & Dương Xỉ, Standard",1732251749141219548,ST01172,170150,289550,VND,1,Thanh toán khi giao hàng,Đã hoàn thành,lepetitmarseillaisvn,Phát trực tiếp,7647510496375884562,fixed commission,,,,,170150,,170150,,,,,,,0,0,06/06/2026 23:16:29,11/06/2026 20:30:24,06/06/2026 23:16:32,11/06/2026 20:30:24,27/06/2026 03:50:13,,TTS,Open/Target Collaboration
584403154962908310,1732250760944257244,"Sữa Tắm/Gel Tắm Pháp Le Petit Marseillais Chiết Xuất Thiên Nhiên 650ml - Sữa Tắm Lưu Hương Lành Tính - Dịu Nhẹ, An Toàn Cho Da","Thông & Bạch Đàn Biển, Standard",1732250801268689116,ST01902,335000,532680,VND,1,Không áp dụng thanh toán khi giao hàng,Đã hoàn thành,ha_thubay,Video,7599664598626618642,fixed commission,,,,,335000,,335000,,3,9045,,,,0,0,06/06/2026 23:24:00,06/06/2026 23:24:05,06/06/2026 23:24:05,09/06/2026 15:36:50,25/06/2026 03:23:09,12/06/2026 13:07:08,TTS,Open/Target Collaboration
584403877870077879,1731317167366243548,[Quà tặng không bán] Bông Tắm Tạo Bọt Mềm Mịn,Mặc định,1731317148230255836,BONG TAM HQ,0,7900,VND,1,Không áp dụng thanh toán khi giao hàng,Đã hoàn thành,lepetitmarseillaisvn,Video,7581385844905364754,fixed commission,,,,,0,,0,,,,,,,0,0,07/06/2026 00:25:10,07/06/2026 00:25:16,07/06/2026 00:25:16,09/06/2026 10:59:02,25/06/2026 04:59:37,12/06/2026 13:07:07,TTS,Open/Target Collaboration
584403877870077879,1732251815880067292,"Sữa Tắm Pháp Le Petit Marseillais Cho Nam Chiết Xuất Thiên Nhiên 4in1 Nhiều Mùi Hương Dưỡng Ẩm, Thơm Lâu - Phù Hợp Mọi Loại Da (250ml)","Hương Gỗ Tuyết Tùng & Dương Xỉ, Standard",1732251749141219548,ST01172,205000,279900,VND,1,Không áp dụng thanh toán khi giao hàng,Đã hoàn thành,duongmanhkien19,Video,7589190858113649928,fixed commission,,,,,205000,,205000,,3,5535,,,,0,0,07/06/2026 00:25:10,07/06/2026 00:25:16,07/06/2026 00:25:16,09/06/2026 10:59:02,25/06/2026 04:59:37,12/06/2026 13:07:07,TTS,Open/Target Collaboration
584406659168699790,1734496604995683548,Xà Phòng Le Petit Marseillais Chính Hãng Bánh Xà Phòng Tắm Thiên Nhiên (Ngẫu nhiên)  1 Bánh,Mặc định,1734496577198523612,1 BÁNH-XP,75000,110200,VND,1,Thanh toán khi giao hàng,Đã hoàn thành,mythi_fr,Video,7634970118833081620,fixed commission,,,,,75000,,75000,,3,2025,,,,0,0,07/06/2026 08:00:09,11/06/2026 15:17:26,07/06/2026 08:00:11,11/06/2026 15:17:26,27/06/2026 05:20:24,14/06/2026 11:46:14,TTS,Open/Target Collaboration
584408555218830362,1732251815880067292,"Sữa Tắm Pháp Le Petit Marseillais Cho Nam Chiết Xuất Thiên Nhiên 4in1 Nhiều Mùi Hương Dưỡng Ẩm, Thơm Lâu - Phù Hợp Mọi Loại Da (250ml)","Hương Cam & Tinh Dầu Argan, Standard",1732251749141022940,ST01431,180400,302200,VND,1,Không áp dụng thanh toán khi giao hàng,Đã hoàn thành,tanrhm19,Trưng bày,,fixed commission,,,,8,180400,12989,180400,12989,,,,,,0,0,07/06/2026 10:25:46,07/06/2026 10:25:50,07/06/2026 10:25:50,10/06/2026 15:00:07,26/06/2026 05:53:33,13/06/2026 11:10:16,TTS,Open/Target Collaboration
584409326494909906,1732252961260865756,"Dầu Gội Thiên Nhiên Le Petit Marseillais Nhiều Mùi Hương 250ml Dưỡng Ẩm, Thơm Lâu - Phù Hợp Mọi Loại Da",Trị Gàu 2 In 1 Tinh Dầu Bạc Hà,1732252943759018204,DG74042,216000,570400,VND,2,Thanh toán khi giao hàng,Đã hoàn thành,ngocdailyvlog,Video,7580449561433361671,fixed commission,,,,8,432000,31104,432000,31104,,,,,,0,0,07/06/2026 11:14:41,09/06/2026 12:18:35,07/06/2026 11:14:43,09/06/2026 12:18:35,25/06/2026 01:28:46,12/06/2026 11:06:06,TTS,Open/Target Collaboration
584409326494909906,1732252961260865756,"Dầu Gội Thiên Nhiên Le Petit Marseillais Nhiều Mùi Hương 250ml Dưỡng Ẩm, Thơm Lâu - Phù Hợp Mọi Loại Da",Cấp Ẩm Chuyên Sâu Từ Nước Dừa,1732252943758952668,DG37429,216000,570400,VND,2,Thanh toán khi giao hàng,Đã hoàn thành,ngocdailyvlog,Video,7580449561433361671,fixed commission,,,,8,432000,31104,432000,31104,,,,,,0,0,07/06/2026 11:14:41,09/06/2026 12:18:35,07/06/2026 11:14:43,09/06/2026 12:18:35,25/06/2026 01:28:46,12/06/2026 11:06:06,TTS,Open/Target Collaboration
584409531696776201,1732251815880067292,"Sữa Tắm Pháp Le Petit Marseillais Cho Nam Chiết Xuất Thiên Nhiên 4in1 Nhiều Mùi Hương Dưỡng Ẩm, Thơm Lâu - Phù Hợp Mọi Loại Da (250ml)","Hương Cam & Tinh Dầu Argan, Standard",1732251749141022940,ST01431,205000,289550,VND,1,Thanh toán khi giao hàng,Đã hoàn thành,thichthomthor,Video,7620829236693175559,fixed commission,,,,8,205000,14760,205000,14760,,,,,,0,0,07/06/2026 11:28:18,09/06/2026 19:11:42,07/06/2026 11:28:19,09/06/2026 19:11:42,25/06/2026 02:01:15,12/06/2026 15:21:47,TTS,Open/Target Collaboration
584410306254964175,1732252961260865756,"Dầu Gội Thiên Nhiên Le Petit Marseillais Nhiều Mùi Hương 250ml Dưỡng Ẩm, Thơm Lâu - Phù Hợp Mọi Loại Da",Trị Gàu 2 In 1 Tinh Dầu Bạc Hà,1732252943759018204,DG74042,270000,358400,VND,1,Không áp dụng thanh toán khi giao hàng,Đã hoàn thành,mythi_fr,Video,7640225344544427285,fixed commission,,,,8,270000,19440,270000,19440,,,,,,0,0,07/06/2026 12:19:50,07/06/2026 12:20:05,07/06/2026 12:20:05,09/06/2026 16:31:47,25/06/2026 01:24:55,12/06/2026 15:14:19,TTS,Open/Target Collaboration
584411516967355950,1732251815880067292,"Sữa Tắm Pháp Le Petit Marseillais Cho Nam Chiết Xuất Thiên Nhiên 4in1 Nhiều Mùi Hương Dưỡng Ẩm, Thơm Lâu - Phù Hợp Mọi Loại Da (250ml)","Hương Gỗ Tuyết Tùng & Dương Xỉ, Standard",1732251749141219548,ST01172,205000,282450,VND,1,Thanh toán khi giao hàng,Đã hoàn thành,duongmanhkien19,Video,7578474458705382676,fixed commission,,,,,205000,,205000,,3,5535,,,,0,0,07/06/2026 13:38:21,09/06/2026 16:40:51,07/06/2026 13:38:22,09/06/2026 16:40:51,25/06/2026 03:01:19,12/06/2026 14:35:31,TTS,Open/Target Collaboration
584411830328657396,1732251815880067292,"Sữa Tắm Pháp Le Petit Marseillais Cho Nam Chiết Xuất Thiên Nhiên 4in1 Nhiều Mùi Hương Dưỡng Ẩm, Thơm Lâu - Phù Hợp Mọi Loại Da (250ml)","Hương Gỗ Tuyết Tùng & Dương Xỉ, Standard",1732251749141219548,ST01172,205000,291200,VND,1,Thanh toán khi giao hàng,Đã hoàn thành,duongmanhkien19,Video,7578474458705382676,fixed commission,,,,,205000,,205000,,3,5535,,,,0,0,07/06/2026 13:56:30,09/06/2026 17:46:03,07/06/2026 13:56:31,09/06/2026 17:46:03,25/06/2026 02:56:55,12/06/2026 15:22:54,TTS,Open/Target Collaboration
584412795228685613,1732251815880067292,"Sữa Tắm Pháp Le Petit Marseillais Cho Nam Chiết Xuất Thiên Nhiên 4in1 Nhiều Mùi Hương Dưỡng Ẩm, Thơm Lâu - Phù Hợp Mọi Loại Da (250ml)","Hương Gỗ Tuyết Tùng & Dương Xỉ, Standard",1732251749141219548,ST01172,205000,292700,VND,1,Không áp dụng thanh toán khi giao hàng,Đã hoàn thành,duongmanhkien19,Video,7578474458705382676,fixed commission,,,,,205000,,205000,,3,5535,,,,0,0,07/06/2026 15:01:45,07/06/2026 15:01:50,07/06/2026 15:01:50,10/06/2026 11:10:52,26/06/2026 05:54:10,13/06/2026 08:35:09,TTS,Open/Target Collaboration
584413225961817869,1732251815880067292,"Sữa Tắm Pháp Le Petit Marseillais Cho Nam Chiết Xuất Thiên Nhiên 4in1 Nhiều Mùi Hương Dưỡng Ẩm, Thơm Lâu - Phù Hợp Mọi Loại Da (250ml)","Hương Gỗ Tuyết Tùng & Dương Xỉ, Standard",1732251749141219548,ST01172,185000,282450,VND,1,Thanh toán khi giao hàng,Đã hoàn thành,lepthelittlekid,Video,7594749644052204818,fixed commission,,,,,185000,,185000,,5,8325,,,,0,0,07/06/2026 15:33:28,09/06/2026 16:40:04,07/06/2026 15:33:30,09/06/2026 16:40:04,25/06/2026 05:41:44,12/06/2026 15:19:15,TTS,Open/Target Collaboration
584413358803879563,1732251815880067292,"Sữa Tắm Pháp Le Petit Marseillais Cho Nam Chiết Xuất Thiên Nhiên 4in1 Nhiều Mùi Hương Dưỡng Ẩm, Thơm Lâu - Phù Hợp Mọi Loại Da (250ml)","Hương Gỗ Tuyết Tùng & Dương Xỉ, Standard",1732251749141219548,ST01172,153750,286850,VND,1,Thanh toán khi giao hàng,Đã hoàn thành,duongmanhkien19,Video,7578474458705382676,fixed commission,,,,8,153750,11070,153750,11070,,,,,,0,0,07/06/2026 15:41:30,09/06/2026 18:56:21,07/06/2026 15:41:32,09/06/2026 18:56:21,25/06/2026 05:11:07,12/06/2026 14:46:33,TTS,Open/Target Collaboration
584414264973166130,1732251815880067292,"Sữa Tắm Pháp Le Petit Marseillais Cho Nam Chiết Xuất Thiên Nhiên 4in1 Nhiều Mùi Hương Dưỡng Ẩm, Thơm Lâu - Phù Hợp Mọi Loại Da (250ml)","Hương Gỗ Tuyết Tùng & Dương Xỉ, Standard",1732251749141219548,ST01172,175000,279900,VND,1,Thanh toán khi giao hàng,Đã hoàn thành,meo.review56,Video,7626393475361131784,fixed commission,,,,,175000,,175000,,3,4725,,,,0,0,07/06/2026 16:42:28,09/06/2026 21:56:05,07/06/2026 16:42:29,09/06/2026 21:56:05,25/06/2026 01:11:21,12/06/2026 15:21:56,TTS,Open/Target Collaboration
584414311310591252,1732251815880067292,"Sữa Tắm Pháp Le Petit Marseillais Cho Nam Chiết Xuất Thiên Nhiên 4in1 Nhiều Mùi Hương Dưỡng Ẩm, Thơm Lâu - Phù Hợp Mọi Loại Da (250ml)","Hương Gỗ Tuyết Tùng & Dương Xỉ, Standard",1732251749141219548,ST01172,205000,276450,VND,1,Thanh toán khi giao hàng,Đã hoàn thành,duongmanhkien19,Video,7578474458705382676,fixed commission,,,,,205000,,205000,,3,5535,,,,0,0,07/06/2026 16:48:08,09/06/2026 20:08:33,07/06/2026 16:48:08,09/06/2026 20:08:33,25/06/2026 04:22:25,12/06/2026 15:53:52,TTS,Open/Target Collaboration
584414655919130391,1732251815880067292,"Sữa Tắm Pháp Le Petit Marseillais Cho Nam Chiết Xuất Thiên Nhiên 4in1 Nhiều Mùi Hương Dưỡng Ẩm, Thơm Lâu - Phù Hợp Mọi Loại Da (250ml)","Hương Gỗ Tuyết Tùng & Dương Xỉ, Standard",1732251749141219548,ST01172,205000,289550,VND,1,Thanh toán khi giao hàng,Đã hoàn thành,duongmanhkien19,Video,7578474458705382676,fixed commission,,,,,205000,,205000,,3,5535,,,,0,0,07/06/2026 17:17:39,09/06/2026 22:44:01,07/06/2026 17:17:40,09/06/2026 22:44:01,25/06/2026 01:52:40,12/06/2026 15:29:42,TTS,Open/Target Collaboration
584415326082663929,1732251815880067292,"Sữa Tắm Pháp Le Petit Marseillais Cho Nam Chiết Xuất Thiên Nhiên 4in1 Nhiều Mùi Hương Dưỡng Ẩm, Thơm Lâu - Phù Hợp Mọi Loại Da (250ml)","Hương Thông & Bạch Đàn Biển, Standard",1732251749141154012,ST01356,205000,289550,VND,1,Thanh toán khi giao hàng,Đã hoàn thành,bacsidai98,Video,7646033878628486418,fixed commission,,,,8,205000,14760,205000,14760,,,,,,0,0,07/06/2026 18:05:25,09/06/2026 12:24:27,07/06/2026 18:05:28,09/06/2026 12:24:27,25/06/2026 04:16:21,12/06/2026 09:03:34,TTS,Open/Target Collaboration
584415400674428515,1732251815880067292,"Sữa Tắm Pháp Le Petit Marseillais Cho Nam Chiết Xuất Thiên Nhiên 4in1 Nhiều Mùi Hương Dưỡng Ẩm, Thơm Lâu - Phù Hợp Mọi Loại Da (250ml)","Hương Thông & Bạch Đàn Biển, Standard",1732251749141154012,ST01356,205000,279900,VND,1,Thanh toán khi giao hàng,Đã hoàn thành,man.trung.737,Video,7595064670482877717,fixed commission,,,,8,205000,14760,205000,14760,,,,,,0,0,07/06/2026 18:09:34,09/06/2026 13:15:17,07/06/2026 18:09:35,09/06/2026 13:15:17,25/06/2026 05:44:05,12/06/2026 13:24:20,TTS,Open/Target Collaboration
584416058248234447,1732251815880067292,"Sữa Tắm Pháp Le Petit Marseillais Cho Nam Chiết Xuất Thiên Nhiên 4in1 Nhiều Mùi Hương Dưỡng Ẩm, Thơm Lâu - Phù Hợp Mọi Loại Da (250ml)","Hương Gỗ Tuyết Tùng & Dương Xỉ, Standard",1732251749141219548,ST01172,205000,280850,VND,1,Không áp dụng thanh toán khi giao hàng,Đã hoàn thành,man.trung.737,Video,7595064670482877717,fixed commission,,,,8,205000,14760,205000,14760,,,,,,0,0,07/06/2026 18:54:47,07/06/2026 18:54:53,07/06/2026 18:54:54,10/06/2026 11:08:35,26/06/2026 02:53:22,13/06/2026 13:35:41,TTS,Open/Target Collaboration
584416267539285785,1732250760944257244,"Sữa Tắm/Gel Tắm Pháp Le Petit Marseillais Chiết Xuất Thiên Nhiên 650ml - Sữa Tắm Lưu Hương Lành Tính - Dịu Nhẹ, An Toàn Cho Da","Hoa Tiare, Standard",1732250801268885724,ST68816,323900,550520,VND,1,Thanh toán khi giao hàng,Đã hoàn thành,chufoxnef,Video,7496835061581450497,fixed commission,,,,,323900,,323900,,3,8745,,,,0,0,07/06/2026 19:04:01,10/06/2026 10:19:53,07/06/2026 19:04:02,10/06/2026 10:19:53,26/06/2026 03:08:49,13/06/2026 09:52:06,TTS,Open/Target Collaboration
584416385913816576,1731893265443752156,"Sữa Tắm Pháp Le Petit Marseillais Quả Mâm Xôi & Hoa Mẫu Đơn Hữu Cơ Dưỡng Ẩm, Thơm Lâu - Phù Hợp Mọi Loại Da (250ml)","Quả Mâm Xôi & Hoa Mẫu Đơn, Standard",1731893265444210908,ST48441,210000,294300,VND,1,Thanh toán khi giao hàng,Đã hoàn thành,lepetitmarseillaisvn,Phát trực tiếp,7648622912685689608,fixed commission,,,,,210000,,210000,,,,,,,0,0,07/06/2026 19:14:04,10/06/2026 13:01:35,07/06/2026 19:14:05,10/06/2026 13:01:35,26/06/2026 02:54:16,,TTS,Open/Target Collaboration
584416385913816576,1731893266195122396,"Gel Tắm Pháp Le Petit Marseillais Đào Trắng & Quả Xuân Đào Hữu Cơ Dưỡng Ẩm, Thơm Lâu - Phù Hợp Mọi Loại Da(250ml)","Đào Trắng & Quả Xuân Đào, Standard",1731893266195843292,ST01240,180400,294300,VND,1,Thanh toán khi giao hàng,Đã hoàn thành,lepetitmarseillaisvn,Phát trực tiếp,7648622912685689608,fixed commission,,,,,180400,,180400,,,,,,,0,0,07/06/2026 19:14:04,10/06/2026 13:01:35,07/06/2026 19:14:05,10/06/2026 13:01:35,26/06/2026 02:54:16,,TTS,Open/Target Collaboration
584416456014071535,1732251815880067292,"Sữa Tắm Pháp Le Petit Marseillais Cho Nam Chiết Xuất Thiên Nhiên 4in1 Nhiều Mùi Hương Dưỡng Ẩm, Thơm Lâu - Phù Hợp Mọi Loại Da (250ml)","Hương Gỗ Tuyết Tùng & Dương Xỉ, Standard",1732251749141219548,ST01172,205000,283750,VND,1,Thanh toán khi giao hàng,Đã hủy,duongmanhkien19,Video,7578474458705382676,fixed commission,0,0,0,,205000,,,,3,5535,,,,0,0,07/06/2026 19:19:14,,07/06/2026 19:19:15,,,,TTS,Open/Target Collaboration
584416565041399535,1732251815880067292,"Sữa Tắm Pháp Le Petit Marseillais Cho Nam Chiết Xuất Thiên Nhiên 4in1 Nhiều Mùi Hương Dưỡng Ẩm, Thơm Lâu - Phù Hợp Mọi Loại Da (250ml)","Hương Gỗ Tuyết Tùng & Dương Xỉ, Standard",1732251749141219548,ST01172,190000,283750,VND,1,Thanh toán khi giao hàng,Đã hoàn thành,meo.review56,Video,7648303963548257543,fixed commission,,,,,190000,,190000,,3,5130,,,,0,0,07/06/2026 19:26:59,10/06/2026 15:06:42,07/06/2026 19:27:00,10/06/2026 15:06:42,26/06/2026 05:09:26,13/06/2026 12:48:21,TTS,Open/Target Collaboration
584416660538754816,1732251815880067292,"Sữa Tắm Pháp Le Petit Marseillais Cho Nam Chiết Xuất Thiên Nhiên 4in1 Nhiều Mùi Hương Dưỡng Ẩm, Thơm Lâu - Phù Hợp Mọi Loại Da (250ml)","Hương Gỗ Tuyết Tùng & Dương Xỉ, Standard",1732251749141219548,ST01172,205000,274350,VND,1,Không áp dụng thanh toán khi giao hàng,Đã hủy,man.trung.737,Video,7595064670482877717,fixed commission,,,,8,205000,14760,,,,,,,,0,0,07/06/2026 19:29:49,07/06/2026 19:29:54,07/06/2026 19:29:54,,,,TTS,Open/Target Collaboration
584417133178094922,1732250760944257244,"Sữa Tắm/Gel Tắm Pháp Le Petit Marseillais Chiết Xuất Thiên Nhiên 650ml - Sữa Tắm Lưu Hương Lành Tính - Dịu Nhẹ, An Toàn Cho Da","Vani, Standard",1732250801269082332,ST00557,323900,536680,VND,1,Không áp dụng thanh toán khi giao hàng,Đã hoàn thành,lepetitmarseillaisvn,Phát trực tiếp,7648622912685689608,fixed commission,,,,,323900,,323900,,,,,,,0,0,07/06/2026 19:59:35,07/06/2026 19:59:38,07/06/2026 19:59:40,09/06/2026 14:30:34,25/06/2026 05:55:21,,TTS,Open/Target Collaboration
584417133178094922,1735803452711142620,Dầu Xả Cấp Ẩm Le Petit Marseillais Nước Dừa Hữu Cơ 200ml,Mặc định,1735803348866008284,DX74752,0,4420,VND,1,Không áp dụng thanh toán khi giao hàng,Đã hoàn thành,lepetitmarseillaisvn,Phát trực tiếp,7648622912685689608,fixed commission,,,,,0,,0,,,,,,,0,0,07/06/2026 19:59:35,07/06/2026 19:59:38,07/06/2026 19:59:40,09/06/2026 14:30:34,25/06/2026 05:55:21,,TTS,Open/Target Collaboration
584417466401982276,1732250760944257244,"Sữa Tắm/Gel Tắm Pháp Le Petit Marseillais Chiết Xuất Thiên Nhiên 650ml - Sữa Tắm Lưu Hương Lành Tính - Dịu Nhẹ, An Toàn Cho Da","Hương Xoài & Chanh Dây, Standard",1732250801268951260,ST68823,335750,532680,VND,1,Không áp dụng thanh toán khi giao hàng,Đã hoàn thành,lepetitmarseillaisvn,Phát trực tiếp,7648622912685689608,fixed commission,,,,,335750,,335750,,,,,,,0,0,07/06/2026 20:18:49,07/06/2026 20:18:54,07/06/2026 20:18:54,09/06/2026 16:09:40,25/06/2026 05:35:24,,TTS,Open/Target Collaboration
584417466401982276,1735803452711142620,Dầu Xả Cấp Ẩm Le Petit Marseillais Nước Dừa Hữu Cơ 200ml,Mặc định,1735803348866008284,DX74752,0,3420,VND,1,Không áp dụng thanh toán khi giao hàng,Đã hoàn thành,lepetitmarseillaisvn,Phát trực tiếp,7648622912685689608,fixed commission,,,,,0,,0,,,,,,,0,0,07/06/2026 20:18:49,07/06/2026 20:18:54,07/06/2026 20:18:54,09/06/2026 16:09:40,25/06/2026 05:35:24,,TTS,Open/Target Collaboration
584417519652341209,1732251815880067292,"Sữa Tắm Pháp Le Petit Marseillais Cho Nam Chiết Xuất Thiên Nhiên 4in1 Nhiều Mùi Hương Dưỡng Ẩm, Thơm Lâu - Phù Hợp Mọi Loại Da (250ml)","Hương Gỗ Tuyết Tùng & Dương Xỉ, Standard",1732251749141219548,ST01172,205000,282450,VND,1,Thanh toán khi giao hàng,Đã hoàn thành,duongmanhkien19,Video,7578474458705382676,fixed commission,,,,,205000,,205000,,3,5535,,,,0,0,07/06/2026 20:25:13,09/06/2026 22:57:01,07/06/2026 20:25:14,09/06/2026 22:57:01,25/06/2026 04:50:18,12/06/2026 15:54:33,TTS,Open/Target Collaboration
584417563411121304,1732251815880067292,"Sữa Tắm Pháp Le Petit Marseillais Cho Nam Chiết Xuất Thiên Nhiên 4in1 Nhiều Mùi Hương Dưỡng Ẩm, Thơm Lâu - Phù Hợp Mọi Loại Da (250ml)","Hương Gỗ Tuyết Tùng & Dương Xỉ, Standard",1732251749141219548,ST01172,205000,289550,VND,1,Thanh toán khi giao hàng,Đã hoàn thành,duongmanhkien19,Video,7589190858113649928,fixed commission,,,,,205000,,205000,,3,5535,,,,0,0,07/06/2026 20:25:17,09/06/2026 16:25:38,07/06/2026 20:25:18,09/06/2026 16:25:38,25/06/2026 04:31:54,12/06/2026 16:10:15,TTS,Open/Target Collaboration
584417687923164677,1731317167366243548,[Quà tặng không bán] Bông Tắm Tạo Bọt Mềm Mịn,Mặc định,1731317148230255836,BONG TAM HQ,0,7900,VND,1,Thanh toán khi giao hàng,Đã hoàn thành,lepetitmarseillaisvn,Phát trực tiếp,7648622912685689608,fixed commission,,,,,0,,0,,,,,,,0,0,07/06/2026 20:26:52,09/06/2026 11:03:42,07/06/2026 20:26:55,09/06/2026 11:03:42,25/06/2026 03:30:24,,TTS,Open/Target Collaboration
584417687923164677,1735805702373868764,Hộp 4 Cục Xà Phòng Le Petit Marseillais Hương Vani 4x100g,Mặc định,1735805704587674844,XP78368,288000,422900,VND,1,Thanh toán khi giao hàng,Đã hoàn thành,lepetitmarseillaisvn,Phát trực tiếp,7648622912685689608,fixed commission,,,,,288000,,288000,,,,,,,0,0,07/06/2026 20:26:52,09/06/2026 11:03:42,07/06/2026 20:26:55,09/06/2026 11:03:42,25/06/2026 03:30:24,,TTS,Open/Target Collaboration
584417881743197656,1732251815880067292,"Sữa Tắm Pháp Le Petit Marseillais Cho Nam Chiết Xuất Thiên Nhiên 4in1 Nhiều Mùi Hương Dưỡng Ẩm, Thơm Lâu - Phù Hợp Mọi Loại Da (250ml)","Hương Gỗ Tuyết Tùng & Dương Xỉ, Standard",1732251749141219548,ST01172,205000,286850,VND,1,Thanh toán khi giao hàng,Đã hoàn thành,duongmanhkien19,Video,7578474458705382676,fixed commission,,,,,205000,,205000,,3,5535,,,,0,0,07/06/2026 20:40:58,09/06/2026 18:58:16,07/06/2026 20:41:00,09/06/2026 18:58:16,25/06/2026 03:05:44,12/06/2026 14:31:13,TTS,Open/Target Collaboration
584418099331105970,1732251815880067292,"Sữa Tắm Pháp Le Petit Marseillais Cho Nam Chiết Xuất Thiên Nhiên 4in1 Nhiều Mùi Hương Dưỡng Ẩm, Thơm Lâu - Phù Hợp Mọi Loại Da (250ml)","Hương Gỗ Tuyết Tùng & Dương Xỉ, Standard",1732251749141219548,ST01172,200000,279900,VND,1,Thanh toán khi giao hàng,Đã hoàn thành,duongmanhkien19,Video,7578474458705382676,fixed commission,,,,,200000,,200000,,3,5400,,,,0,0,07/06/2026 20:47:36,09/06/2026 18:42:26,07/06/2026 20:47:39,09/06/2026 18:42:26,25/06/2026 05:25:48,12/06/2026 15:43:44,TTS,Open/Target Collaboration
584418129125082430,1732250760944257244,"Sữa Tắm/Gel Tắm Pháp Le Petit Marseillais Chiết Xuất Thiên Nhiên 650ml - Sữa Tắm Lưu Hương Lành Tính - Dịu Nhẹ, An Toàn Cho Da","Đào Trắng & Quả Xuân Đào, Standard",1732250801269016796,ST01288,355000,532680,VND,1,Thanh toán khi giao hàng,Đã hoàn thành,lepetitmarseillaisvn,Phát trực tiếp,7648622912685689608,fixed commission,,,,,355000,,355000,,,,,,,0,0,07/06/2026 20:55:11,09/06/2026 20:09:09,07/06/2026 20:55:12,09/06/2026 20:09:09,25/06/2026 01:27:25,,TTS,Open/Target Collaboration
584418129125082430,1735803452711142620,Dầu Xả Cấp Ẩm Le Petit Marseillais Nước Dừa Hữu Cơ 200ml,Mặc định,1735803348866008284,DX74752,0,3420,VND,1,Thanh toán khi giao hàng,Đã hoàn thành,lepetitmarseillaisvn,Phát trực tiếp,7648622912685689608,fixed commission,,,,,0,,0,,,,,,,0,0,07/06/2026 20:55:11,09/06/2026 20:09:09,07/06/2026 20:55:12,09/06/2026 20:09:09,25/06/2026 01:27:25,,TTS,Open/Target Collaboration
584418325777057382,1732252961260865756,"Dầu Gội Thiên Nhiên Le Petit Marseillais Nhiều Mùi Hương 250ml Dưỡng Ẩm, Thơm Lâu - Phù Hợp Mọi Loại Da",Trị Gàu 2 In 1 Tinh Dầu Bạc Hà,1732252943759018204,DG74042,270000,380300,VND,1,Thanh toán khi giao hàng,Đã hoàn thành,chienthangk1fvji,Chương trình Lưu lượng truy cập bên ngoài,,fixed commission,,,,4,270000,9720,270000,9720,,,,,,0,0,07/06/2026 21:06:45,09/06/2026 18:47:49,07/06/2026 21:06:46,09/06/2026 18:47:49,25/06/2026 03:05:19,12/06/2026 15:34:47,TTS,Open/Target Collaboration
584418341629298350,1732251815880067292,"Sữa Tắm Pháp Le Petit Marseillais Cho Nam Chiết Xuất Thiên Nhiên 4in1 Nhiều Mùi Hương Dưỡng Ẩm, Thơm Lâu - Phù Hợp Mọi Loại Da (250ml)","Hương Gỗ Tuyết Tùng & Dương Xỉ, Standard",1732251749141219548,ST01172,181000,273900,VND,1,Thanh toán khi giao hàng,Đã hoàn thành,chongsalyyyyy,Video,7590981447582780680,fixed commission,,,,8,181000,13032,181000,13032,,,,,,0,0,07/06/2026 21:09:26,10/06/2026 20:07:06,07/06/2026 21:09:29,10/06/2026 20:07:06,26/06/2026 05:44:38,13/06/2026 11:41:10,TTS,Open/Target Collaboration
584418433062176430,1734496604995683548,Xà Phòng Le Petit Marseillais Chính Hãng Bánh Xà Phòng Tắm Thiên Nhiên (Ngẫu nhiên)  1 Bánh,Mặc định,1734496577198523612,1 BÁNH-XP,75000,304550,VND,4,Thanh toán khi giao hàng,Đã hoàn thành,mythi_fr,Video,7634970118833081620,fixed commission,,,,,300000,,300000,,3,8100,,,,0,0,07/06/2026 21:16:12,10/06/2026 20:07:05,07/06/2026 21:16:14,10/06/2026 20:07:05,26/06/2026 00:45:33,13/06/2026 10:53:51,TTS,Open/Target Collaboration
584418944311854412,1731317167366243548,[Quà tặng không bán] Bông Tắm Tạo Bọt Mềm Mịn,Mặc định,1731317148230255836,BONG TAM HQ,0,17550,VND,1,Thanh toán khi giao hàng,Đã hoàn thành,lepetitmarseillaisvn,Phát trực tiếp,7648622912685689608,fixed commission,,,,,0,,0,,,,,,,0,0,07/06/2026 21:42:42,09/06/2026 09:42:15,07/06/2026 21:42:45,09/06/2026 09:42:15,25/06/2026 02:47:41,,TTS,Open/Target Collaboration
584418944311854412,1732251815880067292,"Sữa Tắm Pháp Le Petit Marseillais Cho Nam Chiết Xuất Thiên Nhiên 4in1 Nhiều Mùi Hương Dưỡng Ẩm, Thơm Lâu - Phù Hợp Mọi Loại Da (250ml)","Hương Thông & Bạch Đàn Biển, Standard",1732251749141154012,ST01356,184500,289550,VND,1,Thanh toán khi giao hàng,Đã hoàn thành,lepetitmarseillaisvn,Phát trực tiếp,7648622912685689608,fixed commission,,,,,184500,,184500,,,,,,,0,0,07/06/2026 21:42:42,09/06/2026 09:42:15,07/06/2026 21:42:45,09/06/2026 09:42:15,25/06/2026 02:47:41,,TTS,Open/Target Collaboration
584419012203022142,1731317167366243548,[Quà tặng không bán] Bông Tắm Tạo Bọt Mềm Mịn,Mặc định,1731317148230255836,BONG TAM HQ,0,7900,VND,1,Thanh toán khi giao hàng,Đã hoàn thành,lepetitmarseillaisvn,Phát trực tiếp,7648622912685689608,fixed commission,,,,,0,,0,,,,,,,0,0,07/06/2026 21:48:56,09/06/2026 12:58:17,07/06/2026 21:48:58,09/06/2026 12:58:17,25/06/2026 00:10:19,,TTS,Open/Target Collaboration
584419012203022142,1732251815880067292,"Sữa Tắm Pháp Le Petit Marseillais Cho Nam Chiết Xuất Thiên Nhiên 4in1 Nhiều Mùi Hương Dưỡng Ẩm, Thơm Lâu - Phù Hợp Mọi Loại Da (250ml)","Hương Cam & Tinh Dầu Argan, Standard",1732251749141022940,ST01431,182450,279900,VND,1,Thanh toán khi giao hàng,Đã hoàn thành,lepetitmarseillaisvn,Phát trực tiếp,7648622912685689608,fixed commission,,,,,182450,,182450,,,,,,,0,0,07/06/2026 21:48:56,09/06/2026 12:58:17,07/06/2026 21:48:58,09/06/2026 12:58:17,25/06/2026 00:10:19,,TTS,Open/Target Collaboration
584419216713876642,1732251815880067292,"Sữa Tắm Pháp Le Petit Marseillais Cho Nam Chiết Xuất Thiên Nhiên 4in1 Nhiều Mùi Hương Dưỡng Ẩm, Thơm Lâu - Phù Hợp Mọi Loại Da (250ml)","Hương Thông & Bạch Đàn Biển, Standard",1732251749141154012,ST01356,205000,279900,VND,1,Thanh toán khi giao hàng,Đã hoàn thành,huankosai,Video,7569974511534198023,fixed commission,,,,15,205000,27675,205000,27675,,,,,,0,0,07/06/2026 21:57:03,10/06/2026 15:52:11,07/06/2026 21:57:05,10/06/2026 15:52:11,26/06/2026 00:04:07,13/06/2026 11:26:33,TTS,Open/Target Collaboration
584419228947154712,1732252957247965404,"Dầu Gội Le Petit Marseillais Nhiều Mùi Hương 300ml Dưỡng Ẩm, Thơm Lâu - Phù Hợp Mọi Loại Da",Cây Tầm Ma & Chanh,1732252922366626012,DG74646,336000,560892,VND,1,Thanh toán khi giao hàng,Đã hủy,lepetitmarseillaisvn,Phát trực tiếp,7648622912685689608,fixed commission,,,,,336000,,,,,,,,,0,0,07/06/2026 22:02:14,,07/06/2026 22:02:16,,,,TTS,Open/Target Collaboration
584419228947154712,1732250760944257244,"Sữa Tắm/Gel Tắm Pháp Le Petit Marseillais Chiết Xuất Thiên Nhiên 650ml - Sữa Tắm Lưu Hương Lành Tính - Dịu Nhẹ, An Toàn Cho Da","Thông & Bạch Đàn Biển, Standard",1732250801268689116,ST01902,316000,545486,VND,1,Thanh toán khi giao hàng,Đã hủy,lepetitmarseillaisvn,Phát trực tiếp,7648622912685689608,fixed commission,,,,,316000,,,,,,,,,0,0,07/06/2026 22:02:14,,07/06/2026 22:02:16,,,,TTS,Open/Target Collaboration
584419882150692320,1734496604995683548,Xà Phòng Le Petit Marseillais Chính Hãng Bánh Xà Phòng Tắm Thiên Nhiên (Ngẫu nhiên)  1 Bánh,Mặc định,1734496577198523612,1 BÁNH-XP,75000,169800,VND,2,Thanh toán khi giao hàng,Đã hoàn thành,mythi_fr,Video,7635178246694391061,fixed commission,,,,,150000,,150000,,3,4050,,,,0,0,07/06/2026 22:41:43,11/06/2026 12:47:17,07/06/2026 22:41:45,11/06/2026 12:47:17,27/06/2026 04:39:19,14/06/2026 08:07:42,TTS,Open/Target Collaboration
584420218423706860,1732250760944257244,"Sữa Tắm/Gel Tắm Pháp Le Petit Marseillais Chiết Xuất Thiên Nhiên 650ml - Sữa Tắm Lưu Hương Lành Tính - Dịu Nhẹ, An Toàn Cho Da","Thông & Bạch Đàn Biển, Standard",1732250801268689116,ST01902,330650,532680,VND,1,Không áp dụng thanh toán khi giao hàng,Đã hoàn thành,lepetitmarseillaisvn,Phát trực tiếp,7648267226911197959,fixed commission,,,,,330650,,330650,,,,,,,0,0,07/06/2026 23:08:14,07/06/2026 23:08:20,07/06/2026 23:08:20,09/06/2026 15:39:10,25/06/2026 02:55:55,,TTS,Open/Target Collaboration
584420218423706860,1735803452711142620,Dầu Xả Cấp Ẩm Le Petit Marseillais Nước Dừa Hữu Cơ 200ml,Mặc định,1735803348866008284,DX74752,0,3420,VND,1,Không áp dụng thanh toán khi giao hàng,Đã hoàn thành,lepetitmarseillaisvn,Phát trực tiếp,7648267226911197959,fixed commission,,,,,0,,0,,,,,,,0,0,07/06/2026 23:08:14,07/06/2026 23:08:20,07/06/2026 23:08:20,09/06/2026 15:39:10,25/06/2026 02:55:55,,TTS,Open/Target Collaboration
584420411207025804,1731317167366243548,[Quà tặng không bán] Bông Tắm Tạo Bọt Mềm Mịn,Mặc định,1731317148230255836,BONG TAM HQ,0,14850,VND,1,Thanh toán khi giao hàng,Đã hoàn thành,lepetitmarseillaisvn,Phát trực tiếp,7648622912685689608,fixed commission,,,,,0,,0,,,,,,,0,0,07/06/2026 23:22:06,09/06/2026 15:32:24,07/06/2026 23:22:08,09/06/2026 15:32:24,25/06/2026 02:27:41,12/06/2026 14:39:53,TTS,Open/Target Collaboration
584420411207025804,1732251815880067292,"Sữa Tắm Pháp Le Petit Marseillais Cho Nam Chiết Xuất Thiên Nhiên 4in1 Nhiều Mùi Hương Dưỡng Ẩm, Thơm Lâu - Phù Hợp Mọi Loại Da (250ml)","Hương Gỗ Tuyết Tùng & Dương Xỉ, Standard",1732251749141219548,ST01172,205000,286850,VND,1,Thanh toán khi giao hàng,Đã hoàn thành,lepthelittlekid,Video,7594749644052204818,fixed commission,,,,5,205000,9225,205000,9225,,,,,,0,0,07/06/2026 23:22:06,09/06/2026 15:32:24,07/06/2026 23:22:08,09/06/2026 15:32:24,25/06/2026 02:27:41,12/06/2026 14:39:53,TTS,Open/Target Collaboration
584421264518775953,1732250928810920156,"Sữa Tắm/Gel Tắm Pháp Le Petit Marseillais Thiên Nhiên 250ml - Sữa Tắm Lưu Hương Lành Tính - Dịu Nhẹ, An Toàn Cho Da","Đào Trắng & Quả Xuân Đào, Standard",1732250914985380060,ST01240,174250,312000,VND,1,Thanh toán khi giao hàng,Đã hoàn thành,vvannnguyen,Trưng bày,,fixed commission,,,,8,174250,12546,174250,12546,,,,,,0,0,08/06/2026 00:53:57,10/06/2026 18:24:51,08/06/2026 00:53:58,10/06/2026 18:24:51,26/06/2026 02:17:42,13/06/2026 08:55:44,TTS,Open/Target Collaboration
584421412204086677,1732251815880067292,"Sữa Tắm Pháp Le Petit Marseillais Cho Nam Chiết Xuất Thiên Nhiên 4in1 Nhiều Mùi Hương Dưỡng Ẩm, Thơm Lâu - Phù Hợp Mọi Loại Da (250ml)","Hương Gừng & Gỗ Bách, Standard",1732251749141285084,ST04371,205000,279900,VND,1,Thanh toán khi giao hàng,Đã hủy,lepthelittlekid,Video,7594749644052204818,fixed commission,0,0,0,5,205000,9225,,,,,,,,0,0,08/06/2026 01:21:19,,08/06/2026 01:21:20,,,,TTS,Open/Target Collaboration
584421750735144614,1732250760944257244,"Sữa Tắm/Gel Tắm Pháp Le Petit Marseillais Chiết Xuất Thiên Nhiên 650ml - Sữa Tắm Lưu Hương Lành Tính - Dịu Nhẹ, An Toàn Cho Da","Hương Xoài & Chanh Dây, Standard",1732250801268951260,ST68823,395000,541667,VND,1,Thanh toán khi giao hàng,Đã hoàn thành,ha_thubay,Video,7599664598626618642,fixed commission,,,,8,395000,28440,395000,28440,,,,,,0,0,08/06/2026 02:36:11,09/06/2026 19:15:53,08/06/2026 02:36:12,09/06/2026 19:15:53,25/06/2026 02:18:49,12/06/2026 16:25:42,TTS,Open/Target Collaboration
584423217183753464,1732251815880067292,"Sữa Tắm Pháp Le Petit Marseillais Cho Nam Chiết Xuất Thiên Nhiên 4in1 Nhiều Mùi Hương Dưỡng Ẩm, Thơm Lâu - Phù Hợp Mọi Loại Da (250ml)","Hương Gỗ Tuyết Tùng & Dương Xỉ, Standard",1732251749141219548,ST01172,190000,279900,VND,1,Không áp dụng thanh toán khi giao hàng,Đã hoàn thành,duongmanhkien19,Video,7589190858113649928,fixed commission,,,,,190000,,190000,,3,5130,,,,0,0,08/06/2026 07:13:26,08/06/2026 07:13:31,08/06/2026 07:13:31,09/06/2026 15:31:25,25/06/2026 03:13:55,12/06/2026 16:20:59,TTS,Open/Target Collaboration
584423502260765993,1732252957247965404,"Dầu Gội Le Petit Marseillais Nhiều Mùi Hương 300ml Dưỡng Ẩm, Thơm Lâu - Phù Hợp Mọi Loại Da",Hạt Lanh & Hoa Hạnh Nhân,1732252922366691548,DG01841,380000,560800,VND,1,Thanh toán khi giao hàng,Đã hoàn thành,haiidaynek,Video,7548126556418264327,fixed commission,,,,,380000,,380000,,3,10260,,,,0,0,08/06/2026 07:42:05,09/06/2026 17:15:51,08/06/2026 07:42:06,09/06/2026 17:15:51,25/06/2026 03:05:52,12/06/2026 15:58:10,TTS,Open/Target Collaboration
584423625750906170,1732251815880067292,"Sữa Tắm Pháp Le Petit Marseillais Cho Nam Chiết Xuất Thiên Nhiên 4in1 Nhiều Mùi Hương Dưỡng Ẩm, Thơm Lâu - Phù Hợp Mọi Loại Da (250ml)","Hương Gỗ Tuyết Tùng & Dương Xỉ, Standard",1732251749141219548,ST01172,205000,279900,VND,1,Thanh toán khi giao hàng,Đã hoàn thành,man.trung.737,Video,7595064670482877717,fixed commission,,,,,205000,,205000,,3,5535,,,,0,0,08/06/2026 07:54:32,09/06/2026 16:33:43,08/06/2026 07:54:33,09/06/2026 16:33:43,25/06/2026 05:20:23,12/06/2026 16:14:02,TTS,Open/Target Collaboration
584423766002075557,1732251815880067292,"Sữa Tắm Pháp Le Petit Marseillais Cho Nam Chiết Xuất Thiên Nhiên 4in1 Nhiều Mùi Hương Dưỡng Ẩm, Thơm Lâu - Phù Hợp Mọi Loại Da (250ml)","Hương Gỗ Tuyết Tùng & Dương Xỉ, Standard",1732251749141219548,ST01172,164000,283850,VND,1,Thanh toán khi giao hàng,Đã hoàn thành,mien_giadung,Video,7648100076543380744,fixed commission,,,,,164000,,164000,,3,4428,,,,0,0,08/06/2026 08:07:42,09/06/2026 19:44:53,08/06/2026 08:07:43,09/06/2026 19:44:53,25/06/2026 02:43:27,12/06/2026 15:17:14,TTS,Open/Target Collaboration
584424032094487613,1732251815880067292,"Sữa Tắm Pháp Le Petit Marseillais Cho Nam Chiết Xuất Thiên Nhiên 4in1 Nhiều Mùi Hương Dưỡng Ẩm, Thơm Lâu - Phù Hợp Mọi Loại Da (250ml)","Hương Gỗ Tuyết Tùng & Dương Xỉ, Standard",1732251749141219548,ST01172,205000,282450,VND,1,Thanh toán khi giao hàng,Đã hoàn thành,adpia.official,Chương trình Lưu lượng truy cập bên ngoài,,fixed commission,,,,4,205000,7380,205000,7380,,,,,,0,0,08/06/2026 08:31:01,09/06/2026 19:58:31,08/06/2026 08:31:02,09/06/2026 19:58:31,25/06/2026 05:54:26,12/06/2026 16:02:07,TTS,Open/Target Collaboration
584424446644356214,1732251815880067292,"Sữa Tắm Pháp Le Petit Marseillais Cho Nam Chiết Xuất Thiên Nhiên 4in1 Nhiều Mùi Hương Dưỡng Ẩm, Thơm Lâu - Phù Hợp Mọi Loại Da (250ml)","Hương Gỗ Tuyết Tùng & Dương Xỉ, Standard",1732251749141219548,ST01172,166050,282450,VND,1,Thanh toán khi giao hàng,Đã hoàn thành,iflyad07,Chương trình Lưu lượng truy cập bên ngoài,,fixed commission,,,,4,166050,5978,166050,5978,,,,,,0,0,08/06/2026 09:10:40,09/06/2026 21:23:22,08/06/2026 09:10:41,09/06/2026 21:23:22,25/06/2026 01:31:19,12/06/2026 16:19:00,TTS,Open/Target Collaboration
584426377090139792,1732252961260865756,"Dầu Gội Thiên Nhiên Le Petit Marseillais Nhiều Mùi Hương 250ml Dưỡng Ẩm, Thơm Lâu - Phù Hợp Mọi Loại Da",Trị Gàu 2 In 1 Tinh Dầu Bạc Hà,1732252943759018204,DG74042,270000,364000,VND,1,Thanh toán khi giao hàng,Đã hoàn thành,iflyad07,Chương trình Lưu lượng truy cập bên ngoài,,fixed commission,,,,4,270000,9720,270000,9720,,,,,,0,0,08/06/2026 11:29:52,09/06/2026 20:08:17,08/06/2026 11:29:54,09/06/2026 20:08:17,25/06/2026 04:04:35,12/06/2026 19:25:20,TTS,Open/Target Collaboration
584427927585588250,1732251815880067292,"Sữa Tắm Pháp Le Petit Marseillais Cho Nam Chiết Xuất Thiên Nhiên 4in1 Nhiều Mùi Hương Dưỡng Ẩm, Thơm Lâu - Phù Hợp Mọi Loại Da (250ml)","Hương Gỗ Tuyết Tùng & Dương Xỉ, Standard",1732251749141219548,ST01172,205000,289550,VND,1,Thanh toán khi giao hàng,Đã hoàn thành,bacsidai98,Video,7646033878628486418,fixed commission,,,,8,205000,14760,205000,14760,,,,,,0,0,08/06/2026 13:16:45,09/06/2026 22:49:20,08/06/2026 13:16:47,09/06/2026 22:49:20,25/06/2026 05:08:25,12/06/2026 15:03:17,TTS,Open/Target Collaboration
584428550422758943,1732252961260865756,"Dầu Gội Thiên Nhiên Le Petit Marseillais Nhiều Mùi Hương 250ml Dưỡng Ẩm, Thơm Lâu - Phù Hợp Mọi Loại Da",Cấp Ẩm Chuyên Sâu Từ Nước Dừa,1732252943758952668,DG37429,270000,364000,VND,1,Thanh toán khi giao hàng,Đã hoàn thành,meo.review56,Video,7645684171192470792,fixed commission,,,,,270000,,270000,,3,7290,,,,0,0,08/06/2026 14:00:30,09/06/2026 21:06:36,08/06/2026 14:00:32,09/06/2026 21:06:36,25/06/2026 00:53:56,12/06/2026 15:52:35,TTS,Open/Target Collaboration
584429670799017942,1731893265443752156,"Sữa Tắm Pháp Le Petit Marseillais Quả Mâm Xôi & Hoa Mẫu Đơn Hữu Cơ Dưỡng Ẩm, Thơm Lâu - Phù Hợp Mọi Loại Da (250ml)","Quả Mâm Xôi & Hoa Mẫu Đơn, Standard",1731893265444210908,ST48441,210000,291700,VND,1,Thanh toán khi giao hàng,Đã hoàn thành,trankimdung249,Video,7529161069151964424,fixed commission,,,,8,210000,15120,210000,15120,,,,,,0,0,08/06/2026 15:26:11,09/06/2026 13:14:14,08/06/2026 15:26:13,09/06/2026 13:14:14,25/06/2026 01:42:27,12/06/2026 11:00:43,TTS,Open/Target Collaboration
584429872495166838,1732251815880067292,"Sữa Tắm Pháp Le Petit Marseillais Cho Nam Chiết Xuất Thiên Nhiên 4in1 Nhiều Mùi Hương Dưỡng Ẩm, Thơm Lâu - Phù Hợp Mọi Loại Da (250ml)","Hương Gỗ Tuyết Tùng & Dương Xỉ, Standard",1732251749141219548,ST01172,205000,295800,VND,1,Thanh toán khi giao hàng,Đã hoàn thành,huongnhatohsea,Video,7570282303302241543,fixed commission,,,,8,205000,14760,205000,14760,,,,,,0,0,08/06/2026 15:41:58,10/06/2026 12:24:56,08/06/2026 15:41:59,10/06/2026 12:24:56,26/06/2026 05:39:20,13/06/2026 12:13:16,TTS,Open/Target Collaboration
584430635098343080,1732250928810920156,"Sữa Tắm/Gel Tắm Pháp Le Petit Marseillais Thiên Nhiên 250ml - Sữa Tắm Lưu Hương Lành Tính - Dịu Nhẹ, An Toàn Cho Da","Hương Lựu, Standard",1732250914984724700,ST19308,210000,286000,VND,1,Thanh toán khi giao hàng,Đã hủy,kinkechillchill,Video,7572051007237115154,fixed commission,0,0,0,8,210000,15120,,,,,,,,0,0,08/06/2026 16:42:46,,08/06/2026 16:42:47,,,,TTS,Open/Target Collaboration
584431190330017774,1732251815880067292,"Sữa Tắm Pháp Le Petit Marseillais Cho Nam Chiết Xuất Thiên Nhiên 4in1 Nhiều Mùi Hương Dưỡng Ẩm, Thơm Lâu - Phù Hợp Mọi Loại Da (250ml)","Hương Gỗ Tuyết Tùng & Dương Xỉ, Standard",1732251749141219548,ST01172,210000,289550,VND,1,Thanh toán khi giao hàng,Đã hủy,tuidayrou,Trưng bày,,fixed commission,0,0,0,8,210000,15120,,,,,,,,0,0,08/06/2026 17:25:10,,08/06/2026 17:25:11,,,,TTS,Open/Target Collaboration
584432041922561228,1732250928810920156,"Sữa Tắm/Gel Tắm Pháp Le Petit Marseillais Thiên Nhiên 250ml - Sữa Tắm Lưu Hương Lành Tính - Dịu Nhẹ, An Toàn Cho Da","Bạc Hà, Standard",1732250914984855772,ST92871,168028,293300,VND,1,Thanh toán khi giao hàng,Đã hoàn thành,kinkechillchill,Video,7572051007237115154,fixed commission,,,,8,168028,12098,168028,12098,,,,,,0,0,08/06/2026 18:25:53,10/06/2026 18:09:15,08/06/2026 18:25:55,10/06/2026 18:09:15,26/06/2026 02:29:10,13/06/2026 08:10:29,TTS,Open/Target Collaboration
584434532170564695,1733301625932317916,Combo Dầu Gội Xả Thiên Nhiên Chăm Sóc Tóc Le Petit Marseillais Mềm Mượt 250ML,Trà Xanh 7467+ Xả 7452,1733302289467606236,3574661537467 + 3574661574752,343140,520100,VND,1,Thanh toán khi giao hàng,Đã hoàn thành,huynhdangthong,Phát trực tiếp,7647001328643885840,fixed commission,,,,7,343140,21618,343140,21618,,,,,,0,0,08/06/2026 21:02:33,10/06/2026 17:09:32,08/06/2026 21:02:36,10/06/2026 17:09:32,26/06/2026 01:03:55,13/06/2026 12:50:28,TTS,Open/Target Collaboration
584436620291966875,1732251815880067292,"Sữa Tắm Pháp Le Petit Marseillais Cho Nam Chiết Xuất Thiên Nhiên 4in1 Nhiều Mùi Hương Dưỡng Ẩm, Thơm Lâu - Phù Hợp Mọi Loại Da (250ml)","Hương Gỗ Tuyết Tùng & Dương Xỉ, Standard",1732251749141219548,ST01172,205000,279900,VND,1,Thanh toán khi giao hàng,Đã hủy,duongmanhkien19,Video,7578474458705382676,fixed commission,0,0,0,8,205000,14760,,,,,,,,0,0,08/06/2026 23:26:35,,08/06/2026 23:26:36,,,,TTS,Open/Target Collaboration
584437279572068097,1732251815880067292,"Sữa Tắm Pháp Le Petit Marseillais Cho Nam Chiết Xuất Thiên Nhiên 4in1 Nhiều Mùi Hương Dưỡng Ẩm, Thơm Lâu - Phù Hợp Mọi Loại Da (250ml)","Hương Cam & Tinh Dầu Argan, Standard",1732251749141022940,ST01431,205000,289550,VND,1,Thanh toán khi giao hàng,Đã hoàn thành,duykhangrio,Trưng bày,,fixed commission,,,,8,205000,14760,205000,14760,,,,,,0,0,09/06/2026 00:46:41,10/06/2026 18:16:33,09/06/2026 00:46:42,10/06/2026 18:16:33,26/06/2026 05:21:00,13/06/2026 09:17:49,TTS,Open/Target Collaboration
584438817387677504,1732252957247965404,"Dầu Gội Le Petit Marseillais Nhiều Mùi Hương 300ml Dưỡng Ẩm, Thơm Lâu - Phù Hợp Mọi Loại Da",Táo & Oliu,1732252922366494940,DG31372,344400,546976,VND,1,Thanh toán khi giao hàng,Đã hoàn thành,ml.shop36,Video,7564595403824319751,fixed commission,,,,8,344400,24797,344400,24797,,,,,,0,0,09/06/2026 06:24:48,10/06/2026 21:15:22,09/06/2026 06:24:49,10/06/2026 21:15:22,26/06/2026 01:35:52,13/06/2026 08:31:45,TTS,Open/Target Collaboration
584438817387677504,1732252957247965404,"Dầu Gội Le Petit Marseillais Nhiều Mùi Hương 300ml Dưỡng Ẩm, Thơm Lâu - Phù Hợp Mọi Loại Da",Mật Ong & Hạt Mỡ,1732252922366560476,DG74554,344400,546977,VND,1,Thanh toán khi giao hàng,Đã hoàn thành,ml.shop36,Video,7564595403824319751,fixed commission,,,,8,344400,24797,344400,24797,,,,,,0,0,09/06/2026 06:24:48,10/06/2026 21:15:22,09/06/2026 06:24:49,10/06/2026 21:15:22,26/06/2026 01:35:52,13/06/2026 08:31:45,TTS,Open/Target Collaboration
584440636015675099,1732252957247965404,"Dầu Gội Le Petit Marseillais Nhiều Mùi Hương 300ml Dưỡng Ẩm, Thơm Lâu - Phù Hợp Mọi Loại Da",Mật Ong & Hạt Mỡ,1732252922366560476,DG74554,357000,556900,VND,1,Thanh toán khi giao hàng,Đã hoàn thành,haiidaynek,Video,7548126556418264327,fixed commission,,,,,357000,,357000,,3,9639,,,,0,0,09/06/2026 09:10:08,10/06/2026 20:16:03,09/06/2026 09:10:09,10/06/2026 20:16:03,26/06/2026 05:09:49,13/06/2026 12:37:21,TTS,Open/Target Collaboration
584441230480737441,1732251815880067292,"Sữa Tắm Pháp Le Petit Marseillais Cho Nam Chiết Xuất Thiên Nhiên 4in1 Nhiều Mùi Hương Dưỡng Ẩm, Thơm Lâu - Phù Hợp Mọi Loại Da (250ml)","Hương Gỗ Tuyết Tùng & Dương Xỉ, Standard",1732251749141219548,ST01172,205000,279900,VND,1,Thanh toán khi giao hàng,Đã hoàn thành,man.trung.737,Video,7595064670482877717,fixed commission,,,,8,205000,14760,205000,14760,,,,,,0,0,09/06/2026 10:04:43,10/06/2026 21:44:34,09/06/2026 10:04:44,10/06/2026 21:44:34,26/06/2026 02:17:45,13/06/2026 08:36:23,TTS,Open/Target Collaboration
584441567565481300,1732251815880067292,"Sữa Tắm Pháp Le Petit Marseillais Cho Nam Chiết Xuất Thiên Nhiên 4in1 Nhiều Mùi Hương Dưỡng Ẩm, Thơm Lâu - Phù Hợp Mọi Loại Da (250ml)","Hương Gỗ Tuyết Tùng & Dương Xỉ, Standard",1732251749141219548,ST01172,210000,279900,VND,1,Thanh toán khi giao hàng,Đã hủy,iflyad07,Chương trình Lưu lượng truy cập bên ngoài,,fixed commission,0,0,0,4,210000,7560,,,,,,,,0,0,09/06/2026 10:25:33,,09/06/2026 10:25:34,,,,TTS,Open/Target Collaboration
584443226885097471,1732250760944257244,"Sữa Tắm/Gel Tắm Pháp Le Petit Marseillais Chiết Xuất Thiên Nhiên 650ml - Sữa Tắm Lưu Hương Lành Tính - Dịu Nhẹ, An Toàn Cho Da","Hoa Tiare, Standard",1732250801268885724,ST68816,335750,530400,VND,1,Thanh toán khi giao hàng,Đã hoàn thành,iflyad07,Chương trình Lưu lượng truy cập bên ngoài,,fixed commission,,,,4,335750,12087,335750,12087,,,,,,0,0,09/06/2026 12:27:37,10/06/2026 19:42:39,09/06/2026 12:27:38,10/06/2026 19:42:39,26/06/2026 01:53:50,13/06/2026 13:28:12,TTS,Open/Target Collaboration
584443777229621187,1732251815880067292,"Sữa Tắm Pháp Le Petit Marseillais Cho Nam Chiết Xuất Thiên Nhiên 4in1 Nhiều Mùi Hương Dưỡng Ẩm, Thơm Lâu - Phù Hợp Mọi Loại Da (250ml)","Hương Gỗ Tuyết Tùng & Dương Xỉ, Standard",1732251749141219548,ST01172,205000,289550,VND,1,Thanh toán khi giao hàng,Đã hoàn thành,duongmanhkien19,Video,7578474458705382676,fixed commission,,,,8,205000,14760,205000,14760,,,,,,0,0,09/06/2026 13:06:13,10/06/2026 22:19:05,09/06/2026 13:06:15,10/06/2026 22:19:05,26/06/2026 00:58:15,13/06/2026 11:41:54,TTS,Open/Target Collaboration
584443886187611321,1732251815880067292,"Sữa Tắm Pháp Le Petit Marseillais Cho Nam Chiết Xuất Thiên Nhiên 4in1 Nhiều Mùi Hương Dưỡng Ẩm, Thơm Lâu - Phù Hợp Mọi Loại Da (250ml)","Hương Gỗ Tuyết Tùng & Dương Xỉ, Standard",1732251749141219548,ST01172,205000,279900,VND,1,Không áp dụng thanh toán khi giao hàng,Đã hoàn thành,man.trung.737,Video,7595064670482877717,fixed commission,,,,8,205000,14760,205000,14760,,,,,,0,0,09/06/2026 13:13:20,09/06/2026 13:13:26,09/06/2026 13:13:26,10/06/2026 10:54:13,26/06/2026 00:31:52,13/06/2026 09:04:38,TTS,Open/Target Collaboration
584444881852597841,1732251815880067292,"Sữa Tắm Pháp Le Petit Marseillais Cho Nam Chiết Xuất Thiên Nhiên 4in1 Nhiều Mùi Hương Dưỡng Ẩm, Thơm Lâu - Phù Hợp Mọi Loại Da (250ml)","Khoáng Chất & Gỗ Hoàng Đàn, Standard",1732251749140957404,ST01318,205000,289550,VND,1,Thanh toán khi giao hàng,Đã hoàn thành,man.trung.737,Video,7595064670482877717,fixed commission,,,,8,205000,14760,205000,14760,,,,,,0,0,09/06/2026 14:22:18,10/06/2026 13:14:10,09/06/2026 14:22:20,10/06/2026 13:14:10,26/06/2026 03:55:20,13/06/2026 09:03:34,TTS,Open/Target Collaboration
584444991166580049,1732251815880067292,"Sữa Tắm Pháp Le Petit Marseillais Cho Nam Chiết Xuất Thiên Nhiên 4in1 Nhiều Mùi Hương Dưỡng Ẩm, Thơm Lâu - Phù Hợp Mọi Loại Da (250ml)","Hương Gỗ Tuyết Tùng & Dương Xỉ, Standard",1732251749141219548,ST01172,205000,279900,VND,1,Thanh toán khi giao hàng,Đã hoàn thành,duongmanhkien19,Video,7589190858113649928,fixed commission,,,,8,205000,14760,205000,14760,,,,,,0,0,09/06/2026 14:37:36,10/06/2026 21:46:43,09/06/2026 14:37:37,10/06/2026 21:46:43,26/06/2026 05:37:55,13/06/2026 09:26:21,TTS,Open/Target Collaboration
584445030067831873,1732251815880067292,"Sữa Tắm Pháp Le Petit Marseillais Cho Nam Chiết Xuất Thiên Nhiên 4in1 Nhiều Mùi Hương Dưỡng Ẩm, Thơm Lâu - Phù Hợp Mọi Loại Da (250ml)","Hương Gỗ Tuyết Tùng & Dương Xỉ, Standard",1732251749141219548,ST01172,190000,279900,VND,1,Thanh toán khi giao hàng,Đã hoàn thành,meo.review56,Video,7648303963548257543,fixed commission,,,,,190000,,190000,,3,5130,,,,0,0,09/06/2026 14:40:12,10/06/2026 10:54:04,09/06/2026 14:40:13,10/06/2026 10:54:04,26/06/2026 05:15:06,13/06/2026 08:30:58,TTS,Open/Target Collaboration
584445693328524871,1732251815880067292,"Sữa Tắm Pháp Le Petit Marseillais Cho Nam Chiết Xuất Thiên Nhiên 4in1 Nhiều Mùi Hương Dưỡng Ẩm, Thơm Lâu - Phù Hợp Mọi Loại Da (250ml)","Hương Gỗ Tuyết Tùng & Dương Xỉ, Standard",1732251749141219548,ST01172,205000,279900,VND,1,Thanh toán khi giao hàng,Đã hoàn thành,man.trung.737,Video,7595064670482877717,fixed commission,,,,8,205000,14760,205000,14760,,,,,,0,0,09/06/2026 15:32:36,10/06/2026 18:12:19,09/06/2026 15:32:37,10/06/2026 18:12:19,26/06/2026 02:03:30,13/06/2026 13:25:25,TTS,Open/Target Collaboration
584445767024150282,1731317167366243548,[Quà tặng không bán] Bông Tắm Tạo Bọt Mềm Mịn,Mặc định,1731317148230255836,BONG TAM HQ,0,7900,VND,1,Không áp dụng thanh toán khi giao hàng,Đã hoàn thành,lepetitmarseillaisvn,Phát trực tiếp,7647138615708912391,fixed commission,,,,,0,,0,,,,,,,0,0,09/06/2026 15:38:45,09/06/2026 15:38:50,09/06/2026 15:38:51,10/06/2026 11:24:06,26/06/2026 05:33:03,13/06/2026 11:03:27,TTS,Open/Target Collaboration
584445767024150282,1732251815880067292,"Sữa Tắm Pháp Le Petit Marseillais Cho Nam Chiết Xuất Thiên Nhiên 4in1 Nhiều Mùi Hương Dưỡng Ẩm, Thơm Lâu - Phù Hợp Mọi Loại Da (250ml)","Hương Gỗ Tuyết Tùng & Dương Xỉ, Standard",1732251749141219548,ST01172,205000,279900,VND,1,Không áp dụng thanh toán khi giao hàng,Đã hoàn thành,meo.review56,Video,7648303963548257543,fixed commission,,,,,205000,,205000,,3,5535,,,,0,0,09/06/2026 15:38:45,09/06/2026 15:38:50,09/06/2026 15:38:51,10/06/2026 11:24:06,26/06/2026 05:33:03,13/06/2026 11:03:27,TTS,Open/Target Collaboration
584446164788413501,1732251815880067292,"Sữa Tắm Pháp Le Petit Marseillais Cho Nam Chiết Xuất Thiên Nhiên 4in1 Nhiều Mùi Hương Dưỡng Ẩm, Thơm Lâu - Phù Hợp Mọi Loại Da (250ml)","Hương Gừng & Gỗ Bách, Standard",1732251749141285084,ST04371,174250,282450,VND,1,Thanh toán khi giao hàng,Đã hoàn thành,lepthelittlekid,Video,7594749644052204818,fixed commission,,,,,174250,,174250,,5,7842,,,,0,0,09/06/2026 16:08:21,11/06/2026 16:15:42,09/06/2026 16:08:22,11/06/2026 16:15:42,27/06/2026 04:03:43,14/06/2026 10:01:05,TTS,Open/Target Collaboration
584448646115854297,1732250760944257244,"Sữa Tắm/Gel Tắm Pháp Le Petit Marseillais Chiết Xuất Thiên Nhiên 650ml - Sữa Tắm Lưu Hương Lành Tính - Dịu Nhẹ, An Toàn Cho Da","Thông & Bạch Đàn Biển, Standard",1732250801268689116,ST01902,327850,545267,VND,1,Thanh toán khi giao hàng,Đã hoàn thành,lepetitmarseillaisvn,Phát trực tiếp,7649364550224235282,fixed commission,,,,,327850,,327850,,,,,,,0,0,09/06/2026 19:15:32,11/06/2026 08:46:28,09/06/2026 19:15:33,11/06/2026 08:46:28,27/06/2026 05:08:31,,TTS,Open/Target Collaboration
584448709742593814,1731317167366243548,[Quà tặng không bán] Bông Tắm Tạo Bọt Mềm Mịn,Mặc định,1731317148230255836,BONG TAM HQ,0,11611,VND,1,Thanh toán khi giao hàng,Đã hoàn thành,lepetitmarseillaisvn,Phát trực tiếp,7649364550224235282,fixed commission,,,,,0,,0,,,,,,,0,0,09/06/2026 19:19:55,11/06/2026 21:00:31,09/06/2026 19:19:56,11/06/2026 21:00:31,27/06/2026 05:43:16,,TTS,Open/Target Collaboration
584448709742593814,1733398801247536348,Sữa Tắm Nam 4 in 1  Thiên Nhiên Le Petit Marseillais Chiết Xuất Gỗ Tuyết Tùng & Dương Xỉ 250ml 1172,Mặc định,1733398851758556380,ST01172,180600,281289,VND,1,Thanh toán khi giao hàng,Đã hoàn thành,lepetitmarseillaisvn,Phát trực tiếp,7649364550224235282,fixed commission,,,,,180600,,180600,,,,,,,0,0,09/06/2026 19:19:55,11/06/2026 21:00:31,09/06/2026 19:19:56,11/06/2026 21:00:31,27/06/2026 05:43:16,,TTS,Open/Target Collaboration
584448759004432170,1734496604995683548,Xà Phòng Le Petit Marseillais Chính Hãng Bánh Xà Phòng Tắm Thiên Nhiên (Ngẫu nhiên)  1 Bánh,Mặc định,1734496577198523612,1 BÁNH-XP,0,4129,VND,1,Không áp dụng thanh toán khi giao hàng,Đã hoàn thành,iflytek02,Chương trình Lưu lượng truy cập bên ngoài,,fixed commission,,,,,0,,0,,,,,,,0,0,09/06/2026 19:22:39,09/06/2026 19:22:44,09/06/2026 19:22:44,11/06/2026 15:19:02,27/06/2026 01:21:09,,TTS,Open/Target Collaboration
584448759004432170,1735825238342141148,[KOL] Sữa Tắm Le Petit Marseillais Hoa Tiaré 92% Tự Nhiên 650ml,Mặc định,1735825325928187100,ST68816,425580,549971,VND,1,Không áp dụng thanh toán khi giao hàng,Đã hoàn thành,lepetitmarseillaisvn,Phát trực tiếp,7649364550224235282,fixed commission,,,,,425580,,425580,,,,,,,0,0,09/06/2026 19:22:39,09/06/2026 19:22:44,09/06/2026 19:22:44,11/06/2026 15:19:02,27/06/2026 01:21:09,,TTS,Open/Target Collaboration
584448872799765970,1732251815880067292,"Sữa Tắm Pháp Le Petit Marseillais Cho Nam Chiết Xuất Thiên Nhiên 4in1 Nhiều Mùi Hương Dưỡng Ẩm, Thơm Lâu - Phù Hợp Mọi Loại Da (250ml)","Hương Gỗ Tuyết Tùng & Dương Xỉ, Standard",1732251749141219548,ST01172,174250,286850,VND,1,Thanh toán khi giao hàng,Đã hoàn thành,duongmanhkien19,Video,7589190858113649928,fixed commission,,,,8,174250,12546,174250,12546,,,,,,0,0,09/06/2026 19:28:21,11/06/2026 20:29:18,09/06/2026 19:28:22,11/06/2026 20:29:18,27/06/2026 05:56:15,14/06/2026 11:32:33,TTS,Open/Target Collaboration
584448882795382162,1735734318844052700,"[KOL huynhdangthong x LPM] Sữa Tắm/Gel Tắm Pháp Le Petit Marseillais Chiết Xuất Thiên Nhiên 650ml - Sữa Tắm Lưu Hương Lành Tính - Dịu Nhẹ, An Toàn Cho Da","Hoa Tiare, Standard",1735734212754703580,ST68816,331500,532680,VND,1,Không áp dụng thanh toán khi giao hàng,Đã hoàn thành,lepetitmarseillaisvn,Phát trực tiếp,7649364550224235282,fixed commission,,,,,331500,,331500,,,,,,,0,0,09/06/2026 19:34:11,09/06/2026 19:34:16,09/06/2026 19:34:16,11/06/2026 12:25:05,27/06/2026 03:50:26,,TTS,Open/Target Collaboration
584448882795382162,1735803452711142620,Dầu Xả Cấp Ẩm Le Petit Marseillais Nước Dừa Hữu Cơ 200ml,Mặc định,1735803348866008284,DX74752,0,3420,VND,1,Không áp dụng thanh toán khi giao hàng,Đã hoàn thành,lepetitmarseillaisvn,Phát trực tiếp,7649364550224235282,fixed commission,,,,,0,,0,,,,,,,0,0,09/06/2026 19:34:11,09/06/2026 19:34:16,09/06/2026 19:34:16,11/06/2026 12:25:05,27/06/2026 03:50:26,,TTS,Open/Target Collaboration
584449342904173647,1731317167366243548,[Quà tặng không bán] Bông Tắm Tạo Bọt Mềm Mịn,Mặc định,1731317148230255836,BONG TAM HQ,0,23800,VND,1,Không áp dụng thanh toán khi giao hàng,Đã hoàn thành,lepetitmarseillaisvn,Phát trực tiếp,7649364550224235282,fixed commission,,,,,0,,0,,,,,,,0,0,09/06/2026 20:00:39,09/06/2026 20:00:46,09/06/2026 20:00:48,11/06/2026 15:40:32,27/06/2026 03:27:57,,TTS,Open/Target Collaboration
584449342904173647,1732251815880067292,"Sữa Tắm Pháp Le Petit Marseillais Cho Nam Chiết Xuất Thiên Nhiên 4in1 Nhiều Mùi Hương Dưỡng Ẩm, Thơm Lâu - Phù Hợp Mọi Loại Da (250ml)","Hương Gỗ Tuyết Tùng & Dương Xỉ, Standard",1732251749141219548,ST01172,170000,295800,VND,1,Không áp dụng thanh toán khi giao hàng,Đã hoàn thành,lepetitmarseillaisvn,Phát trực tiếp,7649364550224235282,fixed commission,,,,,170000,,170000,,,,,,,0,0,09/06/2026 20:00:39,09/06/2026 20:00:46,09/06/2026 20:00:48,11/06/2026 15:40:32,27/06/2026 03:27:57,,TTS,Open/Target Collaboration
584449485424002772,1731317167366243548,[Quà tặng không bán] Bông Tắm Tạo Bọt Mềm Mịn,Mặc định,1731317148230255836,BONG TAM HQ,0,10450,VND,1,Không áp dụng thanh toán khi giao hàng,Đã hoàn thành,lepetitmarseillaisvn,Phát trực tiếp,7649364550224235282,fixed commission,,,,,0,,0,,,,,,,0,0,09/06/2026 20:09:54,09/06/2026 20:10:18,09/06/2026 20:10:18,11/06/2026 09:17:21,27/06/2026 00:12:45,,TTS,Open/Target Collaboration
584449485424002772,1732251815880067292,"Sữa Tắm Pháp Le Petit Marseillais Cho Nam Chiết Xuất Thiên Nhiên 4in1 Nhiều Mùi Hương Dưỡng Ẩm, Thơm Lâu - Phù Hợp Mọi Loại Da (250ml)","Hương Gỗ Tuyết Tùng & Dương Xỉ, Standard",1732251749141219548,ST01172,205000,282450,VND,1,Không áp dụng thanh toán khi giao hàng,Đã hoàn thành,lepetitmarseillaisvn,Phát trực tiếp,7649364550224235282,fixed commission,,,,,205000,,205000,,,,,,,0,0,09/06/2026 20:09:54,09/06/2026 20:10:18,09/06/2026 20:10:18,11/06/2026 09:17:21,27/06/2026 00:12:45,,TTS,Open/Target Collaboration
584449496097916882,1731317167366243548,[Quà tặng không bán] Bông Tắm Tạo Bọt Mềm Mịn,Mặc định,1731317148230255836,BONG TAM HQ,0,1900,VND,1,Thanh toán khi giao hàng,Đã hoàn thành,lepetitmarseillaisvn,Phát trực tiếp,7649364550224235282,fixed commission,,,,,0,,0,,,,,,,0,0,09/06/2026 20:11:33,11/06/2026 14:30:14,09/06/2026 20:11:34,11/06/2026 14:30:14,27/06/2026 03:44:58,,TTS,Open/Target Collaboration
584449496097916882,1732251815880067292,"Sữa Tắm Pháp Le Petit Marseillais Cho Nam Chiết Xuất Thiên Nhiên 4in1 Nhiều Mùi Hương Dưỡng Ẩm, Thơm Lâu - Phù Hợp Mọi Loại Da (250ml)","Hương Gỗ Tuyết Tùng & Dương Xỉ, Standard",1732251749141219548,ST01172,180000,273900,VND,1,Thanh toán khi giao hàng,Đã hoàn thành,lepetitmarseillaisvn,Phát trực tiếp,7649364550224235282,fixed commission,,,,,180000,,180000,,,,,,,0,0,09/06/2026 20:11:33,11/06/2026 14:30:14,09/06/2026 20:11:34,11/06/2026 14:30:14,27/06/2026 03:44:58,,TTS,Open/Target Collaboration
584449538382595582,1735734318844052700,"[KOL huynhdangthong x LPM] Sữa Tắm/Gel Tắm Pháp Le Petit Marseillais Chiết Xuất Thiên Nhiên 650ml - Sữa Tắm Lưu Hương Lành Tính - Dịu Nhẹ, An Toàn Cho Da","Thông & Bạch Đàn Biển, Standard",1735734212754506972,ST01902,331500,536680,VND,1,Không áp dụng thanh toán khi giao hàng,Đã hoàn thành,lepetitmarseillaisvn,Phát trực tiếp,7649364550224235282,fixed commission,,,,,331500,,331500,,,,,,,0,0,09/06/2026 20:16:27,09/06/2026 20:16:31,09/06/2026 20:16:31,11/06/2026 10:21:16,27/06/2026 05:26:46,,TTS,Open/Target Collaboration
584449538382595582,1735803452711142620,Dầu Xả Cấp Ẩm Le Petit Marseillais Nước Dừa Hữu Cơ 200ml,Mặc định,1735803348866008284,DX74752,0,4420,VND,1,Không áp dụng thanh toán khi giao hàng,Đã hoàn thành,lepetitmarseillaisvn,Phát trực tiếp,7649364550224235282,fixed commission,,,,,0,,0,,,,,,,0,0,09/06/2026 20:16:27,09/06/2026 20:16:31,09/06/2026 20:16:31,11/06/2026 10:21:16,27/06/2026 05:26:46,,TTS,Open/Target Collaboration
584450030739490606,1732251815880067292,"Sữa Tắm Pháp Le Petit Marseillais Cho Nam Chiết Xuất Thiên Nhiên 4in1 Nhiều Mùi Hương Dưỡng Ẩm, Thơm Lâu - Phù Hợp Mọi Loại Da (250ml)","Hương Gỗ Tuyết Tùng & Dương Xỉ, Standard",1732251749141219548,ST01172,165000,276900,VND,1,Thanh toán khi giao hàng,Đã hoàn thành,lepetitmarseillaisvn,Phát trực tiếp,7649364550224235282,fixed commission,,,,,165000,,165000,,,,,,,0,0,09/06/2026 20:43:36,11/06/2026 17:24:43,09/06/2026 20:43:38,11/06/2026 17:24:43,27/06/2026 01:53:48,,TTS,Open/Target Collaboration
584450030739490606,1731317167366243548,[Quà tặng không bán] Bông Tắm Tạo Bọt Mềm Mịn,Mặc định,1731317148230255836,BONG TAM HQ,0,4900,VND,1,Thanh toán khi giao hàng,Đã hoàn thành,lepetitmarseillaisvn,Phát trực tiếp,7649364550224235282,fixed commission,,,,,0,,0,,,,,,,0,0,09/06/2026 20:43:36,11/06/2026 17:24:43,09/06/2026 20:43:38,11/06/2026 17:24:43,27/06/2026 01:53:48,,TTS,Open/Target Collaboration
584450456863344027,1734496604995683548,Xà Phòng Le Petit Marseillais Chính Hãng Bánh Xà Phòng Tắm Thiên Nhiên (Ngẫu nhiên)  1 Bánh,Mặc định,1734496577198523612,1 BÁNH-XP,75000,89000,VND,1,Thanh toán khi giao hàng,Đã hoàn thành,lepetitmarseillaisvn,Phát trực tiếp,7649364550224235282,fixed commission,,,,,75000,,75000,,,,,,,0,0,09/06/2026 21:12:28,11/06/2026 20:27:12,09/06/2026 21:12:29,11/06/2026 20:27:12,27/06/2026 01:54:03,,TTS,Open/Target Collaboration
584450562176943990,1732250760944257244,"Sữa Tắm/Gel Tắm Pháp Le Petit Marseillais Chiết Xuất Thiên Nhiên 650ml - Sữa Tắm Lưu Hương Lành Tính - Dịu Nhẹ, An Toàn Cho Da","Đào Trắng & Quả Xuân Đào, Standard",1732250801269016796,ST01288,395000,537667,VND,1,Thanh toán khi giao hàng,Đã hoàn thành,haiidaynek,Video,7550367424923585810,fixed commission,,,,8,395000,28440,395000,28440,,,,,,0,0,09/06/2026 21:14:00,11/06/2026 13:36:07,09/06/2026 21:14:02,11/06/2026 13:36:07,27/06/2026 04:15:52,14/06/2026 10:13:57,TTS,Open/Target Collaboration
584116507113653475,1733398801247536348,Sữa Tắm Nam 4 in 1  Thiên Nhiên Le Petit Marseillais Chiết Xuất Gỗ Tuyết Tùng & Dương Xỉ 250ml 1172,Mặc định,1733398851758556380,ST01172,172155,274890,VND,1,Không áp dụng thanh toán khi giao hàng,Đã hoàn thành,lepetitmarseillaisvn,Phát trực tiếp,7649364550224235282,fixed commission,,,,,172155,,172155,,,,,,,0,0,09/06/2026 21:22:31,09/06/2026 21:22:56,09/06/2026 21:22:58,11/06/2026 09:36:45,27/06/2026 04:30:56,,TTS,Open/Target Collaboration
584116507113653475,1735802502617335004,Sữa Tắm Le Petit Marseillais Chiết Xuất Quả Mơ Cho Da Nhạy Cảm Em Bé 400ml,Mặc định,1735802526694278364,ST53379,278728,444612,VND,1,Không áp dụng thanh toán khi giao hàng,Đã hoàn thành,lepetitmarseillaisvn,Phát trực tiếp,7649364550224235282,fixed commission,,,,,278728,,278728,,,,,,,0,0,09/06/2026 21:22:31,09/06/2026 21:22:56,09/06/2026 21:22:58,11/06/2026 09:36:45,27/06/2026 04:30:56,,TTS,Open/Target Collaboration
584116507113653475,1735802678528738524,Sữa Tắm Le Petit Marseillais Chiết Xuất Hoa Hanh Nhân Cho Da Nhạy Cảm 98% Thiên Nhiên 400ml,Mặc định,1735802713549341916,ST55055,278728,444613,VND,1,Không áp dụng thanh toán khi giao hàng,Đã hoàn thành,lepetitmarseillaisvn,Phát trực tiếp,7649364550224235282,fixed commission,,,,,278728,,278728,,,,,,,0,0,09/06/2026 21:22:31,09/06/2026 21:22:56,09/06/2026 21:22:58,11/06/2026 09:36:45,27/06/2026 04:30:56,,TTS,Open/Target Collaboration
584116507113653475,1731317167366243548,[Quà tặng không bán] Bông Tắm Tạo Bọt Mềm Mịn,Mặc định,1731317148230255836,BONG TAM HQ,0,3612,VND,2,Không áp dụng thanh toán khi giao hàng,Đã hoàn thành,lepetitmarseillaisvn,Phát trực tiếp,7649364550224235282,fixed commission,,,,,0,,0,,,,,,,0,0,09/06/2026 21:22:31,09/06/2026 21:22:56,09/06/2026 21:22:58,11/06/2026 09:36:45,27/06/2026 04:30:56,,TTS,Open/Target Collaboration
584116507113653475,1732250760944257244,"Sữa Tắm/Gel Tắm Pháp Le Petit Marseillais Chiết Xuất Thiên Nhiên 650ml - Sữa Tắm Lưu Hương Lành Tính - Dịu Nhẹ, An Toàn Cho Da","Thông & Bạch Đàn Biển, Standard",1732250801268689116,ST01902,323816,526225,VND,1,Không áp dụng thanh toán khi giao hàng,Đã hoàn thành,lepetitmarseillaisvn,Phát trực tiếp,7649364550224235282,fixed commission,,,,,323816,,323816,,,,,,,0,0,09/06/2026 21:22:31,09/06/2026 21:22:56,09/06/2026 21:22:58,11/06/2026 09:36:45,27/06/2026 04:30:56,,TTS,Open/Target Collaboration
584116507113653475,1732250760944257244,"Sữa Tắm/Gel Tắm Pháp Le Petit Marseillais Chiết Xuất Thiên Nhiên 650ml - Sữa Tắm Lưu Hương Lành Tính - Dịu Nhẹ, An Toàn Cho Da","Hạnh Nhân, Standard",1732250801269213404,ST53594,323816,526224,VND,1,Không áp dụng thanh toán khi giao hàng,Đã hoàn thành,lepetitmarseillaisvn,Phát trực tiếp,7649364550224235282,fixed commission,,,,,323816,,323816,,,,,,,0,0,09/06/2026 21:22:31,09/06/2026 21:22:56,09/06/2026 21:22:58,11/06/2026 09:36:45,27/06/2026 04:30:56,,TTS,Open/Target Collaboration
584116507113653475,1732251815880067292,"Sữa Tắm Pháp Le Petit Marseillais Cho Nam Chiết Xuất Thiên Nhiên 4in1 Nhiều Mùi Hương Dưỡng Ẩm, Thơm Lâu - Phù Hợp Mọi Loại Da (250ml)","Hương Thông & Bạch Đàn Biển, Standard",1732251749141154012,ST01356,168057,275612,VND,1,Không áp dụng thanh toán khi giao hàng,Đã hoàn thành,lepetitmarseillaisvn,Phát trực tiếp,7649364550224235282,fixed commission,,,,,168057,,168057,,,,,,,0,0,09/06/2026 21:22:31,09/06/2026 21:22:56,09/06/2026 21:22:58,11/06/2026 09:36:45,27/06/2026 04:30:56,,TTS,Open/Target Collaboration
584450791000344350,1731317167366243548,[Quà tặng không bán] Bông Tắm Tạo Bọt Mềm Mịn,Mặc định,1731317148230255836,BONG TAM HQ,0,20700,VND,1,Thanh toán khi giao hàng,Đã hoàn thành,lepetitmarseillaisvn,Phát trực tiếp,7649364550224235282,fixed commission,,,,,0,,0,,,,,,,0,0,09/06/2026 21:28:10,11/06/2026 17:35:17,09/06/2026 21:28:12,11/06/2026 17:35:17,27/06/2026 04:44:56,,TTS,Open/Target Collaboration
584450791000344350,1732251815880067292,"Sữa Tắm Pháp Le Petit Marseillais Cho Nam Chiết Xuất Thiên Nhiên 4in1 Nhiều Mùi Hương Dưỡng Ẩm, Thơm Lâu - Phù Hợp Mọi Loại Da (250ml)","Hương Thông & Bạch Đàn Biển, Standard",1732251749141154012,ST01356,184500,292700,VND,1,Thanh toán khi giao hàng,Đã hoàn thành,lepetitmarseillaisvn,Phát trực tiếp,7649364550224235282,fixed commission,,,,,184500,,184500,,,,,,,0,0,09/06/2026 21:28:10,11/06/2026 17:35:17,09/06/2026 21:28:12,11/06/2026 17:35:17,27/06/2026 04:44:56,,TTS,Open/Target Collaboration
584450901521237380,1732251815880067292,"Sữa Tắm Pháp Le Petit Marseillais Cho Nam Chiết Xuất Thiên Nhiên 4in1 Nhiều Mùi Hương Dưỡng Ẩm, Thơm Lâu - Phù Hợp Mọi Loại Da (250ml)","Hương Gỗ Tuyết Tùng & Dương Xỉ, Standard",1732251749141219548,ST01172,174250,289550,VND,1,Thanh toán khi giao hàng,Đã hủy,man.trung.737,Video,7595064670482877717,fixed commission,0,0,0,8,174250,12546,,,,,,,,0,0,09/06/2026 21:40:41,,09/06/2026 21:40:43,,,,TTS,Open/Target Collaboration
584450993667474820,1732251815880067292,"Sữa Tắm Pháp Le Petit Marseillais Cho Nam Chiết Xuất Thiên Nhiên 4in1 Nhiều Mùi Hương Dưỡng Ẩm, Thơm Lâu - Phù Hợp Mọi Loại Da (250ml)","Hương Gỗ Tuyết Tùng & Dương Xỉ, Standard",1732251749141219548,ST01172,174250,289550,VND,1,Thanh toán khi giao hàng,Đã hoàn thành,man.trung.737,Video,7595064670482877717,fixed commission,,,,8,174250,12546,174250,12546,,,,,,0,0,09/06/2026 21:41:41,11/06/2026 13:31:53,09/06/2026 21:41:42,11/06/2026 13:31:53,27/06/2026 04:16:38,14/06/2026 07:03:18,TTS,Open/Target Collaboration
584451265928988530,1732251815880067292,"Sữa Tắm Pháp Le Petit Marseillais Cho Nam Chiết Xuất Thiên Nhiên 4in1 Nhiều Mùi Hương Dưỡng Ẩm, Thơm Lâu - Phù Hợp Mọi Loại Da (250ml)","Hương Gỗ Tuyết Tùng & Dương Xỉ, Standard",1732251749141219548,ST01172,174250,280850,VND,1,Thanh toán khi giao hàng,Đã hoàn thành,man.trung.737,Video,7595064670482877717,fixed commission,,,,8,174250,12546,174250,12546,,,,,,0,0,09/06/2026 21:51:56,11/06/2026 17:51:31,09/06/2026 21:51:58,11/06/2026 17:51:31,27/06/2026 04:35:22,14/06/2026 11:08:21,TTS,Open/Target Collaboration
584451297069925747,1731317167366243548,[Quà tặng không bán] Bông Tắm Tạo Bọt Mềm Mịn,Mặc định,1731317148230255836,BONG TAM HQ,0,13133,VND,1,Thanh toán khi giao hàng,Đã hủy,lepetitmarseillaisvn,Phát trực tiếp,7649364550224235282,fixed commission,,,,,0,,,,,,,,,0,0,09/06/2026 22:01:29,,09/06/2026 22:01:32,,,,TTS,Open/Target Collaboration
584451297069925747,1732250760944257244,"Sữa Tắm/Gel Tắm Pháp Le Petit Marseillais Chiết Xuất Thiên Nhiên 650ml - Sữa Tắm Lưu Hương Lành Tính - Dịu Nhẹ, An Toàn Cho Da","Hương Xoài & Chanh Dây, Standard",1732250801268951260,ST68823,316000,545267,VND,1,Thanh toán khi giao hàng,Đã hủy,lepetitmarseillaisvn,Phát trực tiếp,7649364550224235282,fixed commission,,,,,316000,,,,,,,,,0,0,09/06/2026 22:01:29,,09/06/2026 22:01:32,,,,TTS,Open/Target Collaboration
584451297069794675,1731895043839658204,"Sữa Dưỡng Thể Le Petit Marseillais Bơ Hạt Mỡ, Hạnh Nhân, Dầu Argan Dưỡng Ẩm, Thơm Lâu - Phù Hợp Mọi Loại Da (400ml)","Bơ Hạt Mỡ, Hạnh Nhân, Dầu Argan, Standard",1731895043839723740,DT83916,392000,683600,VND,1,Thanh toán khi giao hàng,Đã hủy,lepetitmarseillaisvn,Phát trực tiếp,7647138615708912391,fixed commission,,,,,392000,,,,,,,,,0,0,09/06/2026 22:01:29,,09/06/2026 22:01:32,,,,TTS,Open/Target Collaboration
584451415648011464,1731317167366243548,[Quà tặng không bán] Bông Tắm Tạo Bọt Mềm Mịn,Mặc định,1731317148230255836,BONG TAM HQ,0,17550,VND,1,Thanh toán khi giao hàng,Đã hoàn thành,lepetitmarseillaisvn,Phát trực tiếp,7649364550224235282,fixed commission,,,,,0,,0,,,,,,,0,0,09/06/2026 22:09:55,12/06/2026 13:51:42,09/06/2026 22:09:56,12/06/2026 13:51:42,28/06/2026 03:07:38,,TTS,Open/Target Collaboration
584451415648011464,1732251815880067292,"Sữa Tắm Pháp Le Petit Marseillais Cho Nam Chiết Xuất Thiên Nhiên 4in1 Nhiều Mùi Hương Dưỡng Ẩm, Thơm Lâu - Phù Hợp Mọi Loại Da (250ml)","Hương Thông & Bạch Đàn Biển, Standard",1732251749141154012,ST01356,184500,289550,VND,1,Thanh toán khi giao hàng,Đã hoàn thành,lepetitmarseillaisvn,Phát trực tiếp,7649364550224235282,fixed commission,,,,,184500,,184500,,,,,,,0,0,09/06/2026 22:09:55,12/06/2026 13:51:42,09/06/2026 22:09:56,12/06/2026 13:51:42,28/06/2026 03:07:38,,TTS,Open/Target Collaboration
584451413307786440,1731317167366243548,[Quà tặng không bán] Bông Tắm Tạo Bọt Mềm Mịn,Mặc định,1731317148230255836,BONG TAM HQ,0,17550,VND,1,Thanh toán khi giao hàng,Đã hoàn thành,lepetitmarseillaisvn,Phát trực tiếp,7649364550224235282,fixed commission,,,,,0,,0,,,,,,,0,0,09/06/2026 22:10:22,12/06/2026 13:50:23,09/06/2026 22:10:25,12/06/2026 13:50:23,28/06/2026 03:48:02,,TTS,Open/Target Collaboration
584451413307786440,1732251815880067292,"Sữa Tắm Pháp Le Petit Marseillais Cho Nam Chiết Xuất Thiên Nhiên 4in1 Nhiều Mùi Hương Dưỡng Ẩm, Thơm Lâu - Phù Hợp Mọi Loại Da (250ml)","Hương Gỗ Tuyết Tùng & Dương Xỉ, Standard",1732251749141219548,ST01172,205000,289550,VND,1,Thanh toán khi giao hàng,Đã hoàn thành,lepetitmarseillaisvn,Phát trực tiếp,7649364550224235282,fixed commission,,,,,205000,,205000,,,,,,,0,0,09/06/2026 22:10:22,12/06/2026 13:50:23,09/06/2026 22:10:25,12/06/2026 13:50:23,28/06/2026 03:48:02,,TTS,Open/Target Collaboration
584451547716880152,1732250760944257244,"Sữa Tắm/Gel Tắm Pháp Le Petit Marseillais Chiết Xuất Thiên Nhiên 650ml - Sữa Tắm Lưu Hương Lành Tính - Dịu Nhẹ, An Toàn Cho Da","Thông & Bạch Đàn Biển, Standard",1732250801268689116,ST01902,327850,547400,VND,1,Thanh toán khi giao hàng,Đã hủy,lepetitmarseillaisvn,Phát trực tiếp,7649364550224235282,fixed commission,,,,,327850,,,,,,,,,0,0,09/06/2026 22:17:34,,09/06/2026 22:17:35,,,,TTS,Open/Target Collaboration
584452109355353174,1732251815880067292,"Sữa Tắm Pháp Le Petit Marseillais Cho Nam Chiết Xuất Thiên Nhiên 4in1 Nhiều Mùi Hương Dưỡng Ẩm, Thơm Lâu - Phù Hợp Mọi Loại Da (250ml)","Hương Gỗ Tuyết Tùng & Dương Xỉ, Standard",1732251749141219548,ST01172,205000,273050,VND,1,Thanh toán khi giao hàng,Đã hoàn thành,reviewdoao,Chương trình Lưu lượng truy cập bên ngoài,,fixed commission,,,,4,205000,7380,205000,7380,,,,,,0,0,09/06/2026 22:59:32,11/06/2026 12:37:06,09/06/2026 22:59:34,11/06/2026 12:37:06,27/06/2026 04:46:35,14/06/2026 11:31:00,TTS,Open/Target Collaboration
584452665270765059,1732251815880067292,"Sữa Tắm Pháp Le Petit Marseillais Cho Nam Chiết Xuất Thiên Nhiên 4in1 Nhiều Mùi Hương Dưỡng Ẩm, Thơm Lâu - Phù Hợp Mọi Loại Da (250ml)","Hương Gỗ Tuyết Tùng & Dương Xỉ, Standard",1732251749141219548,ST01172,205000,279900,VND,1,Thanh toán khi giao hàng,Đã hoàn thành,lepthelittlekid,Video,7594749644052204818,fixed commission,,,,,205000,,205000,,5,9225,,,,0,0,09/06/2026 23:50:56,11/06/2026 13:14:14,09/06/2026 23:50:58,11/06/2026 13:14:14,27/06/2026 00:08:44,14/06/2026 13:28:07,TTS,Open/Target Collaboration
584453218508768934,1732250760944257244,"Sữa Tắm/Gel Tắm Pháp Le Petit Marseillais Chiết Xuất Thiên Nhiên 650ml - Sữa Tắm Lưu Hương Lành Tính - Dịu Nhẹ, An Toàn Cho Da","Hương Xoài & Chanh Dây, Standard",1732250801268951260,ST68823,395000,541667,VND,1,Thanh toán khi giao hàng,Đã hoàn thành,ha_thubay,Video,7599664598626618642,fixed commission,,,,,395000,,395000,,3,10665,,,,0,0,10/06/2026 01:15:21,11/06/2026 21:50:50,10/06/2026 01:15:22,11/06/2026 21:50:50,27/06/2026 01:05:24,14/06/2026 12:15:18,TTS,Open/Target Collaboration
584453229839091538,1732251815880067292,"Sữa Tắm Pháp Le Petit Marseillais Cho Nam Chiết Xuất Thiên Nhiên 4in1 Nhiều Mùi Hương Dưỡng Ẩm, Thơm Lâu - Phù Hợp Mọi Loại Da (250ml)","Hương Thông & Bạch Đàn Biển, Standard",1732251749141154012,ST01356,205000,279450,VND,1,Không áp dụng thanh toán khi giao hàng,Đã hoàn thành,lepthelittlekid,Video,7594749644052204818,fixed commission,,,,5,205000,9225,205000,9225,,,,,,0,0,10/06/2026 01:16:30,10/06/2026 01:16:36,10/06/2026 01:16:37,11/06/2026 11:44:28,27/06/2026 02:59:16,14/06/2026 11:45:25,TTS,Open/Target Collaboration
584453237298332679,1732250760944257244,"Sữa Tắm/Gel Tắm Pháp Le Petit Marseillais Chiết Xuất Thiên Nhiên 650ml - Sữa Tắm Lưu Hương Lành Tính - Dịu Nhẹ, An Toàn Cho Da","Hương Xoài & Chanh Dây, Standard",1732250801268951260,ST68823,335750,530400,VND,1,Thanh toán khi giao hàng,Đã hủy,lepthelittlekid,Video,7594749644052204818,fixed commission,0,0,0,8,335750,24174,,,,,,,,0,0,10/06/2026 01:16:35,,10/06/2026 01:16:36,,,,TTS,Open/Target Collaboration
584453248655590407,1732250760944257244,"Sữa Tắm/Gel Tắm Pháp Le Petit Marseillais Chiết Xuất Thiên Nhiên 650ml - Sữa Tắm Lưu Hương Lành Tính - Dịu Nhẹ, An Toàn Cho Da","Thông & Bạch Đàn Biển, Standard",1732250801268689116,ST01902,335750,530400,VND,1,Thanh toán khi giao hàng,Đã hoàn thành,lepthelittlekid,Video,7594749644052204818,fixed commission,,,,8,335750,24174,335750,24174,,,,,,0,0,10/06/2026 01:18:59,11/06/2026 12:29:45,10/06/2026 01:19:00,11/06/2026 12:29:45,27/06/2026 04:44:24,14/06/2026 12:40:51,TTS,Open/Target Collaboration
584454681062049745,1732251815880067292,"Sữa Tắm Pháp Le Petit Marseillais Cho Nam Chiết Xuất Thiên Nhiên 4in1 Nhiều Mùi Hương Dưỡng Ẩm, Thơm Lâu - Phù Hợp Mọi Loại Da (250ml)","Hương Gỗ Tuyết Tùng & Dương Xỉ, Standard",1732251749141219548,ST01172,174250,289550,VND,1,Thanh toán khi giao hàng,Đã hoàn thành,duongmanhkien19,Video,7589190858113649928,fixed commission,,,,,174250,,174250,,3,4705,,,,0,0,10/06/2026 06:39:26,12/06/2026 22:40:42,10/06/2026 06:39:27,12/06/2026 22:40:42,28/06/2026 02:25:47,15/06/2026 09:06:11,TTS,Open/Target Collaboration
584455624448247614,1732251815880067292,"Sữa Tắm Pháp Le Petit Marseillais Cho Nam Chiết Xuất Thiên Nhiên 4in1 Nhiều Mùi Hương Dưỡng Ẩm, Thơm Lâu - Phù Hợp Mọi Loại Da (250ml)","Hương Gỗ Tuyết Tùng & Dương Xỉ, Standard",1732251749141219548,ST01172,205000,279900,VND,1,Thanh toán khi giao hàng,Đã hoàn thành,gentlegrooming0,Video,7597291366036557076,fixed commission,,,,8,205000,14760,205000,14760,,,,,,0,0,10/06/2026 08:13:35,11/06/2026 11:12:11,10/06/2026 08:13:37,11/06/2026 11:12:11,27/06/2026 02:27:57,14/06/2026 11:08:55,TTS,Open/Target Collaboration
584457178780764013,1732250928810920156,"Sữa Tắm/Gel Tắm Pháp Le Petit Marseillais Thiên Nhiên 250ml - Sữa Tắm Lưu Hương Lành Tính - Dịu Nhẹ, An Toàn Cho Da","Bạc Hà, Standard",1732250914984855772,ST92871,165000,298200,VND,1,Không áp dụng thanh toán khi giao hàng,Đã hoàn thành,lailalunaaday,Video,7649041619907300616,fixed commission,,,,,165000,,165000,,3,4455,,,,0,0,10/06/2026 10:19:34,10/06/2026 10:19:47,10/06/2026 10:19:48,12/06/2026 11:57:57,28/06/2026 02:28:22,15/06/2026 09:14:55,TTS,Open/Target Collaboration
584457950887642409,1732250760944257244,"Sữa Tắm/Gel Tắm Pháp Le Petit Marseillais Chiết Xuất Thiên Nhiên 650ml - Sữa Tắm Lưu Hương Lành Tính - Dịu Nhẹ, An Toàn Cho Da","Hạnh Nhân, Standard",1732250801269213404,ST53594,395000,530400,VND,1,Thanh toán khi giao hàng,Đã hoàn thành,thaocanview,Video,7637538562224721172,fixed commission,,,,,395000,,395000,,3,10665,,,,0,0,10/06/2026 11:12:32,11/06/2026 16:48:31,10/06/2026 11:12:33,11/06/2026 16:48:31,27/06/2026 04:22:13,14/06/2026 09:34:15,TTS,Open/Target Collaboration
584459100423554694,1732250760944257244,"Sữa Tắm/Gel Tắm Pháp Le Petit Marseillais Chiết Xuất Thiên Nhiên 650ml - Sữa Tắm Lưu Hương Lành Tính - Dịu Nhẹ, An Toàn Cho Da","Thông & Bạch Đàn Biển, Standard",1732250801268689116,ST01902,385000,545267,VND,1,Thanh toán khi giao hàng,Đã hoàn thành,ha_thubay,Video,7599664598626618642,fixed commission,,,,,385000,,385000,,3,10395,,,,0,0,10/06/2026 12:37:36,12/06/2026 16:45:17,10/06/2026 12:37:38,12/06/2026 16:45:17,28/06/2026 00:51:10,15/06/2026 10:27:35,TTS,Open/Target Collaboration
584459153681778596,1732251815880067292,"Sữa Tắm Pháp Le Petit Marseillais Cho Nam Chiết Xuất Thiên Nhiên 4in1 Nhiều Mùi Hương Dưỡng Ẩm, Thơm Lâu - Phù Hợp Mọi Loại Da (250ml)","Hương Gỗ Tuyết Tùng & Dương Xỉ, Standard",1732251749141219548,ST01172,174250,273900,VND,1,Thanh toán khi giao hàng,Đã hoàn thành,gentlegrooming0,Video,7597291366036557076,fixed commission,,,,8,174250,12546,174250,12546,,,,,,0,0,10/06/2026 12:39:39,11/06/2026 11:25:53,10/06/2026 12:39:40,11/06/2026 11:25:53,27/06/2026 00:27:14,14/06/2026 08:40:03,TTS,Open/Target Collaboration
584459437854721026,1732251815880067292,"Sữa Tắm Pháp Le Petit Marseillais Cho Nam Chiết Xuất Thiên Nhiên 4in1 Nhiều Mùi Hương Dưỡng Ẩm, Thơm Lâu - Phù Hợp Mọi Loại Da (250ml)","Hương Thông & Bạch Đàn Biển, Standard",1732251749141154012,ST01356,174250,279900,VND,1,Không áp dụng thanh toán khi giao hàng,Đã hoàn thành,man.trung.737,Video,7595064670482877717,fixed commission,,,,8,174250,12546,174250,12546,,,,,,0,0,10/06/2026 12:57:59,10/06/2026 12:58:04,10/06/2026 12:58:05,11/06/2026 15:13:31,27/06/2026 03:34:02,14/06/2026 11:04:48,TTS,Open/Target Collaboration
584459538257381176,1732251815880067292,"Sữa Tắm Pháp Le Petit Marseillais Cho Nam Chiết Xuất Thiên Nhiên 4in1 Nhiều Mùi Hương Dưỡng Ẩm, Thơm Lâu - Phù Hợp Mọi Loại Da (250ml)","Hương Thông & Bạch Đàn Biển, Standard",1732251749141154012,ST01356,170000,295800,VND,1,Thanh toán khi giao hàng,Đã hoàn thành,man.trung.737,Video,7595064670482877717,fixed commission,,,,8,170000,12240,170000,12240,,,,,,0,0,10/06/2026 13:01:18,12/06/2026 16:34:11,10/06/2026 13:01:20,12/06/2026 16:34:11,28/06/2026 03:34:04,15/06/2026 08:26:45,TTS,Open/Target Collaboration
584461059267594035,1732250760944257244,"Sữa Tắm/Gel Tắm Pháp Le Petit Marseillais Chiết Xuất Thiên Nhiên 650ml - Sữa Tắm Lưu Hương Lành Tính - Dịu Nhẹ, An Toàn Cho Da","Thông & Bạch Đàn Biển, Standard",1732250801268689116,ST01902,400000,541267,VND,1,Thanh toán khi giao hàng,Đã hoàn thành,ha_thubay,Video,7599664598626618642,fixed commission,,,,,400000,,400000,,3,10800,,,,0,0,10/06/2026 14:57:55,12/06/2026 18:42:31,10/06/2026 14:57:56,12/06/2026 18:42:31,28/06/2026 05:03:17,15/06/2026 12:13:57,TTS,Open/Target Collaboration
584461121963197446,1735803452711142620,Dầu Xả Cấp Ẩm Le Petit Marseillais Nước Dừa Hữu Cơ 200ml,Mặc định,1735803348866008284,DX74752,0,2220,VND,1,Thanh toán khi giao hàng,Đã hoàn thành,lepetitmarseillaisvn,Phát trực tiếp,7648267226911197959,fixed commission,,,,,0,,0,,,,,,,0,0,10/06/2026 15:01:43,11/06/2026 16:18:28,10/06/2026 15:01:44,11/06/2026 16:18:28,27/06/2026 03:37:59,,TTS,Open/Target Collaboration
584461121963197446,1735734318844052700,"[KOL huynhdangthong x LPM] Sữa Tắm/Gel Tắm Pháp Le Petit Marseillais Chiết Xuất Thiên Nhiên 650ml - Sữa Tắm Lưu Hương Lành Tính - Dịu Nhẹ, An Toàn Cho Da","Thông & Bạch Đàn Biển, Standard",1735734212754506972,ST01902,312000,527880,VND,1,Thanh toán khi giao hàng,Đã hoàn thành,lepetitmarseillaisvn,Phát trực tiếp,7648267226911197959,fixed commission,,,,,312000,,312000,,,,,,,0,0,10/06/2026 15:01:43,11/06/2026 16:18:28,10/06/2026 15:01:44,11/06/2026 16:18:28,27/06/2026 03:37:59,,TTS,Open/Target Collaboration
584461407921604439,1735803424151799004,Dầu Gội Trị Gàu Bạc Hà Le Petit Marseillais Kiềm Dầu Sạch Sâu 250ml,Mặc định,1735803426087208156,DG74042,221400,361138,VND,1,Thanh toán khi giao hàng,Đã hoàn thành,bichchaust0ve,Chương trình Lưu lượng truy cập bên ngoài,,fixed commission,,,,4,221400,7970,221400,7970,,,,,,0,0,10/06/2026 15:20:13,12/06/2026 19:50:50,10/06/2026 15:20:14,12/06/2026 19:50:50,28/06/2026 00:25:30,15/06/2026 12:42:23,TTS,Open/Target Collaboration
584463741971039451,1731893319992576220,"Gel Tắm Pháp Le Petit Marseillai Xoài và Chanh Dây Hữu Cơ Dưỡng Ẩm, Thơm Lâu - Phù Hợp Mọi Loại Da (250ml)","Xoài & Chanh Dây, Standard",1731893319992707292,ST99622,175000,312000,VND,1,Thanh toán khi giao hàng,Đã hoàn thành,iflyad07,Chương trình Lưu lượng truy cập bên ngoài,,fixed commission,,,,4,175000,6300,175000,6300,,,,,,0,0,10/06/2026 18:29:00,13/06/2026 21:08:19,10/06/2026 18:29:02,13/06/2026 21:08:19,29/06/2026 05:00:30,16/06/2026 12:23:15,TTS,Open/Target Collaboration
584463864862311965,1732251815880067292,"Sữa Tắm Pháp Le Petit Marseillais Cho Nam Chiết Xuất Thiên Nhiên 4in1 Nhiều Mùi Hương Dưỡng Ẩm, Thơm Lâu - Phù Hợp Mọi Loại Da (250ml)","Hương Thông & Bạch Đàn Biển, Standard",1732251749141154012,ST01356,200000,282450,VND,1,Thanh toán khi giao hàng,Đã hoàn thành,lepthelittlekid,Video,7594749644052204818,fixed commission,,,,,200000,,200000,,5,9000,,,,0,0,10/06/2026 18:30:15,12/06/2026 12:37:38,10/06/2026 18:30:17,12/06/2026 12:37:38,28/06/2026 03:26:45,15/06/2026 08:57:32,TTS,Open/Target Collaboration
584464407705323243,1732251815880067292,"Sữa Tắm Pháp Le Petit Marseillais Cho Nam Chiết Xuất Thiên Nhiên 4in1 Nhiều Mùi Hương Dưỡng Ẩm, Thơm Lâu - Phù Hợp Mọi Loại Da (250ml)","Hương Gừng & Gỗ Bách, Standard",1732251749141285084,ST04371,205000,286850,VND,1,Thanh toán khi giao hàng,Đã hủy,man.trung.737,Video,7595064670482877717,fixed commission,0,0,0,8,205000,14760,,,,,,,,0,0,10/06/2026 19:10:02,,10/06/2026 19:10:03,,,,TTS,Open/Target Collaboration
584464600908596971,1731317167366243548,[Quà tặng không bán] Bông Tắm Tạo Bọt Mềm Mịn,Mặc định,1731317148230255836,BONG TAM HQ,0,14850,VND,1,Thanh toán khi giao hàng,Đã hoàn thành,lepetitmarseillaisvn,Phát trực tiếp,7649736025934727954,fixed commission,,,,,0,,0,,,,,,,0,0,10/06/2026 19:19:59,13/06/2026 20:31:45,10/06/2026 19:20:00,13/06/2026 20:31:45,29/06/2026 05:55:50,,TTS,Open/Target Collaboration
584464600908596971,1732251815880067292,"Sữa Tắm Pháp Le Petit Marseillais Cho Nam Chiết Xuất Thiên Nhiên 4in1 Nhiều Mùi Hương Dưỡng Ẩm, Thơm Lâu - Phù Hợp Mọi Loại Da (250ml)","Hương Gỗ Tuyết Tùng & Dương Xỉ, Standard",1732251749141219548,ST01172,165000,286850,VND,1,Thanh toán khi giao hàng,Đã hoàn thành,lepetitmarseillaisvn,Phát trực tiếp,7649736025934727954,fixed commission,,,,,165000,,165000,,,,,,,0,0,10/06/2026 19:19:59,13/06/2026 20:31:45,10/06/2026 19:20:00,13/06/2026 20:31:45,29/06/2026 05:55:50,,TTS,Open/Target Collaboration
584464826960872463,1731317167366243548,[Quà tặng không bán] Bông Tắm Tạo Bọt Mềm Mịn,Mặc định,1731317148230255836,BONG TAM HQ,0,23400,VND,1,Không áp dụng thanh toán khi giao hàng,Đã hoàn thành,lepetitmarseillaisvn,Phát trực tiếp,7649736025934727954,fixed commission,,,,,0,,0,,,,,,,0,0,10/06/2026 19:38:48,10/06/2026 19:38:52,10/06/2026 19:38:53,12/06/2026 08:26:28,28/06/2026 05:52:03,,TTS,Open/Target Collaboration
584464826960872463,1735803452711142620,Dầu Xả Cấp Ẩm Le Petit Marseillais Nước Dừa Hữu Cơ 200ml,Mặc định,1735803348866008284,DX74752,210000,335700,VND,1,Không áp dụng thanh toán khi giao hàng,Đã hoàn thành,lepetitmarseillaisvn,Phát trực tiếp,7649736025934727954,fixed commission,,,,,210000,,210000,,,,,,,0,0,10/06/2026 19:38:48,10/06/2026 19:38:52,10/06/2026 19:38:53,12/06/2026 08:26:28,28/06/2026 05:52:03,,TTS,Open/Target Collaboration
584465124666476267,1734496604995683548,Xà Phòng Le Petit Marseillais Chính Hãng Bánh Xà Phòng Tắm Thiên Nhiên (Ngẫu nhiên)  1 Bánh,Mặc định,1734496577198523612,1 BÁNH-XP,75000,89000,VND,1,Thanh toán khi giao hàng,Đã hủy,onggiatichcuc79,Video,7649582978691058952,fixed commission,0,0,0,6,75000,4050,,,,,,,,0,0,10/06/2026 19:48:00,,10/06/2026 19:48:02,,,,TTS,Open/Target Collaboration
584465155483600333,1731317167366243548,[Quà tặng không bán] Bông Tắm Tạo Bọt Mềm Mịn,Mặc định,1731317148230255836,BONG TAM HQ,0,13700,VND,2,Thanh toán khi giao hàng,Đã hoàn thành,lepetitmarseillaisvn,Phát trực tiếp,7649736025934727954,fixed commission,,,,,0,,0,,,,,,,0,0,10/06/2026 19:56:15,12/06/2026 18:24:11,10/06/2026 19:56:17,12/06/2026 18:24:11,28/06/2026 00:37:35,,TTS,Open/Target Collaboration
584465155483600333,1732250760944257244,"Sữa Tắm/Gel Tắm Pháp Le Petit Marseillais Chiết Xuất Thiên Nhiên 650ml - Sữa Tắm Lưu Hương Lành Tính - Dịu Nhẹ, An Toàn Cho Da","Thông & Bạch Đàn Biển, Standard",1732250801268689116,ST01902,329167,546400,VND,1,Thanh toán khi giao hàng,Đã hoàn thành,lepetitmarseillaisvn,Phát trực tiếp,7649736025934727954,fixed commission,,,,,329167,,329167,,,,,,,0,0,10/06/2026 19:56:15,12/06/2026 18:24:11,10/06/2026 19:56:17,12/06/2026 18:24:11,28/06/2026 00:37:35,,TTS,Open/Target Collaboration
584465155483600333,1732251815880067292,"Sữa Tắm Pháp Le Petit Marseillais Cho Nam Chiết Xuất Thiên Nhiên 4in1 Nhiều Mùi Hương Dưỡng Ẩm, Thơm Lâu - Phù Hợp Mọi Loại Da (250ml)","Hương Gỗ Tuyết Tùng & Dương Xỉ, Standard",1732251749141219548,ST01172,170833,285700,VND,1,Thanh toán khi giao hàng,Đã hoàn thành,lepetitmarseillaisvn,Phát trực tiếp,7649736025934727954,fixed commission,,,,,170833,,170833,,,,,,,0,0,10/06/2026 19:56:15,12/06/2026 18:24:11,10/06/2026 19:56:17,12/06/2026 18:24:11,28/06/2026 00:37:35,,TTS,Open/Target Collaboration
584465280294159377,1732251815880067292,"Sữa Tắm Pháp Le Petit Marseillais Cho Nam Chiết Xuất Thiên Nhiên 4in1 Nhiều Mùi Hương Dưỡng Ẩm, Thơm Lâu - Phù Hợp Mọi Loại Da (250ml)","Hương Gỗ Tuyết Tùng & Dương Xỉ, Standard",1732251749141219548,ST01172,180400,287222,VND,1,Không áp dụng thanh toán khi giao hàng,Đã hoàn thành,tanrhm19,Trưng bày,,fixed commission,,,,8,180400,12989,180400,12989,,,,,,0,0,10/06/2026 20:00:31,10/06/2026 20:00:36,10/06/2026 20:00:38,13/06/2026 16:16:33,29/06/2026 05:40:37,16/06/2026 08:45:55,TTS,Open/Target Collaboration
584465280294159377,1735772240444818652,Sữa Tắm Le Petit Marseillais Thông & Bạch Đàn Biển 92% Tự Nhiên 650ml,Mặc định,1735772370156553436,ST01902,347600,541834,VND,1,Không áp dụng thanh toán khi giao hàng,Đã hoàn thành,96907920oqx,Chương trình Lưu lượng truy cập bên ngoài,,fixed commission,,,,4,347600,12514,347600,12514,,,,,,0,0,10/06/2026 20:00:31,10/06/2026 20:00:36,10/06/2026 20:00:38,13/06/2026 16:16:33,29/06/2026 05:40:37,16/06/2026 08:45:55,TTS,Open/Target Collaboration
584465271176332320,1731317167366243548,[Quà tặng không bán] Bông Tắm Tạo Bọt Mềm Mịn,Mặc định,1731317148230255836,BONG TAM HQ,0,16550,VND,1,Thanh toán khi giao hàng,Đã hoàn thành,lepetitmarseillaisvn,Phát trực tiếp,7649736025934727954,fixed commission,,,,,0,,0,,,,,,,0,0,10/06/2026 20:04:41,13/06/2026 17:55:48,10/06/2026 20:04:43,13/06/2026 17:55:48,29/06/2026 04:54:27,,TTS,Open/Target Collaboration
584465271176332320,1732251815880067292,"Sữa Tắm Pháp Le Petit Marseillais Cho Nam Chiết Xuất Thiên Nhiên 4in1 Nhiều Mùi Hương Dưỡng Ẩm, Thơm Lâu - Phù Hợp Mọi Loại Da (250ml)","Hương Gỗ Tuyết Tùng & Dương Xỉ, Standard",1732251749141219548,ST01172,192000,288550,VND,1,Thanh toán khi giao hàng,Đã hoàn thành,lepetitmarseillaisvn,Phát trực tiếp,7649736025934727954,fixed commission,,,,,192000,,192000,,,,,,,0,0,10/06/2026 20:04:41,13/06/2026 17:55:48,10/06/2026 20:04:43,13/06/2026 17:55:48,29/06/2026 04:54:27,,TTS,Open/Target Collaboration
584465546261006026,1734496604995683548,Xà Phòng Le Petit Marseillais Chính Hãng Bánh Xà Phòng Tắm Thiên Nhiên (Ngẫu nhiên)  1 Bánh,Mặc định,1734496577198523612,1 BÁNH-XP,75000,105300,VND,1,Thanh toán khi giao hàng,Đã hoàn thành,onggiatichcuc79,Video,7649582978691058952,fixed commission,,,,,75000,,75000,,3,2025,,,,0,0,10/06/2026 20:12:32,12/06/2026 15:37:13,10/06/2026 20:12:33,12/06/2026 15:37:13,28/06/2026 05:45:20,15/06/2026 11:48:37,TTS,Open/Target Collaboration
584465374590764710,1731317167366243548,[Quà tặng không bán] Bông Tắm Tạo Bọt Mềm Mịn,Mặc định,1731317148230255836,BONG TAM HQ,0,14850,VND,1,Thanh toán khi giao hàng,Đang xử lý,lepetitmarseillaisvn,Phát trực tiếp,7649736025934727954,fixed commission,,,,,0,,,,,,,,,0,0,10/06/2026 20:12:51,16/06/2026 21:38:03,10/06/2026 20:12:52,16/06/2026 21:38:03,,,TTS,Open/Target Collaboration
584465374590764710,1732251815880067292,"Sữa Tắm Pháp Le Petit Marseillais Cho Nam Chiết Xuất Thiên Nhiên 4in1 Nhiều Mùi Hương Dưỡng Ẩm, Thơm Lâu - Phù Hợp Mọi Loại Da (250ml)","Hương Gỗ Tuyết Tùng & Dương Xỉ, Standard",1732251749141219548,ST01172,165000,286850,VND,1,Thanh toán khi giao hàng,Đang xử lý,lepetitmarseillaisvn,Phát trực tiếp,7649736025934727954,fixed commission,,,,,165000,,,,,,,,,0,0,10/06/2026 20:12:51,16/06/2026 21:38:03,10/06/2026 20:12:52,16/06/2026 21:38:03,,,TTS,Open/Target Collaboration
584465709104727647,1735803360839828700,Dầu Xả Phục Hồi Tóc Le Petit Marseillais Dầu Argan Hữu Cơ 200ml,Mặc định,1735803362888352988,DX78785,249000,400700,VND,1,Thanh toán khi giao hàng,Đã hoàn thành,lepetitmarseillaisvn,Phát trực tiếp,7649736025934727954,fixed commission,,,,,249000,,249000,,,,,,,0,0,10/06/2026 20:27:55,13/06/2026 17:19:01,10/06/2026 20:27:57,13/06/2026 17:19:01,29/06/2026 04:03:17,,TTS,Open/Target Collaboration
584465709104727647,1731317167366243548,[Quà tặng không bán] Bông Tắm Tạo Bọt Mềm Mịn,Mặc định,1731317148230255836,BONG TAM HQ,0,23400,VND,1,Thanh toán khi giao hàng,Đã hoàn thành,lepetitmarseillaisvn,Phát trực tiếp,7649736025934727954,fixed commission,,,,,0,,0,,,,,,,0,0,10/06/2026 20:27:55,13/06/2026 17:19:01,10/06/2026 20:27:57,13/06/2026 17:19:01,29/06/2026 04:03:17,,TTS,Open/Target Collaboration
584465716048266343,1732252957247965404,"Dầu Gội Le Petit Marseillais Nhiều Mùi Hương 300ml Dưỡng Ẩm, Thơm Lâu - Phù Hợp Mọi Loại Da",Táo & Oliu,1732252922366494940,DG31372,420000,565700,VND,1,Thanh toán khi giao hàng,Đã hoàn thành,haiidaynek,Video,7548126556418264327,fixed commission,,,,,420000,,420000,,3,11340,,,,0,0,10/06/2026 20:31:21,12/06/2026 16:34:54,10/06/2026 20:31:22,12/06/2026 16:34:54,28/06/2026 04:36:39,15/06/2026 12:27:55,TTS,Open/Target Collaboration
584465723521926264,1732250928810920156,"Sữa Tắm/Gel Tắm Pháp Le Petit Marseillais Thiên Nhiên 250ml - Sữa Tắm Lưu Hương Lành Tính - Dịu Nhẹ, An Toàn Cho Da","Hoa Tiare, Standard",1732250914984921308,ST99493,184500,298200,VND,1,Thanh toán khi giao hàng,Đã hoàn thành,lepetitmarseillaisvn,Phát trực tiếp,7649736025934727954,fixed commission,,,,,184500,,184500,,,,,,,0,0,10/06/2026 20:33:49,12/06/2026 12:04:24,10/06/2026 20:33:50,12/06/2026 12:04:24,28/06/2026 04:02:23,,TTS,Open/Target Collaboration
584465791014045575,1732250928810920156,"Sữa Tắm/Gel Tắm Pháp Le Petit Marseillais Thiên Nhiên 250ml - Sữa Tắm Lưu Hương Lành Tính - Dịu Nhẹ, An Toàn Cho Da","Dừa, Standard",1732250914985314524,ST54494,199000,302300,VND,1,Thanh toán khi giao hàng,Đã hoàn thành,duclam287,Chương trình Lưu lượng truy cập bên ngoài,,fixed commission,,,,4,199000,7164,199000,7164,,,,,,0,0,10/06/2026 20:35:00,13/06/2026 20:51:22,10/06/2026 20:35:01,13/06/2026 20:51:22,29/06/2026 03:37:58,16/06/2026 11:43:25,TTS,Open/Target Collaboration
584466279932855424,1735734318844052700,"[KOL huynhdangthong x LPM] Sữa Tắm/Gel Tắm Pháp Le Petit Marseillais Chiết Xuất Thiên Nhiên 650ml - Sữa Tắm Lưu Hương Lành Tính - Dịu Nhẹ, An Toàn Cho Da","Thông & Bạch Đàn Biển, Standard",1735734212754506972,ST01902,390000,531114,VND,1,Thanh toán khi giao hàng,Đã hủy,lepetitmarseillaisvn,Phát trực tiếp,7649736025934727954,fixed commission,,,,,390000,,,,,,,,,0,0,10/06/2026 21:03:30,,10/06/2026 21:03:31,,,,TTS,Open/Target Collaboration
584466279932855424,1735803452711142620,Dầu Xả Cấp Ẩm Le Petit Marseillais Nước Dừa Hữu Cơ 200ml,Mặc định,1735803348866008284,DX74752,0,3029,VND,1,Thanh toán khi giao hàng,Đã hủy,lepetitmarseillaisvn,Phát trực tiếp,7649736025934727954,fixed commission,,,,,0,,,,,,,,,0,0,10/06/2026 21:03:30,,10/06/2026 21:03:31,,,,TTS,Open/Target Collaboration
584466279932855424,1731317167366243548,[Quà tặng không bán] Bông Tắm Tạo Bọt Mềm Mịn,Mặc định,1731317148230255836,BONG TAM HQ,0,6057,VND,2,Thanh toán khi giao hàng,Đã hủy,lepetitmarseillaisvn,Phát trực tiếp,7649736025934727954,fixed commission,,,,,0,,,,,,,,,0,0,10/06/2026 21:03:30,,10/06/2026 21:03:31,,,,TTS,Open/Target Collaboration
584466279932855424,1731895006745233628,"Sữa Dưỡng Thể Cao Cấp Le Petit Marseillais Hoa Hạnh Nhân Dưỡng Ẩm, Thơm Lâu - Phù Hợp Mọi Loại Da (250ml)",Mặc định,1731895006745299164,DT77412,510000,668057,VND,1,Thanh toán khi giao hàng,Đã hủy,lepetitmarseillaisvn,Phát trực tiếp,7649736025934727954,fixed commission,,,,,510000,,,,,,,,,0,0,10/06/2026 21:03:30,,10/06/2026 21:03:31,,,,TTS,Open/Target Collaboration
584466279932855424,1732250760944257244,"Sữa Tắm/Gel Tắm Pháp Le Petit Marseillais Chiết Xuất Thiên Nhiên 650ml - Sữa Tắm Lưu Hương Lành Tính - Dịu Nhẹ, An Toàn Cho Da","Thông & Bạch Đàn Biển, Standard",1732250801268689116,ST01902,395000,531114,VND,1,Thanh toán khi giao hàng,Đã hủy,lepetitmarseillaisvn,Phát trực tiếp,7649736025934727954,fixed commission,,,,,395000,,,,,,,,,0,0,10/06/2026 21:03:30,,10/06/2026 21:03:31,,,,TTS,Open/Target Collaboration
584466279932855424,1732250760944257244,"Sữa Tắm/Gel Tắm Pháp Le Petit Marseillais Chiết Xuất Thiên Nhiên 650ml - Sữa Tắm Lưu Hương Lành Tính - Dịu Nhẹ, An Toàn Cho Da","Hoa Cam, Standard",1732250801269278940,ST39109,395000,531115,VND,1,Thanh toán khi giao hàng,Đã hủy,lepetitmarseillaisvn,Phát trực tiếp,7649736025934727954,fixed commission,,,,,395000,,,,,,,,,0,0,10/06/2026 21:03:30,,10/06/2026 21:03:31,,,,TTS,Open/Target Collaboration
584466279932855424,1732251815880067292,"Sữa Tắm Pháp Le Petit Marseillais Cho Nam Chiết Xuất Thiên Nhiên 4in1 Nhiều Mùi Hương Dưỡng Ẩm, Thơm Lâu - Phù Hợp Mọi Loại Da (250ml)","Hương Gỗ Tuyết Tùng & Dương Xỉ, Standard",1732251749141219548,ST01172,205000,278057,VND,1,Thanh toán khi giao hàng,Đã hủy,lepetitmarseillaisvn,Phát trực tiếp,7649736025934727954,fixed commission,,,,,205000,,,,,,,,,0,0,10/06/2026 21:03:30,,10/06/2026 21:03:31,,,,TTS,Open/Target Collaboration
584466495152424654,1734496604995683548,Xà Phòng Le Petit Marseillais Chính Hãng Bánh Xà Phòng Tắm Thiên Nhiên (Ngẫu nhiên)  1 Bánh,Mặc định,1734496577198523612,1 BÁNH-XP,75000,101200,VND,1,Thanh toán khi giao hàng,Đã hoàn thành,onggiatichcuc79,Video,7649582978691058952,fixed commission,,,,,75000,,75000,,3,2025,,,,0,0,10/06/2026 21:16:40,12/06/2026 10:42:19,10/06/2026 21:16:42,12/06/2026 10:42:19,28/06/2026 02:02:22,15/06/2026 10:40:51,TTS,Open/Target Collaboration
584467125369866182,1731317167366243548,[Quà tặng không bán] Bông Tắm Tạo Bọt Mềm Mịn,Mặc định,1731317148230255836,BONG TAM HQ,0,5700,VND,1,Không áp dụng thanh toán khi giao hàng,Đã hoàn thành,lepetitmarseillaisvn,Video,7581385844905364754,fixed commission,,,,,0,,0,,,,,,,0,0,10/06/2026 21:56:13,10/06/2026 21:56:19,10/06/2026 21:56:26,12/06/2026 13:48:39,28/06/2026 02:36:54,,TTS,Open/Target Collaboration
584467125369866182,1732250760944257244,"Sữa Tắm/Gel Tắm Pháp Le Petit Marseillais Chiết Xuất Thiên Nhiên 650ml - Sữa Tắm Lưu Hương Lành Tính - Dịu Nhẹ, An Toàn Cho Da","Thông & Bạch Đàn Biển, Standard",1732250801268689116,ST01902,395000,530400,VND,1,Không áp dụng thanh toán khi giao hàng,Đã hoàn thành,lepetitmarseillaisvn,Video,7581385844905364754,fixed commission,,,,,395000,,395000,,,,,,,0,0,10/06/2026 21:56:13,10/06/2026 21:56:19,10/06/2026 21:56:26,12/06/2026 13:48:39,28/06/2026 02:36:54,,TTS,Open/Target Collaboration
584467553074316478,1733302334060004572,Combo Dầu Gội Xả Thiên Nhiên Chăm Sóc Tóc Le Petit Marseillais Mềm Mượt 300ML,Táo 1372+ Xả 4752,1733302435130016988,3574661231372 + 3574661574752,539150,643550,VND,1,Không áp dụng thanh toán khi giao hàng,Đã hoàn thành,atvncreator,Chương trình Lưu lượng truy cập bên ngoài,,fixed commission,,,,8,539150,38819,539150,38819,,,,,,0,0,10/06/2026 22:24:12,10/06/2026 22:24:15,10/06/2026 22:24:16,12/06/2026 10:51:07,28/06/2026 01:41:53,15/06/2026 11:32:48,TTS,Open/Target Collaboration
584467553074316478,1733302334060004572,Combo Dầu Gội Xả Thiên Nhiên Chăm Sóc Tóc Le Petit Marseillais Mềm Mượt 300ML,Hạt Lanh 1841+ Xả 4752,1733302435130148060,3574661801841 + 3574661574752,539150,643550,VND,1,Không áp dụng thanh toán khi giao hàng,Đã hoàn thành,atvncreator,Chương trình Lưu lượng truy cập bên ngoài,,fixed commission,,,,8,539150,38819,539150,38819,,,,,,0,0,10/06/2026 22:24:12,10/06/2026 22:24:15,10/06/2026 22:24:16,12/06/2026 10:51:07,28/06/2026 01:41:53,15/06/2026 11:32:48,TTS,Open/Target Collaboration
584467553187891052,1731317167366243548,[Quà tặng không bán] Bông Tắm Tạo Bọt Mềm Mịn,Mặc định,1731317148230255836,BONG TAM HQ,0,7900,VND,1,Không áp dụng thanh toán khi giao hàng,Đã hoàn thành,lepetitmarseillaisvn,Phát trực tiếp,7649736025934727954,fixed commission,,,,,0,,0,,,,,,,0,0,10/06/2026 22:25:18,10/06/2026 22:25:24,10/06/2026 22:25:24,12/06/2026 11:32:21,28/06/2026 00:12:30,,TTS,Open/Target Collaboration
584467553187891052,1732251815880067292,"Sữa Tắm Pháp Le Petit Marseillais Cho Nam Chiết Xuất Thiên Nhiên 4in1 Nhiều Mùi Hương Dưỡng Ẩm, Thơm Lâu - Phù Hợp Mọi Loại Da (250ml)","Hương Thông & Bạch Đàn Biển, Standard",1732251749141154012,ST01356,160000,279900,VND,1,Không áp dụng thanh toán khi giao hàng,Đã hoàn thành,lepetitmarseillaisvn,Phát trực tiếp,7649736025934727954,fixed commission,,,,,160000,,160000,,,,,,,0,0,10/06/2026 22:25:18,10/06/2026 22:25:24,10/06/2026 22:25:24,12/06/2026 11:32:21,28/06/2026 00:12:30,,TTS,Open/Target Collaboration
584467609439733293,1734496604995683548,Xà Phòng Le Petit Marseillais Chính Hãng Bánh Xà Phòng Tắm Thiên Nhiên (Ngẫu nhiên)  1 Bánh,Mặc định,1734496577198523612,1 BÁNH-XP,75000,89000,VND,1,Thanh toán khi giao hàng,Đã hoàn thành,mythi_fr,Video,7634970118833081620,fixed commission,,,,,75000,,75000,,3,2025,,,,0,0,10/06/2026 22:26:48,12/06/2026 17:44:33,10/06/2026 22:26:49,12/06/2026 17:44:33,28/06/2026 01:05:01,15/06/2026 09:36:29,TTS,Open/Target Collaboration
584467783995524398,1731317167366243548,[Quà tặng không bán] Bông Tắm Tạo Bọt Mềm Mịn,Mặc định,1731317148230255836,BONG TAM HQ,0,13133,VND,1,Thanh toán khi giao hàng,Đã hoàn thành,lepetitmarseillaisvn,Phát trực tiếp,7649736025934727954,fixed commission,,,,,0,,0,,,,,,,0,0,10/06/2026 22:41:04,12/06/2026 20:12:49,10/06/2026 22:41:05,12/06/2026 20:12:49,28/06/2026 05:12:48,,TTS,Open/Target Collaboration
584467783995524398,1732250760944257244,"Sữa Tắm/Gel Tắm Pháp Le Petit Marseillais Chiết Xuất Thiên Nhiên 650ml - Sữa Tắm Lưu Hương Lành Tính - Dịu Nhẹ, An Toàn Cho Da","Thông & Bạch Đàn Biển, Standard",1732250801268689116,ST01902,340000,545267,VND,1,Thanh toán khi giao hàng,Đã hoàn thành,lepetitmarseillaisvn,Phát trực tiếp,7649736025934727954,fixed commission,,,,,340000,,340000,,,,,,,0,0,10/06/2026 22:41:04,12/06/2026 20:12:49,10/06/2026 22:41:05,12/06/2026 20:12:49,28/06/2026 05:12:48,,TTS,Open/Target Collaboration
584468089309988516,1732250928810920156,"Sữa Tắm/Gel Tắm Pháp Le Petit Marseillais Thiên Nhiên 250ml - Sữa Tắm Lưu Hương Lành Tính - Dịu Nhẹ, An Toàn Cho Da","Dừa, Standard",1732250914985314524,ST54494,205000,282700,VND,1,Thanh toán khi giao hàng,Đã hoàn thành,nhac8x.huongly,Video,7634518955163602197,fixed commission,,,,10,205000,18450,205000,18450,,,,,,0,0,10/06/2026 23:03:17,13/06/2026 16:46:53,10/06/2026 23:03:18,13/06/2026 16:46:53,29/06/2026 01:25:58,16/06/2026 07:32:19,TTS,Open/Target Collaboration
584468423823689019,1734496604995683548,Xà Phòng Le Petit Marseillais Chính Hãng Bánh Xà Phòng Tắm Thiên Nhiên (Ngẫu nhiên)  1 Bánh,Mặc định,1734496577198523612,1 BÁNH-XP,75000,99200,VND,1,Thanh toán khi giao hàng,Đã hoàn thành,onggiatichcuc79,Video,7649582978691058952,fixed commission,,,,6,75000,4050,75000,4050,,,,,,0,0,10/06/2026 23:37:08,13/06/2026 15:07:39,10/06/2026 23:37:09,13/06/2026 15:07:39,29/06/2026 03:26:10,16/06/2026 12:10:54,TTS,Open/Target Collaboration
584468731802585040,1732251815880067292,"Sữa Tắm Pháp Le Petit Marseillais Cho Nam Chiết Xuất Thiên Nhiên 4in1 Nhiều Mùi Hương Dưỡng Ẩm, Thơm Lâu - Phù Hợp Mọi Loại Da (250ml)","Hương Gỗ Tuyết Tùng & Dương Xỉ, Standard",1732251749141219548,ST01172,175000,279900,VND,1,Thanh toán khi giao hàng,Đã hoàn thành,meo.review56,Video,7648303963548257543,fixed commission,,,,,175000,,175000,,3,4725,,,,0,0,11/06/2026 00:09:46,12/06/2026 12:14:15,11/06/2026 00:09:47,12/06/2026 12:14:15,28/06/2026 00:05:41,,TTS,Open/Target Collaboration
584468784225617193,1732252961260865756,"Dầu Gội Thiên Nhiên Le Petit Marseillais Nhiều Mùi Hương 250ml Dưỡng Ẩm, Thơm Lâu - Phù Hợp Mọi Loại Da",Phục Hồi Chuyên Sâu Dầu Jojoba,1732252943759083740,DG60650,270000,364000,VND,1,Thanh toán khi giao hàng,Đã hoàn thành,ngocdailyvlog,Video,7580449561433361671,fixed commission,,,,8,270000,19440,270000,19440,,,,,,0,0,11/06/2026 00:17:57,13/06/2026 17:29:33,11/06/2026 00:17:58,13/06/2026 17:29:33,29/06/2026 00:25:49,16/06/2026 09:35:03,TTS,Open/Target Collaboration
584468848906503451,1732250760944257244,"Sữa Tắm/Gel Tắm Pháp Le Petit Marseillais Chiết Xuất Thiên Nhiên 650ml - Sữa Tắm Lưu Hương Lành Tính - Dịu Nhẹ, An Toàn Cho Da","Thông & Bạch Đàn Biển, Standard",1732250801268689116,ST01902,395000,531733,VND,1,Thanh toán khi giao hàng,Đã hoàn thành,ha_thubay,Video,7599664598626618642,fixed commission,,,,,395000,,395000,,3,10665,,,,0,0,11/06/2026 00:25:36,12/06/2026 18:00:34,11/06/2026 00:25:37,12/06/2026 18:00:34,28/06/2026 03:48:57,15/06/2026 12:54:29,TTS,Open/Target Collaboration
584468885324269345,1732250760944257244,"Sữa Tắm/Gel Tắm Pháp Le Petit Marseillais Chiết Xuất Thiên Nhiên 650ml - Sữa Tắm Lưu Hương Lành Tính - Dịu Nhẹ, An Toàn Cho Da","Thông & Bạch Đàn Biển, Standard",1732250801268689116,ST01902,395000,530400,VND,1,Thanh toán khi giao hàng,Đã hoàn thành,ha_thubay,Video,7599664598626618642,fixed commission,,,,,395000,,395000,,3,10665,,,,0,0,11/06/2026 00:31:03,12/06/2026 18:02:16,11/06/2026 00:31:04,12/06/2026 18:02:16,28/06/2026 04:32:09,15/06/2026 10:31:36,TTS,Open/Target Collaboration
584469208163649415,1732250760944257244,"Sữa Tắm/Gel Tắm Pháp Le Petit Marseillais Chiết Xuất Thiên Nhiên 650ml - Sữa Tắm Lưu Hương Lành Tính - Dịu Nhẹ, An Toàn Cho Da","Thông & Bạch Đàn Biển, Standard",1732250801268689116,ST01902,335750,533733,VND,1,Không áp dụng thanh toán khi giao hàng,Đã hoàn thành,ha_thubay,Video,7599664598626618642,fixed commission,,,,8,335750,24174,335750,24174,,,,,,0,0,11/06/2026 01:25:25,11/06/2026 01:25:31,11/06/2026 01:25:32,12/06/2026 10:10:39,28/06/2026 02:45:06,15/06/2026 13:05:48,TTS,Open/Target Collaboration
584469255820903520,1732250928810920156,"Sữa Tắm/Gel Tắm Pháp Le Petit Marseillais Thiên Nhiên 250ml - Sữa Tắm Lưu Hương Lành Tính - Dịu Nhẹ, An Toàn Cho Da","Đào Trắng & Quả Xuân Đào, Standard",1732250914985380060,ST01240,184500,284600,VND,1,Thanh toán khi giao hàng,Đã hoàn thành,_socnhoriviu_,Video,7649735235730541844,fixed commission,,,,8,184500,13284,184500,13284,,,,,,0,0,11/06/2026 01:41:49,12/06/2026 13:02:52,11/06/2026 01:41:50,12/06/2026 13:02:52,28/06/2026 02:02:21,15/06/2026 07:06:56,TTS,Open/Target Collaboration
584469652128695358,1732252957247965404,"Dầu Gội Le Petit Marseillais Nhiều Mùi Hương 300ml Dưỡng Ẩm, Thơm Lâu - Phù Hợp Mọi Loại Da",Hạt Lanh & Hoa Hạnh Nhân,1732252922366691548,DG01841,420000,560800,VND,1,Thanh toán khi giao hàng,Đã hoàn thành,haiidaynek,Video,7548126556418264327,fixed commission,,,,,420000,,420000,,3,11340,,,,0,0,11/06/2026 03:29:22,12/06/2026 18:01:28,11/06/2026 03:29:24,12/06/2026 18:01:28,28/06/2026 00:39:15,15/06/2026 10:11:48,TTS,Open/Target Collaboration
584469669900158014,1732250760944257244,"Sữa Tắm/Gel Tắm Pháp Le Petit Marseillais Chiết Xuất Thiên Nhiên 650ml - Sữa Tắm Lưu Hương Lành Tính - Dịu Nhẹ, An Toàn Cho Da","Thông & Bạch Đàn Biển, Standard",1732250801268689116,ST01902,400000,530400,VND,1,Thanh toán khi giao hàng,Đã hủy,tikkaisweird,Video,7594359817779612949,fixed commission,0,0,0,8,400000,28800,,,,,,,,0,0,11/06/2026 03:36:48,,11/06/2026 03:36:49,,,,TTS,Open/Target Collaboration
584470633952085586,1734496604995683548,Xà Phòng Le Petit Marseillais Chính Hãng Bánh Xà Phòng Tắm Thiên Nhiên (Ngẫu nhiên)  1 Bánh,Mặc định,1734496577198523612,1 BÁNH-XP,75000,105300,VND,1,Thanh toán khi giao hàng,Đã hoàn thành,mythi_fr,Video,7634970118833081620,fixed commission,,,,,75000,,75000,,3,2025,,,,0,0,11/06/2026 06:40:17,12/06/2026 16:40:07,11/06/2026 06:40:18,12/06/2026 16:40:07,28/06/2026 04:09:15,15/06/2026 11:01:22,TTS,Open/Target Collaboration
584470812787705117,1732251815880067292,"Sữa Tắm Pháp Le Petit Marseillais Cho Nam Chiết Xuất Thiên Nhiên 4in1 Nhiều Mùi Hương Dưỡng Ẩm, Thơm Lâu - Phù Hợp Mọi Loại Da (250ml)","Hương Gỗ Tuyết Tùng & Dương Xỉ, Standard",1732251749141219548,ST01172,205000,289550,VND,1,Thanh toán khi giao hàng,Đã hoàn thành,meo.review56,Video,7648303963548257543,fixed commission,,,,,205000,,205000,,3,5535,,,,0,0,11/06/2026 06:59:10,12/06/2026 21:06:00,11/06/2026 06:59:11,12/06/2026 21:06:00,28/06/2026 01:35:09,,TTS,Open/Target Collaboration
584471276509758730,1732251815880067292,"Sữa Tắm Pháp Le Petit Marseillais Cho Nam Chiết Xuất Thiên Nhiên 4in1 Nhiều Mùi Hương Dưỡng Ẩm, Thơm Lâu - Phù Hợp Mọi Loại Da (250ml)","Hương Gỗ Tuyết Tùng & Dương Xỉ, Standard",1732251749141219548,ST01172,205000,273900,VND,1,Không áp dụng thanh toán khi giao hàng,Đã hoàn thành,man.trung.737,Video,7595064670482877717,fixed commission,,,,,205000,,205000,,3,5535,,,,0,0,11/06/2026 07:50:51,11/06/2026 07:50:54,11/06/2026 07:50:54,12/06/2026 16:37:38,28/06/2026 04:59:36,15/06/2026 11:04:25,TTS,Open/Target Collaboration
584471328083248556,1732250760944257244,"Sữa Tắm/Gel Tắm Pháp Le Petit Marseillais Chiết Xuất Thiên Nhiên 650ml - Sữa Tắm Lưu Hương Lành Tính - Dịu Nhẹ, An Toàn Cho Da","Hoa Cam, Standard",1732250801269278940,ST39109,335750,541667,VND,1,Thanh toán khi giao hàng,Đang xử lý,ha_thubay,Video,7599664598626618642,fixed commission,,,,,335750,,,,3,9066,,,,0,0,11/06/2026 07:54:00,15/06/2026 17:19:41,11/06/2026 07:54:01,15/06/2026 17:19:41,,18/06/2026 08:04:21,TTS,Open/Target Collaboration
584471755474437277,1732251815880067292,"Sữa Tắm Pháp Le Petit Marseillais Cho Nam Chiết Xuất Thiên Nhiên 4in1 Nhiều Mùi Hương Dưỡng Ẩm, Thơm Lâu - Phù Hợp Mọi Loại Da (250ml)","Hương Gỗ Tuyết Tùng & Dương Xỉ, Standard",1732251749141219548,ST01172,205000,300000,VND,1,Thanh toán khi giao hàng,Đã hoàn thành,duongmanhkien19,Video,7578474458705382676,fixed commission,,,,,205000,,205000,,3,5535,,,,0,0,11/06/2026 08:29:55,12/06/2026 18:31:29,11/06/2026 08:29:56,12/06/2026 18:31:29,28/06/2026 04:58:51,15/06/2026 08:35:02,TTS,Open/Target Collaboration
584472350014735802,1732250760944257244,"Sữa Tắm/Gel Tắm Pháp Le Petit Marseillais Chiết Xuất Thiên Nhiên 650ml - Sữa Tắm Lưu Hương Lành Tính - Dịu Nhẹ, An Toàn Cho Da","Thông & Bạch Đàn Biển, Standard",1732250801268689116,ST01902,395000,920029,VND,2,Không áp dụng thanh toán khi giao hàng,Đã hoàn thành,ha_thubay,Video,7599664598626618642,fixed commission,,,,,790000,,790000,,3,21330,,,,0,0,11/06/2026 09:20:58,11/06/2026 09:22:56,11/06/2026 09:22:57,12/06/2026 15:40:53,28/06/2026 01:37:55,15/06/2026 10:17:02,TTS,Open/Target Collaboration
584472350014735802,1732250760944257244,"Sữa Tắm/Gel Tắm Pháp Le Petit Marseillais Chiết Xuất Thiên Nhiên 650ml - Sữa Tắm Lưu Hương Lành Tính - Dịu Nhẹ, An Toàn Cho Da","Hoa Tiare, Standard",1732250801268885724,ST68816,395000,525029,VND,1,Không áp dụng thanh toán khi giao hàng,Đã hoàn thành,ha_thubay,Video,7599664598626618642,fixed commission,,,,,395000,,395000,,3,10665,,,,0,0,11/06/2026 09:20:58,11/06/2026 09:22:56,11/06/2026 09:22:57,12/06/2026 15:40:53,28/06/2026 01:37:55,15/06/2026 10:17:02,TTS,Open/Target Collaboration
584473082761217109,1734496604995683548,Xà Phòng Le Petit Marseillais Chính Hãng Bánh Xà Phòng Tắm Thiên Nhiên (Ngẫu nhiên)  1 Bánh,Mặc định,1734496577198523612,1 BÁNH-XP,75000,165150,VND,2,Thanh toán khi giao hàng,Đã hoàn thành,onggiatichcuc79,Video,7649582978691058952,fixed commission,,,,,150000,,150000,,3,4050,,,,0,0,11/06/2026 10:18:54,12/06/2026 17:24:59,11/06/2026 10:18:56,12/06/2026 17:24:59,28/06/2026 05:05:45,15/06/2026 08:40:08,TTS,Open/Target Collaboration
584473317014602773,1734496604995683548,Xà Phòng Le Petit Marseillais Chính Hãng Bánh Xà Phòng Tắm Thiên Nhiên (Ngẫu nhiên)  1 Bánh,Mặc định,1734496577198523612,1 BÁNH-XP,75000,89000,VND,1,Thanh toán khi giao hàng,Đã hoàn thành,mythi_fr,Video,7648752291633270036,fixed commission,,,,,75000,,75000,,3,2025,,,,0,0,11/06/2026 10:29:45,12/06/2026 18:49:53,11/06/2026 10:29:46,12/06/2026 18:49:53,28/06/2026 02:34:55,15/06/2026 08:55:45,TTS,Open/Target Collaboration
584473632479348272,1731893266195122396,"Gel Tắm Pháp Le Petit Marseillais Đào Trắng & Quả Xuân Đào Hữu Cơ Dưỡng Ẩm, Thơm Lâu - Phù Hợp Mọi Loại Da(250ml)","Đào Trắng & Quả Xuân Đào, Standard",1731893266195843292,ST01240,165968,286850,VND,1,Không áp dụng thanh toán khi giao hàng,Đã hoàn thành,riokuponshop5,Chương trình Lưu lượng truy cập bên ngoài,,fixed commission,,,,8,165968,11949,165968,11949,,,,,,0,0,11/06/2026 10:52:09,11/06/2026 10:52:36,11/06/2026 10:52:37,12/06/2026 13:29:01,28/06/2026 04:01:26,15/06/2026 08:05:10,TTS,Open/Target Collaboration
584474103122200535,1732251815880067292,"Sữa Tắm Pháp Le Petit Marseillais Cho Nam Chiết Xuất Thiên Nhiên 4in1 Nhiều Mùi Hương Dưỡng Ẩm, Thơm Lâu - Phù Hợp Mọi Loại Da (250ml)","Khoáng Chất & Gỗ Hoàng Đàn, Standard",1732251749140957404,ST01318,205000,312000,VND,1,Thanh toán khi giao hàng,Đang xử lý,lepthelittlekid,Video,7594749644052204818,fixed commission,,,,,205000,,,,5,9225,,,,0,0,11/06/2026 11:30:15,14/06/2026 13:35:38,11/06/2026 11:30:16,14/06/2026 13:35:38,,17/06/2026 12:13:09,TTS,Open/Target Collaboration
584474128086500883,1732251815880067292,"Sữa Tắm Pháp Le Petit Marseillais Cho Nam Chiết Xuất Thiên Nhiên 4in1 Nhiều Mùi Hương Dưỡng Ẩm, Thơm Lâu - Phù Hợp Mọi Loại Da (250ml)","Hương Gỗ Tuyết Tùng & Dương Xỉ, Standard",1732251749141219548,ST01172,189000,289750,VND,1,Thanh toán khi giao hàng,Đã hủy,haiidaynek,Video,7539959281786195207,fixed commission,0,0,0,8,189000,13608,,,,,,,,0,0,11/06/2026 11:31:28,,11/06/2026 11:31:29,,,,TTS,Open/Target Collaboration
584474561558971482,1732250760944257244,"Sữa Tắm/Gel Tắm Pháp Le Petit Marseillais Chiết Xuất Thiên Nhiên 650ml - Sữa Tắm Lưu Hương Lành Tính - Dịu Nhẹ, An Toàn Cho Da","Thông & Bạch Đàn Biển, Standard",1732250801268689116,ST01902,395000,533733,VND,1,Thanh toán khi giao hàng,Đã hủy,thaocanview,Video,7638636396026023189,fixed commission,0,0,0,,395000,,,,3,10665,,,,0,0,11/06/2026 12:03:22,,11/06/2026 12:03:24,,,,TTS,Open/Target Collaboration
584474667914593370,1732250760944257244,"Sữa Tắm/Gel Tắm Pháp Le Petit Marseillais Chiết Xuất Thiên Nhiên 650ml - Sữa Tắm Lưu Hương Lành Tính - Dịu Nhẹ, An Toàn Cho Da","Thông & Bạch Đàn Biển, Standard",1732250801268689116,ST01902,335750,533733,VND,1,Thanh toán khi giao hàng,Đã hoàn thành,thaocanview,Video,7638636396026023189,fixed commission,,,,8,335750,24174,335750,24174,,,,,,0,0,11/06/2026 12:08:46,12/06/2026 12:27:48,11/06/2026 12:08:47,12/06/2026 12:27:48,28/06/2026 03:09:24,15/06/2026 10:23:32,TTS,Open/Target Collaboration
584474803750142987,1732250760944257244,"Sữa Tắm/Gel Tắm Pháp Le Petit Marseillais Chiết Xuất Thiên Nhiên 650ml - Sữa Tắm Lưu Hương Lành Tính - Dịu Nhẹ, An Toàn Cho Da","Thông & Bạch Đàn Biển, Standard",1732250801268689116,ST01902,395000,535667,VND,1,Thanh toán khi giao hàng,Đã hoàn thành,ha_thubay,Video,7599664598626618642,fixed commission,,,,,395000,,395000,,3,10665,,,,0,0,11/06/2026 12:16:57,12/06/2026 14:34:39,11/06/2026 12:16:58,12/06/2026 14:34:39,28/06/2026 01:44:31,15/06/2026 13:07:51,TTS,Open/Target Collaboration
584475182178338105,1734496604995683548,Xà Phòng Le Petit Marseillais Chính Hãng Bánh Xà Phòng Tắm Thiên Nhiên (Ngẫu nhiên)  1 Bánh,Mặc định,1734496577198523612,1 BÁNH-XP,75000,105300,VND,1,Thanh toán khi giao hàng,Đã hủy,onggiatichcuc79,Video,7649582978691058952,fixed commission,0,0,0,,75000,,,,3,2025,,,,0,0,11/06/2026 12:39:40,,11/06/2026 12:39:41,,,,TTS,Open/Target Collaboration
584475359602312410,1734496604995683548,Xà Phòng Le Petit Marseillais Chính Hãng Bánh Xà Phòng Tắm Thiên Nhiên (Ngẫu nhiên)  1 Bánh,Mặc định,1734496577198523612,1 BÁNH-XP,75000,157000,VND,2,Thanh toán khi giao hàng,Đã hoàn thành,onggiatichcuc79,Video,7649582978691058952,fixed commission,,,,6,150000,8100,150000,8100,,,,,,0,0,11/06/2026 12:55:04,12/06/2026 21:08:56,11/06/2026 12:55:05,12/06/2026 21:08:56,28/06/2026 05:59:56,15/06/2026 10:26:21,TTS,Open/Target Collaboration
584475359589270632,1732251815880067292,"Sữa Tắm Pháp Le Petit Marseillais Cho Nam Chiết Xuất Thiên Nhiên 4in1 Nhiều Mùi Hương Dưỡng Ẩm, Thơm Lâu - Phù Hợp Mọi Loại Da (250ml)","Hương Cam & Tinh Dầu Argan, Standard",1732251749141022940,ST01431,190000,282450,VND,1,Thanh toán khi giao hàng,Đã hoàn thành,iflyad07,Chương trình Lưu lượng truy cập bên ngoài,,fixed commission,,,,4,190000,6840,190000,6840,,,,,,0,0,11/06/2026 12:55:26,12/06/2026 20:30:21,11/06/2026 12:55:28,12/06/2026 20:30:21,28/06/2026 00:48:05,15/06/2026 08:19:19,TTS,Open/Target Collaboration
584475375710340409,1734496604995683548,Xà Phòng Le Petit Marseillais Chính Hãng Bánh Xà Phòng Tắm Thiên Nhiên (Ngẫu nhiên)  1 Bánh,Mặc định,1734496577198523612,1 BÁNH-XP,60000,105300,VND,1,Thanh toán khi giao hàng,Đã hoàn thành,mythi_fr,Video,7634970118833081620,fixed commission,,,,,60000,,60000,,3,1620,,,,0,0,11/06/2026 12:56:34,12/06/2026 16:05:53,11/06/2026 12:56:35,12/06/2026 16:05:53,28/06/2026 03:56:59,15/06/2026 08:57:48,TTS,Open/Target Collaboration
584475389323019277,1732251815880067292,"Sữa Tắm Pháp Le Petit Marseillais Cho Nam Chiết Xuất Thiên Nhiên 4in1 Nhiều Mùi Hương Dưỡng Ẩm, Thơm Lâu - Phù Hợp Mọi Loại Da (250ml)","Hương Gỗ Tuyết Tùng & Dương Xỉ, Standard",1732251749141219548,ST01172,210000,286850,VND,1,Thanh toán khi giao hàng,Đã hoàn thành,duongmanhkien19,Video,7578474458705382676,fixed commission,,,,,210000,,210000,,3,5670,,,,0,0,11/06/2026 12:57:26,13/06/2026 19:30:00,11/06/2026 12:57:28,13/06/2026 19:30:00,29/06/2026 02:59:39,16/06/2026 09:06:59,TTS,Open/Target Collaboration
584475692772919076,1732250760944257244,"Sữa Tắm/Gel Tắm Pháp Le Petit Marseillais Chiết Xuất Thiên Nhiên 650ml - Sữa Tắm Lưu Hương Lành Tính - Dịu Nhẹ, An Toàn Cho Da","Thông & Bạch Đàn Biển, Standard",1732250801268689116,ST01902,335750,530400,VND,1,Không áp dụng thanh toán khi giao hàng,Đã hoàn thành,ha_thubay,Video,7599664598626618642,fixed commission,,,,,335750,,335750,,3,9066,,,,0,0,11/06/2026 13:18:21,11/06/2026 13:18:29,11/06/2026 13:18:30,12/06/2026 09:24:00,28/06/2026 05:07:01,15/06/2026 08:26:45,TTS,Open/Target Collaboration
584475794068702419,1732250760944257244,"Sữa Tắm/Gel Tắm Pháp Le Petit Marseillais Chiết Xuất Thiên Nhiên 650ml - Sữa Tắm Lưu Hương Lành Tính - Dịu Nhẹ, An Toàn Cho Da","Thông & Bạch Đàn Biển, Standard",1732250801268689116,ST01902,355500,551400,VND,1,Thanh toán khi giao hàng,Đã hoàn thành,ha_thubay,Video,7599664598626618642,fixed commission,,,,,355500,,355500,,3,9599,,,,0,0,11/06/2026 13:27:19,12/06/2026 21:47:56,11/06/2026 13:27:20,12/06/2026 21:47:56,28/06/2026 03:56:09,15/06/2026 12:03:59,TTS,Open/Target Collaboration
584475994338788830,1734496604995683548,Xà Phòng Le Petit Marseillais Chính Hãng Bánh Xà Phòng Tắm Thiên Nhiên (Ngẫu nhiên)  1 Bánh,Mặc định,1734496577198523612,1 BÁNH-XP,75000,101200,VND,1,Thanh toán khi giao hàng,Đã hoàn thành,onggiatichcuc79,Video,7649582978691058952,fixed commission,,,,,75000,,75000,,3,2025,,,,0,0,11/06/2026 13:39:35,12/06/2026 16:42:22,11/06/2026 13:39:36,12/06/2026 16:42:22,28/06/2026 02:34:57,15/06/2026 11:03:05,TTS,Open/Target Collaboration
584476000078038935,1731893265443752156,"Sữa Tắm Pháp Le Petit Marseillais Quả Mâm Xôi & Hoa Mẫu Đơn Hữu Cơ Dưỡng Ẩm, Thơm Lâu - Phù Hợp Mọi Loại Da (250ml)","Quả Mâm Xôi & Hoa Mẫu Đơn, Standard",1731893265444210908,ST48441,178500,279900,VND,1,Thanh toán khi giao hàng,Đã hoàn thành,trankimdung249,Video,7529161069151964424,fixed commission,,,,,178500,,178500,,3,4819,,,,0,0,11/06/2026 13:41:59,12/06/2026 21:11:24,11/06/2026 13:42:00,12/06/2026 21:11:24,28/06/2026 05:50:47,15/06/2026 11:43:22,TTS,Open/Target Collaboration
584476078999700924,1732251815880067292,"Sữa Tắm Pháp Le Petit Marseillais Cho Nam Chiết Xuất Thiên Nhiên 4in1 Nhiều Mùi Hương Dưỡng Ẩm, Thơm Lâu - Phù Hợp Mọi Loại Da (250ml)","Khoáng Chất & Gỗ Hoàng Đàn, Standard",1732251749140957404,ST01318,205000,307200,VND,1,Không áp dụng thanh toán khi giao hàng,Đang xử lý,lepthelittlekid,Video,7594749644052204818,fixed commission,,,,5,205000,9225,,,,,,,,0,0,11/06/2026 13:45:23,11/06/2026 13:45:27,11/06/2026 13:45:27,14/06/2026 09:41:28,,17/06/2026 07:32:41,TTS,Open/Target Collaboration
584476098180383792,1734496604995683548,Xà Phòng Le Petit Marseillais Chính Hãng Bánh Xà Phòng Tắm Thiên Nhiên (Ngẫu nhiên)  1 Bánh,Mặc định,1734496577198523612,1 BÁNH-XP,75000,150700,VND,2,Thanh toán khi giao hàng,Đã hoàn thành,onggiatichcuc79,Video,7649582978691058952,fixed commission,,,,,150000,,150000,,3,4050,,,,0,0,11/06/2026 13:50:18,12/06/2026 10:37:31,11/06/2026 13:50:19,12/06/2026 10:37:31,28/06/2026 04:40:53,15/06/2026 07:16:15,TTS,Open/Target Collaboration
584476268907497335,1732251815880067292,"Sữa Tắm Pháp Le Petit Marseillais Cho Nam Chiết Xuất Thiên Nhiên 4in1 Nhiều Mùi Hương Dưỡng Ẩm, Thơm Lâu - Phù Hợp Mọi Loại Da (250ml)","Hương Cam & Tinh Dầu Argan, Standard",1732251749141022940,ST01431,205000,286850,VND,1,Không áp dụng thanh toán khi giao hàng,Đã hoàn thành,duongmanhkien19,Video,7589190858113649928,fixed commission,,,,8,205000,14760,205000,14760,,,,,,0,0,11/06/2026 14:01:36,11/06/2026 14:01:40,11/06/2026 14:01:43,12/06/2026 09:12:30,28/06/2026 05:38:30,15/06/2026 12:10:20,TTS,Open/Target Collaboration
584480050314904776,1732250760944257244,"Sữa Tắm/Gel Tắm Pháp Le Petit Marseillais Chiết Xuất Thiên Nhiên 650ml - Sữa Tắm Lưu Hương Lành Tính - Dịu Nhẹ, An Toàn Cho Da","Hoa Tiare, Standard",1732250801268885724,ST68816,328000,545267,VND,1,Thanh toán khi giao hàng,Đã hủy,haiidaynek,Video,7550367424923585810,fixed commission,0,0,0,8,328000,26240,,,,,,,,0,0,11/06/2026 18:53:44,,11/06/2026 18:53:45,,,,TTS,Open/Target Collaboration
584480507478901938,1732250760944257244,"Sữa Tắm/Gel Tắm Pháp Le Petit Marseillais Chiết Xuất Thiên Nhiên 650ml - Sữa Tắm Lưu Hương Lành Tính - Dịu Nhẹ, An Toàn Cho Da","Hoa Tiare, Standard",1732250801268885724,ST68816,323900,530400,VND,1,Thanh toán khi giao hàng,Đã hoàn thành,lepetitmarseillaisvn,Phát trực tiếp,7650107881219459848,fixed commission,,,,,323900,,323900,,,,,,,0,0,11/06/2026 19:24:11,13/06/2026 21:03:48,11/06/2026 19:24:13,13/06/2026 21:03:48,29/06/2026 01:02:49,,TTS,Open/Target Collaboration
584480507478901938,1731317167366243548,[Quà tặng không bán] Bông Tắm Tạo Bọt Mềm Mịn,Mặc định,1731317148230255836,BONG TAM HQ,0,5700,VND,1,Thanh toán khi giao hàng,Đã hoàn thành,lepetitmarseillaisvn,Phát trực tiếp,7650107881219459848,fixed commission,,,,,0,,0,,,,,,,0,0,11/06/2026 19:24:11,13/06/2026 21:03:48,11/06/2026 19:24:13,13/06/2026 21:03:48,29/06/2026 01:02:49,,TTS,Open/Target Collaboration
584480858316834792,1731317167366243548,[Quà tặng không bán] Bông Tắm Tạo Bọt Mềm Mịn,Mặc định,1731317148230255836,BONG TAM HQ,0,17550,VND,1,Thanh toán khi giao hàng,Đã hoàn thành,lepetitmarseillaisvn,Phát trực tiếp,7650107881219459848,fixed commission,,,,,0,,0,,,,,,,0,0,11/06/2026 19:46:38,13/06/2026 16:09:31,11/06/2026 19:46:39,13/06/2026 16:09:31,29/06/2026 02:15:02,,TTS,Open/Target Collaboration
584480858316834792,1735802624329155804,Sữa Tắm Le Petit Marseillais Chiết Xuất Lô Hội Cho Da Nhạy Cảm 98% Thiên Nhiên 400ml,Mặc định,1735802660105979100,ST55031,282200,458550,VND,1,Thanh toán khi giao hàng,Đã hoàn thành,lepetitmarseillaisvn,Phát trực tiếp,7650107881219459848,fixed commission,,,,,282200,,282200,,,,,,,0,0,11/06/2026 19:46:38,13/06/2026 16:09:31,11/06/2026 19:46:39,13/06/2026 16:09:31,29/06/2026 02:15:02,,TTS,Open/Target Collaboration
584482079692850547,1731895040715622620,"Sữa Dưỡng Thể Le Petit Marseillais Với Chiết Xuất Bơ Hạt Mỡ, Hạnh Nhân Ngọt & Dầu Argan 300ml Dạng Hũ",Mặc định,1731895040715688156,DT02684,580000,781080,VND,1,Thanh toán khi giao hàng,Đã hủy,lepetitmarseillaisvn,Phát trực tiếp,7650122764221975303,fixed commission,,,,,580000,,,,,,,,,0,0,11/06/2026 21:02:57,,11/06/2026 21:02:58,,,,TTS,Open/Target Collaboration
584482079692850547,1732252946339236060,Kem Dưỡng Da Tay Le Petit Marseillais Với Chiết Xuất Bơ Hạt Mỡ Hạnh Nhân Ngọt Và Dầu Argan 75ml,"Bơ Hạt Mỡ, Hạnh Nhân & Dầu Argan, Standard",1732252945388439772,KT18485,250000,331020,VND,1,Thanh toán khi giao hàng,Đã hủy,lepetitmarseillaisvn,Phát trực tiếp,7650122764221975303,fixed commission,,,,,250000,,,,,,,,,0,0,11/06/2026 21:02:57,,11/06/2026 21:02:58,,,,TTS,Open/Target Collaboration
584482679686333640,1731317167366243548,[Quà tặng không bán] Bông Tắm Tạo Bọt Mềm Mịn,Mặc định,1731317148230255836,BONG TAM HQ,0,13133,VND,1,Thanh toán khi giao hàng,Đã hoàn thành,lepetitmarseillaisvn,Phát trực tiếp,7650122764221975303,fixed commission,,,,,0,,0,,,,,,,0,0,11/06/2026 21:34:38,13/06/2026 15:17:14,11/06/2026 21:34:39,13/06/2026 15:17:14,29/06/2026 03:15:53,,TTS,Open/Target Collaboration
584482679686333640,1732250760944257244,"Sữa Tắm/Gel Tắm Pháp Le Petit Marseillais Chiết Xuất Thiên Nhiên 650ml - Sữa Tắm Lưu Hương Lành Tính - Dịu Nhẹ, An Toàn Cho Da","Hoa Tiare, Standard",1732250801268885724,ST68816,332000,545267,VND,1,Thanh toán khi giao hàng,Đã hoàn thành,lepetitmarseillaisvn,Phát trực tiếp,7650122764221975303,fixed commission,,,,,332000,,332000,,,,,,,0,0,11/06/2026 21:34:38,13/06/2026 15:17:14,11/06/2026 21:34:39,13/06/2026 15:17:14,29/06/2026 03:15:53,,TTS,Open/Target Collaboration
584482937276565281,1735910664928920796,Combo 2 Sữa Tắm Nam Le Petit Marseillais 4in1 Cho Tóc Mặt Râu Toàn Thân 250ml,"Gỗ Cam & Dầu Argan , Gỗ Hoàng Đàn Và Khoáng Chất ",1735912571878212828,ST01431 +ST01318,347650,591400,VND,1,Thanh toán khi giao hàng,Đang xử lý,lepetitmarseillaisvn,Phát trực tiếp,7650122764221975303,fixed commission,,,,,347650,,,,,,,,,0,0,11/06/2026 21:54:14,15/06/2026 11:22:18,11/06/2026 21:54:15,15/06/2026 11:22:18,,,TTS,Open/Target Collaboration
584482979930408477,1732251815880067292,"Sữa Tắm Pháp Le Petit Marseillais Cho Nam Chiết Xuất Thiên Nhiên 4in1 Nhiều Mùi Hương Dưỡng Ẩm, Thơm Lâu - Phù Hợp Mọi Loại Da (250ml)","Hương Gỗ Tuyết Tùng & Dương Xỉ, Standard",1732251749141219548,ST01172,205000,496364,VND,2,Thanh toán khi giao hàng,Đang xử lý,lepthelittlekid,Video,7594749644052204818,fixed commission,,,,5,410000,20500,,,,,,,,0,0,11/06/2026 21:58:50,14/06/2026 14:30:45,11/06/2026 21:58:51,14/06/2026 14:30:45,,17/06/2026 10:51:20,TTS,Open/Target Collaboration
584485055484626055,1732250928810920156,"Sữa Tắm/Gel Tắm Pháp Le Petit Marseillais Thiên Nhiên 250ml - Sữa Tắm Lưu Hương Lành Tính - Dịu Nhẹ, An Toàn Cho Da","Đào Trắng & Quả Xuân Đào, Standard",1732250914985380060,ST01240,184500,289550,VND,1,Thanh toán khi giao hàng,Đã hoàn thành,souunbox,Video,7548805079441083656,fixed commission,,,,8,184500,14760,184500,14760,,,,,,0,0,12/06/2026 01:45:22,13/06/2026 21:20:00,12/06/2026 01:45:23,13/06/2026 21:20:00,29/06/2026 02:33:27,16/06/2026 12:22:58,TTS,Open/Target Collaboration
584485504407144424,1734496604995683548,Xà Phòng Le Petit Marseillais Chính Hãng Bánh Xà Phòng Tắm Thiên Nhiên (Ngẫu nhiên)  1 Bánh,Mặc định,1734496577198523612,1 BÁNH-XP,75000,112000,VND,1,Thanh toán khi giao hàng,Đã hoàn thành,onggiatichcuc79,Video,7650176928858590472,fixed commission,,,,6,75000,4500,75000,4500,,,,,,0,0,12/06/2026 04:01:34,13/06/2026 14:44:02,12/06/2026 04:01:35,13/06/2026 14:44:02,29/06/2026 05:43:36,16/06/2026 08:16:28,TTS,Open/Target Collaboration
584487598646461624,1732251815880067292,"Sữa Tắm Pháp Le Petit Marseillais Cho Nam Chiết Xuất Thiên Nhiên 4in1 Nhiều Mùi Hương Dưỡng Ẩm, Thơm Lâu - Phù Hợp Mọi Loại Da (250ml)","Hương Gỗ Tuyết Tùng & Dương Xỉ, Standard",1732251749141219548,ST01172,205000,279900,VND,1,Thanh toán khi giao hàng,Đang xử lý,man.trung.737,Video,7595064670482877717,fixed commission,,,,8,205000,16400,,,,,,,,0,0,12/06/2026 08:41:26,15/06/2026 20:27:00,12/06/2026 08:41:28,15/06/2026 20:27:00,,18/06/2026 07:17:48,TTS,Open/Target Collaboration
584489725990766161,1732251815880067292,"Sữa Tắm Pháp Le Petit Marseillais Cho Nam Chiết Xuất Thiên Nhiên 4in1 Nhiều Mùi Hương Dưỡng Ẩm, Thơm Lâu - Phù Hợp Mọi Loại Da (250ml)","Hương Thông & Bạch Đàn Biển, Standard",1732251749141154012,ST01356,180400,286850,VND,1,Thanh toán khi giao hàng,Đã hoàn thành,mythi_fr,Video,7637761595417857301,fixed commission,,,,8,180400,14432,180400,14432,,,,,,0,0,12/06/2026 11:17:58,13/06/2026 20:03:30,12/06/2026 11:17:59,13/06/2026 20:03:30,29/06/2026 02:03:27,16/06/2026 09:37:10,TTS,Open/Target Collaboration
584490384651027598,1731893265443752156,"Sữa Tắm Pháp Le Petit Marseillais Quả Mâm Xôi & Hoa Mẫu Đơn Hữu Cơ Dưỡng Ẩm, Thơm Lâu - Phù Hợp Mọi Loại Da (250ml)","Quả Mâm Xôi & Hoa Mẫu Đơn, Standard",1731893265444210908,ST48441,189000,289550,VND,1,Thanh toán khi giao hàng,Đã hoàn thành,iflytek02,Chương trình Lưu lượng truy cập bên ngoài,,fixed commission,,,,4,189000,7560,189000,7560,,,,,,0,0,12/06/2026 12:02:18,13/06/2026 21:14:00,12/06/2026 12:02:19,13/06/2026 21:14:00,29/06/2026 03:54:32,16/06/2026 10:45:47,TTS,Open/Target Collaboration
584493182162929572,1734496604995683548,Xà Phòng Le Petit Marseillais Chính Hãng Bánh Xà Phòng Tắm Thiên Nhiên (Ngẫu nhiên)  1 Bánh,Mặc định,1734496577198523612,1 BÁNH-XP,75000,77000,VND,1,Thanh toán khi giao hàng,Đang xử lý,tranquang0879,Video,7650367958992096530,fixed commission,,,,6,75000,4500,,,,,,,,0,0,12/06/2026 15:20:18,15/06/2026 15:22:46,12/06/2026 15:20:21,15/06/2026 15:22:46,,18/06/2026 08:12:35,TTS,Open/Target Collaboration
584493360555590947,1734496604995683548,Xà Phòng Le Petit Marseillais Chính Hãng Bánh Xà Phòng Tắm Thiên Nhiên (Ngẫu nhiên)  1 Bánh,Mặc định,1734496577198523612,1 BÁNH-XP,75000,89000,VND,1,Thanh toán khi giao hàng,Đang xử lý,onggiatichcuc79,Video,7650176928858590472,fixed commission,,,,6,75000,4500,,,,,,,,0,0,12/06/2026 15:34:38,14/06/2026 12:34:44,12/06/2026 15:34:39,14/06/2026 12:34:44,,17/06/2026 11:39:22,TTS,Open/Target Collaboration
584494989719799389,1732251815880067292,"Sữa Tắm Pháp Le Petit Marseillais Cho Nam Chiết Xuất Thiên Nhiên 4in1 Nhiều Mùi Hương Dưỡng Ẩm, Thơm Lâu - Phù Hợp Mọi Loại Da (250ml)","Hương Gỗ Tuyết Tùng & Dương Xỉ, Standard",1732251749141219548,ST01172,210000,283813,VND,1,Thanh toán khi giao hàng,Đang xử lý,ml.shop36,Video,7564595403824319751,fixed commission,,,,8,210000,16800,,,,,,,,0,0,12/06/2026 17:48:43,15/06/2026 19:12:50,12/06/2026 17:48:45,15/06/2026 19:12:50,,18/06/2026 08:25:11,TTS,Open/Target Collaboration
584494989719799389,1732252957247965404,"Dầu Gội Le Petit Marseillais Nhiều Mùi Hương 300ml Dưỡng Ẩm, Thơm Lâu - Phù Hợp Mọi Loại Da",Táo & Oliu,1732252922366494940,DG31372,420000,559175,VND,1,Thanh toán khi giao hàng,Đang xử lý,ml.shop36,Video,7564595403824319751,fixed commission,,,,,420000,,,,3,12600,,,,0,0,12/06/2026 17:48:43,15/06/2026 19:12:50,12/06/2026 17:48:45,15/06/2026 19:12:50,,18/06/2026 08:25:11,TTS,Open/Target Collaboration
584495298412775100,1732251815880067292,"Sữa Tắm Pháp Le Petit Marseillais Cho Nam Chiết Xuất Thiên Nhiên 4in1 Nhiều Mùi Hương Dưỡng Ẩm, Thơm Lâu - Phù Hợp Mọi Loại Da (250ml)","Hương Cam & Tinh Dầu Argan, Standard",1732251749141022940,ST01431,170000,297182,VND,1,Thanh toán khi giao hàng,Đang xử lý,chongsalyyyyy,Video,7590981447582780680,fixed commission,,,,8,170000,13600,,,,,,,,0,0,12/06/2026 18:02:12,14/06/2026 20:46:42,12/06/2026 18:02:14,14/06/2026 20:46:42,,17/06/2026 07:20:08,TTS,Open/Target Collaboration
584495298412775100,1732251815880067292,"Sữa Tắm Pháp Le Petit Marseillais Cho Nam Chiết Xuất Thiên Nhiên 4in1 Nhiều Mùi Hương Dưỡng Ẩm, Thơm Lâu - Phù Hợp Mọi Loại Da (250ml)","Hương Gỗ Tuyết Tùng & Dương Xỉ, Standard",1732251749141219548,ST01172,170000,297182,VND,1,Thanh toán khi giao hàng,Đang xử lý,chongsalyyyyy,Video,7590981447582780680,fixed commission,,,,8,170000,13600,,,,,,,,0,0,12/06/2026 18:02:12,14/06/2026 20:46:42,12/06/2026 18:02:14,14/06/2026 20:46:42,,17/06/2026 07:20:08,TTS,Open/Target Collaboration
584495794841224959,1731317167366243548,[Quà tặng không bán] Bông Tắm Tạo Bọt Mềm Mịn,Mặc định,1731317148230255836,BONG TAM HQ,0,7400,VND,1,Thanh toán khi giao hàng,Đang xử lý,lepetitmarseillaisvn,Phát trực tiếp,7649364550224235282,fixed commission,,,,,0,,,,,,,,,0,0,12/06/2026 18:44:53,14/06/2026 19:13:24,12/06/2026 18:44:54,14/06/2026 19:13:24,,17/06/2026 12:08:04,TTS,Open/Target Collaboration
584495830281258130,1732251815880067292,"Sữa Tắm Pháp Le Petit Marseillais Cho Nam Chiết Xuất Thiên Nhiên 4in1 Nhiều Mùi Hương Dưỡng Ẩm, Thơm Lâu - Phù Hợp Mọi Loại Da (250ml)","Hương Gỗ Tuyết Tùng & Dương Xỉ, Standard",1732251749141219548,ST01172,205000,292700,VND,1,Thanh toán khi giao hàng,Đang xử lý,man.trung.737,Video,7595064670482877717,fixed commission,,,,8,205000,16400,,,,,,,,0,0,12/06/2026 18:47:19,14/06/2026 17:17:53,12/06/2026 18:47:21,14/06/2026 17:17:53,,17/06/2026 11:15:05,TTS,Open/Target Collaboration
584496730973635946,1731317167366243548,[Quà tặng không bán] Bông Tắm Tạo Bọt Mềm Mịn,Mặc định,1731317148230255836,BONG TAM HQ,0,17550,VND,1,Thanh toán khi giao hàng,Đang xử lý,lepetitmarseillaisvn,Phát trực tiếp,7650478479037352722,fixed commission,,,,,0,,,,,,,,,0,0,12/06/2026 19:41:26,14/06/2026 20:49:33,12/06/2026 19:41:28,14/06/2026 20:49:33,,,TTS,Open/Target Collaboration
584496730973635946,1732250928810920156,"Sữa Tắm/Gel Tắm Pháp Le Petit Marseillais Thiên Nhiên 250ml - Sữa Tắm Lưu Hương Lành Tính - Dịu Nhẹ, An Toàn Cho Da","Đào Trắng & Quả Xuân Đào, Standard",1732250914985380060,ST01240,123000,289550,VND,1,Thanh toán khi giao hàng,Đang xử lý,lepetitmarseillaisvn,Phát trực tiếp,7650478479037352722,fixed commission,,,,,123000,,,,,,,,,0,0,12/06/2026 19:41:26,14/06/2026 20:49:33,12/06/2026 19:41:28,14/06/2026 20:49:33,,,TTS,Open/Target Collaboration
584496733257828222,1732251815880067292,"Sữa Tắm Pháp Le Petit Marseillais Cho Nam Chiết Xuất Thiên Nhiên 4in1 Nhiều Mùi Hương Dưỡng Ẩm, Thơm Lâu - Phù Hợp Mọi Loại Da (250ml)","Hương Thông & Bạch Đàn Biển, Standard",1732251749141154012,ST01356,205000,282450,VND,1,Thanh toán khi giao hàng,Đang xử lý,duongmanhkien19,Video,7589190858113649928,fixed commission,,,,8,205000,16400,,,,,,,,0,0,12/06/2026 19:42:36,14/06/2026 15:14:50,12/06/2026 19:42:37,14/06/2026 15:14:50,,17/06/2026 11:34:48,TTS,Open/Target Collaboration
584496819225789983,1731317167366243548,[Quà tặng không bán] Bông Tắm Tạo Bọt Mềm Mịn,Mặc định,1731317148230255836,BONG TAM HQ,0,3640,VND,1,Thanh toán khi giao hàng,Đang xử lý,lepetitmarseillaisvn,Phát trực tiếp,7650478479037352722,fixed commission,,,,,0,,,,,,,,,0,0,12/06/2026 19:52:57,15/06/2026 22:30:25,12/06/2026 19:52:58,15/06/2026 22:30:25,,,TTS,Open/Target Collaboration
584496819225789983,1732250760944257244,"Sữa Tắm/Gel Tắm Pháp Le Petit Marseillais Chiết Xuất Thiên Nhiên 650ml - Sữa Tắm Lưu Hương Lành Tính - Dịu Nhẹ, An Toàn Cho Da","Hoa Tiare, Standard",1732250801268885724,ST68816,331800,526280,VND,1,Thanh toán khi giao hàng,Đang xử lý,lepetitmarseillaisvn,Phát trực tiếp,7650478479037352722,fixed commission,,,,,331800,,,,,,,,,0,0,12/06/2026 19:52:57,15/06/2026 22:30:25,12/06/2026 19:52:58,15/06/2026 22:30:25,,,TTS,Open/Target Collaboration
584496819225789983,1732250760944257244,"Sữa Tắm/Gel Tắm Pháp Le Petit Marseillais Chiết Xuất Thiên Nhiên 650ml - Sữa Tắm Lưu Hương Lành Tính - Dịu Nhẹ, An Toàn Cho Da","Dừa, Standard",1732250801269147868,ST06999,331800,526280,VND,1,Thanh toán khi giao hàng,Đang xử lý,lepetitmarseillaisvn,Phát trực tiếp,7650478479037352722,fixed commission,,,,,331800,,,,,,,,,0,0,12/06/2026 19:52:57,15/06/2026 22:30:25,12/06/2026 19:52:58,15/06/2026 22:30:25,,,TTS,Open/Target Collaboration
584497257364489652,1732252957247965404,"Dầu Gội Le Petit Marseillais Nhiều Mùi Hương 300ml Dưỡng Ẩm, Thơm Lâu - Phù Hợp Mọi Loại Da",Mật Ong & Hạt Mỡ,1732252922366560476,DG74554,357000,565900,VND,1,Thanh toán khi giao hàng,Đang xử lý,haiidaynek,Video,7548126556418264327,fixed commission,,,,,357000,,,,3,10710,,,,0,0,12/06/2026 20:17:53,15/06/2026 14:20:19,12/06/2026 20:17:54,15/06/2026 14:20:19,,18/06/2026 07:00:41,TTS,Open/Target Collaboration
584497414401590915,1732250928810920156,"Sữa Tắm/Gel Tắm Pháp Le Petit Marseillais Thiên Nhiên 250ml - Sữa Tắm Lưu Hương Lành Tính - Dịu Nhẹ, An Toàn Cho Da","Vani, Standard",1732250914985183452,ST00526,133250,289550,VND,1,Thanh toán khi giao hàng,Đang xử lý,lepetitmarseillaisvn,Phát trực tiếp,7650478479037352722,fixed commission,,,,,133250,,,,,,,,,0,0,12/06/2026 20:24:46,14/06/2026 20:53:30,12/06/2026 20:24:47,14/06/2026 20:53:30,,,TTS,Open/Target Collaboration
584497582997472679,1732250928810920156,"Sữa Tắm/Gel Tắm Pháp Le Petit Marseillais Thiên Nhiên 250ml - Sữa Tắm Lưu Hương Lành Tính - Dịu Nhẹ, An Toàn Cho Da","Bạc Hà, Standard",1732250914984855772,ST92871,165000,286850,VND,1,Thanh toán khi giao hàng,Đang xử lý,coemnotext,Chương trình Lưu lượng truy cập bên ngoài,,fixed commission,,,,4,165000,6600,,,,,,,,0,0,12/06/2026 20:35:12,15/06/2026 17:19:48,12/06/2026 20:35:15,15/06/2026 17:19:48,,18/06/2026 11:53:12,TTS,Open/Target Collaboration
584497586553128126,1732251815880067292,"Sữa Tắm Pháp Le Petit Marseillais Cho Nam Chiết Xuất Thiên Nhiên 4in1 Nhiều Mùi Hương Dưỡng Ẩm, Thơm Lâu - Phù Hợp Mọi Loại Da (250ml)","Hương Gỗ Tuyết Tùng & Dương Xỉ, Standard",1732251749141219548,ST01172,205000,275400,VND,1,Thanh toán khi giao hàng,Đang xử lý,duongmanhkien19,Video,7589190858113649928,fixed commission,,,,8,205000,16400,,,,,,,,0,0,12/06/2026 20:37:23,15/06/2026 11:33:19,12/06/2026 20:37:25,15/06/2026 11:33:19,,18/06/2026 11:04:58,TTS,Open/Target Collaboration
584497658322125880,1731317167366243548,[Quà tặng không bán] Bông Tắm Tạo Bọt Mềm Mịn,Mặc định,1731317148230255836,BONG TAM HQ,0,11333,VND,1,Thanh toán khi giao hàng,Đang xử lý,lepetitmarseillaisvn,Phát trực tiếp,7650478479037352722,fixed commission,,,,,0,,,,,,,,,0,0,12/06/2026 20:41:25,15/06/2026 10:40:39,12/06/2026 20:41:26,15/06/2026 10:40:39,,,TTS,Open/Target Collaboration
584497658322125880,1732250760944257244,"Sữa Tắm/Gel Tắm Pháp Le Petit Marseillais Chiết Xuất Thiên Nhiên 650ml - Sữa Tắm Lưu Hương Lành Tính - Dịu Nhẹ, An Toàn Cho Da","Thông & Bạch Đàn Biển, Standard",1732250801268689116,ST01902,355500,541667,VND,1,Thanh toán khi giao hàng,Đang xử lý,lepetitmarseillaisvn,Phát trực tiếp,7650478479037352722,fixed commission,,,,,355500,,,,,,,,,0,0,12/06/2026 20:41:25,15/06/2026 10:40:39,12/06/2026 20:41:26,15/06/2026 10:40:39,,,TTS,Open/Target Collaboration
584497644401886410,1731317167366243548,[Quà tặng không bán] Bông Tắm Tạo Bọt Mềm Mịn,Mặc định,1731317148230255836,BONG TAM HQ,0,7900,VND,1,Thanh toán khi giao hàng,Đang xử lý,lepetitmarseillaisvn,Phát trực tiếp,7650478479037352722,fixed commission,,,,,0,,,,,,,,,0,0,12/06/2026 20:42:01,15/06/2026 13:45:00,12/06/2026 20:42:02,15/06/2026 13:45:00,,,TTS,Open/Target Collaboration
584497644401886410,1732250928810920156,"Sữa Tắm/Gel Tắm Pháp Le Petit Marseillais Thiên Nhiên 250ml - Sữa Tắm Lưu Hương Lành Tính - Dịu Nhẹ, An Toàn Cho Da","Bạc Hà, Standard",1732250914984855772,ST92871,123000,279900,VND,1,Thanh toán khi giao hàng,Đang xử lý,lepetitmarseillaisvn,Phát trực tiếp,7650478479037352722,fixed commission,,,,,123000,,,,,,,,,0,0,12/06/2026 20:42:01,15/06/2026 13:45:00,12/06/2026 20:42:02,15/06/2026 13:45:00,,,TTS,Open/Target Collaboration
584497666657060305,1732251815880067292,"Sữa Tắm Pháp Le Petit Marseillais Cho Nam Chiết Xuất Thiên Nhiên 4in1 Nhiều Mùi Hương Dưỡng Ẩm, Thơm Lâu - Phù Hợp Mọi Loại Da (250ml)","Hương Thông & Bạch Đàn Biển, Standard",1732251749141154012,ST01356,205000,286850,VND,1,Thanh toán khi giao hàng,Đang xử lý,gentlegrooming0,Video,7597291366036557076,fixed commission,,,,8,205000,16400,,,,,,,,0,0,12/06/2026 20:44:45,14/06/2026 19:03:39,12/06/2026 20:44:47,14/06/2026 19:03:39,,17/06/2026 09:51:24,TTS,Open/Target Collaboration
584498730003826074,1732252957247965404,"Dầu Gội Le Petit Marseillais Nhiều Mùi Hương 300ml Dưỡng Ẩm, Thơm Lâu - Phù Hợp Mọi Loại Da",Cây Tầm Ma & Chanh,1732252922366626012,DG74646,365400,558600,VND,1,Thanh toán khi giao hàng,Đang xử lý,lepetitmarseillaisvn,Phát trực tiếp,7650478479037352722,fixed commission,,,,,365400,,,,,,,,,0,0,12/06/2026 21:46:07,15/06/2026 10:13:02,12/06/2026 21:46:10,15/06/2026 10:13:02,,,TTS,Open/Target Collaboration
584498730003826074,1731317167366243548,[Quà tặng không bán] Bông Tắm Tạo Bọt Mềm Mịn,Mặc định,1731317148230255836,BONG TAM HQ,0,11333,VND,1,Thanh toán khi giao hàng,Đang xử lý,lepetitmarseillaisvn,Phát trực tiếp,7650478479037352722,fixed commission,,,,,0,,,,,,,,,0,0,12/06/2026 21:46:07,15/06/2026 10:13:02,12/06/2026 21:46:10,15/06/2026 10:13:02,,,TTS,Open/Target Collaboration
584498730003826074,1732250760944257244,"Sữa Tắm/Gel Tắm Pháp Le Petit Marseillais Chiết Xuất Thiên Nhiên 650ml - Sữa Tắm Lưu Hương Lành Tính - Dịu Nhẹ, An Toàn Cho Da","Hương Chanh & Bưởi Hồng, Standard",1732250801268820188,ST01868,343650,541667,VND,1,Thanh toán khi giao hàng,Đang xử lý,lepetitmarseillaisvn,Phát trực tiếp,7650478479037352722,fixed commission,,,,,343650,,,,,,,,,0,0,12/06/2026 21:46:07,15/06/2026 10:13:02,12/06/2026 21:46:10,15/06/2026 10:13:02,,,TTS,Open/Target Collaboration
584499002406765707,1733398589084042460,Sữa Tắm Nam Thơm Lâu 4 in 1 Thiên Nhiên Le Petit Marseillais Chiết Xuất Thông Biển & Bạch Đàn 250ml 1356,Mặc định,1733398673842472156,ST01356,210000,285200,VND,1,Thanh toán khi giao hàng,Đang xử lý,iflyad07,Chương trình Lưu lượng truy cập bên ngoài,,fixed commission,,,,4,210000,8400,,,,,,,,0,0,12/06/2026 22:04:30,14/06/2026 16:46:17,12/06/2026 22:04:31,14/06/2026 16:46:17,,17/06/2026 11:21:31,TTS,Open/Target Collaboration
584499070339482836,1731317167366243548,[Quà tặng không bán] Bông Tắm Tạo Bọt Mềm Mịn,Mặc định,1731317148230255836,BONG TAM HQ,0,23800,VND,1,Thanh toán khi giao hàng,Đang xử lý,lepetitmarseillaisvn,Phát trực tiếp,7650478479037352722,fixed commission,,,,,0,,,,,,,,,0,0,12/06/2026 22:07:22,14/06/2026 09:39:22,12/06/2026 22:07:24,14/06/2026 09:39:22,,,TTS,Open/Target Collaboration
584499070339482836,1732251815880067292,"Sữa Tắm Pháp Le Petit Marseillais Cho Nam Chiết Xuất Thiên Nhiên 4in1 Nhiều Mùi Hương Dưỡng Ẩm, Thơm Lâu - Phù Hợp Mọi Loại Da (250ml)","Hương Cam & Tinh Dầu Argan, Standard",1732251749141022940,ST01431,174250,295800,VND,1,Thanh toán khi giao hàng,Đang xử lý,lepetitmarseillaisvn,Phát trực tiếp,7650478479037352722,fixed commission,,,,,174250,,,,,,,,,0,0,12/06/2026 22:07:22,14/06/2026 09:39:22,12/06/2026 22:07:24,14/06/2026 09:39:22,,,TTS,Open/Target Collaboration
584499075884877576,1731317167366243548,[Quà tặng không bán] Bông Tắm Tạo Bọt Mềm Mịn,Mặc định,1731317148230255836,BONG TAM HQ,0,7900,VND,1,Không áp dụng thanh toán khi giao hàng,Đang xử lý,lepetitmarseillaisvn,Phát trực tiếp,7650478479037352722,fixed commission,,,,,0,,,,,,,,,0,0,12/06/2026 22:10:17,12/06/2026 22:10:19,12/06/2026 22:10:20,14/06/2026 10:24:30,,,TTS,Open/Target Collaboration
584499075884877576,1732250928810920156,"Sữa Tắm/Gel Tắm Pháp Le Petit Marseillais Thiên Nhiên 250ml - Sữa Tắm Lưu Hương Lành Tính - Dịu Nhẹ, An Toàn Cho Da","Vani, Standard",1732250914985183452,ST00526,123000,279900,VND,1,Không áp dụng thanh toán khi giao hàng,Đang xử lý,lepetitmarseillaisvn,Phát trực tiếp,7650478479037352722,fixed commission,,,,,123000,,,,,,,,,0,0,12/06/2026 22:10:17,12/06/2026 22:10:19,12/06/2026 22:10:20,14/06/2026 10:24:30,,,TTS,Open/Target Collaboration
584499219438601723,1735734384783819996,"[KOL huynhdangthong x LPM] Dầu Gội Thiên Nhiên Le Petit Marseillais Nhiều Mùi Hương Dừa 250ml Dưỡng Ẩm, Thơm Lâu - Phù Hợp Mọi Loại Da",Cấp Ẩm Chuyên Sâu Từ Nước Dừa,1735734387039896796,DG37429,82248,369700,VND,1,Thanh toán khi giao hàng,Đang xử lý,lepetitmarseillaisvn,Phát trực tiếp,7650478479037352722,fixed commission,,,,,82248,,,,,,,,,0,0,12/06/2026 22:17:00,14/06/2026 09:56:21,12/06/2026 22:17:02,14/06/2026 09:56:21,,,TTS,Open/Target Collaboration
584499191416784249,1732250928810920156,"Sữa Tắm/Gel Tắm Pháp Le Petit Marseillais Thiên Nhiên 250ml - Sữa Tắm Lưu Hương Lành Tính - Dịu Nhẹ, An Toàn Cho Da","Quả Mâm Xôi & Hoa Mẫu Đơn, Standard",1732250914985052380,ST48441,205000,279900,VND,1,Thanh toán khi giao hàng,Đang xử lý,pinkbeauty.235,Video,7632753739438263573,fixed commission,,,,8,205000,16400,,,,,,,,0,0,12/06/2026 22:17:44,14/06/2026 21:30:20,12/06/2026 22:17:46,14/06/2026 21:30:20,,17/06/2026 09:24:55,TTS,Open/Target Collaboration
584499185736975867,1735734384783819996,"[KOL huynhdangthong x LPM] Dầu Gội Thiên Nhiên Le Petit Marseillais Nhiều Mùi Hương Dừa 250ml Dưỡng Ẩm, Thơm Lâu - Phù Hợp Mọi Loại Da",Cấp Ẩm Chuyên Sâu Từ Nước Dừa,1735734387039896796,DG37429,90972,369700,VND,1,Thanh toán khi giao hàng,Đang xử lý,lepetitmarseillaisvn,Phát trực tiếp,7650478479037352722,fixed commission,,,,,90972,,,,,,,,,0,0,12/06/2026 22:20:35,14/06/2026 09:56:21,12/06/2026 22:20:37,14/06/2026 09:56:21,,,TTS,Open/Target Collaboration
584499214788625829,1731317167366243548,[Quà tặng không bán] Bông Tắm Tạo Bọt Mềm Mịn,Mặc định,1731317148230255836,BONG TAM HQ,0,2700,VND,1,Thanh toán khi giao hàng,Đang xử lý,lepetitmarseillaisvn,Phát trực tiếp,7650478479037352722,fixed commission,,,,,0,,,,,,,,,0,0,12/06/2026 22:21:22,15/06/2026 11:52:11,12/06/2026 22:21:23,15/06/2026 11:52:11,,,TTS,Open/Target Collaboration
584499214788625829,1732250760944257244,"Sữa Tắm/Gel Tắm Pháp Le Petit Marseillais Chiết Xuất Thiên Nhiên 650ml - Sữa Tắm Lưu Hương Lành Tính - Dịu Nhẹ, An Toàn Cho Da","Hương Xoài & Chanh Dây, Standard",1732250801268951260,ST68823,395000,524400,VND,1,Thanh toán khi giao hàng,Đang xử lý,lepetitmarseillaisvn,Phát trực tiếp,7650478479037352722,fixed commission,,,,,395000,,,,,,,,,0,0,12/06/2026 22:21:22,15/06/2026 11:52:11,12/06/2026 22:21:23,15/06/2026 11:52:11,,,TTS,Open/Target Collaboration
584499275213211045,1732252961260865756,"Dầu Gội Thiên Nhiên Le Petit Marseillais Nhiều Mùi Hương 250ml Dưỡng Ẩm, Thơm Lâu - Phù Hợp Mọi Loại Da",Tinh Dầu Chanh Vàng Hữu Cơ,1735769515978818780,DG74035,270000,355000,VND,1,Thanh toán khi giao hàng,Đang xử lý,lepetitmarseillaisvn,Phát trực tiếp,7650478479037352722,fixed commission,,,,,270000,,,,,,,,,0,0,12/06/2026 22:23:56,14/06/2026 11:36:30,12/06/2026 22:23:59,14/06/2026 11:36:30,,,TTS,Open/Target Collaboration
584500796428027139,1732250760944257244,"Sữa Tắm/Gel Tắm Pháp Le Petit Marseillais Chiết Xuất Thiên Nhiên 650ml - Sữa Tắm Lưu Hương Lành Tính - Dịu Nhẹ, An Toàn Cho Da","Thông & Bạch Đàn Biển, Standard",1732250801268689116,ST01902,395000,533733,VND,1,Không áp dụng thanh toán khi giao hàng,Đang xử lý,ha_thubay,Video,7599664598626618642,fixed commission,,,,,395000,,,,3,11850,,,,0,0,13/06/2026 01:02:42,13/06/2026 01:02:46,13/06/2026 01:02:46,14/06/2026 10:30:19,,17/06/2026 11:55:51,TTS,Open/Target Collaboration
584501591471326561,1732251815880067292,"Sữa Tắm Pháp Le Petit Marseillais Cho Nam Chiết Xuất Thiên Nhiên 4in1 Nhiều Mùi Hương Dưỡng Ẩm, Thơm Lâu - Phù Hợp Mọi Loại Da (250ml)","Hương Thông & Bạch Đàn Biển, Standard",1732251749141154012,ST01356,205000,286850,VND,1,Không áp dụng thanh toán khi giao hàng,Đang xử lý,selca.ph,Chương trình Lưu lượng truy cập bên ngoài,,fixed commission,,,,4,205000,8200,,,,,,,,0,0,13/06/2026 04:43:11,13/06/2026 04:43:14,13/06/2026 04:43:14,14/06/2026 11:57:09,,17/06/2026 08:32:15,TTS,Open/Target Collaboration
584501792491538389,1732250760944257244,"Sữa Tắm/Gel Tắm Pháp Le Petit Marseillais Chiết Xuất Thiên Nhiên 650ml - Sữa Tắm Lưu Hương Lành Tính - Dịu Nhẹ, An Toàn Cho Da","Thông & Bạch Đàn Biển, Standard",1732250801268689116,ST01902,335750,535667,VND,1,Không áp dụng thanh toán khi giao hàng,Đang xử lý,ha_thubay,Video,7599664598626618642,fixed commission,,,,,335750,,,,3,10073,,,,0,0,13/06/2026 05:34:14,13/06/2026 05:34:18,13/06/2026 05:34:19,14/06/2026 10:25:53,,17/06/2026 09:37:31,TTS,Open/Target Collaboration
584502431656085461,1732250760944257244,"Sữa Tắm/Gel Tắm Pháp Le Petit Marseillais Chiết Xuất Thiên Nhiên 650ml - Sữa Tắm Lưu Hương Lành Tính - Dịu Nhẹ, An Toàn Cho Da","Hương Xoài & Chanh Dây, Standard",1732250801268951260,ST68823,395000,530400,VND,1,Không áp dụng thanh toán khi giao hàng,Đang xử lý,ha_thubay,Video,7633274382705642773,fixed commission,,,,,395000,,,,3,11850,,,,0,0,13/06/2026 07:00:30,13/06/2026 07:00:34,13/06/2026 07:00:36,14/06/2026 12:21:09,,17/06/2026 09:20:05,TTS,Open/Target Collaboration
584503007843550441,1734496604995683548,Xà Phòng Le Petit Marseillais Chính Hãng Bánh Xà Phòng Tắm Thiên Nhiên (Ngẫu nhiên)  1 Bánh,Mặc định,1734496577198523612,1 BÁNH-XP,0,4243,VND,1,Thanh toán khi giao hàng,Đang xử lý,iflyad07,Chương trình Lưu lượng truy cập bên ngoài,,fixed commission,,,,,0,,,,,,,,,0,0,13/06/2026 07:59:34,14/06/2026 18:24:12,13/06/2026 07:59:35,14/06/2026 18:24:12,,17/06/2026 09:39:12,TTS,Open/Target Collaboration
584503007843550441,1735910664928920796,Combo 2 Sữa Tắm Nam Le Petit Marseillais 4in1 Cho Tóc Mặt Râu Toàn Thân 250ml,"Thông Biển & Bạch Đàn, Gỗ Tuyết Tùng Và Dương Xỉ",1735912571878606044,ST01356 + ST01172,339150,575457,VND,1,Thanh toán khi giao hàng,Đang xử lý,iflyad07,Chương trình Lưu lượng truy cập bên ngoài,,fixed commission,,,,4,339150,13566,,,,,,,,0,0,13/06/2026 07:59:34,14/06/2026 18:24:12,13/06/2026 07:59:35,14/06/2026 18:24:12,,17/06/2026 09:39:12,TTS,Open/Target Collaboration
584503710140237022,1734496604995683548,Xà Phòng Le Petit Marseillais Chính Hãng Bánh Xà Phòng Tắm Thiên Nhiên (Ngẫu nhiên)  1 Bánh,Mặc định,1734496577198523612,1 BÁNH-XP,75000,163100,VND,2,Thanh toán khi giao hàng,Đang xử lý,tranquang0879,Video,7650367958992096530,fixed commission,,,,6,150000,9000,,,,,,,,0,0,13/06/2026 08:56:06,14/06/2026 14:41:15,13/06/2026 08:56:08,14/06/2026 14:41:15,,17/06/2026 10:05:06,TTS,Open/Target Collaboration
584504178441357261,1732251815880067292,"Sữa Tắm Pháp Le Petit Marseillais Cho Nam Chiết Xuất Thiên Nhiên 4in1 Nhiều Mùi Hương Dưỡng Ẩm, Thơm Lâu - Phù Hợp Mọi Loại Da (250ml)","Hương Gỗ Tuyết Tùng & Dương Xỉ, Standard",1732251749141219548,ST01172,168100,286850,VND,1,Không áp dụng thanh toán khi giao hàng,Đang xử lý,huankosai,Trưng bày,,fixed commission,,,,15,168100,25215,,,,,,,,0,0,13/06/2026 09:31:24,13/06/2026 09:31:27,13/06/2026 09:31:28,14/06/2026 11:36:24,,17/06/2026 09:13:27,TTS,Open/Target Collaboration
584504577427997981,1732250760944257244,"Sữa Tắm/Gel Tắm Pháp Le Petit Marseillais Chiết Xuất Thiên Nhiên 650ml - Sữa Tắm Lưu Hương Lành Tính - Dịu Nhẹ, An Toàn Cho Da","Thông & Bạch Đàn Biển, Standard",1732250801268689116,ST01902,395000,555933,VND,1,Thanh toán khi giao hàng,Đang xử lý,ha_thubay,Video,7599664598626618642,fixed commission,,,,,395000,,,,3,11850,,,,0,0,13/06/2026 10:04:31,16/06/2026 21:09:24,13/06/2026 10:04:33,16/06/2026 21:09:24,,19/06/2026 08:52:59,TTS,Open/Target Collaboration
584507221048067810,1732251815880067292,"Sữa Tắm Pháp Le Petit Marseillais Cho Nam Chiết Xuất Thiên Nhiên 4in1 Nhiều Mùi Hương Dưỡng Ẩm, Thơm Lâu - Phù Hợp Mọi Loại Da (250ml)","Hương Gỗ Tuyết Tùng & Dương Xỉ, Standard",1732251749141219548,ST01172,205000,279450,VND,1,Thanh toán khi giao hàng,Đang xử lý,man.trung.737,Video,7595064670482877717,fixed commission,,,,8,205000,16400,,,,,,,,0,0,13/06/2026 12:59:24,14/06/2026 20:09:14,13/06/2026 12:59:25,14/06/2026 20:09:14,,17/06/2026 09:56:20,TTS,Open/Target Collaboration
584507641617811293,1732251815880067292,"Sữa Tắm Pháp Le Petit Marseillais Cho Nam Chiết Xuất Thiên Nhiên 4in1 Nhiều Mùi Hương Dưỡng Ẩm, Thơm Lâu - Phù Hợp Mọi Loại Da (250ml)","Hương Gỗ Tuyết Tùng & Dương Xỉ, Standard",1732251749141219548,ST01172,205000,279900,VND,1,Thanh toán khi giao hàng,Đang xử lý,man.trung.737,Video,7595064670482877717,fixed commission,,,,8,205000,16400,,,,,,,,0,0,13/06/2026 13:26:18,14/06/2026 19:09:47,13/06/2026 13:26:20,14/06/2026 19:09:47,,17/06/2026 09:49:46,TTS,Open/Target Collaboration
584508130359018716,1731317167366243548,[Quà tặng không bán] Bông Tắm Tạo Bọt Mềm Mịn,Mặc định,1731317148230255836,BONG TAM HQ,0,7900,VND,1,Thanh toán khi giao hàng,Đang xử lý,lepetitmarseillaisvn,Phát trực tiếp,7648622912685689608,fixed commission,,,,,0,,,,,,,,,0,0,13/06/2026 14:03:14,14/06/2026 20:26:12,13/06/2026 14:03:15,14/06/2026 20:26:12,,17/06/2026 08:43:17,TTS,Open/Target Collaboration
584508301658457996,1732250760944257244,"Sữa Tắm/Gel Tắm Pháp Le Petit Marseillais Chiết Xuất Thiên Nhiên 650ml - Sữa Tắm Lưu Hương Lành Tính - Dịu Nhẹ, An Toàn Cho Da","Thông & Bạch Đàn Biển, Standard",1732250801268689116,ST01902,400000,551400,VND,1,Thanh toán khi giao hàng,Đã hủy,ha_thubay,Video,7599664598626618642,fixed commission,0,0,0,,400000,,,,3,12000,,,,0,0,13/06/2026 14:15:40,,13/06/2026 14:15:41,,,,TTS,Open/Target Collaboration
584508344075388812,1732250760944257244,"Sữa Tắm/Gel Tắm Pháp Le Petit Marseillais Chiết Xuất Thiên Nhiên 650ml - Sữa Tắm Lưu Hương Lành Tính - Dịu Nhẹ, An Toàn Cho Da","Thông & Bạch Đàn Biển, Standard",1732250801268689116,ST01902,400000,551400,VND,1,Thanh toán khi giao hàng,Đang xử lý,ha_thubay,Video,7599664598626618642,fixed commission,,,,,400000,,,,3,12000,,,,0,0,13/06/2026 14:18:22,16/06/2026 11:38:43,13/06/2026 14:18:25,16/06/2026 11:38:43,,19/06/2026 07:00:18,TTS,Open/Target Collaboration
584508936327890797,1732250760944257244,"Sữa Tắm/Gel Tắm Pháp Le Petit Marseillais Chiết Xuất Thiên Nhiên 650ml - Sữa Tắm Lưu Hương Lành Tính - Dịu Nhẹ, An Toàn Cho Da","Thông & Bạch Đàn Biển, Standard",1732250801268689116,ST01902,339700,532067,VND,1,Không áp dụng thanh toán khi giao hàng,Đang xử lý,ha_thubay,Video,7599664598626618642,fixed commission,,,,,339700,,,,3,10191,,,,0,0,13/06/2026 15:03:03,13/06/2026 15:03:05,13/06/2026 15:03:05,14/06/2026 10:34:20,,17/06/2026 09:12:08,TTS,Open/Target Collaboration
584509067371054869,1732250760944257244,"Sữa Tắm/Gel Tắm Pháp Le Petit Marseillais Chiết Xuất Thiên Nhiên 650ml - Sữa Tắm Lưu Hương Lành Tính - Dịu Nhẹ, An Toàn Cho Da","Thông & Bạch Đàn Biển, Standard",1732250801268689116,ST01902,395000,530400,VND,1,Không áp dụng thanh toán khi giao hàng,Đang xử lý,ha_thubay,Video,7599664598626618642,fixed commission,,,,,395000,,,,3,11850,,,,0,0,13/06/2026 15:11:10,13/06/2026 15:11:16,13/06/2026 15:11:16,14/06/2026 10:13:16,,17/06/2026 09:33:41,TTS,Open/Target Collaboration
584509227159618927,1732250760944257244,"Sữa Tắm/Gel Tắm Pháp Le Petit Marseillais Chiết Xuất Thiên Nhiên 650ml - Sữa Tắm Lưu Hương Lành Tính - Dịu Nhẹ, An Toàn Cho Da","Thông & Bạch Đàn Biển, Standard",1732250801268689116,ST01902,363400,530400,VND,1,Thanh toán khi giao hàng,Đang xử lý,ha_thubay,Video,7599664598626618642,fixed commission,,,,8,363400,29072,,,,,,,,0,0,13/06/2026 15:23:22,15/06/2026 19:38:52,13/06/2026 15:23:25,15/06/2026 19:38:52,,18/06/2026 12:15:03,TTS,Open/Target Collaboration
584509357025560426,1732250760944257244,"Sữa Tắm/Gel Tắm Pháp Le Petit Marseillais Chiết Xuất Thiên Nhiên 650ml - Sữa Tắm Lưu Hương Lành Tính - Dịu Nhẹ, An Toàn Cho Da","Vani, Standard",1732250801269082332,ST00557,335750,541667,VND,1,Thanh toán khi giao hàng,Đang xử lý,ha_thubay,Video,7599664598626618642,fixed commission,,,,,335750,,,,3,10073,,,,0,0,13/06/2026 15:33:21,14/06/2026 18:57:29,13/06/2026 15:33:22,14/06/2026 18:57:29,,17/06/2026 11:21:45,TTS,Open/Target Collaboration
584509658105218557,1732251815880067292,"Sữa Tắm Pháp Le Petit Marseillais Cho Nam Chiết Xuất Thiên Nhiên 4in1 Nhiều Mùi Hương Dưỡng Ẩm, Thơm Lâu - Phù Hợp Mọi Loại Da (250ml)","Hương Gỗ Tuyết Tùng & Dương Xỉ, Standard",1732251749141219548,ST01172,130000,286850,VND,1,Thanh toán khi giao hàng,Đang xử lý,man.trung.737,Video,7595064670482877717,fixed commission,,,,8,130000,10400,,,,,,,,0,0,13/06/2026 15:52:21,14/06/2026 19:03:48,13/06/2026 15:52:22,14/06/2026 19:03:48,,17/06/2026 09:35:47,TTS,Open/Target Collaboration
584510138467780489,1732252957247965404,"Dầu Gội Le Petit Marseillais Nhiều Mùi Hương 300ml Dưỡng Ẩm, Thơm Lâu - Phù Hợp Mọi Loại Da",Mật Ong & Hạt Mỡ,1732252922366560476,DG74554,361200,560800,VND,1,Thanh toán khi giao hàng,Đang xử lý,ml.shop36,Video,7564595403824319751,fixed commission,,,,8,361200,28896,,,,,,,,0,0,13/06/2026 16:29:25,16/06/2026 12:17:42,13/06/2026 16:29:26,16/06/2026 12:17:42,,19/06/2026 08:53:19,TTS,Open/Target Collaboration
584510245743724415,1732250760944257244,"Sữa Tắm/Gel Tắm Pháp Le Petit Marseillais Chiết Xuất Thiên Nhiên 650ml - Sữa Tắm Lưu Hương Lành Tính - Dịu Nhẹ, An Toàn Cho Da","Thông & Bạch Đàn Biển, Standard",1732250801268689116,ST01902,335750,541267,VND,1,Thanh toán khi giao hàng,Đang xử lý,ha_thubay,Video,7599664598626618642,fixed commission,,,,,335750,,,,3,10073,,,,0,0,13/06/2026 16:40:17,16/06/2026 13:38:39,13/06/2026 16:40:18,16/06/2026 13:38:39,,19/06/2026 11:15:37,TTS,Open/Target Collaboration
584510348122162476,1732250760944257244,"Sữa Tắm/Gel Tắm Pháp Le Petit Marseillais Chiết Xuất Thiên Nhiên 650ml - Sữa Tắm Lưu Hương Lành Tính - Dịu Nhẹ, An Toàn Cho Da","Thông & Bạch Đàn Biển, Standard",1732250801268689116,ST01902,395000,530400,VND,1,Thanh toán khi giao hàng,Đang xử lý,ha_thubay,Video,7599664598626618642,fixed commission,,,,,395000,,,,3,11850,,,,0,0,13/06/2026 16:46:04,16/06/2026 17:30:25,13/06/2026 16:46:05,16/06/2026 17:30:25,,19/06/2026 08:07:56,TTS,Open/Target Collaboration
584510365530686513,1732250760944257244,"Sữa Tắm/Gel Tắm Pháp Le Petit Marseillais Chiết Xuất Thiên Nhiên 650ml - Sữa Tắm Lưu Hương Lành Tính - Dịu Nhẹ, An Toàn Cho Da","Thông & Bạch Đàn Biển, Standard",1732250801268689116,ST01902,363400,545267,VND,1,Thanh toán khi giao hàng,Đang xử lý,ha_thubay,Video,7599664598626618642,fixed commission,,,,,363400,,,,3,10902,,,,0,0,13/06/2026 16:49:03,17/06/2026 10:25:20,13/06/2026 16:49:04,17/06/2026 10:25:20,,20/06/2026 08:30:30,TTS,Open/Target Collaboration
584510474656187627,1732250760944257244,"Sữa Tắm/Gel Tắm Pháp Le Petit Marseillais Chiết Xuất Thiên Nhiên 650ml - Sữa Tắm Lưu Hương Lành Tính - Dịu Nhẹ, An Toàn Cho Da","Thông & Bạch Đàn Biển, Standard",1732250801268689116,ST01902,363400,530400,VND,1,Thanh toán khi giao hàng,Đã hủy,thaocanview,Video,7637538562224721172,fixed commission,0,0,0,,363400,,,,3,10902,,,,0,0,13/06/2026 16:57:24,,13/06/2026 16:57:27,,,,TTS,Open/Target Collaboration
584511020488819799,1732250760944257244,"Sữa Tắm/Gel Tắm Pháp Le Petit Marseillais Chiết Xuất Thiên Nhiên 650ml - Sữa Tắm Lưu Hương Lành Tính - Dịu Nhẹ, An Toàn Cho Da","Thông & Bạch Đàn Biển, Standard",1732250801268689116,ST01902,395000,530400,VND,1,Thanh toán khi giao hàng,Đang xử lý,ha_thubay,Video,7599664598626618642,fixed commission,,,,,395000,,,,3,11850,,,,0,0,13/06/2026 17:35:49,16/06/2026 17:32:28,13/06/2026 17:35:51,16/06/2026 17:32:28,,19/06/2026 11:24:44,TTS,Open/Target Collaboration
584511225420613537,1732250760944257244,"Sữa Tắm/Gel Tắm Pháp Le Petit Marseillais Chiết Xuất Thiên Nhiên 650ml - Sữa Tắm Lưu Hương Lành Tính - Dịu Nhẹ, An Toàn Cho Da","Hoa Tiare, Standard",1732250801268885724,ST68816,395000,530400,VND,1,Thanh toán khi giao hàng,Đang xử lý,ha_thubay,Video,7633274382705642773,fixed commission,,,,,395000,,,,3,11850,,,,0,0,13/06/2026 17:55:29,16/06/2026 07:59:42,13/06/2026 17:55:30,16/06/2026 07:59:42,,19/06/2026 09:35:48,TTS,Open/Target Collaboration
584511290529449889,1732252957247965404,"Dầu Gội Le Petit Marseillais Nhiều Mùi Hương 300ml Dưỡng Ẩm, Thơm Lâu - Phù Hợp Mọi Loại Da",Cây Tầm Ma & Chanh,1732252922366626012,DG74646,420000,560800,VND,1,Thanh toán khi giao hàng,Đang xử lý,ml.shop36,Video,7564595403824319751,fixed commission,,,,8,420000,33600,,,,,,,,0,0,13/06/2026 17:57:33,16/06/2026 07:59:42,13/06/2026 17:57:34,16/06/2026 07:59:42,,19/06/2026 09:18:08,TTS,Open/Target Collaboration
584511349131871616,1732250760944257244,"Sữa Tắm/Gel Tắm Pháp Le Petit Marseillais Chiết Xuất Thiên Nhiên 650ml - Sữa Tắm Lưu Hương Lành Tính - Dịu Nhẹ, An Toàn Cho Da","Thông & Bạch Đàn Biển, Standard",1732250801268689116,ST01902,319950,530400,VND,1,Không áp dụng thanh toán khi giao hàng,Đang xử lý,ha_thubay,Video,7599664598626618642,fixed commission,,,,8,319950,25596,,,,,,,,0,0,13/06/2026 18:03:25,13/06/2026 18:03:30,13/06/2026 18:03:30,17/06/2026 10:05:26,,20/06/2026 07:40:55,TTS,Open/Target Collaboration
584512030100915459,1732250760944257244,"Sữa Tắm/Gel Tắm Pháp Le Petit Marseillais Chiết Xuất Thiên Nhiên 650ml - Sữa Tắm Lưu Hương Lành Tính - Dịu Nhẹ, An Toàn Cho Da","Lá Oliu & Hoa Bồ Đề, Standard",1732250801268754652,ST01295,395000,541667,VND,1,Thanh toán khi giao hàng,Đang xử lý,thaocanview,Video,7637538562224721172,fixed commission,,,,,395000,,,,3,11850,,,,0,0,13/06/2026 18:55:03,16/06/2026 21:21:06,13/06/2026 18:55:04,16/06/2026 21:21:06,,19/06/2026 12:22:37,TTS,Open/Target Collaboration
584513099355752355,1732251815880067292,"Sữa Tắm Pháp Le Petit Marseillais Cho Nam Chiết Xuất Thiên Nhiên 4in1 Nhiều Mùi Hương Dưỡng Ẩm, Thơm Lâu - Phù Hợp Mọi Loại Da (250ml)","Hương Gỗ Tuyết Tùng & Dương Xỉ, Standard",1732251749141219548,ST01172,184500,286850,VND,1,Thanh toán khi giao hàng,Đang xử lý,lepetitmarseillaisvn,Phát trực tiếp,7650849731475835655,fixed commission,,,,,184500,,,,,,,,,0,0,13/06/2026 20:05:00,18/06/2026 09:11:27,13/06/2026 20:05:03,18/06/2026 09:11:27,,,TTS,Open/Target Collaboration
584513099355752355,1731317167366243548,[Quà tặng không bán] Bông Tắm Tạo Bọt Mềm Mịn,Mặc định,1731317148230255836,BONG TAM HQ,0,14850,VND,1,Thanh toán khi giao hàng,Đang xử lý,lepetitmarseillaisvn,Phát trực tiếp,7650849731475835655,fixed commission,,,,,0,,,,,,,,,0,0,13/06/2026 20:05:00,18/06/2026 09:11:27,13/06/2026 20:05:03,18/06/2026 09:11:27,,,TTS,Open/Target Collaboration
584513152183141392,1735734318844052700,"[KOL huynhdangthong x LPM] Sữa Tắm/Gel Tắm Pháp Le Petit Marseillais Chiết Xuất Thiên Nhiên 650ml - Sữa Tắm Lưu Hương Lành Tính - Dịu Nhẹ, An Toàn Cho Da","Hoa Tiare, Standard",1735734212754703580,ST68816,351000,549429,VND,1,Không áp dụng thanh toán khi giao hàng,Đang xử lý,lepetitmarseillaisvn,Phát trực tiếp,7650849731475835655,fixed commission,,,,,351000,,,,,,,,,0,0,13/06/2026 20:08:45,13/06/2026 20:08:54,13/06/2026 20:08:55,17/06/2026 09:55:52,,,TTS,Open/Target Collaboration
584513152183141392,1735791362076869852,Sữa Tắm Dạng Kem Le Petit Marseillais Bông Và Hoa Anh Túc 250ml  92% Thiên Nhiên Siêu Dịu Nhẹ,Mặc định,1735791937064830172,ST65434,0,12171,VND,1,Không áp dụng thanh toán khi giao hàng,Đang xử lý,lepetitmarseillaisvn,Phát trực tiếp,7650849731475835655,fixed commission,,,,,0,,,,,,,,,0,0,13/06/2026 20:08:45,13/06/2026 20:08:54,13/06/2026 20:08:55,17/06/2026 09:55:52,,,TTS,Open/Target Collaboration
584514202851640691,1731906576340322524,"Mặt Nạ Dưỡng Tóc Le Petit Marseillais 4in1 Chiết Xuất Nước Dừa Hữu Cơ, Dưỡng Ẩm, Thơm Lâu - Phù Hợp Mọi Loại Da (300ml)",Mặc định,1731906576340388060,MN75209,400000,663108,VND,1,Thanh toán khi giao hàng,Đã hủy,lepetitmarseillaisvn,Phát trực tiếp,7650849731475835655,fixed commission,,,,,400000,,,,,,,,,0,0,13/06/2026 21:14:37,,13/06/2026 21:14:38,,,,TTS,Open/Target Collaboration
584514202851640691,1735773301690696924,Sữa Tắm Le Petit Marseillais Hoa Tiaré 92% Tự Nhiên 650ml,Mặc định,1735773410922497244,ST68816,320000,536635,VND,1,Thanh toán khi giao hàng,Đã hủy,lepetitmarseillaisvn,Phát trực tiếp,7650849731475835655,fixed commission,,,,,320000,,,,,,,,,0,0,13/06/2026 21:14:37,,13/06/2026 21:14:38,,,,TTS,Open/Target Collaboration
584514202851640691,1731317167366243548,[Quà tặng không bán] Bông Tắm Tạo Bọt Mềm Mịn,Mặc định,1731317148230255836,BONG TAM HQ,0,11757,VND,1,Thanh toán khi giao hàng,Đã hủy,lepetitmarseillaisvn,Phát trực tiếp,7649364550224235282,fixed commission,,,,,0,,,,,,,,,0,0,13/06/2026 21:14:37,,13/06/2026 21:14:38,,,,TTS,Open/Target Collaboration
584515052016731488,1733398860705203420,Sữa Tắm Nam 4 in 1 Thiên Nhiên Le Petit Marseillais Chiết Xuất Gỗ Cam Đắng & Argan 250ml 1431,Mặc định,1733399026466718940,ST01431,210000,277689,VND,1,Không áp dụng thanh toán khi giao hàng,Đang xử lý,lailanhatha,Chương trình Lưu lượng truy cập bên ngoài,,fixed commission,,,,4,210000,8400,,,,,,,,0,0,13/06/2026 22:12:31,13/06/2026 22:12:34,13/06/2026 22:12:35,17/06/2026 10:06:25,,20/06/2026 07:03:07,TTS,Open/Target Collaboration
584515313635133137,1732251815880067292,"Sữa Tắm Pháp Le Petit Marseillais Cho Nam Chiết Xuất Thiên Nhiên 4in1 Nhiều Mùi Hương Dưỡng Ẩm, Thơm Lâu - Phù Hợp Mọi Loại Da (250ml)","Hương Gỗ Tuyết Tùng & Dương Xỉ, Standard",1732251749141219548,ST01172,205000,487045,VND,2,Thanh toán khi giao hàng,Đã hủy,man.trung.737,Video,7595064670482877717,fixed commission,0,0,0,8,410000,32800,,,,,,,,0,0,13/06/2026 22:26:43,,13/06/2026 22:26:45,,,,TTS,Open/Target Collaboration
584520987488453923,1732251815880067292,"Sữa Tắm Pháp Le Petit Marseillais Cho Nam Chiết Xuất Thiên Nhiên 4in1 Nhiều Mùi Hương Dưỡng Ẩm, Thơm Lâu - Phù Hợp Mọi Loại Da (250ml)","Hương Thông & Bạch Đàn Biển, Standard",1732251749141154012,ST01356,180400,289550,VND,1,Thanh toán khi giao hàng,Đang xử lý,iflytek02,Chương trình Lưu lượng truy cập bên ngoài,,fixed commission,,,,4,180400,7216,,,,,,,,0,0,14/06/2026 10:38:40,16/06/2026 20:20:49,14/06/2026 10:38:42,16/06/2026 20:20:49,,19/06/2026 12:28:29,TTS,Open/Target Collaboration
584521776009676129,1732251815880067292,"Sữa Tắm Pháp Le Petit Marseillais Cho Nam Chiết Xuất Thiên Nhiên 4in1 Nhiều Mùi Hương Dưỡng Ẩm, Thơm Lâu - Phù Hợp Mọi Loại Da (250ml)","Hương Thông & Bạch Đàn Biển, Standard",1732251749141154012,ST01356,184500,276900,VND,1,Thanh toán khi giao hàng,Đang xử lý,huongnhatohsea,Video,7570282303302241543,fixed commission,,,,8,184500,14760,,,,,,,,0,0,14/06/2026 11:31:57,16/06/2026 11:31:32,14/06/2026 11:31:59,16/06/2026 11:31:32,,19/06/2026 10:01:03,TTS,Open/Target Collaboration
584522485326644328,1732251815880067292,"Sữa Tắm Pháp Le Petit Marseillais Cho Nam Chiết Xuất Thiên Nhiên 4in1 Nhiều Mùi Hương Dưỡng Ẩm, Thơm Lâu - Phù Hợp Mọi Loại Da (250ml)","Hương Gỗ Tuyết Tùng & Dương Xỉ, Standard",1732251749141219548,ST01172,180400,279900,VND,1,Thanh toán khi giao hàng,Đang xử lý,vheu170cm,Video,7550953945372429575,fixed commission,,,,8,180400,14432,,,,,,,,0,0,14/06/2026 12:17:06,16/06/2026 07:57:23,14/06/2026 12:17:08,16/06/2026 07:57:23,,19/06/2026 08:03:39,TTS,Open/Target Collaboration
584522597794350880,1732251815880067292,"Sữa Tắm Pháp Le Petit Marseillais Cho Nam Chiết Xuất Thiên Nhiên 4in1 Nhiều Mùi Hương Dưỡng Ẩm, Thơm Lâu - Phù Hợp Mọi Loại Da (250ml)","Hương Thông & Bạch Đàn Biển, Standard",1732251749141154012,ST01356,167400,286850,VND,1,Thanh toán khi giao hàng,Đang xử lý,iflytek02,Chương trình Lưu lượng truy cập bên ngoài,,fixed commission,,,,4,167400,6696,,,,,,,,0,0,14/06/2026 12:22:12,16/06/2026 18:54:58,14/06/2026 12:22:14,16/06/2026 18:54:58,,19/06/2026 07:57:35,TTS,Open/Target Collaboration
584524584426309192,1734496604995683548,Xà Phòng Le Petit Marseillais Chính Hãng Bánh Xà Phòng Tắm Thiên Nhiên (Ngẫu nhiên)  1 Bánh,Mặc định,1734496577198523612,1 BÁNH-XP,75000,157000,VND,2,Thanh toán khi giao hàng,Đang xử lý,onggiatichcuc79,Video,7649582978691058952,fixed commission,,,,6,150000,9000,,,,,,,,0,0,14/06/2026 14:39:01,16/06/2026 13:13:43,14/06/2026 14:39:03,16/06/2026 13:13:43,,19/06/2026 08:10:11,TTS,Open/Target Collaboration
584524734624335320,1732251815880067292,"Sữa Tắm Pháp Le Petit Marseillais Cho Nam Chiết Xuất Thiên Nhiên 4in1 Nhiều Mùi Hương Dưỡng Ẩm, Thơm Lâu - Phù Hợp Mọi Loại Da (250ml)","Hương Gỗ Tuyết Tùng & Dương Xỉ, Standard",1732251749141219548,ST01172,194750,294300,VND,1,Thanh toán khi giao hàng,Đang xử lý,duongmanhkien19,Video,7578474458705382676,fixed commission,,,,8,194750,15580,,,,,,,,0,0,14/06/2026 14:49:10,16/06/2026 21:12:47,14/06/2026 14:49:12,16/06/2026 21:12:47,,19/06/2026 07:49:06,TTS,Open/Target Collaboration
584525576607795006,1734496604995683548,Xà Phòng Le Petit Marseillais Chính Hãng Bánh Xà Phòng Tắm Thiên Nhiên (Ngẫu nhiên)  1 Bánh,Mặc định,1734496577198523612,1 BÁNH-XP,75000,105300,VND,1,Thanh toán khi giao hàng,Đang xử lý,tranquang0879,Video,7651089322849881362,fixed commission,,,,6,75000,4500,,,,,,,,0,0,14/06/2026 15:47:21,16/06/2026 22:42:34,14/06/2026 15:47:22,16/06/2026 22:42:34,,19/06/2026 10:47:09,TT_LITE,Open/Target Collaboration
584527893491516920,1731893319992576220,"Gel Tắm Pháp Le Petit Marseillai Xoài và Chanh Dây Hữu Cơ Dưỡng Ẩm, Thơm Lâu - Phù Hợp Mọi Loại Da (250ml)","Xoài & Chanh Dây, Standard",1731893319992707292,ST99622,210000,297182,VND,1,Không áp dụng thanh toán khi giao hàng,Đang xử lý,lepetitmarseillaisvn,Video,7524245411293302024,fixed commission,,,,,210000,,,,,,,,,0,0,14/06/2026 18:37:27,14/06/2026 18:37:32,14/06/2026 18:37:34,18/06/2026 10:25:44,,21/06/2026 07:12:22,TTS,Open/Target Collaboration
584527893491516920,1734496604995683548,Xà Phòng Le Petit Marseillais Chính Hãng Bánh Xà Phòng Tắm Thiên Nhiên (Ngẫu nhiên)  1 Bánh,Mặc định,1734496577198523612,1 BÁNH-XP,0,5036,VND,1,Không áp dụng thanh toán khi giao hàng,Đang xử lý,lepetitmarseillaisvn,Video,7524245411293302024,fixed commission,,,,,0,,,,,,,,,0,0,14/06/2026 18:37:27,14/06/2026 18:37:32,14/06/2026 18:37:34,18/06/2026 10:25:44,,21/06/2026 07:12:22,TTS,Open/Target Collaboration
584527893491516920,1731893265443752156,"Sữa Tắm Pháp Le Petit Marseillais Quả Mâm Xôi & Hoa Mẫu Đơn Hữu Cơ Dưỡng Ẩm, Thơm Lâu - Phù Hợp Mọi Loại Da (250ml)","Quả Mâm Xôi & Hoa Mẫu Đơn, Standard",1731893265444210908,ST48441,210000,297182,VND,1,Không áp dụng thanh toán khi giao hàng,Đang xử lý,trankimdung249,Video,7529161069151964424,fixed commission,,,,8,210000,16800,,,,,,,,0,0,14/06/2026 18:37:27,14/06/2026 18:37:32,14/06/2026 18:37:34,18/06/2026 10:25:44,,21/06/2026 07:12:22,TTS,Open/Target Collaboration
584528701044983807,1732251906497939676,Sữa tắm Thiên Nhiên Pháp Le Petit Marseillais Nhiều Mùi Hương Dịu Nhẹ Cho Da Nhạy Cảm 400ml - Phù Hợp Mọi Loại Da,"Hoa Ngô, Standard",1732251905363773660,ST55017,270600,447011,VND,1,Không áp dụng thanh toán khi giao hàng,Đang xử lý,b.bo.ngc94,Phát trực tiếp,7651225786847218453,fixed commission,,,,8,270600,21648,,,,,,,,0,0,14/06/2026 19:33:10,14/06/2026 19:33:15,14/06/2026 19:33:15,16/06/2026 09:11:52,,19/06/2026 12:32:38,TTS,Open/Target Collaboration
584528701044983807,1732251906497939676,Sữa tắm Thiên Nhiên Pháp Le Petit Marseillais Nhiều Mùi Hương Dịu Nhẹ Cho Da Nhạy Cảm 400ml - Phù Hợp Mọi Loại Da,"Hoa Hạnh Nhân Hữu Cơ, Standard",1732251905363839196,ST55055,270600,447011,VND,1,Không áp dụng thanh toán khi giao hàng,Đang xử lý,b.bo.ngc94,Phát trực tiếp,7651225786847218453,fixed commission,,,,8,270600,21648,,,,,,,,0,0,14/06/2026 19:33:10,14/06/2026 19:33:15,14/06/2026 19:33:15,16/06/2026 09:11:52,,19/06/2026 12:32:38,TTS,Open/Target Collaboration
584528701044983807,1732251906497939676,Sữa tắm Thiên Nhiên Pháp Le Petit Marseillais Nhiều Mùi Hương Dịu Nhẹ Cho Da Nhạy Cảm 400ml - Phù Hợp Mọi Loại Da,"Hoa Bông, Standard",1732251905363970268,ST53386,270600,447010,VND,1,Không áp dụng thanh toán khi giao hàng,Đang xử lý,b.bo.ngc94,Phát trực tiếp,7651225786847218453,fixed commission,,,,8,270600,21648,,,,,,,,0,0,14/06/2026 19:33:10,14/06/2026 19:33:15,14/06/2026 19:33:15,16/06/2026 09:11:52,,19/06/2026 12:32:38,TTS,Open/Target Collaboration
584528881067197537,1731893265443752156,"Sữa Tắm Pháp Le Petit Marseillais Quả Mâm Xôi & Hoa Mẫu Đơn Hữu Cơ Dưỡng Ẩm, Thơm Lâu - Phù Hợp Mọi Loại Da (250ml)","Quả Mâm Xôi & Hoa Mẫu Đơn, Standard",1731893265444210908,ST48441,180600,276400,VND,1,Thanh toán khi giao hàng,Đã hủy,trankimdung249,Video,7529161069151964424,fixed commission,0,0,0,8,180600,14448,,,,,,,,0,0,14/06/2026 19:42:31,,14/06/2026 19:42:32,,,,TTS,Open/Target Collaboration
584528881067197537,1732251815880067292,"Sữa Tắm Pháp Le Petit Marseillais Cho Nam Chiết Xuất Thiên Nhiên 4in1 Nhiều Mùi Hương Dưỡng Ẩm, Thơm Lâu - Phù Hợp Mọi Loại Da (250ml)","Hương Gỗ Tuyết Tùng & Dương Xỉ, Standard",1732251749141219548,ST01172,176300,276400,VND,1,Thanh toán khi giao hàng,Đã hủy,lepetitmarseillaisvn,Phát trực tiếp,7651220418310179602,fixed commission,,,,,176300,,,,,,,,,0,0,14/06/2026 19:42:31,,14/06/2026 19:42:32,,,,TTS,Open/Target Collaboration
584529220741727436,1731317167366243548,[Quà tặng không bán] Bông Tắm Tạo Bọt Mềm Mịn,Mặc định,1731317148230255836,BONG TAM HQ,0,16200,VND,1,Không áp dụng thanh toán khi giao hàng,Đang xử lý,lepetitmarseillaisvn,Phát trực tiếp,7651220418310179602,fixed commission,,,,,0,,,,,,,,,0,0,14/06/2026 20:05:00,14/06/2026 20:05:04,14/06/2026 20:05:05,16/06/2026 11:37:17,,,TTS,Open/Target Collaboration
584529220741727436,1732250760944257244,"Sữa Tắm/Gel Tắm Pháp Le Petit Marseillais Chiết Xuất Thiên Nhiên 650ml - Sữa Tắm Lưu Hương Lành Tính - Dịu Nhẹ, An Toàn Cho Da","Hoa Tiare, Standard",1732250801268885724,ST68816,323900,551400,VND,1,Không áp dụng thanh toán khi giao hàng,Đang xử lý,lepetitmarseillaisvn,Phát trực tiếp,7651220418310179602,fixed commission,,,,,323900,,,,,,,,,0,0,14/06/2026 20:05:00,14/06/2026 20:05:04,14/06/2026 20:05:05,16/06/2026 11:37:17,,,TTS,Open/Target Collaboration
584529819503855571,1732251815880067292,"Sữa Tắm Pháp Le Petit Marseillais Cho Nam Chiết Xuất Thiên Nhiên 4in1 Nhiều Mùi Hương Dưỡng Ẩm, Thơm Lâu - Phù Hợp Mọi Loại Da (250ml)","Hương Cam & Tinh Dầu Argan, Standard",1732251749141022940,ST01431,184500,295800,VND,1,Thanh toán khi giao hàng,Đang xử lý,b.bo.ngc94,Phát trực tiếp,7651225786847218453,fixed commission,,,,8,184500,14760,,,,,,,,0,0,14/06/2026 20:38:26,16/06/2026 19:41:24,14/06/2026 20:38:28,16/06/2026 19:41:24,,19/06/2026 11:57:34,TTS,Open/Target Collaboration
584530501609031159,1732251815880067292,"Sữa Tắm Pháp Le Petit Marseillais Cho Nam Chiết Xuất Thiên Nhiên 4in1 Nhiều Mùi Hương Dưỡng Ẩm, Thơm Lâu - Phù Hợp Mọi Loại Da (250ml)","Hương Thông & Bạch Đàn Biển, Standard",1732251749141154012,ST01356,175635,289909,VND,1,Thanh toán khi giao hàng,Đang xử lý,lepetitmarseillaisvn,Phát trực tiếp,7651220418310179602,fixed commission,,,,,175635,,,,,,,,,0,0,14/06/2026 21:15:42,16/06/2026 23:01:10,14/06/2026 21:15:43,16/06/2026 23:01:10,,,TTS,Open/Target Collaboration
584530501609031159,1732251815880067292,"Sữa Tắm Pháp Le Petit Marseillais Cho Nam Chiết Xuất Thiên Nhiên 4in1 Nhiều Mùi Hương Dưỡng Ẩm, Thơm Lâu - Phù Hợp Mọi Loại Da (250ml)","Hương Gỗ Tuyết Tùng & Dương Xỉ, Standard",1732251749141219548,ST01172,175635,289909,VND,1,Thanh toán khi giao hàng,Đang xử lý,lepetitmarseillaisvn,Phát trực tiếp,7651220418310179602,fixed commission,,,,,175635,,,,,,,,,0,0,14/06/2026 21:15:42,16/06/2026 23:01:10,14/06/2026 21:15:43,16/06/2026 23:01:10,,,TTS,Open/Target Collaboration
584530501609031159,1734496604995683548,Xà Phòng Le Petit Marseillais Chính Hãng Bánh Xà Phòng Tắm Thiên Nhiên (Ngẫu nhiên)  1 Bánh,Mặc định,1734496577198523612,1 BÁNH-XP,0,3582,VND,1,Thanh toán khi giao hàng,Đang xử lý,lepetitmarseillaisvn,Phát trực tiếp,7651220418310179602,fixed commission,,,,,0,,,,,,,,,0,0,14/06/2026 21:15:42,16/06/2026 23:01:10,14/06/2026 21:15:43,16/06/2026 23:01:10,,,TTS,Open/Target Collaboration
584530731482842483,1732251932571175132,"Sữa Dưỡng Thể 24h Le Petit Marseillais Nhiều Mùi Hương 400ml Dưỡng Ẩm, Thơm Lâu - Phù Hợp Mọi Loại Da","Bơ Hạt Mỡ, Hạnh Nhân, Dầu Argan, Standard",1732251916621613276,DT83916,392000,683600,VND,1,Thanh toán khi giao hàng,Đã hủy,lepetitmarseillaisvn,Phát trực tiếp,7651220418310179602,fixed commission,,,,,392000,,,,,,,,,0,0,14/06/2026 21:36:36,,14/06/2026 21:36:37,,,,TTS,Open/Target Collaboration
584530802248615283,1731317167366243548,[Quà tặng không bán] Bông Tắm Tạo Bọt Mềm Mịn,Mặc định,1731317148230255836,BONG TAM HQ,0,13133,VND,1,Thanh toán khi giao hàng,Đã hủy,lepetitmarseillaisvn,Phát trực tiếp,7649364550224235282,fixed commission,,,,,0,,,,,,,,,0,0,14/06/2026 21:36:36,,14/06/2026 21:36:37,,,,TTS,Open/Target Collaboration
584530802248615283,1732250760944257244,"Sữa Tắm/Gel Tắm Pháp Le Petit Marseillais Chiết Xuất Thiên Nhiên 650ml - Sữa Tắm Lưu Hương Lành Tính - Dịu Nhẹ, An Toàn Cho Da","Thông & Bạch Đàn Biển, Standard",1732250801268689116,ST01902,316000,545267,VND,1,Thanh toán khi giao hàng,Đã hủy,lepetitmarseillaisvn,Phát trực tiếp,7651220418310179602,fixed commission,,,,,316000,,,,,,,,,0,0,14/06/2026 21:36:36,,14/06/2026 21:36:37,,,,TTS,Open/Target Collaboration
584532239285716904,1732251815880067292,"Sữa Tắm Pháp Le Petit Marseillais Cho Nam Chiết Xuất Thiên Nhiên 4in1 Nhiều Mùi Hương Dưỡng Ẩm, Thơm Lâu - Phù Hợp Mọi Loại Da (250ml)","Hương Gỗ Tuyết Tùng & Dương Xỉ, Standard",1732251749141219548,ST01172,180000,282450,VND,1,Không áp dụng thanh toán khi giao hàng,Đang xử lý,minh.hng176,Chương trình Lưu lượng truy cập bên ngoài,,fixed commission,,,,8,180000,14400,,,,,,,,0,0,14/06/2026 23:17:54,14/06/2026 23:18:20,14/06/2026 23:18:21,16/06/2026 14:36:55,,19/06/2026 07:12:20,TTS,Open/Target Collaboration
584535153174873264,1732250760944257244,"Sữa Tắm/Gel Tắm Pháp Le Petit Marseillais Chiết Xuất Thiên Nhiên 650ml - Sữa Tắm Lưu Hương Lành Tính - Dịu Nhẹ, An Toàn Cho Da","Thông & Bạch Đàn Biển, Standard",1732250801268689116,ST01902,347600,549308,VND,1,Không áp dụng thanh toán khi giao hàng,Đang xử lý,ha_thubay,Video,7599664598626618642,fixed commission,,,,8,347600,27808,,,,,,,,0,0,15/06/2026 07:31:32,15/06/2026 07:31:37,15/06/2026 07:31:37,16/06/2026 12:04:33,,19/06/2026 07:02:27,TTS,Open/Target Collaboration
584535541927478704,1732250760944257244,"Sữa Tắm/Gel Tắm Pháp Le Petit Marseillais Chiết Xuất Thiên Nhiên 650ml - Sữa Tắm Lưu Hương Lành Tính - Dịu Nhẹ, An Toàn Cho Da","Hoa Tiare, Standard",1732250801268885724,ST68816,335000,532154,VND,1,Không áp dụng thanh toán khi giao hàng,Đang xử lý,lepetitmarseillaisvn,Video,7524245411293302024,fixed commission,,,,,335000,,,,,,,,,0,0,15/06/2026 08:08:47,15/06/2026 08:08:52,15/06/2026 08:08:53,16/06/2026 11:19:23,,,TTS,Open/Target Collaboration
584535541927478704,1735803310673790172,Dầu Gội Cấp Ẩm Le Petit Marseillais Nước Dừa Hữu Cơ 250ml,Mặc định,1735803421743809756,DG37429,0,3946,VND,1,Không áp dụng thanh toán khi giao hàng,Đang xử lý,lepetitmarseillaisvn,Video,7524245411293302024,fixed commission,,,,,0,,,,,,,,,0,0,15/06/2026 08:08:47,15/06/2026 08:08:52,15/06/2026 08:08:53,16/06/2026 11:19:23,,,TTS,Open/Target Collaboration
584538999286498730,1732250760944257244,"Sữa Tắm/Gel Tắm Pháp Le Petit Marseillais Chiết Xuất Thiên Nhiên 650ml - Sữa Tắm Lưu Hương Lành Tính - Dịu Nhẹ, An Toàn Cho Da","Thông & Bạch Đàn Biển, Standard",1732250801268689116,ST01902,347600,545154,VND,1,Thanh toán khi giao hàng,Đang xử lý,ha_thubay,Video,7648513865688304917,fixed commission,,,,8,347600,27808,,,,,,,,0,0,15/06/2026 12:30:10,18/06/2026 14:09:13,15/06/2026 12:30:11,18/06/2026 14:09:13,,21/06/2026 09:55:32,TTS,Open/Target Collaboration
584539017008415789,1735910664928920796,Combo 2 Sữa Tắm Nam Le Petit Marseillais 4in1 Cho Tóc Mặt Râu Toàn Thân 250ml,"Gỗ Cam & Dầu Argan , Gỗ Tuyết Tùng Và Dương Xỉ",1735912571878278364,ST01431 + ST01172,334000,562540,VND,1,Thanh toán khi giao hàng,Đang xử lý,lepetitmarseillaisvn,Phát trực tiếp,7651467043846540040,fixed commission,,,,,334000,,,,,,,,,0,0,15/06/2026 12:33:40,16/06/2026 21:34:22,15/06/2026 12:33:43,16/06/2026 21:34:22,,,TTS,Open/Target Collaboration
584539017008415789,1733398584855921884,Sữa Tắm Nam 4 in 1 Thiên Nhiên Le Petit Marseillais Chiết Xuất Gừng & Gỗ Bách Hương 250ml 4371,Mặc định,1733398526731846876,ST04371,0,8360,VND,1,Thanh toán khi giao hàng,Đang xử lý,lepetitmarseillaisvn,Phát trực tiếp,7651467043846540040,fixed commission,,,,,0,,,,,,,,,0,0,15/06/2026 12:33:40,16/06/2026 21:34:22,15/06/2026 12:33:43,16/06/2026 21:34:22,,,TTS,Open/Target Collaboration
584539088243033614,1731317167366243548,[Quà tặng không bán] Bông Tắm Tạo Bọt Mềm Mịn,Mặc định,1731317148230255836,BONG TAM HQ,0,20700,VND,1,Không áp dụng thanh toán khi giao hàng,Đang xử lý,lepetitmarseillaisvn,Video,7553487900780907784,fixed commission,,,,,0,,,,,,,,,0,0,15/06/2026 12:34:10,15/06/2026 12:34:16,15/06/2026 12:34:17,17/06/2026 17:58:58,,20/06/2026 09:25:58,TTS,Open/Target Collaboration
584539088243033614,1732251815880067292,"Sữa Tắm Pháp Le Petit Marseillais Cho Nam Chiết Xuất Thiên Nhiên 4in1 Nhiều Mùi Hương Dưỡng Ẩm, Thơm Lâu - Phù Hợp Mọi Loại Da (250ml)","Hương Thông & Bạch Đàn Biển, Standard",1732251749141154012,ST01356,172300,292700,VND,1,Không áp dụng thanh toán khi giao hàng,Đang xử lý,lepthelittlekid,Video,7594749644052204818,fixed commission,,,,5,172300,8615,,,,,,,,0,0,15/06/2026 12:34:10,15/06/2026 12:34:16,15/06/2026 12:34:17,17/06/2026 17:58:58,,20/06/2026 09:25:58,TTS,Open/Target Collaboration
584539262329848936,1732251815880067292,"Sữa Tắm Pháp Le Petit Marseillais Cho Nam Chiết Xuất Thiên Nhiên 4in1 Nhiều Mùi Hương Dưỡng Ẩm, Thơm Lâu - Phù Hợp Mọi Loại Da (250ml)","Hương Gỗ Tuyết Tùng & Dương Xỉ, Standard",1732251749141219548,ST01172,205000,289550,VND,1,Thanh toán khi giao hàng,Đang xử lý,huongnhatohsea,Video,7570282303302241543,fixed commission,,,,8,205000,16400,,,,,,,,0,0,15/06/2026 12:47:07,19/06/2026 19:39:06,15/06/2026 12:47:08,19/06/2026 19:39:06,,22/06/2026 07:35:10,TTS,Open/Target Collaboration
584539991772792278,1732250760944257244,"Sữa Tắm/Gel Tắm Pháp Le Petit Marseillais Chiết Xuất Thiên Nhiên 650ml - Sữa Tắm Lưu Hương Lành Tính - Dịu Nhẹ, An Toàn Cho Da","Thông & Bạch Đàn Biển, Standard",1732250801268689116,ST01902,316000,549308,VND,1,Thanh toán khi giao hàng,Đang xử lý,ha_thubay,Video,7599664598626618642,fixed commission,,,,,316000,,,,3,9480,,,,0,0,15/06/2026 13:42:24,16/06/2026 19:59:14,15/06/2026 13:42:25,16/06/2026 19:59:14,,19/06/2026 10:25:01,TTS,Open/Target Collaboration
584540108469929014,1734496604995683548,Xà Phòng Le Petit Marseillais Chính Hãng Bánh Xà Phòng Tắm Thiên Nhiên (Ngẫu nhiên)  1 Bánh,Mặc định,1734496577198523612,1 BÁNH-XP,75000,89000,VND,1,Thanh toán khi giao hàng,Đang xử lý,tranquang0879,Video,7651089322849881362,fixed commission,,,,6,75000,4500,,,,,,,,0,0,15/06/2026 13:51:19,16/06/2026 18:25:42,15/06/2026 13:51:20,16/06/2026 18:25:42,,19/06/2026 10:59:46,TTS,Open/Target Collaboration
584540299588503265,1732250760944257244,"Sữa Tắm/Gel Tắm Pháp Le Petit Marseillais Chiết Xuất Thiên Nhiên 650ml - Sữa Tắm Lưu Hương Lành Tính - Dịu Nhẹ, An Toàn Cho Da","Thông & Bạch Đàn Biển, Standard",1732250801268689116,ST01902,347600,532154,VND,1,Thanh toán khi giao hàng,Đang xử lý,phuongthi668,Video,7599458401982172436,fixed commission,,,,8,347600,27808,,,,,,,,0,0,15/06/2026 14:07:09,16/06/2026 17:59:36,15/06/2026 14:07:10,16/06/2026 17:59:36,,19/06/2026 08:25:50,TTS,Open/Target Collaboration
584540299588503265,1735803310673790172,Dầu Gội Cấp Ẩm Le Petit Marseillais Nước Dừa Hữu Cơ 250ml,Mặc định,1735803421743809756,DG37429,0,3946,VND,1,Thanh toán khi giao hàng,Đang xử lý,lepetitmarseillaisvn,Phát trực tiếp,7651467043846540040,fixed commission,,,,,0,,,,,,,,,0,0,15/06/2026 14:07:09,16/06/2026 17:59:36,15/06/2026 14:07:10,16/06/2026 17:59:36,,19/06/2026 08:25:50,TTS,Open/Target Collaboration
584540671710234504,1732252957247965404,"Dầu Gội Le Petit Marseillais Nhiều Mùi Hương 300ml Dưỡng Ẩm, Thơm Lâu - Phù Hợp Mọi Loại Da",Táo & Oliu,1732252922366494940,DG31372,355000,560800,VND,1,Không áp dụng thanh toán khi giao hàng,Đang xử lý,ml.shop36,Video,7564595403824319751,fixed commission,,,,,355000,,,,3,10650,,,,0,0,15/06/2026 14:32:18,15/06/2026 14:32:23,15/06/2026 14:32:23,16/06/2026 18:03:12,,19/06/2026 08:13:33,TTS,Open/Target Collaboration
584542030589232284,1732250760944257244,"Sữa Tắm/Gel Tắm Pháp Le Petit Marseillais Chiết Xuất Thiên Nhiên 650ml - Sữa Tắm Lưu Hương Lành Tính - Dịu Nhẹ, An Toàn Cho Da","Thông & Bạch Đàn Biển, Standard",1732250801268689116,ST01902,335750,532154,VND,1,Không áp dụng thanh toán khi giao hàng,Đang xử lý,ha_thubay,Video,7599664598626618642,fixed commission,,,,,335750,,,,3,10073,,,,0,0,15/06/2026 16:16:01,15/06/2026 16:18:03,15/06/2026 16:18:03,17/06/2026 21:33:20,,20/06/2026 08:06:43,TTS,Open/Target Collaboration
584542030589232284,1735803310673790172,Dầu Gội Cấp Ẩm Le Petit Marseillais Nước Dừa Hữu Cơ 250ml,Mặc định,1735803421743809756,DG37429,0,3946,VND,1,Không áp dụng thanh toán khi giao hàng,Đang xử lý,long.aanetwork,Chương trình Lưu lượng truy cập bên ngoài,,fixed commission,,,,,0,,,,,,,,,0,0,15/06/2026 16:16:01,15/06/2026 16:18:03,15/06/2026 16:18:03,17/06/2026 21:33:20,,20/06/2026 08:06:43,TTS,Open/Target Collaboration
584542092262999616,1732250760944257244,"Sữa Tắm/Gel Tắm Pháp Le Petit Marseillais Chiết Xuất Thiên Nhiên 650ml - Sữa Tắm Lưu Hương Lành Tính - Dịu Nhẹ, An Toàn Cho Da","Thông & Bạch Đàn Biển, Standard",1732250801268689116,ST01902,363400,532154,VND,1,Thanh toán khi giao hàng,Đang xử lý,ha_thubay,Video,7599664598626618642,fixed commission,,,,,363400,,,,3,10902,,,,0,0,15/06/2026 16:25:33,17/06/2026 14:56:22,15/06/2026 16:25:34,17/06/2026 14:56:22,,20/06/2026 07:42:04,TTS,Open/Target Collaboration
584542092262999616,1735803310673790172,Dầu Gội Cấp Ẩm Le Petit Marseillais Nước Dừa Hữu Cơ 250ml,Mặc định,1735803421743809756,DG37429,0,3946,VND,1,Thanh toán khi giao hàng,Đang xử lý,adpia.official,Chương trình Lưu lượng truy cập bên ngoài,,fixed commission,,,,,0,,,,,,,,,0,0,15/06/2026 16:25:33,17/06/2026 14:56:22,15/06/2026 16:25:34,17/06/2026 14:56:22,,20/06/2026 07:42:04,TTS,Open/Target Collaboration
584542234333120017,1732251815880067292,"Sữa Tắm Pháp Le Petit Marseillais Cho Nam Chiết Xuất Thiên Nhiên 4in1 Nhiều Mùi Hương Dưỡng Ẩm, Thơm Lâu - Phù Hợp Mọi Loại Da (250ml)","Hương Thông & Bạch Đàn Biển, Standard",1732251749141154012,ST01356,159900,279900,VND,1,Thanh toán khi giao hàng,Đang xử lý,man.trung.737,Video,7595064670482877717,fixed commission,,,,8,159900,12792,,,,,,,,0,0,15/06/2026 16:37:53,17/06/2026 12:08:53,15/06/2026 16:37:55,17/06/2026 12:08:53,,20/06/2026 09:47:27,TTS,Open/Target Collaboration
584542567127418670,1732250760944257244,"Sữa Tắm/Gel Tắm Pháp Le Petit Marseillais Chiết Xuất Thiên Nhiên 650ml - Sữa Tắm Lưu Hương Lành Tính - Dịu Nhẹ, An Toàn Cho Da","Thông & Bạch Đàn Biển, Standard",1732250801268689116,ST01902,316000,540576,VND,1,Thanh toán khi giao hàng,Đang xử lý,thaocanview,Video,7639362324603686164,fixed commission,,,,8,316000,25280,,,,,,,,0,0,15/06/2026 17:04:08,18/06/2026 14:04:03,15/06/2026 17:04:11,18/06/2026 14:04:03,,21/06/2026 10:36:29,TTS,Open/Target Collaboration
584542567127418670,1732250760944257244,"Sữa Tắm/Gel Tắm Pháp Le Petit Marseillais Chiết Xuất Thiên Nhiên 650ml - Sữa Tắm Lưu Hương Lành Tính - Dịu Nhẹ, An Toàn Cho Da","Hương Xoài & Chanh Dây, Standard",1732250801268951260,ST68823,316000,540576,VND,1,Thanh toán khi giao hàng,Đang xử lý,thaocanview,Video,7639362324603686164,fixed commission,,,,8,316000,25280,,,,,,,,0,0,15/06/2026 17:04:08,18/06/2026 14:04:03,15/06/2026 17:04:11,18/06/2026 14:04:03,,21/06/2026 10:36:29,TTS,Open/Target Collaboration
584542567127418670,1732250760944257244,"Sữa Tắm/Gel Tắm Pháp Le Petit Marseillais Chiết Xuất Thiên Nhiên 650ml - Sữa Tắm Lưu Hương Lành Tính - Dịu Nhẹ, An Toàn Cho Da","Vani, Standard",1732250801269082332,ST00557,316000,540575,VND,1,Thanh toán khi giao hàng,Đang xử lý,thaocanview,Video,7639362324603686164,fixed commission,,,,8,316000,25280,,,,,,,,0,0,15/06/2026 17:04:08,18/06/2026 14:04:03,15/06/2026 17:04:11,18/06/2026 14:04:03,,21/06/2026 10:36:29,TTS,Open/Target Collaboration
584544974272169105,1732251815880067292,"Sữa Tắm Pháp Le Petit Marseillais Cho Nam Chiết Xuất Thiên Nhiên 4in1 Nhiều Mùi Hương Dưỡng Ẩm, Thơm Lâu - Phù Hợp Mọi Loại Da (250ml)","Hương Gỗ Tuyết Tùng & Dương Xỉ, Standard",1732251749141219548,ST01172,172200,282450,VND,1,Thanh toán khi giao hàng,Đang xử lý,emyeuthethao,Chương trình Lưu lượng truy cập bên ngoài,,fixed commission,,,,4,172200,6888,,,,,,,,0,0,15/06/2026 19:54:36,17/06/2026 09:47:42,15/06/2026 19:54:37,17/06/2026 09:47:42,,20/06/2026 08:54:52,TTS,Open/Target Collaboration
584545309649241340,1732250760944257244,"Sữa Tắm/Gel Tắm Pháp Le Petit Marseillais Chiết Xuất Thiên Nhiên 650ml - Sữa Tắm Lưu Hương Lành Tính - Dịu Nhẹ, An Toàn Cho Da","Quả Mơ & Hạt Phỉ, Standard",1732250801269475548,ST00809,395000,536000,VND,1,Thanh toán khi giao hàng,Đã hủy,ha_thubay,Video,7599664598626618642,fixed commission,0,0,0,8,395000,31600,,,,,,,,0,0,15/06/2026 20:17:27,,15/06/2026 20:17:29,,,,TTS,Open/Target Collaboration
584545470064788867,1733398584855921884,Sữa Tắm Nam 4 in 1 Thiên Nhiên Le Petit Marseillais Chiết Xuất Gừng & Gỗ Bách Hương 250ml 4371,Mặc định,1733398526731846876,ST04371,0,14040,VND,1,Thanh toán khi giao hàng,Đang xử lý,dan_hoai_bao,Chương trình Lưu lượng truy cập bên ngoài,,fixed commission,,,,,0,,,,,,,,,0,0,15/06/2026 20:24:14,18/06/2026 18:36:29,15/06/2026 20:24:16,18/06/2026 18:36:29,,21/06/2026 12:08:58,TTS,Open/Target Collaboration
584545470064788867,1735910664928920796,Combo 2 Sữa Tắm Nam Le Petit Marseillais 4in1 Cho Tóc Mặt Râu Toàn Thân 250ml,"Gỗ Tuyết Tùng Và Dương Xỉ, Thông Biển & Bạch Đàn",1735912571878081756,ST01172 + ST01356,367080,571060,VND,1,Thanh toán khi giao hàng,Đang xử lý,dan_hoai_bao,Chương trình Lưu lượng truy cập bên ngoài,,fixed commission,,,,8,367080,29366,,,,,,,,0,0,15/06/2026 20:24:14,18/06/2026 18:36:29,15/06/2026 20:24:16,18/06/2026 18:36:29,,21/06/2026 12:08:58,TTS,Open/Target Collaboration
584546872268653701,1731317167366243548,[Quà tặng không bán] Bông Tắm Tạo Bọt Mềm Mịn,Mặc định,1731317148230255836,BONG TAM HQ,0,7317,VND,1,Thanh toán khi giao hàng,Đang xử lý,lepetitmarseillaisvn,Phát trực tiếp,7640830159026768648,fixed commission,,,,,0,,,,,,,,,0,0,15/06/2026 21:52:56,18/06/2026 09:41:55,15/06/2026 21:52:57,18/06/2026 09:41:55,,,TTS,Open/Target Collaboration
584546872268653701,1732251906497939676,Sữa tắm Thiên Nhiên Pháp Le Petit Marseillais Nhiều Mùi Hương Dịu Nhẹ Cho Da Nhạy Cảm 400ml - Phù Hợp Mọi Loại Da,"Hoa Hạnh Nhân Hữu Cơ, Standard",1732251905363839196,ST55055,287100,454171,VND,1,Thanh toán khi giao hàng,Đang xử lý,lepetitmarseillaisvn,Phát trực tiếp,7640830159026768648,fixed commission,,,,,287100,,,,,,,,,0,0,15/06/2026 21:52:56,18/06/2026 09:41:55,15/06/2026 21:52:57,18/06/2026 09:41:55,,,TTS,Open/Target Collaboration
584546872268653701,1732251912551172316,"Gel tắm Hữu Cơ Pháp Le Petit Marseillais Nhiều Mùi Hương 250ml, Thơm Lâu - Phù Hợp Mọi Loại Da (250ml)","Hương Hoa Hồng Dại, Standard",1732251905721338076,ST68867,234900,357317,VND,1,Thanh toán khi giao hàng,Đang xử lý,lepetitmarseillaisvn,Phát trực tiếp,7640830159026768648,fixed commission,,,,,234900,,,,,,,,,0,0,15/06/2026 21:52:56,18/06/2026 09:41:55,15/06/2026 21:52:57,18/06/2026 09:41:55,,,TTS,Open/Target Collaboration
584546872268653701,1734496604995683548,Xà Phòng Le Petit Marseillais Chính Hãng Bánh Xà Phòng Tắm Thiên Nhiên (Ngẫu nhiên)  1 Bánh,Mặc định,1734496577198523612,1 BÁNH-XP,0,1463,VND,1,Thanh toán khi giao hàng,Đang xử lý,lepetitmarseillaisvn,Phát trực tiếp,7640830159026768648,fixed commission,,,,,0,,,,,,,,,0,0,15/06/2026 21:52:56,18/06/2026 09:41:55,15/06/2026 21:52:57,18/06/2026 09:41:55,,,TTS,Open/Target Collaboration
584549255326172376,1732251815880067292,"Sữa Tắm Pháp Le Petit Marseillais Cho Nam Chiết Xuất Thiên Nhiên 4in1 Nhiều Mùi Hương Dưỡng Ẩm, Thơm Lâu - Phù Hợp Mọi Loại Da (250ml)","Hương Cam & Tinh Dầu Argan, Standard",1732251749141022940,ST01431,205000,286850,VND,1,Thanh toán khi giao hàng,Đang xử lý,man.trung.737,Video,7595064670482877717,fixed commission,,,,8,205000,16400,,,,,,,,0,0,16/06/2026 02:41:21,17/06/2026 12:49:01,16/06/2026 02:41:22,17/06/2026 12:49:01,,20/06/2026 08:24:32,TTS,Open/Target Collaboration
584549332570048181,1732251815880067292,"Sữa Tắm Pháp Le Petit Marseillais Cho Nam Chiết Xuất Thiên Nhiên 4in1 Nhiều Mùi Hương Dưỡng Ẩm, Thơm Lâu - Phù Hợp Mọi Loại Da (250ml)","Hương Cam & Tinh Dầu Argan, Standard",1732251749141022940,ST01431,180600,282450,VND,1,Thanh toán khi giao hàng,Đang xử lý,smdo_a1,Chương trình Lưu lượng truy cập bên ngoài,,fixed commission,,,,4,180600,7224,,,,,,,,0,0,16/06/2026 03:12:36,17/06/2026 11:10:56,16/06/2026 03:12:38,17/06/2026 11:10:56,,20/06/2026 09:22:02,TTS,Open/Target Collaboration
584554630427543353,1732250760944257244,"Sữa Tắm/Gel Tắm Pháp Le Petit Marseillais Chiết Xuất Thiên Nhiên 650ml - Sữa Tắm Lưu Hương Lành Tính - Dịu Nhẹ, An Toàn Cho Da","Thông & Bạch Đàn Biển, Standard",1732250801268689116,ST01902,395000,1315394,VND,3,Thanh toán khi giao hàng,Đang xử lý,ha_thubay,Video,7599664598626618642,fixed commission,,,,,1185000,,,,3,35550,,,,0,0,16/06/2026 12:19:12,17/06/2026 20:38:11,16/06/2026 12:19:13,17/06/2026 20:38:11,,20/06/2026 08:42:39,TTS,Open/Target Collaboration
584556319958271426,1732250760944257244,"Sữa Tắm/Gel Tắm Pháp Le Petit Marseillais Chiết Xuất Thiên Nhiên 650ml - Sữa Tắm Lưu Hương Lành Tính - Dịu Nhẹ, An Toàn Cho Da","Hương Xoài & Chanh Dây, Standard",1732250801268951260,ST68823,335750,545154,VND,1,Thanh toán khi giao hàng,Đang xử lý,tiemnhasu94,Video,7562869619376082194,fixed commission,,,,8,335750,26860,,,,,,,,0,0,16/06/2026 14:20:58,17/06/2026 19:18:12,16/06/2026 14:20:59,17/06/2026 19:18:12,,20/06/2026 11:22:50,TTS,Open/Target Collaboration
584556577078543961,1732250760944257244,"Sữa Tắm/Gel Tắm Pháp Le Petit Marseillais Chiết Xuất Thiên Nhiên 650ml - Sữa Tắm Lưu Hương Lành Tính - Dịu Nhẹ, An Toàn Cho Da","Thông & Bạch Đàn Biển, Standard",1732250801268689116,ST01902,395000,549308,VND,1,Thanh toán khi giao hàng,Đang xử lý,ha_thubay,Video,7599664598626618642,fixed commission,,,,,395000,,,,3,11850,,,,0,0,16/06/2026 14:39:44,17/06/2026 18:05:19,16/06/2026 14:39:45,17/06/2026 18:05:19,,20/06/2026 09:37:40,TTS,Open/Target Collaboration
584556820508476813,1732250760944257244,"Sữa Tắm/Gel Tắm Pháp Le Petit Marseillais Chiết Xuất Thiên Nhiên 650ml - Sữa Tắm Lưu Hương Lành Tính - Dịu Nhẹ, An Toàn Cho Da","Thông & Bạch Đàn Biển, Standard",1732250801268689116,ST01902,395000,521615,VND,1,Thanh toán khi giao hàng,Đang xử lý,ha_thubay,Video,7599664598626618642,fixed commission,,,,8,395000,31600,,,,,,,,0,0,16/06/2026 14:57:40,17/06/2026 20:39:25,16/06/2026 14:57:41,17/06/2026 20:39:25,,20/06/2026 08:51:44,TTS,Open/Target Collaboration
584557061398693567,1732250760944257244,"Sữa Tắm/Gel Tắm Pháp Le Petit Marseillais Chiết Xuất Thiên Nhiên 650ml - Sữa Tắm Lưu Hương Lành Tính - Dịu Nhẹ, An Toàn Cho Da","Sữa Thực Vật, Standard",1732250801269344476,ST00991,395000,526913,VND,1,Thanh toán khi giao hàng,Đang xử lý,daunhabatam,Chương trình Lưu lượng truy cập bên ngoài,,fixed commission,,,,4,395000,15800,,,,,,,,0,0,16/06/2026 15:10:50,17/06/2026 18:16:24,16/06/2026 15:10:51,17/06/2026 18:16:24,,20/06/2026 11:57:40,TTS,Open/Target Collaboration
584557061398693567,1735803310673790172,Dầu Gội Cấp Ẩm Le Petit Marseillais Nước Dừa Hữu Cơ 250ml,Mặc định,1735803421743809756,DG37429,0,2374,VND,1,Thanh toán khi giao hàng,Đang xử lý,daunhabatam,Chương trình Lưu lượng truy cập bên ngoài,,fixed commission,,,,,0,,,,,,,,,0,0,16/06/2026 15:10:50,17/06/2026 18:16:24,16/06/2026 15:10:51,17/06/2026 18:16:24,,20/06/2026 11:57:40,TTS,Open/Target Collaboration
584557061398693567,1732250760944257244,"Sữa Tắm/Gel Tắm Pháp Le Petit Marseillais Chiết Xuất Thiên Nhiên 650ml - Sữa Tắm Lưu Hương Lành Tính - Dịu Nhẹ, An Toàn Cho Da","Dừa, Standard",1732250801269147868,ST06999,395000,526913,VND,1,Thanh toán khi giao hàng,Đang xử lý,daunhabatam,Chương trình Lưu lượng truy cập bên ngoài,,fixed commission,,,,4,395000,15800,,,,,,,,0,0,16/06/2026 15:10:50,17/06/2026 18:16:24,16/06/2026 15:10:51,17/06/2026 18:16:24,,20/06/2026 11:57:40,TTS,Open/Target Collaboration
584557623341450257,1732250760944257244,"Sữa Tắm/Gel Tắm Pháp Le Petit Marseillais Chiết Xuất Thiên Nhiên 650ml - Sữa Tắm Lưu Hương Lành Tính - Dịu Nhẹ, An Toàn Cho Da","Thông & Bạch Đàn Biển, Standard",1732250801268689116,ST01902,390000,532154,VND,1,Thanh toán khi giao hàng,Đang xử lý,thaocanview,Video,7637538562224721172,fixed commission,,,,8,390000,31200,,,,,,,,0,0,16/06/2026 15:59:05,17/06/2026 12:32:44,16/06/2026 15:59:07,17/06/2026 12:32:44,,20/06/2026 08:42:09,TTS,Open/Target Collaboration
584557623341450257,1735803310673790172,Dầu Gội Cấp Ẩm Le Petit Marseillais Nước Dừa Hữu Cơ 250ml,Mặc định,1735803421743809756,DG37429,0,3946,VND,1,Thanh toán khi giao hàng,Đang xử lý,emyeuthethao,Chương trình Lưu lượng truy cập bên ngoài,,fixed commission,,,,,0,,,,,,,,,0,0,16/06/2026 15:59:05,17/06/2026 12:32:44,16/06/2026 15:59:07,17/06/2026 12:32:44,,20/06/2026 08:42:09,TTS,Open/Target Collaboration
584558243079029915,1733398801247536348,Sữa Tắm Nam 4 in 1  Thiên Nhiên Le Petit Marseillais Chiết Xuất Gỗ Tuyết Tùng & Dương Xỉ 250ml 1172,Mặc định,1733398851758556380,ST01172,210000,279022,VND,1,Thanh toán khi giao hàng,Đang xử lý,mundayne688,Video,7578844742998396168,fixed commission,,,,8,210000,16800,,,,,,,,0,0,16/06/2026 16:42:04,18/06/2026 21:44:56,16/06/2026 16:42:07,18/06/2026 21:44:56,,21/06/2026 12:05:06,TTS,Open/Target Collaboration
584559121539892757,1732250760944257244,"Sữa Tắm/Gel Tắm Pháp Le Petit Marseillais Chiết Xuất Thiên Nhiên 650ml - Sữa Tắm Lưu Hương Lành Tính - Dịu Nhẹ, An Toàn Cho Da","Thông & Bạch Đàn Biển, Standard",1732250801268689116,ST01902,395000,549308,VND,1,Thanh toán khi giao hàng,Đang xử lý,ha_thubay,Video,7599664598626618642,fixed commission,,,,,395000,,,,3,11850,,,,0,0,16/06/2026 17:55:57,18/06/2026 16:54:47,16/06/2026 17:55:58,18/06/2026 16:54:47,,21/06/2026 09:35:21,TTS,Open/Target Collaboration
584560317195846908,1735803310673790172,Dầu Gội Cấp Ẩm Le Petit Marseillais Nước Dừa Hữu Cơ 250ml,Mặc định,1735803421743809756,DG37429,0,9092,VND,1,Thanh toán khi giao hàng,Đang xử lý,lepetitmarseillaisvn,Phát trực tiếp,7651963083020995335,fixed commission,,,,,0,,,,,,,,,0,0,16/06/2026 19:15:17,18/06/2026 13:15:48,16/06/2026 19:15:19,18/06/2026 13:15:48,,,TTS,Open/Target Collaboration
584560317195846908,1732250760944257244,"Sữa Tắm/Gel Tắm Pháp Le Petit Marseillais Chiết Xuất Thiên Nhiên 650ml - Sữa Tắm Lưu Hương Lành Tính - Dịu Nhẹ, An Toàn Cho Da","Thông & Bạch Đàn Biển, Standard",1732250801268689116,ST01902,327850,549308,VND,1,Thanh toán khi giao hàng,Đang xử lý,lepetitmarseillaisvn,Phát trực tiếp,7651963083020995335,fixed commission,,,,,327850,,,,,,,,,0,0,16/06/2026 19:15:17,18/06/2026 13:15:48,16/06/2026 19:15:19,18/06/2026 13:15:48,,,TTS,Open/Target Collaboration
584560672048645506,1732251815880067292,"Sữa Tắm Pháp Le Petit Marseillais Cho Nam Chiết Xuất Thiên Nhiên 4in1 Nhiều Mùi Hương Dưỡng Ẩm, Thơm Lâu - Phù Hợp Mọi Loại Da (250ml)","Hương Gỗ Tuyết Tùng & Dương Xỉ, Standard",1732251749141219548,ST01172,210000,298200,VND,1,Thanh toán khi giao hàng,Đang xử lý,lepetitmarseillaisvn,Phát trực tiếp,7650478479037352722,fixed commission,,,,,210000,,,,,,,,,0,0,16/06/2026 19:35:57,18/06/2026 16:05:01,16/06/2026 19:35:58,18/06/2026 16:05:01,,,TTS,Open/Target Collaboration
584560651107272358,1732251815880067292,"Sữa Tắm Pháp Le Petit Marseillais Cho Nam Chiết Xuất Thiên Nhiên 4in1 Nhiều Mùi Hương Dưỡng Ẩm, Thơm Lâu - Phù Hợp Mọi Loại Da (250ml)","Hương Gỗ Tuyết Tùng & Dương Xỉ, Standard",1732251749141219548,ST01172,176300,298200,VND,1,Thanh toán khi giao hàng,Đang xử lý,lepetitmarseillaisvn,Phát trực tiếp,7651963083020995335,fixed commission,,,,,176300,,,,,,,,,0,0,16/06/2026 19:40:19,18/06/2026 21:10:46,16/06/2026 19:40:21,18/06/2026 21:10:46,,,TTS,Open/Target Collaboration
584560877833848358,1732252961260865756,"Dầu Gội Thiên Nhiên Le Petit Marseillais Nhiều Mùi Hương 250ml Dưỡng Ẩm, Thơm Lâu - Phù Hợp Mọi Loại Da",Phục Hồi Chuyên Sâu Dầu Jojoba,1732252943759083740,DG60650,270000,364000,VND,1,Không áp dụng thanh toán khi giao hàng,Đang xử lý,lepetitmarseillaisvn,Phát trực tiếp,7651963083020995335,fixed commission,,,,,270000,,,,,,,,,0,0,16/06/2026 19:50:58,16/06/2026 19:51:04,16/06/2026 19:51:06,18/06/2026 10:44:20,,,TTS,Open/Target Collaboration
584560956054144944,1732252957247965404,"Dầu Gội Le Petit Marseillais Nhiều Mùi Hương 300ml Dưỡng Ẩm, Thơm Lâu - Phù Hợp Mọi Loại Da",Cây Tầm Ma & Chanh,1732252922366626012,DG74646,420000,560800,VND,1,Thanh toán khi giao hàng,Đang xử lý,ml.shop36,Video,7564595403824319751,fixed commission,,,,8,420000,33600,,,,,,,,0,0,16/06/2026 19:56:17,18/06/2026 09:42:08,16/06/2026 19:56:18,18/06/2026 09:42:08,,21/06/2026 07:40:26,TTS,Open/Target Collaboration
584561258310764287,1732250760944257244,"Sữa Tắm/Gel Tắm Pháp Le Petit Marseillais Chiết Xuất Thiên Nhiên 650ml - Sữa Tắm Lưu Hương Lành Tính - Dịu Nhẹ, An Toàn Cho Da","Đào Trắng & Quả Xuân Đào, Standard",1732250801269016796,ST01288,327850,561615,VND,1,Thanh toán khi giao hàng,Đang xử lý,lepetitmarseillaisvn,Phát trực tiếp,7651963083020995335,fixed commission,,,,,327850,,,,,,,,,0,0,16/06/2026 20:12:29,19/06/2026 18:22:41,16/06/2026 20:12:30,19/06/2026 18:22:41,,,TTS,Open/Target Collaboration
584561258310764287,1735803310673790172,Dầu Gội Cấp Ẩm Le Petit Marseillais Nước Dừa Hữu Cơ 250ml,Mặc định,1735803421743809756,DG37429,0,12785,VND,1,Thanh toán khi giao hàng,Đang xử lý,lepetitmarseillaisvn,Phát trực tiếp,7651963083020995335,fixed commission,,,,,0,,,,,,,,,0,0,16/06/2026 20:12:29,19/06/2026 18:22:41,16/06/2026 20:12:30,19/06/2026 18:22:41,,,TTS,Open/Target Collaboration
584561314350532110,1733398584855921884,Sữa Tắm Nam 4 in 1 Thiên Nhiên Le Petit Marseillais Chiết Xuất Gừng & Gỗ Bách Hương 250ml 4371,Mặc định,1733398526731846876,ST04371,0,16560,VND,1,Không áp dụng thanh toán khi giao hàng,Đang xử lý,lepetitmarseillaisvn,Phát trực tiếp,7651963083020995335,fixed commission,,,,,0,,,,,,,,,0,0,16/06/2026 20:19:11,16/06/2026 20:19:18,16/06/2026 20:19:18,18/06/2026 15:09:35,,,TTS,Open/Target Collaboration
584561314350532110,1735910664928920796,Combo 2 Sữa Tắm Nam Le Petit Marseillais 4in1 Cho Tóc Mặt Râu Toàn Thân 250ml,"Gỗ Cam & Dầu Argan , Thông Biển & Bạch Đàn",1735912571878409436,ST01431 + ST01356,331170,574840,VND,1,Không áp dụng thanh toán khi giao hàng,Đang xử lý,lepetitmarseillaisvn,Phát trực tiếp,7651963083020995335,fixed commission,,,,,331170,,,,,,,,,0,0,16/06/2026 20:19:11,16/06/2026 20:19:18,16/06/2026 20:19:18,18/06/2026 15:09:35,,,TTS,Open/Target Collaboration
584562298448217606,1732250760944257244,"Sữa Tắm/Gel Tắm Pháp Le Petit Marseillais Chiết Xuất Thiên Nhiên 650ml - Sữa Tắm Lưu Hương Lành Tính - Dịu Nhẹ, An Toàn Cho Da","Thông & Bạch Đàn Biển, Standard",1732250801268689116,ST01902,331500,545154,VND,1,Thanh toán khi giao hàng,Đang xử lý,lepetitmarseillaisvn,Phát trực tiếp,7651963083020995335,fixed commission,,,,,331500,,,,,,,,,0,0,16/06/2026 21:14:47,18/06/2026 15:49:04,16/06/2026 21:14:48,18/06/2026 15:49:04,,,TTS,Open/Target Collaboration
584562298448217606,1735803310673790172,Dầu Gội Cấp Ẩm Le Petit Marseillais Nước Dừa Hữu Cơ 250ml,Mặc định,1735803421743809756,DG37429,0,7846,VND,1,Thanh toán khi giao hàng,Đang xử lý,lepetitmarseillaisvn,Phát trực tiếp,7651963083020995335,fixed commission,,,,,0,,,,,,,,,0,0,16/06/2026 21:14:47,18/06/2026 15:49:04,16/06/2026 21:14:48,18/06/2026 15:49:04,,,TTS,Open/Target Collaboration
584562431606425421,1732251815880067292,"Sữa Tắm Pháp Le Petit Marseillais Cho Nam Chiết Xuất Thiên Nhiên 4in1 Nhiều Mùi Hương Dưỡng Ẩm, Thơm Lâu - Phù Hợp Mọi Loại Da (250ml)","Hương Cam & Tinh Dầu Argan, Standard",1732251749141022940,ST01431,204941,279900,VND,1,Không áp dụng thanh toán khi giao hàng,Đang xử lý,vheu170cm,Video,7550953945372429575,fixed commission,,,,8,204941,16395,,,,,,,,0,0,16/06/2026 21:20:44,16/06/2026 21:21:03,16/06/2026 21:21:04,18/06/2026 10:13:58,,21/06/2026 09:03:51,TTS,Open/Target Collaboration
584563049285715315,1732250760944257244,"Sữa Tắm/Gel Tắm Pháp Le Petit Marseillais Chiết Xuất Thiên Nhiên 650ml - Sữa Tắm Lưu Hương Lành Tính - Dịu Nhẹ, An Toàn Cho Da","Hương Chanh & Bưởi Hồng, Standard",1732250801268820188,ST01868,316000,542514,VND,1,Thanh toán khi giao hàng,Đã hủy,lepetitmarseillaisvn,Phát trực tiếp,7651963083020995335,fixed commission,,,,,316000,,,,,,,,,0,0,16/06/2026 21:58:31,,16/06/2026 21:58:32,,,,TTS,Open/Target Collaboration
584563049285715315,1735803452711142620,Dầu Xả Cấp Ẩm Le Petit Marseillais Nước Dừa Hữu Cơ 200ml,Mặc định,1735803348866008284,DX74752,0,5878,VND,1,Thanh toán khi giao hàng,Đã hủy,lepetitmarseillaisvn,Phát trực tiếp,7649364550224235282,fixed commission,,,,,0,,,,,,,,,0,0,16/06/2026 21:58:31,,16/06/2026 21:58:32,,,,TTS,Open/Target Collaboration
584563049285715315,1731906576340322524,"Mặt Nạ Dưỡng Tóc Le Petit Marseillais 4in1 Chiết Xuất Nước Dừa Hữu Cơ, Dưỡng Ẩm, Thơm Lâu - Phù Hợp Mọi Loại Da (300ml)",Mặc định,1731906576340388060,MN75209,400000,663108,VND,1,Thanh toán khi giao hàng,Đã hủy,lepetitmarseillaisvn,Phát trực tiếp,7651963083020995335,fixed commission,,,,,400000,,,,,,,,,0,0,16/06/2026 21:58:31,,16/06/2026 21:58:32,,,,TTS,Open/Target Collaboration
584563856917956354,1732251815880067292,"Sữa Tắm Pháp Le Petit Marseillais Cho Nam Chiết Xuất Thiên Nhiên 4in1 Nhiều Mùi Hương Dưỡng Ẩm, Thơm Lâu - Phù Hợp Mọi Loại Da (250ml)","Hương Cam & Tinh Dầu Argan, Standard",1732251749141022940,ST01431,205000,295800,VND,1,Thanh toán khi giao hàng,Đang xử lý,tanrhm19,Trưng bày,,fixed commission,,,,8,205000,16400,,,,,,,,0,0,16/06/2026 22:50:38,19/06/2026 19:51:12,16/06/2026 22:50:39,19/06/2026 19:51:12,,22/06/2026 10:42:46,TTS,Open/Target Collaboration
584563871309792726,1733398584855921884,Sữa Tắm Nam 4 in 1 Thiên Nhiên Le Petit Marseillais Chiết Xuất Gừng & Gỗ Bách Hương 250ml 4371,Mặc định,1733398526731846876,ST04371,0,3705,VND,1,Thanh toán khi giao hàng,Đang xử lý,nailsboxxinh,Chương trình Lưu lượng truy cập bên ngoài,,fixed commission,,,,,0,,,,,,,,,0,0,16/06/2026 22:56:43,18/06/2026 12:20:56,16/06/2026 22:56:45,18/06/2026 12:20:56,,21/06/2026 10:19:47,TTS,Open/Target Collaboration
584565021216048314,1732252957247965404,"Dầu Gội Le Petit Marseillais Nhiều Mùi Hương 300ml Dưỡng Ẩm, Thơm Lâu - Phù Hợp Mọi Loại Da",Hạt Lanh & Hoa Hạnh Nhân,1732252922366691548,DG01841,420000,574700,VND,1,Không áp dụng thanh toán khi giao hàng,Đang xử lý,haiidaynek,Video,7548126556418264327,fixed commission,,,,,420000,,,,3,12600,,,,0,0,17/06/2026 01:12:15,17/06/2026 01:12:19,17/06/2026 01:12:19,18/06/2026 16:41:34,,21/06/2026 11:10:00,TTS,Open/Target Collaboration
584565762753398341,1732251815880067292,"Sữa Tắm Pháp Le Petit Marseillais Cho Nam Chiết Xuất Thiên Nhiên 4in1 Nhiều Mùi Hương Dưỡng Ẩm, Thơm Lâu - Phù Hợp Mọi Loại Da (250ml)","Hương Gỗ Tuyết Tùng & Dương Xỉ, Standard",1732251749141219548,ST01172,205000,282450,VND,1,Thanh toán khi giao hàng,Đang xử lý,lepthelittlekid,Video,7594749644052204818,fixed commission,,,,5,205000,10250,,,,,,,,0,0,17/06/2026 04:39:46,18/06/2026 18:41:10,17/06/2026 04:39:47,18/06/2026 18:41:10,,21/06/2026 09:03:58,TTS,Open/Target Collaboration
584566217652340389,1732250760944257244,"Sữa Tắm/Gel Tắm Pháp Le Petit Marseillais Chiết Xuất Thiên Nhiên 650ml - Sữa Tắm Lưu Hương Lành Tính - Dịu Nhẹ, An Toàn Cho Da","Lá Oliu & Hoa Bồ Đề, Standard",1732250801268754652,ST01295,395000,530400,VND,1,Thanh toán khi giao hàng,Đang xử lý,ha_thubay,Video,7599664598626618642,fixed commission,,,,,395000,,,,3,11850,,,,0,0,17/06/2026 06:10:47,18/06/2026 21:15:37,17/06/2026 06:10:48,18/06/2026 21:15:37,,21/06/2026 09:20:48,TTS,Open/Target Collaboration
584566217652340389,1731317167366243548,[Quà tặng không bán] Bông Tắm Tạo Bọt Mềm Mịn,Mặc định,1731317148230255836,BONG TAM HQ,0,5700,VND,1,Thanh toán khi giao hàng,Đang xử lý,lepetitmarseillaisvn,Phát trực tiếp,7651963083020995335,fixed commission,,,,,0,,,,,,,,,0,0,17/06/2026 06:10:47,18/06/2026 21:15:37,17/06/2026 06:10:48,18/06/2026 21:15:37,,21/06/2026 09:20:48,TTS,Open/Target Collaboration
584568462471628424,1732250928810920156,"Sữa Tắm/Gel Tắm Pháp Le Petit Marseillais Thiên Nhiên 250ml - Sữa Tắm Lưu Hương Lành Tính - Dịu Nhẹ, An Toàn Cho Da","Vani, Standard",1732250914985183452,ST00526,180400,289550,VND,1,Thanh toán khi giao hàng,Đang xử lý,kinkechillchill,Video,7572051007237115154,fixed commission,,,,8,180400,14432,,,,,,,,0,0,17/06/2026 09:45:12,18/06/2026 16:03:52,17/06/2026 09:45:13,18/06/2026 16:03:52,,21/06/2026 07:53:57,TTS,Open/Target Collaboration
584576122072302788,1732252957247965404,"Dầu Gội Le Petit Marseillais Nhiều Mùi Hương 300ml Dưỡng Ẩm, Thơm Lâu - Phù Hợp Mọi Loại Da",Hạt Lanh & Hoa Hạnh Nhân,1732252922366691548,DG01841,378827,560800,VND,1,Không áp dụng thanh toán khi giao hàng,Đang xử lý,lepetitmarseillaisvn,Phát trực tiếp,7652333685571832594,fixed commission,,,,,378827,,,,,,,,,0,0,17/06/2026 19:11:50,17/06/2026 19:11:56,17/06/2026 19:11:58,19/06/2026 09:39:44,,,TTS,Open/Target Collaboration
584576450688681868,1732250760944257244,"Sữa Tắm/Gel Tắm Pháp Le Petit Marseillais Chiết Xuất Thiên Nhiên 650ml - Sữa Tắm Lưu Hương Lành Tính - Dịu Nhẹ, An Toàn Cho Da","Quả Mơ & Hạt Phỉ, Standard",1732250801269475548,ST00809,395000,541667,VND,1,Thanh toán khi giao hàng,Đã hủy,thaocanview,Video,7637538562224721172,fixed commission,0,0,0,,395000,,,,3,11850,,,,0,0,17/06/2026 19:29:23,,17/06/2026 19:29:25,,,,TTS,Open/Target Collaboration
584576770191164558,1732251815880067292,"Sữa Tắm Pháp Le Petit Marseillais Cho Nam Chiết Xuất Thiên Nhiên 4in1 Nhiều Mùi Hương Dưỡng Ẩm, Thơm Lâu - Phù Hợp Mọi Loại Da (250ml)","Hương Gỗ Tuyết Tùng & Dương Xỉ, Standard",1732251749141219548,ST01172,180400,282450,VND,1,Thanh toán khi giao hàng,Đã hủy,lepetitmarseillaisvn,Phát trực tiếp,7652333685571832594,fixed commission,,,,,180400,,,,,,,,,0,0,17/06/2026 19:51:28,,17/06/2026 19:51:29,,,,TTS,Open/Target Collaboration
584576770191164558,1731317167366243548,[Quà tặng không bán] Bông Tắm Tạo Bọt Mềm Mịn,Mặc định,1731317148230255836,BONG TAM HQ,0,10450,VND,1,Thanh toán khi giao hàng,Đã hủy,lepetitmarseillaisvn,Phát trực tiếp,7652333685571832594,fixed commission,,,,,0,,,,,,,,,0,0,17/06/2026 19:51:28,,17/06/2026 19:51:29,,,,TTS,Open/Target Collaboration
584576804058924973,1732251815880067292,"Sữa Tắm Pháp Le Petit Marseillais Cho Nam Chiết Xuất Thiên Nhiên 4in1 Nhiều Mùi Hương Dưỡng Ẩm, Thơm Lâu - Phù Hợp Mọi Loại Da (250ml)","Hương Gỗ Tuyết Tùng & Dương Xỉ, Standard",1732251749141219548,ST01172,186550,279900,VND,1,Thanh toán khi giao hàng,Đang xử lý,lepetitmarseillaisvn,Phát trực tiếp,7652333685571832594,fixed commission,,,,,186550,,,,,,,,,0,0,17/06/2026 19:54:26,19/06/2026 13:49:38,17/06/2026 19:54:27,19/06/2026 13:49:38,,,TTS,Open/Target Collaboration
584577161297626873,1731317167366243548,[Quà tặng không bán] Bông Tắm Tạo Bọt Mềm Mịn,Mặc định,1731317148230255836,BONG TAM HQ,0,7900,VND,1,Thanh toán khi giao hàng,Đang xử lý,lepetitmarseillaisvn,Phát trực tiếp,7652333685571832594,fixed commission,,,,,0,,,,,,,,,0,0,17/06/2026 20:15:04,19/06/2026 14:26:26,17/06/2026 20:15:06,19/06/2026 14:26:26,,,TTS,Open/Target Collaboration
584577161297626873,1732251815880067292,"Sữa Tắm Pháp Le Petit Marseillais Cho Nam Chiết Xuất Thiên Nhiên 4in1 Nhiều Mùi Hương Dưỡng Ẩm, Thơm Lâu - Phù Hợp Mọi Loại Da (250ml)","Hương Cam & Tinh Dầu Argan, Standard",1732251749141022940,ST01431,205000,279900,VND,1,Thanh toán khi giao hàng,Đang xử lý,lepetitmarseillaisvn,Phát trực tiếp,7652333685571832594,fixed commission,,,,,205000,,,,,,,,,0,0,17/06/2026 20:15:04,19/06/2026 14:26:26,17/06/2026 20:15:06,19/06/2026 14:26:26,,,TTS,Open/Target Collaboration
584578198528099914,1732250760944257244,"Sữa Tắm/Gel Tắm Pháp Le Petit Marseillais Chiết Xuất Thiên Nhiên 650ml - Sữa Tắm Lưu Hương Lành Tính - Dịu Nhẹ, An Toàn Cho Da","Hoa Tiare, Standard",1732250801268885724,ST68816,368000,545267,VND,1,Thanh toán khi giao hàng,Đang xử lý,ha_thubay,Video,7599664598626618642,fixed commission,,,,,368000,,,,3,11040,,,,0,0,17/06/2026 21:17:58,19/06/2026 17:39:34,17/06/2026 21:18:00,19/06/2026 17:39:34,,22/06/2026 10:28:46,TTS,Open/Target Collaboration
584578269736765208,1731317167366243548,[Quà tặng không bán] Bông Tắm Tạo Bọt Mềm Mịn,Mặc định,1731317148230255836,BONG TAM HQ,0,7156,VND,1,Thanh toán khi giao hàng,Đã hủy,lepetitmarseillaisvn,Phát trực tiếp,7651220418310179602,fixed commission,,,,,0,,,,,,,,,0,0,17/06/2026 21:27:43,,17/06/2026 21:27:44,,,,TTS,Open/Target Collaboration
584578269736765208,1732250760944257244,"Sữa Tắm/Gel Tắm Pháp Le Petit Marseillais Chiết Xuất Thiên Nhiên 650ml - Sữa Tắm Lưu Hương Lành Tính - Dịu Nhẹ, An Toàn Cho Da","Thông & Bạch Đàn Biển, Standard",1732250801268689116,ST01902,304150,1445761,VND,4,Thanh toán khi giao hàng,Đã hủy,lepetitmarseillaisvn,Phát trực tiếp,7652333685571832594,fixed commission,,,,,1216600,,,,,,,,,0,0,17/06/2026 21:27:43,,17/06/2026 21:27:44,,,,TTS,Open/Target Collaboration
584578373751178471,1731317167366243548,[Quà tặng không bán] Bông Tắm Tạo Bọt Mềm Mịn,Mặc định,1731317148230255836,BONG TAM HQ,0,7900,VND,1,Thanh toán khi giao hàng,Đang xử lý,lepetitmarseillaisvn,Phát trực tiếp,7652333685571832594,fixed commission,,,,,0,,,,,,,,,0,0,17/06/2026 21:32:43,19/06/2026 14:38:51,17/06/2026 21:32:45,19/06/2026 14:38:51,,,TTS,Open/Target Collaboration
584578373751178471,1732251815880067292,"Sữa Tắm Pháp Le Petit Marseillais Cho Nam Chiết Xuất Thiên Nhiên 4in1 Nhiều Mùi Hương Dưỡng Ẩm, Thơm Lâu - Phù Hợp Mọi Loại Da (250ml)","Hương Gỗ Tuyết Tùng & Dương Xỉ, Standard",1732251749141219548,ST01172,176300,279900,VND,1,Thanh toán khi giao hàng,Đang xử lý,lepetitmarseillaisvn,Phát trực tiếp,7652333685571832594,fixed commission,,,,,176300,,,,,,,,,0,0,17/06/2026 21:32:43,19/06/2026 14:38:51,17/06/2026 21:32:45,19/06/2026 14:38:51,,,TTS,Open/Target Collaboration
584578639193737124,1731317167366243548,[Quà tặng không bán] Bông Tắm Tạo Bọt Mềm Mịn,Mặc định,1731317148230255836,BONG TAM HQ,0,14850,VND,1,Thanh toán khi giao hàng,Đã hủy,lepetitmarseillaisvn,Phát trực tiếp,7652333685571832594,fixed commission,,,,,0,,,,,,,,,0,0,17/06/2026 21:48:40,,17/06/2026 21:48:42,,,,TTS,Open/Target Collaboration
584578728696186788,1731317167366243548,[Quà tặng không bán] Bông Tắm Tạo Bọt Mềm Mịn,Mặc định,1731317148230255836,BONG TAM HQ,0,14850,VND,1,Thanh toán khi giao hàng,Đang xử lý,lepetitmarseillaisvn,Phát trực tiếp,7652333685571832594,fixed commission,,,,,0,,,,,,,,,0,0,17/06/2026 21:53:32,19/06/2026 09:42:17,17/06/2026 21:53:33,19/06/2026 09:42:17,,,TTS,Open/Target Collaboration
584578728696186788,1732251815880067292,"Sữa Tắm Pháp Le Petit Marseillais Cho Nam Chiết Xuất Thiên Nhiên 4in1 Nhiều Mùi Hương Dưỡng Ẩm, Thơm Lâu - Phù Hợp Mọi Loại Da (250ml)","Hương Gỗ Tuyết Tùng & Dương Xỉ, Standard",1732251749141219548,ST01172,186550,286850,VND,1,Thanh toán khi giao hàng,Đang xử lý,lepetitmarseillaisvn,Phát trực tiếp,7652333685571832594,fixed commission,,,,,186550,,,,,,,,,0,0,17/06/2026 21:53:32,19/06/2026 09:42:17,17/06/2026 21:53:33,19/06/2026 09:42:17,,,TTS,Open/Target Collaboration
584578883317957868,1734496604995683548,Xà Phòng Le Petit Marseillais Chính Hãng Bánh Xà Phòng Tắm Thiên Nhiên (Ngẫu nhiên)  1 Bánh,Mặc định,1734496577198523612,1 BÁNH-XP,0,2267,VND,1,Thanh toán khi giao hàng,Đang xử lý,lepetitmarseillaisvn,Phát trực tiếp,7652333685571832594,fixed commission,,,,,0,,,,,,,,,0,0,17/06/2026 22:03:55,19/06/2026 22:36:23,17/06/2026 22:03:56,19/06/2026 22:36:23,,,TTS,Open/Target Collaboration
584578883317957868,1732251815880067292,"Sữa Tắm Pháp Le Petit Marseillais Cho Nam Chiết Xuất Thiên Nhiên 4in1 Nhiều Mùi Hương Dưỡng Ẩm, Thơm Lâu - Phù Hợp Mọi Loại Da (250ml)","Hương Cam & Tinh Dầu Argan, Standard",1732251749141022940,ST01431,168100,451433,VND,2,Thanh toán khi giao hàng,Đang xử lý,lepetitmarseillaisvn,Phát trực tiếp,7652333685571832594,fixed commission,,,,,336200,,,,,,,,,0,0,17/06/2026 22:03:55,19/06/2026 22:36:23,17/06/2026 22:03:56,19/06/2026 22:36:23,,,TTS,Open/Target Collaboration
584578883317957868,1732251815880067292,"Sữa Tắm Pháp Le Petit Marseillais Cho Nam Chiết Xuất Thiên Nhiên 4in1 Nhiều Mùi Hương Dưỡng Ẩm, Thơm Lâu - Phù Hợp Mọi Loại Da (250ml)","Hương Gừng & Gỗ Bách, Standard",1732251749141285084,ST04371,168100,451434,VND,2,Thanh toán khi giao hàng,Đang xử lý,lepetitmarseillaisvn,Phát trực tiếp,7652333685571832594,fixed commission,,,,,336200,,,,,,,,,0,0,17/06/2026 22:03:55,19/06/2026 22:36:23,17/06/2026 22:03:56,19/06/2026 22:36:23,,,TTS,Open/Target Collaboration
584578950970836418,1732251815880067292,"Sữa Tắm Pháp Le Petit Marseillais Cho Nam Chiết Xuất Thiên Nhiên 4in1 Nhiều Mùi Hương Dưỡng Ẩm, Thơm Lâu - Phù Hợp Mọi Loại Da (250ml)","Hương Gỗ Tuyết Tùng & Dương Xỉ, Standard",1732251749141219548,ST01172,205000,279900,VND,1,Thanh toán khi giao hàng,Đang xử lý,ha_thubay,Video,7599664598626618642,fixed commission,,,,8,205000,16400,,,,,,,,0,0,17/06/2026 22:10:17,19/06/2026 12:16:50,17/06/2026 22:10:19,19/06/2026 12:16:50,,22/06/2026 10:41:53,TTS,Open/Target Collaboration
584579384670979108,1731317167366243548,[Quà tặng không bán] Bông Tắm Tạo Bọt Mềm Mịn,Mặc định,1731317148230255836,BONG TAM HQ,0,17550,VND,1,Thanh toán khi giao hàng,Đang xử lý,lepetitmarseillaisvn,Phát trực tiếp,7652333685571832594,fixed commission,,,,,0,,,,,,,,,0,0,17/06/2026 22:36:06,19/06/2026 10:45:49,17/06/2026 22:36:07,19/06/2026 10:45:49,,,TTS,Open/Target Collaboration
584579384670979108,1732251815880067292,"Sữa Tắm Pháp Le Petit Marseillais Cho Nam Chiết Xuất Thiên Nhiên 4in1 Nhiều Mùi Hương Dưỡng Ẩm, Thơm Lâu - Phù Hợp Mọi Loại Da (250ml)","Hương Thông & Bạch Đàn Biển, Standard",1732251749141154012,ST01356,176550,289550,VND,1,Thanh toán khi giao hàng,Đang xử lý,lepetitmarseillaisvn,Phát trực tiếp,7652333685571832594,fixed commission,,,,,176550,,,,,,,,,0,0,17/06/2026 22:36:06,19/06/2026 10:45:49,17/06/2026 22:36:07,19/06/2026 10:45:49,,,TTS,Open/Target Collaboration
584579430256510676,1732250760944257244,"Sữa Tắm/Gel Tắm Pháp Le Petit Marseillais Chiết Xuất Thiên Nhiên 650ml - Sữa Tắm Lưu Hương Lành Tính - Dịu Nhẹ, An Toàn Cho Da","Đào Trắng & Quả Xuân Đào, Standard",1732250801269016796,ST01288,335750,545267,VND,1,Thanh toán khi giao hàng,Đang xử lý,sophia.beauty99,Video,7600638127312538900,fixed commission,,,,8,335750,26860,,,,,,,,0,0,17/06/2026 22:41:00,19/06/2026 12:00:48,17/06/2026 22:41:02,19/06/2026 12:00:48,,22/06/2026 07:54:41,TTS,Open/Target Collaboration
584579914463872009,1732251815880067292,"Sữa Tắm Pháp Le Petit Marseillais Cho Nam Chiết Xuất Thiên Nhiên 4in1 Nhiều Mùi Hương Dưỡng Ẩm, Thơm Lâu - Phù Hợp Mọi Loại Da (250ml)","Hương Gỗ Tuyết Tùng & Dương Xỉ, Standard",1732251749141219548,ST01172,170000,282450,VND,1,Thanh toán khi giao hàng,Đang xử lý,iflyad07,Chương trình Lưu lượng truy cập bên ngoài,,fixed commission,,,,4,170000,6800,,,,,,,,0,0,17/06/2026 23:23:38,19/06/2026 09:52:07,17/06/2026 23:23:40,19/06/2026 09:52:07,,22/06/2026 09:30:22,TTS,Open/Target Collaboration
584580182353544743,1732251815880067292,"Sữa Tắm Pháp Le Petit Marseillais Cho Nam Chiết Xuất Thiên Nhiên 4in1 Nhiều Mùi Hương Dưỡng Ẩm, Thơm Lâu - Phù Hợp Mọi Loại Da (250ml)","Hương Gỗ Tuyết Tùng & Dương Xỉ, Standard",1732251749141219548,ST01172,200000,279900,VND,1,Thanh toán khi giao hàng,Đang xử lý,trawg98214,Chương trình Lưu lượng truy cập bên ngoài,,fixed commission,,,,8,200000,16000,,,,,,,,0,0,17/06/2026 23:48:35,19/06/2026 10:02:42,17/06/2026 23:48:36,19/06/2026 10:02:42,,22/06/2026 12:38:39,TTS,Open/Target Collaboration
584580917921416798,1732251815880067292,"Sữa Tắm Pháp Le Petit Marseillais Cho Nam Chiết Xuất Thiên Nhiên 4in1 Nhiều Mùi Hương Dưỡng Ẩm, Thơm Lâu - Phù Hợp Mọi Loại Da (250ml)","Hương Thông & Bạch Đàn Biển, Standard",1732251749141154012,ST01356,182450,292700,VND,1,Không áp dụng thanh toán khi giao hàng,Đã hủy,lepthelittlekid,Video,7594749644052204818,fixed commission,,,,5,182450,9123,,,,,,,,0,0,18/06/2026 01:45:16,18/06/2026 01:45:19,18/06/2026 01:45:19,,,,TTS,Open/Target Collaboration
584582953213658244,1732251815880067292,"Sữa Tắm Pháp Le Petit Marseillais Cho Nam Chiết Xuất Thiên Nhiên 4in1 Nhiều Mùi Hương Dưỡng Ẩm, Thơm Lâu - Phù Hợp Mọi Loại Da (250ml)","Hương Gỗ Tuyết Tùng & Dương Xỉ, Standard",1732251749141219548,ST01172,182450,286850,VND,1,Thanh toán khi giao hàng,Đang xử lý,vlogminhhai,Video,7569170467660041493,fixed commission,,,,15,182450,27368,,,,,,,,0,0,18/06/2026 08:00:38,20/06/2026 21:39:32,18/06/2026 08:00:39,20/06/2026 21:39:32,,23/06/2026 07:28:58,TTS,Open/Target Collaboration
584583724234278849,1734496604995683548,Xà Phòng Le Petit Marseillais Chính Hãng Bánh Xà Phòng Tắm Thiên Nhiên (Ngẫu nhiên)  1 Bánh,Mặc định,1734496577198523612,1 BÁNH-XP,75000,76140,VND,1,Thanh toán khi giao hàng,Đang xử lý,onggiatichcuc79,Video,7649582978691058952,fixed commission,,,,6,75000,4500,,,,,,,,0,0,18/06/2026 09:03:13,19/06/2026 20:48:31,18/06/2026 09:03:15,19/06/2026 20:48:31,,22/06/2026 08:42:21,TTS,Open/Target Collaboration
584587933604677228,1732251815880067292,"Sữa Tắm Pháp Le Petit Marseillais Cho Nam Chiết Xuất Thiên Nhiên 4in1 Nhiều Mùi Hương Dưỡng Ẩm, Thơm Lâu - Phù Hợp Mọi Loại Da (250ml)","Hương Gỗ Tuyết Tùng & Dương Xỉ, Standard",1732251749141219548,ST01172,205000,295800,VND,1,Thanh toán khi giao hàng,Đang xử lý,duongmanhkien19,Video,7578474458705382676,fixed commission,,,,8,205000,16400,,,,,,,,0,0,18/06/2026 14:16:46,19/06/2026 21:10:44,18/06/2026 14:16:49,19/06/2026 21:10:44,,22/06/2026 07:09:29,TTS,Open/Target Collaboration
584589121005847906,1732252961260865756,"Dầu Gội Thiên Nhiên Le Petit Marseillais Nhiều Mùi Hương 250ml Dưỡng Ẩm, Thơm Lâu - Phù Hợp Mọi Loại Da",Trị Gàu 2 In 1 Tinh Dầu Bạc Hà,1732252943759018204,DG74042,170000,376200,VND,1,Không áp dụng thanh toán khi giao hàng,Đang xử lý,atvncreator,Chương trình Lưu lượng truy cập bên ngoài,,fixed commission,,,,8,170000,13600,,,,,,,,0,0,18/06/2026 15:51:04,18/06/2026 15:51:09,18/06/2026 15:51:10,20/06/2026 10:22:06,,,TTS,Open/Target Collaboration
584589195497539378,1734496604995683548,Xà Phòng Le Petit Marseillais Chính Hãng Bánh Xà Phòng Tắm Thiên Nhiên (Ngẫu nhiên)  1 Bánh,Mặc định,1734496577198523612,1 BÁNH-XP,75000,89000,VND,1,Thanh toán khi giao hàng,Đang xử lý,mythi_fr,Video,7634970118833081620,fixed commission,,,,6,75000,4500,,,,,,,,0,0,18/06/2026 15:53:46,20/06/2026 18:04:55,18/06/2026 15:53:47,20/06/2026 18:04:55,,23/06/2026 10:23:32,TTS,Open/Target Collaboration
584589243489027497,1732250760944257244,"Sữa Tắm/Gel Tắm Pháp Le Petit Marseillais Chiết Xuất Thiên Nhiên 650ml - Sữa Tắm Lưu Hương Lành Tính - Dịu Nhẹ, An Toàn Cho Da","Thông & Bạch Đàn Biển, Standard",1732250801268689116,ST01902,395000,545267,VND,1,Thanh toán khi giao hàng,Đang xử lý,ha_thubay,Video,7634490998910930197,fixed commission,,,,8,395000,31600,,,,,,,,0,0,18/06/2026 15:58:07,20/06/2026 19:01:10,18/06/2026 15:58:08,20/06/2026 19:01:10,,23/06/2026 09:04:44,TTS,Open/Target Collaboration
584589744428910045,1732250760944257244,"Sữa Tắm/Gel Tắm Pháp Le Petit Marseillais Chiết Xuất Thiên Nhiên 650ml - Sữa Tắm Lưu Hương Lành Tính - Dịu Nhẹ, An Toàn Cho Da","Thông & Bạch Đàn Biển, Standard",1732250801268689116,ST01902,335750,545267,VND,1,Thanh toán khi giao hàng,Đang xử lý,ha_thubay,Video,7599664598626618642,fixed commission,,,,,335750,,,,3,10073,,,,0,0,18/06/2026 16:39:19,20/06/2026 11:09:55,18/06/2026 16:39:21,20/06/2026 11:09:55,,23/06/2026 09:44:48,TTS,Open/Target Collaboration
584590069810759257,1734496604995683548,Xà Phòng Le Petit Marseillais Chính Hãng Bánh Xà Phòng Tắm Thiên Nhiên (Ngẫu nhiên)  1 Bánh,Mặc định,1734496577198523612,1 BÁNH-XP,75000,110200,VND,1,Thanh toán khi giao hàng,Đang xử lý,mythi_fr,Video,7634970118833081620,fixed commission,,,,6,75000,4500,,,,,,,,0,0,18/06/2026 17:06:37,20/06/2026 16:04:53,18/06/2026 17:06:39,20/06/2026 16:04:53,,23/06/2026 09:15:41,TTS,Open/Target Collaboration
584592085430863244,1734496604995683548,Xà Phòng Le Petit Marseillais Chính Hãng Bánh Xà Phòng Tắm Thiên Nhiên (Ngẫu nhiên)  1 Bánh,Mặc định,1734496577198523612,1 BÁNH-XP,75000,105300,VND,1,Thanh toán khi giao hàng,Đang xử lý,tranquang0879,Video,7651089322849881362,fixed commission,,,,6,75000,4500,,,,,,,,0,0,18/06/2026 19:29:58,20/06/2026 10:35:15,18/06/2026 19:29:59,20/06/2026 10:35:15,,23/06/2026 08:09:53,TTS,Open/Target Collaboration
584592253577102714,1735910664928920796,Combo 2 Sữa Tắm Nam Le Petit Marseillais 4in1 Cho Tóc Mặt Râu Toàn Thân 250ml,"Gỗ Cam & Dầu Argan , Gỗ Tuyết Tùng Và Dương Xỉ",1735912571878278364,ST01431 + ST01172,359100,563543,VND,1,Thanh toán khi giao hàng,Đang xử lý,lepetitmarseillaisvn,Phát trực tiếp,7652705648937650962,fixed commission,,,,,359100,,,,,,,,,0,0,18/06/2026 19:39:22,20/06/2026 12:22:45,18/06/2026 19:39:24,20/06/2026 12:22:45,,,TTS,Open/Target Collaboration
584592253577102714,1734496604995683548,Xà Phòng Le Petit Marseillais Chính Hãng Bánh Xà Phòng Tắm Thiên Nhiên (Ngẫu nhiên)  1 Bánh,Mặc định,1734496577198523612,1 BÁNH-XP,0,2257,VND,1,Thanh toán khi giao hàng,Đang xử lý,lepetitmarseillaisvn,Phát trực tiếp,7652705648937650962,fixed commission,,,,,0,,,,,,,,,0,0,18/06/2026 19:39:22,20/06/2026 12:22:45,18/06/2026 19:39:24,20/06/2026 12:22:45,,,TTS,Open/Target Collaboration
584592295902021180,1731317167366243548,[Quà tặng không bán] Bông Tắm Tạo Bọt Mềm Mịn,Mặc định,1731317148230255836,BONG TAM HQ,0,13133,VND,1,Không áp dụng thanh toán khi giao hàng,Đang xử lý,lepetitmarseillaisvn,Phát trực tiếp,7652705648937650962,fixed commission,,,,,0,,,,,,,,,0,0,18/06/2026 19:46:09,18/06/2026 19:46:15,18/06/2026 19:46:15,20/06/2026 08:52:06,,,TTS,Open/Target Collaboration
584592295902021180,1732251815880067292,"Sữa Tắm Pháp Le Petit Marseillais Cho Nam Chiết Xuất Thiên Nhiên 4in1 Nhiều Mùi Hương Dưỡng Ẩm, Thơm Lâu - Phù Hợp Mọi Loại Da (250ml)","Hương Gỗ Tuyết Tùng & Dương Xỉ, Standard",1732251749141219548,ST01172,205000,285134,VND,1,Không áp dụng thanh toán khi giao hàng,Đang xử lý,lepetitmarseillaisvn,Phát trực tiếp,7652705648937650962,fixed commission,,,,,205000,,,,,,,,,0,0,18/06/2026 19:46:09,18/06/2026 19:46:15,18/06/2026 19:46:15,20/06/2026 08:52:06,,,TTS,Open/Target Collaboration
584592295902021180,1735734384783819996,"[KOL huynhdangthong x LPM] Dầu Gội Thiên Nhiên Le Petit Marseillais Nhiều Mùi Hương Dừa 250ml Dưỡng Ẩm, Thơm Lâu - Phù Hợp Mọi Loại Da",Cấp Ẩm Chuyên Sâu Từ Nước Dừa,1735734387039896796,DG37429,149000,363133,VND,1,Không áp dụng thanh toán khi giao hàng,Đang xử lý,lepetitmarseillaisvn,Phát trực tiếp,7652705648937650962,fixed commission,,,,,149000,,,,,,,,,0,0,18/06/2026 19:46:09,18/06/2026 19:46:15,18/06/2026 19:46:15,20/06/2026 08:52:06,,,TTS,Open/Target Collaboration
584592754616796212,1732250928810920156,"Sữa Tắm/Gel Tắm Pháp Le Petit Marseillais Thiên Nhiên 250ml - Sữa Tắm Lưu Hương Lành Tính - Dịu Nhẹ, An Toàn Cho Da","Vani, Standard",1732250914985183452,ST00526,205000,279900,VND,1,Thanh toán khi giao hàng,Đã hủy,hn_2108,Video,7525412657910861063,fixed commission,0,0,0,8,205000,16400,,,,,,,,0,0,18/06/2026 20:12:46,,18/06/2026 20:12:47,,,,TTS,Open/Target Collaboration
584593562883425844,1735910664928920796,Combo 2 Sữa Tắm Nam Le Petit Marseillais 4in1 Cho Tóc Mặt Râu Toàn Thân 250ml,"Gỗ Cam & Dầu Argan , Gỗ Tuyết Tùng Và Dương Xỉ",1735912571878278364,ST01431 + ST01172,343140,575457,VND,1,Thanh toán khi giao hàng,Đang xử lý,lepetitmarseillaisvn,Phát trực tiếp,7652705648937650962,fixed commission,,,,,343140,,,,,,,,,0,0,18/06/2026 21:03:06,20/06/2026 16:01:16,18/06/2026 21:03:07,20/06/2026 16:01:16,,,TTS,Open/Target Collaboration
584593562883425844,1734496604995683548,Xà Phòng Le Petit Marseillais Chính Hãng Bánh Xà Phòng Tắm Thiên Nhiên (Ngẫu nhiên)  1 Bánh,Mặc định,1734496577198523612,1 BÁNH-XP,0,4243,VND,1,Thanh toán khi giao hàng,Đang xử lý,lepetitmarseillaisvn,Phát trực tiếp,7652705648937650962,fixed commission,,,,,0,,,,,,,,,0,0,18/06/2026 21:03:06,20/06/2026 16:01:16,18/06/2026 21:03:07,20/06/2026 16:01:16,,,TTS,Open/Target Collaboration
584593845937144986,1732250928810920156,"Sữa Tắm/Gel Tắm Pháp Le Petit Marseillais Thiên Nhiên 250ml - Sữa Tắm Lưu Hương Lành Tính - Dịu Nhẹ, An Toàn Cho Da","Đào Trắng & Quả Xuân Đào, Standard",1732250914985380060,ST01240,194750,282450,VND,1,Thanh toán khi giao hàng,Đang xử lý,singledadmom.loves,Video,7651914409543060754,fixed commission,,,,8,194750,15580,,,,,,,,0,0,18/06/2026 21:20:29,20/06/2026 19:36:49,18/06/2026 21:20:30,20/06/2026 19:36:49,,23/06/2026 10:13:16,TTS,Open/Target Collaboration
584594174482679155,1731895040715622620,"Sữa Dưỡng Thể Le Petit Marseillais Với Chiết Xuất Bơ Hạt Mỡ, Hạnh Nhân Ngọt & Dầu Argan 300ml Dạng Hũ",Mặc định,1731895040715688156,DT02684,446600,765693,VND,1,Thanh toán khi giao hàng,Đã hủy,lepetitmarseillaisvn,Phát trực tiếp,7652705648937650962,fixed commission,,,,,446600,,,,,,,,,0,0,18/06/2026 21:39:42,,18/06/2026 21:39:43,,,,TTS,Open/Target Collaboration
584594174482679155,1732250760944257244,"Sữa Tắm/Gel Tắm Pháp Le Petit Marseillais Chiết Xuất Thiên Nhiên 650ml - Sữa Tắm Lưu Hương Lành Tính - Dịu Nhẹ, An Toàn Cho Da","Đào Trắng & Quả Xuân Đào, Standard",1732250801269016796,ST01288,304150,540156,VND,1,Thanh toán khi giao hàng,Đã hủy,lepetitmarseillaisvn,Phát trực tiếp,7652705648937650962,fixed commission,,,,,304150,,,,,,,,,0,0,18/06/2026 21:39:42,,18/06/2026 21:39:43,,,,TTS,Open/Target Collaboration
584594174482679155,1732252946339236060,Kem Dưỡng Da Tay Le Petit Marseillais Với Chiết Xuất Bơ Hạt Mỡ Hạnh Nhân Ngọt Và Dầu Argan 75ml,"Bơ Hạt Mỡ, Hạnh Nhân & Dầu Argan, Standard",1732252945388439772,KT18485,192500,327173,VND,1,Thanh toán khi giao hàng,Đã hủy,lepetitmarseillaisvn,Phát trực tiếp,7652705648937650962,fixed commission,,,,,192500,,,,,,,,,0,0,18/06/2026 21:39:42,,18/06/2026 21:39:43,,,,TTS,Open/Target Collaboration
584596026526959133,1734496604995683548,Xà Phòng Le Petit Marseillais Chính Hãng Bánh Xà Phòng Tắm Thiên Nhiên (Ngẫu nhiên)  1 Bánh,Mặc định,1734496577198523612,1 BÁNH-XP,0,2009,VND,1,Thanh toán khi giao hàng,Đang xử lý,ha_thubay,Video,7633274382705642773,fixed commission,,,,,0,,,,,,,,,0,0,19/06/2026 00:13:59,20/06/2026 16:58:08,19/06/2026 00:14:01,20/06/2026 16:58:08,,23/06/2026 08:26:20,TTS,Open/Target Collaboration
584596344147183295,1732251815880067292,"Sữa Tắm Pháp Le Petit Marseillais Cho Nam Chiết Xuất Thiên Nhiên 4in1 Nhiều Mùi Hương Dưỡng Ẩm, Thơm Lâu - Phù Hợp Mọi Loại Da (250ml)","Hương Gỗ Tuyết Tùng & Dương Xỉ, Standard",1732251749141219548,ST01172,205000,279900,VND,1,Thanh toán khi giao hàng,Đã hủy,duongmanhkien19,Video,7578474458705382676,fixed commission,0,0,0,8,205000,16400,,,,,,,,0,0,19/06/2026 01:06:46,,19/06/2026 01:06:48,,,,TTS,Open/Target Collaboration
584597014670509677,1732250760944257244,"Sữa Tắm/Gel Tắm Pháp Le Petit Marseillais Chiết Xuất Thiên Nhiên 650ml - Sữa Tắm Lưu Hương Lành Tính - Dịu Nhẹ, An Toàn Cho Da","Thông & Bạch Đàn Biển, Standard",1732250801268689116,ST01902,323900,541667,VND,1,Không áp dụng thanh toán khi giao hàng,Đang xử lý,ha_thubay,Video,7599664598626618642,fixed commission,,,,8,323900,25912,,,,,,,,0,0,19/06/2026 04:10:05,19/06/2026 04:10:09,19/06/2026 04:10:10,20/06/2026 14:27:31,,23/06/2026 09:46:16,TTS,Open/Target Collaboration
584598865399546917,1732251815880067292,"Sữa Tắm Pháp Le Petit Marseillais Cho Nam Chiết Xuất Thiên Nhiên 4in1 Nhiều Mùi Hương Dưỡng Ẩm, Thơm Lâu - Phù Hợp Mọi Loại Da (250ml)","Hương Gỗ Tuyết Tùng & Dương Xỉ, Standard",1732251749141219548,ST01172,200000,292700,VND,1,Thanh toán khi giao hàng,Đang xử lý,man.trung.737,Video,7595064670482877717,fixed commission,,,,8,200000,16000,,,,,,,,0,0,19/06/2026 08:26:04,21/06/2026 20:55:24,19/06/2026 08:26:05,21/06/2026 20:55:24,,24/06/2026 08:40:20,TTS,Open/Target Collaboration
584599055647278783,1734496604995683548,Xà Phòng Le Petit Marseillais Chính Hãng Bánh Xà Phòng Tắm Thiên Nhiên (Ngẫu nhiên)  1 Bánh,Mặc định,1734496577198523612,1 BÁNH-XP,0,2257,VND,1,Thanh toán khi giao hàng,Đang xử lý,tuinetamne,Chương trình Lưu lượng truy cập bên ngoài,,fixed commission,,,,,0,,,,,,,,,0,0,19/06/2026 08:41:59,20/06/2026 10:26:58,19/06/2026 08:42:00,20/06/2026 10:26:58,,23/06/2026 12:21:06,TTS,Open/Target Collaboration
584599055647278783,1735910664928920796,Combo 2 Sữa Tắm Nam Le Petit Marseillais 4in1 Cho Tóc Mặt Râu Toàn Thân 250ml,"Thông Biển & Bạch Đàn, Gỗ Tuyết Tùng Và Dương Xỉ",1735912571878606044,ST01356 + ST01172,319200,563543,VND,1,Thanh toán khi giao hàng,Đang xử lý,tuinetamne,Chương trình Lưu lượng truy cập bên ngoài,,fixed commission,,,,4,319200,12768,,,,,,,,0,0,19/06/2026 08:41:59,20/06/2026 10:26:58,19/06/2026 08:42:00,20/06/2026 10:26:58,,23/06/2026 12:21:06,TTS,Open/Target Collaboration
584607296256312437,1732250760944257244,"Sữa Tắm/Gel Tắm Pháp Le Petit Marseillais Chiết Xuất Thiên Nhiên 650ml - Sữa Tắm Lưu Hương Lành Tính - Dịu Nhẹ, An Toàn Cho Da","Thông & Bạch Đàn Biển, Standard",1732250801268689116,ST01902,316000,533733,VND,1,Thanh toán khi giao hàng,Đã hoàn thành,office.ez,Trưng bày,,fixed commission,,,,8,316000,25280,0,,,,,,,1,0,19/06/2026 19:08:08,21/06/2026 08:59:53,19/06/2026 19:08:09,21/06/2026 08:59:53,24/06/2026 08:14:25,,TTS,Open/Target Collaboration
584608154861012688,1736140649009153244,"[KOL] Sữa Tắm Nam Le Petit Marseillais 4in1 250ml - Thơm Lâu, Dưỡng Ẩm","Hương Gỗ Tuyết Tùng & Dương Xỉ, Standard",1736140703119410396,ST01172,244800,312000,VND,1,Không áp dụng thanh toán khi giao hàng,Đang xử lý,lepetitmarseillaisvn,Phát trực tiếp,7653076630436399880,fixed commission,,,,,244800,,,,,,,,,0,0,19/06/2026 20:03:49,19/06/2026 20:03:54,19/06/2026 20:03:56,21/06/2026 16:26:24,,,TTS,Open/Target Collaboration
584609172403487749,1732251815880067292,"Sữa Tắm Pháp Le Petit Marseillais Cho Nam Chiết Xuất Thiên Nhiên 4in1 Nhiều Mùi Hương Dưỡng Ẩm, Thơm Lâu - Phù Hợp Mọi Loại Da (250ml)","Hương Gỗ Tuyết Tùng & Dương Xỉ, Standard",1732251749141219548,ST01172,189000,286850,VND,1,Thanh toán khi giao hàng,Đang xử lý,man.trung.737,Video,7595064670482877717,fixed commission,,,,8,189000,15120,,,,,,,,0,0,19/06/2026 21:09:40,22/06/2026 21:01:41,19/06/2026 21:09:43,22/06/2026 21:01:41,,25/06/2026 09:35:00,TTS,Open/Target Collaboration
584609496773068161,1732250928810920156,"Sữa Tắm/Gel Tắm Pháp Le Petit Marseillais Thiên Nhiên 250ml - Sữa Tắm Lưu Hương Lành Tính - Dịu Nhẹ, An Toàn Cho Da","Đào Trắng & Quả Xuân Đào, Standard",1732250914985380060,ST01240,189000,279900,VND,1,Thanh toán khi giao hàng,Đang xử lý,chufoxnef,Video,7496835061581450497,fixed commission,,,,8,189000,15120,,,,,,,,0,0,19/06/2026 21:28:07,21/06/2026 21:33:45,19/06/2026 21:28:09,21/06/2026 21:33:45,,24/06/2026 09:19:05,TTS,Open/Target Collaboration
584609642447209592,1735910664928920796,Combo 2 Sữa Tắm Nam Le Petit Marseillais 4in1 Cho Tóc Mặt Râu Toàn Thân 250ml,"Gỗ Tuyết Tùng Và Dương Xỉ, Gỗ Tuyết Tùng Và Dương Xỉ",1735912571877950684,ST01172 x 2,302400,575457,VND,1,Thanh toán khi giao hàng,Đã hủy,lepetitmarseillaisvn,Phát trực tiếp,7653076630436399880,fixed commission,,,,,302400,,,,,,,,,0,0,19/06/2026 21:38:03,,19/06/2026 21:38:06,,,,TTS,Open/Target Collaboration
584609642447209592,1734496604995683548,Xà Phòng Le Petit Marseillais Chính Hãng Bánh Xà Phòng Tắm Thiên Nhiên (Ngẫu nhiên)  1 Bánh,Mặc định,1734496577198523612,1 BÁNH-XP,0,4243,VND,1,Thanh toán khi giao hàng,Đã hủy,lepetitmarseillaisvn,Phát trực tiếp,7653076630436399880,fixed commission,,,,,0,,,,,,,,,0,0,19/06/2026 21:38:03,,19/06/2026 21:38:06,,,,TTS,Open/Target Collaboration
584609819137312767,1732251815880067292,"Sữa Tắm Pháp Le Petit Marseillais Cho Nam Chiết Xuất Thiên Nhiên 4in1 Nhiều Mùi Hương Dưỡng Ẩm, Thơm Lâu - Phù Hợp Mọi Loại Da (250ml)","Hương Cam & Tinh Dầu Argan, Standard",1732251749141022940,ST01431,205000,287800,VND,1,Thanh toán khi giao hàng,Đang xử lý,duongmanhkien19,Video,7589190858113649928,fixed commission,,,,8,205000,16400,,,,,,,,0,0,19/06/2026 21:50:28,21/06/2026 10:31:12,19/06/2026 21:50:29,21/06/2026 10:31:12,,24/06/2026 11:57:58,TTS,Open/Target Collaboration
584609844895908928,1732250760944257244,"Sữa Tắm/Gel Tắm Pháp Le Petit Marseillais Chiết Xuất Thiên Nhiên 650ml - Sữa Tắm Lưu Hương Lành Tính - Dịu Nhẹ, An Toàn Cho Da","Thông & Bạch Đàn Biển, Standard",1732250801268689116,ST01902,315000,3360305,VND,10,Thanh toán khi giao hàng,Đã hủy,lepetitmarseillaisvn,Phát trực tiếp,7653076630436399880,fixed commission,,,,,3150000,,,,,,,,,0,0,19/06/2026 21:51:04,,19/06/2026 21:51:06,,,,TTS,Open/Target Collaboration
584609996293834634,1734496604995683548,Xà Phòng Le Petit Marseillais Chính Hãng Bánh Xà Phòng Tắm Thiên Nhiên (Ngẫu nhiên)  1 Bánh,Mặc định,1734496577198523612,1 BÁNH-XP,0,2257,VND,1,Không áp dụng thanh toán khi giao hàng,Đang xử lý,lepetitmarseillaisvn,Phát trực tiếp,7653076630436399880,fixed commission,,,,,0,,,,,,,,,0,0,19/06/2026 22:00:53,19/06/2026 22:00:58,19/06/2026 22:01:00,21/06/2026 08:44:03,,,TTS,Open/Target Collaboration
584609996293834634,1735910664928920796,Combo 2 Sữa Tắm Nam Le Petit Marseillais 4in1 Cho Tóc Mặt Râu Toàn Thân 250ml,"Gỗ Tuyết Tùng Và Dương Xỉ, Thông Biển & Bạch Đàn",1735912571878081756,ST01172 + ST01356,309960,563543,VND,1,Không áp dụng thanh toán khi giao hàng,Đang xử lý,lepetitmarseillaisvn,Phát trực tiếp,7653076630436399880,fixed commission,,,,,309960,,,,,,,,,0,0,19/06/2026 22:00:53,19/06/2026 22:00:58,19/06/2026 22:01:00,21/06/2026 08:44:03,,,TTS,Open/Target Collaboration
584610033037838281,1731317167366243548,[Quà tặng không bán] Bông Tắm Tạo Bọt Mềm Mịn,Mặc định,1731317148230255836,BONG TAM HQ,0,5700,VND,1,Thanh toán khi giao hàng,Đang xử lý,lepetitmarseillaisvn,Phát trực tiếp,7653076630436399880,fixed commission,,,,,0,,,,,,,,,0,0,19/06/2026 22:05:51,21/06/2026 20:42:26,19/06/2026 22:05:52,21/06/2026 20:42:26,,,TTS,Open/Target Collaboration
584610033037838281,1732250760944257244,"Sữa Tắm/Gel Tắm Pháp Le Petit Marseillais Chiết Xuất Thiên Nhiên 650ml - Sữa Tắm Lưu Hương Lành Tính - Dịu Nhẹ, An Toàn Cho Da","Thông & Bạch Đàn Biển, Standard",1732250801268689116,ST01902,323300,530400,VND,1,Thanh toán khi giao hàng,Đang xử lý,lepetitmarseillaisvn,Phát trực tiếp,7653076630436399880,fixed commission,,,,,323300,,,,,,,,,0,0,19/06/2026 22:05:51,21/06/2026 20:42:26,19/06/2026 22:05:52,21/06/2026 20:42:26,,,TTS,Open/Target Collaboration
584610232555701441,1734496604995683548,Xà Phòng Le Petit Marseillais Chính Hãng Bánh Xà Phòng Tắm Thiên Nhiên (Ngẫu nhiên)  1 Bánh,Mặc định,1734496577198523612,1 BÁNH-XP,0,2257,VND,1,Không áp dụng thanh toán khi giao hàng,Đang xử lý,lepetitmarseillaisvn,Phát trực tiếp,7653076630436399880,fixed commission,,,,,0,,,,,,,,,0,0,19/06/2026 22:17:43,19/06/2026 22:17:47,19/06/2026 22:17:49,21/06/2026 10:31:22,,,TTS,Open/Target Collaboration
584610232555701441,1735910664928920796,Combo 2 Sữa Tắm Nam Le Petit Marseillais 4in1 Cho Tóc Mặt Râu Toàn Thân 250ml,"Gỗ Cam & Dầu Argan , Thông Biển & Bạch Đàn",1735912571878409436,ST01431 + ST01356,283500,563543,VND,1,Không áp dụng thanh toán khi giao hàng,Đang xử lý,lepetitmarseillaisvn,Phát trực tiếp,7653076630436399880,fixed commission,,,,,283500,,,,,,,,,0,0,19/06/2026 22:17:43,19/06/2026 22:17:47,19/06/2026 22:17:49,21/06/2026 10:31:22,,,TTS,Open/Target Collaboration
584610566675793215,1732250760944257244,"Sữa Tắm/Gel Tắm Pháp Le Petit Marseillais Chiết Xuất Thiên Nhiên 650ml - Sữa Tắm Lưu Hương Lành Tính - Dịu Nhẹ, An Toàn Cho Da","Thông & Bạch Đàn Biển, Standard",1732250801268689116,ST01902,395000,545267,VND,1,Thanh toán khi giao hàng,Đang xử lý,ha_thubay,Video,7599664598626618642,fixed commission,,,,,395000,,,,3,11850,,,,0,0,19/06/2026 22:43:05,21/06/2026 08:55:41,19/06/2026 22:43:07,21/06/2026 08:55:41,,24/06/2026 11:22:40,TTS,Open/Target Collaboration
584610770963891637,1731895040715622620,"Sữa Dưỡng Thể Le Petit Marseillais Với Chiết Xuất Bơ Hạt Mỡ, Hạnh Nhân Ngọt & Dầu Argan 300ml Dạng Hũ",Mặc định,1731895040715688156,DT02684,535000,795800,VND,1,Thanh toán khi giao hàng,Đang xử lý,lepetitmarseillaisvn,Phát trực tiếp,7653076630436399880,fixed commission,,,,,535000,,,,,,,,,0,0,19/06/2026 23:01:01,22/06/2026 20:15:09,19/06/2026 23:01:03,22/06/2026 20:15:09,,,TTS,Open/Target Collaboration
584610824019215966,1732251815880067292,"Sữa Tắm Pháp Le Petit Marseillais Cho Nam Chiết Xuất Thiên Nhiên 4in1 Nhiều Mùi Hương Dưỡng Ẩm, Thơm Lâu - Phù Hợp Mọi Loại Da (250ml)","Hương Thông & Bạch Đàn Biển, Standard",1732251749141154012,ST01356,205000,292700,VND,1,Thanh toán khi giao hàng,Đang xử lý,lepthelittlekid,Video,7594749644052204818,fixed commission,,,,5,205000,10250,,,,,,,,0,0,19/06/2026 23:03:01,21/06/2026 22:25:03,19/06/2026 23:03:04,21/06/2026 22:25:03,,24/06/2026 10:02:53,TTS,Open/Target Collaboration
584611784705148317,1732250760944257244,"Sữa Tắm/Gel Tắm Pháp Le Petit Marseillais Chiết Xuất Thiên Nhiên 650ml - Sữa Tắm Lưu Hương Lành Tính - Dịu Nhẹ, An Toàn Cho Da","Hương Xoài & Chanh Dây, Standard",1732250801268951260,ST68823,343650,540750,VND,1,Thanh toán khi giao hàng,Đang xử lý,mevyan,Video,7650426009980013845,fixed commission,,,,8,343650,27492,,,,,,,,0,0,20/06/2026 00:56:04,22/06/2026 21:27:36,20/06/2026 00:56:06,22/06/2026 21:27:36,,25/06/2026 09:01:12,TTS,Open/Target Collaboration
584611784705148317,1732252961260865756,"Dầu Gội Thiên Nhiên Le Petit Marseillais Nhiều Mùi Hương 250ml Dưỡng Ẩm, Thơm Lâu - Phù Hợp Mọi Loại Da",Trị Gàu 2 In 1 Tinh Dầu Bạc Hà,1732252943759018204,DG74042,234900,360875,VND,1,Thanh toán khi giao hàng,Đang xử lý,mevyan,Video,7650426009980013845,fixed commission,,,,,234900,,,,3,7047,,,,0,0,20/06/2026 00:56:04,22/06/2026 21:27:36,20/06/2026 00:56:06,22/06/2026 21:27:36,,25/06/2026 09:01:12,TTS,Open/Target Collaboration
584614171956446310,1731317167366243548,[Quà tặng không bán] Bông Tắm Tạo Bọt Mềm Mịn,Mặc định,1731317148230255836,BONG TAM HQ,0,9520,VND,1,Thanh toán khi giao hàng,Đang xử lý,lepetitmarseillaisvn,Phát trực tiếp,7653076630436399880,fixed commission,,,,,0,,,,,,,,,0,0,20/06/2026 08:15:28,21/06/2026 13:10:44,20/06/2026 08:15:30,21/06/2026 13:10:44,,,TTS,Open/Target Collaboration
584614171956446310,1732250760944257244,"Sữa Tắm/Gel Tắm Pháp Le Petit Marseillais Chiết Xuất Thiên Nhiên 650ml - Sữa Tắm Lưu Hương Lành Tính - Dịu Nhẹ, An Toàn Cho Da","Đào Trắng & Quả Xuân Đào, Standard",1732250801269016796,ST01288,316000,854040,VND,2,Thanh toán khi giao hàng,Đang xử lý,lepetitmarseillaisvn,Phát trực tiếp,7653076630436399880,fixed commission,,,,,632000,,,,,,,,,0,0,20/06/2026 08:15:28,21/06/2026 13:10:44,20/06/2026 08:15:30,21/06/2026 13:10:44,,,TTS,Open/Target Collaboration
584614321000383627,1732251815880067292,"Sữa Tắm Pháp Le Petit Marseillais Cho Nam Chiết Xuất Thiên Nhiên 4in1 Nhiều Mùi Hương Dưỡng Ẩm, Thơm Lâu - Phù Hợp Mọi Loại Da (250ml)","Hương Thông & Bạch Đàn Biển, Standard",1732251749141154012,ST01356,189000,272000,VND,1,Thanh toán khi giao hàng,Đã hủy,lepthelittlekid,Video,7594749644052204818,fixed commission,0,0,0,5,189000,9450,,,,,,,,0,0,20/06/2026 08:31:14,,20/06/2026 08:31:15,,,,TTS,Open/Target Collaboration
584614419428836436,1732250928810920156,"Sữa Tắm/Gel Tắm Pháp Le Petit Marseillais Thiên Nhiên 250ml - Sữa Tắm Lưu Hương Lành Tính - Dịu Nhẹ, An Toàn Cho Da","Hương Lựu, Standard",1732250914984724700,ST19308,194750,278200,VND,1,Thanh toán khi giao hàng,Đang xử lý,singledadmom.loves,Video,7651914409543060754,fixed commission,,,,8,194750,15580,,,,,,,,0,0,20/06/2026 08:35:02,21/06/2026 16:51:04,20/06/2026 08:35:03,21/06/2026 16:51:04,,24/06/2026 07:47:19,TTS,Open/Target Collaboration
584614687649662440,1735803452711142620,Dầu Xả Cấp Ẩm Le Petit Marseillais Nước Dừa Hữu Cơ 200ml,Mặc định,1735803348866008284,DX74752,132116,350200,VND,1,Không áp dụng thanh toán khi giao hàng,Đang xử lý,iflyad07,Chương trình Lưu lượng truy cập bên ngoài,,fixed commission,,,,4,132116,5285,,,,,,,,0,0,20/06/2026 08:58:26,20/06/2026 08:58:30,20/06/2026 08:58:30,21/06/2026 10:28:37,,24/06/2026 07:29:32,TTS,Open/Target Collaboration
584615754326508720,1734496604995683548,Xà Phòng Le Petit Marseillais Chính Hãng Bánh Xà Phòng Tắm Thiên Nhiên (Ngẫu nhiên)  1 Bánh,Mặc định,1734496577198523612,1 BÁNH-XP,75000,110200,VND,1,Thanh toán khi giao hàng,Đang xử lý,onggiatichcuc79,Video,7652811682032405767,fixed commission,,,,6,75000,4500,,,,,,,,0,0,20/06/2026 10:19:06,22/06/2026 18:53:41,20/06/2026 10:19:07,22/06/2026 18:53:41,,25/06/2026 07:20:12,TTS,Open/Target Collaboration
584616148001522827,1732251815880067292,"Sữa Tắm Pháp Le Petit Marseillais Cho Nam Chiết Xuất Thiên Nhiên 4in1 Nhiều Mùi Hương Dưỡng Ẩm, Thơm Lâu - Phù Hợp Mọi Loại Da (250ml)","Hương Thông & Bạch Đàn Biển, Standard",1732251749141154012,ST01356,189000,272000,VND,1,Không áp dụng thanh toán khi giao hàng,Đang xử lý,lepthelittlekid,Video,7594749644052204818,fixed commission,,,,5,189000,9450,,,,,,,,0,0,20/06/2026 10:47:57,20/06/2026 10:47:59,20/06/2026 10:47:59,21/06/2026 14:26:26,,24/06/2026 11:20:43,TTS,Open/Target Collaboration
584616662437824393,1732250928810920156,"Sữa Tắm/Gel Tắm Pháp Le Petit Marseillais Thiên Nhiên 250ml - Sữa Tắm Lưu Hương Lành Tính - Dịu Nhẹ, An Toàn Cho Da","Hương Lựu, Standard",1732250914984724700,ST19308,174250,276333,VND,1,Thanh toán khi giao hàng,Đang xử lý,minchipfamily2024,Video,7653137436050033940,fixed commission,,,,8,174250,13940,,,,,,,,0,0,20/06/2026 11:26:08,22/06/2026 21:15:32,20/06/2026 11:26:09,22/06/2026 21:15:32,,25/06/2026 08:52:23,TTS,Open/Target Collaboration
584616662437824393,1732250928810920156,"Sữa Tắm/Gel Tắm Pháp Le Petit Marseillais Thiên Nhiên 250ml - Sữa Tắm Lưu Hương Lành Tính - Dịu Nhẹ, An Toàn Cho Da","Bạc Hà, Standard",1732250914984855772,ST92871,174250,450583,VND,2,Thanh toán khi giao hàng,Đang xử lý,minchipfamily2024,Video,7653137436050033940,fixed commission,,,,8,348500,27880,,,,,,,,0,0,20/06/2026 11:26:08,22/06/2026 21:15:32,20/06/2026 11:26:09,22/06/2026 21:15:32,,25/06/2026 08:52:23,TTS,Open/Target Collaboration
584616662437824393,1732250928810920156,"Sữa Tắm/Gel Tắm Pháp Le Petit Marseillais Thiên Nhiên 250ml - Sữa Tắm Lưu Hương Lành Tính - Dịu Nhẹ, An Toàn Cho Da","Hương Bông & Hoa Anh Túc, Standard",1732250914985117916,ST65434,174250,276333,VND,1,Thanh toán khi giao hàng,Đang xử lý,minchipfamily2024,Video,7653137436050033940,fixed commission,,,,8,174250,13940,,,,,,,,0,0,20/06/2026 11:26:08,22/06/2026 21:15:32,20/06/2026 11:26:09,22/06/2026 21:15:32,,25/06/2026 08:52:23,TTS,Open/Target Collaboration
584617647592539160,1734496604995683548,Xà Phòng Le Petit Marseillais Chính Hãng Bánh Xà Phòng Tắm Thiên Nhiên (Ngẫu nhiên)  1 Bánh,Mặc định,1734496577198523612,1 BÁNH-XP,75000,89000,VND,1,Thanh toán khi giao hàng,Đang xử lý,onggiatichcuc79,Video,7653087637540048135,fixed commission,,,,6,75000,4500,,,,,,,,0,0,20/06/2026 12:32:43,21/06/2026 13:28:43,20/06/2026 12:32:45,21/06/2026 13:28:43,,24/06/2026 07:49:29,TTS,Open/Target Collaboration
584617789547709993,1732251815880067292,"Sữa Tắm Pháp Le Petit Marseillais Cho Nam Chiết Xuất Thiên Nhiên 4in1 Nhiều Mùi Hương Dưỡng Ẩm, Thơm Lâu - Phù Hợp Mọi Loại Da (250ml)","Hương Thông & Bạch Đàn Biển, Standard",1732251749141154012,ST01356,174250,280300,VND,1,Thanh toán khi giao hàng,Đang xử lý,duongmanhkien19,Video,7589190858113649928,fixed commission,,,,8,174250,13940,,,,,,,,0,0,20/06/2026 12:40:36,22/06/2026 18:06:49,20/06/2026 12:40:37,22/06/2026 18:06:49,,25/06/2026 08:37:31,TTS,Open/Target Collaboration
584618041619874920,1734496604995683548,Xà Phòng Le Petit Marseillais Chính Hãng Bánh Xà Phòng Tắm Thiên Nhiên (Ngẫu nhiên)  1 Bánh,Mặc định,1734496577198523612,1 BÁNH-XP,75000,105300,VND,1,Thanh toán khi giao hàng,Đang xử lý,onggiatichcuc79,Video,7653087637540048135,fixed commission,,,,6,75000,4500,,,,,,,,0,0,20/06/2026 12:56:53,21/06/2026 22:32:20,20/06/2026 12:56:54,21/06/2026 22:32:20,,24/06/2026 07:24:56,TTS,Open/Target Collaboration
584618312017544461,1732250928810920156,"Sữa Tắm/Gel Tắm Pháp Le Petit Marseillais Thiên Nhiên 250ml - Sữa Tắm Lưu Hương Lành Tính - Dịu Nhẹ, An Toàn Cho Da","Quả Mâm Xôi & Hoa Mẫu Đơn, Standard",1732250914985052380,ST48441,190000,286850,VND,1,Thanh toán khi giao hàng,Đang xử lý,kinkechillchill,Video,7572051007237115154,fixed commission,,,,8,190000,15200,,,,,,,,0,0,20/06/2026 13:17:11,21/06/2026 18:53:04,20/06/2026 13:17:13,21/06/2026 18:53:04,,24/06/2026 08:27:38,TTS,Open/Target Collaboration
584619367028851877,1732250928810920156,"Sữa Tắm/Gel Tắm Pháp Le Petit Marseillais Thiên Nhiên 250ml - Sữa Tắm Lưu Hương Lành Tính - Dịu Nhẹ, An Toàn Cho Da","Hương Bông & Hoa Anh Túc, Standard",1732250914985117916,ST65434,194750,289909,VND,1,Thanh toán khi giao hàng,Đang xử lý,singledadmom.loves,Video,7651914409543060754,fixed commission,,,,8,194750,15580,,,,,,,,0,0,20/06/2026 14:33:39,21/06/2026 11:40:14,20/06/2026 14:33:41,21/06/2026 11:40:14,,24/06/2026 08:34:18,TTS,Open/Target Collaboration
584619367028851877,1732250928810920156,"Sữa Tắm/Gel Tắm Pháp Le Petit Marseillais Thiên Nhiên 250ml - Sữa Tắm Lưu Hương Lành Tính - Dịu Nhẹ, An Toàn Cho Da","Vani, Standard",1732250914985183452,ST00526,194750,289909,VND,1,Thanh toán khi giao hàng,Đang xử lý,singledadmom.loves,Video,7651914409543060754,fixed commission,,,,8,194750,15580,,,,,,,,0,0,20/06/2026 14:33:39,21/06/2026 11:40:14,20/06/2026 14:33:41,21/06/2026 11:40:14,,24/06/2026 08:34:18,TTS,Open/Target Collaboration
584619802096272948,1734496604995683548,Xà Phòng Le Petit Marseillais Chính Hãng Bánh Xà Phòng Tắm Thiên Nhiên (Ngẫu nhiên)  1 Bánh,Mặc định,1734496577198523612,1 BÁNH-XP,75000,89000,VND,1,Không áp dụng thanh toán khi giao hàng,Đang xử lý,mythi_fr,Video,7634970118833081620,fixed commission,,,,6,75000,4500,,,,,,,,0,0,20/06/2026 15:08:54,20/06/2026 15:09:00,20/06/2026 15:09:01,21/06/2026 11:19:12,,24/06/2026 07:10:41,TTS,Open/Target Collaboration
584621624706893661,1732250760944257244,"Sữa Tắm/Gel Tắm Pháp Le Petit Marseillais Chiết Xuất Thiên Nhiên 650ml - Sữa Tắm Lưu Hương Lành Tính - Dịu Nhẹ, An Toàn Cho Da","Thông & Bạch Đàn Biển, Standard",1732250801268689116,ST01902,395000,530400,VND,1,Thanh toán khi giao hàng,Đang xử lý,ha_thubay,Video,7599664598626618642,fixed commission,,,,,395000,,,,3,11850,,,,0,0,20/06/2026 17:30:20,23/06/2026 21:05:25,20/06/2026 17:30:21,23/06/2026 21:05:25,,26/06/2026 10:11:08,TTS,Open/Target Collaboration
584621686402746213,1732250928810920156,"Sữa Tắm/Gel Tắm Pháp Le Petit Marseillais Thiên Nhiên 250ml - Sữa Tắm Lưu Hương Lành Tính - Dịu Nhẹ, An Toàn Cho Da","Quả Mâm Xôi & Hoa Mẫu Đơn, Standard",1732250914985052380,ST48441,205000,279900,VND,1,Thanh toán khi giao hàng,Đang xử lý,nchihai02_,Chương trình Lưu lượng truy cập bên ngoài,,fixed commission,,,,8,205000,16400,,,,,,,,0,0,20/06/2026 17:30:39,23/06/2026 20:59:08,20/06/2026 17:30:40,23/06/2026 20:59:08,,26/06/2026 09:20:32,TTS,Open/Target Collaboration
584623505043391824,1735734318844052700,"[KOL huynhdangthong x LPM] Sữa Tắm/Gel Tắm Pháp Le Petit Marseillais Chiết Xuất Thiên Nhiên 650ml - Sữa Tắm Lưu Hương Lành Tính - Dịu Nhẹ, An Toàn Cho Da","Hương Xoài & Chanh Dây, Standard",1735734212754769116,ST68823,291750,531214,VND,1,Thanh toán khi giao hàng,Đang xử lý,huynhdangthong,Phát trực tiếp,7653454990203194128,fixed commission,,,,7,291750,20423,,,,,,,,0,0,20/06/2026 19:41:49,23/06/2026 09:07:02,20/06/2026 19:41:50,23/06/2026 09:07:02,,26/06/2026 07:44:42,TTS,Open/Target Collaboration
584623507154634104,1735734318844052700,"[KOL huynhdangthong x LPM] Sữa Tắm/Gel Tắm Pháp Le Petit Marseillais Chiết Xuất Thiên Nhiên 650ml - Sữa Tắm Lưu Hương Lành Tính - Dịu Nhẹ, An Toàn Cho Da","Dừa, Standard",1735734212754965724,ST06999,291750,547143,VND,1,Thanh toán khi giao hàng,Đã hủy,huynhdangthong,Phát trực tiếp,7653454990203194128,fixed commission,0,0,0,7,291750,20423,,,,,,,,0,0,20/06/2026 19:42:17,,20/06/2026 19:42:18,,,,TTS,Open/Target Collaboration
584623507612140758,1735734318844052700,"[KOL huynhdangthong x LPM] Sữa Tắm/Gel Tắm Pháp Le Petit Marseillais Chiết Xuất Thiên Nhiên 650ml - Sữa Tắm Lưu Hương Lành Tính - Dịu Nhẹ, An Toàn Cho Da","Đào Trắng & Quả Xuân Đào, Standard",1735734212754834652,ST01288,291750,543286,VND,1,Thanh toán khi giao hàng,Đã hủy,huynhdangthong,Phát trực tiếp,7653454990203194128,fixed commission,0,0,0,7,291750,20423,,,,,,,,0,0,20/06/2026 19:42:22,,20/06/2026 19:42:23,,,,TTS,Open/Target Collaboration
584623583801083047,1735734318844052700,"[KOL huynhdangthong x LPM] Sữa Tắm/Gel Tắm Pháp Le Petit Marseillais Chiết Xuất Thiên Nhiên 650ml - Sữa Tắm Lưu Hương Lành Tính - Dịu Nhẹ, An Toàn Cho Da","Thông & Bạch Đàn Biển, Standard",1735734212754506972,ST01902,291750,558571,VND,1,Thanh toán khi giao hàng,Đã hủy,huynhdangthong,Phát trực tiếp,7653454990203194128,fixed commission,0,0,0,7,291750,20423,,,,,,,,0,0,20/06/2026 19:42:44,,20/06/2026 19:42:46,,,,TTS,Open/Target Collaboration
584623506656166960,1735734318844052700,"[KOL huynhdangthong x LPM] Sữa Tắm/Gel Tắm Pháp Le Petit Marseillais Chiết Xuất Thiên Nhiên 650ml - Sữa Tắm Lưu Hương Lành Tính - Dịu Nhẹ, An Toàn Cho Da","Quả Mơ & Hạt Phỉ, Standard",1735734212755293404,ST00809,291750,558571,VND,1,Thanh toán khi giao hàng,Đã hủy,huynhdangthong,Phát trực tiếp,7653454990203194128,fixed commission,0,0,0,7,291750,20423,,,,,,,,0,0,20/06/2026 19:42:52,,20/06/2026 19:42:53,,,,TTS,Open/Target Collaboration
584623493987075572,1735734318844052700,"[KOL huynhdangthong x LPM] Sữa Tắm/Gel Tắm Pháp Le Petit Marseillais Chiết Xuất Thiên Nhiên 650ml - Sữa Tắm Lưu Hương Lành Tính - Dịu Nhẹ, An Toàn Cho Da","Hoa Tiare, Standard",1735734212754703580,ST68816,291750,553714,VND,1,Thanh toán khi giao hàng,Đang xử lý,huynhdangthong,Phát trực tiếp,7653454990203194128,fixed commission,,,,7,291750,20423,,,,,,,,0,0,20/06/2026 19:42:55,23/06/2026 17:32:20,20/06/2026 19:42:56,23/06/2026 17:32:20,,26/06/2026 07:12:31,TTS,Open/Target Collaboration
584623481541920702,1735734318844052700,"[KOL huynhdangthong x LPM] Sữa Tắm/Gel Tắm Pháp Le Petit Marseillais Chiết Xuất Thiên Nhiên 650ml - Sữa Tắm Lưu Hương Lành Tính - Dịu Nhẹ, An Toàn Cho Da","Dừa, Standard",1735734212754965724,ST06999,291750,549429,VND,1,Thanh toán khi giao hàng,Đã hủy,huynhdangthong,Phát trực tiếp,7653454990203194128,fixed commission,0,0,0,7,291750,20423,,,,,,,,0,0,20/06/2026 19:43:18,,20/06/2026 19:43:21,,,,TTS,Open/Target Collaboration
584623629343885241,1735734318844052700,"[KOL huynhdangthong x LPM] Sữa Tắm/Gel Tắm Pháp Le Petit Marseillais Chiết Xuất Thiên Nhiên 650ml - Sữa Tắm Lưu Hương Lành Tính - Dịu Nhẹ, An Toàn Cho Da","Hoa Tiare, Standard",1735734212754703580,ST68816,291750,531214,VND,1,Thanh toán khi giao hàng,Đang xử lý,huynhdangthong,Phát trực tiếp,7653454990203194128,fixed commission,,,,7,291750,20423,,,,,,,,0,0,20/06/2026 19:44:13,23/06/2026 18:27:24,20/06/2026 19:44:14,23/06/2026 18:27:24,,26/06/2026 09:00:05,TTS,Open/Target Collaboration
584623629307708583,1735734318844052700,"[KOL huynhdangthong x LPM] Sữa Tắm/Gel Tắm Pháp Le Petit Marseillais Chiết Xuất Thiên Nhiên 650ml - Sữa Tắm Lưu Hương Lành Tính - Dịu Nhẹ, An Toàn Cho Da","Hoa Tiare, Standard",1735734212754703580,ST68816,291750,558571,VND,1,Thanh toán khi giao hàng,Đã hủy,huynhdangthong,Phát trực tiếp,7653454990203194128,fixed commission,0,0,0,7,291750,20423,,,,,,,,0,0,20/06/2026 19:44:18,,20/06/2026 19:44:20,,,,TTS,Open/Target Collaboration
584623512106206547,1735791362076869852,Sữa Tắm Dạng Kem Le Petit Marseillais Bông Và Hoa Anh Túc 250ml  92% Thiên Nhiên Siêu Dịu Nhẹ,Mặc định,1735791937064830172,ST65434,0,15829,VND,1,Thanh toán khi giao hàng,Đang xử lý,iflyad07,Chương trình Lưu lượng truy cập bên ngoài,,fixed commission,,,,,0,,,,,,,,,0,0,20/06/2026 19:44:43,23/06/2026 15:54:35,20/06/2026 19:44:47,23/06/2026 15:54:35,,26/06/2026 13:21:20,TTS,Open/Target Collaboration
584623512106206547,1735734318844052700,"[KOL huynhdangthong x LPM] Sữa Tắm/Gel Tắm Pháp Le Petit Marseillais Chiết Xuất Thiên Nhiên 650ml - Sữa Tắm Lưu Hương Lành Tính - Dịu Nhẹ, An Toàn Cho Da","Hoa Tiare, Standard",1735734212754703580,ST68816,291750,558571,VND,1,Thanh toán khi giao hàng,Đang xử lý,huynhdangthong,Phát trực tiếp,7653454990203194128,fixed commission,,,,7,291750,20423,,,,,,,,0,0,20/06/2026 19:44:43,23/06/2026 15:54:35,20/06/2026 19:44:47,23/06/2026 15:54:35,,26/06/2026 13:21:20,TTS,Open/Target Collaboration
584623630917010855,1735734318844052700,"[KOL huynhdangthong x LPM] Sữa Tắm/Gel Tắm Pháp Le Petit Marseillais Chiết Xuất Thiên Nhiên 650ml - Sữa Tắm Lưu Hương Lành Tính - Dịu Nhẹ, An Toàn Cho Da","Hoa Tiare, Standard",1735734212754703580,ST68816,291750,543286,VND,1,Thanh toán khi giao hàng,Đã hủy,huynhdangthong,Phát trực tiếp,7653454990203194128,fixed commission,0,0,0,7,291750,20423,,,,,,,,0,0,20/06/2026 19:44:44,,20/06/2026 19:44:45,,,,TTS,Open/Target Collaboration
584623629597312953,1732251815880067292,"Sữa Tắm Pháp Le Petit Marseillais Cho Nam Chiết Xuất Thiên Nhiên 4in1 Nhiều Mùi Hương Dưỡng Ẩm, Thơm Lâu - Phù Hợp Mọi Loại Da (250ml)","Hương Gỗ Tuyết Tùng & Dương Xỉ, Standard",1732251749141219548,ST01172,180400,279900,VND,1,Thanh toán khi giao hàng,Đang xử lý,huynhdangthong,Phát trực tiếp,7653454990203194128,fixed commission,,,,7,180400,12628,,,,,,,,0,0,20/06/2026 19:44:46,23/06/2026 18:27:25,20/06/2026 19:44:47,23/06/2026 18:27:25,,26/06/2026 08:52:24,TTS,Open/Target Collaboration
584623483146306657,1735791362076869852,Sữa Tắm Dạng Kem Le Petit Marseillais Bông Và Hoa Anh Túc 250ml  92% Thiên Nhiên Siêu Dịu Nhẹ,Mặc định,1735791937064830172,ST65434,0,11257,VND,1,Thanh toán khi giao hàng,Đang xử lý,reviewsanpham.com,Chương trình Lưu lượng truy cập bên ngoài,,fixed commission,,,,,0,,,,,,,,,0,0,20/06/2026 19:44:49,23/06/2026 11:56:28,20/06/2026 19:44:50,23/06/2026 11:56:28,,26/06/2026 08:55:46,TTS,Open/Target Collaboration
584623483146306657,1735734318844052700,"[KOL huynhdangthong x LPM] Sữa Tắm/Gel Tắm Pháp Le Petit Marseillais Chiết Xuất Thiên Nhiên 650ml - Sữa Tắm Lưu Hương Lành Tính - Dịu Nhẹ, An Toàn Cho Da","Hoa Tiare, Standard",1735734212754703580,ST68816,291750,547143,VND,1,Thanh toán khi giao hàng,Đang xử lý,huynhdangthong,Phát trực tiếp,7653454990203194128,fixed commission,,,,7,291750,20423,,,,,,,,0,0,20/06/2026 19:44:49,23/06/2026 11:56:28,20/06/2026 19:44:50,23/06/2026 11:56:28,,26/06/2026 08:55:46,TTS,Open/Target Collaboration
584623553224476493,1735734318844052700,"[KOL huynhdangthong x LPM] Sữa Tắm/Gel Tắm Pháp Le Petit Marseillais Chiết Xuất Thiên Nhiên 650ml - Sữa Tắm Lưu Hương Lành Tính - Dịu Nhẹ, An Toàn Cho Da","Hoa Tiare, Standard",1735734212754703580,ST68816,330650,534786,VND,1,Thanh toán khi giao hàng,Đang xử lý,huynhdangthong,Phát trực tiếp,7653454990203194128,fixed commission,,,,7,330650,23146,,,,,,,,0,0,20/06/2026 19:44:53,23/06/2026 12:53:04,20/06/2026 19:44:55,23/06/2026 12:53:04,,26/06/2026 10:25:02,TTS,Open/Target Collaboration
584623527947109781,1735734318844052700,"[KOL huynhdangthong x LPM] Sữa Tắm/Gel Tắm Pháp Le Petit Marseillais Chiết Xuất Thiên Nhiên 650ml - Sữa Tắm Lưu Hương Lành Tính - Dịu Nhẹ, An Toàn Cho Da","Hoa Tiare, Standard",1735734212754703580,ST68816,291750,547143,VND,1,Thanh toán khi giao hàng,Đang xử lý,huynhdangthong,Phát trực tiếp,7653454990203194128,fixed commission,,,,7,291750,20423,,,,,,,,0,0,20/06/2026 19:44:55,23/06/2026 09:22:17,20/06/2026 19:45:32,23/06/2026 09:22:17,,26/06/2026 09:54:46,TTS,Open/Target Collaboration
584623513277793828,1735734318844052700,"[KOL huynhdangthong x LPM] Sữa Tắm/Gel Tắm Pháp Le Petit Marseillais Chiết Xuất Thiên Nhiên 650ml - Sữa Tắm Lưu Hương Lành Tính - Dịu Nhẹ, An Toàn Cho Da","Hoa Tiare, Standard",1735734212754703580,ST68816,291750,553714,VND,1,Thanh toán khi giao hàng,Đang xử lý,huynhdangthong,Phát trực tiếp,7653454990203194128,fixed commission,,,,7,291750,20423,,,,,,,,0,0,20/06/2026 19:45:12,23/06/2026 18:25:17,20/06/2026 19:45:13,23/06/2026 18:25:17,,26/06/2026 08:09:45,TTS,Open/Target Collaboration
584623513277793828,1735791362076869852,Sữa Tắm Dạng Kem Le Petit Marseillais Bông Và Hoa Anh Túc 250ml  92% Thiên Nhiên Siêu Dịu Nhẹ,Mặc định,1735791937064830172,ST65434,0,13886,VND,1,Thanh toán khi giao hàng,Đang xử lý,meboiboigaogao,Chương trình Lưu lượng truy cập bên ngoài,,fixed commission,,,,,0,,,,,,,,,0,0,20/06/2026 19:45:12,23/06/2026 18:25:17,20/06/2026 19:45:13,23/06/2026 18:25:17,,26/06/2026 08:09:45,TTS,Open/Target Collaboration
584623585387316993,1735734318844052700,"[KOL huynhdangthong x LPM] Sữa Tắm/Gel Tắm Pháp Le Petit Marseillais Chiết Xuất Thiên Nhiên 650ml - Sữa Tắm Lưu Hương Lành Tính - Dịu Nhẹ, An Toàn Cho Da","Hoa Tiare, Standard",1735734212754703580,ST68816,291750,547143,VND,1,Thanh toán khi giao hàng,Đang xử lý,huynhdangthong,Phát trực tiếp,7653454990203194128,fixed commission,,,,7,291750,20423,,,,,,,,0,0,20/06/2026 19:45:18,23/06/2026 11:23:24,20/06/2026 19:45:19,23/06/2026 11:23:24,,26/06/2026 09:02:17,TTS,Open/Target Collaboration
584623585387316993,1735791362076869852,Sữa Tắm Dạng Kem Le Petit Marseillais Bông Và Hoa Anh Túc 250ml  92% Thiên Nhiên Siêu Dịu Nhẹ,Mặc định,1735791937064830172,ST65434,0,11257,VND,1,Thanh toán khi giao hàng,Đang xử lý,bichchaust0ve,Chương trình Lưu lượng truy cập bên ngoài,,fixed commission,,,,,0,,,,,,,,,0,0,20/06/2026 19:45:18,23/06/2026 11:23:24,20/06/2026 19:45:19,23/06/2026 11:23:24,,26/06/2026 09:02:17,TTS,Open/Target Collaboration
584623571990185369,1735734318844052700,"[KOL huynhdangthong x LPM] Sữa Tắm/Gel Tắm Pháp Le Petit Marseillais Chiết Xuất Thiên Nhiên 650ml - Sữa Tắm Lưu Hương Lành Tính - Dịu Nhẹ, An Toàn Cho Da","Hoa Tiare, Standard",1735734212754703580,ST68816,291750,547143,VND,1,Thanh toán khi giao hàng,Đã hủy,huynhdangthong,Phát trực tiếp,7653454990203194128,fixed commission,0,0,0,7,291750,20423,,,,,,,,0,0,20/06/2026 19:45:33,,20/06/2026 19:45:36,,,,TTS,Open/Target Collaboration
584623543866983539,1735734318844052700,"[KOL huynhdangthong x LPM] Sữa Tắm/Gel Tắm Pháp Le Petit Marseillais Chiết Xuất Thiên Nhiên 650ml - Sữa Tắm Lưu Hương Lành Tính - Dịu Nhẹ, An Toàn Cho Da","Hoa Tiare, Standard",1735734212754703580,ST68816,286750,531214,VND,1,Thanh toán khi giao hàng,Đã hủy,huynhdangthong,Phát trực tiếp,7653454990203194128,fixed commission,0,0,0,7,286750,20073,,,,,,,,0,0,20/06/2026 19:46:09,,20/06/2026 19:46:10,,,,TTS,Open/Target Collaboration
584623516777219591,1735734318844052700,"[KOL huynhdangthong x LPM] Sữa Tắm/Gel Tắm Pháp Le Petit Marseillais Chiết Xuất Thiên Nhiên 650ml - Sữa Tắm Lưu Hương Lành Tính - Dịu Nhẹ, An Toàn Cho Da","Hoa Tiare, Standard",1735734212754703580,ST68816,291750,531214,VND,1,Thanh toán khi giao hàng,Đã hủy,huynhdangthong,Phát trực tiếp,7653454990203194128,fixed commission,0,0,0,7,291750,20423,,,,,,,,0,0,20/06/2026 19:46:26,,20/06/2026 19:46:28,,,,TTS,Open/Target Collaboration
584623544570512723,1735734318844052700,"[KOL huynhdangthong x LPM] Sữa Tắm/Gel Tắm Pháp Le Petit Marseillais Chiết Xuất Thiên Nhiên 650ml - Sữa Tắm Lưu Hương Lành Tính - Dịu Nhẹ, An Toàn Cho Da","Hoa Tiare, Standard",1735734212754703580,ST68816,311200,558571,VND,1,Thanh toán khi giao hàng,Đã hủy,huynhdangthong,Phát trực tiếp,7653454990203194128,fixed commission,0,0,0,7,311200,21784,,,,,,,,0,0,20/06/2026 19:46:28,,20/06/2026 19:46:31,,,,TTS,Open/Target Collaboration
584623614789256945,1735734318844052700,"[KOL huynhdangthong x LPM] Sữa Tắm/Gel Tắm Pháp Le Petit Marseillais Chiết Xuất Thiên Nhiên 650ml - Sữa Tắm Lưu Hương Lành Tính - Dịu Nhẹ, An Toàn Cho Da","Đào Trắng & Quả Xuân Đào, Standard",1735734212754834652,ST01288,291750,531214,VND,1,Thanh toán khi giao hàng,Đã hủy,huynhdangthong,Phát trực tiếp,7653454990203194128,fixed commission,0,0,0,7,291750,20423,,,,,,,,0,0,20/06/2026 19:46:37,,20/06/2026 19:46:38,,,,TTS,Open/Target Collaboration
584623545779455782,1735734318844052700,"[KOL huynhdangthong x LPM] Sữa Tắm/Gel Tắm Pháp Le Petit Marseillais Chiết Xuất Thiên Nhiên 650ml - Sữa Tắm Lưu Hương Lành Tính - Dịu Nhẹ, An Toàn Cho Da","Hoa Tiare, Standard",1735734212754703580,ST68816,283250,531214,VND,1,Thanh toán khi giao hàng,Đang xử lý,huynhdangthong,Phát trực tiếp,7653454990203194128,fixed commission,,,,7,283250,19828,,,,,,,,0,0,20/06/2026 19:47:04,23/06/2026 18:41:33,20/06/2026 19:47:06,23/06/2026 18:41:33,,26/06/2026 10:16:19,TTS,Open/Target Collaboration
584623545779455782,1735791362076869852,Sữa Tắm Dạng Kem Le Petit Marseillais Bông Và Hoa Anh Túc 250ml  92% Thiên Nhiên Siêu Dịu Nhẹ,Mặc định,1735791937064830172,ST65434,0,4886,VND,1,Thanh toán khi giao hàng,Đang xử lý,tahienhrsnr2,Chương trình Lưu lượng truy cập bên ngoài,,fixed commission,,,,,0,,,,,,,,,0,0,20/06/2026 19:47:04,23/06/2026 18:41:33,20/06/2026 19:47:06,23/06/2026 18:41:33,,26/06/2026 10:16:19,TTS,Open/Target Collaboration
584623648427770925,1735791362076869852,Sữa Tắm Dạng Kem Le Petit Marseillais Bông Và Hoa Anh Túc 250ml  92% Thiên Nhiên Siêu Dịu Nhẹ,Mặc định,1735791937064830172,ST65434,0,4886,VND,1,Thanh toán khi giao hàng,Đang xử lý,ecomobipassiovietnam,Chương trình Lưu lượng truy cập bên ngoài,,fixed commission,,,,,0,,,,,,,,,0,0,20/06/2026 19:47:36,23/06/2026 13:38:08,20/06/2026 19:47:37,23/06/2026 13:38:08,,26/06/2026 09:53:34,TTS,Open/Target Collaboration
584623648427770925,1735734318844052700,"[KOL huynhdangthong x LPM] Sữa Tắm/Gel Tắm Pháp Le Petit Marseillais Chiết Xuất Thiên Nhiên 650ml - Sữa Tắm Lưu Hương Lành Tính - Dịu Nhẹ, An Toàn Cho Da","Thông & Bạch Đàn Biển, Standard",1735734212754506972,ST01902,291750,531214,VND,1,Thanh toán khi giao hàng,Đang xử lý,huynhdangthong,Phát trực tiếp,7653454990203194128,fixed commission,,,,7,291750,20423,,,,,,,,0,0,20/06/2026 19:47:36,23/06/2026 13:38:08,20/06/2026 19:47:37,23/06/2026 13:38:08,,26/06/2026 09:53:34,TTS,Open/Target Collaboration
584623548425667623,1735734318844052700,"[KOL huynhdangthong x LPM] Sữa Tắm/Gel Tắm Pháp Le Petit Marseillais Chiết Xuất Thiên Nhiên 650ml - Sữa Tắm Lưu Hương Lành Tính - Dịu Nhẹ, An Toàn Cho Da","Thông & Bạch Đàn Biển, Standard",1735734212754506972,ST01902,291750,531143,VND,1,Thanh toán khi giao hàng,Đã hủy,huynhdangthong,Phát trực tiếp,7653454990203194128,fixed commission,0,0,0,7,291750,20423,,,,,,,,0,0,20/06/2026 19:47:53,,20/06/2026 19:47:56,,,,TTS,Open/Target Collaboration
584623615581128419,1735734318844052700,"[KOL huynhdangthong x LPM] Sữa Tắm/Gel Tắm Pháp Le Petit Marseillais Chiết Xuất Thiên Nhiên 650ml - Sữa Tắm Lưu Hương Lành Tính - Dịu Nhẹ, An Toàn Cho Da","Đào Trắng & Quả Xuân Đào, Standard",1735734212754834652,ST01288,291750,543286,VND,1,Thanh toán khi giao hàng,Đang xử lý,huynhdangthong,Phát trực tiếp,7653454990203194128,fixed commission,,,,7,291750,20423,,,,,,,,0,0,20/06/2026 19:48:02,23/06/2026 17:54:58,20/06/2026 19:48:03,23/06/2026 17:54:58,,26/06/2026 13:28:11,TTS,Open/Target Collaboration
584623592435189022,1735734318844052700,"[KOL huynhdangthong x LPM] Sữa Tắm/Gel Tắm Pháp Le Petit Marseillais Chiết Xuất Thiên Nhiên 650ml - Sữa Tắm Lưu Hương Lành Tính - Dịu Nhẹ, An Toàn Cho Da","Hoa Tiare, Standard",1735734212754703580,ST68816,291750,531214,VND,1,Thanh toán khi giao hàng,Đang xử lý,huynhdangthong,Phát trực tiếp,7653454990203194128,fixed commission,,,,7,291750,20423,,,,,,,,0,0,20/06/2026 19:48:27,23/06/2026 16:33:17,20/06/2026 19:48:29,23/06/2026 16:33:17,,26/06/2026 11:02:12,TTS,Open/Target Collaboration
584623590490080417,1735734318844052700,"[KOL huynhdangthong x LPM] Sữa Tắm/Gel Tắm Pháp Le Petit Marseillais Chiết Xuất Thiên Nhiên 650ml - Sữa Tắm Lưu Hương Lành Tính - Dịu Nhẹ, An Toàn Cho Da","Hoa Tiare, Standard",1735734212754703580,ST68816,291750,531214,VND,1,Không áp dụng thanh toán khi giao hàng,Đang xử lý,huynhdangthong,Phát trực tiếp,7653454990203194128,fixed commission,,,,7,291750,20423,,,,,,,,0,0,20/06/2026 19:48:30,20/06/2026 19:48:35,20/06/2026 19:48:38,23/06/2026 08:27:17,,26/06/2026 08:31:30,TTS,Open/Target Collaboration
584623618769847882,1735734318844052700,"[KOL huynhdangthong x LPM] Sữa Tắm/Gel Tắm Pháp Le Petit Marseillais Chiết Xuất Thiên Nhiên 650ml - Sữa Tắm Lưu Hương Lành Tính - Dịu Nhẹ, An Toàn Cho Da","Hoa Tiare, Standard",1735734212754703580,ST68816,291750,519000,VND,1,Thanh toán khi giao hàng,Đang xử lý,huynhdangthong,Phát trực tiếp,7653454990203194128,fixed commission,,,,7,291750,20423,,,,,,,,0,0,20/06/2026 19:48:33,23/06/2026 20:15:10,20/06/2026 19:48:35,23/06/2026 20:15:10,,26/06/2026 11:43:07,TTS,Open/Target Collaboration
584623616646284748,1735734318844052700,"[KOL huynhdangthong x LPM] Sữa Tắm/Gel Tắm Pháp Le Petit Marseillais Chiết Xuất Thiên Nhiên 650ml - Sữa Tắm Lưu Hương Lành Tính - Dịu Nhẹ, An Toàn Cho Da","Hoa Tiare, Standard",1735734212754703580,ST68816,291750,550643,VND,1,Thanh toán khi giao hàng,Đã hủy,huynhdangthong,Phát trực tiếp,7653454990203194128,fixed commission,0,0,0,7,291750,20423,,,,,,,,0,0,20/06/2026 19:48:35,,20/06/2026 19:48:37,,,,TTS,Open/Target Collaboration
584623617577420123,1735734318844052700,"[KOL huynhdangthong x LPM] Sữa Tắm/Gel Tắm Pháp Le Petit Marseillais Chiết Xuất Thiên Nhiên 650ml - Sữa Tắm Lưu Hương Lành Tính - Dịu Nhẹ, An Toàn Cho Da","Hoa Tiare, Standard",1735734212754703580,ST68816,291750,547143,VND,1,Thanh toán khi giao hàng,Đã hoàn thành,huynhdangthong,Phát trực tiếp,7653454990203194128,fixed commission,,,,7,291750,20423,0,,,,,,,1,0,20/06/2026 19:48:38,23/06/2026 14:53:21,20/06/2026 19:48:39,23/06/2026 14:53:21,28/06/2026 16:24:09,,TTS,Open/Target Collaboration
584623577940592135,1735734318844052700,"[KOL huynhdangthong x LPM] Sữa Tắm/Gel Tắm Pháp Le Petit Marseillais Chiết Xuất Thiên Nhiên 650ml - Sữa Tắm Lưu Hương Lành Tính - Dịu Nhẹ, An Toàn Cho Da","Hoa Cam, Standard",1735734212755096796,ST39109,291750,531214,VND,1,Thanh toán khi giao hàng,Đang xử lý,huynhdangthong,Phát trực tiếp,7653454990203194128,fixed commission,,,,7,291750,20423,,,,,,,,0,0,20/06/2026 19:48:39,23/06/2026 10:28:57,20/06/2026 19:48:42,23/06/2026 10:28:57,,26/06/2026 13:03:07,TTS,Open/Target Collaboration
584623578139690759,1735791362076869852,Sữa Tắm Dạng Kem Le Petit Marseillais Bông Và Hoa Anh Túc 250ml  92% Thiên Nhiên Siêu Dịu Nhẹ,Mặc định,1735791937064830172,ST65434,0,11257,VND,1,Thanh toán khi giao hàng,Đang xử lý,ecomobipassiovietnam,Chương trình Lưu lượng truy cập bên ngoài,,fixed commission,,,,,0,,,,,,,,,0,0,20/06/2026 19:48:40,23/06/2026 11:04:07,20/06/2026 19:48:41,23/06/2026 11:04:07,,26/06/2026 12:13:07,TTS,Open/Target Collaboration
584623578139690759,1735734318844052700,"[KOL huynhdangthong x LPM] Sữa Tắm/Gel Tắm Pháp Le Petit Marseillais Chiết Xuất Thiên Nhiên 650ml - Sữa Tắm Lưu Hương Lành Tính - Dịu Nhẹ, An Toàn Cho Da","Hoa Tiare, Standard",1735734212754703580,ST68816,291750,547143,VND,1,Thanh toán khi giao hàng,Đang xử lý,huynhdangthong,Phát trực tiếp,7653454990203194128,fixed commission,,,,7,291750,20423,,,,,,,,0,0,20/06/2026 19:48:40,23/06/2026 11:04:07,20/06/2026 19:48:41,23/06/2026 11:04:07,,26/06/2026 12:13:07,TTS,Open/Target Collaboration
584623566511179062,1735734318844052700,"[KOL huynhdangthong x LPM] Sữa Tắm/Gel Tắm Pháp Le Petit Marseillais Chiết Xuất Thiên Nhiên 650ml - Sữa Tắm Lưu Hương Lành Tính - Dịu Nhẹ, An Toàn Cho Da","Đào Trắng & Quả Xuân Đào, Standard",1735734212754834652,ST01288,291750,543286,VND,1,Thanh toán khi giao hàng,Đang xử lý,huynhdangthong,Phát trực tiếp,7653454990203194128,fixed commission,,,,7,291750,20423,,,,,,,,0,0,20/06/2026 19:49:07,23/06/2026 15:09:09,20/06/2026 19:49:08,23/06/2026 15:09:09,,26/06/2026 10:37:27,TTS,Open/Target Collaboration
584623621246453743,1735734318844052700,"[KOL huynhdangthong x LPM] Sữa Tắm/Gel Tắm Pháp Le Petit Marseillais Chiết Xuất Thiên Nhiên 650ml - Sữa Tắm Lưu Hương Lành Tính - Dịu Nhẹ, An Toàn Cho Da","Thông & Bạch Đàn Biển, Standard",1735734212754506972,ST01902,291750,531214,VND,1,Thanh toán khi giao hàng,Đang xử lý,huynhdangthong,Phát trực tiếp,7653454990203194128,fixed commission,,,,7,291750,20423,,,,,,,,0,0,20/06/2026 19:49:36,23/06/2026 18:11:49,20/06/2026 19:49:37,23/06/2026 18:11:49,,26/06/2026 12:19:58,TTS,Open/Target Collaboration
584623607857186590,1735734318844052700,"[KOL huynhdangthong x LPM] Sữa Tắm/Gel Tắm Pháp Le Petit Marseillais Chiết Xuất Thiên Nhiên 650ml - Sữa Tắm Lưu Hương Lành Tính - Dịu Nhẹ, An Toàn Cho Da","Đào Trắng & Quả Xuân Đào, Standard",1735734212754834652,ST01288,291750,531214,VND,1,Thanh toán khi giao hàng,Đã hủy,huynhdangthong,Phát trực tiếp,7653454990203194128,fixed commission,0,0,0,7,291750,20423,,,,,,,,0,0,20/06/2026 19:50:24,,20/06/2026 19:50:27,,,,TTS,Open/Target Collaboration
584623597409371317,1735734318844052700,"[KOL huynhdangthong x LPM] Sữa Tắm/Gel Tắm Pháp Le Petit Marseillais Chiết Xuất Thiên Nhiên 650ml - Sữa Tắm Lưu Hương Lành Tính - Dịu Nhẹ, An Toàn Cho Da","Đào Trắng & Quả Xuân Đào, Standard",1735734212754834652,ST01288,291750,547143,VND,1,Thanh toán khi giao hàng,Đã hủy,huynhdangthong,Phát trực tiếp,7653454990203194128,fixed commission,0,0,0,7,291750,20423,,,,,,,,0,0,20/06/2026 19:50:27,,20/06/2026 19:50:29,,,,TTS,Open/Target Collaboration
584623667639715471,1735734318844052700,"[KOL huynhdangthong x LPM] Sữa Tắm/Gel Tắm Pháp Le Petit Marseillais Chiết Xuất Thiên Nhiên 650ml - Sữa Tắm Lưu Hương Lành Tính - Dịu Nhẹ, An Toàn Cho Da","Hoa Tiare, Standard",1735734212754703580,ST68816,291750,531214,VND,1,Thanh toán khi giao hàng,Đã hủy,huynhdangthong,Phát trực tiếp,7653454990203194128,fixed commission,0,0,0,7,291750,20423,,,,,,,,0,0,20/06/2026 19:50:34,,20/06/2026 19:50:36,,,,TTS,Open/Target Collaboration
584623731426165823,1735734318844052700,"[KOL huynhdangthong x LPM] Sữa Tắm/Gel Tắm Pháp Le Petit Marseillais Chiết Xuất Thiên Nhiên 650ml - Sữa Tắm Lưu Hương Lành Tính - Dịu Nhẹ, An Toàn Cho Da","Dừa, Standard",1735734212754965724,ST06999,291750,547143,VND,1,Thanh toán khi giao hàng,Đang xử lý,huynhdangthong,Phát trực tiếp,7653454990203194128,fixed commission,,,,7,291750,20423,,,,,,,,0,0,20/06/2026 19:50:36,23/06/2026 18:45:19,20/06/2026 19:50:37,23/06/2026 18:45:19,,26/06/2026 11:46:50,TTS,Open/Target Collaboration
584623567190197804,1735734318844052700,"[KOL huynhdangthong x LPM] Sữa Tắm/Gel Tắm Pháp Le Petit Marseillais Chiết Xuất Thiên Nhiên 650ml - Sữa Tắm Lưu Hương Lành Tính - Dịu Nhẹ, An Toàn Cho Da","Hoa Cam, Standard",1735734212755096796,ST39109,291750,558571,VND,1,Thanh toán khi giao hàng,Đang xử lý,huynhdangthong,Phát trực tiếp,7653454990203194128,fixed commission,,,,7,291750,20423,,,,,,,,0,0,20/06/2026 19:50:37,24/06/2026 11:44:01,20/06/2026 19:50:39,24/06/2026 11:44:01,,27/06/2026 07:02:38,TTS,Open/Target Collaboration
584623597828474212,1735791362076869852,Sữa Tắm Dạng Kem Le Petit Marseillais Bông Và Hoa Anh Túc 250ml  92% Thiên Nhiên Siêu Dịu Nhẹ,Mặc định,1735791937064830172,ST65434,0,9714,VND,1,Không áp dụng thanh toán khi giao hàng,Đang xử lý,adpia.official,Chương trình Lưu lượng truy cập bên ngoài,,fixed commission,,,,,0,,,,,,,,,0,0,20/06/2026 19:50:41,20/06/2026 19:50:45,20/06/2026 19:50:45,23/06/2026 09:20:36,,26/06/2026 07:29:55,TTS,Open/Target Collaboration
584623597828474212,1735734318844052700,"[KOL huynhdangthong x LPM] Sữa Tắm/Gel Tắm Pháp Le Petit Marseillais Chiết Xuất Thiên Nhiên 650ml - Sữa Tắm Lưu Hương Lành Tính - Dịu Nhẹ, An Toàn Cho Da","Hương Chanh & Bưởi Hồng, Standard",1735734212754638044,ST01868,291750,543286,VND,1,Không áp dụng thanh toán khi giao hàng,Đang xử lý,huynhdangthong,Phát trực tiếp,7653454990203194128,fixed commission,,,,7,291750,20423,,,,,,,,0,0,20/06/2026 19:50:41,20/06/2026 19:50:45,20/06/2026 19:50:45,23/06/2026 09:20:36,,26/06/2026 07:29:55,TTS,Open/Target Collaboration
584623714678572077,1735791362076869852,Sữa Tắm Dạng Kem Le Petit Marseillais Bông Và Hoa Anh Túc 250ml  92% Thiên Nhiên Siêu Dịu Nhẹ,Mặc định,1735791937064830172,ST65434,0,4886,VND,1,Thanh toán khi giao hàng,Đang xử lý,ecomobipassiovietnam,Chương trình Lưu lượng truy cập bên ngoài,,fixed commission,,,,,0,,,,,,,,,0,0,20/06/2026 19:51:09,23/06/2026 13:38:08,20/06/2026 19:51:10,23/06/2026 13:38:08,,26/06/2026 09:02:27,TTS,Open/Target Collaboration
584623714678572077,1735734318844052700,"[KOL huynhdangthong x LPM] Sữa Tắm/Gel Tắm Pháp Le Petit Marseillais Chiết Xuất Thiên Nhiên 650ml - Sữa Tắm Lưu Hương Lành Tính - Dịu Nhẹ, An Toàn Cho Da","Quả Mơ & Hạt Phỉ, Standard",1735734212755293404,ST00809,326760,531214,VND,1,Thanh toán khi giao hàng,Đang xử lý,huynhdangthong,Phát trực tiếp,7653454990203194128,fixed commission,,,,7,326760,22873,,,,,,,,0,0,20/06/2026 19:51:09,23/06/2026 13:38:08,20/06/2026 19:51:10,23/06/2026 13:38:08,,26/06/2026 09:02:27,TTS,Open/Target Collaboration
584623685689444342,1735734318844052700,"[KOL huynhdangthong x LPM] Sữa Tắm/Gel Tắm Pháp Le Petit Marseillais Chiết Xuất Thiên Nhiên 650ml - Sữa Tắm Lưu Hương Lành Tính - Dịu Nhẹ, An Toàn Cho Da","Sữa Thực Vật, Standard",1735734212755162332,ST00991,291750,543286,VND,1,Không áp dụng thanh toán khi giao hàng,Đã hủy,huynhdangthong,Phát trực tiếp,7653454990203194128,fixed commission,,,,7,291750,20423,,,,,,,,0,0,20/06/2026 19:52:12,20/06/2026 19:53:17,20/06/2026 19:53:18,,,,TTS,Open/Target Collaboration
584623685689444342,1735791362076869852,Sữa Tắm Dạng Kem Le Petit Marseillais Bông Và Hoa Anh Túc 250ml  92% Thiên Nhiên Siêu Dịu Nhẹ,Mặc định,1735791937064830172,ST65434,0,9714,VND,1,Không áp dụng thanh toán khi giao hàng,Đã hủy,capdoi1matna,Chương trình Lưu lượng truy cập bên ngoài,,fixed commission,,,,,0,,,,,,,,,0,0,20/06/2026 19:52:12,20/06/2026 19:53:17,20/06/2026 19:53:18,,,,TTS,Open/Target Collaboration
584623688928429284,1735734318844052700,"[KOL huynhdangthong x LPM] Sữa Tắm/Gel Tắm Pháp Le Petit Marseillais Chiết Xuất Thiên Nhiên 650ml - Sữa Tắm Lưu Hương Lành Tính - Dịu Nhẹ, An Toàn Cho Da","Hoa Tiare, Standard",1735734212754703580,ST68816,291750,543286,VND,1,Thanh toán khi giao hàng,Đã hủy,huynhdangthong,Phát trực tiếp,7653454990203194128,fixed commission,0,0,0,7,291750,20423,,,,,,,,0,0,20/06/2026 19:52:59,,20/06/2026 19:53:01,,,,TTS,Open/Target Collaboration
584623733034353858,1735734318844052700,"[KOL huynhdangthong x LPM] Sữa Tắm/Gel Tắm Pháp Le Petit Marseillais Chiết Xuất Thiên Nhiên 650ml - Sữa Tắm Lưu Hương Lành Tính - Dịu Nhẹ, An Toàn Cho Da","Hoa Tiare, Standard",1735734212754703580,ST68816,291750,534786,VND,1,Không áp dụng thanh toán khi giao hàng,Đã hủy,huynhdangthong,Phát trực tiếp,7653454990203194128,fixed commission,,,,7,291750,20423,,,,,,,,0,0,20/06/2026 19:53:10,20/06/2026 19:53:15,20/06/2026 19:53:16,,,,TTS,Open/Target Collaboration
584623688953332936,1735734318844052700,"[KOL huynhdangthong x LPM] Sữa Tắm/Gel Tắm Pháp Le Petit Marseillais Chiết Xuất Thiên Nhiên 650ml - Sữa Tắm Lưu Hương Lành Tính - Dịu Nhẹ, An Toàn Cho Da","Thông & Bạch Đàn Biển, Standard",1735734212754506972,ST01902,291750,547143,VND,1,Thanh toán khi giao hàng,Đã hủy,huynhdangthong,Phát trực tiếp,7653454990203194128,fixed commission,0,0,0,7,291750,20423,,,,,,,,0,0,20/06/2026 19:53:17,,20/06/2026 19:53:18,,,,TTS,Open/Target Collaboration
584623671698163027,1735734318844052700,"[KOL huynhdangthong x LPM] Sữa Tắm/Gel Tắm Pháp Le Petit Marseillais Chiết Xuất Thiên Nhiên 650ml - Sữa Tắm Lưu Hương Lành Tính - Dịu Nhẹ, An Toàn Cho Da","Hoa Tiare, Standard",1735734212754703580,ST68816,311200,558571,VND,1,Thanh toán khi giao hàng,Đã hủy,huynhdangthong,Phát trực tiếp,7653454990203194128,fixed commission,0,0,0,7,311200,21784,,,,,,,,0,0,20/06/2026 19:53:22,,20/06/2026 19:53:23,,,,TTS,Open/Target Collaboration
584623688277919196,1735734318844052700,"[KOL huynhdangthong x LPM] Sữa Tắm/Gel Tắm Pháp Le Petit Marseillais Chiết Xuất Thiên Nhiên 650ml - Sữa Tắm Lưu Hương Lành Tính - Dịu Nhẹ, An Toàn Cho Da","Thông & Bạch Đàn Biển, Standard",1735734212754506972,ST01902,291750,531214,VND,1,Thanh toán khi giao hàng,Đang xử lý,huynhdangthong,Phát trực tiếp,7653454990203194128,fixed commission,,,,7,291750,20423,,,,,,,,0,0,20/06/2026 19:53:42,23/06/2026 15:06:32,20/06/2026 19:53:43,23/06/2026 15:06:32,,26/06/2026 07:08:55,TTS,Open/Target Collaboration
584623703206037494,1735734318844052700,"[KOL huynhdangthong x LPM] Sữa Tắm/Gel Tắm Pháp Le Petit Marseillais Chiết Xuất Thiên Nhiên 650ml - Sữa Tắm Lưu Hương Lành Tính - Dịu Nhẹ, An Toàn Cho Da","Vani, Standard",1735734212754900188,ST00557,291750,543286,VND,1,Không áp dụng thanh toán khi giao hàng,Đã hủy,huynhdangthong,Phát trực tiếp,7653454990203194128,fixed commission,,,,7,291750,20423,,,,,,,,0,0,20/06/2026 19:53:43,20/06/2026 19:54:01,20/06/2026 19:54:01,,,,TTS,Open/Target Collaboration
584623641487050731,1735734318844052700,"[KOL huynhdangthong x LPM] Sữa Tắm/Gel Tắm Pháp Le Petit Marseillais Chiết Xuất Thiên Nhiên 650ml - Sữa Tắm Lưu Hương Lành Tính - Dịu Nhẹ, An Toàn Cho Da","Hoa Cam, Standard",1735734212755096796,ST39109,389000,547143,VND,1,Thanh toán khi giao hàng,Đang xử lý,huynhdangthong,Phát trực tiếp,7653454990203194128,fixed commission,,,,7,389000,27230,,,,,,,,0,0,20/06/2026 19:53:57,23/06/2026 10:57:03,20/06/2026 19:53:58,23/06/2026 10:57:03,,26/06/2026 13:00:06,TTS,Open/Target Collaboration
584623641487050731,1735791362076869852,Sữa Tắm Dạng Kem Le Petit Marseillais Bông Và Hoa Anh Túc 250ml  92% Thiên Nhiên Siêu Dịu Nhẹ,Mặc định,1735791937064830172,ST65434,0,11257,VND,1,Thanh toán khi giao hàng,Đang xử lý,vnnexmapbdm,Chương trình Lưu lượng truy cập bên ngoài,,fixed commission,,,,,0,,,,,,,,,0,0,20/06/2026 19:53:57,23/06/2026 10:57:03,20/06/2026 19:53:58,23/06/2026 10:57:03,,26/06/2026 13:00:06,TTS,Open/Target Collaboration
584623717455136606,1735734318844052700,"[KOL huynhdangthong x LPM] Sữa Tắm/Gel Tắm Pháp Le Petit Marseillais Chiết Xuất Thiên Nhiên 650ml - Sữa Tắm Lưu Hương Lành Tính - Dịu Nhẹ, An Toàn Cho Da","Hoa Tiare, Standard",1735734212754703580,ST68816,291750,550214,VND,1,Thanh toán khi giao hàng,Đã hủy,huynhdangthong,Phát trực tiếp,7653454990203194128,fixed commission,0,0,0,7,291750,20423,,,,,,,,0,0,20/06/2026 19:53:58,,20/06/2026 19:53:59,,,,TTS,Open/Target Collaboration
584623658469262450,1735734318844052700,"[KOL huynhdangthong x LPM] Sữa Tắm/Gel Tắm Pháp Le Petit Marseillais Chiết Xuất Thiên Nhiên 650ml - Sữa Tắm Lưu Hương Lành Tính - Dịu Nhẹ, An Toàn Cho Da","Hoa Tiare, Standard",1735734212754703580,ST68816,281750,547143,VND,1,Thanh toán khi giao hàng,Đang xử lý,huynhdangthong,Phát trực tiếp,7653454990203194128,fixed commission,,,,7,281750,19723,,,,,,,,0,0,20/06/2026 19:54:00,24/06/2026 17:14:50,20/06/2026 19:54:02,24/06/2026 17:14:50,,27/06/2026 11:41:22,TTS,Open/Target Collaboration
584623718498600144,1735734318844052700,"[KOL huynhdangthong x LPM] Sữa Tắm/Gel Tắm Pháp Le Petit Marseillais Chiết Xuất Thiên Nhiên 650ml - Sữa Tắm Lưu Hương Lành Tính - Dịu Nhẹ, An Toàn Cho Da","Hoa Tiare, Standard",1735734212754703580,ST68816,291750,531214,VND,1,Thanh toán khi giao hàng,Đang xử lý,huynhdangthong,Phát trực tiếp,7653454990203194128,fixed commission,,,,7,291750,20423,,,,,,,,0,0,20/06/2026 19:54:10,23/06/2026 11:54:28,20/06/2026 19:54:12,23/06/2026 11:54:28,,26/06/2026 07:16:07,TTS,Open/Target Collaboration
584623718498600144,1735791362076869852,Sữa Tắm Dạng Kem Le Petit Marseillais Bông Và Hoa Anh Túc 250ml  92% Thiên Nhiên Siêu Dịu Nhẹ,Mặc định,1735791937064830172,ST65434,0,4886,VND,1,Thanh toán khi giao hàng,Đang xử lý,kat221516,Chương trình Lưu lượng truy cập bên ngoài,,fixed commission,,,,,0,,,,,,,,,0,0,20/06/2026 19:54:10,23/06/2026 11:54:28,20/06/2026 19:54:12,23/06/2026 11:54:28,,26/06/2026 07:16:07,TTS,Open/Target Collaboration
584623659689347062,1735734318844052700,"[KOL huynhdangthong x LPM] Sữa Tắm/Gel Tắm Pháp Le Petit Marseillais Chiết Xuất Thiên Nhiên 650ml - Sữa Tắm Lưu Hương Lành Tính - Dịu Nhẹ, An Toàn Cho Da","Dừa, Standard",1735734212754965724,ST06999,291750,543286,VND,1,Không áp dụng thanh toán khi giao hàng,Đã hủy,huynhdangthong,Phát trực tiếp,7653454990203194128,fixed commission,,,,7,291750,20423,,,,,,,,0,0,20/06/2026 19:54:42,20/06/2026 19:54:50,20/06/2026 19:54:51,,,,TTS,Open/Target Collaboration
584623677456287264,1735734318844052700,"[KOL huynhdangthong x LPM] Sữa Tắm/Gel Tắm Pháp Le Petit Marseillais Chiết Xuất Thiên Nhiên 650ml - Sữa Tắm Lưu Hương Lành Tính - Dịu Nhẹ, An Toàn Cho Da","Hoa Tiare, Standard",1735734212754703580,ST68816,291750,558571,VND,1,Thanh toán khi giao hàng,Đã hủy,huynhdangthong,Phát trực tiếp,7653454990203194128,fixed commission,0,0,0,7,291750,20423,,,,,,,,0,0,20/06/2026 19:55:05,,20/06/2026 19:55:06,,,,TTS,Open/Target Collaboration
584623645852468640,1735734318844052700,"[KOL huynhdangthong x LPM] Sữa Tắm/Gel Tắm Pháp Le Petit Marseillais Chiết Xuất Thiên Nhiên 650ml - Sữa Tắm Lưu Hương Lành Tính - Dịu Nhẹ, An Toàn Cho Da","Hoa Tiare, Standard",1735734212754703580,ST68816,291750,549429,VND,1,Thanh toán khi giao hàng,Đang xử lý,huynhdangthong,Phát trực tiếp,7653454990203194128,fixed commission,,,,7,291750,20423,,,,,,,,0,0,20/06/2026 19:55:20,24/06/2026 12:48:13,20/06/2026 19:55:22,24/06/2026 12:48:13,,27/06/2026 07:47:33,TTS,Open/Target Collaboration
584623785506539405,1735734318844052700,"[KOL huynhdangthong x LPM] Sữa Tắm/Gel Tắm Pháp Le Petit Marseillais Chiết Xuất Thiên Nhiên 650ml - Sữa Tắm Lưu Hương Lành Tính - Dịu Nhẹ, An Toàn Cho Da","Hoa Tiare, Standard",1735734212754703580,ST68816,291750,531214,VND,1,Thanh toán khi giao hàng,Đang xử lý,huynhdangthong,Phát trực tiếp,7653454990203194128,fixed commission,,,,7,291750,20423,,,,,,,,0,0,20/06/2026 19:55:28,23/06/2026 14:05:17,20/06/2026 19:55:30,23/06/2026 14:05:17,,26/06/2026 09:35:11,TTS,Open/Target Collaboration
584623663513175891,1735734318844052700,"[KOL huynhdangthong x LPM] Sữa Tắm/Gel Tắm Pháp Le Petit Marseillais Chiết Xuất Thiên Nhiên 650ml - Sữa Tắm Lưu Hương Lành Tính - Dịu Nhẹ, An Toàn Cho Da","Lá Oliu & Hoa Bồ Đề, Standard",1735734212754572508,ST01295,291750,543286,VND,1,Thanh toán khi giao hàng,Đã hủy,huynhdangthong,Phát trực tiếp,7653454990203194128,fixed commission,0,0,0,7,291750,20423,,,,,,,,0,0,20/06/2026 19:55:41,,20/06/2026 19:55:42,,,,TTS,Open/Target Collaboration
584623722921952470,1735734318844052700,"[KOL huynhdangthong x LPM] Sữa Tắm/Gel Tắm Pháp Le Petit Marseillais Chiết Xuất Thiên Nhiên 650ml - Sữa Tắm Lưu Hương Lành Tính - Dịu Nhẹ, An Toàn Cho Da","Hoa Tiare, Standard",1735734212754703580,ST68816,291750,543286,VND,1,Thanh toán khi giao hàng,Đã hủy,huynhdangthong,Phát trực tiếp,7653454990203194128,fixed commission,0,0,0,7,291750,20423,,,,,,,,0,0,20/06/2026 19:56:02,,20/06/2026 19:56:04,,,,TTS,Open/Target Collaboration
584623681937901270,1735734318844052700,"[KOL huynhdangthong x LPM] Sữa Tắm/Gel Tắm Pháp Le Petit Marseillais Chiết Xuất Thiên Nhiên 650ml - Sữa Tắm Lưu Hương Lành Tính - Dịu Nhẹ, An Toàn Cho Da","Hoa Tiare, Standard",1735734212754703580,ST68816,291750,531214,VND,1,Thanh toán khi giao hàng,Đã hủy,huynhdangthong,Phát trực tiếp,7653454990203194128,fixed commission,0,0,0,7,291750,20423,,,,,,,,0,0,20/06/2026 19:56:47,,20/06/2026 19:56:49,,,,TTS,Open/Target Collaboration
584623697909679852,1735734318844052700,"[KOL huynhdangthong x LPM] Sữa Tắm/Gel Tắm Pháp Le Petit Marseillais Chiết Xuất Thiên Nhiên 650ml - Sữa Tắm Lưu Hương Lành Tính - Dịu Nhẹ, An Toàn Cho Da","Hoa Cam, Standard",1735734212755096796,ST39109,283750,531214,VND,1,Thanh toán khi giao hàng,Đã hủy,huynhdangthong,Phát trực tiếp,7653454990203194128,fixed commission,0,0,0,7,283750,19863,,,,,,,,0,0,20/06/2026 19:57:02,,20/06/2026 19:57:03,,,,TTS,Open/Target Collaboration
584623713085851475,1735734318844052700,"[KOL huynhdangthong x LPM] Sữa Tắm/Gel Tắm Pháp Le Petit Marseillais Chiết Xuất Thiên Nhiên 650ml - Sữa Tắm Lưu Hương Lành Tính - Dịu Nhẹ, An Toàn Cho Da","Hoa Tiare, Standard",1735734212754703580,ST68816,291750,543286,VND,1,Thanh toán khi giao hàng,Đang xử lý,huynhdangthong,Phát trực tiếp,7653454990203194128,fixed commission,,,,7,291750,20423,,,,,,,,0,0,20/06/2026 19:58:32,24/06/2026 21:36:45,20/06/2026 19:58:33,24/06/2026 21:36:45,,27/06/2026 13:20:09,TTS,Open/Target Collaboration
584623770677380206,1735734318844052700,"[KOL huynhdangthong x LPM] Sữa Tắm/Gel Tắm Pháp Le Petit Marseillais Chiết Xuất Thiên Nhiên 650ml - Sữa Tắm Lưu Hương Lành Tính - Dịu Nhẹ, An Toàn Cho Da","Thông & Bạch Đàn Biển, Standard",1735734212754506972,ST01902,291750,553714,VND,1,Thanh toán khi giao hàng,Đang xử lý,huynhdangthong,Phát trực tiếp,7653454990203194128,fixed commission,,,,7,291750,20423,,,,,,,,0,0,20/06/2026 19:58:46,23/06/2026 17:32:33,20/06/2026 19:58:47,23/06/2026 17:32:33,,26/06/2026 10:58:20,TTS,Open/Target Collaboration
584623836105049608,1735734318844052700,"[KOL huynhdangthong x LPM] Sữa Tắm/Gel Tắm Pháp Le Petit Marseillais Chiết Xuất Thiên Nhiên 650ml - Sữa Tắm Lưu Hương Lành Tính - Dịu Nhẹ, An Toàn Cho Da","Hoa Tiare, Standard",1735734212754703580,ST68816,291750,531214,VND,1,Thanh toán khi giao hàng,Đang xử lý,huynhdangthong,Phát trực tiếp,7653454990203194128,fixed commission,,,,7,291750,20423,,,,,,,,0,0,20/06/2026 19:59:07,23/06/2026 12:55:53,20/06/2026 19:59:09,23/06/2026 12:55:53,,26/06/2026 07:07:16,TTS,Open/Target Collaboration
584623836105049608,1735791362076869852,Sữa Tắm Dạng Kem Le Petit Marseillais Bông Và Hoa Anh Túc 250ml  92% Thiên Nhiên Siêu Dịu Nhẹ,Mặc định,1735791937064830172,ST65434,0,4886,VND,1,Thanh toán khi giao hàng,Đang xử lý,diemquynhri8bt2,Chương trình Lưu lượng truy cập bên ngoài,,fixed commission,,,,,0,,,,,,,,,0,0,20/06/2026 19:59:07,23/06/2026 12:55:53,20/06/2026 19:59:09,23/06/2026 12:55:53,,26/06/2026 07:07:16,TTS,Open/Target Collaboration
584623803926808157,1735734318844052700,"[KOL huynhdangthong x LPM] Sữa Tắm/Gel Tắm Pháp Le Petit Marseillais Chiết Xuất Thiên Nhiên 650ml - Sữa Tắm Lưu Hương Lành Tính - Dịu Nhẹ, An Toàn Cho Da","Vani, Standard",1735734212754900188,ST00557,291750,558571,VND,1,Thanh toán khi giao hàng,Đã hủy,huynhdangthong,Phát trực tiếp,7653454990203194128,fixed commission,0,0,0,7,291750,20423,,,,,,,,0,0,20/06/2026 19:59:09,,20/06/2026 19:59:10,,,,TTS,Open/Target Collaboration
584623756322899941,1735734318844052700,"[KOL huynhdangthong x LPM] Sữa Tắm/Gel Tắm Pháp Le Petit Marseillais Chiết Xuất Thiên Nhiên 650ml - Sữa Tắm Lưu Hương Lành Tính - Dịu Nhẹ, An Toàn Cho Da","Hoa Tiare, Standard",1735734212754703580,ST68816,291750,526357,VND,1,Thanh toán khi giao hàng,Đã hủy,huynhdangthong,Phát trực tiếp,7653454990203194128,fixed commission,0,0,0,7,291750,20423,,,,,,,,0,0,20/06/2026 19:59:26,,20/06/2026 19:59:27,,,,TTS,Open/Target Collaboration
584623771576140956,1735734318844052700,"[KOL huynhdangthong x LPM] Sữa Tắm/Gel Tắm Pháp Le Petit Marseillais Chiết Xuất Thiên Nhiên 650ml - Sữa Tắm Lưu Hương Lành Tính - Dịu Nhẹ, An Toàn Cho Da","Hoa Tiare, Standard",1735734212754703580,ST68816,291750,531214,VND,1,Thanh toán khi giao hàng,Đã hủy,huynhdangthong,Phát trực tiếp,7653454990203194128,fixed commission,0,0,0,7,291750,20423,,,,,,,,0,0,20/06/2026 19:59:35,,20/06/2026 19:59:37,,,,TTS,Open/Target Collaboration
584623805645686573,1735791362076869852,Sữa Tắm Dạng Kem Le Petit Marseillais Bông Và Hoa Anh Túc 250ml  92% Thiên Nhiên Siêu Dịu Nhẹ,Mặc định,1735791937064830172,ST65434,0,11257,VND,1,Thanh toán khi giao hàng,Đang xử lý,iflyad07,Chương trình Lưu lượng truy cập bên ngoài,,fixed commission,,,,,0,,,,,,,,,0,0,20/06/2026 19:59:47,24/06/2026 11:44:03,20/06/2026 19:59:48,24/06/2026 11:44:03,,27/06/2026 09:07:07,TTS,Open/Target Collaboration
584623805645686573,1735734318844052700,"[KOL huynhdangthong x LPM] Sữa Tắm/Gel Tắm Pháp Le Petit Marseillais Chiết Xuất Thiên Nhiên 650ml - Sữa Tắm Lưu Hương Lành Tính - Dịu Nhẹ, An Toàn Cho Da","Vani, Standard",1735734212754900188,ST00557,291750,547143,VND,1,Thanh toán khi giao hàng,Đang xử lý,huynhdangthong,Phát trực tiếp,7653454990203194128,fixed commission,,,,7,291750,20423,,,,,,,,0,0,20/06/2026 19:59:47,24/06/2026 11:44:03,20/06/2026 19:59:48,24/06/2026 11:44:03,,27/06/2026 09:07:07,TTS,Open/Target Collaboration
584623838286152806,1735734318844052700,"[KOL huynhdangthong x LPM] Sữa Tắm/Gel Tắm Pháp Le Petit Marseillais Chiết Xuất Thiên Nhiên 650ml - Sữa Tắm Lưu Hương Lành Tính - Dịu Nhẹ, An Toàn Cho Da","Hoa Tiare, Standard",1735734212754703580,ST68816,291750,531214,VND,1,Thanh toán khi giao hàng,Đang xử lý,huynhdangthong,Phát trực tiếp,7653454990203194128,fixed commission,,,,7,291750,20423,,,,,,,,0,0,20/06/2026 20:00:04,23/06/2026 15:13:43,20/06/2026 20:00:06,23/06/2026 15:13:43,,26/06/2026 10:50:30,TTS,Open/Target Collaboration
584623807421252839,1735734318844052700,"[KOL huynhdangthong x LPM] Sữa Tắm/Gel Tắm Pháp Le Petit Marseillais Chiết Xuất Thiên Nhiên 650ml - Sữa Tắm Lưu Hương Lành Tính - Dịu Nhẹ, An Toàn Cho Da","Hoa Tiare, Standard",1735734212754703580,ST68816,291650,531214,VND,1,Thanh toán khi giao hàng,Đã hủy,huynhdangthong,Phát trực tiếp,7653454990203194128,fixed commission,0,0,0,7,291650,20416,,,,,,,,0,0,20/06/2026 20:00:08,,20/06/2026 20:00:10,,,,TTS,Open/Target Collaboration
584623774703191711,1735734318844052700,"[KOL huynhdangthong x LPM] Sữa Tắm/Gel Tắm Pháp Le Petit Marseillais Chiết Xuất Thiên Nhiên 650ml - Sữa Tắm Lưu Hương Lành Tính - Dịu Nhẹ, An Toàn Cho Da","Hoa Tiare, Standard",1735734212754703580,ST68816,291750,531214,VND,1,Không áp dụng thanh toán khi giao hàng,Đang xử lý,huynhdangthong,Phát trực tiếp,7653454990203194128,fixed commission,,,,7,291750,20423,,,,,,,,0,0,20/06/2026 20:00:26,20/06/2026 20:00:28,20/06/2026 20:00:30,23/06/2026 10:34:05,,26/06/2026 13:05:25,TTS,Open/Target Collaboration
584623774703191711,1735791362076869852,Sữa Tắm Dạng Kem Le Petit Marseillais Bông Và Hoa Anh Túc 250ml  92% Thiên Nhiên Siêu Dịu Nhẹ,Mặc định,1735791937064830172,ST65434,0,4886,VND,1,Không áp dụng thanh toán khi giao hàng,Đang xử lý,iflyad07,Chương trình Lưu lượng truy cập bên ngoài,,fixed commission,,,,,0,,,,,,,,,0,0,20/06/2026 20:00:26,20/06/2026 20:00:28,20/06/2026 20:00:30,23/06/2026 10:34:05,,26/06/2026 13:05:25,TTS,Open/Target Collaboration
584623743432295965,1733302334060004572,Combo Dầu Gội Xả Thiên Nhiên Chăm Sóc Tóc Le Petit Marseillais Mềm Mượt 300ML,Mật Ong 4554 + Xả 4752,1733302435130082524,3574661574554 + 3574661574752,469900,650800,VND,1,Không áp dụng thanh toán khi giao hàng,Đã hủy,huynhdangthong,Phát trực tiếp,7653454990203194128,fixed commission,,,,8,469900,37592,,,,,,,,0,0,20/06/2026 20:00:26,20/06/2026 20:00:30,20/06/2026 20:00:31,,,,TTS,Open/Target Collaboration
584623792366651357,1735734318844052700,"[KOL huynhdangthong x LPM] Sữa Tắm/Gel Tắm Pháp Le Petit Marseillais Chiết Xuất Thiên Nhiên 650ml - Sữa Tắm Lưu Hương Lành Tính - Dịu Nhẹ, An Toàn Cho Da","Hoa Tiare, Standard",1735734212754703580,ST68816,291750,531214,VND,1,Không áp dụng thanh toán khi giao hàng,Đang xử lý,huynhdangthong,Phát trực tiếp,7653454990203194128,fixed commission,,,,7,291750,20423,,,,,,,,0,0,20/06/2026 20:00:53,20/06/2026 20:01:57,20/06/2026 20:01:58,23/06/2026 09:07:26,,26/06/2026 09:56:38,TTS,Open/Target Collaboration
584623793779541120,1735734318844052700,"[KOL huynhdangthong x LPM] Sữa Tắm/Gel Tắm Pháp Le Petit Marseillais Chiết Xuất Thiên Nhiên 650ml - Sữa Tắm Lưu Hương Lành Tính - Dịu Nhẹ, An Toàn Cho Da","Hoa Tiare, Standard",1735734212754703580,ST68816,291750,547143,VND,1,Thanh toán khi giao hàng,Đang xử lý,huynhdangthong,Phát trực tiếp,7653454990203194128,fixed commission,,,,7,291750,20423,,,,,,,,0,0,20/06/2026 20:01:24,23/06/2026 17:27:35,20/06/2026 20:01:25,23/06/2026 17:27:35,,26/06/2026 08:11:45,TTS,Open/Target Collaboration
584623823546058595,1735734318844052700,"[KOL huynhdangthong x LPM] Sữa Tắm/Gel Tắm Pháp Le Petit Marseillais Chiết Xuất Thiên Nhiên 650ml - Sữa Tắm Lưu Hương Lành Tính - Dịu Nhẹ, An Toàn Cho Da","Hoa Tiare, Standard",1735734212754703580,ST68816,291750,531214,VND,1,Thanh toán khi giao hàng,Đang xử lý,huynhdangthong,Phát trực tiếp,7653454990203194128,fixed commission,,,,7,291750,20423,,,,,,,,0,0,20/06/2026 20:01:29,23/06/2026 18:01:32,20/06/2026 20:01:32,23/06/2026 18:01:32,,26/06/2026 13:25:06,TTS,Open/Target Collaboration
584623745816233791,1735734318844052700,"[KOL huynhdangthong x LPM] Sữa Tắm/Gel Tắm Pháp Le Petit Marseillais Chiết Xuất Thiên Nhiên 650ml - Sữa Tắm Lưu Hương Lành Tính - Dịu Nhẹ, An Toàn Cho Da","Hoa Tiare, Standard",1735734212754703580,ST68816,291750,544500,VND,1,Thanh toán khi giao hàng,Đang xử lý,huynhdangthong,Phát trực tiếp,7653454990203194128,fixed commission,,,,7,291750,20423,,,,,,,,0,0,20/06/2026 20:01:33,23/06/2026 17:27:29,20/06/2026 20:01:34,23/06/2026 17:27:29,,26/06/2026 12:58:25,TTS,Open/Target Collaboration
584623745816233791,1735791362076869852,Sữa Tắm Dạng Kem Le Petit Marseillais Bông Và Hoa Anh Túc 250ml  92% Thiên Nhiên Siêu Dịu Nhẹ,Mặc định,1735791937064830172,ST65434,0,10200,VND,1,Thanh toán khi giao hàng,Đang xử lý,iflytek02,Chương trình Lưu lượng truy cập bên ngoài,,fixed commission,,,,,0,,,,,,,,,0,0,20/06/2026 20:01:33,23/06/2026 17:27:29,20/06/2026 20:01:34,23/06/2026 17:27:29,,26/06/2026 12:58:25,TTS,Open/Target Collaboration
584623809224214467,1735734318844052700,"[KOL huynhdangthong x LPM] Sữa Tắm/Gel Tắm Pháp Le Petit Marseillais Chiết Xuất Thiên Nhiên 650ml - Sữa Tắm Lưu Hương Lành Tính - Dịu Nhẹ, An Toàn Cho Da","Hoa Tiare, Standard",1735734212754703580,ST68816,283650,543286,VND,1,Thanh toán khi giao hàng,Đã hủy,huynhdangthong,Phát trực tiếp,7653454990203194128,fixed commission,0,0,0,7,283650,19856,,,,,,,,0,0,20/06/2026 20:01:34,,20/06/2026 20:01:35,,,,TTS,Open/Target Collaboration
584623810210137272,1735734318844052700,"[KOL huynhdangthong x LPM] Sữa Tắm/Gel Tắm Pháp Le Petit Marseillais Chiết Xuất Thiên Nhiên 650ml - Sữa Tắm Lưu Hương Lành Tính - Dịu Nhẹ, An Toàn Cho Da","Hoa Cam, Standard",1735734212755096796,ST39109,291750,547143,VND,1,Thanh toán khi giao hàng,Đã hủy,huynhdangthong,Phát trực tiếp,7653454990203194128,fixed commission,0,0,0,7,291750,20423,,,,,,,,0,0,20/06/2026 20:01:39,,20/06/2026 20:01:40,,,,TTS,Open/Target Collaboration
584623761838933161,1735734318844052700,"[KOL huynhdangthong x LPM] Sữa Tắm/Gel Tắm Pháp Le Petit Marseillais Chiết Xuất Thiên Nhiên 650ml - Sữa Tắm Lưu Hương Lành Tính - Dịu Nhẹ, An Toàn Cho Da","Hoa Tiare, Standard",1735734212754703580,ST68816,291750,531214,VND,1,Không áp dụng thanh toán khi giao hàng,Đã hủy,huynhdangthong,Phát trực tiếp,7653454990203194128,fixed commission,,,,7,291750,20423,,,,,,,,0,0,20/06/2026 20:01:42,20/06/2026 20:01:46,20/06/2026 20:01:46,,,,TTS,Open/Target Collaboration
584623761838933161,1735791362076869852,Sữa Tắm Dạng Kem Le Petit Marseillais Bông Và Hoa Anh Túc 250ml  92% Thiên Nhiên Siêu Dịu Nhẹ,Mặc định,1735791937064830172,ST65434,0,4886,VND,1,Không áp dụng thanh toán khi giao hàng,Đã hủy,involveasiavn01,Chương trình Lưu lượng truy cập bên ngoài,,fixed commission,,,,,0,,,,,,,,,0,0,20/06/2026 20:01:42,20/06/2026 20:01:46,20/06/2026 20:01:46,,,,TTS,Open/Target Collaboration
584623824658335040,1735734318844052700,"[KOL huynhdangthong x LPM] Sữa Tắm/Gel Tắm Pháp Le Petit Marseillais Chiết Xuất Thiên Nhiên 650ml - Sữa Tắm Lưu Hương Lành Tính - Dịu Nhẹ, An Toàn Cho Da","Hoa Tiare, Standard",1735734212754703580,ST68816,291750,534786,VND,1,Không áp dụng thanh toán khi giao hàng,Đã hủy,huynhdangthong,Phát trực tiếp,7653454990203194128,fixed commission,,,,7,291750,20423,,,,,,,,0,0,20/06/2026 20:02:07,20/06/2026 20:02:13,20/06/2026 20:02:14,,,,TTS,Open/Target Collaboration
584623779135718768,1735734318844052700,"[KOL huynhdangthong x LPM] Sữa Tắm/Gel Tắm Pháp Le Petit Marseillais Chiết Xuất Thiên Nhiên 650ml - Sữa Tắm Lưu Hương Lành Tính - Dịu Nhẹ, An Toàn Cho Da","Hoa Tiare, Standard",1735734212754703580,ST68816,291750,531214,VND,1,Thanh toán khi giao hàng,Đang xử lý,huynhdangthong,Phát trực tiếp,7653454990203194128,fixed commission,,,,7,291750,20423,,,,,,,,0,0,20/06/2026 20:02:08,23/06/2026 14:25:59,20/06/2026 20:02:11,23/06/2026 14:25:59,,26/06/2026 07:29:14,TTS,Open/Target Collaboration
584623779135718768,1735791362076869852,Sữa Tắm Dạng Kem Le Petit Marseillais Bông Và Hoa Anh Túc 250ml  92% Thiên Nhiên Siêu Dịu Nhẹ,Mặc định,1735791937064830172,ST65434,0,4886,VND,1,Thanh toán khi giao hàng,Đang xử lý,involveasiavn01,Chương trình Lưu lượng truy cập bên ngoài,,fixed commission,,,,,0,,,,,,,,,0,0,20/06/2026 20:02:08,23/06/2026 14:25:59,20/06/2026 20:02:11,23/06/2026 14:25:59,,26/06/2026 07:29:14,TTS,Open/Target Collaboration
584623795657344530,1735734318844052700,"[KOL huynhdangthong x LPM] Sữa Tắm/Gel Tắm Pháp Le Petit Marseillais Chiết Xuất Thiên Nhiên 650ml - Sữa Tắm Lưu Hương Lành Tính - Dịu Nhẹ, An Toàn Cho Da","Hoa Cam, Standard",1735734212755096796,ST39109,291750,553214,VND,1,Thanh toán khi giao hàng,Đang xử lý,huynhdangthong,Phát trực tiếp,7653454990203194128,fixed commission,,,,7,291750,20423,,,,,,,,0,0,20/06/2026 20:02:31,24/06/2026 13:55:05,20/06/2026 20:02:32,24/06/2026 13:55:05,,27/06/2026 11:39:06,TTS,Open/Target Collaboration
584623795657344530,1735791362076869852,Sữa Tắm Dạng Kem Le Petit Marseillais Bông Và Hoa Anh Túc 250ml  92% Thiên Nhiên Siêu Dịu Nhẹ,Mặc định,1735791937064830172,ST65434,0,13686,VND,1,Thanh toán khi giao hàng,Đang xử lý,cot0709,Chương trình Lưu lượng truy cập bên ngoài,,fixed commission,,,,,0,,,,,,,,,0,0,20/06/2026 20:02:31,24/06/2026 13:55:05,20/06/2026 20:02:32,24/06/2026 13:55:05,,27/06/2026 11:39:06,TTS,Open/Target Collaboration
584623857957963335,1735734318844052700,"[KOL huynhdangthong x LPM] Sữa Tắm/Gel Tắm Pháp Le Petit Marseillais Chiết Xuất Thiên Nhiên 650ml - Sữa Tắm Lưu Hương Lành Tính - Dịu Nhẹ, An Toàn Cho Da","Hoa Tiare, Standard",1735734212754703580,ST68816,289915,531214,VND,1,Thanh toán khi giao hàng,Đang xử lý,huynhdangthong,Phát trực tiếp,7653454990203194128,fixed commission,,,,7,289915,20294,,,,,,,,0,0,20/06/2026 20:04:33,23/06/2026 10:21:52,20/06/2026 20:04:35,23/06/2026 10:21:52,,26/06/2026 13:11:00,TTS,Open/Target Collaboration
584623860768474584,1735734318844052700,"[KOL huynhdangthong x LPM] Sữa Tắm/Gel Tắm Pháp Le Petit Marseillais Chiết Xuất Thiên Nhiên 650ml - Sữa Tắm Lưu Hương Lành Tính - Dịu Nhẹ, An Toàn Cho Da","Hoa Tiare, Standard",1735734212754703580,ST68816,389000,1315618,VND,3,Thanh toán khi giao hàng,Đang xử lý,huynhdangthong,Phát trực tiếp,7653454990203194128,fixed commission,,,,7,1167000,81690,,,,,,,,0,0,20/06/2026 20:05:18,23/06/2026 11:58:21,20/06/2026 20:05:20,23/06/2026 11:58:21,,26/06/2026 08:24:49,TTS,Open/Target Collaboration
584623861490615768,1735734318844052700,"[KOL huynhdangthong x LPM] Sữa Tắm/Gel Tắm Pháp Le Petit Marseillais Chiết Xuất Thiên Nhiên 650ml - Sữa Tắm Lưu Hương Lành Tính - Dịu Nhẹ, An Toàn Cho Da","Hương Chanh & Bưởi Hồng, Standard",1735734212754638044,ST01868,389000,1315618,VND,3,Thanh toán khi giao hàng,Đang xử lý,huynhdangthong,Phát trực tiếp,7653454990203194128,fixed commission,,,,7,1167000,81690,,,,,,,,0,0,20/06/2026 20:05:48,23/06/2026 11:58:21,20/06/2026 20:05:50,23/06/2026 11:58:21,,26/06/2026 07:47:46,TTS,Open/Target Collaboration
584623893668267652,1735734318844052700,"[KOL huynhdangthong x LPM] Sữa Tắm/Gel Tắm Pháp Le Petit Marseillais Chiết Xuất Thiên Nhiên 650ml - Sữa Tắm Lưu Hương Lành Tính - Dịu Nhẹ, An Toàn Cho Da","Hương Chanh & Bưởi Hồng, Standard",1735734212754638044,ST01868,291750,547143,VND,1,Thanh toán khi giao hàng,Đang xử lý,huynhdangthong,Phát trực tiếp,7653454990203194128,fixed commission,,,,7,291750,20423,,,,,,,,0,0,20/06/2026 20:05:56,23/06/2026 20:55:42,20/06/2026 20:05:57,23/06/2026 20:55:42,,26/06/2026 08:36:07,TTS,Open/Target Collaboration
584623893668267652,1735791362076869852,Sữa Tắm Dạng Kem Le Petit Marseillais Bông Và Hoa Anh Túc 250ml  92% Thiên Nhiên Siêu Dịu Nhẹ,Mặc định,1735791937064830172,ST65434,0,11257,VND,1,Thanh toán khi giao hàng,Đang xử lý,involveasiavn01,Chương trình Lưu lượng truy cập bên ngoài,,fixed commission,,,,,0,,,,,,,,,0,0,20/06/2026 20:05:56,23/06/2026 20:55:42,20/06/2026 20:05:57,23/06/2026 20:55:42,,26/06/2026 08:36:07,TTS,Open/Target Collaboration
584623894791619892,1735734318844052700,"[KOL huynhdangthong x LPM] Sữa Tắm/Gel Tắm Pháp Le Petit Marseillais Chiết Xuất Thiên Nhiên 650ml - Sữa Tắm Lưu Hương Lành Tính - Dịu Nhẹ, An Toàn Cho Da","Hoa Tiare, Standard",1735734212754703580,ST68816,291750,534786,VND,1,Thanh toán khi giao hàng,Đang xử lý,huynhdangthong,Phát trực tiếp,7653454990203194128,fixed commission,,,,7,291750,20423,,,,,,,,0,0,20/06/2026 20:07:11,23/06/2026 21:28:03,20/06/2026 20:07:12,23/06/2026 21:28:03,,26/06/2026 08:35:54,TTS,Open/Target Collaboration
584623928014505891,1735734318844052700,"[KOL huynhdangthong x LPM] Sữa Tắm/Gel Tắm Pháp Le Petit Marseillais Chiết Xuất Thiên Nhiên 650ml - Sữa Tắm Lưu Hương Lành Tính - Dịu Nhẹ, An Toàn Cho Da","Hoa Tiare, Standard",1735734212754703580,ST68816,291750,534786,VND,1,Không áp dụng thanh toán khi giao hàng,Đã hủy,huynhdangthong,Phát trực tiếp,7653454990203194128,fixed commission,,,,7,291750,20423,,,,,,,,0,0,20/06/2026 20:07:33,20/06/2026 20:07:38,20/06/2026 20:07:40,,,,TTS,Open/Target Collaboration
584623851714479406,1735734318844052700,"[KOL huynhdangthong x LPM] Sữa Tắm/Gel Tắm Pháp Le Petit Marseillais Chiết Xuất Thiên Nhiên 650ml - Sữa Tắm Lưu Hương Lành Tính - Dịu Nhẹ, An Toàn Cho Da","Hoa Tiare, Standard",1735734212754703580,ST68816,291750,550214,VND,1,Không áp dụng thanh toán khi giao hàng,Đã hủy,huynhdangthong,Phát trực tiếp,7653454990203194128,fixed commission,,,,7,291750,20423,,,,,,,,0,0,20/06/2026 20:07:38,20/06/2026 20:07:42,20/06/2026 20:07:42,,,,TTS,Open/Target Collaboration
584623900119762148,1735734318844052700,"[KOL huynhdangthong x LPM] Sữa Tắm/Gel Tắm Pháp Le Petit Marseillais Chiết Xuất Thiên Nhiên 650ml - Sữa Tắm Lưu Hương Lành Tính - Dịu Nhẹ, An Toàn Cho Da","Hoa Tiare, Standard",1735734212754703580,ST68816,291750,543286,VND,1,Thanh toán khi giao hàng,Đang xử lý,huynhdangthong,Phát trực tiếp,7653454990203194128,fixed commission,,,,7,291750,20423,,,,,,,,0,0,20/06/2026 20:08:27,23/06/2026 19:15:51,20/06/2026 20:08:28,23/06/2026 19:15:51,,26/06/2026 08:54:23,TTS,Open/Target Collaboration
584624010379822269,1735734318844052700,"[KOL huynhdangthong x LPM] Sữa Tắm/Gel Tắm Pháp Le Petit Marseillais Chiết Xuất Thiên Nhiên 650ml - Sữa Tắm Lưu Hương Lành Tính - Dịu Nhẹ, An Toàn Cho Da","Hoa Tiare, Standard",1735734212754703580,ST68816,291650,531214,VND,1,Không áp dụng thanh toán khi giao hàng,Đang xử lý,huynhdangthong,Phát trực tiếp,7653454990203194128,fixed commission,,,,7,291650,20416,,,,,,,,0,0,20/06/2026 20:08:32,20/06/2026 20:08:38,20/06/2026 20:08:38,23/06/2026 12:31:16,,26/06/2026 09:40:52,TTS,Open/Target Collaboration
584623917318636728,1735734318844052700,"[KOL huynhdangthong x LPM] Sữa Tắm/Gel Tắm Pháp Le Petit Marseillais Chiết Xuất Thiên Nhiên 650ml - Sữa Tắm Lưu Hương Lành Tính - Dịu Nhẹ, An Toàn Cho Da","Hoa Tiare, Standard",1735734212754703580,ST68816,291750,547143,VND,1,Thanh toán khi giao hàng,Đang xử lý,huynhdangthong,Phát trực tiếp,7653454990203194128,fixed commission,,,,7,291750,20423,,,,,,,,0,0,20/06/2026 20:08:34,23/06/2026 17:51:26,20/06/2026 20:08:35,23/06/2026 17:51:26,,26/06/2026 07:08:35,TTS,Open/Target Collaboration
584623930833274400,1735734318844052700,"[KOL huynhdangthong x LPM] Sữa Tắm/Gel Tắm Pháp Le Petit Marseillais Chiết Xuất Thiên Nhiên 650ml - Sữa Tắm Lưu Hương Lành Tính - Dịu Nhẹ, An Toàn Cho Da","Hoa Tiare, Standard",1735734212754703580,ST68816,291750,553714,VND,1,Thanh toán khi giao hàng,Đang xử lý,huynhdangthong,Phát trực tiếp,7653454990203194128,fixed commission,,,,7,291750,20423,,,,,,,,0,0,20/06/2026 20:08:36,24/06/2026 13:16:26,20/06/2026 20:08:38,24/06/2026 13:16:26,,27/06/2026 08:05:20,TTS,Open/Target Collaboration
584623869664789736,1735734318844052700,"[KOL huynhdangthong x LPM] Sữa Tắm/Gel Tắm Pháp Le Petit Marseillais Chiết Xuất Thiên Nhiên 650ml - Sữa Tắm Lưu Hương Lành Tính - Dịu Nhẹ, An Toàn Cho Da","Dừa, Standard",1735734212754965724,ST06999,291750,547143,VND,1,Thanh toán khi giao hàng,Đang xử lý,huynhdangthong,Phát trực tiếp,7653454990203194128,fixed commission,,,,7,291750,20423,,,,,,,,0,0,20/06/2026 20:08:37,23/06/2026 20:00:00,20/06/2026 20:08:39,23/06/2026 20:00:00,,26/06/2026 07:54:52,TTS,Open/Target Collaboration
584623930024494604,1735734318844052700,"[KOL huynhdangthong x LPM] Sữa Tắm/Gel Tắm Pháp Le Petit Marseillais Chiết Xuất Thiên Nhiên 650ml - Sữa Tắm Lưu Hương Lành Tính - Dịu Nhẹ, An Toàn Cho Da","Hoa Tiare, Standard",1735734212754703580,ST68816,291750,553714,VND,1,Thanh toán khi giao hàng,Đang xử lý,huynhdangthong,Phát trực tiếp,7653454990203194128,fixed commission,,,,7,291750,20423,,,,,,,,0,0,20/06/2026 20:08:40,23/06/2026 18:33:56,20/06/2026 20:08:41,23/06/2026 18:33:56,,26/06/2026 07:10:31,TTS,Open/Target Collaboration
584623883003397696,1735734318844052700,"[KOL huynhdangthong x LPM] Sữa Tắm/Gel Tắm Pháp Le Petit Marseillais Chiết Xuất Thiên Nhiên 650ml - Sữa Tắm Lưu Hương Lành Tính - Dịu Nhẹ, An Toàn Cho Da","Hoa Tiare, Standard",1735734212754703580,ST68816,291750,531214,VND,1,Thanh toán khi giao hàng,Đã hủy,huynhdangthong,Phát trực tiếp,7653454990203194128,fixed commission,0,0,0,7,291750,20423,,,,,,,,0,0,20/06/2026 20:08:41,,20/06/2026 20:08:44,,,,TTS,Open/Target Collaboration
584624026765133703,1735734318844052700,"[KOL huynhdangthong x LPM] Sữa Tắm/Gel Tắm Pháp Le Petit Marseillais Chiết Xuất Thiên Nhiên 650ml - Sữa Tắm Lưu Hương Lành Tính - Dịu Nhẹ, An Toàn Cho Da","Hoa Tiare, Standard",1735734212754703580,ST68816,291750,531214,VND,1,Thanh toán khi giao hàng,Đang xử lý,huynhdangthong,Phát trực tiếp,7653454990203194128,fixed commission,,,,7,291750,20423,,,,,,,,0,0,20/06/2026 20:08:42,23/06/2026 12:49:12,20/06/2026 20:08:44,23/06/2026 12:49:12,,26/06/2026 13:25:15,TTS,Open/Target Collaboration
584623852318132197,1735791362076869852,Sữa Tắm Dạng Kem Le Petit Marseillais Bông Và Hoa Anh Túc 250ml  92% Thiên Nhiên Siêu Dịu Nhẹ,Mặc định,1735791937064830172,ST65434,0,9714,VND,1,Thanh toán khi giao hàng,Đang xử lý,involveasiavn01,Chương trình Lưu lượng truy cập bên ngoài,,fixed commission,,,,,0,,,,,,,,,0,0,20/06/2026 20:08:42,23/06/2026 20:56:33,20/06/2026 20:08:45,23/06/2026 20:56:33,,26/06/2026 09:45:46,TTS,Open/Target Collaboration
584623852318132197,1735734318844052700,"[KOL huynhdangthong x LPM] Sữa Tắm/Gel Tắm Pháp Le Petit Marseillais Chiết Xuất Thiên Nhiên 650ml - Sữa Tắm Lưu Hương Lành Tính - Dịu Nhẹ, An Toàn Cho Da","Sữa Thực Vật, Standard",1735734212755162332,ST00991,291750,543286,VND,1,Thanh toán khi giao hàng,Đang xử lý,huynhdangthong,Phát trực tiếp,7653454990203194128,fixed commission,,,,7,291750,20423,,,,,,,,0,0,20/06/2026 20:08:42,23/06/2026 20:56:33,20/06/2026 20:08:45,23/06/2026 20:56:33,,26/06/2026 09:45:46,TTS,Open/Target Collaboration
584623929969510234,1735734318844052700,"[KOL huynhdangthong x LPM] Sữa Tắm/Gel Tắm Pháp Le Petit Marseillais Chiết Xuất Thiên Nhiên 650ml - Sữa Tắm Lưu Hương Lành Tính - Dịu Nhẹ, An Toàn Cho Da","Hoa Tiare, Standard",1735734212754703580,ST68816,286750,531214,VND,1,Thanh toán khi giao hàng,Đã hủy,huynhdangthong,Phát trực tiếp,7653454990203194128,fixed commission,0,0,0,7,286750,20073,,,,,,,,0,0,20/06/2026 20:08:45,,20/06/2026 20:09:31,,,,TTS,Open/Target Collaboration
584623884937627229,1735734318844052700,"[KOL huynhdangthong x LPM] Sữa Tắm/Gel Tắm Pháp Le Petit Marseillais Chiết Xuất Thiên Nhiên 650ml - Sữa Tắm Lưu Hương Lành Tính - Dịu Nhẹ, An Toàn Cho Da","Vani, Standard",1735734212754900188,ST00557,291750,558571,VND,1,Thanh toán khi giao hàng,Đã hủy,huynhdangthong,Phát trực tiếp,7653454990203194128,fixed commission,0,0,0,7,291750,20423,,,,,,,,0,0,20/06/2026 20:08:46,,20/06/2026 20:08:47,,,,TTS,Open/Target Collaboration
584623900682913600,1735734318844052700,"[KOL huynhdangthong x LPM] Sữa Tắm/Gel Tắm Pháp Le Petit Marseillais Chiết Xuất Thiên Nhiên 650ml - Sữa Tắm Lưu Hương Lành Tính - Dịu Nhẹ, An Toàn Cho Da","Đào Trắng & Quả Xuân Đào, Standard",1735734212754834652,ST01288,291750,547143,VND,1,Thanh toán khi giao hàng,Đang xử lý,huynhdangthong,Phát trực tiếp,7653454990203194128,fixed commission,,,,7,291750,20423,,,,,,,,0,0,20/06/2026 20:08:46,23/06/2026 09:42:55,20/06/2026 20:08:48,23/06/2026 09:42:55,,26/06/2026 08:01:52,TTS,Open/Target Collaboration
584623932279260199,1735734318844052700,"[KOL huynhdangthong x LPM] Sữa Tắm/Gel Tắm Pháp Le Petit Marseillais Chiết Xuất Thiên Nhiên 650ml - Sữa Tắm Lưu Hương Lành Tính - Dịu Nhẹ, An Toàn Cho Da","Thông & Bạch Đàn Biển, Standard",1735734212754506972,ST01902,326760,531143,VND,1,Thanh toán khi giao hàng,Đã hủy,huynhdangthong,Phát trực tiếp,7653454990203194128,fixed commission,0,0,0,,326760,,,,2,6535,,,,0,0,20/06/2026 20:08:55,,20/06/2026 20:08:56,,,,TTS,Open/Target Collaboration
584624027027867227,1735734318844052700,"[KOL huynhdangthong x LPM] Sữa Tắm/Gel Tắm Pháp Le Petit Marseillais Chiết Xuất Thiên Nhiên 650ml - Sữa Tắm Lưu Hương Lành Tính - Dịu Nhẹ, An Toàn Cho Da","Vani, Standard",1735734212754900188,ST00557,291750,531214,VND,1,Thanh toán khi giao hàng,Đang xử lý,huynhdangthong,Phát trực tiếp,7653454990203194128,fixed commission,,,,7,291750,20423,,,,,,,,0,0,20/06/2026 20:08:59,23/06/2026 12:52:06,20/06/2026 20:09:01,23/06/2026 12:52:06,,26/06/2026 12:53:27,TTS,Open/Target Collaboration
584623854360888949,1735734318844052700,"[KOL huynhdangthong x LPM] Sữa Tắm/Gel Tắm Pháp Le Petit Marseillais Chiết Xuất Thiên Nhiên 650ml - Sữa Tắm Lưu Hương Lành Tính - Dịu Nhẹ, An Toàn Cho Da","Hoa Tiare, Standard",1735734212754703580,ST68816,291750,547143,VND,1,Thanh toán khi giao hàng,Đang xử lý,huynhdangthong,Phát trực tiếp,7653454990203194128,fixed commission,,,,7,291750,20423,,,,,,,,0,0,20/06/2026 20:09:02,23/06/2026 20:17:40,20/06/2026 20:09:04,23/06/2026 20:17:40,,26/06/2026 09:14:03,TTS,Open/Target Collaboration
584624010805872405,1735734318844052700,"[KOL huynhdangthong x LPM] Sữa Tắm/Gel Tắm Pháp Le Petit Marseillais Chiết Xuất Thiên Nhiên 650ml - Sữa Tắm Lưu Hương Lành Tính - Dịu Nhẹ, An Toàn Cho Da","Hương Chanh & Bưởi Hồng, Standard",1735734212754638044,ST01868,291750,534786,VND,1,Không áp dụng thanh toán khi giao hàng,Đang xử lý,huynhdangthong,Phát trực tiếp,7653454990203194128,fixed commission,,,,7,291750,20423,,,,,,,,0,0,20/06/2026 20:09:05,20/06/2026 20:09:10,20/06/2026 20:09:11,23/06/2026 09:43:45,,26/06/2026 09:55:13,TTS,Open/Target Collaboration
584623918459946148,1735734318844052700,"[KOL huynhdangthong x LPM] Sữa Tắm/Gel Tắm Pháp Le Petit Marseillais Chiết Xuất Thiên Nhiên 650ml - Sữa Tắm Lưu Hương Lành Tính - Dịu Nhẹ, An Toàn Cho Da","Hoa Tiare, Standard",1735734212754703580,ST68816,291750,553714,VND,1,Thanh toán khi giao hàng,Đang xử lý,huynhdangthong,Phát trực tiếp,7653454990203194128,fixed commission,,,,7,291750,20423,,,,,,,,0,0,20/06/2026 20:09:07,23/06/2026 19:29:56,20/06/2026 20:09:09,23/06/2026 19:29:56,,26/06/2026 08:09:58,TTS,Open/Target Collaboration
584623901897360553,1735734318844052700,"[KOL huynhdangthong x LPM] Sữa Tắm/Gel Tắm Pháp Le Petit Marseillais Chiết Xuất Thiên Nhiên 650ml - Sữa Tắm Lưu Hương Lành Tính - Dịu Nhẹ, An Toàn Cho Da","Hương Chanh & Bưởi Hồng, Standard",1735734212754638044,ST01868,291750,531214,VND,1,Không áp dụng thanh toán khi giao hàng,Đang xử lý,huynhdangthong,Phát trực tiếp,7653454990203194128,fixed commission,,,,7,291750,20423,,,,,,,,0,0,20/06/2026 20:09:12,20/06/2026 20:09:48,20/06/2026 20:09:49,24/06/2026 09:08:03,,27/06/2026 08:55:31,TTS,Open/Target Collaboration
584623870401414357,1735734318844052700,"[KOL huynhdangthong x LPM] Sữa Tắm/Gel Tắm Pháp Le Petit Marseillais Chiết Xuất Thiên Nhiên 650ml - Sữa Tắm Lưu Hương Lành Tính - Dịu Nhẹ, An Toàn Cho Da","Hoa Tiare, Standard",1735734212754703580,ST68816,291750,531214,VND,1,Thanh toán khi giao hàng,Đang xử lý,huynhdangthong,Phát trực tiếp,7653454990203194128,fixed commission,,,,7,291750,20423,,,,,,,,0,0,20/06/2026 20:09:12,23/06/2026 19:17:13,20/06/2026 20:09:14,23/06/2026 19:17:13,,26/06/2026 09:31:36,TTS,Open/Target Collaboration
584623932404696286,1735734318844052700,"[KOL huynhdangthong x LPM] Sữa Tắm/Gel Tắm Pháp Le Petit Marseillais Chiết Xuất Thiên Nhiên 650ml - Sữa Tắm Lưu Hương Lành Tính - Dịu Nhẹ, An Toàn Cho Da","Thông & Bạch Đàn Biển, Standard",1735734212754506972,ST01902,389000,531214,VND,1,Thanh toán khi giao hàng,Đang xử lý,huynhdangthong,Phát trực tiếp,7653454990203194128,fixed commission,,,,7,389000,27230,,,,,,,,0,0,20/06/2026 20:09:17,23/06/2026 19:15:32,20/06/2026 20:09:18,23/06/2026 19:15:32,,26/06/2026 10:43:09,TTS,Open/Target Collaboration
584623919356544963,1735734318844052700,"[KOL huynhdangthong x LPM] Sữa Tắm/Gel Tắm Pháp Le Petit Marseillais Chiết Xuất Thiên Nhiên 650ml - Sữa Tắm Lưu Hương Lành Tính - Dịu Nhẹ, An Toàn Cho Da","Hoa Tiare, Standard",1735734212754703580,ST68816,283650,543286,VND,1,Thanh toán khi giao hàng,Đã hủy,huynhdangthong,Phát trực tiếp,7653454990203194128,fixed commission,0,0,0,7,283650,19856,,,,,,,,0,0,20/06/2026 20:09:19,,20/06/2026 20:09:20,,,,TTS,Open/Target Collaboration
584623900095383015,1735734318844052700,"[KOL huynhdangthong x LPM] Sữa Tắm/Gel Tắm Pháp Le Petit Marseillais Chiết Xuất Thiên Nhiên 650ml - Sữa Tắm Lưu Hương Lành Tính - Dịu Nhẹ, An Toàn Cho Da","Thông & Bạch Đàn Biển, Standard",1735734212754506972,ST01902,291750,558571,VND,1,Thanh toán khi giao hàng,Đã hủy,huynhdangthong,Phát trực tiếp,7653454990203194128,fixed commission,0,0,0,7,291750,20423,,,,,,,,0,0,20/06/2026 20:09:23,,20/06/2026 20:09:25,,,,TTS,Open/Target Collaboration
584623902652400828,1735734318844052700,"[KOL huynhdangthong x LPM] Sữa Tắm/Gel Tắm Pháp Le Petit Marseillais Chiết Xuất Thiên Nhiên 650ml - Sữa Tắm Lưu Hương Lành Tính - Dịu Nhẹ, An Toàn Cho Da","Hương Xoài & Chanh Dây, Standard",1735734212754769116,ST68823,291750,531214,VND,1,Thanh toán khi giao hàng,Đã hủy,huynhdangthong,Phát trực tiếp,7653454990203194128,fixed commission,0,0,0,7,291750,20423,,,,,,,,0,0,20/06/2026 20:09:29,,20/06/2026 20:09:30,,,,TTS,Open/Target Collaboration
584623871185224918,1735734318844052700,"[KOL huynhdangthong x LPM] Sữa Tắm/Gel Tắm Pháp Le Petit Marseillais Chiết Xuất Thiên Nhiên 650ml - Sữa Tắm Lưu Hương Lành Tính - Dịu Nhẹ, An Toàn Cho Da","Hoa Tiare, Standard",1735734212754703580,ST68816,291750,543286,VND,1,Thanh toán khi giao hàng,Đang xử lý,huynhdangthong,Phát trực tiếp,7653454990203194128,fixed commission,,,,7,291750,20423,,,,,,,,0,0,20/06/2026 20:09:29,23/06/2026 13:19:38,20/06/2026 20:09:33,23/06/2026 13:19:38,,26/06/2026 10:31:27,TTS,Open/Target Collaboration
584623871185224918,1735791362076869852,Sữa Tắm Dạng Kem Le Petit Marseillais Bông Và Hoa Anh Túc 250ml  92% Thiên Nhiên Siêu Dịu Nhẹ,Mặc định,1735791937064830172,ST65434,0,9714,VND,1,Thanh toán khi giao hàng,Đang xử lý,iflytek02,Chương trình Lưu lượng truy cập bên ngoài,,fixed commission,,,,,0,,,,,,,,,0,0,20/06/2026 20:09:29,23/06/2026 13:19:38,20/06/2026 20:09:33,23/06/2026 13:19:38,,26/06/2026 10:31:27,TTS,Open/Target Collaboration
584624028196701602,1735734318844052700,"[KOL huynhdangthong x LPM] Sữa Tắm/Gel Tắm Pháp Le Petit Marseillais Chiết Xuất Thiên Nhiên 650ml - Sữa Tắm Lưu Hương Lành Tính - Dịu Nhẹ, An Toàn Cho Da","Hoa Cam, Standard",1735734212755096796,ST39109,291750,531214,VND,1,Thanh toán khi giao hàng,Đang xử lý,huynhdangthong,Phát trực tiếp,7653454990203194128,fixed commission,,,,7,291750,20423,,,,,,,,0,0,20/06/2026 20:09:33,23/06/2026 14:17:29,20/06/2026 20:09:37,23/06/2026 14:17:29,,26/06/2026 11:23:27,TTS,Open/Target Collaboration
584623871173953520,1732251815880067292,"Sữa Tắm Pháp Le Petit Marseillais Cho Nam Chiết Xuất Thiên Nhiên 4in1 Nhiều Mùi Hương Dưỡng Ẩm, Thơm Lâu - Phù Hợp Mọi Loại Da (250ml)","Hương Thông & Bạch Đàn Biển, Standard",1732251749141154012,ST01356,153750,275792,VND,1,Không áp dụng thanh toán khi giao hàng,Đang xử lý,huynhdangthong,Phát trực tiếp,7653454990203194128,fixed commission,,,,7,153750,10763,,,,,,,,0,0,20/06/2026 20:09:42,20/06/2026 20:09:46,20/06/2026 20:09:47,23/06/2026 10:53:15,,26/06/2026 07:51:57,TTS,Open/Target Collaboration
584623871173953520,1735734318844052700,"[KOL huynhdangthong x LPM] Sữa Tắm/Gel Tắm Pháp Le Petit Marseillais Chiết Xuất Thiên Nhiên 650ml - Sữa Tắm Lưu Hương Lành Tính - Dịu Nhẹ, An Toàn Cho Da","Đào Trắng & Quả Xuân Đào, Standard",1735734212754834652,ST01288,291750,526583,VND,1,Không áp dụng thanh toán khi giao hàng,Đang xử lý,huynhdangthong,Phát trực tiếp,7653454990203194128,fixed commission,,,,7,291750,20423,,,,,,,,0,0,20/06/2026 20:09:42,20/06/2026 20:09:46,20/06/2026 20:09:47,23/06/2026 10:53:15,,26/06/2026 07:51:57,TTS,Open/Target Collaboration
584623870248126358,1735734318844052700,"[KOL huynhdangthong x LPM] Sữa Tắm/Gel Tắm Pháp Le Petit Marseillais Chiết Xuất Thiên Nhiên 650ml - Sữa Tắm Lưu Hương Lành Tính - Dịu Nhẹ, An Toàn Cho Da","Dừa, Standard",1735734212754965724,ST06999,291750,543286,VND,1,Thanh toán khi giao hàng,Đang xử lý,huynhdangthong,Phát trực tiếp,7653454990203194128,fixed commission,,,,7,291750,20423,,,,,,,,0,0,20/06/2026 20:09:43,23/06/2026 20:16:46,20/06/2026 20:09:45,23/06/2026 20:16:46,,26/06/2026 10:15:24,TTS,Open/Target Collaboration
584623869308536110,1735734318844052700,"[KOL huynhdangthong x LPM] Sữa Tắm/Gel Tắm Pháp Le Petit Marseillais Chiết Xuất Thiên Nhiên 650ml - Sữa Tắm Lưu Hương Lành Tính - Dịu Nhẹ, An Toàn Cho Da","Hoa Tiare, Standard",1735734212754703580,ST68816,291750,550214,VND,1,Không áp dụng thanh toán khi giao hàng,Đang xử lý,huynhdangthong,Phát trực tiếp,7653454990203194128,fixed commission,,,,7,291750,20423,,,,,,,,0,0,20/06/2026 20:09:44,20/06/2026 20:09:48,20/06/2026 20:09:51,23/06/2026 16:06:47,,26/06/2026 10:54:24,TTS,Open/Target Collaboration
584623919309293558,1735734318844052700,"[KOL huynhdangthong x LPM] Sữa Tắm/Gel Tắm Pháp Le Petit Marseillais Chiết Xuất Thiên Nhiên 650ml - Sữa Tắm Lưu Hương Lành Tính - Dịu Nhẹ, An Toàn Cho Da","Hoa Tiare, Standard",1735734212754703580,ST68816,291750,543286,VND,1,Không áp dụng thanh toán khi giao hàng,Đã hoàn thành,huynhdangthong,Phát trực tiếp,7653454990203194128,fixed commission,,,,7,291750,20423,291750,20423,,,,,,1,0,20/06/2026 20:09:48,20/06/2026 20:10:16,20/06/2026 20:10:17,23/06/2026 15:23:59,29/06/2026 09:05:03,,TTS,Open/Target Collaboration
584623934486054600,1735734318844052700,"[KOL huynhdangthong x LPM] Sữa Tắm/Gel Tắm Pháp Le Petit Marseillais Chiết Xuất Thiên Nhiên 650ml - Sữa Tắm Lưu Hương Lành Tính - Dịu Nhẹ, An Toàn Cho Da","Hoa Tiare, Standard",1735734212754703580,ST68816,389000,547143,VND,1,Thanh toán khi giao hàng,Đã hủy,huynhdangthong,Phát trực tiếp,7653454990203194128,fixed commission,0,0,0,7,389000,27230,,,,,,,,0,0,20/06/2026 20:09:49,,20/06/2026 20:09:50,,,,TTS,Open/Target Collaboration
584623918773404903,1735734318844052700,"[KOL huynhdangthong x LPM] Sữa Tắm/Gel Tắm Pháp Le Petit Marseillais Chiết Xuất Thiên Nhiên 650ml - Sữa Tắm Lưu Hương Lành Tính - Dịu Nhẹ, An Toàn Cho Da","Hoa Tiare, Standard",1735734212754703580,ST68816,291650,531214,VND,1,Thanh toán khi giao hàng,Đang xử lý,huynhdangthong,Phát trực tiếp,7653454990203194128,fixed commission,,,,7,291650,20416,,,,,,,,0,0,20/06/2026 20:09:50,23/06/2026 10:47:16,20/06/2026 20:09:51,23/06/2026 10:47:16,,26/06/2026 13:17:44,TTS,Open/Target Collaboration
584623869963895847,1735734318844052700,"[KOL huynhdangthong x LPM] Sữa Tắm/Gel Tắm Pháp Le Petit Marseillais Chiết Xuất Thiên Nhiên 650ml - Sữa Tắm Lưu Hương Lành Tính - Dịu Nhẹ, An Toàn Cho Da","Thông & Bạch Đàn Biển, Standard",1735734212754506972,ST01902,291750,531143,VND,1,Thanh toán khi giao hàng,Đang xử lý,huynhdangthong,Phát trực tiếp,7653454990203194128,fixed commission,,,,,291750,,,,2,5835,,,,0,0,20/06/2026 20:09:51,23/06/2026 17:06:07,20/06/2026 20:09:52,23/06/2026 17:06:07,,26/06/2026 13:26:43,TTS,Open/Target Collaboration
584623856554772182,1735734318844052700,"[KOL huynhdangthong x LPM] Sữa Tắm/Gel Tắm Pháp Le Petit Marseillais Chiết Xuất Thiên Nhiên 650ml - Sữa Tắm Lưu Hương Lành Tính - Dịu Nhẹ, An Toàn Cho Da","Hoa Tiare, Standard",1735734212754703580,ST68816,291750,531214,VND,1,Thanh toán khi giao hàng,Đang xử lý,huynhdangthong,Phát trực tiếp,7653454990203194128,fixed commission,,,,7,291750,20423,,,,,,,,0,0,20/06/2026 20:09:53,23/06/2026 13:07:02,20/06/2026 20:09:55,23/06/2026 13:07:02,,26/06/2026 11:21:49,TTS,Open/Target Collaboration
584623871443305641,1735734318844052700,"[KOL huynhdangthong x LPM] Sữa Tắm/Gel Tắm Pháp Le Petit Marseillais Chiết Xuất Thiên Nhiên 650ml - Sữa Tắm Lưu Hương Lành Tính - Dịu Nhẹ, An Toàn Cho Da","Hoa Tiare, Standard",1735734212754703580,ST68816,291750,531214,VND,1,Không áp dụng thanh toán khi giao hàng,Đang xử lý,huynhdangthong,Phát trực tiếp,7653454990203194128,fixed commission,,,,7,291750,20423,,,,,,,,0,0,20/06/2026 20:10:00,20/06/2026 20:10:05,20/06/2026 20:10:06,23/06/2026 09:57:52,,26/06/2026 09:22:52,TTS,Open/Target Collaboration
584623871443305641,1735791362076869852,Sữa Tắm Dạng Kem Le Petit Marseillais Bông Và Hoa Anh Túc 250ml  92% Thiên Nhiên Siêu Dịu Nhẹ,Mặc định,1735791937064830172,ST65434,0,4886,VND,1,Không áp dụng thanh toán khi giao hàng,Đang xử lý,involveasiavn01,Chương trình Lưu lượng truy cập bên ngoài,,fixed commission,,,,,0,,,,,,,,,0,0,20/06/2026 20:10:00,20/06/2026 20:10:05,20/06/2026 20:10:06,23/06/2026 09:57:52,,26/06/2026 09:22:52,TTS,Open/Target Collaboration
584623888773580381,1735734318844052700,"[KOL huynhdangthong x LPM] Sữa Tắm/Gel Tắm Pháp Le Petit Marseillais Chiết Xuất Thiên Nhiên 650ml - Sữa Tắm Lưu Hương Lành Tính - Dịu Nhẹ, An Toàn Cho Da","Vani, Standard",1735734212754900188,ST00557,291750,558571,VND,1,Thanh toán khi giao hàng,Đang xử lý,huynhdangthong,Phát trực tiếp,7653454990203194128,fixed commission,,,,7,291750,20423,,,,,,,,0,0,20/06/2026 20:10:09,23/06/2026 12:07:22,20/06/2026 20:10:10,23/06/2026 12:07:22,,26/06/2026 09:33:36,TTS,Open/Target Collaboration
584624028344157451,1735734318844052700,"[KOL huynhdangthong x LPM] Sữa Tắm/Gel Tắm Pháp Le Petit Marseillais Chiết Xuất Thiên Nhiên 650ml - Sữa Tắm Lưu Hương Lành Tính - Dịu Nhẹ, An Toàn Cho Da","Hoa Tiare, Standard",1735734212754703580,ST68816,291750,547143,VND,1,Không áp dụng thanh toán khi giao hàng,Đang xử lý,huynhdangthong,Phát trực tiếp,7653454990203194128,fixed commission,,,,7,291750,20423,,,,,,,,0,0,20/06/2026 20:10:17,20/06/2026 20:10:22,20/06/2026 20:10:23,23/06/2026 14:50:46,,26/06/2026 13:08:49,TTS,Open/Target Collaboration
584623874096990115,1735734318844052700,"[KOL huynhdangthong x LPM] Sữa Tắm/Gel Tắm Pháp Le Petit Marseillais Chiết Xuất Thiên Nhiên 650ml - Sữa Tắm Lưu Hương Lành Tính - Dịu Nhẹ, An Toàn Cho Da","Sữa Thực Vật, Standard",1735734212755162332,ST00991,291750,534786,VND,1,Không áp dụng thanh toán khi giao hàng,Đang xử lý,huynhdangthong,Phát trực tiếp,7653454990203194128,fixed commission,,,,7,291750,20423,,,,,,,,0,0,20/06/2026 20:10:17,20/06/2026 20:10:19,20/06/2026 20:10:20,23/06/2026 11:44:14,,26/06/2026 11:36:13,TTS,Open/Target Collaboration
584623936197658177,1735734318844052700,"[KOL huynhdangthong x LPM] Sữa Tắm/Gel Tắm Pháp Le Petit Marseillais Chiết Xuất Thiên Nhiên 650ml - Sữa Tắm Lưu Hương Lành Tính - Dịu Nhẹ, An Toàn Cho Da","Hoa Tiare, Standard",1735734212754703580,ST68816,299530,531214,VND,1,Không áp dụng thanh toán khi giao hàng,Đang xử lý,huynhdangthong,Phát trực tiếp,7653454990203194128,fixed commission,,,,7,299530,20967,,,,,,,,0,0,20/06/2026 20:10:38,20/06/2026 20:10:43,20/06/2026 20:10:44,23/06/2026 18:35:42,,26/06/2026 09:05:05,TTS,Open/Target Collaboration
584623962004948469,1735734318844052700,"[KOL huynhdangthong x LPM] Sữa Tắm/Gel Tắm Pháp Le Petit Marseillais Chiết Xuất Thiên Nhiên 650ml - Sữa Tắm Lưu Hương Lành Tính - Dịu Nhẹ, An Toàn Cho Da","Thông & Bạch Đàn Biển, Standard",1735734212754506972,ST01902,291750,534786,VND,1,Thanh toán khi giao hàng,Đã hủy,huynhdangthong,Phát trực tiếp,7653454990203194128,fixed commission,0,0,0,,291750,,,,2,5835,,,,0,0,20/06/2026 20:11:11,,20/06/2026 20:11:12,,,,TTS,Open/Target Collaboration
584623980170545008,1735734318844052700,"[KOL huynhdangthong x LPM] Sữa Tắm/Gel Tắm Pháp Le Petit Marseillais Chiết Xuất Thiên Nhiên 650ml - Sữa Tắm Lưu Hương Lành Tính - Dịu Nhẹ, An Toàn Cho Da","Thông & Bạch Đàn Biển, Standard",1735734212754506972,ST01902,291750,531214,VND,1,Thanh toán khi giao hàng,Đang xử lý,huynhdangthong,Phát trực tiếp,7653454990203194128,fixed commission,,,,7,291750,20423,,,,,,,,0,0,20/06/2026 20:11:35,23/06/2026 11:11:18,20/06/2026 20:11:36,23/06/2026 11:11:18,,26/06/2026 08:03:40,TTS,Open/Target Collaboration
584623904860112359,1735734318844052700,"[KOL huynhdangthong x LPM] Sữa Tắm/Gel Tắm Pháp Le Petit Marseillais Chiết Xuất Thiên Nhiên 650ml - Sữa Tắm Lưu Hương Lành Tính - Dịu Nhẹ, An Toàn Cho Da","Thông & Bạch Đàn Biển, Standard",1735734212754506972,ST01902,291750,558571,VND,1,Thanh toán khi giao hàng,Đang xử lý,huynhdangthong,Phát trực tiếp,7653454990203194128,fixed commission,,,,7,291750,20423,,,,,,,,0,0,20/06/2026 20:11:54,24/06/2026 15:53:59,20/06/2026 20:11:56,24/06/2026 15:53:59,,27/06/2026 13:34:32,TTS,Open/Target Collaboration
584623952027944256,1735734318844052700,"[KOL huynhdangthong x LPM] Sữa Tắm/Gel Tắm Pháp Le Petit Marseillais Chiết Xuất Thiên Nhiên 650ml - Sữa Tắm Lưu Hương Lành Tính - Dịu Nhẹ, An Toàn Cho Da","Hoa Tiare, Standard",1735734212754703580,ST68816,291750,534786,VND,1,Không áp dụng thanh toán khi giao hàng,Đang xử lý,huynhdangthong,Phát trực tiếp,7653454990203194128,fixed commission,,,,7,291750,20423,,,,,,,,0,0,20/06/2026 20:12:26,20/06/2026 20:12:28,20/06/2026 20:12:29,23/06/2026 21:58:48,,26/06/2026 07:47:54,TTS,Open/Target Collaboration
584624013207504670,1735734318844052700,"[KOL huynhdangthong x LPM] Sữa Tắm/Gel Tắm Pháp Le Petit Marseillais Chiết Xuất Thiên Nhiên 650ml - Sữa Tắm Lưu Hương Lành Tính - Dịu Nhẹ, An Toàn Cho Da","Hoa Tiare, Standard",1735734212754703580,ST68816,291750,531214,VND,1,Thanh toán khi giao hàng,Đã hủy,huynhdangthong,Phát trực tiếp,7653454990203194128,fixed commission,0,0,0,7,291750,20423,,,,,,,,0,0,20/06/2026 20:12:32,,20/06/2026 20:12:34,,,,TTS,Open/Target Collaboration
584623982149600758,1735734318844052700,"[KOL huynhdangthong x LPM] Sữa Tắm/Gel Tắm Pháp Le Petit Marseillais Chiết Xuất Thiên Nhiên 650ml - Sữa Tắm Lưu Hương Lành Tính - Dịu Nhẹ, An Toàn Cho Da","Thông & Bạch Đàn Biển, Standard",1735734212754506972,ST01902,291750,534786,VND,1,Không áp dụng thanh toán khi giao hàng,Đang xử lý,huynhdangthong,Phát trực tiếp,7653454990203194128,fixed commission,,,,7,291750,20423,,,,,,,,0,0,20/06/2026 20:12:56,20/06/2026 20:13:02,20/06/2026 20:13:02,23/06/2026 17:16:55,,26/06/2026 11:45:52,TTS,Open/Target Collaboration
584623982149600758,1735791362076869852,Sữa Tắm Dạng Kem Le Petit Marseillais Bông Và Hoa Anh Túc 250ml  92% Thiên Nhiên Siêu Dịu Nhẹ,Mặc định,1735791937064830172,ST65434,0,6314,VND,1,Không áp dụng thanh toán khi giao hàng,Đang xử lý,le.dao321,Chương trình Lưu lượng truy cập bên ngoài,,fixed commission,,,,,0,,,,,,,,,0,0,20/06/2026 20:12:56,20/06/2026 20:13:02,20/06/2026 20:13:02,23/06/2026 17:16:55,,26/06/2026 11:45:52,TTS,Open/Target Collaboration
584623985244014111,1735734318844052700,"[KOL huynhdangthong x LPM] Sữa Tắm/Gel Tắm Pháp Le Petit Marseillais Chiết Xuất Thiên Nhiên 650ml - Sữa Tắm Lưu Hương Lành Tính - Dịu Nhẹ, An Toàn Cho Da","Hương Xoài & Chanh Dây, Standard",1735734212754769116,ST68823,291750,531214,VND,1,Thanh toán khi giao hàng,Đã hủy,huynhdangthong,Phát trực tiếp,7653454990203194128,fixed commission,0,0,0,7,291750,20423,,,,,,,,0,0,20/06/2026 20:12:59,,20/06/2026 20:13:00,,,,TTS,Open/Target Collaboration
584623954341954696,1735791362076869852,Sữa Tắm Dạng Kem Le Petit Marseillais Bông Và Hoa Anh Túc 250ml  92% Thiên Nhiên Siêu Dịu Nhẹ,Mặc định,1735791937064830172,ST65434,0,11257,VND,1,Thanh toán khi giao hàng,Đang xử lý,mittthui1205,Chương trình Lưu lượng truy cập bên ngoài,,fixed commission,,,,,0,,,,,,,,,0,0,20/06/2026 20:13:09,23/06/2026 09:28:47,20/06/2026 20:13:10,23/06/2026 09:28:47,,26/06/2026 08:17:05,TTS,Open/Target Collaboration
584623954341954696,1735734318844052700,"[KOL huynhdangthong x LPM] Sữa Tắm/Gel Tắm Pháp Le Petit Marseillais Chiết Xuất Thiên Nhiên 650ml - Sữa Tắm Lưu Hương Lành Tính - Dịu Nhẹ, An Toàn Cho Da","Hoa Tiare, Standard",1735734212754703580,ST68816,283250,547143,VND,1,Thanh toán khi giao hàng,Đang xử lý,huynhdangthong,Phát trực tiếp,7653454990203194128,fixed commission,,,,7,283250,19828,,,,,,,,0,0,20/06/2026 20:13:09,23/06/2026 09:28:47,20/06/2026 20:13:10,23/06/2026 09:28:47,,26/06/2026 08:17:05,TTS,Open/Target Collaboration
584623940647486995,1735734318844052700,"[KOL huynhdangthong x LPM] Sữa Tắm/Gel Tắm Pháp Le Petit Marseillais Chiết Xuất Thiên Nhiên 650ml - Sữa Tắm Lưu Hương Lành Tính - Dịu Nhẹ, An Toàn Cho Da","Thông & Bạch Đàn Biển, Standard",1735734212754506972,ST01902,291750,558571,VND,1,Thanh toán khi giao hàng,Đang xử lý,huynhdangthong,Phát trực tiếp,7653454990203194128,fixed commission,,,,7,291750,20423,,,,,,,,0,0,20/06/2026 20:13:17,23/06/2026 17:20:18,20/06/2026 20:13:18,23/06/2026 17:20:18,,26/06/2026 12:47:00,TTS,Open/Target Collaboration
584623968721471205,1735734318844052700,"[KOL huynhdangthong x LPM] Sữa Tắm/Gel Tắm Pháp Le Petit Marseillais Chiết Xuất Thiên Nhiên 650ml - Sữa Tắm Lưu Hương Lành Tính - Dịu Nhẹ, An Toàn Cho Da","Đào Trắng & Quả Xuân Đào, Standard",1735734212754834652,ST01288,291750,531214,VND,1,Không áp dụng thanh toán khi giao hàng,Đang xử lý,huynhdangthong,Phát trực tiếp,7653454990203194128,fixed commission,,,,7,291750,20423,,,,,,,,0,0,20/06/2026 20:13:50,20/06/2026 20:13:53,20/06/2026 20:13:54,23/06/2026 08:52:40,,26/06/2026 08:43:02,TTS,Open/Target Collaboration
584623957459043443,1735734318844052700,"[KOL huynhdangthong x LPM] Sữa Tắm/Gel Tắm Pháp Le Petit Marseillais Chiết Xuất Thiên Nhiên 650ml - Sữa Tắm Lưu Hương Lành Tính - Dịu Nhẹ, An Toàn Cho Da","Hoa Tiare, Standard",1735734212754703580,ST68816,286750,531214,VND,1,Thanh toán khi giao hàng,Đã hủy,huynhdangthong,Phát trực tiếp,7653454990203194128,fixed commission,0,0,0,7,286750,20073,,,,,,,,0,0,20/06/2026 20:14:23,,20/06/2026 20:14:24,,,,TTS,Open/Target Collaboration
584623989034026732,1735734318844052700,"[KOL huynhdangthong x LPM] Sữa Tắm/Gel Tắm Pháp Le Petit Marseillais Chiết Xuất Thiên Nhiên 650ml - Sữa Tắm Lưu Hương Lành Tính - Dịu Nhẹ, An Toàn Cho Da","Hoa Cam, Standard",1735734212755096796,ST39109,283750,531214,VND,1,Thanh toán khi giao hàng,Đã hủy,huynhdangthong,Phát trực tiếp,7653454990203194128,fixed commission,0,0,0,7,283750,19863,,,,,,,,0,0,20/06/2026 20:14:50,,20/06/2026 20:14:51,,,,TTS,Open/Target Collaboration
584624017362552284,1735734318844052700,"[KOL huynhdangthong x LPM] Sữa Tắm/Gel Tắm Pháp Le Petit Marseillais Chiết Xuất Thiên Nhiên 650ml - Sữa Tắm Lưu Hương Lành Tính - Dịu Nhẹ, An Toàn Cho Da","Hoa Tiare, Standard",1735734212754703580,ST68816,291750,531214,VND,1,Không áp dụng thanh toán khi giao hàng,Đang xử lý,huynhdangthong,Phát trực tiếp,7653454990203194128,fixed commission,,,,7,291750,20423,,,,,,,,0,0,20/06/2026 20:14:53,20/06/2026 20:14:58,20/06/2026 20:14:59,23/06/2026 11:17:02,,26/06/2026 07:13:55,TTS,Open/Target Collaboration
584624002576647333,1735734318844052700,"[KOL huynhdangthong x LPM] Sữa Tắm/Gel Tắm Pháp Le Petit Marseillais Chiết Xuất Thiên Nhiên 650ml - Sữa Tắm Lưu Hương Lành Tính - Dịu Nhẹ, An Toàn Cho Da","Hoa Tiare, Standard",1735734212754703580,ST68816,291750,531214,VND,1,Thanh toán khi giao hàng,Đang xử lý,huynhdangthong,Phát trực tiếp,7653454990203194128,fixed commission,,,,7,291750,20423,,,,,,,,0,0,20/06/2026 20:15:49,23/06/2026 09:49:18,20/06/2026 20:16:14,23/06/2026 09:49:18,,26/06/2026 08:47:08,TTS,Open/Target Collaboration
584624005450401389,1735734318844052700,"[KOL huynhdangthong x LPM] Sữa Tắm/Gel Tắm Pháp Le Petit Marseillais Chiết Xuất Thiên Nhiên 650ml - Sữa Tắm Lưu Hương Lành Tính - Dịu Nhẹ, An Toàn Cho Da","Thông & Bạch Đàn Biển, Standard",1735734212754506972,ST01902,291750,531214,VND,1,Thanh toán khi giao hàng,Đang xử lý,huynhdangthong,Phát trực tiếp,7653454990203194128,fixed commission,,,,7,291750,20423,,,,,,,,0,0,20/06/2026 20:16:42,23/06/2026 18:16:42,20/06/2026 20:16:43,23/06/2026 18:16:42,,26/06/2026 09:19:16,TTS,Open/Target Collaboration
584624022806497216,1735734318844052700,"[KOL huynhdangthong x LPM] Sữa Tắm/Gel Tắm Pháp Le Petit Marseillais Chiết Xuất Thiên Nhiên 650ml - Sữa Tắm Lưu Hương Lành Tính - Dịu Nhẹ, An Toàn Cho Da","Hoa Tiare, Standard",1735734212754703580,ST68816,291750,547143,VND,1,Thanh toán khi giao hàng,Đã hủy,huynhdangthong,Phát trực tiếp,7653454990203194128,fixed commission,0,0,0,7,291750,20423,,,,,,,,0,0,20/06/2026 20:16:43,,20/06/2026 20:16:48,,,,TTS,Open/Target Collaboration
584624050415765424,1735734318844052700,"[KOL huynhdangthong x LPM] Sữa Tắm/Gel Tắm Pháp Le Petit Marseillais Chiết Xuất Thiên Nhiên 650ml - Sữa Tắm Lưu Hương Lành Tính - Dịu Nhẹ, An Toàn Cho Da","Hoa Tiare, Standard",1735734212754703580,ST68816,291750,547143,VND,1,Thanh toán khi giao hàng,Đang xử lý,huynhdangthong,Phát trực tiếp,7653454990203194128,fixed commission,,,,7,291750,20423,,,,,,,,0,0,20/06/2026 20:17:04,23/06/2026 21:12:05,20/06/2026 20:17:06,23/06/2026 21:12:05,,26/06/2026 08:14:00,TTS,Open/Target Collaboration
584624148947240103,1735734318844052700,"[KOL huynhdangthong x LPM] Sữa Tắm/Gel Tắm Pháp Le Petit Marseillais Chiết Xuất Thiên Nhiên 650ml - Sữa Tắm Lưu Hương Lành Tính - Dịu Nhẹ, An Toàn Cho Da","Vani, Standard",1735734212754900188,ST00557,286530,547143,VND,1,Thanh toán khi giao hàng,Đã hủy,huynhdangthong,Phát trực tiếp,7653454990203194128,fixed commission,0,0,0,7,286530,20057,,,,,,,,0,0,20/06/2026 20:17:47,,20/06/2026 20:17:48,,,,TTS,Open/Target Collaboration
584624025640798198,1735734318844052700,"[KOL huynhdangthong x LPM] Sữa Tắm/Gel Tắm Pháp Le Petit Marseillais Chiết Xuất Thiên Nhiên 650ml - Sữa Tắm Lưu Hương Lành Tính - Dịu Nhẹ, An Toàn Cho Da","Dừa, Standard",1735734212754965724,ST06999,290650,531214,VND,1,Thanh toán khi giao hàng,Đã hủy,huynhdangthong,Phát trực tiếp,7653454990203194128,fixed commission,0,0,0,7,290650,20346,,,,,,,,0,0,20/06/2026 20:18:27,,20/06/2026 20:18:29,,,,TTS,Open/Target Collaboration
584624056678253815,1735734318844052700,"[KOL huynhdangthong x LPM] Sữa Tắm/Gel Tắm Pháp Le Petit Marseillais Chiết Xuất Thiên Nhiên 650ml - Sữa Tắm Lưu Hương Lành Tính - Dịu Nhẹ, An Toàn Cho Da","Hoa Cam, Standard",1735734212755096796,ST39109,291750,547143,VND,1,Thanh toán khi giao hàng,Đã hủy,huynhdangthong,Phát trực tiếp,7653454990203194128,fixed commission,0,0,0,7,291750,20423,,,,,,,,0,0,20/06/2026 20:19:42,,20/06/2026 20:19:43,,,,TTS,Open/Target Collaboration
584624087085712674,1735734318844052700,"[KOL huynhdangthong x LPM] Sữa Tắm/Gel Tắm Pháp Le Petit Marseillais Chiết Xuất Thiên Nhiên 650ml - Sữa Tắm Lưu Hương Lành Tính - Dịu Nhẹ, An Toàn Cho Da","Hoa Tiare, Standard",1735734212754703580,ST68816,389000,543286,VND,1,Thanh toán khi giao hàng,Đang xử lý,huynhdangthong,Phát trực tiếp,7653454990203194128,fixed commission,,,,7,389000,27230,,,,,,,,0,0,20/06/2026 20:20:31,23/06/2026 19:48:26,20/06/2026 20:20:32,23/06/2026 19:48:26,,26/06/2026 11:25:12,TTS,Open/Target Collaboration
584624102960432214,1735734318844052700,"[KOL huynhdangthong x LPM] Sữa Tắm/Gel Tắm Pháp Le Petit Marseillais Chiết Xuất Thiên Nhiên 650ml - Sữa Tắm Lưu Hương Lành Tính - Dịu Nhẹ, An Toàn Cho Da","Dừa, Standard",1735734212754965724,ST06999,283550,531214,VND,1,Thanh toán khi giao hàng,Đang xử lý,huynhdangthong,Phát trực tiếp,7653454990203194128,fixed commission,,,,7,283550,19849,,,,,,,,0,0,20/06/2026 20:20:45,23/06/2026 12:58:56,20/06/2026 20:20:46,23/06/2026 12:58:56,,26/06/2026 11:13:18,TTS,Open/Target Collaboration
584624086326936969,1732250760944257244,"Sữa Tắm/Gel Tắm Pháp Le Petit Marseillais Chiết Xuất Thiên Nhiên 650ml - Sữa Tắm Lưu Hương Lành Tính - Dịu Nhẹ, An Toàn Cho Da","Hoa Tiare, Standard",1732250801268885724,ST68816,324000,530400,VND,1,Thanh toán khi giao hàng,Đang xử lý,lepetitmarseillaisvn,Phát trực tiếp,7653447169911884552,fixed commission,,,,,324000,,,,,,,,,0,0,20/06/2026 20:21:26,23/06/2026 14:15:12,20/06/2026 20:21:28,23/06/2026 14:15:12,,,TTS,Open/Target Collaboration
584624086326936969,1731317167366243548,[Quà tặng không bán] Bông Tắm Tạo Bọt Mềm Mịn,Mặc định,1731317148230255836,BONG TAM HQ,0,5700,VND,1,Thanh toán khi giao hàng,Đang xử lý,lepetitmarseillaisvn,Phát trực tiếp,7653447169911884552,fixed commission,,,,,0,,,,,,,,,0,0,20/06/2026 20:21:26,23/06/2026 14:15:12,20/06/2026 20:21:28,23/06/2026 14:15:12,,,TTS,Open/Target Collaboration
584624231300761509,1735734318844052700,"[KOL huynhdangthong x LPM] Sữa Tắm/Gel Tắm Pháp Le Petit Marseillais Chiết Xuất Thiên Nhiên 650ml - Sữa Tắm Lưu Hương Lành Tính - Dịu Nhẹ, An Toàn Cho Da","Hương Xoài & Chanh Dây, Standard",1735734212754769116,ST68823,291750,531214,VND,1,Không áp dụng thanh toán khi giao hàng,Đã hủy,huynhdangthong,Phát trực tiếp,7653454990203194128,fixed commission,,,,7,291750,20423,,,,,,,,0,0,20/06/2026 20:26:17,20/06/2026 20:26:22,20/06/2026 20:26:22,,,,TTS,Open/Target Collaboration
584624148063553247,1735734318844052700,"[KOL huynhdangthong x LPM] Sữa Tắm/Gel Tắm Pháp Le Petit Marseillais Chiết Xuất Thiên Nhiên 650ml - Sữa Tắm Lưu Hương Lành Tính - Dịu Nhẹ, An Toàn Cho Da","Hoa Tiare, Standard",1735734212754703580,ST68816,291750,531214,VND,1,Không áp dụng thanh toán khi giao hàng,Đang xử lý,huynhdangthong,Phát trực tiếp,7653454990203194128,fixed commission,,,,7,291750,20423,,,,,,,,0,0,20/06/2026 20:26:41,20/06/2026 20:26:43,20/06/2026 20:26:43,23/06/2026 12:36:12,,26/06/2026 12:45:57,TTS,Open/Target Collaboration
584624148063553247,1735791362076869852,Sữa Tắm Dạng Kem Le Petit Marseillais Bông Và Hoa Anh Túc 250ml  92% Thiên Nhiên Siêu Dịu Nhẹ,Mặc định,1735791937064830172,ST65434,0,4886,VND,1,Không áp dụng thanh toán khi giao hàng,Đang xử lý,lepetitmarseillaisvn,Phát trực tiếp,7653447169911884552,fixed commission,,,,,0,,,,,,,,,0,0,20/06/2026 20:26:41,20/06/2026 20:26:43,20/06/2026 20:26:43,23/06/2026 12:36:12,,26/06/2026 12:45:57,TTS,Open/Target Collaboration
584624285673358503,1735734318844052700,"[KOL huynhdangthong x LPM] Sữa Tắm/Gel Tắm Pháp Le Petit Marseillais Chiết Xuất Thiên Nhiên 650ml - Sữa Tắm Lưu Hương Lành Tính - Dịu Nhẹ, An Toàn Cho Da","Hoa Tiare, Standard",1735734212754703580,ST68816,268530,547143,VND,1,Thanh toán khi giao hàng,Đang xử lý,huynhdangthong,Phát trực tiếp,7653454990203194128,fixed commission,,,,7,268530,18797,,,,,,,,0,0,20/06/2026 20:27:44,23/06/2026 12:05:47,20/06/2026 20:27:46,23/06/2026 12:05:47,,26/06/2026 12:20:51,TTS,Open/Target Collaboration
584624285673358503,1735791362076869852,Sữa Tắm Dạng Kem Le Petit Marseillais Bông Và Hoa Anh Túc 250ml  92% Thiên Nhiên Siêu Dịu Nhẹ,Mặc định,1735791937064830172,ST65434,0,11257,VND,1,Thanh toán khi giao hàng,Đang xử lý,atvncreator,Chương trình Lưu lượng truy cập bên ngoài,,fixed commission,,,,,0,,,,,,,,,0,0,20/06/2026 20:27:44,23/06/2026 12:05:47,20/06/2026 20:27:46,23/06/2026 12:05:47,,26/06/2026 12:20:51,TTS,Open/Target Collaboration
584624194430534745,1735734318844052700,"[KOL huynhdangthong x LPM] Sữa Tắm/Gel Tắm Pháp Le Petit Marseillais Chiết Xuất Thiên Nhiên 650ml - Sữa Tắm Lưu Hương Lành Tính - Dịu Nhẹ, An Toàn Cho Da","Thông & Bạch Đàn Biển, Standard",1735734212754506972,ST01902,291750,536333,VND,1,Không áp dụng thanh toán khi giao hàng,Đang xử lý,huynhdangthong,Phát trực tiếp,7653454990203194128,fixed commission,,,,7,291750,20423,,,,,,,,0,0,20/06/2026 20:28:04,20/06/2026 20:28:09,20/06/2026 20:28:10,23/06/2026 10:35:26,,26/06/2026 08:44:09,TTS,Open/Target Collaboration
584624194430534745,1735734318844052700,"[KOL huynhdangthong x LPM] Sữa Tắm/Gel Tắm Pháp Le Petit Marseillais Chiết Xuất Thiên Nhiên 650ml - Sữa Tắm Lưu Hương Lành Tính - Dịu Nhẹ, An Toàn Cho Da","Hoa Tiare, Standard",1735734212754703580,ST68816,291750,536334,VND,1,Không áp dụng thanh toán khi giao hàng,Đang xử lý,huynhdangthong,Phát trực tiếp,7653454990203194128,fixed commission,,,,7,291750,20423,,,,,,,,0,0,20/06/2026 20:28:04,20/06/2026 20:28:09,20/06/2026 20:28:10,23/06/2026 10:35:26,,26/06/2026 08:44:09,TTS,Open/Target Collaboration
584624286998299911,1735734318844052700,"[KOL huynhdangthong x LPM] Sữa Tắm/Gel Tắm Pháp Le Petit Marseillais Chiết Xuất Thiên Nhiên 650ml - Sữa Tắm Lưu Hương Lành Tính - Dịu Nhẹ, An Toàn Cho Da","Thông & Bạch Đàn Biển, Standard",1735734212754506972,ST01902,291750,532045,VND,1,Thanh toán khi giao hàng,Đã hủy,huynhdangthong,Phát trực tiếp,7653454990203194128,fixed commission,0,0,0,7,291750,20423,,,,,,,,0,0,20/06/2026 20:28:31,,20/06/2026 20:28:33,,,,TTS,Open/Target Collaboration
584624286998299911,1735734318844052700,"[KOL huynhdangthong x LPM] Sữa Tắm/Gel Tắm Pháp Le Petit Marseillais Chiết Xuất Thiên Nhiên 650ml - Sữa Tắm Lưu Hương Lành Tính - Dịu Nhẹ, An Toàn Cho Da","Hương Chanh & Bưởi Hồng, Standard",1735734212754638044,ST01868,291750,532046,VND,1,Thanh toán khi giao hàng,Đã hủy,huynhdangthong,Phát trực tiếp,7653454990203194128,fixed commission,0,0,0,7,291750,20423,,,,,,,,0,0,20/06/2026 20:28:31,,20/06/2026 20:28:33,,,,TTS,Open/Target Collaboration
584624286998299911,1735734318844052700,"[KOL huynhdangthong x LPM] Sữa Tắm/Gel Tắm Pháp Le Petit Marseillais Chiết Xuất Thiên Nhiên 650ml - Sữa Tắm Lưu Hương Lành Tính - Dịu Nhẹ, An Toàn Cho Da","Dừa, Standard",1735734212754965724,ST06999,291750,532045,VND,1,Thanh toán khi giao hàng,Đã hủy,huynhdangthong,Phát trực tiếp,7653454990203194128,fixed commission,0,0,0,7,291750,20423,,,,,,,,0,0,20/06/2026 20:28:31,,20/06/2026 20:28:33,,,,TTS,Open/Target Collaboration
584624286998299911,1735734318844052700,"[KOL huynhdangthong x LPM] Sữa Tắm/Gel Tắm Pháp Le Petit Marseillais Chiết Xuất Thiên Nhiên 650ml - Sữa Tắm Lưu Hương Lành Tính - Dịu Nhẹ, An Toàn Cho Da","Sữa Thực Vật, Standard",1735734212755162332,ST00991,291750,532046,VND,1,Thanh toán khi giao hàng,Đã hủy,huynhdangthong,Phát trực tiếp,7653454990203194128,fixed commission,0,0,0,7,291750,20423,,,,,,,,0,0,20/06/2026 20:28:31,,20/06/2026 20:28:33,,,,TTS,Open/Target Collaboration
584624180549092723,1732251815880067292,"Sữa Tắm Pháp Le Petit Marseillais Cho Nam Chiết Xuất Thiên Nhiên 4in1 Nhiều Mùi Hương Dưỡng Ẩm, Thơm Lâu - Phù Hợp Mọi Loại Da (250ml)","Hương Gỗ Tuyết Tùng & Dương Xỉ, Standard",1732251749141219548,ST01172,174250,282450,VND,1,Không áp dụng thanh toán khi giao hàng,Đang xử lý,huynhdangthong,Phát trực tiếp,7653454990203194128,fixed commission,,,,7,174250,12198,,,,,,,,0,0,20/06/2026 20:29:41,20/06/2026 20:29:47,20/06/2026 20:29:47,23/06/2026 14:57:16,,26/06/2026 12:56:16,TTS,Open/Target Collaboration
584624229262722817,1735734318844052700,"[KOL huynhdangthong x LPM] Sữa Tắm/Gel Tắm Pháp Le Petit Marseillais Chiết Xuất Thiên Nhiên 650ml - Sữa Tắm Lưu Hương Lành Tính - Dịu Nhẹ, An Toàn Cho Da","Hoa Tiare, Standard",1735734212754703580,ST68816,389000,543286,VND,1,Thanh toán khi giao hàng,Đã hủy,huynhdangthong,Phát trực tiếp,7653454990203194128,fixed commission,0,0,0,7,389000,27230,,,,,,,,0,0,20/06/2026 20:29:57,,20/06/2026 20:29:59,,,,TTS,Open/Target Collaboration
584624254699210661,1735734318844052700,"[KOL huynhdangthong x LPM] Sữa Tắm/Gel Tắm Pháp Le Petit Marseillais Chiết Xuất Thiên Nhiên 650ml - Sữa Tắm Lưu Hương Lành Tính - Dịu Nhẹ, An Toàn Cho Da","Hoa Cam, Standard",1735734212755096796,ST39109,291750,531214,VND,1,Không áp dụng thanh toán khi giao hàng,Đang xử lý,huynhdangthong,Phát trực tiếp,7653454990203194128,fixed commission,,,,7,291750,20423,,,,,,,,0,0,20/06/2026 20:30:24,20/06/2026 20:30:29,20/06/2026 20:30:31,23/06/2026 12:39:57,,26/06/2026 09:56:10,TTS,Open/Target Collaboration
584624307636241470,1735791362076869852,Sữa Tắm Dạng Kem Le Petit Marseillais Bông Và Hoa Anh Túc 250ml  92% Thiên Nhiên Siêu Dịu Nhẹ,Mặc định,1735791937064830172,ST65434,0,12171,VND,1,Thanh toán khi giao hàng,Đang xử lý,min23020,Chương trình Lưu lượng truy cập bên ngoài,,fixed commission,,,,,0,,,,,,,,,0,0,20/06/2026 20:33:08,24/06/2026 18:18:32,20/06/2026 20:33:09,24/06/2026 18:18:32,,27/06/2026 11:01:10,TTS,Open/Target Collaboration
584624307636241470,1735734318844052700,"[KOL huynhdangthong x LPM] Sữa Tắm/Gel Tắm Pháp Le Petit Marseillais Chiết Xuất Thiên Nhiên 650ml - Sữa Tắm Lưu Hương Lành Tính - Dịu Nhẹ, An Toàn Cho Da","Thông & Bạch Đàn Biển, Standard",1735734212754506972,ST01902,291750,549429,VND,1,Thanh toán khi giao hàng,Đang xử lý,huynhdangthong,Phát trực tiếp,7653454990203194128,fixed commission,,,,7,291750,20423,,,,,,,,0,0,20/06/2026 20:33:08,24/06/2026 18:18:32,20/06/2026 20:33:09,24/06/2026 18:18:32,,27/06/2026 11:01:10,TTS,Open/Target Collaboration
584624442120963835,1735734318844052700,"[KOL huynhdangthong x LPM] Sữa Tắm/Gel Tắm Pháp Le Petit Marseillais Chiết Xuất Thiên Nhiên 650ml - Sữa Tắm Lưu Hương Lành Tính - Dịu Nhẹ, An Toàn Cho Da","Hoa Tiare, Standard",1735734212754703580,ST68816,291750,534786,VND,1,Thanh toán khi giao hàng,Đang xử lý,huynhdangthong,Phát trực tiếp,7653454990203194128,fixed commission,,,,7,291750,20423,,,,,,,,0,0,20/06/2026 20:35:58,23/06/2026 11:21:42,20/06/2026 20:36:00,23/06/2026 11:21:42,,26/06/2026 12:07:00,TTS,Open/Target Collaboration
584624359585580590,1735734318844052700,"[KOL huynhdangthong x LPM] Sữa Tắm/Gel Tắm Pháp Le Petit Marseillais Chiết Xuất Thiên Nhiên 650ml - Sữa Tắm Lưu Hương Lành Tính - Dịu Nhẹ, An Toàn Cho Da","Hoa Tiare, Standard",1735734212754703580,ST68816,283150,553714,VND,1,Thanh toán khi giao hàng,Đã hủy,huynhdangthong,Phát trực tiếp,7653454990203194128,fixed commission,0,0,0,7,283150,19821,,,,,,,,0,0,20/06/2026 20:36:29,,20/06/2026 20:36:31,,,,TTS,Open/Target Collaboration
584624361184528323,1735734318844052700,"[KOL huynhdangthong x LPM] Sữa Tắm/Gel Tắm Pháp Le Petit Marseillais Chiết Xuất Thiên Nhiên 650ml - Sữa Tắm Lưu Hương Lành Tính - Dịu Nhẹ, An Toàn Cho Da","Hoa Tiare, Standard",1735734212754703580,ST68816,291750,531214,VND,1,Thanh toán khi giao hàng,Đang xử lý,huynhdangthong,Phát trực tiếp,7653454990203194128,fixed commission,,,,7,291750,20423,,,,,,,,0,0,20/06/2026 20:36:43,23/06/2026 10:39:27,20/06/2026 20:36:44,23/06/2026 10:39:27,,26/06/2026 13:03:02,TTS,Open/Target Collaboration
584624282649069403,1735734318844052700,"[KOL huynhdangthong x LPM] Sữa Tắm/Gel Tắm Pháp Le Petit Marseillais Chiết Xuất Thiên Nhiên 650ml - Sữa Tắm Lưu Hương Lành Tính - Dịu Nhẹ, An Toàn Cho Da","Hoa Tiare, Standard",1735734212754703580,ST68816,291750,558571,VND,1,Thanh toán khi giao hàng,Đã hủy,huynhdangthong,Phát trực tiếp,7653454990203194128,fixed commission,0,0,0,7,291750,20423,,,,,,,,0,0,20/06/2026 20:36:47,,20/06/2026 20:36:48,,,,TTS,Open/Target Collaboration
584624318556964082,1731895043839658204,"Sữa Dưỡng Thể Le Petit Marseillais Bơ Hạt Mỡ, Hạnh Nhân, Dầu Argan Dưỡng Ẩm, Thơm Lâu - Phù Hợp Mọi Loại Da (400ml)","Bơ Hạt Mỡ, Hạnh Nhân, Dầu Argan, Standard",1731895043839723740,DT83916,411600,671100,VND,1,Thanh toán khi giao hàng,Đã hủy,huynhdangthong,Phát trực tiếp,7653454990203194128,fixed commission,0,0,0,8,411600,32928,,,,,,,,0,0,20/06/2026 20:38:33,,20/06/2026 20:38:34,,,,TTS,Open/Target Collaboration
584624424213382352,1735734318844052700,"[KOL huynhdangthong x LPM] Sữa Tắm/Gel Tắm Pháp Le Petit Marseillais Chiết Xuất Thiên Nhiên 650ml - Sữa Tắm Lưu Hương Lành Tính - Dịu Nhẹ, An Toàn Cho Da","Hoa Tiare, Standard",1735734212754703580,ST68816,291750,531214,VND,1,Không áp dụng thanh toán khi giao hàng,Đang xử lý,huynhdangthong,Phát trực tiếp,7653454990203194128,fixed commission,,,,7,291750,20423,,,,,,,,0,0,20/06/2026 20:38:39,20/06/2026 20:38:42,20/06/2026 20:38:43,23/06/2026 11:45:24,,26/06/2026 07:31:20,TTS,Open/Target Collaboration
584624354386281976,1735734318844052700,"[KOL huynhdangthong x LPM] Sữa Tắm/Gel Tắm Pháp Le Petit Marseillais Chiết Xuất Thiên Nhiên 650ml - Sữa Tắm Lưu Hương Lành Tính - Dịu Nhẹ, An Toàn Cho Da","Hoa Tiare, Standard",1735734212754703580,ST68816,291750,531214,VND,1,Không áp dụng thanh toán khi giao hàng,Đang xử lý,huynhdangthong,Phát trực tiếp,7653454990203194128,fixed commission,,,,7,291750,20423,,,,,,,,0,0,20/06/2026 20:39:28,20/06/2026 21:04:36,20/06/2026 21:04:37,23/06/2026 13:48:47,,26/06/2026 07:08:22,TTS,Open/Target Collaboration
584624382070719719,1731895043839658204,"Sữa Dưỡng Thể Le Petit Marseillais Bơ Hạt Mỡ, Hạnh Nhân, Dầu Argan Dưỡng Ẩm, Thơm Lâu - Phù Hợp Mọi Loại Da (400ml)","Bơ Hạt Mỡ, Hạnh Nhân, Dầu Argan, Standard",1731895043839723740,DT83916,390000,651800,VND,1,Thanh toán khi giao hàng,Đã hủy,huynhdangthong,Phát trực tiếp,7653454990203194128,fixed commission,0,0,0,8,390000,31200,,,,,,,,0,0,20/06/2026 20:39:48,,20/06/2026 20:39:49,,,,TTS,Open/Target Collaboration
584624480791528835,1735791362076869852,Sữa Tắm Dạng Kem Le Petit Marseillais Bông Và Hoa Anh Túc 250ml  92% Thiên Nhiên Siêu Dịu Nhẹ,Mặc định,1735791937064830172,ST65434,0,6314,VND,1,Thanh toán khi giao hàng,Đang xử lý,ecomobipassiovietnam,Chương trình Lưu lượng truy cập bên ngoài,,fixed commission,,,,,0,,,,,,,,,0,0,20/06/2026 20:41:08,23/06/2026 11:14:07,20/06/2026 20:41:09,23/06/2026 11:14:07,,26/06/2026 13:27:59,TTS,Open/Target Collaboration
584624480791528835,1735734318844052700,"[KOL huynhdangthong x LPM] Sữa Tắm/Gel Tắm Pháp Le Petit Marseillais Chiết Xuất Thiên Nhiên 650ml - Sữa Tắm Lưu Hương Lành Tính - Dịu Nhẹ, An Toàn Cho Da","Thông & Bạch Đàn Biển, Standard",1735734212754506972,ST01902,291750,534786,VND,1,Thanh toán khi giao hàng,Đang xử lý,huynhdangthong,Phát trực tiếp,7653454990203194128,fixed commission,,,,7,291750,20423,,,,,,,,0,0,20/06/2026 20:41:08,23/06/2026 11:14:07,20/06/2026 20:41:09,23/06/2026 11:14:07,,26/06/2026 13:27:59,TTS,Open/Target Collaboration
584624479665358087,1731895043839658204,"Sữa Dưỡng Thể Le Petit Marseillais Bơ Hạt Mỡ, Hạnh Nhân, Dầu Argan Dưỡng Ẩm, Thơm Lâu - Phù Hợp Mọi Loại Da (400ml)","Bơ Hạt Mỡ, Hạnh Nhân, Dầu Argan, Standard",1731895043839723740,DT83916,392000,651127,VND,1,Thanh toán khi giao hàng,Đang xử lý,huynhdangthong,Phát trực tiếp,7653454990203194128,fixed commission,,,,8,392000,31360,,,,,,,,0,0,20/06/2026 20:41:21,23/06/2026 13:44:46,20/06/2026 20:41:22,23/06/2026 13:44:46,,26/06/2026 12:55:47,TTS,Open/Target Collaboration
584624479665358087,1735734318844052700,"[KOL huynhdangthong x LPM] Sữa Tắm/Gel Tắm Pháp Le Petit Marseillais Chiết Xuất Thiên Nhiên 650ml - Sữa Tắm Lưu Hương Lành Tính - Dịu Nhẹ, An Toàn Cho Da","Hoa Tiare, Standard",1735734212754703580,ST68816,311200,537909,VND,1,Thanh toán khi giao hàng,Đang xử lý,huynhdangthong,Phát trực tiếp,7653454990203194128,fixed commission,,,,7,311200,21784,,,,,,,,0,0,20/06/2026 20:41:21,23/06/2026 13:44:46,20/06/2026 20:41:22,23/06/2026 13:44:46,,26/06/2026 12:55:47,TTS,Open/Target Collaboration
584624514326824478,1735734318844052700,"[KOL huynhdangthong x LPM] Sữa Tắm/Gel Tắm Pháp Le Petit Marseillais Chiết Xuất Thiên Nhiên 650ml - Sữa Tắm Lưu Hương Lành Tính - Dịu Nhẹ, An Toàn Cho Da","Hoa Tiare, Standard",1735734212754703580,ST68816,291750,531214,VND,1,Thanh toán khi giao hàng,Đang xử lý,huynhdangthong,Phát trực tiếp,7653454990203194128,fixed commission,,,,7,291750,20423,,,,,,,,0,0,20/06/2026 20:45:10,23/06/2026 11:48:07,20/06/2026 20:45:11,23/06/2026 11:48:07,,26/06/2026 11:20:51,TTS,Open/Target Collaboration
584624468319307469,1735734318844052700,"[KOL huynhdangthong x LPM] Sữa Tắm/Gel Tắm Pháp Le Petit Marseillais Chiết Xuất Thiên Nhiên 650ml - Sữa Tắm Lưu Hương Lành Tính - Dịu Nhẹ, An Toàn Cho Da","Hoa Tiare, Standard",1735734212754703580,ST68816,291750,558571,VND,1,Thanh toán khi giao hàng,Đang xử lý,huynhdangthong,Phát trực tiếp,7653454990203194128,fixed commission,,,,7,291750,20423,,,,,,,,0,0,20/06/2026 20:45:28,24/06/2026 15:34:19,20/06/2026 20:45:29,24/06/2026 15:34:19,,27/06/2026 10:19:56,TTS,Open/Target Collaboration
584624516734420484,1731317167366243548,[Quà tặng không bán] Bông Tắm Tạo Bọt Mềm Mịn,Mặc định,1731317148230255836,BONG TAM HQ,0,13133,VND,1,Thanh toán khi giao hàng,Đang xử lý,lepetitmarseillaisvn,Phát trực tiếp,7653447169911884552,fixed commission,,,,,0,,,,,,,,,0,0,20/06/2026 20:45:59,23/06/2026 19:53:11,20/06/2026 20:46:01,23/06/2026 19:53:11,,,TTS,Open/Target Collaboration
584624516734420484,1732250760944257244,"Sữa Tắm/Gel Tắm Pháp Le Petit Marseillais Chiết Xuất Thiên Nhiên 650ml - Sữa Tắm Lưu Hương Lành Tính - Dịu Nhẹ, An Toàn Cho Da","Hương Xoài & Chanh Dây, Standard",1732250801268951260,ST68823,327850,545267,VND,1,Thanh toán khi giao hàng,Đang xử lý,lepetitmarseillaisvn,Phát trực tiếp,7653447169911884552,fixed commission,,,,,327850,,,,,,,,,0,0,20/06/2026 20:45:59,23/06/2026 19:53:11,20/06/2026 20:46:01,23/06/2026 19:53:11,,,TTS,Open/Target Collaboration
584624550092441101,1735734318844052700,"[KOL huynhdangthong x LPM] Sữa Tắm/Gel Tắm Pháp Le Petit Marseillais Chiết Xuất Thiên Nhiên 650ml - Sữa Tắm Lưu Hương Lành Tính - Dịu Nhẹ, An Toàn Cho Da","Hoa Tiare, Standard",1735734212754703580,ST68816,291750,549429,VND,1,Thanh toán khi giao hàng,Đang xử lý,huynhdangthong,Phát trực tiếp,7653454990203194128,fixed commission,,,,7,291750,20423,,,,,,,,0,0,20/06/2026 20:47:11,24/06/2026 11:27:10,20/06/2026 20:47:12,24/06/2026 11:27:10,,27/06/2026 09:54:04,TTS,Open/Target Collaboration
584624552231601537,1735734318844052700,"[KOL huynhdangthong x LPM] Sữa Tắm/Gel Tắm Pháp Le Petit Marseillais Chiết Xuất Thiên Nhiên 650ml - Sữa Tắm Lưu Hương Lành Tính - Dịu Nhẹ, An Toàn Cho Da","Vani, Standard",1735734212754900188,ST00557,291750,543286,VND,1,Thanh toán khi giao hàng,Đã hủy,huynhdangthong,Phát trực tiếp,7653454990203194128,fixed commission,0,0,0,7,291750,20423,,,,,,,,0,0,20/06/2026 20:47:38,,20/06/2026 20:47:40,,,,TTS,Open/Target Collaboration
584624585610659486,1735734318844052700,"[KOL huynhdangthong x LPM] Sữa Tắm/Gel Tắm Pháp Le Petit Marseillais Chiết Xuất Thiên Nhiên 650ml - Sữa Tắm Lưu Hương Lành Tính - Dịu Nhẹ, An Toàn Cho Da","Vani, Standard",1735734212754900188,ST00557,291750,558571,VND,1,Thanh toán khi giao hàng,Đang xử lý,huynhdangthong,Phát trực tiếp,7653454990203194128,fixed commission,,,,7,291750,20423,,,,,,,,0,0,20/06/2026 20:50:35,24/06/2026 20:32:42,20/06/2026 20:50:38,24/06/2026 20:32:42,,27/06/2026 11:11:05,TTS,Open/Target Collaboration
584624585610659486,1735791362076869852,Sữa Tắm Dạng Kem Le Petit Marseillais Bông Và Hoa Anh Túc 250ml  92% Thiên Nhiên Siêu Dịu Nhẹ,Mặc định,1735791937064830172,ST65434,0,15829,VND,1,Thanh toán khi giao hàng,Đang xử lý,thanhnguyet_hien,Chương trình Lưu lượng truy cập bên ngoài,,fixed commission,,,,,0,,,,,,,,,0,0,20/06/2026 20:50:35,24/06/2026 20:32:42,20/06/2026 20:50:38,24/06/2026 20:32:42,,27/06/2026 11:11:05,TTS,Open/Target Collaboration
584624620051203663,1735734318844052700,"[KOL huynhdangthong x LPM] Sữa Tắm/Gel Tắm Pháp Le Petit Marseillais Chiết Xuất Thiên Nhiên 650ml - Sữa Tắm Lưu Hương Lành Tính - Dịu Nhẹ, An Toàn Cho Da","Hoa Tiare, Standard",1735734212754703580,ST68816,291750,553714,VND,1,Thanh toán khi giao hàng,Đang xử lý,huynhdangthong,Phát trực tiếp,7653454990203194128,fixed commission,,,,7,291750,20423,,,,,,,,0,0,20/06/2026 20:52:50,24/06/2026 15:20:21,20/06/2026 20:52:53,24/06/2026 15:20:21,,27/06/2026 13:24:34,TTS,Open/Target Collaboration
584624802157856319,1732251815880067292,"Sữa Tắm Pháp Le Petit Marseillais Cho Nam Chiết Xuất Thiên Nhiên 4in1 Nhiều Mùi Hương Dưỡng Ẩm, Thơm Lâu - Phù Hợp Mọi Loại Da (250ml)","Hương Gỗ Tuyết Tùng & Dương Xỉ, Standard",1732251749141219548,ST01172,151200,289550,VND,1,Không áp dụng thanh toán khi giao hàng,Đang xử lý,vheu170cm,Video,7550953945372429575,fixed commission,,,,8,151200,12096,,,,,,,,0,0,20/06/2026 21:07:16,20/06/2026 21:07:19,20/06/2026 21:07:20,23/06/2026 16:29:34,,26/06/2026 12:50:48,TTS,Open/Target Collaboration
584624958102013497,1735734318844052700,"[KOL huynhdangthong x LPM] Sữa Tắm/Gel Tắm Pháp Le Petit Marseillais Chiết Xuất Thiên Nhiên 650ml - Sữa Tắm Lưu Hương Lành Tính - Dịu Nhẹ, An Toàn Cho Da","Đào Trắng & Quả Xuân Đào, Standard",1735734212754834652,ST01288,291750,531214,VND,1,Thanh toán khi giao hàng,Đang xử lý,huynhdangthong,Phát trực tiếp,7653454990203194128,fixed commission,,,,7,291750,20423,,,,,,,,0,0,20/06/2026 21:13:37,24/06/2026 19:47:26,20/06/2026 21:13:38,24/06/2026 19:47:26,,27/06/2026 09:07:57,TTS,Open/Target Collaboration
584624966346310732,1735734318844052700,"[KOL huynhdangthong x LPM] Sữa Tắm/Gel Tắm Pháp Le Petit Marseillais Chiết Xuất Thiên Nhiên 650ml - Sữa Tắm Lưu Hương Lành Tính - Dịu Nhẹ, An Toàn Cho Da","Lá Oliu & Hoa Bồ Đề, Standard",1735734212754572508,ST01295,291750,542000,VND,1,Thanh toán khi giao hàng,Đang xử lý,huynhdangthong,Phát trực tiếp,7653454990203194128,fixed commission,,,,7,291750,20423,,,,,,,,0,0,20/06/2026 21:16:17,24/06/2026 17:42:07,20/06/2026 21:16:19,24/06/2026 17:42:07,,27/06/2026 08:39:21,TTS,Open/Target Collaboration
584624966346310732,1735734318844052700,"[KOL huynhdangthong x LPM] Sữa Tắm/Gel Tắm Pháp Le Petit Marseillais Chiết Xuất Thiên Nhiên 650ml - Sữa Tắm Lưu Hương Lành Tính - Dịu Nhẹ, An Toàn Cho Da","Hương Xoài & Chanh Dây, Standard",1735734212754769116,ST68823,291750,542000,VND,1,Thanh toán khi giao hàng,Đang xử lý,huynhdangthong,Phát trực tiếp,7653454990203194128,fixed commission,,,,7,291750,20423,,,,,,,,0,0,20/06/2026 21:16:17,24/06/2026 17:42:07,20/06/2026 21:16:19,24/06/2026 17:42:07,,27/06/2026 08:39:21,TTS,Open/Target Collaboration
584624966346310732,1735791362076869852,Sữa Tắm Dạng Kem Le Petit Marseillais Bông Và Hoa Anh Túc 250ml  92% Thiên Nhiên Siêu Dịu Nhẹ,Mặc định,1735791937064830172,ST65434,0,9200,VND,1,Thanh toán khi giao hàng,Đang xử lý,iflytek02,Chương trình Lưu lượng truy cập bên ngoài,,fixed commission,,,,,0,,,,,,,,,0,0,20/06/2026 21:16:17,24/06/2026 17:42:07,20/06/2026 21:16:19,24/06/2026 17:42:07,,27/06/2026 08:39:21,TTS,Open/Target Collaboration
584625013221590947,1735734318844052700,"[KOL huynhdangthong x LPM] Sữa Tắm/Gel Tắm Pháp Le Petit Marseillais Chiết Xuất Thiên Nhiên 650ml - Sữa Tắm Lưu Hương Lành Tính - Dịu Nhẹ, An Toàn Cho Da","Vani, Standard",1735734212754900188,ST00557,291750,531214,VND,1,Thanh toán khi giao hàng,Đang xử lý,huynhdangthong,Phát trực tiếp,7653454990203194128,fixed commission,,,,7,291750,20423,,,,,,,,0,0,20/06/2026 21:17:29,23/06/2026 11:54:10,20/06/2026 21:17:31,23/06/2026 11:54:10,,26/06/2026 13:17:00,TTS,Open/Target Collaboration
584625147846034695,1735734318844052700,"[KOL huynhdangthong x LPM] Sữa Tắm/Gel Tắm Pháp Le Petit Marseillais Chiết Xuất Thiên Nhiên 650ml - Sữa Tắm Lưu Hương Lành Tính - Dịu Nhẹ, An Toàn Cho Da","Hương Chanh & Bưởi Hồng, Standard",1735734212754638044,ST01868,311200,543286,VND,1,Thanh toán khi giao hàng,Đang xử lý,huynhdangthong,Phát trực tiếp,7653454990203194128,fixed commission,,,,7,311200,21784,,,,,,,,0,0,20/06/2026 21:22:36,23/06/2026 13:46:18,20/06/2026 21:22:37,23/06/2026 13:46:18,,26/06/2026 13:04:34,TTS,Open/Target Collaboration
584625116383643403,1732251815880067292,"Sữa Tắm Pháp Le Petit Marseillais Cho Nam Chiết Xuất Thiên Nhiên 4in1 Nhiều Mùi Hương Dưỡng Ẩm, Thơm Lâu - Phù Hợp Mọi Loại Da (250ml)","Hương Gỗ Tuyết Tùng & Dương Xỉ, Standard",1732251749141219548,ST01172,180400,289550,VND,1,Thanh toán khi giao hàng,Đang xử lý,haiidaynek,Video,7539959281786195207,fixed commission,,,,8,180400,14432,,,,,,,,0,0,20/06/2026 21:25:45,23/06/2026 14:18:30,20/06/2026 21:25:46,23/06/2026 14:18:30,,26/06/2026 11:40:43,TTS,Open/Target Collaboration
584625215411225826,1735734318844052700,"[KOL huynhdangthong x LPM] Sữa Tắm/Gel Tắm Pháp Le Petit Marseillais Chiết Xuất Thiên Nhiên 650ml - Sữa Tắm Lưu Hương Lành Tính - Dịu Nhẹ, An Toàn Cho Da","Thông & Bạch Đàn Biển, Standard",1735734212754506972,ST01902,291750,531214,VND,1,Không áp dụng thanh toán khi giao hàng,Đang xử lý,huynhdangthong,Phát trực tiếp,7653454990203194128,fixed commission,,,,7,291750,20423,,,,,,,,0,0,20/06/2026 21:26:45,20/06/2026 21:26:48,20/06/2026 21:26:49,23/06/2026 09:51:55,,26/06/2026 10:34:10,TTS,Open/Target Collaboration
584625215411225826,1735791362076869852,Sữa Tắm Dạng Kem Le Petit Marseillais Bông Và Hoa Anh Túc 250ml  92% Thiên Nhiên Siêu Dịu Nhẹ,Mặc định,1735791937064830172,ST65434,0,4886,VND,1,Không áp dụng thanh toán khi giao hàng,Đang xử lý,lepetitmarseillaisvn,Phát trực tiếp,7653076630436399880,fixed commission,,,,,0,,,,,,,,,0,0,20/06/2026 21:26:45,20/06/2026 21:26:48,20/06/2026 21:26:49,23/06/2026 09:51:55,,26/06/2026 10:34:10,TTS,Open/Target Collaboration
584625141318846289,1735734318844052700,"[KOL huynhdangthong x LPM] Sữa Tắm/Gel Tắm Pháp Le Petit Marseillais Chiết Xuất Thiên Nhiên 650ml - Sữa Tắm Lưu Hương Lành Tính - Dịu Nhẹ, An Toàn Cho Da","Hương Chanh & Bưởi Hồng, Standard",1735734212754638044,ST01868,291750,531214,VND,1,Thanh toán khi giao hàng,Đang xử lý,huynhdangthong,Phát trực tiếp,7653454990203194128,fixed commission,,,,7,291750,20423,,,,,,,,0,0,20/06/2026 21:29:02,23/06/2026 11:53:04,20/06/2026 21:29:03,23/06/2026 11:53:04,,26/06/2026 08:42:31,TTS,Open/Target Collaboration
584625141318846289,1735791362076869852,Sữa Tắm Dạng Kem Le Petit Marseillais Bông Và Hoa Anh Túc 250ml  92% Thiên Nhiên Siêu Dịu Nhẹ,Mặc định,1735791937064830172,ST65434,0,4886,VND,1,Thanh toán khi giao hàng,Đang xử lý,linhnhi3x,Chương trình Lưu lượng truy cập bên ngoài,,fixed commission,,,,,0,,,,,,,,,0,0,20/06/2026 21:29:02,23/06/2026 11:53:04,20/06/2026 21:29:03,23/06/2026 11:53:04,,26/06/2026 08:42:31,TTS,Open/Target Collaboration
584625216371852546,1732250760944257244,"Sữa Tắm/Gel Tắm Pháp Le Petit Marseillais Chiết Xuất Thiên Nhiên 650ml - Sữa Tắm Lưu Hương Lành Tính - Dịu Nhẹ, An Toàn Cho Da","Thông & Bạch Đàn Biển, Standard",1732250801268689116,ST01902,380000,555933,VND,1,Không áp dụng thanh toán khi giao hàng,Đang xử lý,ha_thubay,Video,7599664598626618642,fixed commission,,,,,380000,,,,3,11400,,,,0,0,20/06/2026 21:31:21,20/06/2026 21:31:26,20/06/2026 21:31:27,23/06/2026 15:58:09,,26/06/2026 11:30:34,TTS,Open/Target Collaboration
584625288189806213,1735734318844052700,"[KOL huynhdangthong x LPM] Sữa Tắm/Gel Tắm Pháp Le Petit Marseillais Chiết Xuất Thiên Nhiên 650ml - Sữa Tắm Lưu Hương Lành Tính - Dịu Nhẹ, An Toàn Cho Da","Hương Chanh & Bưởi Hồng, Standard",1735734212754638044,ST01868,291750,526584,VND,1,Thanh toán khi giao hàng,Đang xử lý,huynhdangthong,Phát trực tiếp,7653454990203194128,fixed commission,,,,7,291750,20423,,,,,,,,0,0,20/06/2026 21:35:24,23/06/2026 10:05:13,20/06/2026 21:35:25,23/06/2026 10:05:13,,26/06/2026 09:20:43,TTS,Open/Target Collaboration
584625288189806213,1735791362076869852,Sữa Tắm Dạng Kem Le Petit Marseillais Bông Và Hoa Anh Túc 250ml  92% Thiên Nhiên Siêu Dịu Nhẹ,Mặc định,1735791937064830172,ST65434,0,3033,VND,1,Thanh toán khi giao hàng,Đang xử lý,iflyad07,Chương trình Lưu lượng truy cập bên ngoài,,fixed commission,,,,,0,,,,,,,,,0,0,20/06/2026 21:35:24,23/06/2026 10:05:13,20/06/2026 21:35:25,23/06/2026 10:05:13,,26/06/2026 09:20:43,TTS,Open/Target Collaboration
584625288189806213,1735734318844052700,"[KOL huynhdangthong x LPM] Sữa Tắm/Gel Tắm Pháp Le Petit Marseillais Chiết Xuất Thiên Nhiên 650ml - Sữa Tắm Lưu Hương Lành Tính - Dịu Nhẹ, An Toàn Cho Da","Thông & Bạch Đàn Biển, Standard",1735734212754506972,ST01902,291750,526583,VND,1,Thanh toán khi giao hàng,Đang xử lý,huynhdangthong,Phát trực tiếp,7653454990203194128,fixed commission,,,,7,291750,20423,,,,,,,,0,0,20/06/2026 21:35:24,23/06/2026 10:05:13,20/06/2026 21:35:25,23/06/2026 10:05:13,,26/06/2026 09:20:43,TTS,Open/Target Collaboration
584625313315129267,1735734318844052700,"[KOL huynhdangthong x LPM] Sữa Tắm/Gel Tắm Pháp Le Petit Marseillais Chiết Xuất Thiên Nhiên 650ml - Sữa Tắm Lưu Hương Lành Tính - Dịu Nhẹ, An Toàn Cho Da","Hương Xoài & Chanh Dây, Standard",1735734212754769116,ST68823,291750,543286,VND,1,Thanh toán khi giao hàng,Đang xử lý,huynhdangthong,Phát trực tiếp,7653454990203194128,fixed commission,,,,7,291750,20423,,,,,,,,0,0,20/06/2026 21:40:09,23/06/2026 20:19:56,20/06/2026 21:40:10,23/06/2026 20:19:56,,26/06/2026 13:01:29,TTS,Open/Target Collaboration
584625313315129267,1735791362076869852,Sữa Tắm Dạng Kem Le Petit Marseillais Bông Và Hoa Anh Túc 250ml  92% Thiên Nhiên Siêu Dịu Nhẹ,Mặc định,1735791937064830172,ST65434,0,9714,VND,1,Thanh toán khi giao hàng,Đang xử lý,lepetitmarseillaisvn,Phát trực tiếp,7653447169911884552,fixed commission,,,,,0,,,,,,,,,0,0,20/06/2026 21:40:09,23/06/2026 20:19:56,20/06/2026 21:40:10,23/06/2026 20:19:56,,26/06/2026 13:01:29,TTS,Open/Target Collaboration
584626301962323070,1732252961260865756,"Dầu Gội Thiên Nhiên Le Petit Marseillais Nhiều Mùi Hương 250ml Dưỡng Ẩm, Thơm Lâu - Phù Hợp Mọi Loại Da",Trị Gàu 2 In 1 Tinh Dầu Bạc Hà,1732252943759018204,DG74042,216000,589800,VND,2,Không áp dụng thanh toán khi giao hàng,Đang xử lý,mevyan,Video,7650426009980013845,fixed commission,,,,,432000,,,,3,12960,,,,0,0,20/06/2026 22:50:25,20/06/2026 22:50:29,20/06/2026 22:50:31,24/06/2026 10:39:32,,27/06/2026 10:17:11,TTS,Open/Target Collaboration
584627672912790923,1731895054321092828,"Sữa Dưỡng Thể Le Petit Marseillais Bơ Hạt Mỡ, Lô Hội & Sáp Ong Dưỡng Ẩm, Thơm Lâu - Phù Hợp Mọi Loại Da (250ml)","Bơ Hạt Mỡ, Lô Hội & Sáp Ong, Standard",1731895054321354972,DT65312,410000,562200,VND,1,Thanh toán khi giao hàng,Đang xử lý,lepetitmarseillaisvn,Video,7554280132391865618,fixed commission,,,,,410000,,,,,,,,,0,0,21/06/2026 01:17:50,24/06/2026 17:05:11,21/06/2026 01:17:52,24/06/2026 17:05:11,,,TTS,Open/Target Collaboration
584627958609184144,1735734318844052700,"[KOL huynhdangthong x LPM] Sữa Tắm/Gel Tắm Pháp Le Petit Marseillais Chiết Xuất Thiên Nhiên 650ml - Sữa Tắm Lưu Hương Lành Tính - Dịu Nhẹ, An Toàn Cho Da","Hương Chanh & Bưởi Hồng, Standard",1735734212754638044,ST01868,311000,531214,VND,1,Thanh toán khi giao hàng,Đang xử lý,huynhdangthong,Trưng bày,,fixed commission,,,,7,311000,21770,,,,,,,,0,0,21/06/2026 02:18:06,25/06/2026 14:52:25,21/06/2026 02:18:07,25/06/2026 14:52:25,,28/06/2026 08:52:12,TTS,Open/Target Collaboration
584627958609184144,1735791362076869852,Sữa Tắm Dạng Kem Le Petit Marseillais Bông Và Hoa Anh Túc 250ml  92% Thiên Nhiên Siêu Dịu Nhẹ,Mặc định,1735791937064830172,ST65434,0,4886,VND,1,Thanh toán khi giao hàng,Đang xử lý,adpia.official,Chương trình Lưu lượng truy cập bên ngoài,,fixed commission,,,,,0,,,,,,,,,0,0,21/06/2026 02:18:06,25/06/2026 14:52:25,21/06/2026 02:18:07,25/06/2026 14:52:25,,28/06/2026 08:52:12,TTS,Open/Target Collaboration
584628021553759568,1732251815880067292,"Sữa Tắm Pháp Le Petit Marseillais Cho Nam Chiết Xuất Thiên Nhiên 4in1 Nhiều Mùi Hương Dưỡng Ẩm, Thơm Lâu - Phù Hợp Mọi Loại Da (250ml)","Hương Gỗ Tuyết Tùng & Dương Xỉ, Standard",1732251749141219548,ST01172,180400,279900,VND,1,Không áp dụng thanh toán khi giao hàng,Đang xử lý,user98108343207953,Chương trình Lưu lượng truy cập bên ngoài,,fixed commission,,,,4,180400,7216,,,,,,,,0,0,21/06/2026 02:36:20,21/06/2026 02:36:23,21/06/2026 02:36:24,23/06/2026 10:01:47,,26/06/2026 07:05:44,TTS,Open/Target Collaboration
584628791191242047,1732250760944257244,"Sữa Tắm/Gel Tắm Pháp Le Petit Marseillais Chiết Xuất Thiên Nhiên 650ml - Sữa Tắm Lưu Hương Lành Tính - Dịu Nhẹ, An Toàn Cho Da","Hoa Tiare, Standard",1732250801268885724,ST68816,335750,541667,VND,1,Thanh toán khi giao hàng,Đang xử lý,thaocanview,Video,7639362324603686164,fixed commission,,,,8,335750,26860,,,,,,,,0,0,21/06/2026 05:59:18,23/06/2026 17:12:27,21/06/2026 05:59:19,23/06/2026 17:12:27,,26/06/2026 12:28:36,TTS,Open/Target Collaboration
584630527018698716,1732251815880067292,"Sữa Tắm Pháp Le Petit Marseillais Cho Nam Chiết Xuất Thiên Nhiên 4in1 Nhiều Mùi Hương Dưỡng Ẩm, Thơm Lâu - Phù Hợp Mọi Loại Da (250ml)","Hương Gỗ Tuyết Tùng & Dương Xỉ, Standard",1732251749141219548,ST01172,164000,279900,VND,1,Không áp dụng thanh toán khi giao hàng,Đang xử lý,ngan210308,Chương trình Lưu lượng truy cập bên ngoài,,fixed commission,,,,8,164000,13120,,,,,,,,0,0,21/06/2026 09:04:14,21/06/2026 09:04:19,21/06/2026 09:04:20,23/06/2026 11:32:57,,26/06/2026 08:22:45,TTS,Open/Target Collaboration
584631115792484310,1734496604995683548,Xà Phòng Le Petit Marseillais Chính Hãng Bánh Xà Phòng Tắm Thiên Nhiên (Ngẫu nhiên)  1 Bánh,Mặc định,1734496577198523612,1 BÁNH-XP,0,3582,VND,1,Thanh toán khi giao hàng,Đang xử lý,involveasiavn01,Chương trình Lưu lượng truy cập bên ngoài,,fixed commission,,,,,0,,,,,,,,,0,0,21/06/2026 09:49:53,23/06/2026 09:49:26,21/06/2026 09:49:54,23/06/2026 09:49:26,,26/06/2026 11:51:30,TTS,Open/Target Collaboration
584631115792484310,1732251815880067292,"Sữa Tắm Pháp Le Petit Marseillais Cho Nam Chiết Xuất Thiên Nhiên 4in1 Nhiều Mùi Hương Dưỡng Ẩm, Thơm Lâu - Phù Hợp Mọi Loại Da (250ml)","Hương Thông & Bạch Đàn Biển, Standard",1732251749141154012,ST01356,205000,494909,VND,2,Thanh toán khi giao hàng,Đang xử lý,involveasiavn01,Chương trình Lưu lượng truy cập bên ngoài,,fixed commission,,,,4,410000,16400,,,,,,,,0,0,21/06/2026 09:49:53,23/06/2026 09:49:26,21/06/2026 09:49:54,23/06/2026 09:49:26,,26/06/2026 11:51:30,TTS,Open/Target Collaboration
584631310439450021,1732250928810920156,"Sữa Tắm/Gel Tắm Pháp Le Petit Marseillais Thiên Nhiên 250ml - Sữa Tắm Lưu Hương Lành Tính - Dịu Nhẹ, An Toàn Cho Da","Vani, Standard",1732250914985183452,ST00526,210000,287455,VND,1,Không áp dụng thanh toán khi giao hàng,Đang xử lý,bebaoreview0912,Chương trình Lưu lượng truy cập bên ngoài,,fixed commission,,,,4,210000,8400,,,,,,,,0,0,21/06/2026 10:00:12,21/06/2026 10:00:17,21/06/2026 10:00:17,23/06/2026 10:43:37,,26/06/2026 08:55:28,TTS,Open/Target Collaboration
584631310439450021,1732250928810920156,"Sữa Tắm/Gel Tắm Pháp Le Petit Marseillais Thiên Nhiên 250ml - Sữa Tắm Lưu Hương Lành Tính - Dịu Nhẹ, An Toàn Cho Da","Dừa, Standard",1732250914985314524,ST54494,210000,287454,VND,1,Không áp dụng thanh toán khi giao hàng,Đang xử lý,bebaoreview0912,Chương trình Lưu lượng truy cập bên ngoài,,fixed commission,,,,4,210000,8400,,,,,,,,0,0,21/06/2026 10:00:12,21/06/2026 10:00:17,21/06/2026 10:00:17,23/06/2026 10:43:37,,26/06/2026 08:55:28,TTS,Open/Target Collaboration
584631310439450021,1734496604995683548,Xà Phòng Le Petit Marseillais Chính Hãng Bánh Xà Phòng Tắm Thiên Nhiên (Ngẫu nhiên)  1 Bánh,Mặc định,1734496577198523612,1 BÁNH-XP,0,3091,VND,1,Không áp dụng thanh toán khi giao hàng,Đang xử lý,bebaoreview0912,Chương trình Lưu lượng truy cập bên ngoài,,fixed commission,,,,,0,,,,,,,,,0,0,21/06/2026 10:00:12,21/06/2026 10:00:17,21/06/2026 10:00:17,23/06/2026 10:43:37,,26/06/2026 08:55:28,TTS,Open/Target Collaboration
584631526979765709,1731317167366243548,[Quà tặng không bán] Bông Tắm Tạo Bọt Mềm Mịn,Mặc định,1731317148230255836,BONG TAM HQ,0,13133,VND,1,Thanh toán khi giao hàng,Đang xử lý,lepetitmarseillaisvn,Phát trực tiếp,7653447169911884552,fixed commission,,,,,0,,,,,,,,,0,0,21/06/2026 10:12:57,23/06/2026 12:11:17,21/06/2026 10:12:59,23/06/2026 12:11:17,,,TTS,Open/Target Collaboration
584631526979765709,1732250760944257244,"Sữa Tắm/Gel Tắm Pháp Le Petit Marseillais Chiết Xuất Thiên Nhiên 650ml - Sữa Tắm Lưu Hương Lành Tính - Dịu Nhẹ, An Toàn Cho Da","Hoa Cam, Standard",1732250801269278940,ST39109,395000,545267,VND,1,Thanh toán khi giao hàng,Đang xử lý,lepetitmarseillaisvn,Phát trực tiếp,7653447169911884552,fixed commission,,,,,395000,,,,,,,,,0,0,21/06/2026 10:12:57,23/06/2026 12:11:17,21/06/2026 10:12:59,23/06/2026 12:11:17,,,TTS,Open/Target Collaboration
584632614502433945,1732251815880067292,"Sữa Tắm Pháp Le Petit Marseillais Cho Nam Chiết Xuất Thiên Nhiên 4in1 Nhiều Mùi Hương Dưỡng Ẩm, Thơm Lâu - Phù Hợp Mọi Loại Da (250ml)","Hương Gỗ Tuyết Tùng & Dương Xỉ, Standard",1732251749141219548,ST01172,205000,286850,VND,1,Thanh toán khi giao hàng,Đang xử lý,iflytek02,Chương trình Lưu lượng truy cập bên ngoài,,fixed commission,,,,4,205000,8200,,,,,,,,0,0,21/06/2026 11:24:35,23/06/2026 18:16:22,21/06/2026 11:24:37,23/06/2026 18:16:22,,26/06/2026 10:21:10,TTS,Open/Target Collaboration
584632693547173622,1732250760944257244,"Sữa Tắm/Gel Tắm Pháp Le Petit Marseillais Chiết Xuất Thiên Nhiên 650ml - Sữa Tắm Lưu Hương Lành Tính - Dịu Nhẹ, An Toàn Cho Da","Thông & Bạch Đàn Biển, Standard",1732250801268689116,ST01902,335750,551400,VND,1,Thanh toán khi giao hàng,Đang xử lý,emkimtaphoa,Video,7642619628870634772,fixed commission,,,,8,335750,26860,,,,,,,,0,0,21/06/2026 11:34:24,24/06/2026 10:18:12,21/06/2026 11:34:25,24/06/2026 10:18:12,,27/06/2026 10:50:21,TTS,Open/Target Collaboration
584634038516221146,1732251815880067292,"Sữa Tắm Pháp Le Petit Marseillais Cho Nam Chiết Xuất Thiên Nhiên 4in1 Nhiều Mùi Hương Dưỡng Ẩm, Thơm Lâu - Phù Hợp Mọi Loại Da (250ml)","Hương Gỗ Tuyết Tùng & Dương Xỉ, Standard",1732251749141219548,ST01172,180400,279900,VND,1,Thanh toán khi giao hàng,Đã hủy,man.trung.737,Video,7595064670482877717,fixed commission,0,0,0,8,180400,14432,,,,,,,,0,0,21/06/2026 13:03:28,,21/06/2026 13:03:31,,,,TTS,Open/Target Collaboration
584636126510285924,1732250760944257244,"Sữa Tắm/Gel Tắm Pháp Le Petit Marseillais Chiết Xuất Thiên Nhiên 650ml - Sữa Tắm Lưu Hương Lành Tính - Dịu Nhẹ, An Toàn Cho Da","Vani, Standard",1732250801269082332,ST00557,335750,540750,VND,1,Không áp dụng thanh toán khi giao hàng,Đang xử lý,ha_thubay,Video,7599664598626618642,fixed commission,,,,,335750,,,,3,10073,,,,0,0,21/06/2026 15:26:27,21/06/2026 15:26:35,21/06/2026 15:26:36,23/06/2026 11:12:38,,26/06/2026 08:28:11,TTS,Open/Target Collaboration
584636126510285924,1732252961260865756,"Dầu Gội Thiên Nhiên Le Petit Marseillais Nhiều Mùi Hương 250ml Dưỡng Ẩm, Thơm Lâu - Phù Hợp Mọi Loại Da",Trị Gàu 2 In 1 Tinh Dầu Bạc Hà,1732252943759018204,DG74042,229500,360875,VND,1,Không áp dụng thanh toán khi giao hàng,Đang xử lý,ha_thubay,Video,7599664598626618642,fixed commission,,,,8,229500,18360,,,,,,,,0,0,21/06/2026 15:26:27,21/06/2026 15:26:35,21/06/2026 15:26:36,23/06/2026 11:12:38,,26/06/2026 08:28:11,TTS,Open/Target Collaboration
584636713940845821,1734496604995683548,Xà Phòng Le Petit Marseillais Chính Hãng Bánh Xà Phòng Tắm Thiên Nhiên (Ngẫu nhiên)  1 Bánh,Mặc định,1734496577198523612,1 BÁNH-XP,75000,105300,VND,1,Thanh toán khi giao hàng,Đã hoàn thành,onggiatichcuc79,Video,7650717585427795218,fixed commission,,,,6,75000,4500,0,,,,,,,1,0,21/06/2026 16:09:40,23/06/2026 10:27:06,21/06/2026 16:09:41,23/06/2026 10:27:06,26/06/2026 14:22:05,,TTS,Open/Target Collaboration
584637724252538767,1731317167366243548,[Quà tặng không bán] Bông Tắm Tạo Bọt Mềm Mịn,Mặc định,1731317148230255836,BONG TAM HQ,0,14850,VND,1,Thanh toán khi giao hàng,Đang xử lý,lepetitmarseillaisvn,Video,7595115970193116434,fixed commission,,,,,0,,,,,,,,,0,0,21/06/2026 17:28:20,24/06/2026 20:50:14,21/06/2026 17:28:23,24/06/2026 20:50:14,,27/06/2026 13:32:09,TTS,Open/Target Collaboration
584641787000751634,1731317167366243548,[Quà tặng không bán] Bông Tắm Tạo Bọt Mềm Mịn,Mặc định,1731317148230255836,BONG TAM HQ,0,17550,VND,1,Thanh toán khi giao hàng,Đang xử lý,lepetitmarseillaisvn,Phát trực tiếp,7653819890356210440,fixed commission,,,,,0,,,,,,,,,0,0,21/06/2026 21:45:08,23/06/2026 22:00:39,21/06/2026 21:45:09,23/06/2026 22:00:39,,26/06/2026 11:07:38,TTS,Open/Target Collaboration
584642059039376484,1734496604995683548,Xà Phòng Le Petit Marseillais Chính Hãng Bánh Xà Phòng Tắm Thiên Nhiên (Ngẫu nhiên)  1 Bánh,Mặc định,1734496577198523612,1 BÁNH-XP,0,5014,VND,1,Không áp dụng thanh toán khi giao hàng,Đang xử lý,lepetitmarseillaisvn,Phát trực tiếp,7653842966753118994,fixed commission,,,,,0,,,,,,,,,0,0,21/06/2026 22:02:51,21/06/2026 22:02:59,21/06/2026 22:02:59,23/06/2026 13:40:50,,,TTS,Open/Target Collaboration
584642059039376484,1735910664928920796,Combo 2 Sữa Tắm Nam Le Petit Marseillais 4in1 Cho Tóc Mặt Râu Toàn Thân 250ml,"Gỗ Cam & Dầu Argan , Gỗ Tuyết Tùng Và Dương Xỉ",1735912571878278364,ST01431 + ST01172,302400,580086,VND,1,Không áp dụng thanh toán khi giao hàng,Đang xử lý,lepetitmarseillaisvn,Phát trực tiếp,7653842966753118994,fixed commission,,,,,302400,,,,,,,,,0,0,21/06/2026 22:02:51,21/06/2026 22:02:59,21/06/2026 22:02:59,23/06/2026 13:40:50,,,TTS,Open/Target Collaboration
584643467960944192,1731893265443752156,"Sữa Tắm Pháp Le Petit Marseillais Quả Mâm Xôi & Hoa Mẫu Đơn Hữu Cơ Dưỡng Ẩm, Thơm Lâu - Phù Hợp Mọi Loại Da (250ml)","Quả Mâm Xôi & Hoa Mẫu Đơn, Standard",1731893265444210908,ST48441,210000,279900,VND,1,Thanh toán khi giao hàng,Đang xử lý,trankimdung249,Video,7529161069151964424,fixed commission,,,,,210000,,,,3,6300,,,,0,0,22/06/2026 00:06:04,23/06/2026 10:55:54,22/06/2026 00:06:06,23/06/2026 10:55:54,,26/06/2026 08:38:05,TTS,Open/Target Collaboration
584648856888641350,1732250760944257244,"Sữa Tắm/Gel Tắm Pháp Le Petit Marseillais Chiết Xuất Thiên Nhiên 650ml - Sữa Tắm Lưu Hương Lành Tính - Dịu Nhẹ, An Toàn Cho Da","Thông & Bạch Đàn Biển, Standard",1732250801268689116,ST01902,335750,533733,VND,1,Không áp dụng thanh toán khi giao hàng,Đang xử lý,_pvv04,Video,7654049994298723605,fixed commission,,,,8,335750,26860,,,,,,,,0,0,22/06/2026 11:25:06,22/06/2026 11:25:09,22/06/2026 11:25:10,23/06/2026 12:56:47,,26/06/2026 09:54:35,TTS,Open/Target Collaboration
584649953354417225,1732251815880067292,"Sữa Tắm Pháp Le Petit Marseillais Cho Nam Chiết Xuất Thiên Nhiên 4in1 Nhiều Mùi Hương Dưỡng Ẩm, Thơm Lâu - Phù Hợp Mọi Loại Da (250ml)","Hương Gỗ Tuyết Tùng & Dương Xỉ, Standard",1732251749141219548,ST01172,170000,279900,VND,1,Thanh toán khi giao hàng,Đã hủy,involveasiavn01,Chương trình Lưu lượng truy cập bên ngoài,,fixed commission,0,0,0,4,170000,6800,,,,,,,,0,0,22/06/2026 12:42:06,,22/06/2026 12:42:07,,,,TTS,Open/Target Collaboration
584650177021052481,1732251815880067292,"Sữa Tắm Pháp Le Petit Marseillais Cho Nam Chiết Xuất Thiên Nhiên 4in1 Nhiều Mùi Hương Dưỡng Ẩm, Thơm Lâu - Phù Hợp Mọi Loại Da (250ml)","Hương Gỗ Tuyết Tùng & Dương Xỉ, Standard",1732251749141219548,ST01172,205000,289550,VND,1,Thanh toán khi giao hàng,Đang xử lý,lepthelittlekid,Video,7594749644052204818,fixed commission,,,,5,205000,10250,,,,,,,,0,0,22/06/2026 12:56:59,24/06/2026 19:15:47,22/06/2026 12:57:01,24/06/2026 19:15:47,,27/06/2026 10:31:58,TTS,Open/Target Collaboration
584650474793961271,1732250760944257244,"Sữa Tắm/Gel Tắm Pháp Le Petit Marseillais Chiết Xuất Thiên Nhiên 650ml - Sữa Tắm Lưu Hương Lành Tính - Dịu Nhẹ, An Toàn Cho Da","Hoa Tiare, Standard",1732250801268885724,ST68816,323900,530400,VND,1,Thanh toán khi giao hàng,Đã hủy,anhlorenhehehe,Video,7493531443268717842,fixed commission,0,0,0,,323900,,,,3,9717,,,,0,0,22/06/2026 13:17:17,,22/06/2026 13:17:18,,,,TTS,Open/Target Collaboration
584650638012089695,1733398589084042460,Sữa Tắm Nam Thơm Lâu 4 in 1 Thiên Nhiên Le Petit Marseillais Chiết Xuất Thông Biển & Bạch Đàn 250ml 1356,Mặc định,1733398673842472156,ST01356,210000,1115467,VND,5,Thanh toán khi giao hàng,Đang xử lý,lailanhatha,Chương trình Lưu lượng truy cập bên ngoài,,fixed commission,,,,4,1050000,42000,,,,,,,,0,0,22/06/2026 13:25:56,23/06/2026 13:04:39,22/06/2026 13:25:57,23/06/2026 13:04:39,,26/06/2026 13:03:28,TTS,Open/Target Collaboration
584650638012089695,1734496604995683548,Xà Phòng Le Petit Marseillais Chính Hãng Bánh Xà Phòng Tắm Thiên Nhiên (Ngẫu nhiên)  1 Bánh,Mặc định,1734496577198523612,1 BÁNH-XP,0,867,VND,1,Thanh toán khi giao hàng,Đang xử lý,lailanhatha,Chương trình Lưu lượng truy cập bên ngoài,,fixed commission,,,,,0,,,,,,,,,0,0,22/06/2026 13:25:56,23/06/2026 13:04:39,22/06/2026 13:25:57,23/06/2026 13:04:39,,26/06/2026 13:03:28,TTS,Open/Target Collaboration
584650818804155583,1732251815880067292,"Sữa Tắm Pháp Le Petit Marseillais Cho Nam Chiết Xuất Thiên Nhiên 4in1 Nhiều Mùi Hương Dưỡng Ẩm, Thơm Lâu - Phù Hợp Mọi Loại Da (250ml)","Hương Thông & Bạch Đàn Biển, Standard",1732251749141154012,ST01356,174250,295800,VND,1,Thanh toán khi giao hàng,Đã hủy,lepthelittlekid,Video,7594749644052204818,fixed commission,0,0,0,5,174250,8713,,,,,,,,0,0,22/06/2026 13:40:09,,22/06/2026 13:40:10,,,,TTS,Open/Target Collaboration
584650809177442103,1732250760944257244,"Sữa Tắm/Gel Tắm Pháp Le Petit Marseillais Chiết Xuất Thiên Nhiên 650ml - Sữa Tắm Lưu Hương Lành Tính - Dịu Nhẹ, An Toàn Cho Da","Hoa Tiare, Standard",1732250801268885724,ST68816,323900,530400,VND,1,Thanh toán khi giao hàng,Đã hủy,ha_thubay,Video,7633274382705642773,fixed commission,0,0,0,8,323900,25912,,,,,,,,0,0,22/06/2026 13:40:37,,22/06/2026 13:40:38,,,,TTS,Open/Target Collaboration
584651243678958800,1732250928810920156,"Sữa Tắm/Gel Tắm Pháp Le Petit Marseillais Thiên Nhiên 250ml - Sữa Tắm Lưu Hương Lành Tính - Dịu Nhẹ, An Toàn Cho Da","Vani, Standard",1732250914985183452,ST00526,210000,286850,VND,1,Thanh toán khi giao hàng,Đang xử lý,ahau.phuongthao,Video,7654094102811659528,fixed commission,,,,8,210000,16800,,,,,,,,0,0,22/06/2026 14:14:19,24/06/2026 22:31:27,22/06/2026 14:14:20,24/06/2026 22:31:27,,27/06/2026 08:17:34,TTS,Open/Target Collaboration
584651627054794422,1732250760944257244,"Sữa Tắm/Gel Tắm Pháp Le Petit Marseillais Chiết Xuất Thiên Nhiên 650ml - Sữa Tắm Lưu Hương Lành Tính - Dịu Nhẹ, An Toàn Cho Da","Lá Oliu & Hoa Bồ Đề, Standard",1732250801268754652,ST01295,323900,530400,VND,1,Thanh toán khi giao hàng,Đang xử lý,ha_thubay,Video,7599664598626618642,fixed commission,,,,,323900,,,,3,9717,,,,0,0,22/06/2026 14:38:26,23/06/2026 19:03:32,22/06/2026 14:38:27,23/06/2026 19:03:32,,26/06/2026 10:36:01,TTS,Open/Target Collaboration
584651712018482385,1732251815880067292,"Sữa Tắm Pháp Le Petit Marseillais Cho Nam Chiết Xuất Thiên Nhiên 4in1 Nhiều Mùi Hương Dưỡng Ẩm, Thơm Lâu - Phù Hợp Mọi Loại Da (250ml)","Hương Thông & Bạch Đàn Biển, Standard",1732251749141154012,ST01356,166320,289550,VND,1,Thanh toán khi giao hàng,Đang xử lý,bichchaust0ve,Chương trình Lưu lượng truy cập bên ngoài,,fixed commission,,,,4,166320,6653,,,,,,,,0,0,22/06/2026 14:46:22,23/06/2026 13:22:49,22/06/2026 14:46:25,23/06/2026 13:22:49,,26/06/2026 09:27:20,TTS,Open/Target Collaboration
584653235404506564,1732251815880067292,"Sữa Tắm Pháp Le Petit Marseillais Cho Nam Chiết Xuất Thiên Nhiên 4in1 Nhiều Mùi Hương Dưỡng Ẩm, Thơm Lâu - Phù Hợp Mọi Loại Da (250ml)","Hương Gỗ Tuyết Tùng & Dương Xỉ, Standard",1732251749141219548,ST01172,205000,295800,VND,1,Thanh toán khi giao hàng,Đang xử lý,man.trung.737,Video,7595064670482877717,fixed commission,,,,8,205000,16400,,,,,,,,0,0,22/06/2026 16:42:57,25/06/2026 10:38:31,22/06/2026 16:42:58,25/06/2026 10:38:31,,28/06/2026 07:48:03,TTS,Open/Target Collaboration
584653459473925137,1732250928810920156,"Sữa Tắm/Gel Tắm Pháp Le Petit Marseillais Thiên Nhiên 250ml - Sữa Tắm Lưu Hương Lành Tính - Dịu Nhẹ, An Toàn Cho Da","Xoài & Chanh Dây, Standard",1732250914984986844,ST99622,205000,286850,VND,1,Thanh toán khi giao hàng,Đang xử lý,ahau.phuongthao,Video,7654094102811659528,fixed commission,,,,8,205000,16400,,,,,,,,0,0,22/06/2026 17:02:50,24/06/2026 20:50:50,22/06/2026 17:02:52,24/06/2026 20:50:50,,27/06/2026 09:30:21,TTS,Open/Target Collaboration
584653482474374442,1732250928810920156,"Sữa Tắm/Gel Tắm Pháp Le Petit Marseillais Thiên Nhiên 250ml - Sữa Tắm Lưu Hương Lành Tính - Dịu Nhẹ, An Toàn Cho Da","Quả Mâm Xôi & Hoa Mẫu Đơn, Standard",1732250914985052380,ST48441,184500,289550,VND,1,Thanh toán khi giao hàng,Đang xử lý,ahau.phuongthao,Phát trực tiếp,7654123565943474945,fixed commission,,,,8,184500,14760,,,,,,,,0,0,22/06/2026 17:04:45,24/06/2026 12:54:35,22/06/2026 17:04:46,24/06/2026 12:54:35,,27/06/2026 11:21:49,TTS,Open/Target Collaboration
584654318547338417,1732250760944257244,"Sữa Tắm/Gel Tắm Pháp Le Petit Marseillais Chiết Xuất Thiên Nhiên 650ml - Sữa Tắm Lưu Hương Lành Tính - Dịu Nhẹ, An Toàn Cho Da","Hương Xoài & Chanh Dây, Standard",1732250801268951260,ST68823,395000,545267,VND,1,Thanh toán khi giao hàng,Đang xử lý,thaocanview,Video,7639362324603686164,fixed commission,,,,,395000,,,,3,11850,,,,0,0,22/06/2026 18:05:48,24/06/2026 15:00:50,22/06/2026 18:05:49,24/06/2026 15:00:50,,27/06/2026 10:13:57,TTS,Open/Target Collaboration
584654321016276694,1732251815880067292,"Sữa Tắm Pháp Le Petit Marseillais Cho Nam Chiết Xuất Thiên Nhiên 4in1 Nhiều Mùi Hương Dưỡng Ẩm, Thơm Lâu - Phù Hợp Mọi Loại Da (250ml)","Hương Gỗ Tuyết Tùng & Dương Xỉ, Standard",1732251749141219548,ST01172,180595,289550,VND,1,Không áp dụng thanh toán khi giao hàng,Đang xử lý,man.trung.737,Video,7595064670482877717,fixed commission,,,,8,180595,14448,,,,,,,,0,0,22/06/2026 18:06:20,22/06/2026 18:06:25,22/06/2026 18:06:26,24/06/2026 08:57:35,,27/06/2026 11:08:49,TTS,Open/Target Collaboration
584656000572229425,1732250928810920156,"Sữa Tắm/Gel Tắm Pháp Le Petit Marseillais Thiên Nhiên 250ml - Sữa Tắm Lưu Hương Lành Tính - Dịu Nhẹ, An Toàn Cho Da","Đào Trắng & Quả Xuân Đào, Standard",1732250914985380060,ST01240,205000,295800,VND,1,Không áp dụng thanh toán khi giao hàng,Đang xử lý,ahau.phuongthao,Video,7654094102811659528,fixed commission,,,,8,205000,16400,,,,,,,,0,0,22/06/2026 19:58:03,22/06/2026 19:58:04,22/06/2026 19:58:05,25/06/2026 09:53:32,,26/06/2026 09:23:03,TTS,Open/Target Collaboration
584656030735632177,1732250928810920156,"Sữa Tắm/Gel Tắm Pháp Le Petit Marseillais Thiên Nhiên 250ml - Sữa Tắm Lưu Hương Lành Tính - Dịu Nhẹ, An Toàn Cho Da","Đào Trắng & Quả Xuân Đào, Standard",1732250914985380060,ST01240,205000,295800,VND,1,Không áp dụng thanh toán khi giao hàng,Đang xử lý,ahau.phuongthao,Video,7654094102811659528,fixed commission,,,,8,205000,16400,,,,,,,,0,0,22/06/2026 19:58:43,22/06/2026 19:58:45,22/06/2026 19:58:47,24/06/2026 16:00:09,,25/06/2026 09:23:23,TTS,Open/Target Collaboration
584656663453140144,1732250928810920156,"Sữa Tắm/Gel Tắm Pháp Le Petit Marseillais Thiên Nhiên 250ml - Sữa Tắm Lưu Hương Lành Tính - Dịu Nhẹ, An Toàn Cho Da","Quả Mâm Xôi & Hoa Mẫu Đơn, Standard",1732250914985052380,ST48441,205000,289550,VND,1,Thanh toán khi giao hàng,Đang xử lý,ahau.phuongthao,Video,7654094102811659528,fixed commission,,,,8,205000,16400,,,,,,,,0,0,22/06/2026 20:33:53,24/06/2026 21:09:45,22/06/2026 20:33:55,24/06/2026 21:09:45,,25/06/2026 08:02:16,TTS,Open/Target Collaboration
584656781447103783,1732250928810920156,"Sữa Tắm/Gel Tắm Pháp Le Petit Marseillais Thiên Nhiên 250ml - Sữa Tắm Lưu Hương Lành Tính - Dịu Nhẹ, An Toàn Cho Da","Quả Mâm Xôi & Hoa Mẫu Đơn, Standard",1732250914985052380,ST48441,180000,279900,VND,1,Thanh toán khi giao hàng,Đang xử lý,ahau.phuongthao,Video,7654094102811659528,fixed commission,,,,8,180000,14400,,,,,,,,0,0,22/06/2026 20:45:32,24/06/2026 09:28:24,22/06/2026 20:45:34,24/06/2026 09:28:24,,25/06/2026 10:43:22,TTS,Open/Target Collaboration
584657089475413840,1732250928810920156,"Sữa Tắm/Gel Tắm Pháp Le Petit Marseillais Thiên Nhiên 250ml - Sữa Tắm Lưu Hương Lành Tính - Dịu Nhẹ, An Toàn Cho Da","Vani, Standard",1732250914985183452,ST00526,205000,286850,VND,1,Thanh toán khi giao hàng,Đang xử lý,ahau.phuongthao,Video,7654094102811659528,fixed commission,,,,8,205000,16400,,,,,,,,0,0,22/06/2026 21:01:27,24/06/2026 13:05:37,22/06/2026 21:01:30,24/06/2026 13:05:37,,25/06/2026 08:02:50,TTS,Open/Target Collaboration
584657257034254329,1732250760944257244,"Sữa Tắm/Gel Tắm Pháp Le Petit Marseillais Chiết Xuất Thiên Nhiên 650ml - Sữa Tắm Lưu Hương Lành Tính - Dịu Nhẹ, An Toàn Cho Da","Thông & Bạch Đàn Biển, Standard",1732250801268689116,ST01902,395000,530400,VND,1,Thanh toán khi giao hàng,Đang xử lý,ha_thubay,Video,7599664598626618642,fixed commission,,,,,395000,,,,3,11850,,,,0,0,22/06/2026 21:16:07,24/06/2026 12:57:28,22/06/2026 21:16:08,24/06/2026 12:57:28,,25/06/2026 08:59:28,TTS,Open/Target Collaboration
584657337874745189,1734496604995683548,Xà Phòng Le Petit Marseillais Chính Hãng Bánh Xà Phòng Tắm Thiên Nhiên (Ngẫu nhiên)  1 Bánh,Mặc định,1734496577198523612,1 BÁNH-XP,67500,157650,VND,2,Thanh toán khi giao hàng,Đang xử lý,mythi_fr,Video,7651702051721760020,fixed commission,,,,6,135000,8100,,,,,,,,0,0,22/06/2026 21:17:35,24/06/2026 21:06:24,22/06/2026 21:17:36,24/06/2026 21:06:24,,25/06/2026 08:43:09,TTS,Open/Target Collaboration
584657409033274887,1732250928810920156,"Sữa Tắm/Gel Tắm Pháp Le Petit Marseillais Thiên Nhiên 250ml - Sữa Tắm Lưu Hương Lành Tính - Dịu Nhẹ, An Toàn Cho Da","Quả Mâm Xôi & Hoa Mẫu Đơn, Standard",1732250914985052380,ST48441,170150,279900,VND,1,Thanh toán khi giao hàng,Đang xử lý,ahau.phuongthao,Video,7654094102811659528,fixed commission,,,,8,170150,13612,,,,,,,,0,0,22/06/2026 21:26:51,24/06/2026 10:46:06,22/06/2026 21:26:52,24/06/2026 10:46:06,,25/06/2026 10:47:41,TTS,Open/Target Collaboration
584657792296584249,1732250928810920156,"Sữa Tắm/Gel Tắm Pháp Le Petit Marseillais Thiên Nhiên 250ml - Sữa Tắm Lưu Hương Lành Tính - Dịu Nhẹ, An Toàn Cho Da","Đào Trắng & Quả Xuân Đào, Standard",1732250914985380060,ST01240,175000,281150,VND,1,Không áp dụng thanh toán khi giao hàng,Đã hủy,nhac8x.huongly,Video,7634518955163602197,fixed commission,,,,,175000,,,,3,5250,,,,0,0,22/06/2026 21:47:40,22/06/2026 21:47:54,22/06/2026 21:47:54,,,,TTS,Open/Target Collaboration
584657897771795513,1732250928810920156,"Sữa Tắm/Gel Tắm Pháp Le Petit Marseillais Thiên Nhiên 250ml - Sữa Tắm Lưu Hương Lành Tính - Dịu Nhẹ, An Toàn Cho Da","Đào Trắng & Quả Xuân Đào, Standard",1732250914985380060,ST01240,175000,281150,VND,1,Thanh toán khi giao hàng,Đang xử lý,ahau.phuongthao,Video,7654094102811659528,fixed commission,,,,8,175000,14000,,,,,,,,0,0,22/06/2026 21:50:58,24/06/2026 12:24:20,22/06/2026 21:51:00,24/06/2026 12:24:20,,25/06/2026 09:00:42,TTS,Open/Target Collaboration
584657953185891672,1733398801247536348,Sữa Tắm Nam 4 in 1  Thiên Nhiên Le Petit Marseillais Chiết Xuất Gỗ Tuyết Tùng & Dương Xỉ 250ml 1172,Mặc định,1733398851758556380,ST01172,201800,279022,VND,1,Thanh toán khi giao hàng,Đang xử lý,xomtuido2,Chương trình Lưu lượng truy cập bên ngoài,,fixed commission,,,,4,201800,8072,,,,,,,,0,0,22/06/2026 21:54:47,24/06/2026 11:28:21,22/06/2026 21:54:49,24/06/2026 11:28:21,,25/06/2026 08:04:26,TTS,Open/Target Collaboration
584657922775483728,1732251815880067292,"Sữa Tắm Pháp Le Petit Marseillais Cho Nam Chiết Xuất Thiên Nhiên 4in1 Nhiều Mùi Hương Dưỡng Ẩm, Thơm Lâu - Phù Hợp Mọi Loại Da (250ml)","Hương Thông & Bạch Đàn Biển, Standard",1732251749141154012,ST01356,205000,295800,VND,1,Thanh toán khi giao hàng,Đã hủy,lepthelittlekid,Video,7594749644052204818,fixed commission,0,0,0,5,205000,10250,,,,,,,,0,0,22/06/2026 21:56:24,,22/06/2026 21:56:26,,,,TTS,Open/Target Collaboration
584658067125602261,1732250928810920156,"Sữa Tắm/Gel Tắm Pháp Le Petit Marseillais Thiên Nhiên 250ml - Sữa Tắm Lưu Hương Lành Tính - Dịu Nhẹ, An Toàn Cho Da","Quả Mâm Xôi & Hoa Mẫu Đơn, Standard",1732250914985052380,ST48441,205000,279900,VND,1,Không áp dụng thanh toán khi giao hàng,Đang xử lý,ahau.phuongthao,Video,7654094102811659528,fixed commission,,,,8,205000,16400,,,,,,,,0,0,22/06/2026 22:02:59,22/06/2026 22:03:04,22/06/2026 22:03:05,24/06/2026 09:57:12,,25/06/2026 09:34:20,TTS,Open/Target Collaboration
584658292047644324,1732250928810920156,"Sữa Tắm/Gel Tắm Pháp Le Petit Marseillais Thiên Nhiên 250ml - Sữa Tắm Lưu Hương Lành Tính - Dịu Nhẹ, An Toàn Cho Da","Quả Mâm Xôi & Hoa Mẫu Đơn, Standard",1732250914985052380,ST48441,164000,279900,VND,1,Thanh toán khi giao hàng,Đang xử lý,ahau.phuongthao,Video,7654094102811659528,fixed commission,,,,8,164000,13120,,,,,,,,0,0,22/06/2026 22:18:36,24/06/2026 18:41:47,22/06/2026 22:18:38,24/06/2026 18:41:47,,25/06/2026 07:30:30,TTS,Open/Target Collaboration
584658338331526480,1731317167366243548,[Quà tặng không bán] Bông Tắm Tạo Bọt Mềm Mịn,Mặc định,1731317148230255836,BONG TAM HQ,0,23800,VND,1,Thanh toán khi giao hàng,Đã hủy,lepetitmarseillaisvn,Video,7579467706747849992,fixed commission,,,,,0,,,,,,,,,0,0,22/06/2026 22:20:31,,22/06/2026 22:20:32,,,,TTS,Open/Target Collaboration
584658338331526480,1732251815880067292,"Sữa Tắm Pháp Le Petit Marseillais Cho Nam Chiết Xuất Thiên Nhiên 4in1 Nhiều Mùi Hương Dưỡng Ẩm, Thơm Lâu - Phù Hợp Mọi Loại Da (250ml)","Hương Thông & Bạch Đàn Biển, Standard",1732251749141154012,ST01356,205000,295800,VND,1,Thanh toán khi giao hàng,Đã hủy,lepthelittlekid,Video,7594749644052204818,fixed commission,0,0,0,5,205000,10250,,,,,,,,0,0,22/06/2026 22:20:31,,22/06/2026 22:20:32,,,,TTS,Open/Target Collaboration
584659383366878953,1732250928810920156,"Sữa Tắm/Gel Tắm Pháp Le Petit Marseillais Thiên Nhiên 250ml - Sữa Tắm Lưu Hương Lành Tính - Dịu Nhẹ, An Toàn Cho Da","Bạc Hà, Standard",1732250914984855772,ST92871,162100,292700,VND,1,Thanh toán khi giao hàng,Đang xử lý,ahau.phuongthao,Phát trực tiếp,7654212598870674193,fixed commission,,,,8,162100,12968,,,,,,,,0,0,22/06/2026 23:49:17,25/06/2026 11:17:06,22/06/2026 23:49:18,25/06/2026 11:17:06,,26/06/2026 09:14:09,TTS,Open/Target Collaboration
584660585946580702,1732250928810920156,"Sữa Tắm/Gel Tắm Pháp Le Petit Marseillais Thiên Nhiên 250ml - Sữa Tắm Lưu Hương Lành Tính - Dịu Nhẹ, An Toàn Cho Da","Hương Lựu, Standard",1732250914984724700,ST19308,205000,279900,VND,1,Thanh toán khi giao hàng,Đang xử lý,ahau.phuongthao,Video,7654094102811659528,fixed commission,,,,8,205000,16400,,,,,,,,0,0,23/06/2026 04:04:25,24/06/2026 14:45:29,23/06/2026 04:04:27,24/06/2026 14:45:29,,25/06/2026 11:08:45,TTS,Open/Target Collaboration
584661478801442455,1732250928810920156,"Sữa Tắm/Gel Tắm Pháp Le Petit Marseillais Thiên Nhiên 250ml - Sữa Tắm Lưu Hương Lành Tính - Dịu Nhẹ, An Toàn Cho Da","Đào Trắng & Quả Xuân Đào, Standard",1732250914985380060,ST01240,205000,289750,VND,1,Thanh toán khi giao hàng,Đang xử lý,ahau.phuongthao,Video,7654094102811659528,fixed commission,,,,8,205000,16400,,,,,,,,0,0,23/06/2026 06:43:11,26/06/2026 17:47:15,23/06/2026 06:43:12,26/06/2026 17:47:15,,27/06/2026 12:03:23,TTS,Open/Target Collaboration
584661630339155213,1732250928810920156,"Sữa Tắm/Gel Tắm Pháp Le Petit Marseillais Thiên Nhiên 250ml - Sữa Tắm Lưu Hương Lành Tính - Dịu Nhẹ, An Toàn Cho Da","Quả Mâm Xôi & Hoa Mẫu Đơn, Standard",1732250914985052380,ST48441,123000,279900,VND,1,Không áp dụng thanh toán khi giao hàng,Đang xử lý,ahau.phuongthao,Video,7654094102811659528,fixed commission,,,,8,123000,9840,,,,,,,,0,0,23/06/2026 07:01:42,23/06/2026 07:01:47,23/06/2026 07:01:47,24/06/2026 09:55:01,,25/06/2026 08:38:10,TTS,Open/Target Collaboration
584661887014503924,1732250928810920156,"Sữa Tắm/Gel Tắm Pháp Le Petit Marseillais Thiên Nhiên 250ml - Sữa Tắm Lưu Hương Lành Tính - Dịu Nhẹ, An Toàn Cho Da","Quả Mâm Xôi & Hoa Mẫu Đơn, Standard",1732250914985052380,ST48441,180400,279900,VND,1,Thanh toán khi giao hàng,Đang xử lý,ahau.phuongthao,Video,7654094102811659528,fixed commission,,,,8,180400,14432,,,,,,,,0,0,23/06/2026 07:29:57,24/06/2026 11:51:47,23/06/2026 07:29:58,24/06/2026 11:51:47,,25/06/2026 07:42:39,TTS,Open/Target Collaboration
584661976410588919,1732251815880067292,"Sữa Tắm Pháp Le Petit Marseillais Cho Nam Chiết Xuất Thiên Nhiên 4in1 Nhiều Mùi Hương Dưỡng Ẩm, Thơm Lâu - Phù Hợp Mọi Loại Da (250ml)","Hương Gỗ Tuyết Tùng & Dương Xỉ, Standard",1732251749141219548,ST01172,205000,286850,VND,1,Thanh toán khi giao hàng,Đang xử lý,thuythangthan85,Video,7644788117660454152,fixed commission,,,,,205000,,,,3,6150,,,,0,0,23/06/2026 07:38:05,25/06/2026 17:35:21,23/06/2026 07:38:07,25/06/2026 17:35:21,,26/06/2026 11:53:54,TTS,Open/Target Collaboration
584662133196752345,1732250928810920156,"Sữa Tắm/Gel Tắm Pháp Le Petit Marseillais Thiên Nhiên 250ml - Sữa Tắm Lưu Hương Lành Tính - Dịu Nhẹ, An Toàn Cho Da","Quả Mâm Xôi & Hoa Mẫu Đơn, Standard",1732250914985052380,ST48441,190000,292700,VND,1,Thanh toán khi giao hàng,Đang xử lý,ahau.phuongthao,Video,7654094102811659528,fixed commission,,,,8,190000,15200,,,,,,,,0,0,23/06/2026 07:55:39,24/06/2026 14:29:45,23/06/2026 07:55:40,24/06/2026 14:29:45,,25/06/2026 08:37:06,TTS,Open/Target Collaboration
584662343933659128,1732250928810920156,"Sữa Tắm/Gel Tắm Pháp Le Petit Marseillais Thiên Nhiên 250ml - Sữa Tắm Lưu Hương Lành Tính - Dịu Nhẹ, An Toàn Cho Da","Vani, Standard",1732250914985183452,ST00526,205000,289550,VND,1,Thanh toán khi giao hàng,Đang xử lý,ahau.phuongthao,Video,7654094102811659528,fixed commission,,,,8,205000,16400,,,,,,,,0,0,23/06/2026 08:15:53,24/06/2026 21:38:59,23/06/2026 08:15:54,24/06/2026 21:38:59,,25/06/2026 07:56:47,TTS,Open/Target Collaboration
584662519685088924,1732250928810920156,"Sữa Tắm/Gel Tắm Pháp Le Petit Marseillais Thiên Nhiên 250ml - Sữa Tắm Lưu Hương Lành Tính - Dịu Nhẹ, An Toàn Cho Da","Quả Mâm Xôi & Hoa Mẫu Đơn, Standard",1732250914985052380,ST48441,184500,279900,VND,1,Thanh toán khi giao hàng,Đang xử lý,ahau.phuongthao,Video,7654094102811659528,fixed commission,,,,12,184500,22140,,,,,,,,0,0,23/06/2026 08:26:48,24/06/2026 18:39:16,23/06/2026 08:26:49,24/06/2026 18:39:16,,25/06/2026 08:22:15,TTS,Open/Target Collaboration
584662736039413472,1732250928810920156,"Sữa Tắm/Gel Tắm Pháp Le Petit Marseillais Thiên Nhiên 250ml - Sữa Tắm Lưu Hương Lành Tính - Dịu Nhẹ, An Toàn Cho Da","Quả Mâm Xôi & Hoa Mẫu Đơn, Standard",1732250914985052380,ST48441,204950,282045,VND,1,Thanh toán khi giao hàng,Đang xử lý,ahau.phuongthao,Video,7654094102811659528,fixed commission,,,,12,204950,24594,,,,,,,,0,0,23/06/2026 08:46:00,24/06/2026 17:56:41,23/06/2026 08:46:02,24/06/2026 17:56:41,,25/06/2026 08:13:01,TTS,Open/Target Collaboration
584662736039413472,1732250928810920156,"Sữa Tắm/Gel Tắm Pháp Le Petit Marseillais Thiên Nhiên 250ml - Sữa Tắm Lưu Hương Lành Tính - Dịu Nhẹ, An Toàn Cho Da","Đào Trắng & Quả Xuân Đào, Standard",1732250914985380060,ST01240,204950,282046,VND,1,Thanh toán khi giao hàng,Đang xử lý,ahau.phuongthao,Video,7654094102811659528,fixed commission,,,,12,204950,24594,,,,,,,,0,0,23/06/2026 08:46:00,24/06/2026 17:56:41,23/06/2026 08:46:02,24/06/2026 17:56:41,,25/06/2026 08:13:01,TTS,Open/Target Collaboration
584662736039413472,1734496604995683548,Xà Phòng Le Petit Marseillais Chính Hãng Bánh Xà Phòng Tắm Thiên Nhiên (Ngẫu nhiên)  1 Bánh,Mặc định,1734496577198523612,1 BÁNH-XP,0,2009,VND,1,Thanh toán khi giao hàng,Đang xử lý,louisreviewz,Chương trình Lưu lượng truy cập bên ngoài,,fixed commission,,,,,0,,,,,,,,,0,0,23/06/2026 08:46:00,24/06/2026 17:56:41,23/06/2026 08:46:02,24/06/2026 17:56:41,,25/06/2026 08:13:01,TTS,Open/Target Collaboration
584662926638090207,1732250928810920156,"Sữa Tắm/Gel Tắm Pháp Le Petit Marseillais Thiên Nhiên 250ml - Sữa Tắm Lưu Hương Lành Tính - Dịu Nhẹ, An Toàn Cho Da","Quả Mâm Xôi & Hoa Mẫu Đơn, Standard",1732250914985052380,ST48441,184500,289550,VND,1,Thanh toán khi giao hàng,Đang xử lý,ahau.phuongthao,Video,7654094102811659528,fixed commission,,,,12,184500,22140,,,,,,,,0,0,23/06/2026 09:03:37,24/06/2026 13:23:10,23/06/2026 09:03:38,24/06/2026 13:23:10,,25/06/2026 11:40:11,TTS,Open/Target Collaboration
584662939817444630,1732250928810920156,"Sữa Tắm/Gel Tắm Pháp Le Petit Marseillais Thiên Nhiên 250ml - Sữa Tắm Lưu Hương Lành Tính - Dịu Nhẹ, An Toàn Cho Da","Quả Mâm Xôi & Hoa Mẫu Đơn, Standard",1732250914985052380,ST48441,205000,276750,VND,1,Thanh toán khi giao hàng,Đang xử lý,ahau.phuongthao,Video,7654094102811659528,fixed commission,,,,12,205000,24600,,,,,,,,0,0,23/06/2026 09:04:41,24/06/2026 19:03:42,23/06/2026 09:04:44,24/06/2026 19:03:42,,25/06/2026 10:16:38,TTS,Open/Target Collaboration
584663083242980737,1732250928810920156,"Sữa Tắm/Gel Tắm Pháp Le Petit Marseillais Thiên Nhiên 250ml - Sữa Tắm Lưu Hương Lành Tính - Dịu Nhẹ, An Toàn Cho Da","Quả Mâm Xôi & Hoa Mẫu Đơn, Standard",1732250914985052380,ST48441,205000,278300,VND,1,Thanh toán khi giao hàng,Đang xử lý,ahau.phuongthao,Video,7654094102811659528,fixed commission,,,,12,205000,24600,,,,,,,,0,0,23/06/2026 09:18:47,24/06/2026 10:09:54,23/06/2026 09:18:48,24/06/2026 10:09:54,,25/06/2026 08:42:03,TTS,Open/Target Collaboration
584663181915423908,1732250928810920156,"Sữa Tắm/Gel Tắm Pháp Le Petit Marseillais Thiên Nhiên 250ml - Sữa Tắm Lưu Hương Lành Tính - Dịu Nhẹ, An Toàn Cho Da","Quả Mâm Xôi & Hoa Mẫu Đơn, Standard",1732250914985052380,ST48441,189000,279900,VND,1,Không áp dụng thanh toán khi giao hàng,Đang xử lý,ahau.phuongthao,Video,7654094102811659528,fixed commission,,,,12,189000,22680,,,,,,,,0,0,23/06/2026 09:21:49,23/06/2026 09:21:54,23/06/2026 09:21:56,24/06/2026 15:46:52,,25/06/2026 08:09:04,TTS,Open/Target Collaboration
584663287965189338,1732250760944257244,"Sữa Tắm/Gel Tắm Pháp Le Petit Marseillais Chiết Xuất Thiên Nhiên 650ml - Sữa Tắm Lưu Hương Lành Tính - Dịu Nhẹ, An Toàn Cho Da","Dừa, Standard",1732250801269147868,ST06999,395000,526280,VND,1,Thanh toán khi giao hàng,Đang xử lý,thaocanview,Video,7639362324603686164,fixed commission,,,,,395000,,,,3,11850,,,,0,0,23/06/2026 09:29:25,24/06/2026 18:26:07,23/06/2026 09:29:26,24/06/2026 18:26:07,,25/06/2026 10:33:53,TTS,Open/Target Collaboration
584663287965189338,1732250760944257244,"Sữa Tắm/Gel Tắm Pháp Le Petit Marseillais Chiết Xuất Thiên Nhiên 650ml - Sữa Tắm Lưu Hương Lành Tính - Dịu Nhẹ, An Toàn Cho Da","Thông & Bạch Đàn Biển, Standard",1732250801268689116,ST01902,395000,526280,VND,1,Thanh toán khi giao hàng,Đang xử lý,thaocanview,Video,7639362324603686164,fixed commission,,,,,395000,,,,3,11850,,,,0,0,23/06/2026 09:29:25,24/06/2026 18:26:07,23/06/2026 09:29:26,24/06/2026 18:26:07,,25/06/2026 10:33:53,TTS,Open/Target Collaboration
584663536983770797,1732250928810920156,"Sữa Tắm/Gel Tắm Pháp Le Petit Marseillais Thiên Nhiên 250ml - Sữa Tắm Lưu Hương Lành Tính - Dịu Nhẹ, An Toàn Cho Da","Quả Mâm Xôi & Hoa Mẫu Đơn, Standard",1732250914985052380,ST48441,205000,286850,VND,1,Thanh toán khi giao hàng,Đang xử lý,ahau.phuongthao,Video,7654094102811659528,fixed commission,,,,12,205000,24600,,,,,,,,0,0,23/06/2026 09:48:36,25/06/2026 10:20:54,23/06/2026 09:48:38,25/06/2026 10:20:54,,26/06/2026 09:59:49,TTS,Open/Target Collaboration
584663508359677692,1732250928810920156,"Sữa Tắm/Gel Tắm Pháp Le Petit Marseillais Thiên Nhiên 250ml - Sữa Tắm Lưu Hương Lành Tính - Dịu Nhẹ, An Toàn Cho Da","Quả Mâm Xôi & Hoa Mẫu Đơn, Standard",1732250914985052380,ST48441,205000,282450,VND,1,Thanh toán khi giao hàng,Đang xử lý,ahau.phuongthao,Video,7654094102811659528,fixed commission,,,,12,205000,24600,,,,,,,,0,0,23/06/2026 09:51:55,24/06/2026 20:30:05,23/06/2026 09:51:56,24/06/2026 20:30:05,,25/06/2026 07:51:19,TTS,Open/Target Collaboration
584663651258828375,1732250928810920156,"Sữa Tắm/Gel Tắm Pháp Le Petit Marseillais Thiên Nhiên 250ml - Sữa Tắm Lưu Hương Lành Tính - Dịu Nhẹ, An Toàn Cho Da","Quả Mâm Xôi & Hoa Mẫu Đơn, Standard",1732250914985052380,ST48441,184500,279900,VND,1,Thanh toán khi giao hàng,Đang xử lý,ahau.phuongthao,Video,7654094102811659528,fixed commission,,,,12,184500,22140,,,,,,,,0,0,23/06/2026 09:54:40,24/06/2026 18:11:06,23/06/2026 09:54:41,24/06/2026 18:11:06,,25/06/2026 12:10:44,TTS,Open/Target Collaboration
584663611994965248,1732250928810920156,"Sữa Tắm/Gel Tắm Pháp Le Petit Marseillais Thiên Nhiên 250ml - Sữa Tắm Lưu Hương Lành Tính - Dịu Nhẹ, An Toàn Cho Da","Quả Mâm Xôi & Hoa Mẫu Đơn, Standard",1732250914985052380,ST48441,205000,289750,VND,1,Thanh toán khi giao hàng,Đang xử lý,ahau.phuongthao,Video,7654094102811659528,fixed commission,,,,12,205000,24600,,,,,,,,0,0,23/06/2026 09:54:44,25/06/2026 18:45:36,23/06/2026 09:54:45,25/06/2026 18:45:36,,26/06/2026 08:30:15,TTS,Open/Target Collaboration
584663665863656991,1732250928810920156,"Sữa Tắm/Gel Tắm Pháp Le Petit Marseillais Thiên Nhiên 250ml - Sữa Tắm Lưu Hương Lành Tính - Dịu Nhẹ, An Toàn Cho Da","Quả Mâm Xôi & Hoa Mẫu Đơn, Standard",1732250914985052380,ST48441,205000,279900,VND,1,Thanh toán khi giao hàng,Đang xử lý,ahau.phuongthao,Video,7654094102811659528,fixed commission,,,,12,205000,24600,,,,,,,,0,0,23/06/2026 09:58:35,26/06/2026 10:24:11,23/06/2026 09:58:36,26/06/2026 10:24:11,,27/06/2026 13:42:39,TTS,Open/Target Collaboration
584663731312953338,1732250928810920156,"Sữa Tắm/Gel Tắm Pháp Le Petit Marseillais Thiên Nhiên 250ml - Sữa Tắm Lưu Hương Lành Tính - Dịu Nhẹ, An Toàn Cho Da","Quả Mâm Xôi & Hoa Mẫu Đơn, Standard",1732250914985052380,ST48441,174250,279400,VND,1,Thanh toán khi giao hàng,Đang xử lý,ahau.phuongthao,Video,7654094102811659528,fixed commission,,,,12,174250,20910,,,,,,,,0,0,23/06/2026 10:03:32,24/06/2026 18:40:12,23/06/2026 10:03:33,24/06/2026 18:40:12,,25/06/2026 10:33:59,TTS,Open/Target Collaboration
584663850102457431,1732250928810920156,"Sữa Tắm/Gel Tắm Pháp Le Petit Marseillais Thiên Nhiên 250ml - Sữa Tắm Lưu Hương Lành Tính - Dịu Nhẹ, An Toàn Cho Da","Quả Mâm Xôi & Hoa Mẫu Đơn, Standard",1732250914985052380,ST48441,205000,289550,VND,1,Thanh toán khi giao hàng,Đã hủy,ahau.phuongthao,Video,7654094102811659528,fixed commission,0,0,0,12,205000,24600,,,,,,,,0,0,23/06/2026 10:11:53,,23/06/2026 10:11:56,,,,TTS,Open/Target Collaboration
584663884312970704,1733205919089657052,Dầu Gội Trẻ Em 2in1 94% Thiên Nhiên Le Petit Marseillais Giúp Gỡ Rối Tóc Nhiều Mùi Hương 300ml,Quả đào & mơ 0435,1733205957881660636,DG90435,264000,464000,VND,1,Không áp dụng thanh toán khi giao hàng,Đang xử lý,lepetitmarseillaisvn,Video,7598046944103025941,fixed commission,,,,,264000,,,,,,,,,1,0,23/06/2026 10:16:36,23/06/2026 10:16:41,23/06/2026 10:16:42,24/06/2026 11:13:41,,,TTS,Open/Target Collaboration
584664293556061728,1732250928810920156,"Sữa Tắm/Gel Tắm Pháp Le Petit Marseillais Thiên Nhiên 250ml - Sữa Tắm Lưu Hương Lành Tính - Dịu Nhẹ, An Toàn Cho Da","Quả Mâm Xôi & Hoa Mẫu Đơn, Standard",1732250914985052380,ST48441,205000,295800,VND,1,Thanh toán khi giao hàng,Đang xử lý,ahau.phuongthao,Video,7654094102811659528,fixed commission,,,,12,205000,24600,,,,,,,,0,0,23/06/2026 10:43:50,24/06/2026 15:57:20,23/06/2026 10:43:52,24/06/2026 15:57:20,,25/06/2026 07:30:21,TTS,Open/Target Collaboration
584665435535017912,1732250928810920156,"Sữa Tắm/Gel Tắm Pháp Le Petit Marseillais Thiên Nhiên 250ml - Sữa Tắm Lưu Hương Lành Tính - Dịu Nhẹ, An Toàn Cho Da","Đào Trắng & Quả Xuân Đào, Standard",1732250914985380060,ST01240,205000,286850,VND,1,Thanh toán khi giao hàng,Đang xử lý,ahau.phuongthao,Video,7654094102811659528,fixed commission,,,,12,205000,24600,,,,,,,,0,0,23/06/2026 12:06:01,24/06/2026 22:42:05,23/06/2026 12:06:02,24/06/2026 22:42:05,,25/06/2026 07:21:31,TTS,Open/Target Collaboration
584667072885917320,1732250760944257244,"Sữa Tắm/Gel Tắm Pháp Le Petit Marseillais Chiết Xuất Thiên Nhiên 650ml - Sữa Tắm Lưu Hương Lành Tính - Dịu Nhẹ, An Toàn Cho Da","Thông & Bạch Đàn Biển, Standard",1732250801268689116,ST01902,395000,545267,VND,1,Thanh toán khi giao hàng,Đang xử lý,thaocanview,Video,7637538562224721172,fixed commission,,,,8,395000,31600,,,,,,,,0,0,23/06/2026 14:02:01,24/06/2026 12:22:51,23/06/2026 14:02:03,24/06/2026 12:22:51,,25/06/2026 07:40:05,TTS,Open/Target Collaboration
584667366062524106,1735774087556334812,Sữa Tắm Le Petit Marseillais Đào Trắng Hữu Cơ Và Xuân Đào Hữu Cơ 92% Tự Nhiên 650ml,Mặc định,1735774228533773532,ST01288,400000,542640,VND,1,Không áp dụng thanh toán khi giao hàng,Đã hủy,iflytek02,Chương trình Lưu lượng truy cập bên ngoài,,fixed commission,,,,4,400000,16000,,,,,,,,0,0,23/06/2026 14:23:26,23/06/2026 14:23:37,23/06/2026 14:23:38,,,,TTS,Open/Target Collaboration
584667677340108007,1732250928810920156,"Sữa Tắm/Gel Tắm Pháp Le Petit Marseillais Thiên Nhiên 250ml - Sữa Tắm Lưu Hương Lành Tính - Dịu Nhẹ, An Toàn Cho Da","Vani, Standard",1732250914985183452,ST00526,205000,279900,VND,1,Thanh toán khi giao hàng,Đang xử lý,ahau.phuongthao,Video,7654094102811659528,fixed commission,,,,12,205000,24600,,,,,,,,0,0,23/06/2026 14:47:29,24/06/2026 21:02:49,23/06/2026 14:47:30,24/06/2026 21:02:49,,25/06/2026 11:44:43,TTS,Open/Target Collaboration
584669009939498561,1732250928810920156,"Sữa Tắm/Gel Tắm Pháp Le Petit Marseillais Thiên Nhiên 250ml - Sữa Tắm Lưu Hương Lành Tính - Dịu Nhẹ, An Toàn Cho Da","Quả Mâm Xôi & Hoa Mẫu Đơn, Standard",1732250914985052380,ST48441,205000,286000,VND,1,Thanh toán khi giao hàng,Đang xử lý,ahau.phuongthao,Video,7654094102811659528,fixed commission,,,,12,205000,24600,,,,,,,,0,0,23/06/2026 16:28:25,24/06/2026 19:29:03,23/06/2026 16:28:26,24/06/2026 19:29:03,,25/06/2026 08:29:34,TTS,Open/Target Collaboration
584669138026464782,1732252961260865756,"Dầu Gội Thiên Nhiên Le Petit Marseillais Nhiều Mùi Hương 250ml Dưỡng Ẩm, Thơm Lâu - Phù Hợp Mọi Loại Da",Hương lựu 7450,1733206092187469020,DG37450,202500,384800,VND,1,Thanh toán khi giao hàng,Đang xử lý,tuyetcookies,Video,7561391524253109512,fixed commission,,,,8,202500,16200,,,,,,,,0,0,23/06/2026 16:31:18,25/06/2026 18:04:21,23/06/2026 16:31:20,25/06/2026 18:04:21,,26/06/2026 11:06:44,TTS,Open/Target Collaboration
584670857218655761,1732251815880067292,"Sữa Tắm Pháp Le Petit Marseillais Cho Nam Chiết Xuất Thiên Nhiên 4in1 Nhiều Mùi Hương Dưỡng Ẩm, Thơm Lâu - Phù Hợp Mọi Loại Da (250ml)","Hương Gỗ Tuyết Tùng & Dương Xỉ, Standard",1732251749141219548,ST01172,205000,286850,VND,1,Thanh toán khi giao hàng,Đang xử lý,man.trung.737,Video,7595064670482877717,fixed commission,,,,8,205000,16400,,,,,,,,0,0,23/06/2026 18:46:12,25/06/2026 20:45:25,23/06/2026 18:46:13,25/06/2026 20:45:22,,26/06/2026 09:47:22,TTS,Open/Target Collaboration
584671258573965164,1732250928810920156,"Sữa Tắm/Gel Tắm Pháp Le Petit Marseillais Thiên Nhiên 250ml - Sữa Tắm Lưu Hương Lành Tính - Dịu Nhẹ, An Toàn Cho Da","Vani, Standard",1732250914985183452,ST00526,153750,279900,VND,1,Thanh toán khi giao hàng,Đang xử lý,ahau.phuongthao,Video,7654094102811659528,fixed commission,,,,12,153750,18450,,,,,,,,0,0,23/06/2026 19:08:33,26/06/2026 16:51:45,23/06/2026 19:08:34,26/06/2026 16:51:45,,27/06/2026 08:09:21,TTS,Open/Target Collaboration
584671476747306618,1732250928810920156,"Sữa Tắm/Gel Tắm Pháp Le Petit Marseillais Thiên Nhiên 250ml - Sữa Tắm Lưu Hương Lành Tính - Dịu Nhẹ, An Toàn Cho Da","Quả Mâm Xôi & Hoa Mẫu Đơn, Standard",1732250914985052380,ST48441,205000,279900,VND,1,Thanh toán khi giao hàng,Đang xử lý,ahau.phuongthao,Video,7654094102811659528,fixed commission,,,,12,205000,24600,,,,,,,,0,0,23/06/2026 19:28:34,25/06/2026 19:04:46,23/06/2026 19:28:38,25/06/2026 19:04:46,,26/06/2026 11:30:05,TTS,Open/Target Collaboration
584671725819365186,1732250760944257244,"Sữa Tắm/Gel Tắm Pháp Le Petit Marseillais Chiết Xuất Thiên Nhiên 650ml - Sữa Tắm Lưu Hương Lành Tính - Dịu Nhẹ, An Toàn Cho Da","Đào Trắng & Quả Xuân Đào, Standard",1732250801269016796,ST01288,323900,530400,VND,1,Không áp dụng thanh toán khi giao hàng,Đang xử lý,ahau.phuongthao,Video,7654094102811659528,fixed commission,,,,12,323900,38868,,,,,,,,0,0,23/06/2026 19:45:41,23/06/2026 19:45:46,23/06/2026 19:45:47,25/06/2026 12:50:31,,26/06/2026 10:39:46,TTS,Open/Target Collaboration
584672072960673187,1731317167366243548,[Quà tặng không bán] Bông Tắm Tạo Bọt Mềm Mịn,Mặc định,1731317148230255836,BONG TAM HQ,0,17550,VND,1,Thanh toán khi giao hàng,Đang xử lý,lepetitmarseillaisvn,Phát trực tiếp,7654569106275961607,fixed commission,,,,,0,,,,,,,,,0,0,23/06/2026 20:07:41,25/06/2026 10:29:34,23/06/2026 20:07:42,25/06/2026 10:29:34,,,TTS,Open/Target Collaboration
584672072960673187,1732251815880067292,"Sữa Tắm Pháp Le Petit Marseillais Cho Nam Chiết Xuất Thiên Nhiên 4in1 Nhiều Mùi Hương Dưỡng Ẩm, Thơm Lâu - Phù Hợp Mọi Loại Da (250ml)","Hương Gỗ Tuyết Tùng & Dương Xỉ, Standard",1732251749141219548,ST01172,182450,289550,VND,1,Thanh toán khi giao hàng,Đang xử lý,lepetitmarseillaisvn,Phát trực tiếp,7654569106275961607,fixed commission,,,,,182450,,,,,,,,,0,0,23/06/2026 20:07:41,25/06/2026 10:29:34,23/06/2026 20:07:42,25/06/2026 10:29:34,,,TTS,Open/Target Collaboration
584672126551295116,1732251815880067292,"Sữa Tắm Pháp Le Petit Marseillais Cho Nam Chiết Xuất Thiên Nhiên 4in1 Nhiều Mùi Hương Dưỡng Ẩm, Thơm Lâu - Phù Hợp Mọi Loại Da (250ml)","Hương Thông & Bạch Đàn Biển, Standard",1732251749141154012,ST01356,176300,286850,VND,1,Thanh toán khi giao hàng,Đang xử lý,lepetitmarseillaisvn,Phát trực tiếp,7654569106275961607,fixed commission,,,,,176300,,,,,,,,,0,0,23/06/2026 20:10:23,25/06/2026 10:18:40,23/06/2026 20:10:24,25/06/2026 10:18:40,,,TTS,Open/Target Collaboration
584672126551295116,1731317167366243548,[Quà tặng không bán] Bông Tắm Tạo Bọt Mềm Mịn,Mặc định,1731317148230255836,BONG TAM HQ,0,14850,VND,1,Thanh toán khi giao hàng,Đang xử lý,lepetitmarseillaisvn,Phát trực tiếp,7654569106275961607,fixed commission,,,,,0,,,,,,,,,0,0,23/06/2026 20:10:23,25/06/2026 10:18:40,23/06/2026 20:10:24,25/06/2026 10:18:40,,,TTS,Open/Target Collaboration
584672356056205287,1732250928810920156,"Sữa Tắm/Gel Tắm Pháp Le Petit Marseillais Thiên Nhiên 250ml - Sữa Tắm Lưu Hương Lành Tính - Dịu Nhẹ, An Toàn Cho Da","Quả Mâm Xôi & Hoa Mẫu Đơn, Standard",1732250914985052380,ST48441,210000,279773,VND,1,Không áp dụng thanh toán khi giao hàng,Đang xử lý,ahau.phuongthao,Video,7654094102811659528,fixed commission,,,,12,210000,25200,,,,,,,,0,0,23/06/2026 20:19:55,23/06/2026 20:20:00,23/06/2026 20:20:01,26/06/2026 08:06:32,,27/06/2026 12:24:25,TTS,Open/Target Collaboration
584672356056205287,1732250928810920156,"Sữa Tắm/Gel Tắm Pháp Le Petit Marseillais Thiên Nhiên 250ml - Sữa Tắm Lưu Hương Lành Tính - Dịu Nhẹ, An Toàn Cho Da","Vani, Standard",1732250914985183452,ST00526,210000,279772,VND,1,Không áp dụng thanh toán khi giao hàng,Đang xử lý,ahau.phuongthao,Video,7654094102811659528,fixed commission,,,,12,210000,25200,,,,,,,,0,0,23/06/2026 20:19:55,23/06/2026 20:20:00,23/06/2026 20:20:01,26/06/2026 08:06:32,,27/06/2026 12:24:25,TTS,Open/Target Collaboration
584672356056205287,1734496604995683548,Xà Phòng Le Petit Marseillais Chính Hãng Bánh Xà Phòng Tắm Thiên Nhiên (Ngẫu nhiên)  1 Bánh,Mặc định,1734496577198523612,1 BÁNH-XP,0,1555,VND,1,Không áp dụng thanh toán khi giao hàng,Đang xử lý,iflytek02,Chương trình Lưu lượng truy cập bên ngoài,,fixed commission,,,,,0,,,,,,,,,0,0,23/06/2026 20:19:55,23/06/2026 20:20:00,23/06/2026 20:20:01,26/06/2026 08:06:32,,27/06/2026 12:24:25,TTS,Open/Target Collaboration
584672418554676358,1735910664928920796,Combo 2 Sữa Tắm Nam Le Petit Marseillais 4in1 Cho Tóc Mặt Râu Toàn Thân 250ml,"Gỗ Tuyết Tùng Và Dương Xỉ, Gỗ Tuyết Tùng Và Dương Xỉ",1735912571877950684,ST01172 x 2,302400,575457,VND,1,Thanh toán khi giao hàng,Đang xử lý,lepetitmarseillaisvn,Phát trực tiếp,7654569106275961607,fixed commission,,,,,302400,,,,,,,,,0,0,23/06/2026 20:25:28,25/06/2026 18:48:57,23/06/2026 20:25:30,25/06/2026 18:48:57,,,TTS,Open/Target Collaboration
584672418554676358,1734496604995683548,Xà Phòng Le Petit Marseillais Chính Hãng Bánh Xà Phòng Tắm Thiên Nhiên (Ngẫu nhiên)  1 Bánh,Mặc định,1734496577198523612,1 BÁNH-XP,0,4243,VND,1,Thanh toán khi giao hàng,Đang xử lý,lepetitmarseillaisvn,Phát trực tiếp,7654569106275961607,fixed commission,,,,,0,,,,,,,,,0,0,23/06/2026 20:25:28,25/06/2026 18:48:57,23/06/2026 20:25:30,25/06/2026 18:48:57,,,TTS,Open/Target Collaboration
584672495170716737,1734496604995683548,Xà Phòng Le Petit Marseillais Chính Hãng Bánh Xà Phòng Tắm Thiên Nhiên (Ngẫu nhiên)  1 Bánh,Mặc định,1734496577198523612,1 BÁNH-XP,0,2257,VND,1,Thanh toán khi giao hàng,Đang xử lý,lepetitmarseillaisvn,Phát trực tiếp,7654569106275961607,fixed commission,,,,,0,,,,,,,,,0,0,23/06/2026 20:31:53,25/06/2026 12:39:43,23/06/2026 20:31:54,25/06/2026 12:39:43,,,TTS,Open/Target Collaboration
584672495170716737,1735910664928920796,Combo 2 Sữa Tắm Nam Le Petit Marseillais 4in1 Cho Tóc Mặt Râu Toàn Thân 250ml,"Gỗ Cam & Dầu Argan , Gỗ Tuyết Tùng Và Dương Xỉ",1735912571878278364,ST01431 + ST01172,364900,563543,VND,1,Thanh toán khi giao hàng,Đang xử lý,lepetitmarseillaisvn,Phát trực tiếp,7654569106275961607,fixed commission,,,,,364900,,,,,,,,,0,0,23/06/2026 20:31:53,25/06/2026 12:39:43,23/06/2026 20:31:54,25/06/2026 12:39:43,,,TTS,Open/Target Collaboration
584672615111427576,1732251932571175132,"Sữa Dưỡng Thể 24h Le Petit Marseillais Nhiều Mùi Hương 400ml Dưỡng Ẩm, Thơm Lâu - Phù Hợp Mọi Loại Da","Bơ Hạt Mỡ, Hạnh Nhân, Dầu Argan, Standard",1732251916621613276,DT83916,406700,671500,VND,1,Thanh toán khi giao hàng,Đang xử lý,lepetitmarseillaisvn,Phát trực tiếp,7654569106275961607,fixed commission,,,,,406700,,,,,,,,,0,0,23/06/2026 20:36:29,26/06/2026 19:25:09,23/06/2026 20:36:30,26/06/2026 19:25:09,,,TTS,Open/Target Collaboration
584672686663108161,1731317167366243548,[Quà tặng không bán] Bông Tắm Tạo Bọt Mềm Mịn,Mặc định,1731317148230255836,BONG TAM HQ,0,10200,VND,1,Thanh toán khi giao hàng,Đang xử lý,lepetitmarseillaisvn,Phát trực tiếp,7654569106275961607,fixed commission,,,,,0,,,,,,,,,0,0,23/06/2026 20:45:05,25/06/2026 10:27:02,23/06/2026 20:45:06,25/06/2026 10:27:02,,,TTS,Open/Target Collaboration
584672686663108161,1732250760944257244,"Sữa Tắm/Gel Tắm Pháp Le Petit Marseillais Chiết Xuất Thiên Nhiên 650ml - Sữa Tắm Lưu Hương Lành Tính - Dịu Nhẹ, An Toàn Cho Da","Thông & Bạch Đàn Biển, Standard",1732250801268689116,ST01902,327850,539400,VND,1,Thanh toán khi giao hàng,Đang xử lý,lepetitmarseillaisvn,Phát trực tiếp,7654569106275961607,fixed commission,,,,,327850,,,,,,,,,0,0,23/06/2026 20:45:05,25/06/2026 10:27:02,23/06/2026 20:45:06,25/06/2026 10:27:02,,,TTS,Open/Target Collaboration
584672747845879361,1735910664928920796,Combo 2 Sữa Tắm Nam Le Petit Marseillais 4in1 Cho Tóc Mặt Râu Toàn Thân 250ml,"Gỗ Tuyết Tùng Và Dương Xỉ, Gỗ Tuyết Tùng Và Dương Xỉ",1735912571877950684,ST01172 x 2,313740,572886,VND,1,Thanh toán khi giao hàng,Đang xử lý,lepetitmarseillaisvn,Phát trực tiếp,7654569106275961607,fixed commission,,,,,313740,,,,,,,,,0,0,23/06/2026 20:45:25,25/06/2026 10:27:03,23/06/2026 20:45:26,25/06/2026 10:27:03,,,TTS,Open/Target Collaboration
584672747845879361,1734496604995683548,Xà Phòng Le Petit Marseillais Chính Hãng Bánh Xà Phòng Tắm Thiên Nhiên (Ngẫu nhiên)  1 Bánh,Mặc định,1734496577198523612,1 BÁNH-XP,0,3814,VND,1,Thanh toán khi giao hàng,Đang xử lý,lepetitmarseillaisvn,Phát trực tiếp,7654569106275961607,fixed commission,,,,,0,,,,,,,,,0,0,23/06/2026 20:45:25,25/06/2026 10:27:03,23/06/2026 20:45:26,25/06/2026 10:27:03,,,TTS,Open/Target Collaboration
584672837223024429,1734496604995683548,Xà Phòng Le Petit Marseillais Chính Hãng Bánh Xà Phòng Tắm Thiên Nhiên (Ngẫu nhiên)  1 Bánh,Mặc định,1734496577198523612,1 BÁNH-XP,0,5014,VND,1,Thanh toán khi giao hàng,Đang xử lý,lepetitmarseillaisvn,Phát trực tiếp,7654569106275961607,fixed commission,,,,,0,,,,,,,,,0,0,23/06/2026 20:46:48,25/06/2026 20:16:36,23/06/2026 20:46:49,25/06/2026 20:16:36,,,TTS,Open/Target Collaboration
584672837223024429,1735910664928920796,Combo 2 Sữa Tắm Nam Le Petit Marseillais 4in1 Cho Tóc Mặt Râu Toàn Thân 250ml,"Gỗ Tuyết Tùng Và Dương Xỉ, Gỗ Tuyết Tùng Và Dương Xỉ",1735912571877950684,ST01172 x 2,313740,580086,VND,1,Thanh toán khi giao hàng,Đang xử lý,lepetitmarseillaisvn,Phát trực tiếp,7654569106275961607,fixed commission,,,,,313740,,,,,,,,,0,0,23/06/2026 20:46:48,25/06/2026 20:16:36,23/06/2026 20:46:49,25/06/2026 20:16:36,,,TTS,Open/Target Collaboration
584673819767965483,1732251815880067292,"Sữa Tắm Pháp Le Petit Marseillais Cho Nam Chiết Xuất Thiên Nhiên 4in1 Nhiều Mùi Hương Dưỡng Ẩm, Thơm Lâu - Phù Hợp Mọi Loại Da (250ml)","Hương Gỗ Tuyết Tùng & Dương Xỉ, Standard",1732251749141219548,ST01172,197000,295800,VND,1,Thanh toán khi giao hàng,Đang xử lý,man.trung.737,Video,7595064670482877717,fixed commission,,,,8,197000,15760,,,,,,,,0,0,23/06/2026 21:53:30,26/06/2026 09:22:29,23/06/2026 21:53:31,26/06/2026 09:22:29,,27/06/2026 13:42:33,TTS,Open/Target Collaboration
584674006569354581,1732250928810920156,"Sữa Tắm/Gel Tắm Pháp Le Petit Marseillais Thiên Nhiên 250ml - Sữa Tắm Lưu Hương Lành Tính - Dịu Nhẹ, An Toàn Cho Da","Quả Mâm Xôi & Hoa Mẫu Đơn, Standard",1732250914985052380,ST48441,184500,279900,VND,1,Thanh toán khi giao hàng,Đang xử lý,ahau.phuongthao,Video,7654094102811659528,fixed commission,,,,12,184500,22140,,,,,,,,0,0,23/06/2026 22:04:26,26/06/2026 08:55:02,23/06/2026 22:04:27,26/06/2026 08:55:02,,27/06/2026 08:50:15,TTS,Open/Target Collaboration
584674873634621293,1732250928810920156,"Sữa Tắm/Gel Tắm Pháp Le Petit Marseillais Thiên Nhiên 250ml - Sữa Tắm Lưu Hương Lành Tính - Dịu Nhẹ, An Toàn Cho Da","Quả Mâm Xôi & Hoa Mẫu Đơn, Standard",1732250914985052380,ST48441,205000,286850,VND,1,Không áp dụng thanh toán khi giao hàng,Đang xử lý,ahau.phuongthao,Video,7654094102811659528,fixed commission,,,,12,205000,24600,,,,,,,,0,0,23/06/2026 23:09:50,23/06/2026 23:09:51,23/06/2026 23:09:52,25/06/2026 15:21:33,,26/06/2026 10:00:42,TTS,Open/Target Collaboration
584676056760747388,1732250928810920156,"Sữa Tắm/Gel Tắm Pháp Le Petit Marseillais Thiên Nhiên 250ml - Sữa Tắm Lưu Hương Lành Tính - Dịu Nhẹ, An Toàn Cho Da","Quả Mâm Xôi & Hoa Mẫu Đơn, Standard",1732250914985052380,ST48441,189000,279900,VND,1,Thanh toán khi giao hàng,Đang xử lý,ahau.phuongthao,Video,7654094102811659528,fixed commission,,,,12,189000,22680,,,,,,,,0,0,24/06/2026 02:03:00,25/06/2026 18:12:53,24/06/2026 02:03:01,25/06/2026 18:12:53,,26/06/2026 08:14:20,TTS,Open/Target Collaboration
584676324456302274,1732251815880067292,"Sữa Tắm Pháp Le Petit Marseillais Cho Nam Chiết Xuất Thiên Nhiên 4in1 Nhiều Mùi Hương Dưỡng Ẩm, Thơm Lâu - Phù Hợp Mọi Loại Da (250ml)","Hương Gỗ Tuyết Tùng & Dương Xỉ, Standard",1732251749141219548,ST01172,176300,279900,VND,1,Thanh toán khi giao hàng,Đã hủy,man.trung.737,Video,7595064670482877717,fixed commission,0,0,0,8,176300,14104,,,,,,,,0,0,24/06/2026 03:27:00,,24/06/2026 03:27:01,,,,TTS,Open/Target Collaboration
584676938104407402,1732250928810920156,"Sữa Tắm/Gel Tắm Pháp Le Petit Marseillais Thiên Nhiên 250ml - Sữa Tắm Lưu Hương Lành Tính - Dịu Nhẹ, An Toàn Cho Da","Quả Mâm Xôi & Hoa Mẫu Đơn, Standard",1732250914985052380,ST48441,205000,279900,VND,1,Thanh toán khi giao hàng,Đang xử lý,ahau.phuongthao,Video,7654094102811659528,fixed commission,,,,12,205000,24600,,,,,,,,0,0,24/06/2026 05:52:12,25/06/2026 19:12:58,24/06/2026 05:52:14,25/06/2026 19:12:58,,26/06/2026 10:55:17,TTS,Open/Target Collaboration
584677118026024725,1732250928810920156,"Sữa Tắm/Gel Tắm Pháp Le Petit Marseillais Thiên Nhiên 250ml - Sữa Tắm Lưu Hương Lành Tính - Dịu Nhẹ, An Toàn Cho Da","Quả Mâm Xôi & Hoa Mẫu Đơn, Standard",1732250914985052380,ST48441,164000,279900,VND,1,Thanh toán khi giao hàng,Đang xử lý,ahau.phuongthao,Video,7654094102811659528,fixed commission,,,,12,164000,19680,,,,,,,,0,0,24/06/2026 06:20:33,25/06/2026 12:55:17,24/06/2026 06:20:35,25/06/2026 12:55:17,,26/06/2026 09:47:19,TTS,Open/Target Collaboration
584677496078698154,1732250928810920156,"Sữa Tắm/Gel Tắm Pháp Le Petit Marseillais Thiên Nhiên 250ml - Sữa Tắm Lưu Hương Lành Tính - Dịu Nhẹ, An Toàn Cho Da","Quả Mâm Xôi & Hoa Mẫu Đơn, Standard",1732250914985052380,ST48441,184500,286850,VND,1,Thanh toán khi giao hàng,Đang xử lý,ahau.phuongthao,Video,7654094102811659528,fixed commission,,,,12,184500,22140,,,,,,,,0,0,24/06/2026 07:01:20,25/06/2026 16:35:46,24/06/2026 07:01:21,25/06/2026 16:35:46,,26/06/2026 11:38:10,TTS,Open/Target Collaboration
584677631377900789,1732251815880067292,"Sữa Tắm Pháp Le Petit Marseillais Cho Nam Chiết Xuất Thiên Nhiên 4in1 Nhiều Mùi Hương Dưỡng Ẩm, Thơm Lâu - Phù Hợp Mọi Loại Da (250ml)","Hương Gỗ Tuyết Tùng & Dương Xỉ, Standard",1732251749141219548,ST01172,189000,279900,VND,1,Thanh toán khi giao hàng,Đang xử lý,man.trung.737,Video,7595064670482877717,fixed commission,,,,,189000,,,,3,5670,,,,0,0,24/06/2026 07:16:41,25/06/2026 21:03:39,24/06/2026 07:16:43,25/06/2026 21:03:39,,26/06/2026 08:40:38,TTS,Open/Target Collaboration
584677894898812188,1732250928810920156,"Sữa Tắm/Gel Tắm Pháp Le Petit Marseillais Thiên Nhiên 250ml - Sữa Tắm Lưu Hương Lành Tính - Dịu Nhẹ, An Toàn Cho Da","Hương Bông & Hoa Anh Túc, Standard",1732250914985117916,ST65434,210000,279900,VND,1,Thanh toán khi giao hàng,Đang xử lý,ahau.phuongthao,Video,7654094102811659528,fixed commission,,,,12,210000,25200,,,,,,,,0,0,24/06/2026 07:43:02,25/06/2026 09:46:01,24/06/2026 07:43:03,25/06/2026 09:46:01,,26/06/2026 08:24:07,TTS,Open/Target Collaboration
584678297681889105,1732251815880067292,"Sữa Tắm Pháp Le Petit Marseillais Cho Nam Chiết Xuất Thiên Nhiên 4in1 Nhiều Mùi Hương Dưỡng Ẩm, Thơm Lâu - Phù Hợp Mọi Loại Da (250ml)","Hương Gỗ Tuyết Tùng & Dương Xỉ, Standard",1732251749141219548,ST01172,164500,279900,VND,1,Thanh toán khi giao hàng,Đang xử lý,lailalunaaday,Video,7653692028374568199,fixed commission,,,,,164500,,,,3,4935,,,,0,0,24/06/2026 08:16:55,25/06/2026 15:00:36,24/06/2026 08:16:57,25/06/2026 15:00:36,,26/06/2026 09:01:36,TTS,Open/Target Collaboration
584679115664361417,1732251815880067292,"Sữa Tắm Pháp Le Petit Marseillais Cho Nam Chiết Xuất Thiên Nhiên 4in1 Nhiều Mùi Hương Dưỡng Ẩm, Thơm Lâu - Phù Hợp Mọi Loại Da (250ml)","Hương Gỗ Tuyết Tùng & Dương Xỉ, Standard",1732251749141219548,ST01172,205000,295800,VND,1,Thanh toán khi giao hàng,Đã hủy,man.trung.737,Video,7595064670482877717,fixed commission,0,0,0,,205000,,,,3,6150,,,,0,0,24/06/2026 09:29:54,,24/06/2026 09:29:55,,,,TTS,Open/Target Collaboration
584679232011863953,1732251815880067292,"Sữa Tắm Pháp Le Petit Marseillais Cho Nam Chiết Xuất Thiên Nhiên 4in1 Nhiều Mùi Hương Dưỡng Ẩm, Thơm Lâu - Phù Hợp Mọi Loại Da (250ml)","Hương Gỗ Tuyết Tùng & Dương Xỉ, Standard",1732251749141219548,ST01172,184500,279900,VND,1,Thanh toán khi giao hàng,Đã hủy,man.trung.737,Video,7595064670482877717,fixed commission,0,0,0,,184500,,,,3,5535,,,,0,0,24/06/2026 09:39:34,,24/06/2026 09:39:36,,,,TTS,Open/Target Collaboration
584679359757911798,1732250760944257244,"Sữa Tắm/Gel Tắm Pháp Le Petit Marseillais Chiết Xuất Thiên Nhiên 650ml - Sữa Tắm Lưu Hương Lành Tính - Dịu Nhẹ, An Toàn Cho Da","Thông & Bạch Đàn Biển, Standard",1732250801268689116,ST01902,335750,551400,VND,1,Không áp dụng thanh toán khi giao hàng,Đã hủy,phuongthi668,Video,7599458401982172436,fixed commission,,,,8,335750,26860,,,,,,,,0,0,24/06/2026 09:49:03,24/06/2026 09:49:08,24/06/2026 09:49:09,,,,TTS,Open/Target Collaboration
584679486052402547,1732251815880067292,"Sữa Tắm Pháp Le Petit Marseillais Cho Nam Chiết Xuất Thiên Nhiên 4in1 Nhiều Mùi Hương Dưỡng Ẩm, Thơm Lâu - Phù Hợp Mọi Loại Da (250ml)","Hương Gỗ Tuyết Tùng & Dương Xỉ, Standard",1732251749141219548,ST01172,205000,486273,VND,2,Thanh toán khi giao hàng,Đang xử lý,duongmanhkien19,Video,7578474458705382676,fixed commission,,,,,410000,,,,3,12300,,,,0,0,24/06/2026 09:55:50,25/06/2026 18:29:14,24/06/2026 09:55:52,25/06/2026 18:29:14,,26/06/2026 11:56:45,TTS,Open/Target Collaboration
584679737728927417,1732250760944257244,"Sữa Tắm/Gel Tắm Pháp Le Petit Marseillais Chiết Xuất Thiên Nhiên 650ml - Sữa Tắm Lưu Hương Lành Tính - Dịu Nhẹ, An Toàn Cho Da","Thông & Bạch Đàn Biển, Standard",1732250801268689116,ST01902,400000,545267,VND,1,Thanh toán khi giao hàng,Đang xử lý,duongmanhkien19,Video,7578474458705382676,fixed commission,,,,8,400000,32000,,,,,,,,0,0,24/06/2026 10:15:46,25/06/2026 21:34:20,24/06/2026 10:15:48,25/06/2026 21:34:20,,26/06/2026 09:53:16,TTS,Open/Target Collaboration
584680571243235120,1732252961260865756,"Dầu Gội Thiên Nhiên Le Petit Marseillais Nhiều Mùi Hương 250ml Dưỡng Ẩm, Thơm Lâu - Phù Hợp Mọi Loại Da",Trị Gàu 2 In 1 Tinh Dầu Bạc Hà,1732252943759018204,DG74042,270000,364000,VND,1,Thanh toán khi giao hàng,Đang xử lý,mythi_fr,Video,7648610266220989716,fixed commission,,,,8,270000,21600,,,,,,,,0,0,24/06/2026 11:09:30,25/06/2026 10:50:51,24/06/2026 11:09:32,25/06/2026 10:50:51,,26/06/2026 07:38:17,TTS,Open/Target Collaboration
584680660400899347,1732250928810920156,"Sữa Tắm/Gel Tắm Pháp Le Petit Marseillais Thiên Nhiên 250ml - Sữa Tắm Lưu Hương Lành Tính - Dịu Nhẹ, An Toàn Cho Da","Quả Mâm Xôi & Hoa Mẫu Đơn, Standard",1732250914985052380,ST48441,158760,279773,VND,1,Thanh toán khi giao hàng,Đang xử lý,ahau.phuongthao,Video,7654094102811659528,fixed commission,,,,12,158760,19051,,,,,,,,0,0,24/06/2026 11:20:08,25/06/2026 11:16:48,24/06/2026 11:20:11,25/06/2026 11:16:48,,26/06/2026 12:52:51,TTS,Open/Target Collaboration
584680660400899347,1732250928810920156,"Sữa Tắm/Gel Tắm Pháp Le Petit Marseillais Thiên Nhiên 250ml - Sữa Tắm Lưu Hương Lành Tính - Dịu Nhẹ, An Toàn Cho Da","Dừa, Standard",1732250914985314524,ST54494,158760,279772,VND,1,Thanh toán khi giao hàng,Đang xử lý,ahau.phuongthao,Video,7654094102811659528,fixed commission,,,,12,158760,19051,,,,,,,,0,0,24/06/2026 11:20:08,25/06/2026 11:16:48,24/06/2026 11:20:11,25/06/2026 11:16:48,,26/06/2026 12:52:51,TTS,Open/Target Collaboration
584680836809328610,1732251815880067292,"Sữa Tắm Pháp Le Petit Marseillais Cho Nam Chiết Xuất Thiên Nhiên 4in1 Nhiều Mùi Hương Dưỡng Ẩm, Thơm Lâu - Phù Hợp Mọi Loại Da (250ml)","Hương Gỗ Tuyết Tùng & Dương Xỉ, Standard",1732251749141219548,ST01172,205000,286850,VND,1,Không áp dụng thanh toán khi giao hàng,Đang xử lý,man.trung.737,Video,7595064670482877717,fixed commission,,,,,205000,,,,3,6150,,,,0,0,24/06/2026 11:33:16,24/06/2026 11:33:22,24/06/2026 11:33:22,25/06/2026 14:01:34,,26/06/2026 11:18:29,TTS,Open/Target Collaboration
584681212761507500,1732250928810920156,"Sữa Tắm/Gel Tắm Pháp Le Petit Marseillais Thiên Nhiên 250ml - Sữa Tắm Lưu Hương Lành Tính - Dịu Nhẹ, An Toàn Cho Da","Quả Mâm Xôi & Hoa Mẫu Đơn, Standard",1732250914985052380,ST48441,173880,286850,VND,1,Thanh toán khi giao hàng,Đang xử lý,ahau.phuongthao,Video,7654094102811659528,fixed commission,,,,12,173880,20866,,,,,,,,0,0,24/06/2026 11:57:40,25/06/2026 21:42:26,24/06/2026 11:57:41,25/06/2026 21:42:26,,26/06/2026 08:17:59,TTS,Open/Target Collaboration
584681204804912205,1732251815880067292,"Sữa Tắm Pháp Le Petit Marseillais Cho Nam Chiết Xuất Thiên Nhiên 4in1 Nhiều Mùi Hương Dưỡng Ẩm, Thơm Lâu - Phù Hợp Mọi Loại Da (250ml)","Hương Cam & Tinh Dầu Argan, Standard",1732251749141022940,ST01431,205000,286850,VND,1,Thanh toán khi giao hàng,Đã hủy,duongmanhkien19,Video,7578474458705382676,fixed commission,0,0,0,,205000,,,,3,6150,,,,0,0,24/06/2026 11:59:43,,24/06/2026 11:59:44,,,,TTS,Open/Target Collaboration
584681284795729029,1732250928810920156,"Sữa Tắm/Gel Tắm Pháp Le Petit Marseillais Thiên Nhiên 250ml - Sữa Tắm Lưu Hương Lành Tính - Dịu Nhẹ, An Toàn Cho Da","Quả Mâm Xôi & Hoa Mẫu Đơn, Standard",1732250914985052380,ST48441,175118,282450,VND,1,Không áp dụng thanh toán khi giao hàng,Đang xử lý,ahau.phuongthao,Video,7654094102811659528,fixed commission,,,,12,175118,21014,,,,,,,,0,0,24/06/2026 12:05:34,24/06/2026 12:05:36,24/06/2026 12:05:38,25/06/2026 11:43:06,,26/06/2026 09:34:20,TTS,Open/Target Collaboration
584681538815820943,1732250760944257244,"Sữa Tắm/Gel Tắm Pháp Le Petit Marseillais Chiết Xuất Thiên Nhiên 650ml - Sữa Tắm Lưu Hương Lành Tính - Dịu Nhẹ, An Toàn Cho Da","Đào Trắng & Quả Xuân Đào, Standard",1732250801269016796,ST01288,336000,530400,VND,1,Thanh toán khi giao hàng,Đang xử lý,lepthelittlekid,Video,7594749644052204818,fixed commission,,,,8,336000,26880,,,,,,,,0,0,24/06/2026 12:23:29,25/06/2026 19:47:29,24/06/2026 12:23:31,25/06/2026 19:47:29,,26/06/2026 13:19:00,TTS,Open/Target Collaboration
584682671806121932,1732251815880067292,"Sữa Tắm Pháp Le Petit Marseillais Cho Nam Chiết Xuất Thiên Nhiên 4in1 Nhiều Mùi Hương Dưỡng Ẩm, Thơm Lâu - Phù Hợp Mọi Loại Da (250ml)","Hương Gỗ Tuyết Tùng & Dương Xỉ, Standard",1732251749141219548,ST01172,205000,282450,VND,1,Không áp dụng thanh toán khi giao hàng,Đang xử lý,lepthelittlekid,Video,7594749644052204818,fixed commission,,,,5,205000,10250,,,,,,,,0,0,24/06/2026 13:42:54,24/06/2026 13:42:56,24/06/2026 13:42:56,25/06/2026 09:45:46,,26/06/2026 08:14:39,TTS,Open/Target Collaboration
584683248275391823,1731317167366243548,[Quà tặng không bán] Bông Tắm Tạo Bọt Mềm Mịn,Mặc định,1731317148230255836,BONG TAM HQ,0,14850,VND,1,Thanh toán khi giao hàng,Đã hủy,lepetitmarseillaisvn,Phát trực tiếp,7654569106275961607,fixed commission,,,,,0,,,,,,,,,0,0,24/06/2026 14:23:22,,24/06/2026 14:23:23,,,,TTS,Open/Target Collaboration
584683248275391823,1731893265443752156,"Sữa Tắm Pháp Le Petit Marseillais Quả Mâm Xôi & Hoa Mẫu Đơn Hữu Cơ Dưỡng Ẩm, Thơm Lâu - Phù Hợp Mọi Loại Da (250ml)","Quả Mâm Xôi & Hoa Mẫu Đơn, Standard",1731893265444210908,ST48441,210000,286850,VND,1,Thanh toán khi giao hàng,Đã hủy,trankimdung249,Video,7529161069151964424,fixed commission,0,0,0,,210000,,,,3,6300,,,,0,0,24/06/2026 14:23:22,,24/06/2026 14:23:23,,,,TTS,Open/Target Collaboration
584684152035903378,1733302334060004572,Combo Dầu Gội Xả Thiên Nhiên Chăm Sóc Tóc Le Petit Marseillais Mềm Mượt 300ML,Hạt Lanh 1841+ Xả 4752,1733302435130148060,3574661801841 + 3574661574752,507400,670100,VND,1,Không áp dụng thanh toán khi giao hàng,Đang xử lý,nhaconoc05,Chương trình Lưu lượng truy cập bên ngoài,,fixed commission,,,,4,507400,20296,,,,,,,,0,0,24/06/2026 15:30:28,24/06/2026 15:30:36,24/06/2026 15:30:36,26/06/2026 16:18:27,,27/06/2026 10:41:25,TTS,Open/Target Collaboration
584684355992978449,1732251815880067292,"Sữa Tắm Pháp Le Petit Marseillais Cho Nam Chiết Xuất Thiên Nhiên 4in1 Nhiều Mùi Hương Dưỡng Ẩm, Thơm Lâu - Phù Hợp Mọi Loại Da (250ml)","Hương Gỗ Tuyết Tùng & Dương Xỉ, Standard",1732251749141219548,ST01172,186550,298200,VND,1,Thanh toán khi giao hàng,Đang xử lý,ahau.phuongthao,Video,7654094102811659528,fixed commission,,,,12,186550,22386,,,,,,,,0,0,24/06/2026 15:47:34,26/06/2026 18:17:17,24/06/2026 15:47:36,26/06/2026 18:17:17,,27/06/2026 09:27:53,TTS,Open/Target Collaboration
584684973014156789,1732251815880067292,"Sữa Tắm Pháp Le Petit Marseillais Cho Nam Chiết Xuất Thiên Nhiên 4in1 Nhiều Mùi Hương Dưỡng Ẩm, Thơm Lâu - Phù Hợp Mọi Loại Da (250ml)","Hương Gỗ Tuyết Tùng & Dương Xỉ, Standard",1732251749141219548,ST01172,184500,272000,VND,1,Thanh toán khi giao hàng,Đang xử lý,duongmanhkien19,Video,7589190858113649928,fixed commission,,,,,184500,,,,3,5535,,,,0,0,24/06/2026 16:35:01,26/06/2026 18:50:00,24/06/2026 16:35:02,26/06/2026 18:50:00,,27/06/2026 08:44:34,TTS,Open/Target Collaboration
584685083723662736,1732250928810920156,"Sữa Tắm/Gel Tắm Pháp Le Petit Marseillais Thiên Nhiên 250ml - Sữa Tắm Lưu Hương Lành Tính - Dịu Nhẹ, An Toàn Cho Da","Dừa, Standard",1732250914985314524,ST54494,189000,275596,VND,1,Thanh toán khi giao hàng,Đang xử lý,ahau.phuongthao,Video,7654094102811659528,fixed commission,,,,12,189000,22680,,,,,,,,0,0,24/06/2026 16:42:19,26/06/2026 17:01:42,24/06/2026 16:42:20,26/06/2026 17:01:42,,27/06/2026 07:37:05,TTS,Open/Target Collaboration
584685083723662736,1732250928810920156,"Sữa Tắm/Gel Tắm Pháp Le Petit Marseillais Thiên Nhiên 250ml - Sữa Tắm Lưu Hương Lành Tính - Dịu Nhẹ, An Toàn Cho Da","Đào Trắng & Quả Xuân Đào, Standard",1732250914985380060,ST01240,189000,275597,VND,1,Thanh toán khi giao hàng,Đang xử lý,ahau.phuongthao,Video,7654094102811659528,fixed commission,,,,12,189000,22680,,,,,,,,0,0,24/06/2026 16:42:19,26/06/2026 17:01:42,24/06/2026 16:42:20,26/06/2026 17:01:42,,27/06/2026 07:37:05,TTS,Open/Target Collaboration
584685083723662736,1732250928810920156,"Sữa Tắm/Gel Tắm Pháp Le Petit Marseillais Thiên Nhiên 250ml - Sữa Tắm Lưu Hương Lành Tính - Dịu Nhẹ, An Toàn Cho Da","Xoài & Chanh Dây, Standard",1732250914984986844,ST99622,189000,275596,VND,1,Thanh toán khi giao hàng,Đang xử lý,ahau.phuongthao,Video,7654094102811659528,fixed commission,,,,12,189000,22680,,,,,,,,0,0,24/06/2026 16:42:19,26/06/2026 17:01:42,24/06/2026 16:42:20,26/06/2026 17:01:42,,27/06/2026 07:37:05,TTS,Open/Target Collaboration
584685083723662736,1732250928810920156,"Sữa Tắm/Gel Tắm Pháp Le Petit Marseillais Thiên Nhiên 250ml - Sữa Tắm Lưu Hương Lành Tính - Dịu Nhẹ, An Toàn Cho Da","Quả Mâm Xôi & Hoa Mẫu Đơn, Standard",1732250914985052380,ST48441,189000,464596,VND,2,Thanh toán khi giao hàng,Đang xử lý,ahau.phuongthao,Video,7654094102811659528,fixed commission,,,,12,378000,45360,,,,,,,,0,0,24/06/2026 16:42:19,26/06/2026 17:01:42,24/06/2026 16:42:20,26/06/2026 17:01:42,,27/06/2026 07:37:05,TTS,Open/Target Collaboration
584685305604113544,1732250928810920156,"Sữa Tắm/Gel Tắm Pháp Le Petit Marseillais Thiên Nhiên 250ml - Sữa Tắm Lưu Hương Lành Tính - Dịu Nhẹ, An Toàn Cho Da","Quả Mâm Xôi & Hoa Mẫu Đơn, Standard",1732250914985052380,ST48441,175770,302300,VND,1,Thanh toán khi giao hàng,Đang xử lý,ahau.phuongthao,Video,7654094102811659528,fixed commission,,,,12,175770,21092,,,,,,,,0,0,24/06/2026 16:58:15,26/06/2026 10:29:15,24/06/2026 16:58:16,26/06/2026 10:29:15,,27/06/2026 07:16:27,TTS,Open/Target Collaboration
584685551765849444,1732252961260865756,"Dầu Gội Thiên Nhiên Le Petit Marseillais Nhiều Mùi Hương 250ml Dưỡng Ẩm, Thơm Lâu - Phù Hợp Mọi Loại Da",Tinh Dầu Chanh Vàng Hữu Cơ,1735769515978818780,DG74035,270000,376200,VND,1,Thanh toán khi giao hàng,Đang xử lý,ngocdailyvlog,Video,7581114717813460242,fixed commission,,,,8,270000,21600,,,,,,,,0,0,24/06/2026 17:15:39,26/06/2026 22:03:08,24/06/2026 17:15:40,26/06/2026 22:03:08,,27/06/2026 08:34:13,TTS,Open/Target Collaboration
584685525641627618,1732251815880067292,"Sữa Tắm Pháp Le Petit Marseillais Cho Nam Chiết Xuất Thiên Nhiên 4in1 Nhiều Mùi Hương Dưỡng Ẩm, Thơm Lâu - Phù Hợp Mọi Loại Da (250ml)","Hương Gỗ Tuyết Tùng & Dương Xỉ, Standard",1732251749141219548,ST01172,174250,286850,VND,1,Không áp dụng thanh toán khi giao hàng,Đã hủy,lepthelittlekid,Video,7594749644052204818,fixed commission,,,,,174250,,,,5,8713,,,,0,0,24/06/2026 17:20:59,24/06/2026 17:21:05,24/06/2026 17:21:05,,,,TTS,Open/Target Collaboration
584685821336651169,1732250760944257244,"Sữa Tắm/Gel Tắm Pháp Le Petit Marseillais Chiết Xuất Thiên Nhiên 650ml - Sữa Tắm Lưu Hương Lành Tính - Dịu Nhẹ, An Toàn Cho Da","Hương Chanh & Bưởi Hồng, Standard",1732250801268820188,ST01868,331800,555933,VND,1,Thanh toán khi giao hàng,Đang xử lý,ha_thubay,Video,7633274382705642773,fixed commission,,,,8,331800,26544,,,,,,,,0,0,24/06/2026 17:42:03,26/06/2026 16:34:42,24/06/2026 17:42:04,26/06/2026 16:34:42,,27/06/2026 09:43:59,TTS,Open/Target Collaboration
584686074572211853,1732250760944257244,"Sữa Tắm/Gel Tắm Pháp Le Petit Marseillais Chiết Xuất Thiên Nhiên 650ml - Sữa Tắm Lưu Hương Lành Tính - Dịu Nhẹ, An Toàn Cho Da","Thông & Bạch Đàn Biển, Standard",1732250801268689116,ST01902,331800,551400,VND,1,Thanh toán khi giao hàng,Đang xử lý,thaocanview,Video,7650868246068858132,fixed commission,,,,,331800,,,,3,9954,,,,0,0,24/06/2026 18:02:40,26/06/2026 18:06:31,24/06/2026 18:02:42,26/06/2026 18:06:31,,27/06/2026 10:17:52,TTS,Open/Target Collaboration
584686511975597912,1732250760944257244,"Sữa Tắm/Gel Tắm Pháp Le Petit Marseillais Chiết Xuất Thiên Nhiên 650ml - Sữa Tắm Lưu Hương Lành Tính - Dịu Nhẹ, An Toàn Cho Da","Dừa, Standard",1732250801269147868,ST06999,395000,554100,VND,1,Thanh toán khi giao hàng,Đang xử lý,thaocanview,Video,7637538562224721172,fixed commission,,,,,395000,,,,3,11850,,,,0,0,24/06/2026 18:33:04,26/06/2026 20:18:38,24/06/2026 18:33:05,26/06/2026 20:18:38,,27/06/2026 07:43:24,TTS,Open/Target Collaboration
584686654765761769,1734496604995683548,Xà Phòng Le Petit Marseillais Chính Hãng Bánh Xà Phòng Tắm Thiên Nhiên (Ngẫu nhiên)  1 Bánh,Mặc định,1734496577198523612,1 BÁNH-XP,75000,101200,VND,1,Không áp dụng thanh toán khi giao hàng,Đã hủy,onggiatichcuc79,Video,7649582978691058952,fixed commission,,,,6,75000,4500,,,,,,,,0,0,24/06/2026 18:43:59,24/06/2026 18:44:03,24/06/2026 18:44:04,,,,TTS,Open/Target Collaboration
584686797701023628,1732250760944257244,"Sữa Tắm/Gel Tắm Pháp Le Petit Marseillais Chiết Xuất Thiên Nhiên 650ml - Sữa Tắm Lưu Hương Lành Tính - Dịu Nhẹ, An Toàn Cho Da","Thông & Bạch Đàn Biển, Standard",1732250801268689116,ST01902,395000,530400,VND,1,Thanh toán khi giao hàng,Đang xử lý,donghoai07,Video,7653857935277231368,fixed commission,,,,,395000,,,,3,11850,,,,0,0,24/06/2026 18:48:11,26/06/2026 19:37:38,24/06/2026 18:48:13,26/06/2026 19:37:38,,,TTS,Open/Target Collaboration
584686730126918684,1732250928810920156,"Sữa Tắm/Gel Tắm Pháp Le Petit Marseillais Thiên Nhiên 250ml - Sữa Tắm Lưu Hương Lành Tính - Dịu Nhẹ, An Toàn Cho Da","Xoài & Chanh Dây, Standard",1732250914984986844,ST99622,175770,291700,VND,1,Thanh toán khi giao hàng,Đang xử lý,zeldaquynhdoi,Video,7654289014404582664,fixed commission,,,,8,175770,14062,,,,,,,,0,0,24/06/2026 18:48:16,26/06/2026 20:17:36,24/06/2026 18:48:18,26/06/2026 20:17:36,,27/06/2026 07:15:09,TTS,Open/Target Collaboration
584686763959878889,1734496604995683548,Xà Phòng Le Petit Marseillais Chính Hãng Bánh Xà Phòng Tắm Thiên Nhiên (Ngẫu nhiên)  1 Bánh,Mặc định,1734496577198523612,1 BÁNH-XP,64500,101200,VND,1,Không áp dụng thanh toán khi giao hàng,Đang xử lý,onggiatichcuc79,Video,7649582978691058952,fixed commission,,,,6,64500,3870,,,,,,,,0,0,24/06/2026 18:53:08,24/06/2026 18:53:13,24/06/2026 18:53:13,26/06/2026 11:30:46,,27/06/2026 09:56:35,TTS,Open/Target Collaboration
584687187310838835,1732251815880067292,"Sữa Tắm Pháp Le Petit Marseillais Cho Nam Chiết Xuất Thiên Nhiên 4in1 Nhiều Mùi Hương Dưỡng Ẩm, Thơm Lâu - Phù Hợp Mọi Loại Da (250ml)","Hương Gỗ Tuyết Tùng & Dương Xỉ, Standard",1732251749141219548,ST01172,186550,289550,VND,1,Thanh toán khi giao hàng,Đã hủy,involveasiavn01,Chương trình Lưu lượng truy cập bên ngoài,,fixed commission,0,0,0,4,186550,7462,,,,,,,,0,0,24/06/2026 19:19:40,,24/06/2026 19:19:41,,,,TTS,Open/Target Collaboration
584687770439943869,1732252961260865756,"Dầu Gội Thiên Nhiên Le Petit Marseillais Nhiều Mùi Hương 250ml Dưỡng Ẩm, Thơm Lâu - Phù Hợp Mọi Loại Da",Tinh Dầu Chanh Vàng Hữu Cơ,1735769515978818780,DG74035,270000,371200,VND,1,Thanh toán khi giao hàng,Đang xử lý,ht_vx,Video,7644507107592801544,fixed commission,,,,,270000,,,,3,8100,,,,0,0,24/06/2026 19:56:32,26/06/2026 21:01:36,24/06/2026 19:56:36,26/06/2026 21:01:36,,27/06/2026 10:16:19,TTS,Open/Target Collaboration
584687708222817561,1732251815880067292,"Sữa Tắm Pháp Le Petit Marseillais Cho Nam Chiết Xuất Thiên Nhiên 4in1 Nhiều Mùi Hương Dưỡng Ẩm, Thơm Lâu - Phù Hợp Mọi Loại Da (250ml)","Hương Cam & Tinh Dầu Argan, Standard",1732251749141022940,ST01431,180400,302300,VND,1,Thanh toán khi giao hàng,Đang xử lý,dinhthai_daily,Video,7653880219245350151,fixed commission,,,,8,180400,14432,,,,,,,,0,0,24/06/2026 19:56:40,26/06/2026 13:10:26,24/06/2026 19:56:41,26/06/2026 13:10:26,,27/06/2026 10:13:35,TTS,Open/Target Collaboration
584688221572073240,1732250760944257244,"Sữa Tắm/Gel Tắm Pháp Le Petit Marseillais Chiết Xuất Thiên Nhiên 650ml - Sữa Tắm Lưu Hương Lành Tính - Dịu Nhẹ, An Toàn Cho Da","Thông & Bạch Đàn Biển, Standard",1732250801268689116,ST01902,316000,548700,VND,1,Thanh toán khi giao hàng,Đã hủy,lepetitmarseillaisvn,Phát trực tiếp,7654933381641964295,fixed commission,,,,,316000,,,,,,,,,0,0,24/06/2026 20:24:44,,24/06/2026 20:24:46,,,,TTS,Open/Target Collaboration
584688221571942168,1732251932571175132,"Sữa Dưỡng Thể 24h Le Petit Marseillais Nhiều Mùi Hương 400ml Dưỡng Ẩm, Thơm Lâu - Phù Hợp Mọi Loại Da","Bơ Hạt Mỡ, Hạnh Nhân, Dầu Argan, Standard",1732251916621613276,DT83916,392000,677400,VND,1,Thanh toán khi giao hàng,Đã hủy,lepetitmarseillaisvn,Phát trực tiếp,7654933381641964295,fixed commission,,,,,392000,,,,,,,,,0,0,24/06/2026 20:24:44,,24/06/2026 20:24:46,,,,TTS,Open/Target Collaboration
584688224217761323,1732250928810920156,"Sữa Tắm/Gel Tắm Pháp Le Petit Marseillais Thiên Nhiên 250ml - Sữa Tắm Lưu Hương Lành Tính - Dịu Nhẹ, An Toàn Cho Da","Quả Mâm Xôi & Hoa Mẫu Đơn, Standard",1732250914985052380,ST48441,173880,286000,VND,1,Thanh toán khi giao hàng,Đang xử lý,ahau.phuongthao,Video,7654094102811659528,fixed commission,,,,12,173880,20866,,,,,,,,0,0,24/06/2026 20:26:00,26/06/2026 16:33:05,24/06/2026 20:26:01,26/06/2026 16:33:05,,27/06/2026 13:04:43,TTS,Open/Target Collaboration
584688462364574771,1734496604995683548,Xà Phòng Le Petit Marseillais Chính Hãng Bánh Xà Phòng Tắm Thiên Nhiên (Ngẫu nhiên)  1 Bánh,Mặc định,1734496577198523612,1 BÁNH-XP,0,2257,VND,1,Không áp dụng thanh toán khi giao hàng,Đang xử lý,lepetitmarseillaisvn,Phát trực tiếp,7654933381641964295,fixed commission,,,,,0,,,,,,,,,0,0,24/06/2026 20:38:00,24/06/2026 20:38:02,24/06/2026 20:38:02,26/06/2026 10:52:12,,,TTS,Open/Target Collaboration
584688462364574771,1736012338574165212,Combo 2 Sữa Tắm Nữ Pháp Le Petit Marseillais 250ml - Thiên Nhiên Dịu Nhẹ,"Quả Mâm Xôi Hữu Cơ & Hoa Mẫu Đơn, Bông Và Hoa Anh Túc",1736012795077035228,ST48441+ST65434,318000,583543,VND,1,Không áp dụng thanh toán khi giao hàng,Đang xử lý,lepetitmarseillaisvn,Phát trực tiếp,7654933381641964295,fixed commission,,,,,318000,,,,,,,,,0,0,24/06/2026 20:38:00,24/06/2026 20:38:02,24/06/2026 20:38:02,26/06/2026 10:52:12,,,TTS,Open/Target Collaboration
584688698721076556,1734496604995683548,Xà Phòng Le Petit Marseillais Chính Hãng Bánh Xà Phòng Tắm Thiên Nhiên (Ngẫu nhiên)  1 Bánh,Mặc định,1734496577198523612,1 BÁNH-XP,0,5014,VND,1,Thanh toán khi giao hàng,Đang xử lý,lepetitmarseillaisvn,Phát trực tiếp,7654933381641964295,fixed commission,,,,,0,,,,,,,,,0,0,24/06/2026 20:57:15,26/06/2026 13:38:05,24/06/2026 20:57:17,26/06/2026 13:38:05,,,TTS,Open/Target Collaboration
584688698721076556,1735910664928920796,Combo 2 Sữa Tắm Nam Le Petit Marseillais 4in1 Cho Tóc Mặt Râu Toàn Thân 250ml,"Thông Biển & Bạch Đàn, Gỗ Tuyết Tùng Và Dương Xỉ",1735912571878606044,ST01356 + ST01172,317520,580086,VND,1,Thanh toán khi giao hàng,Đang xử lý,lepetitmarseillaisvn,Phát trực tiếp,7654933381641964295,fixed commission,,,,,317520,,,,,,,,,0,0,24/06/2026 20:57:15,26/06/2026 13:38:05,24/06/2026 20:57:17,26/06/2026 13:38:05,,,TTS,Open/Target Collaboration
584689099801986365,1732251815880067292,"Sữa Tắm Pháp Le Petit Marseillais Cho Nam Chiết Xuất Thiên Nhiên 4in1 Nhiều Mùi Hương Dưỡng Ẩm, Thơm Lâu - Phù Hợp Mọi Loại Da (250ml)","Hương Thông & Bạch Đàn Biển, Standard",1732251749141154012,ST01356,184466,302300,VND,1,Không áp dụng thanh toán khi giao hàng,Đang xử lý,huankosai,Video,7569974511534198023,fixed commission,,,,15,184466,27670,,,,,,,,0,0,24/06/2026 21:17:34,24/06/2026 21:18:06,24/06/2026 21:18:07,26/06/2026 15:46:53,,27/06/2026 09:19:37,TTS,Open/Target Collaboration
584689161242183550,1734496604995683548,Xà Phòng Le Petit Marseillais Chính Hãng Bánh Xà Phòng Tắm Thiên Nhiên (Ngẫu nhiên)  1 Bánh,Mặc định,1734496577198523612,1 BÁNH-XP,0,2257,VND,1,Thanh toán khi giao hàng,Đã hủy,lepetitmarseillaisvn,Phát trực tiếp,7654933381641964295,fixed commission,,,,,0,,,,,,,,,0,0,24/06/2026 21:23:06,,24/06/2026 21:23:10,,,,TTS,Open/Target Collaboration
584689161242183550,1735910664928920796,Combo 2 Sữa Tắm Nam Le Petit Marseillais 4in1 Cho Tóc Mặt Râu Toàn Thân 250ml,"Gỗ Tuyết Tùng Và Dương Xỉ, Gỗ Tuyết Tùng Và Dương Xỉ",1735912571877950684,ST01172 x 2,317520,563543,VND,1,Thanh toán khi giao hàng,Đã hủy,lepetitmarseillaisvn,Phát trực tiếp,7654933381641964295,fixed commission,,,,,317520,,,,,,,,,0,0,24/06/2026 21:23:06,,24/06/2026 21:23:10,,,,TTS,Open/Target Collaboration
584689475683452660,1735910664928920796,Combo 2 Sữa Tắm Nam Le Petit Marseillais 4in1 Cho Tóc Mặt Râu Toàn Thân 250ml,"Gỗ Cam & Dầu Argan , Thông Biển & Bạch Đàn",1735912571878409436,ST01431 + ST01356,317520,575569,VND,1,Thanh toán khi giao hàng,Đang xử lý,lepetitmarseillaisvn,Phát trực tiếp,7654933381641964295,fixed commission,,,,,317520,,,,,,,,,0,0,24/06/2026 21:41:24,27/06/2026 21:04:49,24/06/2026 21:41:26,27/06/2026 21:04:49,,,TTS,Open/Target Collaboration
584689475683452660,1734496604995683548,Xà Phòng Le Petit Marseillais Chính Hãng Bánh Xà Phòng Tắm Thiên Nhiên (Ngẫu nhiên)  1 Bánh,Mặc định,1734496577198523612,1 BÁNH-XP,0,4262,VND,1,Thanh toán khi giao hàng,Đang xử lý,lepetitmarseillaisvn,Phát trực tiếp,7654933381641964295,fixed commission,,,,,0,,,,,,,,,0,0,24/06/2026 21:41:24,27/06/2026 21:04:49,24/06/2026 21:41:26,27/06/2026 21:04:49,,,TTS,Open/Target Collaboration
584689475683452660,1735910664928920796,Combo 2 Sữa Tắm Nam Le Petit Marseillais 4in1 Cho Tóc Mặt Râu Toàn Thân 250ml,"Gỗ Cam & Dầu Argan , Gỗ Cam & Dầu Argan ",1735912571878343900,ST01431 x 2,317520,575569,VND,1,Thanh toán khi giao hàng,Đang xử lý,lepetitmarseillaisvn,Phát trực tiếp,7654933381641964295,fixed commission,,,,,317520,,,,,,,,,0,0,24/06/2026 21:41:24,27/06/2026 21:04:49,24/06/2026 21:41:26,27/06/2026 21:04:49,,,TTS,Open/Target Collaboration
584690321651435246,1734496604995683548,Xà Phòng Le Petit Marseillais Chính Hãng Bánh Xà Phòng Tắm Thiên Nhiên (Ngẫu nhiên)  1 Bánh,Mặc định,1734496577198523612,1 BÁNH-XP,0,4243,VND,1,Thanh toán khi giao hàng,Đang xử lý,lepetitmarseillaisvn,Phát trực tiếp,7654933381641964295,fixed commission,,,,,0,,,,,,,,,0,0,24/06/2026 22:42:40,26/06/2026 17:44:19,24/06/2026 22:42:41,26/06/2026 17:44:19,,,TTS,Open/Target Collaboration
584690321651435246,1735910664928920796,Combo 2 Sữa Tắm Nam Le Petit Marseillais 4in1 Cho Tóc Mặt Râu Toàn Thân 250ml,"Thông Biển & Bạch Đàn, Gỗ Tuyết Tùng Và Dương Xỉ",1735912571878606044,ST01356 + ST01172,302400,575457,VND,1,Thanh toán khi giao hàng,Đang xử lý,lepetitmarseillaisvn,Phát trực tiếp,7654933381641964295,fixed commission,,,,,302400,,,,,,,,,0,0,24/06/2026 22:42:40,26/06/2026 17:44:19,24/06/2026 22:42:41,26/06/2026 17:44:19,,,TTS,Open/Target Collaboration
584690679694067307,1732250928810920156,"Sữa Tắm/Gel Tắm Pháp Le Petit Marseillais Thiên Nhiên 250ml - Sữa Tắm Lưu Hương Lành Tính - Dịu Nhẹ, An Toàn Cho Da","Xoài & Chanh Dây, Standard",1732250914984986844,ST99622,139000,279900,VND,1,Thanh toán khi giao hàng,Đang xử lý,kinkechillchill,Video,7572051007237115154,fixed commission,,,,8,139000,11120,,,,,,,,0,0,24/06/2026 23:11:26,26/06/2026 11:44:48,24/06/2026 23:11:28,26/06/2026 11:44:48,,27/06/2026 13:47:05,TTS,Open/Target Collaboration
584691556763862757,1732251815880067292,"Sữa Tắm Pháp Le Petit Marseillais Cho Nam Chiết Xuất Thiên Nhiên 4in1 Nhiều Mùi Hương Dưỡng Ẩm, Thơm Lâu - Phù Hợp Mọi Loại Da (250ml)","Hương Gỗ Tuyết Tùng & Dương Xỉ, Standard",1732251749141219548,ST01172,205000,279900,VND,1,Thanh toán khi giao hàng,Đang xử lý,man.trung.737,Video,7595064670482877717,fixed commission,,,,,205000,,,,3,6150,,,,0,0,25/06/2026 00:49:06,27/06/2026 20:35:52,25/06/2026 00:49:08,27/06/2026 20:35:52,,28/06/2026 09:11:19,TTS,Open/Target Collaboration
584692566740861969,1732250928810920156,"Sữa Tắm/Gel Tắm Pháp Le Petit Marseillais Thiên Nhiên 250ml - Sữa Tắm Lưu Hương Lành Tính - Dịu Nhẹ, An Toàn Cho Da","Đào Trắng & Quả Xuân Đào, Standard",1732250914985380060,ST01240,175770,292700,VND,1,Thanh toán khi giao hàng,Đang xử lý,nhac8x.huongly,Video,7634518955163602197,fixed commission,,,,10,175770,17577,,,,,,,,0,0,25/06/2026 05:03:08,26/06/2026 15:26:36,25/06/2026 05:03:10,26/06/2026 15:26:36,,27/06/2026 09:21:08,TTS,Open/Target Collaboration
584693484586370602,1732250928810920156,"Sữa Tắm/Gel Tắm Pháp Le Petit Marseillais Thiên Nhiên 250ml - Sữa Tắm Lưu Hương Lành Tính - Dịu Nhẹ, An Toàn Cho Da","Quả Mâm Xôi & Hoa Mẫu Đơn, Standard",1732250914985052380,ST48441,175770,306800,VND,1,Thanh toán khi giao hàng,Đang xử lý,ahau.phuongthao,Video,7654094102811659528,fixed commission,,,,12,175770,21092,,,,,,,,0,0,25/06/2026 07:16:10,27/06/2026 11:18:09,25/06/2026 07:16:11,27/06/2026 11:18:09,,28/06/2026 10:32:25,TTS,Open/Target Collaboration
584693570886730833,1732250928810920156,"Sữa Tắm/Gel Tắm Pháp Le Petit Marseillais Thiên Nhiên 250ml - Sữa Tắm Lưu Hương Lành Tính - Dịu Nhẹ, An Toàn Cho Da","Quả Mâm Xôi & Hoa Mẫu Đơn, Standard",1732250914985052380,ST48441,189000,286000,VND,1,Thanh toán khi giao hàng,Đang xử lý,ahau.phuongthao,Video,7654094102811659528,fixed commission,,,,12,189000,22680,,,,,,,,0,0,25/06/2026 07:21:39,26/06/2026 11:16:32,25/06/2026 07:21:40,26/06/2026 11:16:32,,27/06/2026 08:44:49,TTS,Open/Target Collaboration
584693932193973849,1732251815880067292,"Sữa Tắm Pháp Le Petit Marseillais Cho Nam Chiết Xuất Thiên Nhiên 4in1 Nhiều Mùi Hương Dưỡng Ẩm, Thơm Lâu - Phù Hợp Mọi Loại Da (250ml)","Hương Thông & Bạch Đàn Biển, Standard",1732251749141154012,ST01356,171900,312000,VND,1,Thanh toán khi giao hàng,Đã hủy,lepthelittlekid,Video,7594749644052204818,fixed commission,0,0,0,5,171900,8595,,,,,,,,0,0,25/06/2026 07:57:28,,25/06/2026 07:57:30,,,,TTS,Open/Target Collaboration
584694187384800985,1732250928810920156,"Sữa Tắm/Gel Tắm Pháp Le Petit Marseillais Thiên Nhiên 250ml - Sữa Tắm Lưu Hương Lành Tính - Dịu Nhẹ, An Toàn Cho Da","Bạc Hà, Standard",1732250914984855772,ST92871,170100,302200,VND,1,Thanh toán khi giao hàng,Đang xử lý,ahau.phuongthao,Video,7654094102811659528,fixed commission,,,,12,170100,20412,,,,,,,,0,0,25/06/2026 08:18:24,27/06/2026 10:28:16,25/06/2026 08:18:26,27/06/2026 10:28:16,,28/06/2026 09:44:03,TTS,Open/Target Collaboration
584694576977052745,1732251815880067292,"Sữa Tắm Pháp Le Petit Marseillais Cho Nam Chiết Xuất Thiên Nhiên 4in1 Nhiều Mùi Hương Dưỡng Ẩm, Thơm Lâu - Phù Hợp Mọi Loại Da (250ml)","Hương Gỗ Tuyết Tùng & Dương Xỉ, Standard",1732251749141219548,ST01172,210000,282450,VND,1,Thanh toán khi giao hàng,Đang xử lý,vheu170cm,Video,7550953945372429575,fixed commission,,,,,210000,,,,3,6300,,,,0,0,25/06/2026 08:51:46,26/06/2026 17:20:51,25/06/2026 08:51:47,26/06/2026 17:20:51,,27/06/2026 10:04:31,TTS,Open/Target Collaboration
584694878091445669,1732250928810920156,"Sữa Tắm/Gel Tắm Pháp Le Petit Marseillais Thiên Nhiên 250ml - Sữa Tắm Lưu Hương Lành Tính - Dịu Nhẹ, An Toàn Cho Da","Quả Mâm Xôi & Hoa Mẫu Đơn, Standard",1732250914985052380,ST48441,175770,289550,VND,1,Thanh toán khi giao hàng,Đang xử lý,ahau.phuongthao,Video,7654094102811659528,fixed commission,,,,12,175770,21092,,,,,,,,0,0,25/06/2026 09:14:47,26/06/2026 22:21:45,25/06/2026 09:14:50,26/06/2026 22:21:45,,27/06/2026 09:49:31,TTS,Open/Target Collaboration
584696644350871152,1732251815880067292,"Sữa Tắm Pháp Le Petit Marseillais Cho Nam Chiết Xuất Thiên Nhiên 4in1 Nhiều Mùi Hương Dưỡng Ẩm, Thơm Lâu - Phù Hợp Mọi Loại Da (250ml)","Hương Gỗ Tuyết Tùng & Dương Xỉ, Standard",1732251749141219548,ST01172,205000,295800,VND,1,Thanh toán khi giao hàng,Đang xử lý,duongmanhkien19,Video,7578474458705382676,fixed commission,,,,,205000,,,,3,6150,,,,0,0,25/06/2026 11:24:15,27/06/2026 19:17:42,25/06/2026 11:24:17,27/06/2026 19:17:42,,28/06/2026 08:27:32,TTS,Open/Target Collaboration
584696947517982395,1735734318844052700,"[KOL huynhdangthong x LPM] Sữa Tắm/Gel Tắm Pháp Le Petit Marseillais Chiết Xuất Thiên Nhiên 650ml - Sữa Tắm Lưu Hương Lành Tính - Dịu Nhẹ, An Toàn Cho Da","Hoa Tiare, Standard",1735734212754703580,ST68816,311200,531214,VND,1,Thanh toán khi giao hàng,Đang xử lý,huynhdangthong,Phát trực tiếp,7655164093044738817,fixed commission,,,,7,311200,21784,,,,,,,,0,0,25/06/2026 11:41:29,26/06/2026 15:30:01,25/06/2026 11:41:30,26/06/2026 15:30:01,,27/06/2026 13:19:31,TTS,Open/Target Collaboration
584696911460206327,1735734318844052700,"[KOL huynhdangthong x LPM] Sữa Tắm/Gel Tắm Pháp Le Petit Marseillais Chiết Xuất Thiên Nhiên 650ml - Sữa Tắm Lưu Hương Lành Tính - Dịu Nhẹ, An Toàn Cho Da","Hoa Tiare, Standard",1735734212754703580,ST68816,324000,531214,VND,1,Thanh toán khi giao hàng,Đang xử lý,huynhdangthong,Phát trực tiếp,7655164093044738817,fixed commission,,,,7,324000,22680,,,,,,,,0,0,25/06/2026 11:41:29,26/06/2026 13:14:26,25/06/2026 11:41:31,26/06/2026 13:14:26,,27/06/2026 12:10:02,TTS,Open/Target Collaboration
584696973364987610,1735734318844052700,"[KOL huynhdangthong x LPM] Sữa Tắm/Gel Tắm Pháp Le Petit Marseillais Chiết Xuất Thiên Nhiên 650ml - Sữa Tắm Lưu Hương Lành Tính - Dịu Nhẹ, An Toàn Cho Da","Hoa Tiare, Standard",1735734212754703580,ST68816,311200,553714,VND,1,Thanh toán khi giao hàng,Đã hủy,huynhdangthong,Phát trực tiếp,7655164093044738817,fixed commission,0,0,0,7,311200,21784,,,,,,,,0,0,25/06/2026 11:45:25,,25/06/2026 11:45:26,,,,TTS,Open/Target Collaboration
584697017819235963,1735734318844052700,"[KOL huynhdangthong x LPM] Sữa Tắm/Gel Tắm Pháp Le Petit Marseillais Chiết Xuất Thiên Nhiên 650ml - Sữa Tắm Lưu Hương Lành Tính - Dịu Nhẹ, An Toàn Cho Da","Hoa Tiare, Standard",1735734212754703580,ST68816,311200,534786,VND,1,Thanh toán khi giao hàng,Đang xử lý,huynhdangthong,Phát trực tiếp,7655164093044738817,fixed commission,,,,7,311200,21784,,,,,,,,0,0,25/06/2026 11:47:18,26/06/2026 13:04:42,25/06/2026 11:47:19,26/06/2026 13:04:42,,27/06/2026 13:01:41,TTS,Open/Target Collaboration
584697105508107868,1735734318844052700,"[KOL huynhdangthong x LPM] Sữa Tắm/Gel Tắm Pháp Le Petit Marseillais Chiết Xuất Thiên Nhiên 650ml - Sữa Tắm Lưu Hương Lành Tính - Dịu Nhẹ, An Toàn Cho Da","Hoa Tiare, Standard",1735734212754703580,ST68816,311200,531214,VND,1,Thanh toán khi giao hàng,Đang xử lý,huynhdangthong,Phát trực tiếp,7655164093044738817,fixed commission,,,,7,311200,21784,,,,,,,,0,0,25/06/2026 11:48:14,26/06/2026 12:37:25,25/06/2026 11:48:15,26/06/2026 12:37:25,,27/06/2026 08:21:12,TTS,Open/Target Collaboration
584697019307361535,1735791362076869852,Sữa Tắm Dạng Kem Le Petit Marseillais Bông Và Hoa Anh Túc 250ml  92% Thiên Nhiên Siêu Dịu Nhẹ,Mặc định,1735791937064830172,ST65434,0,4886,VND,1,Thanh toán khi giao hàng,Đang xử lý,meboiboigaogao,Chương trình Lưu lượng truy cập bên ngoài,,fixed commission,,,,,0,,,,,,,,,0,0,25/06/2026 11:48:47,26/06/2026 12:32:14,25/06/2026 11:48:49,26/06/2026 12:32:14,,27/06/2026 12:33:05,TTS,Open/Target Collaboration
584697019307361535,1735734318844052700,"[KOL huynhdangthong x LPM] Sữa Tắm/Gel Tắm Pháp Le Petit Marseillais Chiết Xuất Thiên Nhiên 650ml - Sữa Tắm Lưu Hương Lành Tính - Dịu Nhẹ, An Toàn Cho Da","Hoa Tiare, Standard",1735734212754703580,ST68816,324000,531214,VND,1,Thanh toán khi giao hàng,Đang xử lý,huynhdangthong,Phát trực tiếp,7655164093044738817,fixed commission,,,,7,324000,22680,,,,,,,,0,0,25/06/2026 11:48:47,26/06/2026 12:32:14,25/06/2026 11:48:49,26/06/2026 12:32:14,,27/06/2026 12:33:05,TTS,Open/Target Collaboration
584697020190262287,1735734318844052700,"[KOL huynhdangthong x LPM] Sữa Tắm/Gel Tắm Pháp Le Petit Marseillais Chiết Xuất Thiên Nhiên 650ml - Sữa Tắm Lưu Hương Lành Tính - Dịu Nhẹ, An Toàn Cho Da","Đào Trắng & Quả Xuân Đào, Standard",1735734212754834652,ST01288,311200,543286,VND,1,Thanh toán khi giao hàng,Đã hủy,huynhdangthong,Phát trực tiếp,7655164093044738817,fixed commission,0,0,0,7,311200,21784,,,,,,,,0,0,25/06/2026 11:49:13,,25/06/2026 11:49:14,,,,TTS,Open/Target Collaboration
584697035858741087,1735791362076869852,Sữa Tắm Dạng Kem Le Petit Marseillais Bông Và Hoa Anh Túc 250ml  92% Thiên Nhiên Siêu Dịu Nhẹ,Mặc định,1735791937064830172,ST65434,0,4886,VND,1,Thanh toán khi giao hàng,Đang xử lý,tscobac102,Chương trình Lưu lượng truy cập bên ngoài,,fixed commission,,,,,0,,,,,,,,,0,0,25/06/2026 11:49:44,26/06/2026 11:42:18,25/06/2026 11:49:45,26/06/2026 11:42:18,,27/06/2026 13:42:52,TTS,Open/Target Collaboration
584697035858741087,1735734318844052700,"[KOL huynhdangthong x LPM] Sữa Tắm/Gel Tắm Pháp Le Petit Marseillais Chiết Xuất Thiên Nhiên 650ml - Sữa Tắm Lưu Hương Lành Tính - Dịu Nhẹ, An Toàn Cho Da","Hoa Cam, Standard",1735734212755096796,ST39109,311200,531214,VND,1,Thanh toán khi giao hàng,Đang xử lý,huynhdangthong,Phát trực tiếp,7655164093044738817,fixed commission,,,,7,311200,21784,,,,,,,,0,0,25/06/2026 11:49:44,26/06/2026 11:42:18,25/06/2026 11:49:45,26/06/2026 11:42:18,,27/06/2026 13:42:52,TTS,Open/Target Collaboration
584697023343462007,1735791362076869852,Sữa Tắm Dạng Kem Le Petit Marseillais Bông Và Hoa Anh Túc 250ml  92% Thiên Nhiên Siêu Dịu Nhẹ,Mặc định,1735791937064830172,ST65434,0,9714,VND,1,Thanh toán khi giao hàng,Đang xử lý,cliafi,Chương trình Lưu lượng truy cập bên ngoài,,fixed commission,,,,,0,,,,,,,,,0,0,25/06/2026 11:49:57,26/06/2026 18:32:42,25/06/2026 11:49:59,26/06/2026 18:32:42,,27/06/2026 12:17:37,TTS,Open/Target Collaboration
584697023343462007,1735734318844052700,"[KOL huynhdangthong x LPM] Sữa Tắm/Gel Tắm Pháp Le Petit Marseillais Chiết Xuất Thiên Nhiên 650ml - Sữa Tắm Lưu Hương Lành Tính - Dịu Nhẹ, An Toàn Cho Da","Hoa Tiare, Standard",1735734212754703580,ST68816,311200,543286,VND,1,Thanh toán khi giao hàng,Đang xử lý,huynhdangthong,Phát trực tiếp,7655164093044738817,fixed commission,,,,7,311200,21784,,,,,,,,0,0,25/06/2026 11:49:57,26/06/2026 18:32:42,25/06/2026 11:49:59,26/06/2026 18:32:42,,27/06/2026 12:17:37,TTS,Open/Target Collaboration
584697024331482127,1735734318844052700,"[KOL huynhdangthong x LPM] Sữa Tắm/Gel Tắm Pháp Le Petit Marseillais Chiết Xuất Thiên Nhiên 650ml - Sữa Tắm Lưu Hương Lành Tính - Dịu Nhẹ, An Toàn Cho Da","Hoa Cam, Standard",1735734212755096796,ST39109,311200,543286,VND,1,Thanh toán khi giao hàng,Đang xử lý,huynhdangthong,Phát trực tiếp,7655164093044738817,fixed commission,,,,7,311200,21784,,,,,,,,0,0,25/06/2026 11:50:38,26/06/2026 16:54:38,25/06/2026 11:50:39,26/06/2026 16:54:38,,27/06/2026 13:24:50,TTS,Open/Target Collaboration
584697134358365465,1735734318844052700,"[KOL huynhdangthong x LPM] Sữa Tắm/Gel Tắm Pháp Le Petit Marseillais Chiết Xuất Thiên Nhiên 650ml - Sữa Tắm Lưu Hương Lành Tính - Dịu Nhẹ, An Toàn Cho Da","Hoa Tiare, Standard",1735734212754703580,ST68816,389000,915583,VND,2,Thanh toán khi giao hàng,Đang xử lý,huynhdangthong,Phát trực tiếp,7655164093044738817,fixed commission,,,,7,778000,54460,,,,,,,,0,0,25/06/2026 11:56:52,26/06/2026 15:43:06,25/06/2026 11:56:56,26/06/2026 15:43:06,,27/06/2026 10:29:25,TTS,Open/Target Collaboration
584697317604427348,1732250928810920156,"Sữa Tắm/Gel Tắm Pháp Le Petit Marseillais Thiên Nhiên 250ml - Sữa Tắm Lưu Hương Lành Tính - Dịu Nhẹ, An Toàn Cho Da","Quả Mâm Xôi & Hoa Mẫu Đơn, Standard",1732250914985052380,ST48441,173880,279900,VND,1,Thanh toán khi giao hàng,Đang xử lý,ahau.phuongthao,Video,7654565393536748818,fixed commission,,,,,173880,,,,2,3478,,,,0,0,25/06/2026 12:05:26,26/06/2026 19:07:26,25/06/2026 12:05:28,26/06/2026 19:07:26,,27/06/2026 07:07:28,TTS,Open/Target Collaboration
584697462628845467,1732251815880067292,"Sữa Tắm Pháp Le Petit Marseillais Cho Nam Chiết Xuất Thiên Nhiên 4in1 Nhiều Mùi Hương Dưỡng Ẩm, Thơm Lâu - Phù Hợp Mọi Loại Da (250ml)","Hương Gỗ Tuyết Tùng & Dương Xỉ, Standard",1732251749141219548,ST01172,180400,289550,VND,1,Thanh toán khi giao hàng,Đã hủy,tanrhm19,Trưng bày,,fixed commission,0,0,0,8,180400,14432,,,,,,,,0,0,25/06/2026 12:16:18,,25/06/2026 12:16:19,,,,TTS,Open/Target Collaboration
584698349364675976,1732251815880067292,"Sữa Tắm Pháp Le Petit Marseillais Cho Nam Chiết Xuất Thiên Nhiên 4in1 Nhiều Mùi Hương Dưỡng Ẩm, Thơm Lâu - Phù Hợp Mọi Loại Da (250ml)","Hương Gỗ Tuyết Tùng & Dương Xỉ, Standard",1732251749141219548,ST01172,176300,292700,VND,1,Thanh toán khi giao hàng,Đang xử lý,man.trung.737,Video,7595064670482877717,fixed commission,,,,,176300,,,,3,5289,,,,0,0,25/06/2026 13:08:46,26/06/2026 19:20:27,25/06/2026 13:08:47,26/06/2026 19:20:27,,27/06/2026 07:19:18,TTS,Open/Target Collaboration
584698429786916763,1732251815880067292,"Sữa Tắm Pháp Le Petit Marseillais Cho Nam Chiết Xuất Thiên Nhiên 4in1 Nhiều Mùi Hương Dưỡng Ẩm, Thơm Lâu - Phù Hợp Mọi Loại Da (250ml)","Hương Gỗ Tuyết Tùng & Dương Xỉ, Standard",1732251749141219548,ST01172,180400,286850,VND,1,Thanh toán khi giao hàng,Đang xử lý,tanrhm19,Trưng bày,,fixed commission,,,,8,180400,14432,,,,,,,,0,0,25/06/2026 13:21:35,26/06/2026 14:13:21,25/06/2026 13:21:37,26/06/2026 14:13:21,,27/06/2026 12:19:45,TTS,Open/Target Collaboration
584698553178162398,1732251815880067292,"Sữa Tắm Pháp Le Petit Marseillais Cho Nam Chiết Xuất Thiên Nhiên 4in1 Nhiều Mùi Hương Dưỡng Ẩm, Thơm Lâu - Phù Hợp Mọi Loại Da (250ml)","Hương Gỗ Tuyết Tùng & Dương Xỉ, Standard",1732251749141219548,ST01172,205000,289550,VND,1,Thanh toán khi giao hàng,Đang xử lý,duongmanhkien19,Video,7578474458705382676,fixed commission,,,,,205000,,,,3,6150,,,,0,0,25/06/2026 13:21:57,26/06/2026 14:38:02,25/06/2026 13:21:59,26/06/2026 14:38:02,,27/06/2026 11:28:20,TTS,Open/Target Collaboration
584698445526303811,1735734318844052700,"[KOL huynhdangthong x LPM] Sữa Tắm/Gel Tắm Pháp Le Petit Marseillais Chiết Xuất Thiên Nhiên 650ml - Sữa Tắm Lưu Hương Lành Tính - Dịu Nhẹ, An Toàn Cho Da","Hoa Tiare, Standard",1735734212754703580,ST68816,291750,547143,VND,1,Không áp dụng thanh toán khi giao hàng,Đang xử lý,huynhdangthong,Phát trực tiếp,7655164093044738817,fixed commission,,,,7,291750,20423,,,,,,,,0,0,25/06/2026 13:23:07,25/06/2026 13:23:09,25/06/2026 13:23:09,26/06/2026 12:56:17,,27/06/2026 12:45:35,TTS,Open/Target Collaboration
584698748810921690,1735734318844052700,"[KOL huynhdangthong x LPM] Sữa Tắm/Gel Tắm Pháp Le Petit Marseillais Chiết Xuất Thiên Nhiên 650ml - Sữa Tắm Lưu Hương Lành Tính - Dịu Nhẹ, An Toàn Cho Da","Hoa Tiare, Standard",1735734212754703580,ST68816,291750,553714,VND,1,Thanh toán khi giao hàng,Đang xử lý,huynhdangthong,Phát trực tiếp,7655164093044738817,fixed commission,,,,7,291750,20423,,,,,,,,0,0,25/06/2026 13:47:40,27/06/2026 20:26:42,25/06/2026 13:47:41,27/06/2026 20:26:42,,28/06/2026 11:27:47,TTS,Open/Target Collaboration
584698748810921690,1735791362076869852,Sữa Tắm Dạng Kem Le Petit Marseillais Bông Và Hoa Anh Túc 250ml  92% Thiên Nhiên Siêu Dịu Nhẹ,Mặc định,1735791937064830172,ST65434,0,13886,VND,1,Thanh toán khi giao hàng,Đang xử lý,vokieulanchi,Chương trình Lưu lượng truy cập bên ngoài,,fixed commission,,,,,0,,,,,,,,,0,0,25/06/2026 13:47:40,27/06/2026 20:26:42,25/06/2026 13:47:41,27/06/2026 20:26:42,,28/06/2026 11:27:47,TTS,Open/Target Collaboration
584698802894701955,1732251815880067292,"Sữa Tắm Pháp Le Petit Marseillais Cho Nam Chiết Xuất Thiên Nhiên 4in1 Nhiều Mùi Hương Dưỡng Ẩm, Thơm Lâu - Phù Hợp Mọi Loại Da (250ml)","Hương Gỗ Tuyết Tùng & Dương Xỉ, Standard",1732251749141219548,ST01172,205000,295800,VND,1,Thanh toán khi giao hàng,Đang xử lý,lailalunaaday,Video,7653692028374568199,fixed commission,,,,,205000,,,,3,6150,,,,0,0,25/06/2026 13:47:41,26/06/2026 20:40:48,25/06/2026 13:47:43,26/06/2026 20:40:48,,27/06/2026 13:23:31,TTS,Open/Target Collaboration
584698911242487586,1731893265443752156,"Sữa Tắm Pháp Le Petit Marseillais Quả Mâm Xôi & Hoa Mẫu Đơn Hữu Cơ Dưỡng Ẩm, Thơm Lâu - Phù Hợp Mọi Loại Da (250ml)","Quả Mâm Xôi & Hoa Mẫu Đơn, Standard",1731893265444210908,ST48441,184800,282400,VND,1,Thanh toán khi giao hàng,Đang xử lý,ahau.phuongthao,Video,7654094102811659528,fixed commission,,,,12,184800,22176,,,,,,,,0,0,25/06/2026 13:55:46,26/06/2026 21:39:31,25/06/2026 13:55:47,26/06/2026 21:39:31,,27/06/2026 11:30:57,TTS,Open/Target Collaboration
584699383469475610,1732250760944257244,"Sữa Tắm/Gel Tắm Pháp Le Petit Marseillais Chiết Xuất Thiên Nhiên 650ml - Sữa Tắm Lưu Hương Lành Tính - Dịu Nhẹ, An Toàn Cho Da","Hương Xoài & Chanh Dây, Standard",1732250801268951260,ST68823,331800,563320,VND,1,Thanh toán khi giao hàng,Đang xử lý,ha_thubay,Video,7599664598626618642,fixed commission,,,,8,331800,26544,,,,,,,,0,0,25/06/2026 14:31:17,26/06/2026 15:18:59,25/06/2026 14:31:19,26/06/2026 15:18:59,,27/06/2026 11:19:15,TTS,Open/Target Collaboration
584700009339847942,1735803452711142620,Dầu Xả Cấp Ẩm Le Petit Marseillais Nước Dừa Hữu Cơ 200ml,Mặc định,1735803348866008284,DX74752,0,9720,VND,1,Không áp dụng thanh toán khi giao hàng,Đang xử lý,lepetitmarseillaisvn,Phát trực tiếp,7552511773073574664,fixed commission,,,,,0,,,,,,,,,0,0,25/06/2026 15:15:53,25/06/2026 15:15:58,25/06/2026 15:16:00,29/06/2026 07:57:49,,,TTS,Open/Target Collaboration
584700009339847942,1732250760944257244,"Sữa Tắm/Gel Tắm Pháp Le Petit Marseillais Chiết Xuất Thiên Nhiên 650ml - Sữa Tắm Lưu Hương Lành Tính - Dịu Nhẹ, An Toàn Cho Da","Thông & Bạch Đàn Biển, Standard",1732250801268689116,ST01902,323900,557880,VND,1,Không áp dụng thanh toán khi giao hàng,Đang xử lý,ha_thubay,Video,7599664598626618642,fixed commission,,,,,323900,,,,3,9717,,,,0,0,25/06/2026 15:15:53,25/06/2026 15:15:58,25/06/2026 15:16:00,29/06/2026 07:57:49,,,TTS,Open/Target Collaboration
584700220802958358,1732250760944257244,"Sữa Tắm/Gel Tắm Pháp Le Petit Marseillais Chiết Xuất Thiên Nhiên 650ml - Sữa Tắm Lưu Hương Lành Tính - Dịu Nhẹ, An Toàn Cho Da","Thông & Bạch Đàn Biển, Standard",1732250801268689116,ST01902,395000,527089,VND,1,Thanh toán khi giao hàng,Đang xử lý,ron_tran_,Phát trực tiếp,7655239569159932679,fixed commission,,,,8,395000,31600,,,,,,,,0,0,25/06/2026 15:31:18,26/06/2026 10:17:13,25/06/2026 15:31:19,26/06/2026 10:17:13,,,TTS,Open/Target Collaboration
584700220802958358,1732250760944257244,"Sữa Tắm/Gel Tắm Pháp Le Petit Marseillais Chiết Xuất Thiên Nhiên 650ml - Sữa Tắm Lưu Hương Lành Tính - Dịu Nhẹ, An Toàn Cho Da","Sữa Thực Vật, Standard",1732250801269344476,ST00991,395000,527089,VND,1,Thanh toán khi giao hàng,Đang xử lý,ron_tran_,Phát trực tiếp,7655239569159932679,fixed commission,,,,8,395000,31600,,,,,,,,0,0,25/06/2026 15:31:18,26/06/2026 10:17:13,25/06/2026 15:31:19,26/06/2026 10:17:13,,,TTS,Open/Target Collaboration
584700251273725535,1735910664928920796,Combo 2 Sữa Tắm Nam Le Petit Marseillais 4in1 Cho Tóc Mặt Râu Toàn Thân 250ml,"Thông Biển & Bạch Đàn, Gỗ Tuyết Tùng Và Dương Xỉ",1735912571878606044,ST01356 + ST01172,302400,559480,VND,1,Thanh toán khi giao hàng,Đang xử lý,lepetitmarseillaisvn,Phát trực tiếp,7655240534952315655,fixed commission,,,,,302400,,,,,,,,,0,0,25/06/2026 15:35:09,26/06/2026 12:42:33,25/06/2026 15:35:10,26/06/2026 12:42:33,,,TTS,Open/Target Collaboration
584700251273725535,1733398584855921884,Sữa Tắm Nam 4 in 1 Thiên Nhiên Le Petit Marseillais Chiết Xuất Gừng & Gỗ Bách Hương 250ml 4371,Mặc định,1733398526731846876,ST04371,0,6320,VND,1,Thanh toán khi giao hàng,Đang xử lý,lepetitmarseillaisvn,Phát trực tiếp,7655240534952315655,fixed commission,,,,,0,,,,,,,,,0,0,25/06/2026 15:35:09,26/06/2026 12:42:33,25/06/2026 15:35:10,26/06/2026 12:42:33,,,TTS,Open/Target Collaboration
584700290150139311,1732250928810920156,"Sữa Tắm/Gel Tắm Pháp Le Petit Marseillais Thiên Nhiên 250ml - Sữa Tắm Lưu Hương Lành Tính - Dịu Nhẹ, An Toàn Cho Da","Muối Biển, Standard",1732250914984790236,ST54463,168100,279773,VND,1,Thanh toán khi giao hàng,Đang xử lý,ron_tran_,Phát trực tiếp,7655239569159932679,fixed commission,,,,8,168100,13448,,,,,,,,0,0,25/06/2026 15:35:53,26/06/2026 11:54:02,25/06/2026 15:35:55,26/06/2026 11:54:02,,27/06/2026 13:15:04,TTS,Open/Target Collaboration
584700290150139311,1732250928810920156,"Sữa Tắm/Gel Tắm Pháp Le Petit Marseillais Thiên Nhiên 250ml - Sữa Tắm Lưu Hương Lành Tính - Dịu Nhẹ, An Toàn Cho Da","Hạnnh Nhân, Standard",1732250914985248988,ST00892,154980,279772,VND,1,Thanh toán khi giao hàng,Đang xử lý,ron_tran_,Phát trực tiếp,7655239569159932679,fixed commission,,,,8,154980,12398,,,,,,,,0,0,25/06/2026 15:35:53,26/06/2026 11:54:02,25/06/2026 15:35:55,26/06/2026 11:54:02,,27/06/2026 13:15:04,TTS,Open/Target Collaboration
584700290150139311,1734496604995683548,Xà Phòng Le Petit Marseillais Chính Hãng Bánh Xà Phòng Tắm Thiên Nhiên (Ngẫu nhiên)  1 Bánh,Mặc định,1734496577198523612,1 BÁNH-XP,0,1555,VND,1,Thanh toán khi giao hàng,Đang xử lý,nhamtop5,Chương trình Lưu lượng truy cập bên ngoài,,fixed commission,,,,,0,,,,,,,,,0,0,25/06/2026 15:35:53,26/06/2026 11:54:02,25/06/2026 15:35:55,26/06/2026 11:54:02,,27/06/2026 13:15:04,TTS,Open/Target Collaboration
584700538766787842,1732251815880067292,"Sữa Tắm Pháp Le Petit Marseillais Cho Nam Chiết Xuất Thiên Nhiên 4in1 Nhiều Mùi Hương Dưỡng Ẩm, Thơm Lâu - Phù Hợp Mọi Loại Da (250ml)","Hương Thông & Bạch Đàn Biển, Standard",1732251749141154012,ST01356,180400,279900,VND,1,Không áp dụng thanh toán khi giao hàng,Đã hủy,ron_tran_,Phát trực tiếp,7655239569159932679,fixed commission,,,,12,180400,21648,,,,,,,,0,0,25/06/2026 15:55:13,25/06/2026 15:55:19,25/06/2026 15:55:20,,,,TTS,Open/Target Collaboration
584700528745547010,1733398584855921884,Sữa Tắm Nam 4 in 1 Thiên Nhiên Le Petit Marseillais Chiết Xuất Gừng & Gỗ Bách Hương 250ml 4371,Mặc định,1733398526731846876,ST04371,0,6320,VND,1,Không áp dụng thanh toán khi giao hàng,Đang xử lý,lepetitmarseillaisvn,Phát trực tiếp,7655240534952315655,fixed commission,,,,,0,,,,,,,,,0,0,25/06/2026 15:58:10,25/06/2026 15:58:15,25/06/2026 15:58:16,26/06/2026 08:58:02,,,TTS,Open/Target Collaboration
584700528745547010,1735910664928920796,Combo 2 Sữa Tắm Nam Le Petit Marseillais 4in1 Cho Tóc Mặt Râu Toàn Thân 250ml,"Thông Biển & Bạch Đàn, Thông Biển & Bạch Đàn",1735912571878737116,ST01356 x 2,302400,559480,VND,1,Không áp dụng thanh toán khi giao hàng,Đang xử lý,lepetitmarseillaisvn,Phát trực tiếp,7655240534952315655,fixed commission,,,,,302400,,,,,,,,,0,0,25/06/2026 15:58:10,25/06/2026 15:58:15,25/06/2026 15:58:16,26/06/2026 08:58:02,,,TTS,Open/Target Collaboration
584700749030065419,1733398584855921884,Sữa Tắm Nam 4 in 1 Thiên Nhiên Le Petit Marseillais Chiết Xuất Gừng & Gỗ Bách Hương 250ml 4371,Mặc định,1733398526731846876,ST04371,0,6320,VND,1,Không áp dụng thanh toán khi giao hàng,Đang xử lý,lepetitmarseillaisvn,Phát trực tiếp,7655240534952315655,fixed commission,,,,,0,,,,,,,,,0,0,25/06/2026 16:10:33,25/06/2026 16:10:37,25/06/2026 16:10:38,26/06/2026 09:49:02,,,TTS,Open/Target Collaboration
584700749030065419,1735910664928920796,Combo 2 Sữa Tắm Nam Le Petit Marseillais 4in1 Cho Tóc Mặt Râu Toàn Thân 250ml,"Thông Biển & Bạch Đàn, Gỗ Tuyết Tùng Và Dương Xỉ",1735912571878606044,ST01356 + ST01172,378000,559480,VND,1,Không áp dụng thanh toán khi giao hàng,Đang xử lý,lepetitmarseillaisvn,Phát trực tiếp,7655240534952315655,fixed commission,,,,,378000,,,,,,,,,0,0,25/06/2026 16:10:33,25/06/2026 16:10:37,25/06/2026 16:10:38,26/06/2026 09:49:02,,,TTS,Open/Target Collaboration
584701037673219492,1732250928810920156,"Sữa Tắm/Gel Tắm Pháp Le Petit Marseillais Thiên Nhiên 250ml - Sữa Tắm Lưu Hương Lành Tính - Dịu Nhẹ, An Toàn Cho Da","Hương Lựu, Standard",1732250914984724700,ST19308,180400,286850,VND,1,Thanh toán khi giao hàng,Đã hủy,ron_tran_,Phát trực tiếp,7655239569159932679,fixed commission,0,0,0,8,180400,14432,,,,,,,,0,0,25/06/2026 16:36:44,,25/06/2026 16:36:46,,,,TTS,Open/Target Collaboration
584701119726323108,1732250928810920156,"Sữa Tắm/Gel Tắm Pháp Le Petit Marseillais Thiên Nhiên 250ml - Sữa Tắm Lưu Hương Lành Tính - Dịu Nhẹ, An Toàn Cho Da","Xoài & Chanh Dây, Standard",1732250914984986844,ST99622,174000,286850,VND,1,Thanh toán khi giao hàng,Đang xử lý,ron_tran_,Phát trực tiếp,7655239569159932679,fixed commission,,,,8,174000,13920,,,,,,,,0,0,25/06/2026 16:38:59,27/06/2026 09:47:43,25/06/2026 16:39:00,27/06/2026 09:47:43,,,TTS,Open/Target Collaboration
584701511562790510,1735803452711142620,Dầu Xả Cấp Ẩm Le Petit Marseillais Nước Dừa Hữu Cơ 200ml,Mặc định,1735803348866008284,DX74752,147870,336600,VND,1,Thanh toán khi giao hàng,Đang xử lý,thanhkhiemtxc337,Chương trình Lưu lượng truy cập bên ngoài,,fixed commission,,,,4,147870,5915,,,,,,,,0,0,25/06/2026 17:13:05,27/06/2026 14:39:33,25/06/2026 17:13:06,27/06/2026 14:39:33,,28/06/2026 10:10:39,TTS,Open/Target Collaboration
584701619301156148,1732251815880067292,"Sữa Tắm Pháp Le Petit Marseillais Cho Nam Chiết Xuất Thiên Nhiên 4in1 Nhiều Mùi Hương Dưỡng Ẩm, Thơm Lâu - Phù Hợp Mọi Loại Da (250ml)","Hương Thông & Bạch Đàn Biển, Standard",1732251749141154012,ST01356,178350,279900,VND,1,Thanh toán khi giao hàng,Đang xử lý,emberiviu1,Video,7654239528814775572,fixed commission,,,,,178350,,,,3,5351,,,,0,0,25/06/2026 17:18:54,27/06/2026 16:24:29,25/06/2026 17:18:56,27/06/2026 16:24:29,,28/06/2026 07:29:29,TTS,Open/Target Collaboration
584702023610238832,1735792111492236508,Sữa Tắm Dạng Kem Le Petit Marseillais Chiết Xuất Vani Hữu Cơ ư 250ml - 92% Thiên Nhiên Siêu Dịu Nhẹ,Mặc định,1735792088033101020,ST00526,199000,285200,VND,1,Thanh toán khi giao hàng,Đang xử lý,haiy_88,Chương trình Lưu lượng truy cập bên ngoài,,fixed commission,,,,4,199000,7960,,,,,,,,0,0,25/06/2026 17:49:05,27/06/2026 11:03:57,25/06/2026 17:49:07,27/06/2026 11:03:57,,28/06/2026 07:42:51,TTS,Open/Target Collaboration
584702447442298301,1732251815880067292,"Sữa Tắm Pháp Le Petit Marseillais Cho Nam Chiết Xuất Thiên Nhiên 4in1 Nhiều Mùi Hương Dưỡng Ẩm, Thơm Lâu - Phù Hợp Mọi Loại Da (250ml)","Hương Gỗ Tuyết Tùng & Dương Xỉ, Standard",1732251749141219548,ST01172,157500,441714,VND,2,Không áp dụng thanh toán khi giao hàng,Đang xử lý,atvncreator,Chương trình Lưu lượng truy cập bên ngoài,,fixed commission,,,,8,315000,25200,,,,,,,,0,0,25/06/2026 18:19:33,25/06/2026 18:19:39,25/06/2026 18:19:39,27/06/2026 09:30:40,,,TTS,Open/Target Collaboration
584702447442298301,1733398584855921884,Sữa Tắm Nam 4 in 1 Thiên Nhiên Le Petit Marseillais Chiết Xuất Gừng & Gỗ Bách Hương 250ml 4371,Mặc định,1733398526731846876,ST04371,0,4886,VND,1,Không áp dụng thanh toán khi giao hàng,Đang xử lý,atvncreator,Chương trình Lưu lượng truy cập bên ngoài,,fixed commission,,,,,0,,,,,,,,,0,0,25/06/2026 18:19:33,25/06/2026 18:19:39,25/06/2026 18:19:39,27/06/2026 09:30:40,,,TTS,Open/Target Collaboration
584704177502323715,1732250760944257244,"Sữa Tắm/Gel Tắm Pháp Le Petit Marseillais Chiết Xuất Thiên Nhiên 650ml - Sữa Tắm Lưu Hương Lành Tính - Dịu Nhẹ, An Toàn Cho Da","Hoa Tiare, Standard",1732250801268885724,ST68816,323900,557880,VND,1,Thanh toán khi giao hàng,Đang xử lý,ngi.thi.bnh74,Chương trình Lưu lượng truy cập bên ngoài,,fixed commission,,,,4,323900,12956,,,,,,,,0,0,25/06/2026 20:15:40,28/06/2026 10:25:08,25/06/2026 20:15:42,28/06/2026 10:25:08,,,TTS,Open/Target Collaboration
584704177502323715,1735803452711142620,Dầu Xả Cấp Ẩm Le Petit Marseillais Nước Dừa Hữu Cơ 200ml,Mặc định,1735803348866008284,DX74752,0,9720,VND,1,Thanh toán khi giao hàng,Đang xử lý,ngi.thi.bnh74,Chương trình Lưu lượng truy cập bên ngoài,,fixed commission,,,,,0,,,,,,,,,0,0,25/06/2026 20:15:40,28/06/2026 10:25:08,25/06/2026 20:15:42,28/06/2026 10:25:08,,,TTS,Open/Target Collaboration
584704453799872014,1735774261158642908,Sữa Tắm Le Petit Marseillais Sữa Vani Hữu Cơ 92% Tự Nhiên 650ml,Mặc định,1735774389484160220,ST00557,325000,534675,VND,1,Thanh toán khi giao hàng,Đang xử lý,ahau.phuongthao,Video,7654094102811659528,fixed commission,,,,12,325000,39000,,,,,,,,0,0,25/06/2026 20:21:31,27/06/2026 13:20:26,25/06/2026 20:21:33,27/06/2026 13:20:26,,28/06/2026 11:41:47,TTS,Open/Target Collaboration
584704453799872014,1735803452711142620,Dầu Xả Cấp Ẩm Le Petit Marseillais Nước Dừa Hữu Cơ 200ml,Mặc định,1735803348866008284,DX74752,0,5225,VND,1,Thanh toán khi giao hàng,Đang xử lý,iflytek02,Chương trình Lưu lượng truy cập bên ngoài,,fixed commission,,,,,0,,,,,,,,,0,0,25/06/2026 20:21:31,27/06/2026 13:20:26,25/06/2026 20:21:33,27/06/2026 13:20:26,,28/06/2026 11:41:47,TTS,Open/Target Collaboration
584704398206665758,1732250928810920156,"Sữa Tắm/Gel Tắm Pháp Le Petit Marseillais Thiên Nhiên 250ml - Sữa Tắm Lưu Hương Lành Tính - Dịu Nhẹ, An Toàn Cho Da","Quả Mâm Xôi & Hoa Mẫu Đơn, Standard",1732250914985052380,ST48441,173880,279900,VND,1,Thanh toán khi giao hàng,Đang xử lý,ahau.phuongthao,Video,7654094102811659528,fixed commission,,,,12,173880,20866,,,,,,,,0,0,25/06/2026 20:22:58,27/06/2026 09:42:33,25/06/2026 20:23:01,27/06/2026 09:42:33,,28/06/2026 12:00:13,TTS,Open/Target Collaboration
584705226008462773,1735803452711142620,Dầu Xả Cấp Ẩm Le Petit Marseillais Nước Dừa Hữu Cơ 200ml,Mặc định,1735803348866008284,DX74752,0,7880,VND,1,Thanh toán khi giao hàng,Đang xử lý,lepetitmarseillaisvn,Video,7652271202534198549,fixed commission,,,,,0,,,,,,,,,0,0,25/06/2026 21:08:33,27/06/2026 18:09:59,25/06/2026 21:08:34,27/06/2026 18:09:59,,,TTS,Open/Target Collaboration
584705226008462773,1732250760944257244,"Sữa Tắm/Gel Tắm Pháp Le Petit Marseillais Chiết Xuất Thiên Nhiên 650ml - Sữa Tắm Lưu Hương Lành Tính - Dịu Nhẹ, An Toàn Cho Da","Hoa Tiare, Standard",1732250801268885724,ST68816,328000,550520,VND,1,Thanh toán khi giao hàng,Đang xử lý,lepetitmarseillaisvn,Video,7652271202534198549,fixed commission,,,,,328000,,,,,,,,,0,0,25/06/2026 21:08:33,27/06/2026 18:09:59,25/06/2026 21:08:34,27/06/2026 18:09:59,,,TTS,Open/Target Collaboration
584705550273185143,1731317167366243548,[Quà tặng không bán] Bông Tắm Tạo Bọt Mềm Mịn,Mặc định,1731317148230255836,BONG TAM HQ,0,12143,VND,1,Thanh toán khi giao hàng,Đang xử lý,lepetitmarseillaisvn,Phát trực tiếp,7655335633665592071,fixed commission,,,,,0,,,,,,,,,0,0,25/06/2026 21:30:11,29/06/2026 11:03:20,25/06/2026 21:30:13,29/06/2026 11:03:20,,,TTS,Open/Target Collaboration
584705550273185143,1732251906497939676,Sữa tắm Thiên Nhiên Pháp Le Petit Marseillais Nhiều Mùi Hương Dịu Nhẹ Cho Da Nhạy Cảm 400ml - Phù Hợp Mọi Loại Da,"Lô Hội, Standard",1732251905363708124,ST55031,273900,462857,VND,1,Thanh toán khi giao hàng,Đang xử lý,lepetitmarseillaisvn,Phát trực tiếp,7655335633665592071,fixed commission,,,,,273900,,,,,,,,,0,0,25/06/2026 21:30:11,29/06/2026 11:03:20,25/06/2026 21:30:13,29/06/2026 11:03:20,,,TTS,Open/Target Collaboration
584705485650297926,1732251815880067292,"Sữa Tắm Pháp Le Petit Marseillais Cho Nam Chiết Xuất Thiên Nhiên 4in1 Nhiều Mùi Hương Dưỡng Ẩm, Thơm Lâu - Phù Hợp Mọi Loại Da (250ml)","Hương Gừng & Gỗ Bách, Standard",1732251749141285084,ST04371,189000,279900,VND,1,Thanh toán khi giao hàng,Đang xử lý,iflyad07,Chương trình Lưu lượng truy cập bên ngoài,,fixed commission,,,,4,189000,7560,,,,,,,,0,0,25/06/2026 21:31:57,27/06/2026 13:25:24,25/06/2026 21:31:58,27/06/2026 13:25:24,,28/06/2026 09:55:59,TTS,Open/Target Collaboration
584705582662256447,1734496604995683548,Xà Phòng Le Petit Marseillais Chính Hãng Bánh Xà Phòng Tắm Thiên Nhiên (Ngẫu nhiên)  1 Bánh,Mặc định,1734496577198523612,1 BÁNH-XP,0,2986,VND,1,Thanh toán khi giao hàng,Đang xử lý,lepetitmarseillaisvn,Phát trực tiếp,7655335633665592071,fixed commission,,,,,0,,,,,,,,,0,0,25/06/2026 21:39:05,27/06/2026 12:15:17,25/06/2026 21:39:08,27/06/2026 12:15:17,,,TTS,Open/Target Collaboration
584705582662256447,1736012338574165212,Combo 2 Sữa Tắm Nữ Pháp Le Petit Marseillais 250ml - Thiên Nhiên Dịu Nhẹ,"Lá Bạc Hà , Lá Bạc Hà ",1736012747225072860,ST92871+ST92871,309960,587914,VND,1,Thanh toán khi giao hàng,Đang xử lý,lepetitmarseillaisvn,Phát trực tiếp,7655335633665592071,fixed commission,,,,,309960,,,,,,,,,0,0,25/06/2026 21:39:05,27/06/2026 12:15:17,25/06/2026 21:39:08,27/06/2026 12:15:17,,,TTS,Open/Target Collaboration
584705774965917373,1735910664928920796,Combo 2 Sữa Tắm Nam Le Petit Marseillais 4in1 Cho Tóc Mặt Râu Toàn Thân 250ml,"Gỗ Tuyết Tùng Và Dương Xỉ, Gỗ Tuyết Tùng Và Dương Xỉ",1735912571877950684,ST01172 x 2,302400,559480,VND,1,Không áp dụng thanh toán khi giao hàng,Đang xử lý,lepetitmarseillaisvn,Phát trực tiếp,7655335633665592071,fixed commission,,,,,302400,,,,,,,,,0,0,25/06/2026 21:48:06,25/06/2026 21:48:12,25/06/2026 21:48:12,27/06/2026 11:09:20,,,TTS,Open/Target Collaboration
584705774965917373,1733398584855921884,Sữa Tắm Nam 4 in 1 Thiên Nhiên Le Petit Marseillais Chiết Xuất Gừng & Gỗ Bách Hương 250ml 4371,Mặc định,1733398526731846876,ST04371,0,6320,VND,1,Không áp dụng thanh toán khi giao hàng,Đang xử lý,lepetitmarseillaisvn,Phát trực tiếp,7655335633665592071,fixed commission,,,,,0,,,,,,,,,0,0,25/06/2026 21:48:06,25/06/2026 21:48:12,25/06/2026 21:48:12,27/06/2026 11:09:20,,,TTS,Open/Target Collaboration
584705786238436652,1731317167366243548,[Quà tặng không bán] Bông Tắm Tạo Bọt Mềm Mịn,Mặc định,1731317148230255836,BONG TAM HQ,0,8350,VND,1,Thanh toán khi giao hàng,Đang xử lý,lepetitmarseillaisvn,Phát trực tiếp,7655335633665592071,fixed commission,,,,,0,,,,,,,,,0,0,25/06/2026 21:53:19,28/06/2026 20:55:04,25/06/2026 21:53:20,28/06/2026 20:55:04,,29/06/2026 08:36:31,TTS,Open/Target Collaboration
584705786238436652,1732251815880067292,"Sữa Tắm Pháp Le Petit Marseillais Cho Nam Chiết Xuất Thiên Nhiên 4in1 Nhiều Mùi Hương Dưỡng Ẩm, Thơm Lâu - Phù Hợp Mọi Loại Da (250ml)","Hương Gỗ Tuyết Tùng & Dương Xỉ, Standard",1732251749141219548,ST01172,176300,280350,VND,1,Thanh toán khi giao hàng,Đang xử lý,duongmanhkien19,Video,7578474458705382676,fixed commission,,,,8,176300,14104,,,,,,,,0,0,25/06/2026 21:53:19,28/06/2026 20:55:04,25/06/2026 21:53:20,28/06/2026 20:55:04,,29/06/2026 08:36:31,TTS,Open/Target Collaboration
584705940943963755,1734496604995683548,Xà Phòng Le Petit Marseillais Chính Hãng Bánh Xà Phòng Tắm Thiên Nhiên (Ngẫu nhiên)  1 Bánh,Mặc định,1734496577198523612,1 BÁNH-XP,0,2257,VND,1,Thanh toán khi giao hàng,Đã hủy,lepetitmarseillaisvn,Phát trực tiếp,7655335633665592071,fixed commission,,,,,0,,,,,,,,,0,0,25/06/2026 21:59:02,,25/06/2026 21:59:03,,,,TTS,Open/Target Collaboration
584705940943963755,1736012338574165212,Combo 2 Sữa Tắm Nữ Pháp Le Petit Marseillais 250ml - Thiên Nhiên Dịu Nhẹ,"Muối Biển, Bông Và Hoa Anh Túc",1736012747227956444,ST54463+ST65434,313740,583543,VND,1,Thanh toán khi giao hàng,Đã hủy,lepetitmarseillaisvn,Phát trực tiếp,7655335633665592071,fixed commission,,,,,313740,,,,,,,,,0,0,25/06/2026 21:59:02,,25/06/2026 21:59:03,,,,TTS,Open/Target Collaboration
584705963381392830,1733398584855921884,Sữa Tắm Nam 4 in 1 Thiên Nhiên Le Petit Marseillais Chiết Xuất Gừng & Gỗ Bách Hương 250ml 4371,Mặc định,1733398526731846876,ST04371,0,11880,VND,1,Thanh toán khi giao hàng,Đang xử lý,lepetitmarseillaisvn,Phát trực tiếp,7655335633665592071,fixed commission,,,,,0,,,,,,,,,0,0,25/06/2026 22:02:37,27/06/2026 19:08:26,25/06/2026 22:02:39,27/06/2026 19:08:26,,,TTS,Open/Target Collaboration
584705963381392830,1735910664928920796,Combo 2 Sữa Tắm Nam Le Petit Marseillais 4in1 Cho Tóc Mặt Râu Toàn Thân 250ml,"Gỗ Tuyết Tùng Và Dương Xỉ, Thông Biển & Bạch Đàn",1735912571878081756,ST01172 + ST01356,302400,567820,VND,1,Thanh toán khi giao hàng,Đang xử lý,lepetitmarseillaisvn,Phát trực tiếp,7655335633665592071,fixed commission,,,,,302400,,,,,,,,,0,0,25/06/2026 22:02:37,27/06/2026 19:08:26,25/06/2026 22:02:39,27/06/2026 19:08:26,,,TTS,Open/Target Collaboration
584706064353166426,1732250760944257244,"Sữa Tắm/Gel Tắm Pháp Le Petit Marseillais Chiết Xuất Thiên Nhiên 650ml - Sữa Tắm Lưu Hương Lành Tính - Dịu Nhẹ, An Toàn Cho Da","Hương Xoài & Chanh Dây, Standard",1732250801268951260,ST68823,330000,557880,VND,1,Thanh toán khi giao hàng,Đang xử lý,lepetitmarseillaisvn,Phát trực tiếp,7655335633665592071,fixed commission,,,,,330000,,,,,,,,,0,0,25/06/2026 22:08:23,27/06/2026 15:41:48,25/06/2026 22:08:25,27/06/2026 15:41:48,,,TTS,Open/Target Collaboration
584706064353166426,1735803452711142620,Dầu Xả Cấp Ẩm Le Petit Marseillais Nước Dừa Hữu Cơ 200ml,Mặc định,1735803348866008284,DX74752,0,9720,VND,1,Thanh toán khi giao hàng,Đang xử lý,lepetitmarseillaisvn,Phát trực tiếp,7655335633665592071,fixed commission,,,,,0,,,,,,,,,0,0,25/06/2026 22:08:23,27/06/2026 15:41:48,25/06/2026 22:08:25,27/06/2026 15:41:48,,,TTS,Open/Target Collaboration
584706130295358762,1733398584855921884,Sữa Tắm Nam 4 in 1 Thiên Nhiên Le Petit Marseillais Chiết Xuất Gừng & Gỗ Bách Hương 250ml 4371,Mặc định,1733398526731846876,ST04371,0,6320,VND,1,Thanh toán khi giao hàng,Đang xử lý,lepetitmarseillaisvn,Phát trực tiếp,7655335633665592071,fixed commission,,,,,0,,,,,,,,,0,0,25/06/2026 22:13:38,27/06/2026 19:15:42,25/06/2026 22:13:39,27/06/2026 19:15:42,,,TTS,Open/Target Collaboration
584706130295358762,1735910664928920796,Combo 2 Sữa Tắm Nam Le Petit Marseillais 4in1 Cho Tóc Mặt Râu Toàn Thân 250ml,"Gỗ Cam & Dầu Argan , Gỗ Tuyết Tùng Và Dương Xỉ",1735912571878278364,ST01431 + ST01172,313740,559480,VND,1,Thanh toán khi giao hàng,Đang xử lý,lepetitmarseillaisvn,Phát trực tiếp,7655335633665592071,fixed commission,,,,,313740,,,,,,,,,0,0,25/06/2026 22:13:38,27/06/2026 19:15:42,25/06/2026 22:13:39,27/06/2026 19:15:42,,,TTS,Open/Target Collaboration
584706180358112631,1733398584855921884,Sữa Tắm Nam 4 in 1 Thiên Nhiên Le Petit Marseillais Chiết Xuất Gừng & Gỗ Bách Hương 250ml 4371,Mặc định,1733398526731846876,ST04371,0,6320,VND,1,Thanh toán khi giao hàng,Đang xử lý,lepetitmarseillaisvn,Phát trực tiếp,7655335633665592071,fixed commission,,,,,0,,,,,,,,,0,0,25/06/2026 22:15:04,27/06/2026 21:26:55,25/06/2026 22:15:05,27/06/2026 21:26:55,,,TTS,Open/Target Collaboration
584706180358112631,1735910664928920796,Combo 2 Sữa Tắm Nam Le Petit Marseillais 4in1 Cho Tóc Mặt Râu Toàn Thân 250ml,"Gỗ Cam & Dầu Argan , Gỗ Tuyết Tùng Và Dương Xỉ",1735912571878278364,ST01431 + ST01172,317520,559480,VND,1,Thanh toán khi giao hàng,Đang xử lý,lepetitmarseillaisvn,Phát trực tiếp,7655335633665592071,fixed commission,,,,,317520,,,,,,,,,0,0,25/06/2026 22:15:04,27/06/2026 21:26:55,25/06/2026 22:15:05,27/06/2026 21:26:55,,,TTS,Open/Target Collaboration
584706288579937821,1731317167366243548,[Quà tặng không bán] Bông Tắm Tạo Bọt Mềm Mịn,Mặc định,1731317148230255836,BONG TAM HQ,0,10450,VND,1,Thanh toán khi giao hàng,Đang xử lý,lepetitmarseillaisvn,Phát trực tiếp,7655335633665592071,fixed commission,,,,,0,,,,,,,,,0,0,25/06/2026 22:25:23,28/06/2026 19:39:49,25/06/2026 22:25:26,28/06/2026 19:39:49,,,TTS,Open/Target Collaboration
584706288579937821,1732251815880067292,"Sữa Tắm Pháp Le Petit Marseillais Cho Nam Chiết Xuất Thiên Nhiên 4in1 Nhiều Mùi Hương Dưỡng Ẩm, Thơm Lâu - Phù Hợp Mọi Loại Da (250ml)","Hương Gỗ Tuyết Tùng & Dương Xỉ, Standard",1732251749141219548,ST01172,168100,282450,VND,1,Thanh toán khi giao hàng,Đang xử lý,lepetitmarseillaisvn,Phát trực tiếp,7655335633665592071,fixed commission,,,,,168100,,,,,,,,,0,0,25/06/2026 22:25:23,28/06/2026 19:39:49,25/06/2026 22:25:26,28/06/2026 19:39:49,,,TTS,Open/Target Collaboration
584706447708686089,1735803452711142620,Dầu Xả Cấp Ẩm Le Petit Marseillais Nước Dừa Hữu Cơ 200ml,Mặc định,1735803348866008284,DX74752,0,1211,VND,1,Thanh toán khi giao hàng,Đang xử lý,lepetitmarseillaisvn,Phát trực tiếp,7655335633665592071,fixed commission,,,,,0,,,,,,,,,0,0,25/06/2026 22:32:10,27/06/2026 10:11:14,25/06/2026 22:32:12,27/06/2026 10:11:14,,,TTS,Open/Target Collaboration
584706447708686089,1732250760944257244,"Sữa Tắm/Gel Tắm Pháp Le Petit Marseillais Chiết Xuất Thiên Nhiên 650ml - Sữa Tắm Lưu Hương Lành Tính - Dịu Nhẹ, An Toàn Cho Da","Thông & Bạch Đàn Biển, Standard",1732250801268689116,ST01902,308100,523844,VND,1,Thanh toán khi giao hàng,Đang xử lý,lepetitmarseillaisvn,Phát trực tiếp,7655335633665592071,fixed commission,,,,,308100,,,,,,,,,0,0,25/06/2026 22:32:10,27/06/2026 10:11:14,25/06/2026 22:32:12,27/06/2026 10:11:14,,,TTS,Open/Target Collaboration
584706447708686089,1732250760944257244,"Sữa Tắm/Gel Tắm Pháp Le Petit Marseillais Chiết Xuất Thiên Nhiên 650ml - Sữa Tắm Lưu Hương Lành Tính - Dịu Nhẹ, An Toàn Cho Da","Lá Oliu & Hoa Bồ Đề, Standard",1732250801268754652,ST01295,308100,523845,VND,1,Thanh toán khi giao hàng,Đang xử lý,lepetitmarseillaisvn,Phát trực tiếp,7655335633665592071,fixed commission,,,,,308100,,,,,,,,,0,0,25/06/2026 22:32:10,27/06/2026 10:11:14,25/06/2026 22:32:12,27/06/2026 10:11:14,,,TTS,Open/Target Collaboration
584706624895944059,1734496604995683548,Xà Phòng Le Petit Marseillais Chính Hãng Bánh Xà Phòng Tắm Thiên Nhiên (Ngẫu nhiên)  1 Bánh,Mặc định,1734496577198523612,1 BÁNH-XP,75000,89000,VND,1,Không áp dụng thanh toán khi giao hàng,Đang xử lý,onggiatichcuc79,Video,7654819435764518162,fixed commission,,,,6,75000,4500,,,,,,,,0,0,25/06/2026 22:46:37,25/06/2026 22:46:39,25/06/2026 22:46:40,27/06/2026 14:23:38,,28/06/2026 12:49:32,TTS,Open/Target Collaboration
584706599307740769,1732251815880067292,"Sữa Tắm Pháp Le Petit Marseillais Cho Nam Chiết Xuất Thiên Nhiên 4in1 Nhiều Mùi Hương Dưỡng Ẩm, Thơm Lâu - Phù Hợp Mọi Loại Da (250ml)","Hương Gỗ Tuyết Tùng & Dương Xỉ, Standard",1732251749141219548,ST01172,178350,286850,VND,1,Thanh toán khi giao hàng,Đang xử lý,mundayne688,Video,7578844742998396168,fixed commission,,,,8,178350,14268,,,,,,,,0,0,25/06/2026 22:46:52,27/06/2026 17:20:28,25/06/2026 22:46:53,27/06/2026 17:20:28,,28/06/2026 08:50:42,TTS,Open/Target Collaboration
584706802008950215,1731317167366243548,[Quà tặng không bán] Bông Tắm Tạo Bọt Mềm Mịn,Mặc định,1731317148230255836,BONG TAM HQ,0,9947,VND,2,Thanh toán khi giao hàng,Đang xử lý,lepetitmarseillaisvn,Phát trực tiếp,7655335633665592071,fixed commission,,,,,0,,,,,,,,,0,0,25/06/2026 23:04:27,27/06/2026 19:50:08,25/06/2026 23:04:28,27/06/2026 19:50:08,,,TTS,Open/Target Collaboration
584706802008950215,1733398589084042460,Sữa Tắm Nam Thơm Lâu 4 in 1 Thiên Nhiên Le Petit Marseillais Chiết Xuất Thông Biển & Bạch Đàn 250ml 1356,Mặc định,1733398673842472156,ST01356,171140,279958,VND,1,Thanh toán khi giao hàng,Đang xử lý,lepetitmarseillaisvn,Phát trực tiếp,7655335633665592071,fixed commission,,,,,171140,,,,,,,,,0,0,25/06/2026 23:04:27,27/06/2026 19:50:08,25/06/2026 23:04:28,27/06/2026 19:50:08,,,TTS,Open/Target Collaboration
584706802008950215,1735802617258280156,Sữa Tắm Le Petit Marseillais Chiết Xuất Hoa thanh Cúc Cho Da Nhạy Cảm 98% Thiên Nhiên 400ml,Mặc định,1735802708556088540,ST55017,292400,450947,VND,1,Thanh toán khi giao hàng,Đang xử lý,lepetitmarseillaisvn,Phát trực tiếp,7655335633665592071,fixed commission,,,,,292400,,,,,,,,,0,0,25/06/2026 23:04:27,27/06/2026 19:50:08,25/06/2026 23:04:28,27/06/2026 19:50:08,,,TTS,Open/Target Collaboration
584706795299570901,1732251815880067292,"Sữa Tắm Pháp Le Petit Marseillais Cho Nam Chiết Xuất Thiên Nhiên 4in1 Nhiều Mùi Hương Dưỡng Ẩm, Thơm Lâu - Phù Hợp Mọi Loại Da (250ml)","Hương Gỗ Tuyết Tùng & Dương Xỉ, Standard",1732251749141219548,ST01172,205000,292700,VND,1,Thanh toán khi giao hàng,Đang xử lý,duongmanhkien19,Video,7578474458705382676,fixed commission,0,0,0,,205000,,,,3,6150,,,,0,0,25/06/2026 23:05:38,,25/06/2026 23:05:39,,,,TTS,Open/Target Collaboration
584706805359478068,1736012338574165212,Combo 2 Sữa Tắm Nữ Pháp Le Petit Marseillais 250ml - Thiên Nhiên Dịu Nhẹ,"Quả Mâm Xôi Hữu Cơ & Hoa Mẫu Đơn, Xoài Hữu Cơ & Chanh Dây",1736013429862991068,ST48441+ST99622,343560,583543,VND,1,Thanh toán khi giao hàng,Đang xử lý,ahau.phuongthao,Video,7654565393536748818,fixed commission,,,,,343560,,,,2,6871,,,,0,0,25/06/2026 23:05:54,28/06/2026 18:54:14,25/06/2026 23:05:55,28/06/2026 18:54:14,,29/06/2026 07:39:26,TTS,Open/Target Collaboration
584706884697425011,1733398584855921884,Sữa Tắm Nam 4 in 1 Thiên Nhiên Le Petit Marseillais Chiết Xuất Gừng & Gỗ Bách Hương 250ml 4371,Mặc định,1733398526731846876,ST04371,0,6320,VND,1,Thanh toán khi giao hàng,Đang xử lý,lepetitmarseillaisvn,Phát trực tiếp,7655335633665592071,fixed commission,,,,,0,,,,,,,,,0,0,25/06/2026 23:08:22,29/06/2026 10:29:09,25/06/2026 23:08:23,29/06/2026 10:29:09,,,TTS,Open/Target Collaboration
584706884697425011,1735910664928920796,Combo 2 Sữa Tắm Nam Le Petit Marseillais 4in1 Cho Tóc Mặt Râu Toàn Thân 250ml,"Thông Biển & Bạch Đàn, Gỗ Tuyết Tùng Và Dương Xỉ",1735912571878606044,ST01356 + ST01172,309960,559480,VND,1,Thanh toán khi giao hàng,Đang xử lý,lepetitmarseillaisvn,Phát trực tiếp,7655335633665592071,fixed commission,,,,,309960,,,,,,,,,0,0,25/06/2026 23:08:22,29/06/2026 10:29:09,25/06/2026 23:08:23,29/06/2026 10:29:09,,,TTS,Open/Target Collaboration
584706889785967980,1735803310673790172,Dầu Gội Cấp Ẩm Le Petit Marseillais Nước Dừa Hữu Cơ 250ml,Mặc định,1735803421743809756,DG37429,238280,364000,VND,1,Không áp dụng thanh toán khi giao hàng,Đang xử lý,reviewdoao,Chương trình Lưu lượng truy cập bên ngoài,,fixed commission,,,,4,238280,9531,,,,,,,,0,0,25/06/2026 23:11:52,25/06/2026 23:11:57,25/06/2026 23:11:58,,,,TTS,Open/Target Collaboration
584707223936665209,1735734318844052700,"[KOL huynhdangthong x LPM] Sữa Tắm/Gel Tắm Pháp Le Petit Marseillais Chiết Xuất Thiên Nhiên 650ml - Sữa Tắm Lưu Hương Lành Tính - Dịu Nhẹ, An Toàn Cho Da","Thông & Bạch Đàn Biển, Standard",1735734212754506972,ST01902,334540,531214,VND,1,Thanh toán khi giao hàng,Đang xử lý,lepetitmarseillaisvn,Phát trực tiếp,7655335633665592071,fixed commission,,,,,334540,,,,,,,,,0,0,25/06/2026 23:45:12,27/06/2026 10:02:15,25/06/2026 23:45:13,27/06/2026 10:02:15,,,TTS,Open/Target Collaboration
584707223936665209,1735791362076869852,Sữa Tắm Dạng Kem Le Petit Marseillais Bông Và Hoa Anh Túc 250ml  92% Thiên Nhiên Siêu Dịu Nhẹ,Mặc định,1735791937064830172,ST65434,0,4886,VND,1,Thanh toán khi giao hàng,Đang xử lý,lepetitmarseillaisvn,Phát trực tiếp,7655335633665592071,fixed commission,,,,,0,,,,,,,,,0,0,25/06/2026 23:45:12,27/06/2026 10:02:15,25/06/2026 23:45:13,27/06/2026 10:02:15,,,TTS,Open/Target Collaboration
584707382364833606,1732251815880067292,"Sữa Tắm Pháp Le Petit Marseillais Cho Nam Chiết Xuất Thiên Nhiên 4in1 Nhiều Mùi Hương Dưỡng Ẩm, Thơm Lâu - Phù Hợp Mọi Loại Da (250ml)","Hương Cam & Tinh Dầu Argan, Standard",1732251749141022940,ST01431,205000,279900,VND,1,Thanh toán khi giao hàng,Đang xử lý,man.trung.737,Video,7595064670482877717,fixed commission,,,,,205000,,,,3,6150,,,,0,0,26/06/2026 00:03:07,27/06/2026 09:39:11,26/06/2026 00:03:08,27/06/2026 09:39:11,,28/06/2026 11:57:02,TTS,Open/Target Collaboration
584707865707119745,1732250928810920156,"Sữa Tắm/Gel Tắm Pháp Le Petit Marseillais Thiên Nhiên 250ml - Sữa Tắm Lưu Hương Lành Tính - Dịu Nhẹ, An Toàn Cho Da","Đào Trắng & Quả Xuân Đào, Standard",1732250914985380060,ST01240,160650,295800,VND,1,Thanh toán khi giao hàng,Đang xử lý,lona061195,Chương trình Lưu lượng truy cập bên ngoài,,fixed commission,,,,8,160650,12852,,,,,,,,0,0,26/06/2026 01:14:56,28/06/2026 15:08:56,26/06/2026 01:15:37,28/06/2026 15:08:56,,29/06/2026 08:34:24,TTS,Open/Target Collaboration
584709382218745210,1732250928810920156,"Sữa Tắm/Gel Tắm Pháp Le Petit Marseillais Thiên Nhiên 250ml - Sữa Tắm Lưu Hương Lành Tính - Dịu Nhẹ, An Toàn Cho Da","Quả Mâm Xôi & Hoa Mẫu Đơn, Standard",1732250914985052380,ST48441,189000,279900,VND,1,Thanh toán khi giao hàng,Đang xử lý,ahau.phuongthao,Video,7654094102811659528,fixed commission,,,,12,189000,22680,,,,,,,,0,0,26/06/2026 06:45:13,27/06/2026 09:47:55,26/06/2026 06:45:14,27/06/2026 09:47:55,,28/06/2026 11:41:13,TTS,Open/Target Collaboration
584709584675833707,1732250928810920156,"Sữa Tắm/Gel Tắm Pháp Le Petit Marseillais Thiên Nhiên 250ml - Sữa Tắm Lưu Hương Lành Tính - Dịu Nhẹ, An Toàn Cho Da","Quả Mâm Xôi & Hoa Mẫu Đơn, Standard",1732250914985052380,ST48441,189000,278300,VND,1,Thanh toán khi giao hàng,Đang xử lý,ahau.phuongthao,Video,7654094102811659528,fixed commission,,,,12,189000,22680,,,,,,,,0,0,26/06/2026 07:05:35,27/06/2026 11:56:29,26/06/2026 07:05:37,27/06/2026 11:56:29,,28/06/2026 12:22:49,TTS,Open/Target Collaboration
584709861465491440,1732250928810920156,"Sữa Tắm/Gel Tắm Pháp Le Petit Marseillais Thiên Nhiên 250ml - Sữa Tắm Lưu Hương Lành Tính - Dịu Nhẹ, An Toàn Cho Da","Quả Mâm Xôi & Hoa Mẫu Đơn, Standard",1732250914985052380,ST48441,189000,279900,VND,1,Thanh toán khi giao hàng,Đang xử lý,ahau.phuongthao,Video,7654094102811659528,fixed commission,,,,12,189000,22680,,,,,,,,0,0,26/06/2026 07:32:19,28/06/2026 12:52:49,26/06/2026 07:32:21,28/06/2026 12:52:49,,29/06/2026 08:17:05,TTS,Open/Target Collaboration
584710044846294678,1732250928810920156,"Sữa Tắm/Gel Tắm Pháp Le Petit Marseillais Thiên Nhiên 250ml - Sữa Tắm Lưu Hương Lành Tính - Dịu Nhẹ, An Toàn Cho Da","Hạnnh Nhân, Standard",1732250914985248988,ST00892,189000,279900,VND,1,Thanh toán khi giao hàng,Đang xử lý,ahau.phuongthao,Video,7654094102811659528,fixed commission,,,,12,189000,22680,,,,,,,,0,0,26/06/2026 07:54:43,27/06/2026 17:37:43,26/06/2026 07:54:44,27/06/2026 17:37:43,,28/06/2026 11:29:26,TTS,Open/Target Collaboration
584710333624911137,1732250928810920156,"Sữa Tắm/Gel Tắm Pháp Le Petit Marseillais Thiên Nhiên 250ml - Sữa Tắm Lưu Hương Lành Tính - Dịu Nhẹ, An Toàn Cho Da","Quả Mâm Xôi & Hoa Mẫu Đơn, Standard",1732250914985052380,ST48441,189000,289550,VND,1,Thanh toán khi giao hàng,Đang xử lý,ahau.phuongthao,Video,7654094102811659528,fixed commission,,,,12,189000,22680,,,,,,,,0,0,26/06/2026 08:22:14,28/06/2026 19:48:00,26/06/2026 08:22:16,28/06/2026 19:48:00,,29/06/2026 09:20:51,TTS,Open/Target Collaboration
584710834521343221,1732251815880067292,"Sữa Tắm Pháp Le Petit Marseillais Cho Nam Chiết Xuất Thiên Nhiên 4in1 Nhiều Mùi Hương Dưỡng Ẩm, Thơm Lâu - Phù Hợp Mọi Loại Da (250ml)","Hương Gỗ Tuyết Tùng & Dương Xỉ, Standard",1732251749141219548,ST01172,205000,289550,VND,1,Thanh toán khi giao hàng,Đang xử lý,duongmanhkien19,Video,7578474458705382676,fixed commission,,,,,205000,,,,3,6150,,,,0,0,26/06/2026 09:02:26,27/06/2026 10:12:08,26/06/2026 09:02:28,27/06/2026 10:12:08,,28/06/2026 09:09:36,TTS,Open/Target Collaboration
584710844998125008,1733205919089657052,Dầu Gội Trẻ Em 2in1 94% Thiên Nhiên Le Petit Marseillais Giúp Gỡ Rối Tóc Nhiều Mùi Hương 300ml,Quả đào & mơ 0435,1733205957881660636,DG90435,267300,464000,VND,1,Không áp dụng thanh toán khi giao hàng,Đang xử lý,lepetitmarseillaisvn,Video,7598046944103025941,fixed commission,,,,,267300,,,,,,,,,0,0,26/06/2026 09:02:51,26/06/2026 09:03:07,26/06/2026 09:03:08,27/06/2026 10:17:24,,,TTS,Open/Target Collaboration
584711134934762989,1735803452711142620,Dầu Xả Cấp Ẩm Le Petit Marseillais Nước Dừa Hữu Cơ 200ml,Mặc định,1735803348866008284,DX74752,0,6800,VND,1,Thanh toán khi giao hàng,Đang xử lý,adpia.official,Chương trình Lưu lượng truy cập bên ngoài,,fixed commission,,,,,0,,,,,,,,,0,0,26/06/2026 09:24:53,27/06/2026 17:58:39,26/06/2026 09:24:55,27/06/2026 17:58:39,,28/06/2026 09:05:24,TTS,Open/Target Collaboration
584711134934762989,1732250760944257244,"Sữa Tắm/Gel Tắm Pháp Le Petit Marseillais Chiết Xuất Thiên Nhiên 650ml - Sữa Tắm Lưu Hương Lành Tính - Dịu Nhẹ, An Toàn Cho Da","Lá Oliu & Hoa Bồ Đề, Standard",1732250801268754652,ST01295,395000,546200,VND,1,Thanh toán khi giao hàng,Đang xử lý,mevyan,Video,7655198374534139156,fixed commission,,,,8,395000,31600,,,,,,,,0,0,26/06/2026 09:24:53,27/06/2026 17:58:39,26/06/2026 09:24:55,27/06/2026 17:58:39,,28/06/2026 09:05:24,TTS,Open/Target Collaboration
584712465029236088,1732250760944257244,"Sữa Tắm/Gel Tắm Pháp Le Petit Marseillais Chiết Xuất Thiên Nhiên 650ml - Sữa Tắm Lưu Hương Lành Tính - Dịu Nhẹ, An Toàn Cho Da","Thông & Bạch Đàn Biển, Standard",1732250801268689116,ST01902,335750,550520,VND,1,Thanh toán khi giao hàng,Đang xử lý,thaocanview,Video,7637538562224721172,fixed commission,,,,8,335750,26860,,,,,,,,0,0,26/06/2026 10:58:15,27/06/2026 21:29:27,26/06/2026 10:58:16,27/06/2026 21:29:27,,28/06/2026 08:30:43,TTS,Open/Target Collaboration
584712465029236088,1735803452711142620,Dầu Xả Cấp Ẩm Le Petit Marseillais Nước Dừa Hữu Cơ 200ml,Mặc định,1735803348866008284,DX74752,0,7880,VND,1,Thanh toán khi giao hàng,Đang xử lý,maxgiadung,Chương trình Lưu lượng truy cập bên ngoài,,fixed commission,,,,,0,,,,,,,,,0,0,26/06/2026 10:58:15,27/06/2026 21:29:27,26/06/2026 10:58:16,27/06/2026 21:29:27,,28/06/2026 08:30:43,TTS,Open/Target Collaboration
584712909237486679,1732251815880067292,"Sữa Tắm Pháp Le Petit Marseillais Cho Nam Chiết Xuất Thiên Nhiên 4in1 Nhiều Mùi Hương Dưỡng Ẩm, Thơm Lâu - Phù Hợp Mọi Loại Da (250ml)","Hương Thông & Bạch Đàn Biển, Standard",1732251749141154012,ST01356,205000,279900,VND,1,Thanh toán khi giao hàng,Đang xử lý,lepthelittlekid,Video,7594749644052204818,fixed commission,0,0,0,,205000,,,,5,10250,,,,0,0,26/06/2026 11:25:17,,26/06/2026 11:25:18,,,,TTS,Open/Target Collaboration
584713228556600371,1732251815880067292,"Sữa Tắm Pháp Le Petit Marseillais Cho Nam Chiết Xuất Thiên Nhiên 4in1 Nhiều Mùi Hương Dưỡng Ẩm, Thơm Lâu - Phù Hợp Mọi Loại Da (250ml)","Hương Gỗ Tuyết Tùng & Dương Xỉ, Standard",1732251749141219548,ST01172,140000,285279,VND,1,Thanh toán khi giao hàng,Đã hủy,duongmanhkien19,Video,7589190858113649928,fixed commission,0,0,0,,140000,,,,3,4200,,,,0,0,26/06/2026 11:48:12,,26/06/2026 11:48:13,,,,TTS,Open/Target Collaboration
584713518297417103,1736012338574165212,Combo 2 Sữa Tắm Nữ Pháp Le Petit Marseillais 250ml - Thiên Nhiên Dịu Nhẹ,"Quả Mâm Xôi Hữu Cơ & Hoa Mẫu Đơn, Xoài Hữu Cơ & Chanh Dây",1736013429862991068,ST48441+ST99622,283500,583543,VND,1,Thanh toán khi giao hàng,Đang xử lý,ahau.phuongthao,Video,7654565393536748818,fixed commission,,,,,283500,,,,2,5670,,,,0,0,26/06/2026 12:03:45,27/06/2026 17:30:32,26/06/2026 12:03:47,27/06/2026 17:30:32,,28/06/2026 12:49:21,TTS,Open/Target Collaboration
584713636480386842,1732251815880067292,"Sữa Tắm Pháp Le Petit Marseillais Cho Nam Chiết Xuất Thiên Nhiên 4in1 Nhiều Mùi Hương Dưỡng Ẩm, Thơm Lâu - Phù Hợp Mọi Loại Da (250ml)","Hương Gỗ Tuyết Tùng & Dương Xỉ, Standard",1732251749141219548,ST01172,174250,295800,VND,1,Thanh toán khi giao hàng,Đang xử lý,duongmanhkien19,Video,7578474458705382676,fixed commission,0,0,0,8,174250,13940,,,,,,,,0,0,26/06/2026 12:14:21,,26/06/2026 12:14:22,,,,TTS,Open/Target Collaboration
584713866927965776,1732251815880067292,"Sữa Tắm Pháp Le Petit Marseillais Cho Nam Chiết Xuất Thiên Nhiên 4in1 Nhiều Mùi Hương Dưỡng Ẩm, Thơm Lâu - Phù Hợp Mọi Loại Da (250ml)","Hương Gỗ Tuyết Tùng & Dương Xỉ, Standard",1732251749141219548,ST01172,205000,282450,VND,1,Thanh toán khi giao hàng,Đang xử lý,tuancuong1901,Trưng bày,,fixed commission,,,,8,205000,16400,,,,,,,,0,0,26/06/2026 12:29:15,27/06/2026 12:10:11,26/06/2026 12:29:16,27/06/2026 12:10:11,,28/06/2026 07:04:08,TTS,Open/Target Collaboration
584714019311224699,1732251815880067292,"Sữa Tắm Pháp Le Petit Marseillais Cho Nam Chiết Xuất Thiên Nhiên 4in1 Nhiều Mùi Hương Dưỡng Ẩm, Thơm Lâu - Phù Hợp Mọi Loại Da (250ml)","Hương Gỗ Tuyết Tùng & Dương Xỉ, Standard",1732251749141219548,ST01172,205000,289550,VND,1,Thanh toán khi giao hàng,Đang xử lý,duongmanhkien19,Video,7578474458705382676,fixed commission,0,0,0,,205000,,,,3,6150,,,,0,0,26/06/2026 12:36:45,,26/06/2026 12:36:46,,,,TTS,Open/Target Collaboration
584714169734431909,1732251815880067292,"Sữa Tắm Pháp Le Petit Marseillais Cho Nam Chiết Xuất Thiên Nhiên 4in1 Nhiều Mùi Hương Dưỡng Ẩm, Thơm Lâu - Phù Hợp Mọi Loại Da (250ml)","Hương Thông & Bạch Đàn Biển, Standard",1732251749141154012,ST01356,194750,286850,VND,1,Không áp dụng thanh toán khi giao hàng,Đang xử lý,gentlegrooming0,Video,7597291366036557076,fixed commission,,,,8,194750,15580,,,,,,,,0,0,26/06/2026 12:48:01,26/06/2026 12:48:05,26/06/2026 12:48:06,27/06/2026 18:27:41,,28/06/2026 10:08:53,TTS,Open/Target Collaboration
584714370638382143,1732250928810920156,"Sữa Tắm/Gel Tắm Pháp Le Petit Marseillais Thiên Nhiên 250ml - Sữa Tắm Lưu Hương Lành Tính - Dịu Nhẹ, An Toàn Cho Da","Quả Mâm Xôi & Hoa Mẫu Đơn, Standard",1732250914985052380,ST48441,160650,279900,VND,1,Thanh toán khi giao hàng,Đang xử lý,ahau.phuongthao,Video,7654565393536748818,fixed commission,,,,,160650,,,,2,3213,,,,0,0,26/06/2026 13:02:28,27/06/2026 19:51:54,26/06/2026 13:02:29,27/06/2026 19:51:54,,28/06/2026 12:36:34,TTS,Open/Target Collaboration
584714532435559516,1732251815880067292,"Sữa Tắm Pháp Le Petit Marseillais Cho Nam Chiết Xuất Thiên Nhiên 4in1 Nhiều Mùi Hương Dưỡng Ẩm, Thơm Lâu - Phù Hợp Mọi Loại Da (250ml)","Hương Gỗ Tuyết Tùng & Dương Xỉ, Standard",1732251749141219548,ST01172,205000,484893,VND,2,Thanh toán khi giao hàng,Đang xử lý,duongmanhkien19,Video,7578474458705382676,fixed commission,,,,,410000,,,,3,12300,,,,0,0,26/06/2026 13:10:28,27/06/2026 19:22:29,26/06/2026 13:10:29,27/06/2026 19:22:29,,28/06/2026 08:09:53,TTS,Open/Target Collaboration
584714596261070139,1732251815880067292,"Sữa Tắm Pháp Le Petit Marseillais Cho Nam Chiết Xuất Thiên Nhiên 4in1 Nhiều Mùi Hương Dưỡng Ẩm, Thơm Lâu - Phù Hợp Mọi Loại Da (250ml)","Hương Gỗ Tuyết Tùng & Dương Xỉ, Standard",1732251749141219548,ST01172,210000,282450,VND,1,Thanh toán khi giao hàng,Đang xử lý,duongmanhkien19,Video,7578474458705382676,fixed commission,,,,8,210000,16800,,,,,,,,0,0,26/06/2026 13:15:40,27/06/2026 21:25:41,26/06/2026 13:15:41,27/06/2026 21:25:41,,28/06/2026 11:56:10,TTS,Open/Target Collaboration
584715171201516790,1732251815880067292,"Sữa Tắm Pháp Le Petit Marseillais Cho Nam Chiết Xuất Thiên Nhiên 4in1 Nhiều Mùi Hương Dưỡng Ẩm, Thơm Lâu - Phù Hợp Mọi Loại Da (250ml)","Hương Cam & Tinh Dầu Argan, Standard",1732251749141022940,ST01431,210000,289550,VND,1,Thanh toán khi giao hàng,Đang xử lý,duongmanhkien19,Video,7578474458705382676,fixed commission,,,,,210000,,,,3,6300,,,,0,0,26/06/2026 13:58:35,28/06/2026 18:21:52,26/06/2026 13:58:37,28/06/2026 18:21:52,,,TTS,Open/Target Collaboration
584715178076243252,1732251815880067292,"Sữa Tắm Pháp Le Petit Marseillais Cho Nam Chiết Xuất Thiên Nhiên 4in1 Nhiều Mùi Hương Dưỡng Ẩm, Thơm Lâu - Phù Hợp Mọi Loại Da (250ml)","Hương Thông & Bạch Đàn Biển, Standard",1732251749141154012,ST01356,210000,279900,VND,1,Thanh toán khi giao hàng,Đang xử lý,lepthelittlekid,Video,7594749644052204818,fixed commission,,,,,210000,,,,5,10500,,,,0,0,26/06/2026 14:02:19,28/06/2026 18:54:14,26/06/2026 14:02:20,28/06/2026 18:54:14,,29/06/2026 07:36:16,TTS,Open/Target Collaboration
584715859185206326,1734496604995683548,Xà Phòng Le Petit Marseillais Chính Hãng Bánh Xà Phòng Tắm Thiên Nhiên (Ngẫu nhiên)  1 Bánh,Mặc định,1734496577198523612,1 BÁNH-XP,75000,101200,VND,1,Không áp dụng thanh toán khi giao hàng,Đang xử lý,mythi_fr,Video,7651702051721760020,fixed commission,,,,6,75000,4500,,,,,,,,0,0,26/06/2026 14:47:51,26/06/2026 14:47:52,26/06/2026 14:47:53,27/06/2026 09:25:29,,28/06/2026 11:36:37,TTS,Open/Target Collaboration
584716282590561564,1732251815880067292,"Sữa Tắm Pháp Le Petit Marseillais Cho Nam Chiết Xuất Thiên Nhiên 4in1 Nhiều Mùi Hương Dưỡng Ẩm, Thơm Lâu - Phù Hợp Mọi Loại Da (250ml)","Hương Gỗ Tuyết Tùng & Dương Xỉ, Standard",1732251749141219548,ST01172,210000,279900,VND,1,Thanh toán khi giao hàng,Đang xử lý,duongmanhkien19,Video,7578474458705382676,fixed commission,,,,,210000,,,,3,6300,,,,0,0,26/06/2026 15:21:49,27/06/2026 10:48:53,26/06/2026 15:21:50,27/06/2026 10:48:53,,28/06/2026 08:10:14,TTS,Open/Target Collaboration
584716406367094148,1732250928810920156,"Sữa Tắm/Gel Tắm Pháp Le Petit Marseillais Thiên Nhiên 250ml - Sữa Tắm Lưu Hương Lành Tính - Dịu Nhẹ, An Toàn Cho Da","Vani, Standard",1732250914985183452,ST00526,160450,282550,VND,1,Thanh toán khi giao hàng,Đang xử lý,ahau.phuongthao,Video,7654094102811659528,fixed commission,,,,12,160450,19254,,,,,,,,0,0,26/06/2026 15:25:02,27/06/2026 15:02:49,26/06/2026 15:25:04,27/06/2026 15:02:49,,28/06/2026 07:31:53,TTS,Open/Target Collaboration
584717068690490979,1735803452711142620,Dầu Xả Cấp Ẩm Le Petit Marseillais Nước Dừa Hữu Cơ 200ml,Mặc định,1735803348866008284,DX74752,0,3420,VND,1,Không áp dụng thanh toán khi giao hàng,Đang xử lý,lepetitmarseillaisvn,Phát trực tiếp,7654933381641964295,fixed commission,,,,,0,,,,,,,,,0,0,26/06/2026 16:21:09,26/06/2026 16:21:15,26/06/2026 16:21:16,28/06/2026 15:20:17,,,TTS,Open/Target Collaboration
584717068690490979,1732250760944257244,"Sữa Tắm/Gel Tắm Pháp Le Petit Marseillais Chiết Xuất Thiên Nhiên 650ml - Sữa Tắm Lưu Hương Lành Tính - Dịu Nhẹ, An Toàn Cho Da","Đào Trắng & Quả Xuân Đào, Standard",1732250801269016796,ST01288,332000,532680,VND,1,Không áp dụng thanh toán khi giao hàng,Đang xử lý,emi.nguyen.9x,Trưng bày,,fixed commission,,,,8,332000,26560,,,,,,,,0,0,26/06/2026 16:21:09,26/06/2026 16:21:15,26/06/2026 16:21:16,28/06/2026 15:20:17,,,TTS,Open/Target Collaboration
584719739871462963,1732251906497939676,Sữa tắm Thiên Nhiên Pháp Le Petit Marseillais Nhiều Mùi Hương Dịu Nhẹ Cho Da Nhạy Cảm 400ml - Phù Hợp Mọi Loại Da,"Lô Hội, Standard",1732251905363708124,ST55031,254100,456800,VND,1,Thanh toán khi giao hàng,Đã hủy,lepetitmarseillaisvn,Phát trực tiếp,7655672974709574408,fixed commission,,,,,254100,,,,,,,,,0,0,26/06/2026 19:30:12,,26/06/2026 19:30:15,,,,TTS,Open/Target Collaboration
584719739871594035,1732251906497939676,Sữa tắm Thiên Nhiên Pháp Le Petit Marseillais Nhiều Mùi Hương Dịu Nhẹ Cho Da Nhạy Cảm 400ml - Phù Hợp Mọi Loại Da,"Dầu Hạnh Nhân, Standard",1732251905364035804,ST53362,254100,719600,VND,2,Thanh toán khi giao hàng,Đã hủy,lepetitmarseillaisvn,Phát trực tiếp,7655672974709574408,fixed commission,,,,,508200,,,,,,,,,0,0,26/06/2026 19:30:12,,26/06/2026 19:30:15,,,,TTS,Open/Target Collaboration
584720044351391283,1732251906497939676,Sữa tắm Thiên Nhiên Pháp Le Petit Marseillais Nhiều Mùi Hương Dịu Nhẹ Cho Da Nhạy Cảm 400ml - Phù Hợp Mọi Loại Da,"Dầu Hạnh Nhân, Standard",1732251905364035804,ST53362,254100,969933,VND,3,Thanh toán khi giao hàng,Đã hủy,lepetitmarseillaisvn,Phát trực tiếp,7655672974709574408,fixed commission,,,,,762300,,,,,,,,,0,0,26/06/2026 19:49:53,,26/06/2026 19:49:55,,,,TTS,Open/Target Collaboration
584720093196223542,1732250760944257244,"Sữa Tắm/Gel Tắm Pháp Le Petit Marseillais Chiết Xuất Thiên Nhiên 650ml - Sữa Tắm Lưu Hương Lành Tính - Dịu Nhẹ, An Toàn Cho Da","Vani, Standard",1732250801269082332,ST00557,323900,532680,VND,1,Không áp dụng thanh toán khi giao hàng,Đang xử lý,lepetitmarseillaisvn,Phát trực tiếp,7655672974709574408,fixed commission,,,,,323900,,,,,,,,,0,0,26/06/2026 19:51:48,26/06/2026 19:51:54,26/06/2026 19:51:55,28/06/2026 10:31:16,,,TTS,Open/Target Collaboration
584720093196223542,1735803452711142620,Dầu Xả Cấp Ẩm Le Petit Marseillais Nước Dừa Hữu Cơ 200ml,Mặc định,1735803348866008284,DX74752,0,3420,VND,1,Không áp dụng thanh toán khi giao hàng,Đang xử lý,lepetitmarseillaisvn,Phát trực tiếp,7655672974709574408,fixed commission,,,,,0,,,,,,,,,0,0,26/06/2026 19:51:48,26/06/2026 19:51:54,26/06/2026 19:51:55,28/06/2026 10:31:16,,,TTS,Open/Target Collaboration
584720437059421673,1732250760944257244,"Sữa Tắm/Gel Tắm Pháp Le Petit Marseillais Chiết Xuất Thiên Nhiên 650ml - Sữa Tắm Lưu Hương Lành Tính - Dịu Nhẹ, An Toàn Cho Da","Thông & Bạch Đàn Biển, Standard",1732250801268689116,ST01902,335750,532680,VND,1,Thanh toán khi giao hàng,Đang xử lý,lepetitmarseillaisvn,Phát trực tiếp,7655672974709574408,fixed commission,,,,,335750,,,,,,,,,0,0,26/06/2026 20:07:19,28/06/2026 17:02:55,26/06/2026 20:07:20,28/06/2026 17:02:55,,,TTS,Open/Target Collaboration
584720487795688634,1732250760944257244,"Sữa Tắm/Gel Tắm Pháp Le Petit Marseillais Chiết Xuất Thiên Nhiên 650ml - Sữa Tắm Lưu Hương Lành Tính - Dịu Nhẹ, An Toàn Cho Da","Hương Xoài & Chanh Dây, Standard",1732250801268951260,ST68823,395000,532680,VND,1,Thanh toán khi giao hàng,Đang xử lý,lepetitmarseillaisvn,Phát trực tiếp,7655672974709574408,fixed commission,,,,,395000,,,,,,,,,0,0,26/06/2026 20:14:31,28/06/2026 10:43:45,26/06/2026 20:14:32,28/06/2026 10:43:45,,,TTS,Open/Target Collaboration
584720487795688634,1735803452711142620,Dầu Xả Cấp Ẩm Le Petit Marseillais Nước Dừa Hữu Cơ 200ml,Mặc định,1735803348866008284,DX74752,0,3420,VND,1,Thanh toán khi giao hàng,Đang xử lý,lepetitmarseillaisvn,Phát trực tiếp,7655672974709574408,fixed commission,,,,,0,,,,,,,,,0,0,26/06/2026 20:14:31,28/06/2026 10:43:45,26/06/2026 20:14:32,28/06/2026 10:43:45,,,TTS,Open/Target Collaboration
584721430452012837,1732251815880067292,"Sữa Tắm Pháp Le Petit Marseillais Cho Nam Chiết Xuất Thiên Nhiên 4in1 Nhiều Mùi Hương Dưỡng Ẩm, Thơm Lâu - Phù Hợp Mọi Loại Da (250ml)","Hương Cam & Tinh Dầu Argan, Standard",1732251749141022940,ST01431,182450,289550,VND,1,Không áp dụng thanh toán khi giao hàng,Đã hủy,oigioioi650,Chương trình Lưu lượng truy cập bên ngoài,,fixed commission,,,,4,182450,7298,,,,,,,,0,0,26/06/2026 21:14:32,26/06/2026 21:15:03,26/06/2026 21:15:04,,,,TTS,Open/Target Collaboration
584721569381451208,1735803057604560092,Dầu Gội Pháp Le Petit Marseillais Ngăn ngừa gàu Trà Xanh Hữu Cơ 250ml,Mặc định,1735803334624117980,DG37467,263000,364000,VND,1,Thanh toán khi giao hàng,Đang xử lý,ngkh_206,Chương trình Lưu lượng truy cập bên ngoài,,fixed commission,,,,4,263000,10520,,,,,,,,0,0,26/06/2026 21:23:52,28/06/2026 14:50:20,26/06/2026 21:23:53,28/06/2026 14:50:20,,29/06/2026 07:49:36,TTS,Open/Target Collaboration
584721824886260817,1732250760944257244,"Sữa Tắm/Gel Tắm Pháp Le Petit Marseillais Chiết Xuất Thiên Nhiên 650ml - Sữa Tắm Lưu Hương Lành Tính - Dịu Nhẹ, An Toàn Cho Da","Đào Trắng & Quả Xuân Đào, Standard",1732250801269016796,ST01288,335650,532680,VND,1,Thanh toán khi giao hàng,Đã hủy,tikkaisweird,Video,7594359817779612949,fixed commission,0,0,0,8,335650,26852,,,,,,,,0,0,26/06/2026 21:39:34,,26/06/2026 21:39:35,,,,TTS,Open/Target Collaboration
584726588367144555,1734496604995683548,Xà Phòng Le Petit Marseillais Chính Hãng Bánh Xà Phòng Tắm Thiên Nhiên (Ngẫu nhiên)  1 Bánh,Mặc định,1734496577198523612,1 BÁNH-XP,75000,105300,VND,1,Thanh toán khi giao hàng,Đang xử lý,onggiatichcuc79,Video,7649582978691058952,fixed commission,,,,6,75000,4500,,,,,,,,0,0,27/06/2026 08:09:29,28/06/2026 12:29:34,27/06/2026 08:09:30,28/06/2026 12:29:34,,,TTS,Open/Target Collaboration
584727312778561317,1732250928810920156,"Sữa Tắm/Gel Tắm Pháp Le Petit Marseillais Thiên Nhiên 250ml - Sữa Tắm Lưu Hương Lành Tính - Dịu Nhẹ, An Toàn Cho Da","Đào Trắng & Quả Xuân Đào, Standard",1732250914985380060,ST01240,170100,289550,VND,1,Không áp dụng thanh toán khi giao hàng,Đang xử lý,kinkechillchill,Video,7572051007237115154,fixed commission,,,,8,170100,13608,,,,,,,,0,0,27/06/2026 09:14:00,27/06/2026 09:14:02,27/06/2026 09:14:04,,,,TTS,Open/Target Collaboration
584728434261591928,1732250928810920156,"Sữa Tắm/Gel Tắm Pháp Le Petit Marseillais Thiên Nhiên 250ml - Sữa Tắm Lưu Hương Lành Tính - Dịu Nhẹ, An Toàn Cho Da","Đào Trắng & Quả Xuân Đào, Standard",1732250914985380060,ST01240,158760,279772,VND,1,Thanh toán khi giao hàng,Đang xử lý,ahau.phuongthao,Video,7654094102811659528,fixed commission,,,,12,158760,19051,,,,,,,,0,0,27/06/2026 10:31:17,28/06/2026 20:16:21,27/06/2026 10:31:18,28/06/2026 20:16:21,,29/06/2026 07:35:29,TTS,Open/Target Collaboration
584728434261591928,1734496604995683548,Xà Phòng Le Petit Marseillais Chính Hãng Bánh Xà Phòng Tắm Thiên Nhiên (Ngẫu nhiên)  1 Bánh,Mặc định,1734496577198523612,1 BÁNH-XP,0,1555,VND,1,Thanh toán khi giao hàng,Đang xử lý,thaocanview,Video,7637538562224721172,fixed commission,,,,,0,,,,,,,,,0,0,27/06/2026 10:31:17,28/06/2026 20:16:21,27/06/2026 10:31:18,28/06/2026 20:16:21,,29/06/2026 07:35:29,TTS,Open/Target Collaboration
584728434261591928,1732250928810920156,"Sữa Tắm/Gel Tắm Pháp Le Petit Marseillais Thiên Nhiên 250ml - Sữa Tắm Lưu Hương Lành Tính - Dịu Nhẹ, An Toàn Cho Da","Bạc Hà, Standard",1732250914984855772,ST92871,158760,279773,VND,1,Thanh toán khi giao hàng,Đang xử lý,ahau.phuongthao,Video,7654094102811659528,fixed commission,,,,12,158760,19051,,,,,,,,0,0,27/06/2026 10:31:17,28/06/2026 20:16:21,27/06/2026 10:31:18,28/06/2026 20:16:21,,29/06/2026 07:35:29,TTS,Open/Target Collaboration
584729432926290961,1732250928810920156,"Sữa Tắm/Gel Tắm Pháp Le Petit Marseillais Thiên Nhiên 250ml - Sữa Tắm Lưu Hương Lành Tính - Dịu Nhẹ, An Toàn Cho Da","Vani, Standard",1732250914985183452,ST00526,160650,289750,VND,1,Thanh toán khi giao hàng,Đang xử lý,tuimuabanmua,Video,7536185873952476423,fixed commission,0,0,0,8,160650,12852,,,,,,,,0,0,27/06/2026 11:36:23,,27/06/2026 11:36:25,,,,TTS,Open/Target Collaboration
584731838521443976,1732252961260865756,"Dầu Gội Thiên Nhiên Le Petit Marseillais Nhiều Mùi Hương 250ml Dưỡng Ẩm, Thơm Lâu - Phù Hợp Mọi Loại Da",Trị Gàu 2 In 1 Tinh Dầu Bạc Hà,1732252943759018204,DG74042,270000,380300,VND,1,Thanh toán khi giao hàng,Đang xử lý,tuyetcookies,Video,7561391524253109512,fixed commission,,,,8,270000,21600,,,,,,,,0,0,27/06/2026 14:18:26,28/06/2026 12:03:27,27/06/2026 14:18:27,28/06/2026 12:03:27,,29/06/2026 07:55:41,TTS,Open/Target Collaboration
584731827901531633,1732250928810920156,"Sữa Tắm/Gel Tắm Pháp Le Petit Marseillais Thiên Nhiên 250ml - Sữa Tắm Lưu Hương Lành Tính - Dịu Nhẹ, An Toàn Cho Da","Vani, Standard",1732250914985183452,ST00526,189000,279900,VND,1,Thanh toán khi giao hàng,Đang xử lý,dinhlene,Chương trình Lưu lượng truy cập bên ngoài,,fixed commission,,,,4,189000,7560,,,,,,,,0,0,27/06/2026 14:19:20,28/06/2026 16:59:14,27/06/2026 14:19:21,28/06/2026 16:59:14,,29/06/2026 09:01:01,TTS,Open/Target Collaboration
584734670431356123,1732251815880067292,"Sữa Tắm Pháp Le Petit Marseillais Cho Nam Chiết Xuất Thiên Nhiên 4in1 Nhiều Mùi Hương Dưỡng Ẩm, Thơm Lâu - Phù Hợp Mọi Loại Da (250ml)","Hương Cam & Tinh Dầu Argan, Standard",1732251749141022940,ST01431,205000,295800,VND,1,Thanh toán khi giao hàng,Đang xử lý,lepthelittlekid,Video,7594749644052204818,fixed commission,0,0,0,5,205000,10250,,,,,,,,0,0,27/06/2026 17:49:28,,27/06/2026 17:49:30,,,,TTS,Open/Target Collaboration
584735020236441249,1731893266195122396,"Gel Tắm Pháp Le Petit Marseillais Đào Trắng & Quả Xuân Đào Hữu Cơ Dưỡng Ẩm, Thơm Lâu - Phù Hợp Mọi Loại Da(250ml)","Đào Trắng & Quả Xuân Đào, Standard",1731893266195843292,ST01240,201000,286850,VND,1,Không áp dụng thanh toán khi giao hàng,Đã hủy,involveasiavn01,Chương trình Lưu lượng truy cập bên ngoài,,fixed commission,,,,4,201000,8040,,,,,,,,0,0,27/06/2026 18:08:24,27/06/2026 18:08:29,27/06/2026 18:08:29,,,,TTS,Open/Target Collaboration
584735941518591523,1732251815880067292,"Sữa Tắm Pháp Le Petit Marseillais Cho Nam Chiết Xuất Thiên Nhiên 4in1 Nhiều Mùi Hương Dưỡng Ẩm, Thơm Lâu - Phù Hợp Mọi Loại Da (250ml)","Hương Gỗ Tuyết Tùng & Dương Xỉ, Standard",1732251749141219548,ST01172,180400,279900,VND,1,Thanh toán khi giao hàng,Đang xử lý,duongmanhkien19,Video,7578474458705382676,fixed commission,0,0,0,8,180400,14432,,,,,,,,0,0,27/06/2026 19:12:33,,27/06/2026 19:12:34,,,,TTS,Open/Target Collaboration
584736271010203108,1732250760944257244,"Sữa Tắm/Gel Tắm Pháp Le Petit Marseillais Chiết Xuất Thiên Nhiên 650ml - Sữa Tắm Lưu Hương Lành Tính - Dịu Nhẹ, An Toàn Cho Da","Hương Xoài & Chanh Dây, Standard",1732250801268951260,ST68823,395000,545267,VND,1,Không áp dụng thanh toán khi giao hàng,Đang xử lý,anhlorenhehehe,Video,7493531443268717842,fixed commission,,,,8,395000,31600,,,,,,,,0,0,27/06/2026 19:33:33,27/06/2026 19:33:36,27/06/2026 19:33:37,,,,TTS,Open/Target Collaboration
584737011047564936,1735910664928920796,Combo 2 Sữa Tắm Nam Le Petit Marseillais 4in1 Cho Tóc Mặt Râu Toàn Thân 250ml,"Gỗ Tuyết Tùng Và Dương Xỉ, Gỗ Tuyết Tùng Và Dương Xỉ",1735912571877950684,ST01172 x 2,313740,585100,VND,1,Thanh toán khi giao hàng,Đang xử lý,lepetitmarseillaisvn,Phát trực tiếp,7656044579443002119,fixed commission,,,,,313740,,,,,,,,,0,0,27/06/2026 20:19:18,,27/06/2026 20:19:19,,,,TTS,Open/Target Collaboration
584737256772502899,1731317167366243548,[Quà tặng không bán] Bông Tắm Tạo Bọt Mềm Mịn,Mặc định,1731317148230255836,BONG TAM HQ,0,11905,VND,1,Thanh toán khi giao hàng,Đã hủy,lepetitmarseillaisvn,Phát trực tiếp,7653842966753118994,fixed commission,,,,,0,,,,,,,,,0,0,27/06/2026 20:38:21,,27/06/2026 20:38:23,,,,TTS,Open/Target Collaboration
584737256772502899,1731895040715622620,"Sữa Dưỡng Thể Le Petit Marseillais Với Chiết Xuất Bơ Hạt Mỡ, Hạnh Nhân Ngọt & Dầu Argan 300ml Dạng Hũ",Mặc định,1731895040715688156,DT02684,446600,767286,VND,1,Thanh toán khi giao hàng,Đã hủy,lepetitmarseillaisvn,Phát trực tiếp,7656044579443002119,fixed commission,,,,,446600,,,,,,,,,0,0,27/06/2026 20:38:21,,27/06/2026 20:38:23,,,,TTS,Open/Target Collaboration
584737256772502899,1732250760944257244,"Sữa Tắm/Gel Tắm Pháp Le Petit Marseillais Chiết Xuất Thiên Nhiên 650ml - Sữa Tắm Lưu Hương Lành Tính - Dịu Nhẹ, An Toàn Cho Da","Hương Chanh & Bưởi Hồng, Standard",1732250801268820188,ST01868,304150,542809,VND,1,Thanh toán khi giao hàng,Đã hủy,lepetitmarseillaisvn,Phát trực tiếp,7656044579443002119,fixed commission,,,,,304150,,,,,,,,,0,0,27/06/2026 20:38:21,,27/06/2026 20:38:23,,,,TTS,Open/Target Collaboration
584738545496392723,1732250760944257244,"Sữa Tắm/Gel Tắm Pháp Le Petit Marseillais Chiết Xuất Thiên Nhiên 650ml - Sữa Tắm Lưu Hương Lành Tính - Dịu Nhẹ, An Toàn Cho Da","Thông & Bạch Đàn Biển, Standard",1732250801268689116,ST01902,385000,547400,VND,1,Không áp dụng thanh toán khi giao hàng,Đã hủy,mevyan,Video,7655720208107244820,fixed commission,,,,8,385000,30800,,,,,,,,0,0,27/06/2026 21:58:33,27/06/2026 21:58:38,27/06/2026 21:58:39,,,,TTS,Open/Target Collaboration
584739535697183763,1732251815880067292,"Sữa Tắm Pháp Le Petit Marseillais Cho Nam Chiết Xuất Thiên Nhiên 4in1 Nhiều Mùi Hương Dưỡng Ẩm, Thơm Lâu - Phù Hợp Mọi Loại Da (250ml)","Hương Gỗ Tuyết Tùng & Dương Xỉ, Standard",1732251749141219548,ST01172,205000,289750,VND,1,Không áp dụng thanh toán khi giao hàng,Đang xử lý,emberiviu1,Video,7654239528814775572,fixed commission,,,,,205000,,,,3,6150,,,,0,0,27/06/2026 23:05:29,27/06/2026 23:05:35,27/06/2026 23:05:36,,,,TTS,Open/Target Collaboration
584739593413232471,1732251815880067292,"Sữa Tắm Pháp Le Petit Marseillais Cho Nam Chiết Xuất Thiên Nhiên 4in1 Nhiều Mùi Hương Dưỡng Ẩm, Thơm Lâu - Phù Hợp Mọi Loại Da (250ml)","Hương Cam & Tinh Dầu Argan, Standard",1732251749141022940,ST01431,166050,279900,VND,1,Không áp dụng thanh toán khi giao hàng,Đang xử lý,man.trung.737,Video,7595064670482877717,fixed commission,,,,8,166050,13284,,,,,,,,0,0,27/06/2026 23:07:50,27/06/2026 23:08:45,27/06/2026 23:08:46,,,,TTS,Open/Target Collaboration
584742941321430682,1732250760944257244,"Sữa Tắm/Gel Tắm Pháp Le Petit Marseillais Chiết Xuất Thiên Nhiên 650ml - Sữa Tắm Lưu Hương Lành Tính - Dịu Nhẹ, An Toàn Cho Da","Thông & Bạch Đàn Biển, Standard",1732250801268689116,ST01902,323900,541667,VND,1,Thanh toán khi giao hàng,Đang xử lý,mevyan,Video,7652726555206061333,fixed commission,0,0,0,8,323900,25912,,,,,,,,0,0,28/06/2026 08:13:36,,28/06/2026 08:13:37,,,,TTS,Open/Target Collaboration
584743375051851370,1732251815880067292,"Sữa Tắm Pháp Le Petit Marseillais Cho Nam Chiết Xuất Thiên Nhiên 4in1 Nhiều Mùi Hương Dưỡng Ẩm, Thơm Lâu - Phù Hợp Mọi Loại Da (250ml)","Hương Gỗ Tuyết Tùng & Dương Xỉ, Standard",1732251749141219548,ST01172,205000,286850,VND,1,Thanh toán khi giao hàng,Đang xử lý,huankosai,Video,7569974511534198023,fixed commission,0,0,0,8,205000,16400,,,,,,,,0,0,28/06/2026 08:52:46,,28/06/2026 08:52:48,,,,TTS,Open/Target Collaboration
584744453185635958,1732251815880067292,"Sữa Tắm Pháp Le Petit Marseillais Cho Nam Chiết Xuất Thiên Nhiên 4in1 Nhiều Mùi Hương Dưỡng Ẩm, Thơm Lâu - Phù Hợp Mọi Loại Da (250ml)","Hương Gỗ Tuyết Tùng & Dương Xỉ, Standard",1732251749141219548,ST01172,174250,289550,VND,1,Thanh toán khi giao hàng,Đang xử lý,ahau.phuongthao,Video,7654094102811659528,fixed commission,0,0,0,12,174250,20910,,,,,,,,0,0,28/06/2026 10:08:39,,28/06/2026 10:08:41,,,,TTS,Open/Target Collaboration
584745154078410324,1732250760944257244,"Sữa Tắm/Gel Tắm Pháp Le Petit Marseillais Chiết Xuất Thiên Nhiên 650ml - Sữa Tắm Lưu Hương Lành Tính - Dịu Nhẹ, An Toàn Cho Da","Hương Xoài & Chanh Dây, Standard",1732250801268951260,ST68823,395000,545267,VND,1,Thanh toán khi giao hàng,Đang xử lý,haiidaynek,Video,7539959281786195207,fixed commission,0,0,0,8,395000,31600,,,,,,,,0,0,28/06/2026 10:55:53,,28/06/2026 10:55:54,,,,TTS,Open/Target Collaboration
584745332162725537,1731893266195122396,"Gel Tắm Pháp Le Petit Marseillais Đào Trắng & Quả Xuân Đào Hữu Cơ Dưỡng Ẩm, Thơm Lâu - Phù Hợp Mọi Loại Da(250ml)","Đào Trắng & Quả Xuân Đào, Standard",1731893266195843292,ST01240,180400,286850,VND,1,Không áp dụng thanh toán khi giao hàng,Đang xử lý,involveasiavn01,Chương trình Lưu lượng truy cập bên ngoài,,fixed commission,,,,4,180400,7216,,,,,,,,0,0,28/06/2026 11:07:01,28/06/2026 11:07:02,28/06/2026 11:07:03,,,,TTS,Open/Target Collaboration
584745728268469902,1733398589084042460,Sữa Tắm Nam Thơm Lâu 4 in 1 Thiên Nhiên Le Petit Marseillais Chiết Xuất Thông Biển & Bạch Đàn 250ml 1356,Mặc định,1733398673842472156,ST01356,210000,290400,VND,1,Thanh toán khi giao hàng,Đang xử lý,ngocdiepcute2102,Chương trình Lưu lượng truy cập bên ngoài,,fixed commission,0,0,0,4,210000,8400,,,,,,,,0,0,28/06/2026 11:37:11,,28/06/2026 11:37:14,,,,TTS,Open/Target Collaboration
584746606230734352,1732252961260865756,"Dầu Gội Thiên Nhiên Le Petit Marseillais Nhiều Mùi Hương 250ml Dưỡng Ẩm, Thơm Lâu - Phù Hợp Mọi Loại Da",Trị Gàu 2 In 1 Tinh Dầu Bạc Hà,1732252943759018204,DG74042,270000,357000,VND,1,Thanh toán khi giao hàng,Đang xử lý,tuyetcookies,Video,7561391524253109512,fixed commission,0,0,0,,270000,,,,3,8100,,,,0,0,28/06/2026 12:32:01,,28/06/2026 12:32:03,,,,TTS,Open/Target Collaboration
584746792944961469,1732250760944257244,"Sữa Tắm/Gel Tắm Pháp Le Petit Marseillais Chiết Xuất Thiên Nhiên 650ml - Sữa Tắm Lưu Hương Lành Tính - Dịu Nhẹ, An Toàn Cho Da","Thông & Bạch Đàn Biển, Standard",1732250801268689116,ST01902,395000,530400,VND,1,Thanh toán khi giao hàng,Đang xử lý,thaocanview,Video,7639362324603686164,fixed commission,0,0,0,8,395000,31600,,,,,,,,0,0,28/06/2026 12:42:12,,28/06/2026 12:42:14,,,,TTS,Open/Target Collaboration
584747354999916269,1731317167366243548,[Quà tặng không bán] Bông Tắm Tạo Bọt Mềm Mịn,Mặc định,1731317148230255836,BONG TAM HQ,0,13133,VND,1,Thanh toán khi giao hàng,Đã hủy,lepetitmarseillaisvn,Phát trực tiếp,7656044579443002119,fixed commission,,,,,0,,,,,,,,,0,0,28/06/2026 13:16:25,,28/06/2026 13:16:27,,,,TTS,Open/Target Collaboration
584747354999916269,1732250760944257244,"Sữa Tắm/Gel Tắm Pháp Le Petit Marseillais Chiết Xuất Thiên Nhiên 650ml - Sữa Tắm Lưu Hương Lành Tính - Dịu Nhẹ, An Toàn Cho Da","Thông & Bạch Đàn Biển, Standard",1732250801268689116,ST01902,340000,545267,VND,1,Thanh toán khi giao hàng,Đã hủy,lepetitmarseillaisvn,Phát trực tiếp,7656044579443002119,fixed commission,,,,,340000,,,,,,,,,0,0,28/06/2026 13:16:25,,28/06/2026 13:16:27,,,,TTS,Open/Target Collaboration
584747464217822957,1731317167366243548,[Quà tặng không bán] Bông Tắm Tạo Bọt Mềm Mịn,Mặc định,1731317148230255836,BONG TAM HQ,0,13133,VND,1,Thanh toán khi giao hàng,Đang xử lý,lepetitmarseillaisvn,Phát trực tiếp,7656044579443002119,fixed commission,,,,,0,,,,,,,,,0,0,28/06/2026 13:22:59,,28/06/2026 13:23:00,,,,TTS,Open/Target Collaboration
584747464217822957,1732250760944257244,"Sữa Tắm/Gel Tắm Pháp Le Petit Marseillais Chiết Xuất Thiên Nhiên 650ml - Sữa Tắm Lưu Hương Lành Tính - Dịu Nhẹ, An Toàn Cho Da","Thông & Bạch Đàn Biển, Standard",1732250801268689116,ST01902,328000,545267,VND,1,Thanh toán khi giao hàng,Đang xử lý,lepetitmarseillaisvn,Phát trực tiếp,7656044579443002119,fixed commission,,,,,328000,,,,,,,,,0,0,28/06/2026 13:22:59,,28/06/2026 13:23:00,,,,TTS,Open/Target Collaboration
584747813748048974,1732252961260865756,"Dầu Gội Thiên Nhiên Le Petit Marseillais Nhiều Mùi Hương 250ml Dưỡng Ẩm, Thơm Lâu - Phù Hợp Mọi Loại Da",Phục Hồi Chuyên Sâu Dầu Jojoba,1732252943759083740,DG60650,270000,380200,VND,1,Thanh toán khi giao hàng,Đang xử lý,tuyetcookies,Video,7561391524253109512,fixed commission,0,0,0,,270000,,,,3,8100,,,,0,0,28/06/2026 13:49:35,,28/06/2026 13:49:36,,,,TTS,Open/Target Collaboration
584750275090154722,1732250928810920156,"Sữa Tắm/Gel Tắm Pháp Le Petit Marseillais Thiên Nhiên 250ml - Sữa Tắm Lưu Hương Lành Tính - Dịu Nhẹ, An Toàn Cho Da","Quả Mâm Xôi & Hoa Mẫu Đơn, Standard",1732250914985052380,ST48441,171000,282450,VND,1,Thanh toán khi giao hàng,Đang xử lý,ahau.phuongthao,Video,7654094102811659528,fixed commission,0,0,0,12,171000,20520,,,,,,,,0,0,28/06/2026 16:39:01,,28/06/2026 16:39:03,,,,TTS,Open/Target Collaboration
584750919497385923,1734496604995683548,Xà Phòng Le Petit Marseillais Chính Hãng Bánh Xà Phòng Tắm Thiên Nhiên (Ngẫu nhiên)  1 Bánh,Mặc định,1734496577198523612,1 BÁNH-XP,75000,115000,VND,1,Thanh toán khi giao hàng,Đang xử lý,mythi_fr,Video,7633023072626429204,fixed commission,0,0,0,6,75000,4500,,,,,,,,0,0,28/06/2026 17:24:50,,28/06/2026 17:24:51,,,,TTS,Open/Target Collaboration
584751342590134042,1732250760944257244,"Sữa Tắm/Gel Tắm Pháp Le Petit Marseillais Chiết Xuất Thiên Nhiên 650ml - Sữa Tắm Lưu Hương Lành Tính - Dịu Nhẹ, An Toàn Cho Da","Thông & Bạch Đàn Biển, Standard",1732250801268689116,ST01902,335750,530400,VND,1,Thanh toán khi giao hàng,Đang xử lý,ha_thubay,Video,7599664598626618642,fixed commission,0,0,0,,335750,,,,3,10073,,,,0,0,28/06/2026 17:50:59,,28/06/2026 17:51:01,,,,TTS,Open/Target Collaboration
584752240637609094,1731317167366243548,[Quà tặng không bán] Bông Tắm Tạo Bọt Mềm Mịn,Mặc định,1731317148230255836,BONG TAM HQ,0,7900,VND,1,Thanh toán khi giao hàng,Đang xử lý,lepetitmarseillaisvn,Phát trực tiếp,7648127601848011528,fixed commission,,,,,0,,,,,,,,,0,0,28/06/2026 18:52:44,,28/06/2026 18:52:45,,,,TTS,Open/Target Collaboration
584752240637609094,1732251815880067292,"Sữa Tắm Pháp Le Petit Marseillais Cho Nam Chiết Xuất Thiên Nhiên 4in1 Nhiều Mùi Hương Dưỡng Ẩm, Thơm Lâu - Phù Hợp Mọi Loại Da (250ml)","Hương Gỗ Tuyết Tùng & Dương Xỉ, Standard",1732251749141219548,ST01172,194750,279900,VND,1,Thanh toán khi giao hàng,Đang xử lý,huankosai,Video,7569974511534198023,fixed commission,0,0,0,8,194750,15580,,,,,,,,0,0,28/06/2026 18:52:44,,28/06/2026 18:52:45,,,,TTS,Open/Target Collaboration
584752605595993176,1732251815880067292,"Sữa Tắm Pháp Le Petit Marseillais Cho Nam Chiết Xuất Thiên Nhiên 4in1 Nhiều Mùi Hương Dưỡng Ẩm, Thơm Lâu - Phù Hợp Mọi Loại Da (250ml)","Hương Gỗ Tuyết Tùng & Dương Xỉ, Standard",1732251749141219548,ST01172,205000,289550,VND,1,Thanh toán khi giao hàng,Đang xử lý,congai.gossip,Chương trình Lưu lượng truy cập bên ngoài,,fixed commission,0,0,0,4,205000,8200,,,,,,,,0,0,28/06/2026 19:18:07,,28/06/2026 19:18:08,,,,TTS,Open/Target Collaboration
584753461873510349,1731317167366243548,[Quà tặng không bán] Bông Tắm Tạo Bọt Mềm Mịn,Mặc định,1731317148230255836,BONG TAM HQ,0,3640,VND,1,Không áp dụng thanh toán khi giao hàng,Đang xử lý,lepetitmarseillaisvn,Phát trực tiếp,7656416732160674578,fixed commission,,,,,0,,,,,,,,,0,0,28/06/2026 20:04:50,28/06/2026 20:04:51,28/06/2026 20:04:53,,,,TTS,Open/Target Collaboration
584753461873510349,1732250760944257244,"Sữa Tắm/Gel Tắm Pháp Le Petit Marseillais Chiết Xuất Thiên Nhiên 650ml - Sữa Tắm Lưu Hương Lành Tính - Dịu Nhẹ, An Toàn Cho Da","Hương Chanh & Bưởi Hồng, Standard",1732250801268820188,ST01868,319950,526280,VND,1,Không áp dụng thanh toán khi giao hàng,Đang xử lý,lepetitmarseillaisvn,Phát trực tiếp,7656416732160674578,fixed commission,,,,,319950,,,,,,,,,0,0,28/06/2026 20:04:50,28/06/2026 20:04:51,28/06/2026 20:04:53,,,,TTS,Open/Target Collaboration
584753461873510349,1732250760944257244,"Sữa Tắm/Gel Tắm Pháp Le Petit Marseillais Chiết Xuất Thiên Nhiên 650ml - Sữa Tắm Lưu Hương Lành Tính - Dịu Nhẹ, An Toàn Cho Da","Hoa Tiare, Standard",1732250801268885724,ST68816,319950,526280,VND,1,Không áp dụng thanh toán khi giao hàng,Đang xử lý,lepetitmarseillaisvn,Phát trực tiếp,7656416732160674578,fixed commission,,,,,319950,,,,,,,,,0,0,28/06/2026 20:04:50,28/06/2026 20:04:51,28/06/2026 20:04:53,,,,TTS,Open/Target Collaboration
584753533090498148,1734496604995683548,Xà Phòng Le Petit Marseillais Chính Hãng Bánh Xà Phòng Tắm Thiên Nhiên (Ngẫu nhiên)  1 Bánh,Mặc định,1734496577198523612,1 BÁNH-XP,0,4243,VND,1,Thanh toán khi giao hàng,Đang xử lý,lepetitmarseillaisvn,Phát trực tiếp,7656416732160674578,fixed commission,,,,,0,,,,,,,,,0,0,28/06/2026 20:10:57,,28/06/2026 20:10:59,,,,TTS,Open/Target Collaboration
584753533090498148,1735910664928920796,Combo 2 Sữa Tắm Nam Le Petit Marseillais 4in1 Cho Tóc Mặt Râu Toàn Thân 250ml,"Gỗ Cam & Dầu Argan , Gỗ Tuyết Tùng Và Dương Xỉ",1735912571878278364,ST01431 + ST01172,309960,575457,VND,1,Thanh toán khi giao hàng,Đang xử lý,lepetitmarseillaisvn,Phát trực tiếp,7656416732160674578,fixed commission,,,,,309960,,,,,,,,,0,0,28/06/2026 20:10:57,,28/06/2026 20:10:59,,,,TTS,Open/Target Collaboration
584753495167567077,1732250760944257244,"Sữa Tắm/Gel Tắm Pháp Le Petit Marseillais Chiết Xuất Thiên Nhiên 650ml - Sữa Tắm Lưu Hương Lành Tính - Dịu Nhẹ, An Toàn Cho Da","Hương Xoài & Chanh Dây, Standard",1732250801268951260,ST68823,360000,533733,VND,1,Thanh toán khi giao hàng,Đang xử lý,lepetitmarseillaisvn,Phát trực tiếp,7656416732160674578,fixed commission,,,,,360000,,,,,,,,,0,0,28/06/2026 20:11:46,,28/06/2026 20:11:47,,,,TTS,Open/Target Collaboration
584753495167567077,1731317167366243548,[Quà tặng không bán] Bông Tắm Tạo Bọt Mềm Mịn,Mặc định,1731317148230255836,BONG TAM HQ,0,7367,VND,1,Thanh toán khi giao hàng,Đang xử lý,lepetitmarseillaisvn,Phát trực tiếp,7656416732160674578,fixed commission,,,,,0,,,,,,,,,0,0,28/06/2026 20:11:46,,28/06/2026 20:11:47,,,,TTS,Open/Target Collaboration
584753731602580855,1731317167366243548,[Quà tặng không bán] Bông Tắm Tạo Bọt Mềm Mịn,Mặc định,1731317148230255836,BONG TAM HQ,0,10450,VND,1,Thanh toán khi giao hàng,Đã hủy,lepetitmarseillaisvn,Phát trực tiếp,7656416732160674578,fixed commission,,,,,0,,,,,,,,,0,0,28/06/2026 20:23:18,,28/06/2026 20:23:19,,,,TTS,Open/Target Collaboration
584753731602580855,1732251815880067292,"Sữa Tắm Pháp Le Petit Marseillais Cho Nam Chiết Xuất Thiên Nhiên 4in1 Nhiều Mùi Hương Dưỡng Ẩm, Thơm Lâu - Phù Hợp Mọi Loại Da (250ml)","Hương Gỗ Tuyết Tùng & Dương Xỉ, Standard",1732251749141219548,ST01172,174250,282450,VND,1,Thanh toán khi giao hàng,Đã hủy,lepetitmarseillaisvn,Phát trực tiếp,7656416732160674578,fixed commission,,,,,174250,,,,,,,,,0,0,28/06/2026 20:23:18,,28/06/2026 20:23:19,,,,TTS,Open/Target Collaboration
584754078990763829,1731317167366243548,[Quà tặng không bán] Bông Tắm Tạo Bọt Mềm Mịn,Mặc định,1731317148230255836,BONG TAM HQ,0,10450,VND,1,Thanh toán khi giao hàng,Đang xử lý,lepetitmarseillaisvn,Phát trực tiếp,7656416732160674578,fixed commission,,,,,0,,,,,,,,,0,0,28/06/2026 20:42:58,,28/06/2026 20:43:02,,,,TTS,Open/Target Collaboration
584754078990763829,1732251815880067292,"Sữa Tắm Pháp Le Petit Marseillais Cho Nam Chiết Xuất Thiên Nhiên 4in1 Nhiều Mùi Hương Dưỡng Ẩm, Thơm Lâu - Phù Hợp Mọi Loại Da (250ml)","Hương Gỗ Tuyết Tùng & Dương Xỉ, Standard",1732251749141219548,ST01172,176300,282450,VND,1,Thanh toán khi giao hàng,Đang xử lý,lepetitmarseillaisvn,Phát trực tiếp,7656416732160674578,fixed commission,,,,,176300,,,,,,,,,0,0,28/06/2026 20:42:58,,28/06/2026 20:43:02,,,,TTS,Open/Target Collaboration
584754479552169608,1732250760944257244,"Sữa Tắm/Gel Tắm Pháp Le Petit Marseillais Chiết Xuất Thiên Nhiên 650ml - Sữa Tắm Lưu Hương Lành Tính - Dịu Nhẹ, An Toàn Cho Da","Thông & Bạch Đàn Biển, Standard",1732250801268689116,ST01902,395000,545267,VND,1,Thanh toán khi giao hàng,Đang xử lý,thaocanview,Video,7637538562224721172,fixed commission,0,0,0,,395000,,,,3,11850,,,,0,0,28/06/2026 21:03:30,,28/06/2026 21:03:32,,,,TTS,Open/Target Collaboration
584754525013968237,1732252961260865756,"Dầu Gội Thiên Nhiên Le Petit Marseillais Nhiều Mùi Hương 250ml Dưỡng Ẩm, Thơm Lâu - Phù Hợp Mọi Loại Da",Trị Gàu 2 In 1 Tinh Dầu Bạc Hà,1732252943759018204,DG74042,270000,360450,VND,1,Không áp dụng thanh toán khi giao hàng,Đang xử lý,tuyetcookies,Video,7561391524253109512,fixed commission,,,,,270000,,,,3,8100,,,,0,0,28/06/2026 21:07:30,28/06/2026 21:07:41,28/06/2026 21:07:42,,,,TTS,Open/Target Collaboration
584754525013968237,1732252961260865756,"Dầu Gội Thiên Nhiên Le Petit Marseillais Nhiều Mùi Hương 250ml Dưỡng Ẩm, Thơm Lâu - Phù Hợp Mọi Loại Da",Tinh Dầu Chanh Vàng Hữu Cơ,1735769515978818780,DG74035,270000,360450,VND,1,Không áp dụng thanh toán khi giao hàng,Đang xử lý,tuyetcookies,Video,7561391524253109512,fixed commission,,,,,270000,,,,3,8100,,,,0,0,28/06/2026 21:07:30,28/06/2026 21:07:41,28/06/2026 21:07:42,,,,TTS,Open/Target Collaboration
584754743988357040,1732250928810920156,"Sữa Tắm/Gel Tắm Pháp Le Petit Marseillais Thiên Nhiên 250ml - Sữa Tắm Lưu Hương Lành Tính - Dịu Nhẹ, An Toàn Cho Da","Vani, Standard",1732250914985183452,ST00526,189000,282450,VND,1,Không áp dụng thanh toán khi giao hàng,Đang xử lý,iflytek02,Chương trình Lưu lượng truy cập bên ngoài,,fixed commission,,,,4,189000,7560,,,,,,,,0,0,28/06/2026 21:19:45,28/06/2026 21:21:01,28/06/2026 21:21:01,,,,TTS,Open/Target Collaboration
584754774368093663,1731317167366243548,[Quà tặng không bán] Bông Tắm Tạo Bọt Mềm Mịn,Mặc định,1731317148230255836,BONG TAM HQ,0,5700,VND,1,Không áp dụng thanh toán khi giao hàng,Đang xử lý,lepetitmarseillaisvn,Phát trực tiếp,7656416732160674578,fixed commission,,,,,0,,,,,,,,,0,0,28/06/2026 21:24:35,28/06/2026 21:24:40,28/06/2026 21:24:42,,,,TTS,Open/Target Collaboration
584754774368093663,1732250760944257244,"Sữa Tắm/Gel Tắm Pháp Le Petit Marseillais Chiết Xuất Thiên Nhiên 650ml - Sữa Tắm Lưu Hương Lành Tính - Dịu Nhẹ, An Toàn Cho Da","Hương Chanh & Bưởi Hồng, Standard",1732250801268820188,ST01868,400000,530400,VND,1,Không áp dụng thanh toán khi giao hàng,Đang xử lý,lepetitmarseillaisvn,Phát trực tiếp,7656416732160674578,fixed commission,,,,,400000,,,,,,,,,0,0,28/06/2026 21:24:35,28/06/2026 21:24:40,28/06/2026 21:24:42,,,,TTS,Open/Target Collaboration
584757293792396476,1732251815880067292,"Sữa Tắm Pháp Le Petit Marseillais Cho Nam Chiết Xuất Thiên Nhiên 4in1 Nhiều Mùi Hương Dưỡng Ẩm, Thơm Lâu - Phù Hợp Mọi Loại Da (250ml)","Hương Gỗ Tuyết Tùng & Dương Xỉ, Standard",1732251749141219548,ST01172,194750,295800,VND,1,Thanh toán khi giao hàng,Đang xử lý,huankosai,Video,7569974511534198023,fixed commission,0,0,0,8,194750,15580,,,,,,,,0,0,29/06/2026 00:40:12,,29/06/2026 00:40:13,,,,TTS,Open/Target Collaboration
584757318743394287,1731317167366243548,[Quà tặng không bán] Bông Tắm Tạo Bọt Mềm Mịn,Mặc định,1731317148230255836,BONG TAM HQ,0,17550,VND,1,Thanh toán khi giao hàng,Đang xử lý,lepetitmarseillaisvn,Phát trực tiếp,7656416732160674578,fixed commission,,,,,0,,,,,,,,,0,0,29/06/2026 00:49:09,,29/06/2026 00:49:10,,,,TTS,Open/Target Collaboration
584757318743394287,1732251815880067292,"Sữa Tắm Pháp Le Petit Marseillais Cho Nam Chiết Xuất Thiên Nhiên 4in1 Nhiều Mùi Hương Dưỡng Ẩm, Thơm Lâu - Phù Hợp Mọi Loại Da (250ml)","Hương Gỗ Tuyết Tùng & Dương Xỉ, Standard",1732251749141219548,ST01172,160650,289550,VND,1,Thanh toán khi giao hàng,Đang xử lý,duongmanhkien19,Video,7578474458705382676,fixed commission,0,0,0,,160650,,,,3,4820,,,,0,0,29/06/2026 00:49:09,,29/06/2026 00:49:10,,,,TTS,Open/Target Collaboration
584758401142130549,1732251815880067292,"Sữa Tắm Pháp Le Petit Marseillais Cho Nam Chiết Xuất Thiên Nhiên 4in1 Nhiều Mùi Hương Dưỡng Ẩm, Thơm Lâu - Phù Hợp Mọi Loại Da (250ml)","Hương Gỗ Tuyết Tùng & Dương Xỉ, Standard",1732251749141219548,ST01172,205000,286850,VND,1,Thanh toán khi giao hàng,Đang xử lý,duongmanhkien19,Video,7578474458705382676,fixed commission,0,0,0,,205000,,,,3,6150,,,,0,0,29/06/2026 05:15:21,,29/06/2026 05:15:23,,,,TTS,Open/Target Collaboration
584759185509090959,1732250928810920156,"Sữa Tắm/Gel Tắm Pháp Le Petit Marseillais Thiên Nhiên 250ml - Sữa Tắm Lưu Hương Lành Tính - Dịu Nhẹ, An Toàn Cho Da","Quả Mâm Xôi & Hoa Mẫu Đơn, Standard",1732250914985052380,ST48441,158760,289550,VND,1,Thanh toán khi giao hàng,Đã hủy,ahau.phuongthao,Video,7654094102811659528,fixed commission,0,0,0,12,158760,19051,,,,,,,,0,0,29/06/2026 07:08:04,,29/06/2026 07:08:05,,,,TTS,Open/Target Collaboration
584759235623224975,1732250928810920156,"Sữa Tắm/Gel Tắm Pháp Le Petit Marseillais Thiên Nhiên 250ml - Sữa Tắm Lưu Hương Lành Tính - Dịu Nhẹ, An Toàn Cho Da","Quả Mâm Xôi & Hoa Mẫu Đơn, Standard",1732250914985052380,ST48441,158760,286850,VND,1,Thanh toán khi giao hàng,Đã hủy,ahau.phuongthao,Video,7654094102811659528,fixed commission,0,0,0,12,158760,19051,,,,,,,,0,0,29/06/2026 07:12:38,,29/06/2026 07:12:40,,,,TTS,Open/Target Collaboration
584759306944939667,1734496604995683548,Xà Phòng Le Petit Marseillais Chính Hãng Bánh Xà Phòng Tắm Thiên Nhiên (Ngẫu nhiên)  1 Bánh,Mặc định,1734496577198523612,1 BÁNH-XP,75000,163100,VND,2,Thanh toán khi giao hàng,Đang xử lý,onggiatichcuc79,Video,7650717585427795218,fixed commission,0,0,0,6,150000,9000,,,,,,,,0,0,29/06/2026 07:18:19,,29/06/2026 07:18:20,,,,TTS,Open/Target Collaboration
584759869321414522,1732251815880067292,"Sữa Tắm Pháp Le Petit Marseillais Cho Nam Chiết Xuất Thiên Nhiên 4in1 Nhiều Mùi Hương Dưỡng Ẩm, Thơm Lâu - Phù Hợp Mọi Loại Da (250ml)","Hương Gỗ Tuyết Tùng & Dương Xỉ, Standard",1732251749141219548,ST01172,205000,295800,VND,1,Thanh toán khi giao hàng,Đang xử lý,duongmanhkien19,Video,7578474458705382676,fixed commission,0,0,0,,205000,,,,3,6150,,,,0,0,29/06/2026 08:15:30,,29/06/2026 08:15:32,,,,TTS,Open/Target Collaboration
584760246860679038,1732251815880067292,"Sữa Tắm Pháp Le Petit Marseillais Cho Nam Chiết Xuất Thiên Nhiên 4in1 Nhiều Mùi Hương Dưỡng Ẩm, Thơm Lâu - Phù Hợp Mọi Loại Da (250ml)","Hương Gỗ Tuyết Tùng & Dương Xỉ, Standard",1732251749141219548,ST01172,205000,282450,VND,1,Thanh toán khi giao hàng,Đang xử lý,man.trung.737,Video,7595064670482877717,fixed commission,0,0,0,,205000,,,,3,6150,,,,0,0,29/06/2026 08:46:37,,29/06/2026 08:46:39,,,,TTS,Open/Target Collaboration
584760356701504687,1732251815880067292,"Sữa Tắm Pháp Le Petit Marseillais Cho Nam Chiết Xuất Thiên Nhiên 4in1 Nhiều Mùi Hương Dưỡng Ẩm, Thơm Lâu - Phù Hợp Mọi Loại Da (250ml)","Hương Gỗ Tuyết Tùng & Dương Xỉ, Standard",1732251749141219548,ST01172,169626,279900,VND,1,Không áp dụng thanh toán khi giao hàng,Đã hủy,khoecungcang,Chương trình Lưu lượng truy cập bên ngoài,,fixed commission,,,,8,169626,13570,,,,,,,,0,0,29/06/2026 08:48:49,29/06/2026 08:48:55,29/06/2026 08:48:55,,,,TTS,Open/Target Collaboration
584760692238288208,1732250760944257244,"Sữa Tắm/Gel Tắm Pháp Le Petit Marseillais Chiết Xuất Thiên Nhiên 650ml - Sữa Tắm Lưu Hương Lành Tính - Dịu Nhẹ, An Toàn Cho Da","Đào Trắng & Quả Xuân Đào, Standard",1732250801269016796,ST01288,395000,533733,VND,1,Thanh toán khi giao hàng,Đang xử lý,taphoacoquyenls,Video,7655900551871270151,fixed commission,0,0,0,8,395000,31600,,,,,,,,0,0,29/06/2026 09:20:40,,29/06/2026 09:20:41,,,,TTS,Open/Target Collaboration
584760683692590416,1732252957247965404,"Dầu Gội Le Petit Marseillais Nhiều Mùi Hương 300ml Dưỡng Ẩm, Thơm Lâu - Phù Hợp Mọi Loại Da",Táo & Oliu,1732252922366494940,DG31372,420000,565900,VND,1,Thanh toán khi giao hàng,Đang xử lý,haiidaynek,Video,7548126556418264327,fixed commission,0,0,0,8,420000,33600,,,,,,,,0,0,29/06/2026 09:21:56,,29/06/2026 09:21:57,,,,TTS,Open/Target Collaboration
584761147200145202,1732251815880067292,"Sữa Tắm Pháp Le Petit Marseillais Cho Nam Chiết Xuất Thiên Nhiên 4in1 Nhiều Mùi Hương Dưỡng Ẩm, Thơm Lâu - Phù Hợp Mọi Loại Da (250ml)","Hương Thông & Bạch Đàn Biển, Standard",1732251749141154012,ST01356,205000,286850,VND,1,Thanh toán khi giao hàng,Đang xử lý,duongmanhkien19,Video,7578474458705382676,fixed commission,0,0,0,,205000,,,,3,6150,,,,0,0,29/06/2026 09:54:20,,29/06/2026 09:54:22,,,,TTS,Open/Target Collaboration
