ID đơn hàng,ID sản phẩm,Tên sản phẩm,Sku,Id Sku,Sku người bán,Giá,Payment Amount,Đơn vị tiền tệ,Số lượng,Phương thức thanh toán,Trạng thái đơn hàng,Tên người dùng nhà sáng tạo,Loại nội dung,Id nội dung,commission model,Tỷ lệ khấu trừ Thuế TNCN,Thuế TNCN ước tính,Thuế TNCN thực tế ,Tỷ lệ hoa hồng tiêu chuẩn,Cơ sở hoa hồng ước tính,Thanh toán hoa hồng tiêu chuẩn ước tính,Cơ sở hoa hồng thực tế,Thanh toán hoa hồng thực tế,Tỷ lệ hoa hồng Quảng cáo cửa hàng,Thanh toán hoa hồng Quảng cáo cửa hàng ước tính,Thanh toán hoa hồng Quảng cáo cửa hàng thực tế,Thưởng đồng chi trả cho nhà sáng tạo ước tính,Thưởng đồng chi trả cho nhà sáng tạo thực tế,Trả hàng & hoàn tiền,Hoàn tiền,Thời gian đã tạo,Thời gian thanh toán,Thời gian sẵn sàng vận chuyển,Order Delivery Time,Thời gian hoàn thành đơn hàng,Thời gian hoa hồng đã thanh toán,Platform,agreement_type
584707382364833606,1732251815880067292,"Sữa Tắm Pháp Le Petit Marseillais Cho Nam Chiết Xuất Thiên Nhiên 4in1 Nhiều Mùi Hương Dưỡng Ẩm, Thơm Lâu - Phù Hợp Mọi Loại Da (250ml)","Hương Cam & Tinh Dầu Argan, Standard",1732251749141022940,ST01431,205000,279900,VND,1,Thanh toán khi giao hàng,Đã hoàn thành,man.trung.737,Video,7595064670482877717,fixed commission,,,,,205000,,205000,,3,6150,,,,0,0,26/06/2026 00:03:07,27/06/2026 09:39:11,26/06/2026 00:03:08,27/06/2026 09:39:11,13/07/2026 03:19:43,28/06/2026 11:57:02,TTS,Open/Target Collaboration
584707865707119745,1732250928810920156,"Sữa Tắm/Gel Tắm Pháp Le Petit Marseillais Thiên Nhiên 250ml - Sữa Tắm Lưu Hương Lành Tính - Dịu Nhẹ, An Toàn Cho Da","Đào Trắng & Quả Xuân Đào, Standard",1732250914985380060,ST01240,160650,295800,VND,1,Thanh toán khi giao hàng,Đang xử lý,lona061195,Chương trình Lưu lượng truy cập bên ngoài,,fixed commission,,,,8,160650,12852,,,,,,,,0,0,26/06/2026 01:14:56,28/06/2026 15:08:56,26/06/2026 01:15:37,28/06/2026 15:08:56,,29/06/2026 08:34:24,TTS,Open/Target Collaboration
584709382218745210,1732250928810920156,"Sữa Tắm/Gel Tắm Pháp Le Petit Marseillais Thiên Nhiên 250ml - Sữa Tắm Lưu Hương Lành Tính - Dịu Nhẹ, An Toàn Cho Da","Quả Mâm Xôi & Hoa Mẫu Đơn, Standard",1732250914985052380,ST48441,189000,279900,VND,1,Thanh toán khi giao hàng,Đã hoàn thành,ahau.phuongthao,Video,7654094102811659528,fixed commission,,,,12,189000,22680,189000,22680,,,,,,0,0,26/06/2026 06:45:13,27/06/2026 09:47:55,26/06/2026 06:45:14,27/06/2026 09:47:55,13/07/2026 02:49:39,28/06/2026 11:41:13,TTS,Open/Target Collaboration
584709584675833707,1732250928810920156,"Sữa Tắm/Gel Tắm Pháp Le Petit Marseillais Thiên Nhiên 250ml - Sữa Tắm Lưu Hương Lành Tính - Dịu Nhẹ, An Toàn Cho Da","Quả Mâm Xôi & Hoa Mẫu Đơn, Standard",1732250914985052380,ST48441,189000,278300,VND,1,Thanh toán khi giao hàng,Đã hoàn thành,ahau.phuongthao,Video,7654094102811659528,fixed commission,,,,12,189000,22680,189000,22680,,,,,,0,0,26/06/2026 07:05:35,27/06/2026 11:56:29,26/06/2026 07:05:37,27/06/2026 11:56:29,13/07/2026 04:51:38,28/06/2026 12:22:49,TTS,Open/Target Collaboration
584709861465491440,1732250928810920156,"Sữa Tắm/Gel Tắm Pháp Le Petit Marseillais Thiên Nhiên 250ml - Sữa Tắm Lưu Hương Lành Tính - Dịu Nhẹ, An Toàn Cho Da","Quả Mâm Xôi & Hoa Mẫu Đơn, Standard",1732250914985052380,ST48441,189000,279900,VND,1,Thanh toán khi giao hàng,Đang xử lý,ahau.phuongthao,Video,7654094102811659528,fixed commission,,,,12,189000,22680,,,,,,,,0,0,26/06/2026 07:32:19,28/06/2026 12:52:49,26/06/2026 07:32:21,28/06/2026 12:52:49,,29/06/2026 08:17:05,TTS,Open/Target Collaboration
584710044846294678,1732250928810920156,"Sữa Tắm/Gel Tắm Pháp Le Petit Marseillais Thiên Nhiên 250ml - Sữa Tắm Lưu Hương Lành Tính - Dịu Nhẹ, An Toàn Cho Da","Hạnnh Nhân, Standard",1732250914985248988,ST00892,189000,279900,VND,1,Thanh toán khi giao hàng,Đã hoàn thành,ahau.phuongthao,Video,7654094102811659528,fixed commission,,,,12,189000,22680,189000,22680,,,,,,0,0,26/06/2026 07:54:43,27/06/2026 17:37:43,26/06/2026 07:54:44,27/06/2026 17:37:43,13/07/2026 02:01:18,28/06/2026 11:29:26,TTS,Open/Target Collaboration
584710333624911137,1732250928810920156,"Sữa Tắm/Gel Tắm Pháp Le Petit Marseillais Thiên Nhiên 250ml - Sữa Tắm Lưu Hương Lành Tính - Dịu Nhẹ, An Toàn Cho Da","Quả Mâm Xôi & Hoa Mẫu Đơn, Standard",1732250914985052380,ST48441,189000,289550,VND,1,Thanh toán khi giao hàng,Đang xử lý,ahau.phuongthao,Video,7654094102811659528,fixed commission,,,,12,189000,22680,,,,,,,,0,0,26/06/2026 08:22:14,28/06/2026 19:48:00,26/06/2026 08:22:16,28/06/2026 19:48:00,,29/06/2026 09:20:51,TTS,Open/Target Collaboration
584710834521343221,1732251815880067292,"Sữa Tắm Pháp Le Petit Marseillais Cho Nam Chiết Xuất Thiên Nhiên 4in1 Nhiều Mùi Hương Dưỡng Ẩm, Thơm Lâu - Phù Hợp Mọi Loại Da (250ml)","Hương Gỗ Tuyết Tùng & Dương Xỉ, Standard",1732251749141219548,ST01172,205000,289550,VND,1,Thanh toán khi giao hàng,Đã hoàn thành,duongmanhkien19,Video,7578474458705382676,fixed commission,,,,,205000,,205000,,3,6150,,,,0,0,26/06/2026 09:02:26,27/06/2026 10:12:08,26/06/2026 09:02:28,27/06/2026 10:12:08,13/07/2026 01:27:19,28/06/2026 09:09:36,TTS,Open/Target Collaboration
584710844998125008,1733205919089657052,Dầu Gội Trẻ Em 2in1 94% Thiên Nhiên Le Petit Marseillais Giúp Gỡ Rối Tóc Nhiều Mùi Hương 300ml,Quả đào & mơ 0435,1733205957881660636,DG90435,267300,464000,VND,1,Không áp dụng thanh toán khi giao hàng,Đã hoàn thành,lepetitmarseillaisvn,Video,7598046944103025941,fixed commission,,,,,267300,,267300,,,,,,,0,0,26/06/2026 09:02:51,26/06/2026 09:03:07,26/06/2026 09:03:08,27/06/2026 10:17:24,13/07/2026 00:36:46,,TTS,Open/Target Collaboration
584711134934762989,1735803452711142620,Dầu Xả Cấp Ẩm Le Petit Marseillais Nước Dừa Hữu Cơ 200ml,Mặc định,1735803348866008284,DX74752,0,6800,VND,1,Thanh toán khi giao hàng,Đã hoàn thành,adpia.official,Chương trình Lưu lượng truy cập bên ngoài,,fixed commission,,,,,0,,0,,,,,,,0,0,26/06/2026 09:24:53,27/06/2026 17:58:39,26/06/2026 09:24:55,27/06/2026 17:58:39,13/07/2026 03:09:04,28/06/2026 09:05:24,TTS,Open/Target Collaboration
584711134934762989,1732250760944257244,"Sữa Tắm/Gel Tắm Pháp Le Petit Marseillais Chiết Xuất Thiên Nhiên 650ml - Sữa Tắm Lưu Hương Lành Tính - Dịu Nhẹ, An Toàn Cho Da","Lá Oliu & Hoa Bồ Đề, Standard",1732250801268754652,ST01295,395000,546200,VND,1,Thanh toán khi giao hàng,Đã hoàn thành,mevyan,Video,7655198374534139156,fixed commission,,,,8,395000,31600,395000,31600,,,,,,0,0,26/06/2026 09:24:53,27/06/2026 17:58:39,26/06/2026 09:24:55,27/06/2026 17:58:39,13/07/2026 03:09:04,28/06/2026 09:05:24,TTS,Open/Target Collaboration
584712465029236088,1732250760944257244,"Sữa Tắm/Gel Tắm Pháp Le Petit Marseillais Chiết Xuất Thiên Nhiên 650ml - Sữa Tắm Lưu Hương Lành Tính - Dịu Nhẹ, An Toàn Cho Da","Thông & Bạch Đàn Biển, Standard",1732250801268689116,ST01902,335750,550520,VND,1,Thanh toán khi giao hàng,Đã hoàn thành,thaocanview,Video,7637538562224721172,fixed commission,,,,8,335750,26860,335750,26860,,,,,,0,0,26/06/2026 10:58:15,27/06/2026 21:29:27,26/06/2026 10:58:16,27/06/2026 21:29:27,13/07/2026 02:35:40,28/06/2026 08:30:43,TTS,Open/Target Collaboration
584712465029236088,1735803452711142620,Dầu Xả Cấp Ẩm Le Petit Marseillais Nước Dừa Hữu Cơ 200ml,Mặc định,1735803348866008284,DX74752,0,7880,VND,1,Thanh toán khi giao hàng,Đã hoàn thành,maxgiadung,Chương trình Lưu lượng truy cập bên ngoài,,fixed commission,,,,,0,,0,,,,,,,0,0,26/06/2026 10:58:15,27/06/2026 21:29:27,26/06/2026 10:58:16,27/06/2026 21:29:27,13/07/2026 02:35:40,28/06/2026 08:30:43,TTS,Open/Target Collaboration
584712909237486679,1732251815880067292,"Sữa Tắm Pháp Le Petit Marseillais Cho Nam Chiết Xuất Thiên Nhiên 4in1 Nhiều Mùi Hương Dưỡng Ẩm, Thơm Lâu - Phù Hợp Mọi Loại Da (250ml)","Hương Thông & Bạch Đàn Biển, Standard",1732251749141154012,ST01356,205000,279900,VND,1,Thanh toán khi giao hàng,Đã hủy,lepthelittlekid,Video,7594749644052204818,fixed commission,0,0,0,,205000,,,,5,10250,,,,0,0,26/06/2026 11:25:17,,26/06/2026 11:25:18,,,,TTS,Open/Target Collaboration
584713228556600371,1732251815880067292,"Sữa Tắm Pháp Le Petit Marseillais Cho Nam Chiết Xuất Thiên Nhiên 4in1 Nhiều Mùi Hương Dưỡng Ẩm, Thơm Lâu - Phù Hợp Mọi Loại Da (250ml)","Hương Gỗ Tuyết Tùng & Dương Xỉ, Standard",1732251749141219548,ST01172,140000,285279,VND,1,Thanh toán khi giao hàng,Đã hủy,duongmanhkien19,Video,7589190858113649928,fixed commission,0,0,0,,140000,,,,3,4200,,,,0,0,26/06/2026 11:48:12,,26/06/2026 11:48:13,,,,TTS,Open/Target Collaboration
584713518297417103,1736012338574165212,Combo 2 Sữa Tắm Nữ Pháp Le Petit Marseillais 250ml - Thiên Nhiên Dịu Nhẹ,"Quả Mâm Xôi Hữu Cơ & Hoa Mẫu Đơn, Xoài Hữu Cơ & Chanh Dây",1736013429862991068,ST48441+ST99622,283500,583543,VND,1,Thanh toán khi giao hàng,Đã hoàn thành,ahau.phuongthao,Video,7654565393536748818,fixed commission,,,,,283500,,283500,,2,5670,,,,0,0,26/06/2026 12:03:45,27/06/2026 17:30:32,26/06/2026 12:03:47,27/06/2026 17:30:32,13/07/2026 03:39:05,28/06/2026 12:49:21,TTS,Open/Target Collaboration
584713636480386842,1732251815880067292,"Sữa Tắm Pháp Le Petit Marseillais Cho Nam Chiết Xuất Thiên Nhiên 4in1 Nhiều Mùi Hương Dưỡng Ẩm, Thơm Lâu - Phù Hợp Mọi Loại Da (250ml)","Hương Gỗ Tuyết Tùng & Dương Xỉ, Standard",1732251749141219548,ST01172,174250,295800,VND,1,Thanh toán khi giao hàng,Đã hủy,duongmanhkien19,Video,7578474458705382676,fixed commission,0,0,0,8,174250,13940,,,,,,,,0,0,26/06/2026 12:14:21,,26/06/2026 12:14:22,,,,TTS,Open/Target Collaboration
584713866927965776,1732251815880067292,"Sữa Tắm Pháp Le Petit Marseillais Cho Nam Chiết Xuất Thiên Nhiên 4in1 Nhiều Mùi Hương Dưỡng Ẩm, Thơm Lâu - Phù Hợp Mọi Loại Da (250ml)","Hương Gỗ Tuyết Tùng & Dương Xỉ, Standard",1732251749141219548,ST01172,205000,282450,VND,1,Thanh toán khi giao hàng,Đã hoàn thành,tuancuong1901,Trưng bày,,fixed commission,,,,8,205000,16400,205000,16400,,,,,,0,0,26/06/2026 12:29:15,27/06/2026 12:10:11,26/06/2026 12:29:16,27/06/2026 12:10:11,13/07/2026 02:02:21,28/06/2026 07:04:08,TTS,Open/Target Collaboration
584714019311224699,1732251815880067292,"Sữa Tắm Pháp Le Petit Marseillais Cho Nam Chiết Xuất Thiên Nhiên 4in1 Nhiều Mùi Hương Dưỡng Ẩm, Thơm Lâu - Phù Hợp Mọi Loại Da (250ml)","Hương Gỗ Tuyết Tùng & Dương Xỉ, Standard",1732251749141219548,ST01172,205000,289550,VND,1,Thanh toán khi giao hàng,Đang xử lý,duongmanhkien19,Video,7578474458705382676,fixed commission,,,,,205000,,,,3,6150,,,,0,0,26/06/2026 12:36:45,29/06/2026 15:38:27,26/06/2026 12:36:46,29/06/2026 15:38:27,,30/06/2026 12:14:15,TTS,Open/Target Collaboration
584714169734431909,1732251815880067292,"Sữa Tắm Pháp Le Petit Marseillais Cho Nam Chiết Xuất Thiên Nhiên 4in1 Nhiều Mùi Hương Dưỡng Ẩm, Thơm Lâu - Phù Hợp Mọi Loại Da (250ml)","Hương Thông & Bạch Đàn Biển, Standard",1732251749141154012,ST01356,194750,286850,VND,1,Không áp dụng thanh toán khi giao hàng,Đã hoàn thành,gentlegrooming0,Video,7597291366036557076,fixed commission,,,,8,194750,15580,194750,15580,,,,,,0,0,26/06/2026 12:48:01,26/06/2026 12:48:05,26/06/2026 12:48:06,27/06/2026 18:27:41,13/07/2026 03:03:10,28/06/2026 10:08:53,TTS,Open/Target Collaboration
584714370638382143,1732250928810920156,"Sữa Tắm/Gel Tắm Pháp Le Petit Marseillais Thiên Nhiên 250ml - Sữa Tắm Lưu Hương Lành Tính - Dịu Nhẹ, An Toàn Cho Da","Quả Mâm Xôi & Hoa Mẫu Đơn, Standard",1732250914985052380,ST48441,160650,279900,VND,1,Thanh toán khi giao hàng,Đã hoàn thành,ahau.phuongthao,Video,7654565393536748818,fixed commission,,,,,160650,,160650,,2,3213,,,,0,0,26/06/2026 13:02:28,27/06/2026 19:51:54,26/06/2026 13:02:29,27/06/2026 19:51:54,13/07/2026 04:24:43,28/06/2026 12:36:34,TTS,Open/Target Collaboration
584714532435559516,1732251815880067292,"Sữa Tắm Pháp Le Petit Marseillais Cho Nam Chiết Xuất Thiên Nhiên 4in1 Nhiều Mùi Hương Dưỡng Ẩm, Thơm Lâu - Phù Hợp Mọi Loại Da (250ml)","Hương Gỗ Tuyết Tùng & Dương Xỉ, Standard",1732251749141219548,ST01172,205000,484893,VND,2,Thanh toán khi giao hàng,Đã hoàn thành,duongmanhkien19,Video,7578474458705382676,fixed commission,,,,,410000,,410000,,3,12300,,,,0,0,26/06/2026 13:10:28,27/06/2026 19:22:29,26/06/2026 13:10:29,27/06/2026 19:22:29,13/07/2026 04:43:19,28/06/2026 08:09:53,TTS,Open/Target Collaboration
584714596261070139,1732251815880067292,"Sữa Tắm Pháp Le Petit Marseillais Cho Nam Chiết Xuất Thiên Nhiên 4in1 Nhiều Mùi Hương Dưỡng Ẩm, Thơm Lâu - Phù Hợp Mọi Loại Da (250ml)","Hương Gỗ Tuyết Tùng & Dương Xỉ, Standard",1732251749141219548,ST01172,210000,282450,VND,1,Thanh toán khi giao hàng,Đã hoàn thành,duongmanhkien19,Video,7578474458705382676,fixed commission,,,,8,210000,16800,210000,16800,,,,,,0,0,26/06/2026 13:15:40,27/06/2026 21:25:41,26/06/2026 13:15:41,27/06/2026 21:25:41,13/07/2026 05:49:01,28/06/2026 11:56:10,TTS,Open/Target Collaboration
584715171201516790,1732251815880067292,"Sữa Tắm Pháp Le Petit Marseillais Cho Nam Chiết Xuất Thiên Nhiên 4in1 Nhiều Mùi Hương Dưỡng Ẩm, Thơm Lâu - Phù Hợp Mọi Loại Da (250ml)","Hương Cam & Tinh Dầu Argan, Standard",1732251749141022940,ST01431,210000,289550,VND,1,Thanh toán khi giao hàng,Đang xử lý,duongmanhkien19,Video,7578474458705382676,fixed commission,,,,,210000,,,,3,6300,,,,0,0,26/06/2026 13:58:35,28/06/2026 18:21:52,26/06/2026 13:58:37,28/06/2026 18:21:52,,29/06/2026 11:50:23,TTS,Open/Target Collaboration
584715178076243252,1732251815880067292,"Sữa Tắm Pháp Le Petit Marseillais Cho Nam Chiết Xuất Thiên Nhiên 4in1 Nhiều Mùi Hương Dưỡng Ẩm, Thơm Lâu - Phù Hợp Mọi Loại Da (250ml)","Hương Thông & Bạch Đàn Biển, Standard",1732251749141154012,ST01356,210000,279900,VND,1,Thanh toán khi giao hàng,Đang xử lý,lepthelittlekid,Video,7594749644052204818,fixed commission,,,,,210000,,,,5,10500,,,,0,0,26/06/2026 14:02:19,28/06/2026 18:54:14,26/06/2026 14:02:20,28/06/2026 18:54:14,,29/06/2026 07:36:16,TTS,Open/Target Collaboration
584715859185206326,1734496604995683548,Xà Phòng Le Petit Marseillais Chính Hãng Bánh Xà Phòng Tắm Thiên Nhiên (Ngẫu nhiên)  1 Bánh,Mặc định,1734496577198523612,1 BÁNH-XP,75000,101200,VND,1,Không áp dụng thanh toán khi giao hàng,Đã hoàn thành,mythi_fr,Video,7651702051721760020,fixed commission,,,,6,75000,4500,75000,4500,,,,,,0,0,26/06/2026 14:47:51,26/06/2026 14:47:52,26/06/2026 14:47:53,27/06/2026 09:25:29,13/07/2026 04:55:20,28/06/2026 11:36:37,TTS,Open/Target Collaboration
584716282590561564,1732251815880067292,"Sữa Tắm Pháp Le Petit Marseillais Cho Nam Chiết Xuất Thiên Nhiên 4in1 Nhiều Mùi Hương Dưỡng Ẩm, Thơm Lâu - Phù Hợp Mọi Loại Da (250ml)","Hương Gỗ Tuyết Tùng & Dương Xỉ, Standard",1732251749141219548,ST01172,210000,279900,VND,1,Thanh toán khi giao hàng,Đã hoàn thành,duongmanhkien19,Video,7578474458705382676,fixed commission,,,,,210000,,210000,,3,6300,,,,0,0,26/06/2026 15:21:49,27/06/2026 10:48:53,26/06/2026 15:21:50,27/06/2026 10:48:53,13/07/2026 01:22:29,28/06/2026 08:10:14,TTS,Open/Target Collaboration
584716406367094148,1732250928810920156,"Sữa Tắm/Gel Tắm Pháp Le Petit Marseillais Thiên Nhiên 250ml - Sữa Tắm Lưu Hương Lành Tính - Dịu Nhẹ, An Toàn Cho Da","Vani, Standard",1732250914985183452,ST00526,160450,282550,VND,1,Thanh toán khi giao hàng,Đã hoàn thành,ahau.phuongthao,Video,7654094102811659528,fixed commission,,,,12,160450,19254,160450,19254,,,,,,0,0,26/06/2026 15:25:02,27/06/2026 15:02:49,26/06/2026 15:25:04,27/06/2026 15:02:49,13/07/2026 01:46:51,28/06/2026 07:31:53,TTS,Open/Target Collaboration
584717068690490979,1735803452711142620,Dầu Xả Cấp Ẩm Le Petit Marseillais Nước Dừa Hữu Cơ 200ml,Mặc định,1735803348866008284,DX74752,0,3420,VND,1,Không áp dụng thanh toán khi giao hàng,Đang xử lý,lepetitmarseillaisvn,Phát trực tiếp,7654933381641964295,fixed commission,,,,,0,,,,,,,,,0,0,26/06/2026 16:21:09,26/06/2026 16:21:15,26/06/2026 16:21:16,28/06/2026 15:20:17,,29/06/2026 12:28:29,TTS,Open/Target Collaboration
584717068690490979,1732250760944257244,"Sữa Tắm/Gel Tắm Pháp Le Petit Marseillais Chiết Xuất Thiên Nhiên 650ml - Sữa Tắm Lưu Hương Lành Tính - Dịu Nhẹ, An Toàn Cho Da","Đào Trắng & Quả Xuân Đào, Standard",1732250801269016796,ST01288,332000,532680,VND,1,Không áp dụng thanh toán khi giao hàng,Đang xử lý,emi.nguyen.9x,Trưng bày,,fixed commission,,,,8,332000,26560,,,,,,,,0,0,26/06/2026 16:21:09,26/06/2026 16:21:15,26/06/2026 16:21:16,28/06/2026 15:20:17,,29/06/2026 12:28:29,TTS,Open/Target Collaboration
584719739871462963,1732251906497939676,Sữa tắm Thiên Nhiên Pháp Le Petit Marseillais Nhiều Mùi Hương Dịu Nhẹ Cho Da Nhạy Cảm 400ml - Phù Hợp Mọi Loại Da,"Lô Hội, Standard",1732251905363708124,ST55031,254100,456800,VND,1,Thanh toán khi giao hàng,Đã hủy,lepetitmarseillaisvn,Phát trực tiếp,7655672974709574408,fixed commission,,,,,254100,,,,,,,,,0,0,26/06/2026 19:30:12,,26/06/2026 19:30:15,,,,TTS,Open/Target Collaboration
584719739871594035,1732251906497939676,Sữa tắm Thiên Nhiên Pháp Le Petit Marseillais Nhiều Mùi Hương Dịu Nhẹ Cho Da Nhạy Cảm 400ml - Phù Hợp Mọi Loại Da,"Dầu Hạnh Nhân, Standard",1732251905364035804,ST53362,254100,719600,VND,2,Thanh toán khi giao hàng,Đã hủy,lepetitmarseillaisvn,Phát trực tiếp,7655672974709574408,fixed commission,,,,,508200,,,,,,,,,0,0,26/06/2026 19:30:12,,26/06/2026 19:30:15,,,,TTS,Open/Target Collaboration
584720044351391283,1732251906497939676,Sữa tắm Thiên Nhiên Pháp Le Petit Marseillais Nhiều Mùi Hương Dịu Nhẹ Cho Da Nhạy Cảm 400ml - Phù Hợp Mọi Loại Da,"Dầu Hạnh Nhân, Standard",1732251905364035804,ST53362,254100,969933,VND,3,Thanh toán khi giao hàng,Đã hủy,lepetitmarseillaisvn,Phát trực tiếp,7655672974709574408,fixed commission,,,,,762300,,,,,,,,,0,0,26/06/2026 19:49:53,,26/06/2026 19:49:55,,,,TTS,Open/Target Collaboration
584720093196223542,1732250760944257244,"Sữa Tắm/Gel Tắm Pháp Le Petit Marseillais Chiết Xuất Thiên Nhiên 650ml - Sữa Tắm Lưu Hương Lành Tính - Dịu Nhẹ, An Toàn Cho Da","Vani, Standard",1732250801269082332,ST00557,323900,532680,VND,1,Không áp dụng thanh toán khi giao hàng,Đang xử lý,lepetitmarseillaisvn,Phát trực tiếp,7655672974709574408,fixed commission,,,,,323900,,,,,,,,,0,0,26/06/2026 19:51:48,26/06/2026 19:51:54,26/06/2026 19:51:55,28/06/2026 10:31:16,,,TTS,Open/Target Collaboration
584720093196223542,1735803452711142620,Dầu Xả Cấp Ẩm Le Petit Marseillais Nước Dừa Hữu Cơ 200ml,Mặc định,1735803348866008284,DX74752,0,3420,VND,1,Không áp dụng thanh toán khi giao hàng,Đang xử lý,lepetitmarseillaisvn,Phát trực tiếp,7655672974709574408,fixed commission,,,,,0,,,,,,,,,0,0,26/06/2026 19:51:48,26/06/2026 19:51:54,26/06/2026 19:51:55,28/06/2026 10:31:16,,,TTS,Open/Target Collaboration
584720437059421673,1732250760944257244,"Sữa Tắm/Gel Tắm Pháp Le Petit Marseillais Chiết Xuất Thiên Nhiên 650ml - Sữa Tắm Lưu Hương Lành Tính - Dịu Nhẹ, An Toàn Cho Da","Thông & Bạch Đàn Biển, Standard",1732250801268689116,ST01902,335750,532680,VND,1,Thanh toán khi giao hàng,Đang xử lý,lepetitmarseillaisvn,Phát trực tiếp,7655672974709574408,fixed commission,,,,,335750,,,,,,,,,0,0,26/06/2026 20:07:19,28/06/2026 17:02:55,26/06/2026 20:07:20,28/06/2026 17:02:55,,,TTS,Open/Target Collaboration
584720487795688634,1732250760944257244,"Sữa Tắm/Gel Tắm Pháp Le Petit Marseillais Chiết Xuất Thiên Nhiên 650ml - Sữa Tắm Lưu Hương Lành Tính - Dịu Nhẹ, An Toàn Cho Da","Hương Xoài & Chanh Dây, Standard",1732250801268951260,ST68823,395000,532680,VND,1,Thanh toán khi giao hàng,Đang xử lý,lepetitmarseillaisvn,Phát trực tiếp,7655672974709574408,fixed commission,,,,,395000,,,,,,,,,0,0,26/06/2026 20:14:31,28/06/2026 10:43:45,26/06/2026 20:14:32,28/06/2026 10:43:45,,,TTS,Open/Target Collaboration
584720487795688634,1735803452711142620,Dầu Xả Cấp Ẩm Le Petit Marseillais Nước Dừa Hữu Cơ 200ml,Mặc định,1735803348866008284,DX74752,0,3420,VND,1,Thanh toán khi giao hàng,Đang xử lý,lepetitmarseillaisvn,Phát trực tiếp,7655672974709574408,fixed commission,,,,,0,,,,,,,,,0,0,26/06/2026 20:14:31,28/06/2026 10:43:45,26/06/2026 20:14:32,28/06/2026 10:43:45,,,TTS,Open/Target Collaboration
584721430452012837,1732251815880067292,"Sữa Tắm Pháp Le Petit Marseillais Cho Nam Chiết Xuất Thiên Nhiên 4in1 Nhiều Mùi Hương Dưỡng Ẩm, Thơm Lâu - Phù Hợp Mọi Loại Da (250ml)","Hương Cam & Tinh Dầu Argan, Standard",1732251749141022940,ST01431,182450,289550,VND,1,Không áp dụng thanh toán khi giao hàng,Đã hủy,oigioioi650,Chương trình Lưu lượng truy cập bên ngoài,,fixed commission,,,,4,182450,7298,,,,,,,,0,0,26/06/2026 21:14:32,26/06/2026 21:15:03,26/06/2026 21:15:04,,,,TTS,Open/Target Collaboration
584721569381451208,1735803057604560092,Dầu Gội Pháp Le Petit Marseillais Ngăn ngừa gàu Trà Xanh Hữu Cơ 250ml,Mặc định,1735803334624117980,DG37467,263000,364000,VND,1,Thanh toán khi giao hàng,Đang xử lý,ngkh_206,Chương trình Lưu lượng truy cập bên ngoài,,fixed commission,,,,4,263000,10520,,,,,,,,0,0,26/06/2026 21:23:52,28/06/2026 14:50:20,26/06/2026 21:23:53,28/06/2026 14:50:20,,29/06/2026 07:49:36,TTS,Open/Target Collaboration
584721824886260817,1732250760944257244,"Sữa Tắm/Gel Tắm Pháp Le Petit Marseillais Chiết Xuất Thiên Nhiên 650ml - Sữa Tắm Lưu Hương Lành Tính - Dịu Nhẹ, An Toàn Cho Da","Đào Trắng & Quả Xuân Đào, Standard",1732250801269016796,ST01288,335650,532680,VND,1,Thanh toán khi giao hàng,Đã hủy,tikkaisweird,Video,7594359817779612949,fixed commission,0,0,0,8,335650,26852,,,,,,,,0,0,26/06/2026 21:39:34,,26/06/2026 21:39:35,,,,TTS,Open/Target Collaboration
584726588367144555,1734496604995683548,Xà Phòng Le Petit Marseillais Chính Hãng Bánh Xà Phòng Tắm Thiên Nhiên (Ngẫu nhiên)  1 Bánh,Mặc định,1734496577198523612,1 BÁNH-XP,75000,105300,VND,1,Thanh toán khi giao hàng,Đang xử lý,onggiatichcuc79,Video,7649582978691058952,fixed commission,,,,6,75000,4500,,,,,,,,0,0,27/06/2026 08:09:29,28/06/2026 12:29:34,27/06/2026 08:09:30,28/06/2026 12:29:34,,29/06/2026 13:07:56,TTS,Open/Target Collaboration
584727312778561317,1732250928810920156,"Sữa Tắm/Gel Tắm Pháp Le Petit Marseillais Thiên Nhiên 250ml - Sữa Tắm Lưu Hương Lành Tính - Dịu Nhẹ, An Toàn Cho Da","Đào Trắng & Quả Xuân Đào, Standard",1732250914985380060,ST01240,170100,289550,VND,1,Không áp dụng thanh toán khi giao hàng,Đang xử lý,kinkechillchill,Video,7572051007237115154,fixed commission,,,,8,170100,13608,,,,,,,,0,0,27/06/2026 09:14:00,27/06/2026 09:14:02,27/06/2026 09:14:04,30/06/2026 14:31:23,,01/07/2026 08:53:59,TTS,Open/Target Collaboration
584728434261591928,1734496604995683548,Xà Phòng Le Petit Marseillais Chính Hãng Bánh Xà Phòng Tắm Thiên Nhiên (Ngẫu nhiên)  1 Bánh,Mặc định,1734496577198523612,1 BÁNH-XP,0,1555,VND,1,Thanh toán khi giao hàng,Đang xử lý,thaocanview,Video,7637538562224721172,fixed commission,,,,,0,,,,,,,,,0,0,27/06/2026 10:31:17,28/06/2026 20:16:21,27/06/2026 10:31:18,28/06/2026 20:16:21,,29/06/2026 07:35:29,TTS,Open/Target Collaboration
584728434261591928,1732250928810920156,"Sữa Tắm/Gel Tắm Pháp Le Petit Marseillais Thiên Nhiên 250ml - Sữa Tắm Lưu Hương Lành Tính - Dịu Nhẹ, An Toàn Cho Da","Bạc Hà, Standard",1732250914984855772,ST92871,158760,279773,VND,1,Thanh toán khi giao hàng,Đang xử lý,ahau.phuongthao,Video,7654094102811659528,fixed commission,,,,12,158760,19051,,,,,,,,0,0,27/06/2026 10:31:17,28/06/2026 20:16:21,27/06/2026 10:31:18,28/06/2026 20:16:21,,29/06/2026 07:35:29,TTS,Open/Target Collaboration
584728434261591928,1732250928810920156,"Sữa Tắm/Gel Tắm Pháp Le Petit Marseillais Thiên Nhiên 250ml - Sữa Tắm Lưu Hương Lành Tính - Dịu Nhẹ, An Toàn Cho Da","Đào Trắng & Quả Xuân Đào, Standard",1732250914985380060,ST01240,158760,279772,VND,1,Thanh toán khi giao hàng,Đang xử lý,ahau.phuongthao,Video,7654094102811659528,fixed commission,,,,12,158760,19051,,,,,,,,0,0,27/06/2026 10:31:17,28/06/2026 20:16:21,27/06/2026 10:31:18,28/06/2026 20:16:21,,29/06/2026 07:35:29,TTS,Open/Target Collaboration
584729432926290961,1732250928810920156,"Sữa Tắm/Gel Tắm Pháp Le Petit Marseillais Thiên Nhiên 250ml - Sữa Tắm Lưu Hương Lành Tính - Dịu Nhẹ, An Toàn Cho Da","Vani, Standard",1732250914985183452,ST00526,160650,289750,VND,1,Thanh toán khi giao hàng,Đang xử lý,tuimuabanmua,Video,7536185873952476423,fixed commission,,,,8,160650,12852,,,,,,,,0,0,27/06/2026 11:36:23,29/06/2026 17:00:37,27/06/2026 11:36:25,29/06/2026 17:00:37,,30/06/2026 09:50:56,TTS,Open/Target Collaboration
584731838521443976,1732252961260865756,"Dầu Gội Thiên Nhiên Le Petit Marseillais Nhiều Mùi Hương 250ml Dưỡng Ẩm, Thơm Lâu - Phù Hợp Mọi Loại Da",Trị Gàu 2 In 1 Tinh Dầu Bạc Hà,1732252943759018204,DG74042,270000,380300,VND,1,Thanh toán khi giao hàng,Đang xử lý,tuyetcookies,Video,7561391524253109512,fixed commission,,,,8,270000,21600,,,,,,,,0,0,27/06/2026 14:18:26,28/06/2026 12:03:27,27/06/2026 14:18:27,28/06/2026 12:03:27,,29/06/2026 07:55:41,TTS,Open/Target Collaboration
584731827901531633,1732250928810920156,"Sữa Tắm/Gel Tắm Pháp Le Petit Marseillais Thiên Nhiên 250ml - Sữa Tắm Lưu Hương Lành Tính - Dịu Nhẹ, An Toàn Cho Da","Vani, Standard",1732250914985183452,ST00526,189000,279900,VND,1,Thanh toán khi giao hàng,Đang xử lý,dinhlene,Chương trình Lưu lượng truy cập bên ngoài,,fixed commission,,,,4,189000,7560,,,,,,,,0,0,27/06/2026 14:19:20,28/06/2026 16:59:14,27/06/2026 14:19:21,28/06/2026 16:59:14,,29/06/2026 09:01:01,TTS,Open/Target Collaboration
584734670431356123,1732251815880067292,"Sữa Tắm Pháp Le Petit Marseillais Cho Nam Chiết Xuất Thiên Nhiên 4in1 Nhiều Mùi Hương Dưỡng Ẩm, Thơm Lâu - Phù Hợp Mọi Loại Da (250ml)","Hương Cam & Tinh Dầu Argan, Standard",1732251749141022940,ST01431,205000,295800,VND,1,Thanh toán khi giao hàng,Đang xử lý,lepthelittlekid,Video,7594749644052204818,fixed commission,,,,5,205000,10250,,,,,,,,0,0,27/06/2026 17:49:28,30/06/2026 15:15:59,27/06/2026 17:49:30,30/06/2026 15:15:59,,01/07/2026 12:44:25,TTS,Open/Target Collaboration
584735020236441249,1731893266195122396,"Gel Tắm Pháp Le Petit Marseillais Đào Trắng & Quả Xuân Đào Hữu Cơ Dưỡng Ẩm, Thơm Lâu - Phù Hợp Mọi Loại Da(250ml)","Đào Trắng & Quả Xuân Đào, Standard",1731893266195843292,ST01240,201000,286850,VND,1,Không áp dụng thanh toán khi giao hàng,Đã hủy,involveasiavn01,Chương trình Lưu lượng truy cập bên ngoài,,fixed commission,,,,4,201000,8040,,,,,,,,0,0,27/06/2026 18:08:24,27/06/2026 18:08:29,27/06/2026 18:08:29,,,,TTS,Open/Target Collaboration
584735941518591523,1732251815880067292,"Sữa Tắm Pháp Le Petit Marseillais Cho Nam Chiết Xuất Thiên Nhiên 4in1 Nhiều Mùi Hương Dưỡng Ẩm, Thơm Lâu - Phù Hợp Mọi Loại Da (250ml)","Hương Gỗ Tuyết Tùng & Dương Xỉ, Standard",1732251749141219548,ST01172,180400,279900,VND,1,Thanh toán khi giao hàng,Đang xử lý,duongmanhkien19,Video,7578474458705382676,fixed commission,,,,8,180400,14432,,,,,,,,0,0,27/06/2026 19:12:33,30/06/2026 17:48:07,27/06/2026 19:12:34,30/06/2026 17:48:07,,01/07/2026 12:20:57,TTS,Open/Target Collaboration
584736271010203108,1732250760944257244,"Sữa Tắm/Gel Tắm Pháp Le Petit Marseillais Chiết Xuất Thiên Nhiên 650ml - Sữa Tắm Lưu Hương Lành Tính - Dịu Nhẹ, An Toàn Cho Da","Hương Xoài & Chanh Dây, Standard",1732250801268951260,ST68823,395000,545267,VND,1,Không áp dụng thanh toán khi giao hàng,Đang xử lý,anhlorenhehehe,Video,7493531443268717842,fixed commission,,,,8,395000,31600,,,,,,,,0,0,27/06/2026 19:33:33,27/06/2026 19:33:36,27/06/2026 19:33:37,30/06/2026 09:41:17,,01/07/2026 07:03:15,TTS,Open/Target Collaboration
584737011047564936,1735910664928920796,Combo 2 Sữa Tắm Nam Le Petit Marseillais 4in1 Cho Tóc Mặt Râu Toàn Thân 250ml,"Gỗ Tuyết Tùng Và Dương Xỉ, Gỗ Tuyết Tùng Và Dương Xỉ",1735912571877950684,ST01172 x 2,313740,585100,VND,1,Thanh toán khi giao hàng,Đang xử lý,lepetitmarseillaisvn,Phát trực tiếp,7656044579443002119,fixed commission,,,,,313740,,,,,,,,,0,0,27/06/2026 20:19:18,30/06/2026 15:59:05,27/06/2026 20:19:19,30/06/2026 15:59:05,,,TTS,Open/Target Collaboration
584737256772502899,1731317167366243548,[Quà tặng không bán] Bông Tắm Tạo Bọt Mềm Mịn,Mặc định,1731317148230255836,BONG TAM HQ,0,11905,VND,1,Thanh toán khi giao hàng,Đã hủy,lepetitmarseillaisvn,Phát trực tiếp,7653842966753118994,fixed commission,,,,,0,,,,,,,,,0,0,27/06/2026 20:38:21,,27/06/2026 20:38:23,,,,TTS,Open/Target Collaboration
584737256772502899,1731895040715622620,"Sữa Dưỡng Thể Le Petit Marseillais Với Chiết Xuất Bơ Hạt Mỡ, Hạnh Nhân Ngọt & Dầu Argan 300ml Dạng Hũ",Mặc định,1731895040715688156,DT02684,446600,767286,VND,1,Thanh toán khi giao hàng,Đã hủy,lepetitmarseillaisvn,Phát trực tiếp,7656044579443002119,fixed commission,,,,,446600,,,,,,,,,0,0,27/06/2026 20:38:21,,27/06/2026 20:38:23,,,,TTS,Open/Target Collaboration
584737256772502899,1732250760944257244,"Sữa Tắm/Gel Tắm Pháp Le Petit Marseillais Chiết Xuất Thiên Nhiên 650ml - Sữa Tắm Lưu Hương Lành Tính - Dịu Nhẹ, An Toàn Cho Da","Hương Chanh & Bưởi Hồng, Standard",1732250801268820188,ST01868,304150,542809,VND,1,Thanh toán khi giao hàng,Đã hủy,lepetitmarseillaisvn,Phát trực tiếp,7656044579443002119,fixed commission,,,,,304150,,,,,,,,,0,0,27/06/2026 20:38:21,,27/06/2026 20:38:23,,,,TTS,Open/Target Collaboration
584738545496392723,1732250760944257244,"Sữa Tắm/Gel Tắm Pháp Le Petit Marseillais Chiết Xuất Thiên Nhiên 650ml - Sữa Tắm Lưu Hương Lành Tính - Dịu Nhẹ, An Toàn Cho Da","Thông & Bạch Đàn Biển, Standard",1732250801268689116,ST01902,385000,547400,VND,1,Không áp dụng thanh toán khi giao hàng,Đã hủy,mevyan,Video,7655720208107244820,fixed commission,,,,8,385000,30800,,,,,,,,0,0,27/06/2026 21:58:33,27/06/2026 21:58:38,27/06/2026 21:58:39,,,,TTS,Open/Target Collaboration
584739535697183763,1732251815880067292,"Sữa Tắm Pháp Le Petit Marseillais Cho Nam Chiết Xuất Thiên Nhiên 4in1 Nhiều Mùi Hương Dưỡng Ẩm, Thơm Lâu - Phù Hợp Mọi Loại Da (250ml)","Hương Gỗ Tuyết Tùng & Dương Xỉ, Standard",1732251749141219548,ST01172,205000,289750,VND,1,Không áp dụng thanh toán khi giao hàng,Đang xử lý,emberiviu1,Video,7654239528814775572,fixed commission,,,,,205000,,,,3,6150,,,,0,0,27/06/2026 23:05:29,27/06/2026 23:05:35,27/06/2026 23:05:36,01/07/2026 09:50:45,,02/07/2026 11:44:32,TTS,Open/Target Collaboration
584739593413232471,1732251815880067292,"Sữa Tắm Pháp Le Petit Marseillais Cho Nam Chiết Xuất Thiên Nhiên 4in1 Nhiều Mùi Hương Dưỡng Ẩm, Thơm Lâu - Phù Hợp Mọi Loại Da (250ml)","Hương Cam & Tinh Dầu Argan, Standard",1732251749141022940,ST01431,166050,279900,VND,1,Không áp dụng thanh toán khi giao hàng,Đang xử lý,man.trung.737,Video,7595064670482877717,fixed commission,,,,8,166050,13284,,,,,,,,0,0,27/06/2026 23:07:50,27/06/2026 23:08:45,27/06/2026 23:08:46,30/06/2026 10:08:21,,01/07/2026 12:44:33,TTS,Open/Target Collaboration
584742941321430682,1732250760944257244,"Sữa Tắm/Gel Tắm Pháp Le Petit Marseillais Chiết Xuất Thiên Nhiên 650ml - Sữa Tắm Lưu Hương Lành Tính - Dịu Nhẹ, An Toàn Cho Da","Thông & Bạch Đàn Biển, Standard",1732250801268689116,ST01902,323900,541667,VND,1,Thanh toán khi giao hàng,Đang xử lý,mevyan,Video,7652726555206061333,fixed commission,,,,8,323900,25912,,,,,,,,0,0,28/06/2026 08:13:36,30/06/2026 16:04:12,28/06/2026 08:13:37,30/06/2026 16:04:12,,01/07/2026 11:12:05,TTS,Open/Target Collaboration
584743375051851370,1732251815880067292,"Sữa Tắm Pháp Le Petit Marseillais Cho Nam Chiết Xuất Thiên Nhiên 4in1 Nhiều Mùi Hương Dưỡng Ẩm, Thơm Lâu - Phù Hợp Mọi Loại Da (250ml)","Hương Gỗ Tuyết Tùng & Dương Xỉ, Standard",1732251749141219548,ST01172,205000,286850,VND,1,Thanh toán khi giao hàng,Đang xử lý,huankosai,Video,7569974511534198023,fixed commission,,,,8,205000,16400,,,,,,,,0,0,28/06/2026 08:52:46,30/06/2026 11:15:21,28/06/2026 08:52:48,30/06/2026 11:15:21,,01/07/2026 11:39:50,TTS,Open/Target Collaboration
584744453185635958,1732251815880067292,"Sữa Tắm Pháp Le Petit Marseillais Cho Nam Chiết Xuất Thiên Nhiên 4in1 Nhiều Mùi Hương Dưỡng Ẩm, Thơm Lâu - Phù Hợp Mọi Loại Da (250ml)","Hương Gỗ Tuyết Tùng & Dương Xỉ, Standard",1732251749141219548,ST01172,174250,289550,VND,1,Thanh toán khi giao hàng,Đang xử lý,ahau.phuongthao,Video,7654094102811659528,fixed commission,,,,12,174250,20910,,,,,,,,0,0,28/06/2026 10:08:39,30/06/2026 10:30:03,28/06/2026 10:08:41,30/06/2026 10:30:03,,01/07/2026 10:47:06,TTS,Open/Target Collaboration
584745154078410324,1732250760944257244,"Sữa Tắm/Gel Tắm Pháp Le Petit Marseillais Chiết Xuất Thiên Nhiên 650ml - Sữa Tắm Lưu Hương Lành Tính - Dịu Nhẹ, An Toàn Cho Da","Hương Xoài & Chanh Dây, Standard",1732250801268951260,ST68823,395000,545267,VND,1,Thanh toán khi giao hàng,Đang xử lý,haiidaynek,Video,7539959281786195207,fixed commission,,,,8,395000,31600,,,,,,,,0,0,28/06/2026 10:55:53,30/06/2026 20:05:12,28/06/2026 10:55:54,30/06/2026 20:05:12,,01/07/2026 08:19:40,TTS,Open/Target Collaboration
584745332162725537,1731893266195122396,"Gel Tắm Pháp Le Petit Marseillais Đào Trắng & Quả Xuân Đào Hữu Cơ Dưỡng Ẩm, Thơm Lâu - Phù Hợp Mọi Loại Da(250ml)","Đào Trắng & Quả Xuân Đào, Standard",1731893266195843292,ST01240,180400,286850,VND,1,Không áp dụng thanh toán khi giao hàng,Đang xử lý,involveasiavn01,Chương trình Lưu lượng truy cập bên ngoài,,fixed commission,,,,4,180400,7216,,,,,,,,0,0,28/06/2026 11:07:01,28/06/2026 11:07:02,28/06/2026 11:07:03,30/06/2026 15:31:21,,01/07/2026 08:55:40,TTS,Open/Target Collaboration
584745728268469902,1733398589084042460,Sữa Tắm Nam Thơm Lâu 4 in 1 Thiên Nhiên Le Petit Marseillais Chiết Xuất Thông Biển & Bạch Đàn 250ml 1356,Mặc định,1733398673842472156,ST01356,210000,290400,VND,1,Thanh toán khi giao hàng,Đang xử lý,ngocdiepcute2102,Chương trình Lưu lượng truy cập bên ngoài,,fixed commission,,,,4,210000,8400,,,,,,,,0,0,28/06/2026 11:37:11,30/06/2026 16:17:32,28/06/2026 11:37:14,30/06/2026 16:17:32,,01/07/2026 10:19:50,TTS,Open/Target Collaboration
584746606230734352,1732252961260865756,"Dầu Gội Thiên Nhiên Le Petit Marseillais Nhiều Mùi Hương 250ml Dưỡng Ẩm, Thơm Lâu - Phù Hợp Mọi Loại Da",Trị Gàu 2 In 1 Tinh Dầu Bạc Hà,1732252943759018204,DG74042,270000,357000,VND,1,Thanh toán khi giao hàng,Đang xử lý,tuyetcookies,Video,7561391524253109512,fixed commission,,,,,270000,,,,3,8100,,,,0,0,28/06/2026 12:32:01,30/06/2026 19:54:24,28/06/2026 12:32:03,30/06/2026 19:54:24,,01/07/2026 07:35:28,TTS,Open/Target Collaboration
584746792944961469,1732250760944257244,"Sữa Tắm/Gel Tắm Pháp Le Petit Marseillais Chiết Xuất Thiên Nhiên 650ml - Sữa Tắm Lưu Hương Lành Tính - Dịu Nhẹ, An Toàn Cho Da","Thông & Bạch Đàn Biển, Standard",1732250801268689116,ST01902,395000,530400,VND,1,Thanh toán khi giao hàng,Đang xử lý,thaocanview,Video,7639362324603686164,fixed commission,,,,8,395000,31600,,,,,,,,0,0,28/06/2026 12:42:12,30/06/2026 19:49:09,28/06/2026 12:42:14,30/06/2026 19:49:09,,01/07/2026 09:43:06,TTS,Open/Target Collaboration
584747354999916269,1732250760944257244,"Sữa Tắm/Gel Tắm Pháp Le Petit Marseillais Chiết Xuất Thiên Nhiên 650ml - Sữa Tắm Lưu Hương Lành Tính - Dịu Nhẹ, An Toàn Cho Da","Thông & Bạch Đàn Biển, Standard",1732250801268689116,ST01902,340000,545267,VND,1,Thanh toán khi giao hàng,Đã hủy,lepetitmarseillaisvn,Phát trực tiếp,7656044579443002119,fixed commission,,,,,340000,,,,,,,,,0,0,28/06/2026 13:16:25,,28/06/2026 13:16:27,,,,TTS,Open/Target Collaboration
584747354999916269,1731317167366243548,[Quà tặng không bán] Bông Tắm Tạo Bọt Mềm Mịn,Mặc định,1731317148230255836,BONG TAM HQ,0,13133,VND,1,Thanh toán khi giao hàng,Đã hủy,lepetitmarseillaisvn,Phát trực tiếp,7656044579443002119,fixed commission,,,,,0,,,,,,,,,0,0,28/06/2026 13:16:25,,28/06/2026 13:16:27,,,,TTS,Open/Target Collaboration
584747464217822957,1731317167366243548,[Quà tặng không bán] Bông Tắm Tạo Bọt Mềm Mịn,Mặc định,1731317148230255836,BONG TAM HQ,0,13133,VND,1,Thanh toán khi giao hàng,Đang xử lý,lepetitmarseillaisvn,Phát trực tiếp,7656044579443002119,fixed commission,,,,,0,,,,,,,,,0,0,28/06/2026 13:22:59,30/06/2026 18:51:52,28/06/2026 13:23:00,30/06/2026 18:51:52,,,TTS,Open/Target Collaboration
584747464217822957,1732250760944257244,"Sữa Tắm/Gel Tắm Pháp Le Petit Marseillais Chiết Xuất Thiên Nhiên 650ml - Sữa Tắm Lưu Hương Lành Tính - Dịu Nhẹ, An Toàn Cho Da","Thông & Bạch Đàn Biển, Standard",1732250801268689116,ST01902,328000,545267,VND,1,Thanh toán khi giao hàng,Đang xử lý,lepetitmarseillaisvn,Phát trực tiếp,7656044579443002119,fixed commission,,,,,328000,,,,,,,,,0,0,28/06/2026 13:22:59,30/06/2026 18:51:52,28/06/2026 13:23:00,30/06/2026 18:51:52,,,TTS,Open/Target Collaboration
584747813748048974,1732252961260865756,"Dầu Gội Thiên Nhiên Le Petit Marseillais Nhiều Mùi Hương 250ml Dưỡng Ẩm, Thơm Lâu - Phù Hợp Mọi Loại Da",Phục Hồi Chuyên Sâu Dầu Jojoba,1732252943759083740,DG60650,270000,380200,VND,1,Thanh toán khi giao hàng,Đang xử lý,tuyetcookies,Video,7561391524253109512,fixed commission,,,,,270000,,,,3,8100,,,,0,0,28/06/2026 13:49:35,01/07/2026 14:09:09,28/06/2026 13:49:36,01/07/2026 14:09:09,,02/07/2026 09:50:17,TTS,Open/Target Collaboration
584750275090154722,1732250928810920156,"Sữa Tắm/Gel Tắm Pháp Le Petit Marseillais Thiên Nhiên 250ml - Sữa Tắm Lưu Hương Lành Tính - Dịu Nhẹ, An Toàn Cho Da","Quả Mâm Xôi & Hoa Mẫu Đơn, Standard",1732250914985052380,ST48441,171000,282450,VND,1,Thanh toán khi giao hàng,Đang xử lý,ahau.phuongthao,Video,7654094102811659528,fixed commission,,,,12,171000,20520,,,,,,,,0,0,28/06/2026 16:39:01,01/07/2026 19:19:45,28/06/2026 16:39:03,01/07/2026 19:19:45,,02/07/2026 10:26:44,TTS,Open/Target Collaboration
584750919497385923,1734496604995683548,Xà Phòng Le Petit Marseillais Chính Hãng Bánh Xà Phòng Tắm Thiên Nhiên (Ngẫu nhiên)  1 Bánh,Mặc định,1734496577198523612,1 BÁNH-XP,75000,115000,VND,1,Thanh toán khi giao hàng,Đang xử lý,mythi_fr,Video,7633023072626429204,fixed commission,,,,6,75000,4500,,,,,,,,0,0,28/06/2026 17:24:50,02/07/2026 11:20:44,28/06/2026 17:24:51,02/07/2026 11:20:44,,03/07/2026 11:47:57,TTS,Open/Target Collaboration
584751342590134042,1732250760944257244,"Sữa Tắm/Gel Tắm Pháp Le Petit Marseillais Chiết Xuất Thiên Nhiên 650ml - Sữa Tắm Lưu Hương Lành Tính - Dịu Nhẹ, An Toàn Cho Da","Thông & Bạch Đàn Biển, Standard",1732250801268689116,ST01902,335750,530400,VND,1,Thanh toán khi giao hàng,Đang xử lý,ha_thubay,Video,7599664598626618642,fixed commission,,,,,335750,,,,3,10073,,,,0,0,28/06/2026 17:50:59,30/06/2026 12:07:55,28/06/2026 17:51:01,30/06/2026 12:07:55,,01/07/2026 10:30:41,TTS,Open/Target Collaboration
584752240637609094,1731317167366243548,[Quà tặng không bán] Bông Tắm Tạo Bọt Mềm Mịn,Mặc định,1731317148230255836,BONG TAM HQ,0,7900,VND,1,Thanh toán khi giao hàng,Đang xử lý,lepetitmarseillaisvn,Phát trực tiếp,7648127601848011528,fixed commission,,,,,0,,,,,,,,,0,0,28/06/2026 18:52:44,30/06/2026 18:57:14,28/06/2026 18:52:45,30/06/2026 18:57:14,,01/07/2026 11:05:18,TTS,Open/Target Collaboration
584752240637609094,1732251815880067292,"Sữa Tắm Pháp Le Petit Marseillais Cho Nam Chiết Xuất Thiên Nhiên 4in1 Nhiều Mùi Hương Dưỡng Ẩm, Thơm Lâu - Phù Hợp Mọi Loại Da (250ml)","Hương Gỗ Tuyết Tùng & Dương Xỉ, Standard",1732251749141219548,ST01172,194750,279900,VND,1,Thanh toán khi giao hàng,Đang xử lý,huankosai,Video,7569974511534198023,fixed commission,,,,8,194750,15580,,,,,,,,0,0,28/06/2026 18:52:44,30/06/2026 18:57:14,28/06/2026 18:52:45,30/06/2026 18:57:14,,01/07/2026 11:05:18,TTS,Open/Target Collaboration
584752605595993176,1732251815880067292,"Sữa Tắm Pháp Le Petit Marseillais Cho Nam Chiết Xuất Thiên Nhiên 4in1 Nhiều Mùi Hương Dưỡng Ẩm, Thơm Lâu - Phù Hợp Mọi Loại Da (250ml)","Hương Gỗ Tuyết Tùng & Dương Xỉ, Standard",1732251749141219548,ST01172,205000,289550,VND,1,Thanh toán khi giao hàng,Đang xử lý,congai.gossip,Chương trình Lưu lượng truy cập bên ngoài,,fixed commission,,,,4,205000,8200,,,,,,,,0,0,28/06/2026 19:18:07,30/06/2026 11:19:26,28/06/2026 19:18:08,30/06/2026 11:19:26,,01/07/2026 08:12:01,TTS,Open/Target Collaboration
584753461873510349,1731317167366243548,[Quà tặng không bán] Bông Tắm Tạo Bọt Mềm Mịn,Mặc định,1731317148230255836,BONG TAM HQ,0,3640,VND,1,Không áp dụng thanh toán khi giao hàng,Đang xử lý,lepetitmarseillaisvn,Phát trực tiếp,7656416732160674578,fixed commission,,,,,0,,,,,,,,,0,0,28/06/2026 20:04:50,28/06/2026 20:04:51,28/06/2026 20:04:53,30/06/2026 15:14:56,,,TTS,Open/Target Collaboration
584753461873510349,1732250760944257244,"Sữa Tắm/Gel Tắm Pháp Le Petit Marseillais Chiết Xuất Thiên Nhiên 650ml - Sữa Tắm Lưu Hương Lành Tính - Dịu Nhẹ, An Toàn Cho Da","Hương Chanh & Bưởi Hồng, Standard",1732250801268820188,ST01868,319950,526280,VND,1,Không áp dụng thanh toán khi giao hàng,Đang xử lý,lepetitmarseillaisvn,Phát trực tiếp,7656416732160674578,fixed commission,,,,,319950,,,,,,,,,0,0,28/06/2026 20:04:50,28/06/2026 20:04:51,28/06/2026 20:04:53,30/06/2026 15:14:56,,,TTS,Open/Target Collaboration
584753461873510349,1732250760944257244,"Sữa Tắm/Gel Tắm Pháp Le Petit Marseillais Chiết Xuất Thiên Nhiên 650ml - Sữa Tắm Lưu Hương Lành Tính - Dịu Nhẹ, An Toàn Cho Da","Hoa Tiare, Standard",1732250801268885724,ST68816,319950,526280,VND,1,Không áp dụng thanh toán khi giao hàng,Đang xử lý,lepetitmarseillaisvn,Phát trực tiếp,7656416732160674578,fixed commission,,,,,319950,,,,,,,,,0,0,28/06/2026 20:04:50,28/06/2026 20:04:51,28/06/2026 20:04:53,30/06/2026 15:14:56,,,TTS,Open/Target Collaboration
584753533090498148,1735910664928920796,Combo 2 Sữa Tắm Nam Le Petit Marseillais 4in1 Cho Tóc Mặt Râu Toàn Thân 250ml,"Gỗ Cam & Dầu Argan , Gỗ Tuyết Tùng Và Dương Xỉ",1735912571878278364,ST01431 + ST01172,309960,575457,VND,1,Thanh toán khi giao hàng,Đang xử lý,lepetitmarseillaisvn,Phát trực tiếp,7656416732160674578,fixed commission,,,,,309960,,,,,,,,,0,0,28/06/2026 20:10:57,30/06/2026 19:54:20,28/06/2026 20:10:59,30/06/2026 19:54:20,,,TTS,Open/Target Collaboration
584753533090498148,1734496604995683548,Xà Phòng Le Petit Marseillais Chính Hãng Bánh Xà Phòng Tắm Thiên Nhiên (Ngẫu nhiên)  1 Bánh,Mặc định,1734496577198523612,1 BÁNH-XP,0,4243,VND,1,Thanh toán khi giao hàng,Đang xử lý,lepetitmarseillaisvn,Phát trực tiếp,7656416732160674578,fixed commission,,,,,0,,,,,,,,,0,0,28/06/2026 20:10:57,30/06/2026 19:54:20,28/06/2026 20:10:59,30/06/2026 19:54:20,,,TTS,Open/Target Collaboration
584753495167567077,1731317167366243548,[Quà tặng không bán] Bông Tắm Tạo Bọt Mềm Mịn,Mặc định,1731317148230255836,BONG TAM HQ,0,7367,VND,1,Thanh toán khi giao hàng,Đang xử lý,lepetitmarseillaisvn,Phát trực tiếp,7656416732160674578,fixed commission,,,,,0,,,,,,,,,0,0,28/06/2026 20:11:46,30/06/2026 13:43:06,28/06/2026 20:11:47,30/06/2026 13:43:06,,,TTS,Open/Target Collaboration
584753495167567077,1732250760944257244,"Sữa Tắm/Gel Tắm Pháp Le Petit Marseillais Chiết Xuất Thiên Nhiên 650ml - Sữa Tắm Lưu Hương Lành Tính - Dịu Nhẹ, An Toàn Cho Da","Hương Xoài & Chanh Dây, Standard",1732250801268951260,ST68823,360000,533733,VND,1,Thanh toán khi giao hàng,Đang xử lý,lepetitmarseillaisvn,Phát trực tiếp,7656416732160674578,fixed commission,,,,,360000,,,,,,,,,0,0,28/06/2026 20:11:46,30/06/2026 13:43:06,28/06/2026 20:11:47,30/06/2026 13:43:06,,,TTS,Open/Target Collaboration
584753731602580855,1731317167366243548,[Quà tặng không bán] Bông Tắm Tạo Bọt Mềm Mịn,Mặc định,1731317148230255836,BONG TAM HQ,0,10450,VND,1,Thanh toán khi giao hàng,Đã hủy,lepetitmarseillaisvn,Phát trực tiếp,7656416732160674578,fixed commission,,,,,0,,,,,,,,,0,0,28/06/2026 20:23:18,,28/06/2026 20:23:19,,,,TTS,Open/Target Collaboration
584753731602580855,1732251815880067292,"Sữa Tắm Pháp Le Petit Marseillais Cho Nam Chiết Xuất Thiên Nhiên 4in1 Nhiều Mùi Hương Dưỡng Ẩm, Thơm Lâu - Phù Hợp Mọi Loại Da (250ml)","Hương Gỗ Tuyết Tùng & Dương Xỉ, Standard",1732251749141219548,ST01172,174250,282450,VND,1,Thanh toán khi giao hàng,Đã hủy,lepetitmarseillaisvn,Phát trực tiếp,7656416732160674578,fixed commission,,,,,174250,,,,,,,,,0,0,28/06/2026 20:23:18,,28/06/2026 20:23:19,,,,TTS,Open/Target Collaboration
584754078990763829,1732251815880067292,"Sữa Tắm Pháp Le Petit Marseillais Cho Nam Chiết Xuất Thiên Nhiên 4in1 Nhiều Mùi Hương Dưỡng Ẩm, Thơm Lâu - Phù Hợp Mọi Loại Da (250ml)","Hương Gỗ Tuyết Tùng & Dương Xỉ, Standard",1732251749141219548,ST01172,176300,282450,VND,1,Thanh toán khi giao hàng,Đang xử lý,lepetitmarseillaisvn,Phát trực tiếp,7656416732160674578,fixed commission,,,,,176300,,,,,,,,,0,0,28/06/2026 20:42:58,30/06/2026 20:59:22,28/06/2026 20:43:02,30/06/2026 20:59:22,,,TTS,Open/Target Collaboration
584754078990763829,1731317167366243548,[Quà tặng không bán] Bông Tắm Tạo Bọt Mềm Mịn,Mặc định,1731317148230255836,BONG TAM HQ,0,10450,VND,1,Thanh toán khi giao hàng,Đang xử lý,lepetitmarseillaisvn,Phát trực tiếp,7656416732160674578,fixed commission,,,,,0,,,,,,,,,0,0,28/06/2026 20:42:58,30/06/2026 20:59:22,28/06/2026 20:43:02,30/06/2026 20:59:22,,,TTS,Open/Target Collaboration
584754479552169608,1732250760944257244,"Sữa Tắm/Gel Tắm Pháp Le Petit Marseillais Chiết Xuất Thiên Nhiên 650ml - Sữa Tắm Lưu Hương Lành Tính - Dịu Nhẹ, An Toàn Cho Da","Thông & Bạch Đàn Biển, Standard",1732250801268689116,ST01902,395000,545267,VND,1,Thanh toán khi giao hàng,Đang xử lý,thaocanview,Video,7637538562224721172,fixed commission,,,,,395000,,,,3,11850,,,,0,0,28/06/2026 21:03:30,30/06/2026 19:37:30,28/06/2026 21:03:32,30/06/2026 19:37:30,,01/07/2026 07:09:13,TTS,Open/Target Collaboration
584754525013968237,1732252961260865756,"Dầu Gội Thiên Nhiên Le Petit Marseillais Nhiều Mùi Hương 250ml Dưỡng Ẩm, Thơm Lâu - Phù Hợp Mọi Loại Da",Trị Gàu 2 In 1 Tinh Dầu Bạc Hà,1732252943759018204,DG74042,270000,360450,VND,1,Không áp dụng thanh toán khi giao hàng,Đang xử lý,tuyetcookies,Video,7561391524253109512,fixed commission,,,,,270000,,,,3,8100,,,,0,0,28/06/2026 21:07:30,28/06/2026 21:07:41,28/06/2026 21:07:42,30/06/2026 11:26:03,,01/07/2026 09:21:00,TTS,Open/Target Collaboration
584754525013968237,1732252961260865756,"Dầu Gội Thiên Nhiên Le Petit Marseillais Nhiều Mùi Hương 250ml Dưỡng Ẩm, Thơm Lâu - Phù Hợp Mọi Loại Da",Tinh Dầu Chanh Vàng Hữu Cơ,1735769515978818780,DG74035,270000,360450,VND,1,Không áp dụng thanh toán khi giao hàng,Đang xử lý,tuyetcookies,Video,7561391524253109512,fixed commission,,,,,270000,,,,3,8100,,,,0,0,28/06/2026 21:07:30,28/06/2026 21:07:41,28/06/2026 21:07:42,30/06/2026 11:26:03,,01/07/2026 09:21:00,TTS,Open/Target Collaboration
584754743988357040,1732250928810920156,"Sữa Tắm/Gel Tắm Pháp Le Petit Marseillais Thiên Nhiên 250ml - Sữa Tắm Lưu Hương Lành Tính - Dịu Nhẹ, An Toàn Cho Da","Vani, Standard",1732250914985183452,ST00526,189000,282450,VND,1,Không áp dụng thanh toán khi giao hàng,Đang xử lý,iflytek02,Chương trình Lưu lượng truy cập bên ngoài,,fixed commission,,,,4,189000,7560,,,,,,,,0,0,28/06/2026 21:19:45,28/06/2026 21:21:01,28/06/2026 21:21:01,30/06/2026 09:41:39,,01/07/2026 07:14:07,TTS,Open/Target Collaboration
584754774368093663,1731317167366243548,[Quà tặng không bán] Bông Tắm Tạo Bọt Mềm Mịn,Mặc định,1731317148230255836,BONG TAM HQ,0,5700,VND,1,Không áp dụng thanh toán khi giao hàng,Đang xử lý,lepetitmarseillaisvn,Phát trực tiếp,7656416732160674578,fixed commission,,,,,0,,,,,,,,,0,0,28/06/2026 21:24:35,28/06/2026 21:24:40,28/06/2026 21:24:42,30/06/2026 09:27:18,,,TTS,Open/Target Collaboration
584754774368093663,1732250760944257244,"Sữa Tắm/Gel Tắm Pháp Le Petit Marseillais Chiết Xuất Thiên Nhiên 650ml - Sữa Tắm Lưu Hương Lành Tính - Dịu Nhẹ, An Toàn Cho Da","Hương Chanh & Bưởi Hồng, Standard",1732250801268820188,ST01868,400000,530400,VND,1,Không áp dụng thanh toán khi giao hàng,Đang xử lý,lepetitmarseillaisvn,Phát trực tiếp,7656416732160674578,fixed commission,,,,,400000,,,,,,,,,0,0,28/06/2026 21:24:35,28/06/2026 21:24:40,28/06/2026 21:24:42,30/06/2026 09:27:18,,,TTS,Open/Target Collaboration
584757293792396476,1732251815880067292,"Sữa Tắm Pháp Le Petit Marseillais Cho Nam Chiết Xuất Thiên Nhiên 4in1 Nhiều Mùi Hương Dưỡng Ẩm, Thơm Lâu - Phù Hợp Mọi Loại Da (250ml)","Hương Gỗ Tuyết Tùng & Dương Xỉ, Standard",1732251749141219548,ST01172,194750,295800,VND,1,Thanh toán khi giao hàng,Đang xử lý,huankosai,Video,7569974511534198023,fixed commission,,,,8,194750,15580,,,,,,,,0,0,29/06/2026 00:40:12,30/06/2026 16:06:34,29/06/2026 00:40:13,30/06/2026 16:06:34,,01/07/2026 08:16:42,TTS,Open/Target Collaboration
584757318743394287,1732251815880067292,"Sữa Tắm Pháp Le Petit Marseillais Cho Nam Chiết Xuất Thiên Nhiên 4in1 Nhiều Mùi Hương Dưỡng Ẩm, Thơm Lâu - Phù Hợp Mọi Loại Da (250ml)","Hương Gỗ Tuyết Tùng & Dương Xỉ, Standard",1732251749141219548,ST01172,160650,289550,VND,1,Thanh toán khi giao hàng,Đang xử lý,duongmanhkien19,Video,7578474458705382676,fixed commission,,,,,160650,,,,3,4820,,,,0,0,29/06/2026 00:49:09,30/06/2026 18:58:06,29/06/2026 00:49:10,30/06/2026 18:58:06,,01/07/2026 12:31:29,TTS,Open/Target Collaboration
584757318743394287,1731317167366243548,[Quà tặng không bán] Bông Tắm Tạo Bọt Mềm Mịn,Mặc định,1731317148230255836,BONG TAM HQ,0,17550,VND,1,Thanh toán khi giao hàng,Đang xử lý,lepetitmarseillaisvn,Phát trực tiếp,7656416732160674578,fixed commission,,,,,0,,,,,,,,,0,0,29/06/2026 00:49:09,30/06/2026 18:58:06,29/06/2026 00:49:10,30/06/2026 18:58:06,,01/07/2026 12:31:29,TTS,Open/Target Collaboration
584758401142130549,1732251815880067292,"Sữa Tắm Pháp Le Petit Marseillais Cho Nam Chiết Xuất Thiên Nhiên 4in1 Nhiều Mùi Hương Dưỡng Ẩm, Thơm Lâu - Phù Hợp Mọi Loại Da (250ml)","Hương Gỗ Tuyết Tùng & Dương Xỉ, Standard",1732251749141219548,ST01172,205000,286850,VND,1,Thanh toán khi giao hàng,Đang xử lý,duongmanhkien19,Video,7578474458705382676,fixed commission,,,,,205000,,,,3,6150,,,,0,0,29/06/2026 05:15:21,01/07/2026 16:38:01,29/06/2026 05:15:23,01/07/2026 16:38:01,,02/07/2026 08:29:36,TTS,Open/Target Collaboration
584759185509090959,1732250928810920156,"Sữa Tắm/Gel Tắm Pháp Le Petit Marseillais Thiên Nhiên 250ml - Sữa Tắm Lưu Hương Lành Tính - Dịu Nhẹ, An Toàn Cho Da","Quả Mâm Xôi & Hoa Mẫu Đơn, Standard",1732250914985052380,ST48441,158760,289550,VND,1,Thanh toán khi giao hàng,Đã hủy,ahau.phuongthao,Video,7654094102811659528,fixed commission,0,0,0,12,158760,19051,,,,,,,,0,0,29/06/2026 07:08:04,,29/06/2026 07:08:05,,,,TTS,Open/Target Collaboration
584759235623224975,1732250928810920156,"Sữa Tắm/Gel Tắm Pháp Le Petit Marseillais Thiên Nhiên 250ml - Sữa Tắm Lưu Hương Lành Tính - Dịu Nhẹ, An Toàn Cho Da","Quả Mâm Xôi & Hoa Mẫu Đơn, Standard",1732250914985052380,ST48441,158760,286850,VND,1,Thanh toán khi giao hàng,Đã hủy,ahau.phuongthao,Video,7654094102811659528,fixed commission,0,0,0,12,158760,19051,,,,,,,,0,0,29/06/2026 07:12:38,,29/06/2026 07:12:40,,,,TTS,Open/Target Collaboration
584759306944939667,1734496604995683548,Xà Phòng Le Petit Marseillais Chính Hãng Bánh Xà Phòng Tắm Thiên Nhiên (Ngẫu nhiên)  1 Bánh,Mặc định,1734496577198523612,1 BÁNH-XP,75000,163100,VND,2,Thanh toán khi giao hàng,Đang xử lý,onggiatichcuc79,Video,7650717585427795218,fixed commission,,,,6,150000,9000,,,,,,,,0,0,29/06/2026 07:18:19,30/06/2026 12:54:21,29/06/2026 07:18:20,30/06/2026 12:54:21,,01/07/2026 11:37:10,TTS,Open/Target Collaboration
584759869321414522,1732251815880067292,"Sữa Tắm Pháp Le Petit Marseillais Cho Nam Chiết Xuất Thiên Nhiên 4in1 Nhiều Mùi Hương Dưỡng Ẩm, Thơm Lâu - Phù Hợp Mọi Loại Da (250ml)","Hương Gỗ Tuyết Tùng & Dương Xỉ, Standard",1732251749141219548,ST01172,205000,295800,VND,1,Thanh toán khi giao hàng,Đang xử lý,duongmanhkien19,Video,7578474458705382676,fixed commission,,,,,205000,,,,3,6150,,,,0,0,29/06/2026 08:15:30,01/07/2026 11:30:44,29/06/2026 08:15:32,01/07/2026 11:30:44,,02/07/2026 10:20:06,TTS,Open/Target Collaboration
584760246860679038,1732251815880067292,"Sữa Tắm Pháp Le Petit Marseillais Cho Nam Chiết Xuất Thiên Nhiên 4in1 Nhiều Mùi Hương Dưỡng Ẩm, Thơm Lâu - Phù Hợp Mọi Loại Da (250ml)","Hương Gỗ Tuyết Tùng & Dương Xỉ, Standard",1732251749141219548,ST01172,205000,282450,VND,1,Thanh toán khi giao hàng,Đang xử lý,man.trung.737,Video,7595064670482877717,fixed commission,,,,,205000,,,,3,6150,,,,0,0,29/06/2026 08:46:37,30/06/2026 16:16:08,29/06/2026 08:46:39,30/06/2026 16:16:08,,01/07/2026 10:38:56,TTS,Open/Target Collaboration
584760356701504687,1732251815880067292,"Sữa Tắm Pháp Le Petit Marseillais Cho Nam Chiết Xuất Thiên Nhiên 4in1 Nhiều Mùi Hương Dưỡng Ẩm, Thơm Lâu - Phù Hợp Mọi Loại Da (250ml)","Hương Gỗ Tuyết Tùng & Dương Xỉ, Standard",1732251749141219548,ST01172,169626,279900,VND,1,Không áp dụng thanh toán khi giao hàng,Đã hủy,khoecungcang,Chương trình Lưu lượng truy cập bên ngoài,,fixed commission,,,,8,169626,13570,,,,,,,,0,0,29/06/2026 08:48:49,29/06/2026 08:48:55,29/06/2026 08:48:55,,,,TTS,Open/Target Collaboration
584760692238288208,1732250760944257244,"Sữa Tắm/Gel Tắm Pháp Le Petit Marseillais Chiết Xuất Thiên Nhiên 650ml - Sữa Tắm Lưu Hương Lành Tính - Dịu Nhẹ, An Toàn Cho Da","Đào Trắng & Quả Xuân Đào, Standard",1732250801269016796,ST01288,395000,533733,VND,1,Thanh toán khi giao hàng,Đang xử lý,taphoacoquyenls,Video,7655900551871270151,fixed commission,,,,8,395000,31600,,,,,,,,0,0,29/06/2026 09:20:40,30/06/2026 19:39:55,29/06/2026 09:20:41,30/06/2026 19:39:55,,01/07/2026 08:08:49,TTS,Open/Target Collaboration
584760683692590416,1732252957247965404,"Dầu Gội Le Petit Marseillais Nhiều Mùi Hương 300ml Dưỡng Ẩm, Thơm Lâu - Phù Hợp Mọi Loại Da",Táo & Oliu,1732252922366494940,DG31372,420000,565900,VND,1,Thanh toán khi giao hàng,Đang xử lý,haiidaynek,Video,7548126556418264327,fixed commission,,,,8,420000,33600,,,,,,,,0,0,29/06/2026 09:21:56,30/06/2026 19:39:53,29/06/2026 09:21:57,30/06/2026 19:39:53,,01/07/2026 08:02:17,TTS,Open/Target Collaboration
584761147200145202,1732251815880067292,"Sữa Tắm Pháp Le Petit Marseillais Cho Nam Chiết Xuất Thiên Nhiên 4in1 Nhiều Mùi Hương Dưỡng Ẩm, Thơm Lâu - Phù Hợp Mọi Loại Da (250ml)","Hương Thông & Bạch Đàn Biển, Standard",1732251749141154012,ST01356,205000,286850,VND,1,Thanh toán khi giao hàng,Đang xử lý,duongmanhkien19,Video,7578474458705382676,fixed commission,,,,,205000,,,,3,6150,,,,0,0,29/06/2026 09:54:20,30/06/2026 21:01:26,29/06/2026 09:54:22,30/06/2026 21:01:26,,01/07/2026 10:06:07,TTS,Open/Target Collaboration
584766486964045261,1732251815880067292,"Sữa Tắm Pháp Le Petit Marseillais Cho Nam Chiết Xuất Thiên Nhiên 4in1 Nhiều Mùi Hương Dưỡng Ẩm, Thơm Lâu - Phù Hợp Mọi Loại Da (250ml)","Hương Thông & Bạch Đàn Biển, Standard",1732251749141154012,ST01356,205000,283850,VND,1,Thanh toán khi giao hàng,Đang xử lý,duongmanhkien19,Video,7589190858113649928,fixed commission,,,,,205000,,,,3,6150,,,,0,0,29/06/2026 15:48:25,01/07/2026 20:21:20,29/06/2026 15:48:27,01/07/2026 20:21:20,,02/07/2026 09:05:31,TTS,Open/Target Collaboration
584767835747157305,1732250928810920156,"Sữa Tắm/Gel Tắm Pháp Le Petit Marseillais Thiên Nhiên 250ml - Sữa Tắm Lưu Hương Lành Tính - Dịu Nhẹ, An Toàn Cho Da","Đào Trắng & Quả Xuân Đào, Standard",1732250914985380060,ST01240,205000,283850,VND,1,Thanh toán khi giao hàng,Đang xử lý,ahau.phuongthao,Video,7654565393536748818,fixed commission,,,,,205000,,,,2,4100,,,,0,0,29/06/2026 17:37:50,01/07/2026 19:44:25,29/06/2026 17:37:52,01/07/2026 19:44:25,,02/07/2026 08:44:32,TTS,Open/Target Collaboration
584770915288384846,1732250928810920156,"Sữa Tắm/Gel Tắm Pháp Le Petit Marseillais Thiên Nhiên 250ml - Sữa Tắm Lưu Hương Lành Tính - Dịu Nhẹ, An Toàn Cho Da","Quả Mâm Xôi & Hoa Mẫu Đơn, Standard",1732250914985052380,ST48441,205000,277350,VND,1,Không áp dụng thanh toán khi giao hàng,Đang xử lý,ahau.phuongthao,Video,7654565393536748818,fixed commission,,,,,205000,,,,2,4100,,,,0,0,29/06/2026 20:49:52,29/06/2026 20:49:59,29/06/2026 20:49:59,01/07/2026 11:09:45,,02/07/2026 11:29:37,TTS,Open/Target Collaboration
584772782068172396,1732250928810920156,"Sữa Tắm/Gel Tắm Pháp Le Petit Marseillais Thiên Nhiên 250ml - Sữa Tắm Lưu Hương Lành Tính - Dịu Nhẹ, An Toàn Cho Da","Đào Trắng & Quả Xuân Đào, Standard",1732250914985380060,ST01240,205000,286550,VND,1,Thanh toán khi giao hàng,Đang xử lý,ahau.phuongthao,Video,7654094102811659528,fixed commission,,,,12,205000,24600,,,,,,,,0,0,29/06/2026 22:37:38,01/07/2026 15:44:40,29/06/2026 22:37:39,01/07/2026 15:44:40,,,TTS,Open/Target Collaboration
584773090362164774,1732250928810920156,"Sữa Tắm/Gel Tắm Pháp Le Petit Marseillais Thiên Nhiên 250ml - Sữa Tắm Lưu Hương Lành Tính - Dịu Nhẹ, An Toàn Cho Da","Xoài & Chanh Dây, Standard",1732250914984986844,ST99622,200000,276773,VND,1,Thanh toán khi giao hàng,Đang xử lý,ahau.phuongthao,Video,7654565393536748818,fixed commission,,,,,200000,,,,2,4000,,,,0,0,29/06/2026 23:02:38,01/07/2026 11:27:17,29/06/2026 23:02:39,01/07/2026 11:27:17,,02/07/2026 10:37:11,TTS,Open/Target Collaboration
584773090362164774,1732250928810920156,"Sữa Tắm/Gel Tắm Pháp Le Petit Marseillais Thiên Nhiên 250ml - Sữa Tắm Lưu Hương Lành Tính - Dịu Nhẹ, An Toàn Cho Da","Quả Mâm Xôi & Hoa Mẫu Đơn, Standard",1732250914985052380,ST48441,200000,276772,VND,1,Thanh toán khi giao hàng,Đang xử lý,ahau.phuongthao,Video,7654565393536748818,fixed commission,,,,,200000,,,,2,4000,,,,0,0,29/06/2026 23:02:38,01/07/2026 11:27:17,29/06/2026 23:02:39,01/07/2026 11:27:17,,02/07/2026 10:37:11,TTS,Open/Target Collaboration
584773480440103957,1732252961260865756,"Dầu Gội Thiên Nhiên Le Petit Marseillais Nhiều Mùi Hương 250ml Dưỡng Ẩm, Thơm Lâu - Phù Hợp Mọi Loại Da",Phục Hồi Chuyên Sâu Dầu Jojoba,1732252943759083740,DG60650,267000,343000,VND,1,Không áp dụng thanh toán khi giao hàng,Đang xử lý,beone.live,Chương trình Lưu lượng truy cập bên ngoài,,fixed commission,,,,4,267000,10680,,,,,,,,0,0,29/06/2026 23:35:03,29/06/2026 23:35:40,29/06/2026 23:35:41,01/07/2026 10:30:12,,02/07/2026 09:19:21,TTS,Open/Target Collaboration
584774612378027104,1732251815880067292,"Sữa Tắm Pháp Le Petit Marseillais Cho Nam Chiết Xuất Thiên Nhiên 4in1 Nhiều Mùi Hương Dưỡng Ẩm, Thơm Lâu - Phù Hợp Mọi Loại Da (250ml)","Hương Gỗ Tuyết Tùng & Dương Xỉ, Standard",1732251749141219548,ST01172,205000,276900,VND,1,Thanh toán khi giao hàng,Đã hủy,man.trung.737,Video,7595064670482877717,fixed commission,0,0,0,,205000,,,,3,6150,,,,0,0,30/06/2026 02:48:43,,30/06/2026 02:48:44,,,,TTS,Open/Target Collaboration
584774627981624743,1731317167366243548,[Quà tặng không bán] Bông Tắm Tạo Bọt Mềm Mịn,Mặc định,1731317148230255836,BONG TAM HQ,0,2400,VND,1,Thanh toán khi giao hàng,Đang xử lý,lepetitmarseillaisvn,Phát trực tiếp,7655335633665592071,fixed commission,,,,,0,,,,,,,,,0,0,30/06/2026 02:51:06,02/07/2026 18:54:02,30/06/2026 02:51:07,02/07/2026 18:54:02,,03/07/2026 12:00:09,TTS,Open/Target Collaboration
584774627981624743,1732250928810920156,"Sữa Tắm/Gel Tắm Pháp Le Petit Marseillais Thiên Nhiên 250ml - Sữa Tắm Lưu Hương Lành Tính - Dịu Nhẹ, An Toàn Cho Da","Xoài & Chanh Dây, Standard",1732250914984986844,ST99622,205000,271400,VND,1,Thanh toán khi giao hàng,Đang xử lý,mandepcungyen,Video,7656840324077161748,fixed commission,,,,10,205000,20500,,,,,,,,0,0,30/06/2026 02:51:06,02/07/2026 18:54:02,30/06/2026 02:51:07,02/07/2026 18:54:02,,03/07/2026 12:00:09,TTS,Open/Target Collaboration
584774693219959870,1732252961260865756,"Dầu Gội Thiên Nhiên Le Petit Marseillais Nhiều Mùi Hương 250ml Dưỡng Ẩm, Thơm Lâu - Phù Hợp Mọi Loại Da",Thải Độc Với Chiết Xuất Trà Xanh Hữu Cơ,1735769515978753244,DG37467,267000,343000,VND,1,Thanh toán khi giao hàng,Đang xử lý,tuyetcookies,Video,7561391524253109512,fixed commission,,,,,267000,,,,3,8010,,,,0,0,30/06/2026 03:19:50,01/07/2026 13:50:53,30/06/2026 03:19:51,01/07/2026 13:50:53,,02/07/2026 11:22:16,TTS,Open/Target Collaboration
584774756538681133,1732251815880067292,"Sữa Tắm Pháp Le Petit Marseillais Cho Nam Chiết Xuất Thiên Nhiên 4in1 Nhiều Mùi Hương Dưỡng Ẩm, Thơm Lâu - Phù Hợp Mọi Loại Da (250ml)","Hương Gỗ Tuyết Tùng & Dương Xỉ, Standard",1732251749141219548,ST01172,205000,286550,VND,1,Thanh toán khi giao hàng,Đã hủy,duongmanhkien19,Video,7578474458705382676,fixed commission,0,0,0,,205000,,,,3,6150,,,,0,0,30/06/2026 03:36:18,,30/06/2026 03:36:20,,,,TTS,Open/Target Collaboration
584775999986566271,1732252961260865756,"Dầu Gội Thiên Nhiên Le Petit Marseillais Nhiều Mùi Hương 250ml Dưỡng Ẩm, Thơm Lâu - Phù Hợp Mọi Loại Da",Thải Độc Với Chiết Xuất Trà Xanh Hữu Cơ,1735769515978753244,DG37467,267000,343000,VND,1,Thanh toán khi giao hàng,Đang xử lý,ngocdailyvlog,Video,7580781933962071314,fixed commission,,,,8,267000,21360,,,,,,,,0,0,30/06/2026 07:07:48,02/07/2026 19:04:21,30/06/2026 07:08:19,02/07/2026 19:04:21,,03/07/2026 13:06:39,TTS,Open/Target Collaboration
584779047256687813,1732250928810920156,"Sữa Tắm/Gel Tắm Pháp Le Petit Marseillais Thiên Nhiên 250ml - Sữa Tắm Lưu Hương Lành Tính - Dịu Nhẹ, An Toàn Cho Da","Xoài & Chanh Dây, Standard",1732250914984986844,ST99622,205000,283850,VND,1,Thanh toán khi giao hàng,Đang xử lý,ahau.phuongthao,Video,7654565393536748818,fixed commission,,,,,205000,,,,2,4100,,,,0,0,30/06/2026 11:02:06,01/07/2026 17:24:06,30/06/2026 11:02:07,01/07/2026 17:24:06,,02/07/2026 09:21:31,TTS,Open/Target Collaboration
584780352853083422,1732251815880067292,"Sữa Tắm Pháp Le Petit Marseillais Cho Nam Chiết Xuất Thiên Nhiên 4in1 Nhiều Mùi Hương Dưỡng Ẩm, Thơm Lâu - Phù Hợp Mọi Loại Da (250ml)","Hương Gỗ Tuyết Tùng & Dương Xỉ, Standard",1732251749141219548,ST01172,174250,276900,VND,1,Không áp dụng thanh toán khi giao hàng,Đang xử lý,tuyetcookies,Video,7561391524253109512,fixed commission,,,,8,174250,13940,,,,,,,,0,0,30/06/2026 12:27:31,30/06/2026 12:27:36,30/06/2026 12:27:37,01/07/2026 09:14:31,,02/07/2026 10:45:53,TTS,Open/Target Collaboration
584780428319753502,1732250760944257244,"Sữa Tắm/Gel Tắm Pháp Le Petit Marseillais Chiết Xuất Thiên Nhiên 650ml - Sữa Tắm Lưu Hương Lành Tính - Dịu Nhẹ, An Toàn Cho Da","Thông & Bạch Đàn Biển, Standard",1732250801268689116,ST01902,323900,510400,VND,1,Không áp dụng thanh toán khi giao hàng,Đang xử lý,tuyetcookies,Video,7561391524253109512,fixed commission,,,,8,323900,25912,,,,,,,,0,0,30/06/2026 12:30:29,30/06/2026 12:30:35,30/06/2026 12:30:39,01/07/2026 09:14:30,,02/07/2026 11:10:55,TTS,Open/Target Collaboration
584781139194251193,1732251815880067292,"Sữa Tắm Pháp Le Petit Marseillais Cho Nam Chiết Xuất Thiên Nhiên 4in1 Nhiều Mùi Hương Dưỡng Ẩm, Thơm Lâu - Phù Hợp Mọi Loại Da (250ml)","Hương Gỗ Tuyết Tùng & Dương Xỉ, Standard",1732251749141219548,ST01172,195000,289700,VND,1,Thanh toán khi giao hàng,Đã hủy,duongmanhkien19,Video,7578474458705382676,fixed commission,0,0,0,,195000,,,,3,5850,,,,0,0,30/06/2026 13:16:35,,30/06/2026 13:16:36,,,,TTS,Open/Target Collaboration
584781224226424295,1735792288903169244,Sữa Tắm Dạng Kem Le Petit Marseillais Hạnh Nhân 250ml - 92% Thiên Nhiên Siêu Dịu Nhẹ,Mặc định,1735792317060973788,ST00892,200000,276022,VND,1,Thanh toán khi giao hàng,Đang xử lý,ngc.huyn.n8,Chương trình Lưu lượng truy cập bên ngoài,,fixed commission,,,,4,200000,8000,,,,,,,,0,0,30/06/2026 13:23:42,01/07/2026 18:32:41,30/06/2026 13:23:44,01/07/2026 18:32:41,,02/07/2026 12:13:43,TTS,Open/Target Collaboration
584781719926572755,1734496604995683548,Xà Phòng Le Petit Marseillais Chính Hãng Bánh Xà Phòng Tắm Thiên Nhiên (Ngẫu nhiên)  1 Bánh,Mặc định,1734496577198523612,1 BÁNH-XP,75000,101200,VND,1,Thanh toán khi giao hàng,Đang xử lý,onggiatichcuc79,Video,7652811158407138567,fixed commission,,,,6,75000,4500,,,,,,,,0,0,30/06/2026 13:53:45,01/07/2026 17:14:36,30/06/2026 13:53:47,01/07/2026 17:14:36,,02/07/2026 12:05:07,TTS,Open/Target Collaboration
584781889196295845,1732251815880067292,"Sữa Tắm Pháp Le Petit Marseillais Cho Nam Chiết Xuất Thiên Nhiên 4in1 Nhiều Mùi Hương Dưỡng Ẩm, Thơm Lâu - Phù Hợp Mọi Loại Da (250ml)","Hương Thông & Bạch Đàn Biển, Standard",1732251749141154012,ST01356,174250,451023,VND,2,Thanh toán khi giao hàng,Đang xử lý,lepetitmarseillaisvn,Phát trực tiếp,7657078744301161237,fixed commission,,,,,348500,,,,,,,,,0,0,30/06/2026 14:08:09,01/07/2026 15:03:16,30/06/2026 14:08:11,01/07/2026 15:03:16,,,TTS,Open/Target Collaboration
584781931530388625,1732251815880067292,"Sữa Tắm Pháp Le Petit Marseillais Cho Nam Chiết Xuất Thiên Nhiên 4in1 Nhiều Mùi Hương Dưỡng Ẩm, Thơm Lâu - Phù Hợp Mọi Loại Da (250ml)","Hương Thông & Bạch Đàn Biển, Standard",1732251749141154012,ST01356,205000,286909,VND,1,Không áp dụng thanh toán khi giao hàng,Đang xử lý,duongmanhkien19,Video,7589190858113649928,fixed commission,,,,,205000,,,,3,6150,,,,0,0,30/06/2026 14:09:42,30/06/2026 14:09:46,30/06/2026 14:09:48,01/07/2026 11:10:32,,02/07/2026 08:52:49,TTS,Open/Target Collaboration
584781931530388625,1732251815880067292,"Sữa Tắm Pháp Le Petit Marseillais Cho Nam Chiết Xuất Thiên Nhiên 4in1 Nhiều Mùi Hương Dưỡng Ẩm, Thơm Lâu - Phù Hợp Mọi Loại Da (250ml)","Hương Gỗ Tuyết Tùng & Dương Xỉ, Standard",1732251749141219548,ST01172,205000,286909,VND,1,Không áp dụng thanh toán khi giao hàng,Đang xử lý,duongmanhkien19,Video,7589190858113649928,fixed commission,,,,,205000,,,,3,6150,,,,0,0,30/06/2026 14:09:42,30/06/2026 14:09:46,30/06/2026 14:09:48,01/07/2026 11:10:32,,02/07/2026 08:52:49,TTS,Open/Target Collaboration
584781973563738054,1731317167366243548,[Quà tặng không bán] Bông Tắm Tạo Bọt Mềm Mịn,Mặc định,1731317148230255836,BONG TAM HQ,0,7900,VND,1,Thanh toán khi giao hàng,Đã hủy,lepetitmarseillaisvn,Phát trực tiếp,7657078744301161237,fixed commission,,,,,0,,,,,,,,,0,0,30/06/2026 14:10:46,,30/06/2026 14:10:48,,,,TTS,Open/Target Collaboration
584781973563738054,1732251815880067292,"Sữa Tắm Pháp Le Petit Marseillais Cho Nam Chiết Xuất Thiên Nhiên 4in1 Nhiều Mùi Hương Dưỡng Ẩm, Thơm Lâu - Phù Hợp Mọi Loại Da (250ml)","Hương Gỗ Tuyết Tùng & Dương Xỉ, Standard",1732251749141219548,ST01172,174250,276900,VND,1,Thanh toán khi giao hàng,Đã hủy,lepetitmarseillaisvn,Phát trực tiếp,7657078744301161237,fixed commission,,,,,174250,,,,,,,,,0,0,30/06/2026 14:10:46,,30/06/2026 14:10:48,,,,TTS,Open/Target Collaboration
584782041629296034,1731317167366243548,[Quà tặng không bán] Bông Tắm Tạo Bọt Mềm Mịn,Mặc định,1731317148230255836,BONG TAM HQ,0,7900,VND,1,Thanh toán khi giao hàng,Đang xử lý,lepetitmarseillaisvn,Phát trực tiếp,7657078744301161237,fixed commission,,,,,0,,,,,,,,,0,0,30/06/2026 14:12:00,01/07/2026 12:21:44,30/06/2026 14:12:02,01/07/2026 12:21:44,,,TTS,Open/Target Collaboration
584782041629296034,1732250928810920156,"Sữa Tắm/Gel Tắm Pháp Le Petit Marseillais Thiên Nhiên 250ml - Sữa Tắm Lưu Hương Lành Tính - Dịu Nhẹ, An Toàn Cho Da","Muối Biển, Standard",1732250914984790236,ST54463,184500,276900,VND,1,Thanh toán khi giao hàng,Đang xử lý,lepetitmarseillaisvn,Phát trực tiếp,7657078744301161237,fixed commission,,,,,184500,,,,,,,,,0,0,30/06/2026 14:12:00,01/07/2026 12:21:44,30/06/2026 14:12:02,01/07/2026 12:21:44,,,TTS,Open/Target Collaboration
584782059203626365,1732251815880067292,"Sữa Tắm Pháp Le Petit Marseillais Cho Nam Chiết Xuất Thiên Nhiên 4in1 Nhiều Mùi Hương Dưỡng Ẩm, Thơm Lâu - Phù Hợp Mọi Loại Da (250ml)","Hương Gỗ Tuyết Tùng & Dương Xỉ, Standard",1732251749141219548,ST01172,205000,269000,VND,1,Không áp dụng thanh toán khi giao hàng,Đang xử lý,tanrhm19,Trưng bày,,fixed commission,,,,8,205000,16400,,,,,,,,0,0,30/06/2026 14:16:57,30/06/2026 14:17:08,30/06/2026 14:17:09,01/07/2026 10:25:32,,02/07/2026 09:14:46,TTS,Open/Target Collaboration
584782307747333329,1732251815880067292,"Sữa Tắm Pháp Le Petit Marseillais Cho Nam Chiết Xuất Thiên Nhiên 4in1 Nhiều Mùi Hương Dưỡng Ẩm, Thơm Lâu - Phù Hợp Mọi Loại Da (250ml)","Hương Gỗ Tuyết Tùng & Dương Xỉ, Standard",1732251749141219548,ST01172,184500,279450,VND,1,Thanh toán khi giao hàng,Đang xử lý,lepetitmarseillaisvn,Phát trực tiếp,7657078744301161237,fixed commission,,,,,184500,,,,,,,,,0,0,30/06/2026 14:34:06,01/07/2026 14:50:50,30/06/2026 14:34:07,01/07/2026 14:50:50,,,TTS,Open/Target Collaboration
584782307747333329,1731317167366243548,[Quà tặng không bán] Bông Tắm Tạo Bọt Mềm Mịn,Mặc định,1731317148230255836,BONG TAM HQ,0,10450,VND,1,Thanh toán khi giao hàng,Đang xử lý,lepetitmarseillaisvn,Phát trực tiếp,7657078744301161237,fixed commission,,,,,0,,,,,,,,,0,0,30/06/2026 14:34:06,01/07/2026 14:50:50,30/06/2026 14:34:07,01/07/2026 14:50:50,,,TTS,Open/Target Collaboration
584782350673872838,1734496604995683548,Xà Phòng Le Petit Marseillais Chính Hãng Bánh Xà Phòng Tắm Thiên Nhiên (Ngẫu nhiên)  1 Bánh,Mặc định,1734496577198523612,1 BÁNH-XP,0,2257,VND,1,Thanh toán khi giao hàng,Đang xử lý,lepetitmarseillaisvn,Phát trực tiếp,7657078744301161237,fixed commission,,,,,0,,,,,,,,,0,0,30/06/2026 14:39:14,01/07/2026 19:57:22,30/06/2026 14:39:15,01/07/2026 19:57:22,,,TTS,Open/Target Collaboration
584782350673872838,1735910664928920796,Combo 2 Sữa Tắm Nam Le Petit Marseillais 4in1 Cho Tóc Mặt Râu Toàn Thân 250ml,"Thông Biển & Bạch Đàn, Gỗ Tuyết Tùng Và Dương Xỉ",1735912571878606044,ST01356 + ST01172,321300,551543,VND,1,Thanh toán khi giao hàng,Đang xử lý,lepetitmarseillaisvn,Phát trực tiếp,7657078744301161237,fixed commission,,,,,321300,,,,,,,,,0,0,30/06/2026 14:39:14,01/07/2026 19:57:22,30/06/2026 14:39:15,01/07/2026 19:57:22,,,TTS,Open/Target Collaboration
584784745599436223,1732250760944257244,"Sữa Tắm/Gel Tắm Pháp Le Petit Marseillais Chiết Xuất Thiên Nhiên 650ml - Sữa Tắm Lưu Hương Lành Tính - Dịu Nhẹ, An Toàn Cho Da","Thông & Bạch Đàn Biển, Standard",1732250801268689116,ST01902,394000,521667,VND,1,Không áp dụng thanh toán khi giao hàng,Đang xử lý,anhlorenhehehe,Video,7493531443268717842,fixed commission,,,,8,394000,31520,,,,,,,,0,0,30/06/2026 17:28:16,30/06/2026 17:28:21,30/06/2026 17:28:23,02/07/2026 11:19:45,,03/07/2026 12:07:02,TTS,Open/Target Collaboration
584786458719388860,1732251815880067292,"Sữa Tắm Pháp Le Petit Marseillais Cho Nam Chiết Xuất Thiên Nhiên 4in1 Nhiều Mùi Hương Dưỡng Ẩm, Thơm Lâu - Phù Hợp Mọi Loại Da (250ml)","Hương Gỗ Tuyết Tùng & Dương Xỉ, Standard",1732251749141219548,ST01172,205000,276900,VND,1,Thanh toán khi giao hàng,Đang xử lý,man.trung.737,Video,7595064670482877717,fixed commission,,,,,205000,,,,3,6150,,,,0,0,30/06/2026 19:18:19,02/07/2026 20:57:08,30/06/2026 19:18:21,02/07/2026 20:57:08,,03/07/2026 07:00:48,TTS,Open/Target Collaboration
584786534501287399,1732251815880067292,"Sữa Tắm Pháp Le Petit Marseillais Cho Nam Chiết Xuất Thiên Nhiên 4in1 Nhiều Mùi Hương Dưỡng Ẩm, Thơm Lâu - Phù Hợp Mọi Loại Da (250ml)","Hương Gỗ Tuyết Tùng & Dương Xỉ, Standard",1732251749141219548,ST01172,176300,460755,VND,2,Thanh toán khi giao hàng,Đang xử lý,man.trung.737,Video,7595064670482877717,fixed commission,,,,,352600,,,,3,10578,,,,0,0,30/06/2026 19:21:30,02/07/2026 16:37:06,30/06/2026 19:21:31,02/07/2026 16:37:06,,03/07/2026 11:52:28,TTS,Open/Target Collaboration
584787436143740499,1732251815880067292,"Sữa Tắm Pháp Le Petit Marseillais Cho Nam Chiết Xuất Thiên Nhiên 4in1 Nhiều Mùi Hương Dưỡng Ẩm, Thơm Lâu - Phù Hợp Mọi Loại Da (250ml)","Hương Cam & Tinh Dầu Argan, Standard",1732251749141022940,ST01431,205000,283850,VND,1,Không áp dụng thanh toán khi giao hàng,Đang xử lý,duongmanhkien19,Video,7589190858113649928,fixed commission,,,,8,205000,16400,,,,,,,,0,0,30/06/2026 20:15:18,30/06/2026 20:15:23,30/06/2026 20:15:24,02/07/2026 09:53:51,,03/07/2026 12:05:01,TTS,Open/Target Collaboration
584787334455854605,1732251815880067292,"Sữa Tắm Pháp Le Petit Marseillais Cho Nam Chiết Xuất Thiên Nhiên 4in1 Nhiều Mùi Hương Dưỡng Ẩm, Thơm Lâu - Phù Hợp Mọi Loại Da (250ml)","Hương Gỗ Tuyết Tùng & Dương Xỉ, Standard",1732251749141219548,ST01172,205000,275300,VND,1,Thanh toán khi giao hàng,Đang xử lý,duongmanhkien19,Video,7578474458705382676,fixed commission,,,,,205000,,,,3,6150,,,,0,0,30/06/2026 20:15:21,02/07/2026 11:26:48,30/06/2026 20:15:23,02/07/2026 11:26:48,,03/07/2026 09:22:27,TTS,Open/Target Collaboration
584788366465992611,1732250760944257244,"Sữa Tắm/Gel Tắm Pháp Le Petit Marseillais Chiết Xuất Thiên Nhiên 650ml - Sữa Tắm Lưu Hương Lành Tính - Dịu Nhẹ, An Toàn Cho Da","Hoa Tiare, Standard",1732250801268885724,ST68816,395000,510400,VND,1,Thanh toán khi giao hàng,Đang xử lý,thaocanview,Video,7637538562224721172,fixed commission,,,,,395000,,,,3,11850,,,,0,0,30/06/2026 21:07:05,02/07/2026 20:05:26,30/06/2026 21:07:06,02/07/2026 20:05:26,,03/07/2026 11:57:37,TTS,Open/Target Collaboration
584788485599167600,1732251815880067292,"Sữa Tắm Pháp Le Petit Marseillais Cho Nam Chiết Xuất Thiên Nhiên 4in1 Nhiều Mùi Hương Dưỡng Ẩm, Thơm Lâu - Phù Hợp Mọi Loại Da (250ml)","Hương Gỗ Tuyết Tùng & Dương Xỉ, Standard",1732251749141219548,ST01172,205000,276900,VND,1,Thanh toán khi giao hàng,Đang xử lý,duongmanhkien19,Video,7578474458705382676,fixed commission,,,,,205000,,,,3,6150,,,,0,0,30/06/2026 21:15:09,02/07/2026 12:27:11,30/06/2026 21:15:10,02/07/2026 12:27:11,,03/07/2026 07:28:19,TTS,Open/Target Collaboration
584788687976040026,1731317167366243548,[Quà tặng không bán] Bông Tắm Tạo Bọt Mềm Mịn,Mặc định,1731317148230255836,BONG TAM HQ,0,5700,VND,1,Thanh toán khi giao hàng,Đang xử lý,lepetitmarseillaisvn,Phát trực tiếp,7657078744301161237,fixed commission,,,,,0,,,,,,,,,0,0,30/06/2026 21:28:14,02/07/2026 12:53:35,30/06/2026 21:28:15,02/07/2026 12:53:35,,03/07/2026 10:46:34,TTS,Open/Target Collaboration
584788687976040026,1732250760944257244,"Sữa Tắm/Gel Tắm Pháp Le Petit Marseillais Chiết Xuất Thiên Nhiên 650ml - Sữa Tắm Lưu Hương Lành Tính - Dịu Nhẹ, An Toàn Cho Da","Vani, Standard",1732250801269082332,ST00557,335750,510400,VND,1,Thanh toán khi giao hàng,Đang xử lý,emkimtaphoa,Video,7642619628870634772,fixed commission,,,,8,335750,26860,,,,,,,,0,0,30/06/2026 21:28:14,02/07/2026 12:53:35,30/06/2026 21:28:15,02/07/2026 12:53:35,,03/07/2026 10:46:34,TTS,Open/Target Collaboration
584789026101299080,1732251815880067292,"Sữa Tắm Pháp Le Petit Marseillais Cho Nam Chiết Xuất Thiên Nhiên 4in1 Nhiều Mùi Hương Dưỡng Ẩm, Thơm Lâu - Phù Hợp Mọi Loại Da (250ml)","Hương Gỗ Tuyết Tùng & Dương Xỉ, Standard",1732251749141219548,ST01172,205000,279450,VND,1,Thanh toán khi giao hàng,Đang xử lý,duongmanhkien19,Video,7578474458705382676,fixed commission,,,,,205000,,,,3,6150,,,,0,0,30/06/2026 21:43:13,02/07/2026 12:54:37,30/06/2026 21:43:16,02/07/2026 12:54:37,,03/07/2026 07:11:47,TTS,Open/Target Collaboration
584788930513307322,1735772848419341532,Sữa Tắm Le Petit Marseillais Cam Hữu Cơ & Bưởi Hữu Cơ 92% Tự Nhiên 650ml,Mặc định,1735773021597041884,ST01868,330960,519400,VND,1,Thanh toán khi giao hàng,Đang xử lý,gonpinkk,Phát trực tiếp,7657142494173367061,fixed commission,,,,8,330960,26477,,,,,,,,0,0,30/06/2026 21:43:54,02/07/2026 12:32:30,30/06/2026 21:43:55,02/07/2026 12:32:30,,03/07/2026 11:31:59,TTS,Open/Target Collaboration
584789094893914036,1732251815880067292,"Sữa Tắm Pháp Le Petit Marseillais Cho Nam Chiết Xuất Thiên Nhiên 4in1 Nhiều Mùi Hương Dưỡng Ẩm, Thơm Lâu - Phù Hợp Mọi Loại Da (250ml)","Hương Thông & Bạch Đàn Biển, Standard",1732251749141154012,ST01356,185000,283850,VND,1,Thanh toán khi giao hàng,Đang xử lý,chongsalyyyyy,Video,7590981447582780680,fixed commission,,,,8,185000,14800,,,,,,,,0,0,30/06/2026 21:48:41,02/07/2026 21:06:53,30/06/2026 21:48:42,02/07/2026 21:06:53,,03/07/2026 07:09:37,TTS,Open/Target Collaboration
584789364571604786,1732251815880067292,"Sữa Tắm Pháp Le Petit Marseillais Cho Nam Chiết Xuất Thiên Nhiên 4in1 Nhiều Mùi Hương Dưỡng Ẩm, Thơm Lâu - Phù Hợp Mọi Loại Da (250ml)","Hương Gỗ Tuyết Tùng & Dương Xỉ, Standard",1732251749141219548,ST01172,205000,283850,VND,1,Thanh toán khi giao hàng,Đang xử lý,duongmanhkien19,Video,7578474458705382676,fixed commission,,,,,205000,,,,3,6150,,,,0,0,30/06/2026 22:08:24,02/07/2026 07:38:24,30/06/2026 22:08:25,02/07/2026 07:38:24,,03/07/2026 10:38:28,TTS,Open/Target Collaboration
584789599710381368,1732251815880067292,"Sữa Tắm Pháp Le Petit Marseillais Cho Nam Chiết Xuất Thiên Nhiên 4in1 Nhiều Mùi Hương Dưỡng Ẩm, Thơm Lâu - Phù Hợp Mọi Loại Da (250ml)","Hương Gỗ Tuyết Tùng & Dương Xỉ, Standard",1732251749141219548,ST01172,205000,276900,VND,1,Không áp dụng thanh toán khi giao hàng,Đang xử lý,xinh.thao1,Chương trình Lưu lượng truy cập bên ngoài,,fixed commission,,,,4,205000,8200,,,,,,,,0,0,30/06/2026 22:19:09,30/06/2026 22:19:13,30/06/2026 22:19:16,02/07/2026 10:54:52,,03/07/2026 07:49:20,TTS,Open/Target Collaboration
584789585692623979,1732251815880067292,"Sữa Tắm Pháp Le Petit Marseillais Cho Nam Chiết Xuất Thiên Nhiên 4in1 Nhiều Mùi Hương Dưỡng Ẩm, Thơm Lâu - Phù Hợp Mọi Loại Da (250ml)","Hương Gỗ Tuyết Tùng & Dương Xỉ, Standard",1732251749141219548,ST01172,205000,286550,VND,1,Thanh toán khi giao hàng,Đang xử lý,duongmanhkien19,Video,7578474458705382676,fixed commission,,,,,205000,,,,3,6150,,,,1,0,30/06/2026 22:20:10,02/07/2026 12:54:43,30/06/2026 22:20:12,02/07/2026 12:54:43,,03/07/2026 12:15:15,TTS,Open/Target Collaboration
584789677443483341,1732251815880067292,"Sữa Tắm Pháp Le Petit Marseillais Cho Nam Chiết Xuất Thiên Nhiên 4in1 Nhiều Mùi Hương Dưỡng Ẩm, Thơm Lâu - Phù Hợp Mọi Loại Da (250ml)","Hương Cam & Tinh Dầu Argan, Standard",1732251749141022940,ST01431,205000,283850,VND,1,Thanh toán khi giao hàng,Đang xử lý,duongmanhkien19,Video,7578474458705382676,fixed commission,,,,,205000,,,,3,6150,,,,0,0,30/06/2026 22:24:04,02/07/2026 11:49:55,30/06/2026 22:24:06,02/07/2026 11:49:55,,03/07/2026 09:23:20,TTS,Open/Target Collaboration
584789696215680026,1732250928810920156,"Sữa Tắm/Gel Tắm Pháp Le Petit Marseillais Thiên Nhiên 250ml - Sữa Tắm Lưu Hương Lành Tính - Dịu Nhẹ, An Toàn Cho Da","Hương Lựu, Standard",1732250914984724700,ST19308,205000,279450,VND,1,Thanh toán khi giao hàng,Đang xử lý,kinkechillchill,Video,7572051007237115154,fixed commission,,,,8,205000,16400,,,,,,,,0,0,30/06/2026 22:25:38,02/07/2026 13:08:33,30/06/2026 22:25:40,02/07/2026 13:08:33,,03/07/2026 10:27:50,TTS,Open/Target Collaboration
584789704152745516,1732250760944257244,"Sữa Tắm/Gel Tắm Pháp Le Petit Marseillais Chiết Xuất Thiên Nhiên 650ml - Sữa Tắm Lưu Hương Lành Tính - Dịu Nhẹ, An Toàn Cho Da","Sữa Thực Vật, Standard",1732250801269344476,ST00991,335750,521667,VND,1,Thanh toán khi giao hàng,Đang xử lý,ha_thubay,Video,7599664598626618642,fixed commission,,,,,335750,,,,3,10073,,,,0,0,30/06/2026 22:29:17,02/07/2026 19:10:16,30/06/2026 22:29:18,02/07/2026 19:10:16,,03/07/2026 07:15:42,TTS,Open/Target Collaboration
584789723330283096,1732251815880067292,"Sữa Tắm Pháp Le Petit Marseillais Cho Nam Chiết Xuất Thiên Nhiên 4in1 Nhiều Mùi Hương Dưỡng Ẩm, Thơm Lâu - Phù Hợp Mọi Loại Da (250ml)","Hương Gỗ Tuyết Tùng & Dương Xỉ, Standard",1732251749141219548,ST01172,205000,283850,VND,1,Thanh toán khi giao hàng,Đang xử lý,duongmanhkien19,Video,7578474458705382676,fixed commission,,,,,205000,,,,3,6150,,,,0,0,30/06/2026 22:30:29,02/07/2026 10:20:34,30/06/2026 22:30:30,02/07/2026 10:20:34,,03/07/2026 07:28:26,TTS,Open/Target Collaboration
584789925742282011,1732251815880067292,"Sữa Tắm Pháp Le Petit Marseillais Cho Nam Chiết Xuất Thiên Nhiên 4in1 Nhiều Mùi Hương Dưỡng Ẩm, Thơm Lâu - Phù Hợp Mọi Loại Da (250ml)","Hương Thông & Bạch Đàn Biển, Standard",1732251749141154012,ST01356,205000,286550,VND,1,Thanh toán khi giao hàng,Đang xử lý,duongmanhkien19,Video,7578474458705382676,fixed commission,,,,,205000,,,,3,6150,,,,0,0,30/06/2026 22:37:04,02/07/2026 17:49:04,30/06/2026 22:37:05,02/07/2026 17:49:04,,03/07/2026 12:13:05,TTS,Open/Target Collaboration
584789886208018024,1732251815880067292,"Sữa Tắm Pháp Le Petit Marseillais Cho Nam Chiết Xuất Thiên Nhiên 4in1 Nhiều Mùi Hương Dưỡng Ẩm, Thơm Lâu - Phù Hợp Mọi Loại Da (250ml)","Hương Gỗ Tuyết Tùng & Dương Xỉ, Standard",1732251749141219548,ST01172,205000,286550,VND,1,Thanh toán khi giao hàng,Đang xử lý,duongmanhkien19,Video,7578474458705382676,fixed commission,,,,,205000,,,,3,6150,,,,0,0,30/06/2026 22:40:12,02/07/2026 16:02:59,30/06/2026 22:40:13,02/07/2026 16:02:59,,03/07/2026 08:15:06,TTS,Open/Target Collaboration
584790029524895070,1732250760944257244,"Sữa Tắm/Gel Tắm Pháp Le Petit Marseillais Chiết Xuất Thiên Nhiên 650ml - Sữa Tắm Lưu Hương Lành Tính - Dịu Nhẹ, An Toàn Cho Da","Dừa, Standard",1732250801269147868,ST06999,395000,521667,VND,1,Thanh toán khi giao hàng,Đang xử lý,thaocanview,Video,7639362324603686164,fixed commission,,,,8,395000,31600,,,,,,,,0,0,30/06/2026 22:41:48,02/07/2026 14:02:53,30/06/2026 22:41:53,02/07/2026 14:02:53,,03/07/2026 10:54:31,TTS,Open/Target Collaboration
584790007334405301,1732251815880067292,"Sữa Tắm Pháp Le Petit Marseillais Cho Nam Chiết Xuất Thiên Nhiên 4in1 Nhiều Mùi Hương Dưỡng Ẩm, Thơm Lâu - Phù Hợp Mọi Loại Da (250ml)","Hương Gỗ Tuyết Tùng & Dương Xỉ, Standard",1732251749141219548,ST01172,205000,279450,VND,1,Thanh toán khi giao hàng,Đang xử lý,duongmanhkien19,Video,7578474458705382676,fixed commission,,,,,205000,,,,3,6150,,,,0,0,30/06/2026 22:48:50,02/07/2026 18:29:11,30/06/2026 22:48:51,02/07/2026 18:29:11,,03/07/2026 09:15:13,TTS,Open/Target Collaboration
584790102658287569,1732251815880067292,"Sữa Tắm Pháp Le Petit Marseillais Cho Nam Chiết Xuất Thiên Nhiên 4in1 Nhiều Mùi Hương Dưỡng Ẩm, Thơm Lâu - Phù Hợp Mọi Loại Da (250ml)","Hương Gỗ Tuyết Tùng & Dương Xỉ, Standard",1732251749141219548,ST01172,205000,286550,VND,1,Thanh toán khi giao hàng,Đang xử lý,duongmanhkien19,Video,7578474458705382676,fixed commission,,,,,205000,,,,3,6150,,,,0,0,30/06/2026 22:52:07,02/07/2026 12:44:53,30/06/2026 22:52:10,02/07/2026 12:44:53,,03/07/2026 09:20:21,TTS,Open/Target Collaboration
584790246796527233,1732251815880067292,"Sữa Tắm Pháp Le Petit Marseillais Cho Nam Chiết Xuất Thiên Nhiên 4in1 Nhiều Mùi Hương Dưỡng Ẩm, Thơm Lâu - Phù Hợp Mọi Loại Da (250ml)","Hương Gỗ Tuyết Tùng & Dương Xỉ, Standard",1732251749141219548,ST01172,194750,276900,VND,1,Thanh toán khi giao hàng,Đang xử lý,haiidaynek,Video,7539959281786195207,fixed commission,,,,8,194750,15580,,,,,,,,0,0,30/06/2026 23:05:23,02/07/2026 17:07:15,30/06/2026 23:05:24,02/07/2026 17:07:15,,03/07/2026 08:41:39,TTS,Open/Target Collaboration
584790349562087133,1732251815880067292,"Sữa Tắm Pháp Le Petit Marseillais Cho Nam Chiết Xuất Thiên Nhiên 4in1 Nhiều Mùi Hương Dưỡng Ẩm, Thơm Lâu - Phù Hợp Mọi Loại Da (250ml)","Hương Gỗ Tuyết Tùng & Dương Xỉ, Standard",1732251749141219548,ST01172,165000,276900,VND,1,Thanh toán khi giao hàng,Đang xử lý,duongmanhkien19,Video,7578474458705382676,fixed commission,,,,,165000,,,,3,4950,,,,0,0,30/06/2026 23:16:40,02/07/2026 17:19:08,30/06/2026 23:16:41,02/07/2026 17:19:08,,03/07/2026 10:01:08,TTS,Open/Target Collaboration
584790481807115905,1732252961260865756,"Dầu Gội Thiên Nhiên Le Petit Marseillais Nhiều Mùi Hương 250ml Dưỡng Ẩm, Thơm Lâu - Phù Hợp Mọi Loại Da",Trị Gàu 2 In 1 Tinh Dầu Bạc Hà,1732252943759018204,DG74042,213600,343000,VND,1,Thanh toán khi giao hàng,Đang xử lý,tuyetcookies,Video,7561391524253109512,fixed commission,,,,8,213600,17088,,,,,,,,0,0,30/06/2026 23:21:00,02/07/2026 17:07:15,30/06/2026 23:21:01,02/07/2026 17:07:15,,03/07/2026 09:17:50,TTS,Open/Target Collaboration
584790648613143569,1732250928810920156,"Sữa Tắm/Gel Tắm Pháp Le Petit Marseillais Thiên Nhiên 250ml - Sữa Tắm Lưu Hương Lành Tính - Dịu Nhẹ, An Toàn Cho Da","Xoài & Chanh Dây, Standard",1732250914984986844,ST99622,205000,279450,VND,1,Không áp dụng thanh toán khi giao hàng,Đang xử lý,nhunghaiphongreview,Video,7655967946900032776,fixed commission,,,,,205000,,,,3,6150,,,,0,0,30/06/2026 23:40:57,30/06/2026 23:41:00,30/06/2026 23:41:01,02/07/2026 10:41:16,,03/07/2026 09:12:50,TTS,Open/Target Collaboration
584790707187124173,1732251815880067292,"Sữa Tắm Pháp Le Petit Marseillais Cho Nam Chiết Xuất Thiên Nhiên 4in1 Nhiều Mùi Hương Dưỡng Ẩm, Thơm Lâu - Phù Hợp Mọi Loại Da (250ml)","Hương Cam & Tinh Dầu Argan, Standard",1732251749141022940,ST01431,205000,283850,VND,1,Thanh toán khi giao hàng,Đã hủy,duongmanhkien19,Video,7578474458705382676,fixed commission,0,0,0,,205000,,,,3,6150,,,,0,0,30/06/2026 23:45:03,,30/06/2026 23:45:04,,,,TTS,Open/Target Collaboration
584790884126197706,1732250760944257244,"Sữa Tắm/Gel Tắm Pháp Le Petit Marseillais Chiết Xuất Thiên Nhiên 650ml - Sữa Tắm Lưu Hương Lành Tính - Dịu Nhẹ, An Toàn Cho Da","Thông & Bạch Đàn Biển, Standard",1732250801268689116,ST01902,395000,504733,VND,1,Không áp dụng thanh toán khi giao hàng,Đang xử lý,ha_thubay,Video,7599664598626618642,fixed commission,,,,,395000,,,,3,11850,,,,0,0,01/07/2026 00:01:46,01/07/2026 00:01:52,01/07/2026 00:01:52,02/07/2026 09:57:13,,03/07/2026 11:15:44,TTS,Open/Target Collaboration
584791171983508826,1732251815880067292,"Sữa Tắm Pháp Le Petit Marseillais Cho Nam Chiết Xuất Thiên Nhiên 4in1 Nhiều Mùi Hương Dưỡng Ẩm, Thơm Lâu - Phù Hợp Mọi Loại Da (250ml)","Hương Gừng & Gỗ Bách, Standard",1732251749141285084,ST04371,205000,286550,VND,1,Thanh toán khi giao hàng,Đang xử lý,lepthelittlekid,Video,7594749644052204818,fixed commission,,,,5,205000,10250,,,,,,,,0,0,01/07/2026 00:34:16,02/07/2026 13:28:44,01/07/2026 00:34:17,02/07/2026 13:28:44,,03/07/2026 10:55:35,TTS,Open/Target Collaboration
584791636349322630,1732251815880067292,"Sữa Tắm Pháp Le Petit Marseillais Cho Nam Chiết Xuất Thiên Nhiên 4in1 Nhiều Mùi Hương Dưỡng Ẩm, Thơm Lâu - Phù Hợp Mọi Loại Da (250ml)","Hương Gỗ Tuyết Tùng & Dương Xỉ, Standard",1732251749141219548,ST01172,195000,286550,VND,1,Không áp dụng thanh toán khi giao hàng,Đang xử lý,man.trung.737,Video,7595064670482877717,fixed commission,,,,,195000,,,,3,5850,,,,0,0,01/07/2026 02:02:31,01/07/2026 02:02:35,01/07/2026 02:02:36,02/07/2026 10:11:00,,03/07/2026 11:10:40,TTS,Open/Target Collaboration
584791683544418012,1732251815880067292,"Sữa Tắm Pháp Le Petit Marseillais Cho Nam Chiết Xuất Thiên Nhiên 4in1 Nhiều Mùi Hương Dưỡng Ẩm, Thơm Lâu - Phù Hợp Mọi Loại Da (250ml)","Hương Gỗ Tuyết Tùng & Dương Xỉ, Standard",1732251749141219548,ST01172,205000,292800,VND,1,Thanh toán khi giao hàng,Đã hủy,man.trung.737,Video,7595064670482877717,fixed commission,0,0,0,,205000,,,,3,6150,,,,0,0,01/07/2026 02:12:00,,01/07/2026 02:12:01,,,,TTS,Open/Target Collaboration
584791945445803412,1732251815880067292,"Sữa Tắm Pháp Le Petit Marseillais Cho Nam Chiết Xuất Thiên Nhiên 4in1 Nhiều Mùi Hương Dưỡng Ẩm, Thơm Lâu - Phù Hợp Mọi Loại Da (250ml)","Hương Cam & Tinh Dầu Argan, Standard",1732251749141022940,ST01431,205000,276900,VND,1,Thanh toán khi giao hàng,Đang xử lý,iflyad07,Chương trình Lưu lượng truy cập bên ngoài,,fixed commission,,,,4,205000,8200,,,,,,,,0,0,01/07/2026 03:22:25,02/07/2026 10:43:38,01/07/2026 03:22:27,02/07/2026 10:43:38,,03/07/2026 08:29:58,TTS,Open/Target Collaboration
584791982391657617,1734496604995683548,Xà Phòng Le Petit Marseillais Chính Hãng Bánh Xà Phòng Tắm Thiên Nhiên (Ngẫu nhiên)  1 Bánh,Mặc định,1734496577198523612,1 BÁNH-XP,70000,165000,VND,2,Thanh toán khi giao hàng,Đang xử lý,onggiatichcuc79,Video,7654819435764518162,fixed commission,,,,6,140000,8400,,,,,,,,0,0,01/07/2026 03:34:26,03/07/2026 18:29:12,01/07/2026 03:34:27,03/07/2026 18:29:12,,04/07/2026 08:59:46,TTS,Open/Target Collaboration
584792502009168920,1735910664928920796,Combo 2 Sữa Tắm Nam Le Petit Marseillais 4in1 Cho Tóc Mặt Râu Toàn Thân 250ml,"Gỗ Tuyết Tùng Và Dương Xỉ, Gỗ Tuyết Tùng Và Dương Xỉ",1735912571877950684,ST01172 x 2,378000,551543,VND,1,Thanh toán khi giao hàng,Đang xử lý,trinh_dongtamland,Trưng bày,,fixed commission,,,,8,378000,30240,,,,,,,,0,0,01/07/2026 05:40:29,02/07/2026 10:38:52,01/07/2026 05:40:32,02/07/2026 10:38:52,,03/07/2026 07:18:22,TTS,Open/Target Collaboration
584792613859984656,1732251815880067292,"Sữa Tắm Pháp Le Petit Marseillais Cho Nam Chiết Xuất Thiên Nhiên 4in1 Nhiều Mùi Hương Dưỡng Ẩm, Thơm Lâu - Phù Hợp Mọi Loại Da (250ml)","Hương Thông & Bạch Đàn Biển, Standard",1732251749141154012,ST01356,205000,276900,VND,1,Thanh toán khi giao hàng,Đang xử lý,man.trung.737,Video,7595064670482877717,fixed commission,,,,,205000,,,,3,6150,,,,0,0,01/07/2026 05:57:16,02/07/2026 10:37:19,01/07/2026 05:57:17,02/07/2026 10:37:19,,03/07/2026 08:10:15,TTS,Open/Target Collaboration
584795240337868041,1731887500045617372,"Sữa Tắm Hữu Cơ Le Petit Marseillais Hương Quả Đào Dưỡng Ẩm, Thơm Lâu 98% Hữu cơ  - Phù Hợp Mọi Loại Da (250ml)","Hương Quả Đào, Standard",1731887500045813980,ST01496,255000,346900,VND,1,Thanh toán khi giao hàng,Đang xử lý,huynhdangthong,Phát trực tiếp,7653454990203194128,fixed commission,,,,8,255000,20400,,,,,,,,0,0,01/07/2026 09:49:48,03/07/2026 18:47:21,01/07/2026 09:49:49,03/07/2026 18:47:21,,04/07/2026 10:28:56,TTS,Open/Target Collaboration
584795377699817386,1732251815880067292,"Sữa Tắm Pháp Le Petit Marseillais Cho Nam Chiết Xuất Thiên Nhiên 4in1 Nhiều Mùi Hương Dưỡng Ẩm, Thơm Lâu - Phù Hợp Mọi Loại Da (250ml)","Hương Cam & Tinh Dầu Argan, Standard",1732251749141022940,ST01431,205000,283850,VND,1,Thanh toán khi giao hàng,Đang xử lý,baclieutrend,Chương trình Lưu lượng truy cập bên ngoài,,fixed commission,,,,4,205000,8200,,,,,,,,0,0,01/07/2026 10:01:51,02/07/2026 12:00:44,01/07/2026 10:01:52,02/07/2026 12:00:44,,03/07/2026 11:01:21,TTS,Open/Target Collaboration
584802776440407072,1732250928810920156,"Sữa Tắm/Gel Tắm Pháp Le Petit Marseillais Thiên Nhiên 250ml - Sữa Tắm Lưu Hương Lành Tính - Dịu Nhẹ, An Toàn Cho Da","Xoài & Chanh Dây, Standard",1732250914984986844,ST99622,205000,279450,VND,1,Thanh toán khi giao hàng,Đang xử lý,chiemthanhlich,Trưng bày,,fixed commission,,,,8,205000,16400,,,,,,,,0,0,01/07/2026 18:34:20,03/07/2026 16:41:03,01/07/2026 18:34:22,03/07/2026 16:41:03,,04/07/2026 07:21:23,TTS,Open/Target Collaboration
584804091035616506,1734496604995683548,Xà Phòng Le Petit Marseillais Chính Hãng Bánh Xà Phòng Tắm Thiên Nhiên (Ngẫu nhiên)  1 Bánh,Mặc định,1734496577198523612,1 BÁNH-XP,75000,105300,VND,1,Thanh toán khi giao hàng,Đang xử lý,onggiatichcuc79,Video,7652811158407138567,fixed commission,,,,6,75000,4500,,,,,,,,0,0,01/07/2026 19:57:01,03/07/2026 09:13:36,01/07/2026 19:57:02,03/07/2026 09:13:36,,04/07/2026 10:36:45,TTS,Open/Target Collaboration
584804921075336579,1732250928810920156,"Sữa Tắm/Gel Tắm Pháp Le Petit Marseillais Thiên Nhiên 250ml - Sữa Tắm Lưu Hương Lành Tính - Dịu Nhẹ, An Toàn Cho Da","Quả Mâm Xôi & Hoa Mẫu Đơn, Standard",1732250914985052380,ST48441,194750,292800,VND,1,Không áp dụng thanh toán khi giao hàng,Đang xử lý,ahau.phuongthao,Video,7654094102811659528,fixed commission,,,,12,194750,23370,,,,,,,,0,0,01/07/2026 20:43:36,01/07/2026 23:47:45,01/07/2026 23:47:46,04/07/2026 15:23:38,,05/07/2026 13:22:16,TTS,Open/Target Collaboration
584805117676193428,1732252957247965404,"Dầu Gội Le Petit Marseillais Nhiều Mùi Hương 300ml Dưỡng Ẩm, Thơm Lâu - Phù Hợp Mọi Loại Da",Mật Ong & Hạt Mỡ,1732252922366560476,DG74554,328000,514800,VND,1,Không áp dụng thanh toán khi giao hàng,Đang xử lý,lepetitmarseillaisvn,Phát trực tiếp,7657536549034298130,fixed commission,,,,,328000,,,,,,,,,0,0,01/07/2026 20:54:56,01/07/2026 20:55:03,01/07/2026 20:55:04,03/07/2026 12:57:30,,,TTS,Open/Target Collaboration
584805344360825966,1731317167366243548,[Quà tặng không bán] Bông Tắm Tạo Bọt Mềm Mịn,Mặc định,1731317148230255836,BONG TAM HQ,0,5700,VND,1,Thanh toán khi giao hàng,Đang xử lý,lepetitmarseillaisvn,Phát trực tiếp,7657536549034298130,fixed commission,,,,,0,,,,,,,,,0,0,01/07/2026 21:02:43,03/07/2026 20:38:39,01/07/2026 21:02:45,03/07/2026 20:38:39,,,TTS,Open/Target Collaboration
584805344360825966,1732250760944257244,"Sữa Tắm/Gel Tắm Pháp Le Petit Marseillais Chiết Xuất Thiên Nhiên 650ml - Sữa Tắm Lưu Hương Lành Tính - Dịu Nhẹ, An Toàn Cho Da","Thông & Bạch Đàn Biển, Standard",1732250801268689116,ST01902,395000,510400,VND,1,Thanh toán khi giao hàng,Đang xử lý,lepetitmarseillaisvn,Phát trực tiếp,7657536549034298130,fixed commission,,,,,395000,,,,,,,,,0,0,01/07/2026 21:02:43,03/07/2026 20:38:39,01/07/2026 21:02:45,03/07/2026 20:38:39,,,TTS,Open/Target Collaboration
584805473769850741,1732251815880067292,"Sữa Tắm Pháp Le Petit Marseillais Cho Nam Chiết Xuất Thiên Nhiên 4in1 Nhiều Mùi Hương Dưỡng Ẩm, Thơm Lâu - Phù Hợp Mọi Loại Da (250ml)","Hương Gỗ Tuyết Tùng & Dương Xỉ, Standard",1732251749141219548,ST01172,172200,274700,VND,1,Thanh toán khi giao hàng,Đã hủy,duongmanhkien19,Video,7578474458705382676,fixed commission,0,0,0,8,172200,13776,,,,,,,,0,0,01/07/2026 21:16:17,,01/07/2026 21:16:19,,,,TTS,Open/Target Collaboration
584805473769850741,1732252961260865756,"Dầu Gội Thiên Nhiên Le Petit Marseillais Nhiều Mùi Hương 250ml Dưỡng Ẩm, Thơm Lâu - Phù Hợp Mọi Loại Da",Trị Gàu 2 In 1 Tinh Dầu Bạc Hà,1732252943759018204,DG74042,224280,334700,VND,1,Thanh toán khi giao hàng,Đã hủy,tuyetcookies,Video,7561391524253109512,fixed commission,0,0,0,8,224280,17942,,,,,,,,0,0,01/07/2026 21:16:17,,01/07/2026 21:16:19,,,,TTS,Open/Target Collaboration
584805586871748111,1732251815880067292,"Sữa Tắm Pháp Le Petit Marseillais Cho Nam Chiết Xuất Thiên Nhiên 4in1 Nhiều Mùi Hương Dưỡng Ẩm, Thơm Lâu - Phù Hợp Mọi Loại Da (250ml)","Hương Gỗ Tuyết Tùng & Dương Xỉ, Standard",1732251749141219548,ST01172,205000,283850,VND,1,Thanh toán khi giao hàng,Đã hủy,duongmanhkien19,Video,7578474458705382676,fixed commission,0,0,0,,205000,,,,3,6150,,,,0,0,01/07/2026 21:17:33,,01/07/2026 21:17:35,,,,TTS,Open/Target Collaboration
584805735969097624,1731317167366243548,[Quà tặng không bán] Bông Tắm Tạo Bọt Mềm Mịn,Mặc định,1731317148230255836,BONG TAM HQ,0,9520,VND,1,Thanh toán khi giao hàng,Đang xử lý,lepetitmarseillaisvn,Phát trực tiếp,7657536549034298130,fixed commission,,,,,0,,,,,,,,,0,0,01/07/2026 21:31:45,04/07/2026 12:09:20,01/07/2026 21:31:46,04/07/2026 12:09:20,,,TTS,Open/Target Collaboration
584805735969097624,1732250760944257244,"Sữa Tắm/Gel Tắm Pháp Le Petit Marseillais Chiết Xuất Thiên Nhiên 650ml - Sữa Tắm Lưu Hương Lành Tính - Dịu Nhẹ, An Toàn Cho Da","Thông & Bạch Đàn Biển, Standard",1732250801268689116,ST01902,395000,913040,VND,2,Thanh toán khi giao hàng,Đang xử lý,lepetitmarseillaisvn,Phát trực tiếp,7657536549034298130,fixed commission,,,,,790000,,,,,,,,,0,0,01/07/2026 21:31:45,04/07/2026 12:09:20,01/07/2026 21:31:46,04/07/2026 12:09:20,,,TTS,Open/Target Collaboration
584805976978785800,1734496604995683548,Xà Phòng Le Petit Marseillais Chính Hãng Bánh Xà Phòng Tắm Thiên Nhiên (Ngẫu nhiên)  1 Bánh,Mặc định,1734496577198523612,1 BÁNH-XP,75000,89000,VND,1,Không áp dụng thanh toán khi giao hàng,Đang xử lý,mythi_fr,Video,7633023072626429204,fixed commission,,,,6,75000,4500,,,,,,,,0,0,01/07/2026 21:44:42,01/07/2026 21:44:45,01/07/2026 21:44:46,03/07/2026 12:34:55,,04/07/2026 07:48:55,TTS,Open/Target Collaboration
584807251122489094,1732251912551172316,"Gel tắm Hữu Cơ Pháp Le Petit Marseillais Nhiều Mùi Hương 250ml, Thơm Lâu - Phù Hợp Mọi Loại Da (250ml)","Hương Hoa Hồng Dại, Standard",1732251905721338076,ST68867,255000,356550,VND,1,Không áp dụng thanh toán khi giao hàng,Đã hủy,anh_tuyet._06,Trưng bày,,fixed commission,,,,8,255000,20400,,,,,,,,0,0,01/07/2026 22:59:25,01/07/2026 22:59:54,01/07/2026 22:59:55,,,,TTS,Open/Target Collaboration
584808157881665408,1732251815880067292,"Sữa Tắm Pháp Le Petit Marseillais Cho Nam Chiết Xuất Thiên Nhiên 4in1 Nhiều Mùi Hương Dưỡng Ẩm, Thơm Lâu - Phù Hợp Mọi Loại Da (250ml)","Hương Gừng & Gỗ Bách, Standard",1732251749141285084,ST04371,205000,279450,VND,1,Thanh toán khi giao hàng,Đang xử lý,man.trung.737,Video,7595064670482877717,fixed commission,,,,,205000,,,,3,6150,,,,0,0,02/07/2026 00:27:19,03/07/2026 15:55:13,02/07/2026 00:27:20,03/07/2026 15:55:13,,04/07/2026 08:43:45,TTS,Open/Target Collaboration
584811122031887375,1732252957247965404,"Dầu Gội Le Petit Marseillais Nhiều Mùi Hương 300ml Dưỡng Ẩm, Thơm Lâu - Phù Hợp Mọi Loại Da",Cây Tầm Ma & Chanh,1732252922366626012,DG74646,410000,534100,VND,1,Không áp dụng thanh toán khi giao hàng,Đang xử lý,involveasiavn01,Chương trình Lưu lượng truy cập bên ngoài,,fixed commission,,,,4,410000,16400,,,,,,,,0,0,02/07/2026 08:12:25,02/07/2026 08:12:31,02/07/2026 08:12:31,03/07/2026 14:43:51,,04/07/2026 13:12:26,TTS,Open/Target Collaboration
584813310308418603,1731317167366243548,[Quà tặng không bán] Bông Tắm Tạo Bọt Mềm Mịn,Mặc định,1731317148230255836,BONG TAM HQ,0,10450,VND,1,Thanh toán khi giao hàng,Đang xử lý,lepetitmarseillaisvn,Phát trực tiếp,7657770864272476949,fixed commission,,,,,0,,,,,,,,,0,0,02/07/2026 10:48:02,03/07/2026 17:45:02,02/07/2026 10:48:05,03/07/2026 17:45:02,,,TTS,Open/Target Collaboration
584813310308418603,1732251815880067292,"Sữa Tắm Pháp Le Petit Marseillais Cho Nam Chiết Xuất Thiên Nhiên 4in1 Nhiều Mùi Hương Dưỡng Ẩm, Thơm Lâu - Phù Hợp Mọi Loại Da (250ml)","Hương Gỗ Tuyết Tùng & Dương Xỉ, Standard",1732251749141219548,ST01172,205000,279450,VND,1,Thanh toán khi giao hàng,Đang xử lý,lepetitmarseillaisvn,Phát trực tiếp,7657770864272476949,fixed commission,,,,,205000,,,,,,,,,0,0,02/07/2026 10:48:02,03/07/2026 17:45:02,02/07/2026 10:48:05,03/07/2026 17:45:02,,,TTS,Open/Target Collaboration
584813454885095359,1734496604995683548,Xà Phòng Le Petit Marseillais Chính Hãng Bánh Xà Phòng Tắm Thiên Nhiên (Ngẫu nhiên)  1 Bánh,Mặc định,1734496577198523612,1 BÁNH-XP,0,4243,VND,1,Không áp dụng thanh toán khi giao hàng,Đang xử lý,lepetitmarseillaisvn,Phát trực tiếp,7657770864272476949,fixed commission,,,,,0,,,,,,,,,0,0,02/07/2026 10:55:31,02/07/2026 10:55:37,02/07/2026 10:55:39,03/07/2026 08:34:28,,,TTS,Open/Target Collaboration
584813454885095359,1735910664928920796,Combo 2 Sữa Tắm Nam Le Petit Marseillais 4in1 Cho Tóc Mặt Râu Toàn Thân 250ml,"Thông Biển & Bạch Đàn, Gỗ Tuyết Tùng Và Dương Xỉ",1735912571878606044,ST01356 + ST01172,316920,563457,VND,1,Không áp dụng thanh toán khi giao hàng,Đang xử lý,lepetitmarseillaisvn,Phát trực tiếp,7657770864272476949,fixed commission,,,,,316920,,,,,,,,,0,0,02/07/2026 10:55:31,02/07/2026 10:55:37,02/07/2026 10:55:39,03/07/2026 08:34:28,,,TTS,Open/Target Collaboration
584815120715777568,1732251815880067292,"Sữa Tắm Pháp Le Petit Marseillais Cho Nam Chiết Xuất Thiên Nhiên 4in1 Nhiều Mùi Hương Dưỡng Ẩm, Thơm Lâu - Phù Hợp Mọi Loại Da (250ml)","Hương Gỗ Tuyết Tùng & Dương Xỉ, Standard",1732251749141219548,ST01172,205000,283850,VND,1,Thanh toán khi giao hàng,Đang xử lý,iflytek02,Chương trình Lưu lượng truy cập bên ngoài,,fixed commission,,,,4,205000,8200,,,,,,,,0,0,02/07/2026 12:38:28,04/07/2026 11:24:19,02/07/2026 12:38:29,04/07/2026 11:24:19,,05/07/2026 08:34:36,TTS,Open/Target Collaboration
584815397115823185,1732251815880067292,"Sữa Tắm Pháp Le Petit Marseillais Cho Nam Chiết Xuất Thiên Nhiên 4in1 Nhiều Mùi Hương Dưỡng Ẩm, Thơm Lâu - Phù Hợp Mọi Loại Da (250ml)","Hương Thông & Bạch Đàn Biển, Standard",1732251749141154012,ST01356,205000,283850,VND,1,Thanh toán khi giao hàng,Đang xử lý,man.trung.737,Video,7595064670482877717,fixed commission,,,,8,205000,16400,,,,,,,,0,0,02/07/2026 13:00:55,03/07/2026 12:40:58,02/07/2026 13:00:56,03/07/2026 12:40:58,,04/07/2026 09:05:23,TTS,Open/Target Collaboration
584816087021749287,1732251815880067292,"Sữa Tắm Pháp Le Petit Marseillais Cho Nam Chiết Xuất Thiên Nhiên 4in1 Nhiều Mùi Hương Dưỡng Ẩm, Thơm Lâu - Phù Hợp Mọi Loại Da (250ml)","Hương Gỗ Tuyết Tùng & Dương Xỉ, Standard",1732251749141219548,ST01172,205000,292800,VND,1,Thanh toán khi giao hàng,Đã hủy,man.trung.737,Video,7595064670482877717,fixed commission,0,0,0,,205000,,,,3,6150,,,,0,0,02/07/2026 13:43:38,,02/07/2026 13:43:40,,,,TTS,Open/Target Collaboration
584816502253586150,1732250928810920156,"Sữa Tắm/Gel Tắm Pháp Le Petit Marseillais Thiên Nhiên 250ml - Sữa Tắm Lưu Hương Lành Tính - Dịu Nhẹ, An Toàn Cho Da","Quả Mâm Xôi & Hoa Mẫu Đơn, Standard",1732250914985052380,ST48441,205000,283850,VND,1,Thanh toán khi giao hàng,Đã hoàn thành,ahau.phuongthao,Video,7654565393536748818,fixed commission,,,,12,205000,24600,0,,,,,,,1,0,02/07/2026 14:15:25,03/07/2026 11:35:31,02/07/2026 14:15:26,03/07/2026 11:35:31,07/07/2026 15:36:35,,TTS,Open/Target Collaboration
584816862424827493,1731317167366243548,[Quà tặng không bán] Bông Tắm Tạo Bọt Mềm Mịn,Mặc định,1731317148230255836,BONG TAM HQ,0,13133,VND,1,Thanh toán khi giao hàng,Đang xử lý,lepetitmarseillaisvn,Video,7581385844905364754,fixed commission,,,,,0,,,,,,,,,0,0,02/07/2026 14:39:01,04/07/2026 15:57:51,02/07/2026 14:39:02,04/07/2026 15:57:51,,,TTS,Open/Target Collaboration
584816862424827493,1732250760944257244,"Sữa Tắm/Gel Tắm Pháp Le Petit Marseillais Chiết Xuất Thiên Nhiên 650ml - Sữa Tắm Lưu Hương Lành Tính - Dịu Nhẹ, An Toàn Cho Da","Hoa Tiare, Standard",1732250801268885724,ST68816,394900,525267,VND,1,Thanh toán khi giao hàng,Đang xử lý,lepetitmarseillaisvn,Video,7581385844905364754,fixed commission,,,,,394900,,,,,,,,,0,0,02/07/2026 14:39:01,04/07/2026 15:57:51,02/07/2026 14:39:02,04/07/2026 15:57:51,,,TTS,Open/Target Collaboration
584816975746467698,1736012338574165212,Combo 2 Sữa Tắm Nữ Pháp Le Petit Marseillais 250ml - Thiên Nhiên Dịu Nhẹ,"Đào Trắng Hữu Cơ Và Quả Xuân Đào, Hoa Cam",1736012747225400540,ST01240+ST00823,378000,563457,VND,1,Thanh toán khi giao hàng,Đang xử lý,ahau.phuongthao,Trưng bày,,fixed commission,,,,12,378000,45360,,,,,,,,0,0,02/07/2026 14:45:03,05/07/2026 06:21:24,02/07/2026 14:45:04,05/07/2026 06:21:24,,05/07/2026 11:46:06,TTS,Open/Target Collaboration
584817300802798704,1732250928810920156,"Sữa Tắm/Gel Tắm Pháp Le Petit Marseillais Thiên Nhiên 250ml - Sữa Tắm Lưu Hương Lành Tính - Dịu Nhẹ, An Toàn Cho Da","Quả Mâm Xôi & Hoa Mẫu Đơn, Standard",1732250914985052380,ST48441,205000,276900,VND,1,Thanh toán khi giao hàng,Đang xử lý,ahau.phuongthao,Video,7654094102811659528,fixed commission,,,,12,205000,24600,,,,,,,,0,0,02/07/2026 15:09:19,03/07/2026 11:53:25,02/07/2026 15:09:21,03/07/2026 11:53:25,,04/07/2026 08:12:42,TTS,Open/Target Collaboration
584817846340125716,1731893265443752156,"Sữa Tắm Pháp Le Petit Marseillais Quả Mâm Xôi & Hoa Mẫu Đơn Hữu Cơ Dưỡng Ẩm, Thơm Lâu - Phù Hợp Mọi Loại Da (250ml)","Quả Mâm Xôi & Hoa Mẫu Đơn, Standard",1731893265444210908,ST48441,200000,279450,VND,1,Không áp dụng thanh toán khi giao hàng,Đã hoàn thành,giangnghiemdinh,Chương trình Lưu lượng truy cập bên ngoài,,fixed commission,,,,4,200000,8000,200000,8000,,,,,,1,0,02/07/2026 15:48:04,02/07/2026 15:48:06,02/07/2026 15:48:06,03/07/2026 10:02:57,08/07/2026 11:18:42,04/07/2026 13:22:15,TTS,Open/Target Collaboration
584817840558802449,1732250928810920156,"Sữa Tắm/Gel Tắm Pháp Le Petit Marseillais Thiên Nhiên 250ml - Sữa Tắm Lưu Hương Lành Tính - Dịu Nhẹ, An Toàn Cho Da","Đào Trắng & Quả Xuân Đào, Standard",1732250914985380060,ST01240,205000,276900,VND,1,Thanh toán khi giao hàng,Đang xử lý,tlinhhh_17,Chương trình Lưu lượng truy cập bên ngoài,,fixed commission,,,,4,205000,8200,,,,,,,,0,0,02/07/2026 15:50:16,03/07/2026 10:10:36,02/07/2026 15:50:17,03/07/2026 10:10:36,,04/07/2026 09:40:08,TTS,Open/Target Collaboration
584818240724960748,1736012338574165212,Combo 2 Sữa Tắm Nữ Pháp Le Petit Marseillais 250ml - Thiên Nhiên Dịu Nhẹ,"Dừa, Xoài Hữu Cơ & Chanh Dây",1736013429863056604,ST54494+ST99622,302400,573486,VND,1,Thanh toán khi giao hàng,Đang xử lý,lepetitmarseillaisvn,Phát trực tiếp,7657853048068311828,fixed commission,,,,,302400,,,,,,,,,0,0,02/07/2026 16:15:56,04/07/2026 19:05:38,02/07/2026 16:15:57,04/07/2026 19:05:38,,,TTS,Open/Target Collaboration
584818949908563349,1732251815880067292,"Sữa Tắm Pháp Le Petit Marseillais Cho Nam Chiết Xuất Thiên Nhiên 4in1 Nhiều Mùi Hương Dưỡng Ẩm, Thơm Lâu - Phù Hợp Mọi Loại Da (250ml)","Hương Gỗ Tuyết Tùng & Dương Xỉ, Standard",1732251749141219548,ST01172,195000,283850,VND,1,Không áp dụng thanh toán khi giao hàng,Đang xử lý,man.trung.737,Video,7595064670482877717,fixed commission,,,,,195000,,,,3,5850,,,,0,0,02/07/2026 17:10:17,02/07/2026 17:10:45,02/07/2026 17:10:46,04/07/2026 17:50:30,,05/07/2026 09:55:45,TTS,Open/Target Collaboration
584819199826560965,1732251815880067292,"Sữa Tắm Pháp Le Petit Marseillais Cho Nam Chiết Xuất Thiên Nhiên 4in1 Nhiều Mùi Hương Dưỡng Ẩm, Thơm Lâu - Phù Hợp Mọi Loại Da (250ml)","Hương Gỗ Tuyết Tùng & Dương Xỉ, Standard",1732251749141219548,ST01172,174250,283850,VND,1,Thanh toán khi giao hàng,Đã hủy,man.trung.737,Video,7595064670482877717,fixed commission,0,0,0,,174250,,,,3,5228,,,,0,0,02/07/2026 17:30:49,,02/07/2026 17:30:51,,,,TTS,Open/Target Collaboration
584819865241159025,1732251815880067292,"Sữa Tắm Pháp Le Petit Marseillais Cho Nam Chiết Xuất Thiên Nhiên 4in1 Nhiều Mùi Hương Dưỡng Ẩm, Thơm Lâu - Phù Hợp Mọi Loại Da (250ml)","Hương Gỗ Tuyết Tùng & Dương Xỉ, Standard",1732251749141219548,ST01172,174250,283850,VND,1,Thanh toán khi giao hàng,Đang xử lý,man.trung.737,Video,7595064670482877717,fixed commission,,,,,174250,,,,3,5228,,,,0,0,02/07/2026 18:10:09,04/07/2026 20:29:37,02/07/2026 18:10:10,04/07/2026 20:29:37,,05/07/2026 09:59:39,TTS,Open/Target Collaboration
584820992984975228,1736012338574165212,Combo 2 Sữa Tắm Nữ Pháp Le Petit Marseillais 250ml - Thiên Nhiên Dịu Nhẹ,"Quả Mâm Xôi Hữu Cơ & Hoa Mẫu Đơn, Bông Và Hoa Anh Túc",1736012795077035228,ST48441+ST65434,302400,551543,VND,1,Thanh toán khi giao hàng,Đang xử lý,ron_tran_,Phát trực tiếp,7657900294156471058,fixed commission,,,,12,302400,36288,,,,,,,,0,0,02/07/2026 19:23:30,04/07/2026 12:35:57,02/07/2026 19:23:34,04/07/2026 12:35:57,,05/07/2026 07:18:43,TTS,Open/Target Collaboration
584820995351021118,1736012338574165212,Combo 2 Sữa Tắm Nữ Pháp Le Petit Marseillais 250ml - Thiên Nhiên Dịu Nhẹ,"Bông Và Hoa Anh Túc, Vani",1736012795078673628,ST65434+ST00526,321300,573500,VND,1,Không áp dụng thanh toán khi giao hàng,Đang xử lý,ron_tran_,Phát trực tiếp,7657900294156471058,fixed commission,,,,12,321300,38556,,,,,,,,0,0,02/07/2026 19:24:51,02/07/2026 19:24:53,02/07/2026 19:24:54,06/07/2026 09:22:04,,,TTS,Open/Target Collaboration
584821083387167864,1736140699123549404,[KOL] Sữa Tắm Pháp Le Petit Marseillais Thiên Nhiên 250ml,"Dừa, Standard",1736140698773587164,ST54494,189000,276900,VND,1,Không áp dụng thanh toán khi giao hàng,Đang xử lý,ron_tran_,Phát trực tiếp,7657900294156471058,fixed commission,,,,12,189000,22680,,,,,,,,0,0,02/07/2026 19:28:54,02/07/2026 19:29:00,02/07/2026 19:29:02,04/07/2026 12:46:56,,,TTS,Open/Target Collaboration
584821175940121615,1736012338574165212,Combo 2 Sữa Tắm Nữ Pháp Le Petit Marseillais 250ml - Thiên Nhiên Dịu Nhẹ,"Bông Và Hoa Anh Túc, Lá Bạc Hà ",1736012795078870236,ST65434+ST92871,302400,545893,VND,1,Không áp dụng thanh toán khi giao hàng,Đang xử lý,ron_tran_,Phát trực tiếp,7657900294156471058,fixed commission,,,,12,302400,36288,,,,,,,,0,0,02/07/2026 19:30:39,02/07/2026 19:30:44,02/07/2026 19:30:45,04/07/2026 11:59:34,,05/07/2026 12:23:12,TTS,Open/Target Collaboration
584821175940121615,1736012338574165212,Combo 2 Sữa Tắm Nữ Pháp Le Petit Marseillais 250ml - Thiên Nhiên Dịu Nhẹ,"Hoa Cam, Quả Mâm Xôi Hữu Cơ & Hoa Mẫu Đơn",1736012795076117724,ST00823+ST48441,302400,545892,VND,1,Không áp dụng thanh toán khi giao hàng,Đang xử lý,ron_tran_,Phát trực tiếp,7657900294156471058,fixed commission,,,,12,302400,36288,,,,,,,,0,0,02/07/2026 19:30:39,02/07/2026 19:30:44,02/07/2026 19:30:45,04/07/2026 11:59:34,,05/07/2026 12:23:12,TTS,Open/Target Collaboration
584821184012452970,1736012338574165212,Combo 2 Sữa Tắm Nữ Pháp Le Petit Marseillais 250ml - Thiên Nhiên Dịu Nhẹ,"Quả Mâm Xôi Hữu Cơ & Hoa Mẫu Đơn, Lá Bạc Hà ",1736012795077297372,ST48441+ST92871,317520,551543,VND,1,Không áp dụng thanh toán khi giao hàng,Đang xử lý,ron_tran_,Phát trực tiếp,7657900294156471058,fixed commission,,,,12,317520,38102,,,,,,,,0,0,02/07/2026 19:34:57,02/07/2026 19:36:29,02/07/2026 19:36:30,04/07/2026 10:42:47,,,TTS,Open/Target Collaboration
584821444620944561,1732250928810920156,"Sữa Tắm/Gel Tắm Pháp Le Petit Marseillais Thiên Nhiên 250ml - Sữa Tắm Lưu Hương Lành Tính - Dịu Nhẹ, An Toàn Cho Da","Đào Trắng & Quả Xuân Đào, Standard",1732250914985380060,ST01240,205000,286550,VND,1,Thanh toán khi giao hàng,Đang xử lý,ron_tran_,Phát trực tiếp,7657900294156471058,fixed commission,,,,8,205000,16400,,,,,,,,0,0,02/07/2026 19:50:21,04/07/2026 19:27:17,02/07/2026 19:50:22,04/07/2026 19:27:17,,,TTS,Open/Target Collaboration
584821479084885167,1736012338574165212,Combo 2 Sữa Tắm Nữ Pháp Le Petit Marseillais 250ml - Thiên Nhiên Dịu Nhẹ,"Quả Mâm Xôi Hữu Cơ & Hoa Mẫu Đơn, Bông Và Hoa Anh Túc",1736012795077035228,ST48441+ST65434,321300,578800,VND,1,Thanh toán khi giao hàng,Đang xử lý,ron_tran_,Phát trực tiếp,7657900294156471058,fixed commission,,,,12,321300,38556,,,,,,,,0,0,02/07/2026 19:51:15,05/07/2026 11:46:18,02/07/2026 19:51:16,05/07/2026 11:46:18,,,TTS,Open/Target Collaboration
584821411004843060,1732250928810920156,"Sữa Tắm/Gel Tắm Pháp Le Petit Marseillais Thiên Nhiên 250ml - Sữa Tắm Lưu Hương Lành Tính - Dịu Nhẹ, An Toàn Cho Da","Vani, Standard",1732250914985183452,ST00526,205000,283850,VND,1,Thanh toán khi giao hàng,Đang xử lý,mandepcungyen,Video,7656840324077161748,fixed commission,,,,10,205000,20500,,,,,,,,0,0,02/07/2026 19:52:02,04/07/2026 18:22:52,02/07/2026 19:52:06,04/07/2026 18:22:52,,05/07/2026 07:27:26,TTS,Open/Target Collaboration
584821621672215828,1734496604995683548,Xà Phòng Le Petit Marseillais Chính Hãng Bánh Xà Phòng Tắm Thiên Nhiên (Ngẫu nhiên)  1 Bánh,Mặc định,1734496577198523612,1 BÁNH-XP,0,2257,VND,1,Thanh toán khi giao hàng,Đang xử lý,iflyad07,Chương trình Lưu lượng truy cập bên ngoài,,fixed commission,,,,,0,,,,,,,,,0,0,02/07/2026 20:02:56,04/07/2026 13:46:42,02/07/2026 20:02:58,04/07/2026 13:46:42,,,TTS,Open/Target Collaboration
584821621672215828,1736012338574165212,Combo 2 Sữa Tắm Nữ Pháp Le Petit Marseillais 250ml - Thiên Nhiên Dịu Nhẹ,"Muối Biển, Muối Biển",1736012747228480732,ST54463+ST54463,313740,551543,VND,1,Thanh toán khi giao hàng,Đang xử lý,ron_tran_,Phát trực tiếp,7657900294156471058,fixed commission,,,,12,313740,37649,,,,,,,,0,0,02/07/2026 20:02:56,04/07/2026 13:46:42,02/07/2026 20:02:58,04/07/2026 13:46:42,,,TTS,Open/Target Collaboration
584821779972785493,1732251815880067292,"Sữa Tắm Pháp Le Petit Marseillais Cho Nam Chiết Xuất Thiên Nhiên 4in1 Nhiều Mùi Hương Dưỡng Ẩm, Thơm Lâu - Phù Hợp Mọi Loại Da (250ml)","Hương Gỗ Tuyết Tùng & Dương Xỉ, Standard",1732251749141219548,ST01172,205000,286550,VND,1,Thanh toán khi giao hàng,Đang xử lý,ron_tran_,Phát trực tiếp,7657900294156471058,fixed commission,,,,12,205000,24600,,,,,,,,0,0,02/07/2026 20:04:10,04/07/2026 20:37:09,02/07/2026 20:04:11,04/07/2026 20:37:09,,05/07/2026 09:19:07,TTS,Open/Target Collaboration
584821790708303124,1736012338574165212,Combo 2 Sữa Tắm Nữ Pháp Le Petit Marseillais 250ml - Thiên Nhiên Dịu Nhẹ,"Muối Biển, Lá Bạc Hà ",1736012747228218588,ST54463+ST92871,378000,551543,VND,1,Thanh toán khi giao hàng,Đã hủy,ron_tran_,Phát trực tiếp,7657900294156471058,fixed commission,0,0,0,12,378000,45360,,,,,,,,0,0,02/07/2026 20:12:31,,02/07/2026 20:12:32,,,,TTS,Open/Target Collaboration
584822153340290254,1736012338574165212,Combo 2 Sữa Tắm Nữ Pháp Le Petit Marseillais 250ml - Thiên Nhiên Dịu Nhẹ,"Quả Mâm Xôi Hữu Cơ & Hoa Mẫu Đơn, Hạnh Nhân ",1736012795077166300,ST48441+ST00892,317520,551543,VND,1,Không áp dụng thanh toán khi giao hàng,Đang xử lý,ron_tran_,Phát trực tiếp,7657900294156471058,fixed commission,,,,12,317520,38102,,,,,,,,0,0,02/07/2026 20:33:30,02/07/2026 20:33:36,02/07/2026 20:33:38,04/07/2026 10:15:51,,,TTS,Open/Target Collaboration
584822153340290254,1734496604995683548,Xà Phòng Le Petit Marseillais Chính Hãng Bánh Xà Phòng Tắm Thiên Nhiên (Ngẫu nhiên)  1 Bánh,Mặc định,1734496577198523612,1 BÁNH-XP,0,2257,VND,1,Không áp dụng thanh toán khi giao hàng,Đang xử lý,iflytek02,Chương trình Lưu lượng truy cập bên ngoài,,fixed commission,,,,,0,,,,,,,,,0,0,02/07/2026 20:33:30,02/07/2026 20:33:36,02/07/2026 20:33:38,04/07/2026 10:15:51,,,TTS,Open/Target Collaboration
584822250596697434,1736012338574165212,Combo 2 Sữa Tắm Nữ Pháp Le Petit Marseillais 250ml - Thiên Nhiên Dịu Nhẹ,"Lựu, Lá Bạc Hà ",1736012795081229532,ST19308+ST92871,321300,563457,VND,1,Thanh toán khi giao hàng,Đã hủy,ron_tran_,Phát trực tiếp,7657900294156471058,fixed commission,0,0,0,12,321300,38556,,,,,,,,0,0,02/07/2026 20:34:43,,02/07/2026 20:34:44,,,,TTS,Open/Target Collaboration
584822252121130330,1736012338574165212,Combo 2 Sữa Tắm Nữ Pháp Le Petit Marseillais 250ml - Thiên Nhiên Dịu Nhẹ,"Lựu, Lá Bạc Hà ",1736012795081229532,ST19308+ST92871,302400,563457,VND,1,Thanh toán khi giao hàng,Đang xử lý,ron_tran_,Phát trực tiếp,7657900294156471058,fixed commission,,,,12,302400,36288,,,,,,,,0,0,02/07/2026 20:35:22,04/07/2026 20:26:30,02/07/2026 20:35:23,04/07/2026 20:26:30,,,TTS,Open/Target Collaboration
584822251533010266,1736140649009153244,"[KOL] Sữa Tắm Nam Le Petit Marseillais 4in1 250ml - Thơm Lâu, Dưỡng Ẩm","Hương Gỗ Tuyết Tùng & Dương Xỉ, Standard",1736140703119410396,ST01172,269000,292800,VND,1,Thanh toán khi giao hàng,Đang xử lý,lepetitmarseillaisvn,Phát trực tiếp,7657906997091601170,fixed commission,,,,,269000,,,,,,,,,0,0,02/07/2026 20:35:31,04/07/2026 15:12:45,02/07/2026 20:35:32,04/07/2026 15:12:45,,,TTS,Open/Target Collaboration
584822505798600410,1732251815880067292,"Sữa Tắm Pháp Le Petit Marseillais Cho Nam Chiết Xuất Thiên Nhiên 4in1 Nhiều Mùi Hương Dưỡng Ẩm, Thơm Lâu - Phù Hợp Mọi Loại Da (250ml)","Hương Gỗ Tuyết Tùng & Dương Xỉ, Standard",1732251749141219548,ST01172,205000,276900,VND,1,Không áp dụng thanh toán khi giao hàng,Đang xử lý,ron_tran_,Phát trực tiếp,7657900294156471058,fixed commission,,,,12,205000,24600,,,,,,,,0,0,02/07/2026 20:48:26,02/07/2026 20:48:40,02/07/2026 20:48:41,04/07/2026 12:04:24,,05/07/2026 10:44:36,TTS,Open/Target Collaboration
584823328541607273,1732252961260865756,"Dầu Gội Thiên Nhiên Le Petit Marseillais Nhiều Mùi Hương 250ml Dưỡng Ẩm, Thơm Lâu - Phù Hợp Mọi Loại Da",Trị Gàu 2 In 1 Tinh Dầu Bạc Hà,1732252943759018204,DG74042,267000,355200,VND,1,Thanh toán khi giao hàng,Đang xử lý,tuyetcookies,Video,7561391524253109512,fixed commission,,,,8,267000,21360,,,,,,,,0,0,02/07/2026 21:40:23,04/07/2026 13:57:24,02/07/2026 21:40:25,04/07/2026 13:57:24,,05/07/2026 08:58:11,TTS,Open/Target Collaboration
584824283878819021,1735792111492236508,Sữa Tắm Dạng Kem Le Petit Marseillais Chiết Xuất Vani Hữu Cơ ư 250ml - 92% Thiên Nhiên Siêu Dịu Nhẹ,Mặc định,1735792088033101020,ST00526,169100,276022,VND,1,Không áp dụng thanh toán khi giao hàng,Đang xử lý,iflytek02,Chương trình Lưu lượng truy cập bên ngoài,,fixed commission,,,,4,169100,6764,,,,,,,,0,0,02/07/2026 22:37:28,02/07/2026 22:37:32,02/07/2026 22:37:32,05/07/2026 14:55:55,,06/07/2026 08:39:25,TTS,Open/Target Collaboration
584824402671601234,1732251815880067292,"Sữa Tắm Pháp Le Petit Marseillais Cho Nam Chiết Xuất Thiên Nhiên 4in1 Nhiều Mùi Hương Dưỡng Ẩm, Thơm Lâu - Phù Hợp Mọi Loại Da (250ml)","Hương Thông & Bạch Đàn Biển, Standard",1732251749141154012,ST01356,194750,286550,VND,1,Thanh toán khi giao hàng,Đang xử lý,ecomobipassiovietnam,Chương trình Lưu lượng truy cập bên ngoài,,fixed commission,,,,4,194750,7790,,,,,,,,0,0,02/07/2026 22:48:29,04/07/2026 18:14:52,02/07/2026 22:48:30,04/07/2026 18:14:52,,05/07/2026 10:39:16,TTS,Open/Target Collaboration
584824529761240698,1732251815880067292,"Sữa Tắm Pháp Le Petit Marseillais Cho Nam Chiết Xuất Thiên Nhiên 4in1 Nhiều Mùi Hương Dưỡng Ẩm, Thơm Lâu - Phù Hợp Mọi Loại Da (250ml)","Hương Gỗ Tuyết Tùng & Dương Xỉ, Standard",1732251749141219548,ST01172,205000,279450,VND,1,Thanh toán khi giao hàng,Đã hủy,huankosai,Video,7569974511534198023,fixed commission,0,0,0,8,205000,16400,,,,,,,,0,0,02/07/2026 22:58:51,,02/07/2026 22:58:52,,,,TTS,Open/Target Collaboration
584826882018411566,1732252961260865756,"Dầu Gội Thiên Nhiên Le Petit Marseillais Nhiều Mùi Hương 250ml Dưỡng Ẩm, Thơm Lâu - Phù Hợp Mọi Loại Da",Thải Độc Với Chiết Xuất Trà Xanh Hữu Cơ,1735769515978753244,DG37467,252858,335107,VND,1,Thanh toán khi giao hàng,Đang xử lý,meo.review56,Video,7654983010281852168,fixed commission,,,,,252858,,,,3,7586,,,,0,0,03/07/2026 05:34:14,04/07/2026 12:53:13,03/07/2026 05:34:16,04/07/2026 12:53:13,,05/07/2026 11:02:43,TTS,Open/Target Collaboration
584826895659337611,1736012338574165212,Combo 2 Sữa Tắm Nữ Pháp Le Petit Marseillais 250ml - Thiên Nhiên Dịu Nhẹ,"Quả Mâm Xôi Hữu Cơ & Hoa Mẫu Đơn, Bông Và Hoa Anh Túc",1736012795077035228,ST48441+ST65434,378000,551543,VND,1,Không áp dụng thanh toán khi giao hàng,Đang xử lý,ahau.phuongthao,Video,7657908411115392274,fixed commission,,,,12,378000,45360,,,,,,,,0,0,03/07/2026 05:35:49,03/07/2026 05:35:55,03/07/2026 05:35:55,04/07/2026 10:22:20,,05/07/2026 12:07:33,TTS,Open/Target Collaboration
584827154802116228,1732250760944257244,"Sữa Tắm/Gel Tắm Pháp Le Petit Marseillais Chiết Xuất Thiên Nhiên 650ml - Sữa Tắm Lưu Hương Lành Tính - Dịu Nhẹ, An Toàn Cho Da","Thông & Bạch Đàn Biển, Standard",1732250801268689116,ST01902,395000,513733,VND,1,Thanh toán khi giao hàng,Đang xử lý,mevyan,Video,7655720208107244820,fixed commission,,,,,395000,,,,3,11850,,,,0,0,03/07/2026 06:11:57,04/07/2026 14:30:38,03/07/2026 06:11:58,04/07/2026 14:30:38,,05/07/2026 08:21:31,TTS,Open/Target Collaboration
584828486671763227,1732251815880067292,"Sữa Tắm Pháp Le Petit Marseillais Cho Nam Chiết Xuất Thiên Nhiên 4in1 Nhiều Mùi Hương Dưỡng Ẩm, Thơm Lâu - Phù Hợp Mọi Loại Da (250ml)","Hương Gỗ Tuyết Tùng & Dương Xỉ, Standard",1732251749141219548,ST01172,205000,276900,VND,1,Không áp dụng thanh toán khi giao hàng,Đang xử lý,duongmanhkien19,Video,7578474458705382676,fixed commission,,,,,205000,,,,3,6150,,,,0,0,03/07/2026 08:16:35,03/07/2026 08:16:36,03/07/2026 08:16:36,04/07/2026 09:28:44,,05/07/2026 12:32:10,TTS,Open/Target Collaboration
584828499201590676,1732251815880067292,"Sữa Tắm Pháp Le Petit Marseillais Cho Nam Chiết Xuất Thiên Nhiên 4in1 Nhiều Mùi Hương Dưỡng Ẩm, Thơm Lâu - Phù Hợp Mọi Loại Da (250ml)","Hương Gỗ Tuyết Tùng & Dương Xỉ, Standard",1732251749141219548,ST01172,205000,276900,VND,1,Không áp dụng thanh toán khi giao hàng,Đang xử lý,duongmanhkien19,Video,7578474458705382676,fixed commission,,,,,205000,,,,3,6150,,,,0,0,03/07/2026 08:21:19,03/07/2026 08:21:25,03/07/2026 08:21:25,04/07/2026 09:08:37,,05/07/2026 08:01:36,TTS,Open/Target Collaboration
584828538344932403,1732251815880067292,"Sữa Tắm Pháp Le Petit Marseillais Cho Nam Chiết Xuất Thiên Nhiên 4in1 Nhiều Mùi Hương Dưỡng Ẩm, Thơm Lâu - Phù Hợp Mọi Loại Da (250ml)","Hương Thông & Bạch Đàn Biển, Standard",1732251749141154012,ST01356,190000,283850,VND,1,Không áp dụng thanh toán khi giao hàng,Đang xử lý,man.trung.737,Video,7595064670482877717,fixed commission,,,,,190000,,,,3,5700,,,,0,0,03/07/2026 08:25:49,03/07/2026 08:25:54,03/07/2026 08:25:54,04/07/2026 09:31:53,,05/07/2026 12:29:46,TTS,Open/Target Collaboration
584828938306553566,1732251815880067292,"Sữa Tắm Pháp Le Petit Marseillais Cho Nam Chiết Xuất Thiên Nhiên 4in1 Nhiều Mùi Hương Dưỡng Ẩm, Thơm Lâu - Phù Hợp Mọi Loại Da (250ml)","Hương Gỗ Tuyết Tùng & Dương Xỉ, Standard",1732251749141219548,ST01172,205000,286550,VND,1,Thanh toán khi giao hàng,Đang xử lý,duongmanhkien19,Video,7578474458705382676,fixed commission,,,,,205000,,,,3,6150,,,,0,0,03/07/2026 08:51:22,04/07/2026 21:25:58,03/07/2026 08:51:22,04/07/2026 21:25:58,,05/07/2026 11:22:46,TTS,Open/Target Collaboration
584829154888550286,1734496604995683548,Xà Phòng Le Petit Marseillais Chính Hãng Bánh Xà Phòng Tắm Thiên Nhiên (Ngẫu nhiên)  1 Bánh,Mặc định,1734496577198523612,1 BÁNH-XP,75000,89000,VND,1,Thanh toán khi giao hàng,Đang xử lý,onggiatichcuc79,Video,7652811158407138567,fixed commission,,,,6,75000,4500,,,,,,,,0,0,03/07/2026 09:15:44,04/07/2026 15:29:34,03/07/2026 09:15:45,04/07/2026 15:29:34,,05/07/2026 11:54:14,TTS,Open/Target Collaboration
584830515623068878,1732250928810920156,"Sữa Tắm/Gel Tắm Pháp Le Petit Marseillais Thiên Nhiên 250ml - Sữa Tắm Lưu Hương Lành Tính - Dịu Nhẹ, An Toàn Cho Da","Quả Mâm Xôi & Hoa Mẫu Đơn, Standard",1732250914985052380,ST48441,189000,276900,VND,1,Thanh toán khi giao hàng,Đã hủy,lepetitmarseillaisvn,Phát trực tiếp,7658138889292630805,fixed commission,,,,,189000,,,,,,,,,0,0,03/07/2026 10:42:36,,03/07/2026 10:42:38,,,,TTS,Open/Target Collaboration
584830515623068878,1731317167366243548,[Quà tặng không bán] Bông Tắm Tạo Bọt Mềm Mịn,Mặc định,1731317148230255836,BONG TAM HQ,0,7900,VND,1,Thanh toán khi giao hàng,Đã hủy,lepetitmarseillaisvn,Phát trực tiếp,7658138889292630805,fixed commission,,,,,0,,,,,,,,,0,0,03/07/2026 10:42:36,,03/07/2026 10:42:38,,,,TTS,Open/Target Collaboration
584830554077234896,1734496604995683548,Xà Phòng Le Petit Marseillais Chính Hãng Bánh Xà Phòng Tắm Thiên Nhiên (Ngẫu nhiên)  1 Bánh,Mặc định,1734496577198523612,1 BÁNH-XP,75000,76400,VND,1,Thanh toán khi giao hàng,Đang xử lý,onggiatichcuc79,Video,7649582978691058952,fixed commission,,,,6,75000,4500,,,,,,,,0,0,03/07/2026 10:48:10,04/07/2026 12:18:20,03/07/2026 10:48:11,04/07/2026 12:18:20,,05/07/2026 07:55:48,TTS,Open/Target Collaboration
584830927358493749,1732250928810920156,"Sữa Tắm/Gel Tắm Pháp Le Petit Marseillais Thiên Nhiên 250ml - Sữa Tắm Lưu Hương Lành Tính - Dịu Nhẹ, An Toàn Cho Da","Quả Mâm Xôi & Hoa Mẫu Đơn, Standard",1732250914985052380,ST48441,166320,279450,VND,1,Không áp dụng thanh toán khi giao hàng,Đang xử lý,windyanh1,Trưng bày,,fixed commission,,,,8,166320,13306,,,,,,,,0,0,03/07/2026 11:12:04,03/07/2026 11:13:17,03/07/2026 11:13:19,06/07/2026 18:14:54,,07/07/2026 09:46:41,TTS,Open/Target Collaboration
584831706023298951,1731317167366243548,[Quà tặng không bán] Bông Tắm Tạo Bọt Mềm Mịn,Mặc định,1731317148230255836,BONG TAM HQ,0,7900,VND,1,Thanh toán khi giao hàng,Đang xử lý,lepetitmarseillaisvn,Phát trực tiếp,7658138889292630805,fixed commission,,,,,0,,,,,,,,,0,0,03/07/2026 12:05:15,04/07/2026 16:39:35,03/07/2026 12:05:16,04/07/2026 16:39:35,,,TTS,Open/Target Collaboration
584831706023298951,1732250928810920156,"Sữa Tắm/Gel Tắm Pháp Le Petit Marseillais Thiên Nhiên 250ml - Sữa Tắm Lưu Hương Lành Tính - Dịu Nhẹ, An Toàn Cho Da","Đào Trắng & Quả Xuân Đào, Standard",1732250914985380060,ST01240,176300,276900,VND,1,Thanh toán khi giao hàng,Đang xử lý,lepetitmarseillaisvn,Phát trực tiếp,7658138889292630805,fixed commission,,,,,176300,,,,,,,,,0,0,03/07/2026 12:05:15,04/07/2026 16:39:35,03/07/2026 12:05:16,04/07/2026 16:39:35,,,TTS,Open/Target Collaboration
584833570415281965,1732251815880067292,"Sữa Tắm Pháp Le Petit Marseillais Cho Nam Chiết Xuất Thiên Nhiên 4in1 Nhiều Mùi Hương Dưỡng Ẩm, Thơm Lâu - Phù Hợp Mọi Loại Da (250ml)","Hương Gỗ Tuyết Tùng & Dương Xỉ, Standard",1732251749141219548,ST01172,205000,286550,VND,1,Thanh toán khi giao hàng,Đang xử lý,involveasiavn01,Chương trình Lưu lượng truy cập bên ngoài,,fixed commission,,,,4,205000,8200,,,,,,,,0,0,03/07/2026 14:01:03,04/07/2026 18:39:17,03/07/2026 14:01:04,04/07/2026 18:39:17,,05/07/2026 10:17:43,TTS,Open/Target Collaboration
584833806480475153,1732251815880067292,"Sữa Tắm Pháp Le Petit Marseillais Cho Nam Chiết Xuất Thiên Nhiên 4in1 Nhiều Mùi Hương Dưỡng Ẩm, Thơm Lâu - Phù Hợp Mọi Loại Da (250ml)","Hương Gỗ Tuyết Tùng & Dương Xỉ, Standard",1732251749141219548,ST01172,205000,272280,VND,1,Không áp dụng thanh toán khi giao hàng,Đang xử lý,lepetitmarseillaisvn,Phát trực tiếp,7658188231381732117,fixed commission,,,,,205000,,,,,,,,,0,0,03/07/2026 14:22:51,03/07/2026 14:22:58,03/07/2026 14:22:58,04/07/2026 17:56:38,,,TTS,Open/Target Collaboration
584833806480475153,1732250760944257244,"Sữa Tắm/Gel Tắm Pháp Le Petit Marseillais Chiết Xuất Thiên Nhiên 650ml - Sữa Tắm Lưu Hương Lành Tính - Dịu Nhẹ, An Toàn Cho Da","Thông & Bạch Đàn Biển, Standard",1732250801268689116,ST01902,395000,505560,VND,1,Không áp dụng thanh toán khi giao hàng,Đang xử lý,lepetitmarseillaisvn,Phát trực tiếp,7658188231381732117,fixed commission,,,,,395000,,,,,,,,,0,0,03/07/2026 14:22:51,03/07/2026 14:22:58,03/07/2026 14:22:58,04/07/2026 17:56:38,,,TTS,Open/Target Collaboration
584834744641423145,1732251815880067292,"Sữa Tắm Pháp Le Petit Marseillais Cho Nam Chiết Xuất Thiên Nhiên 4in1 Nhiều Mùi Hương Dưỡng Ẩm, Thơm Lâu - Phù Hợp Mọi Loại Da (250ml)","Hương Gỗ Tuyết Tùng & Dương Xỉ, Standard",1732251749141219548,ST01172,190000,289700,VND,1,Không áp dụng thanh toán khi giao hàng,Đang xử lý,mundayne688,Video,7578844742998396168,fixed commission,,,,8,190000,15200,,,,,,,,0,0,03/07/2026 15:21:24,03/07/2026 15:21:28,03/07/2026 15:21:29,05/07/2026 15:15:21,,06/07/2026 09:18:44,TTS,Open/Target Collaboration
584838971388626174,1732250760944257244,"Sữa Tắm/Gel Tắm Pháp Le Petit Marseillais Chiết Xuất Thiên Nhiên 650ml - Sữa Tắm Lưu Hương Lành Tính - Dịu Nhẹ, An Toàn Cho Da","Hoa Tiare, Standard",1732250801268885724,ST68816,323900,517909,VND,1,Không áp dụng thanh toán khi giao hàng,Đang xử lý,lepetitmarseillaisvn,Phát trực tiếp,7657536549034298130,fixed commission,,,,,323900,,,,,,,,,0,0,03/07/2026 20:22:31,03/07/2026 20:22:36,03/07/2026 20:22:36,06/07/2026 10:07:47,,,TTS,Open/Target Collaboration
584838971388626174,1734496604995683548,Xà Phòng Le Petit Marseillais Chính Hãng Bánh Xà Phòng Tắm Thiên Nhiên (Ngẫu nhiên)  1 Bánh,Mặc định,1734496577198523612,1 BÁNH-XP,0,1891,VND,1,Không áp dụng thanh toán khi giao hàng,Đang xử lý,lepetitmarseillaisvn,Phát trực tiếp,7657536549034298130,fixed commission,,,,,0,,,,,,,,,0,0,03/07/2026 20:22:31,03/07/2026 20:22:36,03/07/2026 20:22:36,06/07/2026 10:07:47,,,TTS,Open/Target Collaboration
584838971388626174,1735910664928920796,Combo 2 Sữa Tắm Nam Le Petit Marseillais 4in1 Cho Tóc Mặt Râu Toàn Thân 250ml,"Thông Biển & Bạch Đàn, Gỗ Tuyết Tùng Và Dương Xỉ",1735912571878606044,ST01356 + ST01172,302400,549345,VND,1,Không áp dụng thanh toán khi giao hàng,Đang xử lý,lepetitmarseillaisvn,Phát trực tiếp,7657536549034298130,fixed commission,,,,,302400,,,,,,,,,0,0,03/07/2026 20:22:31,03/07/2026 20:22:36,03/07/2026 20:22:36,06/07/2026 10:07:47,,,TTS,Open/Target Collaboration
584838971388626174,1731317167366243548,[Quà tặng không bán] Bông Tắm Tạo Bọt Mềm Mịn,Mặc định,1731317148230255836,BONG TAM HQ,0,9455,VND,1,Không áp dụng thanh toán khi giao hàng,Đang xử lý,lepetitmarseillaisvn,Phát trực tiếp,7657536549034298130,fixed commission,,,,,0,,,,,,,,,0,0,03/07/2026 20:22:31,03/07/2026 20:22:36,03/07/2026 20:22:36,06/07/2026 10:07:47,,,TTS,Open/Target Collaboration
584839265116522139,1732251912551172316,"Gel tắm Hữu Cơ Pháp Le Petit Marseillais Nhiều Mùi Hương 250ml, Thơm Lâu - Phù Hợp Mọi Loại Da (250ml)","Cỏ Roi Ngựa & Chanh, Standard",1732251905721272540,ST01601,255000,349450,VND,1,Thanh toán khi giao hàng,Đang xử lý,lepetitmarseillaisvn,Phát trực tiếp,7658279455219567367,fixed commission,,,,,255000,,,,,,,,,0,0,03/07/2026 20:39:27,05/07/2026 13:53:07,03/07/2026 20:39:29,05/07/2026 13:53:07,,,TTS,Open/Target Collaboration
584839265116522139,1731317167366243548,[Quà tặng không bán] Bông Tắm Tạo Bọt Mềm Mịn,Mặc định,1731317148230255836,BONG TAM HQ,0,10450,VND,1,Thanh toán khi giao hàng,Đang xử lý,lepetitmarseillaisvn,Phát trực tiếp,7658279455219567367,fixed commission,,,,,0,,,,,,,,,0,0,03/07/2026 20:39:27,05/07/2026 13:53:07,03/07/2026 20:39:29,05/07/2026 13:53:07,,,TTS,Open/Target Collaboration
584839653886690532,1734496604995683548,Xà Phòng Le Petit Marseillais Chính Hãng Bánh Xà Phòng Tắm Thiên Nhiên (Ngẫu nhiên)  1 Bánh,Mặc định,1734496577198523612,1 BÁNH-XP,0,2257,VND,1,Thanh toán khi giao hàng,Đang xử lý,lepetitmarseillaisvn,Phát trực tiếp,7658279455219567367,fixed commission,,,,,0,,,,,,,,,0,0,03/07/2026 21:01:32,07/07/2026 18:58:17,03/07/2026 21:01:34,07/07/2026 18:58:17,,,TTS,Open/Target Collaboration
584839653886690532,1735910664928920796,Combo 2 Sữa Tắm Nam Le Petit Marseillais 4in1 Cho Tóc Mặt Râu Toàn Thân 250ml,"Gỗ Tuyết Tùng Và Dương Xỉ, Gỗ Tuyết Tùng Và Dương Xỉ",1735912571877950684,ST01172 x 2,378000,551543,VND,1,Thanh toán khi giao hàng,Đang xử lý,lepetitmarseillaisvn,Phát trực tiếp,7658279455219567367,fixed commission,,,,,378000,,,,,,,,,0,0,03/07/2026 21:01:32,07/07/2026 18:58:17,03/07/2026 21:01:34,07/07/2026 18:58:17,,,TTS,Open/Target Collaboration
584839936716932872,1731317167366243548,[Quà tặng không bán] Bông Tắm Tạo Bọt Mềm Mịn,Mặc định,1731317148230255836,BONG TAM HQ,0,11333,VND,1,Thanh toán khi giao hàng,Đang xử lý,lepetitmarseillaisvn,Phát trực tiếp,7658279455219567367,fixed commission,,,,,0,,,,,,,,,0,0,03/07/2026 21:18:08,05/07/2026 17:07:15,03/07/2026 21:18:09,05/07/2026 17:07:15,,,TTS,Open/Target Collaboration
584839936716932872,1732250760944257244,"Sữa Tắm/Gel Tắm Pháp Le Petit Marseillais Chiết Xuất Thiên Nhiên 650ml - Sữa Tắm Lưu Hương Lành Tính - Dịu Nhẹ, An Toàn Cho Da","Đào Trắng & Quả Xuân Đào, Standard",1732250801269016796,ST01288,331800,521667,VND,1,Thanh toán khi giao hàng,Đang xử lý,lepetitmarseillaisvn,Phát trực tiếp,7658279455219567367,fixed commission,,,,,331800,,,,,,,,,0,0,03/07/2026 21:18:08,05/07/2026 17:07:15,03/07/2026 21:18:09,05/07/2026 17:07:15,,,TTS,Open/Target Collaboration
584840070220318059,1732250928810920156,"Sữa Tắm/Gel Tắm Pháp Le Petit Marseillais Thiên Nhiên 250ml - Sữa Tắm Lưu Hương Lành Tính - Dịu Nhẹ, An Toàn Cho Da","Bạc Hà, Standard",1732250914984855772,ST92871,205000,289700,VND,1,Thanh toán khi giao hàng,Đang xử lý,iflytek02,Chương trình Lưu lượng truy cập bên ngoài,,fixed commission,,,,4,205000,8200,,,,,,,,0,0,03/07/2026 21:28:39,05/07/2026 16:18:46,03/07/2026 21:28:40,05/07/2026 16:18:46,,06/07/2026 12:47:43,TTS,Open/Target Collaboration
584842400210913061,1732251815880067292,"Sữa Tắm Pháp Le Petit Marseillais Cho Nam Chiết Xuất Thiên Nhiên 4in1 Nhiều Mùi Hương Dưỡng Ẩm, Thơm Lâu - Phù Hợp Mọi Loại Da (250ml)","Hương Gỗ Tuyết Tùng & Dương Xỉ, Standard",1732251749141219548,ST01172,195000,283850,VND,1,Thanh toán khi giao hàng,Đang xử lý,duongmanhkien19,Video,7578474458705382676,fixed commission,,,,,195000,,,,3,5850,,,,0,0,04/07/2026 00:19:28,05/07/2026 12:07:29,04/07/2026 00:19:29,05/07/2026 12:07:29,,06/07/2026 09:03:02,TTS,Open/Target Collaboration
584843455814207045,1732250760944257244,"Sữa Tắm/Gel Tắm Pháp Le Petit Marseillais Chiết Xuất Thiên Nhiên 650ml - Sữa Tắm Lưu Hương Lành Tính - Dịu Nhẹ, An Toàn Cho Da","Thông & Bạch Đàn Biển, Standard",1732250801268689116,ST01902,335750,518040,VND,1,Không áp dụng thanh toán khi giao hàng,Đang xử lý,thaocanview,Video,7639362324603686164,fixed commission,,,,8,335750,26860,,,,,,,,0,0,04/07/2026 04:05:50,04/07/2026 04:05:53,04/07/2026 04:05:53,05/07/2026 11:59:39,,06/07/2026 09:22:38,TTS,Open/Target Collaboration
584843455814207045,1732250760944257244,"Sữa Tắm/Gel Tắm Pháp Le Petit Marseillais Chiết Xuất Thiên Nhiên 650ml - Sữa Tắm Lưu Hương Lành Tính - Dịu Nhẹ, An Toàn Cho Da","Hoa Cam, Standard",1732250801269278940,ST39109,335750,518040,VND,1,Không áp dụng thanh toán khi giao hàng,Đang xử lý,thaocanview,Video,7639362324603686164,fixed commission,,,,8,335750,26860,,,,,,,,0,0,04/07/2026 04:05:50,04/07/2026 04:05:53,04/07/2026 04:05:53,05/07/2026 11:59:39,,06/07/2026 09:22:38,TTS,Open/Target Collaboration
584844207387477669,1736012338574165212,Combo 2 Sữa Tắm Nữ Pháp Le Petit Marseillais 250ml - Thiên Nhiên Dịu Nhẹ,"Bông Và Hoa Anh Túc, Hoa Cam",1736012795078411484,ST65434+ST00823,378000,578800,VND,1,Thanh toán khi giao hàng,Đã hủy,ahau.phuongthao,Video,7657908411115392274,fixed commission,0,0,0,,378000,,,,2,7560,,,,0,0,04/07/2026 06:28:59,,04/07/2026 06:29:00,,,,TTS,Open/Target Collaboration
584844592587179664,1732251815880067292,"Sữa Tắm Pháp Le Petit Marseillais Cho Nam Chiết Xuất Thiên Nhiên 4in1 Nhiều Mùi Hương Dưỡng Ẩm, Thơm Lâu - Phù Hợp Mọi Loại Da (250ml)","Hương Gỗ Tuyết Tùng & Dương Xỉ, Standard",1732251749141219548,ST01172,184500,279450,VND,1,Thanh toán khi giao hàng,Đang xử lý,vheu170cm,Video,7550953945372429575,fixed commission,,,,,184500,,,,3,5535,,,,0,0,04/07/2026 07:12:39,05/07/2026 19:10:57,04/07/2026 07:12:40,05/07/2026 19:10:57,,06/07/2026 07:38:40,TTS,Open/Target Collaboration
584846166239708378,1732250760944257244,"Sữa Tắm/Gel Tắm Pháp Le Petit Marseillais Chiết Xuất Thiên Nhiên 650ml - Sữa Tắm Lưu Hương Lành Tính - Dịu Nhẹ, An Toàn Cho Da","Thông & Bạch Đàn Biển, Standard",1732250801268689116,ST01902,347600,521667,VND,1,Thanh toán khi giao hàng,Đã hủy,baeli_cosmetic,Video,7658354024370015496,fixed commission,0,0,0,8,347600,27808,,,,,,,,0,0,04/07/2026 09:24:36,,04/07/2026 09:24:37,,,,TTS,Open/Target Collaboration
584846481897260793,1732251815880067292,"Sữa Tắm Pháp Le Petit Marseillais Cho Nam Chiết Xuất Thiên Nhiên 4in1 Nhiều Mùi Hương Dưỡng Ẩm, Thơm Lâu - Phù Hợp Mọi Loại Da (250ml)","Hương Gỗ Tuyết Tùng & Dương Xỉ, Standard",1732251749141219548,ST01172,205000,283850,VND,1,Thanh toán khi giao hàng,Đang xử lý,minh.ha0102,Video,7569577795613953298,fixed commission,,,,8,205000,16400,,,,,,,,0,0,04/07/2026 09:42:12,05/07/2026 11:11:30,04/07/2026 09:42:16,05/07/2026 11:11:30,,06/07/2026 09:59:22,TTS,Open/Target Collaboration
584846716319335642,1732251815880067292,"Sữa Tắm Pháp Le Petit Marseillais Cho Nam Chiết Xuất Thiên Nhiên 4in1 Nhiều Mùi Hương Dưỡng Ẩm, Thơm Lâu - Phù Hợp Mọi Loại Da (250ml)","Hương Gỗ Tuyết Tùng & Dương Xỉ, Standard",1732251749141219548,ST01172,174250,283850,VND,1,Thanh toán khi giao hàng,Đang xử lý,iflytek02,Chương trình Lưu lượng truy cập bên ngoài,,fixed commission,,,,4,174250,6970,,,,,,,,0,0,04/07/2026 09:58:13,05/07/2026 15:40:49,04/07/2026 09:58:14,05/07/2026 15:40:49,,06/07/2026 10:33:29,TTS,Open/Target Collaboration
584847500502074624,1732252961260865756,"Dầu Gội Thiên Nhiên Le Petit Marseillais Nhiều Mùi Hương 250ml Dưỡng Ẩm, Thơm Lâu - Phù Hợp Mọi Loại Da",Trị Gàu 2 In 1 Tinh Dầu Bạc Hà,1732252943759018204,DG74042,234960,348700,VND,1,Thanh toán khi giao hàng,Đang xử lý,ngocdailyvlog,Video,7580449561433361671,fixed commission,,,,8,234960,18797,,,,,,,,0,0,04/07/2026 10:44:48,05/07/2026 17:07:07,04/07/2026 10:44:50,05/07/2026 17:07:07,,06/07/2026 08:31:05,TTS,Open/Target Collaboration
584847731044353453,1732250760944257244,"Sữa Tắm/Gel Tắm Pháp Le Petit Marseillais Chiết Xuất Thiên Nhiên 650ml - Sữa Tắm Lưu Hương Lành Tính - Dịu Nhẹ, An Toàn Cho Da","Thông & Bạch Đàn Biển, Standard",1732250801268689116,ST01902,347600,513733,VND,1,Thanh toán khi giao hàng,Đang xử lý,ha_thubay,Video,7599664598626618642,fixed commission,,,,8,347600,27808,,,,,,,,0,0,04/07/2026 11:02:01,05/07/2026 10:01:37,04/07/2026 11:02:03,05/07/2026 10:01:37,,06/07/2026 10:13:12,TTS,Open/Target Collaboration
584847925219133376,1734496604995683548,Xà Phòng Le Petit Marseillais Chính Hãng Bánh Xà Phòng Tắm Thiên Nhiên (Ngẫu nhiên)  1 Bánh,Mặc định,1734496577198523612,1 BÁNH-XP,75000,307575,VND,4,Thanh toán khi giao hàng,Đang xử lý,onggiatichcuc79,Video,7652811158407138567,fixed commission,,,,6,300000,18000,,,,,,,,0,0,04/07/2026 11:17:57,06/07/2026 18:43:53,04/07/2026 11:17:58,06/07/2026 18:43:53,,07/07/2026 08:16:02,TTS,Open/Target Collaboration
584848769167361784,1732250760944257244,"Sữa Tắm/Gel Tắm Pháp Le Petit Marseillais Chiết Xuất Thiên Nhiên 650ml - Sữa Tắm Lưu Hương Lành Tính - Dịu Nhẹ, An Toàn Cho Da","Thông & Bạch Đàn Biển, Standard",1732250801268689116,ST01902,339700,857740,VND,2,Thanh toán khi giao hàng,Đã hủy,daubeo6688,Video,7637196501571194133,fixed commission,0,0,0,8,679400,54352,,,,,,,,0,0,04/07/2026 12:10:39,,04/07/2026 12:10:40,,,,TTS,Open/Target Collaboration
584849021324396345,1732251815880067292,"Sữa Tắm Pháp Le Petit Marseillais Cho Nam Chiết Xuất Thiên Nhiên 4in1 Nhiều Mùi Hương Dưỡng Ẩm, Thơm Lâu - Phù Hợp Mọi Loại Da (250ml)","Hương Cam & Tinh Dầu Argan, Standard",1732251749141022940,ST01431,205000,279450,VND,1,Thanh toán khi giao hàng,Đang xử lý,duongmanhkien19,Video,7578474458705382676,fixed commission,,,,,205000,,,,3,6150,,,,0,0,04/07/2026 12:26:12,05/07/2026 10:14:28,04/07/2026 12:26:15,05/07/2026 10:14:28,,06/07/2026 09:36:19,TTS,Open/Target Collaboration
584849654717187741,1732251815880067292,"Sữa Tắm Pháp Le Petit Marseillais Cho Nam Chiết Xuất Thiên Nhiên 4in1 Nhiều Mùi Hương Dưỡng Ẩm, Thơm Lâu - Phù Hợp Mọi Loại Da (250ml)","Hương Gỗ Tuyết Tùng & Dương Xỉ, Standard",1732251749141219548,ST01172,205000,276900,VND,1,Thanh toán khi giao hàng,Đang xử lý,duongmanhkien19,Video,7578474458705382676,fixed commission,,,,,205000,,,,3,6150,,,,0,0,04/07/2026 13:01:53,05/07/2026 23:19:03,04/07/2026 13:01:56,05/07/2026 23:19:03,,06/07/2026 09:27:12,TTS,Open/Target Collaboration
584849980472526193,1732251815880067292,"Sữa Tắm Pháp Le Petit Marseillais Cho Nam Chiết Xuất Thiên Nhiên 4in1 Nhiều Mùi Hương Dưỡng Ẩm, Thơm Lâu - Phù Hợp Mọi Loại Da (250ml)","Hương Gỗ Tuyết Tùng & Dương Xỉ, Standard",1732251749141219548,ST01172,205000,283850,VND,1,Thanh toán khi giao hàng,Đang xử lý,duongmanhkien19,Video,7578474458705382676,fixed commission,,,,8,205000,16400,,,,,,,,0,0,04/07/2026 13:24:38,05/07/2026 19:42:56,04/07/2026 13:24:39,05/07/2026 19:42:56,,06/07/2026 10:00:15,TTS,Open/Target Collaboration
584851002272089301,1732251815880067292,"Sữa Tắm Pháp Le Petit Marseillais Cho Nam Chiết Xuất Thiên Nhiên 4in1 Nhiều Mùi Hương Dưỡng Ẩm, Thơm Lâu - Phù Hợp Mọi Loại Da (250ml)","Hương Cam & Tinh Dầu Argan, Standard",1732251749141022940,ST01431,205000,292800,VND,1,Thanh toán khi giao hàng,Đang xử lý,man.trung.737,Video,7595064670482877717,fixed commission,,,,,205000,,,,3,6150,,,,0,0,04/07/2026 14:31:22,06/07/2026 16:26:13,04/07/2026 14:31:24,06/07/2026 16:26:13,,07/07/2026 09:10:07,TTS,Open/Target Collaboration
584852046435222636,1732250928810920156,"Sữa Tắm/Gel Tắm Pháp Le Petit Marseillais Thiên Nhiên 250ml - Sữa Tắm Lưu Hương Lành Tính - Dịu Nhẹ, An Toàn Cho Da","Quả Mâm Xôi & Hoa Mẫu Đơn, Standard",1732250914985052380,ST48441,170150,276900,VND,1,Thanh toán khi giao hàng,Đang xử lý,_huaquynhnhu,Chương trình Lưu lượng truy cập bên ngoài,,fixed commission,,,,4,170150,6806,,,,,,,,0,0,04/07/2026 15:44:38,07/07/2026 09:46:19,04/07/2026 15:44:40,07/07/2026 09:46:19,,08/07/2026 08:33:15,TTS,Open/Target Collaboration
584852095645156909,1732251815880067292,"Sữa Tắm Pháp Le Petit Marseillais Cho Nam Chiết Xuất Thiên Nhiên 4in1 Nhiều Mùi Hương Dưỡng Ẩm, Thơm Lâu - Phù Hợp Mọi Loại Da (250ml)","Hương Cam & Tinh Dầu Argan, Standard",1732251749141022940,ST01431,176300,276900,VND,1,Thanh toán khi giao hàng,Đang xử lý,thichthomthor,Video,7592287621615815943,fixed commission,,,,8,176300,14104,,,,,,,,0,0,04/07/2026 15:50:04,07/07/2026 13:46:54,04/07/2026 15:50:06,07/07/2026 13:46:54,,08/07/2026 09:53:49,TTS,Open/Target Collaboration
584852710835193520,1732251815880067292,"Sữa Tắm Pháp Le Petit Marseillais Cho Nam Chiết Xuất Thiên Nhiên 4in1 Nhiều Mùi Hương Dưỡng Ẩm, Thơm Lâu - Phù Hợp Mọi Loại Da (250ml)","Hương Gỗ Tuyết Tùng & Dương Xỉ, Standard",1732251749141219548,ST01172,205000,283850,VND,1,Thanh toán khi giao hàng,Đang xử lý,duongmanhkien19,Video,7578474458705382676,fixed commission,,,,,205000,,,,3,6150,,,,0,0,04/07/2026 16:29:44,07/07/2026 15:41:05,04/07/2026 16:29:45,07/07/2026 15:41:05,,08/07/2026 07:25:48,TTS,Open/Target Collaboration
584853006390494841,1732250760944257244,"Sữa Tắm/Gel Tắm Pháp Le Petit Marseillais Chiết Xuất Thiên Nhiên 650ml - Sữa Tắm Lưu Hương Lành Tính - Dịu Nhẹ, An Toàn Cho Da","Vani, Standard",1732250801269082332,ST00557,335000,525267,VND,1,Thanh toán khi giao hàng,Đang xử lý,lepetitmarseillaisvn,Phát trực tiếp,7658606381141953287,fixed commission,,,,,335000,,,,,,,,,0,0,04/07/2026 16:52:59,07/07/2026 15:44:43,04/07/2026 16:53:00,07/07/2026 15:44:43,,,TTS,Open/Target Collaboration
584853006390494841,1731317167366243548,[Quà tặng không bán] Bông Tắm Tạo Bọt Mềm Mịn,Mặc định,1731317148230255836,BONG TAM HQ,0,13133,VND,1,Thanh toán khi giao hàng,Đang xử lý,lepetitmarseillaisvn,Phát trực tiếp,7658606381141953287,fixed commission,,,,,0,,,,,,,,,0,0,04/07/2026 16:52:59,07/07/2026 15:44:43,04/07/2026 16:53:00,07/07/2026 15:44:43,,,TTS,Open/Target Collaboration
584853103406385013,1731317167366243548,[Quà tặng không bán] Bông Tắm Tạo Bọt Mềm Mịn,Mặc định,1731317148230255836,BONG TAM HQ,0,7900,VND,1,Thanh toán khi giao hàng,Đang xử lý,lepetitmarseillaisvn,Phát trực tiếp,7658606381141953287,fixed commission,,,,,0,,,,,,,,,0,0,04/07/2026 17:00:22,07/07/2026 20:05:22,04/07/2026 17:00:24,07/07/2026 20:05:22,,,TTS,Open/Target Collaboration
584853103406385013,1732251815880067292,"Sữa Tắm Pháp Le Petit Marseillais Cho Nam Chiết Xuất Thiên Nhiên 4in1 Nhiều Mùi Hương Dưỡng Ẩm, Thơm Lâu - Phù Hợp Mọi Loại Da (250ml)","Hương Thông & Bạch Đàn Biển, Standard",1732251749141154012,ST01356,176300,276900,VND,1,Thanh toán khi giao hàng,Đang xử lý,lepetitmarseillaisvn,Phát trực tiếp,7658606381141953287,fixed commission,,,,,176300,,,,,,,,,0,0,04/07/2026 17:00:22,07/07/2026 20:05:22,04/07/2026 17:00:24,07/07/2026 20:05:22,,,TTS,Open/Target Collaboration
584853129297037239,1732251815880067292,"Sữa Tắm Pháp Le Petit Marseillais Cho Nam Chiết Xuất Thiên Nhiên 4in1 Nhiều Mùi Hương Dưỡng Ẩm, Thơm Lâu - Phù Hợp Mọi Loại Da (250ml)","Hương Cam & Tinh Dầu Argan, Standard",1732251749141022940,ST01431,182450,283850,VND,1,Thanh toán khi giao hàng,Đã hủy,man.trung.737,Video,7595064670482877717,fixed commission,0,0,0,8,182450,14596,,,,,,,,0,0,04/07/2026 17:01:19,,04/07/2026 17:01:21,,,,TTS,Open/Target Collaboration
584853159853393591,1732250928810920156,"Sữa Tắm/Gel Tắm Pháp Le Petit Marseillais Thiên Nhiên 250ml - Sữa Tắm Lưu Hương Lành Tính - Dịu Nhẹ, An Toàn Cho Da","Đào Trắng & Quả Xuân Đào, Standard",1732250914985380060,ST01240,176300,276900,VND,1,Không áp dụng thanh toán khi giao hàng,Đang xử lý,lepetitmarseillaisvn,Phát trực tiếp,7658606381141953287,fixed commission,,,,,176300,,,,,,,,,0,0,04/07/2026 17:04:26,04/07/2026 17:04:29,04/07/2026 17:04:30,07/07/2026 09:56:33,,,TTS,Open/Target Collaboration
584853485222856181,1732251906497939676,Sữa tắm Thiên Nhiên Pháp Le Petit Marseillais Nhiều Mùi Hương Dịu Nhẹ Cho Da Nhạy Cảm 400ml - Phù Hợp Mọi Loại Da,"Dầu Hạnh Nhân, Standard",1732251905364035804,ST53362,276869,464560,VND,1,Thanh toán khi giao hàng,Đang xử lý,lepetitmarseillaisvn,Phát trực tiếp,7658606381141953287,fixed commission,,,,,276869,,,,,,,,,0,0,04/07/2026 17:30:47,09/07/2026 11:44:34,04/07/2026 17:30:48,09/07/2026 11:44:34,,,TTS,Open/Target Collaboration
584853485222856181,1736012338574165212,Combo 2 Sữa Tắm Nữ Pháp Le Petit Marseillais 250ml - Thiên Nhiên Dịu Nhẹ,"Quả Mâm Xôi Hữu Cơ & Hoa Mẫu Đơn, Xoài Hữu Cơ & Chanh Dây",1736013429862991068,ST48441+ST99622,317141,555040,VND,1,Thanh toán khi giao hàng,Đang xử lý,lepetitmarseillaisvn,Phát trực tiếp,7658606381141953287,fixed commission,,,,,317141,,,,,,,,,0,0,04/07/2026 17:30:47,09/07/2026 11:44:34,04/07/2026 17:30:48,09/07/2026 11:44:34,,,TTS,Open/Target Collaboration
584853808526362201,1732251815880067292,"Sữa Tắm Pháp Le Petit Marseillais Cho Nam Chiết Xuất Thiên Nhiên 4in1 Nhiều Mùi Hương Dưỡng Ẩm, Thơm Lâu - Phù Hợp Mọi Loại Da (250ml)","Hương Gỗ Tuyết Tùng & Dương Xỉ, Standard",1732251749141219548,ST01172,184500,292800,VND,1,Không áp dụng thanh toán khi giao hàng,Đang xử lý,paohongchinhdep,Chương trình Lưu lượng truy cập bên ngoài,,fixed commission,,,,4,184500,7380,,,,,,,,0,0,04/07/2026 17:49:53,04/07/2026 17:50:09,04/07/2026 17:50:09,07/07/2026 13:58:00,,08/07/2026 09:25:57,TTS,Open/Target Collaboration
584853831979665191,1731317167366243548,[Quà tặng không bán] Bông Tắm Tạo Bọt Mềm Mịn,Mặc định,1731317148230255836,BONG TAM HQ,0,5700,VND,1,Thanh toán khi giao hàng,Đang xử lý,lepetitmarseillaisvn,Phát trực tiếp,7658606381141953287,fixed commission,,,,,0,,,,,,,,,0,0,04/07/2026 17:55:52,07/07/2026 11:16:21,04/07/2026 17:55:53,07/07/2026 11:16:21,,,TTS,Open/Target Collaboration
584853831979665191,1732250760944257244,"Sữa Tắm/Gel Tắm Pháp Le Petit Marseillais Chiết Xuất Thiên Nhiên 650ml - Sữa Tắm Lưu Hương Lành Tính - Dịu Nhẹ, An Toàn Cho Da","Dừa, Standard",1732250801269147868,ST06999,335000,510400,VND,1,Thanh toán khi giao hàng,Đang xử lý,lepetitmarseillaisvn,Phát trực tiếp,7658606381141953287,fixed commission,,,,,335000,,,,,,,,,0,0,04/07/2026 17:55:52,07/07/2026 11:16:21,04/07/2026 17:55:53,07/07/2026 11:16:21,,,TTS,Open/Target Collaboration
584854447356151610,1732250760944257244,"Sữa Tắm/Gel Tắm Pháp Le Petit Marseillais Chiết Xuất Thiên Nhiên 650ml - Sữa Tắm Lưu Hương Lành Tính - Dịu Nhẹ, An Toàn Cho Da","Thông & Bạch Đàn Biển, Standard",1732250801268689116,ST01902,395000,531400,VND,1,Thanh toán khi giao hàng,Đang xử lý,ha_thubay,Video,7599664598626618642,fixed commission,,,,,395000,,,,3,11850,,,,0,0,04/07/2026 18:33:48,07/07/2026 14:18:44,04/07/2026 18:33:49,07/07/2026 14:18:44,,08/07/2026 10:40:59,TTS,Open/Target Collaboration
584856019552863247,1732250928810920156,"Sữa Tắm/Gel Tắm Pháp Le Petit Marseillais Thiên Nhiên 250ml - Sữa Tắm Lưu Hương Lành Tính - Dịu Nhẹ, An Toàn Cho Da","Quả Mâm Xôi & Hoa Mẫu Đơn, Standard",1732250914985052380,ST48441,195000,283850,VND,1,Thanh toán khi giao hàng,Đang xử lý,ahau.phuongthao,Video,7654094102811659528,fixed commission,,,,12,195000,23400,,,,,,,,0,0,04/07/2026 20:14:33,07/07/2026 16:12:15,04/07/2026 20:14:36,07/07/2026 16:12:15,,08/07/2026 12:14:37,TTS,Open/Target Collaboration
584856972904925071,1734496604995683548,Xà Phòng Le Petit Marseillais Chính Hãng Bánh Xà Phòng Tắm Thiên Nhiên (Ngẫu nhiên)  1 Bánh,Mặc định,1734496577198523612,1 BÁNH-XP,75000,101200,VND,1,Thanh toán khi giao hàng,Đang xử lý,onggiatichcuc79,Video,7654048626318085384,fixed commission,,,,6,75000,4500,,,,,,,,0,0,04/07/2026 21:00:41,07/07/2026 11:12:04,04/07/2026 21:00:43,07/07/2026 11:12:04,,08/07/2026 12:51:23,TTS,Open/Target Collaboration
584857320828012081,1732250760944257244,"Sữa Tắm/Gel Tắm Pháp Le Petit Marseillais Chiết Xuất Thiên Nhiên 650ml - Sữa Tắm Lưu Hương Lành Tính - Dịu Nhẹ, An Toàn Cho Da","Hương Chanh & Bưởi Hồng, Standard",1732250801268820188,ST01868,335750,510400,VND,1,Thanh toán khi giao hàng,Đang xử lý,ha_thubay,Video,7599664598626618642,fixed commission,,,,,335750,,,,3,10073,,,,0,0,04/07/2026 21:28:23,07/07/2026 15:23:55,04/07/2026 21:28:24,07/07/2026 15:23:55,,08/07/2026 09:55:00,TTS,Open/Target Collaboration
584858600605255364,1736012338574165212,Combo 2 Sữa Tắm Nữ Pháp Le Petit Marseillais 250ml - Thiên Nhiên Dịu Nhẹ,"Quả Mâm Xôi Hữu Cơ & Hoa Mẫu Đơn, Hoa Cam",1736012795076838620,ST48441+ST00823,347760,563457,VND,1,Thanh toán khi giao hàng,Đang xử lý,ahau.phuongthao,Video,7657908411115392274,fixed commission,,,,,347760,,,,2,6955,,,,0,0,04/07/2026 22:46:02,07/07/2026 20:06:08,04/07/2026 22:46:04,07/07/2026 20:06:08,,08/07/2026 07:29:09,TTS,Open/Target Collaboration
584859059056903616,1732250760944257244,"Sữa Tắm/Gel Tắm Pháp Le Petit Marseillais Chiết Xuất Thiên Nhiên 650ml - Sữa Tắm Lưu Hương Lành Tính - Dịu Nhẹ, An Toàn Cho Da","Thông & Bạch Đàn Biển, Standard",1732250801268689116,ST01902,335750,535933,VND,1,Thanh toán khi giao hàng,Đang xử lý,ha_thubay,Video,7633274382705642773,fixed commission,,,,,335750,,,,3,10073,,,,0,0,04/07/2026 23:25:50,07/07/2026 17:50:06,04/07/2026 23:25:52,07/07/2026 17:50:06,,08/07/2026 08:30:53,TTS,Open/Target Collaboration
584860731292681228,1735910664928920796,Combo 2 Sữa Tắm Nam Le Petit Marseillais 4in1 Cho Tóc Mặt Râu Toàn Thân 250ml,"Gỗ Tuyết Tùng Và Dương Xỉ, Gỗ Tuyết Tùng Và Dương Xỉ",1735912571877950684,ST01172 x 2,302400,563457,VND,1,Thanh toán khi giao hàng,Đang xử lý,pokechuyen001,Chương trình Lưu lượng truy cập bên ngoài,,fixed commission,,,,4,302400,12096,,,,,,,,0,0,05/07/2026 04:04:16,07/07/2026 12:57:47,05/07/2026 04:04:18,07/07/2026 12:57:47,,08/07/2026 08:48:05,TTS,Open/Target Collaboration
584860731292681228,1734496604995683548,Xà Phòng Le Petit Marseillais Chính Hãng Bánh Xà Phòng Tắm Thiên Nhiên (Ngẫu nhiên)  1 Bánh,Mặc định,1734496577198523612,1 BÁNH-XP,0,4243,VND,1,Thanh toán khi giao hàng,Đang xử lý,pokechuyen001,Chương trình Lưu lượng truy cập bên ngoài,,fixed commission,,,,,0,,,,,,,,,0,0,05/07/2026 04:04:16,07/07/2026 12:57:47,05/07/2026 04:04:18,07/07/2026 12:57:47,,08/07/2026 08:48:05,TTS,Open/Target Collaboration
584862921444591212,1734496604995683548,Xà Phòng Le Petit Marseillais Chính Hãng Bánh Xà Phòng Tắm Thiên Nhiên (Ngẫu nhiên)  1 Bánh,Mặc định,1734496577198523612,1 BÁNH-XP,0,2386,VND,1,Thanh toán khi giao hàng,Đang xử lý,lepetitmarseillaisvn,Phát trực tiếp,7658606381141953287,fixed commission,,,,,0,,,,,,,,,0,0,05/07/2026 08:53:31,07/07/2026 18:50:27,05/07/2026 08:53:32,07/07/2026 18:50:27,,,TTS,Open/Target Collaboration
584862921444591212,1736012338574165212,Combo 2 Sữa Tắm Nữ Pháp Le Petit Marseillais 250ml - Thiên Nhiên Dịu Nhẹ,"Quả Mâm Xôi Hữu Cơ & Hoa Mẫu Đơn, Bông Và Hoa Anh Túc",1736012795077035228,ST48441+ST65434,302400,552314,VND,1,Thanh toán khi giao hàng,Đang xử lý,lepetitmarseillaisvn,Phát trực tiếp,7658606381141953287,fixed commission,,,,,302400,,,,,,,,,0,0,05/07/2026 08:53:31,07/07/2026 18:50:27,05/07/2026 08:53:32,07/07/2026 18:50:27,,,TTS,Open/Target Collaboration
584863445349401822,1732251815880067292,"Sữa Tắm Pháp Le Petit Marseillais Cho Nam Chiết Xuất Thiên Nhiên 4in1 Nhiều Mùi Hương Dưỡng Ẩm, Thơm Lâu - Phù Hợp Mọi Loại Da (250ml)","Hương Gỗ Tuyết Tùng & Dương Xỉ, Standard",1732251749141219548,ST01172,184500,283000,VND,1,Thanh toán khi giao hàng,Đang xử lý,duongmanhkien19,Video,7589190858113649928,fixed commission,,,,8,184500,14760,,,,,,,,0,0,05/07/2026 09:32:53,07/07/2026 13:19:08,05/07/2026 09:32:55,07/07/2026 13:19:08,,08/07/2026 10:51:09,TTS,Open/Target Collaboration
584864063639619579,1732250928810920156,"Sữa Tắm/Gel Tắm Pháp Le Petit Marseillais Thiên Nhiên 250ml - Sữa Tắm Lưu Hương Lành Tính - Dịu Nhẹ, An Toàn Cho Da","Đào Trắng & Quả Xuân Đào, Standard",1732250914985380060,ST01240,205000,283000,VND,1,Thanh toán khi giao hàng,Đang xử lý,lienhuong2003,Video,7648186062816185621,fixed commission,,,,8,205000,16400,,,,,,,,0,0,05/07/2026 10:12:07,07/07/2026 19:17:22,05/07/2026 10:12:08,07/07/2026 19:17:22,,08/07/2026 12:06:16,TTS,Open/Target Collaboration
584864599670031590,1735910664928920796,Combo 2 Sữa Tắm Nam Le Petit Marseillais 4in1 Cho Tóc Mặt Râu Toàn Thân 250ml,"Thông Biển & Bạch Đàn, Gỗ Tuyết Tùng Và Dương Xỉ",1735912571878606044,ST01356 + ST01172,410000,555914,VND,1,Thanh toán khi giao hàng,Đang xử lý,ahau.phuongthao,Trưng bày,,fixed commission,,,,12,410000,49200,,,,,,,,0,0,05/07/2026 10:47:56,07/07/2026 20:34:15,05/07/2026 10:47:57,07/07/2026 20:34:15,,08/07/2026 11:00:00,TTS,Open/Target Collaboration
584865281398441264,1732251815880067292,"Sữa Tắm Pháp Le Petit Marseillais Cho Nam Chiết Xuất Thiên Nhiên 4in1 Nhiều Mùi Hương Dưỡng Ẩm, Thơm Lâu - Phù Hợp Mọi Loại Da (250ml)","Hương Gỗ Tuyết Tùng & Dương Xỉ, Standard",1732251749141219548,ST01172,205000,283000,VND,1,Thanh toán khi giao hàng,Đang xử lý,man.trung.737,Video,7595064670482877717,fixed commission,,,,8,205000,16400,,,,,,,,0,0,05/07/2026 11:31:09,07/07/2026 08:35:11,05/07/2026 11:31:10,07/07/2026 08:35:11,,08/07/2026 08:10:25,TTS,Open/Target Collaboration
584865292456461953,1732250928810920156,"Sữa Tắm/Gel Tắm Pháp Le Petit Marseillais Thiên Nhiên 250ml - Sữa Tắm Lưu Hương Lành Tính - Dịu Nhẹ, An Toàn Cho Da","Hạnnh Nhân, Standard",1732250914985248988,ST00892,184500,277350,VND,1,Thanh toán khi giao hàng,Đang xử lý,cm.nhung.daily,Video,7658681447494028565,fixed commission,,,,8,184500,14760,,,,,,,,0,0,05/07/2026 11:35:45,07/07/2026 17:35:56,05/07/2026 11:35:47,07/07/2026 17:35:56,,08/07/2026 10:19:23,TTS,Open/Target Collaboration
584866316351734972,1732250928810920156,"Sữa Tắm/Gel Tắm Pháp Le Petit Marseillais Thiên Nhiên 250ml - Sữa Tắm Lưu Hương Lành Tính - Dịu Nhẹ, An Toàn Cho Da","Quả Mâm Xôi & Hoa Mẫu Đơn, Standard",1732250914985052380,ST48441,184500,299300,VND,1,Thanh toán khi giao hàng,Đang xử lý,ahau.phuongthao,Video,7654094102811659528,fixed commission,,,,12,184500,22140,,,,,,,,0,0,05/07/2026 12:37:59,08/07/2026 13:04:57,05/07/2026 12:38:00,08/07/2026 13:04:57,,09/07/2026 07:08:56,TTS,Open/Target Collaboration
584867117744423950,1732251815880067292,"Sữa Tắm Pháp Le Petit Marseillais Cho Nam Chiết Xuất Thiên Nhiên 4in1 Nhiều Mùi Hương Dưỡng Ẩm, Thơm Lâu - Phù Hợp Mọi Loại Da (250ml)","Hương Gỗ Tuyết Tùng & Dương Xỉ, Standard",1732251749141219548,ST01172,205000,299300,VND,1,Thanh toán khi giao hàng,Đang xử lý,man.trung.737,Video,7595064670482877717,fixed commission,,,,,205000,,,,3,6150,,,,0,0,05/07/2026 13:27:21,07/07/2026 20:22:26,05/07/2026 13:27:22,07/07/2026 20:22:26,,08/07/2026 11:11:18,TTS,Open/Target Collaboration
584868506539427520,1734496604995683548,Xà Phòng Le Petit Marseillais Chính Hãng Bánh Xà Phòng Tắm Thiên Nhiên (Ngẫu nhiên)  1 Bánh,Mặc định,1734496577198523612,1 BÁNH-XP,75000,94700,VND,1,Thanh toán khi giao hàng,Đang xử lý,onggiatichcuc79,Video,7652811158407138567,fixed commission,,,,6,75000,4500,,,,,,,,0,0,05/07/2026 14:59:11,07/07/2026 12:27:52,05/07/2026 14:59:12,07/07/2026 12:27:52,,08/07/2026 07:26:08,TTS,Open/Target Collaboration
584868495637907078,1732250928810920156,"Sữa Tắm/Gel Tắm Pháp Le Petit Marseillais Thiên Nhiên 250ml - Sữa Tắm Lưu Hương Lành Tính - Dịu Nhẹ, An Toàn Cho Da","Dừa, Standard",1732250914985314524,ST54494,174250,292800,VND,1,Thanh toán khi giao hàng,Đang xử lý,merophiriviu,Chương trình Lưu lượng truy cập bên ngoài,,fixed commission,,,,8,174250,13940,,,,,,,,0,0,05/07/2026 15:01:48,07/07/2026 16:48:34,05/07/2026 15:01:49,07/07/2026 16:48:34,,08/07/2026 10:50:36,TTS,Open/Target Collaboration
584869074827052152,1734496604995683548,Xà Phòng Le Petit Marseillais Chính Hãng Bánh Xà Phòng Tắm Thiên Nhiên (Ngẫu nhiên)  1 Bánh,Mặc định,1734496577198523612,1 BÁNH-XP,0,2257,VND,1,Thanh toán khi giao hàng,Đang xử lý,involveasiavn01,Chương trình Lưu lượng truy cập bên ngoài,,fixed commission,,,,,0,,,,,,,,,0,0,05/07/2026 15:40:02,07/07/2026 12:43:14,05/07/2026 15:40:05,07/07/2026 12:43:14,,08/07/2026 08:05:24,TTS,Open/Target Collaboration
584869074827052152,1736012338574165212,Combo 2 Sữa Tắm Nữ Pháp Le Petit Marseillais 250ml - Thiên Nhiên Dịu Nhẹ,"Quả Mâm Xôi Hữu Cơ & Hoa Mẫu Đơn, Hoa Cam",1736012795076838620,ST48441+ST00823,378000,551543,VND,1,Thanh toán khi giao hàng,Đang xử lý,ahau.phuongthao,Video,7657908411115392274,fixed commission,,,,12,378000,45360,,,,,,,,0,0,05/07/2026 15:40:02,07/07/2026 12:43:14,05/07/2026 15:40:05,07/07/2026 12:43:14,,08/07/2026 08:05:24,TTS,Open/Target Collaboration
584869519620081411,1732250928810920156,"Sữa Tắm/Gel Tắm Pháp Le Petit Marseillais Thiên Nhiên 250ml - Sữa Tắm Lưu Hương Lành Tính - Dịu Nhẹ, An Toàn Cho Da","Quả Mâm Xôi & Hoa Mẫu Đơn, Standard",1732250914985052380,ST48441,174250,290950,VND,1,Thanh toán khi giao hàng,Đang xử lý,ahau.phuongthao,Trưng bày,,fixed commission,,,,12,174250,20910,,,,,,,,0,0,05/07/2026 16:10:29,07/07/2026 18:56:34,05/07/2026 16:10:31,07/07/2026 18:56:34,,08/07/2026 12:50:33,TTS,Open/Target Collaboration
584870466701067859,1732250928810920156,"Sữa Tắm/Gel Tắm Pháp Le Petit Marseillais Thiên Nhiên 250ml - Sữa Tắm Lưu Hương Lành Tính - Dịu Nhẹ, An Toàn Cho Da","Quả Mâm Xôi & Hoa Mẫu Đơn, Standard",1732250914985052380,ST48441,184500,276900,VND,1,Thanh toán khi giao hàng,Đang xử lý,cm.nhung.daily,Video,7658681447494028565,fixed commission,,,,8,184500,14760,,,,,,,,0,0,05/07/2026 17:19:35,07/07/2026 18:14:22,05/07/2026 17:19:37,07/07/2026 18:14:22,,08/07/2026 13:27:03,TTS,Open/Target Collaboration
584873382666536696,1732251815880067292,"Sữa Tắm Pháp Le Petit Marseillais Cho Nam Chiết Xuất Thiên Nhiên 4in1 Nhiều Mùi Hương Dưỡng Ẩm, Thơm Lâu - Phù Hợp Mọi Loại Da (250ml)","Hương Gỗ Tuyết Tùng & Dương Xỉ, Standard",1732251749141219548,ST01172,180400,295200,VND,1,Thanh toán khi giao hàng,Đang xử lý,lepetitmarseillaisvn,Phát trực tiếp,7659021901277383432,fixed commission,,,,,180400,,,,,,,,,0,0,05/07/2026 20:21:41,07/07/2026 20:38:46,05/07/2026 20:21:42,07/07/2026 20:38:46,,,TTS,Open/Target Collaboration
584873797723194780,1732251815880067292,"Sữa Tắm Pháp Le Petit Marseillais Cho Nam Chiết Xuất Thiên Nhiên 4in1 Nhiều Mùi Hương Dưỡng Ẩm, Thơm Lâu - Phù Hợp Mọi Loại Da (250ml)","Hương Thông & Bạch Đàn Biển, Standard",1732251749141154012,ST01356,176300,299300,VND,1,Thanh toán khi giao hàng,Đang xử lý,lepthelittlekid,Video,7594749644052204818,fixed commission,,,,5,176300,8815,,,,,,,,0,0,05/07/2026 20:45:36,07/07/2026 14:42:38,05/07/2026 20:45:38,07/07/2026 14:42:38,,08/07/2026 08:11:43,TTS,Open/Target Collaboration
584874372464936728,1732250760944257244,"Sữa Tắm/Gel Tắm Pháp Le Petit Marseillais Chiết Xuất Thiên Nhiên 650ml - Sữa Tắm Lưu Hương Lành Tính - Dịu Nhẹ, An Toàn Cho Da","Thông & Bạch Đàn Biển, Standard",1732250801268689116,ST01902,323900,522625,VND,1,Thanh toán khi giao hàng,Đã hủy,lepetitmarseillaisvn,Phát trực tiếp,7658649978860636935,fixed commission,,,,,323900,,,,,,,,,0,0,05/07/2026 21:15:29,,05/07/2026 21:15:31,,,,TTS,Open/Target Collaboration
584874372464936728,1732252957247965404,"Dầu Gội Le Petit Marseillais Nhiều Mùi Hương 300ml Dưỡng Ẩm, Thơm Lâu - Phù Hợp Mọi Loại Da",Táo & Oliu,1732252922366494940,DG31372,336200,513175,VND,1,Thanh toán khi giao hàng,Đã hủy,lepetitmarseillaisvn,Phát trực tiếp,7659021901277383432,fixed commission,,,,,336200,,,,,,,,,0,0,05/07/2026 21:15:29,,05/07/2026 21:15:31,,,,TTS,Open/Target Collaboration
584874640559146272,1732251815880067292,"Sữa Tắm Pháp Le Petit Marseillais Cho Nam Chiết Xuất Thiên Nhiên 4in1 Nhiều Mùi Hương Dưỡng Ẩm, Thơm Lâu - Phù Hợp Mọi Loại Da (250ml)","Hương Gỗ Tuyết Tùng & Dương Xỉ, Standard",1732251749141219548,ST01172,195000,309000,VND,1,Thanh toán khi giao hàng,Đang xử lý,duongmanhkien19,Video,7589190858113649928,fixed commission,,,,,195000,,,,3,5850,,,,0,0,05/07/2026 21:27:56,07/07/2026 16:31:24,05/07/2026 21:27:57,07/07/2026 16:31:24,,08/07/2026 07:06:53,TTS,Open/Target Collaboration
584875655976682915,1732250760944257244,"Sữa Tắm/Gel Tắm Pháp Le Petit Marseillais Chiết Xuất Thiên Nhiên 650ml - Sữa Tắm Lưu Hương Lành Tính - Dịu Nhẹ, An Toàn Cho Da","Thông & Bạch Đàn Biển, Standard",1732250801268689116,ST01902,395000,534500,VND,1,Thanh toán khi giao hàng,Đang xử lý,phuongthi668,Video,7599458401982172436,fixed commission,,,,8,395000,31600,,,,,,,,0,0,05/07/2026 22:29:32,08/07/2026 15:54:46,05/07/2026 22:29:33,08/07/2026 15:54:46,,09/07/2026 12:01:20,TTS,Open/Target Collaboration
584875852104304060,1732250760944257244,"Sữa Tắm/Gel Tắm Pháp Le Petit Marseillais Chiết Xuất Thiên Nhiên 650ml - Sữa Tắm Lưu Hương Lành Tính - Dịu Nhẹ, An Toàn Cho Da","Thông & Bạch Đàn Biển, Standard",1732250801268689116,ST01902,342500,1545350,VND,4,Thanh toán khi giao hàng,Đang xử lý,ha_thubay,Video,7633274382705642773,fixed commission,,,,,1370000,,,,3,41100,,,,0,0,05/07/2026 22:45:11,09/07/2026 20:15:02,05/07/2026 22:45:13,09/07/2026 20:15:02,,10/07/2026 07:31:58,TTS,Open/Target Collaboration
584876793836111740,1732251815880067292,"Sữa Tắm Pháp Le Petit Marseillais Cho Nam Chiết Xuất Thiên Nhiên 4in1 Nhiều Mùi Hương Dưỡng Ẩm, Thơm Lâu - Phù Hợp Mọi Loại Da (250ml)","Hương Gỗ Tuyết Tùng & Dương Xỉ, Standard",1732251749141219548,ST01172,205000,286550,VND,1,Thanh toán khi giao hàng,Đang xử lý,duongmanhkien19,Video,7578474458705382676,fixed commission,,,,,205000,,,,3,6150,,,,0,0,05/07/2026 23:54:07,07/07/2026 10:24:02,05/07/2026 23:54:09,07/07/2026 10:24:02,,08/07/2026 08:37:49,TTS,Open/Target Collaboration
584877234774836872,1732251815880067292,"Sữa Tắm Pháp Le Petit Marseillais Cho Nam Chiết Xuất Thiên Nhiên 4in1 Nhiều Mùi Hương Dưỡng Ẩm, Thơm Lâu - Phù Hợp Mọi Loại Da (250ml)","Hương Gừng & Gỗ Bách, Standard",1732251749141285084,ST04371,174250,279450,VND,1,Không áp dụng thanh toán khi giao hàng,Đang xử lý,man.trung.737,Video,7595064670482877717,fixed commission,,,,,174250,,,,3,5228,,,,0,0,06/07/2026 00:54:47,06/07/2026 00:54:51,06/07/2026 00:54:52,07/07/2026 12:19:18,,08/07/2026 08:38:03,TTS,Open/Target Collaboration
584880234149611015,1733398801247536348,Sữa Tắm Nam 4 in 1  Thiên Nhiên Le Petit Marseillais Chiết Xuất Gỗ Tuyết Tùng & Dương Xỉ 250ml 1172,Mặc định,1733398851758556380,ST01172,150000,290156,VND,1,Thanh toán khi giao hàng,Đang xử lý,thanh_truc426,Video,7642692623060241682,fixed commission,,,,8,150000,12000,,,,,,,,0,0,06/07/2026 08:55:22,08/07/2026 14:18:59,06/07/2026 08:55:24,08/07/2026 14:18:59,,09/07/2026 13:17:51,TTS,Open/Target Collaboration
584882208987514482,1732250928810920156,"Sữa Tắm/Gel Tắm Pháp Le Petit Marseillais Thiên Nhiên 250ml - Sữa Tắm Lưu Hương Lành Tính - Dịu Nhẹ, An Toàn Cho Da","Muối Biển, Standard",1732250914984790236,ST54463,180400,286550,VND,1,Thanh toán khi giao hàng,Đang xử lý,lepetitmarseillaisvn,Phát trực tiếp,7659259489400490772,fixed commission,,,,,180400,,,,,,,,,0,0,06/07/2026 11:17:42,07/07/2026 16:52:50,06/07/2026 11:17:43,07/07/2026 16:52:50,,,TTS,Open/Target Collaboration
584882208987514482,1731317167366243548,[Quà tặng không bán] Bông Tắm Tạo Bọt Mềm Mịn,Mặc định,1731317148230255836,BONG TAM HQ,0,17550,VND,1,Thanh toán khi giao hàng,Đang xử lý,lepetitmarseillaisvn,Phát trực tiếp,7659259489400490772,fixed commission,,,,,0,,,,,,,,,0,0,06/07/2026 11:17:42,07/07/2026 16:52:50,06/07/2026 11:17:43,07/07/2026 16:52:50,,,TTS,Open/Target Collaboration
584882477005243528,1732250760944257244,"Sữa Tắm/Gel Tắm Pháp Le Petit Marseillais Chiết Xuất Thiên Nhiên 650ml - Sữa Tắm Lưu Hương Lành Tính - Dịu Nhẹ, An Toàn Cho Da","Thông & Bạch Đàn Biển, Standard",1732250801268689116,ST01902,306270,534500,VND,1,Không áp dụng thanh toán khi giao hàng,Đang xử lý,lepetitmarseillaisvn,Phát trực tiếp,7659259489400490772,fixed commission,,,,,306270,,,,,,,,,0,0,06/07/2026 11:31:04,06/07/2026 11:31:10,06/07/2026 11:31:14,09/07/2026 08:39:47,,,TTS,Open/Target Collaboration
584882799686879054,1731317167366243548,[Quà tặng không bán] Bông Tắm Tạo Bọt Mềm Mịn,Mặc định,1731317148230255836,BONG TAM HQ,0,7367,VND,1,Thanh toán khi giao hàng,Đang xử lý,lepetitmarseillaisvn,Phát trực tiếp,7659259489400490772,fixed commission,,,,,0,,,,,,,,,0,0,06/07/2026 11:48:46,07/07/2026 10:07:10,06/07/2026 11:48:47,07/07/2026 10:07:10,,,TTS,Open/Target Collaboration
584882799686879054,1732250760944257244,"Sữa Tắm/Gel Tắm Pháp Le Petit Marseillais Chiết Xuất Thiên Nhiên 650ml - Sữa Tắm Lưu Hương Lành Tính - Dịu Nhẹ, An Toàn Cho Da","Đào Trắng & Quả Xuân Đào, Standard",1732250801269016796,ST01288,297000,513733,VND,1,Thanh toán khi giao hàng,Đang xử lý,lepetitmarseillaisvn,Phát trực tiếp,7659259489400490772,fixed commission,,,,,297000,,,,,,,,,0,0,06/07/2026 11:48:46,07/07/2026 10:07:10,06/07/2026 11:48:47,07/07/2026 10:07:10,,,TTS,Open/Target Collaboration
584883244964218413,1732251815880067292,"Sữa Tắm Pháp Le Petit Marseillais Cho Nam Chiết Xuất Thiên Nhiên 4in1 Nhiều Mùi Hương Dưỡng Ẩm, Thơm Lâu - Phù Hợp Mọi Loại Da (250ml)","Hương Gỗ Tuyết Tùng & Dương Xỉ, Standard",1732251749141219548,ST01172,177660,289700,VND,1,Thanh toán khi giao hàng,Đang xử lý,huynhdangthong,Phát trực tiếp,7659245416520682241,fixed commission,,,,7,177660,12436,,,,,,,,0,0,06/07/2026 12:21:35,08/07/2026 11:43:46,06/07/2026 12:21:37,08/07/2026 11:43:46,,09/07/2026 08:49:10,TTS,Open/Target Collaboration
584883981118965632,1732250928810920156,"Sữa Tắm/Gel Tắm Pháp Le Petit Marseillais Thiên Nhiên 250ml - Sữa Tắm Lưu Hương Lành Tính - Dịu Nhẹ, An Toàn Cho Da","Đào Trắng & Quả Xuân Đào, Standard",1732250914985380060,ST01240,170100,276900,VND,1,Thanh toán khi giao hàng,Đang xử lý,tutureview11,Video,7632198229374815508,fixed commission,,,,10,170100,17010,,,,,,,,0,0,06/07/2026 13:09:39,07/07/2026 20:39:51,06/07/2026 13:09:41,07/07/2026 20:39:51,,08/07/2026 07:19:03,TTS,Open/Target Collaboration
584884003065922982,1732251815880067292,"Sữa Tắm Pháp Le Petit Marseillais Cho Nam Chiết Xuất Thiên Nhiên 4in1 Nhiều Mùi Hương Dưỡng Ẩm, Thơm Lâu - Phù Hợp Mọi Loại Da (250ml)","Hương Gỗ Tuyết Tùng & Dương Xỉ, Standard",1732251749141219548,ST01172,189000,283850,VND,1,Thanh toán khi giao hàng,Đang xử lý,huankosai,Video,7569974511534198023,fixed commission,,,,8,189000,15120,,,,,,,,0,0,06/07/2026 13:11:24,07/07/2026 20:38:07,06/07/2026 13:11:25,07/07/2026 20:38:07,,08/07/2026 11:28:59,TTS,Open/Target Collaboration
584884083270518217,1732250760944257244,"Sữa Tắm/Gel Tắm Pháp Le Petit Marseillais Chiết Xuất Thiên Nhiên 650ml - Sữa Tắm Lưu Hương Lành Tính - Dịu Nhẹ, An Toàn Cho Da","Hương Xoài & Chanh Dây, Standard",1732250801268951260,ST68823,346720,513733,VND,1,Thanh toán khi giao hàng,Đang xử lý,anhlorenhehehe,Video,7493531443268717842,fixed commission,,,,,346720,,,,3,10402,,,,0,0,06/07/2026 13:16:19,07/07/2026 12:52:47,06/07/2026 13:16:21,07/07/2026 12:52:47,,08/07/2026 09:07:36,TTS,Open/Target Collaboration
584884247313483268,1736012338574165212,Combo 2 Sữa Tắm Nữ Pháp Le Petit Marseillais 250ml - Thiên Nhiên Dịu Nhẹ,"Dừa, Xoài Hữu Cơ & Chanh Dây",1736013429863056604,ST54494+ST99622,332640,563457,VND,1,Thanh toán khi giao hàng,Đang xử lý,ahau.phuongthao,Video,7654924065928498439,fixed commission,,,,,332640,,,,2,6653,,,,0,0,06/07/2026 13:28:16,07/07/2026 19:02:01,06/07/2026 13:28:17,07/07/2026 19:02:01,,08/07/2026 07:38:48,TTS,Open/Target Collaboration
584885854022173815,1732250928810920156,"Sữa Tắm/Gel Tắm Pháp Le Petit Marseillais Thiên Nhiên 250ml - Sữa Tắm Lưu Hương Lành Tính - Dịu Nhẹ, An Toàn Cho Da","Đào Trắng & Quả Xuân Đào, Standard",1732250914985380060,ST01240,189000,283850,VND,1,Thanh toán khi giao hàng,Đang xử lý,kinkechillchill,Video,7572051007237115154,fixed commission,,,,8,189000,15120,,,,,,,,0,0,06/07/2026 15:22:00,07/07/2026 13:49:14,06/07/2026 15:22:01,07/07/2026 13:49:14,,08/07/2026 12:11:36,TTS,Open/Target Collaboration
584886185649603695,1734496604995683548,Xà Phòng Le Petit Marseillais Chính Hãng Bánh Xà Phòng Tắm Thiên Nhiên (Ngẫu nhiên)  1 Bánh,Mặc định,1734496577198523612,1 BÁNH-XP,75000,105300,VND,1,Thanh toán khi giao hàng,Đang xử lý,onggiatichcuc79,Video,7649582978691058952,fixed commission,,,,6,75000,4500,,,,,,,,0,0,06/07/2026 15:39:18,08/07/2026 10:36:27,06/07/2026 15:39:19,08/07/2026 10:36:27,,09/07/2026 11:50:03,TTS,Open/Target Collaboration
584886637352158780,1731317167366243548,[Quà tặng không bán] Bông Tắm Tạo Bọt Mềm Mịn,Mặc định,1731317148230255836,BONG TAM HQ,0,11333,VND,1,Thanh toán khi giao hàng,Đang xử lý,lepetitmarseillaisvn,Phát trực tiếp,7659332301488769812,fixed commission,,,,,0,,,,,,,,,0,0,06/07/2026 16:10:18,08/07/2026 15:42:20,06/07/2026 16:10:20,08/07/2026 15:42:20,,,TTS,Open/Target Collaboration
584886637352158780,1732250760944257244,"Sữa Tắm/Gel Tắm Pháp Le Petit Marseillais Chiết Xuất Thiên Nhiên 650ml - Sữa Tắm Lưu Hương Lành Tính - Dịu Nhẹ, An Toàn Cho Da","Đào Trắng & Quả Xuân Đào, Standard",1732250801269016796,ST01288,319000,521667,VND,1,Thanh toán khi giao hàng,Đang xử lý,lepetitmarseillaisvn,Phát trực tiếp,7659332301488769812,fixed commission,,,,,319000,,,,,,,,,0,0,06/07/2026 16:10:18,08/07/2026 15:42:20,06/07/2026 16:10:20,08/07/2026 15:42:20,,,TTS,Open/Target Collaboration
584886587789181999,1732250928810920156,"Sữa Tắm/Gel Tắm Pháp Le Petit Marseillais Thiên Nhiên 250ml - Sữa Tắm Lưu Hương Lành Tính - Dịu Nhẹ, An Toàn Cho Da","Đào Trắng & Quả Xuân Đào, Standard",1732250914985380060,ST01240,139000,286550,VND,1,Thanh toán khi giao hàng,Đang xử lý,tutureview11,Video,7632198229374815508,fixed commission,,,,10,139000,13900,,,,,,,,0,0,06/07/2026 16:16:10,08/07/2026 16:13:07,06/07/2026 16:16:12,08/07/2026 16:13:07,,09/07/2026 12:01:32,TTS,Open/Target Collaboration
584886653790488390,1732250928810920156,"Sữa Tắm/Gel Tắm Pháp Le Petit Marseillais Thiên Nhiên 250ml - Sữa Tắm Lưu Hương Lành Tính - Dịu Nhẹ, An Toàn Cho Da","Hương Bông & Hoa Anh Túc, Standard",1732250914985117916,ST65434,189000,279450,VND,1,Thanh toán khi giao hàng,Đang xử lý,lepetitmarseillaisvn,Phát trực tiếp,7659332301488769812,fixed commission,,,,,189000,,,,,,,,,0,0,06/07/2026 16:20:03,08/07/2026 09:56:49,06/07/2026 16:20:05,08/07/2026 09:56:49,,,TTS,Open/Target Collaboration
584886653790488390,1731317167366243548,[Quà tặng không bán] Bông Tắm Tạo Bọt Mềm Mịn,Mặc định,1731317148230255836,BONG TAM HQ,0,10450,VND,1,Thanh toán khi giao hàng,Đang xử lý,lepetitmarseillaisvn,Phát trực tiếp,7659332301488769812,fixed commission,,,,,0,,,,,,,,,0,0,06/07/2026 16:20:03,08/07/2026 09:56:49,06/07/2026 16:20:05,08/07/2026 09:56:49,,,TTS,Open/Target Collaboration
584886976624100789,1732251815880067292,"Sữa Tắm Pháp Le Petit Marseillais Cho Nam Chiết Xuất Thiên Nhiên 4in1 Nhiều Mùi Hương Dưỡng Ẩm, Thơm Lâu - Phù Hợp Mọi Loại Da (250ml)","Hương Gỗ Tuyết Tùng & Dương Xỉ, Standard",1732251749141219548,ST01172,159000,276900,VND,1,Thanh toán khi giao hàng,Đang xử lý,emberiviu1,Video,7658686768002256148,fixed commission,,,,,159000,,,,3,4770,,,,0,0,06/07/2026 16:42:29,08/07/2026 20:33:04,06/07/2026 16:42:30,08/07/2026 20:33:04,,09/07/2026 09:59:49,TTS,Open/Target Collaboration
584889213724689609,1732251815880067292,"Sữa Tắm Pháp Le Petit Marseillais Cho Nam Chiết Xuất Thiên Nhiên 4in1 Nhiều Mùi Hương Dưỡng Ẩm, Thơm Lâu - Phù Hợp Mọi Loại Da (250ml)","Hương Gỗ Tuyết Tùng & Dương Xỉ, Standard",1732251749141219548,ST01172,189000,283850,VND,1,Không áp dụng thanh toán khi giao hàng,Đang xử lý,man.trung.737,Video,7595064670482877717,fixed commission,,,,,189000,,,,3,5670,,,,0,0,06/07/2026 19:12:03,06/07/2026 19:12:07,06/07/2026 19:12:08,08/07/2026 10:55:56,,09/07/2026 10:16:06,TTS,Open/Target Collaboration
584890250767730019,1732251815880067292,"Sữa Tắm Pháp Le Petit Marseillais Cho Nam Chiết Xuất Thiên Nhiên 4in1 Nhiều Mùi Hương Dưỡng Ẩm, Thơm Lâu - Phù Hợp Mọi Loại Da (250ml)","Hương Gừng & Gỗ Bách, Standard",1732251749141285084,ST04371,189000,276900,VND,1,Thanh toán khi giao hàng,Đang xử lý,duongmanhkien19,Video,7589190858113649928,fixed commission,,,,8,189000,15120,,,,,,,,0,0,06/07/2026 20:10:57,08/07/2026 17:52:41,06/07/2026 20:10:59,08/07/2026 17:52:41,,09/07/2026 13:15:59,TTS,Open/Target Collaboration
584890499501163660,1732251815880067292,"Sữa Tắm Pháp Le Petit Marseillais Cho Nam Chiết Xuất Thiên Nhiên 4in1 Nhiều Mùi Hương Dưỡng Ẩm, Thơm Lâu - Phù Hợp Mọi Loại Da (250ml)","Hương Gỗ Tuyết Tùng & Dương Xỉ, Standard",1732251749141219548,ST01172,189000,276900,VND,1,Thanh toán khi giao hàng,Đang xử lý,duongmanhkien19,Video,7578474458705382676,fixed commission,,,,,189000,,,,3,5670,,,,0,0,06/07/2026 20:24:14,08/07/2026 19:43:24,06/07/2026 20:24:16,08/07/2026 19:43:24,,09/07/2026 07:40:27,TTS,Open/Target Collaboration
584891801057003073,1732251815880067292,"Sữa Tắm Pháp Le Petit Marseillais Cho Nam Chiết Xuất Thiên Nhiên 4in1 Nhiều Mùi Hương Dưỡng Ẩm, Thơm Lâu - Phù Hợp Mọi Loại Da (250ml)","Hương Gỗ Tuyết Tùng & Dương Xỉ, Standard",1732251749141219548,ST01172,189000,289700,VND,1,Thanh toán khi giao hàng,Đang xử lý,duongmanhkien19,Video,7578474458705382676,fixed commission,,,,,189000,,,,3,5670,,,,0,0,06/07/2026 21:26:09,08/07/2026 17:48:22,06/07/2026 21:26:10,08/07/2026 17:48:22,,09/07/2026 08:57:05,TTS,Open/Target Collaboration
584892975794456428,1732251815880067292,"Sữa Tắm Pháp Le Petit Marseillais Cho Nam Chiết Xuất Thiên Nhiên 4in1 Nhiều Mùi Hương Dưỡng Ẩm, Thơm Lâu - Phù Hợp Mọi Loại Da (250ml)","Hương Gỗ Tuyết Tùng & Dương Xỉ, Standard",1732251749141219548,ST01172,156870,276900,VND,1,Không áp dụng thanh toán khi giao hàng,Đang xử lý,man.trung.737,Video,7595064670482877717,fixed commission,,,,8,156870,12550,,,,,,,,0,0,06/07/2026 22:44:02,06/07/2026 22:44:05,06/07/2026 22:44:06,08/07/2026 14:15:29,,09/07/2026 08:10:47,TTS,Open/Target Collaboration
584893440544048199,1734496604995683548,Xà Phòng Le Petit Marseillais Chính Hãng Bánh Xà Phòng Tắm Thiên Nhiên (Ngẫu nhiên)  1 Bánh,Mặc định,1734496577198523612,1 BÁNH-XP,75000,105300,VND,1,Thanh toán khi giao hàng,Đang xử lý,onggiatichcuc79,Video,7652811158407138567,fixed commission,,,,6,75000,4500,,,,,,,,0,0,06/07/2026 23:12:39,08/07/2026 15:59:26,06/07/2026 23:12:40,08/07/2026 15:59:26,,09/07/2026 13:04:34,TTS,Open/Target Collaboration
584893695310595981,1734496604995683548,Xà Phòng Le Petit Marseillais Chính Hãng Bánh Xà Phòng Tắm Thiên Nhiên (Ngẫu nhiên)  1 Bánh,Mặc định,1734496577198523612,1 BÁNH-XP,0,2986,VND,1,Thanh toán khi giao hàng,Đang xử lý,lepetitmarseillaisvn,Phát trực tiếp,7659445379701000968,fixed commission,,,,,0,,,,,,,,,0,0,06/07/2026 23:33:54,08/07/2026 19:32:50,06/07/2026 23:33:56,08/07/2026 19:32:50,,,TTS,Open/Target Collaboration
584893695310595981,1736012338574165212,Combo 2 Sữa Tắm Nữ Pháp Le Petit Marseillais 250ml - Thiên Nhiên Dịu Nhẹ,"Đào Trắng Hữu Cơ Và Quả Xuân Đào, Xoài Hữu Cơ & Chanh Dây",1736013429863449820,ST01240+ST99622,296000,555914,VND,1,Thanh toán khi giao hàng,Đang xử lý,lepetitmarseillaisvn,Phát trực tiếp,7659445379701000968,fixed commission,,,,,296000,,,,,,,,,0,0,06/07/2026 23:33:54,08/07/2026 19:32:50,06/07/2026 23:33:56,08/07/2026 19:32:50,,,TTS,Open/Target Collaboration
584893860090906163,1731317167366243548,[Quà tặng không bán] Bông Tắm Tạo Bọt Mềm Mịn,Mặc định,1731317148230255836,BONG TAM HQ,0,4400,VND,1,Thanh toán khi giao hàng,Đang xử lý,lepetitmarseillaisvn,Phát trực tiếp,7659445379701000968,fixed commission,,,,,0,,,,,,,,,0,0,06/07/2026 23:47:47,08/07/2026 14:35:13,06/07/2026 23:47:48,08/07/2026 14:35:13,,,TTS,Open/Target Collaboration
584893860090906163,1732250760944257244,"Sữa Tắm/Gel Tắm Pháp Le Petit Marseillais Chiết Xuất Thiên Nhiên 650ml - Sữa Tắm Lưu Hương Lành Tính - Dịu Nhẹ, An Toàn Cho Da","Hạnh Nhân, Standard",1732250801269213404,ST53594,319140,507800,VND,1,Thanh toán khi giao hàng,Đang xử lý,lepetitmarseillaisvn,Phát trực tiếp,7659445379701000968,fixed commission,,,,,319140,,,,,,,,,0,0,06/07/2026 23:47:47,08/07/2026 14:35:13,06/07/2026 23:47:48,08/07/2026 14:35:13,,,TTS,Open/Target Collaboration
584893860090906163,1732252961260865756,"Dầu Gội Thiên Nhiên Le Petit Marseillais Nhiều Mùi Hương 250ml Dưỡng Ẩm, Thơm Lâu - Phù Hợp Mọi Loại Da",Trị Gàu 2 In 1 Tinh Dầu Bạc Hà,1732252943759018204,DG74042,216270,333400,VND,1,Thanh toán khi giao hàng,Đang xử lý,lepetitmarseillaisvn,Phát trực tiếp,7659445379701000968,fixed commission,,,,,216270,,,,,,,,,0,0,06/07/2026 23:47:47,08/07/2026 14:35:13,06/07/2026 23:47:48,08/07/2026 14:35:13,,,TTS,Open/Target Collaboration
584894037856519872,1735803452711142620,Dầu Xả Cấp Ẩm Le Petit Marseillais Nước Dừa Hữu Cơ 200ml,Mặc định,1735803348866008284,DX74752,0,6800,VND,1,Thanh toán khi giao hàng,Đang xử lý,lepetitmarseillaisvn,Phát trực tiếp,7659445379701000968,fixed commission,,,,,0,,,,,,,,,0,0,07/07/2026 00:00:35,08/07/2026 20:43:38,07/07/2026 00:00:38,08/07/2026 20:43:38,,,TTS,Open/Target Collaboration
584894037856519872,1732250760944257244,"Sữa Tắm/Gel Tắm Pháp Le Petit Marseillais Chiết Xuất Thiên Nhiên 650ml - Sữa Tắm Lưu Hương Lành Tính - Dịu Nhẹ, An Toàn Cho Da","Đào Trắng & Quả Xuân Đào, Standard",1732250801269016796,ST01288,299880,526200,VND,1,Thanh toán khi giao hàng,Đang xử lý,lepetitmarseillaisvn,Phát trực tiếp,7659445379701000968,fixed commission,,,,,299880,,,,,,,,,0,0,07/07/2026 00:00:35,08/07/2026 20:43:38,07/07/2026 00:00:38,08/07/2026 20:43:38,,,TTS,Open/Target Collaboration
584894232731223580,1732250760944257244,"Sữa Tắm/Gel Tắm Pháp Le Petit Marseillais Chiết Xuất Thiên Nhiên 650ml - Sữa Tắm Lưu Hương Lành Tính - Dịu Nhẹ, An Toàn Cho Da","Thông & Bạch Đàn Biển, Standard",1732250801268689116,ST01902,299880,534500,VND,1,Thanh toán khi giao hàng,Đang xử lý,lepetitmarseillaisvn,Phát trực tiếp,7659445379701000968,fixed commission,,,,,299880,,,,,,,,,0,0,07/07/2026 00:16:58,09/07/2026 12:52:40,07/07/2026 00:17:00,09/07/2026 12:52:40,,,TTS,Open/Target Collaboration
584894722819131387,1731317167366243548,[Quà tặng không bán] Bông Tắm Tạo Bọt Mềm Mịn,Mặc định,1731317148230255836,BONG TAM HQ,0,7900,VND,1,Thanh toán khi giao hàng,Đang xử lý,lepetitmarseillaisvn,Phát trực tiếp,7659445379701000968,fixed commission,,,,,0,,,,,,,,,0,0,07/07/2026 00:57:20,08/07/2026 13:30:15,07/07/2026 00:57:21,08/07/2026 13:30:15,,09/07/2026 12:10:18,TTS,Open/Target Collaboration
584894722819131387,1732250928810920156,"Sữa Tắm/Gel Tắm Pháp Le Petit Marseillais Thiên Nhiên 250ml - Sữa Tắm Lưu Hương Lành Tính - Dịu Nhẹ, An Toàn Cho Da","Hạnnh Nhân, Standard",1732250914985248988,ST00892,165186,276900,VND,1,Thanh toán khi giao hàng,Đang xử lý,meo.review56,Video,7642357913146707208,fixed commission,,,,8,165186,13215,,,,,,,,0,0,07/07/2026 00:57:20,08/07/2026 13:30:15,07/07/2026 00:57:21,08/07/2026 13:30:15,,09/07/2026 12:10:18,TTS,Open/Target Collaboration
584894695663634010,1732251815880067292,"Sữa Tắm Pháp Le Petit Marseillais Cho Nam Chiết Xuất Thiên Nhiên 4in1 Nhiều Mùi Hương Dưỡng Ẩm, Thơm Lâu - Phù Hợp Mọi Loại Da (250ml)","Hương Gỗ Tuyết Tùng & Dương Xỉ, Standard",1732251749141219548,ST01172,189000,286550,VND,1,Thanh toán khi giao hàng,Đang xử lý,lepthelittlekid,Video,7594749644052204818,fixed commission,,,,5,189000,9450,,,,,,,,0,0,07/07/2026 00:59:17,09/07/2026 14:22:26,07/07/2026 00:59:18,09/07/2026 14:22:26,,10/07/2026 11:22:35,TTS,Open/Target Collaboration
584894731122804183,1732250760944257244,"Sữa Tắm/Gel Tắm Pháp Le Petit Marseillais Chiết Xuất Thiên Nhiên 650ml - Sữa Tắm Lưu Hương Lành Tính - Dịu Nhẹ, An Toàn Cho Da","Dừa, Standard",1732250801269147868,ST06999,296310,512680,VND,1,Thanh toán khi giao hàng,Đang xử lý,ha_thubay,Video,7633274382705642773,fixed commission,,,,,296310,,,,3,8889,,,,0,0,07/07/2026 00:59:59,08/07/2026 11:43:32,07/07/2026 01:00:00,08/07/2026 11:43:32,,09/07/2026 12:52:38,TTS,Open/Target Collaboration
584894829477069848,1732250760944257244,"Sữa Tắm/Gel Tắm Pháp Le Petit Marseillais Chiết Xuất Thiên Nhiên 650ml - Sữa Tắm Lưu Hương Lành Tính - Dịu Nhẹ, An Toàn Cho Da","Sữa Thực Vật, Standard",1732250801269344476,ST00991,270976,512680,VND,1,Thanh toán khi giao hàng,Đang xử lý,lepetitmarseillaisvn,Phát trực tiếp,7659445379701000968,fixed commission,,,,,270976,,,,,,,,,0,0,07/07/2026 01:13:55,08/07/2026 14:00:31,07/07/2026 01:13:56,08/07/2026 14:00:31,,,TTS,Open/Target Collaboration
584894829477069848,1735803452711142620,Dầu Xả Cấp Ẩm Le Petit Marseillais Nước Dừa Hữu Cơ 200ml,Mặc định,1735803348866008284,DX74752,0,3420,VND,1,Thanh toán khi giao hàng,Đang xử lý,lepetitmarseillaisvn,Phát trực tiếp,7659445379701000968,fixed commission,,,,,0,,,,,,,,,0,0,07/07/2026 01:13:55,08/07/2026 14:00:31,07/07/2026 01:13:56,08/07/2026 14:00:31,,,TTS,Open/Target Collaboration
584895009031882277,1732251815880067292,"Sữa Tắm Pháp Le Petit Marseillais Cho Nam Chiết Xuất Thiên Nhiên 4in1 Nhiều Mùi Hương Dưỡng Ẩm, Thơm Lâu - Phù Hợp Mọi Loại Da (250ml)","Hương Gỗ Tuyết Tùng & Dương Xỉ, Standard",1732251749141219548,ST01172,173844,279450,VND,1,Thanh toán khi giao hàng,Đang xử lý,gentlegrooming0,Video,7597291366036557076,fixed commission,,,,8,173844,13908,,,,,,,,0,0,07/07/2026 01:42:16,08/07/2026 11:42:51,07/07/2026 01:42:17,08/07/2026 11:42:51,,09/07/2026 09:53:46,TTS,Open/Target Collaboration
584895129999082928,1732251815880067292,"Sữa Tắm Pháp Le Petit Marseillais Cho Nam Chiết Xuất Thiên Nhiên 4in1 Nhiều Mùi Hương Dưỡng Ẩm, Thơm Lâu - Phù Hợp Mọi Loại Da (250ml)","Hương Gỗ Tuyết Tùng & Dương Xỉ, Standard",1732251749141219548,ST01172,189000,276900,VND,1,Thanh toán khi giao hàng,Đang xử lý,thanhtai.197,Video,7641377755946306836,fixed commission,,,,8,189000,15120,,,,,,,,0,0,07/07/2026 01:59:30,08/07/2026 18:56:45,07/07/2026 01:59:31,08/07/2026 18:56:45,,09/07/2026 07:46:50,TTS,Open/Target Collaboration
584895297946748448,1735803452711142620,Dầu Xả Cấp Ẩm Le Petit Marseillais Nước Dừa Hữu Cơ 200ml,Mặc định,1735803348866008284,DX74752,0,3420,VND,1,Thanh toán khi giao hàng,Đang xử lý,lepetitmarseillaisvn,Phát trực tiếp,7658188231381732117,fixed commission,,,,,0,,,,,,,,,0,0,07/07/2026 02:33:38,08/07/2026 12:50:56,07/07/2026 02:33:39,08/07/2026 12:50:56,,,TTS,Open/Target Collaboration
584895297946748448,1732250760944257244,"Sữa Tắm/Gel Tắm Pháp Le Petit Marseillais Chiết Xuất Thiên Nhiên 650ml - Sữa Tắm Lưu Hương Lành Tính - Dịu Nhẹ, An Toàn Cho Da","Thông & Bạch Đàn Biển, Standard",1732250801268689116,ST01902,296310,512680,VND,1,Thanh toán khi giao hàng,Đang xử lý,lepetitmarseillaisvn,Phát trực tiếp,7658188231381732117,fixed commission,,,,,296310,,,,,,,,,0,0,07/07/2026 02:33:38,08/07/2026 12:50:56,07/07/2026 02:33:39,08/07/2026 12:50:56,,,TTS,Open/Target Collaboration
584895474740922076,1732251815880067292,"Sữa Tắm Pháp Le Petit Marseillais Cho Nam Chiết Xuất Thiên Nhiên 4in1 Nhiều Mùi Hương Dưỡng Ẩm, Thơm Lâu - Phù Hợp Mọi Loại Da (250ml)","Hương Gỗ Tuyết Tùng & Dương Xỉ, Standard",1732251749141219548,ST01172,189000,279450,VND,1,Thanh toán khi giao hàng,Đang xử lý,duongmanhkien19,Video,7578474458705382676,fixed commission,,,,,189000,,,,3,5670,,,,0,0,07/07/2026 03:24:58,08/07/2026 20:24:31,07/07/2026 03:24:59,08/07/2026 20:24:31,,09/07/2026 08:08:58,TTS,Open/Target Collaboration
584895693196527555,1732252961260865756,"Dầu Gội Thiên Nhiên Le Petit Marseillais Nhiều Mùi Hương 250ml Dưỡng Ẩm, Thơm Lâu - Phù Hợp Mọi Loại Da",Trị Gàu 2 In 1 Tinh Dầu Bạc Hà,1732252943759018204,DG74042,190400,359300,VND,1,Thanh toán khi giao hàng,Đang xử lý,mevyan,Video,7650405376294194453,fixed commission,,,,8,190400,15232,,,,,,,,0,0,07/07/2026 04:17:42,08/07/2026 12:27:19,07/07/2026 04:17:44,08/07/2026 12:27:19,,09/07/2026 11:52:50,TTS,Open/Target Collaboration
584896049144628780,1732251815880067292,"Sữa Tắm Pháp Le Petit Marseillais Cho Nam Chiết Xuất Thiên Nhiên 4in1 Nhiều Mùi Hương Dưỡng Ẩm, Thơm Lâu - Phù Hợp Mọi Loại Da (250ml)","Hương Gỗ Tuyết Tùng & Dương Xỉ, Standard",1732251749141219548,ST01172,185000,466214,VND,2,Thanh toán khi giao hàng,Đang xử lý,duongmanhkien19,Video,7578474458705382676,fixed commission,,,,,370000,,,,3,11100,,,,0,0,07/07/2026 05:29:29,08/07/2026 12:27:57,07/07/2026 05:29:30,08/07/2026 12:27:57,,09/07/2026 07:59:17,TTS,Open/Target Collaboration
584896208791176531,1732251932571175132,"Sữa Dưỡng Thể 24h Le Petit Marseillais Nhiều Mùi Hương 400ml Dưỡng Ẩm, Thơm Lâu - Phù Hợp Mọi Loại Da","Bơ Hạt Mỡ, Hạnh Nhân, Dầu Argan, Standard",1732251916621613276,DT83916,332000,494800,VND,1,Thanh toán khi giao hàng,Đang xử lý,lepetitmarseillaisvn,Phát trực tiếp,7659021901277383432,fixed commission,,,,,332000,,,,,,,,,0,0,07/07/2026 05:49:41,08/07/2026 12:24:28,07/07/2026 05:49:43,08/07/2026 12:24:28,,,TTS,Open/Target Collaboration
584896241034757298,1732251815880067292,"Sữa Tắm Pháp Le Petit Marseillais Cho Nam Chiết Xuất Thiên Nhiên 4in1 Nhiều Mùi Hương Dưỡng Ẩm, Thơm Lâu - Phù Hợp Mọi Loại Da (250ml)","Hương Gỗ Tuyết Tùng & Dương Xỉ, Standard",1732251749141219548,ST01172,189000,276900,VND,1,Thanh toán khi giao hàng,Đang xử lý,duongmanhkien19,Video,7578474458705382676,fixed commission,,,,,189000,,,,3,5670,,,,0,0,07/07/2026 05:56:37,08/07/2026 10:12:05,07/07/2026 05:56:39,08/07/2026 10:12:05,,09/07/2026 10:34:09,TTS,Open/Target Collaboration
584896270489060530,1732251815880067292,"Sữa Tắm Pháp Le Petit Marseillais Cho Nam Chiết Xuất Thiên Nhiên 4in1 Nhiều Mùi Hương Dưỡng Ẩm, Thơm Lâu - Phù Hợp Mọi Loại Da (250ml)","Hương Thông & Bạch Đàn Biển, Standard",1732251749141154012,ST01356,189000,276900,VND,1,Thanh toán khi giao hàng,Đang xử lý,duongmanhkien19,Video,7578474458705382676,fixed commission,,,,,189000,,,,3,5670,,,,0,0,07/07/2026 05:57:03,08/07/2026 10:12:05,07/07/2026 05:57:04,08/07/2026 10:12:05,,09/07/2026 10:41:07,TTS,Open/Target Collaboration
584896306579932950,1732251815880067292,"Sữa Tắm Pháp Le Petit Marseillais Cho Nam Chiết Xuất Thiên Nhiên 4in1 Nhiều Mùi Hương Dưỡng Ẩm, Thơm Lâu - Phù Hợp Mọi Loại Da (250ml)","Hương Thông & Bạch Đàn Biển, Standard",1732251749141154012,ST01356,189000,271350,VND,1,Thanh toán khi giao hàng,Đang xử lý,man.trung.737,Video,7595064670482877717,fixed commission,,,,,189000,,,,3,5670,,,,0,0,07/07/2026 06:02:10,08/07/2026 16:41:42,07/07/2026 06:02:11,08/07/2026 16:41:42,,09/07/2026 10:15:31,TTS,Open/Target Collaboration
584897046222964377,1733205919089657052,Dầu Gội Trẻ Em 2in1 94% Thiên Nhiên Le Petit Marseillais Giúp Gỡ Rối Tóc Nhiều Mùi Hương 300ml,Quả đào & mơ 0435,1733205957881660636,DG90435,207277,380943,VND,1,Thanh toán khi giao hàng,Đang xử lý,iflytek02,Chương trình Lưu lượng truy cập bên ngoài,,fixed commission,,,,4,207277,8291,,,,,,,,0,0,07/07/2026 07:15:26,08/07/2026 12:38:50,07/07/2026 07:15:28,08/07/2026 12:38:50,,09/07/2026 08:51:17,TTS,Open/Target Collaboration
584897046222964377,1735803427867296988,Dầu Gội Phục Hồi Chuyên Sâu Le Petit Marseillais Dầu Jojoba Hữu Cơ 250ml,Mặc định,1735803319872816348,DG60650,174317,337957,VND,1,Thanh toán khi giao hàng,Đang xử lý,iflytek02,Chương trình Lưu lượng truy cập bên ngoài,,fixed commission,,,,4,174317,6973,,,,,,,,0,0,07/07/2026 07:15:26,08/07/2026 12:38:50,07/07/2026 07:15:28,08/07/2026 12:38:50,,09/07/2026 08:51:17,TTS,Open/Target Collaboration
584897902238795042,1732251815880067292,"Sữa Tắm Pháp Le Petit Marseillais Cho Nam Chiết Xuất Thiên Nhiên 4in1 Nhiều Mùi Hương Dưỡng Ẩm, Thơm Lâu - Phù Hợp Mọi Loại Da (250ml)","Hương Gỗ Tuyết Tùng & Dương Xỉ, Standard",1732251749141219548,ST01172,189000,276900,VND,1,Không áp dụng thanh toán khi giao hàng,Đang xử lý,ngocminhpmh,Chương trình Lưu lượng truy cập bên ngoài,,fixed commission,,,,8,189000,15120,,,,,,,,0,0,07/07/2026 08:23:25,07/07/2026 08:23:28,07/07/2026 08:23:30,08/07/2026 12:06:03,,09/07/2026 10:22:17,TTS,Open/Target Collaboration
584898209487160951,1732250928810920156,"Sữa Tắm/Gel Tắm Pháp Le Petit Marseillais Thiên Nhiên 250ml - Sữa Tắm Lưu Hương Lành Tính - Dịu Nhẹ, An Toàn Cho Da","Đào Trắng & Quả Xuân Đào, Standard",1732250914985380060,ST01240,189000,276900,VND,1,Thanh toán khi giao hàng,Đang xử lý,kinkechillchill,Video,7572051007237115154,fixed commission,,,,8,189000,15120,,,,,,,,0,0,07/07/2026 08:47:46,08/07/2026 17:23:54,07/07/2026 08:47:48,08/07/2026 17:23:54,,09/07/2026 12:25:19,TTS,Open/Target Collaboration
584898518896837756,1736012338574165212,Combo 2 Sữa Tắm Nữ Pháp Le Petit Marseillais 250ml - Thiên Nhiên Dịu Nhẹ,"Bông Và Hoa Anh Túc, Quả Mâm Xôi Hữu Cơ & Hoa Mẫu Đơn",1736012795078477020,ST65434+ST48441,370000,551543,VND,1,Thanh toán khi giao hàng,Đã hủy,ahau.phuongthao,Trưng bày,,fixed commission,0,0,0,12,370000,44400,,,,,,,,0,0,07/07/2026 09:07:51,,07/07/2026 09:07:53,,,,TTS,Open/Target Collaboration
584899093969274062,1732250928810920156,"Sữa Tắm/Gel Tắm Pháp Le Petit Marseillais Thiên Nhiên 250ml - Sữa Tắm Lưu Hương Lành Tính - Dịu Nhẹ, An Toàn Cho Da","Hương Lựu, Standard",1732250914984724700,ST19308,179550,286550,VND,1,Thanh toán khi giao hàng,Đang xử lý,lepetitmarseillaisvn,Phát trực tiếp,7657770864272476949,fixed commission,,,,,179550,,,,,,,,,0,0,07/07/2026 09:36:53,08/07/2026 10:32:18,07/07/2026 09:36:56,08/07/2026 10:32:18,,,TTS,Open/Target Collaboration
584899093969274062,1731317167366243548,[Quà tặng không bán] Bông Tắm Tạo Bọt Mềm Mịn,Mặc định,1731317148230255836,BONG TAM HQ,0,17550,VND,1,Thanh toán khi giao hàng,Đang xử lý,lepetitmarseillaisvn,Phát trực tiếp,7657770864272476949,fixed commission,,,,,0,,,,,,,,,0,0,07/07/2026 09:36:53,08/07/2026 10:32:18,07/07/2026 09:36:56,08/07/2026 10:32:18,,,TTS,Open/Target Collaboration
584900657890822017,1735803452711142620,Dầu Xả Cấp Ẩm Le Petit Marseillais Nước Dừa Hữu Cơ 200ml,Mặc định,1735803348866008284,DX74752,0,1459,VND,1,Thanh toán khi giao hàng,Đang xử lý,iflyad07,Chương trình Lưu lượng truy cập bên ngoài,,fixed commission,,,,,0,,,,,,,,,0,0,07/07/2026 11:19:05,08/07/2026 19:34:04,07/07/2026 11:19:07,08/07/2026 19:34:04,,09/07/2026 09:37:44,TTS,Open/Target Collaboration
584900657890822017,1735910664928920796,Combo 2 Sữa Tắm Nam Le Petit Marseillais 4in1 Cho Tóc Mặt Râu Toàn Thân 250ml,"Gừng Và Gỗ Bách Tươi , Gỗ Tuyết Tùng Và Dương Xỉ",1735912571878933724,ST04371 + ST01172,286942,541501,VND,1,Thanh toán khi giao hàng,Đang xử lý,iflyad07,Chương trình Lưu lượng truy cập bên ngoài,,fixed commission,,,,4,286942,11478,,,,,,,,0,0,07/07/2026 11:19:05,08/07/2026 19:34:04,07/07/2026 11:19:07,08/07/2026 19:34:04,,09/07/2026 09:37:44,TTS,Open/Target Collaboration
584900657890822017,1732250760944257244,"Sữa Tắm/Gel Tắm Pháp Le Petit Marseillais Chiết Xuất Thiên Nhiên 650ml - Sữa Tắm Lưu Hương Lành Tính - Dịu Nhẹ, An Toàn Cho Da","Lá Oliu & Hoa Bồ Đề, Standard",1732250801268754652,ST01295,295293,504835,VND,1,Thanh toán khi giao hàng,Đang xử lý,iflyad07,Chương trình Lưu lượng truy cập bên ngoài,,fixed commission,,,,4,295293,11812,,,,,,,,0,0,07/07/2026 11:19:05,08/07/2026 19:34:04,07/07/2026 11:19:07,08/07/2026 19:34:04,,09/07/2026 09:37:44,TTS,Open/Target Collaboration
584900657890822017,1732250760944257244,"Sữa Tắm/Gel Tắm Pháp Le Petit Marseillais Chiết Xuất Thiên Nhiên 650ml - Sữa Tắm Lưu Hương Lành Tính - Dịu Nhẹ, An Toàn Cho Da","Vani, Standard",1732250801269082332,ST00557,271002,504835,VND,1,Thanh toán khi giao hàng,Đang xử lý,iflyad07,Chương trình Lưu lượng truy cập bên ngoài,,fixed commission,,,,4,271002,10840,,,,,,,,0,0,07/07/2026 11:19:05,08/07/2026 19:34:04,07/07/2026 11:19:07,08/07/2026 19:34:04,,09/07/2026 09:37:44,TTS,Open/Target Collaboration
584900657890822017,1732250760944257244,"Sữa Tắm/Gel Tắm Pháp Le Petit Marseillais Chiết Xuất Thiên Nhiên 650ml - Sữa Tắm Lưu Hương Lành Tính - Dịu Nhẹ, An Toàn Cho Da","Hạnh Nhân, Standard",1732250801269213404,ST53594,271002,504835,VND,1,Thanh toán khi giao hàng,Đang xử lý,iflyad07,Chương trình Lưu lượng truy cập bên ngoài,,fixed commission,,,,4,271002,10840,,,,,,,,0,0,07/07/2026 11:19:05,08/07/2026 19:34:04,07/07/2026 11:19:07,08/07/2026 19:34:04,,09/07/2026 09:37:44,TTS,Open/Target Collaboration
584900657890822017,1732250760944257244,"Sữa Tắm/Gel Tắm Pháp Le Petit Marseillais Chiết Xuất Thiên Nhiên 650ml - Sữa Tắm Lưu Hương Lành Tính - Dịu Nhẹ, An Toàn Cho Da","Sữa Thực Vật, Standard",1732250801269344476,ST00991,271001,504835,VND,1,Thanh toán khi giao hàng,Đang xử lý,iflyad07,Chương trình Lưu lượng truy cập bên ngoài,,fixed commission,,,,4,271001,10840,,,,,,,,0,0,07/07/2026 11:19:05,08/07/2026 19:34:04,07/07/2026 11:19:07,08/07/2026 19:34:04,,09/07/2026 09:37:44,TTS,Open/Target Collaboration
584901388575606514,1735803452711142620,Dầu Xả Cấp Ẩm Le Petit Marseillais Nước Dừa Hữu Cơ 200ml,Mặc định,1735803348866008284,DX74752,0,3420,VND,1,Không áp dụng thanh toán khi giao hàng,Đang xử lý,lepetitmarseillaisvn,Phát trực tiếp,7659642217439480597,fixed commission,,,,,0,,,,,,,,,0,0,07/07/2026 11:54:15,07/07/2026 11:55:12,07/07/2026 11:55:13,08/07/2026 08:47:02,,,TTS,Open/Target Collaboration
584901388575606514,1732250760944257244,"Sữa Tắm/Gel Tắm Pháp Le Petit Marseillais Chiết Xuất Thiên Nhiên 650ml - Sữa Tắm Lưu Hương Lành Tính - Dịu Nhẹ, An Toàn Cho Da","Hoa Tiare, Standard",1732250801268885724,ST68816,310018,512680,VND,1,Không áp dụng thanh toán khi giao hàng,Đang xử lý,lepetitmarseillaisvn,Phát trực tiếp,7659642217439480597,fixed commission,,,,,310018,,,,,,,,,0,0,07/07/2026 11:54:15,07/07/2026 11:55:12,07/07/2026 11:55:13,08/07/2026 08:47:02,,,TTS,Open/Target Collaboration
584901388575803122,1736012338574165212,Combo 2 Sữa Tắm Nữ Pháp Le Petit Marseillais 250ml - Thiên Nhiên Dịu Nhẹ,"Xoài Hữu Cơ & Chanh Dây, Quả Mâm Xôi Hữu Cơ & Hoa Mẫu Đơn",1736013429863646428,ST99622+ST48441,301252,573500,VND,1,Không áp dụng thanh toán khi giao hàng,Đang xử lý,lepetitmarseillaisvn,Phát trực tiếp,7659642217439480597,fixed commission,,,,,301252,,,,,,,,,0,0,07/07/2026 11:54:15,07/07/2026 11:55:12,07/07/2026 11:55:14,10/07/2026 09:12:29,,,TTS,Open/Target Collaboration
584901624922998676,1732250760944257244,"Sữa Tắm/Gel Tắm Pháp Le Petit Marseillais Chiết Xuất Thiên Nhiên 650ml - Sữa Tắm Lưu Hương Lành Tính - Dịu Nhẹ, An Toàn Cho Da","Dừa, Standard",1732250801269147868,ST06999,336650,532120,VND,1,Không áp dụng thanh toán khi giao hàng,Đang xử lý,thaocanview,Video,7639362324603686164,fixed commission,,,,8,336650,26932,,,,,,,,0,0,07/07/2026 12:15:13,07/07/2026 12:15:28,07/07/2026 12:15:29,08/07/2026 15:28:05,,09/07/2026 08:10:02,TTS,Open/Target Collaboration
584901624922998676,1735803452711142620,Dầu Xả Cấp Ẩm Le Petit Marseillais Nước Dừa Hữu Cơ 200ml,Mặc định,1735803348866008284,DX74752,0,8280,VND,1,Không áp dụng thanh toán khi giao hàng,Đang xử lý,iflytek02,Chương trình Lưu lượng truy cập bên ngoài,,fixed commission,,,,,0,,,,,,,,,0,0,07/07/2026 12:15:13,07/07/2026 12:15:28,07/07/2026 12:15:29,08/07/2026 15:28:05,,09/07/2026 08:10:02,TTS,Open/Target Collaboration
584901675790403509,1732250760944257244,"Sữa Tắm/Gel Tắm Pháp Le Petit Marseillais Chiết Xuất Thiên Nhiên 650ml - Sữa Tắm Lưu Hương Lành Tính - Dịu Nhẹ, An Toàn Cho Da","Hạnh Nhân, Standard",1732250801269213404,ST53594,296310,516680,VND,1,Thanh toán khi giao hàng,Đang xử lý,lepetitmarseillaisvn,Phát trực tiếp,7659645194677046036,fixed commission,,,,,296310,,,,,,,,,0,0,07/07/2026 12:17:09,08/07/2026 10:59:37,07/07/2026 12:17:10,08/07/2026 10:59:37,,,TTS,Open/Target Collaboration
584901675790403509,1735803452711142620,Dầu Xả Cấp Ẩm Le Petit Marseillais Nước Dừa Hữu Cơ 200ml,Mặc định,1735803348866008284,DX74752,0,4420,VND,1,Thanh toán khi giao hàng,Đang xử lý,lepetitmarseillaisvn,Phát trực tiếp,7659645194677046036,fixed commission,,,,,0,,,,,,,,,0,0,07/07/2026 12:17:09,08/07/2026 10:59:37,07/07/2026 12:17:10,08/07/2026 10:59:37,,,TTS,Open/Target Collaboration
584902007033333002,1736012338574165212,Combo 2 Sữa Tắm Nữ Pháp Le Petit Marseillais 250ml - Thiên Nhiên Dịu Nhẹ,"Xoài Hữu Cơ & Chanh Dây, Lựu",1736013429863974108,ST99622+ST19308,302400,579400,VND,1,Không áp dụng thanh toán khi giao hàng,Đang xử lý,lepetitmarseillaisvn,Phát trực tiếp,7658649978860636935,fixed commission,,,,,302400,,,,,,,,,0,0,07/07/2026 12:30:55,07/07/2026 12:30:59,07/07/2026 12:31:02,09/07/2026 14:16:26,,,TTS,Open/Target Collaboration
584902099008259513,1734484089688655068,Sữa Tắm Pháp Le Petit Marseillais 650ml chiết xuất Dừa,Mặc định,1735234740272727260,ST06999,257000,533080,VND,1,Thanh toán khi giao hàng,Đang xử lý,lepthelittlekid,Trưng bày,,fixed commission,,,,15,257000,38550,,,,,,,,0,0,07/07/2026 12:41:54,09/07/2026 11:33:52,07/07/2026 12:41:56,09/07/2026 11:33:52,,10/07/2026 09:54:09,TTS,Open/Target Collaboration
584902099008259513,1735803452711142620,Dầu Xả Cấp Ẩm Le Petit Marseillais Nước Dừa Hữu Cơ 200ml,Mặc định,1735803348866008284,DX74752,0,8520,VND,1,Thanh toán khi giao hàng,Đang xử lý,lepetitmarseillaisvn,Video,7581385844905364754,fixed commission,,,,,0,,,,,,,,,0,0,07/07/2026 12:41:54,09/07/2026 11:33:52,07/07/2026 12:41:56,09/07/2026 11:33:52,,10/07/2026 09:54:09,TTS,Open/Target Collaboration
584902284931597758,1734496604995683548,Xà Phòng Le Petit Marseillais Chính Hãng Bánh Xà Phòng Tắm Thiên Nhiên (Ngẫu nhiên)  1 Bánh,Mặc định,1734496577198523612,1 BÁNH-XP,0,2257,VND,1,Không áp dụng thanh toán khi giao hàng,Đang xử lý,lepetitmarseillaisvn,Phát trực tiếp,7659645194677046036,fixed commission,,,,,0,,,,,,,,,0,0,07/07/2026 12:44:25,07/07/2026 12:44:57,07/07/2026 12:44:57,08/07/2026 11:31:18,,,TTS,Open/Target Collaboration
584902284931597758,1736012338574165212,Combo 2 Sữa Tắm Nữ Pháp Le Petit Marseillais 250ml - Thiên Nhiên Dịu Nhẹ,"Đào Trắng Hữu Cơ Và Quả Xuân Đào, Dừa",1736012747225531612,ST01240+ST54494,302400,551543,VND,1,Không áp dụng thanh toán khi giao hàng,Đang xử lý,lepetitmarseillaisvn,Phát trực tiếp,7659645194677046036,fixed commission,,,,,302400,,,,,,,,,0,0,07/07/2026 12:44:25,07/07/2026 12:44:57,07/07/2026 12:44:57,08/07/2026 11:31:18,,,TTS,Open/Target Collaboration
584902183080002667,1732252961260865756,"Dầu Gội Thiên Nhiên Le Petit Marseillais Nhiều Mùi Hương 250ml Dưỡng Ẩm, Thơm Lâu - Phù Hợp Mọi Loại Da",Phục Hồi Chuyên Sâu Dầu Jojoba,1732252943759083740,DG60650,238000,343000,VND,1,Thanh toán khi giao hàng,Đang xử lý,ngocdailyvlog,Video,7580781933962071314,fixed commission,,,,,238000,,,,3,7140,,,,0,0,07/07/2026 12:45:52,08/07/2026 18:01:43,07/07/2026 12:45:53,08/07/2026 18:01:43,,09/07/2026 12:52:57,TTS,Open/Target Collaboration
584902211102213963,1732250760944257244,"Sữa Tắm/Gel Tắm Pháp Le Petit Marseillais Chiết Xuất Thiên Nhiên 650ml - Sữa Tắm Lưu Hương Lành Tính - Dịu Nhẹ, An Toàn Cho Da","Hoa Tiare, Standard",1732250801268885724,ST68816,324000,543320,VND,1,Thanh toán khi giao hàng,Đã hủy,lepetitmarseillaisvn,Phát trực tiếp,7659645194677046036,fixed commission,,,,,324000,,,,,,,,,0,0,07/07/2026 12:48:32,,07/07/2026 12:48:33,,,,TTS,Open/Target Collaboration
584902429993633373,1733398589084042460,Sữa Tắm Nam Thơm Lâu 4 in 1 Thiên Nhiên Le Petit Marseillais Chiết Xuất Thông Biển & Bạch Đàn 250ml 1356,Mặc định,1733398673842472156,ST01356,145000,284600,VND,1,Không áp dụng thanh toán khi giao hàng,Đang xử lý,thanhtai.197,Video,7659320242094542100,fixed commission,,,,8,145000,11600,,,,,,,,0,0,07/07/2026 12:56:57,07/07/2026 12:57:02,07/07/2026 12:57:04,08/07/2026 11:23:41,,09/07/2026 09:53:43,TTS,Open/Target Collaboration
584902673376904492,1732251815880067292,"Sữa Tắm Pháp Le Petit Marseillais Cho Nam Chiết Xuất Thiên Nhiên 4in1 Nhiều Mùi Hương Dưỡng Ẩm, Thơm Lâu - Phù Hợp Mọi Loại Da (250ml)","Hương Gỗ Tuyết Tùng & Dương Xỉ, Standard",1732251749141219548,ST01172,189000,276900,VND,1,Thanh toán khi giao hàng,Đã hủy,man.trung.737,Video,7595064670482877717,fixed commission,0,0,0,,189000,,,,3,5670,,,,0,0,07/07/2026 13:09:32,,07/07/2026 13:09:33,,,,TTS,Open/Target Collaboration
584903575356081238,1732252961260865756,"Dầu Gội Thiên Nhiên Le Petit Marseillais Nhiều Mùi Hương 250ml Dưỡng Ẩm, Thơm Lâu - Phù Hợp Mọi Loại Da",Thải Độc Với Chiết Xuất Trà Xanh Hữu Cơ,1735769515978753244,DG37467,208000,343000,VND,1,Thanh toán khi giao hàng,Đang xử lý,ngocdailyvlog,Video,7580781933962071314,fixed commission,,,,,208000,,,,3,6240,,,,0,0,07/07/2026 14:09:03,09/07/2026 12:07:50,07/07/2026 14:09:04,09/07/2026 12:07:50,,10/07/2026 10:32:21,TTS,Open/Target Collaboration
584903680302286066,1732251815880067292,"Sữa Tắm Pháp Le Petit Marseillais Cho Nam Chiết Xuất Thiên Nhiên 4in1 Nhiều Mùi Hương Dưỡng Ẩm, Thơm Lâu - Phù Hợp Mọi Loại Da (250ml)","Hương Gỗ Tuyết Tùng & Dương Xỉ, Standard",1732251749141219548,ST01172,160650,276900,VND,1,Không áp dụng thanh toán khi giao hàng,Đang xử lý,gentlegrooming0,Video,7597291366036557076,fixed commission,,,,8,160650,12852,,,,,,,,0,0,07/07/2026 14:13:09,07/07/2026 14:13:15,07/07/2026 14:13:15,09/07/2026 09:48:00,,10/07/2026 11:24:15,TTS,Open/Target Collaboration
584904221625517321,1736012338574165212,Combo 2 Sữa Tắm Nữ Pháp Le Petit Marseillais 250ml - Thiên Nhiên Dịu Nhẹ,"Lá Bạc Hà , Vani",1736012747224876252,ST92871+ST00526,302400,573500,VND,1,Thanh toán khi giao hàng,Đã hủy,ron_tran_,Phát trực tiếp,7657900294156471058,fixed commission,0,0,0,8,302400,24192,,,,,,,,0,0,07/07/2026 14:51:48,,07/07/2026 14:51:50,,,,TTS,Open/Target Collaboration
584904380310193541,1732252961260865756,"Dầu Gội Thiên Nhiên Le Petit Marseillais Nhiều Mùi Hương 250ml Dưỡng Ẩm, Thơm Lâu - Phù Hợp Mọi Loại Da",Phục Hồi Chuyên Sâu Dầu Jojoba,1732252943759083740,DG60650,214200,359300,VND,1,Thanh toán khi giao hàng,Đang xử lý,ngocdailyvlog,Video,7580781933962071314,fixed commission,,,,,214200,,,,3,6426,,,,0,0,07/07/2026 14:58:21,08/07/2026 15:20:08,07/07/2026 14:58:22,08/07/2026 15:20:08,,09/07/2026 09:39:14,TTS,Open/Target Collaboration
584904429151094050,1732251815880067292,"Sữa Tắm Pháp Le Petit Marseillais Cho Nam Chiết Xuất Thiên Nhiên 4in1 Nhiều Mùi Hương Dưỡng Ẩm, Thơm Lâu - Phù Hợp Mọi Loại Da (250ml)","Hương Gỗ Tuyết Tùng & Dương Xỉ, Standard",1732251749141219548,ST01172,189000,279450,VND,1,Thanh toán khi giao hàng,Đang xử lý,man.trung.737,Video,7595064670482877717,fixed commission,,,,,189000,,,,3,5670,,,,0,0,07/07/2026 15:03:00,08/07/2026 13:54:31,07/07/2026 15:03:01,08/07/2026 13:54:31,,09/07/2026 10:35:27,TTS,Open/Target Collaboration
584904914226480146,1732250928810920156,"Sữa Tắm/Gel Tắm Pháp Le Petit Marseillais Thiên Nhiên 250ml - Sữa Tắm Lưu Hương Lành Tính - Dịu Nhẹ, An Toàn Cho Da","Quả Mâm Xôi & Hoa Mẫu Đơn, Standard",1732250914985052380,ST48441,189000,286550,VND,1,Thanh toán khi giao hàng,Đã hủy,ahau.phuongthao,Video,7654094102811659528,fixed commission,0,0,0,12,189000,22680,,,,,,,,0,0,07/07/2026 15:37:08,,07/07/2026 15:37:09,,,,TTS,Open/Target Collaboration
584905201063527753,1732250760944257244,"Sữa Tắm/Gel Tắm Pháp Le Petit Marseillais Chiết Xuất Thiên Nhiên 650ml - Sữa Tắm Lưu Hương Lành Tính - Dịu Nhẹ, An Toàn Cho Da","Hoa Tiare, Standard",1732250801268885724,ST68816,357880,512680,VND,1,Thanh toán khi giao hàng,Đang xử lý,lepetitmarseillaisvn,Phát trực tiếp,7659702740562250517,fixed commission,,,,,357880,,,,,,,,,0,0,07/07/2026 15:49:54,09/07/2026 16:39:05,07/07/2026 15:49:55,09/07/2026 16:39:05,,,TTS,Open/Target Collaboration
584905227968022416,1732250760944257244,"Sữa Tắm/Gel Tắm Pháp Le Petit Marseillais Chiết Xuất Thiên Nhiên 650ml - Sữa Tắm Lưu Hương Lành Tính - Dịu Nhẹ, An Toàn Cho Da","Thông & Bạch Đàn Biển, Standard",1732250801268689116,ST01902,283905,808655,VND,2,Thanh toán khi giao hàng,Đang xử lý,lepetitmarseillaisvn,Phát trực tiếp,7659702740562250517,fixed commission,,,,,567810,,,,,,,,,0,0,07/07/2026 15:57:30,10/07/2026 15:25:11,07/07/2026 15:57:33,10/07/2026 15:25:11,,,TTS,Open/Target Collaboration
584905558091728774,1732250760944257244,"Sữa Tắm/Gel Tắm Pháp Le Petit Marseillais Chiết Xuất Thiên Nhiên 650ml - Sữa Tắm Lưu Hương Lành Tính - Dịu Nhẹ, An Toàn Cho Da","Vani, Standard",1732250801269082332,ST00557,292740,507089,VND,1,Không áp dụng thanh toán khi giao hàng,Đang xử lý,lepetitmarseillaisvn,Phát trực tiếp,7659702740562250517,fixed commission,,,,,292740,,,,,,,,,0,0,07/07/2026 16:14:46,07/07/2026 16:14:51,07/07/2026 16:14:52,09/07/2026 09:52:58,,,TTS,Open/Target Collaboration
584905558091728774,1735803452711142620,Dầu Xả Cấp Ẩm Le Petit Marseillais Nước Dừa Hữu Cơ 200ml,Mặc định,1735803348866008284,DX74752,0,2022,VND,1,Không áp dụng thanh toán khi giao hàng,Đang xử lý,lepetitmarseillaisvn,Phát trực tiếp,7659702740562250517,fixed commission,,,,,0,,,,,,,,,0,0,07/07/2026 16:14:46,07/07/2026 16:14:51,07/07/2026 16:14:52,09/07/2026 09:52:58,,,TTS,Open/Target Collaboration
584905558091728774,1732250760944257244,"Sữa Tắm/Gel Tắm Pháp Le Petit Marseillais Chiết Xuất Thiên Nhiên 650ml - Sữa Tắm Lưu Hương Lành Tính - Dịu Nhẹ, An Toàn Cho Da","Thông & Bạch Đàn Biển, Standard",1732250801268689116,ST01902,318980,507089,VND,1,Không áp dụng thanh toán khi giao hàng,Đang xử lý,lepetitmarseillaisvn,Phát trực tiếp,7659702740562250517,fixed commission,,,,,318980,,,,,,,,,0,0,07/07/2026 16:14:46,07/07/2026 16:14:51,07/07/2026 16:14:52,09/07/2026 09:52:58,,,TTS,Open/Target Collaboration
584905641261499942,1732250760944257244,"Sữa Tắm/Gel Tắm Pháp Le Petit Marseillais Chiết Xuất Thiên Nhiên 650ml - Sữa Tắm Lưu Hương Lành Tính - Dịu Nhẹ, An Toàn Cho Da","Thông & Bạch Đàn Biển, Standard",1732250801268689116,ST01902,330650,534500,VND,1,Không áp dụng thanh toán khi giao hàng,Đang xử lý,lepetitmarseillaisvn,Phát trực tiếp,7659702740562250517,fixed commission,,,,,330650,,,,,,,,,0,0,07/07/2026 16:21:53,07/07/2026 16:21:59,07/07/2026 16:21:59,11/07/2026 10:55:56,,,TTS,Open/Target Collaboration
584905742947026095,1736012338574165212,Combo 2 Sữa Tắm Nữ Pháp Le Petit Marseillais 250ml - Thiên Nhiên Dịu Nhẹ,"Hoa Cam, Quả Mâm Xôi Hữu Cơ & Hoa Mẫu Đơn",1736012795076117724,ST00823+ST48441,318000,573486,VND,1,Thanh toán khi giao hàng,Đang xử lý,lepetitmarseillaisvn,Phát trực tiếp,7659702740562250517,fixed commission,,,,,318000,,,,,,,,,0,0,07/07/2026 16:30:30,09/07/2026 15:13:31,07/07/2026 16:30:32,09/07/2026 15:13:31,,,TTS,Open/Target Collaboration
584905742947026095,1734496604995683548,Xà Phòng Le Petit Marseillais Chính Hãng Bánh Xà Phòng Tắm Thiên Nhiên (Ngẫu nhiên)  1 Bánh,Mặc định,1734496577198523612,1 BÁNH-XP,0,5914,VND,1,Thanh toán khi giao hàng,Đang xử lý,lepetitmarseillaisvn,Phát trực tiếp,7659702740562250517,fixed commission,,,,,0,,,,,,,,,0,0,07/07/2026 16:30:30,09/07/2026 15:13:31,07/07/2026 16:30:32,09/07/2026 15:13:31,,,TTS,Open/Target Collaboration
584905745164436760,1735805503734973660,Hộp 2 Cục Xà Phòng Le Petit Marseillais Bơ Hạt Mỡ 2x100g,Mặc định,1735805418668000476,XP81108,170000,193000,VND,1,Không áp dụng thanh toán khi giao hàng,Đã hủy,lepetitmarseillaisvn,Phát trực tiếp,7659702740562250517,fixed commission,,,,,170000,,,,,,,,,0,0,07/07/2026 16:31:28,07/07/2026 16:31:39,07/07/2026 16:31:40,,,,TTS,Open/Target Collaboration
584906014978050038,1732251815880067292,"Sữa Tắm Pháp Le Petit Marseillais Cho Nam Chiết Xuất Thiên Nhiên 4in1 Nhiều Mùi Hương Dưỡng Ẩm, Thơm Lâu - Phù Hợp Mọi Loại Da (250ml)","Hương Gỗ Tuyết Tùng & Dương Xỉ, Standard",1732251749141219548,ST01172,189000,279450,VND,1,Thanh toán khi giao hàng,Đang xử lý,man.trung.737,Video,7595064670482877717,fixed commission,,,,,189000,,,,3,5670,,,,0,0,07/07/2026 16:48:11,09/07/2026 09:14:33,07/07/2026 16:48:12,09/07/2026 09:14:33,,10/07/2026 11:20:25,TTS,Open/Target Collaboration
584906022271157324,1732250760944257244,"Sữa Tắm/Gel Tắm Pháp Le Petit Marseillais Chiết Xuất Thiên Nhiên 650ml - Sữa Tắm Lưu Hương Lành Tính - Dịu Nhẹ, An Toàn Cho Da","Thông & Bạch Đàn Biển, Standard",1732250801268689116,ST01902,357000,512680,VND,1,Thanh toán khi giao hàng,Đang xử lý,lepetitmarseillaisvn,Phát trực tiếp,7659702740562250517,fixed commission,,,,,357000,,,,,,,,,0,0,07/07/2026 16:50:59,09/07/2026 16:26:04,07/07/2026 16:51:01,09/07/2026 16:26:04,,,TTS,Open/Target Collaboration
584906182131877636,1735803452711142620,Dầu Xả Cấp Ẩm Le Petit Marseillais Nước Dừa Hữu Cơ 200ml,Mặc định,1735803348866008284,DX74752,0,6800,VND,1,Thanh toán khi giao hàng,Đang xử lý,lepetitmarseillaisvn,Phát trực tiếp,7659702740562250517,fixed commission,,,,,0,,,,,,,,,0,0,07/07/2026 16:51:44,09/07/2026 12:39:28,07/07/2026 16:51:45,09/07/2026 12:39:28,,,TTS,Open/Target Collaboration
584906182131877636,1732250760944257244,"Sữa Tắm/Gel Tắm Pháp Le Petit Marseillais Chiết Xuất Thiên Nhiên 650ml - Sữa Tắm Lưu Hương Lành Tính - Dịu Nhẹ, An Toàn Cho Da","Đào Trắng & Quả Xuân Đào, Standard",1732250801269016796,ST01288,299880,526200,VND,1,Thanh toán khi giao hàng,Đang xử lý,lepetitmarseillaisvn,Phát trực tiếp,7659702740562250517,fixed commission,,,,,299880,,,,,,,,,0,0,07/07/2026 16:51:44,09/07/2026 12:39:28,07/07/2026 16:51:45,09/07/2026 12:39:28,,,TTS,Open/Target Collaboration
584906171840759137,1732250760944257244,"Sữa Tắm/Gel Tắm Pháp Le Petit Marseillais Chiết Xuất Thiên Nhiên 650ml - Sữa Tắm Lưu Hương Lành Tính - Dịu Nhẹ, An Toàn Cho Da","Thông & Bạch Đàn Biển, Standard",1732250801268689116,ST01902,329000,537880,VND,1,Không áp dụng thanh toán khi giao hàng,Đang xử lý,lepetitmarseillaisvn,Phát trực tiếp,7659702740562250517,fixed commission,,,,,329000,,,,,,,,,0,0,07/07/2026 16:58:05,07/07/2026 16:58:11,07/07/2026 16:58:12,09/07/2026 12:09:16,,,TTS,Open/Target Collaboration
584906171840759137,1735803452711142620,Dầu Xả Cấp Ẩm Le Petit Marseillais Nước Dừa Hữu Cơ 200ml,Mặc định,1735803348866008284,DX74752,0,9720,VND,1,Không áp dụng thanh toán khi giao hàng,Đang xử lý,lepetitmarseillaisvn,Phát trực tiếp,7659702740562250517,fixed commission,,,,,0,,,,,,,,,0,0,07/07/2026 16:58:05,07/07/2026 16:58:11,07/07/2026 16:58:12,09/07/2026 12:09:16,,,TTS,Open/Target Collaboration
584906160282109400,1733398584855921884,Sữa Tắm Nam 4 in 1 Thiên Nhiên Le Petit Marseillais Chiết Xuất Gừng & Gỗ Bách Hương 250ml 4371,Mặc định,1733398526731846876,ST04371,0,6320,VND,1,Không áp dụng thanh toán khi giao hàng,Đang xử lý,lepetitmarseillaisvn,Phát trực tiếp,7659702740562250517,fixed commission,,,,,0,,,,,,,,,0,0,07/07/2026 16:59:38,07/07/2026 16:59:43,07/07/2026 16:59:44,09/07/2026 11:03:32,,,TTS,Open/Target Collaboration
584906160282109400,1735910664928920796,Combo 2 Sữa Tắm Nam Le Petit Marseillais 4in1 Cho Tóc Mặt Râu Toàn Thân 250ml,"Gừng Và Gỗ Bách Tươi , Gỗ Tuyết Tùng Và Dương Xỉ",1735912571878933724,ST04371 + ST01172,380000,547480,VND,1,Không áp dụng thanh toán khi giao hàng,Đang xử lý,lepetitmarseillaisvn,Phát trực tiếp,7659702740562250517,fixed commission,,,,,380000,,,,,,,,,0,0,07/07/2026 16:59:38,07/07/2026 16:59:43,07/07/2026 16:59:44,09/07/2026 11:03:32,,,TTS,Open/Target Collaboration
584908174214137288,1734496604995683548,Xà Phòng Le Petit Marseillais Chính Hãng Bánh Xà Phòng Tắm Thiên Nhiên (Ngẫu nhiên)  1 Bánh,Mặc định,1734496577198523612,1 BÁNH-XP,75000,101200,VND,1,Thanh toán khi giao hàng,Đang xử lý,mythi_fr,Video,7634970118833081620,fixed commission,,,,6,75000,4500,,,,,,,,0,0,07/07/2026 19:01:03,09/07/2026 15:33:23,07/07/2026 19:01:05,09/07/2026 15:33:23,,10/07/2026 08:13:45,TTS,Open/Target Collaboration
584910351643019212,1732250760944257244,"Sữa Tắm/Gel Tắm Pháp Le Petit Marseillais Chiết Xuất Thiên Nhiên 650ml - Sữa Tắm Lưu Hương Lành Tính - Dịu Nhẹ, An Toàn Cho Da","Quả Mơ & Hạt Phỉ, Standard",1732250801269475548,ST00809,299880,516680,VND,1,Thanh toán khi giao hàng,Đang xử lý,lepetitmarseillaisvn,Phát trực tiếp,7659778705250978578,fixed commission,,,,,299880,,,,,,,,,0,0,07/07/2026 20:53:21,09/07/2026 12:18:05,07/07/2026 20:53:23,09/07/2026 12:18:05,,,TTS,Open/Target Collaboration
584910699030545872,1732250760944257244,"Sữa Tắm/Gel Tắm Pháp Le Petit Marseillais Chiết Xuất Thiên Nhiên 650ml - Sữa Tắm Lưu Hương Lành Tính - Dịu Nhẹ, An Toàn Cho Da","Đào Trắng & Quả Xuân Đào, Standard",1732250801269016796,ST01288,297000,525766,VND,1,Không áp dụng thanh toán khi giao hàng,Đang xử lý,thomcungngoc,Video,7658996791089597714,fixed commission,,,,8,297000,23760,,,,,,,,0,0,07/07/2026 21:10:22,07/07/2026 21:10:28,07/07/2026 21:10:29,09/07/2026 10:19:27,,10/07/2026 07:43:19,TTS,Open/Target Collaboration
584910652957493235,1733398584855921884,Sữa Tắm Nam 4 in 1 Thiên Nhiên Le Petit Marseillais Chiết Xuất Gừng & Gỗ Bách Hương 250ml 4371,Mặc định,1733398526731846876,ST04371,0,6320,VND,1,Không áp dụng thanh toán khi giao hàng,Đang xử lý,lepetitmarseillaisvn,Phát trực tiếp,7659778705250978578,fixed commission,,,,,0,,,,,,,,,0,0,07/07/2026 21:12:11,07/07/2026 21:12:19,07/07/2026 21:12:22,09/07/2026 10:07:42,,,TTS,Open/Target Collaboration
584910652957493235,1735910664928920796,Combo 2 Sữa Tắm Nam Le Petit Marseillais 4in1 Cho Tóc Mặt Râu Toàn Thân 250ml,"Thông Biển & Bạch Đàn, Gỗ Tuyết Tùng Và Dương Xỉ",1735912571878606044,ST01356 + ST01172,302400,547480,VND,1,Không áp dụng thanh toán khi giao hàng,Đang xử lý,lepetitmarseillaisvn,Phát trực tiếp,7659778705250978578,fixed commission,,,,,302400,,,,,,,,,0,0,07/07/2026 21:12:11,07/07/2026 21:12:19,07/07/2026 21:12:22,09/07/2026 10:07:42,,,TTS,Open/Target Collaboration
584911770914292994,1732250760944257244,"Sữa Tắm/Gel Tắm Pháp Le Petit Marseillais Chiết Xuất Thiên Nhiên 650ml - Sữa Tắm Lưu Hương Lành Tính - Dịu Nhẹ, An Toàn Cho Da","Hương Chanh & Bưởi Hồng, Standard",1732250801268820188,ST01868,357880,530520,VND,1,Thanh toán khi giao hàng,Đã hủy,kinkechillchill,Video,7572051007237115154,fixed commission,0,0,0,8,357880,28630,,,,,,,,0,0,07/07/2026 22:02:09,,07/07/2026 22:02:11,,,,TTS,Open/Target Collaboration
584911840111462167,1732251815880067292,"Sữa Tắm Pháp Le Petit Marseillais Cho Nam Chiết Xuất Thiên Nhiên 4in1 Nhiều Mùi Hương Dưỡng Ẩm, Thơm Lâu - Phù Hợp Mọi Loại Da (250ml)","Hương Cam & Tinh Dầu Argan, Standard",1732251749141022940,ST01431,187868,276900,VND,1,Thanh toán khi giao hàng,Đang xử lý,man.trung.737,Video,7595064670482877717,fixed commission,,,,8,187868,15029,,,,,,,,0,0,07/07/2026 22:11:29,09/07/2026 13:32:38,07/07/2026 22:11:30,09/07/2026 13:32:38,,10/07/2026 11:41:41,TTS,Open/Target Collaboration
584912055881466945,1732251815880067292,"Sữa Tắm Pháp Le Petit Marseillais Cho Nam Chiết Xuất Thiên Nhiên 4in1 Nhiều Mùi Hương Dưỡng Ẩm, Thơm Lâu - Phù Hợp Mọi Loại Da (250ml)","Hương Gỗ Tuyết Tùng & Dương Xỉ, Standard",1732251749141219548,ST01172,154000,447286,VND,2,Thanh toán khi giao hàng,Đang xử lý,duongmanhkien19,Video,7578474458705382676,fixed commission,,,,8,308000,24640,,,,,,,,0,0,07/07/2026 22:18:23,09/07/2026 18:17:33,07/07/2026 22:18:24,09/07/2026 18:17:33,,10/07/2026 09:58:41,TTS,Open/Target Collaboration
584912381475849508,1732251815880067292,"Sữa Tắm Pháp Le Petit Marseillais Cho Nam Chiết Xuất Thiên Nhiên 4in1 Nhiều Mùi Hương Dưỡng Ẩm, Thơm Lâu - Phù Hợp Mọi Loại Da (250ml)","Hương Gỗ Tuyết Tùng & Dương Xỉ, Standard",1732251749141219548,ST01172,189000,299300,VND,1,Thanh toán khi giao hàng,Đang xử lý,man.trung.737,Video,7595064670482877717,fixed commission,,,,8,189000,15120,,,,,,,,0,0,07/07/2026 22:31:11,09/07/2026 12:23:40,07/07/2026 22:31:13,09/07/2026 12:23:40,,10/07/2026 08:02:50,TTS,Open/Target Collaboration
584912552552989777,1732250760944257244,"Sữa Tắm/Gel Tắm Pháp Le Petit Marseillais Chiết Xuất Thiên Nhiên 650ml - Sữa Tắm Lưu Hương Lành Tính - Dịu Nhẹ, An Toàn Cho Da","Lá Oliu & Hoa Bồ Đề, Standard",1732250801268754652,ST01295,318980,530520,VND,1,Thanh toán khi giao hàng,Đã hủy,sophia.beauty99,Trưng bày,,fixed commission,0,0,0,8,318980,25518,,,,,,,,0,0,07/07/2026 22:50:06,,07/07/2026 22:50:07,,,,TTS,Open/Target Collaboration
584913906458461442,1732250760944257244,"Sữa Tắm/Gel Tắm Pháp Le Petit Marseillais Chiết Xuất Thiên Nhiên 650ml - Sữa Tắm Lưu Hương Lành Tính - Dịu Nhẹ, An Toàn Cho Da","Hương Chanh & Bưởi Hồng, Standard",1732250801268820188,ST01868,318980,530520,VND,1,Thanh toán khi giao hàng,Đang xử lý,ahau.phuongthao,Video,7657908411115392274,fixed commission,,,,12,318980,38278,,,,,,,,0,0,08/07/2026 00:51:39,09/07/2026 10:07:52,08/07/2026 00:51:40,09/07/2026 10:07:52,,10/07/2026 10:22:58,TTS,Open/Target Collaboration
584914364952446015,1732251815880067292,"Sữa Tắm Pháp Le Petit Marseillais Cho Nam Chiết Xuất Thiên Nhiên 4in1 Nhiều Mùi Hương Dưỡng Ẩm, Thơm Lâu - Phù Hợp Mọi Loại Da (250ml)","Hương Gỗ Tuyết Tùng & Dương Xỉ, Standard",1732251749141219548,ST01172,160650,283000,VND,1,Thanh toán khi giao hàng,Đang xử lý,huankosai,Video,7569974511534198023,fixed commission,,,,8,160650,12852,,,,,,,,0,0,08/07/2026 02:21:14,09/07/2026 13:01:42,08/07/2026 02:21:15,09/07/2026 13:01:42,,10/07/2026 12:56:46,TTS,Open/Target Collaboration
584914781066593613,1732251815880067292,"Sữa Tắm Pháp Le Petit Marseillais Cho Nam Chiết Xuất Thiên Nhiên 4in1 Nhiều Mùi Hương Dưỡng Ẩm, Thơm Lâu - Phù Hợp Mọi Loại Da (250ml)","Hương Gỗ Tuyết Tùng & Dương Xỉ, Standard",1732251749141219548,ST01172,160650,283850,VND,1,Thanh toán khi giao hàng,Đang xử lý,huankosai,Video,7569974511534198023,fixed commission,,,,8,160650,12852,,,,,,,,0,0,08/07/2026 04:22:06,09/07/2026 11:27:26,08/07/2026 04:22:07,09/07/2026 11:27:26,,10/07/2026 08:46:59,TTS,Open/Target Collaboration
584916513056130690,1732251815880067292,"Sữa Tắm Pháp Le Petit Marseillais Cho Nam Chiết Xuất Thiên Nhiên 4in1 Nhiều Mùi Hương Dưỡng Ẩm, Thơm Lâu - Phù Hợp Mọi Loại Da (250ml)","Hương Gỗ Tuyết Tùng & Dương Xỉ, Standard",1732251749141219548,ST01172,174000,289700,VND,1,Thanh toán khi giao hàng,Đang xử lý,duongmanhkien19,Video,7578474458705382676,fixed commission,,,,,174000,,,,3,5220,,,,0,0,08/07/2026 08:05:47,10/07/2026 19:05:17,08/07/2026 08:05:48,10/07/2026 19:05:17,,,TTS,Open/Target Collaboration
584917641734031048,1732250928810920156,"Sữa Tắm/Gel Tắm Pháp Le Petit Marseillais Thiên Nhiên 250ml - Sữa Tắm Lưu Hương Lành Tính - Dịu Nhẹ, An Toàn Cho Da","Vani, Standard",1732250914985183452,ST00526,160650,286909,VND,1,Thanh toán khi giao hàng,Đang xử lý,reviewallthing,Video,7494512128204819720,fixed commission,,,,8,160650,12852,,,,,,,,0,0,08/07/2026 09:31:46,09/07/2026 20:01:11,08/07/2026 09:31:47,09/07/2026 20:01:11,,10/07/2026 08:28:05,TTS,Open/Target Collaboration
584917641734031048,1732250928810920156,"Sữa Tắm/Gel Tắm Pháp Le Petit Marseillais Thiên Nhiên 250ml - Sữa Tắm Lưu Hương Lành Tính - Dịu Nhẹ, An Toàn Cho Da","Đào Trắng & Quả Xuân Đào, Standard",1732250914985380060,ST01240,160650,286909,VND,1,Thanh toán khi giao hàng,Đang xử lý,reviewallthing,Video,7494512128204819720,fixed commission,,,,8,160650,12852,,,,,,,,0,0,08/07/2026 09:31:46,09/07/2026 20:01:11,08/07/2026 09:31:47,09/07/2026 20:01:11,,10/07/2026 08:28:05,TTS,Open/Target Collaboration
584918867003475732,1732251815880067292,"Sữa Tắm Pháp Le Petit Marseillais Cho Nam Chiết Xuất Thiên Nhiên 4in1 Nhiều Mùi Hương Dưỡng Ẩm, Thơm Lâu - Phù Hợp Mọi Loại Da (250ml)","Hương Cam & Tinh Dầu Argan, Standard",1732251749141022940,ST01431,174000,286550,VND,1,Thanh toán khi giao hàng,Đang xử lý,quocliu0,Video,7659796034087816455,fixed commission,,,,8,174000,13920,,,,,,,,0,0,08/07/2026 11:01:51,09/07/2026 22:37:40,08/07/2026 11:01:52,09/07/2026 22:37:40,,10/07/2026 07:32:11,TTS,Open/Target Collaboration
584918975833998361,1732251815880067292,"Sữa Tắm Pháp Le Petit Marseillais Cho Nam Chiết Xuất Thiên Nhiên 4in1 Nhiều Mùi Hương Dưỡng Ẩm, Thơm Lâu - Phù Hợp Mọi Loại Da (250ml)","Hương Thông & Bạch Đàn Biển, Standard",1732251749141154012,ST01356,189000,279450,VND,1,Thanh toán khi giao hàng,Đang xử lý,duongmanhkien19,Video,7578474458705382676,fixed commission,,,,,189000,,,,3,5670,,,,0,0,08/07/2026 11:04:43,09/07/2026 20:12:58,08/07/2026 11:04:45,09/07/2026 20:12:58,,10/07/2026 09:47:23,TTS,Open/Target Collaboration
584919047041025374,1735803452711142620,Dầu Xả Cấp Ẩm Le Petit Marseillais Nước Dừa Hữu Cơ 200ml,Mặc định,1735803348866008284,DX74752,0,6800,VND,1,Thanh toán khi giao hàng,Đang xử lý,lepetitmarseillaisvn,Phát trực tiếp,7659999182702971668,fixed commission,,,,,0,,,,,,,,,0,0,08/07/2026 11:14:33,10/07/2026 16:32:29,08/07/2026 11:14:35,10/07/2026 16:32:29,,,TTS,Open/Target Collaboration
584919047041025374,1732250760944257244,"Sữa Tắm/Gel Tắm Pháp Le Petit Marseillais Chiết Xuất Thiên Nhiên 650ml - Sữa Tắm Lưu Hương Lành Tính - Dịu Nhẹ, An Toàn Cho Da","Dừa, Standard",1732250801269147868,ST06999,385000,526200,VND,1,Thanh toán khi giao hàng,Đang xử lý,lepetitmarseillaisvn,Phát trực tiếp,7659999182702971668,fixed commission,,,,,385000,,,,,,,,,0,0,08/07/2026 11:14:33,10/07/2026 16:32:29,08/07/2026 11:14:35,10/07/2026 16:32:29,,,TTS,Open/Target Collaboration
584919128917771557,1731317167366243548,[Quà tặng không bán] Bông Tắm Tạo Bọt Mềm Mịn,Mặc định,1731317148230255836,BONG TAM HQ,0,7900,VND,1,Thanh toán khi giao hàng,Đang xử lý,lepetitmarseillaisvn,Phát trực tiếp,7659999182702971668,fixed commission,,,,,0,,,,,,,,,0,0,08/07/2026 11:21:06,09/07/2026 19:18:24,08/07/2026 11:21:08,09/07/2026 19:18:24,,,TTS,Open/Target Collaboration
584919128917771557,1732250928810920156,"Sữa Tắm/Gel Tắm Pháp Le Petit Marseillais Thiên Nhiên 250ml - Sữa Tắm Lưu Hương Lành Tính - Dịu Nhẹ, An Toàn Cho Da","Vani, Standard",1732250914985183452,ST00526,147798,276900,VND,1,Thanh toán khi giao hàng,Đang xử lý,lepetitmarseillaisvn,Phát trực tiếp,7659999182702971668,fixed commission,,,,,147798,,,,,,,,,0,0,08/07/2026 11:21:06,09/07/2026 19:18:24,08/07/2026 11:21:08,09/07/2026 19:18:24,,,TTS,Open/Target Collaboration
584919992507335728,1732251815880067292,"Sữa Tắm Pháp Le Petit Marseillais Cho Nam Chiết Xuất Thiên Nhiên 4in1 Nhiều Mùi Hương Dưỡng Ẩm, Thơm Lâu - Phù Hợp Mọi Loại Da (250ml)","Hương Gỗ Tuyết Tùng & Dương Xỉ, Standard",1732251749141219548,ST01172,174000,283000,VND,1,Không áp dụng thanh toán khi giao hàng,Đang xử lý,man.trung.737,Video,7595064670482877717,fixed commission,,,,,174000,,,,3,5220,,,,0,0,08/07/2026 12:17:31,08/07/2026 12:17:36,08/07/2026 12:17:36,09/07/2026 09:14:50,,10/07/2026 07:04:43,TTS,Open/Target Collaboration
584920243270092133,1732250760944257244,"Sữa Tắm/Gel Tắm Pháp Le Petit Marseillais Chiết Xuất Thiên Nhiên 650ml - Sữa Tắm Lưu Hương Lành Tính - Dịu Nhẹ, An Toàn Cho Da","Quả Mơ & Hạt Phỉ, Standard",1732250801269475548,ST00809,327020,520600,VND,1,Thanh toán khi giao hàng,Đang xử lý,lepetitmarseillaisvn,Phát trực tiếp,7659645194677046036,fixed commission,,,,,327020,,,,,,,,,0,0,08/07/2026 12:31:17,09/07/2026 18:44:59,08/07/2026 12:31:19,09/07/2026 18:44:59,,10/07/2026 08:53:18,TTS,Open/Target Collaboration
584920243270092133,1732251815880067292,"Sữa Tắm Pháp Le Petit Marseillais Cho Nam Chiết Xuất Thiên Nhiên 4in1 Nhiều Mùi Hương Dưỡng Ẩm, Thơm Lâu - Phù Hợp Mọi Loại Da (250ml)","Hương Gỗ Tuyết Tùng & Dương Xỉ, Standard",1732251749141219548,ST01172,156870,279800,VND,1,Thanh toán khi giao hàng,Đang xử lý,lepthelittlekid,Video,7594749644052204818,fixed commission,,,,,156870,,,,5,7844,,,,0,0,08/07/2026 12:31:17,09/07/2026 18:44:59,08/07/2026 12:31:19,09/07/2026 18:44:59,,10/07/2026 08:53:18,TTS,Open/Target Collaboration
584920243270092133,1735803452711142620,Dầu Xả Cấp Ẩm Le Petit Marseillais Nước Dừa Hữu Cơ 200ml,Mặc định,1735803348866008284,DX74752,0,5400,VND,1,Thanh toán khi giao hàng,Đang xử lý,lepetitmarseillaisvn,Phát trực tiếp,7659645194677046036,fixed commission,,,,,0,,,,,,,,,0,0,08/07/2026 12:31:17,09/07/2026 18:44:59,08/07/2026 12:31:19,09/07/2026 18:44:59,,10/07/2026 08:53:18,TTS,Open/Target Collaboration
584920978602427933,1731317167366243548,[Quà tặng không bán] Bông Tắm Tạo Bọt Mềm Mịn,Mặc định,1731317148230255836,BONG TAM HQ,0,17750,VND,1,Thanh toán khi giao hàng,Đang xử lý,lepetitmarseillaisvn,Phát trực tiếp,7659702740562250517,fixed commission,,,,,0,,,,,,,,,0,0,08/07/2026 13:25:08,10/07/2026 09:55:20,08/07/2026 13:25:10,10/07/2026 09:55:20,,,TTS,Open/Target Collaboration
584920978602427933,1732251815880067292,"Sữa Tắm Pháp Le Petit Marseillais Cho Nam Chiết Xuất Thiên Nhiên 4in1 Nhiều Mùi Hương Dưỡng Ẩm, Thơm Lâu - Phù Hợp Mọi Loại Da (250ml)","Hương Gỗ Tuyết Tùng & Dương Xỉ, Standard",1732251749141219548,ST01172,170100,286750,VND,1,Thanh toán khi giao hàng,Đang xử lý,ngochane.2001,Video,7658942054659116296,fixed commission,,,,8,170100,13608,,,,,,,,0,0,08/07/2026 13:25:08,10/07/2026 09:55:20,08/07/2026 13:25:10,10/07/2026 09:55:20,,,TTS,Open/Target Collaboration
584922096097592648,1731317167366243548,[Quà tặng không bán] Bông Tắm Tạo Bọt Mềm Mịn,Mặc định,1731317148230255836,BONG TAM HQ,0,17750,VND,1,Thanh toán khi giao hàng,Đang xử lý,lepetitmarseillaisvn,Phát trực tiếp,7659645194677046036,fixed commission,,,,,0,,,,,,,,,0,0,08/07/2026 14:45:52,10/07/2026 20:32:13,08/07/2026 14:45:54,10/07/2026 20:32:13,,13/07/2026 08:01:50,TTS,Open/Target Collaboration
584922451837093239,1732251815880067292,"Sữa Tắm Pháp Le Petit Marseillais Cho Nam Chiết Xuất Thiên Nhiên 4in1 Nhiều Mùi Hương Dưỡng Ẩm, Thơm Lâu - Phù Hợp Mọi Loại Da (250ml)","Hương Gỗ Tuyết Tùng & Dương Xỉ, Standard",1732251749141219548,ST01172,189000,292800,VND,1,Thanh toán khi giao hàng,Đang xử lý,man.trung.737,Video,7595064670482877717,fixed commission,,,,,189000,,,,3,5670,,,,0,0,08/07/2026 15:07:34,10/07/2026 17:13:27,08/07/2026 15:07:36,10/07/2026 17:13:27,,,TTS,Open/Target Collaboration
584923342661322615,1731317167366243548,[Quà tặng không bán] Bông Tắm Tạo Bọt Mềm Mịn,Mặc định,1731317148230255836,BONG TAM HQ,0,7900,VND,1,Thanh toán khi giao hàng,Đã hủy,lepetitmarseillaisvn,Phát trực tiếp,7660073935616379669,fixed commission,,,,,0,,,,,,,,,0,0,08/07/2026 16:18:53,,08/07/2026 16:18:56,,,,TTS,Open/Target Collaboration
584923342661322615,1732251815880067292,"Sữa Tắm Pháp Le Petit Marseillais Cho Nam Chiết Xuất Thiên Nhiên 4in1 Nhiều Mùi Hương Dưỡng Ẩm, Thơm Lâu - Phù Hợp Mọi Loại Da (250ml)","Hương Cam & Tinh Dầu Argan, Standard",1732251749141022940,ST01431,189000,276900,VND,1,Thanh toán khi giao hàng,Đã hủy,lepetitmarseillaisvn,Phát trực tiếp,7660073935616379669,fixed commission,,,,,189000,,,,,,,,,0,0,08/07/2026 16:18:53,,08/07/2026 16:18:56,,,,TTS,Open/Target Collaboration
584923474877056665,1732250928810920156,"Sữa Tắm/Gel Tắm Pháp Le Petit Marseillais Thiên Nhiên 250ml - Sữa Tắm Lưu Hương Lành Tính - Dịu Nhẹ, An Toàn Cho Da","Hương Bông & Hoa Anh Túc, Standard",1732250914985117916,ST65434,189000,276900,VND,1,Thanh toán khi giao hàng,Đã hủy,lepetitmarseillaisvn,Phát trực tiếp,7660073935616379669,fixed commission,,,,,189000,,,,,,,,,0,0,08/07/2026 16:31:18,,08/07/2026 16:31:21,,,,TTS,Open/Target Collaboration
584923474877056665,1731317167366243548,[Quà tặng không bán] Bông Tắm Tạo Bọt Mềm Mịn,Mặc định,1731317148230255836,BONG TAM HQ,0,7900,VND,1,Thanh toán khi giao hàng,Đã hủy,lepetitmarseillaisvn,Phát trực tiếp,7660073935616379669,fixed commission,,,,,0,,,,,,,,,0,0,08/07/2026 16:31:18,,08/07/2026 16:31:21,,,,TTS,Open/Target Collaboration
584923590158419016,1734496604995683548,Xà Phòng Le Petit Marseillais Chính Hãng Bánh Xà Phòng Tắm Thiên Nhiên (Ngẫu nhiên)  1 Bánh,Mặc định,1734496577198523612,1 BÁNH-XP,0,2371,VND,1,Thanh toán khi giao hàng,Đang xử lý,lepetitmarseillaisvn,Phát trực tiếp,7659645194677046036,fixed commission,,,,,0,,,,,,,,,0,0,08/07/2026 16:36:56,10/07/2026 13:38:52,08/07/2026 16:36:58,10/07/2026 13:38:52,,,TTS,Open/Target Collaboration
584923590158419016,1736012338574165212,Combo 2 Sữa Tắm Nữ Pháp Le Petit Marseillais 250ml - Thiên Nhiên Dịu Nhẹ,"Quả Mâm Xôi Hữu Cơ & Hoa Mẫu Đơn, Bông Và Hoa Anh Túc",1736012795077035228,ST48441+ST65434,321300,552229,VND,1,Thanh toán khi giao hàng,Đang xử lý,lepetitmarseillaisvn,Phát trực tiếp,7660073935616379669,fixed commission,,,,,321300,,,,,,,,,0,0,08/07/2026 16:36:56,10/07/2026 13:38:52,08/07/2026 16:36:58,10/07/2026 13:38:52,,,TTS,Open/Target Collaboration
584923678973199457,1735910664928920796,Combo 2 Sữa Tắm Nam Le Petit Marseillais 4in1 Cho Tóc Mặt Râu Toàn Thân 250ml,"Thông Biển & Bạch Đàn, Gỗ Tuyết Tùng Và Dương Xỉ",1735912571878606044,ST01356 + ST01172,302400,553800,VND,1,Thanh toán khi giao hàng,Đang xử lý,lepetitmarseillaisvn,Phát trực tiếp,7660073935616379669,fixed commission,,,,,302400,,,,,,,,,0,0,08/07/2026 16:47:32,10/07/2026 22:15:39,08/07/2026 16:47:33,10/07/2026 22:15:39,,,TTS,Open/Target Collaboration
584923920566224135,1732250928810920156,"Sữa Tắm/Gel Tắm Pháp Le Petit Marseillais Thiên Nhiên 250ml - Sữa Tắm Lưu Hương Lành Tính - Dịu Nhẹ, An Toàn Cho Da","Đào Trắng & Quả Xuân Đào, Standard",1732250914985380060,ST01240,189000,286550,VND,1,Không áp dụng thanh toán khi giao hàng,Đã hủy,anhlorenhehehe,Video,7493531443268717842,fixed commission,,,,8,189000,15120,,,,,,,,0,0,08/07/2026 17:05:43,08/07/2026 17:05:47,08/07/2026 17:05:48,,,,TTS,Open/Target Collaboration
584926029008504193,1732251815880067292,"Sữa Tắm Pháp Le Petit Marseillais Cho Nam Chiết Xuất Thiên Nhiên 4in1 Nhiều Mùi Hương Dưỡng Ẩm, Thơm Lâu - Phù Hợp Mọi Loại Da (250ml)","Hương Gỗ Tuyết Tùng & Dương Xỉ, Standard",1732251749141219548,ST01172,166320,276900,VND,1,Thanh toán khi giao hàng,Đang xử lý,iflytek02,Chương trình Lưu lượng truy cập bên ngoài,,fixed commission,,,,4,166320,6653,,,,,,,,0,0,08/07/2026 19:30:36,10/07/2026 11:17:43,08/07/2026 19:30:38,10/07/2026 11:17:43,,,TTS,Open/Target Collaboration
584926293549483993,1732250760944257244,"Sữa Tắm/Gel Tắm Pháp Le Petit Marseillais Chiết Xuất Thiên Nhiên 650ml - Sữa Tắm Lưu Hương Lành Tính - Dịu Nhẹ, An Toàn Cho Da","Thông & Bạch Đàn Biển, Standard",1732250801268689116,ST01902,308680,530520,VND,1,Thanh toán khi giao hàng,Đang xử lý,lepetitmarseillaisvn,Phát trực tiếp,7660134048182176530,fixed commission,,,,,308680,,,,,,,,,0,0,08/07/2026 19:47:08,10/07/2026 09:28:00,08/07/2026 19:47:09,10/07/2026 09:28:00,,,TTS,Open/Target Collaboration
584926293549483993,1735803452711142620,Dầu Xả Cấp Ẩm Le Petit Marseillais Nước Dừa Hữu Cơ 200ml,Mặc định,1735803348866008284,DX74752,0,7880,VND,1,Thanh toán khi giao hàng,Đang xử lý,cliafi,Chương trình Lưu lượng truy cập bên ngoài,,fixed commission,,,,,0,,,,,,,,,0,0,08/07/2026 19:47:08,10/07/2026 09:28:00,08/07/2026 19:47:09,10/07/2026 09:28:00,,,TTS,Open/Target Collaboration
584926390862841669,1735803452711142620,Dầu Xả Cấp Ẩm Le Petit Marseillais Nước Dừa Hữu Cơ 200ml,Mặc định,1735803348866008284,DX74752,0,9720,VND,1,Thanh toán khi giao hàng,Đang xử lý,lepetitmarseillaisvn,Phát trực tiếp,7660134048182176530,fixed commission,,,,,0,,,,,,,,,0,0,08/07/2026 19:50:24,10/07/2026 19:55:50,08/07/2026 19:50:26,10/07/2026 19:55:50,,,TTS,Open/Target Collaboration
584926390862841669,1732250760944257244,"Sữa Tắm/Gel Tắm Pháp Le Petit Marseillais Chiết Xuất Thiên Nhiên 650ml - Sữa Tắm Lưu Hương Lành Tính - Dịu Nhẹ, An Toàn Cho Da","Hoa Tiare, Standard",1732250801268885724,ST68816,389000,537880,VND,1,Thanh toán khi giao hàng,Đang xử lý,lepetitmarseillaisvn,Phát trực tiếp,7660134048182176530,fixed commission,,,,,389000,,,,,,,,,0,0,08/07/2026 19:50:24,10/07/2026 19:55:50,08/07/2026 19:50:26,10/07/2026 19:55:50,,,TTS,Open/Target Collaboration
584926418474928089,1736140649009153244,"[KOL] Sữa Tắm Nam Le Petit Marseillais 4in1 250ml - Thơm Lâu, Dưỡng Ẩm","Hương Gỗ Tuyết Tùng & Dương Xỉ, Standard",1736140703119410396,ST01172,189000,286550,VND,1,Thanh toán khi giao hàng,Đang xử lý,lepetitmarseillaisvn,Phát trực tiếp,7660134048182176530,fixed commission,,,,,189000,,,,,,,,,0,0,08/07/2026 19:56:50,10/07/2026 09:28:00,08/07/2026 19:56:51,10/07/2026 09:28:00,,,TTS,Open/Target Collaboration
584926744788043075,1736140699123549404,[KOL] Sữa Tắm Pháp Le Petit Marseillais Thiên Nhiên 250ml,"Quả Mâm Xôi & Hoa Mẫu Đơn, Standard",1736140698773325020,ST48441,151200,286550,VND,1,Thanh toán khi giao hàng,Đang xử lý,lepetitmarseillaisvn,Phát trực tiếp,7660134048182176530,fixed commission,,,,,151200,,,,,,,,,0,0,08/07/2026 20:13:06,10/07/2026 10:20:01,08/07/2026 20:13:08,10/07/2026 10:20:01,,,TTS,Open/Target Collaboration
584926744788043075,1731317167366243548,[Quà tặng không bán] Bông Tắm Tạo Bọt Mềm Mịn,Mặc định,1731317148230255836,BONG TAM HQ,0,17550,VND,1,Thanh toán khi giao hàng,Đang xử lý,lepetitmarseillaisvn,Phát trực tiếp,7660134048182176530,fixed commission,,,,,0,,,,,,,,,0,0,08/07/2026 20:13:06,10/07/2026 10:20:01,08/07/2026 20:13:08,10/07/2026 10:20:01,,,TTS,Open/Target Collaboration
584927116631508223,1732251815880067292,"Sữa Tắm Pháp Le Petit Marseillais Cho Nam Chiết Xuất Thiên Nhiên 4in1 Nhiều Mùi Hương Dưỡng Ẩm, Thơm Lâu - Phù Hợp Mọi Loại Da (250ml)","Hương Gỗ Tuyết Tùng & Dương Xỉ, Standard",1732251749141219548,ST01172,189000,286550,VND,1,Thanh toán khi giao hàng,Đang xử lý,man.trung.737,Video,7595064670482877717,fixed commission,,,,8,189000,15120,,,,,,,,0,0,08/07/2026 20:33:00,10/07/2026 22:31:22,08/07/2026 20:33:02,10/07/2026 22:31:22,,,TTS,Open/Target Collaboration
584927199650546772,1732250760944257244,"Sữa Tắm/Gel Tắm Pháp Le Petit Marseillais Chiết Xuất Thiên Nhiên 650ml - Sữa Tắm Lưu Hương Lành Tính - Dịu Nhẹ, An Toàn Cho Da","Hương Chanh & Bưởi Hồng, Standard",1732250801268820188,ST01868,389000,511320,VND,1,Không áp dụng thanh toán khi giao hàng,Đã hủy,lepetitmarseillaisvn,Phát trực tiếp,7660134048182176530,fixed commission,,,,,389000,,,,,,,,,0,0,08/07/2026 20:38:15,08/07/2026 20:38:20,08/07/2026 20:38:21,,,,TTS,Open/Target Collaboration
584927199650546772,1735803452711142620,Dầu Xả Cấp Ẩm Le Petit Marseillais Nước Dừa Hữu Cơ 200ml,Mặc định,1735803348866008284,DX74752,0,3080,VND,1,Không áp dụng thanh toán khi giao hàng,Đã hủy,lepetitmarseillaisvn,Phát trực tiếp,7660134048182176530,fixed commission,,,,,0,,,,,,,,,0,0,08/07/2026 20:38:15,08/07/2026 20:38:20,08/07/2026 20:38:21,,,,TTS,Open/Target Collaboration
584927249082582100,1735910664928920796,Combo 2 Sữa Tắm Nam Le Petit Marseillais 4in1 Cho Tóc Mặt Râu Toàn Thân 250ml,"Gừng Và Gỗ Bách Tươi , Gỗ Tuyết Tùng Và Dương Xỉ",1735912571878933724,ST04371 + ST01172,378000,552200,VND,1,Không áp dụng thanh toán khi giao hàng,Đang xử lý,lepetitmarseillaisvn,Phát trực tiếp,7660134048182176530,fixed commission,,,,,378000,,,,,,,,,0,0,08/07/2026 20:41:20,08/07/2026 20:41:26,08/07/2026 20:41:26,10/07/2026 11:36:14,,,TTS,Open/Target Collaboration
584927354602095726,1732250760944257244,"Sữa Tắm/Gel Tắm Pháp Le Petit Marseillais Chiết Xuất Thiên Nhiên 650ml - Sữa Tắm Lưu Hương Lành Tính - Dịu Nhẹ, An Toàn Cho Da","Dừa, Standard",1732250801269147868,ST06999,389000,530520,VND,1,Thanh toán khi giao hàng,Đang xử lý,lepetitmarseillaisvn,Phát trực tiếp,7660134048182176530,fixed commission,,,,,389000,,,,,,,,,0,0,08/07/2026 20:49:26,11/07/2026 12:15:42,08/07/2026 20:49:28,11/07/2026 12:15:42,,,TTS,Open/Target Collaboration
584927354602095726,1735803452711142620,Dầu Xả Cấp Ẩm Le Petit Marseillais Nước Dừa Hữu Cơ 200ml,Mặc định,1735803348866008284,DX74752,0,7880,VND,1,Thanh toán khi giao hàng,Đang xử lý,lepetitmarseillaisvn,Phát trực tiếp,7660134048182176530,fixed commission,,,,,0,,,,,,,,,0,0,08/07/2026 20:49:26,11/07/2026 12:15:42,08/07/2026 20:49:28,11/07/2026 12:15:42,,,TTS,Open/Target Collaboration
584927508082427844,1735910664928920796,Combo 2 Sữa Tắm Nam Le Petit Marseillais 4in1 Cho Tóc Mặt Râu Toàn Thân 250ml,"Thông Biển & Bạch Đàn, Gỗ Tuyết Tùng Và Dương Xỉ",1735912571878606044,ST01356 + ST01172,317520,573100,VND,1,Thanh toán khi giao hàng,Đang xử lý,lepetitmarseillaisvn,Phát trực tiếp,7660134048182176530,fixed commission,,,,,317520,,,,,,,,,0,0,08/07/2026 20:57:32,10/07/2026 15:45:54,08/07/2026 20:57:34,10/07/2026 15:45:54,,,TTS,Open/Target Collaboration
584927781514347754,1732251815880067292,"Sữa Tắm Pháp Le Petit Marseillais Cho Nam Chiết Xuất Thiên Nhiên 4in1 Nhiều Mùi Hương Dưỡng Ẩm, Thơm Lâu - Phù Hợp Mọi Loại Da (250ml)","Hương Gỗ Tuyết Tùng & Dương Xỉ, Standard",1732251749141219548,ST01172,189000,276900,VND,1,Thanh toán khi giao hàng,Đã hủy,duongmanhkien19,Video,7578474458705382676,fixed commission,0,0,0,,189000,,,,3,5670,,,,0,0,08/07/2026 21:12:37,,08/07/2026 21:12:39,,,,TTS,Open/Target Collaboration
584927788830524650,1732251815880067292,"Sữa Tắm Pháp Le Petit Marseillais Cho Nam Chiết Xuất Thiên Nhiên 4in1 Nhiều Mùi Hương Dưỡng Ẩm, Thơm Lâu - Phù Hợp Mọi Loại Da (250ml)","Hương Thông & Bạch Đàn Biển, Standard",1732251749141154012,ST01356,189000,276900,VND,1,Thanh toán khi giao hàng,Đang xử lý,duongmanhkien19,Video,7578474458705382676,fixed commission,,,,,189000,,,,3,5670,,,,0,0,08/07/2026 21:15:52,10/07/2026 11:30:51,08/07/2026 21:15:54,10/07/2026 11:30:51,,,TTS,Open/Target Collaboration
584927967960335576,1736140649009153244,"[KOL] Sữa Tắm Nam Le Petit Marseillais 4in1 250ml - Thơm Lâu, Dưỡng Ẩm","Hương Thông & Bạch Đàn Biển, Standard",1736140703119344860,ST01356,189000,276900,VND,1,Thanh toán khi giao hàng,Đang xử lý,lepetitmarseillaisvn,Phát trực tiếp,7660134048182176530,fixed commission,,,,,189000,,,,,,,,,0,0,08/07/2026 21:24:15,10/07/2026 13:30:20,08/07/2026 21:24:17,10/07/2026 13:30:20,,,TTS,Open/Target Collaboration
584927967960335576,1731317167366243548,[Quà tặng không bán] Bông Tắm Tạo Bọt Mềm Mịn,Mặc định,1731317148230255836,BONG TAM HQ,0,7900,VND,1,Thanh toán khi giao hàng,Đang xử lý,lepetitmarseillaisvn,Phát trực tiếp,7660134048182176530,fixed commission,,,,,0,,,,,,,,,0,0,08/07/2026 21:24:15,10/07/2026 13:30:20,08/07/2026 21:24:17,10/07/2026 13:30:20,,,TTS,Open/Target Collaboration
584928033523271273,1731317167366243548,[Quà tặng không bán] Bông Tắm Tạo Bọt Mềm Mịn,Mặc định,1731317148230255836,BONG TAM HQ,0,7900,VND,1,Không áp dụng thanh toán khi giao hàng,Đang xử lý,lepetitmarseillaisvn,Phát trực tiếp,7660134048182176530,fixed commission,,,,,0,,,,,,,,,0,0,08/07/2026 21:26:10,08/07/2026 21:26:14,08/07/2026 21:26:15,10/07/2026 09:07:13,,,TTS,Open/Target Collaboration
584928033523271273,1732251815880067292,"Sữa Tắm Pháp Le Petit Marseillais Cho Nam Chiết Xuất Thiên Nhiên 4in1 Nhiều Mùi Hương Dưỡng Ẩm, Thơm Lâu - Phù Hợp Mọi Loại Da (250ml)","Hương Gỗ Tuyết Tùng & Dương Xỉ, Standard",1732251749141219548,ST01172,189000,276900,VND,1,Không áp dụng thanh toán khi giao hàng,Đang xử lý,lepetitmarseillaisvn,Phát trực tiếp,7660134048182176530,fixed commission,,,,,189000,,,,,,,,,0,0,08/07/2026 21:26:10,08/07/2026 21:26:14,08/07/2026 21:26:15,10/07/2026 09:07:13,,,TTS,Open/Target Collaboration
584928392017250264,1732251815880067292,"Sữa Tắm Pháp Le Petit Marseillais Cho Nam Chiết Xuất Thiên Nhiên 4in1 Nhiều Mùi Hương Dưỡng Ẩm, Thơm Lâu - Phù Hợp Mọi Loại Da (250ml)","Hương Gỗ Tuyết Tùng & Dương Xỉ, Standard",1732251749141219548,ST01172,189000,276900,VND,1,Thanh toán khi giao hàng,Đang xử lý,man.trung.737,Video,7595064670482877717,fixed commission,,,,,189000,,,,3,5670,,,,0,0,08/07/2026 21:53:12,10/07/2026 10:42:31,08/07/2026 21:53:13,10/07/2026 10:42:31,,13/07/2026 07:18:41,TTS,Open/Target Collaboration
584928422172788694,1732251815880067292,"Sữa Tắm Pháp Le Petit Marseillais Cho Nam Chiết Xuất Thiên Nhiên 4in1 Nhiều Mùi Hương Dưỡng Ẩm, Thơm Lâu - Phù Hợp Mọi Loại Da (250ml)","Hương Gỗ Tuyết Tùng & Dương Xỉ, Standard",1732251749141219548,ST01172,189000,283300,VND,1,Không áp dụng thanh toán khi giao hàng,Đang xử lý,duongmanhkien19,Video,7578474458705382676,fixed commission,,,,,189000,,,,3,5670,,,,0,0,08/07/2026 21:54:20,08/07/2026 21:54:23,08/07/2026 21:54:24,11/07/2026 16:34:36,,,TTS,Open/Target Collaboration
584928695240787859,1732251815880067292,"Sữa Tắm Pháp Le Petit Marseillais Cho Nam Chiết Xuất Thiên Nhiên 4in1 Nhiều Mùi Hương Dưỡng Ẩm, Thơm Lâu - Phù Hợp Mọi Loại Da (250ml)","Hương Cam & Tinh Dầu Argan, Standard",1732251749141022940,ST01431,189000,275000,VND,1,Không áp dụng thanh toán khi giao hàng,Đang xử lý,man.trung.737,Video,7595064670482877717,fixed commission,,,,,189000,,,,3,5670,,,,0,0,08/07/2026 22:09:08,08/07/2026 22:09:13,08/07/2026 22:09:13,10/07/2026 11:39:04,,,TTS,Open/Target Collaboration
584928695240787859,1732251815880067292,"Sữa Tắm Pháp Le Petit Marseillais Cho Nam Chiết Xuất Thiên Nhiên 4in1 Nhiều Mùi Hương Dưỡng Ẩm, Thơm Lâu - Phù Hợp Mọi Loại Da (250ml)","Hương Thông & Bạch Đàn Biển, Standard",1732251749141154012,ST01356,189000,275000,VND,1,Không áp dụng thanh toán khi giao hàng,Đang xử lý,man.trung.737,Video,7595064670482877717,fixed commission,,,,,189000,,,,3,5670,,,,0,0,08/07/2026 22:09:08,08/07/2026 22:09:13,08/07/2026 22:09:13,10/07/2026 11:39:04,,,TTS,Open/Target Collaboration
584928695240787859,1732251815880067292,"Sữa Tắm Pháp Le Petit Marseillais Cho Nam Chiết Xuất Thiên Nhiên 4in1 Nhiều Mùi Hương Dưỡng Ẩm, Thơm Lâu - Phù Hợp Mọi Loại Da (250ml)","Hương Gỗ Tuyết Tùng & Dương Xỉ, Standard",1732251749141219548,ST01172,189000,275000,VND,1,Không áp dụng thanh toán khi giao hàng,Đang xử lý,man.trung.737,Video,7595064670482877717,fixed commission,,,,,189000,,,,3,5670,,,,0,0,08/07/2026 22:09:08,08/07/2026 22:09:13,08/07/2026 22:09:13,10/07/2026 11:39:04,,,TTS,Open/Target Collaboration
584928695240787859,1733398584855921884,Sữa Tắm Nam 4 in 1 Thiên Nhiên Le Petit Marseillais Chiết Xuất Gừng & Gỗ Bách Hương 250ml 4371,Mặc định,1733398526731846876,ST04371,0,4800,VND,1,Không áp dụng thanh toán khi giao hàng,Đang xử lý,adpia.official,Chương trình Lưu lượng truy cập bên ngoài,,fixed commission,,,,,0,,,,,,,,,0,0,08/07/2026 22:09:08,08/07/2026 22:09:13,08/07/2026 22:09:13,10/07/2026 11:39:04,,,TTS,Open/Target Collaboration
584928929691109257,1732251815880067292,"Sữa Tắm Pháp Le Petit Marseillais Cho Nam Chiết Xuất Thiên Nhiên 4in1 Nhiều Mùi Hương Dưỡng Ẩm, Thơm Lâu - Phù Hợp Mọi Loại Da (250ml)","Hương Cam & Tinh Dầu Argan, Standard",1732251749141022940,ST01431,189000,276900,VND,1,Không áp dụng thanh toán khi giao hàng,Đang xử lý,man.trung.737,Video,7595064670482877717,fixed commission,,,,,189000,,,,3,5670,,,,0,0,08/07/2026 22:27:34,08/07/2026 22:27:38,08/07/2026 22:27:38,10/07/2026 11:25:36,,,TTS,Open/Target Collaboration
584929553620108779,1732251815880067292,"Sữa Tắm Pháp Le Petit Marseillais Cho Nam Chiết Xuất Thiên Nhiên 4in1 Nhiều Mùi Hương Dưỡng Ẩm, Thơm Lâu - Phù Hợp Mọi Loại Da (250ml)","Hương Gỗ Tuyết Tùng & Dương Xỉ, Standard",1732251749141219548,ST01172,189000,276900,VND,1,Thanh toán khi giao hàng,Đang xử lý,man.trung.737,Video,7595064670482877717,fixed commission,,,,,189000,,,,3,5670,,,,0,0,08/07/2026 23:13:01,10/07/2026 20:59:02,08/07/2026 23:13:02,10/07/2026 20:59:02,,,TTS,Open/Target Collaboration
584933579461133973,1732250760944257244,"Sữa Tắm/Gel Tắm Pháp Le Petit Marseillais Chiết Xuất Thiên Nhiên 650ml - Sữa Tắm Lưu Hương Lành Tính - Dịu Nhẹ, An Toàn Cho Da","Hạnh Nhân, Standard",1732250801269213404,ST53594,394000,535933,VND,1,Thanh toán khi giao hàng,Đang xử lý,thaocanview,Video,7639362324603686164,fixed commission,,,,,394000,,,,3,11820,,,,0,0,09/07/2026 09:06:42,11/07/2026 12:51:08,09/07/2026 09:06:43,11/07/2026 12:51:08,,,TTS,Open/Target Collaboration
584934659270542688,1736012338574165212,Combo 2 Sữa Tắm Nữ Pháp Le Petit Marseillais 250ml - Thiên Nhiên Dịu Nhẹ,"Xoài Hữu Cơ & Chanh Dây, Quả Mâm Xôi Hữu Cơ & Hoa Mẫu Đơn",1736013429863646428,ST99622+ST48441,378000,568086,VND,1,Thanh toán khi giao hàng,Đang xử lý,ahau.phuongthao,Video,7658528077223300360,fixed commission,,,,,378000,,,,2,7560,,,,0,0,09/07/2026 10:21:49,10/07/2026 11:44:13,09/07/2026 10:21:51,10/07/2026 11:44:13,,13/07/2026 07:42:47,TTS,Open/Target Collaboration
584935017379824672,1734496604995683548,Xà Phòng Le Petit Marseillais Chính Hãng Bánh Xà Phòng Tắm Thiên Nhiên (Ngẫu nhiên)  1 Bánh,Mặc định,1734496577198523612,1 BÁNH-XP,0,2257,VND,1,Thanh toán khi giao hàng,Đã hủy,lepetitmarseillaisvn,Phát trực tiếp,7660073935616379669,fixed commission,,,,,0,,,,,,,,,0,0,09/07/2026 10:47:21,,09/07/2026 10:47:23,,,,TTS,Open/Target Collaboration
584935017379824672,1736012338574165212,Combo 2 Sữa Tắm Nữ Pháp Le Petit Marseillais 250ml - Thiên Nhiên Dịu Nhẹ,"Hoa Cam, Hoa Cam",1736012795076052188,ST00823+ST00823,317520,551543,VND,1,Thanh toán khi giao hàng,Đã hủy,lepetitmarseillaisvn,Phát trực tiếp,7659999182702971668,fixed commission,,,,,317520,,,,,,,,,0,0,09/07/2026 10:47:21,,09/07/2026 10:47:23,,,,TTS,Open/Target Collaboration
584935296854426656,1731317167366243548,[Quà tặng không bán] Bông Tắm Tạo Bọt Mềm Mịn,Mặc định,1731317148230255836,BONG TAM HQ,0,5700,VND,1,Thanh toán khi giao hàng,Đang xử lý,lepetitmarseillaisvn,Phát trực tiếp,7660073935616379669,fixed commission,,,,,0,,,,,,,,,0,0,09/07/2026 11:06:33,10/07/2026 20:27:21,09/07/2026 11:06:35,10/07/2026 20:27:21,,,TTS,Open/Target Collaboration
584935296854426656,1732250760944257244,"Sữa Tắm/Gel Tắm Pháp Le Petit Marseillais Chiết Xuất Thiên Nhiên 650ml - Sữa Tắm Lưu Hương Lành Tính - Dịu Nhẹ, An Toàn Cho Da","Thông & Bạch Đàn Biển, Standard",1732250801268689116,ST01902,318980,510400,VND,1,Thanh toán khi giao hàng,Đang xử lý,lepetitmarseillaisvn,Phát trực tiếp,7660073935616379669,fixed commission,,,,,318980,,,,,,,,,0,0,09/07/2026 11:06:33,10/07/2026 20:27:21,09/07/2026 11:06:35,10/07/2026 20:27:21,,,TTS,Open/Target Collaboration
584935376945579294,1731317167366243548,[Quà tặng không bán] Bông Tắm Tạo Bọt Mềm Mịn,Mặc định,1731317148230255836,BONG TAM HQ,0,4632,VND,1,Không áp dụng thanh toán khi giao hàng,Đang xử lý,lepetitmarseillaisvn,Phát trực tiếp,7660368804404611860,fixed commission,,,,,0,,,,,,,,,0,0,09/07/2026 11:11:36,09/07/2026 11:11:42,09/07/2026 11:11:43,10/07/2026 09:46:35,,,TTS,Open/Target Collaboration
584935376945579294,1732250760944257244,"Sữa Tắm/Gel Tắm Pháp Le Petit Marseillais Chiết Xuất Thiên Nhiên 650ml - Sữa Tắm Lưu Hương Lành Tính - Dịu Nhẹ, An Toàn Cho Da","Đào Trắng & Quả Xuân Đào, Standard",1732250801269016796,ST01288,334900,508263,VND,1,Không áp dụng thanh toán khi giao hàng,Đang xử lý,lepetitmarseillaisvn,Phát trực tiếp,7660368804404611860,fixed commission,,,,,334900,,,,,,,,,0,0,09/07/2026 11:11:36,09/07/2026 11:11:42,09/07/2026 11:11:43,10/07/2026 09:46:35,,,TTS,Open/Target Collaboration
584935376945579294,1733205919089657052,Dầu Gội Trẻ Em 2in1 94% Thiên Nhiên Le Petit Marseillais Giúp Gỡ Rối Tóc Nhiều Mùi Hương 300ml,Quả đào & mơ 0435,1733205957881660636,DG90435,277100,372705,VND,1,Không áp dụng thanh toán khi giao hàng,Đang xử lý,lepetitmarseillaisvn,Phát trực tiếp,7660368804404611860,fixed commission,,,,,277100,,,,,,,,,0,0,09/07/2026 11:11:36,09/07/2026 11:11:42,09/07/2026 11:11:43,10/07/2026 09:46:35,,,TTS,Open/Target Collaboration
584936755636110763,1732251815880067292,"Sữa Tắm Pháp Le Petit Marseillais Cho Nam Chiết Xuất Thiên Nhiên 4in1 Nhiều Mùi Hương Dưỡng Ẩm, Thơm Lâu - Phù Hợp Mọi Loại Da (250ml)","Hương Gừng & Gỗ Bách, Standard",1732251749141285084,ST04371,166320,276900,VND,1,Không áp dụng thanh toán khi giao hàng,Đang xử lý,lepetitmarseillaisvn,Phát trực tiếp,7660134048182176530,fixed commission,,,,,166320,,,,,,,,,0,0,09/07/2026 12:41:05,09/07/2026 12:41:12,09/07/2026 12:41:12,10/07/2026 08:58:54,,,TTS,Open/Target Collaboration
584936755636110763,1731317167366243548,[Quà tặng không bán] Bông Tắm Tạo Bọt Mềm Mịn,Mặc định,1731317148230255836,BONG TAM HQ,0,7900,VND,1,Không áp dụng thanh toán khi giao hàng,Đang xử lý,lepetitmarseillaisvn,Phát trực tiếp,7660134048182176530,fixed commission,,,,,0,,,,,,,,,0,0,09/07/2026 12:41:05,09/07/2026 12:41:12,09/07/2026 12:41:12,10/07/2026 08:58:54,,,TTS,Open/Target Collaboration
584938127164998829,1732251815880067292,"Sữa Tắm Pháp Le Petit Marseillais Cho Nam Chiết Xuất Thiên Nhiên 4in1 Nhiều Mùi Hương Dưỡng Ẩm, Thơm Lâu - Phù Hợp Mọi Loại Da (250ml)","Hương Gỗ Tuyết Tùng & Dương Xỉ, Standard",1732251749141219548,ST01172,189000,292800,VND,1,Thanh toán khi giao hàng,Đang xử lý,nhaconoc05,Chương trình Lưu lượng truy cập bên ngoài,,fixed commission,,,,4,189000,7560,,,,,,,,0,0,09/07/2026 14:20:22,10/07/2026 14:57:37,09/07/2026 14:20:23,10/07/2026 14:57:37,,,TTS,Open/Target Collaboration
584938387535726092,1732251815880067292,"Sữa Tắm Pháp Le Petit Marseillais Cho Nam Chiết Xuất Thiên Nhiên 4in1 Nhiều Mùi Hương Dưỡng Ẩm, Thơm Lâu - Phù Hợp Mọi Loại Da (250ml)","Hương Cam & Tinh Dầu Argan, Standard",1732251749141022940,ST01431,189000,276900,VND,1,Thanh toán khi giao hàng,Đang xử lý,man.trung.737,Video,7595064670482877717,fixed commission,,,,8,189000,15120,,,,,,,,0,0,09/07/2026 14:40:38,10/07/2026 10:49:26,09/07/2026 14:40:39,10/07/2026 10:49:26,,13/07/2026 08:27:27,TTS,Open/Target Collaboration
584939543846553587,1732252961260865756,"Dầu Gội Thiên Nhiên Le Petit Marseillais Nhiều Mùi Hương 250ml Dưỡng Ẩm, Thơm Lâu - Phù Hợp Mọi Loại Da",Phục Hồi Chuyên Sâu Dầu Jojoba,1732252943759083740,DG60650,257000,343000,VND,1,Thanh toán khi giao hàng,Đã hủy,lepetitmarseillaisvn,Phát trực tiếp,7660445194141305621,fixed commission,,,,,257000,,,,,,,,,0,0,09/07/2026 16:05:06,,09/07/2026 16:05:09,,,,TTS,Open/Target Collaboration
584939545592760307,1732252961260865756,"Dầu Gội Thiên Nhiên Le Petit Marseillais Nhiều Mùi Hương 250ml Dưỡng Ẩm, Thơm Lâu - Phù Hợp Mọi Loại Da",Phục Hồi Chuyên Sâu Dầu Jojoba,1732252943759083740,DG60650,226950,343000,VND,1,Thanh toán khi giao hàng,Đang xử lý,lepetitmarseillaisvn,Phát trực tiếp,7660445194141305621,fixed commission,,,,,226950,,,,,,,,,0,0,09/07/2026 16:06:15,11/07/2026 09:37:21,09/07/2026 16:06:16,11/07/2026 09:37:21,,,TTS,Open/Target Collaboration
584939931307706105,1731317167366243548,[Quà tặng không bán] Bông Tắm Tạo Bọt Mềm Mịn,Mặc định,1731317148230255836,BONG TAM HQ,0,5700,VND,1,Thanh toán khi giao hàng,Đã hủy,lepetitmarseillaisvn,Phát trực tiếp,7660445194141305621,fixed commission,,,,,0,,,,,,,,,0,0,09/07/2026 16:35:00,,09/07/2026 16:35:02,,,,TTS,Open/Target Collaboration
584939931307706105,1732250760944257244,"Sữa Tắm/Gel Tắm Pháp Le Petit Marseillais Chiết Xuất Thiên Nhiên 650ml - Sữa Tắm Lưu Hương Lành Tính - Dịu Nhẹ, An Toàn Cho Da","Hương Chanh & Bưởi Hồng, Standard",1732250801268820188,ST01868,322870,510400,VND,1,Thanh toán khi giao hàng,Đã hủy,lepetitmarseillaisvn,Phát trực tiếp,7660445194141305621,fixed commission,,,,,322870,,,,,,,,,0,0,09/07/2026 16:35:00,,09/07/2026 16:35:02,,,,TTS,Open/Target Collaboration
584940782395098691,1732250928810920156,"Sữa Tắm/Gel Tắm Pháp Le Petit Marseillais Thiên Nhiên 250ml - Sữa Tắm Lưu Hương Lành Tính - Dịu Nhẹ, An Toàn Cho Da","Đào Trắng & Quả Xuân Đào, Standard",1732250914985380060,ST01240,160650,276900,VND,1,Không áp dụng thanh toán khi giao hàng,Đang xử lý,vvannnguyen,Trưng bày,,fixed commission,,,,8,160650,12852,,,,,,,,0,0,09/07/2026 17:43:08,09/07/2026 17:43:11,09/07/2026 17:43:12,11/07/2026 11:18:44,,,TTS,Open/Target Collaboration
584940855002236227,1732251815880067292,"Sữa Tắm Pháp Le Petit Marseillais Cho Nam Chiết Xuất Thiên Nhiên 4in1 Nhiều Mùi Hương Dưỡng Ẩm, Thơm Lâu - Phù Hợp Mọi Loại Da (250ml)","Hương Gỗ Tuyết Tùng & Dương Xỉ, Standard",1732251749141219548,ST01172,189000,276900,VND,1,Thanh toán khi giao hàng,Đang xử lý,lepthelittlekid,Video,7594749644052204818,fixed commission,0,0,0,,189000,,,,5,9450,,,,0,0,09/07/2026 17:48:34,,09/07/2026 17:48:35,,,,TTS,Open/Target Collaboration
584942118165775639,1731317167366243548,[Quà tặng không bán] Bông Tắm Tạo Bọt Mềm Mịn,Mặc định,1731317148230255836,BONG TAM HQ,0,20700,VND,1,Thanh toán khi giao hàng,Đang xử lý,lepetitmarseillaisvn,Phát trực tiếp,7660368804404611860,fixed commission,,,,,0,,,,,,,,,0,0,09/07/2026 19:15:32,11/07/2026 14:12:52,09/07/2026 19:15:33,11/07/2026 14:12:52,,,TTS,Open/Target Collaboration
584942118165775639,1732251815880067292,"Sữa Tắm Pháp Le Petit Marseillais Cho Nam Chiết Xuất Thiên Nhiên 4in1 Nhiều Mùi Hương Dưỡng Ẩm, Thơm Lâu - Phù Hợp Mọi Loại Da (250ml)","Hương Thông & Bạch Đàn Biển, Standard",1732251749141154012,ST01356,160650,289700,VND,1,Thanh toán khi giao hàng,Đang xử lý,dinhthai_daily,Video,7621979267194195208,fixed commission,,,,8,160650,12852,,,,,,,,0,0,09/07/2026 19:15:32,11/07/2026 14:12:52,09/07/2026 19:15:33,11/07/2026 14:12:52,,,TTS,Open/Target Collaboration
584942500078192531,1732251815880067292,"Sữa Tắm Pháp Le Petit Marseillais Cho Nam Chiết Xuất Thiên Nhiên 4in1 Nhiều Mùi Hương Dưỡng Ẩm, Thơm Lâu - Phù Hợp Mọi Loại Da (250ml)","Hương Gỗ Tuyết Tùng & Dương Xỉ, Standard",1732251749141219548,ST01172,159000,279450,VND,1,Thanh toán khi giao hàng,Đang xử lý,duongmanhkien19,Video,7589190858113649928,fixed commission,,,,,159000,,,,3,4770,,,,0,0,09/07/2026 19:35:51,11/07/2026 13:01:21,09/07/2026 19:35:52,11/07/2026 13:01:21,,,TTS,Open/Target Collaboration
584942645008631261,1732252961260865756,"Dầu Gội Thiên Nhiên Le Petit Marseillais Nhiều Mùi Hương 250ml Dưỡng Ẩm, Thơm Lâu - Phù Hợp Mọi Loại Da",Trị Gàu 2 In 1 Tinh Dầu Bạc Hà,1732252943759018204,DG74042,196512,343000,VND,1,Thanh toán khi giao hàng,Đang xử lý,lepetitmarseillaisvn,Phát trực tiếp,7660505795647179527,fixed commission,,,,,196512,,,,,,,,,0,0,09/07/2026 19:48:25,11/07/2026 12:53:14,09/07/2026 19:48:27,11/07/2026 12:53:14,,,TTS,Open/Target Collaboration
584942877305898341,1732252961260865756,"Dầu Gội Thiên Nhiên Le Petit Marseillais Nhiều Mùi Hương 250ml Dưỡng Ẩm, Thơm Lâu - Phù Hợp Mọi Loại Da",Cấp Ẩm Chuyên Sâu Từ Nước Dừa,1732252943758952668,DG37429,267000,355200,VND,1,Thanh toán khi giao hàng,Đang xử lý,lepetitmarseillaisvn,Phát trực tiếp,7660505795647179527,fixed commission,,,,,267000,,,,,,,,,0,0,09/07/2026 20:01:04,11/07/2026 18:05:45,09/07/2026 20:01:06,11/07/2026 18:05:45,,,TTS,Open/Target Collaboration
584943321636832337,1731317167366243548,[Quà tặng không bán] Bông Tắm Tạo Bọt Mềm Mịn,Mặc định,1731317148230255836,BONG TAM HQ,0,11333,VND,1,Thanh toán khi giao hàng,Đang xử lý,lepetitmarseillaisvn,Phát trực tiếp,7660505795647179527,fixed commission,,,,,0,,,,,,,,,0,0,09/07/2026 20:28:04,11/07/2026 22:32:32,09/07/2026 20:28:06,11/07/2026 22:32:32,,,TTS,Open/Target Collaboration
584943321636832337,1732250760944257244,"Sữa Tắm/Gel Tắm Pháp Le Petit Marseillais Chiết Xuất Thiên Nhiên 650ml - Sữa Tắm Lưu Hương Lành Tính - Dịu Nhẹ, An Toàn Cho Da","Hoa Tiare, Standard",1732250801268885724,ST68816,389000,521667,VND,1,Thanh toán khi giao hàng,Đang xử lý,lepetitmarseillaisvn,Phát trực tiếp,7660505795647179527,fixed commission,,,,,389000,,,,,,,,,0,0,09/07/2026 20:28:04,11/07/2026 22:32:32,09/07/2026 20:28:06,11/07/2026 22:32:32,,,TTS,Open/Target Collaboration
584943373031671750,1732250760944257244,"Sữa Tắm/Gel Tắm Pháp Le Petit Marseillais Chiết Xuất Thiên Nhiên 650ml - Sữa Tắm Lưu Hương Lành Tính - Dịu Nhẹ, An Toàn Cho Da","Quả Mơ & Hạt Phỉ, Standard",1732250801269475548,ST00809,334900,525267,VND,1,Thanh toán khi giao hàng,Đang xử lý,nguoimesieunhan,Trưng bày,,fixed commission,,,,8,334900,26792,,,,,,,,0,0,09/07/2026 20:28:55,11/07/2026 13:54:06,09/07/2026 20:28:57,11/07/2026 13:54:06,,,TTS,Open/Target Collaboration
584943799822943603,1731906576340322524,"Mặt Nạ Dưỡng Tóc Le Petit Marseillais 4in1 Chiết Xuất Nước Dừa Hữu Cơ, Dưỡng Ẩm, Thơm Lâu - Phù Hợp Mọi Loại Da (300ml)",Mặc định,1731906576340388060,MN75209,386880,539689,VND,1,Thanh toán khi giao hàng,Đã hủy,lepetitmarseillaisvn,Phát trực tiếp,7660505795647179527,fixed commission,,,,,386880,,,,,,,,,0,0,09/07/2026 20:55:17,,09/07/2026 20:55:18,,,,TTS,Open/Target Collaboration
584943799822943603,1732250760944257244,"Sữa Tắm/Gel Tắm Pháp Le Petit Marseillais Chiết Xuất Thiên Nhiên 650ml - Sữa Tắm Lưu Hương Lành Tính - Dịu Nhẹ, An Toàn Cho Da","Hương Xoài & Chanh Dây, Standard",1732250801268951260,ST68823,303420,516815,VND,1,Thanh toán khi giao hàng,Đã hủy,lepetitmarseillaisvn,Phát trực tiếp,7660505795647179527,fixed commission,,,,,303420,,,,,,,,,0,0,09/07/2026 20:55:17,,09/07/2026 20:55:18,,,,TTS,Open/Target Collaboration
584943799822943603,1731895040715622620,"Sữa Dưỡng Thể Le Petit Marseillais Với Chiết Xuất Bơ Hạt Mỡ, Hạnh Nhân Ngọt & Dầu Argan 300ml Dạng Hũ",Mặc định,1731895040715688156,DT02684,369720,509689,VND,1,Thanh toán khi giao hàng,Đã hủy,lepetitmarseillaisvn,Phát trực tiếp,7660505795647179527,fixed commission,,,,,369720,,,,,,,,,0,0,09/07/2026 20:55:17,,09/07/2026 20:55:18,,,,TTS,Open/Target Collaboration
584944275397248838,1731317167366243548,[Quà tặng không bán] Bông Tắm Tạo Bọt Mềm Mịn,Mặc định,1731317148230255836,BONG TAM HQ,0,11333,VND,1,Không áp dụng thanh toán khi giao hàng,Đang xử lý,lepetitmarseillaisvn,Phát trực tiếp,7660505795647179527,fixed commission,,,,,0,,,,,,,,,0,0,09/07/2026 21:20:26,09/07/2026 21:20:30,09/07/2026 21:20:35,11/07/2026 15:10:07,,,TTS,Open/Target Collaboration
584944275397248838,1732250760944257244,"Sữa Tắm/Gel Tắm Pháp Le Petit Marseillais Chiết Xuất Thiên Nhiên 650ml - Sữa Tắm Lưu Hương Lành Tính - Dịu Nhẹ, An Toàn Cho Da","Thông & Bạch Đàn Biển, Standard",1732250801268689116,ST01902,389000,521667,VND,1,Không áp dụng thanh toán khi giao hàng,Đang xử lý,lepetitmarseillaisvn,Phát trực tiếp,7660505795647179527,fixed commission,,,,,389000,,,,,,,,,0,0,09/07/2026 21:20:26,09/07/2026 21:20:30,09/07/2026 21:20:35,11/07/2026 15:10:07,,,TTS,Open/Target Collaboration
584944338636670839,1731317167366243548,[Quà tặng không bán] Bông Tắm Tạo Bọt Mềm Mịn,Mặc định,1731317148230255836,BONG TAM HQ,0,4136,VND,1,Thanh toán khi giao hàng,Đang xử lý,lepetitmarseillaisvn,Phát trực tiếp,7660505795647179527,fixed commission,,,,,0,,,,,,,,,0,0,09/07/2026 21:23:10,11/07/2026 21:14:47,09/07/2026 21:23:11,11/07/2026 21:14:47,,,TTS,Open/Target Collaboration
584944338636670839,1732250760944257244,"Sữa Tắm/Gel Tắm Pháp Le Petit Marseillais Chiết Xuất Thiên Nhiên 650ml - Sữa Tắm Lưu Hương Lành Tính - Dịu Nhẹ, An Toàn Cho Da","Đào Trắng & Quả Xuân Đào, Standard",1732250801269016796,ST01288,319140,507273,VND,1,Thanh toán khi giao hàng,Đang xử lý,lepetitmarseillaisvn,Phát trực tiếp,7660505795647179527,fixed commission,,,,,319140,,,,,,,,,1,0,09/07/2026 21:23:10,11/07/2026 21:14:47,09/07/2026 21:23:11,11/07/2026 21:14:47,,,TTS,Open/Target Collaboration
584944338636670839,1734496604995683548,Xà Phòng Le Petit Marseillais Chính Hãng Bánh Xà Phòng Tắm Thiên Nhiên (Ngẫu nhiên)  1 Bánh,Mặc định,1734496577198523612,1 BÁNH-XP,0,827,VND,1,Thanh toán khi giao hàng,Đang xử lý,lepetitmarseillaisvn,Phát trực tiếp,7660505795647179527,fixed commission,,,,,0,,,,,,,,,0,0,09/07/2026 21:23:10,11/07/2026 21:14:47,09/07/2026 21:23:11,11/07/2026 21:14:47,,,TTS,Open/Target Collaboration
584944338636670839,1735910664928920796,Combo 2 Sữa Tắm Nam Le Petit Marseillais 4in1 Cho Tóc Mặt Râu Toàn Thân 250ml,"Gỗ Tuyết Tùng Và Dương Xỉ, Gỗ Tuyết Tùng Và Dương Xỉ",1735912571877950684,ST01172 x 2,306180,542964,VND,1,Thanh toán khi giao hàng,Đang xử lý,lepetitmarseillaisvn,Phát trực tiếp,7660505795647179527,fixed commission,,,,,306180,,,,,,,,,1,0,09/07/2026 21:23:10,11/07/2026 21:14:47,09/07/2026 21:23:11,11/07/2026 21:14:47,,,TTS,Open/Target Collaboration
584945547717609198,1732251815880067292,"Sữa Tắm Pháp Le Petit Marseillais Cho Nam Chiết Xuất Thiên Nhiên 4in1 Nhiều Mùi Hương Dưỡng Ẩm, Thơm Lâu - Phù Hợp Mọi Loại Da (250ml)","Hương Gỗ Tuyết Tùng & Dương Xỉ, Standard",1732251749141219548,ST01172,189000,276900,VND,1,Thanh toán khi giao hàng,Đã hủy,thanhtai.197,Video,7659320242094542100,fixed commission,0,0,0,,189000,,,,3,5670,,,,0,0,09/07/2026 22:36:26,,09/07/2026 22:36:27,,,,TTS,Open/Target Collaboration
584945547717609198,1731317167366243548,[Quà tặng không bán] Bông Tắm Tạo Bọt Mềm Mịn,Mặc định,1731317148230255836,BONG TAM HQ,0,7900,VND,1,Thanh toán khi giao hàng,Đã hủy,lepetitmarseillaisvn,Phát trực tiếp,7659702740562250517,fixed commission,,,,,0,,,,,,,,,0,0,09/07/2026 22:36:26,,09/07/2026 22:36:27,,,,TTS,Open/Target Collaboration
584946341830493739,1732250760944257244,"Sữa Tắm/Gel Tắm Pháp Le Petit Marseillais Chiết Xuất Thiên Nhiên 650ml - Sữa Tắm Lưu Hương Lành Tính - Dịu Nhẹ, An Toàn Cho Da","Quả Mơ & Hạt Phỉ, Standard",1732250801269475548,ST00809,315200,525267,VND,1,Thanh toán khi giao hàng,Đang xử lý,iflytek02,Chương trình Lưu lượng truy cập bên ngoài,,fixed commission,,,,4,315200,12608,,,,,,,,0,0,09/07/2026 23:37:01,11/07/2026 11:11:43,09/07/2026 23:37:02,11/07/2026 11:11:43,,,TTS,Open/Target Collaboration
584946321531307425,1732250928810920156,"Sữa Tắm/Gel Tắm Pháp Le Petit Marseillais Thiên Nhiên 250ml - Sữa Tắm Lưu Hương Lành Tính - Dịu Nhẹ, An Toàn Cho Da","Quả Mâm Xôi & Hoa Mẫu Đơn, Standard",1732250914985052380,ST48441,179550,283850,VND,1,Thanh toán khi giao hàng,Đã hủy,cm.nhung.daily,Video,7658914205667593493,fixed commission,0,0,0,,179550,,,,3,5387,,,,0,0,09/07/2026 23:39:46,,09/07/2026 23:39:47,,,,TTS,Open/Target Collaboration
584946321531307425,1731317167366243548,[Quà tặng không bán] Bông Tắm Tạo Bọt Mềm Mịn,Mặc định,1731317148230255836,BONG TAM HQ,0,14850,VND,1,Thanh toán khi giao hàng,Đã hủy,lepetitmarseillaisvn,Phát trực tiếp,7660505795647179527,fixed commission,,,,,0,,,,,,,,,0,0,09/07/2026 23:39:46,,09/07/2026 23:39:47,,,,TTS,Open/Target Collaboration
584946383203894689,1731317167366243548,[Quà tặng không bán] Bông Tắm Tạo Bọt Mềm Mịn,Mặc định,1731317148230255836,BONG TAM HQ,0,14850,VND,1,Không áp dụng thanh toán khi giao hàng,Đang xử lý,lepetitmarseillaisvn,Phát trực tiếp,7660505795647179527,fixed commission,,,,,0,,,,,,,,,0,0,09/07/2026 23:48:08,09/07/2026 23:48:09,09/07/2026 23:48:10,12/07/2026 10:42:52,,,TTS,Open/Target Collaboration
584946383203894689,1732250928810920156,"Sữa Tắm/Gel Tắm Pháp Le Petit Marseillais Thiên Nhiên 250ml - Sữa Tắm Lưu Hương Lành Tính - Dịu Nhẹ, An Toàn Cho Da","Quả Mâm Xôi & Hoa Mẫu Đơn, Standard",1732250914985052380,ST48441,179550,283850,VND,1,Không áp dụng thanh toán khi giao hàng,Đang xử lý,ahau.phuongthao,Video,7654094102811659528,fixed commission,,,,12,179550,21546,,,,,,,,0,0,09/07/2026 23:48:08,09/07/2026 23:48:09,09/07/2026 23:48:10,12/07/2026 10:42:52,,,TTS,Open/Target Collaboration
584946747663681330,1732250928810920156,"Sữa Tắm/Gel Tắm Pháp Le Petit Marseillais Thiên Nhiên 250ml - Sữa Tắm Lưu Hương Lành Tính - Dịu Nhẹ, An Toàn Cho Da","Quả Mâm Xôi & Hoa Mẫu Đơn, Standard",1732250914985052380,ST48441,189000,283850,VND,1,Thanh toán khi giao hàng,Đang xử lý,ahau.phuongthao,Video,7654094102811659528,fixed commission,0,0,0,12,189000,22680,,,,,,,,0,0,10/07/2026 00:26:52,,10/07/2026 00:26:53,,,,TTS,Open/Target Collaboration
584946778297829119,1732251815880067292,"Sữa Tắm Pháp Le Petit Marseillais Cho Nam Chiết Xuất Thiên Nhiên 4in1 Nhiều Mùi Hương Dưỡng Ẩm, Thơm Lâu - Phù Hợp Mọi Loại Da (250ml)","Hương Gỗ Tuyết Tùng & Dương Xỉ, Standard",1732251749141219548,ST01172,160650,276900,VND,1,Thanh toán khi giao hàng,Đang xử lý,involveasiavn01,Chương trình Lưu lượng truy cập bên ngoài,,fixed commission,0,0,0,4,160650,6426,,,,,,,,0,0,10/07/2026 00:29:22,,10/07/2026 00:29:23,,,,TTS,Open/Target Collaboration
584946760338867885,1732251815880067292,"Sữa Tắm Pháp Le Petit Marseillais Cho Nam Chiết Xuất Thiên Nhiên 4in1 Nhiều Mùi Hương Dưỡng Ẩm, Thơm Lâu - Phù Hợp Mọi Loại Da (250ml)","Hương Thông & Bạch Đàn Biển, Standard",1732251749141154012,ST01356,205000,292800,VND,1,Thanh toán khi giao hàng,Đang xử lý,louisreviewz,Chương trình Lưu lượng truy cập bên ngoài,,fixed commission,,,,4,205000,8200,,,,,,,,0,0,10/07/2026 00:30:02,12/07/2026 12:06:29,10/07/2026 00:30:03,12/07/2026 12:06:29,,,TTS,Open/Target Collaboration
584947082676241688,1732250928810920156,"Sữa Tắm/Gel Tắm Pháp Le Petit Marseillais Thiên Nhiên 250ml - Sữa Tắm Lưu Hương Lành Tính - Dịu Nhẹ, An Toàn Cho Da","Xoài & Chanh Dây, Standard",1732250914984986844,ST99622,189000,279450,VND,1,Thanh toán khi giao hàng,Đang xử lý,ahau.phuongthao,Video,7654094102811659528,fixed commission,,,,12,189000,22680,,,,,,,,0,0,10/07/2026 01:19:42,11/07/2026 10:58:22,10/07/2026 01:19:43,11/07/2026 10:58:22,,,TTS,Open/Target Collaboration
584947386094879805,1732251815880067292,"Sữa Tắm Pháp Le Petit Marseillais Cho Nam Chiết Xuất Thiên Nhiên 4in1 Nhiều Mùi Hương Dưỡng Ẩm, Thơm Lâu - Phù Hợp Mọi Loại Da (250ml)","Hương Thông & Bạch Đàn Biển, Standard",1732251749141154012,ST01356,160650,286550,VND,1,Thanh toán khi giao hàng,Đang xử lý,man.trung.737,Video,7595064670482877717,fixed commission,,,,,160650,,,,3,4820,,,,0,0,10/07/2026 02:20:10,11/07/2026 10:50:56,10/07/2026 02:20:11,11/07/2026 10:50:56,,,TTS,Open/Target Collaboration
584947423874221981,1732251815880067292,"Sữa Tắm Pháp Le Petit Marseillais Cho Nam Chiết Xuất Thiên Nhiên 4in1 Nhiều Mùi Hương Dưỡng Ẩm, Thơm Lâu - Phù Hợp Mọi Loại Da (250ml)","Hương Gừng & Gỗ Bách, Standard",1732251749141285084,ST04371,185730,272640,VND,1,Thanh toán khi giao hàng,Đang xử lý,huongnhatohsea,Video,7630817657507433746,fixed commission,0,0,0,8,185730,14858,,,,,,,,0,0,10/07/2026 02:28:00,,10/07/2026 02:28:01,,,,TTS,Open/Target Collaboration
584947423874221981,1732250760944257244,"Sữa Tắm/Gel Tắm Pháp Le Petit Marseillais Chiết Xuất Thiên Nhiên 650ml - Sữa Tắm Lưu Hương Lành Tính - Dịu Nhẹ, An Toàn Cho Da","Hoa Cam, Standard",1732250801269278940,ST39109,382270,506280,VND,1,Thanh toán khi giao hàng,Đang xử lý,huongnhatohsea,Video,7630817657507433746,fixed commission,0,0,0,8,382270,30582,,,,,,,,0,0,10/07/2026 02:28:00,,10/07/2026 02:28:01,,,,TTS,Open/Target Collaboration
584948190574184053,1732251815880067292,"Sữa Tắm Pháp Le Petit Marseillais Cho Nam Chiết Xuất Thiên Nhiên 4in1 Nhiều Mùi Hương Dưỡng Ẩm, Thơm Lâu - Phù Hợp Mọi Loại Da (250ml)","Hương Gỗ Tuyết Tùng & Dương Xỉ, Standard",1732251749141219548,ST01172,189000,283850,VND,1,Thanh toán khi giao hàng,Đang xử lý,duongmanhkien19,Video,7578474458705382676,fixed commission,,,,,189000,,,,3,5670,,,,0,0,10/07/2026 05:36:22,11/07/2026 21:46:07,10/07/2026 05:36:23,11/07/2026 21:46:07,,,TTS,Open/Target Collaboration
584948802377581981,1735772240444818652,Sữa Tắm Le Petit Marseillais Thông & Bạch Đàn Biển 92% Tự Nhiên 650ml,Mặc định,1735772370156553436,ST01902,394000,522640,VND,1,Thanh toán khi giao hàng,Đang xử lý,iflytek02,Chương trình Lưu lượng truy cập bên ngoài,,fixed commission,,,,4,394000,15760,,,,,,,,0,0,10/07/2026 06:54:15,11/07/2026 11:27:42,10/07/2026 06:54:16,11/07/2026 11:27:42,,,TTS,Open/Target Collaboration
584948817185506961,1732251815880067292,"Sữa Tắm Pháp Le Petit Marseillais Cho Nam Chiết Xuất Thiên Nhiên 4in1 Nhiều Mùi Hương Dưỡng Ẩm, Thơm Lâu - Phù Hợp Mọi Loại Da (250ml)","Hương Gỗ Tuyết Tùng & Dương Xỉ, Standard",1732251749141219548,ST01172,205000,276900,VND,1,Không áp dụng thanh toán khi giao hàng,Đang xử lý,man.trung.737,Video,7595064670482877717,fixed commission,,,,,205000,,,,3,6150,,,,0,0,10/07/2026 06:56:35,10/07/2026 06:56:48,10/07/2026 06:56:48,11/07/2026 08:51:54,,,TTS,Open/Target Collaboration
584948980818806216,1732251815880067292,"Sữa Tắm Pháp Le Petit Marseillais Cho Nam Chiết Xuất Thiên Nhiên 4in1 Nhiều Mùi Hương Dưỡng Ẩm, Thơm Lâu - Phù Hợp Mọi Loại Da (250ml)","Hương Gỗ Tuyết Tùng & Dương Xỉ, Standard",1732251749141219548,ST01172,189000,276900,VND,1,Thanh toán khi giao hàng,Đang xử lý,man.trung.737,Video,7595064670482877717,fixed commission,0,0,0,,189000,,,,3,5670,,,,0,0,10/07/2026 07:09:52,,10/07/2026 07:09:54,,,,TTS,Open/Target Collaboration
584949372815050334,1732251815880067292,"Sữa Tắm Pháp Le Petit Marseillais Cho Nam Chiết Xuất Thiên Nhiên 4in1 Nhiều Mùi Hương Dưỡng Ẩm, Thơm Lâu - Phù Hợp Mọi Loại Da (250ml)","Hương Gỗ Tuyết Tùng & Dương Xỉ, Standard",1732251749141219548,ST01172,189000,276900,VND,1,Thanh toán khi giao hàng,Đang xử lý,duongmanhkien19,Video,7578474458705382676,fixed commission,,,,,189000,,,,3,5670,,,,0,0,10/07/2026 07:49:50,11/07/2026 22:45:50,10/07/2026 07:49:51,11/07/2026 22:45:50,,,TTS,Open/Target Collaboration
584949400438408942,1731317167366243548,[Quà tặng không bán] Bông Tắm Tạo Bọt Mềm Mịn,Mặc định,1731317148230255836,BONG TAM HQ,0,7900,VND,1,Thanh toán khi giao hàng,Đang xử lý,lepetitmarseillaisvn,Phát trực tiếp,7659702740562250517,fixed commission,,,,,0,,,,,,,,,0,0,10/07/2026 07:53:17,11/07/2026 16:11:33,10/07/2026 07:53:18,11/07/2026 16:11:33,,,TTS,Open/Target Collaboration
584949400438408942,1732251815880067292,"Sữa Tắm Pháp Le Petit Marseillais Cho Nam Chiết Xuất Thiên Nhiên 4in1 Nhiều Mùi Hương Dưỡng Ẩm, Thơm Lâu - Phù Hợp Mọi Loại Da (250ml)","Hương Gỗ Tuyết Tùng & Dương Xỉ, Standard",1732251749141219548,ST01172,160650,276900,VND,1,Thanh toán khi giao hàng,Đang xử lý,lepetitmarseillaisvn,Phát trực tiếp,7659702740562250517,fixed commission,,,,,160650,,,,,,,,,0,0,10/07/2026 07:53:17,11/07/2026 16:11:33,10/07/2026 07:53:18,11/07/2026 16:11:33,,,TTS,Open/Target Collaboration
584950208115344399,1732251815880067292,"Sữa Tắm Pháp Le Petit Marseillais Cho Nam Chiết Xuất Thiên Nhiên 4in1 Nhiều Mùi Hương Dưỡng Ẩm, Thơm Lâu - Phù Hợp Mọi Loại Da (250ml)","Hương Gỗ Tuyết Tùng & Dương Xỉ, Standard",1732251749141219548,ST01172,164000,276900,VND,1,Thanh toán khi giao hàng,Đang xử lý,man.trung.737,Video,7595064670482877717,fixed commission,,,,,164000,,,,3,4920,,,,0,0,10/07/2026 08:57:30,11/07/2026 11:55:04,10/07/2026 08:57:31,11/07/2026 11:55:04,,,TTS,Open/Target Collaboration
584950210196898973,1732252961260865756,"Dầu Gội Thiên Nhiên Le Petit Marseillais Nhiều Mùi Hương 250ml Dưỡng Ẩm, Thơm Lâu - Phù Hợp Mọi Loại Da",Cấp Ẩm Chuyên Sâu Từ Nước Dừa,1732252943758952668,DG37429,200600,359300,VND,1,Thanh toán khi giao hàng,Đang xử lý,nt.tramy_06,Chương trình Lưu lượng truy cập bên ngoài,,fixed commission,,,,8,200600,16048,,,,,,,,0,0,10/07/2026 08:58:31,11/07/2026 17:48:45,10/07/2026 08:58:33,11/07/2026 17:48:45,,,TTS,Open/Target Collaboration
584950439911851605,1732251815880067292,"Sữa Tắm Pháp Le Petit Marseillais Cho Nam Chiết Xuất Thiên Nhiên 4in1 Nhiều Mùi Hương Dưỡng Ẩm, Thơm Lâu - Phù Hợp Mọi Loại Da (250ml)","Hương Gỗ Tuyết Tùng & Dương Xỉ, Standard",1732251749141219548,ST01172,189000,283850,VND,1,Thanh toán khi giao hàng,Đang xử lý,duongmanhkien19,Video,7589190858113649928,fixed commission,,,,,189000,,,,3,5670,,,,0,0,10/07/2026 09:19:00,11/07/2026 17:18:03,10/07/2026 09:19:01,11/07/2026 17:18:03,,,TTS,Open/Target Collaboration
584951802183452429,1732250928810920156,"Sữa Tắm/Gel Tắm Pháp Le Petit Marseillais Thiên Nhiên 250ml - Sữa Tắm Lưu Hương Lành Tính - Dịu Nhẹ, An Toàn Cho Da","Quả Mâm Xôi & Hoa Mẫu Đơn, Standard",1732250914985052380,ST48441,169000,279450,VND,1,Thanh toán khi giao hàng,Đang xử lý,lienhuong2003,Video,7648186062816185621,fixed commission,,,,8,169000,13520,,,,,,,,0,0,10/07/2026 10:53:08,11/07/2026 10:14:15,10/07/2026 10:53:09,11/07/2026 10:14:15,,,TTS,Open/Target Collaboration
584952130807039294,1734496604995683548,Xà Phòng Le Petit Marseillais Chính Hãng Bánh Xà Phòng Tắm Thiên Nhiên (Ngẫu nhiên)  1 Bánh,Mặc định,1734496577198523612,1 BÁNH-XP,0,2257,VND,1,Thanh toán khi giao hàng,Đang xử lý,lepetitmarseillaisvn,Phát trực tiếp,7660739502788414229,fixed commission,,,,,0,,,,,,,,,0,0,10/07/2026 11:16:17,11/07/2026 19:57:56,10/07/2026 11:16:18,11/07/2026 19:57:56,,,TTS,Open/Target Collaboration
584952130807039294,1736012338574165212,Combo 2 Sữa Tắm Nữ Pháp Le Petit Marseillais 250ml - Thiên Nhiên Dịu Nhẹ,"Quả Mâm Xôi Hữu Cơ & Hoa Mẫu Đơn, Đào Trắng Hữu Cơ Và Quả Xuân Đào",1736012795077362908,ST48441+ST01240,292400,551543,VND,1,Thanh toán khi giao hàng,Đang xử lý,lepetitmarseillaisvn,Phát trực tiếp,7660739502788414229,fixed commission,,,,,292400,,,,,,,,,0,0,10/07/2026 11:16:17,11/07/2026 19:57:56,10/07/2026 11:16:18,11/07/2026 19:57:56,,,TTS,Open/Target Collaboration
584952328830682400,1734496604995683548,Xà Phòng Le Petit Marseillais Chính Hãng Bánh Xà Phòng Tắm Thiên Nhiên (Ngẫu nhiên)  1 Bánh,Mặc định,1734496577198523612,1 BÁNH-XP,0,4243,VND,1,Thanh toán khi giao hàng,Đang xử lý,lepetitmarseillaisvn,Phát trực tiếp,7660739502788414229,fixed commission,,,,,0,,,,,,,,,0,0,10/07/2026 11:26:30,11/07/2026 19:16:37,10/07/2026 11:26:32,11/07/2026 19:16:37,,,TTS,Open/Target Collaboration
584952328830682400,1735910664928920796,Combo 2 Sữa Tắm Nam Le Petit Marseillais 4in1 Cho Tóc Mặt Râu Toàn Thân 250ml,"Thông Biển & Bạch Đàn, Gỗ Tuyết Tùng Và Dương Xỉ",1735912571878606044,ST01356 + ST01172,313740,563457,VND,1,Thanh toán khi giao hàng,Đang xử lý,lepetitmarseillaisvn,Phát trực tiếp,7660739502788414229,fixed commission,,,,,313740,,,,,,,,,0,0,10/07/2026 11:26:30,11/07/2026 19:16:37,10/07/2026 11:26:32,11/07/2026 19:16:37,,,TTS,Open/Target Collaboration
584952994215200719,1736012338574165212,Combo 2 Sữa Tắm Nữ Pháp Le Petit Marseillais 250ml - Thiên Nhiên Dịu Nhẹ,"Quả Mâm Xôi Hữu Cơ & Hoa Mẫu Đơn, Đào Trắng Hữu Cơ Và Quả Xuân Đào",1736012795077362908,ST48441+ST01240,378000,551543,VND,1,Thanh toán khi giao hàng,Đang xử lý,ahau.phuongthao,Video,7658528077223300360,fixed commission,,,,,378000,,,,2,7560,,,,0,0,10/07/2026 12:03:30,11/07/2026 12:43:32,10/07/2026 12:03:32,11/07/2026 12:43:32,,,TTS,Open/Target Collaboration
584952919868933346,1732250760944257244,"Sữa Tắm/Gel Tắm Pháp Le Petit Marseillais Chiết Xuất Thiên Nhiên 650ml - Sữa Tắm Lưu Hương Lành Tính - Dịu Nhẹ, An Toàn Cho Da","Đào Trắng & Quả Xuân Đào, Standard",1732250801269016796,ST01288,311109,506280,VND,1,Không áp dụng thanh toán khi giao hàng,Đang xử lý,lepetitmarseillaisvn,Video,7504203956080348436,fixed commission,,,,,311109,,,,,,,,,0,0,10/07/2026 12:09:39,10/07/2026 12:09:44,10/07/2026 12:09:45,11/07/2026 11:45:41,,,TTS,Open/Target Collaboration
584952919868933346,1732250760944257244,"Sữa Tắm/Gel Tắm Pháp Le Petit Marseillais Chiết Xuất Thiên Nhiên 650ml - Sữa Tắm Lưu Hương Lành Tính - Dịu Nhẹ, An Toàn Cho Da","Hoa Cam, Standard",1732250801269278940,ST39109,307161,506280,VND,1,Không áp dụng thanh toán khi giao hàng,Đang xử lý,lepetitmarseillaisvn,Video,7504203956080348436,fixed commission,,,,,307161,,,,,,,,,0,0,10/07/2026 12:09:39,10/07/2026 12:09:44,10/07/2026 12:09:45,11/07/2026 11:45:41,,,TTS,Open/Target Collaboration
584952919868933346,1731317167366243548,[Quà tặng không bán] Bông Tắm Tạo Bọt Mềm Mịn,Mặc định,1731317148230255836,BONG TAM HQ,0,3640,VND,1,Không áp dụng thanh toán khi giao hàng,Đang xử lý,lepetitmarseillaisvn,Video,7504203956080348436,fixed commission,,,,,0,,,,,,,,,0,0,10/07/2026 12:09:39,10/07/2026 12:09:44,10/07/2026 12:09:45,11/07/2026 11:45:41,,,TTS,Open/Target Collaboration
584953167789066016,1732251815880067292,"Sữa Tắm Pháp Le Petit Marseillais Cho Nam Chiết Xuất Thiên Nhiên 4in1 Nhiều Mùi Hương Dưỡng Ẩm, Thơm Lâu - Phù Hợp Mọi Loại Da (250ml)","Hương Thông & Bạch Đàn Biển, Standard",1732251749141154012,ST01356,189000,283850,VND,1,Thanh toán khi giao hàng,Đã hủy,involveasiavn01,Chương trình Lưu lượng truy cập bên ngoài,,fixed commission,0,0,0,4,189000,7560,,,,,,,,0,0,10/07/2026 12:19:45,,10/07/2026 12:19:47,,,,TTS,Open/Target Collaboration
584953142611904035,1732251815880067292,"Sữa Tắm Pháp Le Petit Marseillais Cho Nam Chiết Xuất Thiên Nhiên 4in1 Nhiều Mùi Hương Dưỡng Ẩm, Thơm Lâu - Phù Hợp Mọi Loại Da (250ml)","Hương Gỗ Tuyết Tùng & Dương Xỉ, Standard",1732251749141219548,ST01172,189000,286550,VND,1,Thanh toán khi giao hàng,Đang xử lý,man.trung.737,Video,7595064670482877717,fixed commission,,,,,189000,,,,3,5670,,,,0,0,10/07/2026 12:19:51,11/07/2026 09:52:30,10/07/2026 12:19:52,11/07/2026 09:52:30,,,TTS,Open/Target Collaboration
584953263323252444,1732252961260865756,"Dầu Gội Thiên Nhiên Le Petit Marseillais Nhiều Mùi Hương 250ml Dưỡng Ẩm, Thơm Lâu - Phù Hợp Mọi Loại Da",Trị Gàu 2 In 1 Tinh Dầu Bạc Hà,1732252943759018204,DG74042,267000,355200,VND,1,Thanh toán khi giao hàng,Đang xử lý,ngocdailyvlog,Video,7580781933962071314,fixed commission,,,,,267000,,,,3,8010,,,,0,0,10/07/2026 12:27:38,11/07/2026 18:47:13,10/07/2026 12:27:43,11/07/2026 18:47:13,,,TTS,Open/Target Collaboration
584954217033139859,1732251815880067292,"Sữa Tắm Pháp Le Petit Marseillais Cho Nam Chiết Xuất Thiên Nhiên 4in1 Nhiều Mùi Hương Dưỡng Ẩm, Thơm Lâu - Phù Hợp Mọi Loại Da (250ml)","Hương Gỗ Tuyết Tùng & Dương Xỉ, Standard",1732251749141219548,ST01172,189000,283850,VND,1,Thanh toán khi giao hàng,Đang xử lý,duongmanhkien19,Video,7578474458705382676,fixed commission,,,,,189000,,,,3,5670,,,,0,0,10/07/2026 13:27:24,11/07/2026 16:02:27,10/07/2026 13:27:25,11/07/2026 16:02:27,,,TTS,Open/Target Collaboration
584954340960666779,1732251815880067292,"Sữa Tắm Pháp Le Petit Marseillais Cho Nam Chiết Xuất Thiên Nhiên 4in1 Nhiều Mùi Hương Dưỡng Ẩm, Thơm Lâu - Phù Hợp Mọi Loại Da (250ml)","Hương Gỗ Tuyết Tùng & Dương Xỉ, Standard",1732251749141219548,ST01172,168210,276900,VND,1,Không áp dụng thanh toán khi giao hàng,Đang xử lý,lepthelittlekid,Video,7594749644052204818,fixed commission,,,,5,168210,8411,,,,,,,,0,0,10/07/2026 13:38:26,10/07/2026 13:38:29,10/07/2026 13:38:30,11/07/2026 09:05:13,,,TTS,Open/Target Collaboration
584954612154795065,1732251815880067292,"Sữa Tắm Pháp Le Petit Marseillais Cho Nam Chiết Xuất Thiên Nhiên 4in1 Nhiều Mùi Hương Dưỡng Ẩm, Thơm Lâu - Phù Hợp Mọi Loại Da (250ml)","Hương Gỗ Tuyết Tùng & Dương Xỉ, Standard",1732251749141219548,ST01172,168210,283850,VND,1,Thanh toán khi giao hàng,Đang xử lý,man.trung.737,Video,7595064670482877717,fixed commission,,,,,168210,,,,3,5046,,,,0,0,10/07/2026 13:56:01,11/07/2026 21:15:04,10/07/2026 13:56:02,11/07/2026 21:15:04,,,TTS,Open/Target Collaboration
584954751391073699,1732250760944257244,"Sữa Tắm/Gel Tắm Pháp Le Petit Marseillais Chiết Xuất Thiên Nhiên 650ml - Sữa Tắm Lưu Hương Lành Tính - Dịu Nhẹ, An Toàn Cho Da","Hạnh Nhân, Standard",1732250801269213404,ST53594,394000,525267,VND,1,Thanh toán khi giao hàng,Đang xử lý,thaocanview,Video,7660096033237536020,fixed commission,,,,,394000,,,,3,11820,,,,0,0,10/07/2026 14:04:57,11/07/2026 16:17:49,10/07/2026 14:04:58,11/07/2026 16:17:49,,,TTS,Open/Target Collaboration
584955385278989576,1732251815880067292,"Sữa Tắm Pháp Le Petit Marseillais Cho Nam Chiết Xuất Thiên Nhiên 4in1 Nhiều Mùi Hương Dưỡng Ẩm, Thơm Lâu - Phù Hợp Mọi Loại Da (250ml)","Hương Gừng & Gỗ Bách, Standard",1732251749141285084,ST04371,189000,283850,VND,1,Thanh toán khi giao hàng,Đang xử lý,man.trung.737,Video,7595064670482877717,fixed commission,,,,,189000,,,,3,5670,,,,0,0,10/07/2026 14:50:29,11/07/2026 22:17:07,10/07/2026 14:50:31,11/07/2026 22:17:07,,,TTS,Open/Target Collaboration
584955550074176823,1731893265443752156,"Sữa Tắm Pháp Le Petit Marseillais Quả Mâm Xôi & Hoa Mẫu Đơn Hữu Cơ Dưỡng Ẩm, Thơm Lâu - Phù Hợp Mọi Loại Da (250ml)","Quả Mâm Xôi & Hoa Mẫu Đơn, Standard",1731893265444210908,ST48441,200000,286550,VND,1,Không áp dụng thanh toán khi giao hàng,Đã hủy,trankimdung249,Video,7529161069151964424,fixed commission,,,,8,200000,16000,,,,,,,,0,0,10/07/2026 15:04:31,10/07/2026 15:04:35,10/07/2026 15:04:35,,,,TTS,Open/Target Collaboration
584960419302442719,1731317167366243548,[Quà tặng không bán] Bông Tắm Tạo Bọt Mềm Mịn,Mặc định,1731317148230255836,BONG TAM HQ,0,11333,VND,1,Thanh toán khi giao hàng,Đang xử lý,lepetitmarseillaisvn,Phát trực tiếp,7660876843408558855,fixed commission,,,,,0,,,,,,,,,0,0,10/07/2026 20:41:45,12/07/2026 13:05:01,10/07/2026 20:41:47,12/07/2026 13:05:01,,,TTS,Open/Target Collaboration
584960419302442719,1732250760944257244,"Sữa Tắm/Gel Tắm Pháp Le Petit Marseillais Chiết Xuất Thiên Nhiên 650ml - Sữa Tắm Lưu Hương Lành Tính - Dịu Nhẹ, An Toàn Cho Da","Hoa Tiare, Standard",1732250801268885724,ST68816,334900,521667,VND,1,Thanh toán khi giao hàng,Đang xử lý,lepetitmarseillaisvn,Phát trực tiếp,7660876843408558855,fixed commission,,,,,334900,,,,,,,,,0,0,10/07/2026 20:41:45,12/07/2026 13:05:01,10/07/2026 20:41:47,12/07/2026 13:05:01,,,TTS,Open/Target Collaboration
584960595974587763,1731895040715622620,"Sữa Dưỡng Thể Le Petit Marseillais Với Chiết Xuất Bơ Hạt Mỡ, Hạnh Nhân Ngọt & Dầu Argan 300ml Dạng Hũ",Mặc định,1731895040715688156,DT02684,379200,518700,VND,1,Thanh toán khi giao hàng,Đã hủy,lepetitmarseillaisvn,Phát trực tiếp,7660876843408558855,fixed commission,,,,,379200,,,,,,,,,0,0,10/07/2026 20:53:14,,10/07/2026 20:53:15,,,,TTS,Open/Target Collaboration
584960595974587763,1731906576340322524,"Mặt Nạ Dưỡng Tóc Le Petit Marseillais 4in1 Chiết Xuất Nước Dừa Hữu Cơ, Dưỡng Ẩm, Thơm Lâu - Phù Hợp Mọi Loại Da (300ml)",Mặc định,1731906576340388060,MN75209,396800,548700,VND,1,Thanh toán khi giao hàng,Đã hủy,lepetitmarseillaisvn,Phát trực tiếp,7660876843408558855,fixed commission,,,,,396800,,,,,,,,,0,0,10/07/2026 20:53:14,,10/07/2026 20:53:15,,,,TTS,Open/Target Collaboration
584962213118707394,1732251815880067292,"Sữa Tắm Pháp Le Petit Marseillais Cho Nam Chiết Xuất Thiên Nhiên 4in1 Nhiều Mùi Hương Dưỡng Ẩm, Thơm Lâu - Phù Hợp Mọi Loại Da (250ml)","Hương Gỗ Tuyết Tùng & Dương Xỉ, Standard",1732251749141219548,ST01172,189000,286550,VND,1,Thanh toán khi giao hàng,Đang xử lý,baole.fitness,Chương trình Lưu lượng truy cập bên ngoài,,fixed commission,,,,4,189000,7560,,,,,,,,0,0,10/07/2026 22:36:57,12/07/2026 12:42:38,10/07/2026 22:36:58,12/07/2026 12:42:38,,,TTS,Open/Target Collaboration
584962834999510209,1732250760944257244,"Sữa Tắm/Gel Tắm Pháp Le Petit Marseillais Chiết Xuất Thiên Nhiên 650ml - Sữa Tắm Lưu Hương Lành Tính - Dịu Nhẹ, An Toàn Cho Da","Thông & Bạch Đàn Biển, Standard",1732250801268689116,ST01902,389000,510400,VND,1,Thanh toán khi giao hàng,Đã hủy,ha_thubay,Video,7599664598626618642,fixed commission,0,0,0,,389000,,,,3,11670,,,,0,0,10/07/2026 23:21:01,,10/07/2026 23:21:03,,,,TTS,Open/Target Collaboration
584962929370825839,1732250760944257244,"Sữa Tắm/Gel Tắm Pháp Le Petit Marseillais Chiết Xuất Thiên Nhiên 650ml - Sữa Tắm Lưu Hương Lành Tính - Dịu Nhẹ, An Toàn Cho Da","Thông & Bạch Đàn Biển, Standard",1732250801268689116,ST01902,330650,510400,VND,1,Thanh toán khi giao hàng,Đang xử lý,ha_thubay,Video,7633274382705642773,fixed commission,,,,,330650,,,,3,9920,,,,0,0,10/07/2026 23:32:01,12/07/2026 12:44:21,10/07/2026 23:32:02,12/07/2026 12:44:21,,,TTS,Open/Target Collaboration
584963024214983873,1732251815880067292,"Sữa Tắm Pháp Le Petit Marseillais Cho Nam Chiết Xuất Thiên Nhiên 4in1 Nhiều Mùi Hương Dưỡng Ẩm, Thơm Lâu - Phù Hợp Mọi Loại Da (250ml)","Hương Cam & Tinh Dầu Argan, Standard",1732251749141022940,ST01431,189000,276900,VND,1,Thanh toán khi giao hàng,Đang xử lý,huongnhatohsea,Video,7660405736727514376,fixed commission,,,,8,189000,15120,,,,,,,,0,0,10/07/2026 23:40:22,12/07/2026 17:38:23,10/07/2026 23:40:23,12/07/2026 17:38:23,,,TTS,Open/Target Collaboration
584963018820650957,1732251815880067292,"Sữa Tắm Pháp Le Petit Marseillais Cho Nam Chiết Xuất Thiên Nhiên 4in1 Nhiều Mùi Hương Dưỡng Ẩm, Thơm Lâu - Phù Hợp Mọi Loại Da (250ml)","Hương Gỗ Tuyết Tùng & Dương Xỉ, Standard",1732251749141219548,ST01172,154980,276900,VND,1,Không áp dụng thanh toán khi giao hàng,Đang xử lý,huankosai,Video,7569974511534198023,fixed commission,,,,8,154980,12398,,,,,,,,0,0,10/07/2026 23:40:44,10/07/2026 23:40:52,10/07/2026 23:40:53,12/07/2026 10:49:20,,,TTS,Open/Target Collaboration
584962974101767590,1732251815880067292,"Sữa Tắm Pháp Le Petit Marseillais Cho Nam Chiết Xuất Thiên Nhiên 4in1 Nhiều Mùi Hương Dưỡng Ẩm, Thơm Lâu - Phù Hợp Mọi Loại Da (250ml)","Hương Gừng & Gỗ Bách, Standard",1732251749141285084,ST04371,189000,276900,VND,1,Thanh toán khi giao hàng,Đang xử lý,man.trung.737,Video,7595064670482877717,fixed commission,,,,,189000,,,,3,5670,,,,0,0,10/07/2026 23:41:20,12/07/2026 14:18:00,10/07/2026 23:41:21,12/07/2026 14:18:00,,,TTS,Open/Target Collaboration
584963182158775919,1732250928810920156,"Sữa Tắm/Gel Tắm Pháp Le Petit Marseillais Thiên Nhiên 250ml - Sữa Tắm Lưu Hương Lành Tính - Dịu Nhẹ, An Toàn Cho Da","Đào Trắng & Quả Xuân Đào, Standard",1732250914985380060,ST01240,189000,286750,VND,1,Thanh toán khi giao hàng,Đang xử lý,ahau.phuongthao,Video,7654094102811659528,fixed commission,0,0,0,12,189000,22680,,,,,,,,0,0,10/07/2026 23:57:48,,10/07/2026 23:57:50,,,,TTS,Open/Target Collaboration
584963358281335936,1732251815880067292,"Sữa Tắm Pháp Le Petit Marseillais Cho Nam Chiết Xuất Thiên Nhiên 4in1 Nhiều Mùi Hương Dưỡng Ẩm, Thơm Lâu - Phù Hợp Mọi Loại Da (250ml)","Hương Thông & Bạch Đàn Biển, Standard",1732251749141154012,ST01356,156188,269000,VND,1,Không áp dụng thanh toán khi giao hàng,Đang xử lý,huankosai,Video,7569974511534198023,fixed commission,,,,8,156188,12495,,,,,,,,0,0,11/07/2026 00:18:33,11/07/2026 00:18:38,11/07/2026 00:18:39,12/07/2026 12:45:17,,,TTS,Open/Target Collaboration
584963780388554566,1732251815880067292,"Sữa Tắm Pháp Le Petit Marseillais Cho Nam Chiết Xuất Thiên Nhiên 4in1 Nhiều Mùi Hương Dưỡng Ẩm, Thơm Lâu - Phù Hợp Mọi Loại Da (250ml)","Hương Gỗ Tuyết Tùng & Dương Xỉ, Standard",1732251749141219548,ST01172,189000,285100,VND,1,Thanh toán khi giao hàng,Đã hủy,man.trung.737,Video,7595064670482877717,fixed commission,0,0,0,,189000,,,,3,5670,,,,0,0,11/07/2026 01:17:45,,11/07/2026 01:17:46,,,,TTS,Open/Target Collaboration
584964423107774001,1732252961260865756,"Dầu Gội Thiên Nhiên Le Petit Marseillais Nhiều Mùi Hương 250ml Dưỡng Ẩm, Thơm Lâu - Phù Hợp Mọi Loại Da",Trị Gàu 2 In 1 Tinh Dầu Bạc Hà,1732252943759018204,DG74042,226950,359300,VND,1,Thanh toán khi giao hàng,Đang xử lý,ngocdailyvlog,Video,7580781933962071314,fixed commission,,,,,226950,,,,3,6809,,,,0,0,11/07/2026 04:02:40,12/07/2026 11:49:12,11/07/2026 04:02:41,12/07/2026 11:49:12,,,TTS,Open/Target Collaboration
584964707308635299,1732251815880067292,"Sữa Tắm Pháp Le Petit Marseillais Cho Nam Chiết Xuất Thiên Nhiên 4in1 Nhiều Mùi Hương Dưỡng Ẩm, Thơm Lâu - Phù Hợp Mọi Loại Da (250ml)","Hương Cam & Tinh Dầu Argan, Standard",1732251749141022940,ST01431,205000,276900,VND,1,Thanh toán khi giao hàng,Đang xử lý,duongmanhkien19,Video,7578474458705382676,fixed commission,,,,8,205000,16400,,,,,,,,0,0,11/07/2026 05:17:17,12/07/2026 17:05:14,11/07/2026 05:17:18,12/07/2026 17:05:14,,,TTS,Open/Target Collaboration
584966136451138716,1732250760944257244,"Sữa Tắm/Gel Tắm Pháp Le Petit Marseillais Chiết Xuất Thiên Nhiên 650ml - Sữa Tắm Lưu Hương Lành Tính - Dịu Nhẹ, An Toàn Cho Da","Hoa Tiare, Standard",1732250801268885724,ST68816,330650,510400,VND,1,Thanh toán khi giao hàng,Đang xử lý,thomcungngoc,Video,7658996791089597714,fixed commission,0,0,0,8,330650,26452,,,,,,,,0,0,11/07/2026 08:07:45,,11/07/2026 08:07:46,,,,TTS,Open/Target Collaboration
584966207428462452,1732251815880067292,"Sữa Tắm Pháp Le Petit Marseillais Cho Nam Chiết Xuất Thiên Nhiên 4in1 Nhiều Mùi Hương Dưỡng Ẩm, Thơm Lâu - Phù Hợp Mọi Loại Da (250ml)","Hương Gỗ Tuyết Tùng & Dương Xỉ, Standard",1732251749141219548,ST01172,166320,286550,VND,1,Thanh toán khi giao hàng,Đang xử lý,lepthelittlekid,Video,7594749644052204818,fixed commission,,,,,166320,,,,5,8316,,,,0,0,11/07/2026 08:15:08,12/07/2026 19:27:26,11/07/2026 08:15:09,12/07/2026 19:27:26,,,TTS,Open/Target Collaboration
584967378455069833,1732251815880067292,"Sữa Tắm Pháp Le Petit Marseillais Cho Nam Chiết Xuất Thiên Nhiên 4in1 Nhiều Mùi Hương Dưỡng Ẩm, Thơm Lâu - Phù Hợp Mọi Loại Da (250ml)","Hương Gỗ Tuyết Tùng & Dương Xỉ, Standard",1732251749141219548,ST01172,162540,289450,VND,1,Thanh toán khi giao hàng,Đã hủy,lepetitmarseillaisvn,Video,7581385844905364754,fixed commission,,,,,162540,,,,,,,,,0,0,11/07/2026 09:49:24,,11/07/2026 09:49:26,,,,TTS,Open/Target Collaboration
584967378455069833,1731317167366243548,[Quà tặng không bán] Bông Tắm Tạo Bọt Mềm Mịn,Mặc định,1731317148230255836,BONG TAM HQ,0,20450,VND,1,Thanh toán khi giao hàng,Đã hủy,lepetitmarseillaisvn,Video,7581385844905364754,fixed commission,,,,,0,,,,,,,,,0,0,11/07/2026 09:49:24,,11/07/2026 09:49:26,,,,TTS,Open/Target Collaboration
584968382661493990,1734496604995683548,Xà Phòng Le Petit Marseillais Chính Hãng Bánh Xà Phòng Tắm Thiên Nhiên (Ngẫu nhiên)  1 Bánh,Mặc định,1734496577198523612,1 BÁNH-XP,0,2257,VND,1,Không áp dụng thanh toán khi giao hàng,Đang xử lý,lepetitmarseillaisvn,Phát trực tiếp,7661109698415659796,fixed commission,,,,,0,,,,,,,,,0,0,11/07/2026 10:54:03,11/07/2026 10:54:07,11/07/2026 10:54:08,12/07/2026 15:09:44,,,TTS,Open/Target Collaboration
584968382661493990,1736012338574165212,Combo 2 Sữa Tắm Nữ Pháp Le Petit Marseillais 250ml - Thiên Nhiên Dịu Nhẹ,"Lựu, Bông Và Hoa Anh Túc",1736012795080967388,ST19308+ST65434,282200,551543,VND,1,Không áp dụng thanh toán khi giao hàng,Đang xử lý,lepetitmarseillaisvn,Phát trực tiếp,7661109698415659796,fixed commission,,,,,282200,,,,,,,,,0,0,11/07/2026 10:54:03,11/07/2026 10:54:07,11/07/2026 10:54:08,12/07/2026 15:09:44,,,TTS,Open/Target Collaboration
584968783470494792,1734496604995683548,Xà Phòng Le Petit Marseillais Chính Hãng Bánh Xà Phòng Tắm Thiên Nhiên (Ngẫu nhiên)  1 Bánh,Mặc định,1734496577198523612,1 BÁNH-XP,0,2986,VND,1,Thanh toán khi giao hàng,Đang xử lý,lepetitmarseillaisvn,Phát trực tiếp,7661109698415659796,fixed commission,,,,,0,,,,,,,,,0,0,11/07/2026 11:19:06,,11/07/2026 11:19:08,,,,TTS,Open/Target Collaboration
584968783470494792,1736012338574165212,Combo 2 Sữa Tắm Nữ Pháp Le Petit Marseillais 250ml - Thiên Nhiên Dịu Nhẹ,"Hoa Cam, Quả Mâm Xôi Hữu Cơ & Hoa Mẫu Đơn",1736012795076117724,ST00823+ST48441,350550,555914,VND,1,Thanh toán khi giao hàng,Đang xử lý,lepetitmarseillaisvn,Phát trực tiếp,7661109698415659796,fixed commission,,,,,350550,,,,,,,,,0,0,11/07/2026 11:19:06,,11/07/2026 11:19:08,,,,TTS,Open/Target Collaboration
584968971965006977,1731317167366243548,[Quà tặng không bán] Bông Tắm Tạo Bọt Mềm Mịn,Mặc định,1731317148230255836,BONG TAM HQ,0,17550,VND,1,Thanh toán khi giao hàng,Đang xử lý,lepetitmarseillaisvn,Phát trực tiếp,7661109698415659796,fixed commission,,,,,0,,,,,,,,,0,0,11/07/2026 11:33:05,12/07/2026 13:29:56,11/07/2026 11:33:07,12/07/2026 13:29:56,,,TTS,Open/Target Collaboration
584968971965006977,1732251912551172316,"Gel tắm Hữu Cơ Pháp Le Petit Marseillais Nhiều Mùi Hương 250ml, Thơm Lâu - Phù Hợp Mọi Loại Da (250ml)","Hương Hoa Hồng Dại, Standard",1732251905721338076,ST68867,155000,356550,VND,1,Thanh toán khi giao hàng,Đang xử lý,lepetitmarseillaisvn,Phát trực tiếp,7661109698415659796,fixed commission,,,,,155000,,,,,,,,,0,0,11/07/2026 11:33:05,12/07/2026 13:29:56,11/07/2026 11:33:07,12/07/2026 13:29:56,,,TTS,Open/Target Collaboration
584968944757802056,1732252961260865756,"Dầu Gội Thiên Nhiên Le Petit Marseillais Nhiều Mùi Hương 250ml Dưỡng Ẩm, Thơm Lâu - Phù Hợp Mọi Loại Da",Tinh Dầu Chanh Vàng Hữu Cơ,1735769515978818780,DG74035,267000,348700,VND,1,Thanh toán khi giao hàng,Đang xử lý,ngocdailyvlog,Video,7580781933962071314,fixed commission,0,0,0,8,267000,21360,,,,,,,,0,0,11/07/2026 11:33:08,,11/07/2026 11:33:09,,,,TTS,Open/Target Collaboration
584969030390482455,1734496604995683548,Xà Phòng Le Petit Marseillais Chính Hãng Bánh Xà Phòng Tắm Thiên Nhiên (Ngẫu nhiên)  1 Bánh,Mặc định,1734496577198523612,1 BÁNH-XP,0,4243,VND,1,Thanh toán khi giao hàng,Đang xử lý,lepetitmarseillaisvn,Phát trực tiếp,7661109698415659796,fixed commission,,,,,0,,,,,,,,,0,0,11/07/2026 11:42:27,12/07/2026 10:20:22,11/07/2026 11:42:28,12/07/2026 10:20:22,,,TTS,Open/Target Collaboration
584969030390482455,1735910664928920796,Combo 2 Sữa Tắm Nam Le Petit Marseillais 4in1 Cho Tóc Mặt Râu Toàn Thân 250ml,"Thông Biển & Bạch Đàn, Gỗ Tuyết Tùng Và Dương Xỉ",1735912571878606044,ST01356 + ST01172,378000,563457,VND,1,Thanh toán khi giao hàng,Đang xử lý,lepetitmarseillaisvn,Phát trực tiếp,7661109698415659796,fixed commission,,,,,378000,,,,,,,,,0,0,11/07/2026 11:42:27,12/07/2026 10:20:22,11/07/2026 11:42:28,12/07/2026 10:20:22,,,TTS,Open/Target Collaboration
584972374701541012,1732251815880067292,"Sữa Tắm Pháp Le Petit Marseillais Cho Nam Chiết Xuất Thiên Nhiên 4in1 Nhiều Mùi Hương Dưỡng Ẩm, Thơm Lâu - Phù Hợp Mọi Loại Da (250ml)","Hương Gỗ Tuyết Tùng & Dương Xỉ, Standard",1732251749141219548,ST01172,181500,468409,VND,2,Thanh toán khi giao hàng,Đang xử lý,duongmanhkien19,Video,7578474458705382676,fixed commission,0,0,0,8,363000,29040,,,,,,,,0,0,11/07/2026 15:29:48,,11/07/2026 15:29:49,,,,TTS,Open/Target Collaboration
584975182206568158,1732251815880067292,"Sữa Tắm Pháp Le Petit Marseillais Cho Nam Chiết Xuất Thiên Nhiên 4in1 Nhiều Mùi Hương Dưỡng Ẩm, Thơm Lâu - Phù Hợp Mọi Loại Da (250ml)","Hương Thông & Bạch Đàn Biển, Standard",1732251749141154012,ST01356,166320,283850,VND,1,Thanh toán khi giao hàng,Đang xử lý,lepthelittlekid,Video,7594749644052204818,fixed commission,0,0,0,5,166320,8316,,,,,,,,0,0,11/07/2026 19:01:52,,11/07/2026 19:01:54,,,,TTS,Open/Target Collaboration
584975801019237733,1732250760944257244,"Sữa Tắm/Gel Tắm Pháp Le Petit Marseillais Chiết Xuất Thiên Nhiên 650ml - Sữa Tắm Lưu Hương Lành Tính - Dịu Nhẹ, An Toàn Cho Da","Hoa Cam, Standard",1732250801269278940,ST39109,318980,507000,VND,1,Thanh toán khi giao hàng,Đang xử lý,lepetitmarseillaisvn,Phát trực tiếp,7661247811207432978,fixed commission,,,,,318980,,,,,,,,,0,0,11/07/2026 19:40:54,,11/07/2026 19:40:55,,,,TTS,Open/Target Collaboration
584976004008282036,1732250928810920156,"Sữa Tắm/Gel Tắm Pháp Le Petit Marseillais Thiên Nhiên 250ml - Sữa Tắm Lưu Hương Lành Tính - Dịu Nhẹ, An Toàn Cho Da","Quả Mâm Xôi & Hoa Mẫu Đơn, Standard",1732250914985052380,ST48441,151200,272640,VND,1,Thanh toán khi giao hàng,Đã hủy,lepetitmarseillaisvn,Phát trực tiếp,7661247811207432978,fixed commission,,,,,151200,,,,,,,,,0,0,11/07/2026 19:56:19,,11/07/2026 19:56:21,,,,TTS,Open/Target Collaboration
584976004008282036,1736140699123549404,[KOL] Sữa Tắm Pháp Le Petit Marseillais Thiên Nhiên 250ml,"Muối Biển, Standard",1736140698773062876,ST54463,151200,272640,VND,1,Thanh toán khi giao hàng,Đã hủy,lepetitmarseillaisvn,Phát trực tiếp,7661247811207432978,fixed commission,,,,,151200,,,,,,,,,0,0,11/07/2026 19:56:19,,11/07/2026 19:56:21,,,,TTS,Open/Target Collaboration
584976004008282036,1736140699123549404,[KOL] Sữa Tắm Pháp Le Petit Marseillais Thiên Nhiên 250ml,"Quả Mâm Xôi & Hoa Mẫu Đơn, Standard",1736140698773325020,ST48441,151200,272640,VND,1,Thanh toán khi giao hàng,Đã hủy,lepetitmarseillaisvn,Phát trực tiếp,7661247811207432978,fixed commission,,,,,151200,,,,,,,,,0,0,11/07/2026 19:56:19,,11/07/2026 19:56:21,,,,TTS,Open/Target Collaboration
584976004008282036,1736140699123549404,[KOL] Sữa Tắm Pháp Le Petit Marseillais Thiên Nhiên 250ml,"Hạnnh Nhân, Standard",1736140698773521628,ST00892,151200,272640,VND,1,Thanh toán khi giao hàng,Đã hủy,lepetitmarseillaisvn,Phát trực tiếp,7661247811207432978,fixed commission,,,,,151200,,,,,,,,,0,0,11/07/2026 19:56:19,,11/07/2026 19:56:21,,,,TTS,Open/Target Collaboration
584976004008282036,1731317167366243548,[Quà tặng không bán] Bông Tắm Tạo Bọt Mềm Mịn,Mặc định,1731317148230255836,BONG TAM HQ,0,3640,VND,1,Thanh toán khi giao hàng,Đã hủy,lepetitmarseillaisvn,Phát trực tiếp,7661247811207432978,fixed commission,,,,,0,,,,,,,,,0,0,11/07/2026 19:56:19,,11/07/2026 19:56:21,,,,TTS,Open/Target Collaboration
584976058954975156,1736140699123549404,[KOL] Sữa Tắm Pháp Le Petit Marseillais Thiên Nhiên 250ml,"Muối Biển, Standard",1736140698773062876,ST54463,151200,273400,VND,1,Thanh toán khi giao hàng,Đang xử lý,lepetitmarseillaisvn,Phát trực tiếp,7661247811207432978,fixed commission,,,,,151200,,,,,,,,,0,0,11/07/2026 19:58:05,,11/07/2026 19:58:07,,,,TTS,Open/Target Collaboration
584976058954975156,1736140699123549404,[KOL] Sữa Tắm Pháp Le Petit Marseillais Thiên Nhiên 250ml,"Quả Mâm Xôi & Hoa Mẫu Đơn, Standard",1736140698773325020,ST48441,151200,273400,VND,1,Thanh toán khi giao hàng,Đang xử lý,lepetitmarseillaisvn,Phát trực tiếp,7661247811207432978,fixed commission,,,,,151200,,,,,,,,,0,0,11/07/2026 19:58:05,,11/07/2026 19:58:07,,,,TTS,Open/Target Collaboration
584976058954975156,1736140699123549404,[KOL] Sữa Tắm Pháp Le Petit Marseillais Thiên Nhiên 250ml,"Hương Bông & Hoa Anh Túc, Standard",1736140698773390556,ST65434,151200,273400,VND,1,Thanh toán khi giao hàng,Đang xử lý,lepetitmarseillaisvn,Phát trực tiếp,7661247811207432978,fixed commission,,,,,151200,,,,,,,,,0,0,11/07/2026 19:58:05,,11/07/2026 19:58:07,,,,TTS,Open/Target Collaboration
584976058954975156,1736140699123549404,[KOL] Sữa Tắm Pháp Le Petit Marseillais Thiên Nhiên 250ml,"Hạnnh Nhân, Standard",1736140698773521628,ST00892,151200,273400,VND,1,Thanh toán khi giao hàng,Đang xử lý,lepetitmarseillaisvn,Phát trực tiếp,7661247811207432978,fixed commission,,,,,151200,,,,,,,,,0,0,11/07/2026 19:58:05,,11/07/2026 19:58:07,,,,TTS,Open/Target Collaboration
584976217605506966,1731317167366243548,[Quà tặng không bán] Bông Tắm Tạo Bọt Mềm Mịn,Mặc định,1731317148230255836,BONG TAM HQ,0,1433,VND,1,Thanh toán khi giao hàng,Đang xử lý,lepetitmarseillaisvn,Phát trực tiếp,7661247811207432978,fixed commission,,,,,0,,,,,,,,,0,0,11/07/2026 20:08:40,,11/07/2026 20:08:42,,,,TTS,Open/Target Collaboration
584976217605506966,1732250760944257244,"Sữa Tắm/Gel Tắm Pháp Le Petit Marseillais Chiết Xuất Thiên Nhiên 650ml - Sữa Tắm Lưu Hương Lành Tính - Dịu Nhẹ, An Toàn Cho Da","Hoa Anh Đào, Standard",1732250801269410012,ST00755,389000,501867,VND,1,Thanh toán khi giao hàng,Đang xử lý,lepetitmarseillaisvn,Phát trực tiếp,7661247811207432978,fixed commission,,,,,389000,,,,,,,,,0,0,11/07/2026 20:08:40,,11/07/2026 20:08:42,,,,TTS,Open/Target Collaboration
584976314619102453,1732251815880067292,"Sữa Tắm Pháp Le Petit Marseillais Cho Nam Chiết Xuất Thiên Nhiên 4in1 Nhiều Mùi Hương Dưỡng Ẩm, Thơm Lâu - Phù Hợp Mọi Loại Da (250ml)","Hương Gỗ Tuyết Tùng & Dương Xỉ, Standard",1732251749141219548,ST01172,189000,292800,VND,1,Thanh toán khi giao hàng,Đang xử lý,man.trung.737,Video,7595064670482877717,fixed commission,0,0,0,,189000,,,,3,5670,,,,0,0,11/07/2026 20:13:56,,11/07/2026 20:13:59,,,,TTS,Open/Target Collaboration
584976490627827562,1734496604995683548,Xà Phòng Le Petit Marseillais Chính Hãng Bánh Xà Phòng Tắm Thiên Nhiên (Ngẫu nhiên)  1 Bánh,Mặc định,1734496577198523612,1 BÁNH-XP,0,2257,VND,1,Không áp dụng thanh toán khi giao hàng,Đang xử lý,lepetitmarseillaisvn,Phát trực tiếp,7661247811207432978,fixed commission,,,,,0,,,,,,,,,0,0,11/07/2026 20:22:22,11/07/2026 20:22:27,11/07/2026 20:22:29,,,,TTS,Open/Target Collaboration
584976490627827562,1736012338574165212,Combo 2 Sữa Tắm Nữ Pháp Le Petit Marseillais 250ml - Thiên Nhiên Dịu Nhẹ,"Dừa, Hạnh Nhân ",1736012795077952732,ST54494+ST00892,369000,551543,VND,1,Không áp dụng thanh toán khi giao hàng,Đang xử lý,lepetitmarseillaisvn,Phát trực tiếp,7661247811207432978,fixed commission,,,,,369000,,,,,,,,,0,0,11/07/2026 20:22:22,11/07/2026 20:22:27,11/07/2026 20:22:29,,,,TTS,Open/Target Collaboration
584976594833212956,1732251815880067292,"Sữa Tắm Pháp Le Petit Marseillais Cho Nam Chiết Xuất Thiên Nhiên 4in1 Nhiều Mùi Hương Dưỡng Ẩm, Thơm Lâu - Phù Hợp Mọi Loại Da (250ml)","Hương Cam & Tinh Dầu Argan, Standard",1732251749141022940,ST01431,160650,289700,VND,1,Thanh toán khi giao hàng,Đang xử lý,duongmanhkien19,Video,7578474458705382676,fixed commission,0,0,0,,160650,,,,3,4820,,,,0,0,11/07/2026 20:28:56,,11/07/2026 20:28:58,,,,TTS,Open/Target Collaboration
584976792662475965,1736140649009153244,"[KOL] Sữa Tắm Nam Le Petit Marseillais 4in1 250ml - Thơm Lâu, Dưỡng Ẩm","Hương Gỗ Tuyết Tùng & Dương Xỉ, Standard",1736140703119410396,ST01172,139000,295200,VND,1,Thanh toán khi giao hàng,Đang xử lý,lepetitmarseillaisvn,Phát trực tiếp,7661247811207432978,fixed commission,,,,,139000,,,,,,,,,0,0,11/07/2026 20:46:27,,11/07/2026 20:46:29,,,,TTS,Open/Target Collaboration
584976872341276079,1731317167366243548,[Quà tặng không bán] Bông Tắm Tạo Bọt Mềm Mịn,Mặc định,1731317148230255836,BONG TAM HQ,0,5700,VND,1,Không áp dụng thanh toán khi giao hàng,Đang xử lý,lepetitmarseillaisvn,Phát trực tiếp,7661247811207432978,fixed commission,,,,,0,,,,,,,,,0,0,11/07/2026 20:48:20,11/07/2026 20:48:26,11/07/2026 20:48:26,,,,TTS,Open/Target Collaboration
584976872341276079,1732250760944257244,"Sữa Tắm/Gel Tắm Pháp Le Petit Marseillais Chiết Xuất Thiên Nhiên 650ml - Sữa Tắm Lưu Hương Lành Tính - Dịu Nhẹ, An Toàn Cho Da","Hoa Anh Đào, Standard",1732250801269410012,ST00755,304198,510400,VND,1,Không áp dụng thanh toán khi giao hàng,Đang xử lý,lepetitmarseillaisvn,Phát trực tiếp,7661247811207432978,fixed commission,,,,,304198,,,,,,,,,0,0,11/07/2026 20:48:20,11/07/2026 20:48:26,11/07/2026 20:48:26,,,,TTS,Open/Target Collaboration
584976829476668718,1732251815880067292,"Sữa Tắm Pháp Le Petit Marseillais Cho Nam Chiết Xuất Thiên Nhiên 4in1 Nhiều Mùi Hương Dưỡng Ẩm, Thơm Lâu - Phù Hợp Mọi Loại Da (250ml)","Hương Gỗ Tuyết Tùng & Dương Xỉ, Standard",1732251749141219548,ST01172,189000,276900,VND,1,Không áp dụng thanh toán khi giao hàng,Đang xử lý,man.trung.737,Video,7595064670482877717,fixed commission,,,,,189000,,,,3,5670,,,,0,0,11/07/2026 20:49:13,11/07/2026 20:49:18,11/07/2026 20:49:20,,,,TTS,Open/Target Collaboration
584977051174012644,1734496604995683548,Xà Phòng Le Petit Marseillais Chính Hãng Bánh Xà Phòng Tắm Thiên Nhiên (Ngẫu nhiên)  1 Bánh,Mặc định,1734496577198523612,1 BÁNH-XP,0,2257,VND,1,Không áp dụng thanh toán khi giao hàng,Đang xử lý,lepetitmarseillaisvn,Phát trực tiếp,7661247811207432978,fixed commission,,,,,0,,,,,,,,,0,0,11/07/2026 21:01:57,11/07/2026 21:02:02,11/07/2026 21:02:02,,,,TTS,Open/Target Collaboration
584977051174012644,1736012338574165212,Combo 2 Sữa Tắm Nữ Pháp Le Petit Marseillais 250ml - Thiên Nhiên Dịu Nhẹ,"Hoa Cam, Bông Và Hoa Anh Túc",1736012795076248796,ST00823+ST65434,306270,551543,VND,1,Không áp dụng thanh toán khi giao hàng,Đang xử lý,lepetitmarseillaisvn,Phát trực tiếp,7661247811207432978,fixed commission,,,,,306270,,,,,,,,,0,0,11/07/2026 21:01:57,11/07/2026 21:02:02,11/07/2026 21:02:02,,,,TTS,Open/Target Collaboration
584977222924928410,1734496604995683548,Xà Phòng Le Petit Marseillais Chính Hãng Bánh Xà Phòng Tắm Thiên Nhiên (Ngẫu nhiên)  1 Bánh,Mặc định,1734496577198523612,1 BÁNH-XP,0,5914,VND,1,Thanh toán khi giao hàng,Đang xử lý,lepetitmarseillaisvn,Phát trực tiếp,7661247811207432978,fixed commission,,,,,0,,,,,,,,,0,0,11/07/2026 21:11:07,,11/07/2026 21:11:09,,,,TTS,Open/Target Collaboration
584977222924928410,1736012338574165212,Combo 2 Sữa Tắm Nữ Pháp Le Petit Marseillais 250ml - Thiên Nhiên Dịu Nhẹ,"Dừa, Quả Mâm Xôi Hữu Cơ & Hoa Mẫu Đơn",1736012795077690588,ST54494+ST48441,332100,573486,VND,1,Thanh toán khi giao hàng,Đang xử lý,lepetitmarseillaisvn,Phát trực tiếp,7661247811207432978,fixed commission,,,,,332100,,,,,,,,,0,0,11/07/2026 21:11:07,,11/07/2026 21:11:09,,,,TTS,Open/Target Collaboration
584977363219350536,1732251912551172316,"Gel tắm Hữu Cơ Pháp Le Petit Marseillais Nhiều Mùi Hương 250ml, Thơm Lâu - Phù Hợp Mọi Loại Da (250ml)","Hương Hoa Hồng Dại, Standard",1732251905721338076,ST68867,229500,355100,VND,1,Thanh toán khi giao hàng,Đang xử lý,lepetitmarseillaisvn,Phát trực tiếp,7661247811207432978,fixed commission,,,,,229500,,,,,,,,,0,0,11/07/2026 21:19:35,,11/07/2026 21:19:36,,,,TTS,Open/Target Collaboration
584977365839611574,1732251815880067292,"Sữa Tắm Pháp Le Petit Marseillais Cho Nam Chiết Xuất Thiên Nhiên 4in1 Nhiều Mùi Hương Dưỡng Ẩm, Thơm Lâu - Phù Hợp Mọi Loại Da (250ml)","Hương Gỗ Tuyết Tùng & Dương Xỉ, Standard",1732251749141219548,ST01172,189000,270750,VND,1,Thanh toán khi giao hàng,Đang xử lý,duongmanhkien19,Video,7578474458705382676,fixed commission,0,0,0,,189000,,,,3,5670,,,,0,0,11/07/2026 21:20:43,,11/07/2026 21:20:45,,,,TTS,Open/Target Collaboration
584977706853959363,1732251815880067292,"Sữa Tắm Pháp Le Petit Marseillais Cho Nam Chiết Xuất Thiên Nhiên 4in1 Nhiều Mùi Hương Dưỡng Ẩm, Thơm Lâu - Phù Hợp Mọi Loại Da (250ml)","Hương Cam & Tinh Dầu Argan, Standard",1732251749141022940,ST01431,189000,465545,VND,2,Thanh toán khi giao hàng,Đang xử lý,man.trung.737,Video,7595064670482877717,fixed commission,0,0,0,,378000,,,,3,11340,,,,0,0,11/07/2026 21:40:46,,11/07/2026 21:40:47,,,,TTS,Open/Target Collaboration
584977679706195461,1732250928810920156,"Sữa Tắm/Gel Tắm Pháp Le Petit Marseillais Thiên Nhiên 250ml - Sữa Tắm Lưu Hương Lành Tính - Dịu Nhẹ, An Toàn Cho Da","Xoài & Chanh Dây, Standard",1732250914984986844,ST99622,189000,292800,VND,1,Thanh toán khi giao hàng,Đang xử lý,paohongchinhdep,Chương trình Lưu lượng truy cập bên ngoài,,fixed commission,0,0,0,4,189000,7560,,,,,,,,0,0,11/07/2026 21:42:05,,11/07/2026 21:42:06,,,,TTS,Open/Target Collaboration
584978011330282776,1732251815880067292,"Sữa Tắm Pháp Le Petit Marseillais Cho Nam Chiết Xuất Thiên Nhiên 4in1 Nhiều Mùi Hương Dưỡng Ẩm, Thơm Lâu - Phù Hợp Mọi Loại Da (250ml)","Hương Gỗ Tuyết Tùng & Dương Xỉ, Standard",1732251749141219548,ST01172,189000,286550,VND,1,Thanh toán khi giao hàng,Đang xử lý,huankosai,Video,7569974511534198023,fixed commission,0,0,0,8,189000,15120,,,,,,,,0,0,11/07/2026 22:04:07,,11/07/2026 22:04:09,,,,TTS,Open/Target Collaboration
584978253283427385,1732251815880067292,"Sữa Tắm Pháp Le Petit Marseillais Cho Nam Chiết Xuất Thiên Nhiên 4in1 Nhiều Mùi Hương Dưỡng Ẩm, Thơm Lâu - Phù Hợp Mọi Loại Da (250ml)","Hương Gỗ Tuyết Tùng & Dương Xỉ, Standard",1732251749141219548,ST01172,189000,465773,VND,2,Không áp dụng thanh toán khi giao hàng,Đang xử lý,emberiviu1,Video,7660557573103340820,fixed commission,,,,,378000,,,,3,11340,,,,0,0,11/07/2026 22:09:34,11/07/2026 22:09:38,11/07/2026 22:09:39,,,,TTS,Open/Target Collaboration
584978272313574447,1732251815880067292,"Sữa Tắm Pháp Le Petit Marseillais Cho Nam Chiết Xuất Thiên Nhiên 4in1 Nhiều Mùi Hương Dưỡng Ẩm, Thơm Lâu - Phù Hợp Mọi Loại Da (250ml)","Hương Gỗ Tuyết Tùng & Dương Xỉ, Standard",1732251749141219548,ST01172,189000,286550,VND,1,Thanh toán khi giao hàng,Đã hủy,man.trung.737,Video,7595064670482877717,fixed commission,0,0,0,,189000,,,,3,5670,,,,0,0,11/07/2026 22:15:23,,11/07/2026 22:15:25,,,,TTS,Open/Target Collaboration
584978397384050566,1732251815880067292,"Sữa Tắm Pháp Le Petit Marseillais Cho Nam Chiết Xuất Thiên Nhiên 4in1 Nhiều Mùi Hương Dưỡng Ẩm, Thơm Lâu - Phù Hợp Mọi Loại Da (250ml)","Hương Gỗ Tuyết Tùng & Dương Xỉ, Standard",1732251749141219548,ST01172,189000,286550,VND,1,Thanh toán khi giao hàng,Đang xử lý,man.trung.737,Video,7595064670482877717,fixed commission,0,0,0,,189000,,,,3,5670,,,,0,0,11/07/2026 22:25:30,,11/07/2026 22:25:32,,,,TTS,Open/Target Collaboration
584979483051918777,1732251815880067292,"Sữa Tắm Pháp Le Petit Marseillais Cho Nam Chiết Xuất Thiên Nhiên 4in1 Nhiều Mùi Hương Dưỡng Ẩm, Thơm Lâu - Phù Hợp Mọi Loại Da (250ml)","Hương Gỗ Tuyết Tùng & Dương Xỉ, Standard",1732251749141219548,ST01172,189000,276900,VND,1,Thanh toán khi giao hàng,Đang xử lý,man.trung.737,Video,7595064670482877717,fixed commission,0,0,0,,189000,,,,3,5670,,,,0,0,11/07/2026 23:55:08,,11/07/2026 23:55:10,,,,TTS,Open/Target Collaboration
584979625223817155,1732251815880067292,"Sữa Tắm Pháp Le Petit Marseillais Cho Nam Chiết Xuất Thiên Nhiên 4in1 Nhiều Mùi Hương Dưỡng Ẩm, Thơm Lâu - Phù Hợp Mọi Loại Da (250ml)","Cam Đỏ & Nghệ Tây, Standard",1732251749141088476,3574661701455,205000,279450,VND,1,Thanh toán khi giao hàng,Đang xử lý,haiidaynek,Video,7539959281786195207,fixed commission,0,0,0,8,205000,16400,,,,,,,,0,0,12/07/2026 00:10:38,,12/07/2026 00:10:39,,,,TTS,Open/Target Collaboration
584979613864461909,1732251815880067292,"Sữa Tắm Pháp Le Petit Marseillais Cho Nam Chiết Xuất Thiên Nhiên 4in1 Nhiều Mùi Hương Dưỡng Ẩm, Thơm Lâu - Phù Hợp Mọi Loại Da (250ml)","Hương Gỗ Tuyết Tùng & Dương Xỉ, Standard",1732251749141219548,ST01172,189000,286550,VND,1,Thanh toán khi giao hàng,Đã hủy,huankosai,Video,7569974511534198023,fixed commission,0,0,0,8,189000,15120,,,,,,,,0,0,12/07/2026 00:12:04,,12/07/2026 00:12:06,,,,TTS,Open/Target Collaboration
584979693791512149,1732251815880067292,"Sữa Tắm Pháp Le Petit Marseillais Cho Nam Chiết Xuất Thiên Nhiên 4in1 Nhiều Mùi Hương Dưỡng Ẩm, Thơm Lâu - Phù Hợp Mọi Loại Da (250ml)","Hương Gỗ Tuyết Tùng & Dương Xỉ, Standard",1732251749141219548,ST01172,189000,286550,VND,1,Thanh toán khi giao hàng,Đang xử lý,huankosai,Video,7569974511534198023,fixed commission,0,0,0,8,189000,15120,,,,,,,,0,0,12/07/2026 00:21:06,,12/07/2026 00:21:07,,,,TTS,Open/Target Collaboration
584979951463597717,1732251815880067292,"Sữa Tắm Pháp Le Petit Marseillais Cho Nam Chiết Xuất Thiên Nhiên 4in1 Nhiều Mùi Hương Dưỡng Ẩm, Thơm Lâu - Phù Hợp Mọi Loại Da (250ml)","Hương Gỗ Tuyết Tùng & Dương Xỉ, Standard",1732251749141219548,ST01172,189000,283850,VND,1,Thanh toán khi giao hàng,Đang xử lý,duongmanhkien19,Video,7589190858113649928,fixed commission,0,0,0,8,189000,15120,,,,,,,,0,0,12/07/2026 00:52:41,,12/07/2026 00:52:42,,,,TTS,Open/Target Collaboration
584979953145710132,1732251815880067292,"Sữa Tắm Pháp Le Petit Marseillais Cho Nam Chiết Xuất Thiên Nhiên 4in1 Nhiều Mùi Hương Dưỡng Ẩm, Thơm Lâu - Phù Hợp Mọi Loại Da (250ml)","Cam Đỏ & Nghệ Tây, Standard",1732251749141088476,3574661701455,205000,491750,VND,2,Không áp dụng thanh toán khi giao hàng,Đang xử lý,lepthelittlekid,Video,7594749644052204818,fixed commission,,,,,410000,,,,5,20500,,,,0,0,12/07/2026 00:54:26,12/07/2026 00:54:31,12/07/2026 00:54:32,,,,TTS,Open/Target Collaboration
584980060449899837,1732251815880067292,"Sữa Tắm Pháp Le Petit Marseillais Cho Nam Chiết Xuất Thiên Nhiên 4in1 Nhiều Mùi Hương Dưỡng Ẩm, Thơm Lâu - Phù Hợp Mọi Loại Da (250ml)","Hương Gỗ Tuyết Tùng & Dương Xỉ, Standard",1732251749141219548,ST01172,189000,286550,VND,1,Thanh toán khi giao hàng,Đang xử lý,man.trung.737,Video,7595064670482877717,fixed commission,0,0,0,,189000,,,,3,5670,,,,0,0,12/07/2026 01:11:21,,12/07/2026 01:11:23,,,,TTS,Open/Target Collaboration
584980127854462738,1732251815880067292,"Sữa Tắm Pháp Le Petit Marseillais Cho Nam Chiết Xuất Thiên Nhiên 4in1 Nhiều Mùi Hương Dưỡng Ẩm, Thơm Lâu - Phù Hợp Mọi Loại Da (250ml)","Hương Cam & Tinh Dầu Argan, Standard",1732251749141022940,ST01431,160650,276900,VND,1,Thanh toán khi giao hàng,Đang xử lý,man.trung.737,Video,7595064670482877717,fixed commission,0,0,0,,160650,,,,3,4820,,,,0,0,12/07/2026 01:23:50,,12/07/2026 01:23:51,,,,TTS,Open/Target Collaboration
584980272626173907,1732251815880067292,"Sữa Tắm Pháp Le Petit Marseillais Cho Nam Chiết Xuất Thiên Nhiên 4in1 Nhiều Mùi Hương Dưỡng Ẩm, Thơm Lâu - Phù Hợp Mọi Loại Da (250ml)","Hương Gỗ Tuyết Tùng & Dương Xỉ, Standard",1732251749141219548,ST01172,189000,292800,VND,1,Thanh toán khi giao hàng,Đang xử lý,man.trung.737,Video,7595064670482877717,fixed commission,0,0,0,,189000,,,,3,5670,,,,0,0,12/07/2026 01:48:44,,12/07/2026 01:48:45,,,,TTS,Open/Target Collaboration
584980271167538698,1732251815880067292,"Sữa Tắm Pháp Le Petit Marseillais Cho Nam Chiết Xuất Thiên Nhiên 4in1 Nhiều Mùi Hương Dưỡng Ẩm, Thơm Lâu - Phù Hợp Mọi Loại Da (250ml)","Hương Gỗ Tuyết Tùng & Dương Xỉ, Standard",1732251749141219548,ST01172,189000,276900,VND,1,Không áp dụng thanh toán khi giao hàng,Đang xử lý,man.trung.737,Trưng bày,,fixed commission,,,,8,189000,15120,,,,,,,,0,0,12/07/2026 01:51:51,12/07/2026 01:51:53,12/07/2026 01:51:54,,,,TTS,Open/Target Collaboration
584980435774375686,1732251815880067292,"Sữa Tắm Pháp Le Petit Marseillais Cho Nam Chiết Xuất Thiên Nhiên 4in1 Nhiều Mùi Hương Dưỡng Ẩm, Thơm Lâu - Phù Hợp Mọi Loại Da (250ml)","Hương Thông & Bạch Đàn Biển, Standard",1732251749141154012,ST01356,160650,437423,VND,2,Thanh toán khi giao hàng,Đang xử lý,man.trung.737,Video,7595064670482877717,fixed commission,0,0,0,,321300,,,,3,9640,,,,0,0,12/07/2026 02:25:51,,12/07/2026 02:25:52,,,,TTS,Open/Target Collaboration
584980938866918407,1732251815880067292,"Sữa Tắm Pháp Le Petit Marseillais Cho Nam Chiết Xuất Thiên Nhiên 4in1 Nhiều Mùi Hương Dưỡng Ẩm, Thơm Lâu - Phù Hợp Mọi Loại Da (250ml)","Hương Gỗ Tuyết Tùng & Dương Xỉ, Standard",1732251749141219548,ST01172,174000,283850,VND,1,Không áp dụng thanh toán khi giao hàng,Đang xử lý,man.trung.737,Video,7595064670482877717,fixed commission,,,,,174000,,,,3,5220,,,,0,0,12/07/2026 04:54:48,12/07/2026 04:55:07,12/07/2026 04:55:08,,,,TTS,Open/Target Collaboration
584980939225270180,1732251815880067292,"Sữa Tắm Pháp Le Petit Marseillais Cho Nam Chiết Xuất Thiên Nhiên 4in1 Nhiều Mùi Hương Dưỡng Ẩm, Thơm Lâu - Phù Hợp Mọi Loại Da (250ml)","Hương Gỗ Tuyết Tùng & Dương Xỉ, Standard",1732251749141219548,ST01172,141750,279450,VND,1,Thanh toán khi giao hàng,Đang xử lý,huongnhatohsea,Video,7570282303302241543,fixed commission,0,0,0,8,141750,11340,,,,,,,,0,0,12/07/2026 04:56:52,,12/07/2026 04:56:54,,,,TTS,Open/Target Collaboration
584980968128743200,1732251815880067292,"Sữa Tắm Pháp Le Petit Marseillais Cho Nam Chiết Xuất Thiên Nhiên 4in1 Nhiều Mùi Hương Dưỡng Ẩm, Thơm Lâu - Phù Hợp Mọi Loại Da (250ml)","Hương Gỗ Tuyết Tùng & Dương Xỉ, Standard",1732251749141219548,ST01172,160650,283850,VND,1,Thanh toán khi giao hàng,Đã hủy,nhanma9899,Chương trình Lưu lượng truy cập bên ngoài,,fixed commission,0,0,0,4,160650,6426,,,,,,,,0,0,12/07/2026 05:06:04,,12/07/2026 05:06:05,,,,TTS,Open/Target Collaboration
584981659664417825,1732251815880067292,"Sữa Tắm Pháp Le Petit Marseillais Cho Nam Chiết Xuất Thiên Nhiên 4in1 Nhiều Mùi Hương Dưỡng Ẩm, Thơm Lâu - Phù Hợp Mọi Loại Da (250ml)","Hương Gỗ Tuyết Tùng & Dương Xỉ, Standard",1732251749141219548,ST01172,174000,270500,VND,1,Thanh toán khi giao hàng,Đang xử lý,man.trung.737,Video,7595064670482877717,fixed commission,0,0,0,,174000,,,,3,5220,,,,0,0,12/07/2026 06:58:06,,12/07/2026 06:58:06,,,,TTS,Open/Target Collaboration
584981984751748321,1736140649009153244,"[KOL] Sữa Tắm Nam Le Petit Marseillais 4in1 250ml - Thơm Lâu, Dưỡng Ẩm","Hương Gỗ Tuyết Tùng & Dương Xỉ, Standard",1736140703119410396,ST01172,189000,309000,VND,1,Không áp dụng thanh toán khi giao hàng,Đang xử lý,lepetitmarseillaisvn,Phát trực tiếp,7661247811207432978,fixed commission,,,,,189000,,,,,,,,,0,0,12/07/2026 07:32:38,12/07/2026 07:32:43,12/07/2026 07:32:44,,,,TTS,Open/Target Collaboration
584982029362758838,1732251815880067292,"Sữa Tắm Pháp Le Petit Marseillais Cho Nam Chiết Xuất Thiên Nhiên 4in1 Nhiều Mùi Hương Dưỡng Ẩm, Thơm Lâu - Phù Hợp Mọi Loại Da (250ml)","Hương Gỗ Tuyết Tùng & Dương Xỉ, Standard",1732251749141219548,ST01172,190000,292800,VND,1,Thanh toán khi giao hàng,Đang xử lý,man.trung.737,Video,7595064670482877717,fixed commission,0,0,0,,190000,,,,3,5700,,,,0,0,12/07/2026 07:33:30,,12/07/2026 07:33:31,,,,TTS,Open/Target Collaboration
584982244113482835,1732251815880067292,"Sữa Tắm Pháp Le Petit Marseillais Cho Nam Chiết Xuất Thiên Nhiên 4in1 Nhiều Mùi Hương Dưỡng Ẩm, Thơm Lâu - Phù Hợp Mọi Loại Da (250ml)","Hương Gỗ Tuyết Tùng & Dương Xỉ, Standard",1732251749141219548,ST01172,160650,277350,VND,1,Không áp dụng thanh toán khi giao hàng,Đang xử lý,man.trung.737,Video,7595064670482877717,fixed commission,,,,,160650,,,,3,4820,,,,0,0,12/07/2026 07:54:57,12/07/2026 07:55:02,12/07/2026 07:55:02,,,,TTS,Open/Target Collaboration
584982542379746413,1732251815880067292,"Sữa Tắm Pháp Le Petit Marseillais Cho Nam Chiết Xuất Thiên Nhiên 4in1 Nhiều Mùi Hương Dưỡng Ẩm, Thơm Lâu - Phù Hợp Mọi Loại Da (250ml)","Hương Gỗ Tuyết Tùng & Dương Xỉ, Standard",1732251749141219548,ST01172,189000,283850,VND,1,Không áp dụng thanh toán khi giao hàng,Đang xử lý,man.trung.737,Video,7595064670482877717,fixed commission,,,,,189000,,,,3,5670,,,,0,0,12/07/2026 08:22:59,12/07/2026 08:23:08,12/07/2026 08:23:08,,,,TTS,Open/Target Collaboration
584982525873981066,1732251815880067292,"Sữa Tắm Pháp Le Petit Marseillais Cho Nam Chiết Xuất Thiên Nhiên 4in1 Nhiều Mùi Hương Dưỡng Ẩm, Thơm Lâu - Phù Hợp Mọi Loại Da (250ml)","Hương Thông & Bạch Đàn Biển, Standard",1732251749141154012,ST01356,189000,286550,VND,1,Thanh toán khi giao hàng,Đang xử lý,man.trung.737,Video,7595064670482877717,fixed commission,0,0,0,,189000,,,,3,5670,,,,0,0,12/07/2026 08:23:41,,12/07/2026 08:23:43,,,,TTS,Open/Target Collaboration
584984246001174270,1732252961260865756,"Dầu Gội Thiên Nhiên Le Petit Marseillais Nhiều Mùi Hương 250ml Dưỡng Ẩm, Thơm Lâu - Phù Hợp Mọi Loại Da",Bột đất sét trắng 4806,1733206092187534556,DG74608,267000,343000,VND,1,Thanh toán khi giao hàng,Đã hủy,tuyetcookies,Video,7561391524253109512,fixed commission,0,0,0,8,267000,21360,,,,,,,,0,0,12/07/2026 10:38:19,,12/07/2026 10:38:20,,,,TTS,Open/Target Collaboration
584984683730208307,1732250760944257244,"Sữa Tắm/Gel Tắm Pháp Le Petit Marseillais Chiết Xuất Thiên Nhiên 650ml - Sữa Tắm Lưu Hương Lành Tính - Dịu Nhẹ, An Toàn Cho Da","Đào Trắng & Quả Xuân Đào, Standard",1732250801269016796,ST01288,307320,506280,VND,1,Không áp dụng thanh toán khi giao hàng,Đang xử lý,ha_thubay,Video,7599664598626618642,fixed commission,,,,,307320,,,,3,9220,,,,0,0,12/07/2026 11:03:53,12/07/2026 11:04:18,12/07/2026 11:04:20,,,,TTS,Open/Target Collaboration
584984683730208307,1732251815880067292,"Sữa Tắm Pháp Le Petit Marseillais Cho Nam Chiết Xuất Thiên Nhiên 4in1 Nhiều Mùi Hương Dưỡng Ẩm, Thơm Lâu - Phù Hợp Mọi Loại Da (250ml)","Hương Cam & Tinh Dầu Argan, Standard",1732251749141022940,ST01431,147420,272640,VND,1,Không áp dụng thanh toán khi giao hàng,Đang xử lý,duongmanhkien19,Video,7578474458705382676,fixed commission,,,,,147420,,,,3,4423,,,,0,0,12/07/2026 11:03:53,12/07/2026 11:04:18,12/07/2026 11:04:20,,,,TTS,Open/Target Collaboration
584987055450326674,1732250760944257244,"Sữa Tắm/Gel Tắm Pháp Le Petit Marseillais Chiết Xuất Thiên Nhiên 650ml - Sữa Tắm Lưu Hương Lành Tính - Dịu Nhẹ, An Toàn Cho Da","Thông & Bạch Đàn Biển, Standard",1732250801268689116,ST01902,389000,518040,VND,1,Thanh toán khi giao hàng,Đang xử lý,daubeo6688,Video,7637196501571194133,fixed commission,0,0,0,8,389000,31120,,,,,,,,0,0,12/07/2026 13:41:31,,12/07/2026 13:41:32,,,,TTS,Open/Target Collaboration
584987055450326674,1732250760944257244,"Sữa Tắm/Gel Tắm Pháp Le Petit Marseillais Chiết Xuất Thiên Nhiên 650ml - Sữa Tắm Lưu Hương Lành Tính - Dịu Nhẹ, An Toàn Cho Da","Đào Trắng & Quả Xuân Đào, Standard",1732250801269016796,ST01288,394000,518040,VND,1,Thanh toán khi giao hàng,Đang xử lý,daubeo6688,Video,7637196501571194133,fixed commission,0,0,0,8,394000,31520,,,,,,,,0,0,12/07/2026 13:41:31,,12/07/2026 13:41:32,,,,TTS,Open/Target Collaboration
584987227606516938,1734496604995683548,Xà Phòng Le Petit Marseillais Chính Hãng Bánh Xà Phòng Tắm Thiên Nhiên (Ngẫu nhiên)  1 Bánh,Mặc định,1734496577198523612,1 BÁNH-XP,75000,165150,VND,2,Thanh toán khi giao hàng,Đang xử lý,onggiatichcuc79,Video,7650717585427795218,fixed commission,0,0,0,6,150000,9000,,,,,,,,0,0,12/07/2026 13:56:32,,12/07/2026 13:56:33,,,,TTS,Open/Target Collaboration
584989748303791757,1732251815880067292,"Sữa Tắm Pháp Le Petit Marseillais Cho Nam Chiết Xuất Thiên Nhiên 4in1 Nhiều Mùi Hương Dưỡng Ẩm, Thơm Lâu - Phù Hợp Mọi Loại Da (250ml)","Hương Gỗ Tuyết Tùng & Dương Xỉ, Standard",1732251749141219548,ST01172,205000,276900,VND,1,Không áp dụng thanh toán khi giao hàng,Đang xử lý,duongmanhkien19,Video,7578474458705382676,fixed commission,,,,,205000,,,,3,6150,,,,0,0,12/07/2026 16:57:48,12/07/2026 16:57:51,12/07/2026 16:57:52,,,,TTS,Open/Target Collaboration
584991694229898869,1732250760944257244,"Sữa Tắm/Gel Tắm Pháp Le Petit Marseillais Chiết Xuất Thiên Nhiên 650ml - Sữa Tắm Lưu Hương Lành Tính - Dịu Nhẹ, An Toàn Cho Da","Thông & Bạch Đàn Biển, Standard",1732250801268689116,ST01902,303420,505448,VND,1,Không áp dụng thanh toán khi giao hàng,Đang xử lý,ahau.phuongthao,Phát trực tiếp,7661601719319923473,fixed commission,,,,12,303420,36410,,,,,,,,0,0,12/07/2026 19:16:34,12/07/2026 19:16:40,12/07/2026 19:16:41,,,,TTS,Open/Target Collaboration
584991694229898869,1734496604995683548,Xà Phòng Le Petit Marseillais Chính Hãng Bánh Xà Phòng Tắm Thiên Nhiên (Ngẫu nhiên)  1 Bánh,Mặc định,1734496577198523612,1 BÁNH-XP,0,645,VND,2,Không áp dụng thanh toán khi giao hàng,Đang xử lý,lx60035,Chương trình Lưu lượng truy cập bên ngoài,,fixed commission,,,,,0,,,,,,,,,0,0,12/07/2026 19:16:34,12/07/2026 19:16:40,12/07/2026 19:16:41,,,,TTS,Open/Target Collaboration
584991694229898869,1735910664928920796,Combo 2 Sữa Tắm Nam Le Petit Marseillais 4in1 Cho Tóc Mặt Râu Toàn Thân 250ml,"Gỗ Tuyết Tùng Và Dương Xỉ, Gỗ Cam & Dầu Argan ",1735912571878016220,ST01172 + ST01431,294840,541869,VND,1,Không áp dụng thanh toán khi giao hàng,Đang xử lý,ahau.phuongthao,Phát trực tiếp,7661601719319923473,fixed commission,,,,12,294840,35381,,,,,,,,0,0,12/07/2026 19:16:34,12/07/2026 19:16:40,12/07/2026 19:16:41,,,,TTS,Open/Target Collaboration
584991694229898869,1736012338574165212,Combo 2 Sữa Tắm Nữ Pháp Le Petit Marseillais 250ml - Thiên Nhiên Dịu Nhẹ,"Quả Mâm Xôi Hữu Cơ & Hoa Mẫu Đơn, Vani",1736012795077100764,ST48441+ST00526,287820,541869,VND,1,Không áp dụng thanh toán khi giao hàng,Đang xử lý,ahau.phuongthao,Phát trực tiếp,7661601719319923473,fixed commission,,,,12,287820,34538,,,,,,,,0,0,12/07/2026 19:16:34,12/07/2026 19:16:40,12/07/2026 19:16:41,,,,TTS,Open/Target Collaboration
584992549924471918,1732250760944257244,"Sữa Tắm/Gel Tắm Pháp Le Petit Marseillais Chiết Xuất Thiên Nhiên 650ml - Sữa Tắm Lưu Hương Lành Tính - Dịu Nhẹ, An Toàn Cho Da","Hoa Tiare, Standard",1732250801268885724,ST68816,389000,531400,VND,1,Thanh toán khi giao hàng,Đang xử lý,thomcungngoc,Video,7658996791089597714,fixed commission,0,0,0,8,389000,31120,,,,,,,,0,0,12/07/2026 20:09:48,,12/07/2026 20:09:49,,,,TTS,Open/Target Collaboration
584993413886871244,1734496604995683548,Xà Phòng Le Petit Marseillais Chính Hãng Bánh Xà Phòng Tắm Thiên Nhiên (Ngẫu nhiên)  1 Bánh,Mặc định,1734496577198523612,1 BÁNH-XP,56250,105300,VND,1,Thanh toán khi giao hàng,Đang xử lý,tranquang0879,Video,7651089322849881362,fixed commission,0,0,0,6,56250,3375,,,,,,,,0,0,12/07/2026 21:01:31,,12/07/2026 21:01:33,,,,TTS,Open/Target Collaboration
584994832640215009,1736012338574165212,Combo 2 Sữa Tắm Nữ Pháp Le Petit Marseillais 250ml - Thiên Nhiên Dịu Nhẹ,"Quả Mâm Xôi Hữu Cơ & Hoa Mẫu Đơn, Đào Trắng Hữu Cơ Và Quả Xuân Đào",1736012795077362908,ST48441+ST01240,321300,551543,VND,1,Thanh toán khi giao hàng,Đang xử lý,ahau.phuongthao,Video,7658866446105136391,fixed commission,0,0,0,12,321300,38556,,,,,,,,0,0,12/07/2026 22:23:39,,12/07/2026 22:23:40,,,,TTS,Open/Target Collaboration
584995212945687689,1731317167366243548,[Quà tặng không bán] Bông Tắm Tạo Bọt Mềm Mịn,Mặc định,1731317148230255836,BONG TAM HQ,0,20450,VND,1,Thanh toán khi giao hàng,Đang xử lý,lepetitmarseillaisvn,Video,7581385844905364754,fixed commission,,,,,0,,,,,,,,,0,0,12/07/2026 22:54:12,,12/07/2026 22:54:14,,,,TTS,Open/Target Collaboration
584995212945687689,1732251815880067292,"Sữa Tắm Pháp Le Petit Marseillais Cho Nam Chiết Xuất Thiên Nhiên 4in1 Nhiều Mùi Hương Dưỡng Ẩm, Thơm Lâu - Phù Hợp Mọi Loại Da (250ml)","Hương Gỗ Tuyết Tùng & Dương Xỉ, Standard",1732251749141219548,ST01172,160650,289450,VND,1,Thanh toán khi giao hàng,Đang xử lý,lepetitmarseillaisvn,Video,7581385844905364754,fixed commission,,,,,160650,,,,,,,,,0,0,12/07/2026 22:54:12,,12/07/2026 22:54:14,,,,TTS,Open/Target Collaboration
584995570104960083,1732250928810920156,"Sữa Tắm/Gel Tắm Pháp Le Petit Marseillais Thiên Nhiên 250ml - Sữa Tắm Lưu Hương Lành Tính - Dịu Nhẹ, An Toàn Cho Da","Vani, Standard",1732250914985183452,ST00526,189000,287800,VND,1,Thanh toán khi giao hàng,Đã hủy,vvannnguyen,Trưng bày,,fixed commission,0,0,0,8,189000,15120,,,,,,,,0,0,12/07/2026 23:16:31,,12/07/2026 23:16:32,,,,TTS,Open/Target Collaboration
